Vᵢᵢ,Ʌᵢᵢ,Vᵢⱼ,Ʌᵢⱼ,αᵢⱼ,βᵢⱼ,γ1,γ2,γ3,n_data,raw_ssr_sum,raw_neglogprob_sum,param_penalty_sum,loss_final_sum
-0.052115872502326965,-0.33843616023659706,-0.895178772509098,-0.02762758731842041,-0.8609799221158028,0.3359578996896744,0.193431243325215,0.32127146425340714,1.323607349109597,41,8.191573680007275,22.93344726743887,4.164292565156785,27.09773983259565
-0.13269218057394028,-0.33843616023659706,-0.895178772509098,-0.02762758731842041,-0.8609799221158028,0.3359578996896744,0.193431243325215,0.32127146425340714,1.323607349109597,41,8.200158464366357,22.947541021423024,4.3307804737548405,27.278321495177863
-0.34193716709149435,-0.9058345909342882,0.11495907222822144,-0.38228620151038095,-0.8407604605508525,0.7060677062662248,1.8095679767207646,0.30085880076184107,1.606248747949079,41,8.30945443650975,23.184934952437008,5.895932935287752,29.080867887724757
0.9019336638150106,0.9461060605455609,-0.19675912826159853,-0.37521644986072455,0.06148117696651788,0.06371713630668711,2.0,0.32298002523253494,0.6576647196586807,41,8.396838731460958,23.36130773322245,0.15572939512975853,23.51703712835221
0.9019336638150106,0.9461060605455609,-0.19675912826159853,-0.37521644986072455,0.061481166966517876,0.06371714630668711,2.0,0.32298002523253494,0.6576647196586807,41,8.396838731674897,23.36130773360358,0.15572939512975853,23.517037128733335
0.9019336638150106,0.9461060605455609,-0.19675912826159853,-0.37521644986072455,0.061481166966517876,0.06371713630668711,2.0,0.32298002523253494,0.6576647196586807,41,8.396838731903662,23.361307734075123,0.15572939406557296,23.517037128140696
0.9019336638150106,0.9461060605455609,-0.19675912826159853,-0.37521644986072455,0.061481166966517876,0.06371713630668711,2.0,0.32298003523253493,0.6576647196586807,41,8.396838732057189,23.361307734350607,0.15572939384621337,23.517037128196822
0.9019336638150106,0.9461060605455609,-0.19675912826159853,-0.37521644986072455,0.061481166966517876,0.06371713630668711,2.0,0.32298002523253494,0.6576647296586807,41,8.396838732065433,23.361307734400572,0.15572939384621337,23.517037128246788
0.9019336738150107,0.9461060605455609,-0.19675912826159853,-0.37521644986072455,0.061481166966517876,0.06371713630668711,2.0,0.32298002523253494,0.6576647196586807,41,8.396838732513617,23.361307735318416,0.15572939277391062,23.51703712809233
0.9019336638150106,0.946106070545561,-0.19675912826159853,-0.37521644986072455,0.061481166966517876,0.06371713630668711,2.0,0.32298002523253494,0.6576647196586807,41,8.396838732513618,23.361307735318416,0.15572939277391062,23.51703712809233
0.9019336638150106,0.9461060605455609,-0.19675912826159853,-0.37521644986072455,0.061481166966517876,0.06371713630668711,1.99999999,0.32298002523253494,0.6576647196586807,41,8.396838733177262,23.36130773666658,0.15572939428493254,23.51703713095151
0.9019336638150106,0.9461060605455609,-0.19675912826159853,-0.37521643986072456,0.061481166966517876,0.06371713630668711,2.0,0.32298002523253494,0.6576647196586807,41,8.396838734136573,23.361307738562434,0.15572938920378057,23.517037127766212
0.9019336638150106,0.9461060605455609,-0.19675911826159853,-0.37521644986072455,0.061481166966517876,0.06371713630668711,2.0,0.32298002523253494,0.6576647196586807,41,8.396838734136573,23.361307738562434,0.15572938920378057,23.517037127766212
0.9002433879799281,0.9524906055708656,-0.18545447889563724,-0.3639118004947633,0.049616215784311676,0.040677102812396074,2.0,0.30633845987136415,0.6673495572163135,41,8.403171296789699,23.374077568724957,0.14134078923093896,23.515418357955895
0.9002433879799281,0.9524906055708656,-0.18545447889563724,-0.3639118004947633,0.049616205784311675,0.040677112812396075,2.0,0.30633845987136415,0.6673495572163135,41,8.403171296980789,23.37407756905984,0.14134078923093896,23.515418358290777
0.9002433879799281,0.9524906055708656,-0.18545447889563724,-0.3639118004947633,0.049616205784311675,0.040677102812396074,2.0,0.30633845987136415,0.6673495572163135,41,8.403171297213035,23.374077569538102,0.14134078846344578,23.515418358001543
0.9002433879799281,0.9524906055708656,-0.18545447889563724,-0.3639118004947633,0.049616205784311675,0.040677102812396074,2.0,0.30633846987136415,0.6673495572163135,41,8.403171297301347,23.374077569678164,0.14134078816524337,23.51541835784341
0.9002433879799281,0.9524906055708656,-0.18545447889563724,-0.3639118004947633,0.049616205784311675,0.040677102812396074,2.0,0.30633845987136415,0.6673495672163136,41,8.403171297340315,23.374077569793645,0.14134078816524337,23.515418357958882
0.9002433979799281,0.9524906055708656,-0.18545447889563724,-0.3639118004947633,0.049616205784311675,0.040677102812396074,2.0,0.30633845987136415,0.6673495572163135,41,8.403171297823906,23.37407757078306,0.14134078721168475,23.515418357994747
0.9002433879799281,0.9524906155708657,-0.18545447889563724,-0.3639118004947633,0.049616205784311675,0.040677102812396074,2.0,0.30633845987136415,0.6673495572163135,41,8.403171297823906,23.37407757078306,0.14134078721168475,23.515418357994747
0.9002433879799281,0.9524906055708656,-0.18545447889563724,-0.3639118004947633,0.049616205784311675,0.040677102812396074,1.99999999,0.30633845987136415,0.6673495572163135,41,8.403171298492502,23.374077572140955,0.1413407887616483,23.515418360902604
0.9002433879799281,0.9524906055708656,-0.18545447889563724,-0.3639117904947633,0.049616205784311675,0.040677102812396074,2.0,0.30633845987136415,0.6673495572163135,41,8.40317129945804,23.37407757404458,0.14134078379383247,23.51541835783841
0.9002433879799281,0.9524906055708656,-0.18545446889563724,-0.3639118004947633,0.049616205784311675,0.040677102812396074,2.0,0.30633845987136415,0.6673495572163135,41,8.40317129945804,23.37407757404458,0.14134078379383247,23.51541835783841
0.017205823212862015,-0.188538157613948,-0.7452807687222958,-0.48829783615656197,-0.7110819183290005,-0.12471234425902367,1.182260997527146,1.3101012164835404,0.5969053540483649,41,8.405517974524255,23.376988863329284,2.9518703362714462,26.32885919960073
0.8927033989087566,0.9570173151067087,-0.17575173142953193,-0.3542090679298193,0.09155744214000597,0.1063532753436382,2.0,0.3208412112264243,0.6584090851707782,41,8.404652882723758,23.37706228691387,0.1458536384645611,23.522915925378427
0.8927033989087566,0.9570173151067087,-0.17575174633069313,-0.3542090530286581,0.09155744214000597,0.1063532753436382,2.0,0.3208412112264243,0.6584090851707782,41,8.404652882723758,23.37706228691387,0.1458536384645611,23.522915925378427
0.8927033989087566,0.9570173151067087,-0.17575173142953193,-0.3542090530286581,0.09155745704116716,0.1063532753436382,2.0,0.3208412112264243,0.6584090851707782,41,8.404652885694622,23.377062292928223,0.14585363425881925,23.522915927187043
0.8927033989087566,0.9570173151067087,-0.17575173142953193,-0.3542090530286581,0.09155744214000597,0.10635329024479939,2.0,0.3208412112264243,0.6584090851707782,41,8.404652886228707,23.377062293925718,0.14585363425881925,23.522915928184545
0.8927033989087566,0.9570173151067087,-0.17575173142953193,-0.3542090530286581,0.09155744214000597,0.1063532753436382,2.0,0.3208412112264243,0.6584090851707782,41,8.40465288641193,23.377062294314456,0.14585363175208457,23.522915926066545
0.8927033989087566,0.9570173151067087,-0.17575173142953193,-0.3542090530286581,0.09155744214000597,0.1063532753436382,2.0,0.3208412112264243,0.6584091000719394,41,8.404652886759775,23.37706229501448,0.1458536314016641,23.522915926416136
0.8927033989087566,0.9570173151067087,-0.17575173142953193,-0.3542090530286581,0.09155744214000597,0.1063532753436382,2.0,0.3208412261275855,0.6584090851707782,41,8.404652886908401,23.37706229526592,0.1458536314016641,23.522915926667586
0.8927034138099178,0.9570173151067087,-0.17575173142953193,-0.3542090530286581,0.09155744214000597,0.1063532753436382,2.0,0.3208412112264243,0.6584090851707782,41,8.40465288732176,23.377062296166024,0.14585362984864922,23.52291592601467
0.8927033989087566,0.9570173300078699,-0.17575173142953193,-0.3542090530286581,0.09155744214000597,0.1063532753436382,2.0,0.3208412112264243,0.6584090851707782,41,8.40465288732176,23.377062296166024,0.14585362984864922,23.52291592601467
0.8927033989087566,0.9570173151067087,-0.17575173142953193,-0.3542090530286581,0.09155744214000597,0.1063532753436382,1.9999999701976776,0.3208412112264243,0.6584090851707782,41,8.404652890219054,23.377062302050604,0.14585363245292635,23.522915934503533
0.8993792679696802,0.956790536191041,-0.18053471547580882,-0.35899203707493493,0.05067620485557132,0.020711274087320507,2.0,0.3047436110206412,0.6722245272340852,41,8.406069300869085,23.379933767643013,0.13497137376517251,23.51490514140818
0.8993792679696802,0.956790536191041,-0.18053471547580882,-0.35899203707493493,0.050676194855571316,0.02071128408732051,2.0,0.3047436110206412,0.6722245272340852,41,8.406069301037174,23.37993376793115,0.13497137376517251,23.514905141696325
0.8993792679696802,0.956790536191041,-0.18053471547580882,-0.35899203707493493,0.050676194855571316,0.020711274087320507,2.0,0.3047436110206412,0.6722245272340852,41,8.406069301277418,23.379933768425133,0.13497137315837898,23.51490514158351
0.8993792679696802,0.956790536191041,-0.18053471547580882,-0.35899203707493493,0.050676194855571316,0.020711274087320507,2.0,0.3047436210206412,0.6722245272340852,41,8.406069301367744,23.37993376856787,0.1349713728973513,23.51490514146522
0.8993792679696802,0.956790536191041,-0.18053471547580882,-0.35899203707493493,0.050676194855571316,0.020711274087320507,2.0,0.3047436110206412,0.6722245372340853,41,8.406069301404193,23.379933768678843,0.1349713728973513,23.514905141576193
0.8993792779696802,0.956790536191041,-0.18053471547580882,-0.35899203707493493,0.050676194855571316,0.020711274087320507,2.0,0.3047436110206412,0.6722245272340852,41,8.406069301890014,23.379933769673645,0.13497137193582234,23.514905141609468
0.8993792679696802,0.9567905461910411,-0.18053471547580882,-0.35899203707493493,0.050676194855571316,0.020711274087320507,2.0,0.3047436110206412,0.6722245272340852,41,8.406069301890014,23.379933769673645,0.13497137193582234,23.514905141609468
0.8993792679696802,0.956790536191041,-0.18053471547580882,-0.35899203707493493,0.050676194855571316,0.020711274087320507,1.99999999,0.3047436110206412,0.6722245272340852,41,8.406069302563921,23.379933771042182,0.13497137341940685,23.514905144461586
0.8993792679696802,0.956790536191041,-0.18053471547580882,-0.35899202707493494,0.050676194855571316,0.020711274087320507,2.0,0.3047436110206412,0.6722245272340852,41,8.40606930352952,23.379933772943676,0.13497136857240158,23.514905141516085
0.8993792679696802,0.956790536191041,-0.18053470547580883,-0.35899203707493493,0.050676194855571316,0.020711274087320507,2.0,0.3047436110206412,0.6722245272340852,41,8.40606930352952,23.379933772943676,0.13497136857240158,23.514905141516085
0.8952595909766952,0.9595735071746473,-0.1779901952514363,-0.35644750194940134,0.06949444526144723,0.02273190211968027,2.0,0.31467380736640826,0.6594427345593535,41,8.406239544363652,23.380305279319987,0.1343408220725638,23.514646101392543
0.8952595909766952,0.9595735071746473,-0.1779901803502751,-0.35644751685056253,0.06949444526144723,0.02273190211968027,2.0,0.31467380736640826,0.6594427345593535,41,8.406239544363652,23.380305279319987,0.1343408220725638,23.514646101392543
0.8952595909766952,0.9595735071746473,-0.1779901803502751,-0.35644750194940134,0.06949446016260842,0.02273190211968027,2.0,0.31467380736640826,0.6594427345593535,41,8.406239547139924,23.380305284946978,0.13434081647152077,23.5146461014185
0.8952595909766952,0.9595735071746473,-0.1779901803502751,-0.35644750194940134,0.06949444526144723,0.022731917020841465,2.0,0.31467380736640826,0.6594427345593535,41,8.406239547456869,23.380305285507248,0.13434081647152077,23.51464610197877
0.8952595909766952,0.9595735071746473,-0.1779901803502751,-0.35644750194940134,0.06949444526144723,0.02273190211968027,2.0,0.31467380736640826,0.6594427345593535,41,8.406239547794982,23.380305286204294,0.13434081530338296,23.51464610150768
0.8952595909766952,0.9595735071746473,-0.1779901803502751,-0.35644750194940134,0.06949444526144723,0.02273190211968027,2.0,0.31467382226756946,0.6594427345593535,41,8.406239548059245,23.380305286680606,0.1343408148662637,23.51464610154687
0.8952595909766952,0.9595735071746473,-0.1779901803502751,-0.35644750194940134,0.06949444526144723,0.02273190211968027,2.0,0.31467380736640826,0.6594427494605147,41,8.40623954806291,23.380305286740107,0.1343408148662637,23.514646101606367
0.8952596058778564,0.9595735071746473,-0.1779901803502751,-0.35644750194940134,0.06949444526144723,0.02273190211968027,2.0,0.31467380736640826,0.6594427345593535,41,8.406239548710545,23.380305288069984,0.13434081346470098,23.514646101534687
0.8952595909766952,0.9595735220758085,-0.1779901803502751,-0.35644750194940134,0.06949444526144723,0.02273190211968027,2.0,0.31467380736640826,0.6594427345593535,41,8.406239548710545,23.380305288069984,0.13434081346470098,23.514646101534687
0.8952595909766952,0.9595735071746473,-0.1779901803502751,-0.35644750194940134,0.06949444526144723,0.02273190211968027,1.9999999701976776,0.31467380736640826,0.6594427345593535,41,8.406239551641212,23.380305294027206,0.13434081617762225,23.514646110204833
0.8985226750188673,0.9577119430593074,-0.18000174175745517,-0.3584590633565813,0.053916096809763975,0.015179401095074822,2.0,0.30679699332182886,0.6690862105541067,41,8.406292805247077,23.380393417395503,0.13436723697807262,23.51476065437358
0.8985226750188673,0.9577119430593074,-0.18000174175745517,-0.3584590633565813,0.05391608680976397,0.015179411095074822,2.0,0.30679699332182886,0.6690862105541067,41,8.406292805416319,23.380393417685433,0.13436723697807262,23.51476065466351
0.8985226750188673,0.9577119430593074,-0.18000174175745517,-0.3584590633565813,0.05391608680976397,0.015179401095074822,2.0,0.30679699332182886,0.6690862105541067,41,8.406292805660344,23.380393418187047,0.13436723639076092,23.514760654577806
0.8985226750188673,0.9577119430593074,-0.18000174175745517,-0.3584590633565813,0.05391608680976397,0.015179401095074822,2.0,0.30679700332182885,0.6690862105541067,41,8.406292805761899,23.38039341835241,0.13436723611743728,23.514760654469846
0.8985226750188673,0.9577119430593074,-0.18000174175745517,-0.3584590633565813,0.05391608680976397,0.015179401095074822,2.0,0.30679699332182886,0.6690862205541067,41,8.40629280579573,23.380393418457732,0.13436723611743728,23.514760654575174
0.8985226750188673,0.9577119530593075,-0.18000174175745517,-0.3584590633565813,0.05391608680976397,0.015179401095074822,2.0,0.30679699332182886,0.6690862105541067,41,8.406292806273676,23.38039341943713,0.1343672351687552,23.51476065460588
0.8985226850188673,0.9577119430593074,-0.18000174175745517,-0.3584590633565813,0.05391608680976397,0.015179401095074822,2.0,0.30679699332182886,0.6690862105541067,41,8.406292806273676,23.38039341943713,0.1343672351687552,23.51476065460588
0.8985226750188673,0.9577119430593074,-0.18000174175745517,-0.3584590633565813,0.05391608680976397,0.015179401095074822,1.99999999,0.30679699332182886,0.6690862105541067,41,8.406292806948843,23.38039342080823,0.13436723666408465,23.51476065747232
0.8985226750188673,0.9577119430593074,-0.18000174175745517,-0.3584590533565813,0.05391608680976397,0.015179401095074822,2.0,0.30679699332182886,0.6690862105541067,41,8.406292807913422,23.380393422707417,0.13436723181384413,23.514760654521268
0.8985226750188673,0.9577119430593074,-0.18000173175745518,-0.3584590633565813,0.05391608680976397,0.015179401095074822,2.0,0.30679699332182886,0.6690862105541067,41,8.406292807913422,23.380393422707417,0.13436723181384413,23.514760654521268
0.8957379250698386,0.9600518412677908,-0.1784090708312417,-0.3568663775292067,0.06536584955211035,0.007084035032466909,2.0,0.3135197158685776,0.6596361588912393,41,8.406641510178947,23.381121383284924,0.13324863172748613,23.51437001501241
0.8957379250698386,0.9600518412677908,-0.1784090559300805,-0.3568663924303679,0.06536584955211035,0.007084035032466909,2.0,0.3135197158685776,0.6596361588912393,41,8.406641510178947,23.381121383284924,0.13324863172748613,23.51437001501241
0.8957379250698386,0.9600518412677908,-0.1784090559300805,-0.3568663775292067,0.06536586445327154,0.007084035032466909,2.0,0.3135197158685776,0.6596361588912393,41,8.406641512918238,23.381121388838206,0.13324862586534372,23.51437001470355
0.8957379250698386,0.9600518412677908,-0.1784090559300805,-0.3568663775292067,0.06536584955211035,0.007084049933628103,2.0,0.3135197158685776,0.6596361588912393,41,8.40664151319477,23.38112138931694,0.13324862586534372,23.514370015182287
0.8957379250698386,0.9600518412677908,-0.1784090559300805,-0.3568663775292067,0.06536584955211035,0.007084035032466909,2.0,0.3135197158685776,0.6596361588912393,41,8.406641513561716,23.381121390071474,0.13324862494769432,23.514370015019168
0.8957379250698386,0.9600518412677908,-0.1784090559300805,-0.3568663775292067,0.06536584955211035,0.007084035032466909,2.0,0.31351973076973877,0.6596361588912393,41,8.406641513781555,23.381121390456716,0.13324862449435135,23.514370014951073
0.8957379250698386,0.9600518412677908,-0.1784090559300805,-0.3568663775292067,0.06536584955211035,0.007084035032466909,2.0,0.3135197158685776,0.6596361737924005,41,8.406641513811172,23.381121390569554,0.13324862449435135,23.514370015063903
0.8957379399709998,0.9600518412677908,-0.1784090559300805,-0.3568663775292067,0.06536584955211035,0.007084035032466909,2.0,0.3135197158685776,0.6596361588912393,41,8.406641514478336,23.381121391939804,0.13324862312112948,23.51437001506093
0.8957379250698386,0.960051856168952,-0.1784090559300805,-0.3568663775292067,0.06536584955211035,0.007084035032466909,2.0,0.3135197158685776,0.6596361588912393,41,8.406641514478336,23.381121391939804,0.13324862312112948,23.51437001506093
0.8957379250698386,0.9600518412677908,-0.1784090559300805,-0.3568663775292067,0.06536584955211035,0.007084035032466909,1.9999999701976776,0.3135197158685776,0.6596361588912393,41,8.40664151741521,23.381121397910626,0.13324862585438108,23.514370023765004
0.8966926127966588,0.9596804765375454,-0.17886307365790632,-0.3573203952570325,0.0608379420850241,0.0033608684167971276,2.0,0.31118392806555883,0.6623813750871497,41,8.406770866899508,23.381377506570992,0.13309921066869987,23.514476717239695
0.8966926127966588,0.9596804765375454,-0.17886307365790632,-0.3573203952570325,0.060837932085024096,0.0033608784167971275,2.0,0.31118392806555883,0.6623813750871497,41,8.40677086707069,23.381377506863643,0.13309921066869987,23.514476717532347
0.8966926127966588,0.9596804765375454,-0.17886307365790632,-0.3573203952570325,0.060837932085024096,0.0033608684167971276,2.0,0.31118392806555883,0.6623813750871497,41,8.406770867323218,23.38137750738243,0.13309921012301001,23.51447671750544
0.8966926127966588,0.9596804765375454,-0.17886307365790632,-0.3573203952570325,0.060837932085024096,0.0033608684167971276,2.0,0.31118393806555883,0.6623813750871497,41,8.406770867447635,23.38137750759384,0.13309920982341686,23.514476717417253
0.8966926127966588,0.9596804765375454,-0.17886307365790632,-0.3573203952570325,0.060837932085024096,0.0033608684167971276,2.0,0.31118392806555883,0.6623813850871497,41,8.406770867477286,23.381377507689944,0.13309920982341686,23.51447671751336
0.8966926127966588,0.9596804865375455,-0.17886307365790632,-0.3573203952570325,0.060837932085024096,0.0033608684167971276,2.0,0.31118392806555883,0.6623813750871497,41,8.406770867938144,23.381377508635925,0.13309920890218133,23.514476717538106
0.8966926227966588,0.9596804765375454,-0.17886307365790632,-0.3573203952570325,0.060837932085024096,0.0033608684167971276,2.0,0.31118392806555883,0.6623813750871497,41,8.406770867938143,23.381377508635925,0.13309920890218133,23.514476717538106
0.8966926127966588,0.9596804765375454,-0.17886307365790632,-0.3573203952570325,0.060837932085024096,0.0033608684167971276,1.99999999,0.31118392806555883,0.6623813750871497,41,8.406770868616045,23.381377510012587,0.1330992104226033,23.514476720435198
0.8966926127966588,0.9596804765375454,-0.17886306365790633,-0.3573203952570325,0.060837932085024096,0.0033608684167971276,2.0,0.31118392806555883,0.6623813750871497,41,8.406770869577517,23.381377511904955,0.13309920556545057,23.514476717470398
0.8966926127966588,0.9596804765375454,-0.17886307365790632,-0.3573203852570325,0.060837932085024096,0.0033608684167971276,2.0,0.31118392806555883,0.6623813750871497,41,8.406770869577517,23.381377511904955,0.13309920556545057,23.514476717470398
0.8963723577244458,0.9600232469819083,-0.17874552748001993,-0.3572028490791461,0.06232090926308077,0.0014700174889366558,2.0,0.31210221019120127,0.6608745183526592,41,8.406798228829382,23.38143723068452,0.13298498339691703,23.514422214081435
0.8963723577244458,0.9600232469819083,-0.17874552748001993,-0.3572028490791461,0.06232089926308077,0.0014700274889366558,2.0,0.31210221019120127,0.6608745183526592,41,8.406798229001389,23.381437230978566,0.13298498339691703,23.514422214375486
0.8963723577244458,0.9600232469819083,-0.17874552748001993,-0.3572028490791461,0.06232089926308077,0.0014700174889366558,2.0,0.31210221019120127,0.6608745183526592,41,8.40679822925555,23.381437231500684,0.1329849828546942,23.514422214355374
0.8963723577244458,0.9600232469819083,-0.17874552748001993,-0.3572028490791461,0.06232089926308077,0.0014700174889366558,2.0,0.31210222019120126,0.6608745183526592,41,8.406798229384291,23.38143723172081,0.13298498254843052,23.514422214269242
0.8963723577244458,0.9600232469819083,-0.17874552748001993,-0.3572028490791461,0.06232089926308077,0.0014700174889366558,2.0,0.31210221019120127,0.6608745283526593,41,8.406798229413774,23.38143723181641,0.13298498254843052,23.514422214364835
0.8963723677244458,0.9600232469819083,-0.17874552748001993,-0.3572028490791461,0.06232089926308077,0.0014700174889366558,2.0,0.31210221019120127,0.6608745183526592,41,8.406798229870775,23.38143723275482,0.13298498163405684,23.51442221438888
0.8963723577244458,0.9600232569819084,-0.17874552748001993,-0.3572028490791461,0.06232089926308077,0.0014700174889366558,2.0,0.31210221019120127,0.6608745183526592,41,8.406798229870773,23.38143723275482,0.13298498163405684,23.51442221438888
0.8963723577244458,0.9600232469819083,-0.17874552748001993,-0.3572028490791461,0.06232089926308077,0.0014700174889366558,1.99999999,0.31210221019120127,0.6608745183526592,41,8.40679823054918,23.38143723413252,0.13298498316095797,23.51442221729348
0.8963723577244458,0.9600232469819083,-0.17874551748001993,-0.3572028490791461,0.06232089926308077,0.0014700174889366558,2.0,0.31210221019120127,0.6608745183526592,41,8.40679823150973,23.381437236022936,0.132984978299133,23.51442221432207
0.8963723577244458,0.9600232469819083,-0.17874552748001993,-0.35720283907914613,0.06232089926308077,0.0014700174889366558,2.0,0.31210221019120127,0.6608745183526592,41,8.40679823150973,23.381437236022936,0.132984978299133,23.51442221432207
0.896236419651565,0.9601687421127902,-0.17869563287324297,-0.35715295447236917,0.06295038157381605,0.0006674115240656009,2.0,0.3124919916914854,0.6602349056864844,41,8.406809756061302,23.381462425722322,0.1329366733390043,23.51439909906133
0.896236419651565,0.9601687421127902,-0.17869563287324297,-0.35715295447236917,0.06295037157381606,0.000667421524065601,2.0,0.3124919916914854,0.6602349056864844,41,8.406809756233649,23.38146242601695,0.1329366733390043,23.51439909935596
0.896236419651565,0.9601687421127902,-0.17869563287324297,-0.35715295447236917,0.06295037157381606,0.0006674115240656009,2.0,0.3124919916914854,0.6602349056864844,41,8.406809756488514,23.381462426540487,0.1329366727982531,23.51439909933874
0.896236419651565,0.9601687421127902,-0.17869563287324297,-0.35715295447236917,0.06295037157381606,0.0006674115240656009,2.0,0.3124920016914854,0.6602349056864844,41,8.406809756619072,23.381462426764287,0.132936672489158,23.514399099253442
0.896236419651565,0.9601687421127902,-0.17869563287324297,-0.35715295447236917,0.06295037157381606,0.0006674115240656009,2.0,0.3124919916914854,0.6602349156864844,41,8.406809756648506,23.381462426859716,0.132936672489158,23.514399099348864
0.896236419651565,0.9601687521127903,-0.17869563287324297,-0.35715295447236917,0.06295037157381606,0.0006674115240656009,2.0,0.3124919916914854,0.6602349056864844,41,8.406809757103863,23.381462427794897,0.132936671577697,23.514399099372593
0.896236429651565,0.9601687421127902,-0.17869563287324297,-0.35715295447236917,0.06295037157381606,0.0006674115240656009,2.0,0.3124919916914854,0.6602349056864844,41,8.406809757103863,23.381462427794897,0.132936671577697,23.514399099372593
0.896236419651565,0.9601687421127902,-0.17869563287324297,-0.35715295447236917,0.06295037157381606,0.0006674115240656009,1.99999999,0.3124919916914854,0.6602349056864844,41,8.406809757782483,23.381462429173048,0.1329366731073483,23.514399102280397
0.896236419651565,0.9601687421127902,-0.17869562287324298,-0.35715295447236917,0.06295037157381606,0.0006674115240656009,2.0,0.3124919916914854,0.6602349056864844,41,8.406809758742629,23.38146243106261,0.13293666824354014,23.514399099306146
0.896236419651565,0.9601687421127902,-0.17869563287324297,-0.35715294447236917,0.06295037157381606,0.0006674115240656009,2.0,0.3124919916914854,0.6602349056864844,41,8.406809758742629,23.38146243106261,0.13293666824354014,23.514399099306146
0.8961761217538258,0.960233279223973,-0.17867350117876316,-0.3571308227778894,0.06322959589705898,0.00031140050103833005,2.0,0.31266488663214975,0.6599511934172106,41,8.40681485243082,23.381473571426554,0.13291527804067751,23.51438884946723
0.8961761217538258,0.960233279223973,-0.17867350117876316,-0.3571308227778894,0.06322958589705899,0.00031141050103833005,2.0,0.31266488663214975,0.6599511934172106,41,8.406814852603315,23.38147357172143,0.13291527804067751,23.51438884976211
0.8961761217538258,0.960233279223973,-0.17867350117876316,-0.3571308227778894,0.06322958589705899,0.00031140050103833005,2.0,0.31266488663214975,0.6599511934172106,41,8.406814852858492,23.381473572245604,0.13291527750057908,23.514388849746183
0.8961761217538258,0.960233279223973,-0.17867350117876316,-0.3571308227778894,0.06322958589705899,0.00031140050103833005,2.0,0.31266489663214975,0.6599511934172106,41,8.406814852989855,23.381473572471023,0.13291527719022808,23.51438884966125
0.8961761217538258,0.960233279223973,-0.17867350117876316,-0.3571308227778894,0.06322958589705899,0.00031140050103833005,2.0,0.31266488663214975,0.6599512034172107,41,8.406814853019274,23.381473572566378,0.13291527719022808,23.514388849756614
0.8961761217538258,0.960233289223973,-0.17867350117876316,-0.3571308227778894,0.06322958589705899,0.00031140050103833005,2.0,0.31266488663214975,0.6599511934172106,41,8.406814853473898,23.381473573500134,0.13291527628005903,23.514388849780193
0.8961761317538258,0.960233279223973,-0.17867350117876316,-0.3571308227778894,0.06322958589705899,0.00031140050103833005,2.0,0.31266488663214975,0.6599511934172106,41,8.406814853473898,23.381473573500134,0.13291527628005903,23.514388849780193
0.8961761217538258,0.960233279223973,-0.17867350117876316,-0.3571308227778894,0.06322958589705899,0.00031140050103833005,1.99999999,0.31266488663214975,0.6599511934172106,41,8.406814854152612,23.38147357487848,0.13291527781093027,23.514388852689414
0.8961761217538258,0.960233279223973,-0.17867349117876316,-0.3571308227778894,0.06322958589705899,0.00031140050103833005,2.0,0.31266488663214975,0.6599511934172106,41,8.406814855112579,23.381473576767657,0.1329152729462424,23.514388849713896
0.8961761217538258,0.960233279223973,-0.17867350117876316,-0.3571308127778894,0.06322958589705899,0.00031140050103833005,2.0,0.31266488663214975,0.6599511934172106,41,8.406814855112579,23.381473576767657,0.1329152729462424,23.514388849713896
0.8961489130531594,0.9602624008186866,-0.17866351451798523,-0.35712083611711143,0.06335558800006337,0.00015075481150853996,2.0,0.3127429033933249,0.6598231716701929,41,8.406817148722965,23.38147859472509,0.13290563041858758,23.514384225143676
0.8961489130531594,0.9602624008186866,-0.17866351451798523,-0.35712083611711143,0.06335558800006337,0.00015075481150853996,2.0,0.3127429033933249,0.6598231716701929,41,8.406817148722965,23.38147859472509,0.13290563041858758,23.514384225143676
0.8961489130531594,0.9602624008186866,-0.17866351451798523,-0.35712083611711143,0.06335557800006338,0.00015076481150853995,2.0,0.3127429033933249,0.6598231716701929,41,8.40681714889553,23.38147859502008,0.13290563041858758,23.514384225438672
0.8961489130531594,0.9602624008186866,-0.17866351451798523,-0.35712083611711143,0.06335557800006338,0.00015076481150853995,2.0,0.3127429033933249,0.6598231716701929,41,8.40681714889553,23.38147859502008,0.13290563041858758,23.514384225438672
0.8961489130531594,0.9602624008186866,-0.17866351451798523,-0.35712083611711143,0.06335557800006338,0.00015075481150853996,2.0,0.3127429033933249,0.6598231716701929,41,8.406817149150848,23.381478595544543,0.1329056298787837,23.514384225423324
0.8961489130531594,0.9602624008186866,-0.17866351451798523,-0.35712083611711143,0.06335557800006338,0.00015075481150853996,2.0,0.3127429033933249,0.6598231716701929,41,8.406817149150848,23.381478595544543,0.1329056298787837,23.514384225423324
0.8961489130531594,0.9602624008186866,-0.17866351451798523,-0.35712083611711143,0.06335557800006338,0.00015075481150853996,2.0,0.3127429133933249,0.6598231716701929,41,8.406817149282574,23.38147859577069,0.13290562956786592,23.51438422533856
0.8961489130531594,0.9602624008186866,-0.17866351451798523,-0.35712083611711143,0.06335557800006338,0.00015075481150853996,2.0,0.3127429133933249,0.6598231716701929,41,8.406817149282574,23.38147859577069,0.13290562956786592,23.51438422533856
0.8961489130531594,0.9602624008186866,-0.17866351451798523,-0.35712083611711143,0.06335557800006338,0.00015075481150853996,2.0,0.3127429033933249,0.6598231816701929,41,8.406817149311983,23.381478595866025,0.13290562956786595,23.514384225433886
0.8961489130531594,0.9602624008186866,-0.17866351451798523,-0.35712083611711143,0.06335557800006338,0.00015075481150853996,2.0,0.3127429033933249,0.6598231816701929,41,8.406817149311983,23.381478595866025,0.13290562956786595,23.514384225433886
0.8961489230531594,0.9602624008186866,-0.17866351451798523,-0.35712083611711143,0.06335557800006338,0.00015075481150853996,2.0,0.3127429033933249,0.6598231716701929,41,8.40681714976628,23.381478596799134,0.13290562865827993,23.514384225457405
0.8961489130531594,0.9602624108186867,-0.17866351451798523,-0.35712083611711143,0.06335557800006338,0.00015075481150853996,2.0,0.3127429033933249,0.6598231716701929,41,8.40681714976628,23.381478596799134,0.13290562865827993,23.514384225457405
0.8961489230531594,0.9602624008186866,-0.17866351451798523,-0.35712083611711143,0.06335557800006338,0.00015075481150853996,2.0,0.3127429033933249,0.6598231716701929,41,8.40681714976628,23.381478596799134,0.13290562865827993,23.514384225457405
0.8961489130531594,0.9602624108186867,-0.17866351451798523,-0.35712083611711143,0.06335557800006338,0.00015075481150853996,2.0,0.3127429033933249,0.6598231716701929,41,8.40681714976628,23.381478596799134,0.13290562865827993,23.514384225457405
0.8961489130531594,0.9602624008186866,-0.17866351451798523,-0.35712083611711143,0.06335557800006338,0.00015075481150853996,1.99999999,0.3127429033933249,0.6598231716701929,41,8.406817150445038,23.381478598177566,0.13290563018970158,23.514384228367273
0.8961489130531594,0.9602624008186866,-0.17866351451798523,-0.35712083611711143,0.06335557800006338,0.00015075481150853996,1.99999999,0.3127429033933249,0.6598231716701929,41,8.406817150445038,23.381478598177566,0.13290563018970158,23.514384228367273
0.8961489130531594,0.9602624008186866,-0.17866351451798523,-0.35712082611711143,0.06335557800006338,0.00015075481150853996,2.0,0.3127429033933249,0.6598231716701929,41,8.40681715140492,23.38147860006656,0.13290562532461675,23.514384225391183
0.8961489130531594,0.9602624008186866,-0.17866351451798523,-0.35712082611711143,0.06335557800006338,0.00015075481150853996,2.0,0.3127429033933249,0.6598231716701929,41,8.40681715140492,23.38147860006656,0.13290562532461675,23.514384225391183
0.8961489130531594,0.9602624008186866,-0.17866350451798524,-0.35712083611711143,0.06335557800006338,0.00015075481150853996,2.0,0.3127429033933249,0.6598231716701929,41,8.40681715140492,23.381478600066565,0.13290562532461675,23.514384225391183
0.8961489130531594,0.9602624008186866,-0.17866350451798524,-0.35712083611711143,0.06335557800006338,0.00015075481150853996,2.0,0.3127429033933249,0.6598231716701929,41,8.40681715140492,23.381478600066565,0.13290562532461675,23.514384225391183
0.8960951332348412,0.9603199616001451,-0.17864377521441377,-0.35710109681353996,0.0636046198260277,-0.000166772148062138,2.0,0.31289710874451737,0.6595701281169644,41,8.40682168129459,23.381488512486236,0.13290460630792517,23.514393118794164
0.8960951332348412,0.9603199616001451,-0.17864377521441377,-0.35710109681353996,0.06360460982602771,-0.000166762148062138,2.0,0.31289710874451737,0.6595701281169644,41,8.406821681467287,23.381488512781452,0.13290460522381167,23.51439311800526
0.8960951332348412,0.9603199616001451,-0.17864377521441377,-0.35710109681353996,0.06360460982602771,-0.000166772148062138,2.0,0.31289710874451737,0.6595701281169644,41,8.406821681722885,23.38148851330648,0.13290460576586838,23.51439311907235
0.8960951332348412,0.9603199616001451,-0.17864377521441377,-0.35710109681353996,0.06360460982602771,-0.000166772148062138,2.0,0.31289711874451737,0.6595701281169644,41,8.406821681855325,23.38148851353407,0.13290460545383045,23.5143931189879
0.8960951332348412,0.9603199616001451,-0.17864377521441377,-0.35710109681353996,0.06360460982602771,-0.000166772148062138,2.0,0.31289710874451737,0.6595701381169644,41,8.406821681884722,23.38148851362935,0.13290460545383043,23.51439311908318
0.8960951432348413,0.9603199616001451,-0.17864377521441377,-0.35710109681353996,0.06360460982602771,-0.000166772148062138,2.0,0.31289710874451737,0.6595701281169644,41,8.406821682338364,23.381488514561177,0.13290460454539674,23.514393119106575
0.8960951332348412,0.9603199716001452,-0.17864377521441377,-0.35710109681353996,0.06360460982602771,-0.000166772148062138,2.0,0.31289710874451737,0.6595701281169644,41,8.406821682338364,23.381488514561177,0.13290460454539674,23.514393119106575
0.8960951332348412,0.9603199616001451,-0.17864377521441377,-0.35710109681353996,0.06360460982602771,-0.000166772148062138,1.99999999,0.31289710874451737,0.6595701281169644,41,8.40682168301721,23.381488515939786,0.1329046060779064,23.514393122017694
0.8960951332348412,0.9603199616001451,-0.17864377521441377,-0.35710108681353997,0.06360460982602771,-0.000166772148062138,2.0,0.31289710874451737,0.6595701281169644,41,8.406821683976926,23.38148851782844,0.13290460121203698,23.514393119040474
0.8960951332348412,0.9603199616001451,-0.17864376521441377,-0.35710109681353996,0.06360460982602771,-0.000166772148062138,2.0,0.31289710874451737,0.6595701281169644,41,8.406821683976926,23.38148851782844,0.13290460121203698,23.514393119040474
0.8960674284799501,0.9603496141239268,-0.1786336064822709,-0.3570909280813971,0.06373290894849418,-0.0003303466423864262,2.0,0.31297654786482865,0.6594397723471193,41,8.406824013034676,23.38149361585907,0.13291255455931722,23.51440617041839
0.8960674284799501,0.9603496141239268,-0.1786336064822709,-0.3570909280813971,0.06373289894849418,-0.0003303366423864262,2.0,0.31297654786482865,0.6594397723471193,41,8.406824013207443,23.381493616154398,0.13291255347024208,23.514406169624635
0.8960674284799501,0.9603496141239268,-0.1786336064822709,-0.3570909280813971,0.06373289894849418,-0.0003303466423864262,2.0,0.31297654786482865,0.6594397723471193,41,8.406824013463183,23.381493616679716,0.13291255401477958,23.5144061706945
0.8960674284799501,0.9603496141239268,-0.1786336064822709,-0.3570909280813971,0.06373289894849418,-0.0003303466423864262,2.0,0.31297655786482864,0.6594397723471193,41,8.406824013595992,23.381493616908045,0.13291255370216465,23.51440617061022
0.8960674284799501,0.9603496141239268,-0.1786336064822709,-0.3570909280813971,0.06373289894849418,-0.0003303466423864262,2.0,0.31297654786482865,0.6594397823471193,41,8.406824013625386,23.381493617003308,0.13291255370216462,23.514406170705474
0.8960674284799501,0.9603496241239269,-0.1786336064822709,-0.3570909280813971,0.06373289894849418,-0.0003303466423864262,2.0,0.31297654786482865,0.6594397723471193,41,8.40682401407869,23.38149361793447,0.13291255279432448,23.514406170728794
0.8960674384799502,0.9603496141239268,-0.1786336064822709,-0.3570909280813971,0.06373289894849418,-0.0003303466423864262,2.0,0.31297654786482865,0.6594397723471193,41,8.40682401407869,23.38149361793447,0.13291255279432448,23.514406170728794
0.8960674284799501,0.9603496141239268,-0.1786336064822709,-0.3570909280813971,0.06373289894849418,-0.0003303466423864262,1.99999999,0.31297654786482865,0.6594397723471193,41,8.406824014757579,23.38149361931317,0.13291255432739468,23.514406173640563
0.8960674284799501,0.9603496141239268,-0.1786335964822709,-0.3570909280813971,0.06373289894849418,-0.0003303466423864262,2.0,0.31297654786482865,0.6594397723471193,41,8.40682401571721,23.381493621201646,0.13291254946112108,23.51440617066277
0.8960674284799501,0.9603496141239268,-0.1786336064822709,-0.3570909180813971,0.06373289894849418,-0.0003303466423864262,2.0,0.31297654786482865,0.6594397723471193,41,8.40682401571721,23.381493621201646,0.13291254946112108,23.51440617066277
0.8960114349752263,0.960409544223903,-0.1786130546689264,-0.3570703762680526,0.06399219142953656,-0.000660943655665846,2.0,0.31313710062105715,0.6591763130079813,41,8.406828718964299,23.381503918158874,0.1329288497102274,23.5144327678691
0.8960114349752263,0.960409544223903,-0.1786130546689264,-0.3570703762680526,0.06399218142953657,-0.000660933655665846,2.0,0.31313710062105715,0.6591763130079813,41,8.4068287191372,23.38150391845443,0.13292884861112425,23.514432767065557
0.8960114349752263,0.960409544223903,-0.1786130546689264,-0.3570703762680526,0.06399218142953657,-0.000660943655665846,2.0,0.31313710062105715,0.6591763130079813,41,8.406828719393234,23.38150391898035,0.1329288491606758,23.514432768141024
0.8960114349752263,0.960409544223903,-0.1786130546689264,-0.3570703762680526,0.06399218142953657,-0.000660943655665846,2.0,0.31313711062105715,0.6591763130079813,41,8.406828719526782,23.38150391921017,0.13292884884689452,23.514432768057066
0.8960114349752263,0.960409544223903,-0.1786130546689264,-0.3570703762680526,0.06399218142953657,-0.000660943655665846,2.0,0.31313710062105715,0.6591763230079813,41,8.406828719556167,23.38150391930538,0.13292884884689452,23.51443276815228
0.8960114349752263,0.9604095542239031,-0.1786130546689264,-0.3570703762680526,0.06399218142953657,-0.000660943655665846,2.0,0.31313710062105715,0.6591763130079813,41,8.406828720008793,23.381503920235215,0.13292884794025414,23.514432768175464
0.8960114449752263,0.960409544223903,-0.1786130546689264,-0.3570703762680526,0.06399218142953657,-0.000660943655665846,2.0,0.31313710062105715,0.6591763130079813,41,8.406828720008793,23.381503920235215,0.13292884794025414,23.514432768175464
0.8960114349752263,0.960409544223903,-0.1786130546689264,-0.3570703762680526,0.06399218142953657,-0.000660943655665846,1.99999999,0.31313710062105715,0.6591763130079813,41,8.40682872068777,23.38150392161409,0.13292884947445713,23.514432771088547
0.8960114349752263,0.960409544223903,-0.1786130546689264,-0.3570703662680526,0.06399218142953657,-0.000660943655665846,2.0,0.31313710062105715,0.6591763130079813,41,8.406828721647226,23.3815039235022,0.13292884460736665,23.514432768109565
0.8960114349752263,0.960409544223903,-0.1786130446689264,-0.3570703762680526,0.06399218142953657,-0.000660943655665846,2.0,0.31313710062105715,0.6591763130079813,41,8.406828721647226,23.3815039235022,0.13292884460736665,23.514432768109565
0.8959926075699902,0.9602672152369095,-0.17861140377851062,-0.3570687253776368,0.06346906737643528,2.9581310371838853e-05,2.0,0.312947323425735,0.6597432427533694,41,8.40683097954137,23.381505865748462,0.1328723929542031,23.51437825870266
0.8959926075699902,0.9602672152369095,-0.17861140377851062,-0.3570687253776368,0.06346905737643528,2.9591310371838854e-05,2.0,0.312947323425735,0.6597432427533694,41,8.406830979714538,23.381505866044677,0.1328723929542031,23.51437825899888
0.8959926075699902,0.9602672152369095,-0.17861140377851062,-0.3570687253776368,0.06346905737643528,2.9581310371838853e-05,2.0,0.312947323425735,0.6597432427533694,41,8.406830979969602,23.381505866568617,0.13287239241446464,23.51437825898308
0.8959926075699902,0.9602672152369095,-0.17861140377851062,-0.3570687253776368,0.06346905737643528,2.9581310371838853e-05,2.0,0.312947333425735,0.6597432427533694,41,8.406830980103129,23.381505866798438,0.1328723921049578,23.5143782589034
0.8959926075699902,0.9602672152369095,-0.17861140377851062,-0.3570687253776368,0.06346905737643528,2.9581310371838853e-05,2.0,0.312947323425735,0.6597432527533694,41,8.406830980131073,23.38150586689076,0.1328723921049578,23.514378258995716
0.8959926075699902,0.9602672252369095,-0.17861140377851062,-0.3570687253776368,0.06346905737643528,2.9581310371838853e-05,2.0,0.312947323425735,0.6597432427533694,41,8.406830980585049,23.381505867823225,0.13287239119267316,23.5143782590159
0.8959926175699903,0.9602672152369095,-0.17861140377851062,-0.3570687253776368,0.06346905737643528,2.9581310371838853e-05,2.0,0.312947323425735,0.6597432427533694,41,8.406830980585049,23.381505867823225,0.13287239119267316,23.5143782590159
0.8959926075699902,0.9602672152369095,-0.17861140377851062,-0.3570687253776368,0.06346905737643528,2.9581310371838853e-05,1.99999999,0.312947323425735,0.6597432427533694,41,8.406830981263736,23.381505869201494,0.1328723927239716,23.51437826192547
0.8959926075699902,0.9602672152369095,-0.17861140377851062,-0.3570687153776368,0.06346905737643528,2.9581310371838853e-05,2.0,0.312947323425735,0.6597432427533694,41,8.406830982224703,23.38150587109271,0.13287238786118363,23.51437825895389
0.8959926075699902,0.9602672152369095,-0.17861139377851062,-0.3570687253776368,0.06346905737643528,2.9581310371838853e-05,2.0,0.312947323425735,0.6597432427533694,41,8.406830982224703,23.38150587109271,0.13287238786118363,23.51437825895389
0.8959555555673964,0.9602683564882134,-0.17859905099846068,-0.3570563725975869,0.06349596750855117,8.57296425531821e-07,2.0,0.312995780916909,0.6597242957121433,41,8.406834263623358,23.381512341556487,0.13286452085493047,23.514376862411417
0.8959555555673964,0.9602683564882134,-0.17859905099846068,-0.3570563725975869,0.06349596750855117,8.57296425531821e-07,2.0,0.312995780916909,0.6597242957121433,41,8.406834263623358,23.381512341556487,0.13286452085493047,23.514376862411417
0.8959555555673964,0.9602683564882134,-0.17859905099846068,-0.3570563725975869,0.06349595750855118,8.67296425531821e-07,2.0,0.312995780916909,0.6597242957121433,41,8.40683426379667,23.381512341852996,0.13286452085493047,23.514376862707934
0.8959555555673964,0.9602683564882134,-0.17859905099846068,-0.3570563725975869,0.06349595750855118,8.67296425531821e-07,2.0,0.312995780916909,0.6597242957121433,41,8.40683426379667,23.381512341852996,0.13286452085493047,23.514376862707934
0.8959555555673964,0.9602683564882134,-0.17859905099846068,-0.3570563725975869,0.06349595750855118,8.57296425531821e-07,2.0,0.312995780916909,0.6597242957121433,41,8.406834264051673,23.381512342376816,0.13286452031520748,23.514376862692018
0.8959555555673964,0.9602683564882134,-0.17859905099846068,-0.3570563725975869,0.06349595750855118,8.57296425531821e-07,2.0,0.312995780916909,0.6597242957121433,41,8.406834264051673,23.381512342376816,0.13286452031520748,23.514376862692018
0.8959555555673964,0.9602683564882134,-0.17859905099846068,-0.3570563725975869,0.06349595750855118,8.57296425531821e-07,2.0,0.312995790916909,0.6597242957121433,41,8.406834264185628,23.381512342607508,0.13286452000603508,23.514376862613545
0.8959555555673964,0.9602683564882134,-0.17859905099846068,-0.3570563725975869,0.06349595750855118,8.57296425531821e-07,2.0,0.312995790916909,0.6597242957121433,41,8.406834264185628,23.381512342607508,0.13286452000603508,23.514376862613545
0.8959555555673964,0.9602683564882134,-0.17859905099846068,-0.3570563725975869,0.06349595750855118,8.57296425531821e-07,2.0,0.312995780916909,0.6597243057121434,41,8.406834264213222,23.38151234269911,0.13286452000603508,23.514376862705152
0.8959555555673964,0.9602683564882134,-0.17859905099846068,-0.3570563725975869,0.06349595750855118,8.57296425531821e-07,2.0,0.312995780916909,0.6597243057121434,41,8.406834264213222,23.38151234269911,0.13286452000603508,23.514376862705152
0.8959555655673964,0.9602683564882134,-0.17859905099846068,-0.3570563725975869,0.06349595750855118,8.57296425531821e-07,2.0,0.312995780916909,0.6597242957121433,41,8.406834264667125,23.381512343631428,0.1328645190931108,23.514376862724536
0.8959555555673964,0.9602683664882135,-0.17859905099846068,-0.3570563725975869,0.06349595750855118,8.57296425531821e-07,2.0,0.312995780916909,0.6597242957121433,41,8.406834264667125,23.381512343631428,0.1328645190931108,23.514376862724536
0.8959555555673964,0.9602683664882135,-0.17859905099846068,-0.3570563725975869,0.06349595750855118,8.57296425531821e-07,2.0,0.312995780916909,0.6597242957121433,41,8.406834264667125,23.381512343631428,0.1328645190931108,23.514376862724536
0.8959555655673964,0.9602683564882134,-0.17859905099846068,-0.3570563725975869,0.06349595750855118,8.57296425531821e-07,2.0,0.312995780916909,0.6597242957121433,41,8.406834264667125,23.381512343631428,0.1328645190931108,23.514376862724536
0.8959555555673964,0.9602683564882134,-0.17859905099846068,-0.3570563725975869,0.06349595750855118,8.57296425531821e-07,1.99999999,0.312995780916909,0.6597242957121433,41,8.406834265345795,23.38151234500966,0.13286452062438,23.514376865634038
0.8959555555673964,0.9602683564882134,-0.17859905099846068,-0.3570563725975869,0.06349595750855118,8.57296425531821e-07,1.99999999,0.312995780916909,0.6597242957121433,41,8.406834265345795,23.38151234500966,0.13286452062438,23.514376865634038
0.8959555555673964,0.9602683564882134,-0.1785990409984607,-0.3570563725975869,0.06349595750855118,8.57296425531821e-07,2.0,0.312995780916909,0.6597242957121433,41,8.406834266307017,23.3815123469014,0.13286451576213645,23.514376862663532
0.8959555555673964,0.9602683564882134,-0.17859905099846068,-0.3570563625975869,0.06349595750855118,8.57296425531821e-07,2.0,0.312995780916909,0.6597242957121433,41,8.406834266307017,23.3815123469014,0.13286451576213645,23.514376862663532
0.8959555555673964,0.9602683564882134,-0.17859905099846068,-0.3570563625975869,0.06349595750855118,8.57296425531821e-07,2.0,0.312995780916909,0.6597242957121433,41,8.406834266307017,23.3815123469014,0.13286451576213645,23.514376862663532
0.8959555555673964,0.9602683564882134,-0.1785990409984607,-0.3570563725975869,0.06349595750855118,8.57296425531821e-07,2.0,0.312995780916909,0.6597242957121433,41,8.406834266307017,23.3815123469014,0.13286451576213645,23.514376862663532
0.8959544746533855,0.9602683908513376,-0.17859870258374488,-0.3570560092817099,0.06349676747264757,-7.58482860498424e-09,2.0,0.3129972399739829,0.6597237252159442,41,8.406834357853224,23.381512527238122,0.13286429454186113,23.514376821779987
0.8959544746533855,0.9602683908513376,-0.1785986876825837,-0.3570560241828711,0.06349676747264757,-7.58482860498424e-09,2.0,0.3129972399739829,0.6597237252159442,41,8.406834357853224,23.381512527238122,0.13286429454186113,23.514376821779987
0.8959544746533855,0.9602683908513376,-0.1785986876825837,-0.3570560092817099,0.06349678237380876,-7.58482860498424e-09,2.0,0.3129972399739829,0.6597237252159442,41,8.406834360575713,23.38151253275791,0.13286428856151508,23.514376821319427
0.8959544746533855,0.9602683908513376,-0.1785986876825837,-0.3570560092817099,0.06349677747264756,-7.58482860498424e-09,2.0,0.3129972399739829,0.6597237252159442,41,8.406834360785638,23.381512533159967,0.13286428829698826,23.51437682145695
0.8959544746533855,0.9602683908513376,-0.1785986876825837,-0.3570560092817099,0.06349676747264757,2.415171395015761e-09,2.0,0.3129972399739829,0.6597237252159442,41,8.406834360958953,23.381512533456487,0.13286428747824755,23.514376820934732
0.8959544746533855,0.9602683908513376,-0.1785986876825837,-0.3570560092817099,0.06349676747264757,-7.58482860498424e-09,2.0,0.3129972399739829,0.6597237252159442,41,8.406834361213955,23.3815125339803,0.13286428775726564,23.514376821737564
0.8959544746533855,0.9602683908513376,-0.1785986876825837,-0.3570560092817099,0.06349676747264757,-7.58482860498424e-09,2.0,0.3129972399739829,0.6597237252159442,41,8.406834361213955,23.3815125339803,0.13286428775726564,23.514376821737564
0.8959544746533855,0.9602683908513376,-0.1785986876825837,-0.3570560092817099,0.06349676747264757,-7.58482860498424e-09,2.0,0.31299724997398287,0.6597237252159442,41,8.406834361347922,23.381512534211016,0.13286428744810327,23.51437682165912
0.8959544746533855,0.9602683908513376,-0.1785986876825837,-0.3570560092817099,0.06349676747264757,-7.58482860498424e-09,2.0,0.3129972399739829,0.6597237352159443,41,8.406834361375509,23.381512534302605,0.13286428744810327,23.51437682175071
0.8959544746533855,0.9602683908513376,-0.1785986876825837,-0.3570560092817099,0.06349676747264757,-7.58482860498424e-09,2.0,0.31299725487514407,0.6597237252159442,41,8.40683436141358,23.38151253432409,0.13286428729657787,23.51437682162068
0.8959544746533855,0.9602683908513376,-0.1785986876825837,-0.3570560092817099,0.06349676747264757,-7.58482860498424e-09,2.0,0.3129972399739829,0.6597237401171054,41,8.406834361454688,23.381512534460573,0.13286428729657787,23.514376821757153
0.8959544746533855,0.9602683908513376,-0.1785986876825837,-0.3570560092817099,0.06349676747264757,-2.2485989798831896e-08,2.0,0.3129972399739829,0.6597237252159442,41,8.40683436159394,23.381512534760837,0.13286428856151508,23.51437682332235
0.8959544746533855,0.9602684008513377,-0.1785986876825837,-0.3570560092817099,0.06349676747264757,-7.58482860498424e-09,2.0,0.3129972399739829,0.6597237252159442,41,8.406834361829407,23.38151253523491,0.13286428653516003,23.51437682177007
0.8959544846533856,0.9602683908513376,-0.1785986876825837,-0.3570560092817099,0.06349676747264757,-7.58482860498424e-09,2.0,0.3129972399739829,0.6597237252159442,41,8.406834361829407,23.38151253523491,0.13286428653516003,23.51437682177007
0.8959544895545467,0.9602683908513376,-0.1785986876825837,-0.3570560092817099,0.06349676747264757,-7.58482860498424e-09,2.0,0.3129972399739829,0.6597237252159442,41,8.406834362131052,23.38151253584982,0.1328642859361864,23.51437682178601
0.8959544746533855,0.9602684057524988,-0.1785986876825837,-0.3570560092817099,0.06349676747264757,-7.58482860498424e-09,2.0,0.3129972399739829,0.6597237252159442,41,8.406834362131052,23.38151253584982,0.1328642859361864,23.51437682178601
0.8959544746533855,0.9602683908513376,-0.1785986876825837,-0.3570560092817099,0.06349676747264757,-7.58482860498424e-09,1.99999999,0.3129972399739829,0.6597237252159442,41,8.406834362508075,23.381512536613144,0.1328642880664281,23.514376824679573
0.8959544746533855,0.9602683908513376,-0.1785986876825837,-0.3570559992817099,0.06349676747264757,-7.58482860498424e-09,2.0,0.3129972399739829,0.6597237252159442,41,8.406834363469306,23.381512538504897,0.1328642832042007,23.514376821709096
0.8959544746533855,0.9602683908513376,-0.1785986776825837,-0.3570560092817099,0.06349676747264757,-7.58482860498424e-09,2.0,0.3129972399739829,0.6597237252159442,41,8.406834363469306,23.381512538504897,0.1328642832042007,23.514376821709096
0.8959544746533855,0.9602683908513376,-0.1785986876825837,-0.3570560092817099,0.06349676747264757,-7.58482860498424e-09,1.9999999701976776,0.3129972399739829,0.6597237252159442,41,8.406834365070734,23.381512541826794,0.13286428867864186,23.514376830505434
0.8959491146474524,0.9602685612502294,-0.17859688608205246,-0.3570542076811787,0.06350079389978089,-4.296333615967375e-06,2.0,0.3130044751050791,0.6597208962554711,41,8.406834842619084,23.381513483334853,0.13286359404518505,23.51437707738004
0.8959491146474524,0.9602685612502294,-0.17859688608205246,-0.3570542076811787,0.0635007838997809,-4.286333615967375e-06,2.0,0.3130044751050791,0.6597208962554711,41,8.406834842792419,23.381513483631416,0.13286359296559871,23.514377076597015
0.8959491146474524,0.9602685612502294,-0.17859688608205246,-0.3570542076811787,0.0635007838997809,-4.296333615967375e-06,2.0,0.3130044751050791,0.6597208962554711,41,8.406834843047413,23.38151348415521,0.13286359350539184,23.514377077660598
0.8959491146474524,0.9602685612502294,-0.17859688608205246,-0.3570542076811787,0.0635007838997809,-4.296333615967375e-06,2.0,0.3130044851050791,0.6597208962554711,41,8.406834843181443,23.381513484386055,0.1328635931962794,23.51437707758233
0.8959491146474524,0.9602685612502294,-0.17859688608205246,-0.3570542076811787,0.0635007838997809,-4.296333615967375e-06,2.0,0.3130044751050791,0.6597209062554712,41,8.406834843208976,23.381513484477537,0.1328635931962794,23.514377077673817
0.8959491146474524,0.9602685712502295,-0.17859688608205246,-0.3570542076811787,0.0635007838997809,-4.296333615967375e-06,2.0,0.3130044751050791,0.6597208962554711,41,8.406834843662864,23.381513485409823,0.13286359228324213,23.514377077693062
0.8959491246474525,0.9602685612502294,-0.17859688608205246,-0.3570542076811787,0.0635007838997809,-4.296333615967375e-06,2.0,0.3130044751050791,0.6597208962554711,41,8.406834843662864,23.381513485409823,0.13286359228324213,23.514377077693062
0.8959491146474524,0.9602685612502294,-0.17859688608205246,-0.3570542076811787,0.0635007838997809,-4.296333615967375e-06,1.99999999,0.3130044751050791,0.6597208962554711,41,8.406834844341528,23.381513486788055,0.13286359381450433,23.514377080602564
0.8959491146474524,0.9602685612502294,-0.17859688608205246,-0.3570541976811787,0.0635007838997809,-4.296333615967375e-06,2.0,0.3130044751050791,0.6597208962554711,41,8.406834845302798,23.381513488679875,0.13286358895235756,23.514377077632236
0.8959491146474524,0.9602685612502294,-0.17859687608205246,-0.3570542076811787,0.0635007838997809,-4.296333615967375e-06,2.0,0.3130044751050791,0.6597208962554711,41,8.406834845302798,23.381513488679875,0.13286358895235756,23.514377077632236
0.8959408705207749,0.9602688088073172,-0.1785941551456528,-0.357051476744779,0.06350662900230564,-1.0527067560928914e-05,2.0,0.31301498637052094,0.6597167863155043,41,8.406835565806906,23.381514909344844,0.13286253809405577,23.514377447438896
0.8959408705207749,0.9602688088073172,-0.1785941551456528,-0.357051476744779,0.06350661900230564,-1.0517067560928914e-05,2.0,0.31301498637052094,0.6597167863155043,41,8.406835565980275,23.381514909641467,0.13286253701426431,23.51437744665574
0.8959408705207749,0.9602688088073172,-0.1785941551456528,-0.357051476744779,0.06350661900230564,-1.0527067560928914e-05,2.0,0.31301498637052094,0.6597167863155043,41,8.406835566235257,23.381514910165233,0.13286253755416,23.514377447719394
0.8959408705207749,0.9602688088073172,-0.1785941551456528,-0.357051476744779,0.06350661900230564,-1.0527067560928914e-05,2.0,0.31301499637052094,0.6597167863155043,41,8.406835566369377,23.38151491039627,0.13286253724512015,23.514377447641394
0.8959408705207749,0.9602688088073172,-0.1785941551456528,-0.357051476744779,0.06350661900230564,-1.0527067560928914e-05,2.0,0.31301498637052094,0.6597167963155044,41,8.406835566396836,23.3815149104876,0.13286253724512015,23.514377447732716
0.8959408705207749,0.9602688188073173,-0.1785941551456528,-0.357051476744779,0.06350661900230564,-1.0527067560928914e-05,2.0,0.31301498637052094,0.6597167863155043,41,8.40683556685071,23.381514911419846,0.1328625363319423,23.514377447751794
0.8959408805207749,0.9602688088073172,-0.1785941551456528,-0.357051476744779,0.06350661900230564,-1.0527067560928914e-05,2.0,0.31301498637052094,0.6597167863155043,41,8.40683556685071,23.381514911419846,0.1328625363319423,23.514377447751794
0.8959408705207749,0.9602688088073172,-0.1785941551456528,-0.357051476744779,0.06350661900230564,-1.0527067560928914e-05,1.99999999,0.31301498637052094,0.6597167863155043,41,8.40683556752937,23.381514912798067,0.1328625378632,23.514377450661268
0.8959408705207749,0.9602688088073172,-0.1785941551456528,-0.357051466744779,0.06350661900230564,-1.0527067560928914e-05,2.0,0.31301498637052094,0.6597167863155043,41,8.406835568490695,23.381514914690015,0.13286253300117212,23.51437744769118
0.8959408705207749,0.9602688088073172,-0.1785941451456528,-0.357051476744779,0.06350661900230564,-1.0527067560928914e-05,2.0,0.31301498637052094,0.6597167863155043,41,8.406835568490695,23.381514914690015,0.13286253300117212,23.51437744769118
0.8959050216831254,0.9602699630009651,-0.17858206559324186,-0.35703938719236805,0.06353383419498301,-3.9576825774387226e-05,2.0,0.31306399339317686,0.6596976244056296,41,8.406838808080712,23.381521303345302,0.13285788727582973,23.514379190621135
0.8959050216831254,0.9602699630009651,-0.17858206559324186,-0.35703938719236805,0.06353382419498302,-3.9566825774387225e-05,2.0,0.31306399339317686,0.6596976244056296,41,8.406838808254221,23.381521303642224,0.1328578861950819,23.514379189837303
0.8959050216831254,0.9602699630009651,-0.17858206559324186,-0.35703938719236805,0.06353382419498302,-3.9576825774387226e-05,2.0,0.31306399339317686,0.6596976244056296,41,8.406838808509145,23.381521304165865,0.13285788673545576,23.51437919090132
0.8959050216831254,0.9602699630009651,-0.17858206559324186,-0.35703938719236805,0.06353382419498302,-3.9576825774387226e-05,2.0,0.31306400339317686,0.6596976244056296,41,8.406838808643693,23.381521304397772,0.13285788642675414,23.514379190824528
0.8959050216831254,0.9602699630009651,-0.17858206559324186,-0.35703938719236805,0.06353382419498302,-3.9576825774387226e-05,2.0,0.31306399339317686,0.6596976344056297,41,8.406838808670804,23.381521304488384,0.13285788642675414,23.514379190915136
0.8959050316831254,0.9602699630009651,-0.17858206559324186,-0.35703938719236805,0.06353382419498302,-3.9576825774387226e-05,2.0,0.31306399339317686,0.6596976244056296,41,8.406838809124599,23.381521305420485,0.1328578855129432,23.51437919093343
0.8959050216831254,0.9602699730009652,-0.17858206559324186,-0.35703938719236805,0.06353382419498302,-3.9576825774387226e-05,2.0,0.31306399339317686,0.6596976244056296,41,8.406838809124599,23.381521305420485,0.1328578855129432,23.51437919093343
0.8959050216831254,0.9602699630009651,-0.17858206559324186,-0.35703938719236805,0.06353382419498302,-3.9576825774387226e-05,1.99999999,0.31306399339317686,0.6596976244056296,41,8.406838809803244,23.38152130679867,0.1328578870441575,23.514379193842824
0.8959050216831254,0.9602699630009651,-0.17858205559324186,-0.35703938719236805,0.06353382419498302,-3.9576825774387226e-05,2.0,0.31306399339317686,0.6596976244056296,41,8.406838810764825,23.38152130869113,0.13285788218267344,23.514379190873804
0.8959050216831254,0.9602699630009651,-0.17858206559324186,-0.35703937719236806,0.06353382419498302,-3.9576825774387226e-05,2.0,0.31306399339317686,0.6596976244056296,41,8.406838810764825,23.38152130869113,0.13285788218267344,23.514379190873804
0.8958955337783245,0.9605335937962944,-0.17857051438185423,-0.3570278359809804,0.06452888135521076,-0.0013452478391638642,2.0,0.3134694294635639,0.6586309773857223,41,8.406838431206353,23.381525191657282,0.13296356155295344,23.51448875321023
0.8958955337783245,0.9605335937962944,-0.17857051438185423,-0.3570278359809804,0.06452887135521077,-0.0013452378391638643,2.0,0.3134694294635639,0.6586309773857223,41,8.406838431379537,23.381525191953312,0.13296356043309343,23.514488752386402
0.8958955337783245,0.9605335937962944,-0.17857051438185423,-0.3570278359809804,0.06452887135521077,-0.0013452478391638642,2.0,0.3134694294635639,0.6586309773857223,41,8.406838431636176,23.38152519248046,0.13296356099302342,23.51448875347348
0.8958955337783245,0.9605335937962944,-0.17857051438185423,-0.3570278359809804,0.06452887135521077,-0.0013452478391638642,2.0,0.31346943946356387,0.6586309773857223,41,8.40683843177126,23.38152519271337,0.1329635606768281,23.51448875339019
0.8958955337783245,0.9605335937962944,-0.17857051438185423,-0.3570278359809804,0.06452887135521077,-0.0013452478391638642,2.0,0.3134694294635639,0.6586309873857223,41,8.40683843180063,23.38152519280849,0.1329635606768281,23.514488753485324
0.8958955437783246,0.9605335937962944,-0.17857051438185423,-0.3570278359809804,0.06452887135521077,-0.0013452478391638642,2.0,0.3134694294635639,0.6586309773857223,41,8.406838432251847,23.381525193735555,0.13296355977267105,23.51448875350823
0.8958955337783245,0.9605336037962945,-0.17857051438185423,-0.3570278359809804,0.06452887135521077,-0.0013452478391638642,2.0,0.3134694294635639,0.6586309773857223,41,8.406838432251847,23.381525193735555,0.13296355977267105,23.51448875350823
0.8958955337783245,0.9605335937962944,-0.17857051438185423,-0.3570278359809804,0.06452887135521077,-0.0013452478391638642,1.99999999,0.3134694294635639,0.6586309773857223,41,8.406838432931005,23.381525195114815,0.13296356130921885,23.514488756424036
0.8958955337783245,0.9605335937962944,-0.17857051438185423,-0.35702782598098043,0.06452887135521077,-0.0013452478391638642,2.0,0.3134694294635639,0.6586309773857223,41,8.4068384338901,23.381525197002162,0.13296355644043747,23.5144887534426
0.8958955337783245,0.9605335937962944,-0.17857050438185423,-0.3570278359809804,0.06452887135521077,-0.0013452478391638642,2.0,0.3134694294635639,0.6586309773857223,41,8.4068384338901,23.381525197002162,0.13296355644043747,23.5144887534426
0.895838388988744,0.9602719653757581,-0.17855998879199494,-0.35701731039112117,0.0635810316407077,-8.997435108706487e-05,2.0,0.3131490141581227,0.6596643810019891,41,8.406844662477733,23.38153284781571,0.13284936981350204,23.51438221762921
0.895838388988744,0.9602719653757581,-0.17855998879199494,-0.35701731039112117,0.06358102164070771,-8.996435108706488e-05,2.0,0.3131490141581227,0.6596643810019891,41,8.406844662651494,23.381532848113142,0.1328493687310951,23.514382216844247
0.895838388988744,0.9602719653757581,-0.17855998879199494,-0.35701731039112117,0.06358102164070771,-8.997435108706487e-05,2.0,0.3131490141581227,0.6596643810019891,41,8.406844662906305,23.381532848636564,0.13284936927229854,23.514382217908867
0.895838388988744,0.9602719653757581,-0.17855998879199494,-0.35701731039112117,0.06358102164070771,-8.997435108706487e-05,2.0,0.3131490241581227,0.6596643810019891,41,8.406844663041609,23.381532848870012,0.1328493689641837,23.514382217834196
0.895838388988744,0.9602719653757581,-0.17855998879199494,-0.35701731039112117,0.06358102164070771,-8.997435108706487e-05,2.0,0.3131490141581227,0.6596643910019891,41,8.406844663068107,23.381532848959363,0.1328493689641837,23.51438221792355
0.895838388988744,0.9602719753757581,-0.17855998879199494,-0.35701731039112117,0.06358102164070771,-8.997435108706487e-05,2.0,0.3131490141581227,0.6596643810019891,41,8.406844663521772,23.381532849891194,0.13284936804923655,23.51438221794043
0.8958383989887441,0.9602719653757581,-0.17855998879199494,-0.35701731039112117,0.06358102164070771,-8.997435108706487e-05,2.0,0.3131490141581227,0.6596643810019891,41,8.406844663521772,23.381532849891194,0.13284936804923655,23.51438221794043
0.895838388988744,0.9602719653757581,-0.17855998879199494,-0.35701731039112117,0.06358102164070771,-8.997435108706487e-05,1.99999999,0.3131490141581227,0.6596643810019891,41,8.406844664200385,23.38153285126931,0.1328493695804134,23.51438222084973
0.895838388988744,0.9602719653757581,-0.17855998879199494,-0.3570173003911212,0.06358102164070771,-8.997435108706487e-05,2.0,0.3131490141581227,0.6596643810019891,41,8.406844665162417,23.3815328531627,0.1328493647198915,23.51438221788259
0.895838388988744,0.9602719653757581,-0.17855997879199495,-0.35701731039112117,0.06358102164070771,-8.997435108706487e-05,2.0,0.3131490141581227,0.6596643810019891,41,8.406844665162417,23.3815328531627,0.1328493647198915,23.51438221788259
0.8957780304482262,0.9602738244996447,-0.17853986583714895,-0.3569971874362752,0.0636248525572732,-0.00013676641192688743,2.0,0.3132279524945055,0.6596335158482732,41,8.406850027677198,23.381543428429538,0.1328416328208018,23.514385061250337
0.8957780304482262,0.9602738244996447,-0.17853986583714895,-0.3569971874362752,0.0636248425572732,-0.00013675641192688743,2.0,0.3132279524945055,0.6596335158482732,41,8.406850027851192,23.38154342872744,0.13284163173685443,23.514385060464296
0.8957780304482262,0.9602738244996447,-0.17853986583714895,-0.3569971874362752,0.0636248425572732,-0.00013676641192688743,2.0,0.3132279524945055,0.6596335158482732,41,8.406850028105909,23.38154342925066,0.13284163227882806,23.514385061529488
0.8957780304482262,0.9602738244996447,-0.17853986583714895,-0.3569971874362752,0.0636248425572732,-0.00013676641192688743,2.0,0.3132279624945055,0.6596335158482732,41,8.406850028241903,23.381543429485518,0.13284163197125815,23.514385061456778
0.8957780304482262,0.9602738244996447,-0.17853986583714895,-0.3569971874362752,0.0636248425572732,-0.00013676641192688743,2.0,0.3132279524945055,0.6596335258482733,41,8.406850028267838,23.381543429573718,0.13284163197125815,23.514385061544974
0.8957780304482262,0.9602738344996448,-0.17853986583714895,-0.3569971874362752,0.0636248425572732,-0.00013676641192688743,2.0,0.3132279524945055,0.6596335158482732,41,8.40685002872138,23.381543430505303,0.1328416310552689,23.514385061560574
0.8957780404482263,0.9602738244996447,-0.17853986583714895,-0.3569971874362752,0.0636248425572732,-0.00013676641192688743,2.0,0.3132279524945055,0.6596335158482732,41,8.40685002872138,23.381543430505303,0.1328416310552689,23.514385061560574
0.8957780304482262,0.9602738244996447,-0.17853986583714895,-0.3569971874362752,0.0636248425572732,-0.00013676641192688743,1.99999999,0.3132279524945055,0.6596335158482732,41,8.406850029399964,23.38154343188335,0.13284163258639817,23.51438506446975
0.8957780304482262,0.9602738244996447,-0.17853985583714896,-0.3569971874362752,0.0636248425572732,-0.00013676641192688743,2.0,0.3132279524945055,0.6596335158482732,41,8.406850030362415,23.381543433777594,0.13284162772676314,23.514385061504353
0.8957780304482262,0.9602738244996447,-0.17853986583714895,-0.3569971774362752,0.0636248425572732,-0.00013676641192688743,2.0,0.3132279524945055,0.6596335158482732,41,8.406850030362415,23.381543433777594,0.13284162772676314,23.514385061504353
0.8956674907188327,0.9602772292713568,-0.17850301295826568,-0.3569603345573919,0.06370510552922,-0.00022246069311107971,2.0,0.3133725189844782,0.6595769898668601,41,8.406859867885284,23.38156283515731,0.13282749940444216,23.514390334561753
0.8956674907188327,0.9602772292713568,-0.17850301295826568,-0.3569603345573919,0.06370509552922,-0.00022245069311107972,2.0,0.3133725189844782,0.6595769898668601,41,8.406859868059705,23.381562835456087,0.1328274983176737,23.51439033377376
0.8956674907188327,0.9602772292713568,-0.17850301295826568,-0.3569603345573919,0.06370509552922,-0.00022246069311107971,2.0,0.3133725189844782,0.6595769898668601,41,8.406859868314243,23.38156283597894,0.13282749886105788,23.514390334839995
0.8956674907188327,0.9602772292713568,-0.17850301295826568,-0.3569603345573919,0.06370509552922,-0.00022246069311107971,2.0,0.3133725289844782,0.6595769898668601,41,8.406859868451505,23.38156283621639,0.13282749855448572,23.51439033477087
0.8956674907188327,0.9602772292713568,-0.17850301295826568,-0.3569603345573919,0.06370509552922,-0.00022246069311107971,2.0,0.3133725189844782,0.6595769998668601,41,8.40685986847641,23.381562836302464,0.1328274985544857,23.514390334856948
0.8956675007188327,0.9602772292713568,-0.17850301295826568,-0.3569603345573919,0.06370509552922,-0.00022246069311107971,2.0,0.3133725189844782,0.6595769898668601,41,8.406859868929725,23.38156283723359,0.13282749763658805,23.514390334870182
0.8956674907188327,0.9602772392713569,-0.17850301295826568,-0.3569603345573919,0.06370509552922,-0.00022246069311107971,2.0,0.3133725189844782,0.6595769898668601,41,8.406859868929725,23.38156283723359,0.13282749763658805,23.514390334870182
0.8956674907188327,0.9602772292713568,-0.17850301295826568,-0.3569603345573919,0.06370509552922,-0.00022246069311107971,1.99999999,0.3133725189844782,0.6595769898668601,41,8.406859869608258,23.381562838611533,0.13282749916763018,23.514390337779165
0.8956674907188327,0.9602772292713568,-0.17850301295826568,-0.3569603245573919,0.06370509552922,-0.00022246069311107971,2.0,0.3133725189844782,0.6595769898668601,41,8.406859870571473,23.38156284050733,0.13282749430961946,23.514390334816948
0.8956674907188327,0.9602772292713568,-0.17850300295826568,-0.3569603345573919,0.06370509552922,-0.00022246069311107971,2.0,0.3133725189844782,0.6595769898668601,41,8.406859870571473,23.38156284050733,0.13282749430961946,23.514390334816948
0.8956498972000198,0.9607964997309782,-0.1784803561191628,-0.35693767771828905,0.0656663215238838,-0.0027955360384883743,2.0,0.3141737545432658,0.6574752138573002,41,8.406858886704358,23.38157004772,0.13304150778356488,23.514611555503567
0.8956498972000198,0.9607964997309782,-0.1784803561191628,-0.35693767771828905,0.0656663115238838,-0.0027955260384883744,2.0,0.3141737545432658,0.6574752138573002,41,8.406858886878126,23.381570048017004,0.13304150661971348,23.514611554636716
0.8956498972000198,0.9607964997309782,-0.1784803561191628,-0.35693767771828905,0.0656663115238838,-0.0027955360384883743,2.0,0.3141737545432658,0.6574752138573002,41,8.406858887136066,23.38157004854679,0.1330415072016391,23.51461155574843
0.8956498972000198,0.9607964997309782,-0.1784803561191628,-0.35693767771828905,0.0656663115238838,-0.0027955360384883743,2.0,0.3141737645432658,0.6574752138573002,41,8.406858887274362,23.381570048786187,0.1330415068803275,23.51461155566652
0.8956498972000198,0.9607964997309782,-0.1784803561191628,-0.35693767771828905,0.0656663115238838,-0.0027955360384883743,2.0,0.3141737545432658,0.6574752238573003,41,8.406858887303741,23.38157004888121,0.1330415068803275,23.514611555761537
0.8956498972000198,0.9607965097309783,-0.1784803561191628,-0.35693767771828905,0.0656663115238838,-0.0027955360384883743,2.0,0.3141737545432658,0.6574752138573002,41,8.406858887751962,23.381570049802395,0.13304150598143352,23.514611555783823
0.8956499072000198,0.9607964997309782,-0.1784803561191628,-0.35693767771828905,0.0656663115238838,-0.0027955360384883743,2.0,0.3141737545432658,0.6574752138573002,41,8.406858887751962,23.381570049802395,0.13304150598143352,23.514611555783823
0.8956498972000198,0.9607964997309782,-0.1784803561191628,-0.35693767771828905,0.0656663115238838,-0.0027955360384883743,1.99999999,0.3141737545432658,0.6574752138573002,41,8.406858888431513,23.381570051182457,0.13304150752295088,23.514611558705404
0.8956498972000198,0.9607964997309782,-0.1784803561191628,-0.35693766771828905,0.0656663115238838,-0.0027955360384883743,2.0,0.3141737545432658,0.6574752138573002,41,8.406858889389813,23.381570053068135,0.13304150265058584,23.514611555718716
0.8956498972000198,0.9607964997309782,-0.1784803461191628,-0.35693767771828905,0.0656663115238838,-0.0027955360384883743,2.0,0.3141737545432658,0.6574752138573002,41,8.406858889389813,23.381570053068135,0.13304150265058584,23.514611555718716
0.895542950367084,0.9602814735387881,-0.17846036649748068,-0.3569176880966069,0.06380514603234311,-0.00032928413897825187,2.0,0.3135527304338585,0.6595065265870224,41,8.406871489102517,23.381585759758316,0.13281131909193133,23.514397078850248
0.895542950367084,0.9602814735387881,-0.17846036649748068,-0.3569176880966069,0.06380513603234311,-0.00032927413897825187,2.0,0.3135527304338585,0.6595065265870224,41,8.406871489277446,23.38158576005813,0.13281131800164614,23.514397078059773
0.895542950367084,0.9602814735387881,-0.17846036649748068,-0.3569176880966069,0.06380513603234311,-0.00032928413897825187,2.0,0.3135527304338585,0.6595065265870224,41,8.406871489531774,23.38158576058055,0.1328113185467887,23.51439707912733
0.895542950367084,0.9602814735387881,-0.17846036649748068,-0.3569176880966069,0.06380513603234311,-0.00032928413897825187,2.0,0.3135527404338585,0.6595065265870224,41,8.406871489670591,23.381585760821164,0.13281131824146036,23.51439707906262
0.895542950367084,0.9602814735387881,-0.17846036649748068,-0.3569176880966069,0.06380513603234311,-0.00032928413897825187,2.0,0.3135527304338585,0.6595065365870224,41,8.406871489694236,23.38158576090466,0.13281131824146036,23.514397079146114
0.895542960367084,0.9602814735387881,-0.17846036649748068,-0.3569176880966069,0.06380513603234311,-0.00032928413897825187,2.0,0.3135527304338585,0.6595065265870224,41,8.40687149014727,23.381585761835222,0.13281131732129636,23.51439707915652
0.895542950367084,0.9602814835387882,-0.17846036649748068,-0.3569176880966069,0.06380513603234311,-0.00032928413897825187,2.0,0.3135527304338585,0.6595065265870224,41,8.40687149014727,23.381585761835222,0.13281131732129636,23.51439707915652
0.895542950367084,0.9602814735387881,-0.17846036649748068,-0.3569176880966069,0.06380513603234311,-0.00032928413897825187,1.99999999,0.3135527304338585,0.6595065265870224,41,8.40687149082575,23.38158576321304,0.1328113188521172,23.514397082065155
0.895542950367084,0.9602814735387881,-0.17846036649748068,-0.3569176780966069,0.06380513603234311,-0.00032928413897825187,2.0,0.3135527304338585,0.6595065265870224,41,8.406871491789873,23.381585765110685,0.13281131399607526,23.514397079106764
0.895542950367084,0.9602814735387881,-0.17846035649748068,-0.3569176880966069,0.06380513603234311,-0.00032928413897825187,2.0,0.3135527304338585,0.6595065265870224,41,8.406871491789873,23.381585765110685,0.13281131399607526,23.514397079106764
0.8954962313752741,0.9609673818963674,-0.1781186829246887,-0.3565760045238149,0.06536301614454293,-0.004365356819007533,2.0,0.3140518345009433,0.6579981686099248,41,8.40708365048831,23.38202208460154,0.1327720196842774,23.514794104285812
0.8954962313752741,0.9609673818963674,-0.1781186829246887,-0.3565760045238149,0.06536300614454293,-0.004365346819007533,2.0,0.3140518345009433,0.6579981686099248,41,8.407083650660365,23.382022084895134,0.13277201849889525,23.514794103394024
0.8954962313752741,0.9609673818963674,-0.1781186829246887,-0.3565760045238149,0.06536300614454293,-0.004365356819007533,2.0,0.3140518345009433,0.6579981686099248,41,8.407083650918771,23.382022085425803,0.13277201909158629,23.514794104517392
0.8954962313752741,0.9609673818963674,-0.1781186829246887,-0.3565760045238149,0.06536300614454293,-0.004365356819007533,2.0,0.3140518445009433,0.6579981686099248,41,8.40708365105732,23.382022085665646,0.1327720187748197,23.514794104440465
0.8954962313752741,0.9609673818963674,-0.1781186829246887,-0.3565760045238149,0.06536300614454293,-0.004365356819007533,2.0,0.3140518345009433,0.6579981786099248,41,8.407083651085252,23.382022085757768,0.1327720187748197,23.51479410453259
0.8954962413752742,0.9609673818963674,-0.1781186829246887,-0.3565760045238149,0.06536300614454293,-0.004365356819007533,2.0,0.3140518345009433,0.6579981686099248,41,8.407083651534753,23.38202208668157,0.13277201787152704,23.514794104553093
0.8954962313752741,0.9609673918963675,-0.1781186829246887,-0.3565760045238149,0.06536300614454293,-0.004365356819007533,2.0,0.3140518345009433,0.6579981686099248,41,8.407083651534753,23.38202208668157,0.13277201787152704,23.514794104553093
0.8954962313752741,0.9609673818963674,-0.1781186829246887,-0.3565760045238149,0.06536300614454293,-0.004365356819007533,1.99999999,0.3140518345009433,0.6579981686099248,41,8.407083652214467,23.382022088061944,0.13277201940835298,23.5147941074703
0.8954962313752741,0.9609673818963674,-0.1781186729246887,-0.3565760045238149,0.06536300614454293,-0.004365356819007533,2.0,0.3140518345009433,0.6579981686099248,41,8.407083653173233,23.382022089948446,0.13277201454668144,23.514794104495127
0.8954962313752741,0.9609673818963674,-0.1781186829246887,-0.3565759945238149,0.06536300614454293,-0.004365356819007533,2.0,0.3140518345009433,0.6579981686099248,41,8.407083653173233,23.382022089948446,0.13277201454668144,23.514794104495127
0.8923292784237402,0.9603800506809415,-0.17739008519851251,-0.35584740679763877,0.06612868173245691,-0.0028103601265321134,2.0,0.31773831250444307,0.657869949989155,41,8.407165705475611,23.382166619057926,0.13242261856048163,23.51458923761841
0.8923292784237402,0.9603800506809415,-0.17739008519851251,-0.35584740679763877,0.06612867173245691,-0.0028103501265321134,2.0,0.31773831250444307,0.657869949989155,41,8.407165705662829,23.38216661938276,0.1324226173885181,23.514589236771275
0.8923292784237402,0.9603800506809415,-0.17739008519851251,-0.35584740679763877,0.06612867173245691,-0.0028103601265321134,2.0,0.31773831250444307,0.657869949989155,41,8.407165705912002,23.38216661989457,0.13242261797449978,23.514589237869068
0.8923292784237402,0.9603800506809415,-0.17739008519851251,-0.35584740679763877,0.06612867173245691,-0.0028103601265321134,2.0,0.31773832250444306,0.657869949989155,41,8.407165706086865,23.382166620208746,0.13242261769806016,23.514589237906808
0.8923292784237402,0.9603800506809415,-0.17739008519851251,-0.35584740679763877,0.06612867173245691,-0.0028103601265321134,2.0,0.31773831250444307,0.6578699599891551,41,8.407165706081397,23.382166620232418,0.13242261769806016,23.514589237930473
0.8923292784237402,0.9603800606809415,-0.17739008519851251,-0.35584740679763877,0.06612867173245691,-0.0028103601265321134,2.0,0.31773831250444307,0.657869949989155,41,8.407165706527838,23.382166621149693,0.13242261672252914,23.514589237872226
0.8923292884237403,0.9603800506809415,-0.17739008519851251,-0.35584740679763877,0.06612867173245691,-0.0028103601265321134,2.0,0.31773831250444307,0.657869949989155,41,8.407165706527838,23.382166621149693,0.13242261672252914,23.514589237872226
0.8923292784237402,0.9603800506809415,-0.17739008519851251,-0.35584740679763877,0.06612867173245691,-0.0028103601265321134,1.99999999,0.31773831250444307,0.657869949989155,41,8.407165707204815,23.382166622524206,0.13242261825093957,23.51458924077515
0.8923292784237402,0.9603800506809415,-0.17739007519851252,-0.35584740679763877,0.06612867173245691,-0.0028103601265321134,2.0,0.31773831250444307,0.657869949989155,41,8.407165708190663,23.382166624466127,0.13242261344198114,23.51458923790811
0.8923292784237402,0.9603800506809415,-0.17739008519851251,-0.35584739679763877,0.06612867173245691,-0.0028103601265321134,2.0,0.31773831250444307,0.657869949989155,41,8.407165708190664,23.382166624466127,0.13242261344198114,23.51458923790811
0.8922964779125742,0.9603846815045216,-0.17736916500036382,-0.35582648659949007,0.06623783364814792,-0.0029269127566480153,2.0,0.3179349371146282,0.6577930691085112,41,8.407173793501347,23.382182648802317,0.13241712762697147,23.51459977642929
0.8922964779125742,0.9603846815045216,-0.17736916500036382,-0.35582648659949007,0.06623782364814793,-0.0029269027566480154,2.0,0.3179349371146282,0.6577930691085112,41,8.407173793688948,23.38218264912793,0.13241712645117096,23.5145997755791
0.8922964779125742,0.9603846815045216,-0.17736916500036382,-0.35582648659949007,0.06623782364814793,-0.0029269127566480153,2.0,0.3179349371146282,0.6577930691085112,41,8.407173793937993,23.38218264963947,0.13241712703907116,23.514599776678544
0.8922964779125742,0.9603846815045216,-0.17736916500036382,-0.35582648659949007,0.06623782364814793,-0.0029269127566480153,2.0,0.3179349471146282,0.6577930691085112,41,8.407173794114282,23.38218264995656,0.13241712676398865,23.51459977672055
0.8922964779125742,0.9603846815045216,-0.17736916500036382,-0.35582648659949007,0.06623782364814793,-0.0029269127566480153,2.0,0.3179349371146282,0.6577930791085113,41,8.40717379410771,23.382182649977953,0.13241712676398865,23.514599776741942
0.8922964779125742,0.9603846915045217,-0.17736916500036382,-0.35582648659949007,0.06623782364814793,-0.0029269127566480153,2.0,0.3179349371146282,0.6577930691085112,41,8.407173794553849,23.382182650894634,0.1324171257868611,23.514599776681496
0.8922964879125742,0.9603846815045216,-0.17736916500036382,-0.35582648659949007,0.06623782364814793,-0.0029269127566480153,2.0,0.3179349371146282,0.6577930691085112,41,8.407173794553849,23.382182650894634,0.1324171257868611,23.514599776681496
0.8922964779125742,0.9603846815045216,-0.17736916500036382,-0.35582648659949007,0.06623782364814793,-0.0029269127566480153,1.99999999,0.3179349371146282,0.6577930691085112,41,8.40717379523084,23.38218265226917,0.13241712731415384,23.51459977958332
0.8922964779125742,0.9603846815045216,-0.17736915500036382,-0.35582648659949007,0.06623782364814793,-0.0029269127566480153,2.0,0.3179349371146282,0.6577930691085112,41,8.407173796217311,23.382182654212354,0.13241712250690815,23.514599776719265
0.8922964779125742,0.9603846815045216,-0.17736916500036382,-0.35582647659949007,0.06623782364814793,-0.0029269127566480153,2.0,0.3179349371146282,0.6577930691085112,41,8.407173796217311,23.382182654212354,0.13241712250690815,23.514599776719265
0.8658959699027858,0.9926422619565157,-0.16755949729643593,-0.34601681889556274,0.20344430360293742,-0.17846876003681852,2.0,0.3994885613187406,0.5174777255565899,41,8.407814120273065,23.384331845769115,0.18649954093744112,23.570831386706544
0.8658959699027858,0.9926422619565157,-0.16755949729643593,-0.34601681889556274,0.20344429360293742,-0.17846875003681853,2.0,0.3994885613187406,0.5174777255565899,41,8.407814120353823,23.384331845834673,0.1864995344449192,23.570831380279593
0.8658959699027858,0.9926422619565157,-0.16755949729643593,-0.34601681889556274,0.20344429360293742,-0.17846876003681852,2.0,0.3994885613187406,0.5174777255565899,41,8.407814120901824,23.38433184695915,0.18649953769118016,23.57083138465033
0.8658959699027858,0.9926422619565157,-0.16755949729643593,-0.34601681889556274,0.20344429360293742,-0.17846876003681852,2.0,0.3994885713187406,0.5174777255565899,41,8.407814121226274,23.384331847567182,0.18649953675013145,23.570831384317316
0.8658959699027858,0.9926422619565157,-0.16755949729643593,-0.34601681889556274,0.20344429360293742,-0.17846876003681852,2.0,0.3994885613187406,0.5174777355565899,41,8.407814121523117,23.384331848181667,0.18649953675013145,23.570831384931807
0.8658959799027859,0.9926422619565157,-0.16755949729643593,-0.34601681889556274,0.20344429360293742,-0.17846876003681852,2.0,0.3994885613187406,0.5174777255565899,41,8.407814121551425,23.384331848290962,0.18649953648875509,23.57083138477972
0.8658959699027858,0.9926422719565158,-0.16755949729643593,-0.34601681889556274,0.20344429360293742,-0.17846876003681852,2.0,0.3994885613187406,0.5174777255565899,41,8.407814121551425,23.384331848290962,0.18649953648875509,23.57083138477972
0.8658959699027858,0.9926422619565157,-0.16755949729643593,-0.34601681889556274,0.20344429360293742,-0.17846876003681852,1.99999999,0.3994885613187406,0.5174777255565899,41,8.407814122287617,23.384331849790325,0.1864995386322289,23.570831388422558
0.8658959699027858,0.9926422619565157,-0.16755949729643593,-0.34601680889556274,0.20344429360293742,-0.17846876003681852,2.0,0.3994885613187406,0.5174777255565899,41,8.407814122959932,23.38433185108167,0.18649953332578148,23.57083138440745
0.8658959699027858,0.9926422619565157,-0.16755948729643594,-0.34601681889556274,0.20344429360293742,-0.17846876003681852,2.0,0.3994885613187406,0.5174777255565899,41,8.407814122959932,23.38433185108167,0.18649953332578148,23.57083138440745
0.8990803282521543,0.926479112389324,-0.16784390906868593,-0.34630123066781193,-0.010957474433259055,0.044384230802878365,2.0,0.2543844764238699,0.7970006549235094,41,8.411956279313225,23.391666344051483,0.12807715570939487,23.519743499760875
0.8990803282521543,0.926479112389324,-0.16784390906868593,-0.34630123066781193,-0.010957474433259055,0.04438422080287836,2.0,0.2543844864238699,0.7970006549235094,41,8.411956279351882,23.39166634409199,0.12807715582135532,23.519743499913353
0.8990803282521543,0.926479112389324,-0.16784390906868593,-0.34630123066781193,-0.010957464433259055,0.04438422080287836,2.0,0.2543844764238699,0.7970006549235094,41,8.41195627932658,23.391666344117105,0.12807715476858605,23.519743498885695
0.8990803282521543,0.926479112389324,-0.16784390906868593,-0.34630123066781193,-0.010957474433259055,0.04438422080287836,2.0,0.2543844764238699,0.7970006649235094,41,8.41195627949908,23.39166634443415,0.12807715582135532,23.5197435002555
0.8990803282521543,0.926479112389324,-0.16784390906868593,-0.34630123066781193,-0.010957474433259055,0.04438422080287836,2.0,0.2543844764238699,0.7970006549235094,41,8.411956279513928,23.391666344462703,0.1280771552389904,23.51974349970169
0.8990803282521543,0.9264791223893241,-0.16784390906868593,-0.34630123066781193,-0.010957474433259055,0.04438422080287836,2.0,0.2543844764238699,0.7970006549235094,41,8.411956280119059,23.39166634569469,0.12807715375624568,23.51974349945094
0.8990803382521544,0.926479112389324,-0.16784390906868593,-0.34630123066781193,-0.010957474433259055,0.04438422080287836,2.0,0.2543844764238699,0.7970006549235094,41,8.411956280119059,23.39166634569469,0.12807715375624568,23.51974349945094
0.8990803282521543,0.926479112389324,-0.16784390906868593,-0.34630123066781193,-0.010957474433259055,0.04438422080287836,1.99999999,0.2543844764238699,0.7970006549235094,41,8.411956280760183,23.391666346995788,0.12807715465662567,23.519743501652414
0.8990803282521543,0.926479112389324,-0.16784390906868593,-0.34630122066781194,-0.010957474433259055,0.04438422080287836,2.0,0.2543844764238699,0.7970006549235094,41,8.411956281753943,23.391666348951006,0.12807715086875676,23.519743499819764
0.8990803282521543,0.926479112389324,-0.16784389906868594,-0.34630123066781193,-0.010957474433259055,0.04438422080287836,2.0,0.2543844764238699,0.7970006549235094,41,8.411956281753943,23.391666348951006,0.12807715086875676,23.519743499819764
0.8013798991321807,0.9631814133723892,-0.14706843995902272,-0.3255257615581508,0.13215885952379805,-0.07331751375622875,2.0,0.43668407618150296,0.611361758304805,41,8.41956817201121,23.40693316724117,0.13773190239926242,23.544665069640434
0.8013798991321807,0.9631814133723892,-0.14706843995902272,-0.3255257615581508,0.13215884952379806,-0.07331750375622875,2.0,0.43668407618150296,0.611361758304805,41,8.419568172498428,23.406933168171626,0.13773189890616425,23.544665067077787
0.8013798991321807,0.9631814133723892,-0.14706843995902272,-0.3255257615581508,0.13215884952379806,-0.07331751375622875,2.0,0.43668407618150296,0.611361758304805,41,8.419568172633289,23.406933168450173,0.1377319006527133,23.544665069102884
0.8013798991321807,0.9631814133723892,-0.14706843995902272,-0.3255257615581508,0.13215884952379806,-0.07331751375622875,2.0,0.43668407618150296,0.611361768304805,41,8.419568173047944,23.40693316927515,0.1377319011972328,23.544665070472384
0.8013799091321807,0.9631814133723892,-0.14706843995902272,-0.3255257615581508,0.13215884952379806,-0.07331751375622875,2.0,0.43668407618150296,0.611361758304805,41,8.419568173259858,23.406933169722688,0.1377318986514845,23.544665068374176
0.8013798991321807,0.9631814233723892,-0.14706843995902272,-0.3255257615581508,0.13215884952379806,-0.07331751375622875,2.0,0.43668407618150296,0.611361758304805,41,8.419568173259858,23.406933169722688,0.1377318986514845,23.544665068374176
0.8013798991321807,0.9631814133723892,-0.14706843995902272,-0.3255257615581508,0.13215884952379806,-0.07331751375622875,2.0,0.43668408618150295,0.611361758304805,41,8.419568173414383,23.406933169998457,0.1377319011972328,23.544665071195688
0.8013798991321807,0.9631814133723892,-0.14706843995902272,-0.3255257615581508,0.13215884952379806,-0.07331751375622875,1.99999999,0.43668407618150296,0.611361758304805,41,8.419568173894195,23.406933171005942,0.13773190010819386,23.54466507111414
0.8013798991321807,0.9631814133723892,-0.14706842995902272,-0.3255257615581508,0.13215884952379806,-0.07331751375622875,2.0,0.43668407618150296,0.611361758304805,41,8.41956817522849,23.40693317365539,0.13773189663566265,23.54466507029105
0.8013798991321807,0.9631814133723892,-0.14706843995902272,-0.3255257515581508,0.13215884952379806,-0.07331751375622875,2.0,0.43668407618150296,0.611361758304805,41,8.41956817522849,23.40693317365539,0.13773189663566265,23.54466507029105
0.801623212583151,0.9632672574056537,-0.1468921459397226,-0.32534946753885063,0.1341822664878768,-0.07547811168953325,2.0,0.44032901088594034,0.6099365766365351,41,8.419809646576589,23.4074219104243,0.13838635197876953,23.545808262403067
0.801623212583151,0.9632672574056537,-0.1468921459397226,-0.32534946753885063,0.1341822564878768,-0.07547810168953326,2.0,0.44032901088594034,0.6099365766365351,41,8.419809647066955,23.40742191136084,0.13838634841454325,23.545808259775384
0.801623212583151,0.9632672574056537,-0.1468921459397226,-0.32534946753885063,0.1341822564878768,-0.07547811168953325,2.0,0.44032901088594034,0.6099365766365351,41,8.419809647202023,23.407421911639815,0.13838635019665635,23.54580826183647
0.801623212583151,0.9632672574056537,-0.1468921459397226,-0.32534946753885063,0.1341822564878768,-0.07547811168953325,2.0,0.44032901088594034,0.6099365866365352,41,8.419809647624756,23.407421912480828,0.13838635076633307,23.545808263247157
0.801623212583151,0.9632672674056537,-0.1468921459397226,-0.32534946753885063,0.1341822564878768,-0.07547811168953325,2.0,0.44032901088594034,0.6099365766365351,41,8.419809647829029,23.407421912913225,0.13838634819822537,23.54580826111146
0.801623222583151,0.9632672574056537,-0.1468921459397226,-0.32534946753885063,0.1341822564878768,-0.07547811168953325,2.0,0.44032901088594034,0.6099365766365351,41,8.419809647829029,23.407421912913225,0.13838634819822537,23.54580826111146
0.801623212583151,0.9632672574056537,-0.1468921459397226,-0.32534946753885063,0.1341822564878768,-0.07547811168953325,2.0,0.44032902088594034,0.6099365766365351,41,8.419809647990709,23.40742191320348,0.13838635076633307,23.545808263969818
0.801623212583151,0.9632672574056537,-0.1468921459397226,-0.32534946753885063,0.1341822564878768,-0.07547811168953325,1.99999999,0.44032901088594034,0.6099365766365351,41,8.41980964846429,23.407421914198334,0.1383863496269797,23.545808263825315
0.801623212583151,0.9632672574056537,-0.1468921459397226,-0.32534945753885064,0.1341822564878768,-0.07547811168953325,2.0,0.44032901088594034,0.6099365766365351,41,8.41980964979532,23.407421916841187,0.13838634618260268,23.545808263023794
0.801623212583151,0.9632672574056537,-0.1468921359397226,-0.32534946753885063,0.1341822564878768,-0.07547811168953325,2.0,0.44032901088594034,0.6099365766365351,41,8.41980964979532,23.407421916841187,0.13838634618260268,23.545808263023794
0.8986213135070491,0.92732042461708,-0.13786211584747288,-0.31631943744659885,-0.04756676651419819,0.046880887774455926,2.0,0.19618000460180954,0.8548049128965433,41,8.427436327301114,23.42283433203687,0.10580947490452118,23.528643806941396
0.8986213135070491,0.92732042461708,-0.13786211584747288,-0.31631943744659885,-0.04756676651419819,0.04688089777445593,2.0,0.19617999460180954,0.8548049128965433,41,8.427436327504076,23.42283433249095,0.10580947512949729,23.528643807620444
0.8986213135070491,0.92732042461708,-0.13786211584747288,-0.31631943744659885,-0.047566756514198186,0.046880887774455926,2.0,0.19617999460180954,0.8548049128965433,41,8.427436327534345,23.422834332589243,0.10580947352388718,23.528643806113138
0.8986213135070491,0.92732042461708,-0.13786211584747288,-0.31631943744659885,-0.04756676651419819,0.046880887774455926,2.0,0.19617999460180954,0.8548049228965433,41,8.427436327589737,23.422834332673602,0.10580947490452118,23.52864380757812
0.8986213135070491,0.92732042461708,-0.13786211584747288,-0.31631943744659885,-0.04756676651419819,0.046880887774455926,2.0,0.19617999460180954,0.8548049128965433,41,8.427436327657643,23.422834332807835,0.10580947432669219,23.528643807134525
0.8986213235070492,0.92732042461708,-0.13786211584747288,-0.31631943744659885,-0.04756676651419819,0.046880887774455926,2.0,0.19617999460180954,0.8548049128965433,41,8.427436328261159,23.422834334035173,0.105809472847197,23.52864380688237
0.8986213135070491,0.92732043461708,-0.13786211584747288,-0.31631943744659885,-0.04756676651419819,0.046880887774455926,2.0,0.19617999460180954,0.8548049128965433,41,8.427436328261159,23.422834334035173,0.105809472847197,23.52864380688237
0.8986213135070491,0.92732042461708,-0.13786211584747288,-0.31631943744659885,-0.04756676651419819,0.046880887774455926,1.99999999,0.19617999460180954,0.8548049128965433,41,8.427436328900814,23.42283433533223,0.10580947374886328,23.528643809081096
0.8986213135070491,0.92732042461708,-0.13786211584747288,-0.31631942744659886,-0.04756676651419819,0.046880887774455926,2.0,0.19617999460180954,0.8548049128965433,41,8.427436329976475,23.422834337437113,0.10580947046614902,23.52864380790326
0.8986213135070491,0.92732042461708,-0.13786210584747288,-0.31631943744659885,-0.04756676651419819,0.046880887774455926,2.0,0.19617999460180954,0.8548049128965433,41,8.427436329976475,23.422834337437113,0.10580947046614902,23.52864380790326
0.637887442484498,-0.0032967906445264816,-0.12459914945065975,-0.3030564710497856,-0.09040029346942902,0.34154125303030014,1.0243303989677375,0.11325481741581857,1.2490467170522064,41,8.436827708401442,23.44155471423297,1.162558896432681,24.60411361066565
0.637887442484498,-0.0032967906445264816,-0.12459914945065975,-0.3030564710497856,-0.09040029346942902,0.34154125303030014,1.0243303889677375,0.11325482741581856,1.2490467170522064,41,8.43682770875961,23.44155471489162,1.162558896432681,24.6041136113243
0.637887442484498,-0.0032967906445264816,-0.12459914945065975,-0.3030564710497856,-0.09040029346942902,0.34154126303030014,1.0243303889677375,0.11325481741581857,1.2490467170522064,41,8.436827709596487,23.44155471664481,1.1625589070556888,24.604113623700503
0.637887442484498,-0.0032967906445264816,-0.12459914945065975,-0.3030564710497856,-0.09040029346942902,0.34154125303030014,1.0243303889677375,0.11325481741581857,1.2490467270522063,41,8.436827709688552,23.441554716834023,1.162558896432681,24.6041136132667
0.637887442484498,-0.0032967906445264816,-0.12459914945065975,-0.3030564710497856,-0.09040029346942902,0.34154125303030014,1.0243303889677375,0.11325481741581857,1.2490467170522064,41,8.436827709694835,23.441554716843992,1.1625589033841854,24.604113620228176
0.637887442484498,-0.0032967906445264816,-0.12459914945065975,-0.3030564710497856,-0.09040029346942902,0.34154125303030014,1.0243303889677375,0.11325481741581857,1.2490467170522064,41,8.436827709694835,23.441554716843992,1.1625589033841854,24.604113620228176
0.637887442484498,-0.0032967906445264816,-0.12459914945065975,-0.3030564710497856,-0.09040028346942902,0.34154125303030014,1.0243303889677375,0.11325481741581857,1.2490467170522064,41,8.436827709915994,23.441554717306413,1.1625588997126823,24.604113617019095
0.637887442484498,-0.0032967806445264817,-0.12459914945065975,-0.3030564710497856,-0.09040029346942902,0.34154125303030014,1.0243303889677375,0.11325481741581857,1.2490467170522064,41,8.436827711544733,23.441554720591313,1.1625588917782061,24.604113612369513
0.6378874524844981,-0.0032967906445264816,-0.12459914945065975,-0.3030564710497856,-0.09040029346942902,0.34154125303030014,1.0243303889677375,0.11325481741581857,1.2490467170522064,41,8.436827711544735,23.441554720591313,1.1625588917782061,24.604113612369513
0.637887442484498,-0.0032967906445264816,-0.12459914945065975,-0.3030564610497856,-0.09040029346942902,0.34154125303030014,1.0243303889677375,0.11325481741581857,1.2490467170522064,41,8.436827711907002,23.44155472124238,1.1625588997491128,24.604113620991498
0.637887442484498,-0.0032967906445264816,-0.12459913945065976,-0.3030564710497856,-0.09040029346942902,0.34154125303030014,1.0243303889677375,0.11325481741581857,1.2490467170522064,41,8.436827711907002,23.44155472124238,1.1625588997491128,24.604113620991498
0.768489766055664,0.2801398462995866,-0.15212970735277204,-0.3305870289518979,0.025340910963253277,0.21630563490252525,1.3692199083478185,0.4343888782021875,1.5001246735814502,41,8.448161637682121,23.46393054024334,0.5607957739833216,24.02472631422666
0.768489766055664,0.2801398462995866,-0.15212970735277204,-0.3305870289518979,0.025340910963253277,0.21630564490252524,1.3692198983478185,0.4343888782021875,1.5001246735814502,41,8.448161639155293,23.46393054321298,0.560795772595005,24.02472631580799
0.768489766055664,0.2801398462995866,-0.15212970735277204,-0.3305870289518979,0.025340910963253277,0.21630563490252525,1.3692198983478185,0.4343888782021875,1.5001246835814501,41,8.448161639197192,23.463930543297444,0.5607957739833216,24.02472631728076
0.768489766055664,0.2801398462995866,-0.15212970735277204,-0.3305870289518979,0.025340910963253277,0.21630563490252525,1.3692198983478185,0.4343888782021875,1.5001246735814502,41,8.448161639198423,23.4639305433001,0.5607957705410093,24.024726313841114
0.768489766055664,0.2801398462995866,-0.15212970735277204,-0.3305870289518979,0.02534092096325328,0.21630563490252525,1.3692198983478185,0.4343888782021875,1.5001246735814502,41,8.448161639417165,23.46393054375048,0.560795772595005,24.02472631634549
0.768489766055664,0.2801398462995866,-0.15212970735277204,-0.3305870289518979,0.025340910963253277,0.21630563490252525,1.3692198983478185,0.4343888882021875,1.5001246735814502,41,8.44816164022001,23.46393054533103,0.5607957739833216,24.024726319314354
0.768489766055664,0.2801398562995866,-0.15212970735277204,-0.3305870289518979,0.025340910963253277,0.21630563490252525,1.3692198983478185,0.4343888782021875,1.5001246735814502,41,8.44816164047834,23.463930545885546,0.5607957624543609,24.024726308339904
0.768489776055664,0.2801398462995866,-0.15212970735277204,-0.3305870289518979,0.025340910963253277,0.21630563490252525,1.3692198983478185,0.4343888782021875,1.5001246735814502,41,8.44816164047834,23.463930545885546,0.5607957624543609,24.024726308339904
0.768489766055664,0.2801398462995866,-0.15212970735277204,-0.3305870189518979,0.025340910963253277,0.21630563490252525,1.3692198983478185,0.4343888782021875,1.5001246735814502,41,8.448161642145974,23.463930549204434,0.5607957664379171,24.024726315642344
0.768489766055664,0.2801398462995866,-0.15212969735277204,-0.3305870289518979,0.025340910963253277,0.21630563490252525,1.3692198983478185,0.4343888782021875,1.5001246735814502,41,8.448161642145974,23.463930549204434,0.5607957664379171,24.024726315642344
0.9110428149606393,0.9698795241613809,-0.10700904585063739,-0.2854663674497634,-0.0492486898118092,-0.010492305382251026,2.0,0.12450344905885244,0.8977538307560249,41,8.449257452417234,23.46701146584582,0.07328952501507677,23.5403009908609
0.9110428149606393,0.9698795241613809,-0.10700904585063739,-0.2854663674497634,-0.0492486898118092,-0.010492295382251026,2.0,0.12450343905885244,0.8977538307560249,41,8.449257452976523,23.467011467035626,0.07328952425502924,23.540300991290653
0.9110428149606393,0.9698795241613809,-0.10700904585063739,-0.2854663674497634,-0.0492486898118092,-0.010492305382251026,2.0,0.12450343905885244,0.8977538407560249,41,8.449257453073752,23.467011467242983,0.07328952501507677,23.54030099225806
0.9110428149606393,0.9698795241613809,-0.10700904585063739,-0.2854663674497634,-0.0492486798118092,-0.010492305382251026,2.0,0.12450343905885244,0.8977538307560249,41,8.449257453085556,23.46701146729867,0.07328952425502924,23.540300991553696
0.9110428149606393,0.9698795241613809,-0.10700904585063739,-0.2854663674497634,-0.0492486898118092,-0.010492305382251026,2.0,0.12450343905885244,0.8977538307560249,41,8.449257453137022,23.467011467368774,0.07328952476282766,23.5403009921316
0.9110428249606394,0.9698795241613809,-0.10700904585063739,-0.2854663674497634,-0.0492486898118092,-0.010492305382251026,2.0,0.12450343905885244,0.8977538307560249,41,8.44925745374678,23.467011468609982,0.07328952375066757,23.540300992360645
0.9110428149606393,0.969879534161381,-0.10700904585063739,-0.2854663674497634,-0.0492486898118092,-0.010492305382251026,2.0,0.12450343905885244,0.8977538307560249,41,8.44925745374678,23.467011468609982,0.07328952375066757,23.540300992360645
0.9110428149606393,0.9698795241613809,-0.10700904585063739,-0.2854663674497634,-0.0492486898118092,-0.010492305382251026,1.99999999,0.12450343905885244,0.8977538307560249,41,8.449257454434452,23.467011470005353,0.07328952451057866,23.54030099451592
0.9110428149606393,0.9698795241613809,-0.1070090358506374,-0.2854663674497634,-0.0492486898118092,-0.010492305382251026,2.0,0.12450343905885244,0.8977538307560249,41,8.449257455338014,23.46701147172842,0.07328952142678667,23.540300993155203
0.9110428149606393,0.9698795241613809,-0.10700904585063739,-0.2854663574497634,-0.0492486898118092,-0.010492305382251026,2.0,0.12450343905885244,0.8977538307560249,41,8.449257455338012,23.46701147172842,0.07328952142678667,23.540300993155203
0.940142950903162,0.47698501641518054,-0.20417382775134665,-0.38263114935047254,-0.01774241208969373,0.1413840390072588,1.4247599134729987,0.35319273602036283,1.4584612941186872,41,8.45022497503356,23.469311463711374,0.3331673537885794,23.802478817499956
0.940142950903162,0.47698501641518054,-0.20417382775134665,-0.38263114935047254,-0.01774241208969373,0.1413840490072588,1.4247599034729987,0.35319273602036283,1.4584612941186872,41,8.450224976870077,23.46931146744257,0.3331673524617962,23.802478819904362
0.940142950903162,0.47698501641518054,-0.20417382775134665,-0.38263114935047254,-0.01774241208969373,0.1413840390072588,1.4247599034729987,0.35319273602036283,1.4584612941186872,41,8.450224977020547,23.469311467749236,0.33316735110922135,23.802478818858457
0.940142950903162,0.47698501641518054,-0.20417382775134665,-0.38263114935047254,-0.01774241208969373,0.1413840390072588,1.4247599034729987,0.35319273602036283,1.4584613041186871,41,8.450224977038912,23.46931146778732,0.3331673537885794,23.8024788215759
0.940142950903162,0.47698501641518054,-0.20417382775134665,-0.38263114935047254,-0.01774240208969373,0.1413840390072588,1.4247599034729987,0.35319273602036283,1.4584612941186872,41,8.450224977299497,23.469311468334396,0.3331673497566466,23.80247881809104
0.940142950903162,0.47698501641518054,-0.20417382775134665,-0.38263114935047254,-0.01774241208969373,0.1413840390072588,1.4247599034729987,0.3531927460203628,1.4584612941186872,41,8.450224977418605,23.469311468485593,0.3331673537885794,23.802478822274168
0.940142950903162,0.47698502641518054,-0.20417382775134665,-0.38263114935047254,-0.01774241208969373,0.1413840390072588,1.4247599034729987,0.35319273602036283,1.4584612941186872,41,8.450224978258264,23.469311470272814,0.33316734615480914,23.802478816427623
0.9401429609031621,0.47698501641518054,-0.20417382775134665,-0.38263114935047254,-0.01774241208969373,0.1413840390072588,1.4247599034729987,0.35319273602036283,1.4584612941186872,41,8.450224978258262,23.469311470272814,0.3331673461548091,23.802478816427623
0.940142950903162,0.47698501641518054,-0.20417381775134666,-0.38263114935047254,-0.01774241208969373,0.1413840390072588,1.4247599034729987,0.35319273602036283,1.4584612941186872,41,8.450224979391942,23.469311472484762,0.3331673461213791,23.802478818606147
0.940142950903162,0.47698501641518054,-0.20417382775134665,-0.38263113935047255,-0.01774241208969373,0.1413840390072588,1.4247599034729987,0.35319273602036283,1.4584612941186872,41,8.450224979391942,23.469311472484762,0.3331673461213791,23.802478818606147
0.9326447272599037,1.0,-0.12275415904282061,-0.30121148064194664,-0.043608427256684214,-0.057191934510582236,2.0,0.06233498004155907,0.9442949065361153,41,8.456115489923521,23.481975680412617,0.08266373952368977,23.564639419936306
0.9326447272599037,0.99999999,-0.12275415904282061,-0.30121148064194664,-0.043608427256684214,-0.057191934510582236,2.0,0.062334970041559065,0.9442949065361153,41,8.456115491312348,23.481975683344864,0.08266374002107099,23.56463942336594
0.9326447272599037,1.0,-0.12275415904282061,-0.30121148064194664,-0.043608427256684214,-0.057191924510582234,2.0,0.062334970041559065,0.9442949065361153,41,8.456115491632183,23.4819756839959,0.08266373859174808,23.56463942258764
0.9326447272599037,1.0,-0.12275415904282061,-0.30121148064194664,-0.043608427256684214,-0.057191934510582236,2.0,0.062334970041559065,0.9442949165361153,41,8.45611549187016,23.48197568449064,0.08266373952368977,23.56463942401433
0.9326447272599037,1.0,-0.12275415904282061,-0.30121148064194664,-0.043608427256684214,-0.057191934510582236,2.0,0.062334970041559065,0.9442949065361153,41,8.456115491927163,23.481975684605402,0.08266373944855113,23.56463942405395
0.9326447272599037,1.0,-0.12275415904282061,-0.30121148064194664,-0.04360841725668421,-0.057191934510582236,2.0,0.062334970041559065,0.9442949065361153,41,8.456115492017197,23.48197568483166,0.08266373859174808,23.5646394234234
0.9326447372599037,1.0,-0.12275415904282061,-0.30121148064194664,-0.043608427256684214,-0.057191934510582236,2.0,0.062334970041559065,0.9442949065361153,41,8.456115492541981,23.48197568586593,0.08266373887603136,23.56463942474196
0.9326447272599037,1.0,-0.12275414904282062,-0.30121148064194664,-0.043608427256684214,-0.057191934510582236,2.0,0.062334970041559065,0.9442949065361153,41,8.456115493019023,23.481975686678357,0.08266373584484324,23.5646394225232
0.9326447272599037,1.0,-0.12275415904282061,-0.30121147064194664,-0.043608427256684214,-0.057191934510582236,2.0,0.062334970041559065,0.9442949065361153,41,8.456115493019023,23.481975686678357,0.08266373584484324,23.5646394225232
0.9326447272599037,1.0,-0.12275415904282061,-0.30121148064194664,-0.043608427256684214,-0.057191934510582236,1.99999999,0.062334970041559065,0.9442949065361153,41,8.456115493271263,23.48197568735471,0.08266373937341256,23.564639426728117
0.2688102200627327,-0.3222965970635414,-0.4936763718724251,0.5376100093126297,0.7502661868929863,-0.8678696826100349,0.8679305804752384,1.9567550097223743,1.0926469091888888,41,8.462865946998011,23.492658477828204,3.833806061749194,27.326464539577398
1.0,0.6752698079804303,-0.20158052059225617,-0.3800378421913821,0.03641123066642796,0.056716521150053115,1.5592462999298828,0.2148529827055369,1.3504561693758526,41,8.461158756285702,23.493290409705875,0.2010623191914442,23.694352728897314
1.0,0.6752698079804303,-0.20158052059225617,-0.3800378421913821,0.03641123066642796,0.056716521150053115,1.559246289929883,0.2148529927055369,1.3504561693758526,41,8.461158757131141,23.493290411317883,0.2010623191914442,23.694352730509333
0.99999999,0.6752698079804303,-0.20158052059225617,-0.3800378421913821,0.03641123066642796,0.056716521150053115,1.559246289929883,0.2148529827055369,1.3504561693758526,41,8.461158757239431,23.49329041165432,0.20106232054002246,23.694352732194346
1.0,0.6752698079804303,-0.20158052059225617,-0.3800378421913821,0.03641123066642796,0.056716531150053116,1.559246289929883,0.2148529827055369,1.3504561693758526,41,8.46115875805225,23.493290413329163,0.20106231857140175,23.694352731900562
1.0,0.6752698079804303,-0.20158052059225617,-0.3800378421913821,0.03641123066642796,0.056716521150053115,1.559246289929883,0.2148529827055369,1.3504561693758526,41,8.461158758303073,23.49329041384583,0.20106231777981579,23.694352731625646
1.0,0.6752698079804303,-0.20158052059225617,-0.3800378421913821,0.03641123066642796,0.056716521150053115,1.559246289929883,0.2148529827055369,1.3504561793758525,41,8.461158758318325,23.493290413875798,0.2010623191914442,23.69435273306724
1.0,0.6752698079804303,-0.20158052059225617,-0.3800378421913821,0.03641124066642796,0.056716521150053115,1.559246289929883,0.2148529827055369,1.3504561693758526,41,8.461158758626885,23.493290414540855,0.20106231857140175,23.69435273311225
1.0,0.6752698179804304,-0.20158052059225617,-0.3800378421913821,0.03641123066642796,0.056716521150053115,1.559246289929883,0.2148529827055369,1.3504561693758526,41,8.461158759366716,23.49329041603734,0.20106231501960917,23.69435273105695
1.0,0.6752698079804303,-0.20158052059225617,-0.3800378321913821,0.03641123066642796,0.056716521150053115,1.559246289929883,0.2148529827055369,1.3504561693758526,41,8.461158759815707,23.493290416796157,0.20106231283605971,23.694352729632215
1.0,0.6752698079804303,-0.20158051059225618,-0.3800378421913821,0.03641123066642796,0.056716521150053115,1.559246289929883,0.2148529827055369,1.3504561693758526,41,8.461158759815707,23.493290416796157,0.20106231283605971,23.694352729632215
-0.052115872502326965,0.6044695973396301,-0.895178772509098,-0.02762758731842041,-0.8609799221158028,0.3359578996896744,0.193431243325215,0.32127146425340714,1.323607349109597,41,8.469670145281311,23.500786390173253,2.626192369779882,26.12697875995314
1.0,0.8765758112787099,-0.13513003562833092,-0.3135873572274569,0.011863600758646306,-0.028740437657553887,1.7696043717303347,0.14466641424687235,1.2132033913094744,41,8.471336655159632,23.51288868859656,0.10195568869890198,23.614844377295466
1.0,0.8765758112787099,-0.13513003562833092,-0.3135873572274569,0.011863600758646306,-0.028740437657553887,1.7696043617303348,0.14466642424687234,1.2132033913094744,41,8.471336655889337,23.512888689988078,0.10195568869890198,23.614844378686975
0.99999999,0.8765758112787099,-0.13513003562833092,-0.3135873572274569,0.011863600758646306,-0.028740437657553887,1.7696043617303348,0.14466641424687235,1.2132033913094744,41,8.47133665609058,23.512888690494943,0.10195568830330032,23.61484437879824
1.0,0.8765758112787099,-0.13513003562833092,-0.3135873572274569,0.011863600758646306,-0.028740427657553885,1.7696043617303348,0.14466641424687235,1.2132033913094744,41,8.471336656702457,23.51288869174535,0.10195568690906037,23.614844378654407
1.0,0.8765758112787099,-0.13513003562833092,-0.3135873572274569,0.011863600758646306,-0.028740437657553887,1.7696043617303348,0.14466641424687235,1.2132034013094743,41,8.471336656911596,23.512888692177235,0.10195568869890198,23.614844380876132
1.0,0.8765758112787099,-0.13513003562833092,-0.3135873572274569,0.011863600758646306,-0.028740437657553887,1.7696043617303348,0.14466641424687235,1.2132033913094744,41,8.471336656914257,23.512888692183626,0.10195568725419467,23.614844379437823
1.0,0.8765758112787099,-0.13513003562833092,-0.3135873572274569,0.011863610758646306,-0.028740437657553887,1.7696043617303348,0.14466641424687235,1.2132033913094744,41,8.471336657172937,23.5128886927445,0.10195568759932903,23.614844380343825
1.0,0.8765758212787099,-0.13513003562833092,-0.3135873572274569,0.011863600758646306,-0.028740437657553887,1.7696043617303348,0.14466641424687235,1.2132033913094744,41,8.471336657737934,23.51288869387232,0.1019556862050891,23.614844380077404
1.0,0.8765758112787099,-0.13513002562833093,-0.3135873572274569,0.011863600758646306,-0.028740437657553887,1.7696043617303348,0.14466641424687235,1.2132033913094744,41,8.47133665873231,23.512888695734087,0.1019556834400969,23.614844379174183
1.0,0.8765758112787099,-0.13513003562833092,-0.3135873472274569,0.011863600758646306,-0.028740437657553887,1.7696043617303348,0.14466641424687235,1.2132033913094744,41,8.47133665873231,23.512888695734087,0.1019556834400969,23.614844379174183
-0.5709684688304619,0.22902632108262644,-0.07964026942121549,-0.853696833713735,0.42588599251315906,-0.9157828204167262,1.0583655086742358,0.05437983913216335,1.3456817447542202,41,8.47422972051486,23.52541001571103,3.6324557307144407,27.157865746425472
1.0,0.7825695147240653,-0.20093133450807366,-0.3793886561071995,0.23050780679270289,-0.0056913897914959155,1.9805830818216927,1.0036423149500826,1.945194216487991,41,8.481377658213216,23.530141061003718,2.2964382396428715,25.826579300646586
0.99999999,0.7825695147240653,-0.20093133450807366,-0.3793886561071995,0.23050780679270289,-0.0056913897914959155,1.9805830718216928,1.0036423149500826,1.945194216487991,41,8.481377658856735,23.530141062297265,2.296438219624278,25.826579281921546
1.0,0.7825695147240653,-0.20093133450807366,-0.3793886561071995,0.23050780679270289,-0.0056913897914959155,1.9805830718216928,1.0036423149500826,1.945194226487991,41,8.481377659464522,23.530141063519597,2.2964382396428715,25.826579303162475
1.0,0.7825695147240653,-0.20093133450807366,-0.3793886561071995,0.23050780679270289,-0.0056913897914959155,1.9805830718216928,1.0036423149500826,1.945194216487991,41,8.481377659480767,23.53014106355338,2.2964382177761187,25.8265792813295
1.0,0.7825695147240653,-0.20093133450807366,-0.3793886561071995,0.23050780679270289,-0.0056913797914959156,1.9805830718216928,1.0036423149500826,1.945194216487991,41,8.48137765948174,23.530141063554737,2.2964382157684256,25.826579279323155
1.0,0.7825695147240653,-0.20093133450807366,-0.3793886561071995,0.23050781679270288,-0.0056913897914959155,1.9805830718216928,1.0036423149500826,1.945194216487991,41,8.481377659643996,23.53014106388479,2.296438219783812,25.826579283668607
1.0,0.7825695247240654,-0.20093133450807366,-0.3793886561071995,0.23050780679270289,-0.0056913897914959155,1.9805830718216928,1.0036423149500826,1.945194216487991,41,8.481377660104798,23.53014106480949,2.2964382159279597,25.826579280737455
1.0,0.7825695147240653,-0.20093133450807366,-0.3793886561071995,0.23050780679270289,-0.0056913897914959155,1.9805830718216928,1.0036423249500825,1.945194216487991,41,8.481377660772228,23.530141066136377,2.2964382396428715,25.82657930577925
1.0,0.7825695147240653,-0.20093133450807366,-0.3793886461071995,0.23050780679270289,-0.0056913897914959155,1.9805830718216928,1.0036423149500826,1.945194216487991,41,8.481377661466652,23.530141067530206,2.296438212843399,25.826579280373608
1.0,0.7825695147240653,-0.20093132450807366,-0.3793886561071995,0.23050780679270289,-0.0056913897914959155,1.9805830718216928,1.0036423149500826,1.945194216487991,41,8.481377661466652,23.530141067530206,2.296438212843399,25.826579280373608
-0.5228899717330933,0.8860032111406326,-0.09320312738418579,0.4442496495321393,-0.04143400024622679,-0.4673964334651828,1.2446038278430893,1.7357946497068002,0.8716865463810433,41,8.56243851508867,23.692058276089522,1.7829716231969588,25.475029899286483
-0.052115872502326965,0.6044695973396301,0.2137991487979889,0.581083133816719,-0.543239563703537,0.5810308083891869,1.719099266501157,1.8530814887630598,1.6454194807943607,41,8.626099513926297,23.819516258275502,4.483113573859737,28.302629832135242
-0.98318050801754,0.5300632789731026,0.25433290004730225,0.2303036004304886,0.28853175044059753,0.8749013245105743,0.26366243425563907,0.5424148854414381,1.6782067906657614,41,8.629299579937465,23.831537266321934,3.38336140669156,27.214898673013497
-0.052115872502326965,0.6044695973396301,0.2137991487979889,0.581083133816719,-0.543239563703537,0.5810308083891869,1.719099266501157,1.8530814887630598,1.323607349109597,41,8.645066737343235,23.857738913724557,3.7329952207000487,27.590734134424608
0.5211344137787819,-0.12004981935024261,-0.24135217815637589,0.7398567870259285,0.9525129646062851,-0.6155454888939857,1.5330773599943774,0.6220017886123317,1.7577936880788463,41,8.737812179211634,24.043435330749762,3.012920444686375,27.05635577543614
0.8569941967725754,0.26588737964630127,0.0945076048374176,0.6319603770971298,-0.661549836397171,-0.27968570590019226,1.2324145586054098,1.7236053795377981,0.8594972790043127,41,8.759108317588563,24.08651962366365,1.3046541961305396,25.391173819794183
-0.052115872502326965,0.6044695973396301,0.2137991487979889,-0.02762758731842041,-0.8609799221158028,0.3359578996896744,0.193431243325215,0.32127146425340714,1.323607349109597,41,8.946251584698333,24.471627139876954,2.289046368528707,26.76067350840566
-0.39397677867210057,1.0,0.25145193919435316,0.07299461759520154,1.0,-1.0,2.0,2.0,0.00010001,41,8.839518075966245,24.550145064887612,3.137365668769232,27.68751073365684
-0.39397677867210057,1.0,0.25145193919435316,0.07299461759520154,1.0,-0.99999999,2.0,2.0,0.0001,41,8.839518085375067,24.550145099884983,3.1373656404347656,27.687510740319752
-0.39397677867210057,1.0,0.25145193919435316,0.07299461759520154,0.99999999,-1.0,2.0,2.0,0.0001,41,8.83951809129671,24.550145113125335,3.1373656404347656,27.687510753560105
-0.39397677867210057,0.99999999,0.25145193919435316,0.07299461759520154,1.0,-1.0,2.0,2.0,0.0001,41,8.839518093809014,24.55014512300339,3.137365669283568,27.68751079228695
-0.39397677867210057,1.0,0.25145194919435315,0.07299461759520154,1.0,-1.0,2.0,2.0,0.0001,41,8.839518094642301,24.550145124863715,3.137365660192561,27.687510785056272
-0.39397677867210057,1.0,0.25145193919435316,0.07299462759520153,1.0,-1.0,2.0,2.0,0.0001,41,8.839518094642301,24.550145124863715,3.137365660192561,27.687510785056272
-0.39397677867210057,1.0,0.25145193919435316,0.07299461759520154,1.0,-1.0,2.0,1.99999999,0.0001,41,8.839518094629765,24.550145124997524,3.1373656461002986,27.687510771097827
-0.39397677867210057,1.0,0.25145193919435316,0.07299461759520154,1.0,-1.0,2.0,2.0,0.0001,41,8.83951809463188,24.550145125106763,3.1373656574347653,27.68751078254152
-0.39397677867210057,1.0,0.25145193919435316,0.07299461759520154,1.0,-1.0,1.99999999,2.0,0.0001,41,8.839518095257862,24.55014512665073,3.1373656461002986,27.687510772751033
-0.3939767686721006,1.0,0.25145193919435316,0.07299461759520154,1.0,-1.0,2.0,2.0,0.0001,41,8.839518095454746,24.55014512721013,3.137365645585963,27.68751077279609
-0.3538286574704679,1.0,0.24147733142871383,0.06302000982956313,1.0,-1.0,2.0,2.0,0.00010001,41,8.842801185326351,24.55908026499735,3.085147549465334,27.64422781446268
-0.3538286574704679,1.0,0.24147733142871383,0.06302000982956313,1.0,-0.99999999,2.0,2.0,0.0001,41,8.8428011947329,24.559080300054745,3.085147521130868,27.644227821185616
-0.3538286574704679,1.0,0.24147733142871383,0.06302000982956313,0.99999999,-1.0,2.0,2.0,0.0001,41,8.842801200656352,24.55908031330073,3.085147521130868,27.644227834431604
-0.3538286574704679,0.99999999,0.24147733142871383,0.06302000982956313,1.0,-1.0,2.0,2.0,0.0001,41,8.842801203169259,24.55908032320284,3.0851475496384118,27.64422787284125
-0.3538286574704679,1.0,0.24147734142871383,0.06302000982956313,1.0,-1.0,2.0,2.0,0.0001,41,8.842801204002175,24.559080325063594,3.0851475407190945,27.64422786578268
-0.3538286574704679,1.0,0.24147733142871383,0.06302001982956312,1.0,-1.0,2.0,2.0,0.0001,41,8.842801204002175,24.559080325063594,3.0851475407190945,27.644227865782682
-0.3538286574704679,1.0,0.24147733142871383,0.06302000982956313,1.0,-1.0,2.0,1.99999999,0.0001,41,8.842801203990012,24.55908032520516,3.0851475267964004,27.644227852001563
-0.3538286574704679,1.0,0.24147733142871383,0.06302000982956313,1.0,-1.0,2.0,2.0,0.0001,41,8.842801203992085,24.559080325308244,3.0851475381308675,27.644227863439113
-0.3538286574704679,1.0,0.24147733142871383,0.06302000982956313,1.0,-1.0,1.99999999,2.0,0.0001,41,8.842801204659608,24.559080326956217,3.0851475267964004,27.644227853752618
-0.3538286474704679,1.0,0.24147733142871383,0.06302000982956313,1.0,-1.0,2.0,2.0,0.0001,41,8.84280120481491,24.55908032741366,3.085147526623324,27.64422785403698
0.6933942884206772,0.10228747129440308,-0.8769188672304153,0.6530452519655228,0.16736160218715668,-0.2586008310317993,0.09039942969639193,0.5815902523215521,0.9083708057755149,41,9.117045047844584,24.821790525828536,2.830408660663655,27.652199186492194
-0.052115872502326965,0.6044695973396301,0.2137991487979889,0.581083133816719,-0.543239563703537,0.5810308083891869,1.719099266501157,0.32127146425340714,1.323607349109597,41,9.157039002422207,24.904027670068768,1.7714601407306436,26.675487810799414
-0.052115872502326965,0.6044695973396301,0.2137991487979889,0.581083133816719,-0.543239563703537,0.3359578996896744,0.193431243325215,0.32127146425340714,1.323607349109597,41,9.43496561680647,25.50588352833798,2.2524449455141213,27.7583284738521
-0.052115872502326965,0.6044695973396301,0.2137991487979889,0.581083133816719,-0.8609799221158028,0.3359578996896744,0.193431243325215,0.32127146425340714,1.323607349109597,41,9.437495169895891,25.51128963509487,2.5328055326074583,28.044095167702324
-0.052115872502326965,0.6044695973396301,0.2137991487979889,0.581083133816719,-0.543239563703537,0.5810308083891869,0.193431243325215,0.32127146425340714,1.323607349109597,41,9.45424930742043,25.548519842282687,2.4611181137337144,28.0096379560164
