Vᵢᵢ,Ʌᵢᵢ,Vᵢⱼ,Ʌᵢⱼ,Ƹᵢⱼ,Ʒᵢⱼ,γ1,γ2,γ3,n_data,raw_ssr_sum,raw_neglogprob_sum,param_penalty_sum,loss_final_sum
-0.20654786234173458,0.07057478353727324,-0.04305947395278316,-0.1258444478432655,0.8118358983220109,0.004875325832930849,2.0,0.9318073877415991,0.34972282303271107,41,7.455474562944324,21.452225785264222,2.2795324499582565,23.73175823522248
-0.20654786234173458,0.07057478353727324,-0.04305947395278316,-0.1258444478432655,0.8118358883220108,0.004875325832930849,2.0,0.9318073877415991,0.34972283303271107,41,7.4554745645666385,21.452225787331855,2.2795324462068867,23.73175823353875
-0.20654786234173458,0.07057478353727324,-0.04305947395278316,-0.1258444478432655,0.8118358883220108,0.004875325832930849,2.0,0.9318073977415992,0.34972282303271107,41,7.4554745643880125,21.45222578813674,2.279532446206887,23.731758234343626
-0.20654786234173458,0.07057478353727324,-0.04305947395278316,-0.1258444478432655,0.8118358883220108,0.004875335832930849,2.0,0.9318073877415991,0.34972282303271107,41,7.455474566774212,21.45222578936649,2.2795324499582565,23.731758239324748
-0.20654786234173458,0.07057478353727324,-0.04305947395278316,-0.1258444478432655,0.8118358883220108,0.004875325832930849,2.0,0.9318073877415991,0.34972282303271107,41,7.455474565994868,21.45222579034939,2.279532443016212,23.731758233365603
-0.20654786234173458,0.07057478353727324,-0.04305946395278316,-0.1258444478432655,0.8118358883220108,0.004875325832930849,2.0,0.9318073877415991,0.34972282303271107,41,7.45547456845864,21.45222579273791,2.279532441580528,23.731758234318434
-0.20654786234173458,0.07057478353727324,-0.04305947395278316,-0.12584443784326552,0.8118358883220108,0.004875325832930849,2.0,0.9318073877415991,0.34972282303271107,41,7.45547456845864,21.45222579273791,2.279532441580528,23.731758234318434
-0.20654786234173458,0.07057478353727324,-0.04305947395278316,-0.1258444478432655,0.8118358883220108,0.004875325832930849,1.99999999,0.9318073877415991,0.34972282303271107,41,7.4554745682594845,21.45222579615715,2.2795324398255357,23.73175823598268
-0.20654786234173458,0.07057479353727324,-0.04305947395278316,-0.1258444478432655,0.8118358883220108,0.004875325832930849,2.0,0.9318073877415991,0.34972282303271107,41,7.455474573313434,21.452225810843423,2.27953242486044,23.731758235703865
-0.2065478523417346,0.07057478353727324,-0.04305947395278316,-0.1258444478432655,0.8118358883220108,0.004875325832930849,2.0,0.9318073877415991,0.34972282303271107,41,7.455474573313433,21.452225810843427,2.27953242486044,23.731758235703865
-0.21307903705193296,0.06300187931273454,-0.06655531816795171,-0.09880554087801846,0.7771839278023889,-0.003213195311258339,1.9773252448861485,0.9309177295558335,0.3874183443363029,41,7.460006714109327,21.452447515022847,2.2846936741782855,23.737141189201132
-0.21307903705193296,0.06300187931273454,-0.06655531816795171,-0.09880554087801846,0.7771839178023888,-0.003213195311258339,1.9773252548861484,0.9309177295558335,0.3874183443363029,41,7.460006716674912,21.45244751742475,2.2846936708957384,23.73714118832049
-0.21307903705193296,0.06300187931273454,-0.06655531816795171,-0.09880554087801846,0.7771839178023888,-0.003213195311258339,1.9773252448861485,0.9309177295558335,0.3874183543363029,41,7.460006716143682,21.4524475179242,2.2846936708957384,23.737141188819937
-0.21307903705193296,0.06300187931273454,-0.06655531816795171,-0.09880554087801846,0.7771839178023888,-0.003213195311258339,1.9773252448861485,0.9309177395558336,0.3874183443363029,41,7.4600067163626145,21.45244751943703,2.284693670895739,23.73714119033277
-0.21307903705193296,0.06300187931273454,-0.06655531816795171,-0.09880554087801846,0.7771839178023888,-0.003213195311258339,1.9773252448861485,0.9309177295558335,0.3874183443363029,41,7.460006718023731,21.452447521757186,2.28469366754491,23.737141189302097
-0.21307903705193296,0.06300187931273454,-0.06655531816795171,-0.09880554087801846,0.7771839178023888,-0.003213185311258339,1.9773252448861485,0.9309177295558335,0.3874183443363029,41,7.4600067195451425,21.452447522073214,2.2846936609115343,23.73714118298475
-0.21307903705193296,0.06300187931273454,-0.06655531816795171,-0.09880553087801847,0.7771839178023888,-0.003213195311258339,1.9773252448861485,0.9309177295558335,0.3874183443363029,41,7.460006721072892,21.452447525194252,2.2846936661393427,23.737141191333595
-0.21307903705193296,0.06300187931273454,-0.06655530816795172,-0.09880554087801846,0.7771839178023888,-0.003213195311258339,1.9773252448861485,0.9309177295558335,0.3874183443363029,41,7.460006721072892,21.452447525194252,2.2846936661393427,23.737141191333595
-0.21307903705193296,0.06300188931273454,-0.06655531816795171,-0.09880554087801846,0.7771839178023888,-0.003213195311258339,1.9773252448861485,0.9309177295558335,0.3874183443363029,41,7.460006718768617,21.452447530337455,2.2846936492692542,23.737141179606713
-0.21307902705193296,0.06300187931273454,-0.06655531816795171,-0.09880554087801846,0.7771839178023888,-0.003213195311258339,1.9773252448861485,0.9309177295558335,0.3874183443363029,41,7.460006718768617,21.452447530337455,2.2846936492692542,23.737141179606716
-0.20688432498737222,0.06883486151247631,-0.06151594053300358,-0.11732855221048503,0.7851741045553641,0.0021360081243882024,2.0,0.9253961490053514,0.37481323179831344,41,7.4574161904382645,21.45431104432705,2.2708878959266467,23.725198940253694
-0.20688432498737222,0.06883486151247631,-0.06151594053300358,-0.11732855221048503,0.785174094555364,0.0021360081243882024,2.0,0.9253961490053514,0.37481324179831343,41,7.45741619221927,21.454311046698596,2.2708878926368845,23.725198939335478
-0.20688432498737222,0.06883486151247631,-0.06151594053300358,-0.11732855221048503,0.785174094555364,0.0021360081243882024,2.0,0.9253961590053514,0.37481323179831344,41,7.457416192014082,21.454311047509172,2.2708878926368845,23.725198940146058
-0.20688432498737222,0.06883486151247631,-0.06151594053300358,-0.11732855221048503,0.785174094555364,0.0021360181243882024,2.0,0.9253961490053514,0.37481323179831344,41,7.457416194390355,21.454311048619772,2.2708878959266467,23.72519894454642
-0.20688432498737222,0.06883486151247631,-0.06151594053300358,-0.11732855221048503,0.785174094555364,0.0021360081243882024,2.0,0.9253961490053514,0.37481323179831344,41,7.457416193642199,21.4543110497075,2.270887889234511,23.725198938942018
-0.20688432498737222,0.06883486151247631,-0.06151594053300358,-0.11732854221048504,0.785174094555364,0.0021360081243882024,2.0,0.9253961490053514,0.37481323179831344,41,7.4574161957161245,21.454311051318317,2.270887887714333,23.72519893903265
-0.20688432498737222,0.06883486151247631,-0.061515930533003575,-0.11732855221048503,0.785174094555364,0.0021360081243882024,2.0,0.9253961490053514,0.37481323179831344,41,7.4574161957161245,21.45431105131832,2.270887887714333,23.72519893903265
-0.20688432498737222,0.06883486151247631,-0.06151594053300358,-0.11732855221048503,0.785174094555364,0.0021360081243882024,1.99999999,0.9253961490053514,0.37481323179831344,41,7.457416195756534,21.45431105526866,2.270887885832138,23.725198941100803
-0.20688431498737223,0.06883486151247631,-0.06151594053300358,-0.11732855221048503,0.785174094555364,0.0021360081243882024,2.0,0.9253961490053514,0.37481323179831344,41,7.457416199729646,21.454311067886522,2.270887871061091,23.725198938947617
-0.20688432498737222,0.0688348715124763,-0.06151594053300358,-0.11732855221048503,0.785174094555364,0.0021360081243882024,2.0,0.9253961490053514,0.37481323179831344,41,7.457416199729646,21.454311067886522,2.270887871061091,23.725198938947617
-0.20935814108474352,0.06671712244214655,-0.05618424229064543,-0.11136875035055244,0.7909336092837176,0.006275538294686106,1.9830946350567522,0.9291635112387846,0.37102749640716753,41,7.459619335841517,21.455305480954316,2.278649388203759,23.733954869158076
-0.20935814108474352,0.06671712244214655,-0.05618424229064543,-0.11136875035055244,0.7909335992837175,0.006275538294686106,1.9830946450567521,0.9291635112387846,0.37102749640716753,41,7.459619337477553,21.455305481766683,2.278649384638052,23.733954866404737
-0.20935814108474352,0.06671712244214655,-0.05618424229064543,-0.11136875035055244,0.7909335992837175,0.006275538294686106,1.9830946350567522,0.9291635112387846,0.37102750640716753,41,7.459619337685255,21.455305483494996,2.278649384638052,23.73395486813305
-0.20935814108474352,0.06671712244214655,-0.05618424229064543,-0.11136875035055244,0.7909335992837175,0.006275538294686106,1.9830946350567522,0.9291635212387847,0.37102749640716753,41,7.45961933766735,21.455305484559755,2.278649384638052,23.733954869197806
-0.20935814108474352,0.06671712244214655,-0.05618424229064543,-0.11136875035055244,0.7909335992837175,0.006275548294686106,1.9830946350567522,0.9291635112387846,0.37102749640716753,41,7.459619340490361,21.455305486623224,2.278649388203759,23.733954874826985
-0.20935814108474352,0.06671712244214655,-0.05618424229064543,-0.11136875035055244,0.7909335992837175,0.006275538294686106,1.9830946350567522,0.9291635112387846,0.37102749640716753,41,7.4596193393222805,21.45530548688975,2.278649381427481,23.733954868317234
-0.20935814108474352,0.06671712244214655,-0.05618424229064543,-0.11136874035055244,0.7909335992837175,0.006275538294686106,1.9830946350567522,0.9291635112387846,0.37102749640716753,41,7.459619342159894,21.455305490061285,2.27864938000328,23.73395487006456
-0.20935814108474352,0.06671712244214655,-0.056184232290645425,-0.11136875035055244,0.7909335992837175,0.006275538294686106,1.9830946350567522,0.9291635112387846,0.37102749640716753,41,7.459619342159894,21.455305490061285,2.27864938000328,23.73395487006456
-0.20935814108474352,0.06671713244214654,-0.05618424229064543,-0.11136875035055244,0.7909335992837175,0.006275538294686106,1.9830946350567522,0.9291635112387846,0.37102749640716753,41,7.4596193434826645,21.455305501655786,2.2786493632150324,23.73395486487082
-0.20935813108474352,0.06671712244214655,-0.05618424229064543,-0.11136875035055244,0.7909335992837175,0.006275538294686106,1.9830946350567522,0.9291635112387846,0.37102749640716753,41,7.4596193434826645,21.455305501655786,2.2786493632150324,23.73395486487082
-0.20668911547503876,0.06829556928227366,-0.07349194493555483,-0.11175848658327983,0.7659276079290325,-0.0024001785641889965,2.0,0.9137752228799481,0.3865174957819556,41,7.462131342682325,21.46290957019086,2.2599827869160376,23.722892357106904
-0.20668911547503876,0.06829556928227366,-0.07349194493555483,-0.11175848658327983,0.7659275979290324,-0.0024001785641889965,2.0,0.9137752228799481,0.3865175057819556,41,7.462131344567285,21.462909572784795,2.2599827837885686,23.722892356573368
-0.20668911547503876,0.06829556928227366,-0.07349194493555483,-0.11175848658327983,0.7659275979290324,-0.0024001785641889965,2.0,0.9137752328799481,0.3865174957819556,41,7.462131344334312,21.46290957354408,2.2599827837885686,23.722892357332647
-0.20668911547503876,0.06829556928227366,-0.07349194493555483,-0.11175848658327983,0.7659275979290324,-0.0024001685641889966,2.0,0.9137752228799481,0.3865174957819556,41,7.46213134666778,21.462909574569824,2.2599827738544658,23.72289234842429
-0.20668911547503876,0.06829556928227366,-0.07349194493555483,-0.11175848658327983,0.7659275979290324,-0.0024001785641889965,2.0,0.9137752228799481,0.3865174957819556,41,7.462131345972318,21.462909575755525,2.2599827803852515,23.722892356140772
-0.20668911547503876,0.06829556928227366,-0.07349193493555484,-0.11175848658327983,0.7659275979290324,-0.0024001785641889965,2.0,0.9137752228799481,0.3865174957819556,41,7.4621313477915425,21.462909576955436,2.2599827788106226,23.722892355766064
-0.20668911547503876,0.06829556928227366,-0.07349194493555483,-0.11175847658327984,0.7659275979290324,-0.0024001785641889965,2.0,0.9137752228799481,0.3865174957819556,41,7.4621313477915425,21.462909576955436,2.2599827788106226,23.722892355766064
-0.20668911547503876,0.06829556928227366,-0.07349194493555483,-0.11175848658327983,0.7659275979290324,-0.0024001785641889965,1.99999999,0.9137752228799481,0.3865174957819556,41,7.462131348037675,21.462909581226654,2.259982776981934,23.722892358208583
-0.20668910547503877,0.06829556928227366,-0.07349194493555483,-0.11175848658327983,0.7659275979290324,-0.0024001785641889965,2.0,0.9137752228799481,0.3865174957819556,41,7.462131351673062,21.462909593183564,2.2599827622089066,23.72289235539247
-0.20668911547503876,0.06829557928227366,-0.07349194493555483,-0.11175848658327983,0.7659275979290324,-0.0024001785641889965,2.0,0.9137752228799481,0.3865174957819556,41,7.462131351673062,21.462909593183564,2.2599827622089066,23.722892355392467
-0.22078593073965824,0.07155877319479306,0.0592130973273397,-0.1644640408062524,0.9855150365635124,-0.06250216947131772,2.0,0.92059257507907,0.1307477586045005,41,7.456543939125572,21.46476638607675,2.452701919845972,23.917468305922725
-0.22078593073965824,0.07155877319479306,0.0592130973273397,-0.1644640408062524,0.9855150465635124,-0.06250216947131772,2.0,0.92059257507907,0.1307477486045005,41,7.45654393861087,21.464766386321763,2.452701928172262,23.917468314494034
-0.22078593073965824,0.07155877319479306,0.0592130973273397,-0.1644640408062524,0.9855150365635124,-0.06250216947131772,2.0,0.92059258507907,0.1307477486045005,41,7.456543940748991,21.464766389921195,2.452701919845972,23.91746830976717
-0.22078593073965824,0.07155877319479306,0.0592130973273397,-0.1644640408062524,0.9855150365635124,-0.06250216947131772,2.0,0.92059257507907,0.1307477486045005,41,7.456543942016302,21.464766391686574,2.4527019192641153,23.91746831095069
-0.22078593073965824,0.07155877319479306,0.0592130973273397,-0.1644640408062524,0.9855150365635124,-0.06250215947131772,2.0,0.92059257507907,0.1307477486045005,41,7.456543944069271,21.464766392918747,2.4527019103559695,23.917468303274724
-0.22078593073965824,0.07155877319479306,0.0592130973273397,-0.1644640408062524,0.9855150365635124,-0.06250216947131772,1.99999999,0.92059257507907,0.1307477486045005,41,7.4565439431369835,21.46476639568918,2.4527019186822585,23.91746831437144
-0.22078593073965824,0.07155877319479306,0.0592130973273397,-0.1644640308062524,0.9855150365635124,-0.06250216947131772,2.0,0.92059257507907,0.1307477486045005,41,7.456543947095252,21.464766398288123,2.4527019173628597,23.91746831565098
-0.22078593073965824,0.07155877319479306,0.059213107327339705,-0.1644640408062524,0.9855150365635124,-0.06250216947131772,2.0,0.92059257507907,0.1307477486045005,41,7.456543947095252,21.464766398288123,2.452701921165371,23.917468319453498
-0.22078593073965824,0.07155878319479306,0.0592130973273397,-0.1644640408062524,0.9855150365635124,-0.06250216947131772,2.0,0.92059257507907,0.1307477486045005,41,7.45654394147558,21.464766398429273,2.4527019009956836,23.917468299424947
-0.22078592073965825,0.07155877319479306,0.0592130973273397,-0.1644640408062524,0.9855150365635124,-0.06250216947131772,2.0,0.92059257507907,0.1307477486045005,41,7.456543941475578,21.464766398429273,2.4527019009956836,23.917468299424947
-0.21223767883956232,0.03661737731071582,0.01171498277167588,-0.18251487122657928,0.8617198298033926,-0.0022779036545783277,2.0,0.21296479858609407,0.8363936664471263,41,7.500110995037183,21.47198027352944,2.346335478052308,23.81831575158175
-0.21223767883956232,0.03661737731071582,0.01171497277167588,-0.18251486122657928,0.8617198298033926,-0.0022779036545783277,2.0,0.21296479858609407,0.8363936664471263,41,7.500110995037183,21.47198027352944,2.3463354747504015,23.818315748279836
-0.21223767883956232,0.03661737731071582,0.01171497277167588,-0.18251487122657928,0.8617198298033926,-0.0022779036545783277,2.0,0.21296480858609407,0.8363936664471263,41,7.500110997414767,21.471980278276455,2.346335476960751,23.818315755237204
-0.21223767883956232,0.03661737731071582,0.01171497277167588,-0.18251487122657928,0.8617198298033926,-0.0022778936545783278,2.0,0.21296479858609407,0.8363936664471263,41,7.500110999288436,21.47198027904244,2.3463354690573746,23.81831574809981
-0.21223767883956232,0.03661737731071582,0.01171497277167588,-0.18251487122657928,0.8617198298033926,-0.0022779036545783277,2.0,0.21296479858609407,0.8363936664471263,41,7.500110998344808,21.4719802800303,2.346335476401355,23.818315756431655
-0.21223767883956232,0.03661737731071582,0.01171497277167588,-0.18251487122657928,0.8617198398033926,-0.0022779036545783277,2.0,0.21296479858609407,0.8363936664471263,41,7.500110998325768,21.471980280682974,2.346335483745336,23.818315764428313
-0.21223767883956232,0.03661737731071582,0.01171497277167588,-0.18251487122657928,0.8617198298033926,-0.0022779036545783277,2.0,0.21296479858609407,0.8363936764471264,41,7.500111001155665,21.47198028552882,2.346335476960751,23.818315762489572
-0.21223767883956232,0.03661737731071582,0.01171497277167588,-0.18251487122657928,0.8617198298033926,-0.0022779036545783277,1.99999999,0.21296479858609407,0.8363936664471263,41,7.500111002392976,21.471980290790373,2.346335475841959,23.81831576663233
-0.21223767883956232,0.03661738731071582,0.01171497277167588,-0.18251487122657928,0.8617198298033926,-0.0022779036545783277,2.0,0.21296479858609407,0.8363936664471263,41,7.500111013540863,21.471980321231065,2.346335457908582,23.818315779139652
-0.21223766883956233,0.03661737731071582,0.01171497277167588,-0.18251487122657928,0.8617198298033926,-0.0022779036545783277,2.0,0.21296479858609407,0.8363936664471263,41,7.500111013540862,21.471980321231065,2.346335457908582,23.818315779139645
-0.20627502758264118,0.06729088639310121,-0.08713145809240563,-0.10531892522046178,0.74192216292741,-0.0006630892104693611,2.0,0.8996350150211766,0.40179252959913275,41,7.468989302776755,21.473370024309368,2.2460688642425137,23.71943888855188
-0.20627502758264118,0.06729088639310121,-0.08713145809240563,-0.10531892522046178,0.7419221529274099,-0.0006630892104693611,2.0,0.8996350150211766,0.40179253959913275,41,7.468989304821745,21.47337002725977,2.246068861346718,23.71943888860649
-0.20627502758264118,0.06729088639310121,-0.08713145809240563,-0.10531892522046178,0.7419221529274099,-0.0006630892104693611,2.0,0.8996350250211766,0.40179252959913275,41,7.4689893045853495,21.47337002799067,2.246068861346718,23.71943888933739
-0.20627502758264118,0.06729088639310121,-0.08713145809240563,-0.10531892522046178,0.7419221529274099,-0.000663079210469361,2.0,0.8996350150211766,0.40179252959913275,41,7.468989307060134,21.47337002931294,2.246068851618565,23.719438880931506
-0.20627502758264118,0.06729088639310121,-0.08713145809240563,-0.10531892522046178,0.7419221529274099,-0.0006630892104693611,2.0,0.8996350150211766,0.40179252959913275,41,7.468989306271152,21.473370030307052,2.2460688579305392,23.71943888823759
-0.20627502758264118,0.06729088639310121,-0.08713145809240563,-0.10531891522046179,0.7419221529274099,-0.0006630892104693611,2.0,0.8996350150211766,0.40179252959913275,41,7.4689893080065834,21.473370031495907,2.2460688562947118,23.71943888779062
-0.20627502758264118,0.06729088639310121,-0.08713144809240564,-0.10531892522046178,0.7419221529274099,-0.0006630892104693611,2.0,0.8996350150211766,0.40179252959913275,41,7.468989308006582,21.47337003149591,2.2460688562947118,23.719438887790616
-0.20627502758264118,0.06729088639310121,-0.08713145809240563,-0.10531892522046178,0.7419221529274099,-0.0006630892104693611,1.99999999,0.8996350150211766,0.40179252959913275,41,7.468989308169325,21.473370035489637,2.2460688545143603,23.719438890003996
-0.2062750175826412,0.06729088639310121,-0.08713145809240563,-0.10531892522046178,0.7419221529274099,-0.0006630892104693611,2.0,0.8996350150211766,0.40179252959913275,41,7.468989310824466,21.473370045705934,2.2460688397491744,23.71943888545511
-0.20627502758264118,0.06729089639310121,-0.08713145809240563,-0.10531892522046178,0.7419221529274099,-0.0006630892104693611,2.0,0.8996350150211766,0.40179252959913275,41,7.468989310824467,21.473370045705938,2.2460688397491744,23.71943888545511
-0.20555154750549268,0.0661163381583444,-0.0720868215826902,-0.1207373912151554,0.7576050464500883,-0.00020450959229097583,2.0,0.8308079100908942,0.4160487899593237,41,7.472917798166019,21.475545292784062,2.239703457857914,23.715248750641976
-0.20555154750549268,0.0661163381583444,-0.0720868215826902,-0.1207373912151554,0.7576050364500883,-0.00020450959229097583,2.0,0.8308079100908942,0.4160487999593237,41,7.472917800192235,21.47554529578462,2.2397034542142418,23.715248749998864
-0.20555154750549268,0.0661163381583444,-0.0720868215826902,-0.1207373912151554,0.7576050364500883,-0.00020450959229097583,2.0,0.8308079200908942,0.4160487899593237,41,7.472917799879547,21.475545296182386,2.2397034542142418,23.71524875039663
-0.20555154750549268,0.0661163381583444,-0.0720868215826902,-0.1207373912151554,0.7576050364500883,-0.00020449959229097584,2.0,0.8308079100908942,0.4160487899593237,41,7.472917802433427,21.47554529790623,2.239703444975152,23.71524874288138
-0.20555154750549268,0.0661163381583444,-0.0720868215826902,-0.1207373912151554,0.7576050364500883,-0.00020450959229097583,2.0,0.8308079100908942,0.4160487899593237,41,7.472917801558424,21.47554529866579,2.239703451416532,23.71524875008232
-0.20555154750549268,0.0661163381583444,-0.0720868115826902,-0.1207373912151554,0.7576050364500883,-0.00020450959229097583,2.0,0.8308079100908942,0.4160487899593237,41,7.4729178030450925,21.47554529993819,2.2397034497775263,23.715248749715723
-0.20555154750549268,0.0661163381583444,-0.0720868215826902,-0.12073738121515541,0.7576050364500883,-0.00020450959229097583,2.0,0.8308079100908942,0.4160487899593237,41,7.4729178030450925,21.475545299938194,2.2397034497775263,23.715248749715723
-0.20555154750549268,0.0661163381583444,-0.0720868215826902,-0.1207373912151554,0.7576050364500883,-0.00020450959229097583,1.99999999,0.8308079100908942,0.4160487899593237,41,7.472917803604692,21.47554530417868,2.239703448618823,23.715248752797507
-0.20555154750549268,0.0661163481583444,-0.0720868215826902,-0.1207373912151554,0.7576050364500883,-0.00020450959229097583,2.0,0.8308079100908942,0.4160487899593237,41,7.472917807142473,21.47554531643447,2.239703433231334,23.715248749665808
-0.20555153750549268,0.0661163381583444,-0.0720868215826902,-0.1207373912151554,0.7576050364500883,-0.00020450959229097583,2.0,0.8308079100908942,0.4160487899593237,41,7.472917807142473,21.47554531643447,2.239703433231334,23.715248749665808
-0.2063630256605886,0.06739470281742224,-0.09349738937727661,-0.1024539109755705,0.7337770921131032,-0.009977700058442698,2.0,0.8943629227380422,0.40606900853909167,41,7.470892019767486,21.478941610358834,2.247017237727895,23.725958848086723
-0.2063630256605886,0.06739470281742224,-0.09349738937727661,-0.1024539109755705,0.7337770821131031,-0.009977700058442698,2.0,0.8943629227380422,0.40606901853909166,41,7.470892021833256,21.478941613342062,2.247017234810875,23.725958848152935
-0.2063630256605886,0.06739470281742224,-0.09349738937727661,-0.1024539109755705,0.7337770821131031,-0.009977700058442698,2.0,0.8943629327380422,0.40606900853909167,41,7.4708920215585755,21.47894161401928,2.247017234810875,23.725958848830157
-0.2063630256605886,0.06739470281742224,-0.09349738937727661,-0.1024539109755705,0.7337770821131031,-0.009977690058442698,2.0,0.8943629227380422,0.40606900853909167,41,7.470892023825728,21.47894161491875,2.247017225084064,23.725958840002814
-0.2063630256605886,0.06739470281742224,-0.09349738937727661,-0.1024539109755705,0.7337770821131031,-0.009977700058442698,2.0,0.8943629227380422,0.40606900853909167,41,7.470892023212247,21.478941616255156,2.24701723140598,23.725958847661133
-0.2063630256605886,0.06739470281742224,-0.09349738937727661,-0.1024539009755705,0.7337770821131031,-0.009977700058442698,2.0,0.8943629227380422,0.40606900853909167,41,7.470892024637322,21.47894161682679,2.2470172297403934,23.72595884656718
-0.2063630256605886,0.06739470281742224,-0.09349737937727662,-0.1024539109755705,0.7337770821131031,-0.009977700058442698,2.0,0.8943629227380422,0.40606900853909167,41,7.4708920246373225,21.47894161682679,2.2470172297403934,23.72595884656718
-0.2063630256605886,0.06739470281742224,-0.09349738937727661,-0.1024539109755705,0.7337770821131031,-0.009977700058442698,1.99999999,0.8943629227380422,0.40606900853909167,41,7.470892025189089,21.478941621562985,2.2470172280010843,23.725958849564062
-0.2063630156605886,0.06739470281742224,-0.09349738937727661,-0.1024539109755705,0.7337770821131031,-0.009977700058442698,2.0,0.8943629227380422,0.40606900853909167,41,7.470892028228144,21.47894163235676,2.2470172132247495,23.725958845581513
-0.2063630256605886,0.06739471281742224,-0.09349738937727661,-0.1024539109755705,0.7337770821131031,-0.009977700058442698,2.0,0.8943629227380422,0.40606900853909167,41,7.470892028228144,21.478941632356765,2.2470172132247486,23.725958845581513
-0.20548249850875172,0.063078216274235,-0.08555807977599875,-0.10547709309497301,0.7420372045552621,0.006280709443390923,2.0,0.7598852963426868,0.47774750216036377,41,7.481552016503423,21.481233279481355,2.2362066512348098,23.717439930716164
-0.20548248360759053,0.063078216274235,-0.08555807977599875,-0.10547709309497301,0.7420372194564233,0.006280709443390923,2.0,0.7598852963426868,0.47774750216036377,41,7.481552018254745,21.481233295343937,2.2362066335773303,23.717439928921266
-0.20548248360759053,0.063078216274235,-0.08555807977599875,-0.10547709309497301,0.7420372045552621,0.006280709443390923,2.0,0.7598852963426868,0.47774751706152496,41,7.4815520217322256,21.481233300947192,2.236206628112284,23.717439929059474
-0.20548248360759053,0.063078216274235,-0.08555807977599875,-0.10547709309497301,0.7420372045552621,0.006280709443390923,2.0,0.759885311243848,0.47774750216036377,41,7.481552021158425,21.481233301003826,2.236206628112284,23.717439929116118
-0.20548248360759053,0.063078216274235,-0.08555809467715994,-0.10547709309497301,0.7420372045552621,0.006280709443390923,2.0,0.7598852963426868,0.47774750216036377,41,7.481552021400726,21.481233302107142,2.2362066265187948,23.717439928625936
-0.20548248360759053,0.063078216274235,-0.08555807977599875,-0.1054771079961342,0.7420372045552621,0.006280709443390923,2.0,0.7598852963426868,0.47774750216036377,41,7.481552021400726,21.481233302107142,2.2362066265187948,23.717439928625936
-0.20548248360759053,0.063078216274235,-0.08555807977599875,-0.10547709309497301,0.7420372045552621,0.006280709443390923,2.0,0.7598852963426868,0.47774750216036377,41,7.48155202370479,21.48123330510363,2.236206624099145,23.71743992920277
-0.20548248360759053,0.063078216274235,-0.08555807977599875,-0.10547709309497301,0.7420372045552621,0.0062807243445521166,2.0,0.7598852963426868,0.47774750216036377,41,7.481552025634406,21.48123330528461,2.2362066335773303,23.717439938861947
-0.20548248360759053,0.063078216274235,-0.08555807977599875,-0.10547709309497301,0.7420372045552621,0.006280709443390923,1.9999999701976776,0.7598852963426868,0.47774750216036377,41,7.481552029444733,21.48123332129738,2.2362066160728684,23.717439937370244
-0.20548248360759053,0.0630782311753962,-0.08555807977599875,-0.10547709309497301,0.7420372045552621,0.006280709443390923,2.0,0.7598852963426868,0.47774750216036377,41,7.481552030906176,21.481233330725928,2.23620659696348,23.71743992768941
-0.20536098919897827,0.06334203197036939,-0.08357439690147285,-0.10668444775511114,0.7424600327045981,-0.00027381014305522737,2.0,0.7623959836693655,0.47529806670664715,41,7.480805957879903,21.481789586046816,2.2318571059211036,23.713646691967924
-0.20536098919897827,0.06334203197036939,-0.08357439690147285,-0.10668444775511114,0.7424600227045981,-0.00027381014305522737,2.0,0.7623959836693655,0.47529807670664714,41,7.480805960180113,21.48178958973309,2.231857102301732,23.71364669203482
-0.20536098919897827,0.06334203197036939,-0.08357439690147285,-0.10668444775511114,0.7424600227045981,-0.00027381014305522737,2.0,0.7623959936693655,0.47529806670664715,41,7.480805959775133,21.48178958974082,2.231857102301732,23.713646692042552
-0.20536098919897827,0.06334203197036939,-0.08357439690147285,-0.10668444775511114,0.7424600227045981,-0.0002738001430552274,2.0,0.7623959836693655,0.47529806670664715,41,7.480805962602073,21.48178959227462,2.2318570932946287,23.713646685569252
-0.20536098919897827,0.06334203197036939,-0.08357439690147285,-0.10668444775511114,0.7424600227045981,-0.00027381014305522737,2.0,0.7623959836693655,0.47529806670664715,41,7.480805961454153,21.481789592428246,2.231857099607866,23.713646692036114
-0.20536098919897827,0.06334203197036939,-0.08357439690147285,-0.10668443775511115,0.7424600227045981,-0.00027381014305522737,2.0,0.7623959836693655,0.47529806670664715,41,7.480805962892257,21.481789594200336,2.2318570979906664,23.713646692191006
-0.20536098919897827,0.06334203197036939,-0.08357438690147286,-0.10668444775511114,0.7424600227045981,-0.00027381014305522737,2.0,0.7623959836693655,0.47529806670664715,41,7.480805962892257,21.481789594200336,2.2318570979906664,23.713646692191006
-0.20536098919897827,0.06334203197036939,-0.08357439690147285,-0.10668444775511114,0.7424600227045981,-0.00027381014305522737,1.99999999,0.7623959836693655,0.47529806670664715,41,7.480805963480873,21.481789598024974,2.2318570969140006,23.713646694938976
-0.20536098919897827,0.06334204197036938,-0.08357439690147285,-0.10668444775511114,0.7424600227045981,-0.00027381014305522737,2.0,0.7623959836693655,0.47529806670664715,41,7.4808059669298625,21.481789610692296,2.2318570814007046,23.713646692093004
-0.20536097919897828,0.06334203197036939,-0.08357439690147285,-0.10668444775511114,0.7424600227045981,-0.00027381014305522737,2.0,0.7623959836693655,0.47529806670664715,41,7.4808059669298625,21.481789610692296,2.2318570814007055,23.713646692093004
-0.20665670385798324,0.061903906395894284,-0.08617728035350734,-0.1060962936724816,0.7424148831595728,0.046832822160146136,2.0,0.7598721256749261,0.477597159435858,41,7.487852872146711,21.481796779559918,2.2673896674600313,23.74918644701995
-0.20665668895682204,0.061903906395894284,-0.08617728035350734,-0.1060962936724816,0.742414898060734,0.046832822160146136,2.0,0.7598721256749261,0.477597159435858,41,7.487852866271601,21.48179678217497,2.2673896502912214,23.749186432466193
-0.20665668895682204,0.061903906395894284,-0.08617729525466854,-0.1060962936724816,0.7424148831595728,0.046832822160146136,2.0,0.7598721256749261,0.477597159435858,41,7.4878528689312205,21.481796787894726,2.267389642729955,23.749186430624682
-0.20665668895682204,0.061903906395894284,-0.08617728035350734,-0.1060963085736428,0.7424148831595728,0.046832822160146136,2.0,0.7598721256749261,0.477597159435858,41,7.4878528689312205,21.481796787894726,2.267389642729955,23.749186430624682
-0.20665668895682204,0.061903906395894284,-0.08617728035350734,-0.1060962936724816,0.7424148831595728,0.046832822160146136,2.0,0.7598721256749261,0.4775971743370192,41,7.487852870092515,21.481796788492282,2.2673896443049975,23.749186432797273
-0.20665668895682204,0.061903906395894284,-0.08617728035350734,-0.1060962936724816,0.7424148831595728,0.046832822160146136,2.0,0.7598721405760873,0.477597159435858,41,7.487852869777209,21.48179678900801,2.2673896443049975,23.749186433313003
-0.20665668895682204,0.061903906395894284,-0.08617728035350734,-0.1060962936724816,0.7424148831595728,0.046832822160146136,2.0,0.7598721256749261,0.477597159435858,41,7.487852872611317,21.481796793692034,2.26738964029462,23.749186433986655
-0.20665668895682204,0.061903906395894284,-0.08617728035350734,-0.1060962936724816,0.7424148831595728,0.04683283706130733,2.0,0.7598721256749261,0.477597159435858,41,7.487852876027611,21.481796796655132,2.2673896502912214,23.74918644694635
-0.20665668895682204,0.061903906395894284,-0.08617728035350734,-0.1060962936724816,0.7424148831595728,0.046832822160146136,1.9999999701976776,0.7598721256749261,0.477597159435858,41,7.487852876200066,21.481796806302565,2.267389632273866,23.749186438576434
-0.20665668895682204,0.06190392129705548,-0.08617728035350734,-0.1060962936724816,0.7424148831595728,0.046832822160146136,2.0,0.7598721256749261,0.477597159435858,41,7.487852873075937,21.481796807824175,2.2673896131292093,23.749186420953386
-0.20532659944683668,0.06323412921446364,-0.08547586861145753,-0.1053948819304318,0.7419870602256047,0.0008966117339466289,2.0,0.7598870450102004,0.4777674631405548,41,7.481090381089781,21.481844354041257,2.232174020052154,23.714018374093406
-0.20532658454567548,0.06323412921446364,-0.08547586861145753,-0.1053948819304318,0.7419870751267659,0.0008966117339466289,2.0,0.7598870450102004,0.4777674631405548,41,7.481090383863267,21.481844371669705,2.232174002329794,23.714018373999505
-0.20532658454567548,0.06323412921446364,-0.08547586861145753,-0.1053948819304318,0.7419870602256047,0.0008966117339466289,2.0,0.7598870599113616,0.4777674631405548,41,7.481090386686195,21.481844377173097,2.232173996933944,23.714018374107045
-0.20532658454567548,0.06323412921446364,-0.08547586861145753,-0.1053948819304318,0.7419870602256047,0.0008966117339466289,2.0,0.7598870450102004,0.477767478041716,41,7.481090387303479,21.481844377192694,2.232173996933944,23.714018374126635
-0.20532658454567548,0.06323412921446364,-0.08547588351261873,-0.1053948819304318,0.7419870602256047,0.0008966117339466289,2.0,0.7598870450102004,0.4777674631405548,41,7.481090387072353,21.4818443785701,2.2321739953380053,23.714018373908107
-0.20532658454567548,0.06323412921446364,-0.08547586861145753,-0.10539489683159299,0.7419870602256047,0.0008966117339466289,2.0,0.7598870450102004,0.4777674631405548,41,7.481090387072351,21.4818443785701,2.2321739953380053,23.714018373908104
-0.20532658454567548,0.06323412921446364,-0.08547586861145753,-0.1053948819304318,0.7419870602256047,0.0008966266351078228,2.0,0.7598870450102004,0.4777674631405548,41,7.4810903909265605,21.48184438100776,2.232174002329794,23.714018383337557
-0.20532658454567548,0.06323412921446364,-0.08547586861145753,-0.1053948819304318,0.7419870602256047,0.0008966117339466289,2.0,0.7598870450102004,0.4777674631405548,41,7.481090389194871,21.48184438119627,2.2321739929204387,23.714018374116716
-0.20532658454567548,0.06323412921446364,-0.08547586861145753,-0.1053948819304318,0.7419870602256047,0.0008966117339466289,1.9999999701976776,0.7598870450102004,0.4777674631405548,41,7.481090395218016,21.48184439785897,2.2321739848934286,23.7140183827524
-0.20532658454567548,0.06323414411562484,-0.08547586861145753,-0.1053948819304318,0.7419870602256047,0.0008966117339466289,2.0,0.7598870450102004,0.4777674631405548,41,7.481090397299974,21.48184440835131,2.2321739657887227,23.714018374140025
-0.20532954532566472,0.06324657875676985,-0.08433100226401405,-0.10652406564080925,0.7420365316165372,-0.0002720467616142407,2.0,0.7598318007492879,0.47771190396535385,41,7.480962089063441,21.4818802238525,2.231761331812337,23.713641555664836
-0.20532954532566472,0.06324657875676985,-0.08433100226401405,-0.10652406564080925,0.7420365216165371,-0.0002720467616142407,2.0,0.759831810749288,0.47771190396535385,41,7.480962090949339,21.481880227528936,2.2317613281948763,23.713641555723818
-0.20532954532566472,0.06324657875676985,-0.08433100226401405,-0.10652406564080925,0.7420365216165371,-0.0002720467616142407,2.0,0.7598318007492879,0.47771191396535384,41,7.480962091367455,21.481880227548107,2.2317613281948763,23.71364155574299
-0.20532954532566472,0.06324657875676985,-0.08433100226401405,-0.10652406564080925,0.7420365216165371,-0.0002720367616142407,2.0,0.7598318007492879,0.47771190396535385,41,7.480962093765022,21.48188023004383,2.231761319193091,23.713641549236925
-0.20532954532566472,0.06324657875676985,-0.08433100226401405,-0.10652406564080925,0.7420365216165371,-0.0002720467616142407,2.0,0.7598318007492879,0.47771190396535385,41,7.48096209262763,21.48188023021763,2.231761325502714,23.71364155572035
-0.20532954532566472,0.06324657875676985,-0.08433100226401405,-0.10652405564080926,0.7420365216165371,-0.0002720467616142407,2.0,0.7598318007492879,0.47771190396535385,41,7.480962094026134,21.481880231925587,2.2317613238804457,23.71364155580603
-0.20532954532566472,0.06324657875676985,-0.08433099226401405,-0.10652406564080925,0.7420365216165371,-0.0002720467616142407,2.0,0.7598318007492879,0.47771190396535385,41,7.480962094026136,21.481880231925587,2.2317613238804457,23.71364155580603
-0.20532954532566472,0.06324657875676985,-0.08433100226401405,-0.10652406564080925,0.7420365216165371,-0.0002720467616142407,1.99999999,0.7598318007492879,0.47771190396535385,41,7.480962094664479,21.481880235835224,2.231761322810552,23.713641558645772
-0.20532953532566472,0.06324657875676985,-0.08433100226401405,-0.10652406564080925,0.7420365216165371,-0.0002720467616142407,2.0,0.7598318007492879,0.47771190396535385,41,7.480962098163748,21.481880248601772,2.231761307295009,23.713641555896785
-0.20532954532566472,0.06324658875676985,-0.08433100226401405,-0.10652406564080925,0.7420365216165371,-0.0002720467616142407,2.0,0.7598318007492879,0.47771190396535385,41,7.480962098163748,21.481880248601772,2.231761307295009,23.713641555896785
-0.20531149915931035,0.06339939812602075,-0.08014947531262717,-0.11146177806817,0.7424209108585758,-0.00033123110219657995,2.0,0.7659570021232028,0.47136979839382864,41,7.480582792861333,21.481883591509604,2.231794741917054,23.71367833342666
-0.20531149915931035,0.06339939812602075,-0.08014947531262717,-0.11146177806817,0.7424209008585757,-0.00033123110219657995,2.0,0.7659570021232028,0.47136980839382864,41,7.480582795145573,21.481883595153228,2.231794738293364,23.713678333446587
-0.20531149915931035,0.06339939812602075,-0.08014947531262717,-0.11146177806817,0.7424209008585757,-0.00033123110219657995,2.0,0.7659570121232029,0.47136979839382864,41,7.480582794745634,21.481883595187693,2.231794738293364,23.713678333481052
-0.20531149915931035,0.06339939812602075,-0.08014947531262717,-0.11146177806817,0.7424209008585757,-0.00033122110219657995,2.0,0.7659570021232028,0.47136979839382864,41,7.480582797551632,21.48188359765585,2.2317947292902676,23.713678326946123
-0.20531149915931035,0.06339939812602075,-0.08014947531262717,-0.11146177806817,0.7424209008585757,-0.00033123110219657995,2.0,0.7659570021232028,0.47136979839382864,41,7.480582796428715,21.481883597866258,2.23179473560366,23.713678333469925
-0.20531149915931035,0.06339939812602075,-0.08014946531262718,-0.11146177806817,0.7424209008585757,-0.00033123110219657995,2.0,0.7659570021232028,0.47136979839382864,41,7.480582797835554,21.481883599538367,2.2317947339749646,23.71367833351334
-0.20531149915931035,0.06339939812602075,-0.08014947531262717,-0.11146176806817,0.7424209008585757,-0.00033123110219657995,2.0,0.7659570021232028,0.47136979839382864,41,7.480582797835554,21.48188359953837,2.2317947339749646,23.71367833351334
-0.20531149915931035,0.06339939812602075,-0.08014947531262717,-0.11146177806817,0.7424209008585757,-0.00033123110219657995,1.99999999,0.7659570021232028,0.47136979839382864,41,7.480582798446846,21.481883603439147,2.2317947329139565,23.713678336353105
-0.20531149915931035,0.06339940812602074,-0.08014947531262717,-0.11146177806817,0.7424209008585757,-0.00033123110219657995,2.0,0.7659570021232028,0.47136979839382864,41,7.480582801833313,21.481883615942582,2.231794717397408,23.713678333339992
-0.20531148915931036,0.06339939812602075,-0.08014947531262717,-0.11146177806817,0.7424209008585757,-0.00033123110219657995,2.0,0.7659570021232028,0.47136979839382864,41,7.480582801833313,21.481883615942586,2.231794717397408,23.713678333339992
-0.20530437602753718,0.06325635461211747,-0.0854641494057211,-0.10538316272469536,0.7419799121488312,0.00012910832836661893,2.0,0.7598872942828445,0.47777030857930836,41,7.481031753722273,21.481944568242646,2.2316012210490377,23.713545789291686
-0.20530436112637598,0.06325635461211747,-0.0854641494057211,-0.10538316272469536,0.7419799270499924,0.00012910832836661893,2.0,0.7598872942828445,0.47777030857930836,41,7.481031756641632,21.481944586122943,2.2316012033174286,23.713545789440374
-0.20530436112637598,0.06325635461211747,-0.0854641494057211,-0.10538316272469536,0.7419799121488312,0.00012910832836661893,2.0,0.7598873091840057,0.47777030857930836,41,7.481031759453035,21.481944591604016,2.231601197931443,23.71354578953546
-0.20530436112637598,0.06325635461211747,-0.0854641494057211,-0.10538316272469536,0.7419799121488312,0.00012910832836661893,2.0,0.7598872942828445,0.47777032348046955,41,7.481031760076693,21.48194459163477,2.231601197931443,23.713545789566215
-0.20530436112637598,0.06325635461211747,-0.08546416430688229,-0.10538316272469536,0.7419799121488312,0.00012910832836661893,2.0,0.7598872942828445,0.47777030857930836,41,7.481031759859684,21.481944593042872,2.2316011963351547,23.713545789378024
-0.20530436112637598,0.06325635461211747,-0.0854641494057211,-0.10538317762585656,0.7419799121488312,0.00012910832836661893,2.0,0.7598872942828445,0.47777030857930836,41,7.481031759859684,21.481944593042872,2.2316011963351547,23.713545789378024
-0.20530436112637598,0.06325635461211747,-0.0854641494057211,-0.10538316272469536,0.7419799121488312,0.00012912322952781278,2.0,0.7598872942828445,0.47777030857930836,41,7.481031763659818,21.481944595375104,2.2316012033174286,23.713545798692532
-0.20530436112637598,0.06325635461211747,-0.0854641494057211,-0.10538316272469536,0.7419799121488312,0.00012910832836661893,2.0,0.7598872942828445,0.47777030857930836,41,7.481031761956348,21.481944595616284,2.2316011939178857,23.713545789534173
-0.20530436112637598,0.06325635461211747,-0.0854641494057211,-0.10538316272469536,0.7419799121488312,0.00012910832836661893,1.9999999701976776,0.7598872942828445,0.47777030857930836,41,7.481031768019812,21.481944612345707,2.231601185890771,23.71354579823647
-0.20530436112637598,0.06325636951327866,-0.0854641494057211,-0.10538316272469536,0.7419799121488312,0.00012910832836661893,2.0,0.7598872942828445,0.47777030857930836,41,7.481031770190436,21.481944622989943,2.2316011667867333,23.713545789776678
-0.2053032404044723,0.06325886985827966,-0.08535982903297043,-0.10548459329973973,0.7419839507764261,-2.462835146330633e-05,2.0,0.7598822899902954,0.4777654784368813,41,7.481016640701921,21.4819543803477,2.2315281028051035,23.71348248315281
-0.2053032404044723,0.06325886985827966,-0.08535982903297043,-0.10548459329973973,0.741983940776426,-2.462835146330633e-05,2.0,0.7598822999902954,0.4777654784368813,41,7.481016642587365,21.481954384023528,2.2315280991913715,23.713482483214904
-0.2053032404044723,0.06325886985827966,-0.08535982903297043,-0.10548459329973973,0.741983940776426,-2.462835146330633e-05,2.0,0.7598822899902954,0.47776548843688127,41,7.481016643006514,21.48195438404519,2.2315280991913715,23.713482483236557
-0.2053032404044723,0.06325886985827966,-0.08535982903297043,-0.10548459329973973,0.741983940776426,-2.4618351463306328e-05,2.0,0.7598822899902954,0.4777654784368813,41,7.481016645406369,21.481954386546306,2.2315280901909573,23.71348247673726
-0.2053032404044723,0.06325886985827966,-0.08535982903297043,-0.10548459329973973,0.741983940776426,-2.462835146330633e-05,2.0,0.7598822899902954,0.4777654784368813,41,7.48101664426661,21.481954386714648,2.2315280964980304,23.713482483212672
-0.2053032404044723,0.06325886985827966,-0.08535981903297044,-0.10548459329973973,0.741983940776426,-2.462835146330633e-05,2.0,0.7598822899902954,0.4777654784368813,41,7.4810166456702305,21.481954388434495,2.231528094875853,23.713482483310344
-0.2053032404044723,0.06325886985827966,-0.08535982903297043,-0.10548458329973974,0.741983940776426,-2.462835146330633e-05,2.0,0.7598822899902954,0.4777654784368813,41,7.4810166456702305,21.481954388434495,2.231528094875853,23.713482483310344
-0.2053032404044723,0.06325886985827966,-0.08535982903297043,-0.10548459329973973,0.741983940776426,-2.462835146330633e-05,1.99999999,0.7598822899902954,0.4777654784368813,41,7.481016646303448,21.481954392331907,2.2315280938046893,23.71348248613659
-0.2053032404044723,0.06325887985827966,-0.08535982903297043,-0.10548459329973973,0.741983940776426,-2.462835146330633e-05,2.0,0.7598822899902954,0.4777654784368813,41,7.481016649806592,21.481954405108514,2.2315280782906535,23.713482483399165
-0.2053032304044723,0.06325886985827966,-0.08535982903297043,-0.10548459329973973,0.741983940776426,-2.462835146330633e-05,2.0,0.7598822899902954,0.4777654784368813,41,7.481016649806592,21.481954405108514,2.2315280782906526,23.713482483399165
-0.2053011764872468,0.0632595544372346,-0.08546246217341812,-0.10538147549239238,0.7419788830290848,1.8609667649227852e-05,2.0,0.7598873301710154,0.4777707182415576,41,7.48102346061362,21.481959265566925,2.231518796466327,23.713478062033253
-0.2053011615860856,0.0632595544372346,-0.08546246217341812,-0.10538147549239238,0.741978897930246,1.8609667649227852e-05,2.0,0.7598873301710154,0.4777707182415576,41,7.481023463553985,21.481959283483487,2.231518778733386,23.71347806221687
-0.2053011615860856,0.0632595544372346,-0.08546246217341812,-0.10538147549239238,0.7419788830290848,1.8609667649227852e-05,2.0,0.7598873450721766,0.4777707182415576,41,7.481023466363727,21.481959288961338,2.2315187733488204,23.71347806231016
-0.2053011615860856,0.0632595544372346,-0.08546246217341812,-0.10538147549239238,0.7419788830290848,1.8609667649227852e-05,2.0,0.7598873301710154,0.4777707331427188,41,7.481023466988306,21.481959288993707,2.2315187733488204,23.71347806234253
-0.2053011615860856,0.0632595544372346,-0.08546246217341812,-0.10538149039355357,0.7419788830290848,1.8609667649227852e-05,2.0,0.7598873301710154,0.4777707182415576,41,7.481023466773326,21.48195929040622,2.2315187717524823,23.713478062158703
-0.2053011615860856,0.0632595544372346,-0.08546247707457931,-0.10538147549239238,0.7419788830290848,1.8609667649227852e-05,2.0,0.7598873301710154,0.4777707182415576,41,7.481023466773328,21.48195929040622,2.2315187717524823,23.713478062158703
-0.2053011615860856,0.0632595544372346,-0.08546246217341812,-0.10538147549239238,0.7419788830290848,1.86245688104217e-05,2.0,0.7598873301710154,0.4777707182415576,41,7.481023470565674,21.48195929272328,2.231518778733386,23.713478071456663
-0.2053011615860856,0.0632595544372346,-0.08546246217341812,-0.10538147549239238,0.7419788830290848,1.8609667649227852e-05,2.0,0.7598873301710154,0.4777707182415576,41,7.481023468866269,21.481959292972036,2.231518769335256,23.713478062307296
-0.2053011615860856,0.0632595544372346,-0.08546246217341812,-0.10538147549239238,0.7419788830290848,1.8609667649227852e-05,1.9999999701976776,0.7598873301710154,0.4777707182415576,41,7.481023474935537,21.481959309711062,2.2315187613081258,23.71347807101919
-0.2053011615860856,0.0632595693383958,-0.08546246217341812,-0.10538147549239238,0.7419788830290848,1.8609667649227852e-05,2.0,0.7598873301710154,0.4777707182415576,41,7.4810234771189315,21.481959320377175,2.2315187422041842,23.71347806258136
-0.2053007151877748,0.063260015777772,-0.08546221891366831,-0.10538123223264258,0.7419787346538956,2.678324637894243e-06,2.0,0.7598873353452569,0.47777077730534867,41,7.481022268003524,21.481961390171726,2.2315069136297128,23.71346830380144
-0.2053007002866136,0.063260015777772,-0.08546221891366831,-0.10538123223264258,0.7419787495550568,2.678324637894243e-06,2.0,0.7598873353452569,0.47777077730534867,41,7.481022270946917,21.48196140809351,2.23150689589658,23.713468303990098
-0.2053007002866136,0.063260015777772,-0.08546221891366831,-0.10538123223264258,0.7419787346538956,2.678324637894243e-06,2.0,0.7598873502464181,0.47777077730534867,41,7.4810222737564205,21.481961413570907,2.2315068905122195,23.713468304083126
-0.2053007002866136,0.063260015777772,-0.08546221891366831,-0.10538123223264258,0.7419787346538956,2.678324637894243e-06,2.0,0.7598873353452569,0.47777079220650986,41,7.481022274381131,21.481961413603507,2.2315068905122195,23.71346830411573
-0.2053007002866136,0.063260015777772,-0.08546221891366831,-0.10538124713380377,0.7419787346538956,2.678324637894243e-06,2.0,0.7598873353452569,0.47777077730534867,41,7.4810222741664445,21.48196141501666,2.231506888915874,23.713468303932526
-0.2053007002866136,0.063260015777772,-0.08546223381482951,-0.10538123223264258,0.7419787346538956,2.678324637894243e-06,2.0,0.7598873353452569,0.47777077730534867,41,7.481022274166445,21.48196141501666,2.231506888915874,23.713468303932526
-0.2053007002866136,0.063260015777772,-0.08546221891366831,-0.10538123223264258,0.7419787346538956,2.6932257990880906e-06,2.0,0.7598873353452569,0.47777077730534867,41,7.4810222779576705,21.481961417331526,2.23150689589658,23.713468313228105
-0.2053007002866136,0.063260015777772,-0.08546221891366831,-0.10538123223264258,0.7419787346538956,2.678324637894243e-06,2.0,0.7598873353452569,0.47777077730534867,41,7.481022276258851,21.481961417581378,2.231506886498653,23.71346830408003
-0.2053007002866136,0.063260015777772,-0.08546221891366831,-0.10538123223264258,0.7419787346538956,2.678324637894243e-06,1.9999999701976776,0.7598873353452569,0.47777077730534867,41,7.481022282328953,21.481961434321786,2.2315068784715213,23.71346831279331
-0.2053007002866136,0.0632600306789332,-0.08546221891366831,-0.10538123223264258,0.7419787346538956,2.678324637894243e-06,2.0,0.7598873353452569,0.47777077730534867,41,7.48102228451419,21.481961444991057,2.231506859367594,23.713468304358653
-0.20530064866568198,0.0632600823057867,-0.08546218383418387,-0.10538119715315813,0.741978713257322,3.8093141951478694e-07,2.0,0.7598873360914129,0.47777078582269417,41,7.481022096085846,21.481961696668474,2.231505200073099,23.713466896741572
-0.2053006337645208,0.0632600823057867,-0.08546218383418387,-0.10538119715315813,0.7419787281584832,3.8093141951478694e-07,2.0,0.7598873360914129,0.47777078582269417,41,7.4810220990296745,21.481961714591016,2.2315051823399386,23.71346689693095
-0.2053006337645208,0.0632600823057867,-0.08546218383418387,-0.10538119715315813,0.741978713257322,3.8093141951478694e-07,2.0,0.7598873509925741,0.47777078582269417,41,7.481022101839144,21.481961720068345,2.231505176955608,23.713466897023952
-0.2053006337645208,0.0632600823057867,-0.08546218383418387,-0.10538119715315813,0.741978713257322,3.8093141951478694e-07,2.0,0.7598873360914129,0.47777080072385536,41,7.481022102463875,21.481961720100976,2.231505176955608,23.713466897056584
-0.2053006337645208,0.0632600823057867,-0.08546218383418387,-0.10538121205431933,0.741978713257322,3.8093141951478694e-07,2.0,0.7598873360914129,0.47777078582269417,41,7.481022102249231,21.481961721514217,2.2315051753592607,23.713466896873477
-0.2053006337645208,0.0632600823057867,-0.08546219873534507,-0.10538119715315813,0.741978713257322,3.8093141951478694e-07,2.0,0.7598873360914129,0.47777078582269417,41,7.481022102249231,21.481961721514217,2.2315051753592607,23.713466896873477
-0.2053006337645208,0.0632600823057867,-0.08546218383418387,-0.10538119715315813,0.741978713257322,3.958325807086346e-07,2.0,0.7598873360914129,0.47777078582269417,41,7.481022106040294,21.481961723828768,2.2315051823399386,23.71346690616871
-0.2053006337645208,0.0632600823057867,-0.08546218383418387,-0.10538119715315813,0.741978713257322,3.8093141951478694e-07,2.0,0.7598873360914129,0.47777078582269417,41,7.481022104341557,21.481961724078783,2.2315051729420405,23.713466897020822
-0.2053006337645208,0.0632600823057867,-0.08546218383418387,-0.10538119715315813,0.741978713257322,3.8093141951478694e-07,1.9999999701976776,0.7598873360914129,0.47777078582269417,41,7.481022110411783,21.481961740819386,2.231505164914909,23.713466905734297
-0.2053006390743131,0.06326009189800944,-0.08546217877631118,-0.10538119209528544,0.7419787101722953,4.968588990672035e-08,2.0,0.7598873361989961,0.47777078705075243,41,7.4810220712995275,21.481961740862584,2.231504953007384,23.71346669386996
-0.2053006377066831,0.06326009326576115,-0.08546217805511086,-0.10538119137408512,0.7419787097324025,2.4537044488810952e-09,2.0,0.7598873362143364,0.4777707872258608,41,7.481022067765282,21.481961747164252,2.2315049177783775,23.713466664942633
-0.2053006376409408,0.06326009333150931,-0.08546217802044259,-0.10538119133941685,0.7419787097112568,1.832420210504414e-10,2.0,0.7598873362150738,0.4777707872342783,41,7.48102206759539,21.481961747467174,2.2315049160849108,23.713466663552083
-0.2053006376316024,0.06326009334084856,-0.0854621780155181,-0.10538119133449236,0.7419787097082531,-1.3926799163850254e-10,2.0,0.7598873362151785,0.477770787235474,41,7.481022067571258,21.4819617475102,2.231504916020028,23.71346666353023
-0.20530063758185263,0.06326009339060273,-0.08546217798928328,-0.10538119130825754,0.7419787096922512,-1.8574146893321754e-09,2.0,0.7598873362157366,0.47777078724184385,41,7.4810220674426935,21.481961747739437,2.2315049169057244,23.713466664645164
-0.20530063755141328,0.0632600934210448,-0.08546217797323152,-0.10538119129220579,0.7419787096824606,-2.908662085589887e-09,2.0,0.759887336216078,0.47777078724574124,41,7.481022067364031,21.481961747879694,2.2315049174476376,23.71346666532733
-0.20530063738689858,0.06326009358557415,-0.08546217788647702,-0.10538119120545128,0.741978709629545,-8.590307803027764e-09,2.0,0.7598873362179233,0.47777078726680533,41,7.481022066938892,21.481961748637733,2.231504920376499,23.71346666901423
-0.2053006337645208,0.06326009720694789,-0.08546218383418387,-0.10538119715315813,0.741978713257322,3.8093141951478694e-07,2.0,0.7598873360914129,0.47777078582269417,41,7.481022112597283,21.481961751489113,2.2315051458109836,23.713466897300098
-0.2053006241731519,0.06326009189800944,-0.08546217877631118,-0.10538119209528544,0.7419787250734565,4.968588990672035e-08,2.0,0.7598873361989961,0.47777078705075243,41,7.48102207424342,21.481961758785232,2.2315049352742196,23.71346669405944
-0.20530062511506644,0.06326009186488936,-0.08546211710787535,-0.10538124682014456,0.7419787230810803,-2.9503888561107673e-08,2.0,0.7598873097345535,0.47777080492110774,41,7.48102206855329,21.48196176313616,2.2315049196233723,23.71346668275953
-0.2053006241731519,0.06326009189800944,-0.08546217877631118,-0.10538119209528544,0.7419787101722953,4.968588990672035e-08,2.0,0.7598873511001573,0.47777078705075243,41,7.481022077052884,21.48196176426255,2.2315049298898932,23.71346669415244
-0.2053006241731519,0.06326009189800944,-0.08546217877631118,-0.10538119209528544,0.7419787101722953,4.968588990672035e-08,2.0,0.7598873361989961,0.4777708019519136,41,7.481022077677617,21.481961764295182,2.2315049298898932,23.713466694185072
-0.20530062280552192,0.06326009326576115,-0.08546217805511086,-0.10538119137408512,0.7419787246335637,2.4537044488810952e-09,2.0,0.7598873362143364,0.4777707872258608,41,7.481022070709184,21.48196176508691,2.231504900045213,23.713466665132124
-0.20530062273977961,0.06326009333150931,-0.08546217802044259,-0.10538119133941685,0.741978724612418,1.832420210504414e-10,2.0,0.7598873362150738,0.4777707872342783,41,7.481022070539291,21.481961765389837,2.231504898351746,23.713466663741585
-0.2053006227304412,0.06326009334084856,-0.0854621780155181,-0.10538119133449236,0.7419787246094143,-1.3926799163850254e-10,2.0,0.7598873362151785,0.477770787235474,41,7.481022070515158,21.481961765432864,2.2315048982868633,23.713466663719732
-0.20530062268069144,0.06326009339060273,-0.08546217798928328,-0.10538119130825754,0.7419787245934124,-1.8574146893321754e-09,2.0,0.7598873362157366,0.47777078724184385,41,7.4810220703865955,21.4819617656621,2.23150489917256,23.713466664834662
-0.2053006241731519,0.06326009189800944,-0.08546219367747238,-0.10538119209528544,0.7419787101722953,4.968588990672035e-08,2.0,0.7598873361989961,0.47777078705075243,41,7.48102207746298,21.48196176570844,2.2315049282935466,23.713466694001987
-0.2053006241731519,0.06326009189800944,-0.08546217877631118,-0.10538120699644664,0.7419787101722953,4.968588990672035e-08,2.0,0.7598873361989961,0.47777078705075243,41,7.48102207746298,21.481961765708444,2.2315049282935466,23.713466694001987
-0.2053006226502521,0.0632600934210448,-0.08546217797323152,-0.10538119129220579,0.7419787245836218,-2.908662085589887e-09,2.0,0.759887336216078,0.47777078724574124,41,7.481022070307934,21.48196176580236,2.231504899714473,23.71346666551683
-0.20530062248573738,0.06326009358557415,-0.08546217788647702,-0.10538119120545128,0.7419787245307062,-8.590307803027764e-09,2.0,0.7598873362179233,0.47777078726680533,41,7.481022069882796,21.481961766560403,2.231504902643334,23.713466669203736
-0.20530062511506644,0.06326009186488936,-0.08546211710787535,-0.10538124682014456,0.7419787130810802,-2.9503888561107673e-08,2.0,0.7598873197345536,0.47777080492110774,41,7.48102207043869,21.48196176681192,2.2315049160100116,23.713466682821938
-0.20530062511506644,0.06326009186488936,-0.08546211710787535,-0.10538124682014456,0.7419787130810802,-2.9503888561107673e-08,2.0,0.7598873097345535,0.47777081492110773,41,7.481022070857941,21.481961766833827,2.2315049160100116,23.71346668284384
-0.2053006241731519,0.06326009189800944,-0.08546217877631118,-0.10538119209528544,0.7419787101722953,6.4587051100568e-08,2.0,0.7598873361989961,0.47777078705075243,41,7.481022081254019,21.48196176802294,2.2315049352742196,23.713466703297165
-0.2053006241731519,0.06326009189800944,-0.08546217877631118,-0.10538119209528544,0.7419787101722953,4.968588990672035e-08,2.0,0.7598873361989961,0.47777078705075243,41,7.481022079555295,21.48196176827298,2.2315049258763264,23.713466694149304
-0.2053006230307919,0.06326009322887972,-0.08546216528719754,-0.10538120273426314,0.7419787203450412,-1.2925650205162673e-08,2.0,0.7598873307279751,0.477770790926506,41,7.481022070992148,21.481961768324293,2.2315049037129606,23.71346667203725
-0.20530062511506644,0.06326009186488936,-0.08546211710787535,-0.10538124682014456,0.7419787130810802,-1.9503888561107673e-08,2.0,0.7598873097345535,0.47777080492110774,41,7.481022073258021,21.48196176933548,2.2315049070097337,23.713466676345217
-0.20530062511506644,0.06326009186488936,-0.08546211710787535,-0.10538124682014456,0.7419787130810802,-2.9503888561107673e-08,2.0,0.7598873097345535,0.47777080492110774,41,7.481022072118031,21.48196176950328,2.231504913316553,23.71346668281983
-0.20530062248573738,0.06326009358557415,-0.08546217788647702,-0.10538119120545128,0.7419787196295451,-8.590307803027764e-09,2.0,0.7598873362179233,0.47777078726680533,41,7.481022071629931,21.48196176968103,2.2315048995522604,23.71346666923329
-0.20530062280552192,0.06326009326576115,-0.08546217805511086,-0.10538119137408512,0.7419787097324025,2.4537044488810952e-09,2.0,0.7598873511154975,0.4777707872258608,41,7.481022073518646,21.48196177056423,2.2315048946608864,23.71346666522512
-0.20530062280552192,0.06326009326576115,-0.08546217805511086,-0.10538119137408512,0.7419787097324025,2.4537044488810952e-09,2.0,0.7598873362143364,0.477770802127022,41,7.481022074143381,21.48196177059687,2.2315048946608864,23.713466665257755
-0.20530062273977961,0.06326009333150931,-0.08546217802044259,-0.10538119133941685,0.7419787097112568,1.832420210504414e-10,2.0,0.759887351116235,0.4777707872342783,41,7.481022073348755,21.481961770867155,2.2315048929674193,23.713466663834573
-0.20530062273977961,0.06326009333150931,-0.08546217802044259,-0.10538119133941685,0.7419787097112568,1.832420210504414e-10,2.0,0.7598873362150738,0.4777708021354395,41,7.48102207397349,21.481961770899794,2.2315048929674193,23.713466663867212
-0.2053006227304412,0.06326009334084856,-0.0854621780155181,-0.10538119133449236,0.7419787097082531,-1.3926799163850254e-10,2.0,0.7598873511163396,0.477770787235474,41,7.481022073324622,21.481961770910186,2.231504892902538,23.713466663812724
-0.2053006227304412,0.06326009334084856,-0.0854621780155181,-0.10538119133449236,0.7419787097082531,-1.3926799163850254e-10,2.0,0.7598873362151785,0.4777708021366352,41,7.481022073949356,21.48196177094282,2.231504892902538,23.71346666384536
-0.20530062268069144,0.06326009339060273,-0.08546217798928328,-0.10538119130825754,0.7419787096922512,-1.8574146893321754e-09,2.0,0.7598873511168978,0.47777078724184385,41,7.48102207319606,21.481961771139417,2.231504893788234,23.71346666492765
-0.20530062268069144,0.06326009339060273,-0.08546217798928328,-0.10538119130825754,0.7419787096922512,-1.8574146893321754e-09,2.0,0.7598873362157366,0.47777080214300505,41,7.481022073820793,21.481961771172056,2.231504893788234,23.713466664960293
-0.20530062511506644,0.06326009186488936,-0.08546211710787535,-0.10538123682014457,0.7419787130810802,-2.9503888561107673e-08,2.0,0.7598873097345535,0.47777080492110774,41,7.481022073522158,21.481961771224313,2.2315049116943846,23.713466682918693
-0.20530062511506644,0.06326009186488936,-0.08546210710787536,-0.10538124682014456,0.7419787130810802,-2.9503888561107673e-08,2.0,0.7598873097345535,0.47777080492110774,41,7.481022073522158,21.481961771224313,2.2315049116943846,23.713466682918693
-0.2053006226502521,0.0632600934210448,-0.08546217797323152,-0.10538119129220579,0.7419787096824606,-2.908662085589887e-09,2.0,0.7598873511172392,0.47777078724574124,41,7.481022073117398,21.48196177127968,2.231504894330146,23.713466665609822
-0.2053006226502521,0.0632600934210448,-0.08546217797323152,-0.10538119129220579,0.7419787096824606,-2.908662085589887e-09,2.0,0.759887336216078,0.47777080214690243,41,7.481022073742131,21.481961771312314,2.231504894330146,23.71346666564246
-0.2053006230307919,0.06326009322887972,-0.08546216528719754,-0.10538120273426314,0.7419787103450411,-1.2925650205162673e-08,2.0,0.7598873407279751,0.477770790926506,41,7.481022072877547,21.481961772000055,2.2315049000996,23.713466672099656
-0.20530062280552192,0.06326009326576115,-0.08546219295627205,-0.10538119137408512,0.7419787097324025,2.4537044488810952e-09,2.0,0.7598873362143364,0.4777707872258608,41,7.4810220739287425,21.481961772010123,2.2315048930645394,23.713466665074666
-0.20530062280552192,0.06326009326576115,-0.08546217805511086,-0.10538120627524632,0.7419787097324025,2.4537044488810952e-09,2.0,0.7598873362143364,0.4777707872258608,41,7.4810220739287425,21.481961772010123,2.2315048930645394,23.713466665074666
-0.2053006230307919,0.06326009322887972,-0.08546216528719754,-0.10538120273426314,0.7419787103450411,-1.2925650205162673e-08,2.0,0.7598873307279751,0.477770800926506,41,7.4810220732968,21.48196177202196,2.2315049000996,23.713466672121555
-0.20530062248573738,0.06326009358557415,-0.08546217788647702,-0.10538119120545128,0.741978709629545,-8.590307803027764e-09,2.0,0.7598873511190845,0.47777078726680533,41,7.481022072692258,21.481961772037717,2.2315048972590072,23.713466669296725
-0.20530062248573738,0.06326009358557415,-0.08546217788647702,-0.10538119120545128,0.741978709629545,-8.590307803027764e-09,2.0,0.7598873362179233,0.4777708021679665,41,7.481022073316993,21.481961772070363,2.2315048972590072,23.71346666932936
-0.20530062273977961,0.06326009333150931,-0.08546217802044259,-0.10538120624057805,0.7419787097112568,1.832420210504414e-10,2.0,0.7598873362150738,0.4777707872342783,41,7.481022073758851,21.48196177231305,2.231504891371073,23.71346666368412
-0.20530062273977961,0.06326009333150931,-0.08546219292160379,-0.10538119133941685,0.7419787097112568,1.832420210504414e-10,2.0,0.7598873362150738,0.4777707872342783,41,7.481022073758851,21.48196177231305,2.231504891371073,23.71346666368412
-0.20530062142769037,0.06326009427798099,-0.0854622023439019,-0.10538116882599295,0.7419787182406408,-1.7464314006000333e-10,2.0,0.7598873468748816,0.47777078016268043,41,7.481022072867976,21.481961772314698,2.231504891475606,23.713466663790307
-0.2053006227304412,0.06326009334084856,-0.0854621780155181,-0.10538120623565356,0.7419787097082531,-1.3926799163850254e-10,2.0,0.7598873362151785,0.477770787235474,41,7.481022073734717,21.48196177235608,2.2315048913061903,23.71346666366227
-0.2053006227304412,0.06326009334084856,-0.0854621929166793,-0.10538119133449236,0.7419787097082531,-1.3926799163850254e-10,2.0,0.7598873362151785,0.477770787235474,41,7.481022073734718,21.48196177235608,2.2315048913061903,23.71346666366227
-0.20530062268069144,0.06326009339060273,-0.08546219289044447,-0.10538119130825754,0.7419787096922512,-1.8574146893321754e-09,2.0,0.7598873362157366,0.47777078724184385,41,7.481022073606154,21.48196177258531,2.2315048921918867,23.7134666647772
-0.20530062268069144,0.06326009339060273,-0.08546217798928328,-0.10538120620941874,0.7419787096922512,-1.8574146893321754e-09,2.0,0.7598873362157366,0.47777078724184385,41,7.481022073606154,21.48196177258531,2.2315048921918867,23.7134666647772
-0.2053006226502521,0.0632600934210448,-0.08546219287439272,-0.10538119129220579,0.7419787096824606,-2.908662085589887e-09,2.0,0.759887336216078,0.47777078724574124,41,7.481022073527494,21.481961772725573,2.2315048927338,23.71346666545937
-0.2053006226502521,0.0632600934210448,-0.08546217797323152,-0.10538120619336698,0.7419787096824606,-2.908662085589887e-09,2.0,0.759887336216078,0.47777078724574124,41,7.481022073527494,21.481961772725573,2.2315048927338,23.71346666545937
-0.2053006210501951,0.06326009452502135,-0.08546221106994421,-0.10538116084133792,0.7419787177451005,2.827939774533936e-09,2.0,0.7598873506771245,0.47777077762803527,41,7.481022073309694,21.48196177325435,2.231504892161038,23.71346666541539
-0.20530062248573738,0.06326009358557415,-0.08546217788647702,-0.10538119120545128,0.741978709629545,-8.590307803027764e-09,2.0,0.7598873462179233,0.47777078726680533,41,7.481022073515329,21.481961773356794,2.2315048959388992,23.713466669295695
-0.20530062248573738,0.06326009358557415,-0.08546217788647702,-0.10538119120545128,0.741978709629545,-8.590307803027764e-09,2.0,0.7598873362179233,0.4777707972668053,41,7.4810220739345805,21.4819617733787,2.2315048959388992,23.713466669317594
-0.20530062248573738,0.06326009358557415,-0.08546217788647702,-0.10538120610661247,0.741978709629545,-8.590307803027764e-09,2.0,0.7598873362179233,0.47777078726680533,41,7.481022073102355,21.481961773483615,2.2315048956626606,23.713466669146275
-0.20530062248573738,0.06326009358557415,-0.08546219278763821,-0.10538119120545128,0.741978709629545,-8.590307803027764e-09,2.0,0.7598873362179233,0.47777078726680533,41,7.481022073102355,21.481961773483615,2.2315048956626606,23.713466669146275
-0.20530062280552192,0.06326009326576115,-0.08546217805511086,-0.10538119137408512,0.7419787097324025,1.735486564272875e-08,2.0,0.7598873362143364,0.4777707872258608,41,7.48102207771978,21.481961774324624,2.231504900045213,23.71346667436984
-0.2053006230307919,0.06326009322887972,-0.08546216528719754,-0.10538120273426314,0.7419787103450411,-2.9256502051626726e-09,2.0,0.7598873307279751,0.477770790926506,41,7.48102207569688,21.48196177452361,2.2315048910993225,23.713466665622935
-0.20530062280552192,0.06326009326576115,-0.08546217805511086,-0.10538119137408512,0.7419787097324025,2.4537044488810952e-09,2.0,0.7598873362143364,0.4777707872258608,41,7.481022076021058,21.481961774574664,2.23150489064732,23.713466665221986
-0.20530062273977961,0.06326009333150931,-0.08546217802044259,-0.10538119133941685,0.7419787097112568,1.50844032148981e-08,2.0,0.7598873362150738,0.4777707872342783,41,7.481022077549887,21.481961774627546,2.231504898351746,23.713466672979294
-0.2053006230307919,0.06326009322887972,-0.08546216528719754,-0.10538120273426314,0.7419787103450411,-1.2925650205162673e-08,2.0,0.7598873307279751,0.477770790926506,41,7.481022074556889,21.481961774691413,2.2315048974061416,23.71346667209755
-0.20530062273977961,0.06326009333150931,-0.08546217802044259,-0.10538119133941685,0.7419787097112568,1.832420210504414e-10,2.0,0.7598873362150738,0.4777707872342783,41,7.4810220758511665,21.48196177487759,2.231504888953853,23.71346666383144
-0.2053006227304412,0.06326009334084856,-0.0854621780155181,-0.10538119133449236,0.7419787097082531,-1.3926799163850254e-10,2.0,0.7598873362151785,0.477770787235474,41,7.481022075827033,21.481961774920617,2.2315048888889706,23.713466663809587
-0.20530062511506644,0.06326009186488936,-0.08546211710787535,-0.10538124682014456,0.7419787130810802,-2.9503888561107673e-08,1.99999999,0.7598873097345535,0.47777080492110774,41,7.481022074154866,21.481961775120503,2.2315049106230944,23.7134666857436
-0.20530062268069144,0.06326009339060273,-0.08546217798928328,-0.10538119130825754,0.7419787096922512,-1.8574146893321754e-09,2.0,0.7598873362157366,0.47777078724184385,41,7.481022075698471,21.48196177514985,2.2315048897746674,23.713466664924518
-0.2053006227304412,0.06326009334084856,-0.0854621780155181,-0.10538119133449236,0.7419787097082531,-1.504042918548616e-08,2.0,0.7598873362151785,0.477770787235474,41,7.4810220741283135,21.48196177517066,2.2315048982868633,23.713466673457518
-0.2053006226502521,0.0632600934210448,-0.08546217797323152,-0.10538119129220579,0.7419787096824606,-2.908662085589887e-09,2.0,0.759887336216078,0.47777078724574124,41,7.4810220756198085,21.48196177529011,2.2315048903165797,23.71346666560669
-0.20530062268069144,0.06326009339060273,-0.08546217798928328,-0.10538119130825754,0.7419787096922512,-1.6758575883179832e-08,2.0,0.7598873362157366,0.47777078724184385,41,7.48102207399975,21.481961775399895,2.23150489917256,23.71346667457245
-0.2053006226502521,0.0632600934210448,-0.08546217797323152,-0.10538119129220579,0.7419787096824606,-1.7809823279437544e-08,2.0,0.759887336216078,0.47777078724574124,41,7.481022073921086,21.48196177554015,2.231504899714473,23.71346667525462
-0.20530062248573738,0.06326009358557415,-0.08546217788647702,-0.10538119120545128,0.741978709629545,1.4096921969722363e-09,2.0,0.7598873362179233,0.47777078726680533,41,7.481022076334663,21.48196177588035,2.231504888716757,23.71346666459711
-0.20530062142769037,0.06326009427798099,-0.0854622023439019,-0.10538116882599295,0.7419787082406407,-1.7464314006000333e-10,2.0,0.7598873568748816,0.47777078016268043,41,7.481022074753375,21.481961775990463,2.2315048878622457,23.713466663852707
-0.20530062142769037,0.06326009427798099,-0.0854622023439019,-0.10538116882599295,0.7419787082406407,-1.7464314006000333e-10,2.0,0.7598873468748816,0.4777707901626804,41,7.4810220751726275,21.48196177601237,2.2315048878622457,23.713466663874613
-0.20530062248573738,0.06326009358557415,-0.08546217788647702,-0.10538119120545128,0.741978709629545,-8.590307803027764e-09,2.0,0.7598873362179233,0.47777078726680533,41,7.48102207519467,21.481961776048152,2.231504893245441,23.71346666929359
-0.20530062248573738,0.06326009358557415,-0.08546217788647702,-0.10538119120545128,0.741978709629545,-8.590307803027764e-09,2.0,0.7598873362179233,0.47777078726680533,41,7.48102207519467,21.481961776048152,2.231504893245441,23.71346666929359
-0.20530062248573738,0.06326009358557415,-0.08546217788647702,-0.10538119120545128,0.741978709629545,-2.349146899687542e-08,2.0,0.7598873362179233,0.47777078726680533,41,7.481022073495948,21.481961776298192,2.231504902643334,23.71346667894153
-0.2053006230307919,0.06326009322887972,-0.08546215528719754,-0.10538120273426314,0.7419787103450411,-1.2925650205162673e-08,2.0,0.7598873307279751,0.477770790926506,41,7.481022075961018,21.481961776412447,2.2315048957839725,23.713466672196418
-0.2053006230307919,0.06326009322887972,-0.08546216528719754,-0.10538119273426315,0.7419787103450411,-1.2925650205162673e-08,2.0,0.7598873307279751,0.477770790926506,41,7.481022075961018,21.481961776412447,2.2315048957839725,23.713466672196414
-0.2053006210501951,0.06326009452502135,-0.08546221106994421,-0.10538116084133792,0.7419787077451004,2.827939774533936e-09,2.0,0.7598873606771246,0.47777077762803527,41,7.481022075195092,21.481961776930113,2.2315048885476787,23.713466665477796
-0.2053006210501951,0.06326009452502135,-0.08546221106994421,-0.10538116084133792,0.7419787077451004,2.827939774533936e-09,2.0,0.7598873506771245,0.47777078762803527,41,7.481022075614344,21.481961776952023,2.2315048885476787,23.7134666654997
-0.20530062248573738,0.06326009358557415,-0.08546217788647702,-0.10538118120545129,0.741978709629545,-8.590307803027764e-09,2.0,0.7598873362179233,0.47777078726680533,41,7.481022076598799,21.481961777769186,2.2315048916232723,23.71346666939246
-0.20530062248573738,0.06326009358557415,-0.08546216788647702,-0.10538119120545128,0.741978709629545,-8.590307803027764e-09,2.0,0.7598873362179233,0.47777078726680533,41,7.481022076598798,21.481961777769186,2.2315048916232723,23.71346666939246
-0.20530062142769037,0.06326009427798099,-0.0854622023439019,-0.10538116882599295,0.7419787082406407,9.825356859939997e-09,2.0,0.7598873468748816,0.47777078016268043,41,7.4810220775727085,21.481961778514023,2.2315048912553177,23.71346666976934
-0.20530062142769037,0.06326009427798099,-0.0854622023439019,-0.10538116882599295,0.7419787082406407,-1.7464314006000333e-10,2.0,0.7598873468748816,0.47777078016268043,41,7.481022076432716,21.481961778681818,2.231504885168787,23.713466663850603
-0.2053006210501951,0.06326009452502135,-0.08546221106994421,-0.10538116084133792,0.7419787077451004,1.2827939774533936e-08,2.0,0.7598873506771245,0.47777077762803527,41,7.4810220780144245,21.481961779453673,2.231504892161038,23.713466671614714
-0.2053006210501951,0.06326009452502135,-0.08546221106994421,-0.10538116084133792,0.7419787077451004,2.827939774533936e-09,2.0,0.7598873506771245,0.47777077762803527,41,7.481022076874432,21.48196177962147,2.2315048858542195,23.713466665475696
-0.2053006230307919,0.06326009322887972,-0.08546216528719754,-0.10538120273426314,0.7419787103450411,-1.2925650205162673e-08,1.99999999,0.7598873307279751,0.477770790926506,41,7.481022076593723,21.481961780308637,2.2315048947126828,23.71346667502132
-0.20530062142769037,0.06326009427798099,-0.0854622023439019,-0.10538115882599296,0.7419787082406407,-1.7464314006000333e-10,2.0,0.7598873468748816,0.47777078016268043,41,7.481022077836843,21.48196178040285,2.2315048835466182,23.713466663949475
-0.20530062142769037,0.06326009427798099,-0.0854621923439019,-0.10538116882599295,0.7419787082406407,-1.7464314006000333e-10,2.0,0.7598873468748816,0.47777078016268043,41,7.481022077836845,21.48196178040285,2.2315048835466182,23.713466663949475
-0.2053006210501951,0.06326009452502135,-0.08546221106994421,-0.10538115084133792,0.7419787077451004,2.827939774533936e-09,2.0,0.7598873506771245,0.47777077762803527,41,7.481022078278561,21.481961781342513,2.2315048842320504,23.713466665574558
-0.2053006210501951,0.06326009452502135,-0.08546220106994422,-0.10538116084133792,0.7419787077451004,2.827939774533936e-09,2.0,0.7598873506771245,0.47777077762803527,41,7.481022078278561,21.481961781342513,2.2315048842320504,23.713466665574558
-0.20530062248573738,0.06326009358557415,-0.08546217788647702,-0.10538119120545128,0.741978709629545,-8.590307803027764e-09,1.99999999,0.7598873362179233,0.47777078726680533,41,7.481022077231507,21.481961781665376,2.2315048905519825,23.713466672217358
-0.20530062142769037,0.06326009427798099,-0.0854622023439019,-0.10538116882599295,0.7419787082406407,-1.7464314006000333e-10,1.99999999,0.7598873468748816,0.47777078016268043,41,7.481022078469551,21.481961784299045,2.2315048824753285,23.713466666774373
-0.2053006241731519,0.06326009189800944,-0.08546217877631118,-0.10538119209528544,0.7419787101722953,4.968588990672035e-08,1.9999999701976776,0.7598873361989961,0.47777078705075243,41,7.481022085625537,21.481961785013617,2.2315049178491946,23.713466702862807
-0.2053006210501951,0.06326009452502135,-0.08546221106994421,-0.10538116084133792,0.7419787077451004,2.827939774533936e-09,1.99999999,0.7598873506771245,0.47777077762803527,41,7.481022078911269,21.4819617852387,2.2315048831607607,23.713466668399462
-0.20530062511506644,0.06326010186488935,-0.08546211710787535,-0.10538124682014456,0.7419787130810802,-2.9503888561107673e-08,2.0,0.7598873097345535,0.47777080492110774,41,7.4810220776583956,21.481961787898115,2.2315048951092082,23.713466683007322
-0.20530061511506645,0.06326009186488936,-0.08546211710787535,-0.10538124682014456,0.7419787130810802,-2.9503888561107673e-08,2.0,0.7598873097345535,0.47777080492110774,41,7.4810220776583956,21.481961787898115,2.2315048951092082,23.71346668300732
-0.20530062280552192,0.06326009326576115,-0.08546217805511086,-0.10538119137408512,0.7419787097324025,2.4537044488810952e-09,1.9999999701976776,0.7598873362143364,0.4777707872258608,41,7.481022082091304,21.481961791315303,2.231504882620188,23.713466673935493
-0.20530062273977961,0.06326009333150931,-0.08546217802044259,-0.10538119133941685,0.7419787097112568,1.832420210504414e-10,1.9999999701976776,0.7598873362150738,0.4777707872342783,41,7.481022081921411,21.48196179161823,2.231504880926721,23.71346667254495
-0.2053006227304412,0.06326009334084856,-0.0854621780155181,-0.10538119133449236,0.7419787097082531,-1.3926799163850254e-10,1.9999999701976776,0.7598873362151785,0.477770787235474,41,7.481022081897278,21.481961791661256,2.2315048808618387,23.713466672523094
-0.20530062268069144,0.06326009339060273,-0.08546217798928328,-0.10538119130825754,0.7419787096922512,-1.8574146893321754e-09,1.9999999701976776,0.7598873362157366,0.47777078724184385,41,7.481022081768716,21.481961791890487,2.2315048817475347,23.713466673638028
-0.2053006226502521,0.0632600934210448,-0.08546217797323152,-0.10538119129220579,0.7419787096824606,-2.908662085589887e-09,1.9999999701976776,0.759887336216078,0.47777078724574124,41,7.481022081690054,21.481961792030752,2.2315048822894474,23.7134666743202
-0.20530062248573738,0.06326009358557415,-0.08546217788647702,-0.10538119120545128,0.741978709629545,-8.590307803027764e-09,1.9999999701976776,0.7598873362179233,0.47777078726680533,41,7.481022081264915,21.481961792788788,2.231504885218309,23.713466678007098
-0.2053006230307919,0.06326010322887972,-0.08546216528719754,-0.10538120273426314,0.7419787103450411,-1.2925650205162673e-08,2.0,0.7598873307279751,0.477770790926506,41,7.481022080097255,21.481961793086242,2.231504879198797,23.71346667228504
-0.20530061303079192,0.06326009322887972,-0.08546216528719754,-0.10538120273426314,0.7419787103450411,-1.2925650205162673e-08,2.0,0.7598873307279751,0.477770790926506,41,7.481022080097255,21.481961793086242,2.231504879198797,23.71346667228504
-0.2053006124857374,0.06326009358557415,-0.08546217788647702,-0.10538119120545128,0.741978709629545,-8.590307803027764e-09,2.0,0.7598873362179233,0.47777078726680533,41,7.481022080735037,21.48196179444298,2.231504875038097,23.71346666948108
-0.20530062248573738,0.06326010358557414,-0.08546217788647702,-0.10538119120545128,0.741978709629545,-8.590307803027764e-09,2.0,0.7598873362179233,0.47777078726680533,41,7.481022080735037,21.48196179444298,2.231504875038097,23.71346666948108
-0.2053006241731519,0.06326010679917063,-0.08546217877631118,-0.10538119209528544,0.7419787101722953,4.968588990672035e-08,2.0,0.7598873361989961,0.47777078705075243,41,7.481022087811076,21.481961795683404,2.2315048987452695,23.71346669442867
-0.20530062142769037,0.06326010427798098,-0.0854622023439019,-0.10538116882599295,0.7419787082406407,-1.7464314006000333e-10,2.0,0.7598873468748816,0.47777078016268043,41,7.481022081973082,21.48196179707665,2.231504866961443,23.713466664038098
-0.20530061142769038,0.06326009427798099,-0.0854622023439019,-0.10538116882599295,0.7419787082406407,-1.7464314006000333e-10,2.0,0.7598873468748816,0.47777078016268043,41,7.481022081973082,21.48196179707665,2.231504866961443,23.713466664038098
-0.2053006210501951,0.06326010452502134,-0.08546221106994421,-0.10538116084133792,0.7419787077451004,2.827939774533936e-09,2.0,0.7598873506771245,0.47777077762803527,41,7.481022082414799,21.481961798016307,2.231504867646874,23.71346666566318
-0.2053006110501951,0.06326009452502135,-0.08546221106994421,-0.10538116084133792,0.7419787077451004,2.827939774533936e-09,2.0,0.7598873506771245,0.47777077762803527,41,7.481022082414799,21.481961798016307,2.2315048676468745,23.713466665663184
-0.20530062280552192,0.06326010816692235,-0.08546217805511086,-0.10538119137408512,0.7419787097324025,2.4537044488810952e-09,2.0,0.7598873362143364,0.4777707872258608,41,7.481022084276846,21.481961801985104,2.231504863516262,23.713466665501365
-0.20530062273977961,0.0632601082326705,-0.08546217802044259,-0.10538119133941685,0.7419787097112568,1.832420210504414e-10,2.0,0.7598873362150738,0.4777707872342783,41,7.481022084106957,21.48196180228803,2.231504861822796,23.713466664110822
-0.2053006227304412,0.06326010824200975,-0.0854621780155181,-0.10538119133449236,0.7419787097082531,-1.3926799163850254e-10,2.0,0.7598873362151785,0.477770787235474,41,7.4810220840828245,21.481961802331057,2.231504861757913,23.71346666408897
-0.20530062268069144,0.06326010829176393,-0.08546217798928328,-0.10538119130825754,0.7419787096922512,-1.8574146893321754e-09,2.0,0.7598873362157366,0.47777078724184385,41,7.481022083954262,21.481961802560292,2.2315048626436096,23.7134666652039
-0.2053006226502521,0.063260108322206,-0.08546217797323152,-0.10538119129220579,0.7419787096824606,-2.908662085589887e-09,2.0,0.759887336216078,0.47777078724574124,41,7.481022083875599,21.481961802700546,2.2315048631855228,23.713466665886074
-0.20530062248573738,0.06326010848673534,-0.08546217788647702,-0.10538119120545128,0.741978709629545,-8.590307803027764e-09,2.0,0.7598873362179233,0.47777078726680533,41,7.481022083450462,21.481961803458592,2.2315048661143835,23.713466669572977
-0.20530060542584724,0.06326010474990276,-0.08546257223661287,-0.10538083036033061,0.7419786972349302,1.2710339339358333e-07,2.0,0.759887508050117,0.4777706727202976,41,7.481022091592108,21.48196181214615,2.231504929648382,23.713466741794534
-0.20530060542584724,0.06326010474990276,-0.08546257223661287,-0.10538083036033061,0.7419786872349301,1.2710339339358333e-07,2.0,0.759887518050117,0.4777706727202976,41,7.481022093477506,21.48196181582192,2.2315049260350217,23.713466741856937
-0.20530060542584724,0.06326010474990276,-0.08546257223661287,-0.10538083036033061,0.7419786872349301,1.2710339339358333e-07,2.0,0.759887508050117,0.4777706827202976,41,7.481022093896758,21.48196181584382,2.2315049260350217,23.713466741878843
-0.20530060542584724,0.06326010474990276,-0.08546257223661287,-0.10538083036033061,0.7419786872349301,1.3710339339358334e-07,2.0,0.759887508050117,0.4777706727202976,41,7.481022096296838,21.481961818345475,2.231504929648382,23.713466747993863
-0.20530060542584724,0.06326010474990276,-0.08546257223661287,-0.10538083036033061,0.7419786872349301,1.2710339339358333e-07,2.0,0.759887508050117,0.4777706727202976,41,7.481022095156847,21.481961818513273,2.231504923341562,23.713466741854837
-0.20530060542584724,0.06326010474990276,-0.08546257223661287,-0.10538082036033061,0.7419786872349301,1.2710339339358333e-07,2.0,0.759887508050117,0.4777706727202976,41,7.481022096560979,21.48196182023431,2.231504921719394,23.713466741953706
-0.20530060542584724,0.06326010474990276,-0.08546256223661287,-0.10538083036033061,0.7419786872349301,1.2710339339358333e-07,2.0,0.759887508050117,0.4777706727202976,41,7.481022096560979,21.48196182023431,2.231504921719394,23.71346674195371
-0.20530060542584724,0.06326010474990276,-0.08546257223661287,-0.10538083036033061,0.7419786872349301,1.2710339339358333e-07,1.99999999,0.759887508050117,0.4777706727202976,41,7.481022097193682,21.481961824130497,2.231504920648103,23.713466744778604
-0.20530060542584724,0.06326011474990276,-0.08546257223661287,-0.10538083036033061,0.7419786872349301,1.2710339339358333e-07,2.0,0.759887508050117,0.4777706727202976,41,7.481022100697216,21.481961836908113,2.231504905134218,23.713466742042332
-0.20530059542584725,0.06326010474990276,-0.08546257223661287,-0.10538083036033061,0.7419786872349301,1.2710339339358333e-07,2.0,0.759887508050117,0.4777706727202976,41,7.481022100697216,21.481961836908113,2.231504905134218,23.713466742042332
-0.20530049442865841,0.06326017738865249,-0.08546513800673906,-0.10537848258472048,0.7419785515282884,1.0099707064410735e-06,2.0,0.7598886260462054,0.47776992744349717,41,7.481022221472319,21.481962088437847,2.2315051959632384,23.713467284401084
-0.20530049442865841,0.06326017738865249,-0.08546513800673906,-0.10537848258472048,0.7419785415282883,1.0099707064410735e-06,2.0,0.7598886360462055,0.47776992744349717,41,7.481022223357712,21.4819620921136,2.2315051923498745,23.713467284463476
-0.20530049442865841,0.06326017738865249,-0.08546513800673906,-0.10537848258472048,0.7419785415282883,1.0099707064410735e-06,2.0,0.7598886260462054,0.47776993744349716,41,7.481022223776968,21.481962092135515,2.2315051923498745,23.713467284485386
-0.20530049442865841,0.06326017738865249,-0.08546513800673906,-0.10537848258472048,0.7419785415282883,1.0199707064410734e-06,2.0,0.7598886260462054,0.47776992744349717,41,7.481022226177052,21.48196209463718,2.2315051959632384,23.713467290600416
-0.20530049442865841,0.06326017738865249,-0.08546513800673906,-0.10537848258472048,0.7419785415282883,1.0099707064410735e-06,2.0,0.7598886260462054,0.47776992744349717,41,7.481022225037057,21.481962094804967,2.2315051896564113,23.71346728446138
-0.20530049442865841,0.06326017738865249,-0.08546513800673906,-0.10537847258472048,0.7419785415282883,1.0099707064410735e-06,2.0,0.7598886260462054,0.47776992744349717,41,7.481022226441201,21.48196209652603,2.2315051880342405,23.71346728456027
-0.20530049442865841,0.06326017738865249,-0.08546512800673907,-0.10537848258472048,0.7419785415282883,1.0099707064410735e-06,2.0,0.7598886260462054,0.47776992744349717,41,7.481022226441202,21.48196209652603,2.2315051880342405,23.71346728456027
-0.20530049442865841,0.06326017738865249,-0.08546513800673906,-0.10537848258472048,0.7419785415282883,1.0099707064410735e-06,1.99999999,0.7598886260462054,0.47776992744349717,41,7.481022227073893,21.48196210042219,2.231505186962947,23.713467287385132
-0.20530048442865842,0.06326017738865249,-0.08546513800673906,-0.10537848258472048,0.7419785415282883,1.0099707064410735e-06,2.0,0.7598886260462054,0.47776992744349717,41,7.481022230577435,21.481962113199817,2.2315051714490677,23.71346728464889
-0.20530049442865841,0.06326018738865248,-0.08546513800673906,-0.10537848258472048,0.7419785415282883,1.0099707064410735e-06,2.0,0.7598886260462054,0.47776992744349717,41,7.481022230577435,21.481962113199817,2.231505171449068,23.71346728464889
-0.20529972159051701,0.063260683149176,-0.08548300264850436,-0.105362135769473,0.7419775370192605,7.157095155703304e-06,2.0,0.7598964102975732,0.47776473831804916,41,7.481023125777309,21.481964012159146,2.2315070502480006,23.71347106240714
-0.20529972159051701,0.063260683149176,-0.08548300264850436,-0.105362135769473,0.7419775270192605,7.157095155703304e-06,2.0,0.7598964202975732,0.47776473831804916,41,7.481023127662667,21.48196401583484,2.2315070466346234,23.713471062469466
-0.20529972159051701,0.063260683149176,-0.08548300264850436,-0.105362135769473,0.7419775270192605,7.157095155703304e-06,2.0,0.7598964102975732,0.47776474831804916,41,7.481023128081945,21.481964015856782,2.2315070466346234,23.7134710624914
-0.20529972159051701,0.063260683149176,-0.08548300264850436,-0.105362135769473,0.7419775270192605,7.167095155703304e-06,2.0,0.7598964102975732,0.47776473831804916,41,7.481023130482047,21.48196401835849,2.2315070502480006,23.713471068606495
-0.20529972159051701,0.063260683149176,-0.08548300264850436,-0.105362135769473,0.7419775270192605,7.157095155703304e-06,2.0,0.7598964102975732,0.47776473831804916,41,7.481023129342041,21.481964018526252,2.2315070439411304,23.71347106246738
-0.20529972159051701,0.063260683149176,-0.08548299264850437,-0.105362135769473,0.7419775270192605,7.157095155703304e-06,2.0,0.7598964102975732,0.47776473831804916,41,7.481023130746274,21.481964020247478,2.231507042318947,23.713471062566423
-0.20529972159051701,0.063260683149176,-0.08548300264850436,-0.105362125769473,0.7419775270192605,7.157095155703304e-06,2.0,0.7598964102975732,0.47776473831804916,41,7.481023130746274,21.481964020247478,2.231507042318947,23.71347106256642
-0.20529972159051701,0.063260683149176,-0.08548300264850436,-0.105362135769473,0.7419775270192605,7.157095155703304e-06,1.99999999,0.7598964102975732,0.47776473831804916,41,7.481023131378874,21.481964024143444,2.231507041247637,23.71347106539108
-0.20529972159051701,0.063260693149176,-0.08548300264850436,-0.105362135769473,0.7419775270192605,7.157095155703304e-06,2.0,0.7598964102975732,0.47776473831804916,41,7.4810231348824905,21.48196403692121,2.2315070257337983,23.713471062655003
-0.20529971159051702,0.063260683149176,-0.08548300264850436,-0.105362135769473,0.7419775270192605,7.157095155703304e-06,2.0,0.7598964102975732,0.47776473831804916,41,7.4810231348824905,21.48196403692121,2.231507025733799,23.713471062655003
-0.20529778965643997,0.06326141674663106,-0.08557301634668404,-0.10526920007440889,0.7419730552900389,2.664020784612592e-05,2.0,0.7598927520680587,0.4777765798176124,41,7.481027954212072,21.48196976949077,2.2315133885004235,23.7134831579912
-0.20529778965643997,0.06326141674663106,-0.08557301634668404,-0.10526920007440889,0.7419730452900388,2.664020784612592e-05,2.0,0.7598927620680588,0.4777765798176124,41,7.481027956097422,21.481969773166472,2.2315133848870117,23.71348315805348
-0.20529778965643997,0.06326141674663106,-0.08557301634668404,-0.10526920007440889,0.7419730452900388,2.664020784612592e-05,2.0,0.7598927520680587,0.4777765898176124,41,7.481027956516787,21.481969773188645,2.2315133848870117,23.71348315807565
-0.20529778965643997,0.06326141674663106,-0.08557301634668404,-0.10526920007440889,0.7419730452900388,2.665020784612592e-05,2.0,0.7598927520680587,0.4777765798176124,41,7.481027958917113,21.481969775690878,2.2315133885004235,23.713483164191302
-0.20529778965643997,0.06326141674663106,-0.08557301634668404,-0.10526920007440889,0.7419730452900388,2.664020784612592e-05,2.0,0.7598927520680587,0.4777765798176124,41,7.481027957776866,21.48196977585809,2.231513382193426,23.713483158051517
-0.20529778965643997,0.06326141674663106,-0.08557300634668405,-0.10526920007440889,0.7419730452900388,2.664020784612592e-05,2.0,0.7598927520680587,0.4777765798176124,41,7.481027959181546,21.481969777580403,2.231513380571267,23.713483158151668
-0.20529778965643997,0.06326141674663106,-0.08557301634668404,-0.1052691900744089,0.7419730452900388,2.664020784612592e-05,2.0,0.7598927520680587,0.4777765798176124,41,7.481027959181547,21.481969777580403,2.231513380571267,23.713483158151668
-0.20529778965643997,0.06326141674663106,-0.08557301634668404,-0.10526920007440889,0.7419730452900388,2.664020784612592e-05,1.99999999,0.7598927520680587,0.4777765798176124,41,7.481027959813701,21.48196978147528,2.2315133794998405,23.713483160975123
-0.20529778965643997,0.06326142674663106,-0.08557301634668404,-0.10526920007440889,0.7419730452900388,2.664020784612592e-05,2.0,0.7598927520680587,0.4777765798176124,41,7.481027963317648,21.48196979425397,2.2315133639861164,23.713483158240084
-0.20529777965643997,0.06326141674663106,-0.08557301634668404,-0.10526920007440889,0.7419730452900388,2.664020784612592e-05,2.0,0.7598927520680587,0.4777765798176124,41,7.481027963317649,21.48196979425397,2.2315133639861164,23.713483158240084
-0.20529434221166723,0.06326420352080041,-0.08560735038824746,-0.10524835293773616,0.7419704754780196,4.994446482295182e-05,2.0,0.7599505929717009,0.47772861914873227,41,7.48102941977093,21.48197740183674,2.231519958015169,23.71349735985191
-0.20529434221166723,0.06326420352080041,-0.08560735038824746,-0.10524835293773616,0.7419704654780196,4.994446482295182e-05,2.0,0.7599506029717009,0.47772861914873227,41,7.481029421656032,21.481977405512055,2.2315199544016924,23.713497359913738
-0.20529434221166723,0.06326420352080041,-0.08560735038824746,-0.10524835293773616,0.7419704654780196,4.994446482295182e-05,2.0,0.7599505929717009,0.47772862914873226,41,7.481029422075462,21.481977405534188,2.2315199544016924,23.71349735993587
-0.20529434221166723,0.06326420352080041,-0.08560735038824746,-0.10524835293773616,0.7419704654780196,4.995446482295182e-05,2.0,0.7599505929717009,0.47772861914873227,41,7.481029424475698,21.481977408036265,2.231519958015169,23.713497366051435
-0.20529434221166723,0.06326420352080041,-0.08560735038824746,-0.10524835293773616,0.7419704654780196,4.994446482295182e-05,2.0,0.7599505929717009,0.47772861914873227,41,7.48102942333561,21.481977408203782,2.231519951707995,23.713497359911777
-0.20529434221166723,0.06326420352080041,-0.08560735038824746,-0.10524834293773616,0.7419704654780196,4.994446482295182e-05,2.0,0.7599505929717009,0.47772861914873227,41,7.481029424740467,21.48197740992613,2.2315199500857217,23.71349736001185
-0.20529434221166723,0.06326420352080041,-0.08560734038824747,-0.10524835293773616,0.7419704654780196,4.994446482295182e-05,2.0,0.7599505929717009,0.47772861914873227,41,7.481029424740465,21.48197740992613,2.2315199500857217,23.713497360011857
-0.20529434221166723,0.06326420352080041,-0.08560735038824746,-0.10524835293773616,0.7419704654780196,4.994446482295182e-05,1.99999999,0.7599505929717009,0.47772861914873227,41,7.481029425372428,21.48197741382079,2.2315199490142974,23.713497362835078
-0.20529433221166724,0.06326420352080041,-0.08560735038824746,-0.10524835293773616,0.7419704654780196,4.994446482295182e-05,2.0,0.7599505929717009,0.47772861914873227,41,7.481029428876557,21.481977426599453,2.2315199335007394,23.713497360100195
-0.20529434221166723,0.0632642135208004,-0.08560735038824746,-0.10524835293773616,0.7419704654780196,4.994446482295182e-05,2.0,0.7599505929717009,0.47772861914873227,41,7.481029428876557,21.481977426599453,2.2315199335007394,23.713497360100195
-0.20526988135948157,0.06327445703321365,-0.08666455365929346,-0.10416636830531159,0.7419172694661846,0.0002891396243224208,2.0,0.7599463188026228,0.4778334198381485,41,7.4810859322573,21.482048686304662,2.231597139058619,23.713645825363283
-0.20526988135948157,0.06327445703321365,-0.08666455365929346,-0.10416636830531159,0.7419172594661846,0.0002891396243224208,2.0,0.7599463288026228,0.4778334198381485,41,7.481085934142168,21.48204868997971,2.2315971354447024,23.713645825424415
-0.20526988135948157,0.06327445703321365,-0.08666455365929346,-0.10416636830531159,0.7419172594661846,0.0002891396243224208,2.0,0.7599463188026228,0.47783342983814847,41,7.48108593456263,21.48204869000452,2.2315971354447024,23.713645825449227
-0.20526988135948157,0.06327445703321365,-0.08666455365929346,-0.10416636830531159,0.7419172594661846,0.0002891496243224208,2.0,0.7599463188026228,0.4778334198381485,41,7.481085936965381,21.482048692512482,2.231597139058619,23.713645831571096
-0.20526988135948157,0.06327445703321365,-0.08666455365929346,-0.10416636830531159,0.7419172594661846,0.0002891396243224208,2.0,0.7599463188026228,0.4778334198381485,41,7.481085935822623,21.482048692673896,2.231597132749865,23.71364582542376
-0.20526988135948157,0.06327445703321365,-0.08666455365929346,-0.1041663583053116,0.7419172594661846,0.0002891396243224208,2.0,0.7599463188026228,0.4778334198381485,41,7.481085937232734,21.48204869440884,2.2315971311278027,23.713645825536638
-0.20526988135948157,0.06327445703321365,-0.08666454365929346,-0.10416636830531159,0.7419172594661846,0.0002891396243224208,2.0,0.7599463188026228,0.4778334198381485,41,7.481085937232734,21.48204869440884,2.2315971311278027,23.71364582553664
-0.20526988135948157,0.06327445703321365,-0.08666455365929346,-0.10416636830531159,0.7419172594661846,0.0002891396243224208,1.99999999,0.7599463188026228,0.4778334198381485,41,7.481085937859445,21.482048698290733,2.2315971300550284,23.713645828345765
-0.20526988135948157,0.06327446703321364,-0.08666455365929346,-0.10416636830531159,0.7419172594661846,0.0002891396243224208,2.0,0.7599463188026228,0.4778334198381485,41,7.481085941367503,21.482048711080097,2.2315971145429043,23.713645825622997
-0.20526987135948158,0.06327445703321365,-0.08666455365929346,-0.10416636830531159,0.7419172594661846,0.0002891396243224208,2.0,0.7599463188026228,0.4778334198381485,41,7.481085941367502,21.482048711080097,2.2315971145429043,23.713645825622997
-0.2052568976991111,0.06328870794838833,-0.08647290394604333,-0.10445633906575601,0.7419213218532159,0.00034777665799935547,2.0,0.7603277450330007,0.47747720263266646,41,7.481073208052369,21.482070580677814,2.2316098505563433,23.71368043123416
-0.2052568976991111,0.06328870794838833,-0.08647290394604333,-0.10445633906575601,0.7419213118532159,0.00034777665799935547,2.0,0.7603277550330008,0.47747720263266646,41,7.481073209935699,21.482070584350417,2.2316098469421783,23.71368043129259
-0.2052568976991111,0.06328870794838833,-0.08647290394604333,-0.10445633906575601,0.7419213118532159,0.00034777665799935547,2.0,0.7603277450330007,0.47747721263266646,41,7.481073210356188,21.482070584373908,2.2316098469421783,23.71368043131608
-0.2052568976991111,0.06328870794838833,-0.08647290394604333,-0.10445633906575601,0.7419213118532159,0.00034778665799935546,2.0,0.7603277450330007,0.47747720263266646,41,7.481073212757346,21.48207058687853,2.2316098505563433,23.71368043743487
-0.2052568976991111,0.06328870794838833,-0.08647290394604333,-0.10445633906575601,0.7419213118532159,0.00034777665799935547,2.0,0.7603277450330007,0.47747720263266646,41,7.481073211616689,21.482070587044355,2.2316098442470564,23.713680431291408
-0.2052568976991111,0.06328870794838833,-0.08647290394604333,-0.10445632906575601,0.7419213118532159,0.00034777665799935547,2.0,0.7603277450330007,0.47747720263266646,41,7.481073213025889,21.482070588774572,2.231609842624157,23.713680431398725
-0.2052568976991111,0.06328870794838833,-0.08647289394604334,-0.10445633906575601,0.7419213118532159,0.00034777665799935547,2.0,0.7603277450330007,0.47747720263266646,41,7.481073213025889,21.482070588774572,2.231609842624157,23.713680431398725
-0.2052568976991111,0.06328870794838833,-0.08647290394604333,-0.10445633906575601,0.7419213118532159,0.00034777665799935547,1.99999999,0.7603277450330007,0.47747720263266646,41,7.481073213653407,21.482070592660033,2.231609841551933,23.713680434211962
-0.2052568876991111,0.06328870794838833,-0.08647290394604333,-0.10445633906575601,0.7419213118532159,0.00034777665799935547,2.0,0.7603277450330007,0.47747720263266646,41,7.481073217161115,21.482070605445056,2.231609826040325,23.713680431485386
-0.2052568976991111,0.06328871794838832,-0.08647290394604333,-0.10445633906575601,0.7419213118532159,0.00034777665799935547,2.0,0.7603277450330007,0.47747720263266646,41,7.481073217161115,21.482070605445056,2.231609826040326,23.713680431485386
-0.2052526963969106,0.06328248678999782,-0.08733668452739925,-0.10348728270212133,0.7418829184881814,0.000450777672454462,2.0,0.7599793033423066,0.4778684199539528,41,7.481121676344818,21.48209738301364,2.231648735455243,23.713746118468883
-0.2052526963969106,0.06328248678999782,-0.08733668452739925,-0.10348728270212133,0.7418829084881814,0.000450777672454462,2.0,0.7599793133423066,0.4778684199539528,41,7.481121678229391,21.482097386688288,2.2316487318410134,23.713746118529304
-0.2052526963969106,0.06328248678999782,-0.08733668452739925,-0.10348728270212133,0.7418829084881814,0.000450777672454462,2.0,0.7599793033423066,0.4778684299539528,41,7.4811216786505295,21.482097386714727,2.2316487318410134,23.71374611855574
-0.2052526963969106,0.06328248678999782,-0.08733668452739925,-0.10348728270212133,0.7418829084881814,0.000450787672454462,2.0,0.7599793033423066,0.4778684199539528,41,7.481121681054771,21.48209738922621,2.231648735455243,23.713746124681453
-0.2052526963969106,0.06328248678999782,-0.08733668452739925,-0.10348728270212133,0.7418829084881814,0.000450777672454462,2.0,0.7599793033423066,0.4778684199539528,41,7.481121679910467,21.48209738938406,2.2316487291454057,23.71374611852946
-0.2052526963969106,0.06328248678999782,-0.08733667452739925,-0.10348728270212133,0.7418829084881814,0.000450777672454462,2.0,0.7599793033423066,0.4778684199539528,41,7.481121681323924,21.482097391126775,2.231648727523403,23.713746118650178
-0.2052526963969106,0.06328248678999782,-0.08733668452739925,-0.10348727270212134,0.7418829084881814,0.000450777672454462,2.0,0.7599793033423066,0.4778684199539528,41,7.481121681323925,21.482097391126775,2.231648727523403,23.713746118650178
-0.2052526963969106,0.06328248678999782,-0.08733668452739925,-0.10348728270212133,0.7418829084881814,0.000450777672454462,1.99999999,0.7599793033423066,0.4778684199539528,41,7.481121681947282,21.48209739500068,2.2316487264497984,23.71374612145048
-0.2052526863969106,0.06328248678999782,-0.08733668452739925,-0.10348728270212133,0.7418829084881814,0.000450777672454462,2.0,0.7599793033423066,0.4778684199539528,41,7.481121685457873,21.482097407796605,2.2316487109386594,23.713746118735262
-0.2052526963969106,0.06328249678999781,-0.08733668452739925,-0.10348728270212133,0.7418829084881814,0.000450777672454462,2.0,0.7599793033423066,0.4778684199539528,41,7.481121685457873,21.482097407796605,2.2316487109386594,23.713746118735262
-0.20520770645077643,0.06357094319350716,-0.07924575241163258,-0.11281824031658459,0.7425828970978888,-0.0003388370320583051,2.0,0.7683160555165228,0.46914664193912353,41,7.480498648914852,21.482177044684082,2.231510956937831,23.713688001621907
-0.20520770645077643,0.06357094319350716,-0.07924575241163258,-0.11281824031658459,0.7425828870978888,-0.0003388370320583051,2.0,0.7683160555165228,0.4691466519391235,41,7.480498651186341,21.48217704829822,2.23151095331424,23.71368800161246
-0.20520770645077643,0.06357094319350716,-0.07924575241163258,-0.11281824031658459,0.7425828870978888,-0.0003388370320583051,2.0,0.7683160655165229,0.46914664193912353,41,7.48049865078086,21.482177048330055,2.23151095331424,23.713688001644297
-0.20520770645077643,0.06357094319350716,-0.07924575241163258,-0.11281824031658459,0.7425828870978888,-0.0003388270320583051,2.0,0.7683160555165228,0.46914664193912353,41,7.480498653560511,21.482177050740898,2.2315109443081615,23.713687995049064
-0.20520770645077643,0.06357094319350716,-0.07924575241163258,-0.11281824031658459,0.7425828870978888,-0.0003388370320583051,2.0,0.7683160555165228,0.46914664193912353,41,7.480498652464522,21.48217705100272,2.231510950622996,23.713688001625712
-0.20520770645077643,0.06357094319350716,-0.07924574241163258,-0.11281824031658459,0.7425828870978888,-0.0003388370320583051,2.0,0.7683160555165228,0.46914664193912353,41,7.480498653858442,21.48217705263306,2.2315109489904525,23.713688001623513
-0.20520770645077643,0.06357094319350716,-0.07924575241163258,-0.1128182303165846,0.7425828870978888,-0.0003388370320583051,2.0,0.7683160555165228,0.46914664193912353,41,7.480498653858442,21.482177052633066,2.2315109489904525,23.713688001623513
-0.20520770645077643,0.06357094319350716,-0.07924575241163258,-0.11281824031658459,0.7425828870978888,-0.0003388370320583051,1.99999999,0.7683160555165228,0.46914664193912353,41,7.480498654496528,21.48217705659234,2.231510947931752,23.71368800452409
-0.20520770645077643,0.06357095319350715,-0.07924575241163258,-0.11281824031658459,0.7425828870978888,-0.0003388370320583051,2.0,0.7683160555165228,0.46914664193912353,41,7.480498657966664,21.48217706922293,2.231510932419084,23.71368800164202
-0.20520769645077644,0.06357094319350716,-0.07924575241163258,-0.11281824031658459,0.7425828870978888,-0.0003388370320583051,2.0,0.7683160555165228,0.46914664193912353,41,7.480498657966664,21.48217706922293,2.231510932419084,23.713688001642016
-0.20520998211129798,0.0631984386735866,-0.07158275942481682,-0.12208313385411486,0.7517013494957574,-0.0004264813686773221,2.0,0.7427431828279855,0.4695340630772566,41,7.481105471248563,21.48228331873567,2.2318868100434934,23.714170128779166
-0.20520998211129798,0.0631984386735866,-0.07158275942481682,-0.12208313385411486,0.7517013394957573,-0.0004264813686773221,2.0,0.7427431928279855,0.4695340630772566,41,7.48110547305262,21.482283322235705,2.231886806056216,23.714170128291926
-0.20520998211129798,0.0631984386735866,-0.07158275942481682,-0.12208313385411486,0.7517013394957573,-0.0004264813686773221,2.0,0.7427431828279855,0.4695340730772566,41,7.481105473478371,21.48228332227481,2.231886806056216,23.714170128331027
-0.20520998211129798,0.0631984386735866,-0.07158275942481682,-0.12208313385411486,0.7517013394957573,-0.0004264713686773221,2.0,0.7427431828279855,0.4695340630772566,41,7.481105475816659,21.48228332464861,2.2318867972573204,23.71417012190593
-0.20520998211129798,0.0631984386735866,-0.07158275942481682,-0.12208313385411486,0.7517013394957573,-0.0004264813686773221,2.0,0.7427431828279855,0.4695340630772566,41,7.481105474720685,21.48228332490915,2.231886803650407,23.714170128559562
-0.20520998211129798,0.0631984386735866,-0.07158274942481682,-0.12208313385411486,0.7517013394957573,-0.0004264813686773221,2.0,0.7427431828279855,0.4695340630772566,41,7.481105475902186,21.482283326227655,2.2318868020042473,23.7141701282319
-0.20520998211129798,0.0631984386735866,-0.07158275942481682,-0.12208312385411486,0.7517013394957573,-0.0004264813686773221,2.0,0.7427431828279855,0.4695340630772566,41,7.4811054759021856,21.482283326227655,2.2318868020042473,23.7141701282319
-0.20520998211129798,0.0631984386735866,-0.07158275942481682,-0.12208313385411486,0.7517013394957573,-0.0004264813686773221,1.99999999,0.7427431828279855,0.4695340630772566,41,7.481105476811207,21.482283330625357,2.231886801244598,23.71417013186995
-0.20520998211129798,0.0631984486735866,-0.07158275942481682,-0.12208313385411486,0.7517013394957573,-0.0004264813686773221,2.0,0.7427431828279855,0.4695340630772566,41,7.481105480579368,21.482283343893258,2.231886785443309,23.714170129336566
-0.205209972111298,0.0631984386735866,-0.07158275942481682,-0.12208313385411486,0.7517013394957573,-0.0004264813686773221,2.0,0.7427431828279855,0.4695340630772566,41,7.481105480579368,21.482283343893258,2.231886785443309,23.714170129336566
-0.20522203830947341,0.06351950949998397,-0.08096468050007917,-0.11027002168817905,0.7419792202763201,-0.00031534968669872683,2.0,0.7663281343710304,0.47156153813688173,41,7.480822609290897,21.482456986286145,2.231214720838318,23.713671707124462
-0.20522203830947341,0.06351950949998397,-0.08096468050007917,-0.11027002168817905,0.7419792102763201,-0.00031534968669872683,2.0,0.7663281343710304,0.4715615481368817,41,7.48082261157671,21.482456989936548,2.2312147172248964,23.71367170716144
-0.20522203830947341,0.06351950949998397,-0.08096468050007917,-0.11027002168817905,0.7419792102763201,-0.00031534968669872683,2.0,0.7663281443710305,0.47156153813688173,41,7.480822611171034,21.482456989956592,2.2312147172248964,23.713671707181494
-0.20522203830947341,0.06351950949998397,-0.08096468050007917,-0.11027002168817905,0.7419792102763201,-0.00031533968669872684,2.0,0.7663281343710304,0.47156153813688173,41,7.480822613970914,21.482456992423053,2.23121470821931,23.713671700642365
-0.20522203830947341,0.06351950949998397,-0.08096468050007917,-0.11027002168817905,0.7419792102763201,-0.00031534968669872683,2.0,0.7663281343710304,0.47156153813688173,41,7.480822612853742,21.482456992638078,2.2312147145288135,23.713671707166892
-0.20522203830947341,0.06351950949998397,-0.08096467050007917,-0.11027002168817905,0.7419792102763201,-0.00031534968669872683,2.0,0.7663281343710304,0.47156153813688173,41,7.480822614276421,21.48245699434952,2.231214712903319,23.71367170725284
-0.20522203830947341,0.06351950949998397,-0.08096468050007917,-0.11027001168817906,0.7419792102763201,-0.00031534968669872683,2.0,0.7663281343710304,0.47156153813688173,41,7.48082261427642,21.48245699434952,2.231214712903319,23.71367170725284
-0.20522203830947341,0.06351950949998397,-0.08096468050007917,-0.11027002168817905,0.7419792102763201,-0.00031534968669872683,1.99999999,0.7663281343710304,0.47156153813688173,41,7.480822614884305,21.48245699823008,2.231214711832731,23.713671710062815
-0.20522203830947341,0.06351951949998397,-0.08096468050007917,-0.11027002168817905,0.7419792102763201,-0.00031534968669872683,2.0,0.7663281343710304,0.47156153813688173,41,7.480822618357013,21.482457010896688,2.2312146963243418,23.71367170722103
-0.20522202830947342,0.06351950949998397,-0.08096468050007917,-0.11027002168817905,0.7419792102763201,-0.00031534968669872683,2.0,0.7663281343710304,0.47156153813688173,41,7.480822618357013,21.482457010896688,2.231214696324343,23.71367170722103
-0.20499618988541965,0.06345932028397762,-0.0924993297233155,-0.09894193412677935,0.7415790892219762,0.002421436444957441,2.0,0.7629536702385501,0.475726712487251,41,7.4813769819606195,21.48271819631087,2.232237899901747,23.714956096212617
-0.20499618988541965,0.06345932028397762,-0.0924993297233155,-0.09894193412677935,0.7415790792219762,0.002421436444957441,2.0,0.7629536802385501,0.475726712487251,41,7.4813769838315345,21.482718199964463,2.232237896282787,23.714956096247253
-0.20499618988541965,0.06345932028397762,-0.0924993297233155,-0.09894193412677935,0.7415790792219762,0.002421436444957441,2.0,0.7629536702385501,0.475726722487251,41,7.481376984259438,21.482718199997525,2.232237896282787,23.714956096280314
-0.20499618988541965,0.06345932028397762,-0.0924993297233155,-0.09894193412677935,0.7415790792219762,0.002421446444957441,2.0,0.7629536702385501,0.475726712487251,41,7.481376986666792,21.482718202519372,2.232237899901747,23.714956102421123
-0.20499618988541965,0.06345932028397762,-0.0924993297233155,-0.09894193412677935,0.7415790792219762,0.002421436444957441,2.0,0.7629536702385501,0.475726712487251,41,7.481376985522339,21.482718202673745,2.2322378935777425,23.714956096251484
-0.20499618988541965,0.06345932028397762,-0.0924993197233155,-0.09894193412677935,0.7415790792219762,0.002421436444957441,2.0,0.7629536702385501,0.475726712487251,41,7.481376986961593,21.482718204458326,2.2322378919504913,23.714956096408816
-0.20499618988541965,0.06345932028397762,-0.0924993297233155,-0.09894192412677935,0.7415790792219762,0.002421436444957441,2.0,0.7629536702385501,0.475726712487251,41,7.481376986961593,21.482718204458326,2.2322378919504913,23.714956096408816
-0.20499618988541965,0.06345932028397762,-0.0924993297233155,-0.09894193412677935,0.7415790792219762,0.002421436444957441,1.99999999,0.7629536702385501,0.475726712487251,41,7.481376987558413,21.4827182082803,2.2322378908726987,23.714956099153
-0.20499618988541965,0.06345933028397761,-0.0924993297233155,-0.09894193412677935,0.7415790792219762,0.002421436444957441,2.0,0.7629536702385501,0.475726712487251,41,7.481376991091466,21.482718221110204,2.2322378753746794,23.714956096484887
-0.20499617988541965,0.06345932028397762,-0.0924993297233155,-0.09894193412677935,0.7415790792219762,0.002421436444957441,2.0,0.7629536702385501,0.475726712487251,41,7.481376991091466,21.482718221110204,2.2322378753746794,23.714956096484887
-0.20484104182039087,0.06347483437963573,-0.10343714135023067,-0.08722022973372517,0.7410600632014996,0.004322711753105894,2.0,0.7607694264897474,0.47870682491352484,41,7.481987773451156,21.48328726286154,2.2328905490301647,23.716177811891704
-0.20484104182039087,0.06347483437963573,-0.10343714135023067,-0.08722022973372517,0.7410600532014996,0.004322711753105894,2.0,0.7607694364897475,0.47870682491352484,41,7.481987775328646,21.483287266526627,2.2328905454084746,23.716177811935104
-0.20484104182039087,0.06347483437963573,-0.10343714135023067,-0.08722022973372517,0.7410600532014996,0.004322711753105894,2.0,0.7607694264897474,0.47870683491352484,41,7.4819877757661795,21.48328726659231,2.2328905454084746,23.716177812000787
-0.20484104182039087,0.06347483437963573,-0.10343714135023067,-0.08722022973372517,0.7410600532014996,0.004322721753105894,2.0,0.7607694264897474,0.47870682491352484,41,7.481987778206226,21.483287269188235,2.2328905490301647,23.716177818218405
-0.20484104182039087,0.06347483437963573,-0.10343714135023067,-0.08722022973372517,0.7410600532014996,0.004322711753105894,2.0,0.7607694264897474,0.47870682491352484,41,7.4819877770247025,21.483287269260337,2.232890542694411,23.71617781195475
-0.20484104182039087,0.06347483437963573,-0.10343713135023068,-0.08722022973372517,0.7410600532014996,0.004322711753105894,2.0,0.7607694264897474,0.47870682491352484,41,7.481987778518571,21.483287271189784,2.2328905410738233,23.71617781226361
-0.20484104182039087,0.06347483437963573,-0.10343714135023067,-0.08722021973372518,0.7410600532014996,0.004322711753105894,2.0,0.7607694264897474,0.47870682491352484,41,7.481987778518571,21.483287271189784,2.2328905410738233,23.71617781226361
-0.20484104182039087,0.06347483437963573,-0.10343714135023067,-0.08722022973372517,0.7410600532014996,0.004322711753105894,1.99999999,0.7607694264897474,0.47870682491352484,41,7.481987779061248,21.483287274871607,2.232890539980347,23.716177814851957
-0.20484104182039087,0.06347484437963573,-0.10343714135023067,-0.08722022973372517,0.7410600532014996,0.004322711753105894,2.0,0.7607694264897474,0.47870682491352484,41,7.481987782632367,21.483287287824673,2.2328905244927983,23.716177812317476
-0.20484103182039087,0.06347483437963573,-0.10343714135023067,-0.08722022973372517,0.7410600532014996,0.004322711753105894,2.0,0.7607694264897474,0.47870682491352484,41,7.481987782632367,21.483287287824673,2.2328905244927983,23.716177812317476
-0.20535304993468545,0.0672865913698825,-0.09421230790578364,-0.10313469907913561,0.7276585296761775,0.001690758568311657,2.0,0.8875468757181393,0.40779295424985074,41,7.474979525522075,21.483668960486455,2.2348732214279026,23.718542181914355
-0.20535304993468545,0.0672865913698825,-0.09421230790578364,-0.10313469907913561,0.7276585196761775,0.001690758568311657,2.0,0.8875468757181393,0.40779296424985073,41,7.474979527645739,21.483668963631338,2.234873218575618,23.718542182206956
-0.20535304993468545,0.0672865913698825,-0.09421230790578364,-0.10313469907913561,0.7276585196761775,0.001690758568311657,2.0,0.8875468857181393,0.40779295424985074,41,7.474979527370914,21.483668964257895,2.234873218575618,23.718542182833513
-0.20535304993468545,0.0672865913698825,-0.09421230790578364,-0.10313469907913561,0.7276585196761775,0.001690768568311657,2.0,0.8875468757181393,0.40779295424985074,41,7.474979529895937,21.483668965739028,2.2348732214279026,23.718542187166936
-0.20535304993468545,0.0672865913698825,-0.09421230790578364,-0.10313469907913561,0.7276585196761775,0.001690758568311657,2.0,0.8875468757181393,0.40779295424985074,41,7.474979529090579,21.48366896666614,2.234873215228433,23.718542181894577
-0.20535304993468545,0.0672865913698825,-0.09421230790578364,-0.10313468907913562,0.7276585196761775,0.001690758568311657,2.0,0.8875468757181393,0.40779295424985074,41,7.4749795307674765,21.483668967896495,2.2348732135509843,23.718542181447482
-0.20535304993468545,0.0672865913698825,-0.09421229790578364,-0.10313469907913561,0.7276585196761775,0.001690758568311657,2.0,0.8875468757181393,0.40779295424985074,41,7.474979530767476,21.483668967896495,2.2348732135509843,23.718542181447482
-0.20535304993468545,0.0672865913698825,-0.09421230790578364,-0.10313469907913561,0.7276585196761775,0.001690758568311657,1.99999999,0.8875468757181393,0.40779295424985074,41,7.474979530957407,21.48366897178012,2.234873211881248,23.718542183661366
-0.20535304993468545,0.0672866013698825,-0.09421230790578364,-0.10313469907913561,0.7276585196761775,0.001690758568311657,2.0,0.8875468757181393,0.40779295424985074,41,7.47497953349628,21.483668981832814,2.2348731970548683,23.71854217888768
-0.20535303993468546,0.0672865913698825,-0.09421230790578364,-0.10313469907913561,0.7276585196761775,0.001690758568311657,2.0,0.8875468757181393,0.40779295424985074,41,7.47497953349628,21.483668981832814,2.2348731970548683,23.71854217888768
-0.20504357612716903,0.06399474514632895,-0.07823082109819007,-0.11443773041836412,0.7432147365740405,-0.00033128829969225333,2.0,0.7690539854459325,0.4618180556016338,41,7.481334070574094,21.48454740027832,2.229184991984277,23.713732392262596
-0.20504357612716903,0.06399474514632895,-0.07823082109819007,-0.11443773041836412,0.7432147265740404,-0.00033128829969225333,2.0,0.7690539854459325,0.4618180656016338,41,7.481334072823614,21.484547403847,2.2291849882806862,23.71373239212769
-0.20504357612716903,0.06399474514632895,-0.07823082109819007,-0.11443773041836412,0.7432147265740404,-0.00033128829969225333,2.0,0.7690539954459326,0.4618180556016338,41,7.4813340724284165,21.484547403901644,2.2291849882806862,23.713732392182337
-0.20504357612716903,0.06399474514632895,-0.07823082109819007,-0.11443773041836412,0.7432147265740404,-0.00033127829969225334,2.0,0.7690539854459325,0.4618180556016338,41,7.481334075198753,21.484547406295768,2.229184979343995,23.713732385639762
-0.20504357612716903,0.06399474514632895,-0.07823082109819007,-0.11443773041836412,0.7432147265740404,-0.00033128829969225333,2.0,0.7690539854459325,0.4618180556016338,41,7.481334074116365,21.484547406577516,2.2291849856641357,23.71373239224165
-0.20504357612716903,0.06399474514632895,-0.07823081109819008,-0.11443773041836412,0.7432147265740404,-0.00033128829969225333,2.0,0.7690539854459325,0.4618180556016338,41,7.481334075514164,21.484547408205948,2.229184984026453,23.713732392232398
-0.20504357612716903,0.06399474514632895,-0.07823082109819007,-0.11443772041836413,0.7432147265740404,-0.00033128829969225333,2.0,0.7690539854459325,0.4618180556016338,41,7.481334075514164,21.484547408205948,2.229184984026453,23.713732392232398
-0.20504357612716903,0.06399474514632895,-0.07823082109819007,-0.11443773041836412,0.7432147265740404,-0.00033128829969225333,1.99999999,0.7690539854459325,0.4618180556016338,41,7.4813340761540355,21.4845474121625,2.229184983047586,23.713732395210084
-0.20504357612716903,0.06399475514632895,-0.07823082109819007,-0.11443773041836412,0.7432147265740404,-0.00033128829969225333,2.0,0.7690539854459325,0.4618180556016338,41,7.481334079681858,21.48454742487326,2.2291849674652204,23.713732392338486
-0.20504356612716904,0.06399474514632895,-0.07823082109819007,-0.11443773041836412,0.7432147265740404,-0.00033128829969225333,2.0,0.7690539854459325,0.4618180556016338,41,7.481334079681858,21.484547424873263,2.2291849674652204,23.71373239233849
-0.20317787434309853,0.06464926184008637,-0.13453084193732054,-0.06048152872036263,0.7391921760579198,0.016884247385387206,2.0,0.7812682751850444,0.4635178592387789,41,7.483440495070911,21.4871762151502,2.236723863191915,23.723900078342115
-0.20317787434309853,0.06464926184008637,-0.13453084193732054,-0.06048152872036263,0.7391921660579197,0.016884247385387206,2.0,0.7812682851850444,0.4635178592387789,41,7.4834404968516495,21.487176218665027,2.2367238595395076,23.723900078204533
-0.20317787434309853,0.06464926184008637,-0.13453084193732054,-0.06048152872036263,0.7391921660579197,0.016884247385387206,2.0,0.7812682751850444,0.4635178692387789,41,7.483440497333441,21.487176218767694,2.2367238595395076,23.723900078307196
-0.20317787434309853,0.06464926184008637,-0.13453084193732054,-0.06048152872036263,0.7391921660579197,0.016884257385387208,2.0,0.7812682751850444,0.4635178592387789,41,7.483440499773134,21.487176221388737,2.236723863191915,23.723900084580645
-0.20317787434309853,0.06464926184008637,-0.13453084193732054,-0.06048152872036263,0.7391921660579197,0.016884247385387206,2.0,0.7812682751850444,0.4635178592387789,41,7.483440498609774,21.487176221478084,2.2367238567652645,23.72390007824335
-0.20317787434309853,0.06464926184008637,-0.13453083193732054,-0.06048152872036263,0.7391921660579197,0.016884247385387206,2.0,0.7812682751850444,0.4635178592387789,41,7.4834405002499285,21.487176223622736,2.2367238551076594,23.7239000787304
-0.20317787434309853,0.06464926184008637,-0.13453084193732054,-0.06048151872036263,0.7391921660579197,0.016884247385387206,2.0,0.7812682751850444,0.4635178592387789,41,7.483440500249929,21.487176223622736,2.2367238551076594,23.7239000787304
-0.20317787434309853,0.06464926184008637,-0.13453084193732054,-0.06048152872036263,0.7391921660579197,0.016884247385387206,1.99999999,0.7812682751850444,0.4635178592387789,41,7.483440500644308,21.487176227025778,2.2367238539910224,23.723900081016797
-0.20317787434309853,0.06464927184008637,-0.13453084193732054,-0.06048152872036263,0.7391921660579197,0.016884247385387206,2.0,0.7812682751850444,0.4635178592387789,41,7.483440504374789,21.48717624019923,2.236723838587771,23.723900078786997
-0.20317786434309854,0.06464926184008637,-0.13453084193732054,-0.06048152872036263,0.7391921660579197,0.016884247385387206,2.0,0.7812682751850444,0.4635178592387789,41,7.483440504374789,21.48717624019923,2.236723838587772,23.723900078787004
-0.19845523759215242,0.07760346208955346,-0.025795099352575082,-0.14818124434234425,0.8312226825517424,0.034079257529185884,2.0,0.9240233317808334,0.3229993239699562,41,7.471714980302526,21.488103104766065,2.2773147835208287,23.765417888286898
-0.19845523759215242,0.07760346208955346,-0.025795099352575082,-0.14818124434234425,0.8312226725517423,0.034079257529185884,2.0,0.9240233417808335,0.3229993239699562,41,7.471714980908716,21.48810310607571,2.2773147789653523,23.765417885041057
-0.19845523759215242,0.07760346208955346,-0.025795099352575082,-0.14818124434234425,0.8312226725517423,0.034079257529185884,2.0,0.9240233317808334,0.32299933396995617,41,7.471714981612165,21.488103106319926,2.2773147789653523,23.76541788528528
-0.19845523759215242,0.07760346208955346,-0.025795099352575082,-0.14818124434234425,0.8312226725517423,0.034079267529185886,2.0,0.9240233317808334,0.3229993239699562,41,7.471714982649579,21.488103106425893,2.2773147835208287,23.76541788994672
-0.19845523759215242,0.07760346208955346,-0.025795099352575082,-0.14818124434234425,0.8312226725517423,0.034079257529185884,2.0,0.9240233317808334,0.3229993239699562,41,7.471714982532876,21.48810310841848,2.277314776165763,23.765417884584238
-0.19845523759215242,0.07760346208955346,-0.025795099352575082,-0.14818123434234426,0.8312226725517423,0.034079257529185884,2.0,0.9240233317808334,0.3229993239699562,41,7.471714984713005,21.488103110737512,2.2773147746869635,23.765417885424476
-0.19845523759215242,0.07760346208955346,-0.02579508935257508,-0.14818124434234425,0.8312226725517423,0.034079257529185884,2.0,0.9240233317808334,0.3229993239699562,41,7.471714984713005,21.488103110737512,2.2773147746869635,23.765417885424476
-0.19845523759215242,0.07760346208955346,-0.025795099352575082,-0.14818124434234425,0.8312226725517423,0.034079257529185884,1.99999999,0.9240233317808334,0.3229993239699562,41,7.471714985608551,21.48810311543641,2.277314773366172,23.76541788880258
-0.19845523759215242,0.07760347208955345,-0.025795099352575082,-0.14818124434234425,0.8312226725517423,0.034079257529185884,2.0,0.9240233317808334,0.3229993239699562,41,7.471714997508872,21.488103142562924,2.2773147581385227,23.765417900701443
-0.19845522759215242,0.07760346208955346,-0.025795099352575082,-0.14818124434234425,0.8312226725517423,0.034079257529185884,2.0,0.9240233317808334,0.3229993239699562,41,7.471714997508872,21.488103142562924,2.2773147581385227,23.765417900701443
-0.20402753510915958,0.06820352806526213,-0.0982190050300738,-0.10296590023383494,0.7180086880471227,0.0011370177833254693,2.0,0.8724238250829062,0.4058343055746445,41,7.481707033752395,21.497049693205945,2.2196164258791455,23.71666611908509
-0.20402753510915958,0.06820352806526213,-0.0982190050300738,-0.10296590023383494,0.7180086780471227,0.0011370177833254693,2.0,0.8724238250829062,0.4058343155746445,41,7.481707035897125,21.497049696436605,2.219616422919999,23.716666119356603
-0.20402753510915958,0.06820352806526213,-0.0982190050300738,-0.10296590023383494,0.7180086780471227,0.0011370177833254693,2.0,0.8724238350829062,0.4058343055746445,41,7.481707035553647,21.4970496968843,2.219616422919999,23.716666119804298
-0.20402753510915958,0.06820352806526213,-0.0982190050300738,-0.10296590023383494,0.7180086780471227,0.0011370277833254692,2.0,0.8724238250829062,0.4058343055746445,41,7.481707038013106,21.49704969834587,2.2196164258791455,23.716666124225007
-0.20402753510915958,0.06820352806526213,-0.0982190050300738,-0.10296590023383494,0.7180086780471227,0.0011370177833254693,2.0,0.8724238250829062,0.4058343055746445,41,7.481707037289318,21.49704969936737,2.2196164197664063,23.716666119133777
-0.20402753510915958,0.06820352806526213,-0.09821899503007381,-0.10296590023383494,0.7180086780471227,0.0011370177833254693,2.0,0.8724238250829062,0.4058343055746445,41,7.481707038858213,21.497049700575033,2.219616418056335,23.716666118631373
-0.20402753510915958,0.06820352806526213,-0.0982190050300738,-0.10296589023383494,0.7180086780471227,0.0011370177833254693,2.0,0.8724238250829062,0.4058343055746445,41,7.481707038858213,21.497049700575033,2.219616418056335,23.716666118631373
-0.20402753510915958,0.06820352806526213,-0.0982190050300738,-0.10296590023383494,0.7180086780471227,0.0011370177833254693,1.99999999,0.8724238250829062,0.4058343055746445,41,7.481707039249143,21.4970497046127,2.2196164166128147,23.716666121225515
-0.20402753510915958,0.06820353806526212,-0.0982190050300738,-0.10296590023383494,0.7180086780471227,0.0011370177833254693,2.0,0.8724238250829062,0.4058343055746445,41,7.481707042461249,21.497049715931624,2.2196164016119027,23.71666611754353
-0.20402752510915959,0.06820352806526213,-0.0982190050300738,-0.10296590023383494,0.7180086780471227,0.0011370177833254693,2.0,0.8724238250829062,0.4058343055746445,41,7.481707042461249,21.497049715931627,2.2196164016119027,23.71666611754353
-0.20391231733823798,0.06810663381843636,-0.08696369245689291,-0.11092440862801534,0.7313864263028893,-8.461609284529136e-05,2.0,0.8405668046121222,0.4017934074457753,41,7.483526770170643,21.49867637946328,2.2160322236258665,23.71470860308915
-0.20391231733823798,0.06810663381843636,-0.08696369245689291,-0.11092440862801534,0.7313864163028893,-8.461609284529136e-05,2.0,0.8405668046121222,0.4017934174457753,41,7.483526772274388,21.49867638265716,2.2160322201551113,23.71470860281227
-0.20391231733823798,0.06810663381843636,-0.08696369245689291,-0.11092440862801534,0.7313864163028893,-8.461609284529136e-05,2.0,0.8405668146121222,0.4017934074457753,41,7.4835267719386245,21.49867638300981,2.2160322201551113,23.714708603164915
-0.20391231733823798,0.06810663381843636,-0.08696369245689291,-0.11092440862801534,0.7313864163028893,-8.460609284529136e-05,2.0,0.8405668046121222,0.4017934074457753,41,7.483526774487041,21.49867638478612,2.216032211190859,23.714708595976976
-0.20391231733823798,0.06810663381843636,-0.08696369245689291,-0.11092440862801534,0.7313864163028893,-8.461609284529136e-05,2.0,0.8405668046121222,0.4017934074457753,41,7.483526773669158,21.498676385583344,2.216032217408362,23.714708602991703
-0.20391231733823798,0.06810663381843636,-0.08696368245689291,-0.11092440862801534,0.7313864163028893,-8.461609284529136e-05,2.0,0.8405668046121222,0.4017934074457753,41,7.483526775270118,21.498676387113854,2.216032215726313,23.71470860284016
-0.20391231733823798,0.06810663381843636,-0.08696369245689291,-0.11092439862801534,0.7313864163028893,-8.461609284529136e-05,2.0,0.8405668046121222,0.4017934074457753,41,7.483526775270117,21.498676387113854,2.216032215726313,23.71470860284016
-0.20391231733823798,0.06810663381843636,-0.08696369245689291,-0.11092440862801534,0.7313864163028893,-8.461609284529136e-05,1.99999999,0.8405668046121222,0.4017934074457753,41,7.483526775692326,21.498676390970694,2.216032214661613,23.71470860563231
-0.20391231733823798,0.06810664381843635,-0.08696369245689291,-0.11092440862801534,0.7313864163028893,-8.461609284529136e-05,2.0,0.8405668046121222,0.4017934074457753,41,7.4835267793293125,21.49867640330175,2.2160321992540144,23.714708602555767
-0.20391230733823798,0.06810663381843636,-0.08696369245689291,-0.11092440862801534,0.7313864163028893,-8.461609284529136e-05,2.0,0.8405668046121222,0.4017934074457753,41,7.483526779329312,21.498676403301754,2.2160321992540144,23.714708602555767
-0.2038157716376003,0.06727942997503282,-0.1060187077324611,-0.0994927849281454,0.7038757689082573,0.005615494827357882,2.0,0.8673914693003116,0.4177978850736032,41,7.48534475457644,21.501637425257893,2.2180088374061406,23.719646262664035
-0.2038157716376003,0.06727942997503282,-0.1060187077324611,-0.0994927849281454,0.7038757589082573,0.005615494827357882,2.0,0.8673914693003116,0.4177978950736032,41,7.4853447568363976,21.501637428738075,2.218008834607611,23.71964626334569
-0.2038157716376003,0.06727942997503282,-0.1060187077324611,-0.0994927849281454,0.7038757589082573,0.005615494827357882,2.0,0.8673914793003117,0.4177978850736032,41,7.4853447564974465,21.50163742918693,2.218008834607611,23.719646263794537
-0.2038157716376003,0.06727942997503282,-0.1060187077324611,-0.0994927849281454,0.7038757589082573,0.005615504827357882,2.0,0.8673914693003116,0.4177978850736032,41,7.485344759118128,21.50163743095913,2.2180088374061406,23.719646268365267
-0.2038157716376003,0.06727942997503282,-0.1060187077324611,-0.0994927849281454,0.7038757589082573,0.005615494827357882,2.0,0.8673914693003116,0.4177978850736032,41,7.485344758276461,21.501637431756752,2.2180088313754647,23.719646263132216
-0.2038157716376003,0.06727942997503282,-0.1060187077324611,-0.0994927749281454,0.7038757589082573,0.005615494827357882,2.0,0.8673914693003116,0.4177978850736032,41,7.485344759872949,21.501637433079704,2.218008829628617,23.719646262708324
-0.2038157716376003,0.06727942997503282,-0.1060186977324611,-0.0994927849281454,0.7038757589082573,0.005615494827357882,2.0,0.8673914693003116,0.4177978850736032,41,7.485344759872948,21.501637433079704,2.218008829628617,23.719646262708324
-0.2038157716376003,0.06727942997503282,-0.1060187077324611,-0.0994927849281454,0.7038757589082573,0.005615494827357882,1.99999999,0.8673914693003116,0.4177978850736032,41,7.485344760087008,21.501637436749466,2.2180088281433186,23.71964626489278
-0.2038157716376003,0.06727943997503281,-0.1060187077324611,-0.0994927849281454,0.7038757589082573,0.005615494827357882,2.0,0.8673914693003116,0.4177978850736032,41,7.485344762407974,21.50163744648945,2.2180088132149063,23.71964625970435
-0.20381576163760032,0.06727942997503282,-0.1060187077324611,-0.0994927849281454,0.7038757589082573,0.005615494827357882,2.0,0.8673914693003116,0.4177978850736032,41,7.485344762407974,21.50163744648945,2.2180088132149063,23.719646259704355
-0.20286534372442325,0.06937783238556379,-0.09646552543468899,-0.10465687277686321,0.7146406367041532,-8.04031178962403e-06,2.0,0.846799794504468,0.39268851806253724,41,7.490422013074873,21.513675669253026,2.2012512818414756,23.714926951094505
-0.20286534372442325,0.06937783238556379,-0.09646552543468899,-0.10465687277686321,0.7146406267041532,-8.04031178962403e-06,2.0,0.846799794504468,0.39268852806253723,41,7.490422015229773,21.513675672572433,2.201251278481163,23.714926951053602
-0.20286534372442325,0.06937783238556379,-0.09646552543468899,-0.10465687277686321,0.7146406267041532,-8.04031178962403e-06,2.0,0.846799804504468,0.39268851806253724,41,7.4904220148720455,21.51367567288255,2.201251278481163,23.71492695136372
-0.20286534372442325,0.06937783238556379,-0.09646552543468899,-0.10465687277686321,0.7146406267041532,-8.03031178962403e-06,2.0,0.846799794504468,0.39268851806253724,41,7.490422017411922,21.513675674682013,2.201251269692448,23.71492694437446
-0.20286534372442325,0.06937783238556379,-0.09646552543468899,-0.10465687277686321,0.7146406267041532,-8.04031178962403e-06,2.0,0.846799794504468,0.39268851806253724,41,7.490422016634305,21.513675675511408,2.201251275766962,23.71492695127837
-0.20286534372442325,0.06937783238556379,-0.09646552543468899,-0.10465686277686322,0.7146406267041532,-8.04031178962403e-06,2.0,0.846799794504468,0.39268851806253724,41,7.4904220183009995,21.51367567719189,2.2012512740574213,23.714926951249314
-0.20286534372442325,0.06937783238556379,-0.096465515434689,-0.10465687277686321,0.7146406267041532,-8.04031178962403e-06,2.0,0.846799794504468,0.39268851806253724,41,7.4904220183009995,21.51367567719189,2.2012512740574213,23.714926951249314
-0.20286534372442325,0.06937783238556379,-0.09646552543468899,-0.10465687277686321,0.7146406267041532,-8.04031178962403e-06,1.99999999,0.846799794504468,0.39268851806253724,41,7.490422018646842,21.513675680826964,2.2012512730527605,23.714926953879722
-0.20286534372442325,0.06937784238556378,-0.09646552543468899,-0.10465687277686321,0.7146406267041532,-8.04031178962403e-06,2.0,0.846799794504468,0.39268851806253724,41,7.4904220223769356,21.513675693257223,2.2012512576323187,23.714926950889538
-0.20286533372442325,0.06937783238556379,-0.09646552543468899,-0.10465687277686321,0.7146406267041532,-8.04031178962403e-06,2.0,0.846799794504468,0.39268851806253724,41,7.4904220223769356,21.513675693257223,2.2012512576323187,23.714926950889538
-0.2028788016520902,0.06939930272970335,-0.09705864326030889,-0.10370628010808458,0.7137819519766628,1.804990373961306e-06,2.0,0.8486092834947617,0.39262424152163233,41,7.490483651452177,21.513831470003137,2.2011260268924393,23.714957496895575
-0.2028788016520902,0.06939930272970335,-0.09705864326030889,-0.10370628010808458,0.7137819419766628,1.804990373961306e-06,2.0,0.8486092834947617,0.39262425152163233,41,7.490483653613763,21.513831473336406,2.201126023559257,23.71495749689566
-0.2028788016520902,0.06939930272970335,-0.09705864326030889,-0.10370628010808458,0.7137819419766628,1.804990373961306e-06,2.0,0.8486092934947618,0.39262424152163233,41,7.490483653259906,21.51383147365431,2.201126023559257,23.714957497213568
-0.2028788016520902,0.06939930272970335,-0.09705864326030889,-0.10370628010808458,0.7137819419766628,1.8149903739613058e-06,2.0,0.8486092834947617,0.39262424152163233,41,7.4904836558092445,21.513831475471907,2.2011260268924393,23.714957502364342
-0.2028788016520902,0.06939930272970335,-0.09705864326030889,-0.10370628010808458,0.7137819419766628,1.804990373961306e-06,2.0,0.8486092834947617,0.39262424152163233,41,7.4904836550237,21.51383147628524,2.201126020825277,23.714957497110518
-0.2028788016520902,0.06939930272970335,-0.09705863326030889,-0.10370628010808458,0.7137819419766628,1.804990373961306e-06,2.0,0.8486092834947617,0.39262424152163233,41,7.490483656719552,21.51383147801596,2.2011260191187754,23.714957497134737
-0.2028788016520902,0.06939930272970335,-0.09705864326030889,-0.10370627010808459,0.7137819419766628,1.804990373961306e-06,2.0,0.8486092834947617,0.39262424152163233,41,7.490483656719552,21.513831478015963,2.2011260191187754,23.714957497134737
-0.2028788016520902,0.06939930272970335,-0.09705864326030889,-0.10370628010808458,0.7137819419766628,1.804990373961306e-06,1.99999999,0.8486092834947617,0.39262424152163233,41,7.49048365702746,21.51383148158434,2.201126018091297,23.714957499675638
-0.20287879165209022,0.06939930272970335,-0.09705864326030889,-0.10370628010808458,0.7137819419766628,1.804990373961306e-06,2.0,0.8486092834947617,0.39262424152163233,41,7.4904836607095096,21.51383149392519,2.201126002690702,23.714957496615888
-0.2028788016520902,0.06939931272970334,-0.09705864326030889,-0.10370628010808458,0.7137819419766628,1.804990373961306e-06,2.0,0.8486092834947617,0.39262424152163233,41,7.4904836607095096,21.513831493925192,2.201126002690702,23.714957496615888
-0.202871701038864,0.06940690308585444,-0.09698984051012205,-0.10378748415667777,0.713872103915078,8.520032127804169e-07,2.0,0.8484707298117865,0.3925581703777313,41,7.490491401607747,21.51385466156462,2.20109968528859,23.714954346853208
-0.202871701038864,0.06940690308585444,-0.09698984051012205,-0.10378748415667777,0.713872093915078,8.520032127804169e-07,2.0,0.8484707298117865,0.39255818037773127,41,7.490491403768429,21.513854664896172,2.2010996819523307,23.714954346848504
-0.202871701038864,0.06940690308585444,-0.09698984051012205,-0.10378748415667777,0.713872093915078,8.520032127804169e-07,2.0,0.8484707398117866,0.3925581703777313,41,7.490491403413999,21.513854665212786,2.2010996819523307,23.714954347165115
-0.202871701038864,0.06940690308585444,-0.09698984051012205,-0.10378748415667777,0.713872093915078,8.62003212780417e-07,2.0,0.8484707298117865,0.3925581703777313,41,7.490491405962024,21.513854667028376,2.20109968528859,23.714954352316965
-0.202871701038864,0.06940690308585444,-0.09698984051012205,-0.10378748415667777,0.713872093915078,8.520032127804169e-07,2.0,0.8484707298117865,0.3925581703777313,41,7.490491405177634,21.513854667843656,2.20109967922067,23.714954347064324
-0.202871701038864,0.06940690308585444,-0.09698984051012205,-0.10378747415667777,0.713872093915078,8.520032127804169e-07,2.0,0.8484707298117865,0.3925581703777313,41,7.490491406871672,21.513854669571778,2.2010996775140628,23.71495434708584
-0.202871701038864,0.06940690308585444,-0.09698983051012205,-0.10378748415667777,0.713872093915078,8.520032127804169e-07,2.0,0.8484707298117865,0.3925581703777313,41,7.490491406871672,21.513854669571785,2.2010996775140628,23.71495434708584
-0.202871701038864,0.06940690308585444,-0.09698984051012205,-0.10378748415667777,0.713872093915078,8.520032127804169e-07,1.99999999,0.8484707298117865,0.3925581703777313,41,7.490491407182975,21.513854673145403,2.201099676489009,23.71495434963441
-0.20287169103886402,0.06940690308585444,-0.09698984051012205,-0.10378748415667777,0.713872093915078,8.520032127804169e-07,2.0,0.8484707298117865,0.3925581703777313,41,7.490491410875293,21.513854685505223,2.2010996610862192,23.714954346591444
-0.202871701038864,0.06940691308585444,-0.09698984051012205,-0.10378748415667777,0.713872093915078,8.520032127804169e-07,2.0,0.8484707298117865,0.3925581703777313,41,7.490491410875294,21.51385468550523,2.2010996610862192,23.714954346591444
-0.2028432985859592,0.0694373045104588,-0.0967146295093747,-0.10411230035105051,0.7142327116687389,-2.959945431943139e-06,2.0,0.8479165150798856,0.39229388580212704,41,7.4905226769177995,21.513947959023,2.2009984581416573,23.71494641716466
-0.2028432985859592,0.0694373045104588,-0.0967146295093747,-0.10411230035105051,0.7142327016687389,-2.959945431943139e-06,2.0,0.8479165150798856,0.39229389580212704,41,7.490522679074866,21.513947962347718,2.200998454793038,23.714946417140755
-0.2028432985859592,0.0694373045104588,-0.0967146295093747,-0.10411230035105051,0.7142327016687389,-2.959945431943139e-06,2.0,0.8479165250798857,0.39229388580212704,41,7.490522678718153,21.51394796265912,2.200998454793038,23.714946417452158
-0.2028432985859592,0.0694373045104588,-0.0967146295093747,-0.10411230035105051,0.7142327016687389,-2.949945431943139e-06,2.0,0.8479165150798856,0.39229388580212704,41,7.490522681260914,21.513947964466706,2.2009984459996508,23.714946410466357
-0.2028432985859592,0.0694373045104588,-0.0967146295093747,-0.10411230035105051,0.7142327016687389,-2.959945431943139e-06,2.0,0.8479165150798856,0.39229388580212704,41,7.490522680481144,21.513947965289777,2.200998452070654,23.714946417360427
-0.2028432985859592,0.0694373045104588,-0.0967146295093747,-0.10411229035105052,0.7142327016687389,-2.959945431943139e-06,2.0,0.8479165150798856,0.39229388580212704,41,7.490522682167935,21.513947967007528,2.200998450363625,23.714946417371152
-0.2028432985859592,0.0694373045104588,-0.09671461950937471,-0.10411230035105051,0.7142327016687389,-2.959945431943139e-06,2.0,0.8479165150798856,0.39229388580212704,41,7.490522682167935,21.51394796700753,2.200998450363625,23.714946417371152
-0.2028432985859592,0.0694373045104588,-0.0967146295093747,-0.10411230035105051,0.7142327016687389,-2.959945431943139e-06,1.99999999,0.8479165150798856,0.39229388580212704,41,7.490522682492807,21.513947970602093,2.2009984493482695,23.714946419950365
-0.2028432985859592,0.0694373145104588,-0.0967146295093747,-0.10411230035105051,0.7142327016687389,-2.959945431943139e-06,2.0,0.8479165150798856,0.39229388580212704,41,7.490522686226212,21.513947983037827,2.200998433936703,23.71494641697453
-0.2028432885859592,0.0694373045104588,-0.0967146295093747,-0.10411230035105051,0.7142327016687389,-2.959945431943139e-06,2.0,0.8479165150798856,0.39229388580212704,41,7.490522686226212,21.513947983037827,2.200998433936703,23.71494641697453
-0.2027101998358981,0.06957122110732372,-0.0973260424528438,-0.10375788486575811,0.7134264963056486,-6.519808528445546e-07,2.0,0.849401064140028,0.3925575371337221,41,7.490623159838565,21.514417888054613,2.2005452646786363,23.714963152733247
-0.2027101998358981,0.06957122110732372,-0.0973260424528438,-0.10375788486575811,0.7134264863056485,-6.519808528445546e-07,2.0,0.849401064140028,0.3925575471337221,41,7.490623161992865,21.51441789137355,2.200545261356703,23.714963152730252
-0.2027101998358981,0.06957122110732372,-0.0973260424528438,-0.10375788486575811,0.7134264863056485,-6.519808528445546e-07,2.0,0.8494010741400281,0.3925575371337221,41,7.49062316162437,21.51441789166681,2.200545261356703,23.71496315302351
-0.2027101998358981,0.06957122110732372,-0.0973260424528438,-0.10375788486575811,0.7134264863056485,-6.419808528445546e-07,2.0,0.849401064140028,0.3925575371337221,41,7.490623164139897,21.514417893422312,2.200545252550375,23.714963145972686
-0.2027101998358981,0.06957122110732372,-0.0973260424528438,-0.10375788486575811,0.7134264863056485,-6.519808528445546e-07,2.0,0.849401064140028,0.3925575371337221,41,7.490623163386046,21.51441789429203,2.2005452586145062,23.714963152906538
-0.2027101998358981,0.06957122110732372,-0.0973260424528438,-0.10375787486575812,0.7134264863056485,-6.519808528445546e-07,2.0,0.849401064140028,0.3925575371337221,41,7.490623165057638,21.514417895975395,2.2005452569052926,23.714963152880692
-0.2027101998358981,0.06957122110732372,-0.09732603245284381,-0.10375788486575811,0.7134264863056485,-6.519808528445546e-07,2.0,0.849401064140028,0.3925575371337221,41,7.490623165057638,21.5144178959754,2.2005452569052926,23.714963152880692
-0.2027101998358981,0.06957122110732372,-0.0973260424528438,-0.10375788486575811,0.7134264863056485,-6.519808528445546e-07,1.99999999,0.849401064140028,0.3925575371337221,41,7.490623165416517,21.514417899632033,2.2005452558723086,23.714963155504336
-0.2027101898358981,0.06957122110732372,-0.0973260424528438,-0.10375788486575811,0.7134264863056485,-6.519808528445546e-07,2.0,0.849401064140028,0.3925575371337221,41,7.490623169277004,21.51441791228453,2.2005452404828247,23.714963152767353
-0.2027101998358981,0.06957123110732372,-0.0973260424528438,-0.10375788486575811,0.7134264863056485,-6.519808528445546e-07,2.0,0.849401064140028,0.3925575371337221,41,7.490623169277004,21.51441791228453,2.2005452404828247,23.714963152767353
-0.20263651323646548,0.06951761093773082,-0.09894167402609265,-0.10325387239884079,0.7113688909424556,7.701269319860755e-05,2.0,0.8507300719195537,0.39513312873652384,41,7.490595674914431,21.514451039862628,2.2005789607062782,23.715030000568905
-0.20263651323646548,0.06951761093773082,-0.09894167402609265,-0.10325387239884079,0.7113688809424555,7.701269319860755e-05,2.0,0.8507300719195537,0.39513313873652384,41,7.490595677075008,21.514451043190796,2.200578957445438,23.715030000636236
-0.20263651323646548,0.06951761093773082,-0.09894167402609265,-0.10325387239884079,0.7113688809424555,7.701269319860755e-05,2.0,0.8507300819195538,0.39513312873652384,41,7.490595676693118,21.51445104346947,2.200578957445438,23.715030000914904
-0.20263651323646548,0.06951761093773082,-0.09894167402609265,-0.10325387239884079,0.7113688809424555,7.702269319860755e-05,2.0,0.8507300719195537,0.39513312873652384,41,7.490595679179768,21.514451045156918,2.2005789607062782,23.7150300058632
-0.20263651323646548,0.06951761093773082,-0.09894167402609265,-0.10325387239884079,0.7113688809424555,7.701269319860755e-05,2.0,0.8507300719195537,0.39513312873652384,41,7.490595678454275,21.51445104608482,2.200578954658988,23.71503000074381
-0.20263651323646548,0.06951761093773082,-0.09894167402609265,-0.1032538623988408,0.7113688809424555,7.701269319860755e-05,2.0,0.8507300719195537,0.39513312873652384,41,7.4905956800771545,21.514451047659815,2.200578952940326,23.71503000060014
-0.20263651323646548,0.06951761093773082,-0.09894166402609265,-0.10325387239884079,0.7113688809424555,7.701269319860755e-05,2.0,0.8507300719195537,0.39513312873652384,41,7.490595680077154,21.514451047659815,2.200578952940326,23.71503000060014
-0.20263651323646548,0.06951761093773082,-0.09894167402609265,-0.10325387239884079,0.7113688809424555,7.701269319860755e-05,1.99999999,0.8507300719195537,0.39513312873652384,41,7.490595680491444,21.514451051433973,2.2005789518725383,23.715030003306506
-0.20263651323646548,0.06951762093773081,-0.09894167402609265,-0.10325387239884079,0.7113688809424555,7.701269319860755e-05,2.0,0.8507300719195537,0.39513312873652384,41,7.490595684382924,21.514451064118063,2.2005789365274775,23.715030000645545
-0.20263650323646548,0.06951761093773082,-0.09894167402609265,-0.10325387239884079,0.7113688809424555,7.701269319860755e-05,2.0,0.8507300719195537,0.39513312873652384,41,7.490595684382924,21.514451064118063,2.2005789365274775,23.715030000645545
-0.20263337090064096,0.06952750683019904,-0.0988992866350485,-0.10326246992933198,0.7114175192978721,4.155682934814917e-05,2.0,0.8506654223854602,0.3950257196438721,41,7.49061530970175,21.51450091316287,2.2005095530188483,23.715010466181713
-0.20263337090064096,0.06952750683019904,-0.0988992866350485,-0.10326246992933198,0.7114175092978721,4.155682934814917e-05,2.0,0.8506654223854602,0.3950257296438721,41,7.4906153118619105,21.514500916490423,2.200509549755946,23.715010466246373
-0.20263337090064096,0.06952750683019904,-0.0988992866350485,-0.10326246992933198,0.7114175092978721,4.155682934814917e-05,2.0,0.8506654323854602,0.3950257196438721,41,7.490615311479988,21.51450091676857,2.200509549755946,23.715010466524514
-0.20263337090064096,0.06952750683019904,-0.0988992866350485,-0.10326246992933198,0.7114175092978721,4.156682934814917e-05,2.0,0.8506654223854602,0.3950257196438721,41,7.490615313966233,21.514500918456072,2.2005095530188483,23.715010471474926
-0.20263337090064096,0.06952750683019904,-0.0988992866350485,-0.10326246992933198,0.7114175092978721,4.155682934814917e-05,2.0,0.8506654223854602,0.3950257196438721,41,7.490615313241018,21.51450091938409,2.200509546971446,23.715010466355537
-0.20263337090064096,0.06952750683019904,-0.09889927663504851,-0.10326246992933198,0.7114175092978721,4.155682934814917e-05,2.0,0.8506654223854602,0.3950257196438721,41,7.490615314864649,21.514500920961403,2.2005095452530714,23.715010466214473
-0.20263337090064096,0.06952750683019904,-0.0988992866350485,-0.10326245992933199,0.7114175092978721,4.155682934814917e-05,2.0,0.8506654223854602,0.3950257196438721,41,7.490615314864649,21.514500920961403,2.2005095452530714,23.715010466214476
-0.20263337090064096,0.06952750683019904,-0.0988992866350485,-0.10326246992933198,0.7114175092978721,4.155682934814917e-05,1.99999999,0.8506654223854602,0.3950257196438721,41,7.490615315279103,21.514500924734715,2.200509544186947,23.715010468921662
-0.20263336090064096,0.06952750683019904,-0.0988992866350485,-0.10326246992933198,0.7114175092978721,4.155682934814917e-05,2.0,0.8506654223854602,0.3950257196438721,41,7.490615319177193,21.514500937431354,2.200509528840047,23.7150104662714
-0.20263337090064096,0.06952751683019903,-0.0988992866350485,-0.10326246992933198,0.7114175092978721,4.155682934814917e-05,2.0,0.8506654223854602,0.3950257196438721,41,7.490615319177193,21.514500937431354,2.200509528840047,23.7150104662714
-0.20263020835136605,0.06953746637917715,-0.09885662658205033,-0.10327112276446461,0.7114664604609913,5.872891419960187e-06,2.0,0.8506003569855193,0.394917619629407,41,7.49063508453058,21.514551136067396,2.2004397340086865,23.714990870076083
-0.20263020835136605,0.06953746637917715,-0.09885662658205033,-0.10327112276446461,0.7114664504609912,5.872891419960187e-06,2.0,0.8506003569855193,0.394917629629407,41,7.490635086690325,21.514551139394346,2.200439730743709,23.71499087013805
-0.20263020835136605,0.06953746637917715,-0.09885662658205033,-0.10327112276446461,0.7114664504609912,5.872891419960187e-06,2.0,0.8506003669855193,0.394917619629407,41,7.490635086308368,21.514551139671948,2.200439730743709,23.71499087041566
-0.20263020835136605,0.06953746637917715,-0.09885662658205033,-0.10327112276446461,0.7114664504609912,5.882891419960187e-06,2.0,0.8506003569855193,0.394917619629407,41,7.4906350887942095,21.51455114135952,2.2004397340086865,23.714990875368205
-0.20263020835136605,0.06953746637917715,-0.09885662658205033,-0.10327112276446461,0.7114664504609912,5.872891419960187e-06,2.0,0.8506003569855193,0.394917619629407,41,7.490635088069271,21.51455114228765,2.2004397279611716,23.71499087024882
-0.20263020835136605,0.06953746637917715,-0.09885662658205033,-0.10327111276446461,0.7114664504609912,5.872891419960187e-06,2.0,0.8506003569855193,0.394917619629407,41,7.49063508969366,21.514551143867294,2.200439726243086,23.71499087011038
-0.20263020835136605,0.06953746637917715,-0.09885661658205033,-0.10327112276446461,0.7114664504609912,5.872891419960187e-06,2.0,0.8506003569855193,0.394917619629407,41,7.49063508969366,21.514551143867294,2.200439726243086,23.71499087011038
-0.20263020835136605,0.06953746637917715,-0.09885662658205033,-0.10327112276446461,0.7114664504609912,5.872891419960187e-06,1.99999999,0.8506003569855193,0.394917619629407,41,7.490635090108277,21.514551147639747,2.2004397251786343,23.714990872818387
-0.20263019835136606,0.06953746637917715,-0.09885662658205033,-0.10327112276446461,0.7114664504609912,5.872891419960187e-06,2.0,0.8506003569855193,0.394917619629407,41,7.490635094013024,21.514551160349022,2.200439709829884,23.71499087017891
-0.20263020835136605,0.06953747637917715,-0.09885662658205033,-0.10327112276446461,0.7114664504609912,5.872891419960187e-06,2.0,0.8506003569855193,0.394917619629407,41,7.490635094013023,21.514551160349022,2.200439709829884,23.71499087017891
-0.20262960361540167,0.06953937082300794,-0.09884846921720059,-0.10327277734124549,0.7114758188863957,-9.505155028556627e-07,2.0,0.8505879153177502,0.39489694897392774,41,7.490638867400994,21.514560742873496,2.20042753703877,23.714988279912262
-0.20262960361540167,0.06953937082300794,-0.09884846921720059,-0.10327277734124549,0.7114758188863957,-9.505155028556627e-07,2.0,0.8505879153177502,0.39489694897392774,41,7.490638867400994,21.514560742873496,2.20042753703877,23.714988279912262
-0.20262960361540167,0.06953937082300794,-0.09884846921720059,-0.10327277734124549,0.7114758088863956,-9.505155028556627e-07,2.0,0.8505879153177502,0.39489695897392774,41,7.490638869560658,21.514560746200317,2.200427533773379,23.714988279973703
-0.20262960361540167,0.06953937082300794,-0.09884846921720059,-0.10327277734124549,0.7114758088863956,-9.505155028556627e-07,2.0,0.8505879153177502,0.39489695897392774,41,7.490638869560658,21.514560746200317,2.200427533773379,23.714988279973703
-0.20262960361540167,0.06953937082300794,-0.09884846921720059,-0.10327277734124549,0.7114758088863956,-9.505155028556627e-07,2.0,0.8505879253177503,0.39489694897392774,41,7.490638869178692,21.514560746477823,2.2004275337733787,23.71498828025121
-0.20262960361540167,0.06953937082300794,-0.09884846921720059,-0.10327277734124549,0.7114758088863956,-9.505155028556627e-07,2.0,0.8505879253177503,0.39489694897392774,41,7.490638869178692,21.514560746477823,2.2004275337733787,23.71498828025121
-0.20262960361540167,0.06953937082300794,-0.09884846921720059,-0.10327277734124549,0.7114758088863956,-9.405155028556627e-07,2.0,0.8505879153177502,0.39489694897392774,41,7.490638871664456,21.514560748165405,2.200427524943665,23.71498827310907
-0.20262960361540167,0.06953937082300794,-0.09884846921720059,-0.10327277734124549,0.7114758088863956,-9.405155028556627e-07,2.0,0.8505879153177502,0.39489694897392774,41,7.490638871664456,21.514560748165405,2.200427524943665,23.71498827310907
-0.20262960361540167,0.06953937082300794,-0.09884846921720059,-0.10327277734124549,0.7114758088863956,-9.505155028556627e-07,2.0,0.8505879153177502,0.39489694897392774,41,7.490638870939572,21.514560749093555,2.200427530991217,23.71498828008477
-0.20262960361540167,0.06953937082300794,-0.09884846921720059,-0.10327277734124549,0.7114758088863956,-9.505155028556627e-07,2.0,0.8505879153177502,0.39489694897392774,41,7.490638870939572,21.514560749093555,2.200427530991217,23.71498828008477
-0.20262960361540167,0.06953937082300794,-0.09884845921720059,-0.10327277734124549,0.7114758088863956,-9.505155028556627e-07,2.0,0.8505879153177502,0.39489694897392774,41,7.490638872564107,21.514560750673645,2.200427529273186,23.714988279946834
-0.20262960361540167,0.06953937082300794,-0.09884845921720059,-0.10327277734124549,0.7114758088863956,-9.505155028556627e-07,2.0,0.8505879153177502,0.39489694897392774,41,7.490638872564107,21.514560750673645,2.200427529273186,23.714988279946834
-0.20262960361540167,0.06953937082300794,-0.09884846921720059,-0.10327276734124549,0.7114758088863956,-9.505155028556627e-07,2.0,0.8505879153177502,0.39489694897392774,41,7.490638872564107,21.51456075067365,2.200427529273186,23.714988279946837
-0.20262960361540167,0.06953937082300794,-0.09884846921720059,-0.10327276734124549,0.7114758088863956,-9.505155028556627e-07,2.0,0.8505879153177502,0.39489694897392774,41,7.490638872564107,21.51456075067365,2.200427529273186,23.714988279946837
-0.20262960361540167,0.06953937082300794,-0.09884846921720059,-0.10327277734124549,0.7114758088863956,-9.505155028556627e-07,1.99999999,0.8505879153177502,0.39489694897392774,41,7.490638872978756,21.514560754445938,2.2004275282090555,23.714988282654993
-0.20262960361540167,0.06953937082300794,-0.09884846921720059,-0.10327277734124549,0.7114758088863956,-9.505155028556627e-07,1.99999999,0.8505879153177502,0.39489694897392774,41,7.490638872978756,21.514560754445938,2.2004275282090555,23.714988282654993
-0.20262960361540167,0.06953938082300794,-0.09884846921720059,-0.10327277734124549,0.7114758088863956,-9.505155028556627e-07,2.0,0.8505879153177502,0.39489694897392774,41,7.490638876884775,21.514560767157633,2.20042751285995,23.714988280017582
-0.20262959361540167,0.06953937082300794,-0.09884846921720059,-0.10327277734124549,0.7114758088863956,-9.505155028556627e-07,2.0,0.8505879153177502,0.39489694897392774,41,7.490638876884775,21.514560767157633,2.20042751285995,23.714988280017582
-0.20262959361540167,0.06953937082300794,-0.09884846921720059,-0.10327277734124549,0.7114758088863956,-9.505155028556627e-07,2.0,0.8505879153177502,0.39489694897392774,41,7.490638876884775,21.514560767157633,2.20042751285995,23.714988280017582
-0.20262960361540167,0.06953938082300794,-0.09884846921720059,-0.10327277734124549,0.7114758088863956,-9.505155028556627e-07,2.0,0.8505879153177502,0.39489694897392774,41,7.490638876884775,21.514560767157633,2.20042751285995,23.714988280017582
-0.20262690738270447,0.06954661543686616,-0.09879201577123345,-0.1032978356083043,0.7115469524331387,2.3415210033359616e-06,2.0,0.8505631813843727,0.3947955543096753,41,7.490643287882216,21.514574927593237,2.200412899535235,23.71498782712847
-0.20262690738270447,0.06954661543686616,-0.09879201577123345,-0.1032978356083043,0.7115469424331387,2.3415210033359616e-06,2.0,0.8505631813843727,0.3947955643096753,41,7.49064329004139,21.51457493091921,2.200412896267798,23.71498782718701
-0.20262690738270447,0.06954661543686616,-0.09879201577123345,-0.1032978356083043,0.7115469424331387,2.3415210033359616e-06,2.0,0.8505631913843728,0.3947955543096753,41,7.490643289659477,21.514574931196513,2.200412896267798,23.71498782746431
-0.20262690738270447,0.06954661543686616,-0.09879201577123345,-0.1032978356083043,0.7115469424331387,2.3515210033359616e-06,2.0,0.8505631813843727,0.3947955543096753,41,7.490643292145354,21.51457493288486,2.200412899535235,23.7149878324201
-0.20262690738270447,0.06954661543686616,-0.09879201577123345,-0.1032978356083043,0.7115469424331387,2.3415210033359616e-06,2.0,0.8505631813843727,0.3947955543096753,41,7.490643291420329,21.51457493381247,2.2004128934870657,23.714987827299534
-0.20262690738270447,0.06954661543686616,-0.09879201577123345,-0.1032978256083043,0.7115469424331387,2.3415210033359616e-06,2.0,0.8505631813843727,0.3947955543096753,41,7.490643293045992,21.51457493539526,2.200412891769302,23.714987827164563
-0.20262690738270447,0.06954661543686616,-0.09879200577123345,-0.1032978356083043,0.7115469424331387,2.3415210033359616e-06,2.0,0.8505631813843727,0.3947955543096753,41,7.490643293045992,21.51457493539526,2.200412891769302,23.714987827164563
-0.20262690738270447,0.06954661543686616,-0.09879201577123345,-0.1032978356083043,0.7115469424331387,2.3415210033359616e-06,1.99999999,0.8505631813843727,0.3947955543096753,41,7.49064329346006,21.514574939165726,2.200412890706333,23.71498782987206
-0.20262690738270447,0.06954662543686616,-0.09879201577123345,-0.1032978356083043,0.7115469424331387,2.3415210033359616e-06,2.0,0.8505631813843727,0.3947955543096753,41,7.490643297370326,21.514574951885717,2.200412875355884,23.7149878272416
-0.20262689738270448,0.06954661543686616,-0.09879201577123345,-0.1032978356083043,0.7115469424331387,2.3415210033359616e-06,2.0,0.8505631813843727,0.3947955543096753,41,7.490643297370327,21.514574951885717,2.200412875355884,23.7149878272416
-0.20262058081166334,0.06956361454984603,-0.09865955067027984,-0.10335663354027819,0.711713863633847,1.006611497036241e-05,2.0,0.8505051444846635,0.3945576369566022,41,7.490653706833409,21.514608307307,2.2003813438894313,23.71498965119643
-0.20262058081166334,0.06956361454984603,-0.09865955067027984,-0.10335663354027819,0.711713853633847,1.006611497036241e-05,2.0,0.8505051444846635,0.39455764695660217,41,7.490653708991433,21.51460831063098,2.2003813406171564,23.714989651248136
-0.20262058081166334,0.06956361454984603,-0.09865955067027984,-0.10335663354027819,0.711713853633847,1.006611497036241e-05,2.0,0.8505051544846636,0.3945576369566022,41,7.490653708609644,21.514608310907803,2.2003813406171564,23.71498965152496
-0.20262058081166334,0.06956361454984603,-0.09865955067027984,-0.10335663354027819,0.711713853633847,1.007611497036241e-05,2.0,0.8505051444846635,0.3945576369566022,41,7.490653711095782,21.514608312597954,2.2003813438894313,23.714989656487386
-0.20262058081166334,0.06956361454984603,-0.09865955067027984,-0.10335663354027819,0.711713853633847,1.006611497036241e-05,2.0,0.8505051444846635,0.3945576369566022,41,7.490653710370427,21.51460831352428,2.200381337839778,23.714989651364064
-0.20262058081166334,0.06956361454984603,-0.09865955067027984,-0.10335662354027819,0.711713853633847,1.006611497036241e-05,2.0,0.8505051444846635,0.3945576369566022,41,7.490653711998741,21.514608315113424,2.2003813361226405,23.714989651236067
-0.20262058081166334,0.06956361454984603,-0.09865954067027985,-0.10335663354027819,0.711713853633847,1.006611497036241e-05,2.0,0.8505051444846635,0.3945576369566022,41,7.490653711998741,21.514608315113424,2.2003813361226405,23.714989651236067
-0.20262058081166334,0.06956361454984603,-0.09865955067027984,-0.10335663354027819,0.711713853633847,1.006611497036241e-05,1.99999999,0.8505051444846635,0.3945576369566022,41,7.490653712411445,21.5146083188796,2.2003813350623997,23.714989653942
-0.20262058081166334,0.06956362454984602,-0.09865955067027984,-0.10335663354027819,0.711713853633847,1.006611497036241e-05,2.0,0.8505051444846635,0.3945576369566022,41,7.490653716331681,21.514608331619048,2.200381319708794,23.71498965132784
-0.20262057081166335,0.06956361454984603,-0.09865955067027984,-0.10335663354027819,0.711713853633847,1.006611497036241e-05,2.0,0.8505051444846635,0.3945576369566022,41,7.490653716331681,21.51460833161905,2.200381319708794,23.71498965132784
-0.20259365740924568,0.06963595610050985,-0.09809583120896621,-0.10360685445356076,0.7124241721715162,4.293895406995108e-05,2.0,0.8502581622259038,0.3935451541128492,41,7.490698775115218,21.514751863049142,2.2002485121992343,23.715000375248376
-0.20259365740924568,0.06963595610050985,-0.09809583120896621,-0.10360685445356076,0.7124241621715162,4.293895406995108e-05,2.0,0.8502581622259038,0.3935451641128492,41,7.490698777268351,21.514751866364644,2.200248508906368,23.715000375271007
-0.20259365740924568,0.06963595610050985,-0.09809583120896621,-0.10360685445356076,0.7124241621715162,4.293895406995108e-05,2.0,0.8502581722259038,0.3935451541128492,41,7.490698776887099,21.51475186663944,2.200248508906368,23.715000375545802
-0.20259365740924568,0.06963595610050985,-0.09809583120896621,-0.10360685445356076,0.7124241621715162,4.2948954069951083e-05,2.0,0.8502581622259038,0.3935451541128492,41,7.490698779374349,21.51475186833725,2.2002485121992343,23.715000380536488
-0.20259365740924568,0.06963595610050985,-0.09809583120896621,-0.10360685445356076,0.7124241621715162,4.293895406995108e-05,2.0,0.8502581622259038,0.3935451541128492,41,7.4906987786475865,21.514751869258145,2.2002485061432635,23.71500037540141
-0.20259365740924568,0.06963595610050985,-0.09809582120896622,-0.10360685445356076,0.7124241621715162,4.293895406995108e-05,2.0,0.8502581622259038,0.3935451541128492,41,7.490698780287176,21.51475187087427,2.2002485044287905,23.71500037530306
-0.20259365740924568,0.06963595610050985,-0.09809583120896621,-0.10360684445356076,0.7124241621715162,4.293895406995108e-05,2.0,0.8502581622259038,0.3935451541128492,41,7.490698780287176,21.51475187087427,2.2002485044287905,23.71500037530306
-0.20259365740924568,0.06963595610050985,-0.09809583120896621,-0.10360685445356076,0.7124241621715162,4.293895406995108e-05,1.99999999,0.8502581622259038,0.3935451541128492,41,7.490698780694069,21.5147518746222,2.200248503380159,23.715000378002355
-0.20259365740924568,0.06963596610050984,-0.09809583120896621,-0.10360685445356076,0.7124241621715162,4.293895406995108e-05,2.0,0.8502581622259038,0.3935451541128492,41,7.490698784656726,21.514751887444458,2.200248488013123,23.71500037545758
-0.20259364740924568,0.06963595610050985,-0.09809583120896621,-0.10360685445356076,0.7124241621715162,4.293895406995108e-05,2.0,0.8502581622259038,0.3935451541128492,41,7.4906987846567255,21.514751887444458,2.200248488013123,23.71500037545758
-0.2025771457996007,0.06968813143924694,-0.09773212380748546,-0.10375544212743948,0.7129100396340562,9.977934171351625e-07,2.0,0.8501229264540461,0.39288478227193524,41,7.490715815582736,21.51484078578208,2.200136570005645,23.714977355787724
-0.2025771457996007,0.06968813143924694,-0.09773212380748546,-0.10375544212743948,0.7129100296340561,9.977934171351625e-07,2.0,0.8501229264540461,0.39288479227193523,41,7.4907158177322914,21.51484078909116,2.2001365666999892,23.714977355791145
-0.2025771457996007,0.06968813143924694,-0.09773212380748546,-0.10375544212743948,0.7129100296340561,9.977934171351625e-07,2.0,0.8501229364540461,0.39288478227193524,41,7.49071581735107,21.514840789364165,2.2001365666999892,23.714977356064153
-0.2025771457996007,0.06968813143924694,-0.09773212380748546,-0.10375544212743948,0.7129100296340561,1.0077934171351624e-06,2.0,0.8501229264540461,0.39288478227193524,41,7.490715819837143,21.514840791063254,2.200136570005645,23.714977361068897
-0.2025771457996007,0.06968813143924694,-0.09773212380748546,-0.10375544212743948,0.7129100296340561,9.977934171351625e-07,2.0,0.8501229264540461,0.39288478227193524,41,7.490715819110987,21.51484079198351,2.2001365639459016,23.714977355929417
-0.2025771457996007,0.06968813143924694,-0.09773212380748546,-0.10375543212743948,0.7129100296340561,9.977934171351625e-07,2.0,0.8501229264540461,0.39288478227193524,41,7.490715820756576,21.51484079361423,2.2001365622332574,23.71497735584749
-0.2025771457996007,0.06968813143924694,-0.09773211380748546,-0.10375544212743948,0.7129100296340561,9.977934171351625e-07,2.0,0.8501229264540461,0.39288478227193524,41,7.490715820756576,21.514840793614233,2.2001365622332574,23.71497735584749
-0.2025771457996007,0.06968813143924694,-0.09773212380748546,-0.10375544212743948,0.7129100296340561,9.977934171351625e-07,1.99999999,0.8501229264540461,0.39288478227193524,41,7.490715821162236,21.51484079735528,2.200136561191815,23.7149773585471
-0.2025771357996007,0.06968813143924694,-0.09773212380748546,-0.10375544212743948,0.7129100296340561,9.977934171351625e-07,2.0,0.8501229264540461,0.39288478227193524,41,7.490715825159747,21.514840810243847,2.2001365458163447,23.71497735606019
-0.2025771457996007,0.06968814143924694,-0.09773212380748546,-0.10375544212743948,0.7129100296340561,9.977934171351625e-07,2.0,0.8501229264540461,0.39288478227193524,41,7.490715825159747,21.514840810243847,2.2001365458163447,23.71497735606019
-0.20259614742632026,0.06964473156992852,-0.09839717417789354,-0.10336431453580704,0.7119935609561138,-0.0003784461592756789,2.0,0.8498995970865205,0.3937533732667154,41,7.490848934326838,21.51509387015302,2.2001480794777875,23.715241949630805
-0.20259614742632026,0.06964473156992852,-0.09839717417789354,-0.10336431453580704,0.7119935509561137,-0.0003784461592756789,2.0,0.8498995970865205,0.3937533832667154,41,7.490848936482087,21.515093873473347,2.2001480761840257,23.715241949657365
-0.20259614742632026,0.06964473156992852,-0.09839717417789354,-0.10336431453580704,0.7119935509561137,-0.0003784461592756789,2.0,0.8498996070865206,0.3937533732667154,41,7.4908489360997645,21.51509387374523,2.2001480761840257,23.71524194992925
-0.20259614742632026,0.06964473156992852,-0.09839717417789354,-0.10336431453580704,0.7119935509561137,-0.0003784361592756789,2.0,0.8498995970865205,0.3937533732667154,41,7.49084893858123,21.515093875433408,2.200148067367464,23.71524194280088
-0.20259614742632026,0.06964473156992852,-0.09839717417789354,-0.10336431453580704,0.7119935509561137,-0.0003784461592756789,2.0,0.8498995970865205,0.3937533732667154,41,7.490848937859303,21.51509387636278,2.2001480734226257,23.7152419497854
-0.20259614742632026,0.06964473156992852,-0.09839716417789354,-0.10336431453580704,0.7119935509561137,-0.0003784461592756789,2.0,0.8498995970865205,0.3937533732667154,41,7.49084893949183,21.515093877967512,2.200148071707653,23.71524194967516
-0.20259614742632026,0.06964473156992852,-0.09839717417789354,-0.10336430453580704,0.7119935509561137,-0.0003784461592756789,2.0,0.8498995970865205,0.3937533732667154,41,7.490848939491829,21.515093877967512,2.200148071707653,23.71524194967516
-0.20259614742632026,0.06964473156992852,-0.09839717417789354,-0.10336431453580704,0.7119935509561137,-0.0003784461592756789,1.99999999,0.8498995970865205,0.3937533732667154,41,7.490848939908213,21.515093881730756,2.2001480706612258,23.715241952391985
-0.20259614742632026,0.06964474156992852,-0.09839717417789354,-0.10336431453580704,0.7119935509561137,-0.0003784461592756789,2.0,0.8498995970865205,0.3937533732667154,41,7.4908489438846475,21.51509389457611,2.200148055292539,23.715241949868652
-0.20259613742632027,0.06964473156992852,-0.09839717417789354,-0.10336431453580704,0.7119935509561137,-0.0003784461592756789,2.0,0.8498995970865205,0.3937533732667154,41,7.4908489438846475,21.51509389457611,2.200148055292539,23.715241949868652
-0.2021510782104655,0.06991520657715382,-0.10069254198739296,-0.10287096157073478,0.7077187338244886,-0.0010119682899665278,2.0,0.8453545237101509,0.3947812295409638,41,7.4931254321410465,21.519745310339562,2.195997961489032,23.715743271828597
-0.2021510782104655,0.06991520657715382,-0.10069254198739296,-0.10287096157073478,0.7077187238244885,-0.0010119682899665278,2.0,0.8453545237101509,0.3947812395409638,41,7.493125434306808,21.51974531369299,2.1959979581863602,23.715743271879347
-0.2021510782104655,0.06991520657715382,-0.10069254198739296,-0.10287096157073478,0.7077187238244885,-0.0010119682899665278,2.0,0.8453545337101509,0.3947812295409638,41,7.493125433893907,21.519745313896824,2.1959979581863602,23.715743272083184
-0.2021510782104655,0.06991520657715382,-0.10069254198739296,-0.10287096157073478,0.7077187238244885,-0.0010119582899665279,2.0,0.8453545237101509,0.3947812295409638,41,7.493125436330777,21.519745315527203,2.1959979494406103,23.715743264967816
-0.2021510782104655,0.06991520657715382,-0.10069254198739296,-0.10287096157073478,0.7077187238244885,-0.0010119682899665278,2.0,0.8453545237101509,0.3947812295409638,41,7.4931254356564665,21.519745316529853,2.1959979554648217,23.715743271994672
-0.2021510782104655,0.06991520657715382,-0.10069254198739296,-0.10287095157073478,0.7077187238244885,-0.0010119682899665278,2.0,0.8453545237101509,0.3947812295409638,41,7.4931254372199385,21.51974531804905,2.195997953734532,23.715743271783584
-0.2021510782104655,0.06991520657715382,-0.10069253198739296,-0.10287096157073478,0.7077187238244885,-0.0010119682899665278,2.0,0.8453545237101509,0.3947812295409638,41,7.4931254372199385,21.51974531804905,2.195997953734532,23.715743271783584
-0.2021510782104655,0.06991520657715382,-0.10069254198739296,-0.10287096157073478,0.7077187238244885,-0.0010119682899665278,1.99999999,0.8453545237101509,0.3947812295409638,41,7.493125437741953,21.519745321950573,2.195997952743283,23.715743274693853
-0.2021510682104655,0.06991520657715382,-0.10069254198739296,-0.10287096157073478,0.7077187238244885,-0.0010119682899665278,2.0,0.8453545237101509,0.3947812295409638,41,7.493125441984793,21.51974533527781,2.1959979373408163,23.715743272618624
-0.2021510782104655,0.06991521657715381,-0.10069254198739296,-0.10287096157073478,0.7077187238244885,-0.0010119682899665278,2.0,0.8453545237101509,0.3947812295409638,41,7.493125441984793,21.51974533527781,2.1959979373408163,23.715743272618624
-0.2129084333733023,0.06135140472495646,-0.1056836001377645,-0.06922132557395934,0.722369716303092,-0.014593097756027363,1.8695892388224555,0.9178022522658478,0.4420624795044228,41,7.4913939640441445,21.526304210845588,2.241068521146629,23.767372731992218
-0.2129084333733023,0.06135140472495646,-0.1056836001377645,-0.06922132557395934,0.722369726303092,-0.014593097756027363,1.8695892288224556,0.9178022522658478,0.4420624795044228,41,7.4913939636251285,21.52630421180227,2.2410685248103337,23.7673727366126
-0.2129084333733023,0.06135140472495646,-0.1056836001377645,-0.06922132557395934,0.722369716303092,-0.014593097756027363,1.8695892288224556,0.9178022622658478,0.4420624795044228,41,7.49139396511344,21.526304214868272,2.241068521146629,23.767372736014895
-0.2129084333733023,0.06135140472495646,-0.1056836001377645,-0.06922132557395934,0.722369716303092,-0.014593097756027363,1.8695892288224556,0.9178022522658478,0.4420624895044228,41,7.4913939657064725,21.52630421495358,2.241068521146629,23.76737273610021
-0.2129084333733023,0.06135140472495646,-0.1056836001377645,-0.06922132557395934,0.722369716303092,-0.014593087756027363,1.8695892288224556,0.9178022522658478,0.4420624795044228,41,7.491393966768775,21.52630421502452,2.241068512281966,23.76737272730649
-0.2129084333733023,0.06135140472495646,-0.1056836001377645,-0.06922132557395934,0.722369716303092,-0.014593097756027363,1.8695892288224556,0.9178022522658478,0.4420624795044228,41,7.491393966674679,21.526304217107413,2.2410685185461503,23.76737273565356
-0.2129084333733023,0.06135140472495646,-0.1056836001377645,-0.06922131557395934,0.722369716303092,-0.014593097756027363,1.8695892288224556,0.9178022522658478,0.4420624795044228,41,7.491393968511489,21.52630421879436,2.241068517059458,23.76737273585381
-0.2129084333733023,0.06135140472495646,-0.1056835901377645,-0.06922132557395934,0.722369716303092,-0.014593097756027363,1.8695892288224556,0.9178022522658478,0.4420624795044228,41,7.491393968511489,21.52630421879436,2.241068517059458,23.76737273585381
-0.2129084333733023,0.06135141472495646,-0.1056836001377645,-0.06922132557395934,0.722369716303092,-0.014593097756027363,1.8695892288224556,0.9178022522658478,0.4420624795044228,41,7.491393975134861,21.526304237869738,2.2410685002579154,23.767372738127655
-0.21290842337330232,0.06135140472495646,-0.1056836001377645,-0.06922132557395934,0.722369716303092,-0.014593097756027363,1.8695892288224556,0.9178022522658478,0.4420624795044228,41,7.491393975134862,21.526304237869738,2.2410685002579154,23.767372738127655
-0.16573701298430638,0.08915130001243862,-0.99999999,0.7314551143478754,0.6900433342017954,0.314687399080289,2.0,1.158383560559228,0.21212585868293882,41,7.52226480903623,21.592387909516248,3.6136326906294793,25.20602060014573
-0.16573701298430638,0.08915130001243862,-1.0,0.7314551243478754,0.6900433342017954,0.314687399080289,2.0,1.158383560559228,0.21212585868293882,41,7.52226480903623,21.59238790951625,3.613632720064216,25.20602062958046
-0.16573701298430638,0.08915130001243862,-1.0,0.7314551143478754,0.6900433342017954,0.31468740908028897,2.0,1.158383560559228,0.21212585868293882,41,7.522264808495073,21.59238791005605,3.613632713887059,25.20602062394311
-0.16573701298430638,0.08915130001243862,-1.0,0.7314551143478754,0.6900433342017954,0.314687399080289,2.0,1.158383560559228,0.2121258686829388,41,7.522264807670618,21.59238791021861,3.6136327095459557,25.206020619764566
-0.16573701298430638,0.08915130001243862,-1.0,0.7314551143478754,0.6900433442017955,0.314687399080289,2.0,1.158383560559228,0.21212585868293882,41,7.5222648074268745,21.592387910842668,3.613632713887059,25.206020624729728
-0.16573701298430638,0.08915130001243862,-1.0,0.7314551143478754,0.6900433342017954,0.314687399080289,2.0,1.158383570559228,0.21212585868293882,41,7.522264807520361,21.592387912418996,3.6136327095459557,25.206020621964953
-0.16573701298430638,0.08915130001243862,-1.0,0.7314551143478754,0.6900433342017954,0.314687399080289,2.0,1.158383560559228,0.21212585868293882,41,7.52226480907942,21.59238791332522,3.6136327053468476,25.206020618672063
-0.16573701298430638,0.08915130001243862,-1.0,0.7314551143478754,0.6900433342017954,0.314687399080289,1.99999999,1.158383560559228,0.21212585868293882,41,7.5222648114483155,21.592387918300552,3.613632701147741,25.206020619448296
-0.16573700298430638,0.08915130001243862,-1.0,0.7314551143478754,0.6900433342017954,0.314687399080289,2.0,1.158383560559228,0.21212585868293882,41,7.522264827356639,21.59238795033499,3.613632687695869,25.20602063803086
-0.16573701298430638,0.08915131001243862,-1.0,0.7314551143478754,0.6900433342017954,0.314687399080289,2.0,1.158383560559228,0.21212585868293882,41,7.522264827356638,21.59238795033499,3.613632687695869,25.20602063803086
-0.20897453833483545,0.05625400966256137,-0.18803034934621501,-0.02165865084649704,0.5909591906468828,0.009331919384983409,1.8044642045839105,0.9164088100899689,0.5975280313584086,41,7.53176043372587,21.600675692348084,2.1988211695961857,23.79949686194427
-0.20897453833483545,0.05625400966256137,-0.18803034934621501,-0.02165865084649704,0.5909592006468829,0.009331919384983409,1.8044641945839106,0.9164088100899689,0.5975280313584086,41,7.5317604334215495,21.60067569302522,2.1988211710901155,23.79949686411534
-0.20897453833483545,0.05625400966256137,-0.18803034934621501,-0.02165865084649704,0.5909591906468828,0.009331929384983409,1.8044641945839106,0.9164088100899689,0.5975280313584086,41,7.531760435658033,21.600675695061042,2.1988211710901155,23.79949686615116
-0.20897453833483545,0.05625400966256137,-0.18803034934621501,-0.02165865084649704,0.5909591906468828,0.009331919384983409,1.8044641945839106,0.9164088200899689,0.5975280313584086,41,7.531760434776857,21.60067569611821,2.1988211695961857,23.79949686571439
-0.20897453833483545,0.05625400966256137,-0.18803034934621501,-0.02165865084649704,0.5909591906468828,0.009331919384983409,1.8044641945839106,0.9164088100899689,0.5975280413584086,41,7.531760435995456,21.600675697395843,2.198821169596186,23.799496866992033
-0.20897453833483545,0.05625400966256137,-0.18803034934621501,-0.02165865084649704,0.5909591906468828,0.009331919384983409,1.8044641945839106,0.9164088100899689,0.5975280313584086,41,7.531760436470764,21.600675698642718,2.1988211659876407,23.79949686463036
-0.20897453833483545,0.05625400966256137,-0.18803033934621502,-0.02165865084649704,0.5909591906468828,0.009331919384983409,1.8044641945839106,0.9164088100899689,0.5975280313584086,41,7.531760437437807,21.600675699179746,2.198821164205284,23.79949686338503
-0.20897453833483545,0.05625400966256137,-0.18803034934621501,-0.02165864084649704,0.5909591906468828,0.009331919384983409,1.8044641945839106,0.9164088100899689,0.5975280313584086,41,7.531760437437807,21.600675699179746,2.198821164205284,23.79949686338503
-0.20897453833483545,0.05625401966256137,-0.18803034934621501,-0.02165865084649704,0.5909591906468828,0.009331919384983409,1.8044641945839106,0.9164088100899689,0.5975280313584086,41,7.5317604456184215,21.60067571981569,2.198821147689516,23.7994968675052
-0.20897452833483546,0.05625400966256137,-0.18803034934621501,-0.02165865084649704,0.5909591906468828,0.009331919384983409,1.8044641945839106,0.9164088100899689,0.5975280313584086,41,7.5317604456184215,21.60067571981569,2.198821147689516,23.7994968675052
-0.22187064421597974,0.04844592962120999,-0.21079109883360944,0.03585377136130567,0.5721208717265343,-0.05642553643595295,1.7685770732916022,0.9609161233072437,0.6447460994740084,41,7.531676200920979,21.606708736853314,2.2807282181622117,23.88743695501553
-0.22187064421597974,0.04844592962120999,-0.21079109883360944,0.03585377136130567,0.5721208617265342,-0.05642553643595295,1.7685770832916021,0.9609161233072437,0.6447460994740084,41,7.531676201657682,21.606708736946022,2.280728217060946,23.88743695400697
-0.22187064421597974,0.04844592962120999,-0.21079109883360944,0.03585377136130567,0.5721208617265342,-0.05642552643595295,1.7685770732916022,0.9609161233072437,0.6447460994740084,41,7.531676203286835,21.606708739082674,2.2807282074769226,23.887436946559593
-0.22187064421597974,0.04844592962120999,-0.21079109883360944,0.03585377136130567,0.5721208617265342,-0.05642553643595295,1.7685770732916022,0.9609161333072438,0.6447460994740084,41,7.5316762029921325,21.60670874128912,2.280728217060946,23.88743695835007
-0.22187064421597974,0.04844592962120999,-0.21079109883360944,0.03585377136130567,0.5721208617265342,-0.05642553643595295,1.7685770732916022,0.9609161233072437,0.6447461094740085,41,7.531676204004214,21.606708742192655,2.280728217060946,23.887436959253602
-0.22187064421597974,0.04844592962120999,-0.21079109883360944,0.03585377136130567,0.5721208617265342,-0.05642553643595295,1.7685770732916022,0.9609161233072437,0.6447460994740084,41,7.531676204395826,21.60670874327967,2.280728212819567,23.887436956099243
-0.22187064421597974,0.04844592962120999,-0.21079108883360945,0.03585377136130567,0.5721208617265342,-0.05642553643595295,1.7685770732916022,0.9609161233072437,0.6447460994740084,41,7.531676205587136,21.60670874387774,2.2807282107230855,23.887436954600823
-0.22187064421597974,0.04844592962120999,-0.21079109883360944,0.035853781361305674,0.5721208617265342,-0.05642553643595295,1.7685770732916022,0.9609161233072437,0.6447460994740084,41,7.531676205587136,21.60670874387774,2.2807282149160484,23.887436958793792
-0.22187063421597975,0.04844592962120999,-0.21079109883360944,0.03585377136130567,0.5721208617265342,-0.05642553643595295,1.7685770732916022,0.9609161233072437,0.6447460994740084,41,7.531676211871568,21.60670876076151,2.2807281943454574,23.88743695510697
-0.22187064421597974,0.048445939621209994,-0.21079109883360944,0.03585377136130567,0.5721208617265342,-0.05642553643595295,1.7685770732916022,0.9609161233072437,0.6447460994740084,41,7.531676211871568,21.60670876076151,2.2807281943454574,23.88743695510697
-0.21892369359006036,0.04872520586082695,-0.21724424351706825,0.03275959358536485,0.5553327152492763,-0.036116647905839586,1.7637068132298939,0.9539589669289813,0.6617518052253515,41,7.5382153062475545,21.616765440449903,2.258458223473684,23.875223663923585
-0.21892369359006036,0.04872520586082695,-0.21724424351706825,0.03275959358536485,0.5553327052492762,-0.036116647905839586,1.7637068232298938,0.9539589669289813,0.6617518052253515,41,7.538215307112477,21.616765440864775,2.2584582227464303,23.87522366361121
-0.21892369359006036,0.04872520586082695,-0.21724424351706825,0.03275959358536485,0.5553327052492762,-0.036116637905839584,1.7637068132298939,0.9539589669289813,0.6617518052253515,41,7.538215308744723,21.616765443039732,2.258458213419045,23.875223656458772
-0.21892369359006036,0.04872520586082695,-0.21724424351706825,0.03275959358536485,0.5553327052492762,-0.036116647905839586,1.7637068132298939,0.9539589769289814,0.6617518052253515,41,7.538215308260492,21.61676544481907,2.258458222746431,23.8752236675655
-0.21892369359006036,0.04872520586082695,-0.21724424351706825,0.03275959358536485,0.5553327052492762,-0.036116647905839586,1.7637068132298939,0.9539589669289813,0.6617518152253515,41,7.538215309347684,21.61676544588569,2.2584582227464303,23.87522366863212
-0.21892369359006036,0.04872520586082695,-0.21724424351706825,0.03275959358536485,0.5553327052492762,-0.036116647905839586,1.7637068132298939,0.9539589669289813,0.6617518052253515,41,7.538215309770624,21.616765447029184,2.2584582184463646,23.875223665475552
-0.21892369359006036,0.04872520586082695,-0.21724423351706826,0.03275959358536485,0.5553327052492762,-0.036116647905839586,1.7637068132298939,0.9539589669289813,0.6617518052253515,41,7.53821531106703,21.616765448017716,2.2584582163213316,23.875223664339043
-0.21892369359006036,0.04872520586082695,-0.21724424351706825,0.03275960358536485,0.5553327052492762,-0.036116647905839586,1.7637068132298939,0.9539589669289813,0.6617518052253515,41,7.53821531106703,21.616765448017716,2.2584582205713972,23.87522366858911
-0.21892368359006037,0.04872520586082695,-0.21724424351706825,0.03275959358536485,0.5553327052492762,-0.036116647905839586,1.7637068132298939,0.9539589669289813,0.6617518052253515,41,7.538215317094034,21.616765464301647,2.258458199999678,23.875223664301323
-0.21892369359006036,0.048725215860826954,-0.21724424351706825,0.03275959358536485,0.5553327052492762,-0.036116647905839586,1.7637068132298939,0.9539589669289813,0.6617518052253515,41,7.538215317094034,21.616765464301647,2.258458199999678,23.875223664301323
-0.2141243714596273,0.049180027406023244,-0.227753656134237,0.027720501398018068,0.5279919888041763,-0.003042154797674987,1.755775242646546,0.9426287348316377,0.6894468263900144,41,7.549086037070632,21.633696126349065,2.2247982086351867,23.85849433498425
-0.2141243714596273,0.049180027406023244,-0.227753656134237,0.027720501398018068,0.5279919788041763,-0.003042154797674987,1.755775252646546,0.9426287348316377,0.6894468263900144,41,7.549086038224422,21.633696127427296,2.224798208517039,23.858494335944336
-0.2141243714596273,0.049180027406023244,-0.227753656134237,0.027720501398018068,0.5279919788041763,-0.003042144797674987,1.755775242646546,0.9426287348316377,0.6894468263900144,41,7.549086039912133,21.633696129757062,2.2247981996076067,23.85849432936467
-0.2141243714596273,0.049180027406023244,-0.227753656134237,0.027720501398018068,0.5279919788041763,-0.003042154797674987,1.755775242646546,0.9426287448316377,0.6894468263900144,41,7.549086039009487,21.63369613063574,2.224798208517039,23.85849433915278
-0.2141243714596273,0.049180027406023244,-0.227753656134237,0.027720501398018068,0.5279919788041763,-0.003042154797674987,1.755775242646546,0.9426287348316377,0.6894468363900145,41,7.549086040223527,21.633696131989346,2.224798208517039,23.858494340506386
-0.2141243714596273,0.049180027406023244,-0.227753656134237,0.027720501398018068,0.5279919788041763,-0.003042154797674987,1.755775242646546,0.9426287348316377,0.6894468263900144,41,7.549086040718985,21.633696133260678,2.224798204121397,23.85849433738208
-0.2141243714596273,0.049180027406023244,-0.22775364613423701,0.027720501398018068,0.5279919788041763,-0.003042154797674987,1.755775242646546,0.9426287348316377,0.6894468263900144,41,7.549086042274006,21.63369613503542,2.224798201949866,23.858494336985284
-0.2141243714596273,0.049180027406023244,-0.227753656134237,0.02772051139801807,0.5279919788041763,-0.003042154797674987,1.755775242646546,0.9426287348316377,0.6894468263900144,41,7.549086042274004,21.63369613503542,2.2247982062929275,23.858494341328345
-0.2141243614596273,0.049180027406023244,-0.227753656134237,0.027720501398018068,0.5279919788041763,-0.003042154797674987,1.755775242646546,0.9426287348316377,0.6894468263900144,41,7.549086047610012,21.633696149885377,2.22479818571937,23.85849433560475
-0.2141243714596273,0.049180037406023246,-0.227753656134237,0.027720501398018068,0.5279919788041763,-0.003042154797674987,1.755775242646546,0.9426287348316377,0.6894468263900144,41,7.549086047610011,21.633696149885377,2.22479818571937,23.85849433560475
-0.21320314237504043,0.049267330325965766,-0.22977093613790006,0.02675324849089148,0.5227439409110697,0.0033064886526157737,1.7542527789924605,0.9404538986652954,0.6947628810956056,41,7.551215795598152,21.637048218193282,2.221645266335944,23.858693484529223
-0.21320314237504043,0.049267330325965766,-0.22977093613790006,0.02675324849089148,0.5227439309110696,0.0033064886526157737,1.7542527889924604,0.9404538986652954,0.6947628810956056,41,7.551215796818925,21.63704821941887,2.221645266278504,23.858693485697376
-0.21320314237504043,0.049267330325965766,-0.22977093613790006,0.02675324849089148,0.5227439309110696,0.0033064986526157737,1.7542527789924605,0.9404538986652954,0.6947628810956056,41,7.551215798525665,21.637048221793442,2.221645266335944,23.85869348812939
-0.21320314237504043,0.049267330325965766,-0.22977093613790006,0.02675324849089148,0.5227439309110696,0.0033064886526157737,1.7542527789924605,0.9404539086652954,0.6947628810956056,41,7.551215797525777,21.637048222467968,2.221645266278504,23.858693488746464
-0.21320314237504043,0.049267330325965766,-0.22977093613790006,0.02675324849089148,0.5227439309110696,0.0033064886526157737,1.7542527789924605,0.9404538986652954,0.6947628910956056,41,7.551215798766074,21.637048223881745,2.221645266278504,23.85869349016025
-0.21320314237504043,0.049267330325965766,-0.22977093613790006,0.02675324849089148,0.5227439309110696,0.0033064886526157737,1.7542527789924605,0.9404538986652954,0.6947628810956056,41,7.551215799277647,21.637048225181307,2.2216452618645155,23.85869348704582
-0.21320314237504043,0.049267330325965766,-0.22977093613790006,0.026753258490891482,0.5227439309110696,0.0033064886526157737,1.7542527789924605,0.9404538986652954,0.6947628810956056,41,7.551215800894842,21.63704822712833,2.221645264044971,23.858693491173295
-0.21320314237504043,0.049267330325965766,-0.22977092613790007,0.02675324849089148,0.5227439309110696,0.0033064886526157737,1.7542527789924605,0.9404538986652954,0.6947628810956056,41,7.551215800894841,21.63704822712833,2.22164525968406,23.85869348681239
-0.21320314237504043,0.04926734032596577,-0.22977093613790006,0.02675324849089148,0.5227439309110696,0.0033064886526157737,1.7542527789924605,0.9404538986652954,0.6947628810956056,41,7.55121580605952,21.637048241637924,2.221645243471061,23.858693485108986
-0.21320313237504043,0.049267330325965766,-0.22977093613790006,0.02675324849089148,0.5227439309110696,0.0033064886526157737,1.7542527789924605,0.9404538986652954,0.6947628810956056,41,7.55121580605952,21.637048241637924,2.221645243471061,23.858693485108986
-0.20695523065202898,0.05465675032679346,-0.2221695103465408,-0.004867880257213212,0.5401199317702705,0.016041215699546987,1.766454201614883,0.921870866120568,0.6626987287961338,41,7.552701806561542,21.642804694166998,2.1919545940975587,23.834759288264554
-0.20695523065202898,0.05465675032679346,-0.2221695103465408,-0.004867880257213212,0.5401199417702706,0.016041215699546987,1.766454191614883,0.921870866120568,0.6626987287961338,41,7.552701806689722,21.642804695431185,2.191954594846659,23.834759290277844
-0.20695523065202898,0.05465675032679346,-0.2221695103465408,-0.004867880257213212,0.5401199317702705,0.01604122569954699,1.766454191614883,0.921870866120568,0.6626987287961338,41,7.5527018078507195,21.64280469563202,2.191954594846659,23.83475929047868
-0.20695523065202898,0.05465675032679346,-0.2221695103465408,-0.004867880257213212,0.5401199317702705,0.016041215699546987,1.766454191614883,0.9218708761205681,0.6626987287961338,41,7.552701807777002,21.642804698142925,2.1919545940975587,23.834759292240484
-0.20695523065202898,0.05465675032679346,-0.2221695103465408,-0.004867880257213212,0.5401199317702705,0.016041215699546987,1.766454191614883,0.921870866120568,0.6626987387961338,41,7.5527018092561,21.642804699884856,2.1919545940975587,23.834759293982415
-0.20695523065202898,0.05465675032679346,-0.22216950034654082,-0.004867880257213212,0.5401199317702705,0.016041215699546987,1.766454191614883,0.921870866120568,0.6626987287961338,41,7.552701809778296,21.642804700001808,2.1919545881894713,23.834759288191282
-0.20695523065202898,0.05465675032679346,-0.2221695103465408,-0.004867870257213212,0.5401199317702705,0.016041215699546987,1.766454191614883,0.921870866120568,0.6626987287961338,41,7.552701809778296,21.642804700001808,2.1919545881894713,23.834759288191282
-0.20695523065202898,0.05465675032679346,-0.2221695103465408,-0.004867880257213212,0.5401199317702705,0.016041215699546987,1.766454191614883,0.921870866120568,0.6626987287961338,41,7.552701809461162,21.64280470062776,2.1919545901192894,23.834759290747055
-0.20695522065202898,0.05465675032679346,-0.2221695103465408,-0.004867880257213212,0.5401199317702705,0.016041215699546987,1.766454191614883,0.921870866120568,0.6626987287961338,41,7.552701819608997,21.642804723053818,2.191954571824753,23.834759294878566
-0.20695523065202898,0.05465676032679346,-0.2221695103465408,-0.004867880257213212,0.5401199317702705,0.016041215699546987,1.766454191614883,0.921870866120568,0.6626987287961338,41,7.552701819608997,21.642804723053818,2.191954571824753,23.834759294878566
-0.20910319987231354,0.04965587315214566,-0.23874886808262163,0.022448476343372027,0.4993874327707046,0.03156121220835152,1.7474770339050782,0.9307747608872552,0.7184220544748836,41,7.560937029197751,21.652508904945716,2.2198359719772127,23.872344876922927
-0.20910319987231354,0.04965587315214566,-0.23874886808262163,0.022448476343372027,0.4993874227707046,0.03156121220835152,1.7474770439050782,0.9307747608872552,0.7184220544748836,41,7.560937030762616,21.65250890690716,2.219835971959786,23.87234487886694
-0.20910319987231354,0.04965587315214566,-0.23874886808262163,0.022448476343372027,0.4993874227707046,0.03156121220835152,1.7474770339050782,0.9307747708872552,0.7184220544748836,41,7.560937031087391,21.65250890918293,2.219835971959786,23.872344881142716
-0.20910319987231354,0.04965587315214566,-0.23874886808262163,0.022448476343372027,0.4993874227707046,0.03156122220835152,1.7474770339050782,0.9307747608872552,0.7184220544748836,41,7.560937032592573,21.65250890954936,2.2198359719772127,23.87234488152658
-0.20910319987231354,0.04965587315214566,-0.23874886808262163,0.022448476343372027,0.4993874227707046,0.03156121220835152,1.7474770339050782,0.9307747608872552,0.7184220644748837,41,7.560937032458158,21.652508910894333,2.219835971959786,23.872344882854115
-0.20910319987231354,0.04965587315214566,-0.23874886808262163,0.022448476343372027,0.4993874227707046,0.03156121220835152,1.7474770339050782,0.9307747608872552,0.7184220544748836,41,7.560937033045735,21.652508912326795,2.219835967464149,23.872344879790944
-0.20910319987231354,0.04965587315214566,-0.23874885808262164,0.022448476343372027,0.4993874227707046,0.03156121220835152,1.7474770339050782,0.9307747608872552,0.7184220544748836,41,7.560937034989246,21.652508915124546,2.2198359652439716,23.87234488036852
-0.20910319987231354,0.04965587315214566,-0.23874886808262163,0.02244848634337203,0.4993874227707046,0.03156121220835152,1.7474770339050782,0.9307747608872552,0.7184220544748836,41,7.560937034989246,21.652508915124546,2.219835969684327,23.872344884808875
-0.20910319987231354,0.04965588315214566,-0.23874886808262163,0.022448476343372027,0.4993874227707046,0.03156121220835152,1.7474770339050782,0.9307747608872552,0.7184220544748836,41,7.560937039239504,21.652508927863387,2.219835949108847,23.872344876972235
-0.20910318987231355,0.04965587315214566,-0.23874886808262163,0.022448476343372027,0.4993874227707046,0.03156121220835152,1.7474770339050782,0.9307747608872552,0.7184220544748836,41,7.560937039239505,21.652508927863387,2.219835949108846,23.872344876972235
-0.1935666511950938,0.0524484288105486,-0.27002851333959155,-0.029931840933665667,0.43652616075532985,0.1156116290480237,1.726747752047364,0.8779695988275673,0.7644983562767109,41,7.592878681212472,21.70855137623521,2.1934164630966015,23.901967839331803
-0.1935666511950938,0.0524484288105486,-0.27002851333959155,-0.029931840933665667,0.43652615075532986,0.1156116290480237,1.726747762047364,0.8779695988275673,0.7644983562767109,41,7.5928786826787995,21.70855137822118,2.1934164625878747,23.901967840809057
-0.1935666511950938,0.0524484288105486,-0.27002851333959155,-0.029931840933665667,0.43652615075532986,0.1156116290480237,1.726747752047364,0.8779696088275674,0.7644983562767109,41,7.592878682250055,21.708551379028755,2.1934164625878747,23.901967841616628
-0.1935666511950938,0.0524484288105486,-0.27002851333959155,-0.029931840933665667,0.43652615075532986,0.1156116390480237,1.726747752047364,0.8779695988275673,0.7644983562767109,41,7.592878684045436,21.70855137981651,2.1934164630966015,23.901967842913113
-0.1935666511950938,0.0524484288105486,-0.27002851333959155,-0.029931840933665667,0.43652615075532986,0.1156116290480237,1.726747752047364,0.8779695988275673,0.764498366276711,41,7.5928786841163785,21.708551381585885,2.1934164625878747,23.901967844173758
-0.1935666511950938,0.0524484288105486,-0.27002851333959155,-0.029931840933665667,0.43652615075532986,0.1156116290480237,1.726747752047364,0.8779695988275673,0.7644983562767109,41,7.592878684715292,21.708551383023668,2.19341645840343,23.901967841427094
-0.1935666511950938,0.0524484288105486,-0.27002850333959155,-0.029931840933665667,0.43652615075532986,0.1156116290480237,1.726747752047364,0.8779695988275673,0.7644983562767109,41,7.592878685464704,21.70855138370812,2.193416455853767,23.90196783956188
-0.1935666511950938,0.0524484288105486,-0.27002851333959155,-0.029931830933665665,0.43652615075532986,0.1156116290480237,1.726747752047364,0.8779695988275673,0.7644983562767109,41,7.592878685464703,21.70855138370812,2.193416455853767,23.90196783956188
-0.1935666511950938,0.0524484388105486,-0.27002851333959155,-0.029931840933665667,0.43652615075532986,0.1156116290480237,1.726747752047364,0.8779695988275673,0.7644983562767109,41,7.592878690695749,21.70855139803626,2.193416440203925,23.901967838240182
-0.1935666411950938,0.0524484288105486,-0.27002851333959155,-0.029931840933665667,0.43652615075532986,0.1156116290480237,1.726747752047364,0.8779695988275673,0.7644983562767109,41,7.592878690695749,21.70855139803626,2.193416440203925,23.901967838240182
-0.16668035403850834,0.06849124380202437,-0.30382382194245966,-0.0618146353600967,0.3535493134943279,0.20361065100333095,1.6333661523098828,0.7279473795855105,0.7595801003304223,41,7.709273875352601,21.937924614106777,2.068051392680911,24.005976006787694
-0.16668035403850834,0.06849124380202437,-0.30382382194245966,-0.0618146353600967,0.3535493234943279,0.20361065100333095,1.6333661523098828,0.7279473695855104,0.7595801003304223,41,7.709273875798808,21.937924614602863,2.0680513960466427,24.005976010649505
-0.16668035403850834,0.06849124380202437,-0.30382382194245966,-0.0618146353600967,0.3535493134943279,0.20361065100333095,1.6333661623098827,0.7279473695855104,0.7595801003304223,41,7.709273877247878,21.937924617248594,2.068051392680911,24.00597600992951
-0.16668035403850834,0.06849124380202437,-0.30382382194245966,-0.0618146353600967,0.3535493134943279,0.20361066100333094,1.6333661523098828,0.7279473695855104,0.7595801003304223,41,7.709273879047474,21.937924620040324,2.0680513960466427,24.00597601608697
-0.16668035403850834,0.06849124380202437,-0.30382382194245966,-0.0618146353600967,0.3535493134943279,0.20361065100333095,1.6333661523098828,0.7279473695855104,0.7595801103304224,41,7.709273878622269,21.93792462031338,2.068051392680911,24.0059760129943
-0.16668035403850834,0.06849124380202437,-0.30382382194245966,-0.0618146353600967,0.3535493134943279,0.20361065100333095,1.6333661523098828,0.7279473695855104,0.7595801003304223,41,7.709273879085448,21.937924621339928,2.0680513913107834,24.005976012650713
-0.16668035403850834,0.06849124380202437,-0.30382381194245967,-0.0618146353600967,0.3535493134943279,0.20361065100333095,1.6333661523098828,0.7279473695855104,0.7595801003304223,41,7.7092738810596435,21.937924625859353,2.0680513882028566,24.00597601406221
-0.16668035403850834,0.06849124380202437,-0.30382382194245966,-0.0618146253600967,0.3535493134943279,0.20361065100333095,1.6333661523098828,0.7279473695855104,0.7595801003304223,41,7.7092738810596435,21.937924625859353,2.0680513882028566,24.00597601406221
-0.16668034403850834,0.06849124380202437,-0.30382382194245966,-0.0618146353600967,0.3535493134943279,0.20361065100333095,1.6333661523098828,0.7279473695855104,0.7595801003304223,41,7.709273889493454,21.937924645248227,2.068051373476176,24.005976018724404
-0.16668035403850834,0.06849125380202437,-0.30382382194245966,-0.0618146353600967,0.3535493134943279,0.20361065100333095,1.6333661523098828,0.7279473695855104,0.7595801003304223,41,7.7092738894934545,21.937924645248227,2.068051373476176,24.005976018724404
-0.1965218829660041,0.0365094249670436,-0.2962617814755437,-0.06159983472142332,0.6234107227083179,0.00022188947164249987,2.0,0.0415851279161491,1.1538456408573903,41,7.732560404918807,21.943481775947028,2.2242632708142955,24.16774504676132
-0.1965218829660041,0.0365094249670436,-0.2962617714755437,-0.061599844721423325,0.6234107227083179,0.00022188947164249987,2.0,0.0415851279161491,1.1538456408573903,41,7.732560404918807,21.943481775947028,2.2242632708142955,24.16774504676132
-0.1965218829660041,0.0365094249670436,-0.2962617814755437,-0.061599844721423325,0.6234107227083179,0.00022189947164249986,2.0,0.0415851279161491,1.1538456408573903,41,7.732560407318297,21.943481778919512,2.2242632791569963,24.16774505807651
-0.1965218829660041,0.0365094249670436,-0.2962617814755437,-0.061599844721423325,0.6234107227083179,0.00022188947164249987,2.0,0.0415851379161491,1.1538456408573903,41,7.732560409498533,21.943481785245574,2.2242632760710013,24.167745061316573
-0.1965218829660041,0.0365094249670436,-0.2962617814755437,-0.061599844721423325,0.6234107227083179,0.00022188947164249987,2.0,0.0415851279161491,1.1538456408573903,41,7.732560410887974,21.943481788162416,2.2242632738561197,24.167745062018533
-0.1965218829660041,0.0365094249670436,-0.2962617814755437,-0.061599844721423325,0.6234107327083179,0.00022188947164249987,2.0,0.0415851279161491,1.1538456408573903,41,7.732560415098974,21.943481798256123,2.2242632791569963,24.16774507741312
-0.1965218829660041,0.0365094249670436,-0.2962617814755437,-0.061599844721423325,0.6234107227083179,0.00022188947164249987,2.0,0.0415851279161491,1.1538456508573902,41,7.732560416490562,21.943481800480583,2.2242632760710013,24.167745076551586
-0.1965218829660041,0.0365094249670436,-0.2962617814755437,-0.061599844721423325,0.6234107227083179,0.00022188947164249987,1.99999999,0.0415851279161491,1.1538456408573903,41,7.732560416288488,21.943481801718974,2.2242632716412376,24.167745073360212
-0.1965218729660041,0.0365094249670436,-0.2962617814755437,-0.061599844721423325,0.6234107227083179,0.00022188947164249987,2.0,0.0415851279161491,1.1538456408573903,41,7.732560435014856,21.94348184946553,2.224263255496014,24.167745104961536
-0.1965218829660041,0.0365094349670436,-0.2962617814755437,-0.061599844721423325,0.6234107227083179,0.00022188947164249987,2.0,0.0415851279161491,1.1538456408573903,41,7.732560435014856,21.94348184946553,2.224263255496014,24.167745104961536
-0.1666307419066864,0.06841503917269781,-0.30679590988234884,-0.060992798494202104,0.3471962851032906,0.2043506042677874,1.6165458121490868,0.7098084221485333,0.7497230172421006,41,7.721308044216431,21.962284552498403,2.0611219211441094,24.023406473642513
-0.1666307419066864,0.06841503917269781,-0.30679590988234884,-0.060992798494202104,0.3471962951032906,0.2043506042677874,1.6165458121490868,0.7098084121485333,0.7497230172421006,41,7.721308044554696,21.962284552811795,2.0611219249700494,24.023406477781844
-0.1666307419066864,0.06841503917269781,-0.30679590988234884,-0.060992798494202104,0.3471962851032906,0.2043506042677874,1.6165458221490867,0.7098084121485333,0.7497230172421006,41,7.7213080462285335,21.962284555928782,2.0611219211441094,24.023406477072893
-0.1666307419066864,0.06841503917269781,-0.30679590988234884,-0.060992798494202104,0.3471962851032906,0.2043506042677874,1.6165458121490868,0.7098084121485333,0.7497230272421006,41,7.72130804753569,21.962284558857004,2.0611219211441094,24.02340648000111
-0.1666307419066864,0.06841503917269781,-0.30679590988234884,-0.060992798494202104,0.3471962851032906,0.2043506142677874,1.6165458121490868,0.7098084121485333,0.7497230172421006,41,7.721308048152908,21.962284558988973,2.0611219249700494,24.023406483959022
-0.1666307419066864,0.06841503917269781,-0.30679590988234884,-0.060992798494202104,0.3471962851032906,0.2043506042677874,1.6165458121490868,0.7098084121485333,0.7497230172421006,41,7.721308048017317,21.96228455991448,2.0611219202819013,24.023406480196385
-0.1666307419066864,0.06841503917269781,-0.30679590988234884,-0.0609927884942021,0.3471962851032906,0.2043506042677874,1.6165458121490868,0.7098084121485333,0.7497230172421006,41,7.7213080500894264,21.96228456468971,2.061121917155697,24.023406481845402
-0.1666307419066864,0.06841503917269781,-0.30679589988234884,-0.060992798494202104,0.3471962851032906,0.2043506042677874,1.6165458121490868,0.7098084121485333,0.7497230172421006,41,7.7213080500894264,21.96228456468971,2.061121917155697,24.023406481845402
-0.1666307419066864,0.0684150491726978,-0.30679590988234884,-0.060992798494202104,0.3471962851032906,0.2043506042677874,1.6165458121490868,0.7098084121485333,0.7497230172421006,41,7.721308058074146,21.962284583112893,2.0611219024470673,24.02340648555996
-0.1666307319066864,0.06841503917269781,-0.30679590988234884,-0.060992798494202104,0.3471962851032906,0.2043506042677874,1.6165458121490868,0.7098084121485333,0.7497230172421006,41,7.721308058074146,21.962284583112893,2.0611219024470673,24.02340648555996
-0.20311194971764757,0.02991195628643271,-0.33388676482515245,-0.06480232257091374,0.3242024211293072,0.1826384200038057,1.5506085407362327,0.6546589747749595,0.6962323320596792,41,7.747044259276632,21.99105767772551,2.189419464874783,24.180477142600303
-0.20311194971764757,0.029911966286432713,-0.33388676482515245,-0.06480232257091374,0.3242024111293072,0.1826384200038057,1.5506085407362327,0.6546589747749595,0.6962323320596792,41,7.747044259651888,21.991057682605113,2.1894194420944366,24.180477124699546
-0.20311193971764757,0.02991195628643271,-0.33388676482515245,-0.06480232257091374,0.3242024111293072,0.1826384200038057,1.5506085407362327,0.6546589747749595,0.6962323320596792,41,7.747044259651888,21.991057682605113,2.1894194420944366,24.180477124699546
-0.20311194971764757,0.02991195628643271,-0.33388676482515245,-0.06480232257091374,0.3242024111293072,0.1826384200038057,1.5506085407362327,0.6546589847749595,0.6962323320596792,41,7.747044262469707,21.991057684502753,2.1894194594503014,24.180477143953055
-0.20311194971764757,0.02991195628643271,-0.33388676482515245,-0.06480232257091374,0.3242024111293072,0.1826384200038057,1.5506085407362327,0.6546589747749595,0.6962323420596792,41,7.747044265139886,21.991057689036044,2.1894194594503014,24.180477148486347
-0.20311194971764757,0.02991195628643271,-0.33388676482515245,-0.06480232257091374,0.3242024111293072,0.1826384200038057,1.5506085507362326,0.6546589747749595,0.6962323320596792,41,7.747044266268808,21.9910576904336,2.1894194594503014,24.180477149883906
-0.20311194971764757,0.02991195628643271,-0.33388676482515245,-0.06480232257091374,0.3242024111293072,0.1826384200038057,1.5506085407362327,0.6546589747749595,0.6962323320596792,41,7.747044266277454,21.99105769148916,2.1894194605666364,24.1804771520558
-0.20311194971764757,0.02991195628643271,-0.33388676482515245,-0.06480231257091375,0.3242024111293072,0.1826384200038057,1.5506085407362327,0.6546589747749595,0.6962323320596792,41,7.747044267913136,21.991057694646386,2.189419457177779,24.180477151824164
-0.20311194971764757,0.02991195628643271,-0.33388675482515245,-0.06480232257091374,0.3242024111293072,0.1826384200038057,1.5506085407362327,0.6546589747749595,0.6962323320596792,41,7.747044267913137,21.991057694646386,2.189419457177779,24.180477151824164
-0.20311194971764757,0.02991195628643271,-0.33388676482515245,-0.06480232257091374,0.3242024111293072,0.1826384300038057,1.5506085407362327,0.6546589747749595,0.6962323320596792,41,7.747044269508005,21.991057695719874,2.189419464874783,24.180477160594652
-0.22018293292090776,0.018182797228426837,-0.4266941418241486,-0.1051822375532952,0.3391691907742487,0.06275656983006705,1.4178904773807937,0.5858061407404592,0.5875387344182894,41,7.81458300894296,22.157238473359577,2.34431109827349,24.501549571633074
-0.22018293292090776,0.018182797228426837,-0.4266941518241486,-0.1051822275532952,0.3391691907742487,0.06275656983006705,1.4178904773807937,0.5858061407404592,0.5875387344182894,41,7.81458300894296,22.157238473359577,2.34431109827349,24.501549571633074
-0.22018293292090776,0.018182797228426837,-0.4266941518241486,-0.1051822375532952,0.3391691907742487,0.06275657983006705,1.4178904773807937,0.5858061407404592,0.5875387344182894,41,7.814583011855646,22.15723847802762,2.344311106210809,24.501549584238425
-0.22018293292090776,0.018182797228426837,-0.4266941518241486,-0.1051822375532952,0.33916920077424867,0.06275656983006705,1.4178904773807937,0.5858061407404592,0.5875387344182894,41,7.814583010654337,22.157238478328892,2.344311106210809,24.501549584539703
-0.22018293292090776,0.018182797228426837,-0.4266941518241486,-0.1051822375532952,0.3391691907742487,0.06275656983006705,1.4178904873807936,0.5858061407404592,0.5875387344182894,41,7.814583012558139,22.15723848131245,2.3443110981617736,24.501549579474222
-0.22018293292090776,0.018182797228426837,-0.4266941518241486,-0.1051822375532952,0.3391691907742487,0.06275656983006705,1.4178904773807937,0.5858061507404593,0.5875387344182894,41,7.814583012482117,22.157238483026752,2.3443110981617736,24.501549581188527
-0.22018293292090776,0.018182797228426837,-0.4266941518241486,-0.1051822375532952,0.3391691907742487,0.06275656983006705,1.4178904773807937,0.5858061407404592,0.5875387444182895,41,7.814583013343575,22.15723848317942,2.3443110981617736,24.50154958134119
-0.22018292292090777,0.018182797228426837,-0.4266941518241486,-0.1051822375532952,0.3391691907742487,0.06275656983006705,1.4178904773807937,0.5858061407404592,0.5875387344182894,41,7.814583013697141,22.157238484330218,2.344311084077439,24.501549568407654
-0.22018293292090776,0.01818280722842684,-0.4266941518241486,-0.1051822375532952,0.3391691907742487,0.06275656983006705,1.4178904773807937,0.5858061407404592,0.5875387344182894,41,7.814583013697142,22.157238484330218,2.344311084077439,24.501549568407654
-0.22018293292090776,0.018182797228426837,-0.4266941518241486,-0.1051822375532952,0.3391691907742487,0.06275656983006705,1.4178904773807937,0.5858061407404592,0.5875387344182894,41,7.814583014135156,22.157238484872675,2.34431110279444,24.50154958766712
-0.2966518556348171,-0.013278886912548887,-0.35782037157225516,0.17366500040468633,0.43007586461703734,-0.24137055007649552,1.1877547615107684,0.4748434543197683,0.32840576306852326,41,7.799052742451499,22.16091807186163,3.156274251785103,25.31719232364673
-0.2966518556348171,-0.013278886912548887,-0.35782037157225516,0.17366500040468633,0.43007585461703735,-0.24137055007649552,1.1877547715107684,0.4748434543197683,0.32840576306852326,41,7.799052746836367,22.16091807925841,3.1562742346425203,25.31719231390093
-0.2966518556348171,-0.013278876912548887,-0.35782037157225516,0.17366500040468633,0.43007585461703735,-0.24137055007649552,1.1877547615107684,0.4748434543197683,0.32840576306852326,41,7.799052746005156,22.16091807926983,3.1562742264433967,25.317192305713228
-0.2966518456348171,-0.013278886912548887,-0.35782037157225516,0.17366500040468633,0.43007585461703735,-0.24137055007649552,1.1877547615107684,0.4748434543197683,0.32840576306852326,41,7.799052746005156,22.16091807926983,3.1562742264433967,25.317192305713228
-0.2966518556348171,-0.013278886912548887,-0.35782037157225516,0.17366500040468633,0.43007585461703735,-0.24137055007649552,1.1877547615107684,0.4748434543197683,0.32840577306852325,41,7.79905274674941,22.16091807981153,3.1562742346425203,25.31719231445405
-0.2966518556348171,-0.013278886912548887,-0.35782037157225516,0.17366500040468633,0.43007585461703735,-0.24137055007649552,1.1877547615107684,0.4748434643197683,0.32840576306852326,41,7.799052746797422,22.16091808010289,3.1562742346425203,25.317192314745398
-0.2966518556348171,-0.013278886912548887,-0.35782037157225516,0.17366500040468633,0.43007585461703735,-0.24137054007649553,1.1877547615107684,0.4748434543197683,0.32840576306852326,41,7.799052748617429,22.16091808158735,3.156274240370513,25.31719232195786
-0.2966518556348171,-0.013278886912548887,-0.35782037157225516,0.17366501040468632,0.43007585461703735,-0.24137055007649552,1.1877547615107684,0.4748434543197683,0.32840576306852326,41,7.799052748230383,22.1609180820586,3.156274250595434,25.317192332654038
-0.2966518556348171,-0.013278886912548887,-0.35782036157225516,0.17366500040468633,0.43007585461703735,-0.24137055007649552,1.1877547615107684,0.4748434543197683,0.32840576306852326,41,7.799052748230383,22.1609180820586,3.1562742415601828,25.317192323618784
-0.2966518556348171,-0.013278886912548887,-0.35782037157225516,0.17366500040468633,0.43007585461703735,-0.24137055007649552,1.1877547615107684,0.4748434543197683,0.32840576306852326,41,7.799052748121062,22.16091808240176,3.1562742460778073,25.317192328479567
-0.187119946116201,0.04089976827500914,-0.24694531280349372,-0.026974639294825492,0.31018162390081183,0.2949430808952983,1.6749380958582747,0.7191599327302836,0.7980558992343759,41,7.859475718769863,22.188800192662097,2.166097475741784,24.35489766840388
-0.187119936116201,0.04089976827500914,-0.24694531280349372,-0.026974639294825492,0.31018161390081184,0.2949430808952983,1.6749380958582747,0.7191599327302836,0.7980558992343759,41,7.859475716200838,22.188800195279303,2.166097452355353,24.354897647634658
-0.187119946116201,0.04089977827500914,-0.24694531280349372,-0.026974639294825492,0.31018161390081184,0.2949430808952983,1.6749380958582747,0.7191599327302836,0.7980558992343759,41,7.859475716200838,22.188800195279303,2.166097452355353,24.35489764763466
-0.187119946116201,0.04089976827500914,-0.24694531280349372,-0.026974639294825492,0.31018161390081184,0.2949430808952983,1.6749380958582747,0.7191599427302836,0.7980558992343759,41,7.859475724720418,22.18880020484305,2.1660974727759683,24.354897677619018
-0.187119946116201,0.04089976827500914,-0.24694531280349372,-0.026974639294825492,0.31018161390081184,0.2949430808952983,1.6749380958582747,0.7191599327302836,0.7980558992343759,41,7.859475729903948,22.18880021501008,2.1660974705982237,24.354897685608304
-0.187119946116201,0.04089976827500914,-0.24694531280349372,-0.026974639294825492,0.31018161390081184,0.2949430808952983,1.6749380958582747,0.7191599327302836,0.798055909234376,41,7.859475730453987,22.188800215386085,2.1660974727759683,24.354897688162048
-0.187119946116201,0.04089976827500914,-0.24694531280349372,-0.026974639294825492,0.31018161390081184,0.2949430808952983,1.6749381058582746,0.7191599327302836,0.7980558992343759,41,7.85947573126859,22.18880021632979,2.1660974727759683,24.35489768910576
-0.187119946116201,0.04089976827500914,-0.24694531280349372,-0.026974639294825492,0.31018161390081184,0.2949430908952983,1.6749380958582747,0.7191599327302836,0.7980558992343759,41,7.859475740975867,22.18880023450048,2.166097475741784,24.354897710242266
-0.187119946116201,0.04089976827500914,-0.24694530280349372,-0.026974639294825492,0.31018161390081184,0.2949430808952983,1.6749380958582747,0.7191599327302836,0.7980558992343759,41,7.8594757407618605,22.18880023710999,2.166097468269904,24.354897705379894
-0.187119946116201,0.04089976827500914,-0.24694531280349372,-0.02697462929482549,0.31018161390081184,0.2949430808952983,1.6749380958582747,0.7191599327302836,0.7980558992343759,41,7.8594757407618605,22.18880023710999,2.166097468269904,24.354897705379894
-0.13121112242766683,0.1057976979834322,-0.28049338781653294,-0.05729413002103966,0.3695210466826569,0.22543097278720695,1.6805643357415652,0.763353033291235,0.8016571452087776,41,7.837759948392346,22.2122750441835,1.976580214512577,24.188855258696076
-0.13121112242766683,0.1057976979834322,-0.28049338781653294,-0.05729413002103966,0.3695210466826569,0.22543098278720694,1.6805643357415652,0.763353023291235,0.8016571452087776,41,7.837759948678278,22.212275044759114,1.9765802167864908,24.188855261545605
-0.13121112242766683,0.1057976979834322,-0.28049338781653294,-0.05729413002103966,0.3695210466826569,0.22543097278720695,1.680564345741565,0.763353023291235,0.8016571452087776,41,7.8377599512032186,22.21227504993493,1.976580214512577,24.18885526444751
-0.13121112242766683,0.1057976979834322,-0.28049338781653294,-0.05729413002103966,0.3695210466826569,0.22543097278720695,1.6805643357415652,0.763353023291235,0.8016571452087776,41,7.8377599522494314,22.212275052110474,1.9765802117293998,24.188855263839873
-0.13121112242766683,0.1057976979834322,-0.28049338781653294,-0.05729413002103966,0.3695210466826569,0.22543097278720695,1.6805643357415652,0.763353023291235,0.8016571552087777,41,7.8377599525176995,22.21227505286152,1.976580214512577,24.188855267374095
-0.13121112242766683,0.1057976979834322,-0.28049338781653294,-0.05729413002103966,0.3695210566826569,0.22543097278720695,1.6805643357415652,0.763353023291235,0.8016571452087776,41,7.837759952918012,22.21227505323803,1.9765802167864908,24.188855270024522
-0.13121112242766683,0.1057976979834322,-0.28049338781653294,-0.05729412002103966,0.3695210466826569,0.22543097278720695,1.6805643357415652,0.763353023291235,0.8016571452087776,41,7.837759955184985,22.212275058955683,1.9765802088582052,24.188855267813885
-0.13121112242766683,0.1057976979834322,-0.28049337781653294,-0.05729413002103966,0.3695210466826569,0.22543097278720695,1.6805643357415652,0.763353023291235,0.8016571452087776,41,7.837759955184985,22.212275058955683,1.9765802088582052,24.188855267813885
-0.13121111242766684,0.1057976979834322,-0.28049338781653294,-0.05729413002103966,0.3695210466826569,0.22543097278720695,1.6805643357415652,0.763353023291235,0.8016571452087776,41,7.837759983386636,22.212275116685433,1.9765801945133845,24.18885531119883
-0.13121112242766683,0.1057977079834322,-0.28049338781653294,-0.05729413002103966,0.3695210466826569,0.22543097278720695,1.6805643357415652,0.763353023291235,0.8016571452087776,41,7.8377599833866345,22.212275116685436,1.9765801945133845,24.188855311198825
-0.28965976073453537,0.02265160979103331,-0.3060923481840844,0.32030280213731727,0.5064381670085301,-0.402109615684735,1.0741330036894738,0.4447151131653387,0.2124067184636434,41,7.847530729137851,22.278989251987166,3.613962696191519,25.892951948178684
-0.28965976073453537,0.02265160979103331,-0.3060923481840844,0.32030280213731727,0.50643815700853,-0.402109615684735,1.0741330136894738,0.4447151131653387,0.2124067184636434,41,7.847530730011282,22.278989253230822,3.613962674089751,25.892951927320578
-0.28965976073453537,0.02265160979103331,-0.3060923481840844,0.32030280213731727,0.50643815700853,-0.402109605684735,1.0741330036894738,0.4447151131653387,0.2124067184636434,41,7.847530732497719,22.278989257272478,3.613962680746207,25.892951938018683
-0.28965976073453537,0.02265160979103331,-0.3060923481840844,0.32030280213731727,0.50643815700853,-0.402109615684735,1.0741330036894738,0.4447151131653387,0.2124067284636434,41,7.8475307327787185,22.27898925865226,3.613962674089751,25.892951932742008
-0.28965976073453537,0.02265160979103331,-0.3060923481840844,0.32030280213731727,0.50643815700853,-0.402109615684735,1.0741330036894738,0.4447151131653387,0.2124067184636434,41,7.847530733408622,22.278989259990105,3.6139626884688623,25.892951948458965
-0.28965976073453537,0.02265160979103331,-0.3060923481840844,0.32030280213731727,0.50643815700853,-0.402109615684735,1.0741330036894738,0.4447151231653387,0.2124067184636434,41,7.847530733541643,22.278989260237474,3.613962674089751,25.892951934327225
-0.28965976073453537,0.02265160979103331,-0.3060923481840844,0.32030281213731726,0.50643815700853,-0.402109615684735,1.0741330036894738,0.4447151131653387,0.2124067184636434,41,7.84753073617507,22.27898926512618,3.613962693793222,25.892951958919404
-0.28965976073453537,0.02265160979103331,-0.3060923381840844,0.32030280213731727,0.50643815700853,-0.402109615684735,1.0741330036894738,0.4447151131653387,0.2124067184636434,41,7.84753073617507,22.27898926512618,3.6139626831445044,25.892951948270685
-0.28965976073453537,0.022651619791033313,-0.3060923481840844,0.32030280213731727,0.50643815700853,-0.402109615684735,1.0741330036894738,0.4447151131653387,0.2124067184636434,41,7.847530740759342,22.278989274211746,3.613962669199294,25.892951943411042
-0.28965975073453537,0.02265160979103331,-0.3060923481840844,0.32030280213731727,0.50643815700853,-0.402109615684735,1.0741330036894738,0.4447151131653387,0.2124067184636434,41,7.847530740759342,22.278989274211746,3.613962669199294,25.892951943411042
-0.22404819061623055,0.04451087142618847,-0.09534844268750241,-0.11526745600647667,0.7480087923321818,0.6474621210025877,2.0,0.7596770510311557,0.4753703890124108,41,8.098851247389256,22.523945088727594,2.8966912501143893,25.420636338841987
-0.22404819061623055,0.04451085652502727,-0.0953484575886636,-0.11526745600647667,0.7480087923321818,0.6474621210025877,2.0,0.7596770510311557,0.4753703890124108,41,8.098851296793889,22.523945178953767,2.8966912803880396,25.420636459341804
-0.22404819061623055,0.04451085652502727,-0.09534844268750241,-0.11526747090763786,0.7480087923321818,0.6474621210025877,2.0,0.7596770510311557,0.4753703890124108,41,8.098851296793889,22.523945178953767,2.8966912803880396,25.420636459341807
-0.22404819061623055,0.04451085652502727,-0.09534844268750241,-0.11526745600647667,0.7480087923321818,0.6474621210025877,1.9999999701976776,0.7596770510311557,0.4753703890124108,41,8.098851293902328,22.5239451797381,2.8966912697814275,25.42063644951953
-0.22404819061623055,0.04451085652502727,-0.09534844268750241,-0.11526745600647667,0.748008807233343,0.6474621210025877,2.0,0.7596770510311557,0.4753703890124108,41,8.098851302167448,22.523945190118692,2.8966912953953976,25.420636485514088
-0.22404819061623055,0.04451085652502727,-0.09534844268750241,-0.11526745600647667,0.7480087923321818,0.6474621210025877,2.0,0.7596770659323169,0.4753703890124108,41,8.098851311942687,22.523945212397912,2.896691281689858,25.42063649408777
-0.22404819061623055,0.04451085652502727,-0.09534844268750241,-0.11526745600647667,0.7480087923321818,0.6474621210025877,2.0,0.7596770510311557,0.4753703890124108,41,8.09885131908971,22.52394522687626,2.896691277720381,25.420636504596633
-0.22404819061623055,0.04451085652502727,-0.09534844268750241,-0.11526745600647667,0.7480087923321818,0.6474621210025877,2.0,0.7596770510311557,0.475370403913572,41,8.098851320739062,22.523945228011403,2.896691281689858,25.420636509701257
-0.22404819061623055,0.04451085652502727,-0.09534844268750241,-0.11526745600647667,0.7480087923321818,0.6474621359037489,2.0,0.7596770510311557,0.4753703890124108,41,8.098851340731123,22.52394526936929,2.8966912953953976,25.42063656476469
-0.22404820551739174,0.04451085652502727,-0.09534844268750241,-0.11526745600647667,0.7480087923321818,0.6474621210025877,2.0,0.7596770510311557,0.4753703890124108,41,8.098851390790166,22.523945365024936,2.8966913053263728,25.42063667035131
-0.14382078143887608,0.1459576859675531,-0.6404789619786762,0.7076893398467079,0.43882586383233957,0.01058482479442549,2.0,1.0210539336828057,0.6031616876655638,41,8.419954556939324,23.40964379717338,2.7754674050349704,26.185111202208354
-0.14382078143887608,0.1459576859675531,-0.6404789619786762,0.7076893398467079,0.4388258538323396,0.01058482479442549,1.99999999,1.0210539336828057,0.6031616876655638,41,8.419954559908847,23.409643802926464,2.775467394140537,26.185111197067002
-0.14382078143887608,0.1459576859675531,-0.6404789619786762,0.7076893398467079,0.4388258538323396,0.01058482479442549,2.0,1.0210539336828057,0.6031616876655638,41,8.41995456009077,23.40964380329852,2.7754674012149794,26.1851112045135
-0.14382078143887608,0.1459576859675531,-0.6404789619786762,0.7076893398467079,0.4388258538323396,0.01058483479442549,2.0,1.0210539336828057,0.6031616876655638,41,8.419954560707495,23.40964380466607,2.7754674050349704,26.185111209701038
-0.14382078143887608,0.1459576859675531,-0.6404789619786762,0.7076893398467079,0.4388258538323396,0.01058482479442549,2.0,1.0210539336828057,0.6031616976655638,41,8.41995456102628,23.40964380535688,2.7754674082894235,26.18511121364631
-0.14382078143887608,0.1459576859675531,-0.6404789619786762,0.7076893398467079,0.4388258538323396,0.01058482479442549,2.0,1.0210539436828057,0.6031616876655638,41,8.419954562490766,23.40964380818889,2.7754674082894235,26.18511121647831
-0.14382078143887608,0.1459576859675531,-0.6404789619786762,0.707689349846708,0.4388258538323396,0.01058482479442549,2.0,1.0210539336828057,0.6031616876655638,41,8.41995458634052,23.409643856553984,2.7754674126744106,26.185111269228393
-0.14382078143887608,0.1459576859675531,-0.6404789519786761,0.7076893398467079,0.4388258538323396,0.01058482479442549,2.0,1.0210539336828057,0.6031616876655638,41,8.41995458634052,23.409643856553988,2.7754673897555495,26.185111246309535
-0.14382078143887608,0.1459576959675531,-0.6404789619786762,0.7076893398467079,0.4388258538323396,0.01058482479442549,2.0,1.0210539336828057,0.6031616876655638,41,8.419954632660748,23.409643951390667,2.7754673842331434,26.18511133562381
-0.1438207714388761,0.1459576859675531,-0.6404789619786762,0.7076893398467079,0.4388258538323396,0.01058482479442549,2.0,1.0210539336828057,0.6031616876655638,41,8.419954632660748,23.409643951390667,2.7754673842331434,26.18511133562381
-0.2389722225503026,-0.32936583779931805,-0.4713226753346287,0.6321017504715927,0.28942109579565556,0.24997165765829577,0.9204872016178931,0.24779603363044458,1.680294752444731,41,9.132400313089903,24.954393713159075,3.457554307188185,28.41194802034726
-0.12321533262729645,0.26227574050426483,-0.14349834620952606,0.6296715140342712,0.7180542200803757,-0.730647002591362,1.0031038476394418,0.522336074344993,0.07355963551270996,41,9.289909068028924,25.30186286637813,3.7300943907348345,29.031957257112964
-0.12321533262729645,0.26227574050426483,-0.14349834620952606,0.6296715140342712,0.7180542300803757,-0.730647012591362,1.0031038476394418,0.522336074344993,0.07355963551270996,41,9.28990907046546,25.301862875424725,3.7300944153627555,29.031957290787474
-0.12321533262729645,0.26227574050426483,-0.14349834620952606,0.6296715140342712,0.7180542200803757,-0.730647012591362,1.0031038476394418,0.522336074344993,0.07355963551270996,41,9.289909071583123,25.30186287659131,3.7300944030487964,29.031957279640107
-0.12321533262729645,0.26227574050426483,-0.14349834620952606,0.6296715140342712,0.7180542200803757,-0.730647012591362,1.0031038476394418,0.522336074344993,0.07355963551270996,41,9.289909071583123,25.30186287659131,3.7300944030487964,29.031957279640107
-0.12321533262729645,0.26227574050426483,-0.14349834620952606,0.6296715140342712,0.7180542200803757,-0.730647012591362,1.0031038476394418,0.522336074344993,0.07355964551270995,41,9.289909074688925,25.30186288515523,3.7300943871707903,29.031957272326014
-0.12321533262729645,0.26227574050426483,-0.14349834620952606,0.6296715140342712,0.7180542200803757,-0.730647012591362,1.0031038576394418,0.522336074344993,0.07355963551270996,41,9.289909076541228,25.301862888727698,3.7300943871707903,29.03195727589848
-0.12321533262729645,0.26227574050426483,-0.14349834620952606,0.6296715140342712,0.7180542200803757,-0.730647012591362,1.0031038476394418,0.522336084344993,0.07355963551270996,41,9.289909080829085,25.301862896558177,3.73009438717079,29.03195728372897
-0.12321533262729645,0.26227574050426483,-0.14349834620952606,0.6296715240342713,0.7180542200803757,-0.730647012591362,1.0031038476394418,0.522336074344993,0.07355963551270996,41,9.289909084701428,25.30186290450195,3.7300944096207393,29.031957314122685
-0.12321533262729645,0.26227574050426483,-0.14349833620952607,0.6296715140342712,0.7180542200803757,-0.730647012591362,1.0031038476394418,0.522336074344993,0.07355963551270996,41,9.289909084701428,25.301862904501952,3.730094396476852,29.031957300978803
-0.12321533262729645,0.2622757505042648,-0.14349834620952606,0.6296715140342712,0.7180542200803757,-0.730647012591362,1.0031038476394418,0.522336074344993,0.07355963551270996,41,9.28990910714371,25.301862961027982,3.7300943872308086,29.03195734825879
-0.12321532262729645,0.26227574050426483,-0.14349834620952606,0.6296715140342712,0.7180542200803757,-0.730647012591362,1.0031038476394418,0.522336074344993,0.07355963551270996,41,9.289909107143714,25.301862961027982,3.7300943872308086,29.031957348258786
0.0998305156826973,0.5666009150445461,-0.3225138895213604,0.5319352969527245,0.5390386767685413,0.09175608307123184,0.38960136836341186,0.8627223632293062,1.0594054770515995,41,10.229335130551254,27.656908688307873,1.5036554456259656,29.160564133933846
-0.8335960060358047,0.3775034546852112,-0.25452177226543427,-0.6557435244321823,0.6070307940244675,-0.8416704386472702,1.4540231689271428,0.9732553956326941,0.5244789568004111,41,8.94700734559629,27.75453959410608,3.809195061060178,31.563734655166257
0.7941208183765411,-0.8203881084918976,0.6392646729946136,-0.587565466761589,-0.36460962891578674,0.05211600661277771,0.4062668668706946,1.9253990915467818,1.4766226527144988,41,10.342220812842578,27.92033202292659,2.828646525399617,30.748978548326207
0.06981390342116356,0.45530497655272484,0.6488881409168243,-0.5779419988393784,-0.4895592927932739,0.0617394745349884,0.25553308271795006,1.774665307390983,1.3258888685587,41,11.02205077252946,29.26168658238691,1.7651869343196562,31.026873516706573
-0.034537509083747864,-0.8234380483627319,-0.45688191428780556,-0.8581036664545536,0.4046706520020962,-0.04261194169521332,0.5995624063510454,1.072683400772946,1.1886374524863461,41,9.801041287263198,31.418521630622372,4.302308025229331,35.720829655851716
-0.9581767171621323,0.033526986837387085,-0.5674023409374058,0.8337741643190384,-0.6812021844089031,0.674769401550293,0.42217212807741666,0.869641434280648,0.4188944381245201,41,11.4688124436467,33.13576783946668,6.193055686351932,39.328823525818606
0.19553198665380478,0.581023070961237,-0.5036114417016506,0.2695584148168564,0.492514256387949,-0.5464728139340878,0.6251907462842161,1.9755102676160032,1.5267338272679458,41,12.35646439364811,40.92622064258548,2.0692891786536034,42.99550982123908
-0.9581767171621323,0.033526986837387085,-0.5674023409374058,0.16192187368869781,-0.623527605086565,0.9291898012161255,0.9086879394429479,1.062256079879352,1.578492050566033,41,12.58385554464518,47.99955767256452,5.0570443399998,53.05660201256431
-0.9581767171621323,0.033526986837387085,-0.5674023409374058,0.8337741643190384,-0.6812021844089031,0.674769401550293,0.42217212807741666,0.869641434280648,1.578492050566033,41,12.99259217547084,49.45730766221115,5.260632191629582,54.71793985384073
-0.7579779885709286,-0.3724869042634964,0.542878583073616,-0.683951560407877,-0.46099571883678436,0.5000172108411789,0.6519807714153854,0.0024002933918210287,1.998268904827985,41,12.666734627185338,50.02644183624837,5.265468602693733,55.29191043894211
-0.9581767171621323,0.033526986837387085,-0.5674023409374058,0.8337741643190384,-0.6812021844089031,0.674769401550293,0.42217212807741666,1.062256079879352,1.578492050566033,41,13.120014950280854,50.415805480864215,5.253343909069279,55.66914938993349
-0.9581767171621323,0.033526986837387085,-0.5674023409374058,0.8337741643190384,-0.6812021844089031,0.674769401550293,0.9086879394429479,1.062256079879352,1.578492050566033,41,13.183181754439534,53.34192862270814,5.42216582944761,58.76409445215574
-1.0,-0.99999999,-1.0,-1.0,-0.39668252167240947,1.0,1.3772664175091067,0.11344964057861806,0.8049688801788563,41,13.385919311257327,57.8163117652198,9.610157344367956,67.42646910958776
-0.99999999,-1.0,-1.0,-1.0,-0.39668252167240947,1.0,1.3772664175091067,0.11344964057861806,0.8049688801788563,41,13.385919311257327,57.8163117652198,9.610157344367956,67.42646910958776
-1.0,-1.0,-1.0,-1.0,-0.3966825116724095,1.0,1.3772664175091067,0.11344964057861806,0.8049688801788563,41,13.385919316206941,57.81631188804393,9.610157366496153,67.42646925454008
-1.0,-1.0,-1.0,-1.0,-0.39668252167240947,0.99999999,1.3772664175091067,0.11344964057861806,0.8049688801788563,41,13.385919322124769,57.816311906389274,9.610157366496153,67.42646927288543
-1.0,-1.0,-1.0,-1.0,-0.39668252167240947,1.0,1.3772664175091067,0.11344965057861806,0.8049688801788563,41,13.385919319930409,57.81631194148958,9.61015737038572,67.42646931187531
-1.0,-1.0,-0.99999999,-1.0,-0.39668252167240947,1.0,1.3772664175091067,0.11344964057861806,0.8049688801788563,41,13.385919313041317,57.816311958420144,9.610157361367957,67.42646931978808
-1.0,-1.0,-1.0,-0.99999999,-0.39668252167240947,1.0,1.3772664175091067,0.11344964057861806,0.8049688801788563,41,13.385919313041317,57.816311958420144,9.610157361367957,67.4264693197881
-1.0,-1.0,-1.0,-1.0,-0.39668252167240947,1.0,1.3772664175091067,0.11344964057861806,0.8049688801788563,41,13.385919319557383,57.81631196235041,9.610157378367955,67.42646934071837
-1.0,-1.0,-1.0,-1.0,-0.39668252167240947,1.0,1.3772664175091067,0.11344964057861806,0.8049688901788563,41,13.385919317276512,57.81631203784889,9.61015737038572,67.42646940823461
-1.0,-1.0,-1.0,-1.0,-0.39668252167240947,1.0,1.3772664275091067,0.11344964057861806,0.8049688801788563,41,13.38591932216688,57.81631229801558,9.61015737038572,67.4264696684013
-0.9581767171621323,0.033526986837387085,-0.5674023409374058,0.8337741643190384,-0.623527605086565,0.9291898012161255,0.9086879394429479,1.062256079879352,1.578492050566033,41,13.450680298824658,58.446013022722894,5.665381600257939,64.11139462298084
-0.9581767171621323,0.033526986837387085,-0.5674023409374058,0.8337741643190384,-0.6812021844089031,0.9291898012161255,0.9086879394429479,1.062256079879352,1.578492050566033,41,13.505851365596168,59.56046087602469,5.742914776758175,65.30337565278286
0.9372642338275909,-0.5959653668105602,0.5149198286235332,0.16192187368869781,-0.623527605086565,0.9291898012161255,0.9086879394429479,1.062256079879352,1.578492050566033,41,14.803772543426819,60.589957652867916,2.5597079104530094,63.14966556332092
-0.039168679521450755,0.9646994261892727,-0.1199350755231936,0.03485774849810497,0.8761906166564573,-0.7811734802315773,0.5611900826469944,1.7163866266603558,1.907478216163223,41,14.250714495247875,63.10250387051496,2.4640540829772344,65.5665579534922
-0.9581767171621323,0.033526986837387085,0.5149198286235332,0.16192187368869781,-0.623527605086565,0.9291898012161255,0.9086879394429479,1.062256079879352,1.578492050566033,41,14.146387773196555,66.54777436826576,5.025679713978098,71.57345408224387
-0.9581767171621323,-0.5959653668105602,0.5149198286235332,0.16192187368869781,-0.623527605086565,0.9291898012161255,0.9086879394429479,1.062256079879352,1.578492050566033,41,14.023188579957603,71.45486655560516,6.758978424868385,78.21384498047355
