Ʌᵢᵢ,Vᵢⱼ,Ʌᵢⱼ,αᵢⱼ,βᵢⱼ,γ1,γ2,γ3,n_data,raw_ssr_sum,raw_neglogprob_sum,param_penalty_sum,loss_final_sum
0.9624514007504804,-0.18168864560878772,-0.36327258448911726,0.11855052651707271,0.006828610503273215,2.0,0.3427656699980411,0.6161574832990673,41,8.408119020130565,23.384441194137175,0.13625160112437845,23.520692795261553
0.9624514007504804,-0.18168864560878772,-0.36327258448911726,0.11855051651707271,0.006828620503273215,2.0,0.3427656699980411,0.6161574832990673,41,8.408119020357537,23.38444119452566,0.13625160112437845,23.52069279565003
0.9624514007504804,-0.18168864560878772,-0.36327258448911726,0.11855051651707271,0.006828610503273215,2.0,0.3427656699980411,0.6161574832990673,41,8.408119020629705,23.384441195089895,0.1362516000586558,23.520692795148552
0.9624514007504804,-0.18168864560878772,-0.36327258448911726,0.11855051651707271,0.006828610503273215,2.0,0.3427656799980411,0.6161574832990673,41,8.408119020903822,23.384441195599532,0.13625159959311828,23.52069279519265
0.9624514007504804,-0.18168864560878772,-0.36327258448911726,0.11855051651707271,0.006828610503273215,2.0,0.3427656699980411,0.6161574932990673,41,8.408119020966451,23.384441195761195,0.13625159959311828,23.52069279535431
0.9624514107504805,-0.18168864560878772,-0.36327258448911726,0.11855051651707271,0.006828610503273215,2.0,0.3427656699980411,0.6161574832990673,41,8.408119021253823,23.3844411963642,0.1362515987820036,23.520692795146203
0.9624514007504804,-0.18168864560878772,-0.36327258448911726,0.11855051651707271,0.006828610503273215,1.99999999,0.3427656699980411,0.6161574832990673,41,8.408119022021642,23.384441197925725,0.1362516005241935,23.52069279844992
0.9624514007504804,-0.18168863560878773,-0.36327258448911726,0.11855051651707271,0.006828610503273215,2.0,0.3427656699980411,0.6161574832990673,41,8.408119022899733,23.38444119964049,0.1362515954264854,23.520692795066974
0.9624514007504804,-0.18168864560878772,-0.36327257448911726,0.11855051651707271,0.006828610503273215,2.0,0.3427656699980411,0.6161574832990673,41,8.408119022899733,23.38444119964049,0.1362515954264854,23.520692795066974
0.959322054093437,-0.1852165175375706,-0.36074516407781465,0.11846664997437821,-0.043679458580532494,2.0,0.34616037016424034,0.5987940439754824,41,8.408755752779404,23.38580035864678,0.14238533662678046,23.528185695273567
0.959322054093437,-0.1852165026364094,-0.36074517897897584,0.11846664997437821,-0.043679458580532494,2.0,0.34616037016424034,0.5987940439754824,41,8.408755752779404,23.38580035864678,0.14238533662678046,23.528185695273567
0.959322054093437,-0.1852165026364094,-0.36074516407781465,0.1184666648755394,-0.043679458580532494,2.0,0.34616037016424034,0.5987940439754824,41,8.408755755259989,23.38580036369539,0.14238533176537763,23.52818569546077
0.959322054093437,-0.1852165026364094,-0.36074516407781465,0.11846664997437821,-0.043679458580532494,2.0,0.34616037016424034,0.5987940439754824,41,8.408755756026121,23.385800365153987,0.14238532971163698,23.52818569486562
0.959322054093437,-0.1852165026364094,-0.36074516407781465,0.11846664997437821,-0.043679458580532494,2.0,0.34616038506540153,0.5987940439754824,41,8.40875575635285,23.385800365744565,0.1423853287820282,23.52818569452659
0.959322054093437,-0.1852165026364094,-0.36074516407781465,0.11846664997437821,-0.043679458580532494,2.0,0.34616037016424034,0.5987940588766436,41,8.408755756528748,23.385800366151766,0.1423853287820282,23.52818569493379
0.959322054093437,-0.1852165026364094,-0.36074516407781465,0.11846664997437821,-0.04367947348169369,2.0,0.34616037016424034,0.5987940439754824,41,8.40875575653906,23.385800366211093,0.14238533176537763,23.52818569797647
0.9593220689945982,-0.1852165026364094,-0.36074516407781465,0.11846664997437821,-0.043679458580532494,2.0,0.34616037016424034,0.5987940439754824,41,8.408755756962154,23.38580036706717,0.14238532765073203,23.5281856947179
0.959322054093437,-0.1852165026364094,-0.36074516407781465,0.11846664997437821,-0.043679458580532494,1.9999999701976776,0.34616037016424034,0.5987940439754824,41,8.408755760200703,23.38580037366543,0.14238533157085528,23.528185705236286
0.9641313872110614,-0.1799994719679622,-0.35642294354053305,0.11748305288823827,0.0035624830457241766,2.0,0.33918095335744736,0.611245863403423,41,8.410048976849366,23.38833059104607,0.1321001687589869,23.520430759805055
0.9641313872110614,-0.1799994719679622,-0.35642294354053305,0.11748304288823827,0.0035624930457241765,2.0,0.33918095335744736,0.611245863403423,41,8.41004897710006,23.388330591481434,0.1321001687589869,23.52043076024042
0.9641313872110614,-0.1799994719679622,-0.35642294354053305,0.11748304288823827,0.0035624830457241766,2.0,0.33918095335744736,0.611245863403423,41,8.410048977366497,23.38833059203447,0.13210016773009986,23.520430759764576
0.9641313872110614,-0.1799994719679622,-0.35642294354053305,0.11748304288823827,0.0035624830457241766,2.0,0.33918096335744735,0.611245863403423,41,8.410048977640503,23.388330592543404,0.13210016716827053,23.52043075971167
0.9641313872110614,-0.1799994719679622,-0.35642294354053305,0.11748304288823827,0.0035624830457241766,2.0,0.33918095335744736,0.6112458734034231,41,8.410048977705854,23.388330592710805,0.13210016716827053,23.520430759879076
0.9641313972110614,-0.1799994719679622,-0.35642294354053305,0.11748304288823827,0.0035624830457241766,2.0,0.33918095335744736,0.611245863403423,41,8.410048977990991,23.388330593309362,0.13210016651056722,23.520430759819934
0.9641313872110614,-0.1799994719679622,-0.35642294354053305,0.11748304288823827,0.0035624830457241766,1.99999999,0.33918095335744736,0.611245863403423,41,8.410048978760814,23.388330594874745,0.13210016829192933,23.52043076316668
0.9641313872110614,-0.1799994719679622,-0.35642293354053306,0.11748304288823827,0.0035624830457241766,2.0,0.33918095335744736,0.611245863403423,41,8.410048979657233,23.388330596625096,0.1321001631705094,23.52043075979561
0.9641313872110614,-0.1799994619679622,-0.35642294354053305,0.11748304288823827,0.0035624830457241766,2.0,0.33918095335744736,0.611245863403423,41,8.410048979657233,23.388330596625096,0.1321001631705094,23.52043075979561
0.9639384792488026,-0.17979146165207543,-0.3557377108070235,0.11680693068666427,0.0019112346586988064,2.0,0.3396977388802818,0.609669507970861,41,8.41028163095067,23.388794806996135,0.13153982250111101,23.52033462949725
0.9639384792488026,-0.17979146165207543,-0.3557377108070235,0.11680692068666428,0.0019112446586988063,2.0,0.3396977388802818,0.609669507970861,41,8.410281631206969,23.38879480744275,0.13153982250111101,23.520334629943864
0.9639384792488026,-0.17979146165207543,-0.3557377108070235,0.11680692068666428,0.0019112346586988064,2.0,0.3396977388802818,0.609669507970861,41,8.410281631473188,23.38879480799532,0.13153982149200666,23.520334629487326
0.9639384792488026,-0.17979146165207543,-0.3557377108070235,0.11680692068666428,0.0019112346586988064,2.0,0.3396977488802818,0.609669507970861,41,8.410281631752,23.38879480851405,0.13153982091816888,23.52033462943222
0.9639384792488026,-0.17979146165207543,-0.3557377108070235,0.11680692068666428,0.0019112346586988064,2.0,0.3396977388802818,0.609669517970861,41,8.410281631812223,23.388794808670955,0.13153982091816885,23.520334629589126
0.9639384892488027,-0.17979146165207543,-0.3557377108070235,0.11680692068666428,0.0019112346586988064,2.0,0.3396977388802818,0.609669507970861,41,8.41028163209776,23.38879480927032,0.1315398202659151,23.52033462953623
0.9639384792488026,-0.17979146165207543,-0.3557377108070235,0.11680692068666428,0.0019112346586988064,1.99999999,0.3396977388802818,0.609669507970861,41,8.410281632867619,23.388794810835694,0.13153982206584464,23.520334632901537
0.9639384792488026,-0.17979145165207544,-0.3557377108070235,0.11680692068666428,0.0019112346586988064,2.0,0.3396977388802818,0.609669507970861,41,8.410281633767157,23.388794812592373,0.13153981694000877,23.520334629532385
0.9639384792488026,-0.17979146165207543,-0.3557377008070235,0.11680692068666428,0.0019112346586988064,2.0,0.3396977388802818,0.609669507970861,41,8.410281633767157,23.388794812592373,0.13153981694000877,23.520334629532385
0.9635494667398938,-0.1799481129069378,-0.3554767892495042,0.11661649777574573,-0.0025688298903609927,2.0,0.3407248047661233,0.6073626384818234,41,8.410361955190007,23.38895928634848,0.13166191949145958,23.520621205839937
0.9635494667398938,-0.179948127808099,-0.355476774348343,0.11661649777574573,-0.0025688298903609927,2.0,0.3407248047661233,0.6073626384818234,41,8.410361955190007,23.38895928634848,0.13166191949145958,23.520621205839937
0.9635494667398938,-0.1799481129069378,-0.355476774348343,0.11661651267690692,-0.0025688298903609927,2.0,0.3407248047661233,0.6073626384818234,41,8.410361957815823,23.388959291682358,0.13166191421937468,23.520621205901744
0.9635494667398938,-0.1799481129069378,-0.355476774348343,0.11661649777574573,-0.0025688298903609927,2.0,0.3407248047661233,0.6073626384818234,41,8.410361958601316,23.388959293184648,0.13166191270977476,23.520621205894425
0.9635494667398938,-0.1799481129069378,-0.355476774348343,0.11661649777574573,-0.0025688298903609927,2.0,0.3407248196672845,0.6073626384818234,41,8.410361959018314,23.388959293960646,0.13166191183307652,23.520621205793724
0.9635494667398938,-0.1799481129069378,-0.355476774348343,0.11661649777574573,-0.0025688447915221866,2.0,0.3407248047661233,0.6073626384818234,41,8.410361959005353,23.388959294022765,0.13166191421937468,23.520621208242144
0.9635494667398938,-0.1799481129069378,-0.355476774348343,0.11661649777574573,-0.0025688298903609927,2.0,0.3407248047661233,0.6073626533829846,41,8.410361959107902,23.388959294193846,0.13166191183307652,23.52062120602692
0.963549481641055,-0.1799481129069378,-0.355476774348343,0.11661649777574573,-0.0025688298903609927,2.0,0.3407248047661233,0.6073626384818234,41,8.410361959532516,23.388959295085673,0.13166191086304727,23.52062120594872
0.9635494667398938,-0.1799481129069378,-0.355476774348343,0.11661649777574573,-0.0025688298903609927,1.9999999701976776,0.3407248047661233,0.6073626384818234,41,8.410361962759074,23.388959301653973,0.13166191446317202,23.520621216117146
0.9638407178728992,-0.17968604674620484,-0.3553904504137375,0.11646428730413724,0.0010744194625619116,2.0,0.3399596340512624,0.6088706468238367,41,8.41039988357155,23.389030763210183,0.13125840264629604,23.520289165856482
0.9638407178728992,-0.17968604674620484,-0.3553904504137375,0.11646427730413725,0.0010744294625619115,2.0,0.3399596340512624,0.6088706468238367,41,8.410399883830692,23.389030763662515,0.13125840264629604,23.520289166308807
0.9638407178728992,-0.17968604674620484,-0.3553904504137375,0.11646427730413725,0.0010744194625619116,2.0,0.3399596340512624,0.6088706468238367,41,8.410399884096803,23.389030764214848,0.13125840164721708,23.520289165862067
0.9638407178728992,-0.17968604674620484,-0.3553904504137375,0.11646427730413725,0.0010744194625619116,2.0,0.3399596440512624,0.6088706468238367,41,8.410399884378032,23.389030764738507,0.13125840106729367,23.520289165805803
0.9638407178728992,-0.17968604674620484,-0.3553904504137375,0.11646427730413725,0.0010744194625619116,2.0,0.3399596340512624,0.6088706568238368,41,8.410399884435677,23.389030764890116,0.13125840106729367,23.520289165957408
0.9638407278728992,-0.17968604674620484,-0.3553904504137375,0.11646427730413725,0.0010744194625619116,2.0,0.3399596340512624,0.6088706468238367,41,8.410399884721416,23.3890307654899,0.13125840041780162,23.5202891659077
0.9638407178728992,-0.17968604674620484,-0.3553904504137375,0.11646427730413725,0.0010744194625619116,1.99999999,0.3399596340512624,0.6088706468238367,41,8.410399885491291,23.389030767055274,0.13125840222714064,23.52028916928241
0.9638407178728992,-0.17968603674620484,-0.3553904504137375,0.11646427730413725,0.0010744194625619116,2.0,0.3399596340512624,0.6088706468238367,41,8.410399886392403,23.389030768815132,0.13125839709906692,23.5202891659142
0.9638407178728992,-0.17968604674620484,-0.3553904404137375,0.11646427730413725,0.0010744194625619116,2.0,0.3399596340512624,0.6088706468238367,41,8.410399886392403,23.389030768815132,0.13125839709906692,23.5202891659142
0.963825097668165,-0.17964661170022297,-0.3552466362748302,0.1164789144324722,0.00044300080714444355,2.0,0.34020877293629914,0.608299177599366,41,8.410444663641968,23.38912096280894,0.13113428412789732,23.52025524693683
0.963825097668165,-0.17964661170022297,-0.3552466362748302,0.1164789044324722,0.00044301080714444354,2.0,0.34020877293629914,0.608299177599366,41,8.410444663902357,23.389120963263718,0.13113428412789732,23.52025524739161
0.963825097668165,-0.17964661170022297,-0.3552466362748302,0.1164789044324722,0.00044300080714444355,2.0,0.34020877293629914,0.608299177599366,41,8.410444664168788,23.3891209638167,0.13113428313406109,23.520255246950764
0.963825097668165,-0.17964661170022297,-0.3552466362748302,0.1164789044324722,0.00044300080714444355,2.0,0.34020878293629914,0.608299177599366,41,8.41044466445139,23.389120964343142,0.13113428255048457,23.52025524689362
0.963825097668165,-0.17964661170022297,-0.3552466362748302,0.1164789044324722,0.00044300080714444355,2.0,0.34020877293629914,0.6082991875993661,41,8.410444664508216,23.389120964493046,0.13113428255048457,23.52025524704353
0.9638251076681651,-0.17964661170022297,-0.3552466362748302,0.1164789044324722,0.00044300080714444355,2.0,0.34020877293629914,0.608299177599366,41,8.410444664793463,23.389120965091866,0.13113428190411455,23.52025524699598
0.963825097668165,-0.17964661170022297,-0.3552466362748302,0.1164789044324722,0.00044300080714444355,1.99999999,0.34020877293629914,0.608299177599366,41,8.410444665563437,23.389120966657437,0.13113428371763772,23.520255250375072
0.963825097668165,-0.17964660170022298,-0.3552466362748302,0.1164789044324722,0.00044300080714444355,2.0,0.34020877293629914,0.608299177599366,41,8.410444666464759,23.389120968417714,0.13113427858746848,23.52025524700519
0.963825097668165,-0.17964661170022297,-0.3552466262748302,0.1164789044324722,0.00044300080714444355,2.0,0.34020877293629914,0.608299177599366,41,8.410444666464759,23.389120968417714,0.13113427858746848,23.52025524700519
0.9638190552001199,-0.1796313567781998,-0.35519100369167383,0.11648457274214617,0.0001987449146369604,2.0,0.3403051489939288,0.6080781123453289,41,8.410461993499567,23.38915587076353,0.13108639673702435,23.520242267500567
0.9638190552001199,-0.1796313567781998,-0.35519100369167383,0.11648456274214618,0.0001987549146369604,2.0,0.3403051489939288,0.6080781123453289,41,8.410461993760437,23.38915587121926,0.13108639673702435,23.52024226795628
0.9638190552001199,-0.1796313567781998,-0.35519100369167383,0.11648456274214618,0.0001987449146369604,2.0,0.3403051489939288,0.6080781123453289,41,8.410461994026994,23.3891558717725,0.1310863957452162,23.52024226751772
0.9638190552001199,-0.1796313567781998,-0.35519100369167383,0.11648456274214618,0.0001987449146369604,2.0,0.34030515899392877,0.6080781123453289,41,8.410461994310126,23.389155872300012,0.1310863951602265,23.52024226746024
0.9638190552001199,-0.1796313567781998,-0.35519100369167383,0.11648456274214618,0.0001987449146369604,2.0,0.3403051489939288,0.608078122345329,41,8.410461994366639,23.389155872449262,0.1310863951602265,23.52024226760949
0.96381906520012,-0.1796313567781998,-0.35519100369167383,0.11648456274214618,0.0001987449146369604,2.0,0.3403051489939288,0.6080781123453289,41,8.41046199465169,23.389155873047716,0.1310863945150642,23.52024226756278
0.9638190552001199,-0.1796313567781998,-0.35519100369167383,0.11648456274214618,0.0001987449146369604,1.99999999,0.3403051489939288,0.6080781123453289,41,8.410461995421706,23.389155874613355,0.1310863963302059,23.520242270943562
0.9638190552001199,-0.1796313467781998,-0.35519100369167383,0.11648456274214618,0.0001987449146369604,2.0,0.3403051489939288,0.6080781123453289,41,8.410461996323107,23.389155876373795,0.1310863911992262,23.52024226757302
0.9638190552001199,-0.1796313567781998,-0.35519099369167384,0.11648456274214618,0.0001987449146369604,2.0,0.3403051489939288,0.6080781123453289,41,8.410461996323107,23.389155876373795,0.1310863911992262,23.52024226757302
0.9637967832363122,-0.17963991098645718,-0.35516855752670123,0.11650825824535828,-0.00016373308446248675,2.0,0.34040680765944353,0.6078639273196457,41,8.410467813503175,23.389167964355845,0.131088288734533,23.520256253090388
0.9637967832363122,-0.17963989608529599,-0.35516857242786243,0.11650825824535828,-0.00016373308446248675,2.0,0.34040680765944353,0.6078639273196457,41,8.410467813503175,23.389167964355845,0.131088288734533,23.520256253090388
0.9637967832363122,-0.17963989608529599,-0.35516855752670123,0.11650827314651947,-0.00016373308446248675,2.0,0.34040680765944353,0.6078639273196457,41,8.410467816137565,23.38916796970657,0.131088283438422,23.520256253144996
0.9637967832363122,-0.17963989608529599,-0.35516855752670123,0.11650825824535828,-0.00016373308446248675,2.0,0.34040680765944353,0.6078639273196457,41,8.41046781692414,23.38916797121129,0.13108828196065597,23.520256253171947
0.9637967832363122,-0.17963989608529599,-0.35516855752670123,0.11650825824535828,-0.00016373308446248675,2.0,0.3404068225606047,0.6078639273196457,41,8.410467817346312,23.389167971997907,0.13108828108705317,23.52025625308497
0.9637967832363122,-0.17963989608529599,-0.35516855752670123,0.11650825824535828,-0.0001637479856236806,2.0,0.34040680765944353,0.6078639273196457,41,8.41046781732193,23.389167972036866,0.131088283438422,23.520256255475292
0.9637967832363122,-0.17963989608529599,-0.35516855752670123,0.11650825824535828,-0.00016373308446248675,2.0,0.34040680765944353,0.6078639422208069,41,8.410467817430565,23.38916797222036,0.13108828108705317,23.520256253307412
0.9637967981374734,-0.17963989608529599,-0.35516855752670123,0.11650825824535828,-0.00016373308446248675,2.0,0.34040680765944353,0.6078639273196457,41,8.410467817855057,23.38916797311162,0.13108828012645846,23.520256253238077
0.9637967832363122,-0.17963989608529599,-0.35516855752670123,0.11650825824535828,-0.00016373308446248675,1.9999999701976776,0.34040680765944353,0.6078639273196457,41,8.410467821080928,23.3891679796782,0.1310882837078623,23.520256263386056
0.9638164338975554,-0.17962473899124234,-0.35516686954122306,0.1164870273917278,9.278347758304942e-05,2.0,0.34034695820253863,0.6079822113139967,41,8.410469512682019,23.38917101696957,0.1310656444497316,23.520236661419304
0.9638164338975554,-0.17962473899124234,-0.35516686954122306,0.1164870173917278,9.279347758304942e-05,2.0,0.34034695820253863,0.6079822113139967,41,8.410469512943099,23.389171017425703,0.1310656444497316,23.520236661875444
0.9638164338975554,-0.17962473899124234,-0.35516686954122306,0.1164870173917278,9.278347758304942e-05,2.0,0.34034695820253863,0.6079822113139967,41,8.41046951320971,23.389171017979052,0.13106564345880323,23.520236661437856
0.9638164338975554,-0.17962473899124234,-0.35516686954122306,0.1164870173917278,9.278347758304942e-05,2.0,0.3403469682025386,0.6079822113139967,41,8.410469513493068,23.38917101850704,0.1310656428732005,23.520236661380235
0.9638164338975554,-0.17962473899124234,-0.35516686954122306,0.1164870173917278,9.278347758304942e-05,2.0,0.34034695820253863,0.6079822213139967,41,8.410469513549444,23.389171018656,0.13106564287320055,23.520236661529196
0.9638164438975555,-0.17962473899124234,-0.35516686954122306,0.1164870173917278,9.278347758304942e-05,2.0,0.34034695820253863,0.6079822113139967,41,8.410469513834416,23.389171019254285,0.13106564222856212,23.520236661482848
0.9638164338975554,-0.17962473899124234,-0.35516686954122306,0.1164870173917278,9.278347758304942e-05,1.99999999,0.34034695820253863,0.6079822113139967,41,8.410469514604449,23.38917102081997,0.13106564404440607,23.52023666486437
0.9638164338975554,-0.17962472899124235,-0.35516686954122306,0.1164870173917278,9.278347758304942e-05,2.0,0.34034695820253863,0.6079822113139967,41,8.410469515505884,23.389171022580477,0.13106563891307457,23.52023666149355
0.9638164338975554,-0.17962473899124234,-0.35516685954122307,0.1164870173917278,9.278347758304942e-05,2.0,0.34034695820253863,0.6079822113139967,41,8.410469515505884,23.389171022580477,0.13106563891307457,23.52023666149355
0.9638152610396714,-0.17962177797342135,-0.3551560711202345,0.11648812568352869,4.5372809111702455e-05,2.0,0.3403656650319623,0.6079393020053937,41,8.410472877261006,23.389177794408962,0.13105636347721059,23.520234157886172
0.9638152610396714,-0.17962177797342135,-0.3551560711202345,0.11648812568352869,4.5372809111702455e-05,2.0,0.3403656650319623,0.6079393020053937,41,8.410472877261006,23.389177794408962,0.13105636347721059,23.520234157886172
0.9638152610396714,-0.17962177797342135,-0.3551560711202345,0.1164881156835287,4.5382809111702456e-05,2.0,0.3403656650319623,0.6079393020053937,41,8.410472877522178,23.389177794865283,0.13105636347721059,23.520234158342493
0.9638152610396714,-0.17962177797342135,-0.3551560711202345,0.1164881156835287,4.5382809111702456e-05,2.0,0.3403656650319623,0.6079393020053937,41,8.410472877522178,23.389177794865283,0.13105636347721059,23.520234158342493
0.9638152610396714,-0.17962177797342135,-0.3551560711202345,0.1164881156835287,4.5372809111702455e-05,2.0,0.3403656650319623,0.6079393020053937,41,8.410472877788814,23.38917779541868,0.13105636248667585,23.520234157905357
0.9638152610396714,-0.17962177797342135,-0.3551560711202345,0.1164881156835287,4.5372809111702455e-05,2.0,0.3403656650319623,0.6079393020053937,41,8.410472877788814,23.38917779541868,0.13105636248667585,23.520234157905357
0.9638152610396714,-0.17962177797342135,-0.3551560711202345,0.1164881156835287,4.5372809111702455e-05,2.0,0.3403656750319623,0.6079393020053937,41,8.410472878072277,23.38917779594687,0.1310563619007989,23.520234157847668
0.9638152610396714,-0.17962177797342135,-0.3551560711202345,0.1164881156835287,4.5372809111702455e-05,2.0,0.3403656750319623,0.6079393020053937,41,8.410472878072277,23.38917779594687,0.1310563619007989,23.520234157847668
0.9638152610396714,-0.17962177797342135,-0.3551560711202345,0.1164881156835287,4.5372809111702455e-05,2.0,0.3403656650319623,0.6079393120053938,41,8.410472878128592,23.3891777960957,0.13105636190079886,23.520234157996498
0.9638152610396714,-0.17962177797342135,-0.3551560711202345,0.1164881156835287,4.5372809111702455e-05,2.0,0.3403656650319623,0.6079393120053938,41,8.410472878128592,23.3891777960957,0.13105636190079886,23.520234157996498
0.9638152710396715,-0.17962177797342135,-0.3551560711202345,0.1164881156835287,4.5372809111702455e-05,2.0,0.3403656650319623,0.6079393020053937,41,8.410472878413525,23.38917779669392,0.13105636125639492,23.520234157950313
0.9638152710396715,-0.17962177797342135,-0.3551560711202345,0.1164881156835287,4.5372809111702455e-05,2.0,0.3403656650319623,0.6079393020053937,41,8.410472878413525,23.38917779669392,0.13105636125639492,23.520234157950313
0.9638152610396714,-0.17962177797342135,-0.3551560711202345,0.1164881156835287,4.5372809111702455e-05,1.99999999,0.3403656650319623,0.6079393020053937,41,8.410472879183565,23.38917779825962,0.13105636307255294,23.52023416133217
0.9638152610396714,-0.17962177797342135,-0.3551560711202345,0.1164881156835287,4.5372809111702455e-05,1.99999999,0.3403656650319623,0.6079393020053937,41,8.410472879183565,23.38917779825962,0.13105636307255294,23.52023416133217
0.9638152610396714,-0.17962176797342136,-0.3551560711202345,0.1164881156835287,4.5372809111702455e-05,2.0,0.3403656650319623,0.6079393020053937,41,8.410472880085017,23.389177800020153,0.1310563579410642,23.52023415796122
0.9638152610396714,-0.17962177797342135,-0.3551560611202345,0.1164881156835287,4.5372809111702455e-05,2.0,0.3403656650319623,0.6079393020053937,41,8.410472880085017,23.389177800020153,0.1310563579410642,23.52023415796122
0.9638152610396714,-0.17962176797342136,-0.3551560711202345,0.1164881156835287,4.5372809111702455e-05,2.0,0.3403656650319623,0.6079393020053937,41,8.410472880085017,23.389177800020153,0.1310563579410642,23.52023415796122
0.9638152610396714,-0.17962177797342135,-0.3551560611202345,0.1164881156835287,4.5372809111702455e-05,2.0,0.3403656650319623,0.6079393020053937,41,8.410472880085017,23.389177800020153,0.1310563579410642,23.52023415796122
0.9638143515176787,-0.1796201880606463,-0.35515135810066834,0.11649513131881818,2.027592156945316e-05,2.0,0.3403764383531256,0.6079164889070644,41,8.41047409736585,23.38918028469082,0.13105252392672756,23.52023280861755
0.9638143515176787,-0.1796201880606463,-0.35515135810066834,0.11649512131881819,2.028592156945316e-05,2.0,0.3403764383531256,0.6079164889070644,41,8.41047409762706,23.38918028514721,0.13105252392672756,23.52023280907394
0.9638143515176787,-0.1796201880606463,-0.35515135810066834,0.11649512131881819,2.027592156945316e-05,2.0,0.3403764383531256,0.6079164889070644,41,8.410474097893715,23.389180285700647,0.13105252293634667,23.52023280863699
0.9638143515176787,-0.1796201880606463,-0.35515135810066834,0.11649512131881819,2.027592156945316e-05,2.0,0.3403764483531256,0.6079164889070644,41,8.410474098177225,23.389180286228935,0.13105252235033318,23.52023280857927
0.9638143515176787,-0.1796201880606463,-0.35515135810066834,0.11649512131881819,2.027592156945316e-05,2.0,0.3403764383531256,0.6079164989070645,41,8.410474098233532,23.389180286377748,0.1310525223503332,23.520232808728082
0.9638143615176787,-0.1796201880606463,-0.35515135810066834,0.11649512131881819,2.027592156945316e-05,2.0,0.3403764383531256,0.6079164889070644,41,8.410474098518428,23.389180286975893,0.1310525217060348,23.520232808681932
0.9638143515176787,-0.1796201880606463,-0.35515135810066834,0.11649512131881819,2.027592156945316e-05,1.99999999,0.3403764383531256,0.6079164889070644,41,8.410474099288473,23.3891802885416,0.1310525235223602,23.520232812063956
0.9638143515176787,-0.1796201780606463,-0.35515135810066834,0.11649512131881819,2.027592156945316e-05,2.0,0.3403764383531256,0.6079164889070644,41,8.41047410018992,23.38918029030213,0.13105251839078857,23.520232808692917
0.9638143515176787,-0.1796201880606463,-0.35515134810066834,0.11649512131881819,2.027592156945316e-05,2.0,0.3403764383531256,0.6079164889070644,41,8.41047410018992,23.38918029030213,0.13105251839078857,23.520232808692917
0.9638125428629104,-0.17962025573743934,-0.35514893208000575,0.1165013609513776,-1.047429201503625e-05,2.0,0.3403865440873278,0.6078958706999552,41,8.410474602911874,23.38918134980672,0.1310519368060689,23.520233286612783
0.9638125428629104,-0.17962027063860053,-0.35514891717884456,0.1165013609513776,-1.047429201503625e-05,2.0,0.3403865440873278,0.6078958706999552,41,8.410474602911874,23.38918134980672,0.1310519368060689,23.520233286612783
0.9638125428629104,-0.17962025573743934,-0.35514891717884456,0.1165013758525388,-1.047429201503625e-05,2.0,0.3403865440873278,0.6078958706999552,41,8.41047460554681,23.38918135515851,0.13105193150842692,23.52023328666694
0.9638125428629104,-0.17962025573743934,-0.35514891717884456,0.1165013609513776,-1.047429201503625e-05,2.0,0.3403865440873278,0.6078958706999552,41,8.410474606333452,23.38918135666339,0.13105193003268942,23.52023328669608
0.9638125428629104,-0.17962025573743934,-0.35514891717884456,0.1165013609513776,-1.047429201503625e-05,2.0,0.340386558988489,0.6078958706999552,41,8.410474606755956,23.389181357450678,0.1310519291592839,23.520233286609965
0.9638125428629104,-0.17962025573743934,-0.35514891717884456,0.1165013609513776,-1.0489193176230097e-05,2.0,0.3403865440873278,0.6078958706999552,41,8.410474606730848,23.38918135748817,0.13105193150842692,23.520233288996593
0.9638125428629104,-0.17962025573743934,-0.35514891717884456,0.1165013609513776,-1.047429201503625e-05,2.0,0.3403865440873278,0.6078958856011164,41,8.410474606839866,23.389181357672445,0.1310519291592839,23.520233286831733
0.9638125577640716,-0.17962025573743934,-0.35514891717884456,0.1165013609513776,-1.047429201503625e-05,2.0,0.3403865440873278,0.6078958706999552,41,8.410474607264351,23.38918135856367,0.13105192819929035,23.520233286762963
0.9638125428629104,-0.17962025573743934,-0.35514891717884456,0.1165013609513776,-1.047429201503625e-05,1.9999999701976776,0.3403865440873278,0.6078958706999552,41,8.41047461049018,23.389181365130142,0.13105193177950128,23.52023329690964
0.9638138578957824,-0.17961932517248613,-0.3551488002189744,0.116498933464345,6.655169879878349e-06,2.0,0.3403822853224835,0.6079041076288246,41,8.410474759538129,23.389181636214122,0.13105044030060714,23.520232076514727
0.9638138578957824,-0.17961932517248613,-0.3551488002189744,0.11649892346434501,6.665169879878349e-06,2.0,0.3403822853224835,0.6079041076288246,41,8.410474759799362,23.38918163667055,0.13105044030060714,23.520232076971162
0.9638138578957824,-0.17961932517248613,-0.3551488002189744,0.11649892346434501,6.655169879878349e-06,2.0,0.3403822853224835,0.6079041076288246,41,8.410474760066027,23.389181637224002,0.13105043931030969,23.520232076534313
0.9638138578957824,-0.17961932517248613,-0.3551488002189744,0.11649892346434501,6.655169879878349e-06,2.0,0.3403822953224835,0.6079041076288246,41,8.410474760349564,23.38918163775235,0.13105043872422223,23.520232076476574
0.9638138578957824,-0.17961932517248613,-0.3551488002189744,0.11649892346434501,6.655169879878349e-06,2.0,0.3403822853224835,0.6079041176288247,41,8.410474760405863,23.389181637901146,0.1310504387242222,23.52023207662537
0.9638138678957825,-0.17961932517248613,-0.3551488002189744,0.11649892346434501,6.655169879878349e-06,2.0,0.3403822853224835,0.6079041076288246,41,8.41047476069074,23.389181638499256,0.13105043807998107,23.520232076579237
0.9638138578957824,-0.17961932517248613,-0.3551488002189744,0.11649892346434501,6.655169879878349e-06,1.99999999,0.3403822853224835,0.6079041076288246,41,8.410474761460787,23.389181640064965,0.1310504398963973,23.520232079961367
0.9638138578957824,-0.17961931517248614,-0.3551488002189744,0.11649892346434501,6.655169879878349e-06,2.0,0.3403822853224835,0.6079041076288246,41,8.410474762362233,23.38918164182549,0.13105043476478068,23.520232076590275
0.9638138578957824,-0.17961932517248613,-0.3551487902189744,0.11649892346434501,6.655169879878349e-06,2.0,0.3403822853224835,0.6079041076288246,41,8.410474762362233,23.38918164182549,0.13105043476478068,23.520232076590275
0.9638137861192808,-0.17961919970176868,-0.355148428282881,0.11649948632617484,4.674605577545828e-06,2.0,0.3403831355177628,0.6079023072936994,41,8.410474855822521,23.389181832735098,0.13105013733675097,23.52023197007185
0.9638137861192808,-0.17961919970176868,-0.355148428282881,0.11649947632617484,4.684605577545828e-06,2.0,0.3403831355177628,0.6079023072936994,41,8.410474856083757,23.389181833191536,0.13105013733675097,23.52023197052829
0.9638137861192808,-0.17961919970176868,-0.355148428282881,0.11649947632617484,4.674605577545828e-06,2.0,0.3403831355177628,0.6079023072936994,41,8.410474856350422,23.389181833744992,0.13105013634646567,23.52023197009146
0.9638137861192808,-0.17961919970176868,-0.355148428282881,0.11649947632617484,4.674605577545828e-06,2.0,0.3403831455177628,0.6079023072936994,41,8.410474856633966,23.389181834273344,0.13105013576036745,23.520231970033713
0.9638137861192808,-0.17961919970176868,-0.355148428282881,0.11649947632617484,4.674605577545828e-06,2.0,0.3403831355177628,0.6079023172936995,41,8.410474856690263,23.38918183442215,0.13105013576036745,23.520231970182515
0.9638137961192809,-0.17961919970176868,-0.355148428282881,0.11649947632617484,4.674605577545828e-06,2.0,0.3403831355177628,0.6079023072936994,41,8.410474856975139,23.389181835020242,0.13105013511613456,23.52023197013638
0.9638137861192808,-0.17961919970176868,-0.355148428282881,0.11649947632617484,4.674605577545828e-06,1.99999999,0.3403831355177628,0.6079023072936994,41,8.410474857745186,23.38918183658595,0.131050136932564,23.52023197351852
0.9638137861192808,-0.17961918970176868,-0.355148428282881,0.11649947632617484,4.674605577545828e-06,2.0,0.3403831355177628,0.6079023072936994,41,8.410474858646634,23.38918183834648,0.13105013180094083,23.520231970147417
0.9638137861192808,-0.17961919970176868,-0.355148418282881,0.11649947632617484,4.674605577545828e-06,2.0,0.3403831355177628,0.6079023072936994,41,8.410474858646634,23.38918183834648,0.13105013180094083,23.520231970147417
0.9638135523966769,-0.1796189976115426,-0.355147673954109,0.11650091912294168,-6.568052226695173e-07,2.0,0.3403852460387889,0.6078979169363198,41,8.410475038008263,23.38918220761383,0.1310496089877112,23.52023181660154
0.9638135523966769,-0.1796190125127038,-0.3551476590529478,0.11650091912294168,-6.568052226695173e-07,2.0,0.3403852460387889,0.6078979169363198,41,8.410475038008263,23.38918220761383,0.1310496089877112,23.52023181660154
0.9638135523966769,-0.1796189976115426,-0.3551476590529478,0.11650093402410287,-6.568052226695173e-07,2.0,0.3403852460387889,0.6078979169363198,41,8.410475040643233,23.389182212965693,0.1310496036899711,23.520231816655663
0.9638135523966769,-0.1796189976115426,-0.3551476590529478,0.11650091912294168,-6.568052226695173e-07,2.0,0.3403852460387889,0.6078979169363198,41,8.41047504142988,23.38918221447058,0.13104960221436357,23.520231816684948
0.9638136464160412,-0.17961895549000992,-0.35514770435964743,0.11650056239685114,8.197053957984337e-07,2.0,0.3403847903077299,0.6078988031852021,41,8.410475043226576,23.38918221523575,0.13104954766719082,23.52023176290293
0.9638135523966769,-0.1796189976115426,-0.3551476590529478,0.11650091912294168,-6.568052226695173e-07,2.0,0.3403852609399501,0.6078979169363198,41,8.410475041852404,23.389182215257918,0.13104960134097068,23.520231816598887
0.9638135523966769,-0.1796189976115426,-0.3551476590529478,0.11650091912294168,-6.717063838633649e-07,2.0,0.3403852460387889,0.6078979169363198,41,8.41047504182725,23.38918221529531,0.1310496036899711,23.520231818985277
0.9638135523966769,-0.1796189976115426,-0.3551476590529478,0.11650091912294168,-6.568052226695173e-07,2.0,0.3403852460387889,0.607897931837481,41,8.410475041936294,23.389182215479636,0.13104960134097068,23.520231816820605
0.9638136464160412,-0.17961895549000992,-0.35514770435964743,0.11650055239685114,8.297053957984338e-07,2.0,0.3403847903077299,0.6078988031852021,41,8.410475043487816,23.3891822156922,0.13104954766719082,23.520231763359384
0.9638136464160412,-0.17961895549000992,-0.35514770435964743,0.11650055239685114,8.197053957984337e-07,2.0,0.3403847903077299,0.6078988031852021,41,8.410475043754484,23.389182216245654,0.13104954667692914,23.520231762922585
0.9638135672978381,-0.1796189976115426,-0.3551476590529478,0.11650091912294168,-6.568052226695173e-07,2.0,0.3403852460387889,0.6078979169363198,41,8.410475042360781,23.38918221637086,0.13104960038101568,23.520231816751867
0.9638136464160412,-0.17961895549000992,-0.35514770435964743,0.11650055239685114,8.197053957984337e-07,2.0,0.3403848003077299,0.6078988031852021,41,8.410475044038034,23.389182216774028,0.13104954609080993,23.520231762864842
0.9638136464160412,-0.17961895549000992,-0.35514770435964743,0.11650055239685114,8.197053957984337e-07,2.0,0.3403847903077299,0.6078988131852021,41,8.41047504409433,23.389182216922823,0.13104954609080993,23.520231763013626
0.9638136564160412,-0.17961895549000992,-0.35514770435964743,0.11650055239685114,8.197053957984337e-07,2.0,0.3403847903077299,0.6078988031852021,41,8.4104750443792,23.38918221752091,0.13104954544659334,23.5202317629675
0.9638136464160412,-0.17961895549000992,-0.35514770435964743,0.11650055239685114,8.197053957984337e-07,1.99999999,0.3403847903077299,0.6078988031852021,41,8.410475045149248,23.38918221908662,0.13104954726304846,23.520231766349674
0.9638136464160412,-0.17961895549000992,-0.35514769435964744,0.11650055239685114,8.197053957984337e-07,2.0,0.3403847903077299,0.6078988031852021,41,8.410475046050694,23.38918222084715,0.13104954213141262,23.520231762978568
0.9638136464160412,-0.17961894549000992,-0.35514770435964743,0.11650055239685114,8.197053957984337e-07,2.0,0.3403847903077299,0.6078988031852021,41,8.410475046050694,23.389182220847154,0.13104954213141262,23.520231762978568
0.9638135523966769,-0.1796189976115426,-0.3551476590529478,0.11650091912294168,-6.568052226695173e-07,1.9999999701976776,0.3403852460387889,0.6078979169363198,41,8.410475045586605,23.389182222937322,0.13104960396115017,23.52023182689847
0.9638136351265726,-0.1796189352721672,-0.3551476441991927,0.1165007160818582,4.5307312712225415e-07,2.0,0.34038495780005673,0.6078984624729371,41,8.410475055811872,23.389182241330943,0.1310495015855271,23.520231742916465
0.9638136351265726,-0.1796189352721672,-0.3551476441991927,0.11650070608185821,4.6307312712225416e-07,2.0,0.34038495780005673,0.6078984624729371,41,8.410475056073114,23.389182241787395,0.1310495015855271,23.52023174337292
0.9638136351265726,-0.1796189352721672,-0.3551476441991927,0.11650070608185821,4.5307312712225415e-07,2.0,0.34038495780005673,0.6078984624729371,41,8.41047505633978,23.38918224234085,0.1310495005952672,23.52023174293612
0.9638136351265726,-0.1796189352721672,-0.3551476441991927,0.11650070608185821,4.5307312712225415e-07,2.0,0.3403849678000567,0.6078984624729371,41,8.410475056623335,23.389182242869225,0.13104950000914606,23.52023174287837
0.9638136351265726,-0.1796189352721672,-0.3551476441991927,0.11650070608185821,4.5307312712225415e-07,2.0,0.34038495780005673,0.6078984724729372,41,8.41047505667963,23.389182243018016,0.13104950000914606,23.52023174302716
0.9638136451265726,-0.1796189352721672,-0.3551476441991927,0.11650070608185821,4.5307312712225415e-07,2.0,0.34038495780005673,0.6078984624729371,41,8.410475056964495,23.38918224361611,0.13104949936493093,23.520231742981036
0.9638136351265726,-0.1796189352721672,-0.3551476441991927,0.11650070608185821,4.5307312712225415e-07,1.99999999,0.34038495780005673,0.6078984624729371,41,8.410475057734546,23.389182245181818,0.1310495011813885,23.520231746363212
0.9638136351265726,-0.1796189352721672,-0.3551476341991927,0.11650070608185821,4.5307312712225415e-07,2.0,0.34038495780005673,0.6078984624729371,41,8.410475058635992,23.389182246942344,0.13104949604975136,23.5202317429921
0.9638136351265726,-0.17961892527216722,-0.3551476441991927,0.11650070608185821,4.5307312712225415e-07,2.0,0.34038495780005673,0.6078984624729371,41,8.410475058635992,23.389182246942344,0.13104949604975136,23.5202317429921
0.9638136282862009,-0.1796189230220284,-0.355147607747533,0.11650080920072839,2.3092795316424049e-07,2.0,0.340385059284883,0.6078982560328829,41,8.410475063437389,23.389182257142203,0.1310494736643481,23.520231730806543
0.9638136282862009,-0.1796189230220284,-0.355147607747533,0.1165007992007284,2.409279531642405e-07,2.0,0.340385059284883,0.6078982560328829,41,8.41047506369863,23.389182257598655,0.1310494736643481,23.520231731263
0.9638136282862009,-0.1796189230220284,-0.355147607747533,0.1165007992007284,2.3092795316424049e-07,2.0,0.340385059284883,0.6078982560328829,41,8.410475063965299,23.38918225815211,0.1310494726740893,23.5202317308262
0.9638136282862009,-0.1796189230220284,-0.355147607747533,0.1165007992007284,2.3092795316424049e-07,2.0,0.340385069284883,0.6078982560328829,41,8.410475064248851,23.389182258680485,0.13104947208796697,23.520231730768455
0.9638136282862009,-0.1796189230220284,-0.355147607747533,0.1165007992007284,2.3092795316424049e-07,2.0,0.340385059284883,0.607898266032883,41,8.41047506430515,23.389182258829276,0.13104947208796697,23.520231730917242
0.9638136382862009,-0.1796189230220284,-0.355147607747533,0.1165007992007284,2.3092795316424049e-07,2.0,0.340385059284883,0.6078982560328829,41,8.410475064590015,23.38918225942736,0.13104947144375287,23.520231730871124
0.9638136282862009,-0.1796189230220284,-0.355147607747533,0.1165007992007284,2.3092795316424049e-07,1.99999999,0.340385059284883,0.6078982560328829,41,8.410475065360062,23.38918226099308,0.13104947326021185,23.52023173425329
0.963813617080553,-0.17961891699961816,-0.3551475933421846,0.11650089081365993,-2.77692052640472e-08,2.0,0.34038516286890025,0.6078980480448611,41,8.410475065886937,23.389182262577588,0.13104945984073446,23.52023172241833
0.963813617080553,-0.17961893190077935,-0.3551475784410234,0.11650089081365993,-2.77692052640472e-08,2.0,0.34038516286890025,0.6078980480448611,41,8.410475065886937,23.389182262577588,0.13104945984073446,23.52023172241833
0.9638136282862009,-0.1796189230220284,-0.355147597747533,0.1165007992007284,2.3092795316424049e-07,2.0,0.340385059284883,0.6078982560328829,41,8.41047506626151,23.389182262753604,0.13104946812857388,23.520231730882184
0.9638136282862009,-0.1796189130220284,-0.355147607747533,0.1165007992007284,2.3092795316424049e-07,2.0,0.340385059284883,0.6078982560328829,41,8.41047506626151,23.389182262753604,0.13104946812857388,23.520231730882184
0.963813618824456,-0.17961891482628853,-0.35514759116885497,0.1165008900504304,-1.0810143453627944e-08,2.0,0.3403851606266069,0.6078980515795996,41,8.410475066638556,23.389182264059443,0.13104945581967814,23.520231719879114
0.963813618824456,-0.17961892972744972,-0.3551475762676938,0.1165008900504304,-1.0810143453627944e-08,2.0,0.3403851606266069,0.6078980515795996,41,8.410475066638558,23.389182264059443,0.13104945581967814,23.520231719879117
0.9638136193326114,-0.17961892909416388,-0.3551475756344079,0.1165008898280332,-5.868447594710716e-09,2.0,0.3403851599732257,0.6078980526095861,41,8.410475066857572,23.389182264491232,0.13104945464798382,23.52023171913922
0.9638136193326114,-0.1796189141930027,-0.3551475905355691,0.1165008898280332,-5.868447594710716e-09,2.0,0.3403851599732257,0.6078980526095861,41,8.410475066857572,23.389182264491232,0.13104945464798382,23.520231719139222
0.9638136249848449,-0.1796189171097665,-0.3551475901549357,0.11650085414251696,1.2371443756827826e-07,2.0,0.3403851082643175,0.6078981563991004,41,8.410475067117675,23.389182264773154,0.13104946018881136,23.520231724961967
0.9638136197027634,-0.17961892863286408,-0.35514757517310813,0.116500889666034,-2.26880421898075e-09,2.0,0.34038515949728804,0.6078980533598516,41,8.410475067017108,23.38918226480576,0.1310494537944951,23.520231718600265
0.9638136197027634,-0.17961891373170288,-0.3551475900742693,0.116500889666034,-2.26880421898075e-09,2.0,0.34038515949728804,0.6078980533598516,41,8.410475067017108,23.38918226480576,0.1310494537944951,23.520231718600265
0.963813619843821,-0.1796189135559107,-0.35514758989847717,0.11650088960429934,-8.970516486710736e-10,2.0,0.3403851593159177,0.6078980536457628,41,8.410475067077902,23.389182264925626,0.13104945346924748,23.52023171839488
0.963813619843821,-0.1796189284570719,-0.355147574997316,0.11650088960429934,-8.970516486710736e-10,2.0,0.3403851593159177,0.6078980536457628,41,8.410475067077902,23.389182264925626,0.13104945346924748,23.52023171839488
0.9638136199848785,-0.17961892828127973,-0.35514757482152376,0.11650088954256467,4.74700921638603e-10,2.0,0.34038515913454725,0.6078980539316741,41,8.410475067138698,23.389182265045484,0.13104945323801515,23.5202317182835
0.9638136199848785,-0.17961891338011854,-0.35514758972268495,0.11650088954256467,4.74700921638603e-10,2.0,0.34038515913454725,0.6078980539316741,41,8.410475067138698,23.389182265045484,0.13104945323801515,23.5202317182835
0.9638136199848785,-0.17961892828127973,-0.35514757482152376,0.11650088954256467,4.74700921638603e-10,2.0,0.34038515913454725,0.6078980539316741,41,8.410475067138698,23.389182265045484,0.13104945323801515,23.5202317182835
0.9638136199848785,-0.17961891338011854,-0.35514758972268495,0.11650088954256467,4.74700921638603e-10,2.0,0.34038515913454725,0.6078980539316741,41,8.410475067138698,23.389182265045484,0.13104945323801515,23.5202317182835
0.9638136200187432,-0.1796189133379148,-0.35514758968048127,0.11650088952774357,8.040276713836493e-10,2.0,0.34038515909100436,0.6078980540003148,41,8.410475067153293,23.38918226507426,0.13104945322515427,23.520231718299414
0.9638136200187432,-0.179618928239076,-0.3551475747793201,0.11650088952774357,8.040276713836493e-10,2.0,0.34038515909100436,0.6078980540003148,41,8.410475067153293,23.38918226507426,0.13104945322515427,23.520231718299414
0.9638136200729153,-0.1796189281715643,-0.35514757471180836,0.11650088950403482,1.3308391567492194e-09,2.0,0.34038515902135036,0.607898054110117,41,8.410475067176641,23.389182265120294,0.1310494532045811,23.520231718324876
0.9638136200729153,-0.1796189132704031,-0.35514758961296955,0.11650088950403482,1.3308391567492194e-09,2.0,0.34038515902135036,0.607898054110117,41,8.410475067176641,23.389182265120294,0.1310494532045811,23.520231718324876
0.9638136201653416,-0.1796189131552174,-0.35514758949778386,0.11650088946358393,2.2296634086577713e-09,2.0,0.34038515890250964,0.6078980542974569,41,8.410475067216478,23.38918226519883,0.1310494531694801,23.520231718368308
0.9638136201653416,-0.1796189280563786,-0.35514757459662266,0.11650088946358393,2.2296634086577713e-09,2.0,0.34038515890250964,0.6078980542974569,41,8.41047506721648,23.38918226519883,0.1310494531694801,23.52023171836831
0.9638136249848449,-0.1796189171097665,-0.3551475901549357,0.11650084414251696,1.3371443756827827e-07,2.0,0.3403851082643175,0.6078981563991004,41,8.410475067378917,23.389182265229607,0.13104946018881136,23.520231725418423
0.9638136203190307,-0.17961892786484426,-0.3551475744050883,0.11650088939632094,3.724256131422725e-09,2.0,0.34038515870489755,0.6078980546089714,41,8.410475067282718,23.389182265329424,0.13104945311111305,23.520231718440535
0.9638136203190307,-0.17961891296368307,-0.3551475893062495,0.11650088939632094,3.724256131422725e-09,2.0,0.34038515870489755,0.6078980546089714,41,8.410475067282718,23.389182265329424,0.13104945311111305,23.520231718440538
0.9638136205683592,-0.1796189275541201,-0.35514757409436415,0.11650088928720088,6.148918356791307e-09,2.0,0.34038515838431355,0.6078980551143383,41,8.410475067390179,23.389182265541283,0.13104945301642468,23.520231718557714
0.9638136205683592,-0.1796189126529589,-0.35514758899552534,0.11650088928720088,6.148918356791307e-09,2.0,0.34038515838431355,0.6078980551143383,41,8.410475067390179,23.389182265541283,0.13104945301642468,23.520231718557714
0.9638136249848449,-0.1796189171097665,-0.3551475901549357,0.11650084414251696,1.2371443756827826e-07,2.0,0.3403851082643175,0.6078981563991004,41,8.410475067645589,23.389182265783067,0.13104945919855307,23.520231724981628
0.9638136209985897,-0.17961892701794763,-0.3551475735581917,0.11650088909890792,1.0332813013012256e-08,2.0,0.3403851578311273,0.6078980559863778,41,8.410475067575607,23.38918226590687,0.13104945285303457,23.520231718759902
0.9638136209985897,-0.17961891211678643,-0.3551475884593529,0.11650088909890792,1.0332813013012256e-08,2.0,0.3403851578311273,0.6078980559863778,41,8.410475067575607,23.38918226590687,0.13104945285303457,23.520231718759902
0.9638136249848449,-0.1796189171097665,-0.3551475901549357,0.11650084414251696,1.2371443756827826e-07,2.0,0.3403851182643175,0.6078981563991004,41,8.41047506792914,23.389182266311444,0.13104945861243014,23.520231724923867
0.9638136249848449,-0.1796189171097665,-0.3551475901549357,0.11650084414251696,1.2371443756827826e-07,2.0,0.3403851082643175,0.6078981663991004,41,8.410475067985436,23.389182266460228,0.13104945861243014,23.520231725072666
0.9638136217051313,-0.17961891123626292,-0.35514758757882936,0.11650088878968583,1.7203769263325003e-08,2.0,0.3403851569226632,0.6078980574184756,41,8.410475067880128,23.389182266507234,0.1310494525847089,23.52023171909195
0.9638136217051313,-0.1796189261374241,-0.35514757267766817,0.11650088878968583,1.7203769263325003e-08,2.0,0.3403851569226632,0.6078980574184756,41,8.410475067880128,23.389182266507234,0.1310494525847089,23.52023171909195
0.963813634984845,-0.1796189171097665,-0.3551475901549357,0.11650084414251696,1.2371443756827826e-07,2.0,0.3403851082643175,0.6078981563991004,41,8.410475068270305,23.389182267058327,0.1310494579682165,23.52023172502654
0.963813617080553,-0.17961891699961816,-0.3551475784410234,0.11650090571482112,-2.77692052640472e-08,2.0,0.34038516286890025,0.6078980480448611,41,8.410475068521908,23.389182267929463,0.1310494545429881,23.52023172247245
0.9638136249848449,-0.1796189171097665,-0.3551475901549357,0.11650084414251696,1.2371443756827826e-07,1.99999999,0.3403851082643175,0.6078981563991004,41,8.410475069040352,23.389182268624033,0.13104945978467614,23.52023172840871
0.963813618824456,-0.17961891482628853,-0.3551475762676938,0.1165009049515916,-1.0810143453627944e-08,2.0,0.3403851606266069,0.6078980515795996,41,8.410475069273529,23.389182269411307,0.1310494505219316,23.52023171993324
0.963813617080553,-0.17961891699961816,-0.3551475784410234,0.11650089081365993,-2.77692052640472e-08,2.0,0.34038516286890025,0.6078980480448611,41,8.410475069308557,23.389182269434354,0.13104945306738888,23.52023172250174
0.9638136193326114,-0.1796189141930027,-0.3551475756344079,0.11650090472919439,-5.868447594710716e-09,2.0,0.3403851599732257,0.6078980526095861,41,8.410475069492545,23.3891822698431,0.13104944935023724,23.520231719193337
0.9638136226990736,-0.17961891301627295,-0.3551475779742873,0.11650088525902107,4.9482638970969356e-08,2.0,0.3403851421763808,0.6078980874153083,41,8.410475069665809,23.389182270056626,0.13104945085871048,23.52023172091533
0.9638136197027634,-0.17961891373170288,-0.35514757517310813,0.1165009045671952,-2.26880421898075e-09,2.0,0.34038515949728804,0.6078980533598516,41,8.41047506965208,23.389182270157633,0.1310494484967485,23.52023171865438
0.963813617080553,-0.17961891699961816,-0.3551475784410234,0.11650089081365993,-2.77692052640472e-08,2.0,0.34038517777006144,0.6078980480448611,41,8.410475069731081,23.38918227022169,0.13104945219399677,23.520231722415687
0.963813617080553,-0.17961891699961816,-0.3551475784410234,0.11650089081365993,-4.2670366457894856e-08,2.0,0.34038516286890025,0.6078980480448611,41,8.410475069705925,23.389182270259074,0.1310494545429881,23.520231724802063
0.963813619843821,-0.1796189135559107,-0.355147574997316,0.11650090450546054,-8.970516486710736e-10,2.0,0.3403851593159177,0.6078980536457628,41,8.410475069712877,23.389182270277495,0.13104944817150083,23.520231718448994
0.9638136249848449,-0.1796189171097665,-0.3551475801549357,0.11650084414251696,1.2371443756827826e-07,2.0,0.3403851082643175,0.6078981563991004,41,8.410475069941796,23.38918227038456,0.13104945465303777,23.520231725037597
0.9638136249848449,-0.1796189071097665,-0.3551475901549357,0.11650084414251696,1.2371443756827826e-07,2.0,0.3403851082643175,0.6078981563991004,41,8.410475069941798,23.38918227038456,0.13104945465303777,23.520231725037597
0.9638136199848785,-0.17961891338011854,-0.35514757482152376,0.11650090444372586,4.74700921638603e-10,2.0,0.34038515913454725,0.6078980539316741,41,8.410475069773671,23.389182270397352,0.13104944794026854,23.520231718337627
0.9638136199848785,-0.17961891338011854,-0.35514757482152376,0.11650090444372586,4.74700921638603e-10,2.0,0.34038515913454725,0.6078980539316741,41,8.410475069773671,23.389182270397352,0.13104944794026854,23.520231718337627
0.9638136200187432,-0.1796189133379148,-0.3551475747793201,0.11650090442890476,8.040276713836493e-10,2.0,0.34038515909100436,0.6078980540003148,41,8.410475069788268,23.389182270426133,0.13104944792740764,23.520231718353532
0.963813617080553,-0.17961891699961816,-0.3551475784410234,0.11650089081365993,-2.77692052640472e-08,2.0,0.34038516286890025,0.6078980629460223,41,8.41047506981497,23.389182270443406,0.13104945219399677,23.520231722637398
0.9638136200729153,-0.1796189132704031,-0.35514757471180836,0.11650090440519602,1.3308391567492194e-09,2.0,0.34038515902135036,0.607898054110117,41,8.410475069811616,23.389182270472165,0.13104944790683457,23.52023171837899
0.9638136226990736,-0.17961891301627295,-0.3551475779742873,0.11650087525902107,5.9482638970969353e-08,2.0,0.3403851421763808,0.6078980874153083,41,8.41047506992705,23.38918227051307,0.13104945085871048,23.520231721371783
0.9638136201653416,-0.1796189131552174,-0.35514757459662266,0.11650090436474513,2.2296634086577713e-09,2.0,0.34038515890250964,0.6078980542974569,41,8.410475069851449,23.389182270550698,0.13104944787173348,23.52023171842243
0.9638136203190307,-0.17961891296368307,-0.3551475744050883,0.11650090429748214,3.724256131422725e-09,2.0,0.34038515870489755,0.6078980546089714,41,8.410475069917691,23.389182270681292,0.13104944781336642,23.520231718494664
0.9638136205683592,-0.1796189126529589,-0.35514757409436415,0.11650090418836208,6.148918356791307e-09,2.0,0.34038515838431355,0.6078980551143383,41,8.410475070025152,23.389182270893155,0.1310494477186781,23.52023171861184
0.963813618824456,-0.17961891482628853,-0.3551475762676938,0.1165008900504304,-1.0810143453627944e-08,2.0,0.3403851606266069,0.6078980515795996,41,8.410475070060178,23.3891822709162,0.13104944904633264,23.520231719962535
0.9638136226990736,-0.17961891301627295,-0.3551475779742873,0.11650087525902107,4.9482638970969356e-08,2.0,0.3403851421763808,0.6078980874153083,41,8.410475070193721,23.389182271066538,0.13104944986845257,23.520231720934994
0.9638136199848785,-0.17961891338011854,-0.35514757482152376,0.11650088954256467,1.537586211548626e-08,2.0,0.34038515913454725,0.6078980539316741,41,8.410475070162951,23.389182271077523,0.13104944794026854,23.52023171901779
0.9638136199848785,-0.17961891338011854,-0.35514757482152376,0.11650088954256467,1.537586211548626e-08,2.0,0.34038515913454725,0.6078980539316741,41,8.410475070162951,23.389182271077523,0.13104944794026854,23.52023171901779
0.9638136200187432,-0.1796189133379148,-0.3551475747793201,0.11650088952774357,1.5705188865231306e-08,2.0,0.34038515909100436,0.6078980540003148,41,8.410475070177545,23.3891822711063,0.13104944792740764,23.520231719033706
0.9638136200729153,-0.1796189132704031,-0.35514757471180836,0.11650088950403482,1.6232000350596876e-08,2.0,0.34038515902135036,0.607898054110117,41,8.410475070200896,23.38918227115233,0.13104944790683457,23.520231719059158
0.9638136201653416,-0.1796189131552174,-0.35514757459662266,0.11650088946358393,1.7130824602505428e-08,2.0,0.34038515890250964,0.6078980542974569,41,8.41047507024073,23.38918227123086,0.13104944787173348,23.520231719102597
0.9638136209985897,-0.17961891211678643,-0.3551475735581917,0.11650090400006911,1.0332813013012256e-08,2.0,0.3403851578311273,0.6078980559863778,41,8.41047507021058,23.389182271258736,0.13104944755528805,23.520231718814024
0.9638136319817142,-0.17961891699961816,-0.3551475784410234,0.11650089081365993,-2.77692052640472e-08,2.0,0.34038516286890025,0.6078980480448611,41,8.410475070239455,23.389182271334626,0.1310494512340443,23.520231722568674
0.9638136193326114,-0.1796189141930027,-0.3551475756344079,0.1165008898280332,-5.868447594710716e-09,2.0,0.3403851599732257,0.6078980526095861,41,8.410475070279192,23.389182271347995,0.1310494478746383,23.520231719222632
0.9638136203190307,-0.17961891296368307,-0.3551475744050883,0.11650088939632094,1.862541732527038e-08,2.0,0.34038515870489755,0.6078980546089714,41,8.41047507030697,23.389182271361467,0.13104944781336642,23.520231719174824
0.9638136205683592,-0.1796189126529589,-0.35514757409436415,0.11650088928720088,2.1050079550638962e-08,2.0,0.34038515838431355,0.6078980551143383,41,8.410475070414432,23.389182271573326,0.1310494477186781,23.520231719292003
0.9638136226990736,-0.17961891301627295,-0.3551475779742873,0.11650087525902107,4.9482638970969356e-08,2.0,0.34038515217638077,0.6078980874153083,41,8.410475070477274,23.389182271594912,0.13104944928232926,23.52023172087724
0.9638136197027634,-0.17961891373170288,-0.35514757517310813,0.116500889666034,-2.26880421898075e-09,2.0,0.34038515949728804,0.6078980533598516,41,8.410475070438729,23.389182271662524,0.13104944702114957,23.520231718683668
0.963813618824456,-0.17961891482628853,-0.3551475762676938,0.1165008900504304,-1.0810143453627944e-08,2.0,0.3403851755277681,0.6078980515795996,41,8.410475070482702,23.389182271703536,0.1310494481729405,23.520231719876477
0.963813618824456,-0.17961891482628853,-0.3551475762676938,0.1165008900504304,-2.57113046474756e-08,2.0,0.3403851606266069,0.6078980515795996,41,8.410475070457545,23.38918227174092,0.1310494505219316,23.52023172226285
0.9638136226990736,-0.17961891301627295,-0.3551475779742873,0.11650087525902107,4.9482638970969356e-08,2.0,0.3403851421763808,0.6078980974153083,41,8.41047507053357,23.389182271743703,0.13104944928232926,23.52023172102603
0.963813619843821,-0.1796189135559107,-0.355147574997316,0.11650088960429934,-8.970516486710736e-10,2.0,0.3403851593159177,0.6078980536457628,41,8.410475070499523,23.38918227178238,0.13104944669590202,23.52023171847829
0.9638136217051313,-0.17961891123626292,-0.35514757267766817,0.11650090369084702,1.7203769263325003e-08,2.0,0.3403851569226632,0.6078980574184756,41,8.410475070515101,23.389182271859106,0.13104944728696252,23.520231719146068
0.9638136199848785,-0.17961891338011854,-0.35514757482152376,0.11650088954256467,4.74700921638603e-10,2.0,0.34038515913454725,0.6078980539316741,41,8.41047507056032,23.389182271902243,0.13104944646466965,23.52023171836692
0.9638136199848785,-0.17961891338011854,-0.35514757482152376,0.11650088954256467,4.74700921638603e-10,2.0,0.34038515913454725,0.6078980539316741,41,8.41047507056032,23.389182271902243,0.13104944646466965,23.52023171836692
0.963813618824456,-0.17961891482628853,-0.3551475762676938,0.1165008900504304,-1.0810143453627944e-08,2.0,0.3403851606266069,0.6078980664807608,41,8.410475070566592,23.389182271925254,0.1310494481729405,23.520231720098195
0.9638136200187432,-0.1796189133379148,-0.3551475747793201,0.11650088952774357,8.040276713836493e-10,2.0,0.34038515909100436,0.6078980540003148,41,8.410475070574915,23.389182271931023,0.13104944645180874,23.52023171838283
0.9638136209985897,-0.17961891211678643,-0.3551475735581917,0.11650088909890792,2.5233974206859913e-08,2.0,0.3403851578311273,0.6078980559863778,41,8.410475070599862,23.389182271938903,0.13104944755528805,23.52023171949419
0.9638136200729153,-0.1796189132704031,-0.35514757471180836,0.11650088950403482,1.3308391567492194e-09,2.0,0.34038515902135036,0.607898054110117,41,8.410475070598265,23.389182271977052,0.13104944643123567,23.52023171840829
0.9638136201653416,-0.1796189131552174,-0.35514757459662266,0.11650088946358393,2.2296634086577713e-09,2.0,0.34038515890250964,0.6078980542974569,41,8.410475070638098,23.389182272055585,0.1310494463961346,23.52023171845172
0.9638136193326114,-0.1796189141930027,-0.3551475756344079,0.1165008898280332,-5.868447594710716e-09,2.0,0.3403851748743869,0.6078980526095861,41,8.410475070701718,23.389182272135333,0.1310494470012462,23.520231719136582
0.9638136193326114,-0.1796189141930027,-0.3551475756344079,0.1165008898280332,-2.0769608788558373e-08,2.0,0.3403851599732257,0.6078980526095861,41,8.41047507067656,23.389182272172715,0.13104944935023724,23.52023172152295
0.9638136203190307,-0.17961891296368307,-0.3551475744050883,0.11650088939632094,3.724256131422725e-09,2.0,0.34038515870489755,0.6078980546089714,41,8.410475070704338,23.389182272186183,0.13104944633776758,23.520231718523952
0.9638136326990736,-0.17961891301627295,-0.3551475779742873,0.11650087525902107,4.9482638970969356e-08,2.0,0.3403851421763808,0.6078980874153083,41,8.410475070818435,23.3891822723418,0.1310494486381159,23.520231720979908
0.9638136217051313,-0.17961891123626292,-0.35514757267766817,0.11650089878968582,1.7203769263325003e-08,2.0,0.3403851569226632,0.6078980574184756,41,8.410475070773838,23.389182272354084,0.1310494468016212,23.5202317191557
0.9638136217051313,-0.17961891123626292,-0.35514757267766817,0.11650089878968582,1.7203769263325003e-08,2.0,0.3403851569226632,0.6078980574184756,41,8.410475070773838,23.389182272354084,0.1310494468016212,23.5202317191557
0.9638136193326114,-0.1796189141930027,-0.3551475756344079,0.1165008898280332,-5.868447594710716e-09,2.0,0.3403851599732257,0.6078980675107473,41,8.410475070785607,23.389182272357047,0.1310494470012462,23.52023171935829
0.9638136205683592,-0.1796189126529589,-0.35514757409436415,0.11650088928720088,6.148918356791307e-09,2.0,0.34038515838431355,0.6078980551143383,41,8.410475070811799,23.389182272398042,0.13104944624307918,23.520231718641128
0.9638136197027634,-0.17961891373170288,-0.35514757517310813,0.116500889666034,-2.26880421898075e-09,2.0,0.34038517439844923,0.6078980533598516,41,8.410475070861255,23.389182272449865,0.1310494461477575,23.52023171859762
0.9638136197027634,-0.17961891373170288,-0.35514757517310813,0.116500889666034,-1.7169965412828406e-08,2.0,0.34038515949728804,0.6078980533598516,41,8.410475070836096,23.389182272487247,0.1310494484967485,23.520231720983997
0.9638136217051313,-0.17961891123626292,-0.35514757267766817,0.11650088878968583,3.210493045717266e-08,2.0,0.3403851569226632,0.6078980574184756,41,8.41047507090438,23.389182272539273,0.13104944728696252,23.520231719826235
0.963813619843821,-0.1796189135559107,-0.355147574997316,0.11650088960429934,-8.970516486710736e-10,2.0,0.34038517421707887,0.6078980536457628,41,8.41047507092205,23.38918227256972,0.13104944582250988,23.520231718392235
0.963813619843821,-0.1796189135559107,-0.355147574997316,0.11650088960429934,-1.579821284251873e-08,2.0,0.3403851593159177,0.6078980536457628,41,8.410475070896892,23.389182272607105,0.13104944817150083,23.520231720778607
0.9638136197027634,-0.17961891373170288,-0.35514757517310813,0.116500889666034,-2.26880421898075e-09,2.0,0.34038515949728804,0.6078980682610128,41,8.410475070945141,23.38918227267158,0.1310494461477575,23.52023171881934
0.9638136199848785,-0.17961891338011854,-0.35514757482152376,0.11650088954256467,4.74700921638603e-10,2.0,0.34038517403570845,0.6078980539316741,41,8.410475070982846,23.38918227268958,0.13104944559127757,23.520231718280858
0.9638136199848785,-0.17961891338011854,-0.35514757482152376,0.11650088954256467,4.74700921638603e-10,2.0,0.34038517403570845,0.6078980539316741,41,8.410475070982846,23.38918227268958,0.13104944559127757,23.520231718280858
0.9638136200187432,-0.1796189133379148,-0.3551475747793201,0.11650088952774357,8.040276713836493e-10,2.0,0.34038517399216556,0.6078980540003148,41,8.410475070997443,23.38918227271836,0.13104944557841666,23.520231718296778
0.9638136209985897,-0.17961891211678643,-0.3551475735581917,0.11650088909890792,1.0332813013012256e-08,2.0,0.3403851578311273,0.6078980559863778,41,8.410475070997228,23.389182272763623,0.13104944607968907,23.520231718843316
0.9638136200729153,-0.1796189132704031,-0.35514757471180836,0.11650088950403482,1.3308391567492194e-09,2.0,0.34038517392251155,0.607898054110117,41,8.410475071020787,23.389182272764387,0.13104944555784356,23.52023171832223
0.963813619843821,-0.1796189135559107,-0.355147574997316,0.11650088960429934,-8.970516486710736e-10,2.0,0.3403851593159177,0.607898068546924,41,8.410475071005937,23.389182272791437,0.13104944582250988,23.520231718613946
0.9638136217051313,-0.17961891123626292,-0.35514757267766817,0.11650088878968583,2.7203769263325003e-08,2.0,0.3403851569226632,0.6078980574184756,41,8.410475071035078,23.389182272810537,0.13104944680162123,23.52023171961216
0.9638136217051313,-0.17961891123626292,-0.35514757267766817,0.11650088878968583,2.7203769263325003e-08,2.0,0.3403851569226632,0.6078980574184756,41,8.410475071035078,23.389182272810537,0.13104944680162123,23.52023171961216
0.9638136337256172,-0.17961891482628853,-0.3551475762676938,0.1165008900504304,-1.0810143453627944e-08,2.0,0.3403851606266069,0.6078980515795996,41,8.410475070991078,23.389182272816477,0.13104944721298806,23.52023172002946
0.9638136201653416,-0.1796189131552174,-0.35514757459662266,0.11650088946358393,2.2296634086577713e-09,2.0,0.34038517380367084,0.6078980542974569,41,8.410475071060626,23.38918227284293,0.13104944552274253,23.520231718365668
0.9638136199848785,-0.17961891338011854,-0.35514757482152376,0.11650088954256467,4.74700921638603e-10,2.0,0.34038515913454725,0.6078980688328353,41,8.410475071066733,23.3891822729113,0.13104944559127757,23.520231718502576
0.9638136199848785,-0.17961891338011854,-0.35514757482152376,0.11650088954256467,4.74700921638603e-10,2.0,0.34038515913454725,0.6078980688328353,41,8.410475071066733,23.3891822729113,0.13104944559127757,23.520231718502576
0.9638136200187432,-0.1796189133379148,-0.3551475747793201,0.11650088952774357,8.040276713836493e-10,2.0,0.34038515909100436,0.607898068901476,41,8.41047507108133,23.38918227294008,0.13104944557841666,23.520231718518488
0.9638136203190307,-0.17961891296368307,-0.3551475744050883,0.11650088939632094,3.724256131422725e-09,2.0,0.34038517360605874,0.6078980546089714,41,8.410475071126864,23.389182272973525,0.13104944546437547,23.520231718437902
0.9638136200729153,-0.1796189132704031,-0.35514757471180836,0.11650088950403482,1.3308391567492194e-09,2.0,0.34038515902135036,0.6078980690112782,41,8.410475071104678,23.389182272986105,0.13104944555784356,23.52023171854395
0.9638136201653416,-0.1796189131552174,-0.35514757459662266,0.11650088946358393,2.2296634086577713e-09,2.0,0.34038515890250964,0.6078980691986181,41,8.410475071144512,23.389182273064645,0.13104944552274253,23.520231718587382
0.9638136205683592,-0.1796189126529589,-0.35514757409436415,0.11650088928720088,6.148918356791307e-09,2.0,0.34038517328547474,0.6078980551143383,41,8.410475071234327,23.389182273185384,0.13104944536968716,23.52023171855507
0.9638136203190307,-0.17961891296368307,-0.3551475744050883,0.11650088939632094,3.724256131422725e-09,2.0,0.34038515870489755,0.6078980695101326,41,8.410475071210751,23.38918227319524,0.13104944546437547,23.520231718659613
0.9638136342337726,-0.1796189141930027,-0.3551475756344079,0.1165008898280332,-5.868447594710716e-09,2.0,0.3403851599732257,0.6078980526095861,41,8.41047507121009,23.389182273248267,0.13104944604129382,23.520231719289566
0.9638136217051313,-0.17961891123626292,-0.35514757267766817,0.11650088878968583,1.7203769263325003e-08,2.0,0.3403851569226632,0.6078980574184756,41,8.410475071301747,23.389182273363996,0.1310494458113635,23.52023171917536
0.9638136217051313,-0.17961891123626292,-0.35514757267766817,0.11650088878968583,1.7203769263325003e-08,2.0,0.3403851569226632,0.6078980574184756,41,8.410475071301747,23.389182273363996,0.1310494458113635,23.52023171917536
0.9638136217051313,-0.17961891123626292,-0.35514757267766817,0.11650088878968583,1.7203769263325003e-08,2.0,0.3403851569226632,0.6078980574184756,41,8.410475071301747,23.389182273363996,0.1310494458113635,23.52023171917536
0.9638136205683592,-0.1796189126529589,-0.35514757409436415,0.11650088928720088,6.148918356791307e-09,2.0,0.34038515838431355,0.6078980700154994,41,8.410475071318212,23.3891822734071,0.13104944536968716,23.520231718776785
0.9638136209985897,-0.17961891211678643,-0.3551475735581917,0.11650088909890792,1.0332813013012256e-08,2.0,0.3403851727322885,0.6078980559863778,41,8.410475071419755,23.389182273550965,0.131049445206297,23.52023171875726
0.9638136346039246,-0.17961891373170288,-0.35514757517310813,0.116500889666034,-2.26880421898075e-09,2.0,0.34038515949728804,0.6078980533598516,41,8.410475071369628,23.3891822735628,0.13104944518780506,23.5202317187506
0.9638136347449822,-0.1796189135559107,-0.355147574997316,0.11650088960429934,-8.970516486710736e-10,2.0,0.3403851593159177,0.6078980536457628,41,8.410475071430422,23.389182273682657,0.13104944486255748,23.520231718545215
0.9638136209985897,-0.17961891211678643,-0.3551475735581917,0.11650088909890792,1.0332813013012256e-08,2.0,0.3403851578311273,0.607898070887539,41,8.410475071503642,23.38918227377268,0.131049445206297,23.520231718978977
0.9638136348860397,-0.17961891338011854,-0.35514757482152376,0.11650088954256467,4.74700921638603e-10,2.0,0.34038515913454725,0.6078980539316741,41,8.410475071491216,23.389182273802522,0.13104944463132517,23.520231718433845
0.9638136348860397,-0.17961891338011854,-0.35514757482152376,0.11650088954256467,4.74700921638603e-10,2.0,0.34038515913454725,0.6078980539316741,41,8.410475071491216,23.389182273802522,0.13104944463132517,23.520231718433845
0.9638136349199043,-0.1796189133379148,-0.3551475747793201,0.11650088952774357,8.040276713836493e-10,2.0,0.34038515909100436,0.6078980540003148,41,8.410475071505815,23.389182273831295,0.13104944461846427,23.52023171844976
0.9638136349740765,-0.1796189132704031,-0.35514757471180836,0.11650088950403482,1.3308391567492194e-09,2.0,0.34038515902135036,0.607898054110117,41,8.410475071529163,23.389182273877328,0.13104944459789114,23.520231718475223
0.9638136217051313,-0.17961891123626292,-0.35514757267766817,0.11650088878968583,1.7203769263325003e-08,2.0,0.3403851669226632,0.6078980574184756,41,8.410475071585301,23.38918227389237,0.13104944522523998,23.520231719117614
0.9638136217051313,-0.17961891123626292,-0.35514757267766817,0.11650088878968583,1.7203769263325003e-08,2.0,0.3403851669226632,0.6078980574184756,41,8.410475071585301,23.38918227389237,0.13104944522523998,23.520231719117614
0.9638136226990736,-0.17961891301627295,-0.3551475779742873,0.11650087525902107,4.9482638970969356e-08,1.99999999,0.3403851421763808,0.6078980874153083,41,8.410475071588483,23.389182273907505,0.13104945045457606,23.52023172436208
0.9638136350665027,-0.1796189131552174,-0.35514757459662266,0.11650088946358393,2.2296634086577713e-09,2.0,0.34038515890250964,0.6078980542974569,41,8.410475071569,23.389182273955868,0.1310494445627901,23.520231718518655
0.9638136217051313,-0.17961891123626292,-0.35514757267766817,0.11650088878968583,1.7203769263325003e-08,2.0,0.3403851569226632,0.6078980674184756,41,8.410475071641596,23.38918227404116,0.13104944522523992,23.5202317192664
0.9638136217051313,-0.17961891123626292,-0.35514757267766817,0.11650088878968583,1.7203769263325003e-08,2.0,0.3403851569226632,0.6078980674184756,41,8.410475071641596,23.38918227404116,0.13104944522523992,23.5202317192664
0.9638136352201919,-0.17961891296368307,-0.3551475744050883,0.11650088939632094,3.724256131422725e-09,2.0,0.34038515870489755,0.6078980546089714,41,8.410475071635236,23.38918227408646,0.13104944450442305,23.520231718590885
0.9638136209395233,-0.17961890986516707,-0.355147568597819,0.11650090921200822,-7.659812275697746e-09,2.0,0.3403851682813446,0.6078980343126884,41,8.41047507162732,23.38918227412375,0.1310494451935879,23.520231719317344
0.9638136217051313,-0.17961891123626292,-0.35514757267766817,0.11650088878968583,1.7203769263325003e-08,2.0,0.3403851718238244,0.6078980574184756,41,8.410475071724273,23.38918227415133,0.13104944493797144,23.520231719089303
0.9638136354695204,-0.1796189126529589,-0.35514757409436415,0.11650088928720088,6.148918356791307e-09,2.0,0.34038515838431355,0.6078980551143383,41,8.410475071742699,23.38918227429832,0.13104944440973476,23.520231718708054
0.9638136217051313,-0.17961891123626292,-0.35514757267766817,0.11650088878968583,1.7203769263325003e-08,2.0,0.3403851569226632,0.6078980723196368,41,8.410475071808161,23.389182274373056,0.13104944493797144,23.52023171931102
0.9638136209395233,-0.17961890986516707,-0.355147568597819,0.11650089921200822,2.3401877243022538e-09,2.0,0.3403851682813446,0.6078980343126884,41,8.410475071888563,23.389182274580207,0.13104944367655028,23.52023171825676
0.9638136317051313,-0.17961891123626292,-0.35514757267766817,0.11650088878968583,1.7203769263325003e-08,2.0,0.3403851569226632,0.6078980574184756,41,8.410475071926465,23.38918227463925,0.1310494445810268,23.520231719220277
0.9638136317051313,-0.17961891123626292,-0.35514757267766817,0.11650088878968583,1.7203769263325003e-08,2.0,0.3403851569226632,0.6078980574184756,41,8.410475071926465,23.38918227463925,0.1310494445810268,23.520231719220277
0.9638136358997509,-0.17961891211678643,-0.3551475735581917,0.11650088909890792,1.0332813013012256e-08,2.0,0.3403851578311273,0.6078980559863778,41,8.410475071928127,23.389182274663902,0.13104944424634465,23.520231718910246
0.9638136209395233,-0.17961890986516707,-0.355147568597819,0.11650089921200822,-7.659812275697746e-09,2.0,0.3403851682813446,0.6078980343126884,41,8.410475072155233,23.38918227513367,0.13104944420333017,23.520231719337
0.9638136366062925,-0.17961891123626292,-0.35514757267766817,0.11650088878968583,1.7203769263325003e-08,2.0,0.3403851569226632,0.6078980574184756,41,8.410475072232646,23.389182275264275,0.13104944397801907,23.52023171924229
0.9638136209395233,-0.17961890986516707,-0.355147568597819,0.11650089921200822,-7.659812275697746e-09,2.0,0.34038517828134457,0.6078980343126884,41,8.410475072438786,23.389182275662044,0.13104944361720655,23.520231719279245
0.9638136226990736,-0.17961891301627295,-0.3551475679742873,0.11650087525902107,4.9482638970969356e-08,2.0,0.3403851421763808,0.6078980874153083,41,8.41047507248993,23.38918227566803,0.13104944532293744,23.52023172099097
0.9638136226990736,-0.17961890301627295,-0.3551475779742873,0.11650087525902107,4.9482638970969356e-08,2.0,0.3403851421763808,0.6078980874153083,41,8.41047507248993,23.38918227566803,0.13104944532293744,23.52023172099097
0.9638136209395233,-0.17961890986516707,-0.355147568597819,0.11650089921200822,-7.659812275697746e-09,2.0,0.3403851682813446,0.6078980443126885,41,8.410475072495082,23.389182275810835,0.13104944361720655,23.52023171942804
0.9638136217051313,-0.17961891123626292,-0.35514757267766817,0.11650088878968583,1.7203769263325003e-08,1.99999999,0.3403851569226632,0.6078980574184756,41,8.410475072696512,23.389182276204963,0.13104944639748708,23.520231722602446
0.9638136217051313,-0.17961891123626292,-0.35514757267766817,0.11650088878968583,1.7203769263325003e-08,1.99999999,0.3403851569226632,0.6078980574184756,41,8.410475072696512,23.389182276204963,0.13104944639748708,23.520231722602446
0.9638136309395233,-0.17961890986516707,-0.355147568597819,0.11650089921200822,-7.659812275697746e-09,2.0,0.3403851682813446,0.6078980343126884,41,8.410475072779949,23.389182276408924,0.13104944297299348,23.520231719381915
0.963813617080553,-0.17961891699961816,-0.3551475784410234,0.11650089081365993,-2.77692052640472e-08,1.9999999701976776,0.34038516286890025,0.6078980480448611,41,8.410475073465276,23.389182277901085,0.1310494548141739,23.52023173271526
0.9638136217051313,-0.17961890123626292,-0.35514757267766817,0.11650088878968583,1.7203769263325003e-08,2.0,0.3403851569226632,0.6078980574184756,41,8.410475073597958,23.389182277965492,0.13104944126584836,23.520231719231337
0.9638136217051313,-0.17961890123626292,-0.35514757267766817,0.11650088878968583,1.7203769263325003e-08,2.0,0.3403851569226632,0.6078980574184756,41,8.410475073597958,23.389182277965492,0.13104944126584836,23.520231719231337
0.9638136217051313,-0.17961891123626292,-0.35514756267766817,0.11650088878968583,1.7203769263325003e-08,2.0,0.3403851569226632,0.6078980574184756,41,8.410475073597958,23.389182277965492,0.13104944126584836,23.520231719231337
0.9638136217051313,-0.17961891123626292,-0.35514756267766817,0.11650088878968583,1.7203769263325003e-08,2.0,0.3403851569226632,0.6078980574184756,41,8.410475073597958,23.389182277965492,0.13104944126584836,23.520231719231337
0.9638136209395233,-0.17961890986516707,-0.355147568597819,0.11650089921200822,-7.659812275697746e-09,1.99999999,0.3403851682813446,0.6078980343126884,41,8.410475073549996,23.389182277974633,0.13104944478945396,23.520231722764088
0.963813618824456,-0.17961891482628853,-0.3551475762676938,0.1165008900504304,-1.0810143453627944e-08,1.9999999701976776,0.3403851606266069,0.6078980515795996,41,8.4104750742169,23.389182279382936,0.13104945079311753,23.520231730176057
0.9638136209395233,-0.17961890986516707,-0.355147558597819,0.11650089921200822,-7.659812275697746e-09,2.0,0.3403851682813446,0.6078980343126884,41,8.410475074451444,23.389182279735152,0.13104943965781518,23.520231719392978
0.9638136209395233,-0.17961889986516708,-0.355147568597819,0.11650089921200822,-7.659812275697746e-09,2.0,0.3403851682813446,0.6078980343126884,41,8.410475074451442,23.389182279735152,0.13104943965781518,23.520231719392978
0.9638136193326114,-0.1796189141930027,-0.3551475756344079,0.1165008898280332,-5.868447594710716e-09,1.9999999701976776,0.3403851599732257,0.6078980526095861,41,8.410475074435915,23.389182279814733,0.1310494496214232,23.52023172943615
0.9638136197027634,-0.17961891373170288,-0.35514757517310813,0.116500889666034,-2.26880421898075e-09,1.9999999701976776,0.34038515949728804,0.6078980533598516,41,8.41047507459545,23.38918228012926,0.13104944876793453,23.520231728897194
0.963813619843821,-0.1796189135559107,-0.355147574997316,0.11650088960429934,-8.970516486710736e-10,1.9999999701976776,0.3403851593159177,0.6078980536457628,41,8.410475074656246,23.389182280249123,0.1310494484426869,23.520231728691808
0.9638136199848785,-0.17961891338011854,-0.35514757482152376,0.11650088954256467,4.74700921638603e-10,1.9999999701976776,0.34038515913454725,0.6078980539316741,41,8.410475074717043,23.38918228036899,0.13104944821145456,23.52023172858044
0.9638136199848785,-0.17961891338011854,-0.35514757482152376,0.11650088954256467,4.74700921638603e-10,1.9999999701976776,0.34038515913454725,0.6078980539316741,41,8.410475074717043,23.38918228036899,0.13104944821145456,23.52023172858044
0.9638136200187432,-0.1796189133379148,-0.3551475747793201,0.11650088952774357,8.040276713836493e-10,1.9999999701976776,0.34038515909100436,0.6078980540003148,41,8.410475074731636,23.38918228039776,0.13104944819859368,23.52023172859635
0.9638136200729153,-0.1796189132704031,-0.35514757471180836,0.11650088950403482,1.3308391567492194e-09,1.9999999701976776,0.34038515902135036,0.607898054110117,41,8.410475074754984,23.389182280443794,0.13104944817802056,23.520231728621813
0.9638136201653416,-0.1796189131552174,-0.35514757459662266,0.11650088946358393,2.2296634086577713e-09,1.9999999701976776,0.34038515890250964,0.6078980542974569,41,8.410475074794821,23.389182280522327,0.1310494481429195,23.520231728665248
0.9638136203190307,-0.17961891296368307,-0.3551475744050883,0.11650088939632094,3.724256131422725e-09,1.9999999701976776,0.34038515870489755,0.6078980546089714,41,8.41047507486106,23.389182280652925,0.13104944808455246,23.52023172873748
0.9638136205683592,-0.1796189126529589,-0.35514757409436415,0.11650088928720088,6.148918356791307e-09,1.9999999701976776,0.34038515838431355,0.6078980551143383,41,8.410475074968522,23.389182280864784,0.13104944798986407,23.52023172885465
0.9638136209985897,-0.17961891211678643,-0.3551475735581917,0.11650088909890792,1.0332813013012256e-08,1.9999999701976776,0.3403851578311273,0.6078980559863778,41,8.41047507515395,23.38918228123036,0.13104944782647396,23.520231729056835
0.9638136217051313,-0.17961891123626292,-0.35514757267766817,0.11650088878968583,1.7203769263325003e-08,1.9999999701976776,0.3403851569226632,0.6078980574184756,41,8.41047507545847,23.389182281830738,0.13104944755814835,23.520231729388883
0.9638136120897137,-0.17961889401640896,-0.35514752143806466,0.11650102968561842,-2.950626882280231e-07,2.0,0.3403852995785068,0.607897767228492,41,8.410475081492908,23.38918229457973,0.13104946599096817,23.52023176057069
0.9638136120897137,-0.17961889401640896,-0.35514752143806466,0.11650101968561842,-2.8506268822802307e-07,2.0,0.3403852995785068,0.607897767228492,41,8.41047508175415,23.38918229503618,0.13104946401044584,23.520231759046624
0.9638136120897137,-0.17961889401640896,-0.35514752143806466,0.11650101968561842,-2.950626882280231e-07,2.0,0.3403852995785068,0.607897767228492,41,8.410475082020819,23.389182295589638,0.13104946500070697,23.52023176059034
0.9638136120897137,-0.17961889401640896,-0.35514752143806466,0.11650101968561842,-2.950626882280231e-07,2.0,0.34038530957850677,0.607897767228492,41,8.410475082304371,23.389182296118015,0.13104946441458176,23.520231760532596
0.9638136120897137,-0.17961889401640896,-0.35514752143806466,0.11650101968561842,-2.950626882280231e-07,2.0,0.3403852995785068,0.607897777228492,41,8.410475082360668,23.389182296266807,0.13104946441458176,23.52023176068139
0.9638136220897138,-0.17961889401640896,-0.35514752143806466,0.11650101968561842,-2.950626882280231e-07,2.0,0.3403852995785068,0.607897767228492,41,8.410475082645537,23.389182296864895,0.13104946377036997,23.520231760635262
0.9638136120897137,-0.17961889401640896,-0.35514752143806466,0.11650101968561842,-2.950626882280231e-07,1.99999999,0.3403852995785068,0.607897767228492,41,8.410475083415584,23.389182298430605,0.13104946558683225,23.52023176401744
0.9638136120897137,-0.17961889401640896,-0.35514751143806467,0.11650101968561842,-2.950626882280231e-07,2.0,0.3403852995785068,0.607897767228492,41,8.410475084317028,23.38918230019113,0.1310494604551925,23.520231760646325
0.9638136120897137,-0.17961888401640896,-0.35514752143806466,0.11650101968561842,-2.950626882280231e-07,2.0,0.3403852995785068,0.607897767228492,41,8.410475084317028,23.38918230019113,0.1310494604551925,23.520231760646325
0.9638136014803539,-0.179618875016545,-0.355147464901842,0.11650117411221578,-6.396080154270153e-07,2.0,0.34038545698063283,0.6078974470416758,41,8.410475093319992,23.3891823191028,0.1310494909235756,23.520231810026377
0.9638136014803539,-0.179618875016545,-0.355147464901842,0.11650116411221578,-6.296080154270153e-07,2.0,0.34038545698063283,0.6078974470416758,41,8.410475093581235,23.38918231955926,0.1310494889430449,23.520231808502306
0.9638136014803539,-0.179618875016545,-0.355147464901842,0.11650116411221578,-6.396080154270153e-07,2.0,0.34038545698063283,0.6078974470416758,41,8.410475093847905,23.389182320112717,0.13104948993331023,23.520231810046035
0.9638136014803539,-0.179618875016545,-0.355147464901842,0.11650116411221578,-6.396080154270153e-07,2.0,0.3403854669806328,0.6078974470416758,41,8.41047509413146,23.389182320641098,0.13104948934718313,23.520231809988278
0.9638136014803539,-0.179618875016545,-0.355147464901842,0.11650116411221578,-6.396080154270153e-07,2.0,0.34038545698063283,0.6078974570416759,41,8.410475094187754,23.389182320789885,0.13104948934718313,23.52023181013707
0.9638136114803539,-0.179618875016545,-0.355147464901842,0.11650116411221578,-6.396080154270153e-07,2.0,0.34038545698063283,0.6078974470416758,41,8.410475094472622,23.38918232138797,0.1310494887029728,23.520231810090948
0.9638136014803539,-0.179618875016545,-0.355147464901842,0.11650116411221578,-6.396080154270153e-07,1.99999999,0.34038545698063283,0.6078974470416758,41,8.410475095242669,23.389182322953683,0.13104949051943734,23.520231813473124
0.9638136014803539,-0.179618865016545,-0.355147464901842,0.11650116411221578,-6.396080154270153e-07,2.0,0.34038545698063283,0.6078974470416758,41,8.410475096144115,23.389182324714213,0.13104948538779632,23.520231810102008
0.9638136014803539,-0.179618875016545,-0.355147454901842,0.11650116411221578,-6.396080154270153e-07,2.0,0.34038545698063283,0.6078974470416758,41,8.410475096144115,23.389182324714213,0.13104948538779632,23.520231810102008
0.963813593387269,-0.17961886279173225,-0.355147429571745,0.11650097085342538,-6.435435867499674e-07,2.0,0.340385418435469,0.6078974730902704,41,8.41047511436153,23.38918236042565,0.13104945129733464,23.520231811722986
0.963813593387269,-0.17961886279173225,-0.355147429571745,0.11650096085342539,-6.335435867499674e-07,2.0,0.340385418435469,0.6078974730902704,41,8.410475114622773,23.389182360882106,0.1310494493168074,23.520231810198908
0.963813593387269,-0.17961886279173225,-0.355147429571745,0.11650096085342539,-6.435435867499674e-07,2.0,0.340385418435469,0.6078974730902704,41,8.410475114889442,23.389182361435573,0.131049450307071,23.520231811742637
0.963813593387269,-0.17961886279173225,-0.355147429571745,0.11650096085342539,-6.435435867499674e-07,2.0,0.340385428435469,0.6078974730902704,41,8.410475115172996,23.38918236196395,0.13104944972094382,23.520231811684894
0.963813593387269,-0.17961886279173225,-0.355147429571745,0.11650096085342539,-6.435435867499674e-07,2.0,0.340385418435469,0.6078974830902705,41,8.410475115229293,23.389182362112734,0.13104944972094382,23.52023181183368
0.9638136033872691,-0.17961886279173225,-0.355147429571745,0.11650096085342539,-6.435435867499674e-07,2.0,0.340385418435469,0.6078974730902704,41,8.410475115514158,23.38918236271082,0.13104944907673335,23.520231811787554
0.963813593387269,-0.17961886279173225,-0.355147429571745,0.11650096085342539,-6.435435867499674e-07,1.99999999,0.340385418435469,0.6078974730902704,41,8.410475116284207,23.389182364276536,0.13104945089319828,23.520231815169737
0.963813593387269,-0.17961885279173226,-0.355147429571745,0.11650096085342539,-6.435435867499674e-07,2.0,0.340385418435469,0.6078974730902704,41,8.410475117185651,23.389182366037062,0.13104944576155755,23.520231811798617
0.963813593387269,-0.17961886279173225,-0.355147419571745,0.11650096085342539,-6.435435867499674e-07,2.0,0.340385418435469,0.6078974730902704,41,8.410475117185651,23.389182366037062,0.13104944576155755,23.520231811798617
0.9638135746745069,-0.1796188270110616,-0.35514732205615107,0.11650153902370317,-1.5101439840182714e-06,2.0,0.3403858546763826,0.6078966380504687,41,8.410475123202524,23.389182381063264,0.13104955391992426,23.520231934983187
0.9638135746745069,-0.1796188270110616,-0.35514732205615107,0.11650152902370317,-1.5001439840182715e-06,2.0,0.3403858546763826,0.6078966380504687,41,8.410475123463765,23.38918238151972,0.1310495519393726,23.52023193345909
0.9638135746745069,-0.1796188270110616,-0.35514732205615107,0.11650152902370317,-1.5101439840182714e-06,2.0,0.3403858546763826,0.6078966380504687,41,8.410475123730436,23.389182382073184,0.13104955292964843,23.520231935002833
0.9638135746745069,-0.1796188270110616,-0.35514732205615107,0.11650152902370317,-1.5101439840182714e-06,2.0,0.3403858646763826,0.6078966380504687,41,8.410475124013992,23.389182382601568,0.1310495523435167,23.520231934945084
0.9638135746745069,-0.1796188270110616,-0.35514732205615107,0.11650152902370317,-1.5101439840182714e-06,2.0,0.3403858546763826,0.6078966480504687,41,8.410475124070286,23.389182382750352,0.1310495523435167,23.520231935093868
0.963813584674507,-0.1796188270110616,-0.35514732205615107,0.11650152902370317,-1.5101439840182714e-06,2.0,0.3403858546763826,0.6078966380504687,41,8.410475124355152,23.38918238334844,0.1310495516993101,23.520231935047754
0.9638135746745069,-0.1796188270110616,-0.35514732205615107,0.11650152902370317,-1.5101439840182714e-06,1.99999999,0.3403858546763826,0.6078966380504687,41,8.4104751251252,23.389182384914154,0.13104955351578018,23.520231938429934
0.9638135746745069,-0.1796188170110616,-0.35514732205615107,0.11650152902370317,-1.5101439840182714e-06,2.0,0.3403858546763826,0.6078966380504687,41,8.410475126026647,23.389182386674676,0.13104954838413618,23.520231935058817
0.9638135746745069,-0.1796188270110616,-0.3551473120561511,0.11650152902370317,-1.5101439840182714e-06,2.0,0.3403858546763826,0.6078966380504687,41,8.410475126026647,23.389182386674676,0.13104954838413618,23.520231935058817
0.9638127017724181,-0.17961726376679235,-0.35514267044779335,0.11651342195354947,-2.9858163163777985e-05,2.0,0.340398805188653,0.6078702941668337,41,8.41047609625167,23.389184398658884,0.1310516061567918,23.520236004815672
0.9638127017724181,-0.17961726376679235,-0.35514267044779335,0.11651341195354947,-2.9848163163777983e-05,2.0,0.340398805188653,0.6078702941668337,41,8.41047609651295,23.38918439911541,0.13105160417555617,23.52023600329096
0.9638127017724181,-0.17961726376679235,-0.35514267044779335,0.11651341195354947,-2.9858163163777985e-05,2.0,0.340398805188653,0.6078702941668337,41,8.410476096779645,23.389184399668913,0.13105160516617395,23.52023600483509
0.9638127017724181,-0.17961726376679235,-0.35514267044779335,0.11651341195354947,-2.9858163163777985e-05,2.0,0.340398815188653,0.6078702941668337,41,8.410476097063254,23.38918440019741,0.13105160457989046,23.520236004777303
0.9638127017724181,-0.17961726376679235,-0.35514267044779335,0.11651341195354947,-2.9858163163777985e-05,2.0,0.340398805188653,0.6078703041668337,41,8.41047609711955,23.389184400346196,0.13105160457989046,23.52023600492609
0.9638127117724181,-0.17961726376679235,-0.35514267044779335,0.11651341195354947,-2.9858163163777985e-05,2.0,0.340398805188653,0.6078702941668337,41,8.410476097404363,23.38918440094419,0.13105160393580595,23.520236004879983
0.9638127017724181,-0.17961726376679235,-0.35514267044779335,0.11651341195354947,-2.9858163163777985e-05,1.99999999,0.340398805188653,0.6078702941668337,41,8.410476098174419,23.38918440250991,0.13105160575245756,23.520236008262362
0.9638127017724181,-0.17961726376679235,-0.35514266044779336,0.11651341195354947,-2.9858163163777985e-05,2.0,0.340398805188653,0.6078702941668337,41,8.410476099075854,23.38918440427041,0.13105160062071458,23.520236004891128
0.9638127017724181,-0.17961725376679236,-0.35514267044779335,0.11651341195354947,-2.9858163163777985e-05,2.0,0.340398805188653,0.6078702941668337,41,8.410476099075854,23.38918440427041,0.13105160062071458,23.520236004891128
0.9638105921539961,-0.17961361641049015,-0.35513187758811826,0.11652408799176682,-8.345804894985858e-05,2.0,0.3404209681530089,0.607822194613975,41,8.41047914018932,23.389190577384998,0.13105319112544006,23.52024376851044
0.9638105921539961,-0.17961361641049015,-0.35513187758811826,0.11652407799176683,-8.344804894985859e-05,2.0,0.3404209681530089,0.607822194613975,41,8.410479140450688,23.389190577841692,0.13105318914311193,23.520243766984805
0.9638105921539961,-0.17961361641049015,-0.35513187758811826,0.11652407799176683,-8.345804894985858e-05,2.0,0.3404209681530089,0.607822194613975,41,8.410479140717417,23.38919057839528,0.13105319013427594,23.520243768529554
0.9638105921539961,-0.17961361641049015,-0.35513187758811826,0.11652407799176683,-8.345804894985858e-05,2.0,0.34042097815300887,0.607822194613975,41,8.410479141001138,23.38919057892399,0.13105318954769854,23.520243768471687
0.9638105921539961,-0.17961361641049015,-0.35513187758811826,0.11652407799176683,-8.345804894985858e-05,2.0,0.3404209681530089,0.6078222046139751,41,8.410479141057396,23.3891905790727,0.13105318954769848,23.520243768620393
0.9638106021539962,-0.17961361641049015,-0.35513187758811826,0.11652407799176683,-8.345804894985858e-05,2.0,0.3404209681530089,0.607822194613975,41,8.410479141342142,23.38919057967055,0.13105318890383627,23.52024376857439
0.9638105921539961,-0.17961361641049015,-0.35513187758811826,0.11652407799176683,-8.345804894985858e-05,1.99999999,0.3404209681530089,0.607822194613975,41,8.410479142112207,23.3891905812363,0.13105319072085347,23.520243771957148
0.9638105921539961,-0.17961360641049015,-0.35513187758811826,0.11652407799176683,-8.345804894985858e-05,2.0,0.3404209681530089,0.607822194613975,41,8.410479143013646,23.389190582996807,0.13105318558893933,23.520243768585743
0.9638105921539961,-0.17961361641049015,-0.35513186758811827,0.11652407799176683,-8.345804894985858e-05,2.0,0.3404209681530089,0.607822194613975,41,8.410479143013646,23.389190582996807,0.13105318558893933,23.520243768585743
0.9638128904750614,-0.17961579320395185,-0.3551342454966962,0.1164903455361726,-5.0452997536540875e-05,2.0,0.3404034750244629,0.6078525742868829,41,8.410479678168617,23.389191493866008,0.13104760438705326,23.520239098253057
0.9638128904750614,-0.17961579320395185,-0.3551342454966962,0.1164903355361726,-5.0442997536540874e-05,2.0,0.3404034750244629,0.6078525742868829,41,8.41047967842998,23.389191494322702,0.1310476024058599,23.52023909672856
0.9638128904750614,-0.17961579320395185,-0.3551342454966962,0.1164903355361726,-5.0452997536540875e-05,2.0,0.3404034750244629,0.6078525742868829,41,8.410479678696664,23.389191494876197,0.13104760339645655,23.52023909827265
0.9638128904750614,-0.17961579320395185,-0.3551342454966962,0.1164903355361726,-5.0452997536540875e-05,2.0,0.3404034850244629,0.6078525742868829,41,8.410479678980334,23.389191495404802,0.13104760281002514,23.52023909821483
0.9638128904750614,-0.17961579320395185,-0.3551342454966962,0.1164903355361726,-5.0452997536540875e-05,2.0,0.3404034750244629,0.6078525842868829,41,8.410479679036523,23.389191495553384,0.13104760281002514,23.520239098363408
0.9638129004750614,-0.17961579320395185,-0.3551342454966962,0.1164903355361726,-5.0452997536540875e-05,2.0,0.3404034750244629,0.6078525742868829,41,8.410479679321384,23.38919149615145,0.13104760216609496,23.52023909831755
0.9638128904750614,-0.17961579320395185,-0.3551342454966962,0.1164903355361726,-5.0452997536540875e-05,1.99999999,0.3404034750244629,0.6078525742868829,41,8.410479680091438,23.389191497717178,0.13104760398288806,23.520239101700067
0.9638128904750614,-0.17961579320395185,-0.3551342354966962,0.1164903355361726,-5.0452997536540875e-05,2.0,0.3404034750244629,0.6078525742868829,41,8.41047968099292,23.38919149947778,0.1310475988510812,23.52023909832886
0.9638128904750614,-0.17961578320395186,-0.3551342454966962,0.1164903355361726,-5.0452997536540875e-05,2.0,0.3404034750244629,0.6078525742868829,41,8.41047968099292,23.38919149947778,0.1310475988510812,23.52023909832886
0.9638089098021667,-0.17961067553309826,-0.35512315986919235,0.1165370463846811,-0.00012988001016517762,2.0,0.34044089567176433,0.6077799970002646,41,8.41048139675323,23.389195183211203,0.13105529262773674,23.52025047583894
0.9638089098021667,-0.17961067553309826,-0.35512315986919235,0.1165370363846811,-0.00012987001016517762,2.0,0.34044089567176433,0.6077799970002646,41,8.410481397014667,23.389195183668036,0.1310552906443992,23.52025047431243
0.9638089098021667,-0.17961067553309826,-0.35512315986919235,0.1165370363846811,-0.00012988001016517762,2.0,0.34044089567176433,0.6077799970002646,41,8.41048139728143,23.38919518422168,0.1310552916360679,23.52025047585775
0.9638089098021667,-0.17961067553309826,-0.35512315986919235,0.1165370363846811,-0.00012988001016517762,2.0,0.3404409056717643,0.6077799970002646,41,8.410481397565244,23.389195184750587,0.13105529104923808,23.520250475799823
0.9638089098021667,-0.17961067553309826,-0.35512315986919235,0.1165370363846811,-0.00012988001016517762,2.0,0.34044089567176433,0.6077800070002647,41,8.410481397621481,23.38919518489925,0.13105529104923802,23.520250475948483
0.9638089198021668,-0.17961067553309826,-0.35512315986919235,0.1165370363846811,-0.00012988001016517762,2.0,0.34044089567176433,0.6077799970002646,41,8.41048139790616,23.389195185496973,0.13105529040557098,23.52025047590254
0.9638089098021667,-0.17961067553309826,-0.35512315986919235,0.1165370363846811,-0.00012988001016517762,1.99999999,0.34044089567176433,0.6077799970002646,41,8.410481398676236,23.389195187062732,0.1310552922228978,23.520250479285636
0.9638089098021667,-0.17961067553309826,-0.35512314986919236,0.1165370363846811,-0.00012988001016517762,2.0,0.34044089567176433,0.6077799970002646,41,8.41048139957767,23.389195188823226,0.13105528709083036,23.52025047591406
0.9638089098021667,-0.17961066553309826,-0.35512315986919235,0.1165370363846811,-0.00012988001016517762,2.0,0.34044089567176433,0.6077799970002646,41,8.41048139957767,23.389195188823226,0.13105528709083036,23.52025047591406
0.9638116692751107,-0.17961271014089178,-0.3551230019936613,0.11649148909662553,-9.981780702199967e-05,2.0,0.34042295289938745,0.6078078963712864,41,8.410483181909566,23.389198551677524,0.13104772536316991,23.52024627704069
0.9638116692751107,-0.17961271014089178,-0.3551230019936613,0.11649147909662554,-9.980780702199967e-05,2.0,0.34042295289938745,0.6078078963712864,41,8.410483182171026,23.389198552134406,0.13104772338111786,23.52024627551552
0.9638116692751107,-0.17961271014089178,-0.3551230019936613,0.11649147909662554,-9.981780702199967e-05,2.0,0.34042295289938745,0.6078078963712864,41,8.410483182437737,23.389198552687954,0.13104772437214385,23.52024627706009
0.9638116692751107,-0.17961271014089178,-0.3551230019936613,0.11649147909662554,-9.981780702199967e-05,2.0,0.34042296289938745,0.6078078963712864,41,8.41048318272151,23.38919855321678,0.1310477237854269,23.520246277002204
0.9638116692751107,-0.17961271014089178,-0.3551230019936613,0.11649147909662554,-9.981780702199967e-05,2.0,0.34042295289938745,0.6078079063712865,41,8.410483182777641,23.389198553365222,0.1310477237854269,23.520246277150655
0.9638116792751108,-0.17961271014089178,-0.3551230019936613,0.11649147909662554,-9.981780702199967e-05,2.0,0.34042295289938745,0.6078078963712864,41,8.41048318306246,23.389198553963222,0.1310477231417408,23.52024627710496
0.9638116692751107,-0.17961271014089178,-0.3551230019936613,0.11649147909662554,-9.981780702199967e-05,1.99999999,0.34042295289938745,0.6078078963712864,41,8.410483183832524,23.389198555528964,0.13104772495886097,23.52024628048782
0.9638116692751107,-0.17961271014089178,-0.3551229919936613,0.11649147909662554,-9.981780702199967e-05,2.0,0.34042295289938745,0.6078078963712864,41,8.410483184734021,23.38919855728959,0.13104771982689037,23.520246277116478
0.9638116692751107,-0.17961270014089178,-0.3551230019936613,0.11649147909662554,-9.981780702199967e-05,2.0,0.34042295289938745,0.6078078963712864,41,8.410483184734021,23.38919855728959,0.13104771982689037,23.520246277116478
0.9638061064941756,-0.17960577514011897,-0.3551086335075229,0.11655863899436804,-0.00020723306590726014,2.0,0.3404741009571237,0.6077096829876707,41,8.41048515666811,23.389202857563273,0.1310588025520062,23.520261660115278
0.9638061064941756,-0.17960577514011897,-0.3551086335075229,0.11655862899436804,-0.00020722306590726015,2.0,0.3404741009571237,0.6077096829876707,41,8.410485156929663,23.38920285802033,0.13105880056698657,23.520261658587316
0.9638061064941756,-0.17960577514011897,-0.3551086335075229,0.11655862899436804,-0.00020723306590726014,2.0,0.3404741009571237,0.6077096829876707,41,8.41048515719648,23.38920285857409,0.13105880155949634,23.52026166013359
0.9638061064941756,-0.17960577514011897,-0.3551086335075229,0.11655862899436804,-0.00020723306590726014,2.0,0.3404741109571237,0.6077096829876707,41,8.410485157480451,23.389202859103314,0.13105880097224595,23.52026166007557
0.9638061064941756,-0.17960577514011897,-0.3551086335075229,0.11655862899436804,-0.00020723306590726014,2.0,0.3404741009571237,0.6077096929876707,41,8.410485157536657,23.3892028592519,0.13105880097224595,23.520261660224147
0.9638061164941757,-0.17960577514011897,-0.3551086335075229,0.11655862899436804,-0.00020723306590726014,2.0,0.3404741009571237,0.6077096829876707,41,8.41048515782122,23.389202859849398,0.13105880032890416,23.5202616601783
0.9638061064941756,-0.17960577514011897,-0.3551086335075229,0.11655862899436804,-0.00020723306590726014,1.99999999,0.3404741009571237,0.6077096829876707,41,8.41048515859131,23.389202861415196,0.1310588021467469,23.520261663561943
0.9638061064941756,-0.17960577514011897,-0.3551086235075229,0.11655862899436804,-0.00020723306590726014,2.0,0.3404741009571237,0.6077096829876707,41,8.410485159492739,23.389202863175672,0.13105879701442394,23.520261660190094
0.9638061064941756,-0.17960576514011897,-0.3551086335075229,0.11655862899436804,-0.00020723306590726014,2.0,0.3404741009571237,0.6077096829876707,41,8.410485159492739,23.389202863175672,0.13105879701442394,23.520261660190094
0.963800693378906,-0.17959575843122064,-0.3550786789138729,0.11667689377874516,-0.00041983794895197836,2.0,0.3405769635978541,0.6075078849970204,41,8.410489474154623,23.389212139306107,0.13108000237140824,23.520292141677515
0.963800693378906,-0.17959575843122064,-0.3550786789138729,0.11667688377874516,-0.00041982794895197836,2.0,0.3405769635978541,0.6075078849970204,41,8.410489474416408,23.389212139763583,0.13108000038076398,23.520292140144353
0.963800693378906,-0.17959575843122064,-0.3550786789138729,0.11667688377874516,-0.00041983794895197836,2.0,0.3405769635978541,0.6075078849970204,41,8.410489474683427,23.389212140317763,0.13108000137608608,23.52029214169385
0.963800693378906,-0.17959575843122064,-0.3550786789138729,0.11667688377874516,-0.00041983794895197836,2.0,0.3405769735978541,0.6075078849970204,41,8.410489474967804,23.3892121408478,0.13108000078771437,23.520292141635515
0.963800693378906,-0.17959575843122064,-0.3550786789138729,0.11667688377874516,-0.00041983794895197836,2.0,0.3405769635978541,0.6075078949970204,41,8.410489475024105,23.389212140996566,0.13108000078771442,23.520292141784278
0.963800703378906,-0.17959575843122064,-0.3550786789138729,0.11667688377874516,-0.00041983794895197836,2.0,0.3405769635978541,0.6075078849970204,41,8.4104894753082,23.38921214159314,0.13108000014530982,23.52029214173845
0.963800693378906,-0.17959575843122064,-0.3550786789138729,0.11667688377874516,-0.00041983794895197836,1.99999999,0.3405769635978541,0.6075078849970204,41,8.410489476078345,23.389212143159046,0.13108000196445785,23.520292145123506
0.963800693378906,-0.17959575843122064,-0.3550786689138729,0.11667688377874516,-0.00041983794895197836,2.0,0.3405769635978541,0.6075078849970204,41,8.41048947697964,23.389212144919256,0.13107999683135335,23.520292141750613
0.963800693378906,-0.17959574843122064,-0.3550786789138729,0.11667688377874516,-0.00041983794895197836,2.0,0.3405769635978541,0.6075078849970204,41,8.41048947697964,23.389212144919256,0.13107999683135335,23.520292141750613
0.9638092147726393,-0.17960651346040818,-0.3551004035600689,0.11649378755066375,-0.00019903665060641887,2.0,0.34046210168261265,0.6077180977644356,41,8.41049022461464,23.389212738305922,0.13104797779351607,23.520260716099436
0.9638092147726393,-0.17960651346040818,-0.3551004035600689,0.11649377755066376,-0.00019902665060641888,2.0,0.34046210168261265,0.6077180977644356,41,8.410490224876295,23.389212738763195,0.13104797580973823,23.52026071457293
0.9638092147726393,-0.17960651346040818,-0.3551004035600689,0.11649377755066376,-0.00019903665060641887,2.0,0.34046210168261265,0.6077180977644356,41,8.410490225143057,23.389212739316843,0.1310479768016271,23.52026071611847
0.9638092147726393,-0.17960651346040818,-0.3551004035600689,0.11649377755066376,-0.00019903665060641887,2.0,0.34046211168261264,0.6077180977644356,41,8.410490225427045,23.3892127398461,0.13104797621433611,23.52026071606044
0.9638092147726393,-0.17960651346040818,-0.3551004035600689,0.11649377755066376,-0.00019903665060641887,2.0,0.34046210168261265,0.6077181077644357,41,8.410490225483048,23.38921273999429,0.13104797621433611,23.52026071620862
0.9638092247726393,-0.17960651346040818,-0.3551004035600689,0.11649377755066376,-0.00019903665060641887,2.0,0.34046210168261265,0.6077180977644356,41,8.41049022576779,23.389212740592136,0.13104797557114056,23.52026071616327
0.9638092147726393,-0.17960651346040818,-0.3551004035600689,0.11649377755066376,-0.00019903665060641887,1.99999999,0.34046210168261265,0.6077180977644356,41,8.410490226537869,23.389212742157905,0.13104797738891824,23.52026071954682
0.9638092147726393,-0.17960650346040818,-0.3551004035600689,0.11649377755066376,-0.00019903665060641887,2.0,0.34046210168261265,0.6077180977644356,41,8.410490227439398,23.389212743918595,0.13104797225661835,23.520260716175216
0.9638092147726393,-0.17960651346040818,-0.3551003935600689,0.11649377755066376,-0.00019903665060641887,2.0,0.34046210168261265,0.6077180977644356,41,8.410490227439398,23.3892127439186,0.13104797225661835,23.520260716175216
0.9638041454615129,-0.1795937153876064,-0.35505373076499963,0.11649853457323342,-0.0004039544266408869,2.0,0.34054295609799523,0.6075326357076117,41,8.410504772102326,23.389242042583145,0.1310485383684473,23.520290580951595
0.9638041454615129,-0.1795937153876064,-0.35505373076499963,0.11649852457323343,-0.0004039444266408869,2.0,0.34054295609799523,0.6075326357076117,41,8.410504772364385,23.38924204304121,0.13104853638110514,23.520290579422316
0.9638041454615129,-0.1795937153876064,-0.35505373076499963,0.11649852457323343,-0.0004039544266408869,2.0,0.34054295609799523,0.6075326357076117,41,8.410504772631255,23.389242043595075,0.13104853737477618,23.52029058096985
0.9638041454615129,-0.1795937153876064,-0.35505373076499963,0.11649852457323343,-0.0004039544266408869,2.0,0.3405429660979952,0.6075326357076117,41,8.410504772915685,23.389242044125233,0.1310485367862996,23.520290580911528
0.9638041454615129,-0.1795937153876064,-0.35505373076499963,0.11649852457323343,-0.0004039544266408869,2.0,0.34054295609799523,0.6075326457076118,41,8.410504772971425,23.389242044272862,0.1310485367862996,23.520290581059164
0.963804155461513,-0.1795937153876064,-0.35505373076499963,0.11649852457323343,-0.0004039544266408869,2.0,0.34054295609799523,0.6075326357076117,41,8.410504773256006,23.389242044870404,0.1310485361441173,23.520290581014518
0.9638041454615129,-0.1795937153876064,-0.35505373076499963,0.11649852457323343,-0.0004039544266408869,1.99999999,0.34054295609799523,0.6075326357076117,41,8.410504774026117,23.38924204643623,0.1310485379632529,23.520290584399486
0.9638041454615129,-0.1795937153876064,-0.35505372076499964,0.11649852457323343,-0.0004039544266408869,2.0,0.34054295609799523,0.6075326357076117,41,8.410504774927713,23.389242048197058,0.13104853283027293,23.520290581027336
0.9638041454615129,-0.1795937053876064,-0.35505373076499963,0.11649852457323343,-0.0004039544266408869,2.0,0.34054295609799523,0.6075326357076117,41,8.410504774927713,23.389242048197058,0.13104853283027293,23.520290581027332
0.9637933519005103,-0.17956646577201607,-0.35495435519932933,0.11650864191847404,-0.0008402646985909055,2.0,0.34071511106008107,0.6071377504906474,41,8.410535756026999,23.389304457220657,0.13104990804018396,23.52035436526085
0.9637933519005103,-0.17956646577201607,-0.35495435519932933,0.11650863191847405,-0.0008402546985909054,2.0,0.34071511106008107,0.6071377504906474,41,8.410535756289915,23.389304457680417,0.13104990604525274,23.52035436372567
0.9637933519005103,-0.17956646577201607,-0.35495435519932933,0.11650863191847405,-0.0008402646985909055,2.0,0.34071511106008107,0.6071377504906474,41,8.41053575655701,23.389304458234733,0.1310499070427183,23.520354365277452
0.9637933519005103,-0.17956646577201607,-0.35495435519932933,0.11650863191847405,-0.0008402646985909055,2.0,0.34071512106008106,0.6071377504906474,41,8.41053575684238,23.389304458766798,0.1310499064517175,23.52035436521852
0.9637933519005103,-0.17956646577201607,-0.35495435519932933,0.11650863191847405,-0.0008402646985909055,2.0,0.34071511106008107,0.6071377604906475,41,8.410535756897566,23.389304458913273,0.1310499064517175,23.52035436536499
0.9637933619005103,-0.17956646577201607,-0.35495435519932933,0.11650863191847405,-0.0008402646985909055,2.0,0.34071511106008107,0.6071377504906474,41,8.410535757181805,23.389304459510143,0.13104990581169249,23.520354365321836
0.9637933519005103,-0.17956646577201607,-0.35495435519932933,0.11650863191847405,-0.0008402646985909055,1.99999999,0.34071511106008107,0.6071377504906474,41,8.410535757951985,23.389304461076115,0.13104990763371926,23.52035436870983
0.9637933519005103,-0.17956646577201607,-0.35495434519932934,0.11650863191847405,-0.0008402646985909055,2.0,0.34071511106008107,0.6071377504906474,41,8.410535758853719,23.389304462837217,0.13104990249929135,23.520354365336505
0.9637933519005103,-0.17956645577201608,-0.35495435519932933,0.11650863191847405,-0.0008402646985909055,2.0,0.34071511106008107,0.6071377504906474,41,8.410535758853719,23.389304462837217,0.13104990249929135,23.520354365336505
0.9634445970361214,-0.17924236605002258,-0.3561354877890971,0.11834365842160484,-0.006910693802186179,2.0,0.34090581571972284,0.6130916110697854,41,8.41059489640691,23.389439310425292,0.13195609867766964,23.521395409102958
0.9634445970361214,-0.17924236605002258,-0.3561354877890971,0.11834364842160484,-0.006910683802186179,2.0,0.34090581571972284,0.6130916110697854,41,8.41059489663784,23.389439310820777,0.1319560965483458,23.521395407369123
0.9634445970361214,-0.17924236605002258,-0.3561354877890971,0.11834364842160484,-0.006910693802186179,2.0,0.34090581571972284,0.6130916110697854,41,8.41059489691423,23.38943931139353,0.13195609761300767,23.521395409006534
0.9634445970361214,-0.17924236605002258,-0.3561354877890971,0.11834364842160484,-0.006910693802186179,2.0,0.34090582571972283,0.6130916110697854,41,8.410594897189073,23.38943931190384,0.13195609709164519,23.52139540899548
0.9634445970361214,-0.17924236605002258,-0.3561354877890971,0.11834364842160484,-0.006910693802186179,2.0,0.34090581571972284,0.6130916210697854,41,8.410594897252109,23.389439312066308,0.13195609709164519,23.521395409157947
0.9634446070361214,-0.17924236605002258,-0.3561354877890971,0.11834364842160484,-0.006910693802186179,2.0,0.34090581571972284,0.6130916110697854,41,8.410594897539575,23.389439312670305,0.13195609637012415,23.521395409040426
0.9634445970361214,-0.17924236605002258,-0.3561354877890971,0.11834364842160484,-0.006910693802186179,1.99999999,0.34090581571972284,0.6130916110697854,41,8.410594898310439,23.389439314237833,0.1319560981343702,23.521395412372204
0.9634445970361214,-0.17924236605002258,-0.3561354777890971,0.11834364842160484,-0.006910693802186179,2.0,0.34090581571972284,0.6130916110697854,41,8.410594899195969,23.389439315965863,0.13195609306229597,23.52139540902816
0.9634445970361214,-0.1792423560500226,-0.3561354877890971,0.11834364842160484,-0.006910693802186179,2.0,0.34090581571972284,0.6130916110697854,41,8.410594899195969,23.389439315965863,0.13195609306229597,23.52139540902816
0.9636892413468987,-0.179401486082667,-0.3545030541700701,0.11745879820598969,-0.0034319505355791475,2.0,0.3418583728873855,0.6047784112673891,41,8.410641669585049,23.389522390673655,0.1312142278937915,23.52073661856745
0.9636892413468987,-0.179401486082667,-0.3545030541700701,0.11745878820598969,-0.0034319405355791475,2.0,0.3418583728873855,0.6047784112673891,41,8.41064166985146,23.38952239114007,0.13121422583864895,23.520736616978716
0.9636892413468987,-0.179401486082667,-0.3545030541700701,0.11745878820598969,-0.0034319505355791475,2.0,0.3418583728873855,0.6047784112673891,41,8.410641670120608,23.389522391698577,0.1312142268662202,23.520736618564804
0.9636892413468987,-0.179401486082667,-0.3545030541700701,0.11745878820598969,-0.0034319505355791475,2.0,0.3418583828873855,0.6047784112673891,41,8.410641670411005,23.389522392240814,0.13121422626143717,23.520736618502248
0.9636892413468987,-0.179401486082667,-0.3545030541700701,0.11745878820598969,-0.0034319505355791475,2.0,0.3418583728873855,0.6047784212673891,41,8.410641670465898,23.389522392386414,0.13121422626143717,23.520736618647856
0.9636892513468988,-0.179401486082667,-0.3545030541700701,0.11745878820598969,-0.0034319505355791475,2.0,0.3418583728873855,0.6047784112673891,41,8.410641670745745,23.389522392974712,0.13121422563165452,23.520736618606367
0.9636892413468987,-0.179401486082667,-0.3545030541700701,0.11745878820598969,-0.0034319505355791475,1.99999999,0.3418583728873855,0.6047784112673891,41,8.410641671516474,23.389522394541796,0.13121422747100336,23.520736622012798
0.9636892413468987,-0.17940147608266702,-0.3545030541700701,0.11745878820598969,-0.0034319505355791475,2.0,0.3418583728873855,0.6047784112673891,41,8.410641672417523,23.389522396301416,0.13121422232803162,23.52073661862945
0.9636892413468987,-0.179401486082667,-0.3545030441700701,0.11745878820598969,-0.0034319505355791475,2.0,0.3418583728873855,0.6047784112673891,41,8.410641672417523,23.389522396301416,0.13121422232803162,23.52073661862945
0.9636330295050749,-0.17929549612999318,-0.3541852148165588,0.11895932393452766,-0.005864822870133954,2.0,0.34306445112165246,0.6024478471775119,41,8.410674637386895,23.389596464017956,0.13150839129595165,23.521104855313908
0.9636330295050749,-0.17929549612999318,-0.3541852148165588,0.11895931393452766,-0.005864812870133954,2.0,0.34306445112165246,0.6024478471775119,41,8.410674637655632,23.38959646448858,0.1315083891739413,23.52110485366253
0.9636330295050749,-0.17929549612999318,-0.3541852148165588,0.11895931393452766,-0.005864822870133954,2.0,0.34306445112165246,0.6024478471775119,41,8.410674637927306,23.38959646505227,0.13150839023494648,23.52110485528722
0.9636330295050749,-0.17929549612999318,-0.3541852148165588,0.11895931393452766,-0.005864822870133954,2.0,0.34306446112165245,0.6024478471775119,41,8.410674638222103,23.38959646560338,0.13150838961741926,23.521104855220802
0.9636330295050749,-0.17929549612999318,-0.3541852148165588,0.11895931393452766,-0.005864822870133954,2.0,0.34306445112165246,0.6024478571775119,41,8.41067463827885,23.389596465752433,0.13150838961741926,23.521104855369853
0.963633039505075,-0.17929549612999318,-0.3541852148165588,0.11895931393452766,-0.005864822870133954,2.0,0.34306445112165246,0.6024478471775119,41,8.41067463855283,23.389596466329255,0.13150838899846967,23.521104855327728
0.9636330295050749,-0.17929549612999318,-0.3541852148165588,0.11895931393452766,-0.005864822870133954,1.99999999,0.34306445112165246,0.6024478471775119,41,8.410674639324228,23.38959646789771,0.13150839085247382,23.52110485875019
0.9636330295050749,-0.1792954861299932,-0.3541852148165588,0.11895931393452766,-0.005864822870133954,2.0,0.34306445112165246,0.6024478471775119,41,8.410674640223352,23.389596469653323,0.13150838570036044,23.521104855353684
0.9636330295050749,-0.17929549612999318,-0.3541852048165588,0.11895931393452766,-0.005864822870133954,2.0,0.34306445112165246,0.6024478471775119,41,8.410674640223352,23.389596469653323,0.13150838570036044,23.521104855353684
0.9633181882596283,-0.17912260940207458,-0.353534361162424,0.11463287574198311,-0.0033983154675240423,2.0,0.34135945050377575,0.6046007743680323,41,8.41103591288878,23.39029993753975,0.13044557358113762,23.520745511120893
0.9633181882596283,-0.17912260940207458,-0.353534361162424,0.11463286574198311,-0.0033983054675240424,2.0,0.34135945050377575,0.6046007743680323,41,8.411035913163188,23.39029993802272,0.13044557157460754,23.520745509597322
0.9633181882596283,-0.17912260940207458,-0.353534361162424,0.11463286574198311,-0.0033983154675240423,2.0,0.34135945050377575,0.6046007743680323,41,8.411035913428757,23.39029993857388,0.13044557257787254,23.52074551115175
0.9633181882596283,-0.17912260940207458,-0.353534361162424,0.11463286574198311,-0.0033983154675240423,2.0,0.34135946050377575,0.6046007743680323,41,8.411035913722705,23.39029993912347,0.13044557196542184,23.520745511088883
0.9633181882596283,-0.17912260940207458,-0.353534361162424,0.11463286574198311,-0.0033983154675240423,2.0,0.34135945050377575,0.6046007843680323,41,8.411035913766707,23.39029993924712,0.13044557196542184,23.520745511212546
0.9633181982596284,-0.17912260940207458,-0.353534361162424,0.11463286574198311,-0.0033983154675240423,2.0,0.34135945050377575,0.6046007743680323,41,8.411035914053588,23.390299939849218,0.13044557133069115,23.520745511179904
0.9633181882596283,-0.17912260940207458,-0.353534361162424,0.11463286574198311,-0.0033983154675240423,1.99999999,0.34135945050377575,0.6046007743680323,41,8.41103591482356,23.390299941414593,0.13044557319032338,23.520745514604915
0.9633181882596283,-0.17912260940207458,-0.353534351162424,0.11463286574198311,-0.0033983154675240423,2.0,0.34135945050377575,0.6046007743680323,41,8.411035915732942,23.39029994319121,0.13044556805028834,23.5207455112415
0.9633181882596283,-0.1791225994020746,-0.353534361162424,0.11463286574198311,-0.0033983154675240423,2.0,0.34135945050377575,0.6046007743680323,41,8.411035915732942,23.390299943191213,0.13044556805028834,23.5207455112415
0.9629986444167203,-0.17877804915207413,-0.35239930225460003,0.11351290804320796,-0.00613353825982066,2.0,0.34221548376436356,0.6019896085726357,41,8.411428162639078,23.391082713834674,0.13008902108395343,23.521171734918628
0.9629986444167203,-0.17877804915207413,-0.35239930225460003,0.11351289804320797,-0.00613352825982066,2.0,0.34221548376436356,0.6019896085726357,41,8.411428162922869,23.39108271433647,0.13008901904996398,23.52117173338644
0.9629986444167203,-0.17877804915207413,-0.35239930225460003,0.11351289804320797,-0.00613353825982066,2.0,0.34221548376436356,0.6019896085726357,41,8.411428163188138,23.391082714886966,0.13008902006695863,23.521171734953928
0.9629986444167203,-0.17877804915207413,-0.35239930225460003,0.11351289804320797,-0.00613353825982066,2.0,0.34221549376436355,0.6019896085726357,41,8.411428163489695,23.39108271545207,0.13008901943461648,23.521171734886693
0.9629986444167203,-0.17877804915207413,-0.35239930225460003,0.11351289804320797,-0.00613353825982066,2.0,0.34221548376436356,0.6019896185726358,41,8.411428163525486,23.391082715558905,0.13008901943461648,23.521171734993516
0.9629986544167204,-0.17877804915207413,-0.35239930225460003,0.11351289804320797,-0.00613353825982066,2.0,0.34221548376436356,0.6019896085726357,41,8.411428163813103,23.391082716162494,0.13008901880891272,23.521171734971404
0.9629986444167203,-0.17877804915207413,-0.35239930225460003,0.11351289804320797,-0.00613353825982066,1.99999999,0.34221548376436356,0.6019896085726357,41,8.411428164583135,23.391082717727873,0.130089020699301,23.521171738427174
0.9629986444167203,-0.17877804915207413,-0.35239929225460004,0.11351289804320797,-0.00613353825982066,2.0,0.34221548376436356,0.6019896085726357,41,8.41142816549747,23.391082719514532,0.1300890155519512,23.521171735066485
0.9629986444167203,-0.17877803915207413,-0.35239930225460003,0.11351289804320797,-0.00613353825982066,2.0,0.34221548376436356,0.6019896085726357,41,8.41142816549747,23.391082719514532,0.1300890155519512,23.521171735066485
-0.45306213200092316,-0.38402852416038513,0.21008659899234772,0.8572142571210861,-0.2217978835105896,1.5555807513324358,0.13219380802499114,0.6030214545785075,41,8.410909927707605,23.39260300450666,4.519205742076942,27.911808746583596
0.9631934240888445,-0.17805187737566833,-0.3494308615505591,0.11707042847904292,-0.025091266438842366,2.0,0.3502838298217961,0.5851892365558233,41,8.4122771263776,23.39281449581108,0.13150286974137573,23.52431736555246
0.9631934240888445,-0.17805187737566833,-0.3494308615505591,0.11707041847904293,-0.025091256438842365,2.0,0.3502838298217961,0.5851892365558233,41,8.412277126687654,23.392814496363343,0.1315028673246271,23.524317363687967
0.9631934240888445,-0.17805187737566833,-0.3494308615505591,0.11707041847904293,-0.025091266438842366,2.0,0.3502838298217961,0.5851892365558233,41,8.412277126969073,23.39281449694664,0.1315028685330014,23.524317365479643
0.9631934240888445,-0.17805187737566833,-0.3494308615505591,0.11707041847904293,-0.025091266438842366,2.0,0.3502838398217961,0.5851892365558233,41,8.412277127302497,23.39281449757623,0.1315028678016962,23.524317365377925
0.9631934240888445,-0.17805187737566833,-0.3494308615505591,0.11707041847904293,-0.025091266438842366,2.0,0.3502838298217961,0.5851892465558234,41,8.412277127331397,23.39281449766737,0.1315028678016962,23.52431736546906
0.9631934340888445,-0.17805187737566833,-0.3494308615505591,0.11707041847904293,-0.025091266438842366,2.0,0.3502838298217961,0.5851892365558233,41,8.412277127596242,23.392814498226805,0.13150286728157795,23.524317365508388
0.9631934240888445,-0.17805187737566833,-0.3494308615505591,0.11707041847904293,-0.025091266438842366,1.99999999,0.3502838298217961,0.5851892365558233,41,8.412277128370448,23.392814499800597,0.13150286926430668,23.5243173690649
0.9631934240888445,-0.17805186737566833,-0.3494308615505591,0.11707041847904293,-0.025091266438842366,2.0,0.3502838298217961,0.5851892365558233,41,8.412277129276442,23.392814501569987,0.13150286404939815,23.52431736561939
0.9631934240888445,-0.17805187737566833,-0.3494308515505591,0.11707041847904293,-0.025091266438842366,2.0,0.3502838298217961,0.5851892365558233,41,8.412277129276442,23.392814501569987,0.13150286404939815,23.52431736561939
0.9618419855182818,-0.1761723441109682,-0.3449308250935219,0.13168737181494208,-0.054404188882885,2.0,0.36373918552613427,0.5584445906483317,41,8.413040845552484,23.394441700712775,0.1360325285573296,23.530474229270105
0.9618419855182818,-0.1761723441109682,-0.3449308250935219,0.1316873618149421,-0.054404178882885,2.0,0.36373918552613427,0.5584445906483317,41,8.413040845887968,23.394441701310402,0.13603252539377325,23.530474226704175
0.9618419855182818,-0.1761723441109682,-0.3449308250935219,0.1316873618149421,-0.054404188882885,2.0,0.36373918552613427,0.5584445906483317,41,8.413040846204373,23.394441701965327,0.13603252697555138,23.53047422894087
0.9618419855182818,-0.1761723441109682,-0.3449308250935219,0.1316873618149421,-0.054404188882885,2.0,0.36373919552613426,0.5584445906483317,41,8.413040846576934,23.394441702673618,0.13603252609363423,23.530474228767254
0.9618419855182818,-0.1761723441109682,-0.3449308250935219,0.1316873618149421,-0.054404188882885,2.0,0.36373918552613427,0.5584446006483318,41,8.413040846635843,23.39444170282195,0.13603252609363423,23.53047422891559
0.9618419955182819,-0.1761723441109682,-0.3449308250935219,0.1316873618149421,-0.054404188882885,2.0,0.36373918552613427,0.5584445906483317,41,8.413040846836203,23.39444170325568,0.13603252567817906,23.530474228933862
0.9618419855182818,-0.1761723441109682,-0.3449308250935219,0.1316873618149421,-0.054404188882885,1.99999999,0.36373918552613427,0.5584445906483317,41,8.413040847617864,23.3944417048449,0.1360325278574686,23.53047423270237
0.9618419855182818,-0.1761723441109682,-0.3449308150935219,0.1316873618149421,-0.054404188882885,2.0,0.36373918552613427,0.5584445906483317,41,8.41304084849573,23.39444170655581,0.1360325225461745,23.530474229101983
0.9618419855182818,-0.1761723341109682,-0.3449308250935219,0.1316873618149421,-0.054404188882885,2.0,0.36373918552613427,0.5584445906483317,41,8.41304084849573,23.39444170655581,0.1360325225461745,23.530474229101983
0.9606991036882808,-0.17404124965905235,-0.33855061613056253,0.1588992382766362,-0.10114582447937,2.0,0.3865926346132118,0.513902979082869,41,8.413335048967172,23.3952501132228,0.1486452776763966,23.543895390899195
0.9606991036882808,-0.17404124965905235,-0.33855061613056253,0.15889922827663622,-0.10114581447937,2.0,0.3865926346132118,0.513902979082869,41,8.413335049317316,23.395250113837154,0.14864527325563076,23.543895387092782
0.9606991036882808,-0.17404124965905235,-0.33855061613056253,0.15889922827663622,-0.10114582447937,2.0,0.3865926346132118,0.513902979082869,41,8.413335049714682,23.395250114658317,0.14864527546601364,23.54389539012433
0.9606991036882808,-0.17404124965905235,-0.33855061613056253,0.15889922827663622,-0.10114582447937,2.0,0.3865926446132118,0.513902979082869,41,8.413335050124648,23.395250115440813,0.1486452743382973,23.54389538977911
0.9606991036882808,-0.17404124965905235,-0.33855061613056253,0.15889922827663622,-0.10114582447937,2.0,0.3865926346132118,0.513902989082869,41,8.413335050278853,23.39525011577516,0.1486452743382973,23.543895390113455
0.9606991136882809,-0.17404124965905235,-0.33855061613056253,0.15889922827663622,-0.10114582447937,2.0,0.3865926346132118,0.513902979082869,41,8.413335050355224,23.39525011596824,0.1486452741297833,23.543895390098022
0.9606991036882808,-0.17404124965905235,-0.33855061613056253,0.15889922827663622,-0.10114582447937,1.99999999,0.3865926346132118,0.513902979082869,41,8.413335051151652,23.395250117588525,0.14864527659372997,23.543895394182258
0.9606991036882808,-0.17404124965905235,-0.33855060613056254,0.15889922827663622,-0.10114582447937,2.0,0.3865926346132118,0.513902979082869,41,8.413335051950083,23.39525011913506,0.1486452711089828,23.543895390244046
0.9606991036882808,-0.17404123965905235,-0.33855061613056253,0.15889922827663622,-0.10114582447937,2.0,0.3865926346132118,0.513902979082869,41,8.413335051950083,23.39525011913506,0.1486452711089828,23.543895390244046
0.9697158871008432,-0.1741170956946775,-0.33494961643869625,0.1241950681099612,0.008838462438806788,2.0,0.3183439383881117,0.6032568516751732,41,8.415448443027046,23.39926905096725,0.12270200320955019,23.521971054176802
0.9697158871008432,-0.1741170956946775,-0.33494961643869625,0.1241950581099612,0.008838472438806788,2.0,0.3183439383881117,0.6032568516751732,41,8.41544844333054,23.399269051504696,0.12270200320955019,23.52197105471425
0.9697158871008432,-0.1741170956946775,-0.33494961643869625,0.1241950581099612,0.008838462438806788,2.0,0.3183439383881117,0.6032568516751732,41,8.415448443573599,23.399269052012848,0.12270200207876521,23.521971054091615
0.9697158871008432,-0.1741170956946775,-0.33494961643869625,0.1241950581099612,0.008838462438806788,2.0,0.3183439483881117,0.6032568516751732,41,8.415448443796995,23.39926905241673,0.1227020011902409,23.521971053606965
0.9697158871008432,-0.1741170956946775,-0.33494961643869625,0.1241950581099612,0.008838462438806788,2.0,0.3183439383881117,0.6032568616751732,41,8.415448443943513,23.399269052750203,0.1227020011902409,23.521971053940437
0.9697158971008433,-0.1741170956946775,-0.33494961643869625,0.1241950581099612,0.008838462438806788,2.0,0.3183439383881117,0.6032568516751732,41,8.415448444199155,23.399269053289764,0.12270200104910559,23.521971054338874
0.9697158871008432,-0.1741170956946775,-0.33494961643869625,0.1241950581099612,0.008838462438806788,1.99999999,0.3183439383881117,0.6032568516751732,41,8.41544844497511,23.399269054867585,0.12270200296728961,23.521971057834868
0.9697158871008432,-0.17411708569467751,-0.33494961643869625,0.1241950581099612,0.008838462438806788,2.0,0.3183439383881117,0.6032568516751732,41,8.41544844592079,23.399269056710775,0.12270199775169828,23.521971054462476
0.9697158871008432,-0.1741170956946775,-0.33494960643869626,0.1241950581099612,0.008838462438806788,2.0,0.3183439383881117,0.6032568516751732,41,8.41544844592079,23.399269056710775,0.12270199775169828,23.521971054462476
1.0,-0.21607997546209942,-0.38569205766127873,0.14538798389601193,0.06467635781988323,2.0,0.14489379959797177,0.5562552033831732,41,8.415081374557811,23.400859872756488,0.22326914529593284,23.62412901805242
1.0,-0.21607997546209942,-0.38569205766127873,0.14538798389601193,0.06467636781988323,2.0,0.14489378959797178,0.5562552033831732,41,8.415081376699911,23.40085987723671,0.22326915046845788,23.62412902770516
0.99999999,-0.21607997546209942,-0.38569205766127873,0.14538798389601193,0.06467635781988323,2.0,0.14489378959797178,0.5562552033831732,41,8.415081376792207,23.40085987744859,0.22326914868291106,23.62412902613149
1.0,-0.21607997546209942,-0.38569205766127873,0.14538799389601192,0.06467635781988323,2.0,0.14489378959797178,0.5562552033831732,41,8.415081377082934,23.400859878168813,0.22326915046845788,23.62412902863727
1.0,-0.21607997546209942,-0.38569205766127873,0.14538798389601193,0.06467635781988323,2.0,0.14489378959797178,0.5562552033831732,41,8.415081377415486,23.400859878745027,0.22326914868291092,23.624129027427937
1.0,-0.21607996546209943,-0.38569205766127873,0.14538798389601193,0.06467635781988323,2.0,0.14489378959797178,0.5562552033831732,41,8.4150813778321,23.400859879485118,0.2232691435678487,23.624129023052966
1.0,-0.21607997546209942,-0.38569204766127874,0.14538798389601193,0.06467635781988323,2.0,0.14489378959797178,0.5562552033831732,41,8.415081377832102,23.400859879485118,0.2232691435678487,23.624129023052966
1.0,-0.21607997546209942,-0.38569205766127873,0.14538798389601193,0.06467635781988323,2.0,0.14489378959797178,0.5562552133831733,41,8.415081377860295,23.400859879642226,0.22326914529593264,23.624129024938156
1.0,-0.21607997546209942,-0.38569205766127873,0.14538798389601193,0.06467635781988323,1.99999999,0.14489378959797178,0.5562552033831732,41,8.415081378826184,23.400859881670186,0.223269152069889,23.624129033740076
0.969969365408226,-0.20050308750552714,-0.4004509990378396,0.10820656889086953,0.028034366366710597,1.8727722025706868,0.2737959123660755,0.5910885608769445,41,8.416370361409617,23.402173588837993,0.20190905197287762,23.604082640810876
0.969969365408226,-0.20050308750552714,-0.4004509990378396,0.10820656889086953,0.028034366366710597,1.8727721925706868,0.2737959223660755,0.5910885608769445,41,8.416370362413542,23.402173590824038,0.20190905197287762,23.604082642796918
0.969969365408226,-0.20050308750552714,-0.4004509990378396,0.10820656889086953,0.0280343763667106,1.8727721925706868,0.2737959123660755,0.5910885608769445,41,8.41637036255012,23.402173591161947,0.20190905610415,23.604082647266104
0.969969365408226,-0.20050308750552714,-0.4004509990378396,0.10820657889086953,0.028034366366710597,1.8727721925706868,0.2737959123660755,0.5910885608769445,41,8.416370362635952,23.402173591445717,0.20190905610415,23.60408264754987
0.969969365408226,-0.20050308750552714,-0.4004509990378396,0.10820656889086953,0.028034366366710597,1.8727721925706868,0.2737959123660755,0.5910885608769445,41,8.416370363041459,23.40217359218617,0.20190905494610206,23.604082647132273
0.969969365408226,-0.20050308750552714,-0.4004509990378396,0.10820656889086953,0.028034366366710597,1.8727721925706868,0.2737959123660755,0.5910885708769446,41,8.416370363352206,23.402173592806275,0.20190905197287762,23.604082644779155
0.969969375408226,-0.20050308750552714,-0.4004509990378396,0.10820656889086953,0.028034366366710597,1.8727721925706868,0.2737959123660755,0.5910885608769445,41,8.416370363771518,23.40217359368859,0.20190905392506064,23.60408264761365
0.969969365408226,-0.20050307750552715,-0.4004509990378396,0.10820656889086953,0.028034366366710597,1.8727721925706868,0.2737959123660755,0.5910885608769445,41,8.416370364737864,23.402173595560537,0.2019090498379924,23.604082645398535
0.969969365408226,-0.20050308750552714,-0.4004509890378396,0.10820656889086953,0.028034366366710597,1.8727721925706868,0.2737959123660755,0.5910885608769445,41,8.416370364737864,23.402173595560537,0.2019090498379924,23.604082645398535
1.0,-0.18117824294002885,-0.3040414911448117,0.1293727849626062,0.01936406659768858,2.0,0.2085047192531448,0.5532490608953128,41,8.421876482319389,23.41291354407632,0.14162807229858687,23.554541616374923
0.99999999,-0.18117824294002885,-0.3040414911448117,0.1293727849626062,0.01936406659768858,2.0,0.2085047092531448,0.5532490608953128,41,8.421876482342103,23.41291354418348,0.14162807499871088,23.554541619182185
1.0,-0.18117824294002885,-0.3040414911448117,0.1293727949626062,0.01936406659768858,2.0,0.2085047092531448,0.5532490608953128,41,8.421876482367361,23.412913544328312,0.14162807626297402,23.55454162059128
1.0,-0.18117824294002885,-0.3040414911448117,0.1293727849626062,0.01936407659768858,2.0,0.2085047092531448,0.5532490608953128,41,8.421876482605155,23.412913544702633,0.14162807626297402,23.55454162096561
1.0,-0.18117824294002885,-0.3040414911448117,0.1293727849626062,0.01936406659768858,2.0,0.2085047092531448,0.5532490608953128,41,8.421876482969928,23.412913545471266,0.14162807499871072,23.55454162046998
1.0,-0.18117824294002885,-0.3040414911448117,0.1293727849626062,0.01936406659768858,2.0,0.2085047092531448,0.5532490708953128,41,8.4218764833968,23.412913546323335,0.14162807229858687,23.554541618621926
1.0,-0.18117824294002885,-0.3040414911448117,0.1293727849626062,0.01936406659768858,1.99999999,0.2085047092531448,0.5532490608953128,41,8.421876484397766,23.412913548392908,0.14162807769883476,23.554541626091748
1.0,-0.18117824294002885,-0.3040414811448117,0.1293727849626062,0.01936406659768858,2.0,0.2085047092531448,0.5532490608953128,41,8.421876484874922,23.41291354925341,0.14162807087434306,23.55454162012775
1.0,-0.18117823294002885,-0.3040414911448117,0.1293727849626062,0.01936406659768858,2.0,0.2085047092531448,0.5532490608953128,41,8.421876484874922,23.41291354925341,0.14162807087434306,23.55454162012775
0.9381665665709066,-0.18400697808498134,-0.4160808933118396,0.06883100863483232,-0.010769937938707909,1.7380364428642971,0.4103047919093793,0.6279775003303348,41,8.442675023795223,23.454551171288948,0.19058969268898338,23.645140863977932
0.9381665665709066,-0.18400697808498134,-0.4160808933118396,0.06883101863483232,-0.010769937938707909,1.7380364328642972,0.4103047919093793,0.6279775003303348,41,8.442675025286496,23.45455117440964,0.1905896959006458,23.645140870310286
0.9381665665709066,-0.18400697808498134,-0.4160808933118396,0.06883100863483232,-0.010769927938707909,1.7380364328642972,0.4103047919093793,0.6279775003303348,41,8.442675025385867,23.454551174517967,0.19058969454742972,23.645140869065393
0.9381665665709066,-0.18400697808498134,-0.4160808933118396,0.06883100863483232,-0.010769937938707909,1.7380364328642972,0.4103047919093793,0.6279775003303348,41,8.442675025709653,23.454551175192346,0.19058969522403774,23.64514087041638
0.9381665665709066,-0.18400697808498134,-0.4160808933118396,0.06883100863483232,-0.010769937938707909,1.7380364328642972,0.4103047919093793,0.6279775103303349,41,8.44267502589324,23.454551175555665,0.19058969268898338,23.645140868244642
0.9381665665709066,-0.18400697808498134,-0.4160808933118396,0.06883100863483232,-0.010769937938707909,1.7380364328642972,0.4103048019093793,0.6279775003303348,41,8.442675026298446,23.45455117631686,0.19058969268898338,23.645140869005846
0.9381665765709066,-0.18400697808498134,-0.4160808933118396,0.06883100863483232,-0.010769937938707909,1.7380364328642972,0.4103047919093793,0.6279775003303348,41,8.442675026576316,23.45455117696461,0.1905896931217011,23.64514087008631
0.9381665665709066,-0.18400696808498135,-0.4160808933118396,0.06883100863483232,-0.010769937938707909,1.7380364328642972,0.4103047919093793,0.6279775003303348,41,8.442675028000572,23.454551179769595,0.1905896901232909,23.645140869892888
0.9381665665709066,-0.18400697808498134,-0.4160808833118396,0.06883100863483232,-0.010769937938707909,1.7380364328642972,0.4103047919093793,0.6279775003303348,41,8.442675028000572,23.454551179769595,0.1905896901232909,23.645140869892888
0.962050670879243,-0.1327576275441831,-0.36989098272904997,-0.00791430430850805,-0.011348024331408014,1.5840538247377984,0.6514238471920601,0.7084250715582681,41,8.533352878509271,23.635716113937356,0.11176783391406049,23.74748394785141
0.962050670879243,-0.1327576275441831,-0.36989098272904997,-0.00791429430850805,-0.011348024331408014,1.5840538147377985,0.6514238471920601,0.7084250715582681,41,8.53335288046765,23.635716117967547,0.11176783438609968,23.747483952353647
0.962050670879243,-0.1327576275441831,-0.36989098272904997,-0.00791430430850805,-0.011348024331408014,1.5840538147377985,0.6514238471920601,0.7084250815582681,41,8.53335288088698,23.635716118754644,0.1117678339140604,23.74748395266871
0.962050670879243,-0.1327576275441831,-0.36989098272904997,-0.00791430430850805,-0.011348024331408014,1.5840538147377985,0.6514238471920601,0.7084250715582681,41,8.533352880903571,23.63571611878785,0.11176783454982937,23.747483953337678
0.962050670879243,-0.1327576275441831,-0.36989098272904997,-0.00791430430850805,-0.011348014331408014,1.5840538147377985,0.6514238471920601,0.7084250715582681,41,8.533352880944625,23.635716118846265,0.11176783438609968,23.747483953232365
0.9620506808792431,-0.1327576275441831,-0.36989098272904997,-0.00791430430850805,-0.011348024331408014,1.5840538147377985,0.6514238471920601,0.7084250715582681,41,8.533352881962688,23.635716120937573,0.11176783325955235,23.747483954197136
0.962050670879243,-0.1327576275441831,-0.36989098272904997,-0.00791430430850805,-0.011348024331408014,1.5840538147377985,0.6514238571920602,0.7084250715582681,41,8.533352882203152,23.635716121367466,0.11176783391406049,23.747483955281524
0.962050670879243,-0.1327576275441831,-0.36989097272904997,-0.00791430430850805,-0.011348024331408014,1.5840538147377985,0.6514238471920601,0.7084250715582681,41,8.533352883577413,23.635716124127644,0.11176783027731632,23.747483954404956
0.962050670879243,-0.1327576175441831,-0.36989098272904997,-0.00791430430850805,-0.011348024331408014,1.5840538147377985,0.6514238471920601,0.7084250715582681,41,8.533352883577413,23.635716124127644,0.11176783027731632,23.747483954404956
0.8975336351493027,-0.2711951480511939,-0.49466167008501005,0.19939429028437017,-0.009786466067746975,2.0,0.00010001,0.49111573643332085,41,8.551551665663188,23.69753165269155,0.4324116744442582,24.12994332713581
0.8975336351493027,-0.2711951480511939,-0.49466166008501006,0.19939429028437017,-0.009786466067746975,2.0,0.0001,0.49111573643332085,41,8.551551673752389,23.697531670272276,0.43241167370069694,24.129943343972975
0.8975336351493027,-0.2711951380511939,-0.49466167008501005,0.19939429028437017,-0.009786466067746975,2.0,0.0001,0.49111573643332085,41,8.551551673752389,23.697531670272276,0.43241167370069694,24.129943343972975
0.8975336351493027,-0.2711951480511939,-0.49466167008501005,0.19939429028437017,-0.009786456067746975,2.0,0.0001,0.49111573643332085,41,8.551551676953054,23.69753167742856,0.4324116784324433,24.129943355861002
0.8975336351493027,-0.2711951480511939,-0.49466167008501005,0.19939429028437017,-0.009786466067746975,2.0,0.0001,0.49111573643332085,41,8.551551678783643,23.697531681475773,0.4324116802104799,24.12994336168625
0.8975336351493027,-0.2711951480511939,-0.49466167008501005,0.19939429028437017,-0.009786466067746975,2.0,0.0001,0.49111574643332084,41,8.551551679107142,23.69753168208933,0.4324116744442582,24.129943356533577
0.8975336351493027,-0.2711951480511939,-0.49466167008501005,0.19939430028437016,-0.009786466067746975,2.0,0.0001,0.49111573643332085,41,8.551551679040022,23.697531682293597,0.4324116819885163,24.12994336428211
0.8975336451493028,-0.2711951480511939,-0.49466167008501005,0.19939429028437017,-0.009786466067746975,2.0,0.0001,0.49111573643332085,41,8.551551679400925,23.697531682836868,0.4324116767266235,24.129943359563494
0.8975336351493027,-0.2711951480511939,-0.49466167008501005,0.19939429028437017,-0.009786466067746975,1.99999999,0.0001,0.49111573643332085,41,8.551551680106286,23.697531684372915,0.4324116859767016,24.129943370349615
0.4930855818092823,0.9523377195000648,-0.8437656871974468,-0.19663802906870842,-0.8854316398501396,1.7864846570170507,0.36309771645432587,1.4285315011660586,41,8.64536534711305,23.858427884533448,2.4948910977988525,26.353318982332308
-0.051413548178970814,0.6273480802774429,-0.46860477328300476,-0.8178184181451797,-0.17589497938752174,1.2018111933657862,1.5651559872723877,1.5411150619740295,41,8.647213922967058,23.86178948336331,3.7790573478883656,27.640846831251682
0.6488050669431686,-0.06980512663722038,-0.6880462020635605,-0.04091854393482208,0.09242551401257515,1.2228041557763318,1.7993172031810887,1.5459886554622768,41,8.682646010341243,23.935029388491213,1.854740865727828,25.789770254219043
0.6488050669431686,-0.06980512663722038,-0.6880462020635605,-0.04091854393482208,0.09242551401257515,1.222804145776332,1.7993172031810887,1.5459886654622768,41,8.682646013729123,23.935029395369433,1.854740865727828,25.789770261097267
0.6488050669431686,-0.06980512663722038,-0.6880462020635605,-0.04091854393482208,0.09242551401257515,1.222804145776332,1.7993172031810887,1.5459886554622768,41,8.682646013743751,23.935029395396224,1.8547408479559135,25.789770243352137
0.6488050669431686,-0.06980512663722038,-0.6880462020635605,-0.04091854393482208,0.09242551401257515,1.222804145776332,1.7993172031810887,1.5459886554622768,41,8.682646013743751,23.935029395396224,1.8547408479559135,25.789770243352137
0.6488050669431686,-0.06980512663722038,-0.6880462020635605,-0.04091854393482208,0.09242552401257514,1.222804145776332,1.7993172031810887,1.5459886554622768,41,8.682646013805481,23.935029395507282,1.854740849089338,25.789770244596617
0.6488050669431686,-0.06980512663722038,-0.6880462020635605,-0.04091853393482208,0.09242551401257515,1.222804145776332,1.7993172031810887,1.5459886554622768,41,8.682646013975052,23.935029395882218,1.854740846822489,25.789770242704698
0.6488050669431686,-0.06980512663722038,-0.6880462020635605,-0.04091854393482208,0.09242551401257515,1.222804145776332,1.7993172131810886,1.5459886554622768,41,8.68264601454828,23.935029397006694,1.854740865727828,25.789770262734514
0.6488050669431686,-0.06980512663722038,-0.6880461920635604,-0.04091854393482208,0.09242551401257515,1.222804145776332,1.7993172031810887,1.5459886554622768,41,8.682646014633859,23.935029397179065,1.854740841514177,25.789770238693233
0.6488050669431686,-0.06980511663722039,-0.6880462020635605,-0.04091854393482208,0.09242551401257515,1.222804145776332,1.7993172031810887,1.5459886554622768,41,8.682646014633859,23.935029397179065,1.854740841514177,25.789770238693233
0.6488050769431687,-0.06980512663722038,-0.6880462020635605,-0.04091854393482208,0.09242551401257515,1.222804145776332,1.7993172031810887,1.5459886554622768,41,8.68264601547939,23.935029398922204,1.8547408360152862,25.78977023493749
-0.051413548178970814,0.6273480802774429,-0.46860477328300476,-0.8178184181451797,-0.17589497938752174,1.2018111933657862,0.6244285419935989,1.5411150619740295,41,8.688895867040427,23.94535118542483,2.8859172376440516,26.831268423068874
0.8181722290288003,-0.08928612438701825,-0.4862102398674576,-0.01895214144500808,0.03381315156658206,1.0778651646833262,1.068631702518845,0.94512648637044,41,8.725074778654484,24.023653183487756,0.20290295309384804,24.226556136581607
0.8181722290288003,-0.08928612438701825,-0.4862102398674576,-0.01895214144500808,0.03381315156658206,1.0778651546833262,1.068631702518845,0.9451264963704401,41,8.725074783580604,24.023653193573328,0.20290295309384804,24.226556146667182
0.8181722290288003,-0.08928612438701825,-0.4862102398674576,-0.01895214144500808,0.03381315156658206,1.0778651546833262,1.068631702518845,0.94512648637044,41,8.725074783605598,24.02365319361949,0.20290295205545006,24.22655614567494
0.8181722290288003,-0.08928612438701825,-0.4862102398674576,-0.01895214144500808,0.03381316156658206,1.0778651546833262,1.068631702518845,0.94512648637044,41,8.725074783641258,24.0236531936398,0.20290295250395507,24.226556146143754
0.8181722290288003,-0.08928612438701825,-0.4862102398674576,-0.01895213144500808,0.03381315156658206,1.0778651546833262,1.068631702518845,0.94512648637044,41,8.725074783732374,24.023653193954818,0.20290295160694505,24.22655614556176
0.8181722290288003,-0.08928612438701825,-0.4862102398674576,-0.01895214144500808,0.03381315156658206,1.0778651546833262,1.068631712518845,0.94512648637044,41,8.725074784903686,24.02365319621141,0.20290295309384804,24.22655614930526
0.8181722290288003,-0.08928612438701825,-0.4862102298674576,-0.01895214144500808,0.03381315156658206,1.0778651546833262,1.068631702518845,0.94512648637044,41,8.72507478558751,24.023653197586984,0.202902947163731,24.226556144750717
0.8181722290288003,-0.08928611438701825,-0.4862102398674576,-0.01895214144500808,0.03381315156658206,1.0778651546833262,1.068631702518845,0.94512648637044,41,8.72507478558751,24.023653197586984,0.202902947163731,24.226556144750713
0.8181722390288003,-0.08928612438701825,-0.4862102398674576,-0.01895214144500808,0.03381315156658206,1.0778651546833262,1.068631702518845,0.94512648637044,41,8.725074785845218,24.023653198217062,0.20290294587330598,24.226556144090367
-0.6770572364330292,-0.1019197404384613,0.830244243144989,-0.5226280987262726,-0.0555744469165802,1.3945945940681768,0.8276807669567128,1.744367293245442,41,8.7731631741698,24.11500901404869,5.822158215527278,29.937167229575966
-0.8568242915987858,-0.331464006037689,0.8471242345116377,0.19075590981488166,-0.7899900893814975,0.17258392582207305,0.3048992690817813,0.8980111155001218,41,8.818107984580065,24.208413205524828,8.355844421087717,32.56425762661254
0.7542947465218544,0.07013605233100872,-0.548105023872161,-0.02147117378607162,0.05504462037824682,0.8963910192053884,1.2588798893394384,1.0816445446016238,41,8.852725688371052,24.283748937824768,0.29936981186437445,24.58311874968914
0.7542947465218544,0.07013605233100872,-0.548105023872161,-0.02147117378607162,0.05504462037824682,0.8963910092053884,1.2588798893394384,1.0816445546016238,41,8.852725695112976,24.283748951743213,0.29936981186437445,24.583118763607583
0.7542947465218544,0.07013605233100872,-0.548105023872161,-0.02147117378607162,0.05504462037824682,0.8963910092053884,1.2588798893394384,1.0816445446016238,41,8.852725695132868,24.283748951776573,0.2993698091793327,24.583118760955912
0.7542947465218544,0.07013605233100872,-0.548105023872161,-0.02147117378607162,0.05504463037824682,0.8963910092053884,1.2588798893394384,1.0816445446016238,41,8.852725695190431,24.283748951831118,0.29936980982971695,24.583118761660835
0.7542947465218544,0.07013605233100872,-0.548105023872161,-0.02147116378607162,0.05504462037824682,0.8963910092053884,1.2588798893394384,1.0816445446016238,41,8.852725695430252,24.28374895246515,0.29936980852894846,24.583118760994097
0.7542947465218544,0.07013605233100872,-0.548105023872161,-0.02147117378607162,0.05504462037824682,0.8963910092053884,1.2588798993394383,1.0816445446016238,41,8.852725696091293,24.28374895370216,0.29936981186437445,24.58311876556653
0.7542947465218544,0.07013605233100872,-0.5481050138721609,-0.02147117378607162,0.05504462037824682,0.8963910092053884,1.2588798893394384,1.0816445446016238,41,8.852725696849415,24.283748955227907,0.2993698039242836,24.583118759152185
0.7542947465218544,0.07013606233100872,-0.548105023872161,-0.02147117378607162,0.05504462037824682,0.8963910092053884,1.2588798893394384,1.0816445446016238,41,8.852725696849415,24.283748955227907,0.29936981443438193,24.583118769662285
0.7542947565218544,0.07013605233100872,-0.548105023872161,-0.02147117378607162,0.05504462037824682,0.8963910092053884,1.2588798893394384,1.0816445446016238,41,8.852725698180837,24.283748958089028,0.2993698008253542,24.583118758914384
-0.051413548178970814,0.6273480802774429,-0.46860477328300476,-0.8178184181451797,-0.17589497938752174,1.2018111933657862,1.5651559872723877,0.35477653466189496,41,8.923799328030665,24.4195284718255,2.8178446958623926,27.237373167687895
0.4543530195951462,-0.43055032193660736,-0.882498249411583,0.8106924593448639,-0.26831968128681183,0.5027959033615761,0.5428720120109491,1.0136996587854243,41,8.891632983323696,24.4220115394438,2.2350772978236213,26.65708883726742
-0.7124699428455259,0.4026267247368529,-0.04932120146029373,-0.3561305004634059,0.5648573584757899,0.07998355135148578,0.12005966063350434,1.1889767008625756,41,9.017832920383416,24.620012621039248,6.903288276932123,31.52330089797137
-0.051413548178970814,-0.973971962928772,-0.041807979345321655,0.6053196787834167,0.12029515951871872,0.11666419992716627,0.6244285419935989,1.5411150619740295,41,9.032857043675302,24.649483872615946,2.833549416474537,27.483033289090486
-0.051413548178970814,0.6273480802774429,-0.46860477328300476,-0.8178184181451797,-0.17589497938752174,0.11666419992716627,0.6244285419935989,1.5411150619740295,41,9.379513821940856,25.38311462684039,3.101407021787925,28.484521648628313
-0.051413548178970814,0.6273480802774429,-0.46860477328300476,-0.8178184181451797,0.12029515951871872,0.11666419992716627,0.6244285419935989,1.5411150619740295,41,9.382941703350394,25.39129492610864,3.055758098256509,28.447053024365147
-0.051413548178970814,0.6273480802774429,-0.46860477328300476,0.6053196787834167,0.12029515951871872,0.11666419992716627,0.6244285419935989,1.5411150619740295,41,9.450781907721986,25.53711773445045,2.90550351706743,28.442621251517885
0.9757476150989532,-0.08917438983917236,0.842989593744278,-0.5098827481269836,-0.4027695953845978,0.7709399428236785,0.5228856208938533,1.1207126420009437,41,9.48027827472341,25.5907180544623,0.9185258901204442,26.50924394458275
-0.051413548178970814,0.6273480802774429,-0.041807979345321655,0.6053196787834167,0.12029515951871872,0.11666419992716627,0.6244285419935989,1.5411150619740295,41,9.650964600127011,25.983966777765307,2.585332816401026,28.56929959416634
0.45089054107666016,-0.973971962928772,-0.041807979345321655,0.6053196787834167,0.12029515951871872,0.11666419992716627,0.6244285419935989,1.5411150619740295,41,9.75542814656242,26.211740851841878,1.4668356890686796,27.67857654091055
0.5436548292636871,-0.5212671682238579,-0.793196439743042,-0.1460687816143036,-0.8348623886704445,0.08305390846492179,1.3672928300862481,0.43282660795499606,41,10.250004551873637,27.38396206851421,2.204098122266335,29.588060190780553
1.0,0.3960853109480255,-0.22215576706452606,0.023825399594055677,-0.03202249350763149,0.13611358941248414,0.0001,0.0001,41,11.008796290275999,29.33481720562739,4.810833185495772,34.14565039112317
0.99999999,0.3960853109480255,-0.22215576706452606,0.023825399594055677,-0.03202249350763149,0.13611357941248414,0.0001,0.0001,41,11.008796331045348,29.33481731515731,4.810833217950885,34.145650533108196
1.0,0.3960853109480255,-0.22215576706452606,0.02382540959405568,-0.03202249350763149,0.13611357941248414,0.0001,0.0001,41,11.00879634408744,29.334817350554793,4.810833218425589,34.14565056898038
1.0,0.3960853109480255,-0.22215576706452606,0.023825399594055677,-0.03202249350763149,0.13611357941248414,0.00010001,0.0001,41,11.008796346791428,29.334817355694597,4.810833185495772,34.14565054119038
1.0,0.3960853109480255,-0.22215576706452606,0.023825399594055677,-0.03202248350763149,0.13611357941248414,0.0001,0.0001,41,11.008796346380063,29.33481735716611,4.810833217476176,34.145650574642296
1.0,0.3960853109480255,-0.22215576706452606,0.023825399594055677,-0.03202249350763149,0.13611357941248414,0.0001,0.0001,41,11.008796347490648,29.33481735971208,4.810833217950885,34.14565057766296
1.0,0.3960853109480255,-0.22215576706452606,0.023825399594055677,-0.03202249350763149,0.13611357941248414,0.0001,0.00010001,41,11.008796347806342,29.33481736057623,4.810833185495772,34.145650546072005
1.0,0.3960853109480255,-0.22215575706452606,0.023825399594055677,-0.03202249350763149,0.13611357941248414,0.0001,0.0001,41,11.008796354548839,29.334817383521823,4.810833212695836,34.145650596217656
1.0,0.3960853209480255,-0.22215576706452606,0.023825399594055677,-0.03202249350763149,0.13611357941248414,0.0001,0.0001,41,11.008796354548839,29.334817383521827,4.8108332232059325,34.145650606727756
