Vᵢᵢ,Ʌᵢᵢ,Vᵢⱼ,Ʌᵢⱼ,Ƹᵢⱼ,Ʒᵢⱼ,γ1,γ2,γ3,n_data,raw_ssr_sum,raw_neglogprob_sum,param_penalty_sum,loss_final_sum
0.5135432837368488,-0.6115981982908782,-0.6365910705879997,-0.2539152381479817,0.2339011186499723,0.31283276759408774,1.5610267489122047,0.5863041830081821,1.06453502638309,41,7.1088534292372,20.54274147249805,2.3602814585153817,22.90302293101343
0.5135432837368488,-0.6115981982908782,-0.6365910705879997,-0.2539152381479817,0.2339011186499723,0.31283277759408773,1.5610267489122047,0.586304173008182,1.06453502638309,41,7.108853427048267,20.542741473254814,2.3602814607614726,22.903022934016285
0.5135432837368488,-0.6115981982908782,-0.6365910705879997,-0.2539152381479817,0.23390112864997228,0.31283276759408774,1.5610267489122047,0.586304173008182,1.06453502638309,41,7.108853432416788,20.542741474193885,2.3602814607614726,22.90302293495536
0.5135432837368488,-0.6115981982908782,-0.6365910705879997,-0.2539152381479817,0.2339011186499723,0.31283276759408774,1.5610267489122047,0.586304173008182,1.0645350363830899,41,7.108853429884222,20.542741475407183,2.3602814585153817,22.90302293392256
0.5135432837368488,-0.6115981982908782,-0.6365910705879997,-0.2539152381479817,0.2339011186499723,0.31283276759408774,1.5610267589122047,0.586304173008182,1.06453502638309,41,7.108853431198448,20.54274147553435,2.3602814585153817,22.903022934049734
0.5135432837368488,-0.6115981982908782,-0.6365910705879997,-0.2539152381479817,0.2339011186499723,0.31283276759408774,1.5610267489122047,0.586304173008182,1.06453502638309,41,7.108853430761344,20.54274147653353,2.3602814561142345,22.903022932647765
0.5135432837368488,-0.6115981982908782,-0.6365910705879997,-0.25391522814798173,0.2339011186499723,0.31283276759408774,1.5610267489122047,0.586304173008182,1.06453502638309,41,7.108853433645582,20.542741482761105,2.3602814485449315,22.903022931306037
0.5135432837368488,-0.6115981982908782,-0.6365910605879996,-0.2539152381479817,0.2339011186499723,0.31283276759408774,1.5610267489122047,0.586304173008182,1.06453502638309,41,7.108853434488133,20.542741486714473,2.3602814485449315,22.903022935259408
0.5135432837368488,-0.6115981882908782,-0.6365910705879997,-0.2539152381479817,0.2339011186499723,0.31283276759408774,1.5610267489122047,0.586304173008182,1.06453502638309,41,7.108853439482865,20.542741492440143,2.360281438280767,22.903022930720915
0.5135432937368488,-0.6115981982908782,-0.6365910705879997,-0.2539152381479817,0.2339011186499723,0.31283276759408774,1.5610267489122047,0.586304173008182,1.06453502638309,41,7.108853441608992,20.542741493445764,2.360281438280767,22.903022931726532
0.5485877819427,-0.5855185544359933,-0.7104658347901337,-0.22240529648513763,0.20700997423120407,0.3236643776768561,1.5555475514765258,0.63636803137567,1.0597729878894215,41,7.138241294993537,20.5770416147264,2.2888007953535126,22.86584241007991
0.5485877819427,-0.5855185544359933,-0.7104658347901337,-0.22240529648513763,0.20700997423120407,0.3236643676768561,1.5555475514765258,0.63636804137567,1.0597729878894215,41,7.138241298799691,20.577041617005467,2.2888007936952515,22.86584241070072
0.5485877819427,-0.5855185544359933,-0.7104658347901337,-0.22240529648513763,0.20700997423120407,0.3236643676768561,1.5555475514765258,0.63636803137567,1.0597729978894215,41,7.138241298933947,20.577041619079594,2.2888007936952515,22.865842412774846
0.5485877819427,-0.5855185544359933,-0.7104658347901337,-0.22240529648513763,0.20700998423120406,0.3236643676768561,1.5555475514765258,0.63636803137567,1.0597729878894215,41,7.138241302839681,20.577041620362518,2.2888007953535126,22.865842415716028
0.5485877819427,-0.5855185544359933,-0.7104658347901337,-0.22240529648513763,0.20700997423120407,0.3236643676768561,1.5555475614765257,0.63636803137567,1.0597729878894215,41,7.1382413011966905,20.577041620587675,2.2888007936952515,22.86584241428293
0.5485877819427,-0.5855185544359933,-0.7104658347901337,-0.22240529648513763,0.20700997423120407,0.3236643676768561,1.5555475514765258,0.63636803137567,1.0597729878894215,41,7.138241300169927,20.577041620792833,2.288800790842781,22.865842411635615
0.5485877819427,-0.5855185544359933,-0.7104658347901337,-0.22240528648513763,0.20700997423120407,0.3236643676768561,1.5555475514765258,0.63636803137567,1.0597729878894215,41,7.138241303007375,20.57704162702785,2.2888007829133765,22.86584240994123
0.5485877819427,-0.5855185544359933,-0.7104658247901336,-0.22240529648513763,0.20700997423120407,0.3236643676768561,1.5555475514765258,0.63636803137567,1.0597729878894215,41,7.138241303371544,20.577041629931607,2.2888007829133765,22.86584241284499
0.5485877819427,-0.5855185444359933,-0.7104658347901337,-0.22240529648513763,0.20700997423120407,0.3236643676768561,1.5555475514765258,0.63636803137567,1.0597729878894215,41,7.138241309691622,20.577041638430988,2.2888007735288696,22.865842411959864
0.5485877919427,-0.5855185544359933,-0.7104658347901337,-0.22240529648513763,0.20700997423120407,0.3236643676768561,1.5555475514765258,0.63636803137567,1.0597729878894215,41,7.138241312154842,20.57704163946223,2.2888007735288696,22.8658424129911
0.42643191849955986,-0.6040179846494851,-0.5245423202518933,-0.2997382143268514,0.20093255860359252,0.22839190691970987,1.516253038241555,0.5017124011195245,1.0128546220757388,41,7.115706007916806,20.62106580638078,2.3829348262184697,23.004000632599247
0.42643191849955986,-0.6040179846494851,-0.5245423202518933,-0.2997382143268514,0.20093254860359253,0.22839191691970986,1.516253038241555,0.5017124011195245,1.0128546220757388,41,7.115706005466021,20.621065808681678,2.3829348262184697,23.004000634900144
0.42643191849955986,-0.6040179846494851,-0.5245423202518933,-0.2997382143268514,0.20093254860359253,0.22839190691970987,1.516253048241555,0.5017124011195245,1.0128546220757388,41,7.115706007843549,20.621065809447085,2.3829348229185054,23.004000632365592
0.42643191849955986,-0.6040179846494851,-0.5245423202518933,-0.2997382143268514,0.20093254860359253,0.22839190691970987,1.516253038241555,0.5017124111195246,1.0128546220757388,41,7.11570600771163,20.621065810131185,2.3829348229185054,23.004000633049692
0.42643191849955986,-0.6040179846494851,-0.5245423202518933,-0.2997382143268514,0.20093254860359253,0.22839190691970987,1.516253038241555,0.5017124011195245,1.0128546320757388,41,7.115706007709305,20.62106581090192,2.3829348229185054,23.004000633820436
0.42643191849955986,-0.6040179846494851,-0.5245423202518933,-0.2997382143268514,0.20093254860359253,0.22839190691970987,1.516253038241555,0.5017124011195245,1.0128546220757388,41,7.115706009002691,20.621065813244268,2.3829348225692115,23.004000635813476
0.42643191849955986,-0.6040179846494851,-0.5245423202518933,-0.2997382043268514,0.20093254860359253,0.22839190691970987,1.516253038241555,0.5017124011195245,1.0128546220757388,41,7.115706011266875,20.621065817793117,2.382934815562827,23.004000633355947
0.42643191849955986,-0.6040179846494851,-0.5245423102518932,-0.2997382143268514,0.20093254860359253,0.22839190691970987,1.516253038241555,0.5017124011195245,1.0128546220757388,41,7.115706012887949,20.621065822957572,2.382934815562827,23.0040006385204
0.42643192849955985,-0.6040179846494851,-0.5245423202518933,-0.2997382143268514,0.20093254860359253,0.22839190691970987,1.516253038241555,0.5017124011195245,1.0128546220757388,41,7.11570601640851,20.62106582386945,2.3829348040597305,23.004000627929184
0.42643191849955986,-0.604017974649485,-0.5245423202518933,-0.2997382143268514,0.20093254860359253,0.22839190691970987,1.516253038241555,0.5017124011195245,1.0128546220757388,41,7.115706016762722,20.621065827493055,2.3829348040597296,23.004000631552785
1.0,-0.6587181910946383,-0.9454469223123791,-0.2730115838609203,0.003426063377239972,0.6268173245093229,0.8866451369470594,1.0994265017090636,1.0042830680956374,41,7.142547242366917,20.64285105911641,1.9691601240543997,22.612011183170807
1.0,-0.6587181910946383,-0.9454469223123791,-0.2730115838609203,0.003426073377239972,0.6268173245093229,0.8866451269470593,1.0994265017090636,1.0042830680956374,41,7.142547243895503,20.6428510607382,1.9691601295207817,22.61201119025898
1.0,-0.6587181910946383,-0.9454469223123791,-0.2730115838609203,0.003426063377239972,0.6268173245093229,0.8866451269470593,1.0994265117090636,1.0042830680956374,41,7.142547243377166,20.642851062911223,1.9691601240543997,22.612011186965624
0.99999999,-0.6587181910946383,-0.9454469223123791,-0.2730115838609203,0.003426063377239972,0.6268173245093229,0.8866451269470593,1.0994265017090636,1.0042830680956374,41,7.142547242758875,20.642851063637195,1.9691601382628179,22.612011201900014
1.0,-0.6587181910946383,-0.9454469223123791,-0.2730115838609203,0.003426063377239972,0.6268173245093229,0.8866451269470593,1.0994265017090636,1.0042830780956373,41,7.14254724391105,20.64285106416424,1.9691601240543997,22.61201118821864
1.0,-0.6587181910946383,-0.9454469223123791,-0.2730115838609203,0.003426063377239972,0.626817334509323,0.8866451269470593,1.0994265017090636,1.0042830680956374,41,7.142547244453522,20.642851064992776,1.9691601295207817,22.612011194513556
1.0,-0.6587181910946383,-0.9454469223123791,-0.2730115838609203,0.003426063377239972,0.6268173245093229,0.8866451269470593,1.0994265017090636,1.0042830680956374,41,7.1425472447389495,20.642851065477384,1.969160124163713,22.6120111896411
1.0,-0.6587181910946383,-0.9454469123123791,-0.2730115838609203,0.003426063377239972,0.6268173245093229,0.8866451269470593,1.0994265017090636,1.0042830680956374,41,7.142547246515992,20.642851070447016,1.9691601138068158,22.612011184253824
1.0,-0.6587181810946382,-0.9454469223123791,-0.2730115838609203,0.003426063377239972,0.6268173245093229,0.8866451269470593,1.0994265017090636,1.0042830680956374,41,7.142547248526544,20.64285107258318,1.9691601100646088,22.61201118264779
1.0,-0.6587181910946383,-0.9454469223123791,-0.2730115738609203,0.003426063377239972,0.6268173245093229,0.8866451269470593,1.0994265017090636,1.0042830680956374,41,7.142547250378607,20.642851075781717,1.9691601138068158,22.61201118958853
1.0,-0.6496677807697306,-0.9210580401595031,-0.27184279963817864,0.0025802971137940337,0.5927900959245351,0.93819869061048,1.08257027690026,1.0074469331986005,41,7.14738998016864,20.645129677330175,1.912476039127644,22.557605716457818
0.99999999,-0.6496677807697306,-0.9210580401595031,-0.27184279963817864,0.0025802971137940337,0.5927900959245351,0.93819868061048,1.08257027690026,1.0074469331986005,41,7.147389978022921,20.64512967770122,1.9124760528300395,22.55760573053125
1.0,-0.6496677807697306,-0.9210580401595031,-0.27184279963817864,0.0025803071137940337,0.5927900959245351,0.93819868061048,1.08257027690026,1.0074469331986005,41,7.14738998144402,20.645129678296264,1.9124760438685122,22.557605722164784
1.0,-0.6496677807697306,-0.9210580401595031,-0.27184279963817864,0.0025802971137940337,0.5927900959245351,0.93819868061048,1.08257028690026,1.0074469331986005,41,7.147389980146842,20.64512967916562,1.912476039127644,22.557605718293267
1.0,-0.6496677807697306,-0.9210580401595031,-0.27184279963817864,0.0025802971137940337,0.5927900959245351,0.93819868061048,1.08257027690026,1.0074469431986004,41,7.147389979763142,20.64512967930935,1.912476039127644,22.557605718436992
1.0,-0.6496677807697306,-0.9210580401595031,-0.27184279963817864,0.0025802971137940337,0.5927901059245352,0.93819868061048,1.08257027690026,1.0074469331986005,41,7.147389979773817,20.645129679418726,1.9124760438685122,22.557605723287242
1.0,-0.6496677807697306,-0.9210580401595031,-0.27184279963817864,0.0025802971137940337,0.5927900959245351,0.93819868061048,1.08257027690026,1.0074469331986005,41,7.147389981499201,20.645129681990536,1.912476038807864,22.557605720798406
1.0,-0.6496677807697306,-0.921058030159503,-0.27184279963817864,0.0025802971137940337,0.5927900959245351,0.93819868061048,1.08257027690026,1.0074469331986005,41,7.147389983503822,20.64512968765419,1.9124760286682074,22.557605716322392
1.0,-0.6496677707697306,-0.9210580401595031,-0.27184279963817864,0.0025802971137940337,0.5927900959245351,0.93819868061048,1.08257027690026,1.0074469331986005,41,7.147389986223017,20.645129690712857,1.912476024785688,22.557605715498543
1.0,-0.6496677807697306,-0.9210580401595031,-0.27184278963817865,0.0025802971137940337,0.5927900959245351,0.93819868061048,1.08257027690026,1.0074469331986005,41,7.147389986838377,20.64512969200347,1.9124760286682074,22.557605720671678
0.99999999,-0.632549470570858,-0.7664450365946938,-0.34434516967091605,-0.00345047093125642,0.5280400328649749,1.003996258242056,1.144023163575066,1.0538188237289752,41,7.154687973940096,20.66979492438716,1.8002460594080776,22.470040983795236
1.0,-0.632549470570858,-0.7664450365946938,-0.34434516967091605,-0.00345047093125642,0.528040042864975,1.003996258242056,1.144023163575066,1.0538188237289752,41,7.154687975767897,20.66979492659154,1.8002460500490758,22.47004097664061
1.0,-0.632549470570858,-0.7664450365946938,-0.34434516967091605,-0.00345047093125642,0.5280400328649749,1.003996258242056,1.144023163575066,1.0538188337289751,41,7.154687976548182,20.66979492750948,1.8002460478189064,22.470040975328384
1.0,-0.632549470570858,-0.7664450365946938,-0.34434516967091605,-0.00345047093125642,0.5280400328649749,1.003996258242056,1.1440231735750659,1.0538188237289752,41,7.154687977964817,20.66979492851265,1.8002460478189064,22.47004097633156
1.0,-0.632549470570858,-0.7664450365946938,-0.34434516967091605,-0.00345046093125642,0.5280400328649749,1.003996258242056,1.144023163575066,1.0538188237289752,41,7.154687980529116,20.669794929534937,1.8002460410137375,22.470040970548673
1.0,-0.632549470570858,-0.7664450365946938,-0.34434516967091605,-0.00345047093125642,0.5280400328649749,1.003996268242056,1.144023163575066,1.0538188237289752,41,7.154687980191829,20.669794930805185,1.8002460478189064,22.470040978624095
1.0,-0.632549470570858,-0.7664450365946938,-0.34434516967091605,-0.00345047093125642,0.5280400328649749,1.003996258242056,1.144023163575066,1.0538188237289752,41,7.1546879796596725,20.66979493225228,1.8002460455314064,22.470040977783682
1.0,-0.632549470570858,-0.7664450265946937,-0.34434516967091605,-0.00345047093125642,0.5280400328649749,1.003996258242056,1.144023163575066,1.0538188237289752,41,7.154687982896228,20.669794940488924,1.8002460360896897,22.470040976578613
1.0,-0.632549470570858,-0.7664450365946938,-0.34434515967091606,-0.00345047093125642,0.5280400328649749,1.003996258242056,1.144023163575066,1.0538188237289752,41,7.15468798430764,20.66979494121947,1.8002460360896897,22.470040977309168
1.0,-0.6325494605708579,-0.7664450365946938,-0.34434516967091605,-0.00345047093125642,0.5280400328649749,1.003996258242056,1.144023163575066,1.0538188237289752,41,7.154687985593595,20.669794942755487,1.8002460316547362,22.470040974410228
1.0,-0.6446185587014833,-0.9570613023170869,-0.2606063987328919,-0.01938222123973269,0.6304059310995149,0.8738648250947648,1.1070852648068286,0.9941461956097495,41,7.158317762275436,20.67957737969402,1.9594779714392971,22.63905535113332
1.0,-0.6446185587014833,-0.9570613023170869,-0.2606063987328919,-0.01938221123973269,0.6304059310995149,0.8738648150947648,1.1070852648068286,0.9941461956097495,41,7.158317763433521,20.67957738063355,1.95947796619834,22.639055346831885
1.0,-0.6446185587014833,-0.9570613023170869,-0.2606063987328919,-0.01938222123973269,0.6304059310995149,0.8738648150947648,1.1070852748068285,0.9941461956097495,41,7.158317763588835,20.679577383974735,1.9594779714392971,22.63905535541403
1.0,-0.6446185587014833,-0.9570613023170869,-0.2606063987328919,-0.01938222123973269,0.6304059310995149,0.8738648150947648,1.1070852648068286,0.9941462056097495,41,7.158317764036297,20.679577385034907,1.9594779714392971,22.639055356474206
0.99999999,-0.6446185587014833,-0.9570613023170869,-0.2606063987328919,-0.01938222123973269,0.6304059310995149,0.8738648150947648,1.1070852648068286,0.9941461956097495,41,7.158317763238156,20.679577385108786,1.9594779857007962,22.63905537080958
1.0,-0.6446185587014833,-0.9570613023170869,-0.2606063987328919,-0.01938222123973269,0.630405941099515,0.8738648150947648,1.1070852648068286,0.9941461956097495,41,7.158317764698192,20.67957738606642,1.9594779772447384,22.63905536331116
1.0,-0.6446185587014833,-0.9570613023170869,-0.2606063987328919,-0.01938222123973269,0.6304059310995149,0.8738648150947648,1.1070852648068286,0.9941461956097495,41,7.158317764852381,20.67957738637944,1.9594779717215396,22.63905535810098
1.0,-0.6446185587014833,-0.9570612923170868,-0.2606063987328919,-0.01938222123973269,0.6304059310995149,0.8738648150947648,1.1070852648068286,0.9941461956097495,41,7.158317766581132,20.679577391293456,1.9594779613713638,22.63905535266482
1.0,-0.6446185487014833,-0.9570613023170869,-0.2606063987328919,-0.01938222123973269,0.6304059310995149,0.8738648150947648,1.1070852648068286,0.9941461956097495,41,7.158317768424485,20.679577393179397,1.9594779577422816,22.639055350921673
1.0,-0.6446185587014833,-0.9570613023170869,-0.2606063887328919,-0.01938222123973269,0.6304059310995149,0.8738648150947648,1.1070852648068286,0.9941461956097495,41,7.158317770696932,20.679577397133215,1.9594779613713638,22.63905535850458
0.635913763652447,-0.5301393691454068,-0.9032078400941292,-0.11669645782301748,0.10535423901501427,0.3704197951202148,1.5121429527894463,0.7684613837085774,1.0434550387187445,41,7.204029600440045,20.68040032877546,2.1227371545905815,22.803137483366033
0.635913763652447,-0.5301393691454068,-0.9032078400941292,-0.11669645782301748,0.10535423901501427,0.3704197851202148,1.5121429527894463,0.7684613837085774,1.0434550487187444,41,7.2040296044157435,20.680400334098785,2.122737154219175,22.80313748831795
0.635913763652447,-0.5301393691454068,-0.9032078400941292,-0.11669645782301748,0.10535423901501427,0.3704197851202148,1.5121429527894463,0.7684613937085775,1.0434550387187445,41,7.204029605664556,20.6804003343992,2.122737154219175,22.803137488618376
0.635913763652447,-0.5301393691454068,-0.9032078400941292,-0.11669645782301748,0.10535423901501427,0.3704197851202148,1.5121429527894463,0.7684613837085774,1.0434550387187445,41,7.204029606544358,20.680400337281228,2.122737150546502,22.803137487827726
0.635913763652447,-0.5301393691454068,-0.9032078400941292,-0.11669645782301748,0.10535424901501426,0.3704197851202148,1.5121429527894463,0.7684613837085774,1.0434550387187445,41,7.204029609239858,20.68040033739869,2.1227371545905815,22.80313749198927
0.635913763652447,-0.5301393691454068,-0.9032078400941292,-0.11669645782301748,0.10535423901501427,0.3704197851202148,1.5121429627894463,0.7684613837085774,1.0434550387187445,41,7.204029608481474,20.68040033830871,2.122737154219175,22.803137492527885
0.635913763652447,-0.5301393691454068,-0.9032078300941292,-0.11669645782301748,0.10535423901501427,0.3704197851202148,1.5121429527894463,0.7684613837085774,1.0434550387187445,41,7.204029608916562,20.680400344674805,2.122737141877315,22.803137486552117
0.635913763652447,-0.5301393691454068,-0.9032078400941292,-0.11669644782301748,0.10535423901501427,0.3704197851202148,1.5121429527894463,0.7684613837085774,1.0434550387187445,41,7.204029610304233,20.680400345362912,2.122737141877315,22.803137487240228
0.6359137736524471,-0.5301393691454068,-0.9032078400941292,-0.11669645782301748,0.10535423901501427,0.3704197851202148,1.5121429527894463,0.7684613837085774,1.0434550387187445,41,7.204029618597437,20.68040035600371,2.1227371344455843,22.80313749044929
0.635913763652447,-0.5301393591454068,-0.9032078400941292,-0.11669645782301748,0.10535423901501427,0.3704197851202148,1.5121429527894463,0.7684613837085774,1.0434550387187445,41,7.204029616363773,20.680400356277588,2.1227371344455843,22.803137490723174
0.9554275530339422,-0.6236012860655786,-0.982054057111842,-0.20789861566240905,-0.0013341326752227866,0.5956745445368008,0.9802313610036046,1.0252109604080295,1.0056024262258518,41,7.171003674185711,20.682436521680174,1.936033514921652,22.618470036601828
0.9554275530339422,-0.6236012860655786,-0.982054057111842,-0.20789861566240905,-0.0013341426752227865,0.5956745445368008,0.9802313710036047,1.0252109604080295,1.0056024262258518,41,7.171003673449315,20.682436521742833,1.9360335201214,22.61847004186423
0.9554275530339422,-0.6236012860655786,-0.982054057111842,-0.20789861566240905,-0.0013341426752227865,0.5956745445368008,0.9802313610036046,1.0252109704080294,1.0056024262258518,41,7.1710036733941775,20.682436523080206,1.9360335201214,22.618470043201608
0.9554275530339422,-0.6236012860655786,-0.982054057111842,-0.20789861566240905,-0.0013341426752227865,0.5956745445368008,0.9802313610036046,1.0252109604080295,1.0056024362258518,41,7.171003674306133,20.682436525905214,1.9360335201214,22.618470046026612
0.9554275530339422,-0.6236012860655786,-0.982054057111842,-0.20789861566240905,-0.0013341426752227865,0.5956745445368008,0.9802313610036046,1.0252109604080295,1.0056024262258518,41,7.171003674962615,20.6824365266441,1.9360335199962257,22.618470046640326
0.9554275530339422,-0.6236012860655786,-0.982054057111842,-0.20789861566240905,-0.0013341426752227865,0.5956745545368008,0.9802313610036046,1.0252109604080295,1.0056024262258518,41,7.171003674656015,20.682436526855373,1.9360335250708,22.61847005192617
0.9554275630339423,-0.6236012860655786,-0.982054057111842,-0.20789861566240905,-0.0013341426752227865,0.5956745445368008,0.9802313610036046,1.0252109604080295,1.0056024262258518,41,7.171003678141443,20.68243653067276,1.936033505816749,22.618470036489512
0.9554275530339422,-0.6236012860655786,-0.982054047111842,-0.20789861566240905,-0.0013341426752227865,0.5956745445368008,0.9802313610036046,1.0252109604080295,1.0056024262258518,41,7.171003677341257,20.682436533426902,1.9360335098816275,22.61847004330853
0.9554275530339422,-0.6236012760655786,-0.982054057111842,-0.20789861566240905,-0.0013341426752227865,0.5956745445368008,0.9802313610036046,1.0252109604080295,1.0056024262258518,41,7.171003679632184,20.68243653571849,1.936033505816749,22.618470041535243
0.9554275530339422,-0.6236012860655786,-0.982054057111842,-0.20789860566240906,-0.0013341426752227865,0.5956745445368008,0.9802313610036046,1.0252109604080295,1.0056024262258518,41,7.171003681188888,20.6824365386933,1.9360335098816284,22.618470048574924
1.0,-0.6607205976523525,-0.9647972657895207,-0.2777742777395804,-0.024908324632431464,0.6544129161578666,0.8247615366779093,1.139153048222608,0.9936584348091084,41,7.154937071300567,20.682597944015825,2.0254881018607294,22.708086045876552
1.0,-0.6607205976523525,-0.9647972657895207,-0.2777742777395804,-0.024908314632431462,0.6544129161578666,0.8247615266779093,1.139153048222608,0.9936584348091084,41,7.154937072565627,20.682597945309364,2.0254880965673383,22.708086041876705
1.0,-0.6607205976523525,-0.9647972657895207,-0.2777742777395804,-0.024908324632431464,0.6544129161578666,0.8247615266779093,1.139153058222608,0.9936584348091084,41,7.1549370736962,20.682597950525604,2.0254881018607294,22.708086052386342
1.0,-0.6607205976523525,-0.9647972657895207,-0.2777742777395804,-0.024908324632431464,0.6544129161578666,0.8247615266779093,1.139153048222608,0.9936584448091085,41,7.154937074443198,20.68259795138492,2.0254881018607294,22.708086053245655
1.0,-0.6607205976523525,-0.9647972657895207,-0.2777742777395804,-0.024908324632431464,0.6544129161578666,0.8247615266779093,1.139153048222608,0.9936584348091084,41,7.154937074750706,20.682597952100963,2.025488102341569,22.70808605444252
1.0,-0.6607205976523525,-0.9647972657895207,-0.2777742777395804,-0.024908324632431464,0.6544129261578666,0.8247615266779093,1.139153048222608,0.9936584348091084,41,7.154937075426259,20.68259795271707,2.0254881081157996,22.708086060832873
0.99999999,-0.6607205976523525,-0.9647972657895207,-0.2777742777395804,-0.024908324632431464,0.6544129161578666,0.8247615266779093,1.139153048222608,0.9936584348091084,41,7.154937074461824,20.682597953111937,2.0254881164576934,22.708086069569628
1.0,-0.6607205976523525,-0.9647972557895207,-0.2777742777395804,-0.024908324632431464,0.6544129161578666,0.8247615266779093,1.139153048222608,0.9936584348091084,41,7.154937076043095,20.682597955743066,2.0254880917797102,22.70808604752278
1.0,-0.6607205876523524,-0.9647972657895207,-0.2777742777395804,-0.024908324632431464,0.6544129161578666,0.8247615266779093,1.139153048222608,0.9936584348091084,41,7.1549370773952266,20.682597957113657,2.025488088225444,22.7080860453391
1.0,-0.6607205976523525,-0.9647972657895207,-0.2777742677395804,-0.024908324632431464,0.6544129161578666,0.8247615266779093,1.139153048222608,0.9936584348091084,41,7.1549370805261,20.682597962275928,2.0254880917797102,22.708086054055638
0.9358974908099166,-0.614392264118206,-0.9930049940586757,-0.18480393827480993,0.0065738939506745616,0.5804564852453055,1.026837401316721,0.9893365499078607,1.0106221393449375,41,7.1799083820877,20.69062306381348,1.9338097656957693,22.624432829509253
0.9358974908099166,-0.614392264118206,-0.9930049940586757,-0.18480393827480993,0.006573883950674562,0.5804564852453055,1.026837411316721,0.9893365499078607,1.0106221393449375,41,7.179908381509746,20.69062306428064,1.9338097610096994,22.624432825290338
0.9358974908099166,-0.614392264118206,-0.9930049940586757,-0.18480393827480993,0.006573883950674562,0.5804564852453055,1.026837401316721,0.9893365599078607,1.0106221393449375,41,7.17990838091816,20.690623064432934,1.9338097610096994,22.624432825442632
0.9358974908099166,-0.614392264118206,-0.9930049940586757,-0.18480393827480993,0.006573883950674562,0.5804564852453055,1.026837401316721,0.9893365499078607,1.0106221493449374,41,7.179908381915884,20.69062306782446,1.9338097610096994,22.624432828834156
0.9358974908099166,-0.614392264118206,-0.9930049940586757,-0.18480393827480993,0.006573883950674562,0.5804564852453055,1.026837401316721,0.9893365499078607,1.0106221393449375,41,7.179908382560449,20.690623068382582,1.9338097607060105,22.624432829088594
0.9358974908099166,-0.614392264118206,-0.9930049940586757,-0.18480393827480993,0.006573883950674562,0.5804564952453055,1.026837401316721,0.9893365499078607,1.0106221393449375,41,7.179908382097783,20.690623068706635,1.9338097656957693,22.624432834402402
0.9358975008099166,-0.614392264118206,-0.9930049940586757,-0.18480393827480993,0.006573883950674562,0.5804564852453055,1.026837401316721,0.9893365499078607,1.0106221393449375,41,7.179908386493839,20.690623073750515,1.9338097464388049,22.62443282018932
0.9358974908099166,-0.614392264118206,-0.9930049840586757,-0.18480393827480993,0.006573883950674562,0.5804564852453055,1.026837401316721,0.9893365499078607,1.0106221393449375,41,7.1799083851497185,20.690623075836452,1.9338097506946343,22.624432826531084
0.9358974908099166,-0.614392254118206,-0.9930049940586757,-0.18480393827480993,0.006573883950674562,0.5804564852453055,1.026837401316721,0.9893365499078607,1.0106221393449375,41,7.179908387730588,20.690623078491353,1.9338097464388055,22.624432824930153
0.9358974908099166,-0.614392264118206,-0.9930049940586757,-0.18480392827480993,0.006573883950674562,0.5804564852453055,1.026837401316721,0.9893365499078607,1.0106221393449375,41,7.1799083888688635,20.690623080842062,1.9338097506946343,22.624432831536698
0.9282817187497714,-0.6088881733645009,-0.9963562455392594,-0.17375849055889508,0.010314173817222662,0.5716700067231968,1.0508452571643008,0.9715374291490939,1.0126375317012248,41,7.186750848685022,20.69921050553858,1.9269276272431186,22.626138132781698
0.9282817187497714,-0.6088881733645009,-0.9963562455392594,-0.17375849055889508,0.010314163817222662,0.5716700067231968,1.0508452571643008,0.971537439149094,1.0126375317012248,41,7.186750847264863,20.699210505660915,1.9269276226931498,22.626138128354068
0.9282817187497714,-0.6088881733645009,-0.9963562455392594,-0.17375849055889508,0.010314163817222662,0.5716700067231968,1.0508452671643007,0.9715374291490939,1.0126375317012248,41,7.186750848181125,20.699210506209408,1.9269276226931498,22.626138128902557
0.9282817187497714,-0.6088881733645009,-0.9963562455392594,-0.17375849055889508,0.010314163817222662,0.5716700067231968,1.0508452571643008,0.9715374291490939,1.0126375417012248,41,7.186750848212037,20.69921050920131,1.9269276226931498,22.626138131894457
0.9282817187497714,-0.6088881733645009,-0.9963562455392594,-0.17375849055889508,0.010314163817222662,0.5716700067231968,1.0508452571643008,0.9715374291490939,1.0126375317012248,41,7.18675084893338,20.699210509796508,1.9269276222962535,22.62613813209276
0.9282817187497714,-0.6088881733645009,-0.9963562455392594,-0.17375849055889508,0.010314163817222662,0.5716700167231968,1.0508452571643008,0.9715374291490939,1.0126375317012248,41,7.186750848260468,20.699210509982237,1.9269276272431186,22.62613813722536
0.9282817287497714,-0.6088881733645009,-0.9963562455392594,-0.17375849055889508,0.010314163817222662,0.5716700067231968,1.0508452571643008,0.9715374291490939,1.0126375317012248,41,7.186750853372523,20.699210516056606,1.926927608011099,22.626138124067705
0.9282817187497714,-0.6088881733645009,-0.9963562355392593,-0.17375849055889508,0.010314163817222662,0.5716700067231968,1.0508452571643008,0.9715374291490939,1.0126375317012248,41,7.186750851622546,20.699210517591325,1.926927612350278,22.62613812994161
0.9282817187497714,-0.6088881633645008,-0.9963562455392594,-0.17375849055889508,0.010314163817222662,0.5716700067231968,1.0508452571643008,0.9715374291490939,1.0126375317012248,41,7.186750854425751,20.699210520552395,1.926927608011099,22.6261381285635
0.9282817187497714,-0.6088881733645009,-0.9963562455392594,-0.1737584805588951,0.010314163817222662,0.5716700067231968,1.0508452571643008,0.9715374291490939,1.0126375317012248,41,7.1867508552474355,20.699210522418177,1.926927612350278,22.626138134768457
0.99999999,-0.598890590797183,-0.6920720882792177,-0.38038395495154,-0.0009574182755285256,0.5236976786611087,0.9762866065436948,1.2118847439649432,1.086340509781732,41,7.162657949099934,20.702561647760756,1.734999502522616,22.437561150283372
1.0,-0.598890590797183,-0.6920720882792177,-0.38038395495154,-0.0009574182755285256,0.5236976886611088,0.9762866065436948,1.2118847439649432,1.086340509781732,41,7.162657950856127,20.702561649967752,1.734999493391614,22.437561143359368
1.0,-0.598890590797183,-0.6920720882792177,-0.38038395495154,-0.0009574182755285256,0.5236976786611087,0.9762866065436948,1.2118847439649432,1.086340519781732,41,7.16265795152622,20.70256165064628,1.7349994920431797,22.437561142689457
1.0,-0.598890590797183,-0.6920720882792177,-0.38038395495154,-0.0009574182755285256,0.5236976786611087,0.9762866065436948,1.211884753964943,1.086340509781732,41,7.162657952678499,20.702561651096453,1.7349994920431797,22.43756114313963
1.0,-0.598890590797183,-0.6920720882792177,-0.38038395495154,-0.0009574082755285255,0.5236976786611087,0.9762866065436948,1.2118847439649432,1.086340509781732,41,7.162657955802566,20.702561653183896,1.7349994844724774,22.437561137656367
1.0,-0.598890590797183,-0.6920720882792177,-0.38038395495154,-0.0009574182755285256,0.5236976786611087,0.9762866165436949,1.2118847439649432,1.086340509781732,41,7.1626579551315235,20.7025616538527,1.7349994920431797,22.43756114589588
1.0,-0.598890590797183,-0.6920720882792177,-0.38038395495154,-0.0009574182755285256,0.5236976786611087,0.9762866065436948,1.2118847439649432,1.086340509781732,41,7.162657954674953,20.7025616553924,1.734999488932045,22.437561144324448
1.0,-0.598890590797183,-0.6920720882792177,-0.38038394495154,-0.0009574182755285256,0.5236976786611087,0.9762866065436948,1.2118847439649432,1.086340509781732,41,7.16265795932609,20.70256166448889,1.7349994798161692,22.43756114430505
1.0,-0.598890590797183,-0.6920720782792177,-0.38038395495154,-0.0009574182755285256,0.5236976786611087,0.9762866065436948,1.2118847439649432,1.086340509781732,41,7.162657958622302,20.702561664952988,1.734999479816169,22.437561144769163
1.0,-0.5988905807971829,-0.6920720882792177,-0.38038395495154,-0.0009574182755285256,0.5236976786611087,0.9762866065436948,1.2118847439649432,1.086340509781732,41,7.1626579607959515,20.70256166633909,1.7349994753414753,22.437561141680565
0.7141219421987367,-0.5114817193555196,-0.9948914359583997,-0.06553412184311272,0.041113802180749635,0.424291419529056,1.4108775200026233,0.8240734710127666,1.0304924721094204,41,7.245183557359975,20.772978496244008,1.9828602497097134,22.75583874595372
0.7141219421987367,-0.5114817193555196,-0.9948914359583997,-0.06553412184311272,0.041113802180749635,0.42429140952905603,1.4108775200026233,0.8240734810127667,1.0304924721094204,41,7.245183561179403,20.7729784992123,1.9828602487621283,22.75583874797442
0.7141219421987367,-0.5114817193555196,-0.9948914359583997,-0.06553412184311272,0.041113802180749635,0.42429140952905603,1.4108775200026233,0.8240734710127666,1.0304924821094203,41,7.245183559935542,20.772978499304106,1.9828602487621283,22.755838748066232
0.7141219421987367,-0.5114817193555196,-0.9948914359583997,-0.06553412184311272,0.04111381218074964,0.42429140952905603,1.4108775200026233,0.8240734710127666,1.0304924721094204,41,7.245183563665991,20.77297850074112,1.9828602497097134,22.755838750450838
0.7141219421987367,-0.5114817193555196,-0.9948914359583997,-0.06553412184311272,0.041113802180749635,0.42429140952905603,1.4108775200026233,0.8240734710127666,1.0304924721094204,41,7.245183562045861,20.77297850225633,1.9828602457537696,22.7558387480101
0.7141219421987367,-0.5114817193555196,-0.9948914359583997,-0.06553412184311272,0.041113802180749635,0.42429140952905603,1.4108775300026233,0.8240734710127666,1.0304924721094204,41,7.245183563750798,20.772978502888968,1.9828602487621283,22.755838751651098
0.7141219421987367,-0.5114817193555196,-0.9948914259583996,-0.06553412184311272,0.041113802180749635,0.42429140952905603,1.4108775200026233,0.8240734710127666,1.0304924721094204,41,7.245183564530054,20.772978510080826,1.9828602367401527,22.75583874682098
0.7141219421987367,-0.5114817193555196,-0.9948914359583997,-0.06553411184311272,0.041113802180749635,0.42429140952905603,1.4108775200026233,0.8240734710127666,1.0304924721094204,41,7.245183567127759,20.772978513111035,1.9828602367401527,22.755838749851186
0.7141219521987368,-0.5114817193555196,-0.9948914359583997,-0.06553412184311272,0.041113802180749635,0.42429140952905603,1.4108775200026233,0.8240734710127666,1.0304924721094204,41,7.245183572235453,20.772978518143695,1.9828602304762115,22.755838748619905
0.7141219421987367,-0.5114817093555195,-0.9948914359583997,-0.06553412184311272,0.041113802180749635,0.42429140952905603,1.4108775200026233,0.8240734710127666,1.0304924721094204,41,7.245183571191638,20.77297852042991,1.9828602304762115,22.755838750906122
0.99999999,-0.454335199670458,-0.6196135256625899,-0.4221358885179861,0.006701968535733396,0.5547767140917481,0.8689993453364515,1.3776501761759894,1.163156669232513,41,7.195842413206398,20.80257405268218,1.5892928296594029,22.39186688234158
1.0,-0.454335199670458,-0.6196135256625899,-0.4221358885179861,0.006701968535733396,0.5547767140917481,0.8689993453364515,1.3776501861759893,1.163156669232513,41,7.195842415107506,20.802574053659328,1.5892928219420235,22.39186687560135
1.0,-0.454335199670458,-0.6196135256625899,-0.4221358885179861,0.006701968535733396,0.5547767240917482,0.8689993453364515,1.3776501761759894,1.163156669232513,41,7.19584241471886,20.802574054157017,1.5892928220701223,22.39186687622714
1.0,-0.454335199670458,-0.6196135256625899,-0.4221358885179861,0.006701968535733396,0.5547767140917481,0.8689993453364515,1.3776501761759894,1.163156679232513,41,7.1958424149496665,20.802574054428426,1.5892928219420235,22.391866876370454
1.0,-0.454335199670458,-0.6196135256625899,-0.4221358885179861,0.006701968535733396,0.5547767140917481,0.8689993553364516,1.3776501761759894,1.163156669232513,41,7.195842417251724,20.802574055663346,1.5892928219420235,22.391866877605366
1.0,-0.454335199670458,-0.6196135256625899,-0.4221358885179861,0.006701968535733396,0.5547767140917481,0.8689993453364515,1.3776501761759894,1.163156669232513,41,7.195842417549344,20.8025740583619,1.5892928172975531,22.391866875659453
1.0,-0.454335199670458,-0.6196135256625899,-0.4221358885179861,0.006701978535733396,0.5547767140917481,0.8689993453364515,1.3776501761759894,1.163156669232513,41,7.195842419996887,20.80257405952432,1.5892928220701223,22.39186688159444
1.0,-0.454335199670458,-0.6196135256625899,-0.4221358785179861,0.006701968535733396,0.5547767140917481,0.8689993453364515,1.3776501761759894,1.163156669232513,41,7.195842422573511,20.80257406818598,1.5892928084426834,22.39186687662867
1.0,-0.454335199670458,-0.6196135156625898,-0.4221358885179861,0.006701968535733396,0.5547767140917481,0.8689993453364515,1.3776501761759894,1.163156669232513,41,7.195842422266893,20.80257406865378,1.5892928084426834,22.39186687709646
1.0,-0.454335189670458,-0.6196135256625899,-0.4221358885179861,0.006701968535733396,0.5547767140917481,0.8689993453364515,1.3776501761759894,1.163156669232513,41,7.1958424239834855,20.80257407059526,1.5892928049357045,22.39186687553096
0.8140291713595021,-0.5634935783327673,-0.9283378063524403,-0.11457558828983432,0.024813049604410622,0.4969116986604918,1.22705707587541,0.8585328333001198,1.0280547397997217,41,7.236972258058498,20.80860345298204,1.8860271387037013,22.69463059168574
0.8140291713595021,-0.5634935783327673,-0.9283378063524403,-0.11457558828983432,0.024813059604410624,0.4969116986604918,1.22705707587541,0.8585328233001197,1.0280547397997217,41,7.236972259529703,20.80860345322783,1.8860271418503887,22.694630595078216
0.8140291713595021,-0.5634935783327673,-0.9283378063524403,-0.11457558828983432,0.024813049604410622,0.4969116986604918,1.22705708587541,0.8585328233001197,1.0280547397997217,41,7.236972260792795,20.808603458017036,1.8860271387037013,22.694630596720735
0.8140291713595021,-0.5634935783327673,-0.9283378063524403,-0.11457558828983432,0.024813049604410622,0.4969116986604918,1.22705707587541,0.8585328233001197,1.0280547397997217,41,7.236972260318528,20.808603459115293,1.8860271374157287,22.694630596531024
0.8140291713595021,-0.5634935783327673,-0.9283378063524403,-0.11457558828983432,0.024813049604410622,0.4969116986604918,1.22705707587541,0.8585328233001197,1.0280547497997217,41,7.23697225985978,20.80860345963039,1.8860271387037013,22.69463059833409
0.8140291713595021,-0.5634935783327673,-0.9283378063524403,-0.11457558828983432,0.024813049604410622,0.4969117086604918,1.22705707587541,0.8585328233001197,1.0280547397997217,41,7.236972260004807,20.80860346180448,1.8860271418503887,22.694630603654876
0.8140291813595022,-0.5634935783327673,-0.9283378063524403,-0.11457558828983432,0.024813049604410622,0.4969116986604918,1.22705707587541,0.8585328233001197,1.0280547397997217,41,7.236972267105683,20.80860346992339,1.8860271225452807,22.694630592468673
0.8140291713595021,-0.5634935783327673,-0.9283377963524403,-0.11457558828983432,0.024813049604410622,0.4969116986604918,1.22705707587541,0.8585328233001197,1.0280547397997217,41,7.236972264711058,20.808603471332457,1.8860271285509653,22.694630599883414
0.8140291713595021,-0.5634935683327672,-0.9283378063524403,-0.11457558828983432,0.024813049604410622,0.4969116986604918,1.22705707587541,0.8585328233001197,1.0280547397997217,41,7.23697226722067,20.80860347297278,1.8860271225452807,22.694630595518063
0.8140291713595021,-0.5634935783327673,-0.9283378063524403,-0.11457557828983432,0.024813049604410622,0.4969116986604918,1.22705707587541,0.8585328233001197,1.0280547397997217,41,7.236972267029071,20.808603473627365,1.8860271285509653,22.69463060217833
1.0,-0.42992051428039163,-0.6171147345928099,-0.4363219895177672,0.0028178202397778134,0.569596070318032,0.8196657743778785,1.4178791432946531,1.1653393426556498,41,7.19317987822755,20.811057648272783,1.5718541022529458,22.38291175052573
0.99999999,-0.42992051428039163,-0.6171147345928099,-0.4363219895177672,0.0028178202397778134,0.569596060318032,0.8196657743778785,1.4178791432946531,1.1653393426556498,41,7.193179877471229,20.81105764858122,1.571854109541752,22.382911758122972
1.0,-0.42992051428039163,-0.6171147345928099,-0.4363219895177672,0.0028178202397778134,0.569596060318032,0.8196657743778785,1.4178791432946531,1.1653393526556497,41,7.193179878326902,20.811057648612696,1.5718541019534493,22.382911750566144
1.0,-0.42992051428039163,-0.6171147345928099,-0.4363219895177672,0.0028178202397778134,0.569596060318032,0.8196657743778785,1.417879153294653,1.1653393426556498,41,7.193179878777883,20.81105764889049,1.5718541019534493,22.382911750843938
1.0,-0.42992051428039163,-0.6171147345928099,-0.4363219895177672,0.0028178202397778134,0.569596060318032,0.8196657843778785,1.4178791432946531,1.1653393426556498,41,7.193179880138782,20.81105764925292,1.5718541019534493,22.382911751206368
1.0,-0.42992051428039163,-0.6171147345928099,-0.4363219895177672,0.0028178202397778134,0.569596060318032,0.8196657743778785,1.4178791432946531,1.1653393426556498,41,7.193179880982772,20.811057652818754,1.571854097387428,22.382911750206183
1.0,-0.42992051428039163,-0.6171147345928099,-0.4363219895177672,0.0028178302397778134,0.569596060318032,0.8196657743778785,1.4178791432946531,1.1653393426556498,41,7.19317988333883,20.811057654223326,1.5718541022529458,22.38291175647627
1.0,-0.42992051428039163,-0.6171147345928099,-0.4363219795177672,0.0028178202397778134,0.569596060318032,0.8196657743778785,1.4178791432946531,1.1653393426556498,41,7.193179885628619,20.811057661612097,1.5718540884332157,22.382911750045313
1.0,-0.42992051428039163,-0.6171147245928098,-0.4363219895177672,0.0028178202397778134,0.569596060318032,0.8196657743778785,1.4178791432946531,1.1653393426556498,41,7.19317988527382,20.811057661813816,1.5718540884332157,22.38291175024703
1.0,-0.42992050428039164,-0.6171147345928099,-0.4363219895177672,0.0028178202397778134,0.569596060318032,0.8196657743778785,1.4178791432946531,1.1653393426556498,41,7.1931798870351376,20.811057664380805,1.5718540852331035,22.382911749613907
1.0,-0.3891982531549501,-0.6163981388192676,-0.44017308134432453,-0.005879869204080653,0.5831646586080911,0.7583092117675202,1.4442189163743027,1.1651793044751244,41,7.211273564337955,20.86147341870521,1.5187231889443462,22.38019660764956
1.0,-0.3891982531549501,-0.6163981388192676,-0.44017308134432453,-0.005879869204080653,0.5831646586080911,0.7583092017675201,1.4442189163743027,1.1651793144751244,41,7.21127356323718,20.861473419005254,1.518723188944346,22.380196607949603
1.0,-0.3891982531549501,-0.6163981388192676,-0.44017308134432453,-0.005879869204080653,0.5831646686080911,0.7583092017675201,1.4442189163743027,1.1651793044751244,41,7.211273563421751,20.8614734190089,1.5187231897838742,22.38019660879277
1.0,-0.3891982531549501,-0.6163981388192676,-0.44017308134432453,-0.005879869204080653,0.5831646586080911,0.7583092017675201,1.4442189263743026,1.1651793044751244,41,7.211273563468329,20.861473419155608,1.518723188944346,22.380196608099954
0.99999999,-0.3891982531549501,-0.6163981388192676,-0.44017308134432453,-0.005879869204080653,0.5831646586080911,0.7583092017675201,1.4442189163743027,1.1651793044751244,41,7.211273562941011,20.8614734199253,1.5187231965851806,22.380196616510478
1.0,-0.3891982531549501,-0.6163981388192676,-0.44017308134432453,-0.005879869204080653,0.5831646586080911,0.7583092017675201,1.4442189163743027,1.1651793044751244,41,7.211273565679634,20.861473422983106,1.5187231847769955,22.3801966077601
1.0,-0.3891982531549501,-0.6163981388192676,-0.44017308134432453,-0.005879859204080653,0.5831646586080911,0.7583092017675201,1.4442189163743027,1.1651793044751244,41,7.211273567677597,20.86147342414298,1.5187231797701168,22.380196603913095
1.0,-0.3891982531549501,-0.6163981288192676,-0.44017308134432453,-0.005879869204080653,0.5831646586080911,0.7583092017675201,1.4442189163743027,1.1651793044751244,41,7.211273569912856,20.86147343165904,1.51872317579614,22.380196607455176
1.0,-0.3891982531549501,-0.6163981388192676,-0.44017307134432454,-0.005879869204080653,0.5831646586080911,0.7583092017675201,1.4442189163743027,1.1651793044751244,41,7.211273570370014,20.861473431840697,1.51872317579614,22.380196607636833
1.0,-0.3891982431549501,-0.6163981388192676,-0.44017308134432453,-0.005879869204080653,0.5831646586080911,0.7583092017675201,1.4442189163743027,1.1651793044751244,41,7.211273571366565,20.861473434041383,1.5187231729688104,22.38019660701019
1.0,-0.38654691167928906,-0.6173790901860898,-0.4361807033176348,-0.003886778600682874,0.5788985432836755,0.7680597335951691,1.4393415538665888,1.16741750045383,41,7.215002202857479,20.86614140102061,1.5127697094482297,22.378911110468835
1.0,-0.38654691167928906,-0.6173790901860898,-0.4361807033176348,-0.003886778600682874,0.5788985332836755,0.7680597335951691,1.4393415538665888,1.16741751045383,41,7.215002202800869,20.866141401198597,1.512769708742501,22.3789111099411
1.0,-0.38654691167928906,-0.6173790901860898,-0.4361807033176348,-0.003886778600682874,0.5788985332836755,0.7680597435951692,1.4393415538665888,1.16741750045383,41,7.2150022041611415,20.8661414012805,1.512769708742501,22.378911110023
1.0,-0.38654691167928906,-0.6173790901860898,-0.4361807033176348,-0.003886778600682874,0.5788985332836755,0.7680597335951691,1.4393415638665887,1.16741750045383,41,7.2150022031138885,20.86614140138762,1.512769708742501,22.378911110130122
0.99999999,-0.38654691167928906,-0.6173790901860898,-0.4361807033176348,-0.003886778600682874,0.5788985332836755,0.7680597335951691,1.4393415538665888,1.16741750045383,41,7.215002202351567,20.86614140181347,1.5127697162802036,22.378911118093676
1.0,-0.38654691167928906,-0.6173790901860898,-0.4361807033176348,-0.003886778600682874,0.5788985332836755,0.7680597335951691,1.4393415538665888,1.16741750045383,41,7.215002205337096,20.866141405296872,1.5127697044945543,22.378911109791428
1.0,-0.38654691167928906,-0.6173790901860898,-0.4361807033176348,-0.003886768600682874,0.5788985332836755,0.7680597335951691,1.4393415538665888,1.16741750045383,41,7.215002207578796,20.86614140686332,1.5127696995408795,22.378911106404196
1.0,-0.38654691167928906,-0.6173790801860898,-0.4361807033176348,-0.003886778600682874,0.5788985332836755,0.7680597335951691,1.4393415538665888,1.16741750045383,41,7.2150022095860615,20.86614141407575,1.5127696955392964,22.378911109615043
1.0,-0.38654691167928906,-0.6173790901860898,-0.4361806933176348,-0.003886778600682874,0.5788985332836755,0.7680597335951691,1.4393415538665888,1.16741750045383,41,7.215002210069578,20.86614141431931,1.5127696955392969,22.37891110985861
1.0,-0.38654690167928907,-0.6173790901860898,-0.4361807033176348,-0.003886778600682874,0.5788985332836755,0.7680597335951691,1.4393415538665888,1.16741750045383,41,7.215002211222711,20.866141416752892,1.512769692708906,22.378911109461797
0.787583654690687,-0.5139835857381062,-0.9969387763967976,-0.05524444511846932,-0.009188540382722545,0.4642436272750354,1.308568601990584,0.8640355868359483,1.023042755343331,41,7.27931232589943,20.868918263249576,1.854156526978428,22.723074790228004
0.787583654690687,-0.5139835857381062,-0.9969387763967976,-0.05524444511846932,-0.009188550382722545,0.4642436272750354,1.308568601990584,0.8640355968359483,1.023042755343331,41,7.279312324581359,20.868918263473,1.8541565332199341,22.72307479669293
0.787583654690687,-0.5139835857381062,-0.9969387763967976,-0.05524444511846932,-0.009188550382722545,0.46424363727503537,1.308568601990584,0.8640355868359483,1.023042755343331,41,7.279312323336609,20.868918265954242,1.8541565350267752,22.723074800981017
0.787583654690687,-0.5139835857381062,-0.9969387763967976,-0.05524444511846932,-0.009188550382722545,0.4642436272750354,1.308568601990584,0.8640355868359483,1.023042765343331,41,7.27931232439552,20.868918266138863,1.8541565332199341,22.723074799358795
0.787583654690687,-0.5139835857381062,-0.9969387763967976,-0.05524444511846932,-0.009188550382722545,0.4642436272750354,1.308568601990584,0.8640355868359483,1.023042755343331,41,7.27931232596252,20.86891826782275,1.8541565310026016,22.72307479882535
0.787583654690687,-0.5139835857381062,-0.9969387763967976,-0.05524444511846932,-0.009188550382722545,0.4642436272750354,1.308568611990584,0.8640355868359483,1.023042755343331,41,7.279312327311537,20.868918268045764,1.8541565332199341,22.723074801265703
0.787583654690687,-0.5139835857381062,-0.9969387663967976,-0.05524444511846932,-0.009188550382722545,0.4642436272750354,1.308568601990584,0.8640355868359483,1.023042755343331,41,7.279312329430789,20.86891827803692,1.8541565220590446,22.723074800095965
0.7875836646906871,-0.5139835857381062,-0.9969387763967976,-0.05524444511846932,-0.009188550382722545,0.4642436272750354,1.308568601990584,0.8640355868359483,1.023042755343331,41,7.279312334415452,20.868918281222264,1.854156516328202,22.723074797550463
0.787583654690687,-0.5139835857381062,-0.9969387763967976,-0.05524443511846932,-0.009188550382722545,0.4642436272750354,1.308568601990584,0.8640355868359483,1.023042755343331,41,7.279312332430921,20.868918281750062,1.8541565220590446,22.723074803809105
0.787583654690687,-0.5139835757381062,-0.9969387763967976,-0.05524444511846932,-0.009188550382722545,0.4642436272750354,1.308568601990584,0.8640355868359483,1.023042755343331,41,7.2793123340534365,20.868918284124874,1.854156516328202,22.723074800453073
1.0,-0.385382726087057,-0.6161116165762587,-0.4351852872622777,-0.002113973913038148,0.5756129902088984,0.7706684596051818,1.435878507412721,1.1685169879351274,41,7.218147697679894,20.87112309650637,1.5069832253774784,22.378106321883852
1.0,-0.385382726087057,-0.6161116165762587,-0.4351852872622777,-0.002113973913038148,0.5756129802088984,0.7706684596051818,1.435878507412721,1.1685169979351273,41,7.218147697709296,20.87112309680988,1.506983224717524,22.378106321527405
1.0,-0.385382726087057,-0.6161116165762587,-0.4351852872622777,-0.002113973913038148,0.5756129802088984,0.7706684596051818,1.4358785174127209,1.1685169879351274,41,7.21814769809922,20.87112309706712,1.506983224717524,22.378106321784642
1.0,-0.385382726087057,-0.6161116165762587,-0.4351852872622777,-0.002113973913038148,0.5756129802088984,0.7706684696051819,1.435878507412721,1.1685169879351274,41,7.218147699228226,20.871123097128464,1.5069832247175245,22.378106321845994
0.99999999,-0.385382726087057,-0.6161116165762587,-0.4351852872622777,-0.002113973913038148,0.5756129802088984,0.7706684596051818,1.435878507412721,1.1685169879351274,41,7.218147697198217,20.8711230972903,1.5069832322425525,22.37810632953285
1.0,-0.385382726087057,-0.6161116165762587,-0.4351852872622777,-0.002113973913038148,0.5756129802088984,0.7706684596051818,1.435878507412721,1.1685169879351274,41,7.218147700324288,20.871123101019514,1.5069832204667994,22.378106321486317
1.0,-0.385382726087057,-0.6161116165762587,-0.4351852872622777,-0.002113963913038148,0.5756129802088984,0.7706684596051818,1.435878507412721,1.1685169879351274,41,7.218147702724777,20.87112310285249,1.5069832155561205,22.37810631840862
1.0,-0.385382726087057,-0.6161116065762586,-0.4351852872622777,-0.002113973913038148,0.5756129802088984,0.7706684596051818,1.435878507412721,1.1685169879351274,41,7.218147704590275,20.87112310987419,1.5069832115307757,22.37810632140496
1.0,-0.385382726087057,-0.6161116165762587,-0.4351852772622777,-0.002113973913038148,0.5756129802088984,0.7706684596051818,1.435878507412721,1.1685169879351274,41,7.218147705036594,20.871123110062175,1.5069832115307757,22.37810632159295
1.0,-0.385382716087057,-0.6161116165762587,-0.4351852872622777,-0.002113973913038148,0.5756129802088984,0.7706684596051818,1.435878507412721,1.1685169879351274,41,7.218147706325209,20.871123112700516,1.5069832086910462,22.378106321391556
1.0,-0.385117266489212,-0.6153273279045786,-0.43472700923226265,-0.0007642825388479144,0.5739658736329956,0.7711888868367412,1.4335749435100062,1.1693800186369634,41,7.219859536594233,20.87390234761926,1.5037025009255558,22.37760484854482
1.0,-0.385117266489212,-0.6153273279045786,-0.43472700923226265,-0.0007642825388479144,0.5739658636329955,0.7711888868367412,1.4335749435100062,1.1693800286369633,41,7.219859536658107,20.873902347969874,1.5037025002806468,22.377604848250524
1.0,-0.385117266489212,-0.6153273279045786,-0.43472700923226265,-0.0007642825388479144,0.5739658636329955,0.7711888868367412,1.4335749535100062,1.1693800186369634,41,7.219859537048396,20.87390234819369,1.5037025002806468,22.377604848474338
0.99999999,-0.385117266489212,-0.6153273279045786,-0.43472700923226265,-0.0007642825388479144,0.5739658636329955,0.7711888868367412,1.4335749435100062,1.1693800186369634,41,7.219859536098307,20.873902348348643,1.5037025078138468,22.377604856162492
1.0,-0.385117266489212,-0.6153273279045786,-0.43472700923226265,-0.0007642825388479144,0.5739658636329955,0.7711888968367413,1.4335749435100062,1.1693800186369634,41,7.219859538221756,20.873902348349464,1.5037025002806468,22.37760484863011
1.0,-0.385117266489212,-0.6153273279045786,-0.43472700923226265,-0.0007642825388479144,0.5739658636329955,0.7711888868367412,1.4335749435100062,1.1693800186369634,41,7.219859539286585,20.873902352191944,1.5037024960403498,22.377604848232295
1.0,-0.385117266489212,-0.6153273279045786,-0.43472700923226265,-0.0007642725388479144,0.5739658636329955,0.7711888868367412,1.4335749435100062,1.1693800186369634,41,7.21985954176468,20.873902354159505,1.5037024911551435,22.37760484531465
1.0,-0.385117266489212,-0.6153273179045785,-0.43472700923226265,-0.0007642825388479144,0.5739658636329955,0.7711888868367412,1.4335749435100062,1.1693800186369634,41,7.219859543576867,20.873902361115423,1.5037024871148879,22.377604848230312
1.0,-0.385117266489212,-0.6153273279045786,-0.43472699923226266,-0.0007642825388479144,0.5739658636329955,0.7711888868367412,1.4335749435100062,1.1693800186369634,41,7.2198595440018245,20.87390236127083,1.5037024871148879,22.37760484838572
1.0,-0.385117256489212,-0.6153273279045786,-0.43472700923226265,-0.0007642825388479144,0.5739658636329955,0.7711888868367412,1.4335749435100062,1.1693800186369634,41,7.219859545338121,20.873902363975464,1.503702484266853,22.377604848242317
1.0,-0.3850530438174774,-0.6153233278637569,-0.4345227859497914,-0.00020259171696181296,0.5735077495767199,0.7709691033142662,1.4327231146385324,1.1695429554788803,41,7.2204313596548495,20.87484565640899,1.5025584635042581,22.37740411991325
1.0,-0.3850530438174774,-0.6153233278637569,-0.4345227859497914,-0.00020259171696181296,0.5735077395767199,0.7709691033142662,1.4327231146385324,1.1695429654788803,41,7.220431359732993,20.87484565678231,1.5025584628577189,22.377404119640033
1.0,-0.3850530438174774,-0.6153233278637569,-0.4345227859497914,-0.00020259171696181296,0.5735077395767199,0.7709691033142662,1.4327231246385324,1.1695429554788803,41,7.220431360129631,20.874845657009182,1.5025584628577189,22.377404119866902
0.99999999,-0.3850530438174774,-0.6153233278637569,-0.4345227859497914,-0.00020259171696181296,0.5735077395767199,0.7709691033142662,1.4327231146385324,1.1695429554788803,41,7.220431359162524,20.87484565713736,1.5025584704006707,22.377404127538036
1.0,-0.3850530438174774,-0.6153233278637569,-0.4345227859497914,-0.00020259171696181296,0.5735077395767199,0.7709691133142662,1.4327231146385324,1.1695429554788803,41,7.220431361309433,20.87484565717925,1.5025584628577189,22.37740412003697
1.0,-0.3850530438174774,-0.6153233278637569,-0.4345227859497914,-0.00020259171696181296,0.5735077395767199,0.7709691033142662,1.4327231146385324,1.1695429554788803,41,7.220431362367913,20.874845661012692,1.5025584586277199,22.377404119640417
1.0,-0.3850530438174774,-0.6153233278637569,-0.4345227859497914,-0.00020258171696181296,0.5735077395767199,0.7709691033142662,1.4327231146385324,1.1695429554788803,41,7.220431364875018,20.874845663034623,1.5025584537511827,22.37740411678581
1.0,-0.3850530438174774,-0.6153233178637568,-0.4345227859497914,-0.00020259171696181296,0.5735077395767199,0.7709691033142662,1.4327231146385324,1.1695429554788803,41,7.220431366655993,20.874845669937077,1.5025584497040279,22.377404119641106
1.0,-0.3850530438174774,-0.6153233278637569,-0.4345227759497914,-0.00020259171696181296,0.5735077395767199,0.7709691033142662,1.4327231146385324,1.1695429554788803,41,7.220431367079492,20.87484567009313,1.5025584497040279,22.377404119797163
1.0,-0.3850530338174774,-0.6153233278637569,-0.4345227859497914,-0.00020259171696181296,0.5735077395767199,0.7709691033142662,1.4327231146385324,1.1695429554788803,41,7.220431368433983,20.874845672826552,1.5025584468547695,22.37740411968132
1.0,-0.3850392320299862,-0.6153224676112589,-0.43447886550079623,-8.179396660157811e-05,0.5734092249912581,0.7709218364655893,1.4325399195294857,1.169577996827586,41,7.220554644769866,20.875049154548908,1.5023126687942343,22.377361823343143
1.0,-0.3850392320299862,-0.6153224676112589,-0.43447886550079623,-8.179396660157811e-05,0.5734092149912581,0.7709218364655893,1.4325399195294857,1.1695780068275858,41,7.220554644851088,20.875049154927133,1.502312668147345,22.377361823074477
1.0,-0.3850392320299862,-0.6153224676112589,-0.43447886550079623,-8.179396660157811e-05,0.5734092149912581,0.7709218364655893,1.4325399295294856,1.169577996827586,41,7.220554645249088,20.875049155154667,1.502312668147345,22.377361823302014
0.99999999,-0.3850392320299862,-0.6153224676112589,-0.43447886550079623,-8.179396660157811e-05,0.5734092149912581,0.7709218364655893,1.4325399195294857,1.169577996827586,41,7.220554644278321,20.87504915527708,1.5023126756923944,22.377361830969473
1.0,-0.3850392320299862,-0.6153224676112589,-0.43447886550079623,-8.179396660157811e-05,0.5734092149912581,0.7709218464655894,1.4325399195294857,1.169577996827586,41,7.220554646430275,20.8750491553278,1.5023126681473453,22.377361823475145
1.0,-0.3850392320299862,-0.6153224676112589,-0.43447886550079623,-8.179396660157811e-05,0.5734092149912581,0.7709218364655893,1.4325399195294857,1.169577996827586,41,7.220554647487392,20.875049159159296,1.5023126639195608,22.377361823078864
1.0,-0.3850392320299862,-0.6153224676112589,-0.43447886550079623,-8.178396660157812e-05,0.5734092149912581,0.7709218364655893,1.4325399195294857,1.169577996827586,41,7.220554650000733,20.875049161192933,1.5023126590448872,22.377361820237816
1.0,-0.3850392320299862,-0.6153224576112588,-0.43447886550079623,-8.179396660157811e-05,0.5734092149912581,0.7709218364655893,1.4325399195294857,1.169577996827586,41,7.220554651774994,20.87504916808387,1.5023126549962498,22.37736182308012
1.0,-0.3850392320299862,-0.6153224676112589,-0.43447885550079623,-8.179396660157811e-05,0.5734092149912581,0.7709218364655893,1.4325399195294857,1.169577996827586,41,7.220554652198177,20.87504916824006,1.5023126549962498,22.377361823236313
1.0,-0.3850392220299862,-0.6153224676112589,-0.43447886550079623,-8.179396660157811e-05,0.5734092149912581,0.7709218364655893,1.4325399195294857,1.169577996827586,41,7.220554653556584,20.87504917097968,1.5023126521467274,22.377361823126407
1.0,-0.38503340115640106,-0.6153221044414976,-0.4344603237598337,-3.079720661213132e-05,0.5733676312146947,0.7709018819868823,1.4324625806967721,1.1695927901101124,41,7.220606724378382,20.875135131526463,1.5022089283361182,22.377344059862583
1.0,-0.38503340115640106,-0.6153221044414976,-0.4344603237598337,-3.079720661213132e-05,0.5733676212146946,0.7709018819868823,1.4324625806967721,1.1695928001101124,41,7.220606724460906,20.875135131906756,1.5022089276890807,22.377344059595842
1.0,-0.38503340115640106,-0.6153221044414976,-0.4344603237598337,-3.079720661213132e-05,0.5733676212146946,0.7709018819868823,1.432462590696772,1.1695927901101124,41,7.220606724859481,20.875135132134563,1.5022089276890807,22.377344059823653
0.99999999,-0.38503340115640106,-0.6153221044414976,-0.4344603237598337,-3.079720661213132e-05,0.5733676212146946,0.7709018819868823,1.4324625806967721,1.1695927901101124,41,7.220606723887168,20.87513513225455,1.5022089352350152,22.377344067489563
1.0,-0.38503340115640106,-0.6153221044414976,-0.4344603237598337,-3.079720661213132e-05,0.5733676212146946,0.7709018919868823,1.4324625806967721,1.1695927901101124,41,7.220606726041251,20.875135132308998,1.5022089276890807,22.37734405999808
1.0,-0.38503340115640106,-0.6153221044414976,-0.4344603237598337,-3.079720661213132e-05,0.5733676212146946,0.7709018819868823,1.4324625806967721,1.1695927901101124,41,7.220606727097792,20.87513513613968,1.5022089234622316,22.377344059601914
1.0,-0.38503340115640106,-0.6153221044414976,-0.4344603237598337,-3.0787206612131316e-05,0.5733676212146946,0.7709018819868823,1.4324625806967721,1.1695927901101124,41,7.220606729613767,20.875135138178244,1.502208918588345,22.37734405676659
1.0,-0.38503340115640106,-0.6153220944414975,-0.4344603237598337,-3.079720661213132e-05,0.5733676212146946,0.7709018819868823,1.4324625806967721,1.1695927901101124,41,7.220606731385193,20.875135145064327,1.5022089145390811,22.377344059603402
1.0,-0.38503340115640106,-0.6153221044414976,-0.4344603137598337,-3.079720661213132e-05,0.5733676212146946,0.7709018819868823,1.4324625806967721,1.1695927901101124,41,7.220606731808244,20.87513514522058,1.5022089145390811,22.37734405975966
1.0,-0.38503339115640106,-0.6153221044414976,-0.4344603237598337,-3.079720661213132e-05,0.5733676212146946,0.7709018819868823,1.4324625806967721,1.1695927901101124,41,7.220606733168304,20.875135147962812,1.5022089116894477,22.37734405965226
1.0,-0.38503074138677024,-0.6153219387805742,-0.4344518658917637,-7.5348889658614394e-06,0.5733486580947802,0.7708927796944572,1.4324273023674556,1.1695995381081663,41,7.220630487101353,20.875174363359196,1.502161611922479,22.377335975281678
1.0,-0.38503074138677024,-0.6153219387805742,-0.4344518658917637,-7.5348889658614394e-06,0.5733486480947801,0.7708927796944572,1.4324273023674556,1.1695995481081662,41,7.220630487184469,20.87517436374043,1.5021616112753735,22.377335975015804
1.0,-0.38503074138677024,-0.6153219387805742,-0.4344518658917637,-7.5348889658614394e-06,0.5733486480947801,0.7708927796944572,1.4324273123674556,1.1695995381081663,41,7.220630487583308,20.87517436396837,1.5021616112753735,22.377335975243742
0.99999999,-0.38503074138677024,-0.6153219387805742,-0.4344518658917637,-7.5348889658614394e-06,0.5733486480947801,0.7708927796944572,1.4324273023674556,1.1695995381081663,41,7.220630486610288,20.875174364087243,1.502161618821712,22.377335982908953
1.0,-0.38503074138677024,-0.6153219387805742,-0.4344518658917637,-7.5348889658614394e-06,0.5733486480947801,0.7708927896944573,1.4324273023674556,1.1695995381081663,41,7.220630488765343,20.87517436414339,1.5021616112753735,22.37733597541876
1.0,-0.38503074138677024,-0.6153219387805742,-0.4344518658917637,-7.5348889658614394e-06,0.5733486480947801,0.7708927796944572,1.4324273023674556,1.1695995381081663,41,7.2206304898216205,20.8751743679737,1.502161607048951,22.377335975022646
1.0,-0.38503074138677024,-0.6153219387805742,-0.4344518658917637,-7.5248889658614395e-06,0.5733486480947801,0.7708927796944572,1.4324273023674556,1.1695995381081663,41,7.220630492338798,20.875174370014516,1.5021616021754236,22.377335972189933
1.0,-0.38503074138677024,-0.6153219287805741,-0.4344518658917637,-7.5348889658614394e-06,0.5733486480947801,0.7708927796944572,1.4324273023674556,1.1695995381081663,41,7.220630494108932,20.875174376898375,1.502161598125874,22.377335975024252
1.0,-0.38503074138677024,-0.6153219387805742,-0.4344518558917637,-7.5348889658614394e-06,0.5733486480947801,0.7708927796944572,1.4324273023674556,1.1695995381081663,41,7.220630494531921,20.87517437705466,1.502161598125874,22.37733597518053
1.0,-0.38503073138677024,-0.6153219387805742,-0.4344518658917637,-7.5348889658614394e-06,0.5733486480947801,0.7708927796944572,1.4324273023674556,1.1695995381081663,41,7.220630495892733,20.875174379798086,1.5021615952761895,22.37733597507427
1.0,-0.3850294907922092,-0.6153218608886217,-0.4344478890947949,3.4027981129498668e-06,0.5733397371415163,0.7708884998962119,1.4324107148832423,1.1696027109429734,41,7.220641661472623,20.875192812593518,1.5021426819965007,22.37733549459002
1.0,-0.3850294907922092,-0.6153218608886217,-0.4344478890947949,3.4027981129498668e-06,0.5733397271415163,0.7708884998962119,1.4324107148832423,1.1696027209429734,41,7.220641661556019,20.875192812975204,1.5021426813493057,22.377335494324512
1.0,-0.3850294907922092,-0.6153218608886217,-0.4344478890947949,3.4027981129498668e-06,0.5733397271415163,0.7708884998962119,1.4324107248832423,1.1696027109429734,41,7.220641661954979,20.875192813203203,1.5021426813493057,22.377335494552504
0.99999999,-0.3850294907922092,-0.6153218608886217,-0.4344478890947949,3.4027981129498668e-06,0.5733397271415163,0.7708884998962119,1.4324107148832423,1.1696027109429734,41,7.220641660981631,20.875192813321547,1.5021426888958347,22.377335502217377
1.0,-0.3850294907922092,-0.6153218608886217,-0.4344478890947949,3.4027981129498668e-06,0.5733397271415163,0.7708885098962119,1.4324107148832423,1.1696027109429734,41,7.220641663137142,20.875192813378497,1.5021426813493057,22.377335494727802
1.0,-0.3850294907922092,-0.6153218608886217,-0.4344478890947949,3.4027981129498668e-06,0.5733397271415163,0.7708884998962119,1.4324107148832423,1.1696027109429734,41,7.2206416641932964,20.875192817208625,1.502142677123084,22.37733549433171
1.0,-0.3850294907922092,-0.6153218608886217,-0.4344478890947949,3.4127981129498667e-06,0.5733397271415163,0.7708884998962119,1.4324107148832423,1.1696027109429734,41,7.220641666711038,20.875192819250508,1.5021426819965007,22.377335501247007
1.0,-0.3850294907922092,-0.6153218508886217,-0.4344478890947949,3.4027981129498668e-06,0.5733397271415163,0.7708884998962119,1.4324107148832423,1.1696027109429734,41,7.220641668480564,20.875192826133322,1.502142668200041,22.377335494333366
1.0,-0.3850294907922092,-0.6153218608886217,-0.43444787909479493,3.4027981129498668e-06,0.5733397271415163,0.7708884998962119,1.4324107148832423,1.1696027109429734,41,7.220641668903525,20.875192826289613,1.502142668200041,22.377335494489664
1.0,-0.3850294807922092,-0.6153218608886217,-0.4344478890947949,3.4027981129498668e-06,0.5733397271415163,0.7708884998962119,1.4324107148832423,1.1696027109429734,41,7.220641670264693,20.875192829033605,1.5021426653503334,22.377335494383942
1.0,-0.3850192476870468,-0.6153212229077081,-0.4344153167881239,9.298888978377543e-05,0.5732666692862071,0.7708534458308347,1.4322748536293384,1.1696286983265798,41,7.220733219829931,20.875343991437667,1.502047802158204,22.377391793595873
1.0,-0.3850192476870468,-0.6153212229077081,-0.4344153167881239,9.298888978377543e-05,0.573266659286207,0.7708534458308347,1.4322748536293384,1.1696287083265797,41,7.220733219915612,20.87534399182299,1.5020478015092262,22.37739179333221
1.0,-0.3850192476870468,-0.6153212229077081,-0.4344153167881239,9.298888978377543e-05,0.573266659286207,0.7708534458308347,1.4322748636293383,1.1696286983265798,41,7.220733220315583,20.875343992051473,1.5020478015092262,22.377391793560697
0.99999999,-0.3850192476870468,-0.6153212229077081,-0.4344153167881239,9.298888978377543e-05,0.573266659286207,0.7708534458308347,1.4322748536293384,1.1696286983265798,41,7.220733219339519,20.875343992165547,1.5020478090573106,22.377391801222853
1.0,-0.3850192476870468,-0.6153212229077081,-0.4344153167881239,9.298888978377543e-05,0.573266659286207,0.7708534558308348,1.4322748536293384,1.1696286983265798,41,7.220733221498772,20.875343992229045,1.5020478015092262,22.37739179373827
1.0,-0.3850192476870468,-0.6153212229077081,-0.4344153167881239,9.298888978377543e-05,0.573266659286207,0.7708534458308347,1.4322748536293384,1.1696286983265798,41,7.220733222553912,20.875343996057737,1.502047797284647,22.377391793342383
1.0,-0.3850192476870468,-0.6153212229077081,-0.4344153167881239,9.299888978377542e-05,0.573266659286207,0.7708534458308347,1.4322748536293384,1.1696286983265798,41,7.220733225076281,20.875343998108292,1.502047802158204,22.37739180026649
1.0,-0.3850192476870468,-0.615321212907708,-0.4344153167881239,9.298888978377543e-05,0.573266659286207,0.7708534458308347,1.4322748536293384,1.1696286983265798,41,7.220733226840826,20.875344004982566,1.5020477883618861,22.37739179334445
1.0,-0.3850192476870468,-0.6153212229077081,-0.4344153067881239,9.298888978377543e-05,0.573266659286207,0.7708534458308347,1.4322748536293384,1.1696286983265798,41,7.220733227263553,20.875344005138967,1.5020477883618861,22.377391793500852
1.0,-0.3850192376870468,-0.6153212229077081,-0.4344153167881239,9.298888978377543e-05,0.573266659286207,0.7708534458308347,1.4322748536293384,1.1696286983265798,41,7.220733228627626,20.87534400788755,1.5020477855119831,22.377391793399532
1.0,-0.3850133266902196,-0.6153208541247164,-0.4343964884620064,0.00014477386671540653,0.5732244326272451,0.7708331829313928,1.4321963194309144,1.1696437202572776,41,7.220786172251623,20.87543143582529,1.5019929685777618,22.377424404403055
1.0,-0.3850133266902196,-0.6153208541247164,-0.4343964884620064,0.00014477386671540653,0.573224422627245,0.7708331829313928,1.4321963194309144,1.1696437302572775,41,7.2207861723386255,20.87543143621272,1.5019929679277535,22.37742440414047
1.0,-0.3850133266902196,-0.6153208541247164,-0.4343964884620064,0.00014477386671540653,0.573224422627245,0.7708331829313928,1.4321963294309143,1.1696437202572776,41,7.220786172739183,20.87543143644149,1.5019929679277535,22.377424404369236
0.99999999,-0.3850133266902196,-0.6153208541247164,-0.4343964884620064,0.00014477386671540653,0.573224422627245,0.7708331829313928,1.4321963194309144,1.1696437202572776,41,7.220786171761547,20.875431436553086,1.5019929754767365,22.37742441202982
1.0,-0.3850133266902196,-0.6153208541247164,-0.4343964884620064,0.00014477386671540653,0.573224422627245,0.7708331929313929,1.4321963194309144,1.1696437202572776,41,7.2207861739229635,20.87543143662037,1.5019929679277535,22.37742440454812
1.0,-0.3850133266902196,-0.6153208541247164,-0.4343964884620064,0.00014477386671540653,0.573224422627245,0.7708331829313928,1.4321963194309144,1.1696437202572776,41,7.220786174977517,20.875431440448228,1.5019929637041236,22.377424404152347
1.0,-0.3850133266902196,-0.6153208541247164,-0.4343964884620064,0.00014478386671540653,0.573224422627245,0.7708331829313928,1.4321963194309144,1.1696437202572776,41,7.220786177502563,20.875431442503803,1.5019929685777618,22.37742441108157
1.0,-0.3850133266902196,-0.6153208441247163,-0.4343964884620064,0.00014477386671540653,0.573224422627245,0.7708331829313928,1.4321963194309144,1.1696437202572776,41,7.220786179264227,20.875431449373135,1.5019929547815263,22.37742440415466
1.0,-0.3850133266902196,-0.6153208541247164,-0.4343964784620064,0.00014477386671540653,0.573224422627245,0.7708331829313928,1.4321963194309144,1.1696437202572776,41,7.220786179686819,20.875431449529597,1.5019929547815263,22.377424404311125
1.0,-0.3850133166902196,-0.6153208541247164,-0.4343964884620064,0.00014477386671540653,0.573224422627245,0.7708331829313928,1.4321963194309144,1.1696437202572776,41,7.220786181052571,20.875431452280843,1.5019929519315098,22.377424404212356
1.0,-0.3850029852985503,-0.6153202100221322,-0.4343636036116105,0.00023521957115686535,0.5731506636579529,0.7707977925088679,1.4320591545363817,1.1696699569997566,41,7.220878705088622,20.875584261158682,1.5018972183830612,22.377481479541746
1.0,-0.3850029852985503,-0.6153202100221322,-0.4343636036116105,0.00023521957115686535,0.5731506536579528,0.7707977925088679,1.4320591545363817,1.1696699669997566,41,7.220878705177935,20.87558426154979,1.5018972177312528,22.37748147928104
1.0,-0.3850029852985503,-0.6153202100221322,-0.4343636036116105,0.00023521957115686535,0.5731506536579528,0.7707977925088679,1.4320591645363816,1.1696699569997566,41,7.220878705579514,20.875584261779057,1.5018972177312528,22.377481479510305
0.99999999,-0.3850029852985503,-0.6153202100221322,-0.4343636036116105,0.00023521957115686535,0.5731506536579528,0.7707977925088679,1.4320591545363817,1.1696699569997566,41,7.2208787045991345,20.87558426188633,1.5018972252818064,22.377481487168136
1.0,-0.3850029852985503,-0.6153202100221322,-0.4343636036116105,0.00023521957115686535,0.5731506536579528,0.770797802508868,1.4320591545363817,1.1696699569997566,41,7.220878706764329,20.875584261960228,1.5018972177312528,22.37748147969148
1.0,-0.3850029852985503,-0.6153202100221322,-0.4343636036116105,0.00023521957115686535,0.5731506536579528,0.7707977925088679,1.4320591545363817,1.1696699569997566,41,7.22087870781786,20.875584265786635,1.501897213509281,22.377481479295913
1.0,-0.3850029852985503,-0.6153202100221322,-0.4343636036116105,0.00023522957115686534,0.5731506536579528,0.7707977925088679,1.4320591545363817,1.1696699569997566,41,7.220878710347575,20.87558426785097,1.5018972183830612,22.377481486234036
1.0,-0.3850029852985503,-0.6153202000221322,-0.4343636036116105,0.00023521957115686535,0.5731506536579528,0.7707977925088679,1.4320591545363817,1.1696699569997566,41,7.220878712104211,20.87558427471167,1.501897204586969,22.377481479298645
1.0,-0.3850029852985503,-0.6153202100221322,-0.43436359361161053,0.00023521957115686535,0.5731506536579528,0.7707977925088679,1.4320591545363817,1.1696699569997566,41,7.220878712526567,20.875584274868242,1.501897204586969,22.377481479455206
1.0,-0.3850029752985503,-0.6153202100221322,-0.4343636036116105,0.00023521957115686535,0.5731506536579528,0.7707977925088679,1.4320591545363817,1.1696699569997566,41,7.220878713895253,20.87558427762413,1.501897201736756,22.37748147936089
1.0,-0.38498431273993183,-0.615319047021673,-0.4343042262747573,0.0003985295754566694,0.573017465395341,0.7707338910766175,1.4318114877217523,1.1697173304217838,41,7.221045938659299,20.875860521164057,1.5017243952259245,22.377584916389985
1.0,-0.38498431273993183,-0.615319047021673,-0.4343042262747573,0.0003985295754566694,0.573017455395341,0.7707338910766175,1.4318114877217523,1.1697173404217838,41,7.221045938752788,20.875860521561822,1.501724394570866,22.37758491613269
1.0,-0.38498431273993183,-0.615319047021673,-0.4343042262747573,0.0003985295754566694,0.573017455395341,0.7707338910766175,1.4318114977217522,1.1697173304217838,41,7.221045939156209,20.875860521791978,1.501724394570866,22.37758491636284
0.99999999,-0.38498431273993183,-0.615319047021673,-0.4343042262747573,0.0003985295754566694,0.573017455395341,0.7707338910766175,1.4318114877217523,1.1697173304217838,41,7.22104593817088,20.875860521891447,1.501724402124255,22.3775849240157
1.0,-0.38498431273993183,-0.615319047021673,-0.4343042262747573,0.0003985295754566694,0.573017455395341,0.7707339010766175,1.4318114877217523,1.1697173304217838,41,7.2210459403428935,20.87586052197729,1.501724394570866,22.37758491654816
1.0,-0.38498431273993183,-0.615319047021673,-0.4343042262747573,0.0003985295754566694,0.573017455395341,0.7707338910766175,1.4318114877217523,1.1697173304217838,41,7.2210459413945784,20.875860525801063,1.5017243903518886,22.377584916152948
1.0,-0.38498431273993183,-0.615319047021673,-0.4343042262747573,0.0003985395754566694,0.573017455395341,0.7707338910766175,1.4318114877217523,1.1697173304217838,41,7.221045943932728,20.87586052788123,1.5017243952259245,22.377584923107158
1.0,-0.38498431273993183,-0.6153190370216729,-0.4343042262747573,0.0003985295754566694,0.573017455395341,0.7707338910766175,1.4318114877217523,1.1697173304217838,41,7.22104594568028,20.875860534726343,1.5017243814300907,22.37758491615643
1.0,-0.38498431273993183,-0.615319047021673,-0.4343042162747573,0.0003985295754566694,0.573017455395341,0.7707338910766175,1.4318114877217523,1.1697173304217838,41,7.221045946102212,20.8758605348831,1.5017243814300907,22.377584916313193
1.0,-0.38498430273993184,-0.615319047021673,-0.4343042262747573,0.0003985295754566694,0.573017455395341,0.7707338910766175,1.4318114877217523,1.1697173304217838,41,7.221045947476193,20.875860537647384,1.5017243785795218,22.3775849162269
1.0,-0.3849489058211963,-0.6153168417393874,-0.4341916349270124,0.0007081981200358876,0.572764894756449,0.7706127211360106,1.43134186173432,1.169807159937825,41,7.221363594973447,20.876385484351538,1.501396916533489,22.377782400885025
1.0,-0.3849489058211963,-0.6153168417393874,-0.4341916349270124,0.0007081981200358876,0.5727648847564489,0.7706127211360106,1.43134186173432,1.169807169937825,41,7.221363595074865,20.876385484761947,1.5013969158722673,22.37778240063421
1.0,-0.3849489058211963,-0.6153168417393874,-0.4341916349270124,0.0007081981200358876,0.5727648847564489,0.7706127211360106,1.43134187173432,1.169807159937825,41,7.221363595481779,20.876385484993794,1.5013969158722673,22.377782400866057
0.99999999,-0.3849489058211963,-0.6153168417393874,-0.4341916349270124,0.0007081981200358876,0.5727648847564489,0.7706127211360106,1.43134186173432,1.169807159937825,41,7.221363594487055,20.876385485078455,1.5013969234310334,22.377782408509493
1.0,-0.3849489058211963,-0.6153168417393874,-0.4341916349270124,0.0007081981200358876,0.5727648847564489,0.7706127311360107,1.43134186173432,1.169807159937825,41,7.221363596672002,20.87638548518694,1.5013969158722673,22.377782401059203
1.0,-0.3849489058211963,-0.6153168417393874,-0.4341916349270124,0.0007081981200358876,0.5727648847564489,0.7706127211360106,1.43134186173432,1.169807159937825,41,7.221363597720184,20.876385489005735,1.501396911658968,22.3777824006647
1.0,-0.3849489058211963,-0.6153168417393874,-0.4341916349270124,0.0007082081200358877,0.5727648847564489,0.7706127211360106,1.43134186173432,1.169807159937825,41,7.221363600274332,20.87638549111593,1.501396916533489,22.377782407649413
1.0,-0.3849489058211963,-0.6153168317393873,-0.4341916349270124,0.0007081981200358876,0.5727648847564489,0.7706127211360106,1.43134186173432,1.169807159937825,41,7.221363602004655,20.87638549793144,1.5013969027381455,22.377782400669584
1.0,-0.3849489058211963,-0.6153168417393874,-0.4341916249270124,0.0007081981200358876,0.5727648847564489,0.7706127211360106,1.43134186173432,1.169807159937825,41,7.221363602425776,20.876385498088567,1.501396902738146,22.377782400826714
1.0,-0.3849488958211963,-0.6153168417393874,-0.4341916349270124,0.0007081981200358876,0.5727648847564489,0.7706127211360106,1.43134186173432,1.169807159937825,41,7.221363603809807,20.87638550086878,1.5013968998869016,22.377782400755684
1.0,-0.3836552385580363,-0.6142308641696358,-0.4337082299672123,0.0005166186743722936,0.5707376919742492,0.7745394417569955,1.430739833990379,1.1701484725754876,41,7.223016126921507,20.878881588723093,1.4989484986681751,22.377830087391263
1.0,-0.3836552385580363,-0.6142308641696358,-0.4337082299672123,0.0005166186743722936,0.5707376819742491,0.7745394417569955,1.430739833990379,1.1701484825754875,41,7.223016127082649,20.87888158921988,1.4989484980673613,22.37783008728724
0.99999999,-0.3836552385580363,-0.6142308641696358,-0.4337082299672123,0.0005166186743722936,0.5707376819742491,0.7745394417569955,1.430739833990379,1.1701484725754876,41,7.223016126477886,20.878881589497713,1.4989485055735834,22.377830095071303
1.0,-0.3836552385580363,-0.6142308641696358,-0.4337082299672123,0.0005166186743722936,0.5707376819742491,0.7745394417569955,1.430739843990379,1.1701484725754876,41,7.223016127586792,20.878881589580256,1.4989484980673613,22.377830087647613
1.0,-0.3836552385580363,-0.6142308641696358,-0.4337082299672123,0.0005166186743722936,0.5707376819742491,0.7745394517569956,1.430739833990379,1.1701484725754876,41,7.223016128836914,20.878881589890064,1.4989484980673617,22.377830087957424
1.0,-0.3836552385580363,-0.6142308641696358,-0.4337082299672123,0.0005166186743722936,0.5707376819742491,0.7745394417569955,1.430739833990379,1.1701484725754876,41,7.2230161298136375,20.878881593593782,1.498948493812513,22.37783008740629
1.0,-0.3836552385580363,-0.6142308641696358,-0.4337082299672123,0.0005166286743722937,0.5707376819742491,0.7745394417569955,1.430739833990379,1.1701484725754876,41,7.223016132450772,20.87888159582542,1.4989484986681751,22.377830094493593
1.0,-0.3836552385580363,-0.6142308541696357,-0.4337082299672123,0.0005166186743722936,0.5707376819742491,0.7745394417569955,1.430739833990379,1.1701484725754876,41,7.223016134103526,20.878881602557247,1.4989484849050312,22.37783008746228
1.0,-0.3836552385580363,-0.6142308641696358,-0.4337082199672123,0.0005166186743722936,0.5707376819742491,0.7745394417569955,1.430739833990379,1.1701484725754876,41,7.223016134494836,20.878881602663398,1.4989484849050312,22.377830087568434
1.0,-0.3836552285580363,-0.6142308641696358,-0.4337082299672123,0.0005166186743722936,0.5707376819742491,0.7745394417569955,1.430739833990379,1.1701484725754876,41,7.2230161359863825,20.87888160561037,1.4989484820514436,22.377830087661813
1.0,-0.37958256355553316,-0.6159332295948955,-0.44401855343883606,-6.300092723695045e-06,0.5520878973531216,0.7431605552463443,1.420947155966998,1.2043885357602304,41,7.221751071916634,20.88347875344041,1.4928577541081027,22.376336507548515
1.0,-0.37958256355553316,-0.6159332295948955,-0.44401855343883606,-6.300092723695045e-06,0.5520878873531215,0.7431605652463443,1.420947155966998,1.2043885357602304,41,7.221751073335295,20.883478754034215,1.4928577535915935,22.376336507625815
1.0,-0.37958256355553316,-0.6159332295948955,-0.44401855343883606,-6.300092723695045e-06,0.5520878873531215,0.7431605552463443,1.420947155966998,1.2043885457602304,41,7.221751072079485,20.88347875404274,1.4928577535915935,22.37633650763434
1.0,-0.37958256355553316,-0.6159332295948955,-0.44401855343883606,-6.300092723695045e-06,0.5520878873531215,0.7431605552463443,1.4209471659669979,1.2043885357602304,41,7.221751072373107,20.883478754303496,1.4928577535915935,22.376336507895097
0.99999999,-0.37958256355553316,-0.6159332295948955,-0.44401855343883606,-6.300092723695045e-06,0.5520878873531215,0.7431605552463443,1.420947155966998,1.2043885357602304,41,7.221751071656126,20.88347875470966,1.4928577611417542,22.376336515851417
1.0,-0.37958256355553316,-0.6159332295948955,-0.44401855343883606,-6.300092723695045e-06,0.5520878873531215,0.7431605552463443,1.420947155966998,1.2043885357602304,41,7.2217510746122295,20.883478758205424,1.4928577494153021,22.376336507620728
1.0,-0.37958256355553316,-0.6159332295948955,-0.44401855343883606,-6.290092723695045e-06,0.5520878873531215,0.7431605552463443,1.420947155966998,1.2043885357602304,41,7.221751077366381,20.883478760879253,1.4928577447225018,22.376336505601756
1.0,-0.37958256355553316,-0.6159332195948954,-0.44401855343883606,-6.300092723695045e-06,0.5520878873531215,0.7431605552463443,1.420947155966998,1.2043885357602304,41,7.221751078784812,20.883478766742666,1.4928577404057124,22.376336507148377
1.0,-0.37958256355553316,-0.6159332295948955,-0.44401854343883607,-6.300092723695045e-06,0.5520878873531215,0.7431605552463443,1.420947155966998,1.2043885357602304,41,7.221751079239792,20.883478766995385,1.4928577404057124,22.3763365074011
1.0,-0.37958255355553316,-0.6159332295948955,-0.44401855343883606,-6.300092723695045e-06,0.5520878873531215,0.7431605552463443,1.420947155966998,1.2043885357602304,41,7.221751080547947,20.88347876979996,1.4928577376888508,22.376336507488816
1.0,-0.379870185960838,-0.6126613007402993,-0.4358066874654143,-0.0005017577819424439,0.5737492685468224,0.7621910592831384,1.435077745465841,1.1699280716648262,41,7.224292294120316,20.884293545749394,1.4929693908889323,22.377262936638328
1.0,-0.379870185960838,-0.6126613007402993,-0.4358066874654143,-0.0005017577819424439,0.5737492585468223,0.7621910592831384,1.435077745465841,1.169928081664826,41,7.224292294176401,20.88429354609101,1.492969390169363,22.37726293626038
1.0,-0.379870185960838,-0.6126613007402993,-0.4358066874654143,-0.0005017577819424439,0.5737492585468223,0.7621910592831384,1.435077755465841,1.1699280716648262,41,7.224292294548391,20.884293546276396,1.492969390169363,22.377262936445767
1.0,-0.379870185960838,-0.6126613007402993,-0.4358066874654143,-0.0005017577819424439,0.5737492585468223,0.7621910692831384,1.435077745465841,1.1699280716648262,41,7.224292295698061,20.88429354642231,1.4929693901693633,22.37726293659168
0.99999999,-0.379870185960838,-0.6126613007402993,-0.4358066874654143,-0.0005017577819424439,0.5737492585468223,0.7621910592831384,1.435077745465841,1.1699280716648262,41,7.224292293656687,20.884293546517807,1.492969397736695,22.377262944254507
1.0,-0.379870185960838,-0.6126613007402993,-0.4358066874654143,-0.0005017577819424439,0.5737492585468223,0.7621910592831384,1.435077745465841,1.1699280716648262,41,7.22429229680224,20.884293550315338,1.4929693860077982,22.377262936323138
1.0,-0.379870185960838,-0.6126613007402993,-0.4358066874654143,-0.0005017477819424438,0.5737492585468223,0.7621910592831384,1.435077745465841,1.1699280716648262,41,7.224292299298992,20.884293552356777,1.4929693811266649,22.377262933483447
1.0,-0.379870185960838,-0.6126612907402993,-0.4358066874654143,-0.0005017577819424439,0.5737492585468223,0.7621910592831384,1.435077745465841,1.1699280716648262,41,7.22429230113243,20.88429355931171,1.4929693770958201,22.377262936407536
1.0,-0.379870185960838,-0.6126613007402993,-0.4358066774654143,-0.0005017577819424439,0.5737492585468223,0.7621910592831384,1.435077745465841,1.1699280716648262,41,7.224292301503688,20.88429355940055,1.4929693770958201,22.377262936496376
1.0,-0.379870175960838,-0.6126613007402993,-0.4358066874654143,-0.0005017577819424439,0.5737492585468223,0.7621910592831384,1.435077745465841,1.1699280716648262,41,7.224292302849012,20.884293562112084,1.492969374278902,22.37726293639099
1.0,-0.38371242288050134,-0.6111767794341575,-0.432301747660612,0.006378443948180887,0.5652491377784866,0.7739430493382695,1.4213842107120322,1.1739472792500212,41,7.229339826268341,20.889439329686123,1.492635634167357,22.38207496385348
0.99999999,-0.38371242288050134,-0.6111767794341575,-0.432301747660612,0.006378443948180887,0.5652491277784866,0.7739430493382695,1.4213842107120322,1.1739472792500212,41,7.229339825705979,20.889439330142594,1.4926356410700778,22.382074971212674
1.0,-0.38371242288050134,-0.6111767794341575,-0.432301747660612,0.006378443948180887,0.5652491277784866,0.7739430493382695,1.4213842107120322,1.1739472892500211,41,7.229339826524154,20.88943933030316,1.492635633493634,22.382074963796786
1.0,-0.38371242288050134,-0.6111767794341575,-0.432301747660612,0.006378443948180887,0.5652491277784866,0.7739430493382695,1.4213842207120322,1.1739472792500212,41,7.229339826922569,20.889439330364365,1.492635633493634,22.382074963857995
1.0,-0.38371242288050134,-0.6111767794341575,-0.432301747660612,0.006378443948180887,0.5652491277784866,0.7739430593382696,1.4213842107120322,1.1739472792500212,41,7.2293398283265775,20.889439331009,1.492635633493634,22.38207496450263
1.0,-0.38371242288050134,-0.6111767794341575,-0.432301747660612,0.006378443948180887,0.5652491277784866,0.7739430493382695,1.4213842107120322,1.1739472792500212,41,7.229339829225163,20.889439334592947,1.4926356293085223,22.382074963901466
1.0,-0.38371242288050134,-0.6111767794341575,-0.432301747660612,0.006378453948180887,0.5652491277784866,0.7739430493382695,1.4213842107120322,1.1739472792500212,41,7.229339832118237,20.88943933728512,1.492635634167357,22.382074971452482
1.0,-0.38371242288050134,-0.6111767794341575,-0.43230173766061203,0.006378443948180887,0.5652491277784866,0.7739430493382695,1.4213842107120322,1.1739472792500212,41,7.229339833950656,20.889439343851258,1.492635620438955,22.38207496429021
1.0,-0.38371242288050134,-0.6111767694341574,-0.432301747660612,0.006378443948180887,0.5652491277784866,0.7739430493382695,1.4213842107120322,1.1739472792500212,41,7.229339833637525,20.88943934386457,1.492635620438955,22.38207496430352
1.0,-0.38371241288050134,-0.6111767794341575,-0.432301747660612,0.006378443948180887,0.5652491277784866,0.7739430493382695,1.4213842107120322,1.1739472792500212,41,7.229339835545968,20.889439346922664,1.492635617546967,22.382074964469627
1.0,-0.37637132189740347,-0.6097710913809177,-0.4373170004626353,-0.000410413014948184,0.5733772115616653,0.754971927614995,1.4364388926497362,1.1702786586241016,41,7.227487743715218,20.89197533152912,1.4851410083696297,22.377116339898752
1.0,-0.37637132189740347,-0.6097710913809177,-0.4373170004626353,-0.000410413014948184,0.5733772015616653,0.754971927614995,1.4364388926497362,1.1702786686241016,41,7.227487743762461,20.89197533185836,1.485141007591582,22.37711633944994
1.0,-0.37637132189740347,-0.6097710913809177,-0.4373170004626353,-0.000410413014948184,0.5733772015616653,0.754971927614995,1.4364389026497362,1.1702786586241016,41,7.227487744130071,20.89197533203147,1.485141007591582,22.377116339623054
1.0,-0.37637132189740347,-0.6097710913809177,-0.4373170004626353,-0.000410413014948184,0.5733772015616653,0.754971937614995,1.4364388926497362,1.1702786586241016,41,7.2274877452562105,20.891975332160847,1.485141007591582,22.377116339752426
0.99999999,-0.37637132189740347,-0.6097710913809177,-0.4373170004626353,-0.000410413014948184,0.5733772015616653,0.754971927614995,1.4364388926497362,1.1702786586241016,41,7.2274877432852005,20.891975332344657,1.4851410151915914,22.377116347536244
1.0,-0.37637132189740347,-0.6097710913809177,-0.4373170004626353,-0.000410413014948184,0.5733772015616653,0.754971927614995,1.4364388926497362,1.1702786586241016,41,7.227487746394344,20.89197533609852,1.4851410034924348,22.37711633959095
1.0,-0.37637132189740347,-0.6097710913809177,-0.4373170004626353,-0.000410403014948184,0.5733772015616653,0.754971927614995,1.4364388926497362,1.1702786586241016,41,7.227487748895935,20.891975338172703,1.48514099861524,22.377116336787942
1.0,-0.37637132189740347,-0.6097710913809177,-0.4373169904626353,-0.000410413014948184,0.5733772015616653,0.754971927614995,1.4364388926497362,1.1702786586241016,41,7.227487751069974,20.89197534515778,1.485140994592186,22.377116339749968
1.0,-0.37637132189740347,-0.6097710813809176,-0.4373170004626353,-0.000410413014948184,0.5733772015616653,0.754971927614995,1.4364388926497362,1.1702786586241016,41,7.227487750763654,20.891975345165804,1.485140994592186,22.377116339757986
1.0,-0.37637131189740347,-0.6097710913809177,-0.4373170004626353,-0.000410413014948184,0.5733772015616653,0.754971927614995,1.4364388926497362,1.1702786586241016,41,7.22748775243187,20.891975347888017,1.4851409917932787,22.377116339681294
1.0,-0.3786447295111868,-0.6107660740873374,-0.4434647313022757,-6.730605367849603e-06,0.5504424874450395,0.7408325036639538,1.417180747458704,1.2053407734937416,41,7.226150071950763,20.892493472587226,1.4837145614792902,22.376208034066515
1.0,-0.3786447295111868,-0.6107660740873374,-0.4434647313022757,-6.730605367849603e-06,0.5504424774450395,0.7408325036639538,1.4171807574587039,1.2053407734937416,41,7.2261500720072265,20.89249347259922,1.4837145609184843,22.3762080335177
1.0,-0.3786447295111868,-0.6107660740873374,-0.4434647313022757,-6.730605367849603e-06,0.5504424774450395,0.7408325136639539,1.417180747458704,1.2053407734937416,41,7.226150073117137,20.892493472695172,1.4837145609184843,22.376208033613654
1.0,-0.3786447295111868,-0.6107660740873374,-0.4434647313022757,-6.730605367849603e-06,0.5504424774450395,0.7408325036639538,1.417180747458704,1.2053407834937415,41,7.226150072008765,20.892493472953856,1.4837145609184843,22.376208033872338
0.99999999,-0.3786447295111868,-0.6107660740873374,-0.4434647313022757,-6.730605367849603e-06,0.5504424774450395,0.7408325036639538,1.417180747458704,1.2053407734937416,41,7.226150071422826,20.89249347328471,1.4837145685189521,22.37620804180366
1.0,-0.3786447295111868,-0.6107660740873374,-0.4434647313022757,-6.730605367849603e-06,0.5504424774450395,0.7408325036639538,1.417180747458704,1.2053407734937416,41,7.2261500743905955,20.892493476846766,1.4837145568004717,22.376208033647238
1.0,-0.3786447295111868,-0.6107660740873374,-0.4434647313022757,-6.720605367849603e-06,0.5504424774450395,0.7408325036639538,1.417180747458704,1.2053407734937416,41,7.226150077043205,20.89249347929818,1.483714552121654,22.376208031419836
1.0,-0.3786447295111868,-0.6107660640873374,-0.4434647313022757,-6.730605367849603e-06,0.5504424774450395,0.7408325036639538,1.417180747458704,1.2053407734937416,41,7.22615007883212,20.892493485980555,1.4837145478395097,22.376208033820063
1.0,-0.3786447295111868,-0.6107660740873374,-0.4434647213022757,-6.730605367849603e-06,0.5504424774450395,0.7408325036639538,1.417180747458704,1.2053407734937416,41,7.2261500791795115,20.892493486028275,1.4837145478395097,22.376208033867783
1.0,-0.3786447195111868,-0.6107660740873374,-0.4434647313022757,-6.730605367849603e-06,0.5504424774450395,0.7408325036639538,1.417180747458704,1.2053407734937416,41,7.226150080329601,20.89249348847294,1.4837145450819915,22.37620803355493
1.0,-0.3776920749747121,-0.6094064027374183,-0.44478731408408506,-0.008591488066775317,0.5477555416390463,0.7393370982872977,1.4180619283943214,1.206611580159962,41,7.224877122533346,20.892693728550622,1.485610234392169,22.378303962942788
1.0,-0.3776920600735509,-0.6094064176385795,-0.44478731408408506,-0.008591488066775317,0.5477555416390463,0.7393370982872977,1.4180619283943214,1.206611580159962,41,7.224877124464135,20.892693731607917,1.485610230294743,22.37830396190266
1.0,-0.3776920600735509,-0.6094064027374183,-0.44478732898524626,-0.008591488066775317,0.5477555416390463,0.7393370982872977,1.4180619283943214,1.206611580159962,41,7.22487712398632,20.892693731682947,1.485610230294743,22.378303961977693
1.0,-0.3776920600735509,-0.6094064027374183,-0.44478731408408506,-0.008591488066775317,0.5477555416390463,0.7393370982872977,1.4180619495250908,1.206611580159962,41,7.224877126114167,20.892693736394914,1.4856102256597397,22.378303962054655
1.0,-0.3776920600735509,-0.6094064027374183,-0.44478731408408506,-0.008591488066775317,0.5477555416390463,0.7393370982872977,1.4180619283943214,1.2066115981398755,41,7.224877126927303,20.89269373846734,1.4856102243598688,22.378303962827207
1.0,-0.3776920600735509,-0.6094064027374183,-0.44478731408408506,-0.008591488066775317,0.5477555416390463,0.7393371131884588,1.4180619283943214,1.206611580159962,41,7.2248771292237155,20.892693739211573,1.4856102230897439,22.378303962301313
1.0,-0.3776920600735509,-0.6094064027374183,-0.44478731408408506,-0.008591488066775317,0.5477555565402075,0.7393370982872977,1.4180619283943214,1.206611580159962,41,7.22487712775071,20.89269373946385,1.4856102239890232,22.378303963452872
0.9999999850988388,-0.3776920600735509,-0.6094064027374183,-0.44478731408408506,-0.008591488066775317,0.5477555416390463,0.7393370982872977,1.4180619283943214,1.206611580159962,41,7.224877126989377,20.89269374055287,1.485610234392169,22.378303974945034
1.0,-0.3776920600735509,-0.6094064027374183,-0.44478731408408506,-0.008591502967936511,0.5477555416390463,0.7393370982872977,1.4180619283943214,1.206611580159962,41,7.2248771277826425,20.89269374291396,1.4856102239890232,22.378303966902987
1.0,-0.3776920600735509,-0.6094064027374183,-0.44478731408408506,-0.008591488066775317,0.5477555416390463,0.7393370982872977,1.4180619283943214,1.206611580159962,41,7.224877131209343,20.892693745509092,1.4856102169423389,22.378303962451437
1.0,-0.3776067199077966,-0.6094283490709443,-0.44479530347196555,-0.043018964478261944,0.547781771587144,0.7393441987151181,1.4180371626243093,1.206612344878446,41,7.220214525425383,20.89298932326825,1.5023276202660634,22.395316943534308
1.0,-0.3776067199077966,-0.6094283341697831,-0.44479531837312675,-0.043018964478261944,0.547781771587144,0.7393441987151181,1.4180371626243093,1.206612344878446,41,7.220214524925704,20.892989323643747,1.5023276202660634,22.39531694390981
1.0,-0.3776067348089578,-0.6094283341697831,-0.44479530347196555,-0.043018964478261944,0.547781771587144,0.7393441987151181,1.4180371626243093,1.206612344878446,41,7.220214525505688,20.892989324285175,1.5023276243620292,22.395316948647203
1.0,-0.3776067199077966,-0.6094283341697831,-0.44479530347196555,-0.043018964478261944,0.547781771587144,0.7393441987151181,1.4180371837547097,1.206612344878446,41,7.220214527301404,20.892989328600432,1.5023276156301242,22.395316944230558
1.0,-0.3776067199077966,-0.6094283341697831,-0.44479530347196555,-0.043018964478261944,0.547781771587144,0.7393442136162793,1.4180371626243093,1.206612344878446,41,7.220214530753975,20.892989332469703,1.5023276130603995,22.395316945530105
1.0,-0.3776067199077966,-0.6094283341697831,-0.44479530347196555,-0.043018964478261944,0.547781771587144,0.7393441987151181,1.4180371626243093,1.2066123628583711,41,7.220214530064798,20.89298933412592,1.50232761433047,22.39531694845639
0.9999999850988388,-0.3776067199077966,-0.6094283341697831,-0.44479530347196555,-0.043018964478261944,0.547781771587144,0.7393441987151181,1.4180371626243093,1.206612344878446,41,7.220214530069881,20.892989336193292,1.5023276243620292,22.395316960555316
1.0,-0.3776067199077966,-0.6094283341697831,-0.44479530347196555,-0.043018964478261944,0.5477817864883052,0.7393441987151181,1.4180371626243093,1.206612344878446,41,7.2202145318596465,20.892989336966874,1.5023276143963544,22.395316951363228
1.0,-0.3776067199077966,-0.6094283341697831,-0.44479530347196555,-0.043018964478261944,0.547781771587144,0.7393441987151181,1.4180371626243093,1.206612344878446,41,7.220214533197353,20.892989339371145,1.5023276069132805,22.395316946284424
1.0,-0.3776067199077966,-0.6094283341697831,-0.44479530347196555,-0.04301897937942314,0.547781771587144,0.7393441987151181,1.4180371626243093,1.206612344878446,41,7.220214532581237,20.892989342180705,1.5023276143963544,22.395316956577055
1.0,-0.3788684673646675,-0.6087115698204308,-0.4453744020986815,-2.3044363437903916e-05,0.547925412494888,0.7396031795883378,1.418074668234237,1.20588089929889,41,7.22647156471823,20.893401086871094,1.4827639195698006,22.376165006440896
1.0,-0.3788684673646675,-0.6087115698204308,-0.4453744020986815,-2.3044363437903916e-05,0.547925402494888,0.7396031895883378,1.418074668234237,1.20588089929889,41,7.226471566127863,20.89340108739498,1.4827639190325714,22.376165006427552
1.0,-0.3788684673646675,-0.6087115698204308,-0.4453744020986815,-2.3044363437903916e-05,0.547925402494888,0.7396031795883378,1.418074668234237,1.20588090929889,41,7.226471564863139,20.893401087395542,1.4827639190325712,22.376165006428113
1.0,-0.3788684673646675,-0.6087115698204308,-0.4453744020986815,-2.3044363437903916e-05,0.547925402494888,0.7396031795883378,1.4180746782342368,1.20588089929889,41,7.226471565071262,20.89340108741269,1.4827639190325712,22.376165006445266
0.99999999,-0.3788684673646675,-0.6087115698204308,-0.4453744020986815,-2.3044363437903916e-05,0.547925402494888,0.7396031795883378,1.418074668234237,1.20588089929889,41,7.226471564381697,20.893401087918864,1.4827639266326205,22.376165014551482
1.0,-0.3788684673646675,-0.6087115698204308,-0.4453744020986815,-2.3044363437903916e-05,0.547925402494888,0.7396031795883378,1.418074668234237,1.20588089929889,41,7.226471567388845,20.893401091530595,1.4827639149122387,22.376165006442832
1.0,-0.3788684673646675,-0.6087115698204308,-0.4453744020986815,-2.3034363437903914e-05,0.547925402494888,0.7396031795883378,1.418074668234237,1.20588089929889,41,7.226471570127628,20.893401094125245,1.4827639102546766,22.37616500437992
1.0,-0.3788684673646675,-0.6087115698204308,-0.4453743920986815,-2.3044363437903916e-05,0.547925402494888,0.7396031795883378,1.418074668234237,1.20588089929889,41,7.226471572047704,20.893401100463592,1.4827639059525077,22.3761650064161
1.0,-0.3788684673646675,-0.6087115598204308,-0.4453744020986815,-2.3044363437903916e-05,0.547925402494888,0.7396031795883378,1.418074668234237,1.20588089929889,41,7.226471571757314,20.89340110051173,1.4827639059525077,22.376165006464237
1.0,-0.3788684573646675,-0.6087115698204308,-0.4453744020986815,-2.3044363437903916e-05,0.547925402494888,0.7396031795883378,1.418074668234237,1.20588089929889,41,7.226471573364492,20.89340110320156,1.4827639031918567,22.376165006393418
1.0,-0.3762862761158923,-0.6101063542636983,-0.44897713734164546,8.950389621435783e-05,0.5475600237885211,0.7376631482143846,1.413545611536918,1.2088381836226358,41,7.226414428589457,20.893609890956643,1.4826494026507422,22.376259293607383
1.0,-0.3762862761158923,-0.6101063542636983,-0.44897713734164546,8.950389621435783e-05,0.547560013788521,0.7376631582143847,1.413545611536918,1.2088381836226358,41,7.226414429969377,20.89360989145617,1.4826494020762533,22.37625929353242
1.0,-0.3762862761158923,-0.6101063542636983,-0.44897713734164546,8.950389621435783e-05,0.547560013788521,0.7376631482143846,1.413545621536918,1.2088381836226358,41,7.226414428908245,20.893609891466372,1.4826494020762533,22.37625929354262
1.0,-0.3762862761158923,-0.6101063542636983,-0.44897713734164546,8.950389621435783e-05,0.547560013788521,0.7376631482143846,1.413545611536918,1.2088381936226358,41,7.226414428729786,20.89360989148443,1.4826494020762533,22.376259293560683
0.99999999,-0.3762862761158923,-0.6101063542636983,-0.44897713734164546,8.950389621435783e-05,0.547560013788521,0.7376631482143846,1.413545611536918,1.2088381836226358,41,7.226414428251138,20.893609892015235,1.4826494096941545,22.376259301709386
1.0,-0.3762862761158923,-0.6101063542636983,-0.44897713734164546,8.950389621435783e-05,0.547560013788521,0.7376631482143846,1.413545611536918,1.2088381836226358,41,7.22641443123949,20.893609895600477,1.4826493979957212,22.3762592935962
1.0,-0.3762862761158923,-0.6101063542636983,-0.44897713734164546,8.951389621435782e-05,0.547560013788521,0.7376631482143846,1.413545611536918,1.2088381836226358,41,7.22641443403475,20.893609898324108,1.4826494026507422,22.37625930097485
1.0,-0.3762862761158923,-0.6101063542636983,-0.44897712734164547,8.950389621435783e-05,0.547560013788521,0.7376631482143846,1.413545611536918,1.2088381836226358,41,7.226414435868249,20.893609904466835,1.4826493889935115,22.376259293460343
1.0,-0.3762862761158923,-0.6101063442636983,-0.44897713734164546,8.950389621435783e-05,0.547560013788521,0.7376631482143846,1.413545611536918,1.2088381836226358,41,7.2264144356073,20.89360990456215,1.4826493889935115,22.376259293555666
1.0,-0.37628626611589233,-0.6101063542636983,-0.44897713734164546,8.950389621435783e-05,0.547560013788521,0.7376631482143846,1.413545611536918,1.2088381836226358,41,7.226414437215769,20.893609907279508,1.4826493862972878,22.376259293576794
1.0,-0.37770848882035535,-0.609402184569544,-0.4447857774503289,-0.0019699016342816593,0.5477504967189257,0.7393357326311003,1.418066691702696,1.2066114330783264,41,7.226509947585694,20.894063173550965,1.4825106021352747,22.376573775686243
1.0,-0.37770847391919415,-0.6094021994707052,-0.4447857774503289,-0.0019699016342816593,0.5477504967189257,0.7393357326311003,1.418066691702696,1.2066114330783264,41,7.226509949891232,20.894063177384385,1.4825105980375684,22.376573775421946
1.0,-0.37770847391919415,-0.609402184569544,-0.4447857923514901,-0.0019699016342816593,0.5477504967189257,0.7393357326311003,1.418066691702696,1.2066114330783264,41,7.226509949422895,20.894063177404828,1.4825105980375684,22.376573775442402
1.0,-0.37770847391919415,-0.609402184569544,-0.4447857774503289,-0.0019699016342816593,0.5477504967189257,0.7393357326311003,1.4180667128335365,1.2066114330783264,41,7.226509951500876,20.894063182067885,1.4825105934027454,22.37657377547063
1.0,-0.37770847391919415,-0.609402184569544,-0.4447857774503289,-0.0019699016342816593,0.5477504967189257,0.7393357326311003,1.418066691702696,1.206611451058238,41,7.2265099519713445,20.894063183533476,1.4825105921028328,22.376573775636313
1.0,-0.37770847391919415,-0.609402184569544,-0.4447857774503289,-0.0019699016342816593,0.5477505116200869,0.7393357326311003,1.418066691702696,1.2066114330783264,41,7.226509952586193,20.894063184127887,1.4825105916479884,22.376573775775885
1.0,-0.37770847391919415,-0.609402184569544,-0.4447857774503289,-0.0019699016342816593,0.5477504967189257,0.7393357475322615,1.418066691702696,1.2066114330783264,41,7.226509954547527,20.894063184684125,1.4825105908326972,22.376573775516828
0.9999999850988388,-0.37770847391919415,-0.609402184569544,-0.4447857774503289,-0.0019699016342816593,0.5477504967189257,0.7393357326311003,1.418066691702696,1.2066114330783264,41,7.226509952021097,20.894063185572843,1.4825106021352747,22.376573787708114
1.0,-0.37770847391919415,-0.609402184569544,-0.4447857774503289,-0.001969916535442853,0.5477504967189257,0.7393357326311003,1.418066691702696,1.2066114330783264,41,7.226509952494198,20.89406318724202,1.4825105916479884,22.37657377889001
1.0,-0.37770847391919415,-0.609402184569544,-0.4447857774503289,-0.0019699016342816593,0.5477504967189257,0.7393357326311003,1.418066691702696,1.2066114330783264,41,7.2265099564458515,20.894063190867644,1.4825105846852367,22.376573775552885
1.0,-0.37863144991419995,-0.6095013838835076,-0.4450207204982578,8.73336355277559e-06,0.5474635228000098,0.739017178479279,1.4167401571489395,1.2063991287786482,41,7.226818134318562,20.89408706566374,1.4820786238711694,22.376165689534904
1.0,-0.37863144991419995,-0.6095013838835076,-0.4450207204982578,8.73336355277559e-06,0.5474635128000097,0.739017188479279,1.4167401571489395,1.2063991287786482,41,7.226818135719918,20.894087066174627,1.4820786233220957,22.37616568949672
1.0,-0.37863144991419995,-0.6095013838835076,-0.4450207204982578,8.73336355277559e-06,0.5474635128000097,0.739017178479279,1.4167401671489395,1.2063991287786482,41,7.226818134663353,20.894087066188852,1.4820786233220957,22.376165689510948
1.0,-0.37863144991419995,-0.6095013838835076,-0.4450207204982578,8.73336355277559e-06,0.5474635128000097,0.739017178479279,1.4167401571489395,1.2063991387786481,41,7.226818134466213,20.894087066192515,1.4820786233220957,22.376165689514615
0.99999999,-0.37863144991419995,-0.6095013838835076,-0.4450207204982578,8.73336355277559e-06,0.5474635128000097,0.739017178479279,1.4167401571489395,1.2063991287786482,41,7.226818133978622,20.894087066701825,1.4820786309360225,22.376165697637852
1.0,-0.37863144991419995,-0.6095013838835076,-0.4450207204982578,8.73336355277559e-06,0.5474635128000097,0.739017178479279,1.4167401571489395,1.2063991287786482,41,7.226818136984288,20.894087070315774,1.4820786192176554,22.37616568953343
1.0,-0.37863144991419995,-0.6095013838835076,-0.4450207204982578,8.74336355277559e-06,0.5474635128000097,0.739017178479279,1.4167401571489395,1.2063991287786482,41,7.226818139728321,20.894087072926343,1.4820786238711694,22.376165696797518
1.0,-0.37863144991419995,-0.6095013838835076,-0.4450207104982578,8.73336355277559e-06,0.5474635128000097,0.739017178479279,1.4167401571489395,1.2063991287786482,41,7.226818141653285,20.894087079271355,1.4820786102542174,22.37616568952557
1.0,-0.37863144991419995,-0.6095013738835076,-0.4450207204982578,8.73336355277559e-06,0.5474635128000097,0.739017178479279,1.4167401571489395,1.2063991287786482,41,7.226818141346281,20.89408707928875,1.4820786102542174,22.37616568954297
1.0,-0.37863143991419995,-0.6095013838835076,-0.4450207204982578,8.73336355277559e-06,0.5474635128000097,0.739017178479279,1.4167401571489395,1.2063991287786482,41,7.226818142959342,20.89408708199115,1.4820786074992878,22.376165689490442
1.0,-0.3776874586624327,-0.6084291810104405,-0.44511308075744715,-2.8289826009499546e-06,0.5480248715595877,0.7396770229221429,1.4195627022786317,1.2065831521780173,41,7.226870591069375,20.894293506875805,1.4818660137649595,22.376159520640766
1.0,-0.3776874586624327,-0.6084291810104405,-0.44511308075744715,-2.8289826009499546e-06,0.5480248615595876,0.7396770229221429,1.4195627022786317,1.2065831621780172,41,7.226870591214316,20.89429350740226,1.4818660132527168,22.37615952065498
1.0,-0.3776874586624327,-0.6084291810104405,-0.44511308075744715,-2.8289826009499546e-06,0.5480248615595876,0.7396770329221429,1.4195627022786317,1.2065831521780173,41,7.226870592479976,20.894293507405838,1.4818660132527168,22.376159520658554
1.0,-0.3776874586624327,-0.6084291810104405,-0.44511308075744715,-2.8289826009499546e-06,0.5480248615595876,0.7396770229221429,1.4195627122786316,1.2065831521780173,41,7.2268705914129105,20.89429350740668,1.4818660132527168,22.3761595206594
0.99999999,-0.3776874586624327,-0.6084291810104405,-0.44511308075744715,-2.8289826009499546e-06,0.5480248615595876,0.7396770229221429,1.4195627022786317,1.2065831521780173,41,7.226870590723517,20.894293507909328,1.4818660208170682,22.376159528726394
1.0,-0.3776874586624327,-0.6084291810104405,-0.44511308075744715,-2.8289826009499546e-06,0.5480248615595876,0.7396770229221429,1.4195627022786317,1.2065831521780173,41,7.22687059373349,20.894293511526993,1.4818660091067244,22.37615952063372
1.0,-0.3776874586624327,-0.6084291810104405,-0.44511308075744715,-2.8189826009499547e-06,0.5480248615595876,0.7396770229221429,1.4195627022786317,1.2065831521780173,41,7.226870596486122,20.89429351415581,1.4818660044484893,22.376159518604297
1.0,-0.3776874586624327,-0.6084291810104405,-0.44511307075744716,-2.8289826009499546e-06,0.5480248615595876,0.7396770229221429,1.4195627022786317,1.2065831521780173,41,7.22687059840377,20.894293520480936,1.4818660001516155,22.37615952063256
1.0,-0.3776874586624327,-0.6084291710104405,-0.44511308075744715,-2.8289826009499546e-06,0.5480248615595876,0.7396770229221429,1.4195627022786317,1.2065831521780173,41,7.226870598108778,20.894293520514353,1.4818660001516155,22.376159520665972
1.0,-0.3776874486624327,-0.6084291810104405,-0.44511308075744715,-2.8289826009499546e-06,0.5480248615595876,0.7396770229221429,1.4195627022786317,1.2065831521780173,41,7.2268705997164995,20.894293523216927,1.4818659973963808,22.376159520613307
1.0,-0.37771221861300525,-0.6094012260561111,-0.44478542827406553,-0.0004652484930725402,0.5477493503388272,0.7393354223068437,1.4180677740908791,1.2066113996562986,41,7.226913412673934,20.894438127336954,1.4818114631349442,22.3762495904719
1.0,-0.37771220371184405,-0.6094012409572723,-0.44478542827406553,-0.0004652484930725402,0.5477493503388272,0.7393354223068437,1.4180677740908791,1.2066113996562986,41,7.226913415064057,20.894438131346384,1.4818114590371736,22.376249590383555
1.0,-0.37771220371184405,-0.6094012260561111,-0.4447854431752267,-0.0004652484930725402,0.5477493503388272,0.7393354223068437,1.4180677740908791,1.2066113996562986,41,7.22691341459811,20.894438131354573,1.4818114590371736,22.376249590391744
1.0,-0.37771220371184405,-0.6094012260561111,-0.44478542827406553,-0.0004652484930725402,0.5477493503388272,0.7393354223068437,1.4180677952217355,1.2066113996562986,41,7.226913416664665,20.89443813600643,1.4818114544023913,22.37624959040882
1.0,-0.37771220371184405,-0.6094012260561111,-0.44478542827406553,-0.0004652484930725402,0.5477493503388272,0.7393354223068437,1.4180677740908791,1.2066114176362095,41,7.226913417058713,20.894438137336692,1.4818114531024686,22.37624959043916
1.0,-0.37771220371184405,-0.6094012260561111,-0.44478542827406553,-0.0004652484930725402,0.5477493652399884,0.7393354223068437,1.4180677740908791,1.2066113996562986,41,7.2269134176252425,20.894438137837636,1.4818114526285382,22.376249590466177
1.0,-0.37771220371184405,-0.6094012260561111,-0.44478542827406553,-0.0004652484930725402,0.5477493503388272,0.7393354372080049,1.4180677740908791,1.2066113996562986,41,7.226913419697169,20.89443813857723,1.481811451832331,22.376249590409557
0.9999999850988388,-0.37771220371184405,-0.6094012260561111,-0.44478542827406553,-0.0004652484930725402,0.5477493503388272,0.7393354223068437,1.4180677740908791,1.2066113996562986,41,7.2269134171046545,20.89443813936336,1.4818114631349442,22.37624960249831
1.0,-0.37771220371184405,-0.6094012260561111,-0.44478542827406553,-0.00046526339423373403,0.5477493503388272,0.7393354223068437,1.4180677740908791,1.2066113996562986,41,7.226913417505489,20.894438140875575,1.4818114526285382,22.376249593504113
1.0,-0.37771220371184405,-0.6094012260561111,-0.44478542827406553,-0.0004652484930725402,0.5477493503388272,0.7393354223068437,1.4180677740908791,1.2066113996562986,41,7.226913421575691,20.894438144734934,1.4818114456848588,22.376249590419793
1.0,-0.3782117990056637,-0.6097994756773608,-0.44381211285944,-1.5544549775363745e-05,0.5479462916804153,0.7395209722081671,1.4183005024499835,1.2058832078895574,41,7.227073444838682,20.894524339963905,1.481635897256488,22.37616023722039
1.0,-0.3782117990056637,-0.6097994756773608,-0.44381211285944,-1.5544549775363745e-05,0.5479462816804153,0.7395209822081672,1.4183005024499835,1.2058832078895574,41,7.227073446246366,20.89452434048463,1.4816358967207988,22.376160237205426
1.0,-0.3782117990056637,-0.6097994756773608,-0.44381211285944,-1.5544549775363745e-05,0.5479462816804153,0.7395209722081671,1.4183005024499835,1.2058832178895573,41,7.227073444988317,20.89452434049666,1.4816358967207988,22.376160237217455
1.0,-0.3782117990056637,-0.6097994756773608,-0.44381211285944,-1.5544549775363745e-05,0.5479462816804153,0.7395209722081671,1.4183005124499835,1.2058832078895574,41,7.2270734451876715,20.89452434049755,1.4816358967207988,22.37616023721835
0.99999999,-0.3782117990056637,-0.6097994756773608,-0.44381211285944,-1.5544549775363745e-05,0.5479462816804153,0.7395209722081671,1.4183005024499835,1.2058832078895574,41,7.227073444495137,20.894524340995318,1.4816359043136125,22.37616024530893
1.0,-0.3782117990056637,-0.6097994756773608,-0.44381211285944,-1.5544549775363745e-05,0.5479462816804153,0.7395209722081671,1.4183005024499835,1.2058832078895574,41,7.227073447504715,20.894524344616098,1.4816358925988122,22.376160237214915
1.0,-0.3782117990056637,-0.6097994756773608,-0.44381211285944,-1.5534549775363744e-05,0.5479462816804153,0.7395209722081671,1.4183005024499835,1.2058832078895574,41,7.227073450246091,20.894524347226454,1.481635887941137,22.376160235167585
1.0,-0.3782117990056637,-0.6097994656773608,-0.44381211285944,-1.5544549775363745e-05,0.5479462816804153,0.7395209722081671,1.4183005024499835,1.2058832078895574,41,7.227073451858445,20.894524353572898,1.4816358836431143,22.376160237216006
1.0,-0.3782117990056637,-0.6097994756773608,-0.44381210285944,-1.5544549775363745e-05,0.5479462816804153,0.7395209722081671,1.4183005024499835,1.2058832078895574,41,7.227073452189882,20.894524353603295,1.4816358836431143,22.376160237246413
1.0,-0.3782117890056637,-0.6097994756773608,-0.44381211285944,-1.5544549775363745e-05,0.5479462816804153,0.7395209722081671,1.4183005024499835,1.2058832078895574,41,7.22707345348334,20.8945243563028,1.481635880884012,22.376160237186816
1.0,-0.3777130980843141,-0.6094010000421897,-0.44478534593959435,-0.00011045684869376082,0.5477490800266409,0.7393353491335319,1.4180680293140084,1.2066113917755081,41,7.227010290454367,20.89452997629202,1.4816468895535617,22.376176865845583
1.0,-0.3777130831831529,-0.6094010149433509,-0.44478534593959435,-0.00011045684869376082,0.5477490800266409,0.7393353491335319,1.4180680293140084,1.2066113917755081,41,7.227010292864404,20.894529980342938,1.4816468854557767,22.376176865798712
1.0,-0.3777130831831529,-0.6094010000421897,-0.44478536084075554,-0.00011045684869376082,0.5477490800266409,0.7393353491335319,1.4180680293140084,1.2066113917755081,41,7.2270102923990365,20.894529980348242,1.4816468854557767,22.376176865804023
1.0,-0.3777130831831529,-0.6094010000421897,-0.44478534593959435,-0.00011045684869376082,0.5477490800266409,0.7393353491335319,1.4180680504448688,1.2066113917755081,41,7.22701029446289,20.89452998499746,1.481646880821004,22.376176865818458
1.0,-0.3777130831831529,-0.6094010000421897,-0.44478534593959435,-0.00011045684869376082,0.5477490800266409,0.7393353491335319,1.4180680293140084,1.206611409755419,41,7.227010294838997,20.89452998629595,1.4816468795210795,22.37617686581703
1.0,-0.3777130831831529,-0.6094010000421897,-0.44478534593959435,-0.00011045684869376082,0.5477490949278021,0.7393353491335319,1.4180680293140084,1.2066113917755081,41,7.2270102953940825,20.894529986774742,1.4816468790426474,22.376176865817392
1.0,-0.3777130831831529,-0.6094010000421897,-0.44478534593959435,-0.00011045684869376082,0.5477490800266409,0.7393353640346931,1.4180680293140084,1.2066113917755081,41,7.227010297492065,20.894529987557547,1.4816468782509409,22.37617686580849
0.9999999850988388,-0.3777130831831529,-0.6094010000421897,-0.44478534593959435,-0.00011045684869376082,0.5477490800266409,0.7393353491335319,1.4180680293140084,1.2066113917755081,41,7.227010294883984,20.894529988319505,1.4816468895535617,22.37617687787306
1.0,-0.3777130831831529,-0.6094010000421897,-0.44478534593959435,-0.00011047174985495467,0.5477490800266409,0.7393353491335319,1.4180680293140084,1.2066113917755081,41,7.227010295267807,20.89452998979472,1.4816468790426474,22.376176868837366
1.0,-0.3777130831831529,-0.6094010000421897,-0.44478534593959435,-0.00011045684869376082,0.5477490800266409,0.7393353491335319,1.4180680293140084,1.2066113917755081,41,7.22701029936592,20.894529993709174,1.4816468721034657,22.376176865812635
1.0,-0.3777133072623318,-0.6094009462858663,-0.4447853263567367,-2.607136375034029e-05,0.5477490157341884,0.739335331729612,1.4180680900176015,1.2066113899011002,41,7.227033430139757,20.89455201510119,1.4816077622940484,22.376159777395234
1.0,-0.3777132923611706,-0.6094009611870275,-0.4447853263567367,-2.607136375034029e-05,0.5477490157341884,0.739335331729612,1.4180680900176015,1.2066113899011002,41,7.22703343255453,20.894552019161967,1.4816077581962592,22.37615977735823
1.0,-0.3777132923611706,-0.6094009462858663,-0.44478534125789787,-2.607136375034029e-05,0.5477490157341884,0.739335331729612,1.4180680900176015,1.2066113899011002,41,7.227033432089299,20.894552019166586,1.4816077581962592,22.376159777362847
1.0,-0.3777132923611706,-0.6094009462858663,-0.4447853263567367,-2.607136375034029e-05,0.5477490157341884,0.739335331729612,1.4180681111484628,1.2066113899011002,41,7.22703343415251,20.89455202381517,1.4816077535614895,22.376159777376664
1.0,-0.3777132923611706,-0.6094009462858663,-0.4447853263567367,-2.607136375034029e-05,0.5477490157341884,0.739335331729612,1.4180680900176015,1.206611407881011,41,7.227033434524355,20.894552025106112,1.4816077522615643,22.376159777367683
1.0,-0.3777132923611706,-0.6094009462858663,-0.4447853263567367,-2.607136375034029e-05,0.5477490306353496,0.739335331729612,1.4180680900176015,1.2066113899011002,41,7.227033435076715,20.89455202557963,1.4816077517820616,22.376159777361696
1.0,-0.3777132923611706,-0.6094009462858663,-0.4447853263567367,-2.607136375034029e-05,0.5477490157341884,0.7393353466307732,1.4180680900176015,1.2066113899011002,41,7.227033437180894,20.894552026372715,1.4816077509914263,22.37615977736414
0.9999999850988388,-0.3777132923611706,-0.6094009462858663,-0.4447853263567367,-2.607136375034029e-05,0.5477490157341884,0.739335331729612,1.4180680900176015,1.2066113899011002,41,7.227033434569112,20.894552027128917,1.4816077622940484,22.376159789422964
1.0,-0.3777132923611706,-0.6094009462858663,-0.4447853263567367,-2.6086264911534136e-05,0.5477490157341884,0.739335331729612,1.4180680900176015,1.2066113899011002,41,7.227033434948889,20.894552028595342,1.4816077517820616,22.376159780377403
1.0,-0.3777132923611706,-0.6094009462858663,-0.4447853263567367,-2.607136375034029e-05,0.5477490157341884,0.739335331729612,1.4180680900176015,1.2066113899011002,41,7.227033439053641,20.894552032522892,1.4816077448439497,22.376159777366844
1.0,-0.37771335708606874,-0.609400933481744,-0.4447853216923309,-5.971736419314792e-06,0.5477490004204845,0.7393353275842035,1.4180681044764814,1.2066113894546382,41,7.2270389472790875,20.894557275420425,1.481598443536186,22.376155718956607
1.0,-0.37771334218490754,-0.6094009483829051,-0.4447853216923309,-5.971736419314792e-06,0.5477490004204845,0.7393353275842035,1.4180681044764814,1.2066113894546382,41,7.227038949694989,20.894557279483553,1.481598439438397,22.37615571892195
1.0,-0.37771334218490754,-0.609400933481744,-0.4447853365934921,-5.971736419314792e-06,0.5477490004204845,0.7393353275842035,1.4180681044764814,1.2066113894546382,41,7.227038949229789,20.894557279488012,1.481598439438397,22.37615571892641
1.0,-0.37771334218490754,-0.609400933481744,-0.4447853216923309,-5.971736419314792e-06,0.5477490004204845,0.7393353275842035,1.4180681256073429,1.2066113894546382,41,7.227038951292847,20.894557284136447,1.4815984348036269,22.376155718940073
1.0,-0.37771334218490754,-0.609400933481744,-0.4447853216923309,-5.971736419314792e-06,0.5477490004204845,0.7393353275842035,1.4180681044764814,1.206611407434549,41,7.227038951663676,20.894557285425588,1.4815984335037014,22.376155718929287
1.0,-0.37771334218490754,-0.609400933481744,-0.4447853216923309,-5.971736419314792e-06,0.5477490153216457,0.7393353275842035,1.4180681044764814,1.2066113894546382,41,7.227038952215389,20.89455728589785,1.481598433023944,22.37615571892179
1.0,-0.37771334218490754,-0.609400933481744,-0.4447853216923309,-5.971736419314792e-06,0.5477490004204845,0.7393353424853647,1.4180681044764814,1.2066113894546382,41,7.227038954321043,20.894557286693377,1.4815984322335627,22.37615571892694
0.9999999850988388,-0.37771334218490754,-0.609400933481744,-0.4447853216923309,-5.971736419314792e-06,0.5477490004204845,0.7393353275842035,1.4180681044764814,1.2066113894546382,41,7.22703895170838,20.89455728744822,1.481598443536186,22.3761557309844
1.0,-0.37771334218490754,-0.609400933481744,-0.4447853216923309,-5.98663758050864e-06,0.5477490004204845,0.7393353275842035,1.4180681044764814,1.2066113894546382,41,7.2270389520871925,20.894557288912537,1.481598433023944,22.37615572193648
1.0,-0.37771334218490754,-0.609400933481744,-0.4447853216923309,-5.971736419314792e-06,0.5477490004204845,0.7393353275842035,1.4180681044764814,1.2066113894546382,41,7.227038956193524,20.89455729284321,1.4815984260860866,22.3761557189293
1.0,-0.3777133688108301,-0.6094009304686163,-0.44478532059468057,-1.2417954621043205e-06,0.54774899681679,0.7393353266086861,1.4180681078790145,1.2066113893495747,41,7.227040245908587,20.894558513915523,1.4815962506512634,22.376154764566795
1.0,-0.3777133539096689,-0.6094009453697775,-0.44478532059468057,-1.2417954621043205e-06,0.54774899681679,0.7393353266086861,1.4180681078790145,1.2066113893495747,41,7.227040248324754,20.894558517979203,1.4815962465534738,22.376154764532682
1.0,-0.3777133539096689,-0.6094009304686163,-0.44478533549584176,-1.2417954621043205e-06,0.54774899681679,0.7393353266086861,1.4180681078790145,1.2066113893495747,41,7.227040247859563,20.894558517983626,1.4815962465534738,22.376154764537098
1.0,-0.3777133539096689,-0.6094009304686163,-0.44478532059468057,-1.2417954621043205e-06,0.54774899681679,0.7393353266086861,1.418068129009876,1.2066113893495747,41,7.227040249922586,20.894558522632025,1.4815962419187043,22.37615476455073
1.0,-0.3777133539096689,-0.6094009304686163,-0.44478532059468057,-1.2417954621043205e-06,0.54774899681679,0.7393353266086861,1.4180681078790145,1.2066114073294856,41,7.227040250293175,20.894558523920747,1.4815962406187788,22.376154764539525
1.0,-0.3777133539096689,-0.6094009304686163,-0.44478532059468057,-1.2417954621043205e-06,0.5477490117179512,0.7393353266086861,1.4180681078790145,1.2066113893495747,41,7.227040250844735,20.89455852439271,1.4815962401389617,22.37615476453168
1.0,-0.3777133539096689,-0.6094009304686163,-0.44478532059468057,-1.2417954621043205e-06,0.54774899681679,0.7393353415098473,1.4180681078790145,1.2066113893495747,41,7.2270402529507365,20.894558525188813,1.4815962393486402,22.37615476453746
0.9999999850988388,-0.3777133539096689,-0.6094009304686163,-0.44478532059468057,-1.2417954621043205e-06,0.54774899681679,0.7393353266086861,1.4180681078790145,1.2066113893495747,41,7.227040250337867,20.89455852594333,1.4815962506512634,22.376154776594596
1.0,-0.3777133539096689,-0.6094009304686163,-0.44478532059468057,-1.2566966232981682e-06,0.54774899681679,0.7393353266086861,1.4180681078790145,1.2066113893495747,41,7.227040250716453,20.894558527407163,1.4815962401389617,22.376154767546126
1.0,-0.3777133539096689,-0.6094009304686163,-0.44478532059468057,-1.2417954621043205e-06,0.54774899681679,0.7393353266086861,1.4180681078790145,1.2066113893495747,41,7.227040254823157,20.89455853133857,1.4815962332011645,22.376154764539734
1.0,-0.3777133738198738,-0.6094009291813502,-0.4447853201257432,7.78926336922696e-07,0.5477489952772224,0.7393353261919262,1.4180681093326422,1.2066113893046895,41,7.227040800744079,20.894559043095494,1.481596039129834,22.376155082225324
1.0,-0.3777133589187126,-0.6094009440825114,-0.4447853201257432,7.78926336922696e-07,0.5477489952772224,0.7393353261919262,1.4180681093326422,1.2066113893046895,41,7.227040803160358,20.89455904715941,1.4815960350320434,22.376155082191456
1.0,-0.3777133589187126,-0.6094009291813502,-0.44478533502690437,7.78926336922696e-07,0.5477489952772224,0.7393353261919262,1.4180681093326422,1.2066113893046895,41,7.22704080269517,20.89455904716381,1.4815960350320434,22.376155082195858
1.0,-0.3777133589187126,-0.6094009291813502,-0.4447853201257432,7.78926336922696e-07,0.5477489952772224,0.7393353261919262,1.4180681304635037,1.2066113893046895,41,7.227040804758177,20.894559051812195,1.4815960303972735,22.37615508220947
1.0,-0.3777133589187126,-0.6094009291813502,-0.4447853201257432,7.78926336922696e-07,0.5477489952772224,0.7393353261919262,1.4180681093326422,1.2066114072846004,41,7.227040805128665,20.89455905310074,1.4815960290973484,22.37615508219809
1.0,-0.3777133589187126,-0.6094009291813502,-0.4447853201257432,7.78926336922696e-07,0.5477490101783836,0.7393353261919262,1.4180681093326422,1.2066113893046895,41,7.227040805680158,20.894559053572575,1.4815960286175254,22.3761550821901
1.0,-0.3777133589187126,-0.6094009291813502,-0.4447853201257432,7.78926336922696e-07,0.5477489952772224,0.7393353410930874,1.4180681093326422,1.2066113893046895,41,7.227040807786309,20.894559054368923,1.48159602782721,22.37615508219614
0.9999999850988388,-0.3777133589187126,-0.6094009291813502,-0.4447853201257432,7.78926336922696e-07,0.5477489952772224,0.7393353261919262,1.4180681093326422,1.2066113893046895,41,7.227040805173351,20.894559055123302,1.481596039129834,22.376155094253143
1.0,-0.3777133589187126,-0.6094009291813502,-0.4447853201257432,7.78926336922696e-07,0.5477490052772225,0.7393353261919262,1.4180681093326422,1.2066113893046895,41,7.227040806988746,20.89455905585722,1.4815960263356072,22.376155082192824
1.0,-0.3777133589187126,-0.6094009291813502,-0.4447853201257432,7.78926336922696e-07,0.5477489952772224,0.7393353361919263,1.4180681093326422,1.2066113893046895,41,7.227040808402162,20.89455905639164,1.4815960258052348,22.37615508219687
1.0,-0.3777133589187126,-0.6094009291813502,-0.4447853201257432,7.78926336922696e-07,0.5477489952772224,0.7393353261919262,1.4180681093326422,1.2066113993046894,41,7.227040807139202,20.89455905639298,1.4815960258052348,22.376155082198217
1.0,-0.3777133589187126,-0.6094009291813502,-0.4447853201257432,7.78926336922696e-07,0.5477489952772224,0.7393353261919262,1.418068119332642,1.2066113893046895,41,7.22704080733957,20.894559056398393,1.4815960258052348,22.376155082203624
0.99999999,-0.3777133589187126,-0.6094009291813502,-0.4447853201257432,7.78926336922696e-07,0.5477489952772224,0.7393353261919262,1.4180681093326422,1.2066113893046895,41,7.227040806648634,20.894559056897897,1.4815960333902973,22.37615509028819
1.0,-0.3777133589187126,-0.6094009291813502,-0.4447853201257432,7.78926336922696e-07,0.5477489952772224,0.7393353261919262,1.4180681093326422,1.2066113893046895,41,7.2270408096587015,20.89455906051864,1.481596021679734,22.37615508219838
1.0,-0.3777133589187126,-0.6094009291813502,-0.4447853201257432,7.78926336922696e-07,0.5477489952772224,0.7393353261919262,1.4180681093326422,1.2066113893046895,41,7.2270408096587015,20.89455906051864,1.481596021679734,22.37615508219838
1.0,-0.3777133589187126,-0.6094009291813502,-0.4447853201257432,7.88926336922696e-07,0.5477489952772224,0.7393353261919262,1.4180681093326422,1.2066113893046895,41,7.227040812414769,20.894559063157182,1.4815960263356072,22.37615508949279
1.0,-0.3777133589187126,-0.6094009291813502,-0.4447853201257432,7.938274981165436e-07,0.5477489952772224,0.7393353261919262,1.4180681093326422,1.2066113893046895,41,7.227040813765566,20.89455906445037,1.4815960286175254,22.376155093067897
1.0,-0.3777133589187126,-0.6094009291813502,-0.4447853101257432,7.78926336922696e-07,0.5477489952772224,0.7393353261919262,1.4180681093326422,1.2066113893046895,41,7.227040814331848,20.894559069480923,1.4815960127191505,22.376155082200075
1.0,-0.3777133589187126,-0.6094009191813502,-0.4447853201257432,7.78926336922696e-07,0.5477489952772224,0.7393353261919262,1.4180681093326422,1.2066113893046895,41,7.227040814019668,20.89455906948388,1.4815960127191505,22.376155082203034
1.0,-0.3777133489187126,-0.6094009291813502,-0.4447853201257432,7.78926336922696e-07,0.5477489952772224,0.7393353261919262,1.4180681093326422,1.2066113893046895,41,7.227040815641206,20.894559072211127,1.4815960099691703,22.376155082180297
1.0,-0.37818375781041275,-0.6097368684588866,-0.44383461299271026,-1.6115434785565905e-05,0.5477846114293646,0.7394360234481229,1.4183730297215507,1.2059183417242256,41,7.227135024925298,20.89465897418967,1.4815014636832808,22.37616043787295
1.0,-0.37818375781041275,-0.6097368684588866,-0.44383461299271026,-1.6115434785565905e-05,0.5477846014293646,0.7394360234481229,1.4183730297215507,1.2059183517242256,41,7.227135025080921,20.89465897473327,1.4815014631492185,22.376160437882486
1.0,-0.37818375781041275,-0.6097368684588866,-0.44383461299271026,-1.6115434785565905e-05,0.5477846014293646,0.7394360334481229,1.4183730297215507,1.2059183417242256,41,7.227135026348629,20.894658974737165,1.4815014631492185,22.37616043788638
1.0,-0.37818375781041275,-0.6097368684588866,-0.44383461299271026,-1.6115434785565905e-05,0.5477846014293646,0.7394360234481229,1.4183730397215506,1.2059183417242256,41,7.227135025293259,20.894658974757146,1.4815014631492185,22.376160437906364
0.99999999,-0.37818375781041275,-0.6097368684588866,-0.44383461299271026,-1.6115434785565905e-05,0.5477846014293646,0.7394360234481229,1.4183730297215507,1.2059183417242256,41,7.227135024593719,20.894658975242745,1.4815014707415368,22.376160445984283
1.0,-0.37818375781041275,-0.6097368684588866,-0.44383461299271026,-1.6115434785565905e-05,0.5477846014293646,0.7394360234481229,1.4183730297215507,1.2059183417242256,41,7.227135027606002,20.894658978867334,1.4815014590269746,22.376160437894306
1.0,-0.37818375781041275,-0.6097368684588866,-0.44383461299271026,-1.6105434785565904e-05,0.5477846014293646,0.7394360234481229,1.4183730297215507,1.2059183417242256,41,7.227135030353132,20.894658981487982,1.4815014543706688,22.376160435858655
1.0,-0.37818375781041275,-0.6097368584588866,-0.44383461299271026,-1.6115434785565905e-05,0.5477846014293646,0.7394360234481229,1.4183730297215507,1.2059183417242256,41,7.22713503195404,20.89465898781265,1.4815014500716173,22.376160437884277
1.0,-0.37818375781041275,-0.6097368684588866,-0.44383460299271027,-1.6115434785565905e-05,0.5477846014293646,0.7394360234481229,1.4183730297215507,1.2059183417242256,41,7.227135032284438,20.894658987841925,1.4815014500716173,22.376160437913544
1.0,-0.37818374781041275,-0.6097368684588866,-0.44383461299271026,-1.6115434785565905e-05,0.5477846014293646,0.7394360234481229,1.4183730297215507,1.2059183417242256,41,7.227135033587194,20.894658990557954,1.4815014473124126,22.376160437870364
1.0,-0.3775774577910188,-0.6093620151899619,-0.44458411024689193,-5.365474973148936e-07,0.548458326789646,0.7392457028867085,1.4187435098370622,1.2056525342033613,41,7.227139785723398,20.894756840048515,1.4813982632932405,22.376155103341755
1.0,-0.3775774577910188,-0.6093620151899619,-0.44458411024689193,-5.365474973148936e-07,0.548458316789646,0.7392457128867086,1.4187435098370622,1.2056525342033613,41,7.227139787131835,20.89475684057414,1.4813982627526134,22.376155103326752
1.0,-0.3775774577910188,-0.6093620151899619,-0.44458411024689193,-5.365474973148936e-07,0.548458316789646,0.7392457028867085,1.4187435098370622,1.2056525442033612,41,7.227139785869416,20.89475684057699,1.4813982627526134,22.376155103329598
1.0,-0.3775774577910188,-0.6093620151899619,-0.44458411024689193,-5.365474973148936e-07,0.548458316789646,0.7392457028867085,1.4187435198370622,1.2056525342033613,41,7.227139786072286,20.894756840585664,1.4813982627526134,22.376155103338277
0.99999999,-0.3775774577910188,-0.6093620151899619,-0.44458411024689193,-5.365474973148936e-07,0.548458316789646,0.7392457028867085,1.4187435098370622,1.2056525342033613,41,7.227139785382598,20.894756841087293,1.481398270340748,22.376155111428048
1.0,-0.3775774577910188,-0.6093620151899619,-0.44458411024689193,-5.365474973148936e-07,0.548458316789646,0.7392457028867085,1.4187435098370622,1.2056525342033613,41,7.227139788389635,20.894756844702865,1.4813982586313401,22.376155103334206
1.0,-0.3775774577910188,-0.6093620151899619,-0.44458411024689193,-5.265474973148936e-07,0.548458316789646,0.7392457028867085,1.4187435098370622,1.2056525342033613,41,7.227139791135992,20.89475684732392,1.4813982539694397,22.37615510129336
1.0,-0.3775774577910188,-0.6093620151899619,-0.44458410024689193,-5.365474973148936e-07,0.548458316789646,0.7392457028867085,1.4187435098370622,1.2056525342033613,41,7.227139793062731,20.89475685366672,1.4813982496727978,22.37615510333952
1.0,-0.3775774577910188,-0.6093620051899619,-0.44458411024689193,-5.365474973148936e-07,0.548458316789646,0.7392457028867085,1.4187435098370622,1.2056525342033613,41,7.227139792749943,20.894756853667364,1.4813982496727973,22.376155103340157
1.0,-0.3775774477910188,-0.6093620151899619,-0.44458411024689193,-5.365474973148936e-07,0.548458316789646,0.7392457028867085,1.4187435098370622,1.2056525342033613,41,7.2271397943697435,20.894756856391336,1.4813982469219316,22.376155103313266
1.0,-0.3772416462379474,-0.6089798668006043,-0.4449660643744829,1.0051512115451502e-05,0.548617776689941,0.7392679871561907,1.41924857537125,1.2058225740484323,41,7.227126656789408,20.894791196403585,1.4813713925195864,22.37616258892317
1.0,-0.3772416462379474,-0.6089798668006043,-0.4449660643744829,1.0051512115451502e-05,0.548617766689941,0.7392679971561907,1.41924857537125,1.2058225740484323,41,7.227126658195735,20.894791196927695,1.4813713919854266,22.37616258891312
1.0,-0.3772416462379474,-0.6089798668006043,-0.4449660643744829,1.0051512115451502e-05,0.548617766689941,0.7392679871561907,1.41924857537125,1.2058225840484322,41,7.227126656932658,20.894791196928207,1.4813713919854266,22.376162588913626
1.0,-0.3772416462379474,-0.6089798668006043,-0.4449660643744829,1.0051512115451502e-05,0.548617766689941,0.7392679871561907,1.41924858537125,1.2058225740484323,41,7.227126657132635,20.89479119693367,1.4813713919854266,22.376162588919097
0.99999999,-0.3772416462379474,-0.6089798668006043,-0.4449660643744829,1.0051512115451502e-05,0.548617766689941,0.7392679871561907,1.41924857537125,1.2058225740484323,41,7.22712665644538,20.894791197438735,1.4813713995628035,22.37616259700154
1.0,-0.3772416462379474,-0.6089798668006043,-0.4449660643744829,1.0051512115451502e-05,0.548617766689941,0.7392679871561907,1.41924857537125,1.2058225740484323,41,7.2271266594517956,20.89479120105247,1.4813713878562498,22.376162588908723
1.0,-0.3772416462379474,-0.6089798668006043,-0.4449660643744829,1.0061512115451502e-05,0.548617766689941,0.7392679871561907,1.41924857537125,1.2058225740484323,41,7.227126662201841,20.89479120368111,1.4813713925195864,22.376162596200697
1.0,-0.3772416462379474,-0.6089798668006043,-0.4449660543744829,1.0051512115451502e-05,0.548617766689941,0.7392679871561907,1.41924857537125,1.2058225740484323,41,7.227126664121969,20.894791210009352,1.4813713788977092,22.376162588907068
1.0,-0.3772416462379474,-0.6089798568006043,-0.4449660643744829,1.0051512115451502e-05,0.548617766689941,0.7392679871561907,1.41924857537125,1.2058225740484323,41,7.227126663819426,20.89479121002707,1.4813713788977092,22.37616258892478
1.0,-0.37724163623794743,-0.6089798668006043,-0.4449660643744829,1.0051512115451502e-05,0.548617766689941,0.7392679871561907,1.41924857537125,1.2058225740484323,41,7.227126665433341,20.89479121274305,1.4813713761496958,22.37616258889275
1.0,-0.377552047923655,-0.6095774970536,-0.44446191966476456,-7.001947585965606e-09,0.548558453631937,0.7391460692678937,1.4185542788699055,1.2054375642763193,41,7.227202173254968,20.89486424952677,1.481291024568831,22.3761552740956
1.0,-0.377552047923655,-0.6095774970536,-0.44446191966476456,-7.001947585965606e-09,0.548558443631937,0.7391460792678938,1.4185542788699055,1.2054375642763193,41,7.227202174662905,20.894864250051384,1.4812910240216475,22.37615527407303
1.0,-0.377552047923655,-0.6095774970536,-0.44446191966476456,-7.001947585965606e-09,0.548558443631937,0.7391460692678937,1.4185542788699055,1.2054375742763193,41,7.227202173401236,20.89486425005571,1.4812910240216475,22.376155274077355
1.0,-0.377552047923655,-0.6095774970536,-0.44446191966476456,-7.001947585965606e-09,0.548558443631937,0.7391460692678937,1.4185542888699054,1.2054375642763193,41,7.227202173605095,20.89486425006538,1.4812910240216475,22.376155274087022
0.99999999,-0.377552047923655,-0.6095774970536,-0.44446191966476456,-7.001947585965606e-09,0.548558443631937,0.7391460692678937,1.4185542788699055,1.2054375642763193,41,7.22720217291534,20.89486425056677,1.4812910316152772,22.376155282182047
1.0,-0.377552047923655,-0.6095774970536,-0.44446191966476456,-7.001947585965606e-09,0.548558443631937,0.7391460692678937,1.4185542788699055,1.2054375642763193,41,7.227202175921697,20.89486425418186,1.4812910199060845,22.37615527408795
1.0,-0.377552047923655,-0.6095774970536,-0.44446191966476456,2.9980524140343945e-09,0.548558443631937,0.7391460692678937,1.4185542788699055,1.2054375642763193,41,7.227202178666604,20.894864256801117,1.4812910180391694,22.376155274840286
1.0,-0.377552047923655,-0.6095774870535999,-0.44446191966476456,-7.001947585965606e-09,0.548558443631937,0.7391460692678937,1.4185542788699055,1.2054375642763193,41,7.2272021802785495,20.894864263141073,1.481291010946749,22.37615527408782
1.0,-0.377552047923655,-0.6095774970536,-0.44446190966476457,-7.001947585965606e-09,0.548558443631937,0.7391460692678937,1.4185542788699055,1.2054375642763193,41,7.227202180595441,20.894864263147998,1.481291010946749,22.37615527409475
1.0,-0.377552037923655,-0.6095774970536,-0.44446191966476456,-7.001947585965606e-09,0.548558443631937,0.7391460692678937,1.4185542788699055,1.2054375642763193,41,7.227202181901136,20.894864265869984,1.4812910081968924,22.376155274066875
1.0,-0.37760062174347886,-0.6096710184021201,-0.4443830275858147,-1.581028353660532e-06,0.5485491703462347,0.7391269907067514,1.4184456305129103,1.2053773152629854,41,7.227214065394976,20.894875816059027,1.4812800712724308,22.376155887331457
1.0,-0.37760062174347886,-0.6096710184021201,-0.4443830275858147,-1.581028353660532e-06,0.5485491603462347,0.7391270007067514,1.4184456305129103,1.2053773152629854,41,7.227214066803166,20.89487581658371,1.4812800707231824,22.3761558873069
1.0,-0.37760062174347886,-0.6096710184021201,-0.4443830275858147,-1.581028353660532e-06,0.5485491603462347,0.7391269907067514,1.4184456305129103,1.2053773252629854,41,7.227214065541715,20.894875816588645,1.4812800707231824,22.37615588731183
1.0,-0.37760062174347886,-0.6096710184021201,-0.4443830275858147,-1.581028353660532e-06,0.5485491603462347,0.7391269907067514,1.4184456405129102,1.2053773152629854,41,7.227214065746184,20.894875816598965,1.4812800707231824,22.37615588732215
0.99999999,-0.37760062174347886,-0.6096710184021201,-0.4443830275858147,-1.581028353660532e-06,0.5485491603462347,0.7391269907067514,1.4184456305129103,1.2053773152629854,41,7.227214065056034,20.89487581709978,1.4812800783193552,22.37615589541913
1.0,-0.37760062174347886,-0.6096710184021201,-0.4443830275858147,-1.581028353660532e-06,0.5485491603462347,0.7391269907067514,1.4184456305129103,1.2053773152629854,41,7.227214068062382,20.894875820715082,1.4812800666097496,22.37615588732483
1.0,-0.37760062174347886,-0.6096710184021201,-0.4443830275858147,-1.571028353660532e-06,0.5485491603462347,0.7391269907067514,1.4184456305129103,1.2053773152629854,41,7.227214070806488,20.894875823332875,1.4812800619470685,22.376155885279942
1.0,-0.37760062174347886,-0.6096710084021201,-0.4443830275858147,-1.581028353660532e-06,0.5485491603462347,0.7391269907067514,1.4184456305129103,1.2053773152629854,41,7.227214072417549,20.894875829671893,1.4812800576502902,22.376155887322184
1.0,-0.37760062174347886,-0.6096710184021201,-0.4443830175858147,-1.581028353660532e-06,0.5485491603462347,0.7391269907067514,1.4184456305129103,1.2053773152629854,41,7.227214072736686,20.89487582968267,1.4812800576502902,22.37615588733296
1.0,-0.37760061174347886,-0.6096710184021201,-0.4443830275858147,-1.581028353660532e-06,0.5485491603462347,0.7391269907067514,1.4184456305129103,1.2053773152629854,41,7.227214074041493,20.894875832402825,1.4812800549001448,22.37615588730297
1.0,-0.3777485652221424,-0.609622016754154,-0.44386591202323034,-1.1833598386661548e-05,0.5486605092357816,0.739291761636095,1.4189971793883434,1.204987757985526,41,7.2273060499433655,20.895022026358,1.4811374149160768,22.37615944127408
1.0,-0.3777485652221424,-0.609622016754154,-0.44386591202323034,-1.1833598386661548e-05,0.5486604992357815,0.739291771636095,1.4189971793883434,1.204987757985526,41,7.227306051354656,20.89502202688539,1.4811374143694978,22.37615944125488
1.0,-0.3777485652221424,-0.609622016754154,-0.44386591202323034,-1.1833598386661548e-05,0.5486604992357815,0.739291761636095,1.4189971793883434,1.2049877679855259,41,7.2273060500907995,20.895022026887773,1.4811374143694978,22.376159441257272
1.0,-0.3777485652221424,-0.609622016754154,-0.44386591202323034,-1.1833598386661548e-05,0.5486604992357815,0.739291761636095,1.4189971893883433,1.204987757985526,41,7.227306050298129,20.895022026901174,1.4811374143694978,22.376159441270673
0.99999999,-0.3777485652221424,-0.609622016754154,-0.44386591202323034,-1.1833598386661548e-05,0.5486604992357815,0.739291761636095,1.4189971793883434,1.204987757985526,41,7.227306049604276,20.895022027396603,1.4811374219632247,22.376159449359825
1.0,-0.3777485652221424,-0.609622016754154,-0.44386591202323034,-1.1833598386661548e-05,0.5486604992357815,0.739291761636095,1.4189971793883434,1.204987757985526,41,7.227306052612647,20.895022031015298,1.4811374102523618,22.376159441267657
1.0,-0.3777485652221424,-0.609622016754154,-0.44386591202323034,-1.1823598386661548e-05,0.5486604992357815,0.739291761636095,1.4189971793883434,1.204987757985526,41,7.227306055350974,20.895022033621142,1.4811374055886468,22.37615943920979
1.0,-0.3777485652221424,-0.6096220067541539,-0.44386591202323034,-1.1833598386661548e-05,0.5486604992357815,0.739291761636095,1.4189971793883434,1.204987757985526,41,7.227306056966404,20.895022039971597,1.4811374012977145,22.376159441269312
1.0,-0.3777485652221424,-0.609622016754154,-0.44386590202323034,-1.1833598386661548e-05,0.5486604992357815,0.739291761636095,1.4189971793883434,1.204987757985526,41,7.227306057292151,20.89502203999444,1.4811374012977145,22.37615944129215
1.0,-0.3777485552221424,-0.609622016754154,-0.44386591202323034,-1.1833598386661548e-05,0.5486604992357815,0.739291761636095,1.4189971793883434,1.204987757985526,41,7.227306058592067,20.89502204270401,1.481137398541499,22.376159441245512
1.0,-0.37813117858953343,-0.6095039556030776,-0.443827698919488,-1.6484380252137866e-05,0.5476228567169027,0.7392960233224629,1.4182762717886477,1.2059758450666047,41,7.227339787106553,20.895084575107802,1.4810761114167372,22.376160686524535
1.0,-0.37813117858953343,-0.6095039556030776,-0.443827698919488,-1.6484380252137866e-05,0.5476228467169026,0.7392960233224629,1.4182762717886477,1.2059758550666047,41,7.227339787261917,20.89508457564922,1.4810761108820156,22.37616068653124
1.0,-0.37813117858953343,-0.6095039556030776,-0.443827698919488,-1.6484380252137866e-05,0.5476228467169026,0.739296033322463,1.4182762717886477,1.2059758450666047,41,7.227339788530098,20.89508457565364,1.4810761108820156,22.376160686535652
1.0,-0.37813117858953343,-0.6095039556030776,-0.443827698919488,-1.6484380252137866e-05,0.5476228467169026,0.7392960233224629,1.4182762817886476,1.2059758450666047,41,7.227339787471262,20.895084575664367,1.4810761108820156,22.376160686546378
0.99999999,-0.37813117858953343,-0.6095039556030776,-0.443827698919488,-1.6484380252137866e-05,0.5476228467169026,0.7392960233224629,1.4182762717886477,1.2059758450666047,41,7.2273397867723315,20.895084576152822,1.4810761184759187,22.376160694628744
1.0,-0.37813117858953343,-0.6095039556030776,-0.443827698919488,-1.6484380252137866e-05,0.5476228467169026,0.7392960233224629,1.4182762717886477,1.2059758450666047,41,7.227339789786734,20.89508457978226,1.4810761067618032,22.376160686544065
1.0,-0.37813117858953343,-0.6095039556030776,-0.443827698919488,-1.6474380252137864e-05,0.5476228467169026,0.7392960233224629,1.4182762717886477,1.2059758450666047,41,7.227339792533601,20.89508458240093,1.481076102106869,22.376160684507806
1.0,-0.37813117858953343,-0.6095039456030775,-0.443827698919488,-1.6484380252137866e-05,0.5476228467169026,0.7392960233224629,1.4182762717886477,1.2059758450666047,41,7.2273397941413515,20.89508458874285,1.4810760978084843,22.376160686551334
1.0,-0.37813117858953343,-0.6095039556030776,-0.443827688919488,-1.6484380252137866e-05,0.5476228467169026,0.7392960233224629,1.4182762717886477,1.2059758450666047,41,7.227339794467072,20.895084588763744,1.4810760978084843,22.37616068657223
1.0,-0.37813116858953344,-0.6095039556030776,-0.443827698919488,-1.6484380252137866e-05,0.5476228467169026,0.7392960233224629,1.4182762717886477,1.2059758450666047,41,7.227339795769642,20.8950845914765,1.4810760950476882,22.376160686524187
1.0,-0.3485046209239429,-0.5536511862568723,-0.49163984210243233,0.0009412699511901507,0.5541099025192966,0.7505551598860545,1.4835266387880075,1.2414668249555487,41,7.224094271251767,20.89512389617085,1.4963011161538229,22.391425012324675
1.0,-0.3485046209239429,-0.5536511862568723,-0.49163984210243233,0.0009412699511901507,0.5541099125192966,0.7505551598860545,1.4835266287880076,1.2414668249555487,41,7.224094271610697,20.895123896481323,1.4963011154822075,22.391425011963534
1.0,-0.3485046209239429,-0.5536511862568723,-0.49163984210243233,0.0009412699511901507,0.5541099025192966,0.7505551598860545,1.4835266287880076,1.2414668349555487,41,7.224094271437337,20.895123896552274,1.4963011161538229,22.3914250127061
1.0,-0.3485046209239429,-0.5536511862568723,-0.49163984210243233,0.0009412699511901507,0.5541099025192966,0.7505551698860545,1.4835266287880076,1.2414668249555487,41,7.224094272777674,20.895123896845305,1.4963011161538233,22.39142501299914
0.99999999,-0.3485046209239429,-0.5536511862568723,-0.49163984210243233,0.0009412699511901507,0.5541099025192966,0.7505551598860545,1.4835266287880076,1.2414668249555487,41,7.2240942707848355,20.895123896974933,1.4963011222265619,22.391425019201495
1.0,-0.3485046209239429,-0.5536511862568723,-0.49163984210243233,0.0009412699511901507,0.5541099025192966,0.7505551598860545,1.4835266287880076,1.2414668249555487,41,7.22409427379025,20.895123900452745,1.4963011107642723,22.391425011217017
1.0,-0.3485046209239429,-0.5536511862568723,-0.49163984210243233,0.0009412799511901508,0.5541099025192966,0.7505551598860545,1.4835266287880076,1.2414668249555487,41,7.224094277021391,20.895123903956904,1.4963011154822075,22.39142501943911
1.0,-0.3485046209239429,-0.5536511862568723,-0.49163983210243234,0.0009412699511901507,0.5541099025192966,0.7505551598860545,1.4835266287880076,1.2414668249555487,41,7.224094278100127,20.895123908462722,1.4963011018792984,22.39142501034202
1.0,-0.3485046209239429,-0.5536511762568722,-0.49163984210243233,0.0009412699511901507,0.5541099025192966,0.7505551598860545,1.4835266287880076,1.2414668249555487,41,7.22409427927569,20.89512391102282,1.4963011018792984,22.39142501290212
1.0,-0.3485046109239429,-0.5536511862568723,-0.49163984210243233,0.0009412699511901507,0.5541099025192966,0.7505551598860545,1.4835266287880076,1.2414668249555487,41,7.224094279979332,20.89512391238307,1.4963010993019827,22.391425011685055
1.0,-0.3780013676957857,-0.6053519923309283,-0.44287592723652347,1.8924872520957567e-05,0.550929608986814,0.7421553448674937,1.426767036423149,1.2019605032476133,41,7.22750456543798,20.895297530851384,1.4809632080611834,22.37626073891257
1.0,-0.3780013676957857,-0.6053519923309283,-0.44287592723652347,1.8924872520957567e-05,0.5509295989868139,0.7421553448674937,1.426767046423149,1.2019605032476133,41,7.227504565761663,20.89529753131227,1.480963207581461,22.376260738893738
1.0,-0.3780013676957857,-0.6053519923309283,-0.44287592723652347,1.8924872520957567e-05,0.5509295989868139,0.7421553448674937,1.426767036423149,1.2019605132476132,41,7.22750456556079,20.895297531327955,1.480963207581461,22.376260738909423
1.0,-0.3780013676957857,-0.6053519923309283,-0.44287592723652347,1.8924872520957567e-05,0.5509295989868139,0.7421553548674937,1.426767036423149,1.2019605032476133,41,7.227504566856,20.89529753136749,1.480963207581461,22.376260738948957
0.99999999,-0.3780013676957857,-0.6053519923309283,-0.44287592723652347,1.8924872520957567e-05,0.5509295989868139,0.7421553448674937,1.426767036423149,1.2019605032476133,41,7.22750456505266,20.89529753179794,1.4809632150911327,22.376260746889077
1.0,-0.3780013676957857,-0.6053519923309283,-0.44287592723652347,1.8924872520957567e-05,0.5509295989868139,0.7421553448674937,1.426767036423149,1.2019605032476133,41,7.227504568085049,20.895297535448258,1.4809632033781213,22.37626073882638
1.0,-0.3780013676957857,-0.6053519923309283,-0.44287592723652347,1.893487252095757e-05,0.5509295989868139,0.7421553448674937,1.426767036423149,1.2019605032476133,41,7.227504570782186,20.895297537950462,1.4809632080611834,22.376260746011646
1.0,-0.3780013676957857,-0.6053519923309283,-0.4428759172365235,1.8924872520957567e-05,0.5509295989868139,0.7421553448674937,1.426767036423149,1.2019605032476133,41,7.227504572783346,20.895297544473127,1.480963194468184,22.376260738941312
1.0,-0.3780013676957857,-0.6053519823309282,-0.44287592723652347,1.8924872520957567e-05,0.5509295989868139,0.7421553448674937,1.426767036423149,1.2019605032476133,41,7.227504572511604,20.8952975445456,1.480963194468184,22.376260739013784
1.0,-0.3780013576957857,-0.6053519923309283,-0.44287592723652347,1.8924872520957567e-05,0.5509295989868139,0.7421553448674937,1.426767036423149,1.2019605032476133,41,7.227504574079668,20.895297547155625,1.4809631916651096,22.376260738820733
1.0,-0.37659471326350996,-0.6091799908626861,-0.44399991837751734,-2.590126341737614e-06,0.550439527421555,0.7387208294698048,1.420732506297685,1.202757314821882,41,7.227887576439906,20.89626500138262,1.4798993812245955,22.376164382607218
1.0,-0.37659471326350996,-0.6091799908626861,-0.44399991837751734,-2.590126341737614e-06,0.550439517421555,0.7387208294698048,1.420732506297685,1.202757324821882,41,7.227887576581949,20.896265001905142,1.4798993806508918,22.376164382556034
1.0,-0.37659471326350996,-0.6091799908626861,-0.44399991837751734,-2.590126341737614e-06,0.550439517421555,0.7387208394698048,1.420732506297685,1.202757314821882,41,7.227887577860553,20.89626500192723,1.4798993806508918,22.37616438257813
1.0,-0.37659471326350996,-0.6091799908626861,-0.44399991837751734,-2.590126341737614e-06,0.550439517421555,0.7387208294698048,1.420732516297685,1.202757314821882,41,7.227887576809519,20.896265001950333,1.4798993806508918,22.37616438260122
0.99999999,-0.37659471326350996,-0.6091799908626861,-0.44399991837751734,-2.590126341737614e-06,0.550439517421555,0.7387208294698048,1.420732506297685,1.202757314821882,41,7.227887576112167,20.896265002439584,1.4798993882468923,22.376164390686476
1.0,-0.37659471326350996,-0.6091799908626861,-0.44399991837751734,-2.590126341737614e-06,0.550439517421555,0.7387208294698048,1.420732506297685,1.202757314821882,41,7.2278875791176205,20.89626500605319,1.4798993765458377,22.376164382599033
1.0,-0.37659471326350996,-0.6091799908626861,-0.44399991837751734,-2.580126341737614e-06,0.550439517421555,0.7387208294698048,1.420732506297685,1.202757314821882,41,7.227887581848474,20.89626500864804,1.4798993718670796,22.37616438051512
1.0,-0.37659471326350996,-0.6091799808626861,-0.44399991837751734,-2.590126341737614e-06,0.550439517421555,0.7387208294698048,1.420732506297685,1.202757314821882,41,7.227887583471278,20.896265015007977,1.4798993675938084,22.376164382601782
1.0,-0.37659471326350996,-0.6091799908626861,-0.44399990837751735,-2.590126341737614e-06,0.550439517421555,0.7387208294698048,1.420732506297685,1.202757314821882,41,7.227887583782797,20.89626501501187,1.4798993675938084,22.376164382605676
1.0,-0.37659470326350997,-0.6091799908626861,-0.44399991837751734,-2.590126341737614e-06,0.550439517421555,0.7387208294698048,1.420732506297685,1.202757314821882,41,7.227887585099083,20.896265017747016,1.4798993648447827,22.3761643825918
1.0,-0.37734759895723285,-0.6059991375101415,-0.44358213137201025,-4.230720392790119e-05,0.5480743607115243,0.7384628830939299,1.4255647435766554,1.2062573355968216,41,7.227674958649422,20.896384115175458,1.4798303371044563,22.37621445227991
1.0,-0.37734759895723285,-0.6059991375101415,-0.44358213137201025,-4.230720392790119e-05,0.5480743507115242,0.7384628830939299,1.4255647435766554,1.2062573455968215,41,7.227674958797205,20.89638411570954,1.4798303366420278,22.37621445235157
1.0,-0.37734759895723285,-0.6059991375101415,-0.44358213137201025,-4.230720392790119e-05,0.5480743507115242,0.73846289309393,1.4255647435766554,1.2062573355968216,41,7.227674960070322,20.896384115728683,1.4798303366420278,22.37621445237071
1.0,-0.37734759895723285,-0.6059991375101415,-0.44358213137201025,-4.230720392790119e-05,0.5480743507115242,0.7384628830939299,1.4255647535766554,1.2062573355968216,41,7.227674959019373,20.89638411576339,1.4798303366420278,22.37621445240542
0.99999999,-0.37734759895723285,-0.6059991375101415,-0.44358213137201025,-4.230720392790119e-05,0.5480743507115242,0.7384628830939299,1.4255647435766554,1.2062573355968216,41,7.227674958324933,20.896384116251166,1.4798303441529193,22.376214460404086
1.0,-0.37734759895723285,-0.6059991375101415,-0.44358213137201025,-4.230720392790119e-05,0.5480743507115242,0.7384628830939299,1.4255647435766554,1.2062573355968216,41,7.227674961327311,20.89638411985402,1.479830332445465,22.376214452299482
1.0,-0.37734759895723285,-0.6059991375101415,-0.44358213137201025,-4.229720392790119e-05,0.5480743507115242,0.7384628830939299,1.4255647435766554,1.2062573355968216,41,7.227674964062878,20.896384122456467,1.4798303277864733,22.376214450242937
1.0,-0.37734759895723285,-0.6059991375101415,-0.44358212137201025,-4.230720392790119e-05,0.5480743507115242,0.7384628830939299,1.4255647435766554,1.2062573355968216,41,7.2276749660040585,20.896384128818383,1.4798303235240238,22.376214452342406
1.0,-0.37734759895723285,-0.6059991275101414,-0.44358213137201025,-4.230720392790119e-05,0.5480743507115242,0.7384628830939299,1.4255647435766554,1.2062573355968216,41,7.227674965709333,20.896384128842325,1.4798303235240238,22.376214452366344
1.0,-0.37734758895723286,-0.6059991375101415,-0.44358213137201025,-4.230720392790119e-05,0.5480743507115242,0.7384628830939299,1.4255647435766554,1.2062573355968216,41,7.227674967305596,20.89638413153345,1.4798303207380104,22.376214452271462
1.0,-0.3770575543393409,-0.6102364063378878,-0.4420885899290465,-1.084552109264448e-05,0.547295332417712,0.7384749463321285,1.4186387088997834,1.2060807198277097,41,7.228562312986288,20.89755372797055,1.4786173570191619,22.376171084989714
1.0,-0.3770575543393409,-0.6102364063378878,-0.4420885899290465,-1.084552109264448e-05,0.547295322417712,0.7384749463321285,1.4186387088997834,1.2060807298277096,41,7.228562313151436,20.897553728527654,1.478617356483262,22.37617108501092
1.0,-0.3770575543393409,-0.6102364063378878,-0.4420885899290465,-1.084552109264448e-05,0.547295322417712,0.7384749563321286,1.4186387088997834,1.2060807198277097,41,7.22856231441912,20.8975537285316,1.478617356483262,22.37617108501486
1.0,-0.3770575543393409,-0.6102364063378878,-0.4420885899290465,-1.084552109264448e-05,0.547295322417712,0.7384749463321285,1.4186387188997833,1.2060807198277097,41,7.228562313358503,20.897553728533605,1.478617356483262,22.376171085016868
0.99999999,-0.3770575543393409,-0.6102364063378878,-0.4420885899290465,-1.084552109264448e-05,0.547295322417712,0.7384749463321285,1.4186387088997834,1.2060807198277097,41,7.22856231265361,20.897553729009324,1.4786173640720484,22.376171093081368
1.0,-0.3770575543393409,-0.6102364063378878,-0.4420885899290465,-1.084552109264448e-05,0.547295322417712,0.7384749463321285,1.4186387088997834,1.2060807198277097,41,7.228562315673202,20.897553732655314,1.4786173523670592,22.376171085022378
1.0,-0.3770575543393409,-0.6102364063378878,-0.4420885899290465,-1.083552109264448e-05,0.547295322417712,0.7384749463321285,1.4186387088997834,1.2060807198277097,41,7.228562318427273,20.89755373529967,1.478617347714957,22.37617108301463
1.0,-0.3770575543393409,-0.6102363963378877,-0.4420885899290465,-1.084552109264448e-05,0.547295322417712,0.7384749463321285,1.4186387088997834,1.2060807198277097,41,7.228562320015921,20.897553741599985,1.4786173434222967,22.376171085022282
1.0,-0.3770575543393409,-0.6102364063378878,-0.4420885799290465,-1.084552109264448e-05,0.547295322417712,0.7384749463321285,1.4186387088997834,1.2060807198277097,41,7.22856232037919,20.897553741695962,1.478617343422297,22.37617108511826
1.0,-0.3770575443393409,-0.6102364063378878,-0.4420885899290465,-1.084552109264448e-05,0.547295322417712,0.7384749463321285,1.4186387088997834,1.2060807198277097,41,7.228562321662924,20.897553744374456,1.4786173406620704,22.37617108503653
1.0,-0.37637709298771327,-0.6061941558719388,-0.44381246693452847,-3.070623395217449e-05,0.547342233242778,0.7354485364880438,1.4250664050075401,1.2077914047078253,41,7.228370189154041,20.898297880295022,1.4778996882239124,22.376197568518933
1.0,-0.37637709298771327,-0.6061941558719388,-0.44381246693452847,-3.070623395217449e-05,0.5473422232427779,0.7354485464880438,1.4250664050075401,1.2077914047078253,41,7.228370190528428,20.898297880787347,1.4778996877453812,22.376197568532728
1.0,-0.37637709298771327,-0.6061941558719388,-0.44381246693452847,-3.070623395217449e-05,0.5473422232427779,0.7354485364880438,1.4250664050075401,1.2077914147078253,41,7.228370189296492,20.898297880826007,1.4778996877453812,22.37619756857139
1.0,-0.37637709298771327,-0.6061941558719388,-0.44381246693452847,-3.070623395217449e-05,0.5473422232427779,0.7354485364880438,1.42506641500754,1.2077914047078253,41,7.228370189495603,20.89829788085151,1.4778996877453812,22.376197568596886
0.99999999,-0.37637709298771327,-0.6061941558719388,-0.44381246693452847,-3.070623395217449e-05,0.5473422232427779,0.7354485364880438,1.4250664050075401,1.2077914047078253,41,7.228370188833649,20.898297881382764,1.4778996952704477,22.376197576653208
1.0,-0.37637709298771327,-0.6061941558719388,-0.44381246693452847,-3.070623395217449e-05,0.5473422232427779,0.7354485364880438,1.4250664050075401,1.2077914047078253,41,7.228370191807926,20.89829788494624,1.4778996835712426,22.376197568517476
1.0,-0.37637709298771327,-0.6061941558719388,-0.44381246693452847,-3.0696233952174486e-05,0.5473422232427779,0.7354485364880438,1.4250664050075401,1.2077914047078253,41,7.228370194544275,20.89829788757137,1.4778996789185723,22.376197566489942
1.0,-0.37637709298771327,-0.6061941558719388,-0.4438124569345285,-3.070623395217449e-05,0.5473422232427779,0.7354485364880438,1.4250664050075401,1.2077914047078253,41,7.228370196490022,20.898297893917707,1.477899674646186,22.37619756856389
1.0,-0.37637709298771327,-0.6061941458719388,-0.44381246693452847,-3.070623395217449e-05,0.5473422232427779,0.7354485364880438,1.4250664050075401,1.2077914047078253,41,7.228370196186406,20.898297893919384,1.4778996746461859,22.37619756856557
1.0,-0.3763770829877133,-0.6061941558719388,-0.44381246693452847,-3.070623395217449e-05,0.5473422232427779,0.7354485364880438,1.4250664050075401,1.2077914047078253,41,7.228370197769174,20.898297896601,1.4778996718720372,22.376197568473035
1.0,-0.3760967744598106,-0.6034212408216559,-0.4409156267467288,-0.0002770471455068446,0.5625156351894307,0.7466183316648962,1.4323985019481353,1.1857675023969874,41,7.229579902280378,20.898316413710955,1.4783373873146923,22.376653801025643
1.0,-0.3760967744598106,-0.6034212408216559,-0.4409156267467288,-0.0002770471455068446,0.5625156251894307,0.7466183316648962,1.4323985119481353,1.1857675023969874,41,7.229579902433011,20.89831641375151,1.4783373866651768,22.376653800416687
1.0,-0.3760967744598106,-0.6034212408216559,-0.4409156267467288,-0.0002770471455068446,0.5625156251894307,0.7466183316648962,1.4323985019481353,1.1857675123969873,41,7.2295799022981555,20.898316413974655,1.4783373866651768,22.376653800639833
1.0,-0.3760967744598106,-0.6034212408216559,-0.4409156267467288,-0.0002770471455068446,0.5625156251894307,0.7466183416648963,1.4323985019481353,1.1857675023969874,41,7.229579903609682,20.898316414010328,1.4783373866651768,22.3766538006755
0.99999999,-0.3760967744598106,-0.6034212408216559,-0.4409156267467288,-0.0002770471455068446,0.5625156251894307,0.7466183316648962,1.4323985019481353,1.1857675023969874,41,7.229579901741275,20.898316414318582,1.4783373942277773,22.376653808546358
1.0,-0.3760967744598106,-0.6034212408216559,-0.4409156267467288,-0.0002770471455068446,0.5625156251894307,0.7466183316648962,1.4323985019481353,1.1857675023969874,41,7.229579904799296,20.898316418018794,1.4783373825309554,22.376653800549743
1.0,-0.3760967744598106,-0.6034212408216559,-0.4409156267467288,-0.0002770371455068446,0.5625156251894307,0.7466183316648962,1.4323985019481353,1.1857675023969874,41,7.22957990733085,20.898316420165674,1.4783373777472173,22.376653797912894
1.0,-0.3760967744598106,-0.6034212408216559,-0.4409156167467288,-0.0002770471455068446,0.5625156251894307,0.7466183316648962,1.4323985019481353,1.1857675023969874,41,7.22957990955185,20.898316427221573,1.4783373736540915,22.376653800875662
1.0,-0.3760967744598106,-0.6034212308216559,-0.4409156267467288,-0.0002770471455068446,0.5625156251894307,0.7466183316648962,1.4323985019481353,1.1857675023969874,41,7.2295799093538395,20.898316427428114,1.4783373736540915,22.3766538010822
1.0,-0.3760967644598106,-0.6034212408216559,-0.4409156267467288,-0.0002770471455068446,0.5625156251894307,0.7466183316648962,1.4323985019481353,1.1857675023969874,41,7.2295799108067405,20.89831642975849,1.4783373708341325,22.37665380059262
1.0,-0.37612814729177974,-0.6027409195368271,-0.442495065061696,-7.196113894512823e-05,0.559167294750947,0.7447750964104616,1.4324109496502138,1.189011088144188,41,7.229439321118357,20.89841104891818,1.4780632750934855,22.376474324011667
1.0,-0.37612814729177974,-0.6027409195368271,-0.442495065061696,-7.196113894512823e-05,0.5591672847509469,0.7447750964104616,1.4324109496502138,1.189011098144188,41,7.229439321209718,20.89841104932368,1.478063274490186,22.376474323813866
1.0,-0.37612814729177974,-0.6027409195368271,-0.442495065061696,-7.196113894512823e-05,0.5591672847509469,0.7447750964104616,1.4324109596502137,1.189011088144188,41,7.229439321492728,20.898411049386514,1.478063274490186,22.376474323876703
1.0,-0.37612814729177974,-0.6027409195368271,-0.442495065061696,-7.196113894512823e-05,0.5591672847509469,0.7447751064104616,1.4324109496502138,1.189011088144188,41,7.2294393226154465,20.898411049522338,1.478063274490187,22.376474324012523
0.99999999,-0.37612814729177974,-0.6027409195368271,-0.442495065061696,-7.196113894512823e-05,0.5591672847509469,0.7447750964104616,1.4324109496502138,1.189011088144188,41,7.2294393207302505,20.89841104981826,1.478063282037041,22.3764743318553
1.0,-0.37612814729177974,-0.6027409195368271,-0.442495065061696,-7.196113894512823e-05,0.5591672847509469,0.7447750964104616,1.4324109496502138,1.189011088144188,41,7.229439323805315,20.898411053535128,1.4780632703399519,22.37647432387508
1.0,-0.37612814729177974,-0.6027409195368271,-0.442495065061696,-7.195113894512823e-05,0.5591672847509469,0.7447750964104616,1.4324109496502138,1.189011088144188,41,7.229439326430594,20.89841105586193,1.478063265586418,22.376474321448356
1.0,-0.37612814729177974,-0.6027409195368271,-0.442495055061696,-7.196113894512823e-05,0.5591672847509469,0.7447750964104616,1.4324109496502138,1.189011088144188,41,7.229439328461068,20.89841106253551,1.4780632614554463,22.376474323990955
1.0,-0.37612814729177974,-0.602740909536827,-0.442495065061696,-7.196113894512823e-05,0.5591672847509469,0.7447750964104616,1.4324109496502138,1.189011088144188,41,7.229439328279783,20.89841106276399,1.4780632614554463,22.376474324219437
1.0,-0.37612813729177974,-0.6027409195368271,-0.442495065061696,-7.196113894512823e-05,0.5591672847509469,0.7447750964104616,1.4324109496502138,1.189011088144188,41,7.229439329833813,20.898411065299815,1.4780632586428628,22.376474323942674
1.0,-0.37377006017622694,-0.6029950580778383,-0.44443494652962307,-0.00019648078559341878,0.561430859528126,0.7444957151621602,1.4378402111581796,1.1808505046931759,41,7.230283127788872,20.899753716676308,1.477151918839312,22.37690563551562
1.0,-0.37377006017622694,-0.6029950580778383,-0.44443494652962307,-0.00019648078559341878,0.5614308495281259,0.7444957151621602,1.4378402111581796,1.1808505146931758,41,7.230283128063459,20.89975371743404,1.477151918181592,22.376905635615636
1.0,-0.37377006017622694,-0.6029950580778383,-0.44443494652962307,-0.00019648078559341878,0.5614308495281259,0.7444957251621602,1.4378402111581796,1.1808505046931759,41,7.230283129874798,20.899753718296086,1.477151918181592,22.37690563647768
0.99999999,-0.37377006017622694,-0.6029950580778383,-0.44443494652962307,-0.00019648078559341878,0.5614308495281259,0.7444957151621602,1.4378402111581796,1.1808505046931759,41,7.230283127860345,20.899753718432926,1.477151925742525,22.376905644175448
1.0,-0.37377006017622694,-0.6029950580778383,-0.44443494652962307,-0.00019648078559341878,0.5614308495281259,0.7444957151621602,1.4378402211581796,1.1808505046931759,41,7.230283128910439,20.89975371850499,1.477151918181592,22.376905636686583
1.0,-0.37377006017622694,-0.6029950580778383,-0.44443494652962307,-0.00019648078559341878,0.5614308495281259,0.7444957151621602,1.4378402111581796,1.1808505046931759,41,7.230283131021376,20.899753722248413,1.4771519140654792,22.376905636313893
1.0,-0.37377006017622694,-0.6029950580778383,-0.44443494652962307,-0.0001964707855934188,0.5614308495281259,0.7444957151621602,1.4378402111581796,1.1808505046931759,41,7.230283133816413,20.899753724878803,1.477151909291647,22.376905634170445
1.0,-0.37377006017622694,-0.6029950580778383,-0.44443493652962307,-0.00019648078559341878,0.5614308495281259,0.7444957151621602,1.4378402111581796,1.1808505046931759,41,7.230283135356889,20.899753730636455,1.4771519051623248,22.376905635798778
1.0,-0.37377006017622694,-0.6029950480778382,-0.44443494652962307,-0.00019648078559341878,0.5614308495281259,0.7444957151621602,1.4378402111581796,1.1808505046931759,41,7.230283135215814,20.899753730906298,1.477151905162324,22.37690563606862
1.0,-0.37377005017622694,-0.6029950580778383,-0.44443494652962307,-0.00019648078559341878,0.5614308495281259,0.7444957151621602,1.4378402111581796,1.1808505046931759,41,7.230283137137906,20.89975373413873,1.4771519023884336,22.37690563652716
1.0,-0.38344653267543793,-0.6152232680254617,-0.42941420093000743,0.013847938093914278,0.5620479117816739,0.7654712834921322,1.4114148673144642,1.1736187723970881,41,7.235504361675314,20.900016183497172,1.4877774039350675,22.38779358743223
0.99999999,-0.38344653267543793,-0.6152232680254617,-0.42941420093000743,0.013847938093914278,0.5620479017816739,0.7654712834921322,1.4114148673144642,1.1736187723970881,41,7.2355043612876315,20.900016184227944,1.4877774107992479,22.387793595027187
1.0,-0.38344653267543793,-0.6152232680254617,-0.42941420093000743,0.013847938093914278,0.5620479017816739,0.7654712834921322,1.4114148673144642,1.173618782397088,41,7.235504362130382,20.90001618447908,1.4877774030123412,22.38779358749142
1.0,-0.38344653267543793,-0.6152232680254617,-0.42941420093000743,0.013847938093914278,0.5620479017816739,0.7654712834921322,1.4114148773144641,1.1736187723970881,41,7.235504362683654,20.90001618478373,1.4877774030123412,22.387793587796068
1.0,-0.38344653267543793,-0.6152232680254617,-0.42941420093000743,0.013847938093914278,0.5620479017816739,0.7654712934921323,1.4114148673144642,1.1736187723970881,41,7.235504364020737,20.900016185297492,1.4877774030123416,22.38779358830983
1.0,-0.38344653267543793,-0.6152232680254617,-0.42941420093000743,0.013847938093914278,0.5620479017816739,0.7654712834921322,1.4114148673144642,1.1736187723970881,41,7.235504364919454,20.900016188904594,1.487777399039952,22.387793587944543
1.0,-0.38344653267543793,-0.6152232680254617,-0.42941420093000743,0.013847948093914278,0.5620479017816739,0.7654712834921322,1.4114148673144642,1.1736187723970881,41,7.235504368152772,20.90001619230342,1.4877774039350675,22.387793596238488
1.0,-0.38344653267543793,-0.6152232580254616,-0.42941420093000743,0.013847938093914278,0.5620479017816739,0.7654712834921322,1.4114148673144642,1.1736187723970881,41,7.235504369147021,20.900016197831484,1.4877773901605336,22.387793587992014
1.0,-0.38344653267543793,-0.6152232680254617,-0.42941419093000743,0.013847938093914278,0.5620479017816739,0.7654712834921322,1.4114148673144642,1.1736187723970881,41,7.235504369532471,20.90001619800531,1.4877773901605336,22.387793588165845
1.0,-0.38344652267543794,-0.6152232680254617,-0.42941420093000743,0.013847938093914278,0.5620479017816739,0.7654712834921322,1.4114148673144642,1.1736187723970881,41,7.235504371347071,20.900016201478433,1.487777387280657,22.387793588759088
1.0,-0.3745036351199712,-0.6020625570008474,-0.4427593306918429,-9.990247748757599e-05,0.5617014300805894,0.7438912690528888,1.4345027524077418,1.1844237289302488,41,7.230732143145801,20.90096681477462,1.475620988152695,22.376587802927318
1.0,-0.3745036351199712,-0.6020625570008474,-0.4427593306918429,-9.990247748757599e-05,0.5617014200805893,0.7438912690528888,1.4345027524077418,1.1844237389302488,41,7.230732143253338,20.900966815210268,1.4756209874893178,22.376587802699586
1.0,-0.3745036351199712,-0.6020625570008474,-0.4427593306918429,-9.990247748757599e-05,0.5617014200805893,0.7438912690528888,1.4345027624077418,1.1844237289302488,41,7.230732143635739,20.900966815432593,1.4756209874893178,22.37658780292191
1.0,-0.3745036351199712,-0.6020625570008474,-0.4427593306918429,-9.990247748757599e-05,0.5617014200805893,0.7438912790528889,1.4345027524077418,1.1844237289302488,41,7.230732144736729,20.900966815533653,1.4756209874893178,22.376587803022968
0.99999999,-0.3745036351199712,-0.6020625570008474,-0.4427593306918429,-9.990247748757599e-05,0.5617014200805893,0.7438912690528888,1.4345027524077418,1.1844237289302488,41,7.230732142828574,20.900966815793108,1.4756209950606645,22.376587810853774
1.0,-0.3745036351199712,-0.6020625570008474,-0.4427593306918429,-9.990247748757599e-05,0.5617014200805893,0.7438912690528888,1.4345027524077418,1.1844237289302488,41,7.230732145918149,20.90096681953111,1.4756209833773835,22.37658780290849
1.0,-0.3745036351199712,-0.6020625570008474,-0.4427593306918429,-9.989247748757599e-05,0.5617014200805893,0.7438912690528888,1.4345027524077418,1.1844237289302488,41,7.2307321485496345,20.900966821864888,1.4756209786020722,22.376587800466954
1.0,-0.3745036351199712,-0.6020625570008474,-0.44275932069184293,-9.990247748757599e-05,0.5617014200805893,0.7438912690528888,1.4345027524077418,1.1844237289302488,41,7.2307321505154905,20.900966828439543,1.4756209744963973,22.37658780293594
1.0,-0.3745036351199712,-0.6020625470008474,-0.4427593306918429,-9.990247748757599e-05,0.5617014200805893,0.7438912690528888,1.4345027524077418,1.1844237289302488,41,7.230732150365701,20.900966828714118,1.4756209744963973,22.376587803210512
1.0,-0.3745036251199712,-0.6020625570008474,-0.4427593306918429,-9.990247748757599e-05,0.5617014200805893,0.7438912690528888,1.4345027524077418,1.1844237289302488,41,7.230732151964634,20.900966831326524,1.4756209716941027,22.37658780302063
1.0,-0.373597978244971,-0.6012901817838806,-0.443807426807231,7.995028410597829e-07,0.5612385763702813,0.7423410072889872,1.4356989622104932,1.1836598298486296,41,7.231422869312479,20.902536730942728,1.4740809285137226,22.37661765945645
1.0,-0.373597978244971,-0.6012901817838806,-0.443807426807231,7.995028410597829e-07,0.5612385663702812,0.7423410072889872,1.4356989622104932,1.1836598398486295,41,7.231422869471163,20.902536731476218,1.474080927842452,22.376617659318672
1.0,-0.373597978244971,-0.6012901817838806,-0.443807426807231,7.995028410597829e-07,0.5612385663702812,0.7423410072889872,1.4356989722104931,1.1836598298486296,41,7.231422869993978,20.902536731951148,1.474080927842452,22.376617659793602
1.0,-0.373597978244971,-0.6012901817838806,-0.443807426807231,7.995028410597829e-07,0.5612385663702812,0.7423410172889873,1.4356989622104932,1.1836598298486296,41,7.231422871051656,20.902536731962293,1.474080927842452,22.376617659804744
0.99999999,-0.373597978244971,-0.6012901817838806,-0.443807426807231,7.995028410597829e-07,0.5612385663702812,0.7423410072889872,1.4356989622104932,1.1836598298486296,41,7.231422869121064,20.90253673219396,1.4740809354187705,22.37661766761273
1.0,-0.373597978244971,-0.6012901817838806,-0.443807426807231,7.995028410597829e-07,0.5612385663702812,0.7423410072889872,1.4356989622104932,1.1836598298486296,41,7.231422872228486,20.90253673595342,1.4740809237431876,22.376617659696606
1.0,-0.373597978244971,-0.6012901817838806,-0.443807426807231,8.095028410597829e-07,0.5612385663702812,0.7423410072889872,1.4356989622104932,1.1836598298486296,41,7.231422874916547,20.902536738393117,1.4740809285137226,22.376617666906842
1.0,-0.373597978244971,-0.6012901817838806,-0.443807416807231,7.995028410597829e-07,0.5612385663702812,0.7423410072889872,1.4356989622104932,1.1836598298486296,41,7.231422876737329,20.902536744694167,1.474080914859858,22.37661765955403
1.0,-0.373597978244971,-0.6012901717838806,-0.443807426807231,7.995028410597829e-07,0.5612385663702812,0.7423410072889872,1.4356989622104932,1.1836598298486296,41,7.231422876615115,20.90253674500774,1.474080914859858,22.3766176598676
1.0,-0.373597968244971,-0.6012901817838806,-0.443807426807231,7.995028410597829e-07,0.5612385663702812,0.7423410072889872,1.4356989622104932,1.1836598298486296,41,7.231422878297088,20.90253674778039,1.4740809120676053,22.376617659847994
0.8974250489182133,-0.5177244254532763,-1.0,-0.03985911854159154,-0.08440160513535552,0.5239809673238527,1.1555942999338022,0.9237877266840515,1.011903792631604,41,7.346487533527622,21.045703153744864,1.7373648149076821,22.783067968652556
0.8974250489182133,-0.5177244254532763,-1.0,-0.03985911854159154,-0.08440161513535552,0.5239809673238527,1.1555942999338022,0.9237877366840516,1.011903792631604,41,7.346487534123629,21.045703156985976,1.7373648211135069,22.783067978099478
0.8974250489182133,-0.5177244254532763,-1.0,-0.03985911854159154,-0.08440161513535552,0.5239809673238527,1.1555943099338022,0.9237877266840515,1.011903792631604,41,7.346487536734044,21.04570316218648,1.7373648211135069,22.783067983299993
0.8974250489182133,-0.5177244254532763,-1.0,-0.03985911854159154,-0.08440161513535552,0.5239809673238527,1.1555942999338022,0.9237877266840515,1.011903792631604,41,7.346487536352379,21.045703163301845,1.7373648200789336,22.78306798338078
0.8974250489182133,-0.5177244254532763,-1.0,-0.03985911854159154,-0.08440161513535552,0.5239809673238527,1.1555942999338022,0.9237877266840515,1.0119038026316038,41,7.3464875362831625,21.045703164627103,1.7373648211135069,22.78306798574061
0.8974250489182133,-0.5177244254532763,-1.0,-0.03985911854159154,-0.08440161513535552,0.5239809773238527,1.1555942999338022,0.9237877266840515,1.011903792631604,41,7.346487537033554,21.04570316781382,1.7373648252501859,22.783067993064
0.8974250589182133,-0.5177244254532763,-1.0,-0.03985911854159154,-0.08440161513535552,0.5239809673238527,1.1555942999338022,0.9237877266840515,1.011903792631604,41,7.346487542177073,21.045703172838337,1.737364806306389,22.78306797914473
0.8974250489182133,-0.5177244154532763,-1.0,-0.03985911854159154,-0.08440161513535552,0.5239809673238527,1.1555942999338022,0.9237877266840515,1.011903792631604,41,7.34648754279809,21.04570317660797,1.737364806306388,22.783067982914353
0.8974250489182133,-0.5177244254532763,-0.99999999,-0.03985911854159154,-0.08440161513535552,0.5239809673238527,1.1555942999338022,0.9237877266840515,1.011903792631604,41,7.3464875414021495,21.04570317716411,1.7373648112401319,22.783067988404245
0.8974250489182133,-0.5177244254532763,-1.0,-0.03985910854159154,-0.08440161513535552,0.5239809673238527,1.1555942999338022,0.9237877266840515,1.011903792631604,41,7.346487545057655,21.045703182063818,1.7373648112401319,22.783067993303952
0.4009829463471617,-0.5283506714867275,-0.4054196265532009,-0.2697313104570802,0.1002284641720991,0.13180463305316656,1.440402383065806,0.41307841315971683,0.9487694127366257,41,7.310221664991583,21.070445181202142,2.1621881617504943,23.232633342952635
0.4009829463471617,-0.5283506714867275,-0.4054196265532009,-0.2697313104570802,0.10022845417209911,0.13180464305316655,1.440402383065806,0.41307841315971683,0.9487694127366257,41,7.310221665044798,21.070445187346255,2.1621881617504943,23.23263334909675
0.4009829463471617,-0.5283506714867275,-0.4054196265532009,-0.2697313104570802,0.10022845417209911,0.13180463305316656,1.4404023930658059,0.41307841315971683,0.9487694127366257,41,7.310221666842769,21.07044518748259,2.1621881575370487,23.23263334501963
0.4009829463471617,-0.5283506714867275,-0.4054196265532009,-0.2697313104570802,0.10022845417209911,0.13180463305316656,1.440402383065806,0.4130784231597168,0.9487694127366257,41,7.310221667237591,21.07044518905916,2.1621881575370487,23.23263334659621
0.4009829463471617,-0.5283506714867275,-0.4054196265532009,-0.2697313104570802,0.10022845417209911,0.13180463305316656,1.440402383065806,0.41307841315971683,0.9487694227366258,41,7.310221667505197,21.070445190262753,2.1621881575370487,23.232633347799798
0.4009829463471617,-0.5283506714867275,-0.4054196265532009,-0.2697313104570802,0.10022845417209911,0.13180463305316656,1.440402383065806,0.41307841315971683,0.9487694127366257,41,7.310221668553279,21.070445192166233,2.1621881597782133,23.232633351944443
0.4009829463471617,-0.5283506714867275,-0.4054196265532009,-0.2697313004570802,0.10022845417209911,0.13180463305316656,1.440402383065806,0.41307841315971683,0.9487694127366257,41,7.310221671442132,21.070445198388672,2.16218815403943,23.232633352428103
0.4009829563471617,-0.5283506714867275,-0.4054196265532009,-0.2697313104570802,0.10022845417209911,0.13180463305316656,1.440402383065806,0.41307841315971683,0.9487694127366257,41,7.310221675097649,21.070445202026207,2.1621881416955877,23.232633343721794
0.4009829463471617,-0.5283506714867275,-0.4054196165532009,-0.2697313104570802,0.10022845417209911,0.13180463305316656,1.440402383065806,0.41307841315971683,0.9487694127366257,41,7.31022167372942,21.070445204319384,2.16218815403943,23.232633358358814
0.4009829463471617,-0.5283506614867275,-0.4054196265532009,-0.2697313104570802,0.10022845417209911,0.13180463305316656,1.440402383065806,0.41307841315971683,0.9487694127366257,41,7.310221677247079,21.070445209108634,2.1621881416955877,23.23263335080422
0.4961540342087658,-0.3265509026858021,-0.2385022173833276,-0.18400171091061157,0.0019705121660825477,0.030706707389932253,1.384096293481904,0.32194300757038397,0.8813813687612084,41,7.889195825066927,22.2599767286648,1.5966792435770931,23.8566559722419
0.4961540342087658,-0.3265509026858021,-0.2385022173833276,-0.18400171091061157,0.0019705221660825476,0.03070669738993225,1.384096293481904,0.32194300757038397,0.8813813687612084,41,7.889195829329049,22.25997673114302,1.5966792435770931,23.85665597472012
0.4961540342087658,-0.3265509026858021,-0.2385022173833276,-0.18400171091061157,0.0019705121660825477,0.03070669738993225,1.384096293481904,0.32194301757038396,0.8813813687612084,41,7.889195829729763,22.2599767354813,1.596679238623438,23.856655974104733
0.4961540342087658,-0.3265509026858021,-0.2385022173833276,-0.18400171091061157,0.0019705121660825477,0.03070669738993225,1.384096293481904,0.32194300757038397,0.8813813787612085,41,7.889195830669738,22.259976737789934,1.596679238623438,23.85665597641337
0.4961540342087658,-0.3265509026858021,-0.2385022173833276,-0.18400171091061157,0.0019705121660825477,0.03070669738993225,1.384096293481904,0.32194300757038397,0.8813813687612084,41,7.889195830953604,22.259976738309454,1.596679243299337,23.856655981608792
0.4961540342087658,-0.3265509026858021,-0.2385022173833276,-0.18400171091061157,0.0019705121660825477,0.03070669738993225,1.384096303481904,0.32194300757038397,0.8813813687612084,41,7.889195831543317,22.25997673845677,1.596679238623438,23.856655977080205
0.4961540342087658,-0.3265509026858021,-0.2385022173833276,-0.18400170091061158,0.0019705121660825477,0.03070669738993225,1.384096293481904,0.32194300757038397,0.8813813687612084,41,7.88919583578414,22.25997674906158,1.596679239708054,23.85665598876963
0.4961540342087658,-0.3265509026858021,-0.2385022073833276,-0.18400171091061157,0.0019705121660825477,0.03070669738993225,1.384096293481904,0.32194300757038397,0.8813813687612084,41,7.889195838415048,22.259976755353104,1.596679239708054,23.856655995061157
0.4961540442087658,-0.3265509026858021,-0.2385022173833276,-0.18400171091061157,0.0019705121660825477,0.03070669738993225,1.384096293481904,0.32194300757038397,0.8813813687612084,41,7.889195844358878,22.259976762737967,1.5966792277409643,23.856655990478927
0.4961540342087658,-0.3265508926858021,-0.2385022173833276,-0.18400171091061157,0.0019705121660825477,0.03070669738993225,1.384096293481904,0.32194300757038397,0.8813813687612084,41,7.889195846876684,22.259976770294248,1.5966792277409634,23.85665599803521
0.5863819219998431,-0.17398482863493453,-0.18170165836129465,-0.15739613333108132,-0.01022025532957832,-0.019555325504853387,1.4120568567634038,0.29820766426690676,0.8516985830417663,41,8.430909931831975,23.366060103395476,1.2291815927578975,24.595241696153376
0.5863819219998431,-0.17398482863493453,-0.18170165836129465,-0.15739613333108132,-0.01022025532957832,-0.01955533550485339,1.4120568567634038,0.29820767426690675,0.8516985830417663,41,8.430909938949098,23.366060118157897,1.2291815880465715,24.595241706204458
0.5863819219998431,-0.17398482863493453,-0.18170165836129465,-0.15739613333108132,-0.01022025532957832,-0.01955533550485339,1.4120568567634038,0.29820766426690676,0.8516985830417663,41,8.43090994002146,23.36606012058263,1.2291815930109893,24.595241713593623
0.5863819219998431,-0.17398482863493453,-0.18170165836129465,-0.15739613333108132,-0.01022025532957832,-0.01955533550485339,1.4120568567634038,0.29820766426690676,0.8516985930417663,41,8.430909940165927,23.36606012094157,1.2291815880465715,24.595241708988144
0.5863819219998431,-0.17398482863493453,-0.18170165836129465,-0.15739613333108132,-0.01022024532957832,-0.01955533550485339,1.4120568567634038,0.29820766426690676,0.8516985830417663,41,8.430909941890805,23.366060121251856,1.2291815927578975,24.595241714009756
0.5863819219998431,-0.17398482863493453,-0.18170165836129465,-0.15739613333108132,-0.01022025532957832,-0.01955533550485339,1.4120568667634037,0.29820766426690676,0.8516985830417663,41,8.430909944355143,23.366060129275738,1.2291815880465715,24.59524171732231
0.5863819219998431,-0.17398482863493453,-0.18170165836129465,-0.15739612333108133,-0.01022025532957832,-0.01955533550485339,1.4120568567634038,0.29820766426690676,0.8516985830417663,41,8.430909945647588,23.366060132781488,1.2291815901286587,24.595241722910146
0.5863819219998431,-0.17398482863493453,-0.18170164836129465,-0.15739613333108132,-0.01022025532957832,-0.01955533550485339,1.4120568567634038,0.29820766426690676,0.8516985830417663,41,8.430909947764631,23.366060138713063,1.2291815901286587,24.595241728841724
0.5863819319998431,-0.17398482863493453,-0.18170165836129465,-0.15739613333108132,-0.01022025532957832,-0.01955533550485339,1.4120568567634038,0.29820766426690676,0.8516985830417663,41,8.4309099592023,23.36606015984675,1.229181579516365,24.59524173936311
0.5863819219998431,-0.17398481863493453,-0.18170165836129465,-0.15739613333108132,-0.01022025532957832,-0.01955533550485339,1.4120568567634038,0.29820766426690676,0.8516985830417663,41,8.430909961937058,23.366060167081447,1.229181579516365,24.595241746597814
1.0,-0.37590519241480636,-0.6098656218931804,-0.4449545973169053,-0.7294401485791563,0.5483047489851082,0.7394857683153393,1.4175433782709717,1.2066275919723994,41,8.49168381952623,23.55253276350984,2.0462564737130022,25.598789237222842
1.0,-0.37590519241480636,-0.6098656069920192,-0.4449546122180665,-0.7294401485791563,0.5483047489851082,0.7394857683153393,1.4175433782709717,1.2066275919723994,41,8.491683821568577,23.552532772503522,2.0462564737130022,25.598789246216523
1.0,-0.37590519241480636,-0.6098656069920192,-0.4449545973169053,-0.7294401485791563,0.5483047489851082,0.7394857683153393,1.417543399394014,1.2066275919723994,41,8.491683826329115,23.55253277959719,2.0462564690584046,25.598789248655592
1.0,-0.37590519241480636,-0.6098656069920192,-0.4449545973169053,-0.7294401485791563,0.5483047489851082,0.7394857832165005,1.4175433782709717,1.2066275919723994,41,8.491683836658616,23.55253280527854,2.046256466494092,25.598789271772635
1.0,-0.37590519241480636,-0.6098656069920192,-0.4449545973169053,-0.7294401485791563,0.5483047489851082,0.7394857683153393,1.4175433782709717,1.2066275919723994,41,8.491683845796434,23.55253282652642,2.0462564603526627,25.59878928687909
1.0,-0.37590520731596755,-0.6098656069920192,-0.4449545973169053,-0.7294401485791563,0.5483047489851082,0.7394857683153393,1.4175433782709717,1.2066275919723994,41,8.491683853919527,23.552532845933715,2.0462564777798606,25.59878932371357
0.9999999850988388,-0.37590519241480636,-0.6098656069920192,-0.4449545973169053,-0.7294401485791563,0.5483047489851082,0.7394857683153393,1.4175433782709717,1.2066275919723994,41,8.491683861102993,23.552532859092388,2.0462564777798606,25.59878933687225
1.0,-0.37590519241480636,-0.6098656069920192,-0.4449545973169053,-0.7294401485791563,0.5483047638862694,0.7394857683153393,1.4175433782709717,1.2066275919723994,41,8.491683876952994,23.552532896695123,2.0462564765365627,25.598789373231686
1.0,-0.37590519241480636,-0.6098656069920192,-0.4449545973169053,-0.7294401634803175,0.5483047489851082,0.7394857683153393,1.4175433782709717,1.2066275919723994,41,8.491683893405884,23.552532935975826,2.0462564765365627,25.59878941251238
1.0,-0.37590519241480636,-0.6098656069920192,-0.4449545973169053,-0.7294401485791563,0.5483047489851082,0.7394857683153393,1.4175433782709717,1.2066276099525517,41,8.491683897105442,23.55253294608263,2.046256467763081,25.59878941384571
-0.6871814903199751,-0.6291534119407325,-0.9726506793963929,-0.45091502781982906,0.9122766377293814,0.6763938553207585,0.620744760579403,0.29986584457177773,1.2374077365125926,41,8.613245501289729,23.91750746380991,7.009837201955114,30.92734466576502
-0.5866358578205109,-0.8278813418000937,0.7687711417675018,-0.9594483375549316,-0.2304030954837799,-0.9257710874080658,0.9924356769842295,0.5081955626840449,0.13360502999971868,41,8.799323913909548,24.6638995076252,7.849533153321254,32.51343266094646
0.4642394334077835,-0.5206655859947205,0.05994395911693573,0.09142696857452393,-0.3085409004824066,0.2699725106358528,1.2384357253738605,0.2641912964490154,1.1031778479644023,41,9.317873306642666,25.519762621872538,2.037307984783156,27.5570706066557
0.4642394434077835,-0.5206655859947205,0.05994395911693573,0.09142696857452393,-0.3085409104824066,0.2699725106358528,1.2384357253738605,0.2641912964490154,1.1031778479644023,41,9.317873330441218,25.51976268149694,2.0373079722208978,27.557070653717837
0.4642394334077835,-0.5206655859947205,0.05994395911693573,0.09142696857452393,-0.3085409104824066,0.2699725106358528,1.2384357353738604,0.2641912964490154,1.1031778479644023,41,9.317873333181252,25.51976268588785,2.0373079852329754,27.557070671120826
0.4642394334077835,-0.5206655859947205,0.05994395911693573,0.09142696857452393,-0.3085409104824066,0.2699725106358528,1.2384357253738605,0.2641912964490154,1.1031778479644023,41,9.317873336960254,25.519762692595478,2.03730798970052,27.557070682295997
0.4642394334077835,-0.5206655859947205,0.05994395911693573,0.09142696857452393,-0.3085409104824066,0.2699725106358528,1.2384357253738605,0.2641912964490154,1.1031778479644023,41,9.317873336960254,25.519762692595478,2.03730798970052,27.557070682295997
0.4642394334077835,-0.5206655759947204,0.05994395911693573,0.09142696857452393,-0.3085409104824066,0.2699725106358528,1.2384357253738605,0.2641912964490154,1.1031778479644023,41,9.317873338270694,25.519762692601457,2.0373079722208978,27.557070664822348
0.4642394334077835,-0.5206655859947205,0.05994395911693573,0.09142696857452393,-0.3085409104824066,0.2699725106358528,1.2384357253738605,0.2641913064490154,1.1031778479644023,41,9.317873338068457,25.51976269557094,2.0373079852329754,27.557070680803918
0.4642394334077835,-0.5206655859947205,0.05994395911693573,0.09142696857452393,-0.3085409104824066,0.2699725106358528,1.2384357253738605,0.2641912964490154,1.1031778579644023,41,9.317873349005284,25.519762724894335,2.0373079852329754,27.557070710127313
0.4642394334077835,-0.5206655859947205,0.05994395911693573,0.09142697857452392,-0.3085409104824066,0.2699725106358528,1.2384357253738605,0.2641912964490154,1.1031778479644023,41,9.317873350670201,25.519762726578353,2.0373079909871734,27.557070717565523
0.4642394334077835,-0.5206655859947205,0.05994396911693573,0.09142696857452393,-0.3085409104824066,0.2699725106358528,1.2384357253738605,0.2641912964490154,1.1031778479644023,41,9.317873355204272,25.51976273777166,2.0373079909871734,27.557070728758834
0.4642394334077835,-0.5206655859947205,0.05994395911693573,0.09142696857452393,-0.3085409104824066,0.2699725206358528,1.2384357253738605,0.2641912964490154,1.1031778479644023,41,9.317873361993156,25.5197627613755,2.0373079946178843,27.55707075599339
-0.3750401884317398,-0.37250208109617233,-0.7758495956659317,-0.7478526681661606,-0.01880742609500885,-0.47039182484149933,0.17661493995084698,1.6922748252619737,0.5135007004484011,41,9.3497504627786,29.057588250775623,4.512888737222577,33.570476987998205
0.843754269182682,0.6870967447757721,0.04200518876314163,-0.8300944715738297,-0.7351600974798203,-0.9952197819948196,0.11143799930193544,0.7265361030439599,0.7180186628628031,41,10.523898681648348,29.618905625507733,2.870909980954047,32.48981560646178
-0.11076237985680626,0.9043326006861845,-0.15607273995291715,-0.12458973524809225,-0.5245576161610694,0.0539558106837259,1.6437190235526868,1.4962894976501895,1.5084611493389746,41,11.400211304429648,30.166098459563926,2.334181470385123,32.500279929949045
0.7621621340513229,0.9062702357769012,-0.06199730932712555,0.38934966921806335,-0.8816050887107849,0.14803124964237213,0.014071550741282756,1.0397271200800815,0.6651365763078263,41,11.554363443382321,30.534725199899462,1.513837836106518,32.04856303600598
-0.6093614399433136,-0.6068233326077461,-0.9366903901100159,-0.9086934626102448,-0.25312867760658264,-0.6312326192855835,1.911893687192091,1.4276535708104459,0.24887944493640335,41,10.024657622058662,31.315540691009183,6.37204296538165,37.687583656390835
0.843754269182682,-0.31171515583992004,-0.33607786893844604,-0.9781773835420609,0.9882685393095016,0.6101645976305008,1.5166018598843207,1.5610660789436301,1.8603766554165473,41,9.874368635963961,32.54513722696995,4.8642044717713,37.40934169874126
-0.9550379514694214,-0.31171515583992004,-0.33607786893844604,-0.9781773835420609,0.9882685393095016,0.6101645976305008,1.5166018598843207,1.5610660789436301,1.8603766554165473,41,10.30467249243271,32.64658568625017,8.483830318999187,41.13041600524935
0.4336872026324272,0.4362253099679947,-0.9473527073860168,-0.23023691773414612,-0.2637909948825836,-0.6418949365615845,1.2170423291252415,0.7396912465365615,1.5608171281130994,41,11.145306775267063,34.91989398753409,1.63252149005385,36.55241547758794
-0.2646669000387192,-0.12055879458785057,0.4600507505238056,-0.6374793648719788,0.09156588092446327,0.6700793020427227,1.9035425164596969,0.9292980857984954,1.7682846390502387,41,11.28628088473424,35.14087547125564,4.629148196863447,39.77002366811909
0.843754269182682,0.6870967447757721,0.04200518876314163,-0.8300944715738297,-0.7351600974798203,0.6101645976305008,1.5166018598843207,1.5610660789436301,1.8603766554165473,41,11.759017683279108,36.719276481321224,3.3143963255988904,40.033672806920116
0.843754269182682,0.6870967447757721,-0.33607786893844604,-0.9781773835420609,0.9882685393095016,0.6101645976305008,1.5166018598843207,1.5610660789436301,1.8603766554165473,41,11.096656227749802,40.33274975118839,4.041910904469331,44.37466065565771
0.843754269182682,0.6870967447757721,0.04200518876314163,-0.9781773835420609,0.9882685393095016,0.6101645976305008,1.5166018598843207,1.5610660789436301,1.8603766554165473,41,11.306919365701004,41.52305654072055,3.7501507896384605,45.273207330359014
0.843754269182682,0.6870967447757721,0.04200518876314163,-0.8300944715738297,0.9882685393095016,0.6101645976305008,1.5166018598843207,1.5610660789436301,1.8603766554165473,41,11.27700231826339,41.75109849287503,3.631059557746416,45.38215805062145
1.0,1.0,-1.0,-1.0,1.0,-1.0,1.99999999,0.41339923142396645,0.0001,41,13.321312592736826,48.961983469813646,3.594923792519832,52.556907262333475
1.0,0.99999999,-1.0,-1.0,1.0,-1.0,2.0,0.41339923142396645,0.0001,41,13.321312598508209,48.96198348677484,3.5949237858728242,52.55690727264767
0.99999999,1.0,-1.0,-1.0,1.0,-1.0,2.0,0.41339923142396645,0.0001,41,13.321312604644096,48.96198353802947,3.5949237858728242,52.55690732390231
1.0,1.0,-1.0,-1.0,1.0,-0.99999999,2.0,0.41339923142396645,0.0001,41,13.321312619835375,48.96198360890531,3.5949237688728246,52.55690737777814
1.0,1.0,-1.0,-1.0,0.99999999,-1.0,2.0,0.41339923142396645,0.0001,41,13.32131262298898,48.961983626428704,3.5949237688728246,52.556907395301536
1.0,1.0,-0.99999999,-1.0,1.0,-1.0,2.0,0.41339923142396645,0.0001,41,13.321312624434764,48.96198364325692,3.5949237688728246,52.556907412129746
1.0,1.0,-1.0,-0.99999999,1.0,-1.0,2.0,0.41339923142396645,0.0001,41,13.32131262670592,48.96198364766209,3.5949237688728246,52.556907416534905
1.0,1.0,-1.0,-1.0,1.0,-1.0,2.0,0.41339923142396645,0.0001,41,13.321312621724053,48.961983653581875,3.5949237858728242,52.5569074394547
1.0,1.0,-1.0,-1.0,1.0,-1.0,2.0,0.41339924142396645,0.0001,41,13.321312619505926,48.96198366590463,3.594923779225816,52.55690744513045
1.0,1.0,-1.0,-1.0,1.0,-1.0,2.0,0.41339923142396645,0.00010001,41,13.321312626833612,48.961983710603015,3.594923779225816,52.55690748982882
0.843754269182682,0.6870967447757721,0.04200518876314163,-0.8300944715738297,-0.7351600974798203,-0.9952197819948196,0.11143799930193544,0.7265361030439599,1.8603766554165473,41,12.05581572147482,51.222870291634706,1.7408833579746743,52.9637536496094
0.843754269182682,0.6870967447757721,0.04200518876314163,-0.8300944715738297,-0.7351600974798203,-0.9952197819948196,0.11143799930193544,1.5610660789436301,1.8603766554165473,41,12.095646406410198,53.03415634300566,1.850232804188615,54.884389147194284
-0.7932464554905891,-0.46957190334796906,0.5621605515480042,0.8339410796761513,-0.437013678252697,0.59262266010046,1.1411294127144003,0.16688498036042665,1.7921944344677114,41,13.442792202345057,53.42395754797343,5.809164977113532,59.233122525086955
0.843754269182682,0.6870967447757721,0.04200518876314163,-0.8300944715738297,-0.7351600974798203,-0.9952197819948196,1.5166018598843207,1.5610660789436301,1.8603766554165473,41,12.367568414383818,55.80716966901551,3.8177306222061116,59.62490029122163
