Vᵢᵢ,Ʌᵢᵢ,Vᵢⱼ,Ʌᵢⱼ,αᵢⱼ,βᵢⱼ,γ1,γ2,γ3,n_data,raw_ssr_sum,raw_neglogprob_sum,param_penalty_sum,loss_final_sum
-0.4401814893423056,0.2809513935668425,-0.10937257821223763,-0.11161162936812005,0.7890904853480939,-0.0005185517789121645,2.0,0.6174040347089079,0.6229477823505174,41,7.466812299960788,21.4344078453551,2.2999369640358736,23.73434480939097
-0.4401814893423056,0.2809513935668425,-0.10937256821223763,-0.11161162936812005,0.7890904753480938,-0.0005185517789121645,2.0,0.6174040347089079,0.6229477823505174,41,7.466812301255022,21.434407846426854,2.2999369554458315,23.73434480187269
-0.4401814893423056,0.2809513935668425,-0.10937257821223763,-0.11161161936812006,0.7890904753480938,-0.0005185517789121645,2.0,0.6174040347089079,0.6229477823505174,41,7.466812301255023,21.434407846426858,2.2999369554458315,23.73434480187269
-0.4401814893423056,0.2809513935668425,-0.10937257821223763,-0.11161162936812005,0.7890904753480938,-0.0005185517789121645,2.0,0.617404044708908,0.6229477823505174,41,7.466812300972178,21.43440784725481,2.2999369600481847,23.734344807303
-0.4401814893423056,0.2809513935668425,-0.10937257821223763,-0.11161162936812005,0.7890904753480938,-0.0005185417789121644,2.0,0.6174040347089079,0.6229477823505174,41,7.466812303123836,21.434407848139752,2.29993695061252,23.734344798752268
-0.4401814893423056,0.2809513935668425,-0.10937257821223763,-0.11161162936812005,0.7890904753480938,-0.0005185517789121645,2.0,0.6174040347089079,0.6229477923505174,41,7.466812302248127,21.43440784888243,2.2999369600481847,23.734344808930615
-0.4401814893423056,0.2809513935668425,-0.10937257821223763,-0.11161162936812005,0.7890904753480938,-0.0005185517789121645,2.0,0.6174040347089079,0.6229477823505174,41,7.4668123024719755,21.434407849622122,2.299936957324197,23.73434480694633
-0.4401814893423056,0.2809513935668425,-0.10937257821223763,-0.11161162936812005,0.7890904753480938,-0.0005185517789121645,1.99999999,0.6174040347089079,0.6229477823505174,41,7.46681230491814,21.434407856434085,2.29993695460021,23.734344811034294
-0.4401814793423056,0.2809513935668425,-0.10937257821223763,-0.11161162936812005,0.7890904753480938,-0.0005185517789121645,2.0,0.6174040347089079,0.6229477823505174,41,7.466812309297055,21.434407871221453,2.299936938970741,23.734344810192194
-0.4401814893423056,0.2809514035668425,-0.10937257821223763,-0.11161162936812005,0.7890904753480938,-0.0005185517789121645,2.0,0.6174040347089079,0.6229477823505174,41,7.466812309297055,21.434407871221453,2.299936938970741,23.734344810192194
-0.4355278108774336,0.29386950920682403,-0.08612309868994462,-0.08838724391221267,0.7634855842946132,-0.011895745314010615,2.0,0.9892265381866053,0.3397890868439492,41,7.458420827533137,21.461958814917008,2.279149790373619,23.741108605290624
-0.4355278108774336,0.29386950920682403,-0.08612309868994462,-0.08838724391221267,0.7634855742946132,-0.011895745314010615,2.0,0.9892265381866053,0.3397890968439492,41,7.458420829425302,21.461958817409425,2.279149787511722,23.741108604921155
-0.4355278108774336,0.29386950920682403,-0.08612309868994462,-0.08838724391221267,0.7634855742946132,-0.011895745314010615,2.0,0.9892265481866054,0.3397890868439492,41,7.458420829571545,21.461958819054566,2.279149787511722,23.741108606566286
-0.4355278108774336,0.29386950920682403,-0.08612309868994462,-0.08838724391221267,0.7634855742946132,-0.011895735314010615,2.0,0.9892265381866053,0.3397890868439492,41,7.458420832257312,21.461958820428446,2.2791497771921367,23.74110859762058
-0.4355278108774336,0.29386950920682403,-0.08612309868994462,-0.08838724391221267,0.7634855742946132,-0.011895745314010615,2.0,0.9892265381866053,0.3397890868439492,41,7.458420831218262,21.461958821085823,2.2791497837828776,23.7411086048687
-0.4355278108774336,0.29386950920682403,-0.08612309868994462,-0.08838723391221268,0.7634855742946132,-0.011895745314010615,2.0,0.9892265381866053,0.3397890868439492,41,7.45842083390082,21.4619588230506,2.2791497822995397,23.741108605350146
-0.4355278108774336,0.29386950920682403,-0.08612308868994463,-0.08838724391221267,0.7634855742946132,-0.011895745314010615,2.0,0.9892265381866053,0.3397890868439492,41,7.458420833900821,21.461958823050608,2.2791497822995397,23.741108605350146
-0.4355278108774336,0.29386950920682403,-0.08612309868994462,-0.08838724391221267,0.7634855742946132,-0.011895745314010615,1.99999999,0.9892265381866053,0.3397890868439492,41,7.458420832746711,21.461958825593783,2.279149780054034,23.741108605647817
-0.4355278108774336,0.293869519206824,-0.08612309868994462,-0.08838724391221267,0.7634855742946132,-0.011895745314010615,2.0,0.9892265381866053,0.3397890868439492,41,7.458420833181766,21.461958831360132,2.2791497655787807,23.741108596938915
-0.4355278008774336,0.29386950920682403,-0.08612309868994462,-0.08838724391221267,0.7634855742946132,-0.011895745314010615,2.0,0.9892265381866053,0.3397890868439492,41,7.4584208331817665,21.461958831360135,2.2791497655787816,23.741108596938915
-0.4340048241801584,0.2881811100441884,-0.09369433346252867,-0.09593626033503759,0.7477909450418859,0.00142152097241338,2.0,0.7898267129349493,0.4774652795854722,41,7.472542915452319,21.464282823364762,2.2512668649809733,23.71554968834574
-0.4340048241801584,0.2881811100441884,-0.09369433346252867,-0.09593626033503759,0.7477909350418859,0.00142152097241338,2.0,0.7898267129349493,0.4774652895854722,41,7.4725429177611895,21.46428282699416,2.2512668616419766,23.715549688636134
-0.4340048241801584,0.2881811100441884,-0.09369433346252867,-0.09593626033503759,0.7477909350418859,0.00142152097241338,2.0,0.7898267229349494,0.4774652795854722,41,7.4725429174750575,21.464282827318286,2.2512668616419766,23.715549688960266
-0.4340048241801584,0.2881811100441884,-0.09369433346252867,-0.09593626033503759,0.7477909350418859,0.00142152097241338,2.0,0.7898267129349493,0.4774652795854722,41,7.47254291915968,21.464282829930955,2.2512668586126674,23.715549688543618
-0.4340048241801584,0.2881811100441884,-0.09369433346252867,-0.09593626033503759,0.7477909350418859,0.00142153097241338,2.0,0.7898267129349493,0.4774652795854722,41,7.4725429204542415,21.46428282994199,2.2512668649809733,23.715549694922963
-0.4340048241801584,0.2881811100441884,-0.09369433346252867,-0.0959362503350376,0.7477909350418859,0.00142152097241338,2.0,0.7898267129349493,0.4774652795854722,41,7.472542920703825,21.46428283163444,2.2512668570008074,23.715549688635242
-0.4340048241801584,0.2881811100441884,-0.09369432346252868,-0.09593626033503759,0.7477909350418859,0.00142152097241338,2.0,0.7898267129349493,0.4774652795854722,41,7.472542920703825,21.46428283163444,2.2512668570008074,23.715549688635242
-0.4340048241801584,0.2881811100441884,-0.09369433346252867,-0.09593626033503759,0.7477909350418859,0.00142152097241338,1.99999999,0.7898267129349493,0.4774652795854722,41,7.472542920926718,21.464282835114798,2.2512668555833577,23.71554969069816
-0.4340048241801584,0.2881811200441884,-0.09369433346252867,-0.09593626033503759,0.7477909350418859,0.00142152097241338,2.0,0.7898267129349493,0.4774652795854722,41,7.472542922728104,21.464282844636408,2.2512668403731655,23.715549685009574
-0.4340048141801584,0.2881811100441884,-0.09369433346252867,-0.09593626033503759,0.7477909350418859,0.00142152097241338,2.0,0.7898267129349493,0.4774652795854722,41,7.472542922728105,21.464282844636408,2.2512668403731655,23.715549685009574
-0.4323912058214798,0.2992412077693083,-0.09098632848090954,-0.09325741100312414,0.7693591753198248,-0.0029464667994855065,2.0,0.9957612501436717,0.343003180147087,41,7.4574338613216575,21.467109969130053,2.266841962259596,23.73395193138965
-0.4323912058214798,0.2992412077693083,-0.09098632848090954,-0.09325741100312414,0.7693591653198247,-0.0029464667994855065,2.0,0.9957612501436717,0.34300319014708697,41,7.457433862990417,21.46710997115256,2.266841959534328,23.73395193068689
-0.4323912058214798,0.2992412077693083,-0.09098632848090954,-0.09325741100312414,0.7693591653198247,-0.0029464567994855065,2.0,0.9957612501436717,0.343003180147087,41,7.457433864546593,21.46710997187159,2.2668419491303995,23.73395192100199
-0.4323912058214798,0.2992412077693083,-0.09098632848090954,-0.09325741100312414,0.7693591653198247,-0.0029464667994855065,2.0,0.9957612601436717,0.343003180147087,41,7.457433862725165,21.467109972143913,2.266841959534328,23.733951931678238
-0.4323912058214798,0.2992412077693083,-0.09098632848090954,-0.09325741100312414,0.7693591653198247,-0.0029464667994855065,2.0,0.9957612501436717,0.343003180147087,41,7.457433864294236,21.467109973958255,2.2668419556949977,23.733951929653248
-0.4323912058214798,0.2992412077693083,-0.09098631848090954,-0.09325741100312414,0.7693591653198247,-0.0029464667994855065,2.0,0.9957612501436717,0.343003180147087,41,7.4574338660310735,21.467109974106563,2.266841954128926,23.73395192823548
-0.4323912058214798,0.2992412077693083,-0.09098632848090954,-0.09325740100312414,0.7693591653198247,-0.0029464667994855065,2.0,0.9957612501436717,0.343003180147087,41,7.4574338660310735,21.467109974106563,2.266841954128926,23.73395192823548
-0.4323912058214798,0.2992412077693083,-0.09098632848090954,-0.09325741100312414,0.7693591653198247,-0.0029464667994855065,1.99999999,0.9957612501436717,0.343003180147087,41,7.457433866609588,21.46710997971212,2.2668419518556675,23.733951931567784
-0.4323912058214798,0.2992412177693083,-0.09098632848090954,-0.09325741100312414,0.7693591653198247,-0.0029464667994855065,2.0,0.9957612501436717,0.343003180147087,41,7.457433871961408,21.46710999411336,2.266841937563223,23.73395193167659
-0.4323911958214798,0.2992412077693083,-0.09098632848090954,-0.09325741100312414,0.7693591653198247,-0.0029464667994855065,2.0,0.9957612501436717,0.343003180147087,41,7.457433871961408,21.467109994113365,2.266841937563223,23.733951931676593
-0.43117394331748604,0.3013258716419426,-0.09287366436389229,-0.095147439132964,0.7716386150297151,0.0005265943539580625,2.0,0.9982972595225501,0.34425051450779026,41,7.458591522116935,21.471840009775793,2.2628257253502775,23.734665735126065
-0.43117394331748604,0.3013258716419426,-0.09287366436389229,-0.095147439132964,0.771638605029715,0.0005266043539580626,2.0,0.9982972595225501,0.34425051450779026,41,7.458591524754692,21.47184001143434,2.2628257253502775,23.73466573678462
-0.43117394331748604,0.3013258716419426,-0.09287366436389229,-0.095147439132964,0.771638605029715,0.0005265943539580625,2.0,0.9982972595225501,0.34425052450779026,41,7.458591523696638,21.47184001161248,2.262825722669081,23.734665734281556
-0.43117394331748604,0.3013258716419426,-0.09287366436389229,-0.095147439132964,0.771638605029715,0.0005265943539580625,2.0,0.9982972695225502,0.34425051450779026,41,7.4585915232777,21.471840012361653,2.262825722669081,23.73466573503073
-0.43117394331748604,0.3013258716419426,-0.09287366436389229,-0.095147429132964,0.771638605029715,0.0005265943539580625,2.0,0.9982972595225501,0.34425051450779026,41,7.458591526176815,21.47184001351436,2.2628257171886936,23.734665730703057
-0.43117394331748604,0.3013258716419426,-0.09287365436389229,-0.095147439132964,0.771638605029715,0.0005265943539580625,2.0,0.9982972595225501,0.34425051450779026,41,7.458591526176815,21.471840013514363,2.2628257171886936,23.734665730703057
-0.43117394331748604,0.3013258716419426,-0.09287366436389229,-0.095147439132964,0.771638605029715,0.0005265943539580625,2.0,0.9982972595225501,0.34425051450779026,41,7.458591524810812,21.471840014080332,2.262825718786873,23.734665732867203
-0.43117394331748604,0.3013258716419426,-0.09287366436389229,-0.095147439132964,0.771638605029715,0.0005265943539580625,1.99999999,0.9982972595225501,0.34425051450779026,41,7.458591527403929,21.471840020269052,2.262825714904665,23.73466573517372
-0.43117394331748604,0.3013258816419426,-0.09287366436389229,-0.095147439132964,0.771638605029715,0.0005265943539580625,2.0,0.9982972595225501,0.34425051450779026,41,7.458591534708289,21.471840038088935,2.262825700683165,23.734665738772097
-0.43117393331748605,0.3013258716419426,-0.09287366436389229,-0.095147439132964,0.771638605029715,0.0005265943539580625,2.0,0.9982972595225501,0.34425051450779026,41,7.458591534708289,21.471840038088935,2.2628257006831647,23.734665738772097
-0.4315731562013793,0.2883417971881174,-0.09432274492340868,-0.09655767158741319,0.7457651178149014,-0.0002636468299609682,2.0,0.7479928672498375,0.48775717654693873,41,7.479729540560639,21.477920648851793,2.2357290835890913,23.713649732440885
-0.4315731562013793,0.2883417971881174,-0.09432274492340868,-0.09655767158741319,0.7457651078149014,-0.0002636468299609682,2.0,0.7479928772498375,0.48775717654693873,41,7.479729542434281,21.477920652493424,2.2357290799196807,23.713649732413103
-0.4315731562013793,0.2883417971881174,-0.09432274492340868,-0.09655767158741319,0.7457651078149014,-0.0002636468299609682,2.0,0.7479928672498375,0.4877571865469387,41,7.479729542873381,21.477920652566524,2.2357290799196807,23.7136497324862
-0.4315731562013793,0.2883417971881174,-0.09432274492340868,-0.09655767158741319,0.7457651078149014,-0.0002636368299609682,2.0,0.7479928672498375,0.48775717654693873,41,7.47972954525866,21.47792065502666,2.2357290709066024,23.713649725933262
-0.4315731562013793,0.2883417971881174,-0.09432274492340868,-0.09655767158741319,0.7457651078149014,-0.0002636468299609682,2.0,0.7479928672498375,0.48775717654693873,41,7.479729544099118,21.477920655172273,2.2357290772478473,23.71364973242012
-0.4315731562013793,0.2883417971881174,-0.09432273492340869,-0.09655767158741319,0.7457651078149014,-0.0002636468299609682,2.0,0.7479928672498375,0.48775717654693873,41,7.479729545387633,21.477920656711778,2.2357290756253634,23.71364973233714
-0.4315731562013793,0.2883417971881174,-0.09432274492340868,-0.09655766158741319,0.7457651078149014,-0.0002636468299609682,2.0,0.7479928672498375,0.48775717654693873,41,7.479729545387633,21.477920656711778,2.2357290756253634,23.71364973233714
-0.4315731562013793,0.2883417971881174,-0.09432274492340868,-0.09655767158741319,0.7457651078149014,-0.0002636468299609682,1.99999999,0.7479928672498375,0.48775717654693873,41,7.479729546146198,21.477920660841054,2.2357290745760134,23.713649735417064
-0.4315731562013793,0.2883418071881174,-0.09432274492340868,-0.09655767158741319,0.7457651078149014,-0.0002636468299609682,2.0,0.7479928672498375,0.48775717654693873,41,7.479729549641437,21.477920673669214,2.2357290590303807,23.713649732699594
-0.4315731462013793,0.2883417971881174,-0.09432274492340868,-0.09655767158741319,0.7457651078149014,-0.0002636468299609682,2.0,0.7479928672498375,0.48775717654693873,41,7.479729549641437,21.477920673669214,2.2357290590303807,23.713649732699594
-0.4312867658723997,0.28871031733943703,-0.09435556692376999,-0.09659073963579116,0.746152770874445,-2.232235064802653e-06,2.0,0.7576660343190237,0.47781040413486375,41,7.479595976349893,21.478899578991598,2.2345538745843663,23.713453453575966
-0.4312867658723997,0.28871031733943703,-0.09435556692376999,-0.09659073963579116,0.7461527608744449,-2.232235064802653e-06,2.0,0.7576660443190237,0.47781040413486375,41,7.479595978219892,21.478899582631964,2.2345538709107817,23.713453453542748
-0.4312867658723997,0.28871031733943703,-0.09435556692376999,-0.09659073963579116,0.7461527608744449,-2.232235064802653e-06,2.0,0.7576660343190237,0.47781041413486375,41,7.479595978634917,21.478899582640274,2.2345538709107817,23.713453453551047
-0.4312867658723997,0.28871031733943703,-0.09435556692376999,-0.09659073963579116,0.7461527608744449,-2.2222350648026533e-06,2.0,0.7576660343190237,0.47781040413486375,41,7.479595981034144,21.478899585126147,2.2345538618997316,23.713453447025874
-0.4312867658723997,0.28871031733943703,-0.09435556692376999,-0.09659073963579116,0.7461527608744449,-2.232235064802653e-06,2.0,0.7576660343190237,0.47781040413486375,41,7.479595979892215,21.478899585305488,2.234553868242049,23.713453453547537
-0.4312867658723997,0.28871031733943703,-0.09435556692376999,-0.09659072963579117,0.7461527608744449,-2.232235064802653e-06,2.0,0.7576660343190237,0.47781040413486375,41,7.479595981244918,21.478899586912515,2.2345538666190055,23.71345345353152
-0.4312867658723997,0.28871031733943703,-0.09435555692377,-0.09659073963579116,0.7461527608744449,-2.232235064802653e-06,2.0,0.7576660343190237,0.47781040413486375,41,7.479595981244918,21.47889958691252,2.2345538666190055,23.71345345353152
-0.4312867658723997,0.28871031733943703,-0.09435556692376999,-0.09659073963579116,0.7461527608744449,-2.232235064802653e-06,1.99999999,0.7576660343190237,0.47781040413486375,41,7.479595981928113,21.478899590932272,2.2345538655733157,23.71345345650558
-0.43128675587239973,0.28871031733943703,-0.09435556692376999,-0.09659073963579116,0.7461527608744449,-2.232235064802653e-06,2.0,0.7576660343190237,0.47781040413486375,41,7.479595985385549,21.47889960362607,2.2345538500301494,23.71345345365622
-0.4312867658723997,0.288710327339437,-0.09435556692376999,-0.09659073963579116,0.7461527608744449,-2.232235064802653e-06,2.0,0.7576660343190237,0.47781040413486375,41,7.479595985385548,21.47889960362607,2.2345538500301494,23.71345345365622
-0.4312865707768288,0.2887153263447483,-0.0943624339097471,-0.09659762148796251,0.7461198485059191,2.7604186878576433e-07,2.0,0.7577201380634108,0.4777732215789256,41,7.479604550862062,21.478923090863262,2.2345290239174993,23.71345211478076
-0.4312865707768288,0.2887153263447483,-0.0943624339097471,-0.09659762148796251,0.746119838505919,2.7604186878576433e-07,2.0,0.7577201480634108,0.4777732215789256,41,7.479604552732067,21.47892309450374,2.2345290202444037,23.713452114748137
-0.4312865707768288,0.2887153263447483,-0.0943624339097471,-0.09659762148796251,0.746119838505919,2.7604186878576433e-07,2.0,0.7577201380634108,0.4777732315789256,41,7.479604553147085,21.478923094511902,2.2345290202444037,23.713452114756308
-0.4312865707768288,0.2887153263447483,-0.0943624339097471,-0.09659762148796251,0.746119838505919,2.8604186878576434e-07,2.0,0.7577201380634108,0.4777732215789256,41,7.479604555546188,21.47892309699756,2.2345290239174993,23.713452120915058
-0.4312865707768288,0.2887153263447483,-0.0943624339097471,-0.09659762148796251,0.746119838505919,2.7604186878576433e-07,2.0,0.7577201380634108,0.4777732215789256,41,7.4796045544044985,21.478923097177333,2.2345290175754786,23.713452114752812
-0.4312865707768288,0.2887153263447483,-0.09436242390974711,-0.09659762148796251,0.746119838505919,2.7604186878576433e-07,2.0,0.7577201380634108,0.4777732215789256,41,7.479604555757306,21.478923098784293,2.2345290159523183,23.71345211473661
-0.4312865707768288,0.2887153263447483,-0.0943624339097471,-0.09659761148796252,0.746119838505919,2.7604186878576433e-07,2.0,0.7577201380634108,0.4777732215789256,41,7.479604555757306,21.478923098784293,2.2345290159523183,23.713452114736608
-0.4312865707768288,0.2887153263447483,-0.0943624339097471,-0.09659762148796251,0.746119838505919,2.7604186878576433e-07,1.99999999,0.7577201380634108,0.4777732215789256,41,7.479604556440298,21.47892310280378,2.2345290149065544,23.713452117710325
-0.4312865607768288,0.2887153263447483,-0.0943624339097471,-0.09659762148796251,0.746119838505919,2.7604186878576433e-07,2.0,0.7577201380634108,0.4777732215789256,41,7.479604559897365,21.478923115496414,2.234528999363623,23.71345211486004
-0.4312865707768288,0.2887153363447483,-0.0943624339097471,-0.09659762148796251,0.746119838505919,2.7604186878576433e-07,2.0,0.7577201380634108,0.4777732215789256,41,7.479604559897365,21.478923115496414,2.2345289993636226,23.713452114860036
-0.43128586955005804,0.28873333007800617,-0.0943871157330104,-0.09662235674438847,0.7460015165209587,9.29147428361934e-06,2.0,0.7579146016987373,0.47763957731677004,41,7.479635368138339,21.479007601006437,2.2344498917060904,23.713457492712525
-0.43128586955005804,0.28873333007800617,-0.0943871157330104,-0.09662235674438847,0.7460015065209586,9.29147428361934e-06,2.0,0.7579146116987373,0.47763957731677004,41,7.4796353700083635,21.47900760464731,2.234449888034613,23.713457492681922
-0.43128586955005804,0.28873333007800617,-0.0943871157330104,-0.09662235674438847,0.7460015065209586,9.29147428361934e-06,2.0,0.7579146016987373,0.47763958731677003,41,7.479635370423352,21.479007604654942,2.234449888034613,23.71345749268955
-0.43128586955005804,0.28873333007800617,-0.0943871157330104,-0.09662235674438847,0.7460015065209586,9.30147428361934e-06,2.0,0.7579146016987373,0.47763957731677004,41,7.479635372822007,21.47900760713982,2.2344498917060904,23.713457498845912
-0.43128586955005804,0.28873333007800617,-0.0943871157330104,-0.09662235674438847,0.7460015065209586,9.29147428361934e-06,2.0,0.7579146016987373,0.47763957731677004,41,7.479635371681183,21.47900760732117,2.234449885364999,23.713457492686167
-0.43128586955005804,0.28873333007800617,-0.0943871057330104,-0.09662235674438847,0.7460015065209586,9.29147428361934e-06,2.0,0.7579146016987373,0.47763957731677004,41,7.479635373034361,21.479007608927837,2.234449883741418,23.713457492669257
-0.43128586955005804,0.28873333007800617,-0.0943871157330104,-0.09662234674438848,0.7460015065209586,9.29147428361934e-06,2.0,0.7579146016987373,0.47763957731677004,41,7.479635373034361,21.47900760892784,2.234449883741418,23.713457492669257
-0.43128586955005804,0.28873333007800617,-0.0943871157330104,-0.09662235674438847,0.7460015065209586,9.29147428361934e-06,1.99999999,0.7579146016987373,0.47763957731677004,41,7.47963537371663,21.47900761294637,2.2344498826953854,23.713457495641748
-0.43128585955005805,0.28873333007800617,-0.0943871157330104,-0.09662235674438847,0.7460015065209586,9.29147428361934e-06,2.0,0.7579146016987373,0.47763957731677004,41,7.4796353771723725,21.479007625634853,2.234449867153302,23.713457492788162
-0.43128586955005804,0.28873334007800616,-0.0943871157330104,-0.09662235674438847,0.7460015065209586,9.29147428361934e-06,2.0,0.7579146016987373,0.47763957731677004,41,7.479635377172373,21.479007625634857,2.234449867153302,23.713457492788162
-0.4312181954725493,0.2887985520721494,-0.09436342549111996,-0.09659865711438631,0.7462455865969271,6.035822796734191e-05,2.0,0.759982079473611,0.47542884968801113,41,7.479566921549566,21.479141593966144,2.234349135187262,23.713490729153406
-0.4312181954725493,0.2887985520721494,-0.09436342549111996,-0.09659865711438631,0.746245576596927,6.035822796734191e-05,2.0,0.759982079473611,0.47542885968801113,41,7.479566923827912,21.479141597598883,2.2343491315116526,23.71349072911053
-0.4312181954725493,0.2887985520721494,-0.09436342549111996,-0.09659865711438631,0.746245576596927,6.035822796734191e-05,2.0,0.759982089473611,0.47542884968801113,41,7.479566923418471,21.479141597605825,2.2343491315116526,23.713490729117478
-0.4312181954725493,0.2887985520721494,-0.09436342549111996,-0.09659865711438631,0.746245576596927,6.036822796734191e-05,2.0,0.759982079473611,0.47542884968801113,41,7.479566926230164,21.479141600090255,2.234349135187262,23.713490735277524
-0.4312181954725493,0.2887985520721494,-0.09436342549111996,-0.09659865711438631,0.746245576596927,6.035822796734191e-05,2.0,0.759982079473611,0.47542884968801113,41,7.479566925092534,21.479141600277885,2.234349128843662,23.71349072912155
-0.4312181954725493,0.2887985520721494,-0.09436341549111997,-0.09659865711438631,0.746245576596927,6.035822796734191e-05,2.0,0.759982079473611,0.47542884968801113,41,7.479566926460349,21.479141601900288,2.234349127220484,23.71349072912077
-0.4312181954725493,0.2887985520721494,-0.09436342549111996,-0.09659864711438632,0.746245576596927,6.035822796734191e-05,2.0,0.759982079473611,0.47542884968801113,41,7.4795669264603495,21.47914160190029,2.234349127220484,23.713490729120775
-0.4312181954725493,0.2887985520721494,-0.09436342549111996,-0.09659865711438631,0.746245576596927,6.035822796734191e-05,1.99999999,0.759982079473611,0.47542884968801113,41,7.4795669271258785,21.479141605894853,2.234349126175671,23.713490732070525
-0.4312181954725493,0.2887985620721494,-0.09436342549111996,-0.09659865711438631,0.746245576596927,6.035822796734191e-05,2.0,0.759982079473611,0.47542884968801113,41,7.479566930574902,21.479141618557566,2.234349110633095,23.713490729190664
-0.4312181854725493,0.2887985520721494,-0.09436342549111996,-0.09659865711438631,0.746245576596927,6.035822796734191e-05,2.0,0.759982079473611,0.47542884968801113,41,7.479566930574902,21.47914161855757,2.234349110633095,23.713490729190664
-0.4313169941501825,0.2887828239763999,-0.09444932912341428,-0.0966848182522067,0.7452157029773884,0.00103003435133544,2.0,0.7587240756087458,0.4772652565523558,41,7.479936896130928,21.47938578232741,2.23470195752288,23.71408773985029
-0.4313169792490213,0.2887828239763999,-0.09444932912341428,-0.0966848182522067,0.7452157178785496,0.00103003435133544,2.0,0.7587240756087458,0.4772652565523558,41,7.479936898801927,21.479385799790617,2.2347019398375094,23.714087739628127
-0.4313169792490213,0.2887828239763999,-0.09444932912341428,-0.0966848182522067,0.7452157029773884,0.00103003435133544,2.0,0.7587240756087458,0.477265271453517,41,7.479936902217986,21.479385805251596,2.2347019343709538,23.714087739622546
-0.4313169792490213,0.2887828239763999,-0.09444932912341428,-0.0966848182522067,0.7452157029773884,0.00103003435133544,2.0,0.758724090509907,0.4772652565523558,41,7.479936901610146,21.479385805260048,2.2347019343709538,23.714087739631005
-0.4313169792490213,0.2887828239763999,-0.09444934402457547,-0.0966848182522067,0.7452157029773884,0.00103003435133544,2.0,0.7587240756087458,0.4772652565523558,41,7.479936902049102,21.47938580677637,2.2347019328064732,23.714087739582837
-0.4313169792490213,0.2887828239763999,-0.09444932912341428,-0.0966848331533679,0.7452157029773884,0.00103003435133544,2.0,0.7587240756087458,0.4772652565523558,41,7.479936902049102,21.47938580677637,2.2347019328064732,23.714087739582837
-0.4313169792490213,0.2887828239763999,-0.09444932912341428,-0.0966848182522067,0.7452157029773884,0.0010300492524966337,2.0,0.7587240756087458,0.4772652565523558,41,7.47993690585036,21.479385809064887,2.2347019398375094,23.714087748902394
-0.4313169792490213,0.2887828239763999,-0.09444932912341428,-0.0966848182522067,0.7452157029773884,0.00103003435133544,2.0,0.7587240756087458,0.4772652565523558,41,7.479936904112778,21.47938580926284,2.23470193038557,23.714087739648413
-0.4313169792490213,0.2887828239763999,-0.09444932912341428,-0.0966848182522067,0.7452157029773884,0.00103003435133544,1.9999999701976776,0.7587240756087458,0.4772652565523558,41,7.479936910114105,21.479385825911574,2.234701922414803,23.714087748326378
-0.4313169792490213,0.2887828388775611,-0.09444932912341428,-0.0966848182522067,0.7452157029773884,0.00103003435133544,2.0,0.7587240756087458,0.4772652565523558,41,7.47993691209464,21.4793858361983,2.2347019032482605,23.714087739446562
-0.4313177233483566,0.28878209736288923,-0.09444994265789931,-0.09668543178669174,0.7452158580571949,0.00014807384439688136,2.0,0.7587238294195526,0.47726489017631263,41,7.479833940473606,21.479396279431064,2.234145637765027,23.71354191719609
-0.4313177084471954,0.28878209736288923,-0.09444994265789931,-0.09668543178669174,0.7452158729583561,0.00014807384439688136,2.0,0.7587238294195526,0.47726489017631263,41,7.479833943260244,21.47939629709026,2.234145620068469,23.713541917158725
-0.4313177084471954,0.28878209736288923,-0.09444994265789931,-0.09668543178669174,0.7452158580571949,0.00014807384439688136,2.0,0.7587238294195526,0.4772649050774738,41,7.47983394667155,21.47939630253994,2.2341456146130727,23.71354191715301
-0.4313177084471954,0.28878209736288923,-0.09444994265789931,-0.09668543178669174,0.7452158580571949,0.00014807384439688136,2.0,0.7587238443207138,0.47726489017631263,41,7.479833946059596,21.4793963025423,2.2341456146130727,23.713541917155368
-0.4313177084471954,0.28878209736288923,-0.09444994265789931,-0.09668544668785294,0.7452158580571949,0.00014807384439688136,2.0,0.7587238294195526,0.47726489017631263,41,7.479833946521928,21.47939630410791,2.234145613048617,23.71354191715653
-0.4313177084471954,0.28878209736288923,-0.09444995755906051,-0.09668543178669174,0.7452158580571949,0.00014807384439688136,2.0,0.7587238294195526,0.47726489017631263,41,7.479833946521928,21.47939630410791,2.234145613048617,23.71354191715653
-0.4313177084471954,0.28878209736288923,-0.09444994265789931,-0.09668543178669174,0.7452158580571949,0.0001480887455580752,2.0,0.7587238294195526,0.47726489017631263,41,7.479833950266725,21.479396306281934,2.234145620068469,23.713541926350402
-0.4313177084471954,0.28878209736288923,-0.09444994265789931,-0.09668543178669174,0.7452158580571949,0.00014807384439688136,2.0,0.7587238294195526,0.47726489017631263,41,7.479833948556454,21.479396306532493,2.234145610627699,23.713541917160185
-0.4313177084471954,0.28878209736288923,-0.09444994265789931,-0.09668543178669174,0.7452158580571949,0.00014807384439688136,1.9999999701976776,0.7587238294195526,0.47726489017631263,41,7.479833954591305,21.479396323237516,2.234145602656952,23.713541925894464
-0.4313177084471954,0.28878211226405043,-0.09444994265789931,-0.09668543178669174,0.7452158580571949,0.00014807384439688136,2.0,0.7587238294195526,0.47726489017631263,41,7.479833956639316,21.47939633363394,2.2341455834903705,23.713541917124314
-0.4313178281908418,0.2887819928920212,-0.09445003087051752,-0.09668551999930995,0.7452158803542233,2.1267532152251418e-05,2.0,0.7587237940230203,0.47726483749958326,41,7.479819270032655,21.479398043733166,2.2340657056988427,23.71346374943201
-0.4313178132896806,0.2887819928920212,-0.09445003087051752,-0.09668551999930995,0.7452158952553845,2.1267532152251418e-05,2.0,0.7587237940230203,0.47726483749958326,41,7.47981927283592,21.47939806142054,2.2340656880006757,23.713463749421216
-0.4313178132896806,0.2887819928920212,-0.09445003087051752,-0.09668551999930995,0.7452158803542233,2.1267532152251418e-05,2.0,0.7587237940230203,0.47726485240074445,41,7.479819276246548,21.479398066868605,2.2340656825468836,23.71346374941549
-0.4313178132896806,0.2887819928920212,-0.09445003087051752,-0.09668551999930995,0.7452158803542233,2.1267532152251418e-05,2.0,0.7587238089241815,0.47726483749958326,41,7.4798192756339965,21.47939806687008,2.2340656825468836,23.713463749416963
-0.4313178132896806,0.2887819928920212,-0.09445004577167872,-0.09668551999930995,0.7452158803542233,2.1267532152251418e-05,2.0,0.7587237940230203,0.47726483749958326,41,7.479819276099686,21.47939806844278,2.2340656809824324,23.713463749425216
-0.4313178132896806,0.2887819928920212,-0.09445003087051752,-0.09668553490047115,0.7452158803542233,2.1267532152251418e-05,2.0,0.7587237940230203,0.47726483749958326,41,7.479819276099686,21.479398068442784,2.2340656809824324,23.713463749425216
-0.4313178132896806,0.2887819928920212,-0.09445003087051752,-0.09668551999930995,0.7452158803542233,2.1282433313445265e-05,2.0,0.7587237940230203,0.47726483749958326,41,7.479819279836369,21.479398070600343,2.2340656880006757,23.713463758601016
-0.4313178132896806,0.2887819928920212,-0.09445003087051752,-0.09668551999930995,0.7452158803542233,2.1267532152251418e-05,2.0,0.7587237940230203,0.47726483749958326,41,7.479819278130027,21.479398070858462,2.234065678561512,23.713463749419976
-0.4313178132896806,0.2887819928920212,-0.09445003087051752,-0.09668551999930995,0.7452158803542233,2.1267532152251418e-05,1.9999999701976776,0.7587237940230203,0.47726483749958326,41,7.479819284169697,21.479398087571585,2.234065670590768,23.713463758162355
-0.4313178132896806,0.2887820077931824,-0.09445003087051752,-0.09668551999930995,0.7452158803542233,2.1267532152251418e-05,2.0,0.7587237940230203,0.47726483749958326,41,7.4798192862274115,21.479398097983783,2.234065651424181,23.713463749407964
-0.43131784328329814,0.2887819778530605,-0.09445004356904416,-0.09668553269783658,0.7452158835639614,3.0133031587564875e-06,2.0,0.7587237889275609,0.4772648299165768,41,7.479817160907853,21.479398302990404,2.2340542003127335,23.71345250330313
-0.43131782838213695,0.2887819778530605,-0.09445004356904416,-0.09668553269783658,0.7452158984651226,3.0133031587564875e-06,2.0,0.7587237889275609,0.4772648299165768,41,7.479817163713513,21.479398320681838,2.234054182614335,23.71345250329617
-0.43131782838213695,0.2887819778530605,-0.09445004356904416,-0.09668553269783658,0.7452158835639614,3.0133031587564875e-06,2.0,0.7587237889275609,0.477264844817738,41,7.479817167124042,21.47939832612966,2.234054177160774,23.713452503290434
-0.43131782838213695,0.2887819778530605,-0.09445004356904416,-0.09668553269783658,0.7452158835639614,3.0133031587564875e-06,2.0,0.7587238038287221,0.4772648299165768,41,7.479817166511406,21.479398326131008,2.234054177160774,23.713452503291784
-0.43131782838213695,0.2887819778530605,-0.09445005847020535,-0.09668553269783658,0.7452158835639614,3.0133031587564875e-06,2.0,0.7587237889275609,0.4772648299165768,41,7.47981716697758,21.479398327704732,2.234054175596323,23.713452503301056
-0.43131782838213695,0.2887819778530605,-0.09445004356904416,-0.09668554759899778,0.7452158835639614,3.0133031587564875e-06,2.0,0.7587237889275609,0.4772648299165768,41,7.47981716697758,21.479398327704732,2.234054175596323,23.713452503301056
-0.43131782838213695,0.2887819778530605,-0.09445004356904416,-0.09668553269783658,0.7452158835639614,3.028204319950335e-06,2.0,0.7587237889275609,0.4772648299165768,41,7.479817170713092,21.479398329859922,2.234054182614335,23.71345251247426
-0.43131782838213695,0.2887819778530605,-0.09445004356904416,-0.09668553269783658,0.7452158835639614,3.0133031587564875e-06,2.0,0.7587237889275609,0.4772648299165768,41,7.479817169007315,21.47939833011913,2.234054173175402,23.713452503294537
-0.4313178454557492,0.28878197568830977,-0.09445004539690616,-0.09668553452569859,0.7452158840259803,3.8573758156326185e-07,2.0,0.758723788194106,0.47726482882505733,41,7.479816857371179,21.479398340418022,2.2340525442180845,23.713450884636107
-0.4313178457636311,0.2887819753815191,-0.09445004565595257,-0.096685534784745,0.745215884091458,1.3356382009034837e-08,2.0,0.7587237880901601,0.4772648286703661,41,7.479816814354818,21.479398345724526,2.2340523095151825,23.713450655239704
-0.43131784577310484,0.28878197537207895,-0.09445004566392362,-0.09668553479271605,0.7452158840934728,1.897935056007351e-09,2.0,0.7587237880869616,0.47726482866560616,41,7.479816813031177,21.47939834588782,2.2340523022932017,23.71345064818102
-0.43131784577310484,0.28878197537207895,-0.09445004566392362,-0.09668553479271605,0.7452158840934728,1.897935056007351e-09,2.0,0.7587237880869616,0.47726482866560616,41,7.479816813031177,21.47939834588782,2.2340523022932017,23.71345064818102
-0.4313178457772186,0.2887819753679798,-0.09445004566738488,-0.09668553479617731,0.7452158840943477,-3.077651587707101e-09,2.0,0.7587237880855727,0.47726482866353925,41,7.479816812456414,21.479398345958725,2.2340523030561856,23.71345064901491
-0.43131784580070676,0.2887819753445749,-0.09445004568714738,-0.0966855348159398,0.745215884099343,-3.1486397385278626e-08,2.0,0.7587237880776427,0.47726482865173797,41,7.479816809174732,21.47939834636358,2.234052321140944,23.713450667504528
-0.43131782838213695,0.2887819778530605,-0.09445004356904416,-0.09668553269783658,0.7452158835639614,3.0133031587564875e-06,1.9999999701976776,0.7587237889275609,0.4772648299165768,41,7.479817175047679,21.479398346833417,2.2340541652046593,23.713452512038078
-0.431317845839878,0.2887819753055425,-0.09445004572010536,-0.09668553484889779,0.7452158841076736,-7.886374577085206e-08,2.0,0.7587237880644179,0.4772648286320569,41,7.479816803701869,21.479398347038767,2.2340523513009525,23.713450698339717
-0.43131782838213695,0.2887819927542217,-0.09445004356904416,-0.09668553269783658,0.7452158835639614,3.0133031587564875e-06,2.0,0.7587237889275609,0.4772648299165768,41,7.479817177106792,21.47939835724789,2.2340541460380705,23.713452503285964
-0.431317830554588,0.28878197568830977,-0.09445004539690616,-0.09668553452569859,0.7452158989271415,3.8573758156326185e-07,2.0,0.758723788194106,0.47726482882505733,41,7.479816860177184,21.479398358110036,2.234052526519653,23.713450884629687
-0.4313178308624699,0.2887819753815191,-0.09445004565595257,-0.096685534784745,0.7452158989926192,1.3356382009034837e-08,2.0,0.7587237880901601,0.4772648286703661,41,7.479816817160868,21.479398363416628,2.2340522918167456,23.71345065523337
-0.431317830554588,0.28878197568830977,-0.09445004539690616,-0.09668553452569859,0.7452158840259803,3.8573758156326185e-07,2.0,0.758723788194106,0.4772648437262185,41,7.479816863587699,21.47939836355783,2.2340525210661246,23.713450884623956
-0.431317830554588,0.28878197568830977,-0.09445004539690616,-0.09668553452569859,0.7452158840259803,3.8573758156326185e-07,2.0,0.7587238030952672,0.47726482882505733,41,7.479816862975052,21.479398363559163,2.2340525210661246,23.713450884625285
-0.43131783087194364,0.28878197537207895,-0.09445004566392362,-0.09668553479271605,0.745215898994634,1.897935056007351e-09,2.0,0.7587237880869616,0.47726482866560616,41,7.479816815837229,21.479398363579918,2.2340522845947652,23.71345064817469
-0.43131783087194364,0.28878197537207895,-0.09445004566392362,-0.09668553479271605,0.745215898994634,1.897935056007351e-09,2.0,0.7587237880869616,0.47726482866560616,41,7.479816815837229,21.479398363579918,2.2340522845947652,23.71345064817469
-0.4313178308760574,0.2887819753679798,-0.09445004566738488,-0.09668553479617731,0.7452158989955089,-3.077651587707101e-09,2.0,0.7587237880855727,0.47726482866353925,41,7.479816815262469,21.47939836365083,2.2340522853577487,23.713450649008582
-0.43131783089954556,0.2887819753445749,-0.09445004568714738,-0.0966855348159398,0.7452158990005042,-3.1486397385278626e-08,2.0,0.7587237880776427,0.47726482865173797,41,7.4798168119807915,21.479398364055694,2.2340523034425077,23.713450667498197
-0.4313178309387168,0.2887819753055425,-0.09445004572010536,-0.09668553484889779,0.7452158990088348,-7.886374577085206e-08,2.0,0.7587237880644179,0.4772648286320569,41,7.479816806507932,21.479398364730883,2.234052333602517,23.713450698333403
-0.431317830554588,0.28878197568830977,-0.09445006029806735,-0.09668553452569859,0.7452158840259803,3.8573758156326185e-07,2.0,0.758723788194106,0.47726482882505733,41,7.479816863441295,21.47939836513303,2.234052519501674,23.713450884634703
-0.431317830554588,0.28878197568830977,-0.09445004539690616,-0.09668554942685978,0.7452158840259803,3.8573758156326185e-07,2.0,0.758723788194106,0.47726482882505733,41,7.479816863441295,21.47939836513303,2.234052519501674,23.713450884634703
-0.431317830554588,0.28878197568830977,-0.09445004539690616,-0.09668553452569859,0.7452158840259803,4.006387427571095e-07,2.0,0.758723788194106,0.47726482882505733,41,7.479816867176641,21.47939836728788,2.234052526519653,23.71345089380753
-0.431317830554588,0.28878197568830977,-0.09445004539690616,-0.09668553452569859,0.7452158840259803,3.8573758156326185e-07,2.0,0.758723788194106,0.47726482882505733,41,7.479816865470944,21.479398367547248,2.234052517080753,23.713450884628
-0.4313178309387168,0.2887819753055425,-0.09445004572010536,-0.09668553484889779,0.7452158941076736,-7.886374577085206e-08,2.0,0.7587237880644179,0.4772648286320569,41,7.479816808249108,21.479398367834882,2.2340523304979567,23.713450698332842
-0.4313178308624699,0.2887819753815191,-0.09445004565595257,-0.096685534784745,0.745215884091458,1.3356382009034837e-08,2.0,0.7587237880901601,0.4772648435715273,41,7.479816820571383,21.479398368864416,2.2340522863632226,23.713450655227643
-0.4313178308624699,0.2887819753815191,-0.09445004565595257,-0.096685534784745,0.745215884091458,1.3356382009034837e-08,2.0,0.7587238029913213,0.4772648286703661,41,7.479816819958733,21.479398368865745,2.2340522863632226,23.713450655228964
-0.43131783087194364,0.28878197537207895,-0.09445004566392362,-0.09668553479271605,0.7452158840934728,1.897935056007351e-09,2.0,0.7587237880869616,0.47726484356676735,41,7.479816819247743,21.479398369027713,2.234052279141242,23.71345064816896
-0.43131783087194364,0.28878197537207895,-0.09445004566392362,-0.09668553479271605,0.7452158840934728,1.897935056007351e-09,2.0,0.7587237880869616,0.47726484356676735,41,7.479816819247743,21.479398369027713,2.234052279141242,23.71345064816896
-0.43131783087194364,0.28878197537207895,-0.09445004566392362,-0.09668553479271605,0.7452158840934728,1.897935056007351e-09,2.0,0.7587238029881228,0.47726482866560616,41,7.479816818635094,21.479398369029038,2.234052279141242,23.713450648170284
-0.43131783087194364,0.28878197537207895,-0.09445004566392362,-0.09668553479271605,0.7452158840934728,1.897935056007351e-09,2.0,0.7587238029881228,0.47726482866560616,41,7.479816818635094,21.479398369029038,2.234052279141242,23.713450648170284
-0.4313178308760574,0.2887819753679798,-0.09445004566738488,-0.09668553479617731,0.7452158840943477,-3.077651587707101e-09,2.0,0.7587237880855727,0.47726484356470045,41,7.479816818672981,21.47939836909862,2.2340522799042253,23.713450649002848
-0.4313178308760574,0.2887819753679798,-0.09445004566738488,-0.09668553479617731,0.7452158840943477,-3.077651587707101e-09,2.0,0.7587238029867339,0.47726482866353925,41,7.47981681806033,21.479398369099947,2.2340522799042253,23.713450649004173
-0.43131783089954556,0.2887819753445749,-0.09445004568714738,-0.0966855348159398,0.745215884099343,-3.1486397385278626e-08,2.0,0.7587237880776427,0.47726484355289917,41,7.479816815391303,21.479398369503485,2.2340522979889847,23.713450667492467
-0.43131783089954556,0.2887819753445749,-0.09445004568714738,-0.0966855348159398,0.745215884099343,-3.1486397385278626e-08,2.0,0.7587238029788039,0.47726482865173797,41,7.479816814778655,21.479398369504807,2.2340522979889847,23.713450667493795
-0.4313178309387168,0.2887819753055425,-0.09445004572010536,-0.09668553484889779,0.7452158841076736,-7.886374577085206e-08,2.0,0.7587237880644179,0.4772648435332181,41,7.479816809918446,21.479398370178675,2.2340523281489935,23.71345069832767
-0.4313178309387168,0.2887819753055425,-0.09445004572010536,-0.09668553484889779,0.7452158841076736,-7.886374577085206e-08,2.0,0.7587238029655791,0.4772648286320569,41,7.4798168093057935,21.479398370180004,2.2340523281489935,23.71345069832899
-0.4313178308624699,0.2887819753815191,-0.09445004565595257,-0.09668554968590619,0.745215884091458,1.3356382009034837e-08,2.0,0.7587237880901601,0.4772648286703661,41,7.479816820424985,21.479398370439633,2.2340522847987714,23.713450655238404
-0.4313178308624699,0.2887819753815191,-0.09445006055711376,-0.096685534784745,0.745215884091458,1.3356382009034837e-08,2.0,0.7587237880901601,0.4772648286703661,41,7.479816820424985,21.479398370439633,2.2340522847987714,23.713450655238404
-0.43131783087194364,0.28878197537207895,-0.09445006056508481,-0.09668553479271605,0.7452158840934728,1.897935056007351e-09,2.0,0.7587237880869616,0.47726482866560616,41,7.479816819101346,21.479398370602933,2.234052277576791,23.713450648179716
-0.43131783087194364,0.28878197537207895,-0.09445004566392362,-0.09668554969387724,0.7452158840934728,1.897935056007351e-09,2.0,0.7587237880869616,0.47726482866560616,41,7.479816819101347,21.479398370602933,2.234052277576791,23.713450648179716
-0.43131783087194364,0.28878197537207895,-0.09445006056508481,-0.09668553479271605,0.7452158840934728,1.897935056007351e-09,2.0,0.7587237880869616,0.47726482866560616,41,7.479816819101346,21.479398370602933,2.234052277576791,23.713450648179716
-0.43131783087194364,0.28878197537207895,-0.09445004566392362,-0.09668554969387724,0.7452158840934728,1.897935056007351e-09,2.0,0.7587237880869616,0.47726482866560616,41,7.479816819101347,21.479398370602933,2.234052277576791,23.713450648179716
-0.4313178308760574,0.2887819753679798,-0.09445006056854607,-0.09668553479617731,0.7452158840943477,-3.077651587707101e-09,2.0,0.7587237880855727,0.47726482866353925,41,7.479816818526586,21.479398370673838,2.2340522783397745,23.71345064901361
-0.4313178308760574,0.2887819753679798,-0.09445004566738488,-0.0966855496973385,0.7452158840943477,-3.077651587707101e-09,2.0,0.7587237880855727,0.47726482866353925,41,7.479816818526586,21.479398370673838,2.2340522783397745,23.713450649013613
-0.43131783089954556,0.2887819753445749,-0.09445004568714738,-0.096685549717101,0.745215884099343,-3.1486397385278626e-08,2.0,0.7587237880776427,0.47726482865173797,41,7.479816815244909,21.479398371078698,2.234052296424534,23.71345066750323
-0.43131783089954556,0.2887819753445749,-0.09445006058830857,-0.0966855348159398,0.745215884099343,-3.1486397385278626e-08,2.0,0.7587237880776427,0.47726482865173797,41,7.479816815244909,21.479398371078705,2.234052296424534,23.71345066750323
-0.4313178309387168,0.2887819753055425,-0.09445004572010536,-0.09668553484889779,0.7452158841076736,-7.886374577085206e-08,2.0,0.7587237880644179,0.4772648386320569,41,7.479816810537864,21.479398371490838,2.2340523268381594,23.71345069832899
-0.4313178309387168,0.2887819753055425,-0.09445004572010536,-0.09668553484889779,0.7452158841076736,-7.886374577085206e-08,2.0,0.7587237980644179,0.4772648286320569,41,7.479816810126721,21.47939837149173,2.2340523268381594,23.713450698329886
-0.4313178309387168,0.2887819753055425,-0.09445004572010536,-0.09668554975005898,0.7452158841076736,-7.886374577085206e-08,2.0,0.7587237880644179,0.4772648286320569,41,7.479816809772052,21.479398371753895,2.2340523265845422,23.713450698338445
-0.4313178309387168,0.2887819753055425,-0.09445006062126655,-0.09668553484889779,0.7452158841076736,-7.886374577085206e-08,2.0,0.7587237880644179,0.4772648286320569,41,7.479816809772052,21.4793983717539,2.2340523265845422,23.713450698338445
-0.4313178308624699,0.2887819753815191,-0.09445004565595257,-0.096685534784745,0.745215884091458,2.8257543202882493e-08,2.0,0.7587237880901601,0.4772648286703661,41,7.479816824160307,21.47939837259444,2.2340522918167456,23.713450664411177
-0.43131783087194364,0.28878197537207895,-0.09445004566392362,-0.09668553479271605,0.7452158840934728,1.6799096249855007e-08,2.0,0.7587237880869616,0.47726482866560616,41,7.479816822836668,21.479398372757732,2.2340522845947652,23.713450657352503
-0.43131783087194364,0.28878197537207895,-0.09445004566392362,-0.09668553479271605,0.7452158840934728,1.6799096249855007e-08,2.0,0.7587237880869616,0.47726482866560616,41,7.479816822836668,21.479398372757732,2.2340522845947652,23.713450657352503
-0.4313178308624699,0.2887819753815191,-0.09445004565595257,-0.096685534784745,0.745215884091458,1.3356382009034837e-08,2.0,0.7587237880901601,0.4772648286703661,41,7.479816822454621,21.47939837285382,2.2340522823778506,23.713450655231668
-0.43131783087194364,0.28878197537207895,-0.09445004566392362,-0.09668553479271605,0.7452158840934728,1.897935056007351e-09,2.0,0.7587237880869616,0.47726482866560616,41,7.479816821130984,21.47939837301712,2.2340522751558702,23.71345064817299
-0.43131783087194364,0.28878197537207895,-0.09445004566392362,-0.09668553479271605,0.7452158840934728,1.897935056007351e-09,2.0,0.7587237880869616,0.47726482866560616,41,7.479816821130984,21.47939837301712,2.2340522751558702,23.71345064817299
-0.4313178308760574,0.2887819753679798,-0.09445004566738488,-0.09668553479617731,0.7452158840943477,-3.077651587707101e-09,2.0,0.7587237880855727,0.47726482866353925,41,7.47981682055622,21.479398373088024,2.234052275918854,23.713450649006887
-0.4313178308760574,0.2887819753679798,-0.09445004566738488,-0.09668553479617731,0.7452158840943477,-1.7978812781554757e-08,2.0,0.7587237880855727,0.47726482866353925,41,7.479816818850539,21.47939837334742,2.2340522853577487,23.713450658705167
-0.43131783089954556,0.2887819753445749,-0.09445004568714738,-0.0966855348159398,0.745215884099343,-3.1486397385278626e-08,2.0,0.7587237880776427,0.47726482865173797,41,7.479816817274544,21.479398373492884,2.2340522940036127,23.7134506674965
-0.43131783089954556,0.2887819753445749,-0.09445004568714738,-0.0966855348159398,0.745215884099343,-4.638755857912628e-08,2.0,0.7587237880776427,0.47726482865173797,41,7.479816815568862,21.479398373752282,2.2340523034425077,23.713450677194785
-0.4313178309387168,0.2887819753055425,-0.09445004572010536,-0.09668553484889779,0.7452158841076736,-6.886374577085206e-08,2.0,0.7587237880644179,0.4772648286320569,41,7.479816812946348,21.479398373994,2.2340523178292857,23.713450691823294
-0.4313178309387168,0.2887819753055425,-0.09445004572010536,-0.09668553484889779,0.7452158841076736,-7.886374577085206e-08,2.0,0.7587237880644179,0.4772648286320569,41,7.479816811801683,21.47939837416808,2.2340523241636214,23.713450698331698
-0.4313178309387168,0.2887819753055425,-0.09445004572010536,-0.09668553484889779,0.7452158841076736,-7.886374577085206e-08,2.0,0.7587237880644179,0.4772648286320569,41,7.479816811801683,21.47939837416808,2.2340523241636214,23.713450698331698
-0.4313178309387168,0.2887819753055425,-0.09445004572010536,-0.09668553484889779,0.7452158841076736,-9.376490696469972e-08,2.0,0.7587237880644179,0.4772648286320569,41,7.479816810096002,21.479398374427472,2.234052333602517,23.713450708029992
-0.4313178309387168,0.2887819753055425,-0.09445004572010536,-0.0966855248488978,0.7452158841076736,-7.886374577085206e-08,2.0,0.7587237880644179,0.4772648286320569,41,7.479816813163748,21.479398375788215,2.2340523225389686,23.713450698327176
-0.4313178309387168,0.2887819753055425,-0.09445003572010537,-0.09668553484889779,0.7452158841076736,-7.886374577085206e-08,2.0,0.7587237880644179,0.4772648286320569,41,7.479816813163748,21.479398375788215,2.2340523225389686,23.71345069832718
-0.4313178309387168,0.2887819753055425,-0.09445004572010536,-0.09668553484889779,0.7452158841076736,-7.886374577085206e-08,1.99999999,0.7587237880644179,0.4772648286320569,41,7.479816813828534,21.47939837977653,2.2340523214890835,23.713450701265614
-0.431317830554588,0.28878197568830977,-0.09445004539690616,-0.09668553452569859,0.7452158840259803,3.8573758156326185e-07,1.9999999701976776,0.758723788194106,0.47726482882505733,41,7.4798168715114075,21.4793983842617,2.2340525091100103,23.713450893371714
-0.4313178308624699,0.2887819753815191,-0.09445004565595257,-0.096685534784745,0.745215884091458,1.3356382009034837e-08,1.9999999701976776,0.7587237880901601,0.4772648286703661,41,7.479816828495101,21.4793983895683,2.234052274407108,23.713450663975408
-0.43131783087194364,0.28878197537207895,-0.09445004566392362,-0.09668553479271605,0.7452158840934728,1.897935056007351e-09,1.9999999701976776,0.7587237880869616,0.47726482866560616,41,7.4798168271714625,21.479398389731596,2.234052267185128,23.713450656916724
-0.43131783087194364,0.28878197537207895,-0.09445004566392362,-0.09668553479271605,0.7452158840934728,1.897935056007351e-09,1.9999999701976776,0.7587237880869616,0.47726482866560616,41,7.4798168271714625,21.479398389731596,2.234052267185128,23.713450656916724
-0.4313178308760574,0.2887819753679798,-0.09445004566738488,-0.09668553479617731,0.7452158840943477,-3.077651587707101e-09,1.9999999701976776,0.7587237880855727,0.47726482866353925,41,7.4798168265967,21.47939838980251,2.234052267948111,23.713450657750613
-0.43131783089954556,0.2887819753445749,-0.09445004568714738,-0.0966855348159398,0.745215884099343,-3.1486397385278626e-08,1.9999999701976776,0.7587237880776427,0.47726482865173797,41,7.479816823315024,21.479398390207365,2.2340522860328704,23.713450676240235
-0.4313178309387168,0.2887819753055425,-0.09445004572010536,-0.09668553484889779,0.7452158841076736,-7.886374577085206e-08,1.9999999701976776,0.7587237880644179,0.4772648286320569,41,7.479816817842166,21.479398390882565,2.2340523161928787,23.71345070707544
-0.4313178209387168,0.2887819753055425,-0.09445004572010536,-0.09668553484889779,0.7452158841076736,-7.886374577085206e-08,2.0,0.7587237880644179,0.4772648286320569,41,7.479816817237387,21.47939839237427,2.2340523059520656,23.713450698326334
-0.4313178309387168,0.2887819853055425,-0.09445004572010536,-0.09668553484889779,0.7452158841076736,-7.886374577085206e-08,2.0,0.7587237880644179,0.4772648286320569,41,7.479816817237385,21.47939839237427,2.2340523059520665,23.713450698326334
-0.431317830554588,0.28878199058947096,-0.09445004539690616,-0.09668553452569859,0.7452158840259803,3.8573758156326185e-07,2.0,0.758723788194106,0.47726482882505733,41,7.479816873570721,21.479398394676494,2.2340524899434215,23.71345088461992
-0.4313178308624699,0.2887819902826803,-0.09445004565595257,-0.096685534784745,0.745215884091458,1.3356382009034837e-08,2.0,0.7587237880901601,0.4772648286703661,41,7.479816830554442,21.47939839998314,2.2340522552405195,23.713450655223664
-0.43131783087194364,0.28878199027324014,-0.09445004566392362,-0.09668553479271605,0.7452158840934728,1.897935056007351e-09,2.0,0.7587237880869616,0.47726482866560616,41,7.4798168292308045,21.47939840014644,2.2340522480185387,23.713450648164983
-0.43131783087194364,0.28878199027324014,-0.09445004566392362,-0.09668553479271605,0.7452158840934728,1.897935056007351e-09,2.0,0.7587237880869616,0.47726482866560616,41,7.4798168292308045,21.47939840014644,2.2340522480185387,23.713450648164983
-0.4313178308760574,0.288781990269141,-0.09445004566738488,-0.09668553479617731,0.7452158840943477,-3.077651587707101e-09,2.0,0.7587237880855727,0.47726482866353925,41,7.479816828656043,21.479398400217345,2.234052248781522,23.713450648998876
-0.43131783089954556,0.2887819902457361,-0.09445004568714738,-0.0966855348159398,0.745215884099343,-3.1486397385278626e-08,2.0,0.7587237880776427,0.47726482865173797,41,7.479816825374369,21.479398400622216,2.2340522668662817,23.713450667488498
-0.4313178309387168,0.2887819902067037,-0.09445004572010536,-0.09668553484889779,0.7452158841076736,-7.886374577085206e-08,2.0,0.7587237880644179,0.4772648286320569,41,7.479816819901515,21.47939840129742,2.2340522970262904,23.713450698323708
-0.4313118788653766,0.2887879211299349,-0.09444502521298166,-0.09668051434177409,0.7452146151011336,0.0072169384611412025,2.0,0.7587258026123,0.4772678266600075,41,7.480704367370292,21.479399365557896,2.2386230904904103,23.71802245604831
-0.4313118639642154,0.2887879211299349,-0.09444502521298166,-0.09668051434177409,0.7452146300022948,0.0072169384611412025,2.0,0.7587258026123,0.4772678266600075,41,7.480704369230842,21.479399381646726,2.2386230728835184,23.71802245453024
-0.4313118639642154,0.2887879211299349,-0.09444502521298166,-0.09668051434177409,0.7452146151011336,0.0072169384611412025,2.0,0.7587258026123,0.4772678415611687,41,7.480704372681571,21.47939938718927,2.238623067338686,23.718022454527954
-0.4313118639642154,0.2887879211299349,-0.09444502521298166,-0.09668051434177409,0.7452146151011336,0.0072169384611412025,2.0,0.7587258175134612,0.4772678266600075,41,7.480704372101242,21.479399387238164,2.238623067338686,23.718022454576854
-0.4313118639642154,0.2887879211299349,-0.09444504011414286,-0.09668051434177409,0.7452146151011336,0.0072169384611412025,2.0,0.7587258026123,0.4772678266600075,41,7.480704372376001,21.479399388408403,2.2386230657740236,23.718022454182428
-0.4313118639642154,0.2887879211299349,-0.09444502521298166,-0.09668052924293528,0.7452146151011336,0.0072169384611412025,2.0,0.7587258026123,0.4772678266600075,41,7.480704372376001,21.479399388408403,2.2386230657740236,23.718022454182428
-0.4313118639642154,0.2887879211299349,-0.09444502521298166,-0.09668051434177409,0.7452146151011336,0.0072169384611412025,2.0,0.7587258026123,0.4772678266600075,41,7.48070437464443,21.479399391329427,2.23862306335323,23.71802245468266
-0.4313118639642154,0.2887879211299349,-0.09444502521298166,-0.09668051434177409,0.7452146151011336,0.007216953362302396,2.0,0.7587258026123,0.4772678266600075,41,7.480704376573691,21.47939939150059,2.2386230728835184,23.71802246438412
-0.4313118639642154,0.2887879211299349,-0.09444502521298166,-0.09668051434177409,0.7452146151011336,0.0072169384611412025,1.9999999701976776,0.7587258026123,0.4772678266600075,41,7.480704380410865,21.479399407583475,2.238623055382318,23.71802246296579
-0.4313118639642154,0.2887879360310961,-0.09444502521298166,-0.09668051434177409,0.7452146151011336,0.0072169384611412025,2.0,0.7587258026123,0.4772678266600075,41,7.48070438191858,21.47939941710098,2.238623036216049,23.718022453317026
-0.4311294552903418,0.2889127407931574,-0.09437359563304779,-0.09660890349612959,0.7463657037924335,0.00014135949244941943,2.0,0.7629793825295543,0.47234676797327924,41,7.479530962686588,21.47945912928699,2.2340879057069967,23.713547034993983
-0.4311294552903418,0.2889127407931574,-0.09437359563304779,-0.09660890349612959,0.7463656937924334,0.00014135949244941943,2.0,0.7629793825295543,0.47234677797327923,41,7.479530964956265,21.479459132899027,2.2340879020287168,23.71354703492775
-0.4311294552903418,0.2889127407931574,-0.09437359563304779,-0.09660890349612959,0.7463656937924334,0.00014135949244941943,2.0,0.7629793925295544,0.47234676797327924,41,7.479530964553953,21.479459132925577,2.2340879020287168,23.713547034954292
-0.4311294552903418,0.2889127407931574,-0.09437359563304779,-0.09660890349612959,0.7463656937924334,0.00014136949244941943,2.0,0.7629793825295543,0.47234676797327924,41,7.479530967362253,21.479459135397164,2.2340879057069967,23.71354704110416
-0.4311294552903418,0.2889127407931574,-0.09437359563304779,-0.09660890349612959,0.7463656937924334,0.00014135949244941943,2.0,0.7629793825295543,0.47234676797327924,41,7.479530966230237,21.47945913559564,2.2340878993616866,23.713547034957326
-0.4311294552903418,0.2889127407931574,-0.09437359563304779,-0.0966088934961296,0.7463656937924334,0.00014135949244941943,2.0,0.7629793825295543,0.47234676797327924,41,7.479530967617459,21.47945913723747,2.2340878977383354,23.713547034975807
-0.4311294552903418,0.2889127407931574,-0.09437358563304779,-0.09660890349612959,0.7463656937924334,0.00014135949244941943,2.0,0.7629793825295543,0.47234676797327924,41,7.479530967617459,21.47945913723747,2.2340878977383354,23.713547034975807
-0.4311294552903418,0.2889127407931574,-0.09437359563304779,-0.09660890349612959,0.7463656937924334,0.00014135949244941943,1.99999999,0.7629793825295543,0.47234676797327924,41,7.479530968260343,21.47945914120004,2.234087896694658,23.7135470378947
-0.4311294452903418,0.2889127407931574,-0.09437359563304779,-0.09660890349612959,0.7463656937924334,0.00014135949244941943,2.0,0.7629793825295543,0.47234676797327924,41,7.47953097169885,21.47945915382315,2.2340878811528446,23.713547034975996
-0.4311294552903418,0.28891275079315737,-0.09437359563304779,-0.09660890349612959,0.7463656937924334,0.00014135949244941943,2.0,0.7629793825295543,0.47234676797327924,41,7.479530971698851,21.47945915382315,2.2340878811528446,23.713547034975996
-0.4312809554553172,0.28878769376505437,-0.09445388123460469,-0.09668927415391214,0.7453548874636675,-9.332639215519144e-07,2.0,0.7586485931740244,0.47695084960158973,41,7.47984177837053,21.479490948446095,2.233960584116839,23.713451532562935
-0.4312809554553172,0.28878769376505437,-0.09445388123460469,-0.09668927415391214,0.7453548774636675,-9.332639215519144e-07,2.0,0.7586486031740245,0.47695084960158973,41,7.479841780245632,21.479490952097937,2.2339605804514413,23.71345153254938
-0.4312809554553172,0.28878769376505437,-0.09445388123460469,-0.09668927415391214,0.7453548774636675,-9.332639215519144e-07,2.0,0.7586485931740244,0.4769508596015897,41,7.479841780657416,21.47949095209838,2.2339605804514413,23.713451532549826
-0.4312809554553172,0.28878769376505437,-0.09445388123460469,-0.09668927415391214,0.7453548774636675,-9.232639215519144e-07,2.0,0.7586485931740244,0.47695084960158973,41,7.479841783062761,21.479490954596233,2.2339605714457904,23.713451526042025
-0.4312809554553172,0.28878769376505437,-0.09445388123460469,-0.09668927415391214,0.7453548774636675,-9.332639215519144e-07,2.0,0.7586485931740244,0.47695084960158973,41,7.479841781920436,21.479490954774107,2.233960577781315,23.713451532555425
-0.4312809554553172,0.28878769376505437,-0.09445388123460469,-0.09668926415391214,0.7453548774636675,-9.332639215519144e-07,2.0,0.7586485931740244,0.47695084960158973,41,7.479841783281215,21.479490956392237,2.2339605761565977,23.71345153254883
-0.4312809554553172,0.28878769376505437,-0.09445387123460469,-0.09668927415391214,0.7453548774636675,-9.332639215519144e-07,2.0,0.7586485931740244,0.47695084960158973,41,7.479841783281215,21.479490956392237,2.2339605761565977,23.71345153254883
-0.4312809554553172,0.28878769376505437,-0.09445388123460469,-0.09668927415391214,0.7453548774636675,-9.332639215519144e-07,1.99999999,0.7586485931740244,0.47695084960158973,41,7.479841783950073,21.479490960386723,2.2339605751111877,23.71345153549791
-0.4312809554553172,0.28878770376505436,-0.09445388123460469,-0.09668927415391214,0.7453548774636675,-9.332639215519144e-07,2.0,0.7586485931740244,0.47695084960158973,41,7.479841787376413,21.479490973015878,2.2339605595701215,23.713451532586
-0.4312809454553172,0.28878769376505437,-0.09445388123460469,-0.09668927415391214,0.7453548774636675,-9.332639215519144e-07,2.0,0.7586485931740244,0.47695084960158973,41,7.479841787376415,21.47949097301588,2.2339605595701215,23.713451532586
-0.43129503926412904,0.28880709433079893,-0.09446695756713293,-0.09670245359386657,0.745110613756628,-2.2501364600775842e-07,2.0,0.7589407143416048,0.4769148572368967,41,7.4798835412342335,21.479582458966952,2.2338684111991403,23.713450870166096
-0.43129503926412904,0.28880709433079893,-0.09446695756713293,-0.09670245359386657,0.745110603756628,-2.2501364600775842e-07,2.0,0.7589407143416048,0.4769148672368967,41,7.4798835435223445,21.479582462621693,2.2338684075387283,23.713450870160422
-0.43129503926412904,0.28880709433079893,-0.09446695756713293,-0.09670245359386657,0.745110603756628,-2.2501364600775842e-07,2.0,0.7589407243416049,0.4769148572368967,41,7.479883543111299,21.479582462623053,2.2338684075387283,23.713450870161786
-0.43129503926412904,0.28880709433079893,-0.09446695756713293,-0.09670245359386657,0.745110603756628,-2.150136460077584e-07,2.0,0.7589407143416048,0.4769148572368967,41,7.479883545929753,21.479582465123425,2.2338683985322563,23.71345086365568
-0.43129503926412904,0.28880709433079893,-0.09446695756713293,-0.09670245359386657,0.745110603756628,-2.2501364600775842e-07,2.0,0.7589407143416048,0.4769148572368967,41,7.479883544786675,21.47958246529985,2.2338684048656985,23.713450870165552
-0.43129503926412904,0.28880709433079893,-0.09446695756713293,-0.09670244359386658,0.745110603756628,-2.2501364600775842e-07,2.0,0.7589407143416048,0.4769148572368967,41,7.479883546150238,21.47958246692222,2.2338684032407587,23.71345087016298
-0.43129503926412904,0.28880709433079893,-0.09446694756713293,-0.09670245359386657,0.745110603756628,-2.2501364600775842e-07,2.0,0.7589407143416048,0.4769148572368967,41,7.479883546150239,21.47958246692222,2.2338684032407587,23.71345087016298
-0.43129503926412904,0.28880709433079893,-0.09446695756713293,-0.09670245359386657,0.745110603756628,-2.2501364600775842e-07,1.99999999,0.7589407143416048,0.4769148572368967,41,7.479883546814198,21.479582470908298,2.233868402192669,23.713450873100967
-0.43129503926412904,0.2888071043307989,-0.09446695756713293,-0.09670245359386657,0.745110603756628,-2.2501364600775842e-07,2.0,0.7589407143416048,0.4769148572368967,41,7.479883550229138,21.47958248351514,2.233868386654551,23.713450870169694
-0.43129502926412905,0.28880709433079893,-0.09446695756713293,-0.09670245359386657,0.745110603756628,-2.2501364600775842e-07,2.0,0.7589407143416048,0.4769148572368967,41,7.479883550229138,21.479582483515145,2.233868386654551,23.713450870169694
-0.43128104320050725,0.28885724478512803,-0.09455699388311944,-0.09679260266014963,0.7451870702586487,7.134219738973716e-05,2.0,0.7592530410141939,0.47671974089360625,41,7.479847395811672,21.479589348721817,2.233905700270471,23.71349504899229
-0.43128104320050725,0.28885724478512803,-0.09455699388311944,-0.09679260266014963,0.7451870602586487,7.134219738973716e-05,2.0,0.7592530510141939,0.47671974089360625,41,7.479847397681809,21.47958935236541,2.2339056966101327,23.713495048975545
-0.43128104320050725,0.28885724478512803,-0.09455699388311944,-0.09679260266014963,0.7451870602586487,7.134219738973716e-05,2.0,0.7592530410141939,0.47671975089360624,41,7.479847398096621,21.47958935236941,2.2339056966101327,23.71349504897954
-0.43128104320050725,0.28885724478512803,-0.09455699388311944,-0.09679260266014963,0.7451870602586487,7.135219738973715e-05,2.0,0.7592530410141939,0.47671974089360625,41,7.479847400492133,21.47958935484885,2.233905700270471,23.71349505511932
-0.43128104320050725,0.28885724478512803,-0.09455699388311944,-0.09679260266014963,0.7451870602586487,7.134219738973716e-05,2.0,0.7592530410141939,0.47671974089360625,41,7.479847399357296,21.47958935504104,2.233905693935774,23.713495048976814
-0.43128104320050725,0.28885724478512803,-0.09455698388311945,-0.09679260266014963,0.7451870602586487,7.134219738973716e-05,2.0,0.7592530410141939,0.47671974089360625,41,7.479847400712966,21.479589356645615,2.2339056923093032,23.713495048954922
-0.43128104320050725,0.28885724478512803,-0.09455699388311944,-0.09679259266014964,0.7451870602586487,7.134219738973716e-05,2.0,0.7592530410141939,0.47671974089360625,41,7.479847400712966,21.479589356645615,2.2339056923093032,23.713495048954925
-0.43128104320050725,0.28885724478512803,-0.09455699388311944,-0.09679260266014963,0.7451870602586487,7.134219738973716e-05,1.99999999,0.7592530410141939,0.47671974089360625,41,7.479847401390342,21.479589360657755,2.2339056912614175,23.71349505191918
-0.43128103320050726,0.28885724478512803,-0.09455699388311944,-0.09679260266014963,0.7451870602586487,7.134219738973716e-05,2.0,0.7592530410141939,0.47671974089360625,41,7.479847404837046,21.479589373317772,2.2339056757251727,23.713495049042944
-0.43128104320050725,0.288857254785128,-0.09455699388311944,-0.09679260266014963,0.7451870602586487,7.134219738973716e-05,2.0,0.7592530410141939,0.47671974089360625,41,7.479847404837046,21.47958937331778,2.2339056757251727,23.713495049042947
-0.4312970009382027,0.2888085586797263,-0.09446722413655213,-0.09670273057989136,0.7450853898206867,-1.7387358466501196e-09,2.0,0.7589703914381246,0.4769144059169948,41,7.479887268054254,21.479589612728486,2.233861101262747,23.713450713991232
-0.4312970009382027,0.2888085586797263,-0.09446722413655213,-0.09670273057989136,0.7450853798206867,-1.7387358466501196e-09,2.0,0.7589703914381246,0.4769144159169948,41,7.479887270342527,21.479589616383546,2.2338610976028823,23.71345071398643
-0.4312970009382027,0.2888085586797263,-0.09446722413655213,-0.09670273057989136,0.7450853798206867,-1.7387358466501196e-09,2.0,0.7589704014381247,0.4769144059169948,41,7.479887269931607,21.479589616385176,2.2338610976028823,23.713450713988056
-0.4312970009382027,0.2888085586797263,-0.09446722413655213,-0.09670273057989136,0.7450853798206867,8.26126415334988e-09,2.0,0.7589703914381246,0.4769144059169948,41,7.479887272750307,21.479589618885964,2.2338610990603858,23.713450717946355
-0.4312970009382027,0.2888085586797263,-0.09446722413655213,-0.09670273057989136,0.7450853798206867,-1.7387358466501196e-09,2.0,0.7589703914381246,0.4769144059169948,41,7.479887271607043,21.479589619062047,2.2338610949295212,23.71345071399157
-0.4312970009382027,0.2888085586797263,-0.09446721413655214,-0.09670273057989136,0.7450853798206867,-1.7387358466501196e-09,2.0,0.7589703914381246,0.4769144059169948,41,7.479887272971002,21.47958962068507,2.233861093304576,23.71345071398964
-0.4312970009382027,0.2888085586797263,-0.09446722413655213,-0.09670272057989136,0.7450853798206867,-1.7387358466501196e-09,2.0,0.7589703914381246,0.4769144059169948,41,7.479887272971004,21.479589620685072,2.233861093304576,23.71345071398964
-0.4312970009382027,0.2888085586797263,-0.09446722413655213,-0.09670273057989136,0.7450853798206867,-1.7387358466501196e-09,1.99999999,0.7589703914381246,0.4769144059169948,41,7.479887273634265,21.47958962466994,2.2338610922561606,23.7134507169261
-0.4312970009382027,0.2888085686797263,-0.09446722413655213,-0.09670273057989136,0.7450853798206867,-1.7387358466501196e-09,2.0,0.7589703914381246,0.4769144059169948,41,7.479887277047539,21.479589637273637,2.2338610767183695,23.713450713992014
-0.43129699093820273,0.2888085586797263,-0.09446722413655213,-0.09670273057989136,0.7450853798206867,-1.7387358466501196e-09,2.0,0.7589703914381246,0.4769144059169948,41,7.479887277047539,21.479589637273637,2.2338610767183695,23.713450713992007
-0.431301801409069,0.2888121421314619,-0.09446787646649212,-0.09670340840061607,0.7450236635781663,5.446439256637709e-07,2.0,0.7590430151421078,0.4769133014786636,41,7.479896391372628,21.479607125795763,2.233843909120294,23.713451034916055
-0.431301801409069,0.2888121421314619,-0.09446787646649212,-0.09670340840061607,0.7450236535781662,5.446439256637709e-07,2.0,0.7590430151421078,0.4769133114786636,41,7.479896393661299,21.479607129451626,2.2338439054617596,23.713451034913387
-0.431301801409069,0.2888121421314619,-0.09446787646649212,-0.09670340840061607,0.7450236535781662,5.446439256637709e-07,2.0,0.7590430251421079,0.4769133014786636,41,7.479896393250681,21.479607129453896,2.2338439054617596,23.71345103491566
-0.431301801409069,0.2888121421314619,-0.09446787646649212,-0.09670340840061607,0.7450236535781662,5.54643925663771e-07,2.0,0.7590430151421078,0.4769133014786636,41,7.479896396069984,21.479607131955728,2.233843909120294,23.71345104107602
-0.431301801409069,0.2888121421314619,-0.09446787646649212,-0.09670340840061607,0.7450236535781662,5.446439256637709e-07,2.0,0.7590430151421078,0.4769133014786636,41,7.479896394926262,21.479607132130955,2.2338439027875876,23.713451034918542
-0.431301801409069,0.2888121421314619,-0.09446787646649212,-0.09670339840061608,0.7450236535781662,5.446439256637709e-07,2.0,0.7590430151421078,0.4769133014786636,41,7.479896396291184,21.479607133755565,2.233843901162632,23.7134510349182
-0.431301801409069,0.2888121421314619,-0.09446786646649212,-0.09670340840061607,0.7450236535781662,5.446439256637709e-07,2.0,0.7590430151421078,0.4769133014786636,41,7.479896396291185,21.479607133755568,2.233843901162632,23.713451034918197
-0.431301801409069,0.2888121421314619,-0.09446787646649212,-0.09670340840061607,0.7450236535781662,5.446439256637709e-07,1.99999999,0.7590430151421078,0.4769133014786636,41,7.47989639695275,21.479607137737492,2.2338439001134165,23.71345103785091
-0.431301801409069,0.2888121521314619,-0.09446787646649212,-0.09670340840061607,0.7450236535781662,5.446439256637709e-07,2.0,0.7590430151421078,0.4769133014786636,41,7.479896400361945,21.479607150333493,2.2338438845764257,23.713451034909916
-0.431301791409069,0.2888121421314619,-0.09446787646649212,-0.09670340840061607,0.7450236535781662,5.446439256637709e-07,2.0,0.7590430151421078,0.4769133014786636,41,7.479896400361945,21.479607150333493,2.2338438845764257,23.713451034909916
-0.4313379079874037,0.28883909494180143,-0.094472782943947,-0.09670850660614135,0.7445593917446389,4.6542425292527155e-06,2.0,0.7595892518613541,0.47690499448332235,41,7.479965162535544,21.479739162996285,2.233714903393879,23.713454066390163
-0.4313379079874037,0.28883909494180143,-0.094472782943947,-0.09670850660614135,0.7445593817446389,4.6542425292527155e-06,2.0,0.7595892518613541,0.47690500448332235,41,7.47996516482721,21.479739166658188,2.233714899745353,23.713454066403543
-0.4313379079874037,0.28883909494180143,-0.094472782943947,-0.09670850660614135,0.7445593817446389,4.6542425292527155e-06,2.0,0.7595892618613541,0.47690499448332235,41,7.479965164418863,21.479739166665322,2.233714899745353,23.713454066410677
-0.4313379079874037,0.28883909494180143,-0.094472782943947,-0.09670850660614135,0.7445593817446389,4.664242529252715e-06,2.0,0.7595892518613541,0.47690499448332235,41,7.4799651672427165,21.479739169174938,2.233714903393879,23.71345407256882
-0.4313379079874037,0.28883909494180143,-0.094472782943947,-0.09670850660614135,0.7445593817446389,4.6542425292527155e-06,2.0,0.7595892518613541,0.47690499448332235,41,7.479965166095546,21.479739169343752,2.233714897065084,23.713454066408836
-0.4313379079874037,0.28883909494180143,-0.094472782943947,-0.09670849660614135,0.7445593817446389,4.6542425292527155e-06,2.0,0.7595892518613541,0.47690499448332235,41,7.479965167467723,21.479739170980334,2.233714895440043,23.713454066420383
-0.4313379079874037,0.28883909494180143,-0.094472772943947,-0.09670850660614135,0.7445593817446389,4.6542425292527155e-06,2.0,0.7595892518613541,0.47690499448332235,41,7.479965167467721,21.479739170980334,2.233714895440043,23.713454066420383
-0.4313379079874037,0.28883909494180143,-0.094472782943947,-0.09670850660614135,0.7445593817446389,4.6542425292527155e-06,1.99999999,0.7595892518613541,0.47690499448332235,41,7.479965168116495,21.479739174940086,2.233714894384817,23.713454069324907
-0.4313379079874037,0.28883910494180143,-0.094472782943947,-0.09670850660614135,0.7445593817446389,4.6542425292527155e-06,2.0,0.7595892518613541,0.47690499448332235,41,7.47996517149502,21.47973918747818,2.2337148788538443,23.713454066332023
-0.4313378979874037,0.28883909494180143,-0.094472782943947,-0.09670850660614135,0.7445593817446389,4.6542425292527155e-06,2.0,0.7595892518613541,0.47690499448332235,41,7.47996517149502,21.47973918747818,2.2337148788538443,23.713454066332023
-0.43055392149599664,0.28901889152444726,-0.09554202004849377,-0.09777589361453952,0.7495085243302716,-0.0008983637667710576,2.0,0.7579398752964497,0.4675218756333549,41,7.479852267936407,21.48108480964413,2.2331335714760705,23.714218381120194
-0.43055392149599664,0.28901889152444726,-0.09554202004849377,-0.09777589361453952,0.7495085143302715,-0.0008983637667710576,2.0,0.7579398852964497,0.4675218756333549,41,7.4798522697186085,21.481084813117477,2.233133567652845,23.714218380770323
-0.43055392149599664,0.28901889152444726,-0.09554202004849377,-0.09777589361453952,0.7495085143302715,-0.0008983637667710576,2.0,0.7579398752964497,0.4675218856333549,41,7.479852270155842,21.481084813149394,2.233133567652845,23.71421838080224
-0.43055392149599664,0.28901889152444726,-0.09554202004849377,-0.09777589361453952,0.7495085143302715,-0.0008983537667710575,2.0,0.7579398752964497,0.4675218756333549,41,7.479852272417649,21.481084815377454,2.2331335587191536,23.71421837409661
-0.43055392149599664,0.28901889152444726,-0.09554202004849377,-0.09777589361453952,0.7495085143302715,-0.0008983637667710576,2.0,0.7579398752964497,0.4675218756333549,41,7.47985227138722,21.481084815766998,2.233133565097612,23.714218380864608
-0.43055392149599664,0.28901889152444726,-0.09554201004849378,-0.09777589361453952,0.7495085143302715,-0.0008983637667710576,2.0,0.7579398752964497,0.4675218756333549,41,7.479852272615301,21.48108481710149,2.2331335634544103,23.714218380555906
-0.43055392149599664,0.28901889152444726,-0.09554202004849377,-0.09777588361453952,0.7495085143302715,-0.0008983637667710576,2.0,0.7579398752964497,0.4675218756333549,41,7.479852272615301,21.481084817101493,2.2331335634544103,23.714218380555906
-0.43055392149599664,0.28901889152444726,-0.09554202004849377,-0.09777589361453952,0.7495085143302715,-0.0008983637667710576,1.99999999,0.7579398752964497,0.4675218756333549,41,7.479852273497432,21.48108482149891,2.233133562542379,23.714218384041292
-0.43055391149599664,0.28901889152444726,-0.09554202004849377,-0.09777589361453952,0.7495085143302715,-0.0008983637667710576,2.0,0.7579398752964497,0.4675218756333549,41,7.479852277387192,21.481084834904024,2.2331335468945643,23.714218381798588
-0.43055392149599664,0.28901890152444726,-0.09554202004849377,-0.09777589361453952,0.7495085143302715,-0.0008983637667710576,2.0,0.7579398752964497,0.4675218756333549,41,7.479852277387192,21.481084834904024,2.2331335468945634,23.714218381798588
-0.43127373338118424,0.28882593140638535,-0.09441293027524074,-0.09664841940403317,0.7452065026366178,0.053353656527745236,2.0,0.758738681149719,0.4772869923574263,41,7.488929037209248,21.484322332330173,2.268889208163874,23.753211540494046
-0.43127371848002305,0.28882593140638535,-0.09441293027524074,-0.09664841940403317,0.745206517537779,0.053353656527745236,2.0,0.758738681149719,0.4772869923574263,41,7.4889290330724325,21.484322338197416,2.268889191142211,23.753211529339623
-0.43127371848002305,0.28882593140638535,-0.09441293027524074,-0.09664843430519436,0.7452065026366178,0.053353656527745236,2.0,0.758738681149719,0.4772869923574263,41,7.48892903544264,21.484322343274616,2.268889183447639,23.753211526722257
-0.43127371848002305,0.28882593140638535,-0.09441294517640193,-0.09664841940403317,0.7452065026366178,0.053353656527745236,2.0,0.758738681149719,0.4772869923574263,41,7.48892903544264,21.484322343274616,2.268889183447639,23.753211526722257
-0.43127371848002305,0.28882593140638535,-0.09441293027524074,-0.09664841940403317,0.7452065026366178,0.053353656527745236,2.0,0.758738681149719,0.47728700725858747,41,7.48892903685489,21.48432234447529,2.268889185013656,23.753211529488944
-0.43127371848002305,0.28882593140638535,-0.09441293027524074,-0.09664841940403317,0.7452065026366178,0.053353656527745236,2.0,0.7587386960508802,0.4772869923574263,41,7.488929036404302,21.484322344698892,2.268889185013656,23.75321152971255
-0.43127371848002305,0.28882593140638535,-0.09441293027524074,-0.09664841940403317,0.7452065026366178,0.053353656527745236,2.0,0.758738681149719,0.4772869923574263,41,7.488929039253348,21.48432234945421,2.2688891810276584,23.75321153048186
-0.43127371848002305,0.28882593140638535,-0.09441293027524074,-0.09664841940403317,0.7452065026366178,0.05335367142890643,2.0,0.758738681149719,0.4772869923574263,41,7.488929042615076,21.484322352383856,2.268889191142211,23.753211543526064
-0.43127371848002305,0.28882593140638535,-0.09441293027524074,-0.09664841940403317,0.7452065026366178,0.053353656527745236,1.9999999701976776,0.758738681149719,0.4772869923574263,41,7.488929043284276,21.484322362777867,2.2688891730556633,23.75321153583353
-0.43127371848002305,0.28882594630754654,-0.09441293027524074,-0.09664841940403317,0.7452065026366178,0.053353656527745236,2.0,0.758738681149719,0.4772869923574263,41,7.488929041297459,21.484322366578276,2.2688891538914424,23.753211520469716
-0.4310362030449963,0.29023943538668784,-0.09704580778469182,-0.09928494402927839,0.740035927331237,-9.992345340656416e-06,2.0,0.7690186621158903,0.46792723782052137,41,7.481381698743476,21.484827362693068,2.2287349946769215,23.713562357369995
-0.4310362030449963,0.29023943538668784,-0.09704580778469182,-0.09928494402927839,0.740035917331237,-9.992345340656416e-06,2.0,0.7690186721158904,0.46792723782052137,41,7.481381700530593,21.484827366202744,2.228734991071918,23.71356235727466
-0.4310362030449963,0.29023943538668784,-0.09704580778469182,-0.09928494402927839,0.740035917331237,-9.992345340656416e-06,2.0,0.7690186621158903,0.46792724782052136,41,7.481381700989408,21.484827366247934,2.228734991071918,23.713562357319848
-0.4310362030449963,0.29023943538668784,-0.09704580778469182,-0.09928494402927839,0.740035917331237,-9.982345340656416e-06,2.0,0.7690186621158903,0.46792723782052137,41,7.481381703197598,21.484827368378287,2.228734982096141,23.713562350474426
-0.4310362030449963,0.29023943538668784,-0.09704580778469182,-0.09928494402927839,0.740035917331237,-9.992345340656416e-06,2.0,0.7690186621158903,0.46792723782052137,41,7.4813817022199816,21.484827368866533,2.2287349883865315,23.713562357253064
-0.4310362030449963,0.29023943538668784,-0.09704579778469183,-0.09928494402927839,0.740035917331237,-9.992345340656416e-06,2.0,0.7690186621158903,0.46792723782052137,41,7.481381703448163,21.484827370153674,2.22873498671772,23.713562356871392
-0.4310362030449963,0.29023943538668784,-0.09704580778469182,-0.09928493402927839,0.740035917331237,-9.992345340656416e-06,2.0,0.7690186621158903,0.46792723782052137,41,7.481381703448163,21.484827370153674,2.22873498671772,23.713562356871392
-0.4310362030449963,0.29023943538668784,-0.09704580778469182,-0.09928494402927839,0.740035917331237,-9.992345340656416e-06,1.99999999,0.7690186621158903,0.46792723782052137,41,7.481381704312079,21.48482737454054,2.2287349857011436,23.713562360241685
-0.4310361930449963,0.29023943538668784,-0.09704580778469182,-0.09928494402927839,0.740035917331237,-9.992345340656416e-06,2.0,0.7690186621158903,0.46792723782052137,41,7.481381708126121,21.48482738772271,2.2287349701897594,23.713562357912473
-0.4310362030449963,0.29023944538668783,-0.09704580778469182,-0.09928494402927839,0.740035917331237,-9.992345340656416e-06,2.0,0.7690186621158903,0.46792723782052137,41,7.481381708126121,21.48482738772271,2.2287349701897594,23.713562357912473
-0.4311838695603905,0.2906131454309487,-0.09750624234901945,-0.09974698993744319,0.7371355771240139,0.0002620120729302137,2.0,0.7724108006868462,0.468051352918384,41,7.481848052479802,21.485976965673707,2.227766330373074,23.71374329604678
-0.4311838695603905,0.2906131454309487,-0.09750624234901945,-0.09974698993744319,0.7371355671240138,0.0002620120729302137,2.0,0.7724108106868462,0.468051352918384,41,7.481848054268525,21.48597696919486,2.227766326830433,23.713743296025296
-0.4311838695603905,0.2906131454309487,-0.09750624234901945,-0.09974698993744319,0.7371355671240138,0.0002620120729302137,2.0,0.7724108006868462,0.468051362918384,41,7.481848054733785,21.485976969243495,2.227766326830433,23.713743296073932
-0.4311838695603905,0.2906131454309487,-0.09750624234901945,-0.09974698993744319,0.7371355671240138,0.0002620220729302137,2.0,0.7724108006868462,0.468051352918384,41,7.481848056924999,21.485976971342733,2.227766330373074,23.713743301715812
-0.4311838695603905,0.2906131454309487,-0.09750624234901945,-0.09974698993744319,0.7371355671240138,0.0002620120729302137,2.0,0.7724108006868462,0.468051352918384,41,7.481848055963969,21.48597697186214,2.227766324105195,23.713743295967333
-0.4311838695603905,0.2906131454309487,-0.09750624234901945,-0.09974697993744319,0.7371355671240138,0.0002620120729302137,2.0,0.7724108006868462,0.468051352918384,41,7.481848057191099,21.485976973132054,2.2277663224285424,23.713743295560597
-0.4311838695603905,0.2906131454309487,-0.09750623234901945,-0.09974698993744319,0.7371355671240138,0.0002620120729302137,2.0,0.7724108006868462,0.468051352918384,41,7.481848057191099,21.485976973132054,2.2277663224285424,23.713743295560597
-0.4311838695603905,0.2906131454309487,-0.09750624234901945,-0.09974698993744319,0.7371355671240138,0.0002620120729302137,1.99999999,0.7724108006868462,0.468051352918384,41,7.481848058050627,21.485976977518558,2.2277663213799572,23.71374329889852
-0.4311838595603905,0.2906131454309487,-0.09750624234901945,-0.09974698993744319,0.7371355671240138,0.0002620120729302137,2.0,0.7724108006868462,0.468051352918384,41,7.481848061841852,21.48597699063242,2.227766305910344,23.713743296542763
-0.4311838695603905,0.2906131554309487,-0.09750624234901945,-0.09974698993744319,0.7371355671240138,0.0002620120729302137,2.0,0.7724108006868462,0.468051352918384,41,7.481848061841853,21.48597699063242,2.227766305910343,23.713743296542763
-0.43262465998134175,0.29154529916304706,-0.08687452455433278,-0.0891224468231621,0.7481196116716781,0.0026284816624914014,2.0,0.9624046487759236,0.31728550770675157,41,7.474846624540111,21.48683148143439,2.2453262441251387,23.732157725559528
-0.43262465998134175,0.29154529916304706,-0.08687452455433278,-0.0891224468231621,0.748119601671678,0.0026284816624914014,2.0,0.9624046487759236,0.31728551770675156,41,7.474846626575282,21.48683148432172,2.245326240913602,23.73215772523532
-0.43262465998134175,0.29154529916304706,-0.08687452455433278,-0.0891224468231621,0.748119601671678,0.0026284816624914014,2.0,0.9624046587759236,0.31728550770675157,41,7.47484662685067,21.486831486054303,2.245326240913602,23.732157726967902
-0.43262465998134175,0.29154529916304706,-0.08687452455433278,-0.0891224468231621,0.748119601671678,0.0026284816624914014,2.0,0.9624046487759236,0.31728550770675157,41,7.474846628637708,21.486831488477648,2.2453262377437797,23.732157726221427
-0.43262465998134175,0.29154529916304706,-0.08687452455433278,-0.0891224468231621,0.748119601671678,0.0026284916624914013,2.0,0.9624046487759236,0.31728550770675157,41,7.474846630215018,21.486831488948212,2.2453262441251387,23.73215773307335
-0.43262465998134175,0.29154529916304706,-0.08687452455433278,-0.0891224468231621,0.748119601671678,0.0026284816624914014,1.99999999,0.9624046487759236,0.31728550770675157,41,7.4748466297267715,21.48683149221726,2.2453262345739575,23.732157726791222
-0.43262465998134175,0.29154529916304706,-0.08687452455433278,-0.08912243682316211,0.748119601671678,0.0026284816624914014,2.0,0.9624046487759236,0.31728550770675157,41,7.47484663202049,21.48683149226716,2.2453262362478057,23.732157728514967
-0.43262465998134175,0.29154529916304706,-0.08687451455433279,-0.0891224468231621,0.748119601671678,0.0026284816624914014,2.0,0.9624046487759236,0.31728550770675157,41,7.47484663202049,21.486831492267164,2.2453262362478057,23.73215772851497
-0.43262465998134175,0.29154530916304705,-0.08687452455433278,-0.0891224468231621,0.748119601671678,0.0026284816624914014,2.0,0.9624046487759236,0.31728550770675157,41,7.474846627874994,21.4868314941696,2.2453262195446055,23.73215771371421
-0.43262464998134176,0.29154529916304706,-0.08687452455433278,-0.0891224468231621,0.748119601671678,0.0026284816624914014,2.0,0.9624046487759236,0.31728550770675157,41,7.474846627874994,21.486831494169607,2.2453262195446055,23.73215771371421
-0.43158507322090495,0.292040136229657,-0.09899721782347276,-0.10124360633342672,0.7256372475101682,0.000628338100046858,2.0,0.7875431815202167,0.46425200761232077,41,7.484025289477234,21.49160240047576,2.222641645796406,23.71424404627216
-0.43158507322090495,0.292040136229657,-0.09899721782347276,-0.10124360633342672,0.7256372375101682,0.000628338100046858,2.0,0.7875431915202168,0.46425200761232077,41,7.484025291291736,21.49160240407835,2.2226416424768276,23.71424404655518
-0.43158507322090495,0.292040136229657,-0.09899721782347276,-0.10124360633342672,0.7256372375101682,0.000628338100046858,2.0,0.7875431815202167,0.46425201761232077,41,7.484025291760329,21.491602404098156,2.2226416424768276,23.714244046574986
-0.43158507322090495,0.292040136229657,-0.09899721782347276,-0.10124360633342672,0.7256372375101682,0.0006283481000468581,2.0,0.7875431815202167,0.46425200761232077,41,7.484025293918966,21.491602406139744,2.222641645796406,23.714244051936145
-0.43158507322090495,0.292040136229657,-0.09899721782347276,-0.10124360633342672,0.7256372375101682,0.000628338100046858,2.0,0.7875431815202167,0.46425200761232077,41,7.484025293010456,21.491602406755405,2.222641639623149,23.714244046378557
-0.43158507322090495,0.292040136229657,-0.09899720782347277,-0.10124360633342672,0.7256372375101682,0.000628338100046858,2.0,0.7875431815202167,0.46425200761232077,41,7.484025294272905,21.491602408020633,2.222641637921102,23.714244045941737
-0.43158507322090495,0.292040136229657,-0.09899721782347276,-0.10124359633342672,0.7256372375101682,0.000628338100046858,2.0,0.7875431815202167,0.46425200761232077,41,7.484025294272905,21.491602408020633,2.222641637921102,23.714244045941737
-0.43158507322090495,0.292040136229657,-0.09899721782347276,-0.10124360633342672,0.7256372375101682,0.000628338100046858,1.99999999,0.7875431815202167,0.46425200761232077,41,7.484025295061107,21.491602412311146,2.22264163676947,23.714244049080612
-0.43158506322090495,0.292040136229657,-0.09899721782347276,-0.10124360633342672,0.7256372375101682,0.000628338100046858,2.0,0.7875431815202167,0.46425200761232077,41,7.484025298688847,21.491602425007645,2.222641621437017,23.714244046444666
-0.43158507322090495,0.292040146229657,-0.09899721782347276,-0.10124360633342672,0.7256372375101682,0.000628338100046858,2.0,0.7875431815202167,0.46425200761232077,41,7.484025298688846,21.49160242500765,2.222641621437017,23.714244046444666
-0.42966759422812095,0.2964531442255853,-0.09370355796772822,-0.09595753409392466,0.7442289167856053,0.0010130767874819166,2.0,0.9572644897051862,0.3156378703945184,41,7.47494688478021,21.495516876993438,2.2275362562409255,23.723053133234366
-0.42966759422812095,0.2964531442255853,-0.09370355796772822,-0.09595753409392466,0.7442289067856053,0.0010130767874819166,2.0,0.9572644897051862,0.3156378803945184,41,7.4749468866220266,21.495516879471282,2.227536252999262,23.72305313247054
-0.42966759422812095,0.2964531442255853,-0.09370355796772822,-0.09595753409392466,0.7442289067856053,0.0010130767874819166,2.0,0.9572644997051862,0.3156378703945184,41,7.474946886529062,21.495516880616783,2.227536252999262,23.72305313361604
-0.42966759422812095,0.2964531442255853,-0.09370355796772822,-0.09595753409392466,0.7442289067856053,0.0010130867874819165,2.0,0.9572644897051862,0.3156378703945184,41,7.4749468890168025,21.49551688181775,2.227536256240925,23.723053138058678
-0.42966759422812095,0.2964531442255853,-0.09370355796772822,-0.09595753409392466,0.7442289067856053,0.0010130767874819166,2.0,0.9572644897051862,0.3156378703945184,41,7.474946888242076,21.49551688282591,2.2275362499063687,23.723053132732282
-0.42966759422812095,0.2964531442255853,-0.09370354796772823,-0.09595753409392466,0.7442289067856053,0.0010130767874819166,2.0,0.9572644897051862,0.3156378703945184,41,7.474946890484769,21.495516884444317,2.227536248294249,23.723053132738567
-0.42966759422812095,0.2964531442255853,-0.09370355796772822,-0.09595752409392466,0.7442289067856053,0.0010130767874819166,2.0,0.9572644897051862,0.3156378703945184,41,7.47494689048477,21.49551688444432,2.227536248294249,23.723053132738567
-0.42966759422812095,0.2964531442255853,-0.09370355796772822,-0.09595753409392466,0.7442289067856053,0.0010130767874819166,1.99999999,0.9572644897051862,0.3156378703945184,41,7.474946890087188,21.49551688775893,2.227536246813475,23.72305313457241
-0.42966759422812095,0.29645315422558527,-0.09370355796772822,-0.09595753409392466,0.7442289067856053,0.0010130767874819166,2.0,0.9572644897051862,0.3156378703945184,41,7.474946892722392,21.4955168975287,2.227536231774046,23.72305312930275
-0.42966758422812096,0.2964531442255853,-0.09370355796772822,-0.09595753409392466,0.7442289067856053,0.0010130767874819166,2.0,0.9572644897051862,0.3156378703945184,41,7.474946892722392,21.495516897528706,2.227536231774046,23.72305312930275
-0.4309386912700322,0.2930709881298053,-0.10041376390453599,-0.10266134424041104,0.71971938634564,0.0004164571664001665,2.0,0.7869331875515856,0.46072237970464036,41,7.487276915069026,21.499199380670323,2.215138741064672,23.714338121734997
-0.4309386912700322,0.2930709881298053,-0.10041376390453599,-0.10266134424041104,0.71971937634564,0.0004164571664001665,2.0,0.7869331975515856,0.46072237970464036,41,7.487276916828113,21.499199384179118,2.2151387377502805,23.714338121929394
-0.4309386912700322,0.2930709881298053,-0.10041376390453599,-0.10266134424041104,0.71971937634564,0.0004164571664001665,2.0,0.7869331875515856,0.46072238970464036,41,7.4872769173442855,21.499199384289163,2.2151387377502805,23.714338122039447
-0.4309386912700322,0.2930709881298053,-0.10041376390453599,-0.10266134424041104,0.71971937634564,0.0004164671664001665,2.0,0.7869331875515856,0.46072237970464036,41,7.487276919360719,21.499199386089707,2.215138741064672,23.714338127154374
-0.4309386912700322,0.2930709881298053,-0.10041376390453599,-0.10266134424041104,0.71971937634564,0.0004164571664001665,2.0,0.7869331875515856,0.46072237970464036,41,7.4872769185548735,21.49919938687197,2.2151387349435168,23.71433812181549
-0.4309386912700322,0.2930709881298053,-0.10041376390453599,-0.10266133424041105,0.71971937634564,0.0004164571664001665,2.0,0.7869331875515856,0.46072237970464036,41,7.487276919741615,21.499199388019218,2.2151387332173784,23.714338121236594
-0.4309386912700322,0.2930709881298053,-0.100413753904536,-0.10266134424041104,0.71971937634564,0.0004164571664001665,2.0,0.7869331875515856,0.46072237970464036,41,7.487276919741615,21.499199388019218,2.2151387332173784,23.714338121236594
-0.4309386912700322,0.2930709881298053,-0.10041376390453599,-0.10266134424041104,0.71971937634564,0.0004164571664001665,1.99999999,0.7869331875515856,0.46072237970464036,41,7.487276920677662,21.499199392521096,2.2151387321367544,23.714338124657846
-0.4309386812700322,0.2930709881298053,-0.10041376390453599,-0.10266134424041104,0.71971937634564,0.0004164571664001665,2.0,0.7869331875515856,0.46072237970464036,41,7.4872769248089694,21.499199406091797,2.215138716771641,23.714338122863435
-0.4309386912700322,0.2930709981298053,-0.10041376390453599,-0.10266134424041104,0.71971937634564,0.0004164571664001665,2.0,0.7869331875515856,0.46072237970464036,41,7.4872769248089694,21.499199406091797,2.215138716771641,23.714338122863435
-0.444244187997838,0.30474525917151535,-0.08581732484723938,-0.08814228517456046,0.7161586517125298,-0.0245896108754873,1.9237539804111314,0.9793277352560088,0.5219670617132205,41,7.4780999173247755,21.503558848339072,2.293858542833517,23.79741739117259
-0.444244187997838,0.30474525917151535,-0.08581732484723938,-0.08814228517456046,0.7161586517125298,-0.024589600875487297,1.9237539704111315,0.9793277352560088,0.5219670617132205,41,7.478099919570608,21.503558851525117,2.2938585317199367,23.79741738324505
-0.444244187997838,0.30474525917151535,-0.08581732484723938,-0.08814228517456046,0.7161586617125298,-0.0245896108754873,1.9237539704111315,0.9793277352560088,0.5219670617132205,41,7.478099918864642,21.503558852858678,2.293858544312657,23.797417397171333
-0.444244187997838,0.30474525917151535,-0.08581732484723938,-0.08814228517456046,0.7161586517125298,-0.0245896108754873,1.9237539704111315,0.9793277452560089,0.5219670617132205,41,7.478099919517878,21.50355885446249,2.293858542833517,23.797417397296005
-0.444244187997838,0.30474525917151535,-0.08581731484723938,-0.08814228517456046,0.7161586517125298,-0.0245896108754873,1.9237539704111315,0.9793277352560088,0.5219670617132205,41,7.47809992164758,21.50355885554714,2.2938585365376403,23.797417392084782
-0.444244187997838,0.30474525917151535,-0.08581732484723938,-0.08814227517456047,0.7161586517125298,-0.0245896108754873,1.9237539704111315,0.9793277352560088,0.5219670617132205,41,7.478099921647582,21.50355885554714,2.2938585365376403,23.797417392084782
-0.444244187997838,0.30474525917151535,-0.08581732484723938,-0.08814228517456046,0.7161586517125298,-0.0245896108754873,1.9237539704111315,0.9793277352560088,0.5219670717132205,41,7.478099920837931,21.503558855737353,2.293858542833517,23.79741739857087
-0.444244187997838,0.30474525917151535,-0.08581732484723938,-0.08814228517456046,0.7161586517125298,-0.0245896108754873,1.9237539704111315,0.9793277352560088,0.5219670617132205,41,7.478099920871108,21.503558856214326,2.293858538016297,23.79741739423062
-0.444244187997838,0.30474526917151534,-0.08581732484723938,-0.08814228517456046,0.7161586517125298,-0.0245896108754873,1.9237539704111315,0.9793277352560088,0.5219670617132205,41,7.478099936342889,21.503558889873965,2.293858519830556,23.79741740970452
-0.444244177997838,0.30474525917151535,-0.08581732484723938,-0.08814228517456046,0.7161586517125298,-0.0245896108754873,1.9237539704111315,0.9793277352560088,0.5219670617132205,41,7.478099936342889,21.503558889873965,2.293858519830556,23.79741740970452
-0.42947812196757573,0.29498615577043386,-0.09899807040329102,-0.1012469985408139,0.7087571975270183,0.000564209540991372,2.0,0.8137225942417792,0.43508712928258575,41,7.492212731388301,21.51251845683431,2.2022788569614615,23.71479731379577
-0.42947812196757573,0.29498615577043386,-0.09899807040329102,-0.1012469985408139,0.7087571875270182,0.000564209540991372,2.0,0.8137226042417792,0.43508712928258575,41,7.492212733191404,21.51251846044964,2.2022788537520737,23.714797314201714
-0.42947812196757573,0.29498615577043386,-0.09899807040329102,-0.1012469985408139,0.7087571875270182,0.000564209540991372,2.0,0.8137225942417792,0.43508713928258574,41,7.4922127336660855,21.512518460472133,2.2022788537520737,23.714797314224207
-0.42947812196757573,0.29498615577043386,-0.09899807040329102,-0.1012469985408139,0.7087571875270182,0.0005642195409913721,2.0,0.8137225942417792,0.43508712928258575,41,7.492212735743471,21.512518462439257,2.2022788569614615,23.714797319400713
-0.42947812196757573,0.29498615577043386,-0.09899807040329102,-0.1012469985408139,0.7087571875270182,0.000564209540991372,2.0,0.8137225942417792,0.43508712928258575,41,7.4922127349480325,21.512518463182765,2.20227885093223,23.714797314114993
-0.42947812196757573,0.29498615577043386,-0.09899806040329102,-0.1012469985408139,0.7087571875270182,0.000564209540991372,2.0,0.8137225942417792,0.43508712928258575,41,7.492212736507094,21.51251846498701,2.202278849230147,23.714797314217158
-0.42947812196757573,0.29498615577043386,-0.09899807040329102,-0.1012469885408139,0.7087571875270182,0.000564209540991372,2.0,0.8137225942417792,0.43508712928258575,41,7.492212736507095,21.51251846498701,2.202278849230147,23.714797314217158
-0.42947812196757573,0.29498615577043386,-0.09899807040329102,-0.1012469985408139,0.7087571875270182,0.000564209540991372,1.99999999,0.8137225942417792,0.43508712928258575,41,7.4922127370588045,21.51251846872991,2.2022788481123863,23.7147973168423
-0.42947811196757574,0.29498615577043386,-0.09899807040329102,-0.1012469985408139,0.7087571875270182,0.000564209540991372,2.0,0.8137225942417792,0.43508712928258575,41,7.492212741381689,21.5125184825351,2.202278832789048,23.71479731532415
-0.42947812196757573,0.29498616577043385,-0.09899807040329102,-0.1012469985408139,0.7087571875270182,0.000564209540991372,2.0,0.8137225942417792,0.43508712928258575,41,7.492212741381689,21.5125184825351,2.202278832789048,23.71479731532415
-0.42686038706619195,0.29855802082857374,-0.09687802162907756,-0.09912981853834225,0.7330435445096712,-0.0009957224736203674,2.0,0.9426443395711365,0.3081598806068095,41,7.483697113079004,21.51509141120403,2.2060789599840427,23.721170371188077
-0.42686038706619195,0.29855802082857374,-0.09687802162907756,-0.09912981853834225,0.7330435345096712,-0.0009957224736203674,2.0,0.9426443395711365,0.3081598906068095,41,7.4836971148849605,21.515091413655526,2.2060789565871572,23.72117037024268
-0.42686038706619195,0.29855802082857374,-0.09687802162907756,-0.09912981853834225,0.7330435345096712,-0.0009957224736203674,2.0,0.9426443495711365,0.3081598806068095,41,7.483697114625503,21.51509141445277,2.2060789565871572,23.72117037103993
-0.42686038706619195,0.29855802082857374,-0.09687802162907756,-0.09912981853834225,0.7330435345096712,-0.0009957124736203675,2.0,0.9426443395711365,0.3081598806068095,41,7.483697116803719,21.51509141519054,2.2060789475053757,23.721170362695915
-0.42686038706619195,0.29855802082857374,-0.09687802162907756,-0.09912981853834225,0.7330435345096712,-0.0009957224736203674,2.0,0.9426443395711365,0.3081598806068095,41,7.483697116329626,21.515091416682885,2.2060789537447087,23.721170370427597
-0.42686038706619195,0.29855802082857374,-0.09687802162907756,-0.09912980853834226,0.7330435345096712,-0.0009957224736203674,2.0,0.9426443395711365,0.3081598806068095,41,7.4836971182154395,21.515091417850442,2.2060789520786424,23.72117036992908
-0.42686038706619195,0.29855802082857374,-0.09687801162907757,-0.09912981853834225,0.7330435345096712,-0.0009957224736203674,2.0,0.9426443395711365,0.3081598806068095,41,7.483697118215439,21.515091417850442,2.2060789520786424,23.72117036992908
-0.42686038706619195,0.29855802082857374,-0.09687802162907756,-0.09912981853834225,0.7330435345096712,-0.0009957224736203674,1.99999999,0.9426443395711365,0.3081598806068095,41,7.483697118466769,21.515091422052517,2.206078950902261,23.721170372954777
-0.42686037706619195,0.29855802082857374,-0.09687802162907756,-0.09912981853834225,0.7330435345096712,-0.0009957224736203674,2.0,0.9426443395711365,0.3081598806068095,41,7.48369712320255,21.515091435577897,2.2060789356541393,23.72117037123204
-0.42686038706619195,0.29855803082857374,-0.09687802162907756,-0.09912981853834225,0.7330435345096712,-0.0009957224736203674,2.0,0.9426443395711365,0.3081598806068095,41,7.483697123202551,21.515091435577897,2.2060789356541393,23.72117037123204
-0.42873414734377685,0.29812914645442196,-0.10299836926337748,-0.10525470643246704,0.701303027716517,0.0001047762949607603,2.0,0.8645917984893723,0.3888608541784685,41,7.493196789609078,21.522707969355828,2.193200139755684,23.71590810911151
-0.42873414734377685,0.29812914645442196,-0.10299836926337748,-0.10525470643246704,0.7013030177165169,0.0001047762949607603,2.0,0.8645917984893723,0.3888608641784685,41,7.49319679173291,21.522707972591785,2.193200136666181,23.71590810925797
-0.42873414734377685,0.29812914645442196,-0.10299836926337748,-0.10525470643246704,0.7013030177165169,0.0001047762949607603,2.0,0.8645918084893723,0.3888608541784685,41,7.493196791270787,21.522707972788943,2.193200136666181,23.715908109455118
-0.42873414734377685,0.29812914645442196,-0.10299836926337748,-0.10525470643246704,0.7013030177165169,0.0001047862949607603,2.0,0.8645917984893723,0.3888608541784685,41,7.493196793509982,21.522707973949192,2.193200139755684,23.715908113704877
-0.42873414734377685,0.29812914645442196,-0.10299836926337748,-0.10525470643246704,0.7013030177165169,0.0001047762949607603,2.0,0.8645917984893723,0.3888608541784685,41,7.4931967930251275,21.522707975329624,2.193200133793718,23.71590810912334
-0.42873414734377685,0.29812914645442196,-0.10299835926337748,-0.10525470643246704,0.7013030177165169,0.0001047762949607603,2.0,0.8645917984893723,0.3888608541784685,41,7.493196794406381,21.522707976328427,2.193200132023567,23.715908108351993
-0.42873414734377685,0.29812914645442196,-0.10299836926337748,-0.10525469643246704,0.7013030177165169,0.0001047762949607603,2.0,0.8645917984893723,0.3888608541784685,41,7.493196794406381,21.522707976328427,2.193200132023567,23.715908108351993
-0.42873414734377685,0.29812914645442196,-0.10299836926337748,-0.10525470643246704,0.7013030177165169,0.0001047762949607603,1.99999999,0.8645917984893723,0.3888608541784685,41,7.493196795179777,21.52270798082287,2.1932001309212543,23.715908111744127
-0.42873414734377685,0.29812915645442195,-0.10299836926337748,-0.10525470643246704,0.7013030177165169,0.0001047762949607603,2.0,0.8645917984893723,0.3888608541784685,41,7.493196799900305,21.522707994798214,2.193200115683575,23.71590811048179
-0.42873413734377686,0.29812914645442196,-0.10299836926337748,-0.10525470643246704,0.7013030177165169,0.0001047762949607603,2.0,0.8645917984893723,0.3888608541784685,41,7.493196799900307,21.522707994798225,2.193200115683575,23.715908110481795
-0.42882193157405124,0.29635932430573786,-0.10249944652440458,-0.1047505856800089,0.6985489262431686,0.00034322230276076943,2.0,0.8373387143541187,0.4012710898172321,41,7.496316385445002,21.524684000905587,2.1907527844816066,23.715436785387194
-0.42882193157405124,0.29635932430573786,-0.10249944652440458,-0.1047505856800089,0.6985489162431685,0.00034322230276076943,2.0,0.8373387143541187,0.4012710998172321,41,7.496316387676104,21.52468400440526,2.190752781245268,23.71543678565053
-0.42882193157405124,0.29635932430573786,-0.10249944652440458,-0.1047505856800089,0.6985489162431685,0.00034322230276076943,2.0,0.8373387243541187,0.4012710898172321,41,7.4963163872554635,21.52468400458187,2.190752781245268,23.715436785827148
-0.42882193157405124,0.29635932430573786,-0.10249944652440458,-0.1047505856800089,0.6985489162431685,0.0003432323027607694,2.0,0.8373387143541187,0.4012710898172321,41,7.496316389759029,21.524684006353834,2.1907527844816066,23.71543679083544
-0.42882193157405124,0.29635932430573786,-0.10249944652440458,-0.1047505856800089,0.6985489162431685,0.00034322230276076943,2.0,0.8373387143541187,0.4012710898172321,41,7.496316389041548,21.524684007268895,2.1907527785410235,23.71543678580992
-0.42882193157405124,0.29635932430573786,-0.10249944652440458,-0.10475057568000891,0.6985489162431685,0.00034322230276076943,2.0,0.8373387143541187,0.4012710898172321,41,7.496316390554637,21.524684008752217,2.1907527767793984,23.715436785531615
-0.42882193157405124,0.29635932430573786,-0.10249943652440459,-0.1047505856800089,0.6985489162431685,0.00034322230276076943,2.0,0.8373387143541187,0.4012710898172321,41,7.496316390554636,21.524684008752217,2.1907527767793984,23.715436785531615
-0.42882193157405124,0.29635932430573786,-0.10249944652440458,-0.1047505856800089,0.6985489162431685,0.00034322230276076943,1.99999999,0.8373387143541187,0.4012710898172321,41,7.496316391062155,21.524684012578952,2.190752775836779,23.715436788415733
-0.42882193157405124,0.29635933430573785,-0.10249944652440458,-0.1047505856800089,0.6985489162431685,0.00034322230276076943,2.0,0.8373387143541187,0.4012710898172321,41,7.496316394900713,21.524684025198233,2.190752760415091,23.715436785613328
-0.42882192157405125,0.29635932430573786,-0.10249944652440458,-0.1047505856800089,0.6985489162431685,0.00034322230276076943,2.0,0.8373387143541187,0.4012710898172321,41,7.496316394900713,21.52468402519824,2.190752760415091,23.715436785613324
-0.4281040025933256,0.2987641158094961,-0.10367270574846678,-0.10592905016803988,0.7013429323125537,6.233413348388778e-05,2.0,0.8753771256512632,0.3737226061705112,41,7.493950527122637,21.5264840931118,2.189908053821708,23.716392146933508
-0.4281040025933256,0.2987641158094961,-0.10367270574846678,-0.10592905016803988,0.7013429223125537,6.233413348388778e-05,2.0,0.8753771256512632,0.37372261617051117,41,7.493950529193997,21.52648409622144,2.1899080506828925,23.716392146904333
-0.4281040025933256,0.2987641158094961,-0.10367270574846678,-0.10592905016803988,0.7013429223125537,6.233413348388778e-05,2.0,0.8753771356512633,0.3737226061705112,41,7.493950528738032,21.52648409647486,2.189908050682893,23.71639214715775
-0.4281040025933256,0.2987641158094961,-0.10367270574846678,-0.10592905016803988,0.7013429223125537,6.234413348388777e-05,2.0,0.8753771256512632,0.3737226061705112,41,7.493950530904366,21.5264840974467,2.189908053821708,23.716392151268415
-0.4281040025933256,0.2987641158094961,-0.10367270574846678,-0.10592905016803988,0.7013429223125537,6.233413348388778e-05,2.0,0.8753771256512632,0.3737226061705112,41,7.4939505304876395,21.52648409896286,2.189908047859763,23.71639214682262
-0.4281040025933256,0.2987641158094961,-0.10367269574846678,-0.10592905016803988,0.7013429223125537,6.233413348388778e-05,2.0,0.8753771256512632,0.3737226061705112,41,7.493950531833636,21.52648409978454,2.189908046078148,23.716392145862688
-0.4281040025933256,0.2987641158094961,-0.10367270574846678,-0.10592904016803989,0.7013429223125537,6.233413348388778e-05,2.0,0.8753771256512632,0.3737226061705112,41,7.493950531833636,21.52648409978454,2.189908046078148,23.716392145862688
-0.4281040025933256,0.2987641158094961,-0.10367270574846678,-0.10592905016803988,0.7013429223125537,6.233413348388778e-05,1.99999999,0.8753771256512632,0.3737226061705112,41,7.49395053266715,21.526484104464984,2.189908045036632,23.716392149501615
-0.4281039925933256,0.2987641158094961,-0.10367270574846678,-0.10592905016803988,0.7013429223125537,6.233413348388778e-05,2.0,0.8753771256512632,0.3737226061705112,41,7.493950537610768,21.52648411871955,2.1899080297603737,23.716392148479922
-0.4281040025933256,0.2987641258094961,-0.10367270574846678,-0.10592905016803988,0.7013429223125537,6.233413348388778e-05,2.0,0.8753771256512632,0.3737226061705112,41,7.493950537610768,21.52648411871955,2.1899080297603737,23.716392148479926
-0.4289275614504268,0.29422971521549623,-0.10189909783906638,-0.10414398227762042,0.6952349437972761,0.0006301419721299627,2.0,0.8045453538717064,0.416204200835196,41,7.5003883308281125,21.527933236028005,2.188151040862044,23.71608427689005
-0.4289275614504268,0.29422971521549623,-0.10189909783906638,-0.10414398227762042,0.6952349337972761,0.0006301419721299627,2.0,0.8045453538717064,0.416204210835196,41,7.500388333189884,21.52793323984317,2.1881510374490194,23.716084277292182
-0.4289275614504268,0.29422971521549623,-0.10189909783906638,-0.10414398227762042,0.6952349337972761,0.0006301419721299627,2.0,0.8045453638717065,0.416204200835196,41,7.500388332826679,21.52793324002135,2.1881510374490194,23.71608427747037
-0.4289275614504268,0.29422971521549623,-0.10189909783906638,-0.10414398227762042,0.6952349337972761,0.0006301519721299627,2.0,0.8045453538717064,0.416204200835196,41,7.500388335641134,21.527933242499522,2.188151040862044,23.716084283361567
-0.4289275614504268,0.29422971521549623,-0.10189909783906638,-0.10414398227762042,0.6952349337972761,0.0006301419721299627,2.0,0.8045453538717064,0.416204200835196,41,7.500388334641929,21.527933242856342,2.1881510349471918,23.716084277803528
-0.4289275614504268,0.29422971521549623,-0.10189908783906639,-0.10414398227762042,0.6952349337972761,0.0006301419721299627,2.0,0.8045453538717064,0.416204200835196,41,7.500388336280691,21.52793324482736,2.1881510331958247,23.71608427802319
-0.4289275614504268,0.29422971521549623,-0.10189909783906638,-0.10414397227762043,0.6952349337972761,0.0006301419721299627,2.0,0.8045453538717064,0.416204200835196,41,7.500388336280691,21.527933244827363,2.1881510331958247,23.71608427802319
-0.4289275614504268,0.29422971521549623,-0.10189909783906638,-0.10414398227762042,0.6952349337972761,0.0006301419721299627,1.99999999,0.8045453538717064,0.416204200835196,41,7.500388336498175,21.527933247939735,2.1881510324453632,23.716084280385097
-0.4289275614504268,0.29422972521549623,-0.10189909783906638,-0.10414398227762042,0.6952349337972761,0.0006301419721299627,2.0,0.8045453538717064,0.416204200835196,41,7.5003883392979365,21.527933258948465,2.1881510168022595,23.716084275750728
-0.4289275514504268,0.29422971521549623,-0.10189909783906638,-0.10414398227762042,0.6952349337972761,0.0006301419721299627,2.0,0.8045453538717064,0.416204200835196,41,7.5003883392979365,21.527933258948465,2.1881510168022595,23.716084275750728
-0.42479144772614646,0.29884978316076277,-0.0984224828325916,-0.10066876447776477,0.7223797319556611,0.00043841666492163935,2.0,0.9276292577003421,0.2988453740595356,41,7.492254523692059,21.531173404506678,2.188800592130452,23.71997399663713
-0.42479144772614646,0.29884978316076277,-0.0984224828325916,-0.10066876447776477,0.722379721955661,0.00043841666492163935,2.0,0.9276292577003421,0.2988453840595356,41,7.492254525530144,21.531173407077134,2.1888005885532102,23.719973995630344
-0.42479144772614646,0.29884978316076277,-0.0984224828325916,-0.10066876447776477,0.722379721955661,0.00043841666492163935,2.0,0.9276292677003422,0.2988453740595356,41,7.492254525227563,21.531173407723315,2.1888005885532102,23.719973996276526
-0.42479144772614646,0.29884978316076277,-0.0984224828325916,-0.10066876447776477,0.722379721955661,0.00043842666492163935,2.0,0.9276292577003421,0.2988453740595356,41,7.49225452745155,21.531173408678825,2.188800592130452,23.719974000809277
-0.42479144772614646,0.29884978316076277,-0.0984224828325916,-0.10066876447776477,0.722379721955661,0.00043841666492163935,2.0,0.9276292577003421,0.2988453740595356,41,7.4922545269683996,21.531173410083277,2.1888005859864976,23.719973996069776
-0.42479144772614646,0.29884978316076277,-0.0984224828325916,-0.10066875447776477,0.722379721955661,0.00043841666492163935,2.0,0.9276292577003421,0.2988453740595356,41,7.492254528888786,21.53117341155376,2.1888005842942215,23.719973995847987
-0.42479144772614646,0.29884978316076277,-0.0984224728325916,-0.10066876447776477,0.722379721955661,0.00043841666492163935,2.0,0.9276292577003421,0.2988453740595356,41,7.492254528888787,21.531173411553763,2.1888005842942215,23.719973995847987
-0.42479144772614646,0.29884978316076277,-0.0984224828325916,-0.10066876447776477,0.722379721955661,0.00043841666492163935,1.99999999,0.9276292577003421,0.2988453740595356,41,7.492254529124859,21.53117341545515,2.1888005834197846,23.719973998874934
-0.42479144772614646,0.29884979316076277,-0.0984224828325916,-0.10066876447776477,0.722379721955661,0.00043841666492163935,2.0,0.9276292577003421,0.2988453740595356,41,7.492254534214659,21.531173429702815,2.1888005679159934,23.71997399761881
-0.42479143772614647,0.29884978316076277,-0.0984224828325916,-0.10066876447776477,0.722379721955661,0.00043841666492163935,2.0,0.9276292577003421,0.2988453740595356,41,7.492254534214659,21.531173429702815,2.1888005679159925,23.719973997618805
-0.42515166882085037,0.2979862325959794,-0.09798714695607874,-0.10023186635194758,0.720088489510243,0.00018665114774809875,2.0,0.9247399782931179,0.2983178913382533,41,7.492935439544742,21.531204170228058,2.1884353297856967,23.719639500013756
-0.42515166882085037,0.2979862325959794,-0.09798714695607874,-0.10023186635194758,0.7200884795102429,0.00018665114774809875,2.0,0.9247399782931179,0.2983179013382533,41,7.492935441430166,21.531204172899837,2.188435326191347,23.719639499091183
-0.42515166882085037,0.2979862325959794,-0.09798714695607874,-0.10023186635194758,0.7200884795102429,0.00018665114774809875,2.0,0.924739988293118,0.2983178913382533,41,7.492935441181115,21.53120417362681,2.188435326191347,23.719639499818157
-0.42515166882085037,0.2979862325959794,-0.09798714695607874,-0.10023186635194758,0.7200884795102429,0.00018666114774809874,2.0,0.9247399782931179,0.2983178913382533,41,7.492935443558238,21.531204174879893,2.1884353297856967,23.71963950466559
-0.42515166882085037,0.2979862325959794,-0.09798714695607874,-0.10023186635194758,0.7200884795102429,0.00018665114774809875,2.0,0.9247399782931179,0.2983178913382533,41,7.492935442941608,21.53120417603629,2.1884353236633576,23.719639499699646
-0.42515166882085037,0.2979862325959794,-0.09798714695607874,-0.10023185635194759,0.7200884795102429,0.00018665114774809875,2.0,0.9247399782931179,0.2983178913382533,41,7.492935445003557,21.531204177799736,2.188435321978497,23.719639499778232
-0.42515166882085037,0.2979862325959794,-0.09798713695607875,-0.10023186635194758,0.7200884795102429,0.00018665114774809875,2.0,0.9247399782931179,0.2983178913382533,41,7.492935445003558,21.531204177799736,2.188435321978497,23.719639499778236
-0.42515166882085037,0.2979862325959794,-0.09798714695607874,-0.10023186635194758,0.7200884795102429,0.00018665114774809875,1.99999999,0.9247399782931179,0.2983178913382533,41,7.49293544497617,21.53120418121371,2.1884353211353686,23.719639502349082
-0.4251516588208504,0.2979862325959794,-0.09798714695607874,-0.10023186635194758,0.7200884795102429,0.00018665114774809875,2.0,0.9247399782931179,0.2983178913382533,41,7.492935449212141,21.531204193970755,2.188435305582452,23.719639499553207
-0.42515166882085037,0.2979862425959794,-0.09798714695607874,-0.10023186635194758,0.7200884795102429,0.00018665114774809875,2.0,0.9247399782931179,0.2983178913382533,41,7.492935449212142,21.531204193970755,2.188435305582452,23.719639499553207
-0.42499530220789805,0.2984053556332656,-0.09811341877710339,-0.10035895378069376,0.721048987827767,-9.653329132887971e-05,2.0,0.9260619221912239,0.2987907889755397,41,7.49261604750445,21.531235446327244,2.188426405763531,23.71966185209077
-0.42499530220789805,0.2984053556332656,-0.09811341877710339,-0.10035895378069376,0.721048977827767,-9.653329132887971e-05,2.0,0.9260619221912239,0.2987907989755397,41,7.492616049368894,21.531235448954522,2.1884264021821247,23.719661851136642
-0.42499530220789805,0.2984053556332656,-0.09811341877710339,-0.10035895378069376,0.721048977827767,-9.653329132887971e-05,2.0,0.9260619321912239,0.2987907889755397,41,7.492616049094018,21.53123544964067,2.188426402182125,23.719661851822796
-0.42499530220789805,0.2984053556332656,-0.09811341877710339,-0.10035895378069376,0.721048977827767,-9.652329132887972e-05,2.0,0.9260619221912239,0.2987907889755397,41,7.492616051395055,21.53123545074836,2.188426393504057,23.719661844252414
-0.42499530220789805,0.2984053556332656,-0.09811341877710339,-0.10035895378069376,0.721048977827767,-9.653329132887971e-05,2.0,0.9260619221912239,0.2987907889755397,41,7.492616050844148,21.531235452026177,2.1884263996337943,23.71966185165997
-0.42499530220789805,0.2984053556332656,-0.09811341877710339,-0.10035894378069377,0.721048977827767,-9.653329132887971e-05,2.0,0.9260619221912239,0.2987907889755397,41,7.492616052840776,21.531235453656215,2.1884263979467793,23.719661851602996
-0.42499530220789805,0.2984053556332656,-0.0981134087771034,-0.10035895378069376,0.721048977827767,-9.653329132887971e-05,2.0,0.9260619221912239,0.2987907889755397,41,7.492616052840777,21.531235453656215,2.1884263979467793,23.719661851603
-0.42499530220789805,0.2984053556332656,-0.09811341877710339,-0.10035895378069376,0.721048977827767,-9.653329132887971e-05,1.99999999,0.9260619221912239,0.2987907889755397,41,7.492616052939538,21.531235457301324,2.1884263970854634,23.719661854386793
-0.42499530220789805,0.2984053656332656,-0.09811341877710339,-0.10035895378069376,0.721048977827767,-9.653329132887971e-05,2.0,0.9260619221912239,0.2987907889755397,41,7.492616057597117,21.53123547079656,2.18842638155778,23.719661852354342
-0.42499529220789806,0.2984053556332656,-0.09811341877710339,-0.10035895378069376,0.721048977827767,-9.653329132887971e-05,2.0,0.9260619221912239,0.2987907889755397,41,7.492616057597118,21.53123547079656,2.18842638155778,23.719661852354342
-0.42509359435089017,0.29797170499127185,-0.09802416438294775,-0.10026865837629391,0.7192614040309185,7.076482701470588e-05,2.0,0.9238457142747373,0.2982642814476857,41,7.493387175487413,21.53199616494043,2.187552978364316,23.719549143304743
-0.42509359435089017,0.29797170499127185,-0.09802416438294775,-0.10026865837629391,0.7192613940309185,7.076482701470588e-05,2.0,0.9238457142747373,0.2982642914476857,41,7.493387177378549,21.53199616762688,2.187552974767239,23.719549142394122
-0.42509359435089017,0.29797170499127185,-0.09802416438294775,-0.10026865837629391,0.7192613940309185,7.076482701470588e-05,2.0,0.9238457242747373,0.2982642814476857,41,7.493387177128981,21.531996168348055,2.187552974767239,23.71954914311529
-0.42509359435089017,0.29797170499127185,-0.09802416438294775,-0.10026865837629391,0.7192613940309185,7.077482701470587e-05,2.0,0.9238457142747373,0.2982642814476857,41,7.493387179513081,21.531996169621817,2.187552978364316,23.719549147986125
-0.42509359435089017,0.29797170499127185,-0.09802416438294775,-0.10026865837629391,0.7192613940309185,7.076482701470588e-05,2.0,0.9238457142747373,0.2982642814476857,41,7.4933871788916155,21.531996170765613,2.1875529722499927,23.719549143015605
-0.42509359435089017,0.29797170499127185,-0.09802416438294775,-0.10026864837629391,0.7192613940309185,7.076482701470588e-05,2.0,0.9238457142747373,0.2982642814476857,41,7.493387180960482,21.53199617255562,2.187552970564504,23.719549143120126
-0.42509359435089017,0.29797170499127185,-0.09802415438294776,-0.10026865837629391,0.7192613940309185,7.076482701470588e-05,2.0,0.9238457142747373,0.2982642814476857,41,7.493387180960484,21.531996172555623,2.187552970564504,23.719549143120126
-0.42509359435089017,0.29797170499127185,-0.09802416438294775,-0.10026865837629391,0.7192613940309185,7.076482701470588e-05,1.99999999,0.9238457142747373,0.2982642814476857,41,7.493387180922691,21.531996175936563,2.187552969732746,23.719549145669305
-0.4250935843508902,0.29797170499127185,-0.09802416438294775,-0.10026865837629391,0.7192613940309185,7.076482701470588e-05,2.0,0.9238457142747373,0.2982642814476857,41,7.493387185142691,21.531996188671418,2.187552954169457,23.71954914284087
-0.42509359435089017,0.29797171499127184,-0.09802416438294775,-0.10026865837629391,0.7192613940309185,7.076482701470588e-05,2.0,0.9238457142747373,0.2982642814476857,41,7.493387185142691,21.531996188671418,2.187552954169456,23.71954914284087
-0.42772329831972467,0.29913709317394543,-0.10211881971571676,-0.10437509705667813,0.6942935289738599,-0.00036410247839048656,2.0,0.892562768886606,0.3583823973168187,41,7.496345664929786,21.53254504477548,2.184513953000857,23.717058997776334
-0.42772329831972467,0.29913709317394543,-0.10211881971571676,-0.10437509705667813,0.6942935189738598,-0.00036410247839048656,2.0,0.892562768886606,0.3583824073168187,41,7.496345667036332,21.532545047956155,2.184513949940312,23.71705899789647
-0.42772329831972467,0.29913709317394543,-0.10211881971571676,-0.10437509705667813,0.6942935189738598,-0.00036410247839048656,2.0,0.8925627788866061,0.3583823973168187,41,7.496345666639977,21.532545048329936,2.184513949940312,23.71705899827025
-0.42772329831972467,0.29913709317394543,-0.10211881971571676,-0.10437509705667813,0.6942935189738598,-0.00036409247839048656,2.0,0.892562768886606,0.3583823973168187,41,7.496345668923104,21.532545049520976,2.184513941191677,23.717058990712655
-0.42772329831972467,0.29913709317394543,-0.10211881971571676,-0.10437509705667813,0.6942935189738598,-0.00036410247839048656,2.0,0.892562768886606,0.3583823973168187,41,7.49634566841087,21.532545050841684,2.1845139470962662,23.717058997937947
-0.42772329831972467,0.29913709317394543,-0.10211880971571677,-0.10437509705667813,0.6942935189738598,-0.00036410247839048656,2.0,0.892562768886606,0.3583823973168187,41,7.496345670063098,21.53254505217024,2.184513945341068,23.71705899751131
-0.42772329831972467,0.29913709317394543,-0.10211881971571676,-0.10437508705667814,0.6942935189738598,-0.00036410247839048656,2.0,0.892562768886606,0.3583823973168187,41,7.496345670063097,21.53254505217024,2.184513945341068,23.71705899751131
-0.42772329831972467,0.29913709317394543,-0.10211881971571676,-0.10437509705667813,0.6942935189738598,-0.00036410247839048656,1.99999999,0.892562768886606,0.3583823973168187,41,7.496345670491733,21.53254505614453,2.1845139442522217,23.717059000396755
-0.42772328831972467,0.29913709317394543,-0.10211881971571676,-0.10437509705667813,0.6942935189738598,-0.00036410247839048656,2.0,0.892562768886606,0.3583823973168187,41,7.496345674913921,21.532545069402012,2.1845139290032836,23.717058998405292
-0.42772329831972467,0.29913710317394543,-0.10211881971571676,-0.10437509705667813,0.6942935189738598,-0.00036410247839048656,2.0,0.892562768886606,0.3583823973168187,41,7.496345674913921,21.532545069402012,2.1845139290032844,23.717058998405292
-0.42505321438067206,0.2980166556591032,-0.0982828080138018,-0.10052731603838294,0.7184549282575707,4.962787694681546e-05,2.0,0.9229363422346671,0.2983880390490789,41,7.493748921936738,21.532710622461117,2.18678285651069,23.719493478971813
-0.42505321438067206,0.2980166556591032,-0.0982828080138018,-0.10052731603838294,0.7184549182575707,4.962787694681546e-05,2.0,0.9229363422346671,0.2983880490490789,41,7.493748923829804,21.53271062515238,2.186782852911744,23.719493478064123
-0.42505321438067206,0.2980166556591032,-0.0982828080138018,-0.10052731603838294,0.7184549182575707,4.962787694681546e-05,2.0,0.9229363522346672,0.2983880390490789,41,7.493748923575781,21.53271062586533,2.186782852911744,23.719493478777075
-0.42505321438067206,0.2980166556591032,-0.0982828080138018,-0.10052731603838294,0.7184549182575707,4.9637876946815464e-05,2.0,0.9229363422346671,0.2983880390490789,41,7.493748925953371,21.53271062712767,2.18678285651069,23.71949348363836
-0.42505321438067206,0.2980166556591032,-0.0982828080138018,-0.10052731603838294,0.7184549182575707,4.962787694681546e-05,2.0,0.9229363422346671,0.2983880390490789,41,7.493748925339059,21.532710628283905,2.186782850403401,23.71949347868731
-0.42505321438067206,0.2980166556591032,-0.0982828080138018,-0.10052730603838295,0.7184549182575707,4.962787694681546e-05,2.0,0.9229363422346671,0.2983880390490789,41,7.493748927387038,21.53271063004035,2.1867828487135155,23.719493478753865
-0.42505321438067206,0.2980166556591032,-0.09828279801380181,-0.10052731603838294,0.7184549182575707,4.962787694681546e-05,2.0,0.9229363422346671,0.2983880390490789,41,7.493748927387038,21.53271063004035,2.1867828487135155,23.719493478753865
-0.42505321438067206,0.2980166556591032,-0.0982828080138018,-0.10052731603838294,0.7184549182575707,4.962787694681546e-05,1.99999999,0.9229363422346671,0.2983880390490789,41,7.493748927373187,21.532710633458546,2.186782847895058,23.719493481353606
-0.42505321438067206,0.2980166656591032,-0.0982828080138018,-0.10052731603838294,0.7184549182575707,4.962787694681546e-05,2.0,0.9229363422346671,0.2983880390490789,41,7.4937489316164605,21.532710646232207,2.186782832323591,23.719493478555798
-0.42505320438067207,0.2980166556591032,-0.0982828080138018,-0.10052731603838294,0.7184549182575707,4.962787694681546e-05,2.0,0.9229363422346671,0.2983880390490789,41,7.4937489316164605,21.532710646232207,2.186782832323591,23.719493478555798
-0.4250395788212982,0.2979581927497909,-0.09805859458812796,-0.10030287893278265,0.7184921252029906,-3.702196796021758e-05,2.0,0.9230139521496423,0.29821441845914076,41,7.493807891358467,21.532734304703002,2.186779114250738,23.71951341895374
-0.4250395788212982,0.2979581927497909,-0.09805859458812796,-0.10030287893278265,0.7184921152029905,-3.702196796021758e-05,2.0,0.9230139521496423,0.29821442845914076,41,7.493807893254928,21.532734307403118,2.186779110650495,23.71951341805361
-0.4250395788212982,0.2979581927497909,-0.09805859458812796,-0.10030287893278265,0.7184921152029905,-3.702196796021758e-05,2.0,0.9230139621496424,0.29821441845914076,41,7.4938078930048695,21.532734308118886,2.186779110650495,23.719513418769377
-0.4250395788212982,0.2979581927497909,-0.09805859458812796,-0.10030287893278265,0.7184921152029905,-3.7011967960217576e-05,2.0,0.9230139521496423,0.29821441845914076,41,7.493807895395458,21.53273430941187,2.186779102035742,23.71951341144761
-0.4250395788212982,0.2979581927497909,-0.09805859458812796,-0.10030287893278265,0.7184921152029905,-3.702196796021758e-05,2.0,0.9230139521496423,0.29821441845914076,41,7.493807894769498,21.53273431054395,2.18677910814324,23.719513418687185
-0.4250395788212982,0.2979581927497909,-0.09805858458812797,-0.10030287893278265,0.7184921152029905,-3.702196796021758e-05,2.0,0.9230139521496423,0.29821441845914076,41,7.493807896844784,21.532734312358603,2.1867791064571676,23.719513418815776
-0.4250395788212982,0.2979581927497909,-0.09805859458812796,-0.10030286893278266,0.7184921152029905,-3.702196796021758e-05,2.0,0.9230139521496423,0.29821441845914076,41,7.493807896844784,21.532734312358603,2.1867791064571676,23.719513418815772
-0.4250395788212982,0.2979581927497909,-0.09805859458812796,-0.10030287893278265,0.7184921152029905,-3.702196796021758e-05,1.99999999,0.9230139521496423,0.29821441845914076,41,7.493807896797332,21.532734315708886,2.1867791056359853,23.719513421344875
-0.42503956882129823,0.2979581927497909,-0.09805859458812796,-0.10030287893278265,0.7184921152029905,-3.702196796021758e-05,2.0,0.9230139521496423,0.29821441845914076,41,7.493807901002485,21.53273432842311,2.186779090063048,23.71951341848615
-0.4250395788212982,0.2979582027497909,-0.09805859458812796,-0.10030287893278265,0.7184921152029905,-3.702196796021758e-05,2.0,0.9230139521496423,0.29821441845914076,41,7.493807901002485,21.532734328423114,2.186779090063048,23.71951341848615
-0.42509206332670263,0.29807808014301246,-0.09849163112900591,-0.10073645016613027,0.7180289236507457,2.5598854817862685e-05,2.0,0.9226645429978015,0.299122675719761,41,7.493758661393306,21.532765449094978,2.1866541992742943,23.719419648369275
-0.42509206332670263,0.29807808014301246,-0.09849163112900591,-0.10073645016613027,0.7180289136507456,2.5598854817862685e-05,2.0,0.9226645429978015,0.299122685719761,41,7.493758663286725,21.532765451785977,2.1866541956844197,23.719419647470403
-0.42509206332670263,0.29807808014301246,-0.09849163112900591,-0.10073645016613027,0.7180289136507456,2.5598854817862685e-05,2.0,0.9226645529978016,0.299122675719761,41,7.493758663028251,21.532765452493496,2.1866541956844197,23.719419648177915
-0.42509206332670263,0.29807808014301246,-0.09849163112900591,-0.10073645016613027,0.7180289136507456,2.5608854817862687e-05,2.0,0.9226645429978015,0.299122675719761,41,7.4937586653941946,21.532765453730175,2.1866541992742943,23.719419653004472
-0.42509206332670263,0.29807808014301246,-0.09849163112900591,-0.10073645016613027,0.7180289136507456,2.5598854817862685e-05,2.0,0.9226645429978015,0.299122675719761,41,7.493758664790441,21.532765454907626,2.1866541931708308,23.719419648078464
-0.42509206332670263,0.29807808014301246,-0.09849163112900591,-0.10073644016613027,0.7180289136507456,2.5598854817862685e-05,2.0,0.9226645429978015,0.299122675719761,41,7.493758666813616,21.53276545661491,2.1866541914773925,23.719419648092305
-0.42509206332670263,0.29807808014301246,-0.09849162112900592,-0.10073645016613027,0.7180289136507456,2.5598854817862685e-05,2.0,0.9226645429978015,0.299122675719761,41,7.493758666813617,21.532765456614914,2.1866541914773925,23.719419648092305
-0.42509206332670263,0.29807808014301246,-0.09849163112900591,-0.10073645016613027,0.7180289136507456,2.5598854817862685e-05,1.99999999,0.9226645429978015,0.299122675719761,41,7.4937586668297795,21.532765460090648,2.1866541906572428,23.719419650747884
-0.42509206332670263,0.29807809014301245,-0.09849163112900591,-0.10073645016613027,0.7180289136507456,2.5598854817862685e-05,2.0,0.9226645429978015,0.299122675719761,41,7.493758671103759,21.53276547291315,2.186654175091212,23.719419648004358
-0.42509205332670263,0.29807808014301246,-0.09849163112900591,-0.10073645016613027,0.7180289136507456,2.5598854817862685e-05,2.0,0.9226645429978015,0.299122675719761,41,7.493758671103759,21.53276547291315,2.186654175091212,23.719419648004358
-0.4252474591108249,0.29832377807864957,-0.09932692358982234,-0.10157298667711957,0.7163249052234454,-7.051723369794842e-05,2.0,0.9215773460503391,0.3020612224024893,41,7.493810585567568,21.53300878075459,2.186231081354056,23.719239862108644
-0.4252474591108249,0.29832377807864957,-0.09932692358982234,-0.10157298667711957,0.7163248952234453,-7.051723369794842e-05,2.0,0.9215773460503391,0.3020612324024893,41,7.493810587462341,21.53300878344451,2.1862310777992655,23.71923986124378
-0.4252474591108249,0.29832377807864957,-0.09932692358982234,-0.10157298667711957,0.7163248952234453,-7.051723369794842e-05,2.0,0.9215773560503392,0.3020612224024893,41,7.49381058718619,21.533008784130526,2.1862310777992655,23.719239861929793
-0.4252474591108249,0.29832377807864957,-0.09932692358982234,-0.10157298667711957,0.7163248952234453,-7.050723369794842e-05,2.0,0.9215773460503391,0.3020612224024893,41,7.4938105895053555,21.533008785264204,2.186231069175334,23.719239854439536
-0.4252474591108249,0.29832377807864957,-0.09932692358982234,-0.10157298667711957,0.7163248952234453,-7.051723369794842e-05,2.0,0.9215773460503391,0.3020612224024893,41,7.4938105889439095,21.533008786526654,2.186231075264695,23.719239861791348
-0.4252474591108249,0.29832377807864957,-0.09932692358982234,-0.10157297667711958,0.7163248952234453,-7.051723369794842e-05,2.0,0.9215773460503391,0.3020612224024893,41,7.49381059086819,21.53300878803795,2.1862310735570465,23.719239861595
-0.4252474591108249,0.29832377807864957,-0.09932691358982235,-0.10157298667711957,0.7163248952234453,-7.051723369794842e-05,2.0,0.9215773460503391,0.3020612224024893,41,7.493810590868191,21.53300878803795,2.1862310735570465,23.719239861595
-0.4252474591108249,0.29832377807864957,-0.09932692358982234,-0.10157298667711957,0.7163248952234453,-7.051723369794842e-05,1.99999999,0.9215773460503391,0.3020612224024893,41,7.493810591004044,21.533008791743075,2.1862310727301244,23.719239864473202
-0.4252474491108249,0.29832377807864957,-0.09932692358982234,-0.10157298667711957,0.7163248952234453,-7.051723369794842e-05,2.0,0.9215773460503391,0.3020612224024893,41,7.493810595400711,21.53300880476076,2.1862310571858443,23.719239861946612
-0.4252474591108249,0.29832378807864957,-0.09932692358982234,-0.10157298667711957,0.7163248952234453,-7.051723369794842e-05,2.0,0.9215773460503391,0.3020612224024893,41,7.493810595400712,21.53300880476076,2.1862310571858443,23.719239861946612
-0.42580938327829493,0.298321741741477,-0.10084072945030875,-0.10308852854127555,0.7117863675986766,-0.00013682068811589966,2.0,0.9179492679745479,0.3078695088867001,41,7.494203414350533,21.533292415752257,2.1856124770907908,23.71890489284305
-0.42580938327829493,0.298321741741477,-0.10084072945030875,-0.10308852854127555,0.7117863575986766,-0.00013682068811589966,2.0,0.9179492679745479,0.3078695188867001,41,7.49420341627406,21.53329241849428,2.1856124735987232,23.718904892093004
-0.42580938327829493,0.298321741741477,-0.10084072945030875,-0.10308852854127555,0.7117863575986766,-0.00013682068811589966,2.0,0.917949277974548,0.3078695088867001,41,7.494203415993539,21.53329241918749,2.1856124735987232,23.718904892786213
-0.42580938327829493,0.298321741741477,-0.10084072945030875,-0.10308852854127555,0.7117863575986766,-0.00013681068811589967,2.0,0.9179492679745479,0.3078695088867001,41,7.494203418306129,21.53329242027905,2.185612464988097,23.718904885267143
-0.42580938327829493,0.298321741741477,-0.10084072945030875,-0.10308852854127555,0.7117863575986766,-0.00013682068811589966,2.0,0.9179492679745479,0.3078695088867001,41,7.494203417753278,21.53329242157256,2.185612471039444,23.718904892612006
-0.42580938327829493,0.298321741741477,-0.10084072945030875,-0.10308851854127556,0.7117863575986766,-0.00013682068811589966,2.0,0.9179492679745479,0.3078695088867001,41,7.494203419553482,21.533292422839434,2.1856124693060455,23.718904892145478
-0.42580938327829493,0.298321741741477,-0.10084071945030876,-0.10308852854127555,0.7117863575986766,-0.00013682068811589966,2.0,0.9179492679745479,0.3078695088867001,41,7.494203419553483,21.533292422839434,2.1856124693060455,23.718904892145478
-0.42580938327829493,0.298321741741477,-0.10084072945030875,-0.10308852854127555,0.7117863575986766,-0.00013682068811589966,1.99999999,0.9179492679745479,0.3078695088867001,41,7.49420341978283,21.533292426740594,2.1856124684801643,23.71890489522075
-0.42580938327829493,0.298321751741477,-0.10084072945030875,-0.10308852854127555,0.7117863575986766,-0.00013682068811589966,2.0,0.9179492679745479,0.3078695088867001,41,7.494203423920487,21.533292439262766,2.1856124529557985,23.71890489221856
-0.42580937327829493,0.298321741741477,-0.10084072945030875,-0.10308852854127555,0.7117863575986766,-0.00013682068811589966,2.0,0.9179492679745479,0.3078695088867001,41,7.494203423920487,21.533292439262766,2.1856124529557985,23.71890489221856
-0.4274036873260634,0.29892750979705474,-0.09906736243651361,-0.10132196693790683,0.6920938727078305,-0.0006055344050101281,2.0,0.901258522092787,0.35266143245197434,41,7.49756390539883,21.534652479789923,2.182955683735371,23.717608163525288
-0.4274036873260634,0.29892750979705474,-0.09906736243651361,-0.10132196693790683,0.6920938627078305,-0.0006055344050101281,2.0,0.901258522092787,0.35266144245197434,41,7.4975639075531575,21.53465248308814,2.1829556807251858,23.717608163813328
-0.4274036873260634,0.29892750979705474,-0.09906736243651361,-0.10132196693790683,0.6920938627078305,-0.0006055344050101281,2.0,0.9012585320927871,0.35266143245197434,41,7.497563907204991,21.53465248351103,2.1829556807251858,23.717608164236218
-0.4274036873260634,0.29892750979705474,-0.09906736243651361,-0.10132196693790683,0.6920938627078305,-0.000605524405010128,2.0,0.901258522092787,0.35266143245197434,41,7.497563909647017,21.534652485067316,2.1829556719594816,23.717608157026795
-0.4274036873260634,0.29892750979705474,-0.09906736243651361,-0.10132196693790683,0.6920938627078305,-0.0006055344050101281,2.0,0.901258522092787,0.35266143245197434,41,7.497563908995358,21.534652486093005,2.182955677847426,23.717608163940433
-0.4274036873260634,0.29892750979705474,-0.09906736243651361,-0.10132195693790684,0.6920938627078305,-0.0006055344050101281,2.0,0.901258522092787,0.35266143245197434,41,7.4975639110395065,21.53465248820391,2.1829556761441165,23.717608164348032
-0.4274036873260634,0.29892750979705474,-0.09906735243651361,-0.10132196693790683,0.6920938627078305,-0.0006055344050101281,2.0,0.901258522092787,0.35266143245197434,41,7.4975639110395065,21.534652488203914,2.1829556761441165,23.717608164348032
-0.4274036873260634,0.29892750979705474,-0.09906736243651361,-0.10132196693790683,0.6920938627078305,-0.0006055344050101281,1.99999999,0.901258522092787,0.35266143245197434,41,7.497563911000501,21.534652491263795,2.1829556749696666,23.717608166233465
-0.4274036773260634,0.29892750979705474,-0.09906736243651361,-0.10132196693790683,0.6920938627078305,-0.0006055344050101281,2.0,0.901258522092787,0.35266143245197434,41,7.497563915027801,21.53465250388464,2.1829556597553785,23.717608163640016
-0.4274036873260634,0.29892751979705473,-0.09906736243651361,-0.10132196693790683,0.6920938627078305,-0.0006055344050101281,2.0,0.901258522092787,0.35266143245197434,41,7.497563915027801,21.53465250388464,2.1829556597553785,23.717608163640016
-0.42486129647104937,0.29791359457244165,-0.0981722340904238,-0.1004158264736792,0.7159530621136209,-0.0003927804559188656,2.0,0.9202686582012146,0.29804984188541517,41,7.495200276996966,21.53518083817908,2.1845194369006204,23.7197002750797
-0.42486129647104937,0.29791359457244165,-0.0981722340904238,-0.1004158264736792,0.7159530521136208,-0.0003927804559188656,2.0,0.9202686582012146,0.29804985188541516,41,7.495200278911054,21.53518084092437,2.184519433285958,23.71970027421033
-0.42486129647104937,0.29791359457244165,-0.0981722340904238,-0.1004158264736792,0.7159530521136208,-0.0003927804559188656,2.0,0.9202686682012147,0.29804984188541517,41,7.495200278659349,21.53518084162232,2.184519433285958,23.719700274908277
-0.42486129647104937,0.29791359457244165,-0.0981722340904238,-0.1004158264736792,0.7159530521136208,-0.0003927704559188656,2.0,0.9202686582012146,0.29804984188541517,41,7.495200281071338,21.535180842978647,2.1845194247227413,23.719700267701388
-0.42486129647104937,0.29791359457244165,-0.0981722340904238,-0.1004158264736792,0.7159530521136208,-0.0003927804559188656,2.0,0.9202686582012146,0.29804984188541517,41,7.4952002804305415,21.535180844072077,2.1845194308116813,23.719700274883756
-0.42486129647104937,0.29791359457244165,-0.0981722340904238,-0.10041581647367921,0.7159530521136208,-0.0003927804559188656,2.0,0.9202686582012146,0.29804984188541517,41,7.495200282526933,21.535180845967627,2.184519429123683,23.719700275091313
-0.42486129647104937,0.29791359457244165,-0.09817222409042381,-0.1004158264736792,0.7159530521136208,-0.0003927804559188656,2.0,0.9202686582012146,0.29804984188541517,41,7.495200282526933,21.53518084596763,2.184519429123683,23.719700275091306
-0.42486129647104937,0.29791359457244165,-0.0981722340904238,-0.1004158264736792,0.7159530521136208,-0.0003927804559188656,1.99999999,0.9202686582012146,0.29804984188541517,41,7.495200282447707,21.535180849217188,2.1845194283374045,23.71970027755459
-0.42486129647104937,0.29791360457244165,-0.0981722340904238,-0.1004158264736792,0.7159530521136208,-0.0003927804559188656,2.0,0.9202686582012146,0.29804984188541517,41,7.49520028660394,21.53518086186338,2.184519412732625,23.719700274596008
-0.42486128647104937,0.29791359457244165,-0.0981722340904238,-0.1004158264736792,0.7159530521136208,-0.0003927804559188656,2.0,0.9202686582012146,0.29804984188541517,41,7.49520028660394,21.53518086186338,2.1845194127326257,23.719700274596008
-0.4273527824769917,0.2991736926135816,-0.10027536357313685,-0.10253058277218838,0.6918923638844265,-0.0005510426442538159,2.0,0.8988662617834245,0.3534716814773459,41,7.497658234192379,21.535206366741193,2.1822277850130254,23.717434151754222
-0.4273527824769917,0.2991736926135816,-0.10027536357313685,-0.10253058277218838,0.6918923538844265,-0.0005510426442538159,2.0,0.8988662617834245,0.3534716914773459,41,7.497658236327445,21.535206369994587,2.182227781987086,23.717434151981674
-0.4273527824769917,0.2991736926135816,-0.10027536357313685,-0.10253058277218838,0.6918923538844265,-0.0005510426442538159,2.0,0.8988662717834246,0.3534716814773459,41,7.497658235954856,21.53520637038707,2.182227781987086,23.717434152374153
-0.4273527824769917,0.2991736926135816,-0.10027536357313685,-0.10253058277218838,0.6918923538844265,-0.0005510326442538159,2.0,0.8988662617834245,0.3534716814773459,41,7.497658238324734,21.535206371787883,2.182227773241488,23.717434145029365
-0.4273527824769917,0.2991736926135816,-0.10027536357313685,-0.10253058277218838,0.6918923538844265,-0.0005510426442538159,2.0,0.8988662617834245,0.3534716814773459,41,7.497658237738833,21.53520637294434,2.182227779127256,23.7174341520716
-0.4273527824769917,0.2991736926135816,-0.10027536357313685,-0.10253057277218838,0.6918923538844265,-0.0005510426442538159,2.0,0.8988662617834245,0.3534716814773459,41,7.497658239637189,21.53520637476598,2.182227777403406,23.717434152169385
-0.4273527824769917,0.2991736926135816,-0.10027535357313686,-0.10253058277218838,0.6918923538844265,-0.0005510426442538159,2.0,0.8988662617834245,0.3534716814773459,41,7.497658239637189,21.53520637476598,2.182227777403406,23.717434152169385
-0.4273527824769917,0.2991736926135816,-0.10027536357313685,-0.10253058277218838,0.6918923538844265,-0.0005510426442538159,1.99999999,0.8988662617834245,0.3534716814773459,41,7.4976582397832505,21.535206378177413,2.1822277762674265,23.717434154444838
-0.4273527724769917,0.2991736926135816,-0.10027536357313685,-0.10253058277218838,0.6918923538844265,-0.0005510426442538159,2.0,0.8988662617834245,0.3534716814773459,41,7.497658244052747,21.535206391198972,2.182227761037734,23.717434152236706
-0.4273527824769917,0.2991737026135816,-0.10027536357313685,-0.10253058277218838,0.6918923538844265,-0.0005510426442538159,2.0,0.8988662617834245,0.3534716814773459,41,7.4976582440527455,21.535206391198972,2.182227761037734,23.717434152236706
-0.42671067347859903,0.2993691056874828,-0.10276166421285385,-0.10501550708346921,0.6966541955254606,-0.0003793486410592887,2.0,0.9070149991597558,0.33240930516808154,41,7.4971813623941,21.53726492265158,2.1806925343642716,23.71795745701585
-0.42671067347859903,0.2993691056874828,-0.10276166421285385,-0.10501550708346921,0.6966541855254605,-0.0003793486410592887,2.0,0.9070149991597558,0.33240931516808153,41,7.497181364422747,21.537264925639693,2.1806925311529612,23.717957456792657
-0.42671067347859903,0.2993691056874828,-0.10276166421285385,-0.10501550708346921,0.6966541855254605,-0.0003793486410592887,2.0,0.9070150091597559,0.33240930516808154,41,7.497181364063613,21.537264926150286,2.1806925311529612,23.717957457303246
-0.42671067347859903,0.2993691056874828,-0.10276166421285385,-0.10501550708346921,0.6966541855254605,-0.0003793386410592887,2.0,0.9070149991597558,0.33240930516808154,41,7.497181366309743,21.537264927181894,2.180692522514702,23.7179574496966
-0.42671067347859903,0.2993691056874828,-0.10276166421285385,-0.10501550708346921,0.6966541855254605,-0.0003793486410592887,2.0,0.9070149991597558,0.33240930516808154,41,7.497181365830575,21.537264928586236,2.1806925284394865,23.717957457025726
-0.42671067347859903,0.2993691056874828,-0.10276166421285385,-0.10501549708346922,0.6966541855254605,-0.0003793486410592887,2.0,0.9070149991597558,0.33240930516808154,41,7.497181367474222,21.537264929713768,2.18069252667338,23.71795745638715
-0.42671067347859903,0.2993691056874828,-0.10276165421285385,-0.10501550708346921,0.6966541855254605,-0.0003793486410592887,2.0,0.9070149991597558,0.33240930516808154,41,7.497181367474223,21.537264929713768,2.18069252667338,23.71795745638715
-0.42671067347859903,0.2993691056874828,-0.10276166421285385,-0.10501550708346921,0.6966541855254605,-0.0003793486410592887,1.99999999,0.9070149991597558,0.33240930516808154,41,7.497181367898753,21.53726493382665,2.180692525726011,23.717957459552665
-0.42671067347859903,0.2993691156874828,-0.10276166421285385,-0.10501550708346921,0.6966541855254605,-0.0003793486410592887,2.0,0.9070149991597558,0.33240930516808154,41,7.497181372298025,21.53726494687491,2.180692510357083,23.717957457231996
-0.42671066347859904,0.2993691056874828,-0.10276166421285385,-0.10501550708346921,0.6966541855254605,-0.0003793486410592887,2.0,0.9070149991597558,0.33240930516808154,41,7.497181372298025,21.53726494687491,2.180692510357083,23.717957457231993
-0.47568768509240444,0.2950074673621119,-0.09833754984588805,-0.1007298873808715,0.6025901821932006,-0.02973509566696968,1.7952420892220091,0.888683804484365,0.7772222067274954,41,7.514561264051208,21.556751161214518,2.3283084149095132,23.88505957612403
-0.47568768509240444,0.2950074673621119,-0.09833754984588805,-0.1007298873808715,0.6025901821932006,-0.02973508566696968,1.7952420792220092,0.888683804484365,0.7772222067274954,41,7.514561265322392,21.55675116270371,2.3283084043084035,23.88505956701211
-0.47568768509240444,0.2950074673621119,-0.09833754984588805,-0.1007298873808715,0.6025901921932006,-0.02973509566696968,1.7952420792220092,0.888683804484365,0.7772222067274954,41,7.5145612650005695,21.556751164530446,2.328308415057933,23.885059579588372
-0.47568768509240444,0.2950074673621119,-0.09833753984588806,-0.1007298873808715,0.6025901821932006,-0.02973509566696968,1.7952420792220092,0.888683804484365,0.7772222067274954,41,7.514561266490761,21.55675116567673,2.3283084079910954,23.88505957366782
-0.47568768509240444,0.2950074673621119,-0.09833754984588805,-0.10072987738087151,0.6025901821932006,-0.02973509566696968,1.7952420792220092,0.888683804484365,0.7772222067274954,41,7.514561266490761,21.55675116567673,2.3283084079910954,23.88505957366782
-0.47568768509240444,0.2950074673621119,-0.09833754984588805,-0.1007298873808715,0.6025901821932006,-0.02973509566696968,1.7952420792220092,0.8886838144843651,0.7772222067274954,41,7.514561265903568,21.556751166793013,2.3283084149095132,23.885059581702524
-0.47568768509240444,0.2950074673621119,-0.09833754984588805,-0.1007298873808715,0.6025901821932006,-0.02973509566696968,1.7952420792220092,0.888683804484365,0.7772222067274954,41,7.514561267219495,21.556751168597195,2.3283084096831685,23.885059578280362
-0.47568768509240444,0.2950074673621119,-0.09833754984588805,-0.1007298873808715,0.6025901821932006,-0.02973509566696968,1.7952420792220092,0.888683804484365,0.7772222167274955,41,7.514561267717826,21.556751169129367,2.3283084149095132,23.885059584038874
-0.47568767509240445,0.2950074673621119,-0.09833754984588805,-0.1007298873808715,0.6025901821932006,-0.02973509566696968,1.7952420792220092,0.888683804484365,0.7772222067274954,41,7.514561276363787,21.556751189856517,2.3283083911473867,23.885059581003905
-0.47568768509240444,0.2950074773621119,-0.09833754984588805,-0.1007298873808715,0.6025901821932006,-0.02973509566696968,1.7952420792220092,0.888683804484365,0.7772222067274954,41,7.514561276363787,21.55675118985652,2.3283083911473867,23.885059581003905
-0.4960791853734165,0.27701099024415915,-0.08318200347296262,-0.08558177912056653,0.5437789565181208,-0.03258095437187401,1.7375459911793083,0.8516070070335933,0.8945175146493574,41,7.538357016548766,21.584685208423757,2.3786620302350627,23.96334723865883
-0.4960791853734165,0.27701099024415915,-0.08318200347296262,-0.08558177912056653,0.5437789465181208,-0.03258095437187401,1.7375460011793082,0.8516070070335933,0.8945175146493574,41,7.538357019967228,21.58468521319672,2.378662030817604,23.96334724401433
-0.4960791853734165,0.27701099024415915,-0.08318200347296262,-0.08558177912056653,0.5437789465181208,-0.03258095437187401,1.7375459911793083,0.8516070170335933,0.8945175146493574,41,7.538357019791219,21.58468521514578,2.378662030817604,23.963347245963377
-0.4960791853734165,0.27701099024415915,-0.08318200347296262,-0.08558177912056653,0.5437789465181208,-0.03258095437187401,1.7375459911793083,0.8516070070335933,0.8945175246493574,41,7.538357020694057,21.584685216093792,2.378662030817604,23.963347246911397
-0.4960791853734165,0.27701099024415915,-0.08318200347296262,-0.08558177912056653,0.5437789465181208,-0.03258094437187401,1.7375459911793083,0.8516070070335933,0.8945175146493574,41,7.538357022141498,21.584685216612513,2.3786620204369453,23.963347237049454
-0.4960791853734165,0.27701099024415915,-0.08318200347296262,-0.08558177912056653,0.5437789465181208,-0.03258095437187401,1.7375459911793083,0.8516070070335933,0.8945175146493574,41,7.538357021274087,21.58468521751147,2.3786620253360047,23.96334724284747
-0.4960791853734165,0.27701099024415915,-0.08318200347296262,-0.08558176912056653,0.5437789465181208,-0.03258095437187401,1.7375459911793083,0.8516070070335933,0.8945175146493574,41,7.538357022679762,21.58468521914141,2.378662023901512,23.96334724304292
-0.4960791853734165,0.27701099024415915,-0.08318199347296262,-0.08558177912056653,0.5437789465181208,-0.03258095437187401,1.7375459911793083,0.8516070070335933,0.8945175146493574,41,7.53835702267976,21.58468521914141,2.378662023901512,23.96334724304292
-0.4960791853734165,0.27701100024415914,-0.08318200347296262,-0.08558177912056653,0.5437789465181208,-0.03258095437187401,1.7375459911793083,0.8516070070335933,0.8945175146493574,41,7.538357020661785,21.5846852211212,2.378662006473924,23.963347227595122
-0.4960791753734165,0.27701099024415915,-0.08318200347296262,-0.08558177912056653,0.5437789465181208,-0.03258095437187401,1.7375459911793083,0.8516070070335933,0.8945175146493574,41,7.5383570206617865,21.5846852211212,2.378662006473925,23.963347227595126
-0.4918623897537677,0.2942206187168874,-0.11131006592446724,-0.11375018347983502,0.416926063913573,0.03219286616767106,1.6199094939078176,0.7151568234961975,1.061681807767515,41,7.637132532154022,21.78400929585935,2.2490439210211504,24.033053216880496
-0.4918623897537677,0.2942206187168874,-0.11131006592446724,-0.11375018347983502,0.416926053913573,0.03219286616767106,1.6199095039078175,0.7151568234961975,1.061681807767515,41,7.637132533904105,21.78400929820791,2.249043921700118,24.033053219908034
-0.4918623897537677,0.2942206187168874,-0.11131006592446724,-0.11375018347983502,0.416926053913573,0.03219286616767106,1.6199094939078176,0.7151568334961975,1.061681807767515,41,7.637132533884459,21.78400929965752,2.2490439217001184,24.033053221357644
-0.4918623897537677,0.2942206187168874,-0.11131006592446724,-0.11375018347983502,0.416926053913573,0.03219287616767106,1.6199094939078176,0.7151568234961975,1.061681807767515,41,7.637132536726277,21.78400930297518,2.2490439210211504,24.03305322399633
-0.4918623897537677,0.2942206187168874,-0.11131006592446724,-0.11375018347983502,0.416926053913573,0.03219286616767106,1.6199094939078176,0.7151568234961975,1.061681807767515,41,7.637132536059516,21.784009303717486,2.249043917203639,24.03305322092113
-0.4918623897537677,0.2942206187168874,-0.11131006592446724,-0.11375018347983502,0.416926053913573,0.03219286616767106,1.6199094939078176,0.7151568234961975,1.061681817767515,41,7.6371325362179325,21.784009303815164,2.249043921700118,24.033053225515282
-0.4918623897537677,0.2942206187168874,-0.11131005592446724,-0.11375018347983502,0.416926053913573,0.03219286616767106,1.6199094939078176,0.7151568234961975,1.061681807767515,41,7.637132537683311,21.784009307026086,2.2490439152906267,24.03305322231671
-0.4918623897537677,0.2942206187168874,-0.11131006592446724,-0.11375017347983503,0.416926053913573,0.03219286616767106,1.6199094939078176,0.7151568234961975,1.061681807767515,41,7.6371325376833115,21.78400930702609,2.2490439152906267,24.03305322231671
-0.4918623897537677,0.2942206287168874,-0.11131006592446724,-0.11375018347983502,0.416926053913573,0.03219286616767106,1.6199094939078176,0.7151568234961975,1.061681807767515,41,7.637132540336054,21.78400931638852,2.249043898523684,24.0330532149122
-0.49186237975376773,0.2942206187168874,-0.11131006592446724,-0.11375018347983502,0.416926053913573,0.03219286616767106,1.6199094939078176,0.7151568234961975,1.061681807767515,41,7.637132540336054,21.78400931638852,2.249043898523684,24.0330532149122
-0.4740500847699373,0.3163039083551313,-0.12294113639641811,-0.1253945228976771,0.3293139242802797,0.08106798038014652,1.5475455025330387,0.6117593439510907,1.1431800612552367,41,7.742134245115574,22.00520946626989,2.1283781670682678,24.133587633338163
-0.4740500847699373,0.3163039083551313,-0.12294113639641811,-0.1253945228976771,0.32931391428027973,0.08106798038014652,1.5475455025330387,0.6117593539510907,1.1431800612552367,41,7.742134246294605,22.005209468725216,2.128378167008184,24.133587635733395
-0.4740500847699373,0.3163039083551313,-0.12294113639641811,-0.1253945228976771,0.32931391428027973,0.08106798038014652,1.5475455125330386,0.6117593439510907,1.1431800612552367,41,7.742134247100075,22.005209469412335,2.128378167008184,24.133587636420508
-0.4740500847699373,0.3163039083551313,-0.12294113639641811,-0.1253945228976771,0.32931391428027973,0.08106798038014652,1.5475455025330387,0.6117593439510907,1.1431800612552367,41,7.7421342492821354,22.00520947463805,2.1283781635800216,24.133587638218074
-0.4740500847699373,0.3163039083551313,-0.12294113639641811,-0.1253945228976771,0.32931391428027973,0.08106798038014652,1.5475455025330387,0.6117593439510907,1.1431800712552367,41,7.742134249585681,22.005209475124325,2.128378167008184,24.13358764213251
-0.4740500847699373,0.3163039083551313,-0.12294113639641811,-0.1253945228976771,0.32931391428027973,0.08106799038014652,1.5475455025330387,0.6117593439510907,1.1431800612552367,41,7.742134251792348,22.005209477731274,2.1283781670682678,24.133587644799544
-0.4740500847699373,0.3163039083551313,-0.12294113639641811,-0.1253945128976771,0.32931391428027973,0.08106798038014652,1.5475455025330387,0.6117593439510907,1.1431800612552367,41,7.742134252836469,22.005209482213967,2.1283781614691684,24.133587643683136
-0.4740500847699373,0.3163039083551313,-0.12294112639641812,-0.1253945228976771,0.32931391428027973,0.08106798038014652,1.5475455025330387,0.6117593439510907,1.1431800612552367,41,7.742134252836469,22.005209482213967,2.1283781614691684,24.133587643683136
-0.4740500847699373,0.3163039183551313,-0.12294113639641811,-0.1253945228976771,0.32931391428027973,0.08106798038014652,1.5475455025330387,0.6117593439510907,1.1431800612552367,41,7.742134256932568,22.005209494108424,2.128378145239179,24.133587639347603
-0.4740500747699373,0.3163039083551313,-0.12294113639641811,-0.1253945228976771,0.32931391428027973,0.08106798038014652,1.5475455025330387,0.6117593439510907,1.1431800612552367,41,7.742134256932568,22.005209494108424,2.128378145239179,24.133587639347603
-0.43077972020568456,0.2893181935911031,-0.0939972888383915,-0.09623277796718392,0.7451014431897048,0.6508413956693353,2.0,0.7589054630216933,0.47753519530075805,41,7.979315216894285,22.319177072474584,2.8242271151153946,25.14340418758998
-0.43077972020568456,0.2893181786899419,-0.0939972888383915,-0.09623279286834512,0.7451014431897048,0.6508413956693353,2.0,0.7589054630216933,0.47753519530075805,41,7.979315245456337,22.31917710953649,2.8242271446485705,25.14340425418506
-0.43077972020568456,0.2893181786899419,-0.09399730373955269,-0.09623277796718392,0.7451014431897048,0.6508413956693353,2.0,0.7589054630216933,0.47753519530075805,41,7.979315245456337,22.31917710953649,2.8242271446485705,25.14340425418506
-0.43077972020568456,0.2893181786899419,-0.0939972888383915,-0.09623277796718392,0.745101458090866,0.6508413956693353,2.0,0.7589054630216933,0.47753519530075805,41,7.979315253729285,22.319177127610747,2.824227159920112,25.143404287530856
-0.43077972020568456,0.2893181786899419,-0.0939972888383915,-0.09623277796718392,0.7451014431897048,0.6508413956693353,1.9999999701976776,0.7589054630216933,0.47753519530075805,41,7.979315255112236,22.319177137784646,2.8242271342531073,25.143404272037753
-0.43077972020568456,0.2893181786899419,-0.0939972888383915,-0.09623277796718392,0.7451014431897048,0.6508413956693353,2.0,0.7589054779228545,0.47753519530075805,41,7.9793152622217445,22.319177145677813,2.8242271462321247,25.143404291909928
-0.43077972020568456,0.2893181786899419,-0.0939972888383915,-0.09623277796718392,0.7451014431897048,0.6508413956693353,2.0,0.7589054630216933,0.47753519530075805,41,7.9793152689777,22.319177159414316,2.824227142239118,25.143404301653433
-0.43077972020568456,0.2893181786899419,-0.0939972888383915,-0.09623277796718392,0.7451014431897048,0.6508413956693353,2.0,0.7589054630216933,0.47753521020191925,41,7.979315271821386,22.319177163185536,2.8242271462321247,25.14340430941766
-0.43077972020568456,0.2893181786899419,-0.0939972888383915,-0.09623277796718392,0.7451014431897048,0.6508414105704965,2.0,0.7589054630216933,0.47753519530075805,41,7.979315289314566,22.31917719796991,2.824227159920112,25.14340435789002
-0.43077973510684575,0.2893181786899419,-0.0939972888383915,-0.09623277796718392,0.7451014431897048,0.6508413956693353,2.0,0.7589054630216933,0.47753519530075805,41,7.979315321061125,22.319177246354066,2.8242271693628425,25.14340441571691
-0.43627603264557874,0.3585593610320565,-0.18757620329038913,-0.1900435154725506,0.17953744546627606,0.13871987725090043,1.4794027807964574,0.41264338787771193,1.1460352457994676,41,7.9478105104810925,22.43502632353387,1.9391579274317645,24.374184250965634
-0.43627603264557874,0.3585593610320565,-0.18757620329038913,-0.1900435154725506,0.17953743546627607,0.13871987725090043,1.4794027807964574,0.4126433978777119,1.1460352457994676,41,7.9478105112570265,22.435026324928515,1.939157925158167,24.374184250086678
-0.43627603264557874,0.3585593610320565,-0.18757620329038913,-0.1900435154725506,0.17953743546627607,0.13871987725090043,1.4794027907964573,0.41264338787771193,1.1460352457994676,41,7.947810514668431,22.435026331564575,1.939157925158167,24.374184256722746
-0.43627603264557874,0.3585593610320565,-0.18757620329038913,-0.1900435154725506,0.17953743546627607,0.13871987725090043,1.4794027807964574,0.41264338787771193,1.1460352457994676,41,7.947810515984424,22.435026334506567,1.9391579247265782,24.374184259233147
-0.43627603264557874,0.3585593610320565,-0.18757620329038913,-0.1900435154725506,0.17953743546627607,0.13871987725090043,1.4794027807964574,0.41264338787771193,1.1460352557994675,41,7.947810516082009,22.435026334618694,1.939157925158167,24.374184259776857
-0.43627603264557874,0.3585593610320565,-0.18757620329038913,-0.1900435154725506,0.17953743546627607,0.13871988725090043,1.4794027807964574,0.41264338787771193,1.1460352457994676,41,7.947810519531224,22.435026340182958,1.9391579274317645,24.374184267614716
-0.43627603264557874,0.3585593610320565,-0.18757620329038913,-0.1900435054725506,0.17953743546627607,0.13871987725090043,1.4794027807964574,0.41264338787771193,1.1460352457994676,41,7.947810519578238,22.435026342213437,1.9391579215168107,24.374184263730253
-0.43627603264557874,0.3585593610320565,-0.18757619329038913,-0.1900435154725506,0.17953743546627607,0.13871987725090043,1.4794027807964574,0.41264338787771193,1.1460352457994676,41,7.947810519578239,22.43502634221344,1.9391579215168107,24.374184263730253
-0.43627602264557874,0.3585593610320565,-0.18757620329038913,-0.1900435154725506,0.17953743546627607,0.13871987725090043,1.4794027807964574,0.41264338787771193,1.1460352457994676,41,7.947810526813008,22.435026359552893,1.9391579070659852,24.37418426661888
-0.43627603264557874,0.3585593710320565,-0.18757620329038913,-0.1900435154725506,0.17953743546627607,0.13871987725090043,1.4794027807964574,0.41264338787771193,1.1460352457994676,41,7.947810526813007,22.435026359552893,1.9391579070659868,24.374184266618887
-0.42611126796528664,0.3893792669625551,-0.2884362873810403,-0.2909676733794588,0.09987348104912731,0.15973132545236018,1.4432607085302505,0.27089570516853473,1.1538815071626842,41,8.079288911117345,22.70231136727807,1.9442047887691798,24.646516156047248
-0.42611126796528664,0.3893792669625551,-0.2884362873810403,-0.2909676733794588,0.09987349104912731,0.15973132545236018,1.4432607085302505,0.27089569516853473,1.1538815071626842,41,8.079288912666016,22.702311370846537,1.9442047924713906,24.646516163317933
-0.42611126796528664,0.3893792669625551,-0.2884362873810403,-0.2909676733794588,0.09987348104912731,0.15973132545236018,1.4432607185302504,0.27089569516853473,1.1538815071626842,41,8.079288916301822,22.702311377846176,1.9442047887691798,24.646516166615356
-0.42611126796528664,0.3893792669625551,-0.2884362873810403,-0.2909676733794588,0.09987348104912731,0.15973132545236018,1.4432607085302505,0.27089569516853473,1.1538815171626842,41,8.079288916767961,22.70231137888802,1.9442047887691798,24.6465161676572
-0.42611126796528664,0.3893792669625551,-0.2884362873810403,-0.2909676733794588,0.09987348104912731,0.15973132545236018,1.4432607085302505,0.27089569516853473,1.1538815071626842,41,8.07928891700676,22.70231137938825,1.9442047902647497,24.646516169653
-0.42611126796528664,0.3893792669625551,-0.2884362873810403,-0.2909676733794588,0.09987348104912731,0.15973133545236018,1.4432607085302505,0.27089569516853473,1.1538815071626842,41,8.079288918003698,22.702311380285618,1.9442047924713906,24.646516172757003
-0.42611126796528664,0.3893792669625551,-0.28843627738104033,-0.2909676733794588,0.09987348104912731,0.15973132545236018,1.4432607085302505,0.27089569516853473,1.1538815071626842,41,8.079288917492265,22.702311380742977,1.9442047853398168,24.64651616608279
-0.42611126796528664,0.3893792669625551,-0.2884362873810403,-0.2909676633794588,0.09987348104912731,0.15973132545236018,1.4432607085302505,0.27089569516853473,1.1538815071626842,41,8.079288917492265,22.702311380742977,1.9442047853398168,24.646516166082794
-0.42611126796528664,0.3893792769625551,-0.2884362873810403,-0.2909676733794588,0.09987348104912731,0.15973132545236018,1.4432607085302505,0.27089569516853473,1.1538815071626842,41,8.079288929395245,22.702311407280106,1.944204772952529,24.646516180232634
-0.42611125796528665,0.3893792669625551,-0.2884362873810403,-0.2909676733794588,0.09987348104912731,0.15973132545236018,1.4432607085302505,0.27089569516853473,1.1538815071626842,41,8.079288929395245,22.702311407280114,1.944204772952529,24.646516180232634
-0.4420619685925558,0.3939049189835624,-0.36144674580785696,-0.3640416929924738,0.0905038873089626,0.14556838949594186,1.426682858776022,0.22700901751162733,1.1701435616707732,41,8.111663610418034,22.762531607824325,2.0478155368472883,24.810347144671614
-0.4420619685925558,0.3939049189835624,-0.36144674580785696,-0.3640416929924738,0.0905038873089626,0.14556839949594186,1.426682858776022,0.22700900751162734,1.1701435616707732,41,8.111663613611029,22.762531613564615,2.0478155408504355,24.810347154415055
-0.4420619685925558,0.3939049189835624,-0.36144674580785696,-0.3640416929924738,0.09050389730896259,0.14556838949594186,1.426682858776022,0.22700900751162734,1.1701435616707732,41,8.111663613279546,22.762531614280384,2.0478155408504355,24.810347155130827
-0.4420619685925558,0.3939049189835624,-0.36144674580785696,-0.3640416829924738,0.0905038873089626,0.14556838949594186,1.426682858776022,0.22700900751162734,1.1701435616707732,41,8.111663613427364,22.762531614539768,2.047815532677169,24.81034714721694
-0.4420619685925558,0.3939049189835624,-0.36144673580785697,-0.3640416929924738,0.0905038873089626,0.14556838949594186,1.426682858776022,0.22700900751162734,1.1701435616707732,41,8.111663613427364,22.76253161453977,2.047815532677169,24.81034714721694
-0.4420619685925558,0.3939049189835624,-0.36144674580785696,-0.3640416929924738,0.0905038873089626,0.14556838949594186,1.426682868776022,0.22700900751162734,1.1701435616707732,41,8.111663615063845,22.762531617439922,2.0478155368472883,24.81034715428721
-0.4420619685925558,0.3939049189835624,-0.36144674580785696,-0.3640416929924738,0.0905038873089626,0.14556838949594186,1.426682858776022,0.22700900751162734,1.170143571670773,41,8.1116636153251,22.76253161818773,2.0478155368472883,24.810347155035018
-0.4420619685925558,0.3939049189835624,-0.36144674580785696,-0.3640416929924738,0.0905038873089626,0.14556838949594186,1.426682858776022,0.22700900751162734,1.1701435616707732,41,8.111663615965842,22.762531619431286,2.0478155388438206,24.81034715827511
-0.4420619685925558,0.3939049289835624,-0.36144674580785696,-0.3640416929924738,0.0905038873089626,0.14556838949594186,1.426682858776022,0.22700900751162734,1.1701435616707732,41,8.111663627099706,22.762531644892228,2.0478155214344858,24.81034716632671
-0.4420619585925558,0.3939049189835624,-0.36144674580785696,-0.3640416929924738,0.0905038873089626,0.14556838949594186,1.426682858776022,0.22700900751162734,1.1701435616707732,41,8.111663627099706,22.762531644892228,2.0478155214344858,24.81034716632671
-0.5036430919401809,0.35161431459725273,-0.44608651638822155,-0.44874135378621793,0.0865790662979193,0.11406164903192748,1.4092257957625347,0.20661512259404136,1.1897033436703055,41,8.156804832603482,22.832314418025287,2.3471130117211785,25.179427429746468
-0.5036430919401809,0.35161431459725273,-0.44608652638822155,-0.44874134378621794,0.0865790662979193,0.11406164903192748,1.4092257957625347,0.20661512259404136,1.1897033436703055,41,8.156804832603482,22.832314418025287,2.3471130117211785,25.179427429746468
-0.5036430919401809,0.35161431459725273,-0.44608652638822155,-0.44874135378621793,0.08657907629791929,0.11406164903192748,1.4092257957625347,0.20661512259404136,1.1897033436703055,41,8.15680483251168,22.832314418664144,2.3471130210326616,25.179427439696806
-0.5036430919401809,0.35161431459725273,-0.44608652638822155,-0.44874135378621793,0.0865790662979193,0.11406164903192748,1.4092257957625347,0.20661513259404135,1.1897033436703055,41,8.15680483367925,22.832314420886405,2.347113017123384,25.17942743800979
-0.5036430919401809,0.35161431459725273,-0.44608652638822155,-0.44874135378621793,0.0865790662979193,0.11406165903192747,1.4092257957625347,0.20661512259404136,1.1897033436703055,41,8.15680483640733,22.832314423391722,2.3471130210326616,25.179427444424384
-0.5036430919401809,0.3516143245972527,-0.44608652638822155,-0.44874135378621793,0.0865790662979193,0.11406164903192748,1.4092257957625347,0.20661512259404136,1.1897033436703055,41,8.156804835470295,22.8323144270098,2.3471130010349714,25.179427428044768
-0.5036430819401808,0.35161431459725273,-0.44608652638822155,-0.44874135378621793,0.0865790662979193,0.11406164903192748,1.4092257957625347,0.20661512259404136,1.1897033436703055,41,8.156804835470293,22.8323144270098,2.3471130010349697,25.179427428044768
-0.5036430919401809,0.35161431459725273,-0.44608652638822155,-0.44874135378621793,0.0865790662979193,0.11406164903192748,1.4092258057625346,0.20661512259404136,1.1897033436703055,41,8.15680483716403,22.83231442732437,2.347113017123384,25.179427444447757
-0.5036430919401809,0.35161431459725273,-0.44608652638822155,-0.44874135378621793,0.0865790662979193,0.11406164903192748,1.4092257957625347,0.20661512259404136,1.1897033536703054,41,8.15680483729216,22.832314428023565,2.347113017123384,25.179427445146946
-0.5036430919401809,0.35161431459725273,-0.44608652638822155,-0.44874135378621793,0.0865790662979193,0.11406164903192748,1.4092257957625347,0.20661512259404136,1.1897033436703055,41,8.156804837975107,22.832314429551666,2.347113019327215,25.179427448878883
-0.5822281659641835,0.2609064989411974,-0.46779878314610657,-0.4704159799795139,0.05370429897897944,0.10625993820910187,1.4276596083240372,0.19800045274678915,1.1755277352903772,41,8.481985980585298,23.477274207172545,2.6975053891167105,26.17477959628926
-0.5822281559641834,0.2609064889411974,-0.46779878314610657,-0.4704159799795139,0.05370429897897944,0.10625993820910187,1.4276596083240372,0.19800045274678915,1.1755277352903772,41,8.481985980585298,23.477274207172545,2.6975053891167105,26.174779596289255
-0.5822281659641835,0.2609064889411974,-0.46779878314610657,-0.4704159799795139,0.05370430897897944,0.10625993820910187,1.4276596083240372,0.19800045274678915,1.1755277352903772,41,8.481985991318076,23.477274229604536,2.6975054102076403,26.174779639812172
-0.5822281659641835,0.2609064889411974,-0.46779878314610657,-0.4704159699795139,0.05370429897897944,0.10625993820910187,1.4276596083240372,0.19800045274678915,1.1755277352903772,41,8.4819860043601,23.477274254796573,2.697505400873119,26.174779655669692
-0.5822281659641835,0.2609064889411974,-0.4677987731461066,-0.4704159799795139,0.05370429897897944,0.10625993820910187,1.4276596083240372,0.19800045274678915,1.1755277352903772,41,8.481986004360103,23.477274254796573,2.697505400873119,26.174779655669692
-0.5822281659641835,0.2609064889411974,-0.46779878314610657,-0.4704159799795139,0.05370429897897944,0.10625993820910187,1.4276596083240372,0.19800046274678915,1.1755277352903772,41,8.481986003092139,23.47727425590871,2.6975054065947397,26.174779662503454
-0.5822281659641835,0.2609064889411974,-0.46779878314610657,-0.4704159799795139,0.05370429897897944,0.10625993820910187,1.4276596083240372,0.19800045274678915,1.1755277452903772,41,8.481986007881652,23.477274263854927,2.6975054065947397,26.174779670449666
-0.5822281659641835,0.2609064889411974,-0.46779878314610657,-0.4704159799795139,0.05370429897897944,0.10625993820910187,1.4276596083240372,0.19800045274678915,1.1755277352903772,41,8.481986007856879,23.477274264324954,2.6975054088479444,26.174779673172903
-0.5822281659641835,0.2609064889411974,-0.46779878314610657,-0.4704159799795139,0.05370429897897944,0.10625993820910187,1.427659618324037,0.19800045274678915,1.1755277352903772,41,8.481986014639576,23.477274277787807,2.6975054065947397,26.17477968438255
-0.5822281659641835,0.2609064889411974,-0.46779878314610657,-0.4704159799795139,0.05370429897897944,0.10625994820910187,1.4276596083240372,0.19800045274678915,1.1755277352903772,41,8.481986017225402,23.477274278346457,2.6975054102076403,26.1747796885541
-0.5181891545653343,0.4541871231049299,-0.6927933264523745,-0.6958117056638002,0.2152235209941864,-0.030738828016986845,1.341998018621012,0.2283360290513481,1.3557055835948433,41,9.234526202054939,25.444362427846283,2.658850708058825,28.103213135905104
-0.5181891545653343,0.4541871231049299,-0.6927933164523744,-0.6958117056638002,0.2152235209941864,-0.030738838016986847,1.341998018621012,0.2283360290513481,1.3557055835948433,41,9.234526221313967,25.44436247625249,2.6588506983463627,28.103213174598853
-0.5181891545653343,0.4541871231049299,-0.6927933264523745,-0.6958116956638002,0.2152235209941864,-0.030738838016986847,1.341998018621012,0.2283360290513481,1.3557055835948433,41,9.234526221313969,25.44436247625249,2.6588506983463627,28.103213174598853
-0.5181891545653343,0.4541871231049299,-0.6927933264523745,-0.6958117056638002,0.2152235209941864,-0.030738838016986847,1.341998028621012,0.2283360290513481,1.3557055835948433,41,9.234526234161285,25.44436251182997,2.658850709311287,28.103213221141264
-0.5181891545653343,0.4541871231049299,-0.6927933264523745,-0.6958117056638002,0.2152235209941864,-0.030738838016986847,1.341998018621012,0.2283360290513481,1.3557055835948433,41,9.234526236117063,25.44436251743669,2.6588507101495056,28.103213227586192
-0.5181891545653343,0.4541871231049299,-0.6927933264523745,-0.6958117056638002,0.2152235209941864,-0.030738838016986847,1.341998018621012,0.2283360290513481,1.3557055835948433,41,9.234526236117063,25.44436251743669,2.6588507101495056,28.103213227586192
-0.5181891545653343,0.4541871231049299,-0.6927933264523745,-0.6958117056638002,0.2152235209941864,-0.030738838016986847,1.341998018621012,0.2283360290513481,1.3557055935948432,41,9.234526241282603,25.444362532297287,2.658850709311287,28.10321324160857
-0.5181891545653343,0.4541871231049299,-0.6927933264523745,-0.6958117056638002,0.2152235209941864,-0.030738838016986847,1.341998018621012,0.22833603905134808,1.3557055835948433,41,9.234526241153937,25.444362534202703,2.658850709311287,28.10321324351399
-0.5181891545653343,0.4541871231049299,-0.6927933264523745,-0.6958117056638002,0.2152235309941864,-0.030738838016986847,1.341998018621012,0.2283360290513481,1.3557055835948433,41,9.234526251481453,25.44436256589439,2.658850712240185,28.103213278134575
-0.5181891545653343,0.4541871331049299,-0.6927933264523745,-0.6958117056638002,0.2152235209941864,-0.030738838016986847,1.341998018621012,0.2283360290513481,1.3557055835948433,41,9.23452625691247,25.444362576205627,2.6588506926054887,28.103213268811118
-0.5181891445653343,0.4541871231049299,-0.6927933264523745,-0.6958117056638002,0.2152235209941864,-0.030738838016986847,1.341998018621012,0.2283360290513481,1.3557055835948433,41,9.23452625691247,25.44436257620563,2.6588506926054887,28.10321326881112
-0.16427936404943466,0.8080969154834747,-0.3264754831325263,-0.32949386234395206,0.5691333115100861,0.3231709524989128,1.2141158618203185,1.2253458172597007,1.227823426964023,41,10.188127442347497,30.195897300975624,1.5552560780086853,31.751153378984306
-0.15037235617637634,0.4286412298679352,0.7539017498493195,0.21160966157913208,0.4396276921033859,-0.3459392338991165,1.072064874892379,0.8115855736781608,0.18148141763701542,41,12.122848953541506,32.57478932548662,2.4135708869495947,34.988360212436206
-0.5927315764129162,-0.01371799036860466,0.3115425258874893,-0.5414808541536331,-0.0027315281331539154,-0.7882984578609467,0.5275743642269131,0.2670950555621143,1.6368908979973775,41,10.708250963071526,32.927936517989046,3.645559998982915,36.57349651697196
-0.2729688584804535,0.04247741401195526,0.5739679485559464,-0.4692915678024292,-0.9579593986272812,0.7786526149138808,0.6002975241648931,0.6115274795233239,1.0618661942604883,41,12.48278228484713,38.793617028636305,4.157634646219766,42.95125167485607
-0.2729688584804535,0.04247741401195526,0.5739679485559464,-0.4692915678024292,-0.9753850260749459,0.7786526149138808,0.6002975241648931,0.6115274795233239,1.0618661942604883,41,12.51114664699021,38.99484003487662,4.183486019402585,43.178326054279204
0.6091634035110474,-0.7364214221015573,0.12900617928244174,0.12598780007101595,-0.9753850260749459,0.7786526149138808,0.6002975241648931,0.6115274795233239,1.0618661942604883,41,12.873757112556282,40.316633129269405,3.5573616139615627,43.873994743230966
-0.2729688584804535,0.04247741401195526,0.5739679485559464,-0.4692915678024292,-0.9579593986272812,0.9134434908628464,0.38943308123410336,0.6115274795233239,1.0618661942604883,41,12.704080395312403,40.324544527715155,4.563093051068186,44.88763757878334
-0.2729688584804535,0.04247741401195526,0.5739679485559464,-0.4692915678024292,-0.9579593986272812,0.9134434908628464,0.6002975241648931,0.6115274795233239,1.0618661942604883,41,12.706426005419887,40.53195167012284,4.364323829136784,44.89627549925961
-0.2729688584804535,0.04247741401195526,0.12900617928244174,0.12598780007101595,-0.9753850260749459,0.7786526149138808,0.6002975241648931,0.6115274795233239,1.0618661942604883,41,12.835253335375134,40.66839464549957,3.74855441159212,44.416949057091685
-0.2729688584804535,0.04247741401195526,0.5739679485559464,-0.4692915678024292,-0.9579593986272812,0.9134434908628464,0.38943308123410336,1.1864814873404415,1.024450314388241,41,12.847259211105815,40.704180267628644,4.155894621275009,44.860074888903654
-0.2729688584804535,0.04247741401195526,0.5739679485559464,-0.4692915678024292,-0.9579593986272812,0.9134434908628464,0.38943308123410336,1.1864814873404415,1.0618661942604883,41,12.904408232495479,41.41606810133694,4.139741532376721,45.555809633713665
0.20044897496700287,0.7794625610113144,0.4033488780260086,-0.44967450201511383,0.7904490232467651,-0.6964921057224274,1.23788071981255,0.9774014085597253,0.6578714530784269,41,12.364518388839276,41.857218569706546,1.700287569540151,43.55750613924669
-0.32449791580438614,-0.8125170692801476,0.040502481162548065,0.037484101951122284,-0.8015306070446968,0.41290246695280075,0.9557393138897672,0.09342727189686474,1.2207968272102132,41,11.889116004252966,42.26809786289084,5.1137687984516,47.38186666134243
-0.2729688584804535,-0.7364214221015573,0.12900617928244174,0.12598780007101595,-0.9753850260749459,0.7786526149138808,0.6002975241648931,0.6115274795233239,1.0618661942604883,41,12.637664674934015,44.41236049247182,5.483122966823201,49.89548345929502
0.14004604809442056,0.7190596289878746,-0.8184915567162256,-0.5100774353711235,0.7300460950470014,0.08166744833217954,1.5926402736194083,0.4625984831925013,1.0126310178779392,41,12.449869930266207,45.076620689490326,1.5859963174514762,46.662617006941794
-0.2729688584804535,0.04247741401195526,0.5739679485559464,0.12598780007101595,-0.9753850260749459,0.7786526149138808,0.6002975241648931,0.6115274795233239,1.0618661942604883,41,13.75980921179221,46.14187448530334,3.9291437628171235,50.07101824812046
0.40201870910823345,-0.08600044436752796,0.7670191060751677,0.7640007268637419,-0.3249640464782715,0.8894690275192261,1.9969058851482155,0.8832438976711061,0.01071345238447453,41,15.880608726762526,53.84455225636534,2.834981631799339,56.67953388816468
0.9551593778711467,0.532482396894679,-0.7991595863243639,-0.7280435993806667,-0.6956755959829433,0.6843193075613436,1.9047132894123688,1.2192146433898026,1.3464417666124748,41,12.721585850180215,60.94943457143244,3.137305740135862,64.08674031156829
0.4526683986186981,0.5039229542016983,-0.6430574953556061,0.8146504163742065,0.514909416437149,-0.2706575095653534,1.9897056299813574,0.8849672974653191,0.2548631431169457,41,13.501576091387665,62.427539386767585,1.6375684127274361,64.06510779949502
-0.99999999,-1.0,1.0,1.0,-1.0,1.0,1.9864908372099261,0.0001,0.0001,41,13.367027782349682,91.38216309585475,10.781850726323452,102.16401382217819
-1.0,-0.99999999,1.0,1.0,-1.0,1.0,1.9864908372099261,0.0001,0.0001,41,13.36702778234968,91.38216309585475,10.781850726323452,102.16401382217819
-1.0,-1.0,1.0,1.0,-1.0,0.99999999,1.9864908372099261,0.0001,0.0001,41,13.367027772663981,91.38216335335925,10.78185074332345,102.16401409668268
-1.0,-1.0,1.0,1.0,-0.99999999,1.0,1.9864908372099261,0.0001,0.0001,41,13.36702777556086,91.38216335600035,10.78185074332345,102.1640140993238
-1.0,-1.0,1.0,0.99999999,-1.0,1.0,1.9864908372099261,0.0001,0.0001,41,13.367027772340276,91.38216336459026,10.78185074332345,102.16401410791373
-1.0,-1.0,0.99999999,1.0,-1.0,1.0,1.9864908372099261,0.0001,0.0001,41,13.367027772340274,91.38216336459026,10.78185074332345,102.16401410791372
-1.0,-1.0,1.0,1.0,-1.0,1.0,1.9864908372099261,0.0001,0.0001,41,13.367027780219061,91.38216340840938,10.78185076032345,102.16401416873283
-1.0,-1.0,1.0,1.0,-1.0,1.0,1.9864908372099261,0.0001,0.00010001,41,13.367027786993098,91.38216348711404,10.781850748839279,102.1640142359533
-1.0,-1.0,1.0,1.0,-1.0,1.0,1.9864908372099261,0.00010001,0.0001,41,13.367027800945527,91.38216349101174,10.781850748839279,102.164014239851
-1.0,-1.0,1.0,1.0,-1.0,1.0,1.986490847209926,0.0001,0.0001,41,13.367027785158914,91.38216403282246,10.781850748839279,102.16401478166172
