Ʌᵢᵢ,Vᵢⱼ,Ʌᵢⱼ,Ƹᵢⱼ,Ʒᵢⱼ,γ1,γ2,γ3,n_data,raw_ssr_sum,raw_neglogprob_sum,param_penalty_sum,loss_final_sum
1.0,0.4506312634601067,0.5596452771303605,0.13640624864483938,-0.0606229281170279,0.0001,0.04014079652148364,2.0,59,7.985268576406661,25.622574998951006,1.68715133209416,27.30972633104516
1.0,0.4506312783612679,0.5596452622291993,0.13640624864483938,-0.0606229281170279,0.0001,0.04014079652148364,2.0,59,7.985268576406661,25.622574998951006,1.68715133209416,27.30972633104516
1.0,0.4506312634601067,0.5596452622291993,0.13640626354600058,-0.0606229281170279,0.0001,0.04014079652148364,2.0,59,7.985268577695087,25.622575009819105,1.6871513142196237,27.309726324038728
1.0,0.4506312634601067,0.5596452622291993,0.13640624864483938,-0.0606229281170279,0.0001,0.04014079652148364,1.9999999701976776,59,7.985268578646993,25.622575012093254,1.6871513661417503,27.309726378235002
1.0,0.4506312634601067,0.5596452622291993,0.13640624864483938,-0.0606229281170279,0.0001,0.04014079652148364,2.0,59,7.985268578986743,25.622575012921562,1.6871513098890771,27.309726322810647
1.0,0.4506312634601067,0.5596452622291993,0.13640624864483938,-0.060622943018189095,0.0001,0.04014079652148364,2.0,59,7.985268579587561,25.622575014332696,1.6871513142196237,27.309726328552323
1.0,0.4506312634601067,0.5596452622291993,0.13640624864483938,-0.0606229281170279,0.0001,0.040140811422644834,2.0,59,7.98526857774196,25.62257502673595,1.6871512817627423,27.309726308498693
0.9999999850988388,0.4506312634601067,0.5596452622291993,0.13640624864483938,-0.0606229281170279,0.0001,0.04014079652148364,2.0,59,7.9852685940919965,25.622575058881267,1.687151309889078,27.30972636877034
1.0,0.4506312634601067,0.5596452622291993,0.13640624864483938,-0.0606229281170279,0.00010001490116119385,0.04014079652148364,2.0,59,7.985268619383289,25.622575149670336,1.6871512817627423,27.309726431433077
1.0,0.46646431623457,0.5754782214669816,0.1590870474117405,-0.16698892724675002,0.0001,0.08276449376215575,2.0,59,7.982324353411601,25.644629757794736,1.7061963002825016,27.350826058077235
1.0,0.46646430623457,0.5754782314669816,0.1590870474117405,-0.16698892724675002,0.0001,0.08276449376215575,2.0,59,7.982324353411601,25.644629757794736,1.7061963002825016,27.350826058077235
1.0,0.46646430623457,0.5754782214669816,0.1590870574117405,-0.16698892724675002,0.0001,0.08276449376215575,2.0,59,7.982324355156435,25.644629766379865,1.7061962897234697,27.35082605610334
1.0,0.46646430623457,0.5754782214669816,0.1590870474117405,-0.16698891724675002,0.0001,0.08276449376215575,2.0,59,7.982324355564755,25.644629767411615,1.7061962801042285,27.35082604751585
1.0,0.46646430623457,0.5754782214669816,0.1590870474117405,-0.16698892724675002,0.0001,0.08276449376215575,1.99999999,59,7.982324355917902,25.644629768221183,1.7061963029508473,27.350826071172026
1.0,0.46646430623457,0.5754782214669816,0.1590870474117405,-0.16698892724675002,0.0001,0.08276449376215575,2.0,59,7.982324355992216,25.644629768411296,1.7061962849138492,27.350826053325143
1.0,0.46646430623457,0.5754782214669816,0.1590870474117405,-0.16698892724675002,0.0001,0.08276450376215574,2.0,59,7.982324357443505,25.644629781598468,1.706196266876852,27.35082604847532
0.99999999,0.46646430623457,0.5754782214669816,0.1590870474117405,-0.16698892724675002,0.0001,0.08276449376215575,2.0,59,7.982324365710268,25.6446297985281,1.7061962849138497,27.350826083441945
1.0,0.46646430623457,0.5754782214669816,0.1590870474117405,-0.16698892724675002,0.00010001,0.08276449376215575,2.0,59,7.982324381825258,25.644629857802755,1.706196266876852,27.350826124679607
1.0,0.4164640064827968,0.5273003367484246,0.15003603593481477,-0.07920702763083518,0.0001,0.08857781483649008,2.0,59,8.01296195744969,25.764095348699136,1.512308417423881,27.276403766123018
1.0,0.4164640164827968,0.5273003267484245,0.15003603593481477,-0.07920702763083518,0.0001,0.08857781483649008,2.0,59,8.01296195744969,25.76409534869914,1.512308417423881,27.27640376612302
1.0,0.4164640064827968,0.5273003267484245,0.15003604593481476,-0.07920702763083518,0.0001,0.08857781483649008,2.0,59,8.012961960640569,25.764095360156045,1.512308406884692,27.276403767040737
1.0,0.4164640064827968,0.5273003267484245,0.15003603593481477,-0.07920701763083518,0.0001,0.08857781483649008,2.0,59,8.012961960953442,25.764095361000376,1.5123084001220213,27.2764037611224
1.0,0.4164640064827968,0.5273003267484245,0.15003603593481477,-0.07920702763083518,0.0001,0.08857781483649008,1.99999999,59,8.012961961332445,25.764095361856274,1.5123084214260258,27.2764037832823
1.0,0.4164640064827968,0.5273003267484245,0.15003603593481477,-0.07920702763083518,0.0001,0.08857781483649008,2.0,59,8.012961961428942,25.7640953621046,1.5123084035033567,27.27640376560796
1.0,0.4164640064827968,0.5273003267484245,0.15003603593481477,-0.07920702763083518,0.0001,0.08857782483649007,2.0,59,8.012961965397206,25.764095379245703,1.5123083855806867,27.276403764826387
0.99999999,0.4164640064827968,0.5273003267484245,0.15003603593481477,-0.07920702763083518,0.0001,0.08857781483649008,2.0,59,8.012961970571304,25.764095391149294,1.512308403503357,27.27640379465265
1.0,0.4164640064827968,0.5273003267484245,0.15003603593481477,-0.07920702763083518,0.00010001,0.08857781483649008,2.0,59,8.01296198556246,25.764095447980885,1.5123083855806867,27.27640383356157
1.0,0.4162496892899446,0.525168551388203,0.13256273712775501,-0.061390788284442305,0.0001,0.09421610602720966,2.0,59,8.016750193091273,25.778475060310694,1.4879583875406062,27.2664334478513
1.0,0.4162496792899446,0.525168561388203,0.13256273712775501,-0.061390788284442305,0.0001,0.09421610602720966,2.0,59,8.016750193091271,25.778475060310694,1.4879583875406064,27.266433447851295
1.0,0.4162496792899446,0.525168551388203,0.132562747127755,-0.061390788284442305,0.0001,0.09421610602720966,2.0,59,8.016750196411808,25.778475071973823,1.487958376515502,27.26643344848932
1.0,0.4162496792899446,0.525168551388203,0.13256273712775501,-0.0613907782844423,0.0001,0.09421610602720966,2.0,59,8.016750196715805,25.778475072801072,1.487958370793873,27.266433443594945
1.0,0.4162496792899446,0.525168551388203,0.13256273712775501,-0.061390788284442305,0.0001,0.09421610602720966,1.99999999,59,8.016750197106324,25.778475073685424,1.48795839146647,27.266433465151895
1.0,0.4162496792899446,0.525168551388203,0.13256273712775501,-0.061390788284442305,0.0001,0.09421610602720966,2.0,59,8.016750197195528,25.778475073914603,1.4879583736546875,27.26643344756929
1.0,0.4162496792899446,0.525168551388203,0.13256273712775501,-0.061390788284442305,0.0001,0.09421611602720965,2.0,59,8.016750201445015,25.778475091491963,1.4879583558429046,27.266433447334865
0.99999999,0.4162496792899446,0.525168551388203,0.13256273712775501,-0.061390788284442305,0.0001,0.09421610602720966,2.0,59,8.016750206287162,25.778475102867745,1.4879583736546877,27.266433476522433
1.0,0.4162496792899446,0.525168551388203,0.13256273712775501,-0.061390788284442305,0.00010001,0.09421610602720966,2.0,59,8.016750221182384,25.77847515948647,1.4879583558429046,27.266433515329368
1.0,0.4154681273221531,0.5244823622809923,0.12709579739632665,-0.05362383942301337,0.0001,0.0945910034227192,2.0,59,8.017569507664106,25.781329797385233,1.481597440781548,27.26292723816678
1.0,0.4154681373221531,0.5244823522809923,0.12709579739632665,-0.05362383942301337,0.0001,0.0945910034227192,2.0,59,8.017569507664106,25.781329797385233,1.481597440781548,27.26292723816678
1.0,0.4154681273221531,0.5244823522809923,0.12709580739632664,-0.05362383942301337,0.0001,0.0945910034227192,2.0,59,8.017569511005313,25.78132980908672,1.4815974295828929,27.26292723866961
1.0,0.4154681273221531,0.5244823522809923,0.12709579739632665,-0.053623829423013365,0.0001,0.0945910034227192,2.0,59,8.017569511308137,25.781329809911718,1.4815974242516639,27.26292723416338
1.0,0.4154681273221531,0.5244823522809923,0.12709579739632665,-0.05362383942301337,0.0001,0.0945910034227192,1.99999999,59,8.017569511699946,25.78132981079976,1.4815974447216886,27.262927255521454
1.0,0.4154681273221531,0.5244823522809923,0.12709579739632665,-0.05362383942301337,0.0001,0.0945910034227192,2.0,59,8.017569511788462,25.78132981102654,1.4815974269172785,27.26292723794382
1.0,0.4154681273221531,0.5244823522809923,0.12709579739632665,-0.05362383942301337,0.0001,0.0945910134227192,2.0,59,8.017569516072927,25.781329828653398,1.4815974091128676,27.26292723776627
0.99999999,0.4154681273221531,0.5244823522809923,0.12709579739632665,-0.05362383942301337,0.0001,0.0945910034227192,2.0,59,8.017569520875018,25.781329839970923,1.4815974269172794,27.262927266888195
1.0,0.4154681273221531,0.5244823522809923,0.12709579739632665,-0.05362383942301337,0.00010001,0.0945910034227192,2.0,59,8.017569535761169,25.781329896568067,1.4815974091128676,27.262927305680932
1.0,0.4109855532938221,0.5199994355165585,0.11911941572466564,-0.019406950142402332,0.0001,0.08989022083781319,2.0,59,8.018255583758068,25.783070662816478,1.467683754898033,27.250754417714507
1.0,0.4109855432938221,0.5199994455165585,0.11911941572466564,-0.019406950142402332,0.0001,0.08989022083781319,2.0,59,8.018255583758068,25.783070662816478,1.4676837548980335,27.250754417714507
1.0,0.4109855432938221,0.5199994355165585,0.11911942572466563,-0.019406950142402332,0.0001,0.08989022083781319,2.0,59,8.018255587105651,25.78307067457836,1.467683743209269,27.250754417787626
1.0,0.4109855432938221,0.5199994355165585,0.11911941572466564,-0.01940694014240233,0.0001,0.08989022083781319,2.0,59,8.018255587409758,25.783070675405835,1.467683739122741,27.25075441452857
1.0,0.4109855432938221,0.5199994355165585,0.11911941572466564,-0.019406950142402332,0.0001,0.08989022083781319,1.99999999,59,8.018255587788119,25.7830706762636,1.4676837590628642,27.250754435326463
1.0,0.4109855432938221,0.5199994355165585,0.11911941572466564,-0.019406950142402332,0.0001,0.08989022083781319,2.0,59,8.018255587889662,25.783070676519493,1.467683741166005,27.2507544176855
1.0,0.4109855432938221,0.5199994355165585,0.11911941572466564,-0.019406950142402332,0.0001,0.08989023083781318,2.0,59,8.018255592102003,25.783070694002006,1.4676837232691462,27.250754417271146
0.99999999,0.4109855432938221,0.5199994355165585,0.11911941572466564,-0.019406950142402332,0.0001,0.08989022083781319,2.0,59,8.018255596992292,25.783070705495838,1.4676837411660055,27.25075444666184
1.0,0.4109855432938221,0.5199994355165585,0.11911941572466564,-0.019406950142402332,0.00010001,0.08989022083781319,2.0,59,8.018255611912238,25.783070762163792,1.4676837232691462,27.25075448543293
1.0,0.4133032499045799,0.5223174198199634,0.12293299736437796,-0.045022723065110036,0.0001,0.09290789148410859,2.0,59,8.018550986019576,25.784130658829486,1.4753255385383506,27.259456197367832
1.0,0.4133032399045799,0.5223174298199634,0.12293299736437796,-0.045022723065110036,0.0001,0.09290789148410859,2.0,59,8.018550986019576,25.784130658829486,1.4753255385383506,27.259456197367832
1.0,0.4133032399045799,0.5223174198199634,0.12293300736437796,-0.045022723065110036,0.0001,0.09290789148410859,2.0,59,8.018550989379047,25.784130670585675,1.475325527215293,27.25945619780096
1.0,0.4133032399045799,0.5223174198199634,0.12293299736437796,-0.045022713065110034,0.0001,0.09290789148410859,2.0,59,8.018550989681254,25.784130671409315,1.4753255222605992,27.25945619366992
1.0,0.4133032399045799,0.5223174198199634,0.12293299736437796,-0.045022723065110036,0.0001,0.09290789148410859,1.99999999,59,8.0185509900724,25.78413067229634,1.4753255425754572,27.259456214871797
1.0,0.4133032399045799,0.5223174198199634,0.12293299736437796,-0.045022723065110036,0.0001,0.09290789148410859,2.0,59,8.018550990162051,25.78413067252513,1.475325524737946,27.259456197263077
1.0,0.4133032399045799,0.5223174198199634,0.12293299736437796,-0.045022723065110036,0.0001,0.09290790148410859,2.0,59,8.018550994443327,25.784130690136124,1.4753255069004347,27.259456197036556
0.99999999,0.4133032399045799,0.5223174198199634,0.12293299736437796,-0.045022723065110036,0.0001,0.09290789148410859,2.0,59,8.018550999248411,25.784130701468094,1.4753255247379462,27.259456226206044
1.0,0.4133032399045799,0.5223174198199634,0.12293299736437796,-0.045022723065110036,0.00010001,0.09290789148410859,2.0,59,8.01855101413508,25.784130758060556,1.4753255069004347,27.259456264960995
1.0,0.41150948369255186,0.5205234675604833,0.11908595041637757,-0.003925970834315952,0.0001,0.0964910222910674,2.0,59,8.019942039240785,25.791580400862426,1.454360617294379,27.245941018156806
1.0,0.41150946879139066,0.5205234824616445,0.11908595041637757,-0.003925970834315952,0.0001,0.0964910222910674,2.0,59,8.019942039240785,25.791580400862426,1.454360617294379,27.245941018156806
1.0,0.41150946879139066,0.5205234675604833,0.11908596531753876,-0.003925970834315952,0.0001,0.0964910222910674,2.0,59,8.019942044390271,25.79158041861364,1.454360599512734,27.24594101812638
1.0,0.41150946879139066,0.5205234675604833,0.11908595041637757,-0.003925970834315952,0.0001,0.0964910222910674,1.9999999701976776,59,8.019942045223372,25.791580420671085,1.4543606497589443,27.245941070430028
1.0,0.41150946879139066,0.5205234675604833,0.11908595041637757,-0.003925970834315952,0.0001,0.0964910222910674,2.0,59,8.019942045551414,25.791580421494356,1.4543605968090285,27.245941018303384
1.0,0.41150946879139066,0.5205234675604833,0.11908595041637757,-0.003925985735477146,0.0001,0.0964910222910674,2.0,59,8.019942046271815,25.791580423165527,1.454360599512734,27.245941022678267
1.0,0.41150946879139066,0.5205234675604833,0.11908595041637757,-0.003925970834315952,0.0001,0.0964910371922286,2.0,59,8.019942052220435,25.791580448159255,1.4543605703340714,27.24594101849333
0.9999999850988388,0.41150946879139066,0.5205234675604833,0.11908595041637757,-0.003925970834315952,0.0001,0.0964910222910674,2.0,59,8.019942059036488,25.79158046453349,1.4543605968090294,27.245941061342524
1.0,0.41150946879139066,0.5205234675604833,0.11908595041637757,-0.003925970834315952,0.00010001490116119385,0.0964910222910674,2.0,59,8.019942081120623,25.79158054866452,1.4543605703340714,27.245941118998598
1.0,0.41169563291180156,0.5207097593820565,0.12112990627049516,-0.028957805577598864,0.0001,0.09557643214097328,2.0,59,8.020427397294563,25.791842272048694,1.4619518727050393,27.253794144753734
1.0,0.41169564291180155,0.5207097493820565,0.12112990627049516,-0.028957805577598864,0.0001,0.09557643214097328,2.0,59,8.020427397294563,25.791842272048694,1.461951872705039,27.253794144753734
1.0,0.41169563291180156,0.5207097493820565,0.12112991627049516,-0.028957805577598864,0.0001,0.09557643214097328,2.0,59,8.020427400740553,25.79184228395274,1.4619518611658537,27.253794145118597
1.0,0.41169563291180156,0.5207097493820565,0.12112990627049516,-0.028957795577598863,0.0001,0.09557643214097328,2.0,59,8.020427401036732,25.791842284764794,1.461951856738266,27.253794141503057
1.0,0.41169563291180156,0.5207097493820565,0.12112990627049516,-0.028957805577598864,0.0001,0.09557643214097328,1.99999999,59,8.020427401423312,25.791842285640733,1.4619518767370896,27.253794162377822
1.0,0.41169563291180156,0.5207097493820565,0.12112990627049516,-0.028957805577598864,0.0001,0.09557643214097328,2.0,59,8.020427401520275,25.791842285886638,1.4619518589520597,27.253794144838704
1.0,0.41169563291180156,0.5207097493820565,0.12112990627049516,-0.028957805577598864,0.0001,0.09557644214097327,2.0,59,8.020427405967864,25.791842303749032,1.4619518411670298,27.253794144916057
0.99999999,0.41169563291180156,0.5207097493820565,0.12112990627049516,-0.028957805577598864,0.0001,0.09557643214097328,2.0,59,8.020427410571225,25.791842314765837,1.46195185895206,27.2537941737179
1.0,0.41169563291180156,0.5207097493820565,0.12112990627049516,-0.028957805577598864,0.00010001,0.09557643214097328,2.0,59,8.020427425392016,25.791842371214976,1.4619518411670298,27.253794212382
1.0,0.40921309409506984,0.518325195411903,0.11961751193467313,-0.004264450120217934,0.0001,0.099756865384009,2.0,59,8.023344813497483,25.80368579351882,1.4425629574466305,27.24624875096545
1.0,0.40921308409506985,0.5183252054119031,0.11961751193467313,-0.004264450120217934,0.0001,0.099756865384009,2.0,59,8.023344813497483,25.80368579351882,1.442562957446631,27.24624875096545
1.0,0.40921308409506985,0.518325195411903,0.11961752193467312,-0.004264450120217934,0.0001,0.099756865384009,2.0,59,8.023344817073923,25.803685805644587,1.4425629455927,27.246248751237285
1.0,0.40921308409506985,0.518325195411903,0.11961751193467313,-0.004264440120217934,0.0001,0.099756865384009,2.0,59,8.023344817360837,25.8036858064388,1.4425629419381822,27.24624874837698
1.0,0.40921308409506985,0.518325195411903,0.11961751193467313,-0.004264450120217934,0.0001,0.099756865384009,1.99999999,59,8.023344817738911,25.803685807294123,1.442562961468256,27.246248768762374
1.0,0.40921308409506985,0.518325195411903,0.11961751193467313,-0.004264450120217934,0.0001,0.099756865384009,2.0,59,8.023344817848582,25.803685807569902,1.442562943765441,27.246248751335344
1.0,0.40921308409506985,0.518325195411903,0.11961751193467313,-0.004264450120217934,0.0001,0.099756875384009,2.0,59,8.023344822545047,25.803685825805836,1.4425629260626267,27.246248751868457
0.99999999,0.40921308409506985,0.518325195411903,0.11961751193467313,-0.004264450120217934,0.0001,0.099756865384009,2.0,59,8.023344826845253,25.80368583635089,1.4425629437654417,27.246248780116336
1.0,0.40921308409506985,0.518325195411903,0.11961751193467313,-0.004264450120217934,0.00010001,0.099756865384009,2.0,59,8.023344841565674,25.803685892580113,1.4425629260626267,27.246248818642734
1.0,0.4091702982553477,0.5181843119256015,0.1180503350609324,-0.0005359460902553305,0.0001,0.0998603152628181,2.0,59,8.023412897624715,25.80401257390345,1.4411815868705253,27.245194160773977
1.0,0.40917031315650887,0.5181842970244404,0.1180503350609324,-0.0005359460902553305,0.0001,0.0998603152628181,2.0,59,8.023412897624715,25.80401257390345,1.4411815868705253,27.245194160773977
1.0,0.4091702982553477,0.5181842970244404,0.1180503499620936,-0.0005359460902553305,0.0001,0.0998603152628181,2.0,59,8.023412902956746,25.80401259197605,1.4411815690944345,27.245194161070483
1.0,0.4091702982553477,0.5181842970244404,0.1180503350609324,-0.0005359460902553305,0.0001,0.0998603152628181,1.9999999701976776,59,8.023412903781805,25.804012594018257,1.4411816192404385,27.2451942132587
1.0,0.4091702982553477,0.5181842970244404,0.1180503350609324,-0.0005359460902553305,0.0001,0.0998603152628181,2.0,59,8.023412904111021,25.804012594844924,1.4411815664880014,27.245194161332922
1.0,0.4091702982553477,0.5181842970244404,0.1180503350609324,-0.0005359609914165243,0.0001,0.0998603152628181,2.0,59,8.023412904837826,25.80401259653038,1.4411815690944345,27.245194165624813
1.0,0.4091702982553477,0.5181842970244404,0.1180503350609324,-0.0005359460902553305,0.0001,0.0998603301639793,2.0,59,8.023412911114947,25.80401262202427,1.441181540111783,27.24519416213605
0.9999999850988388,0.4091702982553477,0.5181842970244404,0.1180503350609324,-0.0005359460902553305,0.0001,0.0998603152628181,2.0,59,8.023412917517586,25.804012637733912,1.4411815664880019,27.245194204221914
1.0,0.4091702982553477,0.5181842970244404,0.1180503350609324,-0.0005359460902553305,0.00010001490116119385,0.0998603152628181,2.0,59,8.023412939454094,25.80401272152591,1.441181540111783,27.245194261637696
1.0,0.4092044262805926,0.5182132532313809,0.11868238666652474,-0.003328869984007591,0.0001,0.10005805638240853,2.0,59,8.023565769295264,25.804479051762318,1.441525610296445,27.24600466205876
1.0,0.4092044162805926,0.518213263231381,0.11868238666652474,-0.003328869984007591,0.0001,0.10005805638240853,2.0,59,8.023565769295264,25.804479051762318,1.441525610296445,27.24600466205876
1.0,0.4092044162805926,0.5182132532313809,0.11868239666652473,-0.003328869984007591,0.0001,0.10005805638240853,2.0,59,8.023565772877946,25.804479063897816,1.4415255984167006,27.246004662314512
1.0,0.4092044162805926,0.5182132532313809,0.11868238666652474,-0.003328859984007591,0.0001,0.10005805638240853,2.0,59,8.02356577316441,25.804479064691158,1.4415255948173689,27.24600465950852
1.0,0.4092044162805926,0.5182132532313809,0.11868238666652474,-0.003328869984007591,0.0001,0.10005805638240853,1.99999999,59,8.023565773543043,25.80447906554789,1.441525614313926,27.246004679861812
1.0,0.4092044162805926,0.5182132532313809,0.11868238666652474,-0.003328869984007591,0.0001,0.10005805638240853,2.0,59,8.02356577365237,25.80447906582273,1.4415255966170344,27.246004662439766
1.0,0.4092044162805926,0.5182132532313809,0.11868238666652474,-0.003328869984007591,0.0001,0.10005806638240852,2.0,59,8.023565778362174,25.804479084078917,1.4415255789201427,27.246004662999056
0.99999999,0.4092044162805926,0.5182132532313809,0.11868238666652474,-0.003328869984007591,0.0001,0.10005805638240853,2.0,59,8.02356578264657,25.804479094599174,1.4415255966170348,27.246004691216207
1.0,0.4092044162805926,0.5182132532313809,0.11868238666652474,-0.003328869984007591,0.00010001,0.10005805638240853,2.0,59,8.023565797362412,25.80447915081783,1.4415255789201427,27.246004729737976
1.0,0.40915715205584396,0.518171176104763,0.11837888452697244,-0.0028683185420938875,0.0001,0.10008261398498751,2.0,59,8.023617304159748,25.804655833838787,1.44122285647879,27.245878690317582
1.0,0.40915716205584396,0.518171166104763,0.11837888452697244,-0.0028683185420938875,0.0001,0.10008261398498751,2.0,59,8.023617304159748,25.804655833838787,1.4412228564787897,27.245878690317582
1.0,0.40915715205584396,0.518171166104763,0.11837889452697244,-0.0028683185420938875,0.0001,0.10008261398498751,2.0,59,8.02361730774369,25.8046558459766,1.441222844589093,27.245878690565696
1.0,0.40915715205584396,0.518171166104763,0.11837888452697244,-0.0028683085420938875,0.0001,0.10008261398498751,2.0,59,8.023617308030078,25.8046558467698,1.4412228410123014,27.245878687782103
1.0,0.40915715205584396,0.518171166104763,0.11837888452697244,-0.0028683185420938875,0.0001,0.10008261398498751,1.99999999,59,8.023617308408758,25.804655847626684,1.4412228604971058,27.245878708123794
1.0,0.40915715205584396,0.518171166104763,0.11837888452697244,-0.0028683185420938875,0.0001,0.10008261398498751,2.0,59,8.023617308518077,25.804655847901458,1.441222842800697,27.24587869070216
1.0,0.40915715205584396,0.518171166104763,0.11837888452697244,-0.0028683185420938875,0.0001,0.1000826239849875,2.0,59,8.023617313229922,25.804655866160473,1.4412228251042891,27.24587869126476
0.99999999,0.40915715205584396,0.518171166104763,0.11837888452697244,-0.0028683185420938875,0.0001,0.10008261398498751,2.0,59,8.023617317511953,25.804655876677327,1.4412228428006977,27.245878719478025
1.0,0.40915715205584396,0.518171166104763,0.11837888452697244,-0.0028683185420938875,0.00010001,0.10008261398498751,2.0,59,8.02361733222723,25.804655932894608,1.4412228251042891,27.24587875799889
1.0,0.40885485606232547,0.5178688399302569,0.11791067349898698,-7.877234490699669e-05,0.0001,0.10031469315187919,2.0,59,8.02389076662414,25.80570504974276,1.439410671783378,27.24511572152614
1.0,0.4088548411611643,0.5178688548314181,0.11791067349898698,-7.877234490699669e-05,0.0001,0.10031469315187919,2.0,59,8.02389076662414,25.80570504974276,1.439410671783378,27.24511572152614
1.0,0.4088548411611643,0.5178688399302569,0.11791068840014818,-7.877234490699669e-05,0.0001,0.10031469315187919,2.0,59,8.023890771980419,25.805705067858003,1.439410654008036,27.24511572186604
1.0,0.4088548411611643,0.5178688399302569,0.11791067349898698,-7.877234490699669e-05,0.0001,0.10031469315187919,1.9999999701976776,59,8.023890772804386,25.805705069898146,1.4394107041405266,27.24511577403867
1.0,0.4088548411611643,0.5178688399302569,0.11791067349898698,-7.877234490699669e-05,0.0001,0.10031469315187919,2.0,59,8.023890773133775,25.805705070725296,1.4394106514147205,27.24511572214001
1.0,0.4088548411611643,0.5178688399302569,0.11791067349898698,-7.878724606819054e-05,0.0001,0.10031469315187919,2.0,59,8.023890773861439,25.80570507241267,1.439410654008036,27.245115726420707
1.0,0.4088548411611643,0.5178688399302569,0.11791067349898698,-7.877234490699669e-05,0.0001,0.10031470805304038,2.0,59,8.02389078018184,25.805705097972144,1.4394106250518188,27.245115723023964
0.9999999850988388,0.4088548411611643,0.5178688399302569,0.11791067349898698,-7.877234490699669e-05,0.0001,0.10031469315187919,2.0,59,8.023890786529895,25.80570511359423,1.4394106514147214,27.24511576500895
1.0,0.4088548411611643,0.5178688399302569,0.11791067349898698,-7.877234490699669e-05,0.00010001490116119385,0.10031469315187919,2.0,59,8.023890808446833,25.805705197340966,1.4394106250518188,27.24511582239279
1.0,0.408827055879425,0.5178473605240006,0.1179980334601221,-0.00027451651577177315,0.0001,0.10035203665949695,2.0,59,8.023932763768588,25.805848095123583,1.439326575238855,27.24517467036244
1.0,0.40882704587942503,0.5178473705240006,0.1179980334601221,-0.00027451651577177315,0.0001,0.10035203665949695,2.0,59,8.023932763768588,25.805848095123583,1.4393265752388553,27.245174670362438
1.0,0.40882704587942503,0.5178473605240006,0.11799804346012209,-0.00027451651577177315,0.0001,0.10035203665949695,2.0,59,8.023932767364583,25.80584810728312,1.4393265633149277,27.245174670598054
1.0,0.40882704587942503,0.5178473605240006,0.1179980334601221,-0.00027450651577177315,0.0001,0.10035203665949695,2.0,59,8.023932767650146,25.805848108074727,1.4393265598258875,27.245174667900617
1.0,0.40882704587942503,0.5178473605240006,0.1179980334601221,-0.00027451651577177315,0.0001,0.10035203665949695,1.99999999,59,8.02393276802805,25.80584810892977,1.4393265792615169,27.245174688191288
1.0,0.40882704587942503,0.5178473605240006,0.1179980334601221,-0.00027451651577177315,0.0001,0.10035203665949695,2.0,59,8.023932768138529,25.805848109207233,1.4393265615704074,27.24517467077764
1.0,0.40882704587942503,0.5178473605240006,0.1179980334601221,-0.00027451651577177315,0.0001,0.10035204665949694,2.0,59,8.023932772871023,25.80584812749641,1.4393265438792973,27.245174671375704
0.99999999,0.40882704587942503,0.5178473605240006,0.1179980334601221,-0.00027451651577177315,0.0001,0.10035203665949695,2.0,59,8.023932777127813,25.805848137974692,1.4393265615704078,27.245174699545096
1.0,0.40882704587942503,0.5178473605240006,0.1179980334601221,-0.00027451651577177315,0.00010001,0.10035203665949695,2.0,59,8.023932791834692,25.805848194173073,1.4393265438792973,27.245174738052363
1.0,0.40882456714514875,0.5178382447269294,0.1179340004219145,-0.0001983480917039097,0.0001,0.10037303656246511,2.0,59,8.02394901012584,25.80590654190385,1.43924911908924,27.24515566099309
1.0,0.40882455714514876,0.5178382547269295,0.1179340004219145,-0.0001983480917039097,0.0001,0.10037303656246511,2.0,59,8.02394901012584,25.80590654190385,1.4392491190892402,27.24515566099309
1.0,0.40882455714514876,0.5178382447269294,0.1179340104219145,-0.0001983480917039097,0.0001,0.10037303656246511,2.0,59,8.023949013722302,25.805906554064133,1.4392491071634157,27.245155661227546
1.0,0.40882455714514876,0.5178382447269294,0.1179340004219145,-0.0001983380917039097,0.0001,0.10037303656246511,2.0,59,8.023949014007835,25.805906554855678,1.4392491036785116,27.24515565853418
1.0,0.40882455714514876,0.5178382447269294,0.1179340004219145,-0.0001983480917039097,0.0001,0.10037303656246511,1.99999999,59,8.023949014385769,25.8059065557108,1.4392491231116606,27.245155678822464
1.0,0.40882455714514876,0.5178382447269294,0.1179340004219145,-0.0001983480917039097,0.0001,0.10037303656246511,2.0,59,8.023949014496232,25.80590655598821,1.4392491054209635,27.245155661409175
1.0,0.40882455714514876,0.5178382447269294,0.1179340004219145,-0.0001983480917039097,0.0001,0.10037304656246511,2.0,59,8.023949019229699,25.80590657427885,1.4392490877302673,27.245155662009125
0.99999999,0.40882455714514876,0.5178382447269294,0.1179340004219145,-0.0001983480917039097,0.0001,0.10037303656246511,2.0,59,8.023949023485331,25.805906584755334,1.4392491054209642,27.245155690176297
1.0,0.40882455714514876,0.5178382447269294,0.1179340004219145,-0.0001983480917039097,0.00010001,0.10037303656246511,2.0,59,8.023949038191871,25.80590664095293,1.4392490877302673,27.245155728683194
1.0,0.40880857417053584,0.5178225580384672,0.11789018322815044,-1.1698672444364376e-05,0.0001,0.10038135663379441,2.0,59,8.02396106973513,25.80595367203462,1.4391509819399535,27.245104653974575
1.0,0.40880855926937465,0.5178225729396284,0.11789018322815044,-1.1698672444364376e-05,0.0001,0.10038135663379441,2.0,59,8.023961069735128,25.80595367203462,1.4391509819399535,27.245104653974575
1.0,0.40880855926937465,0.5178225580384672,0.11789019812931163,-1.1698672444364376e-05,0.0001,0.10038135663379441,2.0,59,8.023961075094958,25.80595369015611,1.439150964164722,27.24510465432083
1.0,0.40880855926937465,0.5178225580384672,0.11789018322815044,-1.1698672444364376e-05,0.0001,0.10038135663379441,1.9999999701976776,59,8.023961075918763,25.805953692195942,1.4391510142952295,27.245104706491173
1.0,0.40880855926937465,0.5178225580384672,0.11789018322815044,-1.1698672444364376e-05,0.0001,0.10038135663379441,2.0,59,8.02396107624818,25.805953693023167,1.4391509615733311,27.245104654596496
1.0,0.40880855926937465,0.5178225580384672,0.11789018322815044,-1.1713573605558223e-05,0.0001,0.10038135663379441,2.0,59,8.023961076975969,25.80595369471082,1.439150964164722,27.24510465887554
1.0,0.40880855926937465,0.5178225580384672,0.11789018322815044,-1.1698672444364376e-05,0.0001,0.1003813715349556,2.0,59,8.023961083302698,25.80595372027988,1.4391509352123824,27.245104655492263
0.9999999850988388,0.40880855926937465,0.5178225580384672,0.11789018322815044,-1.1698672444364376e-05,0.0001,0.10038135663379441,2.0,59,8.023961089642768,25.805953735889158,1.4391509615733318,27.24510469746249
1.0,0.40880855926937465,0.5178225580384672,0.11789018322815044,-1.1698672444364376e-05,0.00010001490116119385,0.10038135663379441,2.0,59,8.023961111556845,25.80595381962927,1.4391509352123824,27.245104754841655
1.0,0.40881065766634,0.5178246701355743,0.11790029583416763,-8.166473987154344e-05,0.0001,0.10038412241575652,2.0,59,8.023963179896318,25.805958799991178,1.439165754434081,27.245124554425256
1.0,0.40881066766634,0.5178246601355743,0.11790029583416763,-8.166473987154344e-05,0.0001,0.10038412241575652,2.0,59,8.023963179896318,25.805958799991185,1.439165754434081,27.245124554425256
1.0,0.40881065766634,0.5178246601355743,0.11790030583416762,-8.166473987154344e-05,0.0001,0.10038412241575652,2.0,59,8.02396318349327,25.80595881215235,1.439165742506444,27.24512455465879
1.0,0.40881065766634,0.5178246601355743,0.11790029583416763,-8.165473987154344e-05,0.0001,0.10038412241575652,2.0,59,8.02396318377877,25.80595881294382,1.4391657390259762,27.2451245519698
1.0,0.40881065766634,0.5178246601355743,0.11790029583416763,-8.166473987154344e-05,0.0001,0.10038412241575652,1.99999999,59,8.023963184156683,25.805958813798906,1.4391657584566888,27.24512457225559
1.0,0.40881065766634,0.5178246601355743,0.11790029583416763,-8.166473987154344e-05,0.0001,0.10038412241575652,2.0,59,8.023963184267185,25.805958814076398,1.4391657407662102,27.245124554842608
1.0,0.40881065766634,0.5178246601355743,0.11790029583416763,-8.166473987154344e-05,0.0001,0.10038413241575651,2.0,59,8.023963189001487,25.80595883236826,1.4391657230757313,27.245124555443986
0.99999999,0.40881065766634,0.5178246601355743,0.11790029583416763,-8.166473987154344e-05,0.0001,0.10038412241575652,2.0,59,8.023963193256108,25.805958842843204,1.4391657407662102,27.245124583609407
1.0,0.40881065766634,0.5178246601355743,0.11790029583416763,-8.166473987154344e-05,0.00010001,0.10038412241575652,2.0,59,8.023963207962325,25.80595889904006,1.4391657230757313,27.24512462211579
1.0,0.40880501165240973,0.5178190039326226,0.11789248357401172,-3.617669388402249e-05,0.0001,0.10038904409973229,2.0,59,8.023968837478842,25.805980087734454,1.4391323130605258,27.24511240079498
1.0,0.40880500165240974,0.5178190139326226,0.11789248357401172,-3.617669388402249e-05,0.0001,0.10038904409973229,2.0,59,8.023968837478842,25.805980087734454,1.439132313060526,27.24511240079498
1.0,0.40880500165240974,0.5178190039326226,0.11789249357401171,-3.617669388402249e-05,0.0001,0.10038904409973229,2.0,59,8.023968841076005,25.805980099896004,1.4391323011322692,27.245112401028276
1.0,0.40880500165240974,0.5178190039326226,0.11789248357401172,-3.616669388402249e-05,0.0001,0.10038904409973229,2.0,59,8.023968841361489,25.80598010068745,1.439132297653374,27.245112398340822
1.0,0.40880500165240974,0.5178190039326226,0.11789248357401172,-3.617669388402249e-05,0.0001,0.10038904409973229,1.99999999,59,8.023968841739391,25.8059801015425,1.439132317083204,27.245112418625705
1.0,0.40880500165240974,0.5178190039326226,0.11789248357401172,-3.617669388402249e-05,0.0001,0.10038904409973229,2.0,59,8.02396884184991,25.805980101820033,1.4391322993928217,27.245112401212857
1.0,0.40880500165240974,0.5178190039326226,0.11789248357401172,-3.617669388402249e-05,0.0001,0.10038905409973228,2.0,59,8.023968846584578,25.80598012011243,1.43913228170244,27.245112401814872
0.99999999,0.40880500165240974,0.5178190039326226,0.11789248357401172,-3.617669388402249e-05,0.0001,0.10038904409973229,2.0,59,8.023968850838752,25.805980130586693,1.439132299392822,27.245112429979514
1.0,0.40880500165240974,0.5178190039326226,0.11789248357401172,-3.617669388402249e-05,0.00010001,0.10038904409973229,2.0,59,8.023968865544823,25.80598018678322,1.43913228170244,27.24511246848566
1.0,0.40880221155053725,0.5178166084206388,0.11789380840100137,-1.773566172156727e-05,0.0001,0.10039034020125404,2.0,59,8.023970718980285,25.805987433477107,1.4391199419592404,27.245107375436348
1.0,0.40880220155053726,0.5178166184206389,0.11789380840100137,-1.773566172156727e-05,0.0001,0.10039034020125404,2.0,59,8.023970718980285,25.805987433477107,1.4391199419592409,27.245107375436348
1.0,0.40880220155053726,0.5178166084206388,0.11789381840100137,-1.773566172156727e-05,0.0001,0.10039034020125404,2.0,59,8.023970722577536,25.80598744563881,1.4391199300308086,27.24510737566962
1.0,0.40880220155053726,0.5178166084206388,0.11789380840100137,-1.7725661721567268e-05,0.0001,0.10039034020125404,2.0,59,8.023970722863012,25.805987446430244,1.4391199265524177,27.245107372982662
1.0,0.40880220155053726,0.5178166084206388,0.11789380840100137,-1.773566172156727e-05,0.0001,0.10039034020125404,1.99999999,59,8.023970723240904,25.805987447285275,1.4391199459819697,27.24510739326724
1.0,0.40880220155053726,0.5178166084206388,0.11789380840100137,-1.773566172156727e-05,0.0001,0.10039034020125404,2.0,59,8.023970723351436,25.805987447562842,1.4391199282916132,27.245107375854452
1.0,0.40880220155053726,0.5178166084206388,0.11789380840100137,-1.773566172156727e-05,0.0001,0.10039035020125403,2.0,59,8.023970728086239,25.805987465855427,1.4391199106012562,27.245107376456684
0.99999999,0.40880220155053726,0.5178166084206388,0.11789380840100137,-1.773566172156727e-05,0.0001,0.10039034020125404,2.0,59,8.023970732340247,25.805987476329435,1.4391199282916134,27.24510740462105
1.0,0.40880220155053726,0.5178166084206388,0.11789380840100137,-1.773566172156727e-05,0.00010001,0.10039034020125404,2.0,59,8.023970747046256,25.805987532525833,1.4391199106012562,27.24510744312709
1.0,0.40880247307134415,0.5178164652667188,0.1178889772078755,-1.5760355862766418e-05,0.0001,0.10039125309247977,2.0,59,8.023971376885639,25.80598964247872,1.4391173050534671,27.24510694753219
1.0,0.40880246307134416,0.5178164752667188,0.1178889772078755,-1.5760355862766418e-05,0.0001,0.10039125309247977,2.0,59,8.023971376885639,25.805989642478725,1.4391173050534671,27.24510694753219
1.0,0.40880246307134416,0.5178164652667188,0.1178889872078755,-1.5760355862766418e-05,0.0001,0.10039125309247977,2.0,59,8.0239713804829,25.80598965464044,1.4391172931249328,27.24510694776538
1.0,0.40880246307134416,0.5178164652667188,0.1178889772078755,-1.5750355862766416e-05,0.0001,0.10039125309247977,2.0,59,8.023971380768378,25.805989655431876,1.4391172896467432,27.24510694507862
1.0,0.40880246307134416,0.5178164652667188,0.1178889772078755,-1.5760355862766418e-05,0.0001,0.10039125309247977,1.99999999,59,8.023971381146271,25.80598965628691,1.439117309076177,27.245106965363096
1.0,0.40880246307134416,0.5178164652667188,0.1178889772078755,-1.5760355862766418e-05,0.0001,0.10039125309247977,2.0,59,8.023971381256803,25.805989656564478,1.4391172913858379,27.24510694795031
1.0,0.40880246307134416,0.5178164652667188,0.1178889772078755,-1.5760355862766418e-05,0.0001,0.10039126309247977,2.0,59,8.023971385991636,25.80598967485711,1.4391172736954994,27.245106948552603
0.99999999,0.40880246307134416,0.5178164652667188,0.1178889772078755,-1.5760355862766418e-05,0.0001,0.10039125309247977,2.0,59,8.023971390245608,25.80598968533106,1.439117291385838,27.245106976716897
1.0,0.40880246307134416,0.5178164652667188,0.1178889772078755,-1.5760355862766418e-05,0.00010001,0.10039125309247977,2.0,59,8.023971404951611,25.805989741527437,1.4391172736954994,27.24510701522294
1.0,0.40880168683396895,0.5178157005042228,0.11788714061132291,-1.7388487725776723e-06,0.0001,0.10039125554794129,2.0,59,8.02397151330754,25.805990596970247,1.4391124231730945,27.245103020143343
1.0,0.40880170173513014,0.5178156856030616,0.11788714061132291,-1.7388487725776723e-06,0.0001,0.10039125554794129,2.0,59,8.02397151330754,25.805990596970247,1.4391124231730945,27.245103020143343
1.0,0.40880168683396895,0.5178156856030616,0.1178871555124841,-1.7388487725776723e-06,0.0001,0.10039125554794129,2.0,59,8.0239715186679,25.805990615092657,1.4391124053978788,27.245103020490532
1.0,0.40880168683396895,0.5178156856030616,0.11788714061132291,-1.7388487725776723e-06,0.0001,0.10039125554794129,1.9999999701976776,59,8.02397151949168,25.805990617132444,1.4391124555280919,27.24510307266054
1.0,0.40880168683396895,0.5178156856030616,0.11788714061132291,-1.7388487725776723e-06,0.0001,0.10039125554794129,2.0,59,8.0239715198211,25.80599061795968,1.4391124028067739,27.24510302076646
1.0,0.40880168683396895,0.5178156856030616,0.11788714061132291,-1.75374993377152e-06,0.0001,0.10039125554794129,2.0,59,8.023971520548907,25.80599061964738,1.4391124053978788,27.245103025045257
1.0,0.40880168683396895,0.5178156856030616,0.11788714061132291,-1.7388487725776723e-06,0.0001,0.10039127044910248,2.0,59,8.023971526876574,25.805990645217854,1.4391123764461151,27.245103021663972
0.9999999850988388,0.40880168683396895,0.5178156856030616,0.11788714061132291,-1.7388487725776723e-06,0.0001,0.10039125554794129,2.0,59,8.023971533215459,25.805990660825234,1.4391124028067743,27.24510306363201
1.0,0.40880168683396895,0.5178156856030616,0.11788714061132291,-1.7388487725776723e-06,0.00010001490116119385,0.10039125554794129,2.0,59,8.02397155512911,25.805990744564365,1.4391123764461151,27.245103121010484
1.0,0.40880149775405333,0.5178154699216237,0.11788854984996185,-8.22699909935144e-06,0.0001,0.10039216576137867,2.0,59,8.023972335560357,25.805993316827426,1.4391116126895767,27.245104929517005
1.0,0.40880148775405334,0.5178154799216238,0.11788854984996185,-8.22699909935144e-06,0.0001,0.10039216576137867,2.0,59,8.023972335560357,25.805993316827426,1.4391116126895767,27.245104929517005
1.0,0.40880148775405334,0.5178154699216237,0.11788855984996184,-8.22699909935144e-06,0.0001,0.10039216576137867,2.0,59,8.023972339157654,25.805993328989217,1.4391116007609543,27.24510492975017
1.0,0.40880148775405334,0.5178154699216237,0.11788854984996185,-8.21699909935144e-06,0.0001,0.10039216576137867,2.0,59,8.023972339443128,25.805993329780648,1.439111597282999,27.245104927063636
1.0,0.40880148775405334,0.5178154699216237,0.11788854984996185,-8.22699909935144e-06,0.0001,0.10039216576137867,1.99999999,59,8.023972339821022,25.805993330635673,1.4391116167122977,27.245104947347972
1.0,0.40880148775405334,0.5178154699216237,0.11788854984996185,-8.22699909935144e-06,0.0001,0.10039216576137867,2.0,59,8.023972339931554,25.805993330913243,1.4391115990219767,27.245104929935216
1.0,0.40880148775405334,0.5178154699216237,0.11788854984996185,-8.22699909935144e-06,0.0001,0.10039217576137867,2.0,59,8.023972344666454,25.805993349205973,1.4391115813316564,27.24510493053763
0.99999999,0.40880148775405334,0.5178154699216237,0.11788854984996185,-8.22699909935144e-06,0.0001,0.10039216576137867,2.0,59,8.023972348920346,25.805993359679803,1.439111599021977,27.245104958701777
1.0,0.40880148775405334,0.5178154699216237,0.11788854984996185,-8.22699909935144e-06,0.00010001,0.10039216576137867,2.0,59,8.02397236362632,25.805993415876117,1.4391115813316564,27.245104997207775
1.0,0.40880135735351214,0.5178153495116,0.11788743614413842,-6.787283186814562e-06,0.0001,0.10039222395475896,2.0,59,8.023972492990236,25.805993841870215,1.4391107092487443,27.245104551118963
1.0,0.40880134735351215,0.5178153595116001,0.11788743614413842,-6.787283186814562e-06,0.0001,0.10039222395475896,2.0,59,8.023972492990236,25.805993841870215,1.4391107092487445,27.245104551118963
1.0,0.40880134735351215,0.5178153495116,0.11788744614413842,-6.787283186814562e-06,0.0001,0.10039222395475896,2.0,59,8.023972496587541,25.805993854032014,1.4391106973200882,27.2451045513521
1.0,0.40880134735351215,0.5178153495116,0.11788743614413842,-6.777283186814562e-06,0.0001,0.10039222395475896,2.0,59,8.023972496873014,25.80599385482344,1.4391106938422085,27.245104548665648
1.0,0.40880134735351215,0.5178153495116,0.11788743614413842,-6.787283186814562e-06,0.0001,0.10039222395475896,1.99999999,59,8.02397249725091,25.80599385567847,1.4391107132714673,27.245104568949937
1.0,0.40880134735351215,0.5178153495116,0.11788743614413842,-6.787283186814562e-06,0.0001,0.10039222395475896,2.0,59,8.02397249736144,25.805993855956036,1.4391106955811481,27.24510455153718
1.0,0.40880134735351215,0.5178153495116,0.11788743614413842,-6.787283186814562e-06,0.0001,0.10039223395475895,2.0,59,8.023972502096345,25.805993874248777,1.4391106778908274,27.245104552139605
0.99999999,0.40880134735351215,0.5178153495116,0.11788743614413842,-6.787283186814562e-06,0.0001,0.10039222395475896,2.0,59,8.02397250635023,25.805993884722596,1.4391106955811486,27.245104580303746
1.0,0.40880134735351215,0.5178153495116,0.11788743614413842,-6.787283186814562e-06,0.00010001,0.10039222395475896,2.0,59,8.023972521056205,25.80599394091891,1.4391106778908274,27.245104618809737
1.0,0.40880103876048407,0.5178150167891967,0.1178876455556023,-4.44430893099089e-06,0.0001,0.10039254636003644,2.0,59,8.023972799707003,25.80599504341439,1.439108877701906,27.245103921116304
1.0,0.4088010287604841,0.5178150267891968,0.1178876455556023,-4.44430893099089e-06,0.0001,0.10039254636003644,2.0,59,8.023972799707003,25.80599504341439,1.439108877701906,27.2451039211163
1.0,0.4088010287604841,0.5178150167891967,0.1178876555556023,-4.44430893099089e-06,0.0001,0.10039254636003644,2.0,59,8.023972803304323,25.80599505557621,1.439108865773228,27.245103921349436
1.0,0.4088010287604841,0.5178150167891967,0.1178876455556023,-4.43430893099089e-06,0.0001,0.10039254636003644,2.0,59,8.023972803589796,25.805995056367642,1.4391088622954111,27.245103918663048
1.0,0.4088010287604841,0.5178150167891967,0.1178876455556023,-4.44430893099089e-06,0.0001,0.10039254636003644,1.99999999,59,8.023972803967688,25.80599505722267,1.4391088817246325,27.2451039389473
1.0,0.4088010287604841,0.5178150167891967,0.1178876455556023,-4.44430893099089e-06,0.0001,0.10039254636003644,2.0,59,8.02397280407822,25.805995057500237,1.4391088640343195,27.245103921534554
1.0,0.4088010287604841,0.5178150167891967,0.1178876455556023,-4.44430893099089e-06,0.0001,0.10039255636003644,2.0,59,8.023972808813149,25.80599507579301,1.4391088463440063,27.245103922137016
0.99999999,0.4088010287604841,0.5178150167891967,0.1178876455556023,-4.44430893099089e-06,0.0001,0.10039254636003644,2.0,59,8.023972813067004,25.805995086266787,1.4391088640343197,27.2451039503011
1.0,0.4088010287604841,0.5178150167891967,0.1178876455556023,-4.44430893099089e-06,0.00010001,0.10039254636003644,2.0,59,8.023972827772969,25.80599514246308,1.4391088463440063,27.245103988807085
1.0,0.4088007718904716,0.5178147731992992,0.1178871394785699,-2.327373671178229e-06,0.0001,0.10039275935731684,2.0,59,8.023973059461877,25.805996009678804,1.4391073471150502,27.245103356793862
1.0,0.4088007818904716,0.5178147631992992,0.1178871394785699,-2.327373671178229e-06,0.0001,0.10039275935731684,2.0,59,8.023973059461877,25.805996009678807,1.4391073471150502,27.245103356793862
1.0,0.4088007718904716,0.5178147631992992,0.11788714947856989,-2.327373671178229e-06,0.0001,0.10039275935731684,2.0,59,8.023973063059202,25.80599602184065,1.4391073351863406,27.245103357026988
1.0,0.4088007718904716,0.5178147631992992,0.1178871394785699,-2.3173736711782292e-06,0.0001,0.10039275935731684,2.0,59,8.023973063344677,25.80599602263207,1.4391073317086014,27.24510335434067
1.0,0.4088007718904716,0.5178147631992992,0.1178871394785699,-2.327373671178229e-06,0.0001,0.10039275935731684,1.99999999,59,8.023973063722567,25.805996023487097,1.4391073511377797,27.24510337462488
1.0,0.4088007718904716,0.5178147631992992,0.1178871394785699,-2.327373671178229e-06,0.0001,0.10039275935731684,2.0,59,8.0239730638331,25.805996023764674,1.439107333447471,27.24510335721214
1.0,0.4088007718904716,0.5178147631992992,0.1178871394785699,-2.327373671178229e-06,0.0001,0.10039276935731684,2.0,59,8.023973068568045,25.805996042057465,1.4391073157571623,27.245103357814628
0.99999999,0.4088007718904716,0.5178147631992992,0.1178871394785699,-2.327373671178229e-06,0.0001,0.10039275935731684,2.0,59,8.023973072821883,25.805996052531214,1.4391073334474713,27.245103385978684
1.0,0.4088006794242058,0.5178146632921372,0.11788668800606175,-2.5727259999466346e-07,0.0001,0.10039272806350158,2.0,59,8.023973066936804,25.805996089899132,1.439106687415237,27.24510277731436
1.0,0.4088006645230446,0.5178146781932984,0.11788668800606175,-2.5727259999466346e-07,0.0001,0.10039272806350158,2.0,59,8.023973066936804,25.805996089899132,1.439106687415237,27.24510277731436
1.0,0.4088006645230446,0.5178146632921372,0.11788670290722295,-2.5727259999466346e-07,0.0001,0.10039272806350158,2.0,59,8.023973072297238,25.805996108021674,1.4391066696400239,27.2451027776617
1.0,0.4088007718904716,0.5178147631992992,0.1178871394785699,-2.327373671178229e-06,0.00010001,0.10039275935731684,2.0,59,8.02397308752784,25.80599610872749,1.4391073157571623,27.245103424484654
1.0,0.4088006645230446,0.5178146632921372,0.11788668800606175,-2.5727259999466346e-07,0.0001,0.10039272806350158,1.9999999701976776,59,8.023973073121017,25.80599611006146,1.4391067197701934,27.24510282983165
1.0,0.4088006645230446,0.5178146632921372,0.11788668800606175,-2.5727259999466346e-07,0.0001,0.10039272806350158,2.0,59,8.023973073450437,25.8059961108887,1.4391066670489618,27.245102777937657
1.0,0.4088006645230446,0.5178146632921372,0.11788668800606175,-2.721737611885111e-07,0.0001,0.10039272806350158,2.0,59,8.023973074178247,25.805996112576405,1.4391066696400239,27.245102782216428
1.0,0.4088006645230446,0.5178146632921372,0.11788668800606175,-2.5727259999466346e-07,0.0001,0.10039274296466277,2.0,59,8.023973080506055,25.805996138147094,1.4391066406883462,27.245102778835438
0.9999999850988388,0.4088006645230446,0.5178146632921372,0.11788668800606175,-2.5727259999466346e-07,0.0001,0.10039272806350158,2.0,59,8.023973086844766,25.805996153754187,1.4391066670489623,27.245102820803147
1.0,0.4088006645230446,0.5178146632921372,0.11788668800606175,-2.5727259999466346e-07,0.00010001490116119385,0.10039272806350158,2.0,59,8.023973108758351,25.805996237493172,1.4391066406883462,27.245102878181516
1.0,0.4088005845222833,0.5178146168765349,0.11788702476574488,-1.0227169708101164e-06,0.0001,0.10039283324139721,2.0,59,8.023973189835568,25.80599650325771,1.4391064998612155,27.245103003118928
1.0,0.4088005945222833,0.5178146068765348,0.11788702476574488,-1.0227169708101164e-06,0.0001,0.10039283324139721,2.0,59,8.023973189835568,25.80599650325771,1.4391064998612153,27.245103003118928
1.0,0.4088005845222833,0.5178146068765348,0.11788703476574487,-1.0227169708101164e-06,0.0001,0.10039283324139721,2.0,59,8.023973193432896,25.805996515419558,1.4391064879324897,27.24510300335205
1.0,0.4088005845222833,0.5178146068765348,0.11788702476574488,-1.0127169708101165e-06,0.0001,0.10039283324139721,2.0,59,8.02397319371837,25.805996516210982,1.4391064844547925,27.24510300066578
1.0,0.4088005845222833,0.5178146068765348,0.11788702476574488,-1.0227169708101164e-06,0.0001,0.10039283324139721,1.99999999,59,8.02397319409626,25.805996517066013,1.4391065038839486,27.245103020949962
1.0,0.4088005845222833,0.5178146068765348,0.11788702476574488,-1.0227169708101164e-06,0.0001,0.10039283324139721,2.0,59,8.023973194206796,25.805996517343583,1.4391064861936411,27.245103003537228
1.0,0.4088006321603635,0.517814635253482,0.11788686418680755,-1.1758200516632834e-06,0.0001,0.10039287522188477,2.0,59,8.02397320076157,25.80599653530013,1.4391065145230368,27.24510304982317
1.0,0.4088006421603635,0.517814625253482,0.11788686418680755,-1.1758200516632834e-06,0.0001,0.10039287522188477,2.0,59,8.02397320076157,25.80599653530013,1.4391065145230368,27.24510304982317
1.0,0.4088005845222833,0.5178146068765348,0.11788702476574488,-1.0227169708101164e-06,0.0001,0.1003928432413972,2.0,59,8.023973198941748,25.805996535636393,1.4391064685033341,27.24510300413973
0.99999999,0.4088005845222833,0.5178146068765348,0.11788702476574488,-1.0227169708101164e-06,0.0001,0.10039283324139721,2.0,59,8.023973203195574,25.805996546110123,1.4391064861936413,27.245103032303764
1.0,0.4088006321603635,0.517814625253482,0.11788687418680754,-1.1758200516632834e-06,0.0001,0.10039287522188477,2.0,59,8.023973204358901,25.805996547461984,1.4391065025943106,27.24510305005629
1.0,0.4088006321603635,0.517814625253482,0.11788686418680755,-1.1658200516632835e-06,0.0001,0.10039287522188477,2.0,59,8.023973204644372,25.805996548253404,1.4391064991166136,27.245103047370023
1.0,0.4088006321603635,0.517814625253482,0.11788686418680755,-1.1758200516632834e-06,0.0001,0.10039287522188477,1.99999999,59,8.023973205022264,25.805996549108432,1.4391065185457688,27.2451030676542
1.0,0.4088006321603635,0.517814625253482,0.11788686418680755,-1.1758200516632834e-06,0.0001,0.10039287522188477,2.0,59,8.0239732051328,25.805996549386006,1.439106500855462,27.245103050241465
1.0,0.4088006321603635,0.517814625253482,0.11788686418680755,-1.1758200516632834e-06,0.0001,0.10039288522188476,2.0,59,8.023973209867751,25.80599656767881,1.439106483165155,27.245103050843976
0.99999999,0.4088006321603635,0.517814625253482,0.11788686418680755,-1.1758200516632834e-06,0.0001,0.10039287522188477,2.0,59,8.023973214121577,25.80599657815254,1.4391065008554622,27.245103079008008
1.0,0.4088005845222833,0.5178146068765348,0.11788702476574488,-1.0227169708101164e-06,0.00010001,0.10039283324139721,2.0,59,8.02397321790153,25.805996602306397,1.4391064685033341,27.24510307080973
1.0,0.4088006321603635,0.517814625253482,0.11788686418680755,-1.1758200516632834e-06,0.00010001,0.10039287522188477,2.0,59,8.023973228827533,25.80599663434881,1.439106483165155,27.245103117513963
1.0,0.40880054884137956,0.5178145727110094,0.11788687507990239,-6.539336974163136e-07,0.0001,0.10039288825213999,2.0,59,8.023973244357455,25.805996703390043,1.4391062032610908,27.245102906651134
1.0,0.40880055884137956,0.5178145627110093,0.11788687507990239,-6.539336974163136e-07,0.0001,0.10039288825213999,2.0,59,8.023973244357455,25.805996703390043,1.4391062032610908,27.245102906651134
1.0,0.40880054884137956,0.5178145627110093,0.11788688507990239,-6.539336974163136e-07,0.0001,0.10039288825213999,2.0,59,8.023973247954785,25.805996715551895,1.4391061913323586,27.245102906884252
1.0,0.40880054884137956,0.5178145627110093,0.11788687507990239,-6.439336974163136e-07,0.0001,0.10039288825213999,2.0,59,8.02397324824026,25.805996716343312,1.4391061878546765,27.245102904197992
1.0,0.40880054884137956,0.5178145627110093,0.11788687507990239,-6.539336974163136e-07,0.0001,0.10039288825213999,1.99999999,59,8.02397324861815,25.80599671719834,1.439106207283824,27.24510292448217
1.0,0.40880054884137956,0.5178145627110093,0.11788687507990239,-6.539336974163136e-07,0.0001,0.10039288825213999,2.0,59,8.023973248728684,25.805996717475917,1.4391061895935175,27.245102907069437
1.0,0.40880054884137956,0.5178145627110093,0.11788687507990239,-6.539336974163136e-07,0.0001,0.10039289825213998,2.0,59,8.023973253463641,25.805996735768733,1.4391061719032117,27.245102907671942
0.99999999,0.40880054884137956,0.5178145627110093,0.11788687507990239,-6.539336974163136e-07,0.0001,0.10039288825213999,2.0,59,8.023973257717461,25.805996746242457,1.4391061895935178,27.24510293583597
1.0,0.40880054884137956,0.5178145627110093,0.11788687507990239,-6.539336974163136e-07,0.00010001,0.10039288825213999,2.0,59,8.023973272423417,25.80599680243872,1.4391061719032117,27.245102974341933
1.0,0.4088005691024046,0.5178145531284405,0.11788672025036798,-5.737296492235519e-07,0.0001,0.10039293580173372,2.0,59,8.023973274640271,25.80599681012165,1.4391060792031247,27.245102889324773
1.0,0.4088005591024046,0.5178145631284405,0.11788672025036798,-5.737296492235519e-07,0.0001,0.10039293580173372,2.0,59,8.02397327464027,25.80599681012165,1.4391060792031252,27.245102889324773
1.0,0.4088005591024046,0.5178145531284405,0.11788673025036797,-5.737296492235519e-07,0.0001,0.10039293580173372,2.0,59,8.023973278237603,25.805996822283497,1.43910606727439,27.245102889557888
1.0,0.4088005591024046,0.5178145531284405,0.11788672025036798,-5.637296492235519e-07,0.0001,0.10039293580173372,2.0,59,8.023973278523078,25.805996823074928,1.4391060637967148,27.24510288687164
1.0,0.4088005591024046,0.5178145531284405,0.11788672025036798,-5.737296492235519e-07,0.0001,0.10039293580173372,1.99999999,59,8.023973278900968,25.80599682392995,1.439106083225857,27.245102907155808
1.0,0.4088005591024046,0.5178145531284405,0.11788672025036798,-5.737296492235519e-07,0.0001,0.10039293580173372,2.0,59,8.023973279011503,25.805996824207526,1.4391060655355523,27.245102889743073
1.0,0.4088005270635895,0.5178145457546421,0.11788678371935601,-4.2884733791407794e-07,0.0001,0.10039292182787055,2.0,59,8.023973277634827,25.805996825540557,1.4391060222318184,27.24510284777237
1.0,0.4088005370635895,0.5178145357546421,0.11788678371935601,-4.2884733791407794e-07,0.0001,0.10039292182787055,2.0,59,8.023973277634827,25.805996825540557,1.4391060222318184,27.24510284777237
1.0,0.4088005270635895,0.5178145357546421,0.11788679371935601,-4.2884733791407794e-07,0.0001,0.10039292182787055,2.0,59,8.023973281232161,25.80599683770241,1.4391060103030826,27.24510284800549
1.0,0.4088005270635895,0.5178145357546421,0.11788678371935601,-4.1884733791407793e-07,0.0001,0.10039292182787055,2.0,59,8.023973281517634,25.805996838493833,1.4391060068254096,27.24510284531924
1.0,0.4088005270635895,0.5178145357546421,0.11788678371935601,-4.2884733791407794e-07,0.0001,0.10039292182787055,1.99999999,59,8.023973281895524,25.805996839348865,1.4391060262545519,27.245102865603407
1.0,0.4088005270635895,0.5178145357546421,0.11788678371935601,-4.2884733791407794e-07,0.0001,0.10039292182787055,2.0,59,8.023973282006057,25.805996839626438,1.439106008564246,27.245102848190676
1.0,0.4088005591024046,0.5178145531284405,0.11788672025036798,-5.737296492235519e-07,0.0001,0.10039294580173372,2.0,59,8.02397328374646,25.805996842500342,1.4391060478452462,27.245102890345585
0.99999999,0.4088005591024046,0.5178145531284405,0.11788672025036798,-5.737296492235519e-07,0.0001,0.10039293580173372,2.0,59,8.023973288000281,25.805996852974058,1.4391060655355525,27.245102918509616
1.0,0.4088005270635895,0.5178145357546421,0.11788678371935601,-4.2884733791407794e-07,0.0001,0.10039293182787054,2.0,59,8.023973286741017,25.805996857919247,1.43910599087394,27.245102848793188
0.99999999,0.4088005270635895,0.5178145357546421,0.11788678371935601,-4.2884733791407794e-07,0.0001,0.10039292182787055,2.0,59,8.023973290994837,25.805996868392963,1.4391060085642464,27.245102876957215
1.0,0.4088005124137831,0.517814526084037,0.11788662066309363,-3.682943345990322e-08,0.0001,0.10039294715854298,2.0,59,8.02397329810278,25.8059969071933,1.4391058339953258,27.245102741188617
1.0,0.4088005273149443,0.5178145111828758,0.11788662066309363,-3.682943345990322e-08,0.0001,0.10039294715854298,2.0,59,8.02397329810278,25.8059969071933,1.4391058339953258,27.245102741188617
1.0,0.4088005591024046,0.5178145531284405,0.11788672025036798,-5.737296492235519e-07,0.00010001,0.10039293580173372,2.0,59,8.023973302706233,25.80599690917033,1.4391060478452462,27.245102957015565
1.0,0.4088005270635895,0.5178145357546421,0.11788678371935601,-4.2884733791407794e-07,0.00010001,0.10039292182787055,2.0,59,8.02397330570079,25.805996924589234,1.43910599087394,27.245102915463168
1.0,0.4088005124137831,0.5178145111828758,0.11788663556425483,-3.682943345990322e-08,0.0001,0.10039294715854298,2.0,59,8.023973303463226,25.805996925315867,1.439105816220113,27.245102741535984
1.0,0.4088005124137831,0.5178145111828758,0.11788662066309363,-3.682943345990322e-08,0.0001,0.10039294715854298,1.9999999701976776,59,8.023973304287003,25.80599692735565,1.4391058663502765,27.24510279370593
1.0,0.4088005124137831,0.5178145111828758,0.11788662066309363,-3.682943345990322e-08,0.0001,0.10039294715854298,2.0,59,8.023973304616424,25.80599692818289,1.439105813629057,27.245102741811944
1.0,0.4088005124137831,0.5178145111828758,0.11788662066309363,-5.173059465375088e-08,0.0001,0.10039294715854298,2.0,59,8.023973305344235,25.8059969298706,1.439105816220113,27.245102746090712
1.0,0.40880052249001547,0.5178145269835752,0.11788664811781707,-2.7199704610424157e-07,0.0001,0.10039296616082173,2.0,59,8.023973311663989,25.805996947846204,1.439105861046492,27.245102808892696
1.0,0.40880053249001547,0.5178145169835752,0.11788664811781707,-2.7199704610424157e-07,0.0001,0.10039296616082173,2.0,59,8.02397331166399,25.805996947846204,1.439105861046492,27.245102808892696
1.0,0.4088005124137831,0.5178145111828758,0.11788662066309363,-3.682943345990322e-08,0.0001,0.10039296205970417,2.0,59,8.023973311672062,25.80599695544131,1.4391057872684483,27.245102742709765
1.0,0.40880052249001547,0.5178145169835752,0.11788665811781707,-2.7199704610424157e-07,0.0001,0.10039296616082173,2.0,59,8.023973315261324,25.805996960008056,1.4391058491177517,27.245102809125807
1.0,0.40880052249001547,0.5178145169835752,0.11788664811781707,-2.6199704610424156e-07,0.0001,0.10039296616082173,2.0,59,8.023973315546796,25.80599696079948,1.4391058456400874,27.24510280643957
1.0,0.40880052249001547,0.5178145169835752,0.11788664811781707,-2.7199704610424157e-07,0.0001,0.10039296616082173,1.99999999,59,8.023973315924687,25.805996961654504,1.439105865069225,27.24510282672373
1.0,0.40880052249001547,0.5178145169835752,0.11788664811781707,-2.7199704610424157e-07,0.0001,0.10039296616082173,2.0,59,8.023973316035223,25.805996961932077,1.4391058473789198,27.245102809310993
0.9999999850988388,0.4088005124137831,0.5178145111828758,0.11788662066309363,-3.682943345990322e-08,0.0001,0.10039294715854298,2.0,59,8.023973318010746,25.80599697104837,1.4391058136290575,27.245102784677428
1.0,0.40880052249001547,0.5178145169835752,0.11788664811781707,-2.7199704610424157e-07,0.0001,0.10039297616082173,2.0,59,8.023973320770184,25.8059969802249,1.4391058296886152,27.245102809913515
0.99999999,0.40880052249001547,0.5178145169835752,0.11788664811781707,-2.7199704610424157e-07,0.0001,0.10039296616082173,2.0,59,8.023973325024,25.805996990698613,1.43910584737892,27.245102838077532
1.0,0.40880048981760203,0.5178145034878558,0.11788661065914062,-4.0820933354691065e-09,0.0001,0.10039297970561602,2.0,59,8.023973332443065,25.805997028604303,1.4391057072178624,27.24510273582217
1.0,0.4088005047187632,0.5178144885866947,0.11788661065914062,-4.0820933354691065e-09,0.0001,0.10039297970561602,2.0,59,8.023973332443065,25.805997028604306,1.4391057072178624,27.24510273582217
1.0,0.4088004888313045,0.5178145025015582,0.11788661022247947,-2.652709288931017e-09,0.0001,0.10039298112625863,2.0,59,8.023973333941978,25.80599703390376,1.439105701684171,27.245102735587928
1.0,0.4088005037324657,0.517814487600397,0.11788661022247947,-2.652709288931017e-09,0.0001,0.10039298112625863,2.0,59,8.023973333941978,25.80599703390376,1.439105701684171,27.245102735587928
1.0,0.40880048691672694,0.5178145005869808,0.11788660937484315,1.2197738964291997e-10,0.0001,0.10039298388397665,2.0,59,8.023973336851636,25.805997044190928,1.4391056909847193,27.24510273517565
1.0,0.40880050181788813,0.5178144856858196,0.11788660937484315,1.2197738964291997e-10,0.0001,0.10039298388397665,2.0,59,8.023973336851636,25.805997044190928,1.4391056909847193,27.24510273517565
1.0,0.40880048981760203,0.5178144885866947,0.11788662556030181,-4.0820933354691065e-09,0.0001,0.10039297970561602,2.0,59,8.023973337803511,25.805997046726876,1.4391056894426497,27.245102736169528
1.0,0.4088004876242177,0.5178144969369163,0.1178866182662712,-2.1218071191418823e-08,0.0001,0.10039298263320083,2.0,59,8.023973337899863,25.805997046754023,1.4391056943899103,27.245102741143935
1.0,0.4088004976242177,0.5178144869369162,0.1178866182662712,-2.1218071191418823e-08,0.0001,0.10039298263320083,2.0,59,8.023973337899863,25.805997046754023,1.4391056943899103,27.245102741143935
1.0,0.40880052249001547,0.5178145169835752,0.11788664811781707,-2.7199704610424157e-07,0.00010001,0.10039296616082173,2.0,59,8.02397333972995,25.80599704689488,1.4391058296886152,27.2451028765835
1.0,0.40880048981760203,0.5178144885866947,0.11788661065914062,-4.0820933354691065e-09,0.0001,0.10039297970561602,1.9999999701976776,59,8.023973338627288,25.80599704876666,1.439105739572812,27.245102788339477
1.0,0.40880048981760203,0.5178144885866947,0.11788661065914062,-4.0820933354691065e-09,0.0001,0.10039297970561602,2.0,59,8.02397333895671,25.8059970495939,1.4391056868515943,27.245102736445496
1.0,0.40880048981760203,0.5178144885866947,0.11788661065914062,-1.8983254529316762e-08,0.0001,0.10039297970561602,2.0,59,8.02397333968452,25.8059970512816,1.4391056894426497,27.245102740724253
1.0,0.4088004888313045,0.517814487600397,0.11788662512364066,-2.652709288931017e-09,0.0001,0.10039298112625863,2.0,59,8.023973339302426,25.80599705202633,1.4391056839089584,27.245102735935287
1.0,0.40880050023931963,0.5178144841072511,0.11788660867596731,2.409705500657665e-09,0.0001,0.10039298615771411,2.0,59,8.023973339250647,25.805997052672694,1.4391056829236428,27.24510273559634
1.0,0.40880048533815844,0.5178144990084123,0.11788660867596731,2.409705500657665e-09,0.0001,0.10039298615771411,2.0,59,8.023973339250647,25.805997052672694,1.4391056829236428,27.24510273559634
1.0,0.40880048648118805,0.5178144955220837,0.11788661347111926,-9.404182845380592e-09,0.0001,0.10039298439545748,2.0,59,8.02397333964646,25.805997053165214,1.4391056848884212,27.24510273805364
1.0,0.40880049648118805,0.5178144855220836,0.11788661347111926,-9.404182845380592e-09,0.0001,0.10039298439545748,2.0,59,8.02397333964646,25.805997053165214,1.4391056848884212,27.24510273805364
1.0,0.4088004888313045,0.517814487600397,0.11788661022247947,-2.652709288931017e-09,0.0001,0.10039298112625863,1.9999999701976776,59,8.023973340126203,25.805997054066115,1.439105734039121,27.24510278810524
1.0,0.4088005124137831,0.5178145111828758,0.11788662066309363,-3.682943345990322e-08,0.00010001490116119385,0.10039294715854298,2.0,59,8.023973339924325,25.805997054787333,1.4391057872684483,27.24510284205578
1.0,0.4088004888313045,0.517814487600397,0.11788661022247947,-2.652709288931017e-09,0.0001,0.10039298112625863,2.0,59,8.023973340455624,25.80599705489335,1.4391056813179035,27.24510273621126
1.0,0.4088004888313045,0.517814487600397,0.11788661022247947,-1.7553870482778675e-08,0.0001,0.10039298112625863,2.0,59,8.023973341183433,25.805997056581063,1.4391056839089584,27.24510274049001
1.0,0.4088004876242177,0.5178144869369162,0.11788662826627119,-2.1218071191418823e-08,0.0001,0.10039298263320083,2.0,59,8.023973341497198,25.805997058915874,1.4391056824611672,27.24510274137704
1.0,0.40880049533815843,0.5178144841072511,0.11788660867596731,2.409705500657665e-09,0.0001,0.10039298615771411,2.0,59,8.02397334139306,25.805997059576413,1.439105676224946,27.24510273580136
1.0,0.40880049533815843,0.5178144841072511,0.11788660867596731,2.409705500657665e-09,0.0001,0.10039298615771411,2.0,59,8.02397334139306,25.805997059576413,1.439105676224946,27.24510273580136
1.0,0.40880048533815844,0.5178144941072511,0.11788660867596731,2.409705500657665e-09,0.0001,0.10039298615771411,2.0,59,8.02397334139306,25.805997059576413,1.439105676224946,27.24510273580136
1.0,0.40880048533815844,0.5178144941072511,0.11788660867596731,2.409705500657665e-09,0.0001,0.10039298615771411,2.0,59,8.02397334139306,25.805997059576413,1.439105676224946,27.24510273580136
1.0,0.4088004876242177,0.5178144869369162,0.1178866182662712,-1.1218071191418823e-08,0.0001,0.10039298263320083,2.0,59,8.023973341782671,25.805997059707295,1.4391056789835113,27.24510273869081
1.0,0.4088004876242177,0.5178144869369162,0.1178866182662712,-2.1218071191418823e-08,0.0001,0.10039298263320083,1.99999999,59,8.023973342160561,25.805997060562326,1.4391056984126438,27.24510275897497
1.0,0.4088004876242177,0.5178144869369162,0.1178866182662712,-2.1218071191418823e-08,0.0001,0.10039298263320083,2.0,59,8.023973342271097,25.805997060839896,1.4391056807223395,27.245102741562242
1.0,0.40880048510950917,0.5178144938242311,0.11788660771675519,4.772930905632404e-09,0.0001,0.10039298651023223,2.0,59,8.023973341742446,25.805997060858896,1.4391056751461366,27.245102736005034
1.0,0.40880049510950917,0.517814483824231,0.11788660771675519,4.772930905632404e-09,0.0001,0.10039298651023223,2.0,59,8.023973341742446,25.805997060858896,1.4391056751461366,27.245102736005034
1.0,0.40880048691672694,0.5178144856858196,0.11788662427600434,1.2197738964291997e-10,0.0001,0.10039298388397665,2.0,59,8.023973342212084,25.805997062313498,1.4391056732095064,27.24510273552301
1.0,0.4088004947890557,0.5178144834275764,0.11788660637241304,8.08500700202672e-09,0.0001,0.10039298700428871,2.0,59,8.023973342232113,25.805997062656306,1.4391056736341787,27.24510273629048
1.0,0.40880048478905573,0.5178144934275765,0.11788660637241304,8.08500700202672e-09,0.0001,0.10039298700428871,2.0,59,8.023973342232113,25.805997062656306,1.4391056736341787,27.24510273629048
1.0,0.40880048691672694,0.5178144856858196,0.11788660937484315,1.5023138583490576e-08,0.0001,0.10039298388397665,2.0,59,8.023973342637472,25.80599706349282,1.4391056732095064,27.245102736702325
1.0,0.40880048691672694,0.5178144856858196,0.11788660937484315,1.2197738964291997e-10,0.0001,0.10039298388397665,1.9999999701976776,59,8.02397334303586,25.80599706435329,1.4391057233396691,27.245102787692957
1.0,0.40880048691672694,0.5178144856858196,0.11788660937484315,1.2197738964291997e-10,0.0001,0.10039298388397665,2.0,59,8.023973343365281,25.805997065180524,1.4391056706184513,27.245102735798973
1.0,0.40880048648118805,0.5178144855220836,0.11788662347111925,-9.404182845380592e-09,0.0001,0.10039298439545748,2.0,59,8.023973343243798,25.805997065327073,1.4391056729596783,27.24510273828675
1.0,0.40880048648118805,0.5178144855220836,0.11788661347111926,5.95817154619408e-10,0.0001,0.10039298439545748,2.0,59,8.023973343529269,25.805997066118493,1.4391056696892275,27.245102735807723
1.0,0.40880048648118805,0.5178144855220836,0.11788661347111926,-9.404182845380592e-09,0.0001,0.10039298439545748,1.99999999,59,8.02397334390716,25.80599706697352,1.4391056889111549,27.24510275588468
1.0,0.40880048648118805,0.5178144855220836,0.11788661347111926,-9.404182845380592e-09,0.0001,0.10039298439545748,2.0,59,8.023973344017694,25.805997067251095,1.4391056712208503,27.245102738471946
1.0,0.40880048533815844,0.5178144841072511,0.11788662357712851,2.409705500657665e-09,0.0001,0.10039298615771411,2.0,59,8.023973344611095,25.80599707079527,1.4391056651484304,27.245102735943703
1.0,0.40880048533815844,0.5178144841072511,0.11788661867596731,2.409705500657665e-09,0.0001,0.10039298615771411,2.0,59,8.023973344990395,25.805997071738272,1.439105664296203,27.245102736034468
1.0,0.40880048533815844,0.5178144841072511,0.11788661867596731,2.409705500657665e-09,0.0001,0.10039298615771411,2.0,59,8.023973344990395,25.805997071738272,1.439105664296203,27.245102736034468
1.0,0.40880048533815844,0.5178144841072511,0.11788660867596731,1.731086669450532e-08,0.0001,0.10039298615771411,2.0,59,8.023973345036483,25.80599707197459,1.4391056651484304,27.24510273712302
1.0,0.40880048533815844,0.5178144841072511,0.11788660867596731,1.2409705500657665e-08,0.0001,0.10039298615771411,2.0,59,8.023973345275866,25.8059970725297,1.439105664296203,27.2451027368259
1.0,0.40880048533815844,0.5178144841072511,0.11788660867596731,1.2409705500657665e-08,0.0001,0.10039298615771411,2.0,59,8.023973345275866,25.8059970725297,1.439105664296203,27.2451027368259
1.0,0.40880048533815844,0.5178144841072511,0.11788660867596731,2.409705500657665e-09,0.0001,0.10039298615771411,1.9999999701976776,59,8.023973345434872,25.80599707283506,1.4391057152785918,27.24510278811365
1.0,0.40880048510950917,0.517814483824231,0.11788661771675518,4.772930905632404e-09,0.0001,0.10039298651023223,2.0,59,8.023973345339781,25.80599707302075,1.4391056632173935,27.245102736238145
1.0,0.40880048533815844,0.5178144841072511,0.11788660867596731,2.409705500657665e-09,0.0001,0.10039298615771411,1.99999999,59,8.023973345653758,25.805997073384717,1.4391056802476796,27.245102753632395
1.0,0.40880048533815844,0.5178144841072511,0.11788660867596731,2.409705500657665e-09,0.0001,0.10039298615771411,1.99999999,59,8.023973345653758,25.805997073384717,1.4391056802476796,27.245102753632395
1.0,0.40880048533815844,0.5178144841072511,0.11788660867596731,2.409705500657665e-09,0.0001,0.10039298615771411,2.0,59,8.023973345764293,25.805997073662294,1.4391056625573753,27.245102736219668
1.0,0.40880048533815844,0.5178144841072511,0.11788660867596731,2.409705500657665e-09,0.0001,0.10039298615771411,2.0,59,8.023973345764293,25.805997073662294,1.4391056625573753,27.245102736219668
1.0,0.40880048533815844,0.5178144841072511,0.11788660867596731,2.409705500657665e-09,0.0001,0.10039298615771411,2.0,59,8.023973345764293,25.805997073662294,1.4391056625573753,27.245102736219668
1.0,0.40880048510950917,0.517814483824231,0.11788660771675519,1.4772930905632404e-08,0.0001,0.10039298651023223,2.0,59,8.023973345625254,25.805997073812176,1.4391056632173935,27.24510273702957
1.0,0.40880048510950917,0.517814483824231,0.11788660771675519,4.772930905632404e-09,0.0001,0.10039298651023223,1.99999999,59,8.023973346003142,25.8059970746672,1.4391056791688703,27.24510275383608
1.0,0.40880048478905573,0.5178144834275764,0.11788661637241303,8.08500700202672e-09,0.0001,0.10039298700428871,2.0,59,8.023973345829448,25.80599707481816,1.4391056617054352,27.245102736523595
1.0,0.40880048510950917,0.517814483824231,0.11788660771675519,4.772930905632404e-09,0.0001,0.10039298651023223,2.0,59,8.023973346113678,25.805997074944777,1.4391056614785658,27.24510273642334
1.0,0.40880048478905573,0.5178144834275764,0.11788660637241304,1.808500700202672e-08,0.0001,0.10039298700428871,2.0,59,8.02397334611492,25.805997075609582,1.4391056617054352,27.245102737315015
1.0,0.40880048478905573,0.5178144834275764,0.11788660637241304,8.08500700202672e-09,0.0001,0.10039298700428871,1.99999999,59,8.02397334649281,25.80599707646461,1.4391056776569127,27.245102754121522
1.0,0.40880048478905573,0.5178144834275764,0.11788660637241304,8.08500700202672e-09,0.0001,0.10039298700428871,2.0,59,8.023973346603345,25.805997076742187,1.4391056599666077,27.24510273670879
1.0,0.40880048981760203,0.5178144885866947,0.11788661065914062,-4.0820933354691065e-09,0.0001,0.10039299460677721,2.0,59,8.023973346012351,25.80599707685233,1.4391056604909869,27.245102737343313
1.0,0.4088004876242177,0.5178144869369162,0.1178866182662712,-2.1218071191418823e-08,0.0001,0.10039299263320083,2.0,59,8.023973347006057,25.805997079132727,1.4391056630320338,27.245102742164757
1.0,0.4088004888313045,0.517814487600397,0.11788661022247947,-2.652709288931017e-09,0.0001,0.10039299602741983,2.0,59,8.023973347511268,25.805997082151787,1.4391056549572956,27.24510273710908
1.0,0.40880048648118805,0.5178144855220836,0.11788661347111926,-9.404182845380592e-09,0.0001,0.10039299439545747,2.0,59,8.023973348752655,25.80599708554392,1.4391056535305453,27.24510273907446
0.99999999,0.4088004876242177,0.5178144869369162,0.1178866182662712,-2.1218071191418823e-08,0.0001,0.10039298263320083,2.0,59,8.023973351259874,25.805997089606436,1.4391056807223395,27.245102770328774
1.0,0.40880048957844883,0.5178144769779305,0.11788658451326699,6.193971564224478e-08,0.0001,0.1003929950376995,2.0,59,8.023973350194144,25.805997091882343,1.4391056490495746,27.245102740931916
1.0,0.40880047957844884,0.5178144869779305,0.11788658451326699,6.193971564224478e-08,0.0001,0.1003929950376995,2.0,59,8.023973350194142,25.805997091882343,1.4391056490495748,27.245102740931916
1.0,0.40880048533815844,0.5178144841072511,0.11788660867596731,2.409705500657665e-09,0.0001,0.1003929961577141,2.0,59,8.023973350499254,25.80599709195512,1.439105644867071,27.24510273682219
1.0,0.40880048533815844,0.5178144841072511,0.11788660867596731,2.409705500657665e-09,0.0001,0.1003929961577141,2.0,59,8.023973350499254,25.80599709195512,1.439105644867071,27.24510273682219
1.0,0.40880048691672694,0.5178144856858196,0.11788660937484315,1.2197738964291997e-10,0.0001,0.10039299878513784,2.0,59,8.023973350420926,25.805997092438954,1.439105644257844,27.2451027366968
0.9999999850988388,0.40880048981760203,0.5178144885866947,0.11788661065914062,-4.0820933354691065e-09,0.0001,0.10039297970561602,2.0,59,8.023973352351032,25.805997092459375,1.4391056868515952,27.245102779310972
1.0,0.40880048510950917,0.517814483824231,0.11788660771675519,4.772930905632404e-09,0.0001,0.10039299651023223,2.0,59,8.023973350848642,25.805997093237597,1.439105643788262,27.24510273702586
1.0,0.40880048478905573,0.5178144834275764,0.11788660637241304,8.08500700202672e-09,0.0001,0.1003929970042887,2.0,59,8.02397335133831,25.805997095035003,1.4391056422763029,27.245102737311306
0.99999999,0.40880048648118805,0.5178144855220836,0.11788661347111926,-9.404182845380592e-09,0.0001,0.10039298439545748,2.0,59,8.023973353006474,25.805997096017634,1.4391056712208505,27.24510276723849
0.9999999850988388,0.4088004888313045,0.517814487600397,0.11788661022247947,-2.652709288931017e-09,0.0001,0.10039298112625863,2.0,59,8.023973353849945,25.80599709775883,1.4391056813179044,27.24510277907674
1.0,0.40880048533815844,0.5178144841072511,0.11788660867596731,2.409705500657665e-09,0.0001,0.1003930010588753,2.0,59,8.023973352819937,25.80599710092072,1.4391056361967673,27.245102737117495
0.99999999,0.40880048533815844,0.5178144841072511,0.11788660867596731,2.409705500657665e-09,0.0001,0.10039298615771411,2.0,59,8.02397335475307,25.80599710242883,1.4391056625573757,27.245102764986207
0.99999999,0.40880048533815844,0.5178144841072511,0.11788660867596731,2.409705500657665e-09,0.0001,0.10039298615771411,2.0,59,8.02397335475307,25.80599710242883,1.4391056625573757,27.245102764986207
0.99999999,0.40880048510950917,0.517814483824231,0.11788660771675519,4.772930905632404e-09,0.0001,0.10039298651023223,2.0,59,8.023973355102457,25.805997103711313,1.4391056614785664,27.245102765189877
1.0,0.40880047957844884,0.5178144769779305,0.11788659451326698,6.193971564224478e-08,0.0001,0.1003929950376995,2.0,59,8.02397335379148,25.805997104044195,1.4391056371208322,27.245102741165034
1.0,0.40880047957844884,0.5178144769779305,0.11788658451326699,7.193971564224478e-08,0.0001,0.1003929950376995,2.0,59,8.023973354076952,25.80599710483562,1.4391056371208322,27.245102741956455
0.99999999,0.40880048478905573,0.5178144834275764,0.11788660637241304,8.08500700202672e-09,0.0001,0.10039298700428871,2.0,59,8.023973355592123,25.805997105508716,1.4391056599666079,27.24510276547533
1.0,0.40880047957844884,0.5178144769779305,0.11788658451326699,6.193971564224478e-08,0.0001,0.1003929950376995,1.99999999,59,8.023973354454842,25.805997105690647,1.439105653072308,27.245102758762958
1.0,0.40880047957844884,0.5178144769779305,0.11788658451326699,6.193971564224478e-08,0.0001,0.1003929950376995,2.0,59,8.023973354565378,25.805997105968224,1.439105635382004,27.245102741350227
0.9999999850988388,0.40880048691672694,0.5178144856858196,0.11788660937484315,1.2197738964291997e-10,0.0001,0.10039298388397665,2.0,59,8.023973356759603,25.805997108046,1.439105670618452,27.245102778664453
0.9999999850988388,0.40880048533815844,0.5178144841072511,0.11788660867596731,2.409705500657665e-09,0.0001,0.10039298615771411,2.0,59,8.023973359158616,25.80599711652777,1.4391056625573762,27.245102779085144
1.0,0.40880047957844884,0.5178144769779305,0.11788658451326699,6.193971564224478e-08,0.0001,0.10039300503769949,2.0,59,8.02397335930034,25.805997124261047,1.4391056176916996,27.245102741952742
0.99999999,0.40880047957844884,0.5178144769779305,0.11788658451326699,6.193971564224478e-08,0.0001,0.1003929950376995,2.0,59,8.023973363554155,25.80599713473476,1.4391056353820042,27.24510277011676
1.0,0.4088004701677329,0.5178144753294248,0.11788654503413973,1.5920503839272763e-07,0.0001,0.10039300954659411,2.0,59,8.023973364574124,25.805997144666584,1.4391056046480868,27.245102749314672
1.0,0.4088004801677329,0.5178144653294248,0.11788654503413973,1.5920503839272763e-07,0.0001,0.10039300954659411,2.0,59,8.023973364574125,25.805997144666584,1.4391056046480868,27.245102749314672
1.0,0.4088004876242177,0.5178144869369162,0.1178866182662712,-2.1218071191418823e-08,0.00010001,0.10039298263320083,2.0,59,8.023973365965825,25.805997145802692,1.4391056630320338,27.245102808834734
1.0,0.40880048648118805,0.5178144855220836,0.11788661347111926,-9.404182845380592e-09,0.00010001,0.10039298439545748,2.0,59,8.023973367712424,25.80599715221389,1.4391056535305453,27.24510280574444
1.0,0.4088004701677329,0.5178144653294248,0.11788655503413972,1.5920503839272763e-07,0.0001,0.10039300954659411,2.0,59,8.023973368171461,25.80599715682844,1.4391055927193455,27.24510274954779
1.0,0.4088004701677329,0.5178144653294248,0.11788654503413973,1.6920503839272764e-07,0.0001,0.10039300954659411,2.0,59,8.023973368456934,25.805997157619863,1.4391055927193455,27.245102750339214
1.0,0.4088004701677329,0.5178144653294248,0.11788654503413973,1.5920503839272763e-07,0.0001,0.10039300954659411,1.99999999,59,8.023973368834822,25.805997158474895,1.4391056086708207,27.245102767145713
1.0,0.40880048533815844,0.5178144841072511,0.11788660867596731,2.409705500657665e-09,0.00010001,0.10039298615771411,2.0,59,8.023973369459023,25.805997158625093,1.439105644867071,27.24510280349216
1.0,0.40880048533815844,0.5178144841072511,0.11788660867596731,2.409705500657665e-09,0.00010001,0.10039298615771411,2.0,59,8.023973369459023,25.805997158625093,1.439105644867071,27.24510280349216
1.0,0.4088004701677329,0.5178144653294248,0.11788654503413973,1.5920503839272763e-07,0.0001,0.10039300954659411,2.0,59,8.02397336894536,25.80599715875247,1.4391055909805162,27.245102749732986
1.0,0.40880048510950917,0.517814483824231,0.11788660771675519,4.772930905632404e-09,0.00010001,0.10039298651023223,2.0,59,8.023973369808406,25.805997159907577,1.439105643788262,27.245102803695836
1.0,0.40880048478905573,0.5178144834275764,0.11788660637241304,8.08500700202672e-09,0.00010001,0.10039298700428871,2.0,59,8.023973370298075,25.805997161704987,1.4391056422763029,27.24510280398128
1.0,0.40880048981760203,0.5178144885866947,0.11788661065914062,-4.0820933354691065e-09,0.00010001490116119385,0.10039297970561602,2.0,59,8.023973374264608,25.80599717619834,1.4391056604909869,27.24510283668932
1.0,0.4088004701677329,0.5178144653294248,0.11788654503413973,1.5920503839272763e-07,0.0001,0.1003930195465941,2.0,59,8.023973373680322,25.805997177045292,1.439105573290212,27.24510275033551
1.0,0.4088004888313045,0.517814487600397,0.11788661022247947,-2.652709288931017e-09,0.00010001490116119385,0.10039298112625863,2.0,59,8.023973375763523,25.805997181497787,1.4391056549572956,27.245102836455075
0.99999999,0.4088004701677329,0.5178144653294248,0.11788654503413973,1.5920503839272763e-07,0.0001,0.10039300954659411,2.0,59,8.023973377934135,25.805997187519008,1.4391055909805164,27.24510277849952
1.0,0.40880047957844884,0.5178144769779305,0.11788658451326699,6.193971564224478e-08,0.00010001,0.1003929950376995,2.0,59,8.023973378260106,25.805997190931013,1.4391056176916996,27.24510280862271
1.0,0.40880048691672694,0.5178144856858196,0.11788660937484315,1.2197738964291997e-10,0.00010001490116119385,0.10039298388397665,2.0,59,8.023973378673182,25.805997191784957,1.439105644257844,27.2451028360428
1.0,0.40880048533815844,0.5178144841072511,0.11788660867596731,2.409705500657665e-09,0.00010001490116119385,0.10039298615771411,2.0,59,8.023973381072192,25.80599720026673,1.4391056361967673,27.245102836463495
1.0,0.4088004614189071,0.5178144468200131,0.11788650809580652,3.1371918348030144e-07,0.0001,0.10039302509316905,2.0,59,8.023973383533605,25.805997215193933,1.4391055466671971,27.245102761861133
1.0,0.4088004514189071,0.5178144568200131,0.11788650809580652,3.1371918348030144e-07,0.0001,0.10039302509316905,2.0,59,8.023973383533605,25.805997215193933,1.4391055466671974,27.245102761861133
1.0,0.4088004514189071,0.5178144468200131,0.11788651809580651,3.1371918348030144e-07,0.0001,0.10039302509316905,2.0,59,8.02397338713094,25.80599722735579,1.439105534738458,27.24510276209425
1.0,0.4088004514189071,0.5178144468200131,0.11788650809580652,3.2371918348030145e-07,0.0001,0.10039302509316905,2.0,59,8.023973387416413,25.805997228147213,1.439105534738458,27.245102762885676
1.0,0.4088004514189071,0.5178144468200131,0.11788650809580652,3.1371918348030144e-07,0.0001,0.10039302509316905,1.99999999,59,8.023973387794305,25.805997229002237,1.439105550689931,27.24510277969217
1.0,0.4088004514189071,0.5178144468200131,0.11788650809580652,3.1371918348030144e-07,0.0001,0.10039302509316905,2.0,59,8.023973387904839,25.80599722927981,1.4391055329996272,27.24510276227944
1.0,0.4088004701677329,0.5178144653294248,0.11788654503413973,1.5920503839272763e-07,0.00010001,0.10039300954659411,2.0,59,8.023973392640086,25.80599724371526,1.439105573290212,27.245102817005474
1.0,0.4088004514189071,0.5178144468200131,0.11788650809580652,3.1371918348030144e-07,0.0001,0.10039303509316905,2.0,59,8.023973392639805,25.805997247572645,1.4391055153093242,27.24510276288197
0.99999999,0.4088004514189071,0.5178144468200131,0.11788650809580652,3.1371918348030144e-07,0.0001,0.10039302509316905,2.0,59,8.023973396893616,25.805997258046354,1.4391055329996276,27.245102791045976
1.0,0.4088004514189071,0.5178144468200131,0.11788650809580652,3.1371918348030144e-07,0.00010001,0.10039302509316905,2.0,59,8.023973411599567,25.80599731424261,1.4391055153093242,27.245102829551925
1.0,0.4088004272840138,0.5178144131210071,0.1178864408443382,5.950340731594578e-07,0.0001,0.10039305339791109,2.0,59,8.023973418052034,25.80599734359897,1.4391054411048334,27.245102784703803
1.0,0.4088004172840138,0.5178144231210071,0.1178864408443382,5.950340731594578e-07,0.0001,0.10039305339791109,2.0,59,8.023973418052034,25.805997343598975,1.4391054411048336,27.245102784703803
1.0,0.4088004172840138,0.5178144131210071,0.1178864508443382,5.950340731594578e-07,0.0001,0.10039305339791109,2.0,59,8.023973421649371,25.805997355760834,1.4391054291760987,27.245102784936932
1.0,0.4088004172840138,0.5178144131210071,0.1178864408443382,6.050340731594578e-07,0.0001,0.10039305339791109,2.0,59,8.023973421934844,25.80599735655226,1.4391054291760987,27.245102785728356
1.0,0.4088004172840138,0.5178144131210071,0.1178864408443382,5.950340731594578e-07,0.0001,0.10039305339791109,1.99999999,59,8.023973422312734,25.805997357407282,1.439105445127568,27.245102802534856
1.0,0.4088004172840138,0.5178144131210071,0.1178864408443382,5.950340731594578e-07,0.0001,0.10039305339791109,2.0,59,8.023973422423268,25.805997357684856,1.4391054274372648,27.24510278512212
1.0,0.4088004172840138,0.5178144131210071,0.1178864408443382,5.950340731594578e-07,0.0001,0.10039306339791108,2.0,59,8.023973427158236,25.80599737597769,1.4391054097469613,27.245102785724647
0.99999999,0.4088004172840138,0.5178144131210071,0.1178864408443382,5.950340731594578e-07,0.0001,0.10039305339791109,2.0,59,8.023973431412045,25.805997386451395,1.439105427437265,27.24510281388866
1.0,0.4088004172840138,0.5178144131210071,0.1178864408443382,5.950340731594578e-07,0.00010001,0.10039305339791109,2.0,59,8.023973446117996,25.805997442647644,1.4391054097469613,27.24510285239461
1.0,0.40880036091956545,0.5178143674763075,0.11788632979691595,1.0595487391598453e-06,0.0001,0.1003931001354578,2.0,59,8.023973475049813,25.80599755562485,1.4391052667976034,27.24510282242246
1.0,0.40880037091956545,0.5178143574763074,0.11788632979691595,1.0595487391598453e-06,0.0001,0.1003931001354578,2.0,59,8.023973475049813,25.805997555624856,1.4391052667976034,27.24510282242246
1.0,0.40880036091956545,0.5178143574763074,0.11788633979691594,1.0595487391598453e-06,0.0001,0.1003931001354578,2.0,59,8.023973478647154,25.805997567786715,1.4391052548688752,27.24510282265559
1.0,0.40880036091956545,0.5178143574763074,0.11788632979691595,1.0695487391598453e-06,0.0001,0.1003931001354578,2.0,59,8.023973478932625,25.805997568578142,1.4391052548688752,27.245102823447017
1.0,0.40880036091956545,0.5178143574763074,0.11788632979691595,1.0595487391598453e-06,0.0001,0.1003931001354578,1.99999999,59,8.023973479310516,25.80599756943317,1.439105270820338,27.245102840253505
1.0,0.40880036091956545,0.5178143574763074,0.11788632979691595,1.0595487391598453e-06,0.0001,0.1003931001354578,2.0,59,8.023973479421054,25.80599756971074,1.439105253130036,27.245102822840774
1.0,0.40880036091956545,0.5178143574763074,0.11788632979691595,1.0595487391598453e-06,0.0001,0.10039311013545779,2.0,59,8.023973484156024,25.805997588003578,1.4391052354397336,27.245102823443315
0.99999999,0.40880036091956545,0.5178143574763074,0.11788632979691595,1.0595487391598453e-06,0.0001,0.1003931001354578,2.0,59,8.023973488409828,25.805997598477276,1.4391052531300361,27.245102851607314
1.0,0.40880036091956545,0.5178143574763074,0.11788632979691595,1.0595487391598453e-06,0.00010001,0.1003931001354578,2.0,59,8.023973503115776,25.80599765467353,1.4391052354397336,27.24510289011326
1.0,0.4088002832604473,0.517814270936557,0.11788615709374226,1.7819712449287004e-06,0.0001,0.10039317282262586,2.0,59,8.023973563693973,25.80599788537186,1.439104995711922,27.245102881083778
1.0,0.4088002732604473,0.517814280936557,0.11788615709374226,1.7819712449287004e-06,0.0001,0.10039317282262586,2.0,59,8.023973563693973,25.80599788537186,1.439104995711922,27.245102881083778
1.0,0.4088002732604473,0.517814270936557,0.11788616709374225,1.7819712449287004e-06,0.0001,0.10039317282262586,2.0,59,8.023973567291314,25.80599789753372,1.4391049837832044,27.245102881316924
1.0,0.4088002732604473,0.517814270936557,0.11788615709374226,1.7919712449287003e-06,0.0001,0.10039317282262586,2.0,59,8.023973567576787,25.80599789832515,1.4391049837832044,27.24510288210835
1.0,0.4088002732604473,0.517814270936557,0.11788615709374226,1.7819712449287004e-06,0.0001,0.10039317282262586,1.99999999,59,8.023973567954677,25.80599789918017,1.439104999734658,27.245102898914826
1.0,0.4088002732604473,0.517814270936557,0.11788615709374226,1.7819712449287004e-06,0.0001,0.10039317282262586,2.0,59,8.023973568065212,25.805997899457747,1.4391049820443573,27.245102881502103
1.0,0.4088002732604473,0.517814270936557,0.11788615709374226,1.7819712449287004e-06,0.0001,0.10039318282262585,2.0,59,8.023973572800188,25.80599791775059,1.4391049643540568,27.245102882104646
0.99999999,0.4088002732604473,0.517814270936557,0.11788615709374226,1.7819712449287004e-06,0.0001,0.10039317282262586,2.0,59,8.023973577053987,25.805997928224272,1.4391049820443576,27.245102910268635
1.0,0.4088002732604473,0.517814270936557,0.11788615709374226,1.7819712449287004e-06,0.00010001,0.10039317282262586,2.0,59,8.023973591759933,25.805997984420525,1.4391049643540568,27.245102948774587
1.0,0.40880013777296725,0.5178141471791914,0.11788589016066908,2.898560219356064e-06,0.0001,0.10039328516919564,2.0,59,8.02397370070411,25.805998395034905,1.4391045767180934,27.245102971752996
1.0,0.40880014777296725,0.5178141371791913,0.11788589016066908,2.898560219356064e-06,0.0001,0.10039328516919564,2.0,59,8.02397370070411,25.805998395034905,1.4391045767180934,27.245102971752996
1.0,0.40880013777296725,0.5178141371791913,0.11788590016066908,2.898560219356064e-06,0.0001,0.10039328516919564,2.0,59,8.02397370430146,25.805998407196782,1.4391045647893925,27.245102971986174
1.0,0.40880013777296725,0.5178141371791913,0.11788589016066908,2.908560219356064e-06,0.0001,0.10039328516919564,2.0,59,8.02397370458693,25.805998407988206,1.4391045647893925,27.245102972777595
1.0,0.40880013777296725,0.5178141371791913,0.11788589016066908,2.898560219356064e-06,0.0001,0.10039328516919564,1.99999999,59,8.02397370496482,25.805998408843227,1.4391045807408318,27.24510298958406
1.0,0.40880013777296725,0.5178141371791913,0.11788589016066908,2.898560219356064e-06,0.0001,0.10039328516919564,2.0,59,8.023973705075356,25.805998409120804,1.439104563050533,27.245102972171335
1.0,0.40880013777296725,0.5178141371791913,0.11788589016066908,2.898560219356064e-06,0.0001,0.10039329516919564,2.0,59,8.02397370981034,25.805998427413662,1.4391045453602338,27.245102972773893
0.99999999,0.40880013777296725,0.5178141371791913,0.11788589016066908,2.898560219356064e-06,0.0001,0.10039328516919564,2.0,59,8.023973714064129,25.805998437887332,1.4391045630505332,27.245103000937867
1.0,0.40880013777296725,0.5178141371791913,0.11788589016066908,2.898560219356064e-06,0.00010001,0.10039328516919564,2.0,59,8.023973728770073,25.805998494083575,1.4391045453602338,27.24510303944381
1.0,0.40879992599087994,0.5178139381014665,0.11788547291441591,4.643913690843189e-06,0.0001,0.10039346077945158,2.0,59,8.023973914866685,25.805999191695904,1.4391039217862662,27.245103113482173
1.0,0.40879993599087994,0.5178139281014664,0.11788547291441591,4.643913690843189e-06,0.0001,0.10039346077945158,2.0,59,8.023973914866685,25.805999191695904,1.439103921786266,27.245103113482166
1.0,0.40879992599087994,0.5178139281014664,0.1178854829144159,4.643913690843189e-06,0.0001,0.10039346077945158,2.0,59,8.023973918464039,25.805999203857798,1.4391039098575908,27.245103113715388
1.0,0.40879992599087994,0.5178139281014664,0.11788547291441591,4.653913690843189e-06,0.0001,0.10039346077945158,2.0,59,8.023973918749512,25.805999204649215,1.4391039098575908,27.245103114506808
1.0,0.40879992599087994,0.5178139281014664,0.11788547291441591,4.643913690843189e-06,0.0001,0.10039346077945158,1.99999999,59,8.023973919127402,25.805999205504243,1.4391039258090068,27.24510313131325
1.0,0.40879992599087994,0.5178139281014664,0.11788547291441591,4.643913690843189e-06,0.0001,0.10039346077945158,2.0,59,8.023973919237937,25.805999205781813,1.4391039081187114,27.24510311390053
1.0,0.40879992599087994,0.5178139281014664,0.11788547291441591,4.643913690843189e-06,0.0001,0.10039347077945157,2.0,59,8.023973923972935,25.805999224074696,1.4391038904284166,27.245103114503106
0.99999999,0.40879992599087994,0.5178139281014664,0.11788547291441591,4.643913690843189e-06,0.0001,0.10039346077945158,2.0,59,8.02397392822671,25.805999234548345,1.4391039081187116,27.245103142667052
1.0,0.40879992599087994,0.5178139281014664,0.11788547291441591,4.643913690843189e-06,0.00010001,0.10039346077945158,2.0,59,8.023973942932646,25.805999290744573,1.4391038904284166,27.24510318117299
1.0,0.4087991815483088,0.5178131936340165,0.1178844446674723,1.0631034360621377e-05,0.0001,0.10039410856977146,2.0,59,8.023974659587799,25.8060019936969,1.4391016031586101,27.24510359685551
1.0,0.4087991915483088,0.5178131836340164,0.1178844446674723,1.0631034360621377e-05,0.0001,0.10039410856977146,2.0,59,8.023974659587799,25.8060019936969,1.4391016031586101,27.24510359685551
1.0,0.4087991815483088,0.5178131836340164,0.1178844546674723,1.0631034360621377e-05,0.0001,0.10039410856977146,2.0,59,8.023974663185184,25.80600200585884,1.4391015912300305,27.245103597088868
1.0,0.4087991815483088,0.5178131836340164,0.1178844446674723,1.0641034360621377e-05,0.0001,0.10039410856977146,2.0,59,8.023974663470653,25.806002006650257,1.4391015912300305,27.245103597880284
1.0,0.4087991815483088,0.5178131836340164,0.1178844446674723,1.0631034360621377e-05,0.0001,0.10039410856977146,1.99999999,59,8.023974663848541,25.806002007505278,1.4391016071813603,27.245103614686634
1.0,0.4087991815483088,0.5178131836340164,0.1178844446674723,1.0631034360621377e-05,0.0001,0.10039410856977146,2.0,59,8.023974663959079,25.806002007782862,1.439101589491078,27.245103597273935
1.0,0.4087991815483088,0.5178131836340164,0.1178844446674723,1.0631034360621377e-05,0.0001,0.10039411856977146,2.0,59,8.023974668694127,25.806002026075806,1.4391015718007947,27.245103597876597
0.99999999,0.4087991815483088,0.5178131836340164,0.1178844446674723,1.0631034360621377e-05,0.0001,0.10039410856977146,2.0,59,8.023974672947839,25.806002036549362,1.4391015894910786,27.24510362604044
1.0,0.4087991815483088,0.5178131836340164,0.1178844446674723,1.0631034360621377e-05,0.00010001,0.10039410856977146,2.0,59,8.023974687653759,25.806002092745548,1.4391015718007947,27.245103664546342
1.0,0.40879753523751106,0.5178115472681998,0.11788217073243462,2.387135911967184e-05,0.0001,0.10039554113722488,2.0,59,8.023976306537614,25.806008190268905,1.439096475731478,27.245104666000383
1.0,0.40879754523751105,0.5178115372681997,0.11788217073243462,2.387135911967184e-05,0.0001,0.10039554113722488,2.0,59,8.023976306537614,25.806008190268905,1.4390964757314777,27.24510466600038
1.0,0.40879753523751106,0.5178115372681997,0.11788218073243462,2.387135911967184e-05,0.0001,0.10039554113722488,2.0,59,8.023976310135058,25.806008202430956,1.439096463803108,27.245104666234067
1.0,0.40879753523751106,0.5178115372681997,0.11788217073243462,2.3881359119671843e-05,0.0001,0.10039554113722488,2.0,59,8.023976310420524,25.806008203222365,1.439096463803108,27.24510466702547
1.0,0.40879753523751106,0.5178115372681997,0.11788217073243462,2.387135911967184e-05,0.0001,0.10039554113722488,1.99999999,59,8.023976310798409,25.806008204077372,1.439096479754248,27.245104683831624
1.0,0.40879753523751106,0.5178115372681997,0.11788217073243462,2.387135911967184e-05,0.0001,0.10039554113722488,2.0,59,8.023976310908955,25.80600820435497,1.4390964620639943,27.24510466641896
1.0,0.40879753523751106,0.5178115372681997,0.11788217073243462,2.387135911967184e-05,0.0001,0.10039555113722487,2.0,59,8.023976315644106,25.80600822264807,1.4390964443737402,27.245104667021813
0.99999999,0.40879753523751106,0.5178115372681997,0.11788217073243462,2.387135911967184e-05,0.0001,0.10039554113722488,2.0,59,8.02397631989769,25.806008233121425,1.4390964620639946,27.245104695185425
1.0,0.40879753523751106,0.5178115372681997,0.11788217073243462,2.387135911967184e-05,0.00010001,0.10039554113722488,2.0,59,8.023976334603566,25.806008289317525,1.4390964443737402,27.24510473369126
1.0,0.408794032331251,0.5178080242445399,0.11787731859841495,5.2123630679988826e-05,0.0001,0.10039859795686175,2.0,59,8.023979820913432,25.80602141271555,1.4390855354617211,27.245106948177277
1.0,0.408794022331251,0.5178080342445399,0.11787731859841495,5.2123630679988826e-05,0.0001,0.10039859795686175,2.0,59,8.023979820913432,25.80602141271555,1.4390855354617211,27.245106948177277
1.0,0.408794022331251,0.5178080242445399,0.11787732859841495,5.2123630679988826e-05,0.0001,0.10039859795686175,2.0,59,8.023979824511011,25.806021424877837,1.4390855235338003,27.245106948411635
1.0,0.408794022331251,0.5178080242445399,0.11787731859841495,5.213363067998883e-05,0.0001,0.10039859795686175,2.0,59,8.023979824796466,25.806021425669236,1.4390855235338003,27.245106949203034
1.0,0.408794022331251,0.5178080242445399,0.11787731859841495,5.2123630679988826e-05,0.0001,0.10039859795686175,1.99999999,59,8.023979825174344,25.806021426524225,1.4390855394845357,27.245106966008763
1.0,0.408794022331251,0.5178080242445399,0.11787731859841495,5.2123630679988826e-05,0.0001,0.10039859795686175,2.0,59,8.0239798252849,25.80602142680185,1.439085521794341,27.24510694859619
1.0,0.408794022331251,0.5178080242445399,0.11787731859841495,5.2123630679988826e-05,0.0001,0.10039860795686174,2.0,59,8.023979830020279,25.806021445095283,1.4390855041041468,27.24510694919943
0.99999999,0.408794022331251,0.5178080242445399,0.11787731859841495,5.2123630679988826e-05,0.0001,0.10039859795686175,2.0,59,8.023979834273584,25.80602145556821,1.4390855217943412,27.245106977362553
1.0,0.408794022331251,0.5178080242445399,0.11787731859841495,5.2123630679988826e-05,0.00010001,0.10039859795686175,2.0,59,8.02397984897937,25.8060215117641,1.4390855041041468,27.245107015868243
1.0,0.4087868694411867,0.5178008811154293,0.11786743880696854,0.00010965018492839051,0.0001,0.10040482217498499,2.0,59,8.02398697724205,25.80604833664009,1.439063261942103,27.245111598582195
1.0,0.4087868794411867,0.5178008711154293,0.11786743880696854,0.00010965018492839051,0.0001,0.10040482217498499,2.0,59,8.02398697724205,25.80604833664009,1.439063261942103,27.2451115985822
1.0,0.4087868694411867,0.5178008711154293,0.11786744880696853,0.00010965018492839051,0.0001,0.10040482217498499,2.0,59,8.023986980839895,25.80604834880286,1.4390632500150957,27.24511159881796
1.0,0.4087868694411867,0.5178008711154293,0.11786743880696854,0.0001096601849283905,0.0001,0.10040482217498499,2.0,59,8.023986981125335,25.80604834959422,1.4390632500150957,27.245111599609316
1.0,0.4087868694411867,0.5178008711154293,0.11786743880696854,0.00010965018492839051,0.0001,0.10040482217498499,1.99999999,59,8.023986981503194,25.806048350449178,1.4390632659650053,27.24511161641418
1.0,0.4087868694411867,0.5178008711154293,0.11786743880696854,0.00010965018492839051,0.0001,0.10040482217498499,2.0,59,8.023986981613776,25.806048350726858,1.4390632482749337,27.24511159900179
1.0,0.4087868694411867,0.5178008711154293,0.11786743880696854,0.00010965018492839051,0.0001,0.10040483217498498,2.0,59,8.023986986349618,25.806048369020964,1.4390632305848619,27.24511159960583
0.99999999,0.4087868694411867,0.5178008711154293,0.11786743880696854,0.00010965018492839051,0.0001,0.10040482217498499,2.0,59,8.02398699060236,25.80604837949304,1.4390632482749341,27.24511162776797
1.0,0.4087868694411867,0.5178008711154293,0.11786743880696854,0.00010965018492839051,0.00010001,0.10040482217498499,2.0,59,8.023987005307958,25.806048435688496,1.4390632305848619,27.24511166627336
1.0,0.4085749840434671,0.5175889873555315,0.11762978826472267,0.0022270342510993116,0.0001,0.10075654047488707,2.0,59,8.02425431614232,25.80709546043364,1.4381918476614437,27.24528730809508
1.0,0.4085749940434671,0.5175889773555314,0.11762978826472267,0.0022270342510993116,0.0001,0.10075654047488707,2.0,59,8.02425431614232,25.80709546043364,1.4381918476614435,27.245287308095083
1.0,0.4085749840434671,0.5175889773555314,0.11762979826472267,0.0022270342510993116,0.0001,0.10075654047488707,2.0,59,8.024254319750996,25.80709547261482,1.4381918357684136,27.245287308383233
1.0,0.4085749840434671,0.5175889773555314,0.11762978826472267,0.0022270442510993116,0.0001,0.10075654047488707,2.0,59,8.024254320035658,25.80709547340468,1.4381918357684136,27.245287309173094
1.0,0.4085749840434671,0.5175889773555314,0.11762978826472267,0.0022270342510993116,0.0001,0.10075654047488707,1.99999999,59,8.024254320412862,25.807095474258055,1.4381918516836798,27.245287325941746
1.0,0.4085749840434671,0.5175889773555314,0.11762978826472267,0.0022270342510993116,0.0001,0.10075654047488707,2.0,59,8.024254320524454,25.8070954745381,1.4381918340005253,27.24528730853863
1.0,0.4085749840434671,0.5175889773555314,0.11762978826472267,0.0022270342510993116,0.0001,0.10075655047488706,2.0,59,8.024254325280669,25.807095492862512,1.4381918163173695,27.245287309179883
0.99999999,0.4085749840434671,0.5175889773555314,0.11762978826472267,0.0022270342510993116,0.0001,0.10075654047488707,2.0,59,8.02425432950858,25.807095503296164,1.4381918340005255,27.245287337296684
1.0,0.4085749840434671,0.5175889773555314,0.11762978826472267,0.0022270342510993116,0.00010001,0.10075654047488707,2.0,59,8.024254344205984,25.807095559473424,1.4381918163173695,27.24528737579079
1.0,0.4081796610381468,0.5171936487485629,0.11718639420553899,0.006177521832899508,0.0001,0.10141275528175851,2.0,59,8.024755960141764,25.80905347253797,1.4365813068957414,27.245634779433715
1.0,0.4081796710381468,0.5171936387485628,0.11718639420553899,0.006177521832899508,0.0001,0.10141275528175851,2.0,59,8.024755960141764,25.809053472537972,1.4365813068957414,27.24563477943372
1.0,0.4081796610381468,0.5171936387485628,0.11718640420553898,0.006177521832899508,0.0001,0.10141275528175851,2.0,59,8.024755963770561,25.809053484753345,1.436581295066103,27.24563477981945
1.0,0.4081796610381468,0.5171936387485628,0.11718639420553899,0.006177531832899508,0.0001,0.10141275528175851,2.0,59,8.024755964053783,25.80905348554043,1.436581295066103,27.24563478060653
1.0,0.4081796610381468,0.5171936387485628,0.11718639420553899,0.006177521832899508,0.0001,0.10141275528175851,1.99999999,59,8.02475596442975,25.809053486390848,1.4365813109167342,27.245634797307588
1.0,0.4081796610381468,0.5171936387485628,0.11718639420553899,0.006177521832899508,0.0001,0.10141275528175851,2.0,59,8.024755964543234,25.809053486675296,1.4365812932464854,27.24563477992178
1.0,0.4081796610381468,0.5171936387485628,0.11718639420553899,0.006177521832899508,0.0001,0.10141276528175851,2.0,59,8.024755969337232,25.80905350505584,1.4365812755762364,27.245634780632077
0.99999999,0.4081796610381468,0.5171936387485628,0.11718639420553899,0.006177521832899508,0.0001,0.10141275528175851,2.0,59,8.024755973519069,25.80905351541826,1.4365812932464856,27.24563480866474
1.0,0.4081796610381468,0.5171936387485628,0.11718639420553899,0.006177521832899508,0.00010001,0.10141275528175851,2.0,59,8.02475598820126,25.809053571561673,1.4365812755762364,27.24563484713791
1.0,0.4419922629744154,0.5510062989697925,0.13342747215659395,0.08374759293113582,0.0001,0.16046075309331992,2.0,59,8.021249774729462,25.816646850612532,1.4549071703709875,27.27155402098352
1.0,0.4419922529744154,0.5510063089697925,0.13342747215659395,0.08374759293113582,0.0001,0.16046075309331992,2.0,59,8.021249774729464,25.816646850612532,1.4549071703709875,27.27155402098352
1.0,0.4419922529744154,0.5510062989697925,0.13342748215659395,0.08374759293113582,0.0001,0.16046075309331992,2.0,59,8.02124977848366,25.816646862515093,1.4549071589275915,27.271554021442686
1.0,0.4419922529744154,0.5510062989697925,0.13342747215659395,0.08374760293113581,0.0001,0.16046075309331992,2.0,59,8.021249778740742,25.816646863256743,1.4549071589275915,27.271554022184336
1.0,0.4419922529744154,0.5510062989697925,0.13342747215659395,0.08374759293113582,0.0001,0.16046075309331992,1.99999999,59,8.021249779063197,25.816646863976985,1.454907172233231,27.271554036210212
1.0,0.4419922529744154,0.5510062989697925,0.13342747215659395,0.08374759293113582,0.0001,0.16046075309331992,2.0,59,8.021249779237678,25.816646864408384,1.4549071557242588,27.271554020132648
1.0,0.4419922529744154,0.5510062989697925,0.13342747215659395,0.08374759293113582,0.0001,0.1604607630933199,2.0,59,8.021249785162896,25.81664688460466,1.4549071392152877,27.271554023819938
0.99999999,0.4419922529744154,0.5510062989697925,0.13342747215659395,0.08374759293113582,0.0001,0.16046075309331992,2.0,59,8.021249788017956,25.816646892842407,1.4549071557242592,27.271554048566664
1.0,0.4419922529744154,0.5510062989697925,0.13342747215659395,0.08374759293113582,0.00010001,0.16046075309331992,2.0,59,8.021249802339634,25.816646948312435,1.4549071392152877,27.271554087527726
1.0,0.40730947994792466,0.5163234941704162,0.11658691118392103,0.01411196871540675,0.0001,0.10498620942947756,2.0,59,8.026928908734991,25.817351191895412,1.4292806478905653,27.246631839785977
1.0,0.40730948994792465,0.5163234841704162,0.11658691118392103,0.01411196871540675,0.0001,0.10498620942947756,2.0,59,8.026928908734991,25.817351191895412,1.4292806478905653,27.246631839785973
1.0,0.40730947994792466,0.5163234841704162,0.11658692118392103,0.01411196871540675,0.0001,0.10498620942947756,2.0,59,8.026928912445866,25.817351204241962,1.4292806361947872,27.246631840436756
1.0,0.40730947994792466,0.5163234841704162,0.11658691118392103,0.01411197871540675,0.0001,0.10498620942947756,2.0,59,8.026928912722774,25.817351205016777,1.4292806361947872,27.246631841211567
1.0,0.40730947994792466,0.5163234841704162,0.11658691118392103,0.01411196871540675,0.0001,0.10498620942947756,1.99999999,59,8.02692891309776,25.817351205864448,1.4292806518669494,27.246631857731398
1.0,0.40730947994792466,0.5163234841704162,0.11658691118392103,0.01411196871540675,0.0001,0.10498620942947756,2.0,59,8.026928913215118,25.8173512061581,1.4292806342669786,27.246631840425074
1.0,0.40730947994792466,0.5163234841704162,0.11658691118392103,0.01411196871540675,0.0001,0.10498621942947756,2.0,59,8.026928918177436,25.817351224795267,1.4292806166670078,27.246631841462275
0.99999999,0.40730947994792466,0.5163234841704162,0.11658691118392103,0.01411196871540675,0.0001,0.10498620942947756,2.0,59,8.026928922153273,25.817351234830948,1.429280634266979,27.24663186909793
1.0,0.40730947994792466,0.5163234841704162,0.11658691118392103,0.01411196871540675,0.00010001,0.10498620942947756,2.0,59,8.026928936765534,25.817351290817037,1.4292806166670078,27.246631907484044
1.0,0.28636565068307784,0.3953794577069073,0.1050634022570508,-0.44838348017503027,0.0001,0.0001,2.0,59,8.12815401053759,26.08281598238513,1.5516114246428376,27.634427407027964
1.0,0.28636566068307784,0.3953794477069073,0.1050634022570508,-0.44838348017503027,0.0001,0.0001,2.0,59,8.12815401053759,26.08281598238513,1.5516114246428376,27.634427407027964
1.0,0.28636565068307784,0.3953794477069073,0.10506341225705079,-0.44838348017503027,0.0001,0.0001,2.0,59,8.128154016354754,26.082816000305762,1.5516114227504383,27.634427423056202
1.0,0.28636565068307784,0.3953794477069073,0.1050634022570508,-0.4483834701750303,0.0001,0.0001,2.0,59,8.128154016530424,26.08281600085318,1.5516114064237556,27.634427407276934
1.0,0.28636565068307784,0.3953794477069073,0.1050634022570508,-0.44838348017503027,0.0001,0.0001,2.0,59,8.1281540170882,26.082816002147247,1.5516114145870972,27.634427416734344
1.0,0.28636565068307784,0.3953794477069073,0.1050634022570508,-0.44838348017503027,0.0001,0.0001,1.99999999,59,8.128154017311898,26.082816002647835,1.5516114342498295,27.634427436897667
1.0,0.28636565068307784,0.3953794477069073,0.1050634022570508,-0.44838348017503027,0.0001,0.00010001,2.0,59,8.128154022611449,26.08281602133531,1.5516113949243628,27.634427416259676
0.99999999,0.28636565068307784,0.3953794477069073,0.1050634022570508,-0.44838348017503027,0.0001,0.0001,2.0,59,8.12815402556653,26.082816029600252,1.5516114145870972,27.63442744418735
1.0,0.28636565068307784,0.3953794477069073,0.1050634022570508,-0.44838348017503027,0.00010001,0.0001,2.0,59,8.12815403933599,26.082816082776105,1.5516113949243628,27.63442747770047
1.0,0.3549022012746725,0.4639161472620003,0.1300900739508659,-0.3254444650892577,0.0001,0.21390715311119857,2.0,59,8.181827966617181,26.265981692848232,1.254995055838155,27.52097674868639
1.0,0.3549022112746725,0.4639161372620003,0.1300900739508659,-0.3254444650892577,0.0001,0.21390715311119857,2.0,59,8.181827966617181,26.265981692848232,1.254995055838155,27.52097674868639
1.0,0.3549022012746725,0.4639161372620003,0.13009008395086588,-0.3254444650892577,0.0001,0.21390715311119857,2.0,59,8.181827972538366,26.265981708890585,1.254995050479719,27.520976759370306
1.0,0.3549022012746725,0.4639161372620003,0.1300900739508659,-0.3254444550892577,0.0001,0.21390715311119857,2.0,59,8.181827972595494,26.265981709207566,1.2549950370414498,27.520976746249012
1.0,0.3549022012746725,0.4639161372620003,0.1300900739508659,-0.3254444650892577,0.0001,0.21390715311119857,2.0,59,8.181827973198262,26.26598171061061,1.2549950437605846,27.52097675437119
1.0,0.3549022012746725,0.4639161372620003,0.1300900739508659,-0.3254444650892577,0.0001,0.21390715311119857,1.99999999,59,8.181827973347287,26.265981710925402,1.254995059218444,27.520976770143847
1.0,0.3549022012746725,0.4639161372620003,0.1300900739508659,-0.3254444650892577,0.0001,0.21390716311119856,2.0,59,8.181827981595111,26.265981733863512,1.2549950283027251,27.52097676216624
0.99999999,0.3549022012746725,0.4639161372620003,0.1300900739508659,-0.3254444650892577,0.0001,0.21390715311119857,2.0,59,8.181827980996601,26.265981736732655,1.2549950437605848,27.52097678049324
1.0,0.3549022012746725,0.4639161372620003,0.1300900739508659,-0.3254444650892577,0.00010001,0.21390715311119857,2.0,59,8.181827993656755,26.265981787026263,1.2549950283027251,27.52097681532899
1.0,0.44883950397171485,0.5578536204246367,0.16439203055419416,-0.15694228421914772,0.0001,0.5069546576786546,2.0,59,8.314364202498359,26.620926116879925,1.0625016985690372,27.683427815448958
1.0,0.44883949397171485,0.5578536304246368,0.16439203055419416,-0.15694228421914772,0.0001,0.5069546576786546,2.0,59,8.314364202498359,26.620926116879925,1.0625016985690376,27.683427815448958
1.0,0.44883949397171485,0.5578536204246367,0.16439204055419415,-0.15694228421914772,0.0001,0.5069546576786546,2.0,59,8.314364207023397,26.620926128441496,1.0625016884599947,27.68342781690149
1.0,0.44883949397171485,0.5578536204246367,0.16439203055419416,-0.15694227421914772,0.0001,0.5069546576786546,2.0,59,8.314364206957505,26.620926128496354,1.0625016789806327,27.68342780747698
1.0,0.44883949397171485,0.5578536204246367,0.16439203055419416,-0.15694228421914772,0.0001,0.5069546576786546,1.99999999,59,8.314364207629964,26.620926130030885,1.0625016934149052,27.68342782344579
1.0,0.44883949397171485,0.5578536204246367,0.16439203055419416,-0.15694228421914772,0.0001,0.5069546576786546,2.0,59,8.314364207612606,26.62092613003536,1.0625016837203138,27.683427813755674
1.0,0.44883949397171485,0.5578536204246367,0.16439203055419416,-0.15694228421914772,0.0001,0.5069546676786546,2.0,59,8.314364216222637,26.62092615209788,1.062501674025722,27.6834278261236
0.99999999,0.44883949397171485,0.5578536204246367,0.16439203055419416,-0.15694228421914772,0.0001,0.5069546576786546,2.0,59,8.31436421493409,26.620926154865593,1.062501683720314,27.683427838585906
1.0,0.44883949397171485,0.5578536204246367,0.16439203055419416,-0.15694228421914772,0.00010001,0.5069546576786546,2.0,59,8.314364227088687,26.62092620238967,1.062501674025722,27.68342787641539
1.0,0.22157841662497213,0.33059234274639804,0.07257453523807486,-0.33721374737597254,0.0001,0.14277601737188378,2.0,59,8.333011893426043,26.6630708464114,1.0711211636565,27.7341920100679
1.0,0.22157842662497212,0.33059233274639804,0.07257453523807486,-0.33721374737597254,0.0001,0.14277601737188378,2.0,59,8.333011893426043,26.6630708464114,1.0711211636565,27.7341920100679
1.0,0.22157841662497213,0.33059233274639804,0.07257454523807486,-0.33721374737597254,0.0001,0.14277601737188378,2.0,59,8.333011901808838,26.66307086826418,1.0711211615563585,27.73419202982054
1.0,0.22157841662497213,0.33059233274639804,0.07257453523807486,-0.33721373737597254,0.0001,0.14277601737188378,2.0,59,8.333011901752048,26.663070868320126,1.0711211494676043,27.734192017787734
1.0,0.22157841662497213,0.33059233274639804,0.07257453523807486,-0.33721374737597254,0.0001,0.14277601737188378,2.0,59,8.33301190241918,26.663070869885374,1.0711211555119813,27.734192025397356
1.0,0.22157841662497213,0.33059233274639804,0.07257453523807486,-0.33721374737597254,0.0001,0.14277601737188378,1.99999999,59,8.333011902658685,26.66307087042707,1.0711211723687526,27.734192042795826
1.0,0.22157841662497213,0.33059233274639804,0.07257453523807486,-0.33721374737597254,0.0001,0.14277602737188377,2.0,59,8.33301191036868,26.663070890975103,1.07112113865521,27.73419202963031
0.99999999,0.22157841662497213,0.33059233274639804,0.07257453523807486,-0.33721374737597254,0.0001,0.14277601737188378,2.0,59,8.333011909903181,26.663070894910593,1.0711211555119815,27.73419205042258
1.0,0.22157841662497213,0.33059233274639804,0.07257453523807486,-0.33721374737597254,0.00010001,0.14277601737188378,2.0,59,8.333011922286827,26.663070942830757,1.07112113865521,27.73419208148597
1.0,0.1675377982198364,0.2765518036835023,0.04547477067177624,-0.24448433382045634,0.0001,0.2617855992627163,2.0,59,8.51443377843999,27.131309391175396,0.7431853984869916,27.87449478966239
1.0,0.1675377882198364,0.2765518136835023,0.04547477067177624,-0.24448433382045634,0.0001,0.2617855992627163,2.0,59,8.51443377843999,27.131309391175396,0.7431853984869916,27.87449478966239
1.0,0.1675377882198364,0.2765518036835023,0.04547477067177624,-0.24448432382045635,0.0001,0.2617855992627163,2.0,59,8.51443378668247,27.131309412136275,0.7431853876597734,27.874494799796047
1.0,0.1675377882198364,0.2765518036835023,0.045474780671776245,-0.24448433382045634,0.0001,0.2617855992627163,2.0,59,8.51443378685656,27.13130941235247,0.7431853962135668,27.87449480856604
1.0,0.1675377882198364,0.2765518036835023,0.04547477067177624,-0.24448433382045634,0.0001,0.2617855992627163,2.0,59,8.514433787407008,27.131309413858247,0.7431853919366704,27.874494805794917
1.0,0.1675377882198364,0.2765518036835023,0.04547477067177624,-0.24448433382045634,0.0001,0.2617855992627163,1.99999999,59,8.514433787610006,27.131309414326118,0.7431854064529203,27.874494820779045
1.0,0.1675377882198364,0.2765518036835023,0.04547477067177624,-0.24448433382045634,0.0001,0.26178560926271627,2.0,59,8.514433794054558,27.13130943068834,0.7431853774204206,27.874494808108764
0.99999999,0.1675377882198364,0.2765518036835023,0.04547477067177624,-0.24448433382045634,0.0001,0.2617855992627163,2.0,59,8.514433794659682,27.131309437809588,0.7431853919366704,27.874494829746254
1.0,0.1675377882198364,0.2765518036835023,0.04547477067177624,-0.24448433382045634,0.00010001,0.2617855992627163,2.0,59,8.51443380714283,27.131309483533887,0.7431853774204206,27.8744948609543
1.0,0.18555362267028264,0.2945681434579333,0.012274444460842592,0.1643517332078098,0.0001,0.9344530594460305,1.8580477612747497,59,8.766150327955412,27.762710105268138,0.23531137882202005,27.998021484090163
1.0,0.18555363267028263,0.2945681334579333,0.012274444460842592,0.1643517332078098,0.0001,0.9344530594460305,1.8580477612747497,59,8.766150327955412,27.762710105268138,0.23531137882202005,27.998021484090163
1.0,0.18555362267028264,0.2945681334579333,0.012274444460842592,0.1643517432078098,0.0001,0.9344530594460305,1.8580477612747497,59,8.766150330447761,27.76271011156948,0.23531137434546034,27.998021485914936
1.0,0.18555362267028264,0.2945681334579333,0.012274454460842592,0.1643517332078098,0.0001,0.9344530594460305,1.8580477612747497,59,8.766150330809806,27.762710112203063,0.23531137434546034,27.99802148654852
1.0,0.18555362267028264,0.2945681334579333,0.012274444460842592,0.1643517332078098,0.0001,0.9344530594460305,1.8580477612747497,59,8.766150331388438,27.762710113841624,0.23531137174022418,27.99802148558185
1.0,0.18555362267028264,0.2945681334579333,0.012274444460842592,0.1643517332078098,0.0001,0.9344530594460305,1.8580477712747496,59,8.766150331603097,27.762710114359614,0.23531136766137367,27.998021482020985
1.0,0.18555362267028264,0.2945681334579333,0.012274444460842592,0.1643517332078098,0.0001,0.9344530694460306,1.8580477612747497,59,8.766150334115835,27.762710120609995,0.23531136766137367,27.998021488271366
0.99999999,0.18555362267028264,0.2945681334579333,0.012274444460842592,0.1643517332078098,0.0001,0.9344530594460305,1.8580477612747497,59,8.766150338697145,27.76271013696573,0.23531137174022435,27.99802150870596
1.0,0.18555362267028264,0.2945681334579333,0.012274444460842592,0.1643517332078098,0.00010001,0.9344530594460305,1.8580477612747497,59,8.766150352138602,27.762710181160983,0.23531136766137367,27.99802154882235
1.0,0.21716355573521628,0.3261781613120825,0.04778413998524382,0.2389790947349496,0.0001,1.0730437944932578,1.8125935769163892,59,8.771948530109686,27.776614798862095,0.2912102126791038,28.067825011541192
1.0,0.2171635457352163,0.3261781713120825,0.04778413998524382,0.2389790947349496,0.0001,1.0730437944932578,1.8125935769163892,59,8.771948530109686,27.776614798862095,0.2912102126791038,28.067825011541196
1.0,0.2171635457352163,0.3261781613120825,0.04778413998524382,0.2389791047349496,0.0001,1.0730437944932578,1.8125935769163892,59,8.771948531854944,27.776614803308025,0.2912102088945714,28.0678250122026
1.0,0.2171635457352163,0.3261781613120825,0.04778414998524382,0.2389790947349496,0.0001,1.0730437944932578,1.8125935769163892,59,8.771948532249766,27.77661480400333,0.2912102088945714,28.0678250128979
1.0,0.2171635457352163,0.3261781613120825,0.04778413998524382,0.2389790947349496,0.0001,1.0730437944932578,1.8125935769163892,59,8.771948532855532,27.77661480572445,0.2912102046648135,28.067825010389274
1.0,0.2171635457352163,0.3261781613120825,0.04778413998524382,0.2389790947349496,0.0001,1.0730437944932578,1.8125935869163892,59,8.77194853320942,27.776614806587787,0.29121020241764867,28.067825009005436
1.0,0.2171635457352163,0.3261781613120825,0.04778413998524382,0.2389790947349496,0.0001,1.0730438044932578,1.8125935769163892,59,8.771948535304178,27.776614811806414,0.29121020241764867,28.067825014224063
0.99999999,0.2171635457352163,0.3261781613120825,0.04778413998524382,0.2389790947349496,0.0001,1.0730437944932578,1.8125935769163892,59,8.77194854016128,27.776614828821316,0.29121020466481384,28.067825033486134
1.0,0.2171635457352163,0.3261781613120825,0.04778413998524382,0.2389790947349496,0.00010001,1.0730437944932578,1.8125935769163892,59,8.771948553635982,27.776614872983185,0.29121020241764867,28.06782507540084
1.0,0.18744891884062306,0.29646349227183444,-0.006187404559797846,0.21956223172692746,0.0001,1.0160359568090598,1.837418379454272,59,8.781144852702791,27.80067601929165,0.23137530698877776,28.03205132628043
1.0,0.18744892884062306,0.29646348227183444,-0.006187404559797846,0.21956223172692746,0.0001,1.0160359568090598,1.837418379454272,59,8.781144852702791,27.80067601929165,0.23137530698877776,28.03205132628043
1.0,0.18744891884062306,0.29646348227183444,-0.006187404559797846,0.21956224172692745,0.0001,1.0160359568090598,1.837418379454272,59,8.781144854755377,27.800676024496234,0.23137530318087698,28.03205132767711
1.0,0.18744891884062306,0.29646348227183444,-0.006187394559797846,0.21956223172692746,0.0001,1.0160359568090598,1.837418379454272,59,8.781144855135032,27.800676025166094,0.2313752965212627,28.032051321687355
1.0,0.18744891884062306,0.29646348227183444,-0.006187404559797846,0.21956223172692746,0.0001,1.0160359568090598,1.837418379454272,59,8.781144855725394,27.800676026840108,0.23137529985106978,28.032051326691175
1.0,0.18744891884062306,0.29646348227183444,-0.006187404559797846,0.21956223172692746,0.0001,1.0160359568090598,1.837418389454272,59,8.781144856005394,27.80067602750874,0.2313752969709718,28.03205132447971
1.0,0.18744891884062306,0.29646348227183444,-0.006187404559797846,0.21956223172692746,0.0001,1.0160359668090597,1.837418379454272,59,8.781144858133066,27.800676032816526,0.2313752969709718,28.032051329787496
0.99999999,0.18744891884062306,0.29646348227183444,-0.006187404559797846,0.21956223172692746,0.0001,1.0160359568090598,1.837418379454272,59,8.781144863064231,27.800676049974918,0.23137529985107003,28.032051349825984
1.0,0.18744891884062306,0.29646348227183444,-0.006187404559797846,0.21956223172692746,0.00010001,1.0160359568090598,1.837418379454272,59,8.781144876616045,27.800676094210772,0.2313752969709718,28.03205139118175
0.8601914371712304,0.7804093956947327,0.8894240111112595,0.9692186489701271,-0.8875254839658737,0.19603617276685936,0.805582953353102,0.6429934577234675,59,9.059394270621327,28.63635703715345,6.463052867906926,35.09940990506037
0.8601914271712303,0.7804093956947327,0.8894240211112595,0.9692186489701271,-0.8875254839658737,0.19603617276685936,0.805582953353102,0.6429934577234675,59,9.059394276208405,28.636357054401124,6.463052900785674,35.0994099551868
0.8601914271712303,0.7804094056947327,0.8894240111112595,0.9692186489701271,-0.8875254839658737,0.19603617276685936,0.805582953353102,0.6429934577234675,59,9.059394276208407,28.636357054401124,6.463052900785674,35.0994099551868
0.8601914271712303,0.7804093956947327,0.8894240111112595,0.9692186489701271,-0.8875254739658737,0.19603617276685936,0.805582953353102,0.6429934577234675,59,9.05939427618634,28.6363570553316,6.463052848768655,35.099409904100256
0.8601914271712303,0.7804093956947327,0.8894240111112595,0.9692186589701272,-0.8875254839658737,0.19603617276685936,0.805582953353102,0.6429934577234675,59,9.059394277731446,28.636357056450645,6.463052903542605,35.09940995999327
0.8601914271712303,0.7804093956947327,0.8894240111112595,0.9692186489701271,-0.8875254839658737,0.19603617276685936,0.805582953353102,0.6429934677234675,59,9.059394278447233,28.636357063371648,6.463052849499677,35.09940991287132
0.8601914271712303,0.7804093956947327,0.8894240111112595,0.9692186489701271,-0.8875254839658737,0.19603617276685936,0.805582953353102,0.6429934577234675,59,9.059394280712821,28.636357064584757,6.46305287615563,35.09940994074039
0.8601914271712303,0.7804093956947327,0.8894240111112595,0.9692186489701271,-0.8875254839658737,0.19603617276685936,0.805582953353102,0.6429934577234675,59,9.059394280712821,28.636357064584757,6.46305287615563,35.09940994074039
0.8601914271712303,0.7804093956947327,0.8894240111112595,0.9692186489701271,-0.8875254839658737,0.19603617276685936,0.8055829633531021,0.6429934577234675,59,9.059394293032854,28.636357092221584,6.463052849499677,35.09940994172126
0.8601914271712303,0.7804093956947327,0.8894240111112595,0.9692186489701271,-0.8875254839658737,0.19603618276685936,0.805582953353102,0.6429934577234675,59,9.059394313354717,28.63635715245398,6.463052849499677,35.09941000195366
0.9322007198606032,0.036337789790852115,0.1453524052073789,-0.022413020231371927,0.08465636016725198,0.09511801754670127,0.7550623287718572,1.3419281921034394,59,9.193800496139405,28.965941001835777,0.6881713048153825,29.654112306651164
0.9322007098606031,0.03633779979085212,0.1453524052073789,-0.022413020231371927,0.08465636016725198,0.09511801754670127,0.7550623287718572,1.3419281921034394,59,9.193800502614108,28.96594102133432,0.6881713114954707,29.654112332829794
0.9322007098606031,0.036337789790852115,0.1453524152073789,-0.022413020231371927,0.08465636016725198,0.09511801754670127,0.7550623287718572,1.3419281921034394,59,9.193800502614108,28.96594102133432,0.6881713114954707,29.654112332829794
0.9322007098606031,0.036337789790852115,0.1453524052073789,-0.022413020231371927,0.08465637016725197,0.09511801754670127,0.7550623287718572,1.3419281921034394,59,9.193800505842896,28.965941028939444,0.6881713103948137,29.65411233933426
0.9322007098606031,0.036337789790852115,0.1453524052073789,-0.022413010231371926,0.08465636016725198,0.09511801754670127,0.7550623287718572,1.3419281921034394,59,9.193800506230097,28.965941029221568,0.688171307236267,29.65411233645784
0.9322007098606031,0.036337789790852115,0.1453524052073789,-0.022413020231371927,0.08465636016725198,0.09511801754670127,0.7550623287718572,1.3419281921034394,59,9.193800507656375,28.9659410329413,0.6881713088155402,29.65411234175684
0.9322007098606031,0.036337789790852115,0.1453524052073789,-0.022413020231371927,0.08465636016725198,0.09511801754670127,0.7550623287718572,1.3419282021034393,59,9.193800507820558,28.965941033277442,0.6881712929270085,29.65411232620445
0.9322007098606031,0.036337789790852115,0.1453524052073789,-0.022413020231371927,0.08465636016725198,0.09511801754670127,0.7550623387718572,1.3419281921034394,59,9.193800509174409,28.96594103641347,0.6881712929270085,29.654112329340478
0.9322007098606031,0.036337789790852115,0.1453524052073789,-0.022413020231371927,0.08465636016725198,0.09511802754670126,0.7550623287718572,1.3419281921034394,59,9.1938005439132,28.965941131119667,0.6881712929270085,29.654112424046673
1.0,-0.6642319813424093,-0.5552173659258826,-0.9560693592568001,1.0,0.0001,0.7074953813452299,2.0,59,9.65647408997584,29.977124326501865,4.0026076892997065,33.979732015801574
1.0,-0.6642319713424093,-0.5552173659258826,-0.9560693592568001,1.0,0.0001,0.7074953713452299,2.0,59,9.656474096913072,29.97712434349268,4.002607677063452,33.979732020556135
1.0,-0.6642319813424093,-0.5552173559258825,-0.9560693592568001,1.0,0.0001,0.7074953713452299,2.0,59,9.656474096913072,29.97712434349268,4.002607677063452,33.979732020556135
1.0,-0.6642319813424093,-0.5552173659258826,-0.9560693592568001,1.0,0.0001,0.7074953713452299,1.99999999,59,9.65647410291662,29.9771243583667,4.002607700800954,33.97973205916765
1.0,-0.6642319813424093,-0.5552173659258826,-0.9560693492568001,1.0,0.0001,0.7074953713452299,2.0,59,9.656474103287366,29.977124359003877,4.002607666198308,33.97973202520218
1.0,-0.6642319813424093,-0.5552173659258826,-0.9560693592568001,1.0,0.0001,0.7074953713452299,2.0,59,9.656474103695988,29.977124360181055,4.002607695050329,33.97973205523138
1.0,-0.6642319813424093,-0.5552173659258826,-0.9560693592568001,0.99999999,0.0001,0.7074953713452299,2.0,59,9.656474104613242,29.977124362531253,4.002607666198308,33.979732028729565
0.99999999,-0.6642319813424093,-0.5552173659258826,-0.9560693592568001,1.0,0.0001,0.7074953713452299,2.0,59,9.656474112815552,29.977124383285666,4.002607695050329,33.97973207833599
1.0,-0.6642319813424093,-0.5552173659258826,-0.9560693592568001,1.0,0.00010001,0.7074953713452299,2.0,59,9.656474132726533,29.977124428794717,4.0026076892997065,33.97973211809443
0.46515822410583496,0.7710672318935394,0.8800818473100662,0.5741854459047318,-0.896867647767067,0.8653940075634581,1.4749407894677042,0.5869602525232893,59,12.387150866648136,36.080854410326005,4.455651532658686,40.53650594298469
-0.23197390884160995,0.5235999617725611,-0.058616966009140015,0.6381548941135406,-0.7917792052030563,0.6166724296736859,0.8639292302060269,0.7013397397923611,59,12.732993214960612,36.81486008855815,6.89342731815273,43.70828740671088
-0.23197390884160995,0.5235999617725611,-0.2819955348968506,0.6381548941135406,-0.7917792052030563,0.6166724296736859,0.8639292302060269,0.7013397397923611,59,12.850024585724995,37.0479749128911,7.122057888680854,44.17003280157194
-0.23197390884160995,0.5235999617725611,-0.058616966009140015,0.13253730535507202,-0.31139618158340454,0.5363916070928778,0.8639292302060269,0.7013397397923611,59,12.890884778783704,37.1566379616694,5.66629409092016,42.82293205258955
-0.23197390884160995,0.5235999617725611,-0.058616966009140015,0.13253730535507202,-0.31139618158340454,0.5363916070928778,1.320274647347036,0.40454083483656267,59,12.934843626009846,37.23780688182319,5.409448649667111,42.6472555314903
-0.23197390884160995,0.5235999617725611,-0.058616966009140015,0.13253730535507202,-0.31139618158340454,0.5363916070928778,1.320274647347036,0.7013397397923611,59,12.993034406029262,37.3616069710467,5.064833323596385,42.42644029464308
-0.23197390884160995,0.5235999617725611,-0.058616966009140015,0.13253730535507202,-0.31139618158340454,0.6166724296736859,0.8639292302060269,0.7013397397923611,59,13.066657325887604,37.513206653271254,5.5307968098250075,43.04400346309627
-0.23197390884160995,0.5235999617725611,-0.058616966009140015,0.13253730535507202,-0.7917792052030563,0.6166724296736859,0.8639292302060269,0.7013397397923611,59,13.116253939002245,37.60574047795503,6.0155438120879445,43.62128429004297
-0.23197390884160995,-0.3910101503133774,-0.2819955348968506,0.6381548941135406,-0.7917792052030563,0.6166724296736859,0.8639292302060269,0.7013397397923611,59,13.390490276794846,38.12612208918955,6.977472892883401,45.103594982072956
0.7075217366218567,-0.9454502761363983,-0.8364356607198715,0.8165489435195923,-0.6133851557970047,1.4168664756121832,1.6641232814107112,1.5015337909970454,59,13.905836579328161,39.197343069012796,6.564618429800426,45.76196149881322
-0.7380381375551224,-0.3910101503133774,-0.2819955348968506,0.6381548941135406,-0.7917792052030563,0.6166724296736859,0.8639292302060269,0.7013397397923611,59,14.15377908582061,39.68785069974532,11.411372616695731,51.09922331644104
0.8270378788001835,-0.38213180704042315,-0.7580384979955852,0.936065100133419,-0.7514788284897804,1.7200828337464071,1.0847083056334932,1.3618612239126642,59,14.25095267737421,39.889209373953726,4.48564221536639,44.374851589320116
-0.4409392774105072,0.3498910367488861,-0.02601565420627594,-0.3319120556116104,0.6819561552256346,1.3217178181786484,0.6863432888914294,1.043284064380822,59,14.483694184438619,40.36180106400373,6.990005600920604,47.35180666492433
0.20414734311859095,-0.8101911153419186,0.619070961101956,-0.5337934642808901,0.21156839117751658,1.4230922913946025,0.7631555257519913,1.1299338911984325,59,14.500593336004497,40.396731261645726,3.8830663276184074,44.27979758926413
0.5767375122799652,-0.1526381607448406,-0.7215358712991555,-0.5074384367205416,0.4395001503039204,1.8765548585827023,1.672560256822031,1.8414117669296832,59,14.538729656746156,40.472966721450476,7.372764755616348,47.84573147706683
-0.40314534306526184,0.38768497109413147,0.011778280138969421,-0.7081803679466248,-0.3957242965698242,0.9201996118876283,0.2602628410908525,0.5374157562557889,59,14.546835289893504,40.48956382863462,8.440853826628292,48.93041765526291
0.6001787632703781,-0.6089909225702286,-0.9848976135253906,-0.13776203989982605,0.6075998097658157,1.1143237139004276,0.4543869431036518,1.8283340863732245,59,15.33457509914198,42.06892455627968,2.909928484812595,44.97885304109227
