Vᵢᵢ,Ʌᵢᵢ,αᵢⱼ,βᵢⱼ,γ1,γ3,n_data,raw_ssr_sum,raw_neglogprob_sum,param_penalty_sum,loss_final_sum
0.45687297555324075,-0.5343812754931355,-0.2887404808010303,-0.00982101557901503,2.0,0.0001,39,8.805069237184915,24.732251126156953,2.037395622090929,26.769646748247883
0.45687297555324075,-0.5343812754931355,-0.2887404808010303,-0.00982102557901503,2.0,0.0001,39,8.80506923773592,24.73225112772982,2.037395624852622,26.76964675258244
0.45687297555324075,-0.5343812754931355,-0.2887404708010303,-0.00982102557901503,2.0,0.0001,39,8.805069238844686,24.73225112988473,2.037395622090929,26.769646751975664
0.45687297555324075,-0.5343812754931355,-0.2887404808010303,-0.00982102557901503,2.0,0.00010001,39,8.805069238968677,24.7322511300285,2.0373956248544722,26.76964675488297
0.45687297555324075,-0.5343812754931355,-0.2887404808010303,-0.00982102557901503,1.99999999,0.0001,39,8.805069239396815,24.732251131332962,2.037395624850772,26.769646756183732
0.45687298555324074,-0.5343812754931355,-0.2887404808010303,-0.00982102557901503,2.0,0.0001,39,8.805069245486145,24.732251146123602,2.037395605635671,26.769646751759275
0.45687297555324075,-0.5343812654931355,-0.2887404808010303,-0.00982102557901503,2.0,0.0001,39,8.805069245486145,24.732251146123605,2.0373956056356697,26.76964675175927
0.4497680779850514,-0.5306446222845772,-0.2577096031915588,0.00019643901687542529,2.0,0.0001,39,8.805937851916774,24.732290545692234,2.0334102668908947,26.76570081258313
0.4497680779850514,-0.5306446222845772,-0.2577096031915588,0.0001964290168754253,2.0,0.0001,39,8.805937852393594,24.732290547116932,2.0334102645052634,26.765700811622196
0.4497680779850514,-0.5306446222845772,-0.2577096031915588,0.0001964290168754253,2.0,0.00010001,39,8.805937853474092,24.73229054912512,2.0334102645071135,26.765700813632233
0.4497680779850514,-0.5306446222845772,-0.2577095931915588,0.0001964290168754253,2.0,0.0001,39,8.805937853645405,24.732290549518112,2.0334102621196335,26.76570081163775
0.4497680779850514,-0.5306446222845772,-0.2577096031915588,0.0001964290168754253,1.99999999,0.0001,39,8.805937853927796,24.732290550472516,2.0334102645034133,26.76570081497593
0.4497680879850514,-0.5306446222845772,-0.2577096031915588,0.0001964290168754253,2.0,0.0001,39,8.805937858180414,24.732290561554375,2.033410245257156,26.765700806811534
0.4497680779850514,-0.5306446122845772,-0.2577096031915588,0.0001964290168754253,2.0,0.0001,39,8.805937858180414,24.73229056155438,2.0334102452571545,26.765700806811534
0.4570293711708856,-0.5336004082927964,-0.2861873265782865,0.0004987256962531378,2.0,0.0001,39,8.805543972394654,24.732975877556026,2.032380485461827,26.765356363017855
0.4570293711708856,-0.5336004082927964,-0.2861873265782865,0.0004987156962531378,2.0,0.0001,39,8.805543972897436,24.732975879033543,2.032380482809981,26.765356361843523
0.4570293711708856,-0.5336004082927964,-0.2861873165782865,0.0004987156962531378,2.0,0.0001,39,8.805543973992442,24.732975881169835,2.032380480158135,26.765356361327967
0.4570293711708856,-0.5336004082927964,-0.2861873265782865,0.0004987156962531378,2.0,0.00010001,39,8.805543974093325,24.73297588125355,2.0323804828118313,26.76535636406538
0.4570293711708856,-0.5336004082927964,-0.2861873265782865,0.0004987156962531378,1.99999999,0.0001,39,8.80554397455947,24.732975882647096,2.032380482808132,26.765356365455226
0.4570293811708856,-0.5336004082927964,-0.2861873265782865,0.0004987156962531378,2.0,0.0001,39,8.805543980877124,24.732975898002024,2.032380463601698,26.76535636160373
0.4570293711708856,-0.5336003982927964,-0.2861873265782865,0.0004987156962531378,2.0,0.0001,39,8.805543980877124,24.732975898002028,2.0323804636016995,26.76535636160373
0.45539040556307014,-0.532802833511203,-0.2797782921179641,-0.004801513543881117,2.0,0.0001,39,8.805884336750891,24.7336175824586,2.0334404877325487,26.76705807019115
0.45539040556307014,-0.532802833511203,-0.2797782921179641,-0.004801523543881117,2.0,0.0001,39,8.805884337307262,24.73361758404556,2.033440490364912,26.76705807441047
0.45539040556307014,-0.532802833511203,-0.2797782921179641,-0.004801523543881117,2.0,0.00010001,39,8.80588433848349,24.73361758623421,2.033440490366763,26.767058076600975
0.45539040556307014,-0.532802833511203,-0.2797782821179641,-0.004801523543881117,2.0,0.0001,39,8.805884338471255,24.73361758631371,2.0334404877325487,26.76705807404627
0.45539040556307014,-0.532802833511203,-0.2797782921179641,-0.004801523543881117,1.99999999,0.0001,39,8.80588433896978,24.733617587663574,2.0334404903630623,26.767058078026636
0.45539040556307014,-0.5328028235112029,-0.2797782921179641,-0.004801523543881117,2.0,0.0001,39,8.805884345116183,24.733617602677434,2.0334404711488467,26.767058073826284
0.45539041556307014,-0.532802833511203,-0.2797782921179641,-0.004801523543881117,2.0,0.0001,39,8.805884345116183,24.733617602677434,2.0334404711488467,26.767058073826277
0.4588155531243843,-0.5390535079317753,-0.31202391644078364,-0.07196636641914816,2.0,0.0001,39,8.8048191387831,24.734108437012672,2.06961280900284,26.803721246015517
0.4588155531243843,-0.5390535079317753,-0.31202391644078364,-0.07196637641914816,2.0,0.0001,39,8.804819139713338,24.734108439340826,2.06961281255475,26.803721251895574
0.4588155531243843,-0.5390535079317753,-0.31202390644078365,-0.07196637641914816,2.0,0.0001,39,8.80481914090591,24.734108441646118,2.06961280900284,26.80372125064896
0.4588155531243843,-0.5390535079317753,-0.31202391644078364,-0.07196637641914816,2.0,0.00010001,39,8.804819141196079,24.734108442165358,2.069612812556601,26.80372125472196
0.4588155531243843,-0.5390535079317753,-0.31202391644078364,-0.07196637641914816,1.99999999,0.0001,39,8.804819141475118,24.734108443110113,2.0696128125529003,26.803721255663014
0.4588155631243843,-0.5390535079317753,-0.31202391644078364,-0.07196637641914816,2.0,0.0001,39,8.804819147884334,24.73410845810687,2.069612793312549,26.803721251419418
0.4588155531243843,-0.5390534979317753,-0.31202391644078364,-0.07196637641914816,2.0,0.0001,39,8.804819147884334,24.73410845810687,2.069612793312549,26.803721251419418
0.4544322302111994,-0.5317702724738628,-0.2739824539914553,-0.0019381781036664882,2.0,0.0001,39,8.806467944773157,24.734637339785,2.031052820134445,26.76569015991944
0.4544322302111994,-0.5317702724738628,-0.2739824539914553,-0.0019381881036664881,2.0,0.0001,39,8.80646794533755,24.734637341390293,2.0310528226867106,26.765690164077004
0.4544322302111994,-0.5317702724738628,-0.2739824539914553,-0.0019381881036664881,2.0,0.00010001,39,8.806467946477914,24.73463734350942,2.031052822688561,26.765690166197984
0.4544322302111994,-0.5317702724738628,-0.2739824439914553,-0.0019381881036664881,2.0,0.0001,39,8.806467946539872,24.734637343737216,2.031052820134445,26.765690163871657
0.4544322302111994,-0.5317702724738628,-0.2739824539914553,-0.0019381881036664881,1.99999999,0.0001,39,8.806467947003297,24.73463734502251,2.031052822684861,26.765690167707373
0.4544322302111994,-0.5317702624738627,-0.2739824539914553,-0.0019381881036664881,2.0,0.0001,39,8.806467953210909,24.734637360231414,2.0310528034713333,26.76569016370275
0.4544322402111994,-0.5317702724738628,-0.2739824539914553,-0.0019381881036664881,2.0,0.0001,39,8.80646795321091,24.734637360231414,2.0310528034713338,26.765690163702747
0.45746428194643973,-0.5384555609538983,-0.3077717002104463,-0.07633534788703367,2.0,0.0001,39,8.805142402418564,24.73474236998064,2.0711041133127566,26.805846483293394
0.45746428194643973,-0.5384555609538983,-0.3077717002104463,-0.07633535788703366,2.0,0.0001,39,8.80514240338437,24.734742372380815,2.071104116865747,26.805846489246566
0.45746428194643973,-0.5384555609538983,-0.3077716902104463,-0.07633535788703366,2.0,0.0001,39,8.805142404623009,24.734742374771738,2.0711041133127566,26.805846488084498
0.45746428194643973,-0.5384555609538983,-0.3077717002104463,-0.07633535788703366,2.0,0.00010001,39,8.805142404857708,24.734742375192873,2.071104116867597,26.805846492060468
0.45746428194643973,-0.5384555609538983,-0.3077717002104463,-0.07633535788703366,1.99999999,0.0001,39,8.80514240514125,24.734742376140257,2.0711041168638973,26.805846493004154
0.45746428194643973,-0.5384555509538983,-0.3077717002104463,-0.07633535788703366,2.0,0.0001,39,8.805142411350568,24.73474239071522,2.0711040976165775,26.8058464883318
0.4574642919464397,-0.5384555609538983,-0.3077717002104463,-0.07633535788703366,2.0,0.0001,39,8.805142411350568,24.734742390715226,2.0711040976165775,26.8058464883318
0.45403775276823904,-0.5313642252820179,-0.27169371867450104,-0.0012703720065823229,2.0,0.0001,39,8.806716320233392,24.73509271460707,2.0302800432961488,26.765372757903222
0.45403775276823904,-0.5313642252820179,-0.27169371867450104,-0.0012703820065823228,2.0,0.0001,39,8.806716320804911,24.735092716227605,2.030280045821067,26.765372762048674
0.45403775276823904,-0.5313642252820179,-0.27169371867450104,-0.0012703820065823228,2.0,0.00010001,39,8.806716321931995,24.73509271832135,2.0302800458229173,26.765372764144267
0.45403775276823904,-0.5313642252820179,-0.27169370867450104,-0.0012703820065823228,2.0,0.0001,39,8.806716322024666,24.735092718610193,2.0302800432961488,26.76537276190634
0.45403775276823904,-0.5313642252820179,-0.27169371867450104,-0.0012703820065823228,1.99999999,0.0001,39,8.806716322473156,24.735092719867882,2.0302800458192167,26.7653727656871
0.45403776276823904,-0.5313642252820179,-0.27169371867450104,-0.0012703820065823228,2.0,0.0001,39,8.806716328712955,24.735092735169076,2.030280026605797,26.765372761774863
0.45403775276823904,-0.5313642152820178,-0.27169371867450104,-0.0012703820065823228,2.0,0.0001,39,8.806716328712955,24.735092735169076,2.030280026605797,26.76537276177487
0.4535924119579805,-0.5308971765995026,-0.26906499525628486,-0.00028112233291992174,2.0,0.0001,39,8.806999804274918,24.73560437353961,2.02933087677152,26.764935250311133
0.4535924119579805,-0.5308971765995026,-0.26906499525628486,-0.00028113233291992174,2.0,0.0001,39,8.806999804852731,24.73560437517381,2.029330879262972,26.76493525443678
0.4535924119579805,-0.5308971765995026,-0.26906499525628486,-0.00028113233291992174,2.0,0.00010001,39,8.806999805964203,24.73560437723753,2.029330879264822,26.764935256502344
0.4535924119579805,-0.5308971765995026,-0.26906498525628486,-0.00028113233291992174,2.0,0.0001,39,8.806999806091417,24.735604377595177,2.02933087677152,26.764935254366694
0.4535924119579805,-0.5308971765995026,-0.26906499525628486,-0.00028113233291992174,1.99999999,0.0001,39,8.80699980652326,24.735604378822156,2.0293308792611224,26.764935258083277
0.4535924119579805,-0.5308971665995026,-0.26906499525628486,-0.00028113233291992174,2.0,0.0001,39,8.80699981279622,24.735604394221948,2.029330860047903,26.764935254269854
0.4535924219579805,-0.5308971765995026,-0.26906499525628486,-0.00028113233291992174,2.0,0.0001,39,8.80699981279622,24.73560439422195,2.029330860047903,26.764935254269858
0.4534456443005878,-0.5307495205011268,-0.26823119050812294,-0.00012564261070639846,2.0,0.0001,39,8.807095066085141,24.73578307651846,2.0290831468312,26.764866223349664
0.4534456443005878,-0.5307495205011268,-0.26823119050812294,-0.00012565261070639845,2.0,0.0001,39,8.807095066666307,24.735783078159738,2.029083149313501,26.76486622747324
0.4534456443005878,-0.5307495205011268,-0.26823119050812294,-0.00012565261070639845,2.0,0.00010001,39,8.807095067773117,24.735783080214624,2.029083149315351,26.76486622952997
0.4534456443005878,-0.5307495205011268,-0.26823118050812295,-0.00012565261070639845,2.0,0.0001,39,8.807095067911783,24.735783080594967,2.0290831468312,26.764866227426168
0.4534456443005878,-0.5307495205011268,-0.26823119050812294,-0.00012565261070639845,1.99999999,0.0001,39,8.807095068337981,24.735783081811487,2.0290831493116515,26.76486623112314
0.4534456443005878,-0.5307495105011267,-0.26823119050812294,-0.00012565261070639845,2.0,0.0001,39,8.807095074624247,24.7357830972479,2.02908313009844,26.764866227346335
0.4534456543005878,-0.5307495205011268,-0.26823119050812294,-0.00012565261070639845,2.0,0.0001,39,8.807095074624248,24.7357830972479,2.02908313009844,26.764866227346335
0.45342022762629636,-0.53073230773482,-0.268133336510325,-0.00036590042543950925,2.0,0.0001,39,8.8071147271452,24.735830758799693,2.029134269009948,26.764965027809637
0.45342022762629636,-0.53073230773482,-0.268133336510325,-0.00036591042543950925,2.0,0.0001,39,8.80711472772904,24.735830760446422,2.0291342714935663,26.764965031939987
0.45342022762629636,-0.53073230773482,-0.268133336510325,-0.00036591042543950925,2.0,0.00010001,39,8.807114728835751,24.73583076250134,2.0291342714954164,26.76496503399676
0.45342022762629636,-0.53073230773482,-0.268133326510325,-0.00036591042543950925,2.0,0.0001,39,8.807114728976629,24.73583076288592,2.029134269009948,26.764965031895866
0.45342022762629636,-0.53073230773482,-0.268133336510325,-0.00036591042543950925,1.99999999,0.0001,39,8.807114729401595,24.735830764100104,2.029134271491716,26.76496503559182
0.45342023762629635,-0.53073230773482,-0.268133336510325,-0.00036591042543950925,2.0,0.0001,39,8.807114735694897,24.735830779551556,2.0291342522784297,26.764965031829988
0.45342022762629636,-0.53073229773482,-0.268133336510325,-0.00036591042543950925,2.0,0.0001,39,8.807114735694897,24.735830779551556,2.0291342522784297,26.764965031829988
0.4533643010707865,-0.5306727733270578,-0.2677953436304899,-0.00017726973286067397,2.0,0.0001,39,8.807148789418658,24.735889111452252,2.028996671569466,26.76488578302172
0.4533643010707865,-0.5306727733270578,-0.2677953436304899,-0.00017727973286067397,2.0,0.0001,39,8.807148790002715,24.735889113099528,2.028996674048213,26.76488578714774
0.4533643010707865,-0.5306727733270578,-0.2677953436304899,-0.00017727973286067397,2.0,0.00010001,39,8.807148791107325,24.735889115150357,2.028996674050063,26.764885789200417
0.4533643010707865,-0.5306727733270578,-0.2677953336304899,-0.00017727973286067397,2.0,0.0001,39,8.807148791252397,24.73588911554331,2.028996671569466,26.764885787112778
0.4533643010707865,-0.5306727733270578,-0.2677953436304899,-0.00017727973286067397,1.99999999,0.0001,39,8.807148791675338,24.73588911675377,2.028996674046363,26.764885790800133
0.4533643110707865,-0.5306727733270578,-0.2677953436304899,-0.00017727973286067397,2.0,0.0001,39,8.807148797970868,24.735889132213746,2.028996654833109,26.764885787046858
0.4533643010707865,-0.5306727633270577,-0.2677953436304899,-0.00017727973286067397,2.0,0.0001,39,8.807148797970868,24.735889132213746,2.028996654833109,26.764885787046858
0.4533021563799898,-0.5306070543636039,-0.2674258309591081,-2.5089768440984154e-05,2.0,0.0001,39,8.80718896958977,24.735961264041702,2.0288606150604367,26.764821879102133
0.4533021563799898,-0.5306070543636039,-0.2674258309591081,-2.5099768440984155e-05,2.0,0.0001,39,8.8071889701746,24.735961265690676,2.028860617534358,26.764821883225032
0.4533021563799898,-0.5306070543636039,-0.2674258309591081,-2.5099768440984155e-05,2.0,0.00010001,39,8.807188971277002,24.73596126773724,2.0288606175362087,26.76482188527345
0.4533021563799898,-0.5306070543636039,-0.2674258209591081,-2.5099768440984155e-05,2.0,0.0001,39,8.80718897142688,24.735961268139782,2.0288606150604367,26.764821883200216
0.4533021563799898,-0.5306070543636039,-0.2674258309591081,-2.5099768440984155e-05,1.99999999,0.0001,39,8.807188971847513,24.735961269345985,2.0288606175325086,26.764821886878494
0.4533021563799898,-0.5306070443636038,-0.2674258309591081,-2.5099768440984155e-05,2.0,0.0001,39,8.807188978147504,24.735961284819425,2.0288605983192864,26.764821883138715
0.45330216637998977,-0.5306070543636039,-0.2674258309591081,-2.5099768440984155e-05,2.0,0.0001,39,8.807188978147504,24.735961284819428,2.0288605983192864,26.764821883138715
0.4532935034509747,-0.5305981476502024,-0.26737562716524005,-1.0441329456576033e-05,2.0,0.0001,39,8.807194603024415,24.73597163120181,2.0288440854269885,26.764815716628792
0.4532935034509747,-0.5305981476502024,-0.26737562716524005,-1.0451329456576033e-05,2.0,0.0001,39,8.807194603609403,24.735971632851115,2.0288440879003096,26.764815720751425
0.4532935034509747,-0.5305981476502024,-0.26737562716524005,-1.0451329456576033e-05,2.0,0.00010001,39,8.807194604711512,24.735971634897126,2.02884408790216,26.764815722799288
0.4532935034509747,-0.5305981476502024,-0.26737561716524005,-1.0451329456576033e-05,2.0,0.0001,39,8.807194604862065,24.735971635301006,2.0288440854269885,26.76481572072799
0.4532935034509747,-0.5305981476502024,-0.26737562716524005,-1.0451329456576033e-05,1.99999999,0.0001,39,8.807194605282369,24.7359716365066,2.0288440878984595,26.76481572440506
0.4532935034509747,-0.5305981376502024,-0.26737562716524005,-1.0451329456576033e-05,2.0,0.0001,39,8.807194611583071,24.73597165198207,2.028844068685241,26.764815720667315
0.4532935134509747,-0.5305981476502024,-0.26737562716524005,-1.0451329456576033e-05,2.0,0.0001,39,8.807194611583071,24.735971651982073,2.028844068685241,26.764815720667315
0.45329188856315655,-0.5305966751565264,-0.26736736643425396,-1.44526376588585e-05,2.0,0.0001,39,8.807195758986555,24.735974044274077,2.028843308027943,26.764817352302018
0.45329188856315655,-0.5305966751565264,-0.26736736643425396,-1.44626376588585e-05,2.0,0.0001,39,8.807195759571627,24.735974045923555,2.0288433105012253,26.764817356424786
0.45329188856315655,-0.5305966751565264,-0.26736736643425396,-1.44626376588585e-05,2.0,0.00010001,39,8.807195760673702,24.735974047969506,2.0288433105030754,26.76481735847258
0.45329188856315655,-0.5305966751565264,-0.26736735643425397,-1.44626376588585e-05,2.0,0.0001,39,8.807195760824385,24.73597404837364,2.028843308027943,26.764817356401586
0.45329188856315655,-0.5305966751565264,-0.26736736643425396,-1.44626376588585e-05,1.99999999,0.0001,39,8.807195761244621,24.735974049579113,2.028843310499375,26.76481736007849
0.45329188856315655,-0.5305966651565264,-0.26736736643425396,-1.44626376588585e-05,2.0,0.0001,39,8.807195767545593,24.735974065055217,2.0288432912861554,26.764817356341375
0.45329189856315655,-0.5305966751565264,-0.26736736643425396,-1.44626376588585e-05,2.0,0.0001,39,8.807195767545593,24.735974065055217,2.0288432912861554,26.764817356341375
0.4532893091713775,-0.5305938303553034,-0.2673512921975135,-3.3408842020678327e-06,2.0,0.0001,39,8.807197334299534,24.735976657667436,2.028836074522166,26.764812732189604
0.4532893091713775,-0.5305938303553034,-0.2673512921975135,-3.3508842020678326e-06,2.0,0.0001,39,8.807197334884597,24.7359766593169,2.028836076995196,26.764812736312106
0.4532893091713775,-0.5305938303553034,-0.2673512921975135,-3.3508842020678326e-06,2.0,0.00010001,39,8.807197335986567,24.73597666136265,2.028836076997046,26.76481273835969
0.4532893091713775,-0.5305938303553034,-0.26735128219751353,-3.3508842020678326e-06,2.0,0.0001,39,8.807197336137447,24.73597666176717,2.028836074522166,26.76481273628934
0.4532893091713775,-0.5305938303553034,-0.2673512921975135,-3.3508842020678326e-06,1.99999999,0.0001,39,8.807197336557591,24.735976662972476,2.028836076993346,26.764812739965823
0.4532893191713775,-0.5305938303553034,-0.2673512921975135,-3.3508842020678326e-06,2.0,0.0001,39,8.807197342858636,24.735976678448928,2.0288360577801283,26.76481273622906
0.4532893091713775,-0.5305938203553033,-0.2673512921975135,-3.3508842020678326e-06,2.0,0.0001,39,8.807197342858636,24.73597667844893,2.028836057780129,26.76481273622906
0.45328789976490574,-0.5305924520108112,-0.2673434849449028,-2.8965614774969486e-06,2.0,0.0001,39,8.807198261691502,24.7359784379883,2.02883409359983,26.764812531588127
0.45328789976490574,-0.5305924520108112,-0.2673434849449028,-2.9065614774969485e-06,2.0,0.0001,39,8.807198262276605,24.735978439637858,2.0288340960727838,26.764812535710643
0.45328789976490574,-0.5305924520108112,-0.2673434849449028,-2.9065614774969485e-06,2.0,0.00010001,39,8.807198263378535,24.735978441683528,2.0288340960746334,26.764812537758157
0.45328789976490574,-0.5305924520108112,-0.2673434749449028,-2.9065614774969485e-06,2.0,0.0001,39,8.807198263529525,24.735978442088268,2.02883409359983,26.764812535688094
0.45328789976490574,-0.5305924520108112,-0.2673434849449028,-2.9065614774969485e-06,1.99999999,0.0001,39,8.807198263949612,24.73597844329347,2.0288340960709337,26.764812539364407
0.45328789976490574,-0.5305924420108111,-0.2673434849449028,-2.9065614774969485e-06,2.0,0.0001,39,8.8071982702508,24.735978458770298,2.0288340768577156,26.76481253562801
0.45328790976490574,-0.5305924520108112,-0.2673434849449028,-2.9065614774969485e-06,2.0,0.0001,39,8.807198270250801,24.735978458770298,2.0288340768577156,26.76481253562801
0.4532870575668563,-0.53059156660113,-0.2673385039501509,-9.743856308551298e-07,2.0,0.0001,39,8.807198807767714,24.735979424152664,2.0288323034680746,26.76481172762074
0.4532870575668563,-0.53059156660113,-0.2673385039501509,-9.843856308551298e-07,2.0,0.0001,39,8.80719880835283,24.735979425802242,2.028832305940965,26.764811731743208
0.4532870575668563,-0.53059156660113,-0.2673385039501509,-9.843856308551298e-07,2.0,0.00010001,39,8.807198809454729,24.73597942784785,2.0288323059428155,26.76481173379067
0.4532870575668563,-0.53059156660113,-0.2673384939501509,-9.843856308551298e-07,2.0,0.0001,39,8.807198809605783,24.735979428252726,2.0288323034680746,26.7648117317208
0.4532870575668563,-0.53059156660113,-0.2673385039501509,-9.843856308551298e-07,1.99999999,0.0001,39,8.807198810025842,24.735979429457874,2.0288323059391153,26.764811735396986
0.45328706756685627,-0.53059156660113,-0.2673385039501509,-9.843856308551298e-07,2.0,0.0001,39,8.807198816327091,24.735979444934888,2.028832286725898,26.764811731660785
0.4532870575668563,-0.53059155660113,-0.2673385039501509,-9.843856308551298e-07,2.0,0.0001,39,8.807198816327093,24.735979444934888,2.028832286725898,26.764811731660785
0.45328673449071816,-0.5305912281779025,-0.26733660522125213,-3.3856114768033307e-07,2.0,0.0001,39,8.80719902070592,24.735979813913822,2.028831647214296,26.764811461128122
0.45328672439772155,-0.5305912163377003,-0.2673365334947307,-2.139829393717593e-07,2.0,0.0001,39,8.807199023796974,24.73597981428307,2.0288315953135037,26.764811409596568
0.45328673449071816,-0.5305912281779025,-0.26733660522125213,-3.485611476803331e-07,2.0,0.0001,39,8.80719902129104,24.735979815563415,2.028831649687163,26.764811465250574
0.45328672439772155,-0.5305912163377003,-0.2673365334947307,-2.239829393717593e-07,2.0,0.0001,39,8.807199024382092,24.73597981593266,2.0288315977863687,26.764811413719023
0.45328673449071816,-0.5305912281779025,-0.26733660522125213,-3.485611476803331e-07,2.0,0.00010001,39,8.807199022392927,24.735979817609,2.028831649689013,26.76481146729801
0.45328672439772155,-0.5305912163377003,-0.2673365334947307,-2.239829393717593e-07,2.0,0.00010001,39,8.80719902548398,24.735979817978244,2.0288315977882188,26.764811415766466
0.45328673449071816,-0.5305912281779025,-0.26733659522125214,-3.485611476803331e-07,2.0,0.0001,39,8.807199022544008,24.735979818013927,2.028831647214296,26.76481146522822
0.45328672439772155,-0.5305912163377003,-0.2673365234947307,-2.239829393717593e-07,2.0,0.0001,39,8.807199025635061,24.735979818383168,2.0288315953135037,26.76481141369667
0.45328673449071816,-0.5305912281779025,-0.26733660522125213,-3.485611476803331e-07,1.99999999,0.0001,39,8.807199022964053,24.735979819219047,2.028831649685313,26.76481146890436
0.45328672439772155,-0.5305912163377003,-0.2673365334947307,-2.239829393717593e-07,1.99999999,0.0001,39,8.807199026055105,24.735979819588295,2.028831597784518,26.76481141737281
0.45328674449071815,-0.5305912281779025,-0.26733660522125213,-3.485611476803331e-07,2.0,0.0001,39,8.80719902926533,24.73597983469614,2.028831630472096,26.764811465168236
0.45328673449071816,-0.5305912181779024,-0.26733660522125213,-3.485611476803331e-07,2.0,0.0001,39,8.80719902926533,24.735979834696142,2.028831630472096,26.764811465168233
0.45328673439772155,-0.5305912163377003,-0.2673365334947307,-2.239829393717593e-07,2.0,0.0001,39,8.807199032356381,24.73597983506538,2.028831578571302,26.76481141363668
0.45328672439772155,-0.5305912063377003,-0.2673365334947307,-2.239829393717593e-07,2.0,0.0001,39,8.807199032356383,24.73597983506538,2.028831578571302,26.76481141363668
0.4532866673571899,-0.5305911572291727,-0.26733620454609947,-1.547205507302875e-07,2.0,0.0001,39,8.80719906319473,24.735979889073125,2.028831495340564,26.76481138441369
0.4532866673571899,-0.5305911572291727,-0.26733620454609947,-1.647205507302875e-07,2.0,0.0001,39,8.807199063779851,24.73597989072272,2.0288314978134254,26.764811388536145
0.4532866673571899,-0.5305911572291727,-0.26733620454609947,-1.647205507302875e-07,2.0,0.00010001,39,8.807199064881738,24.735979892768302,2.0288314978152755,26.76481139058358
0.4532866673571899,-0.5305911572291727,-0.26733619454609947,-1.647205507302875e-07,2.0,0.0001,39,8.807199065032822,24.735979893173234,2.028831495340564,26.7648113885138
0.4532866673571899,-0.5305911572291727,-0.26733620454609947,-1.647205507302875e-07,1.99999999,0.0001,39,8.807199065452865,24.735979894378353,2.0288314978115753,26.764811392189927
0.4532866521342567,-0.5305911403665301,-0.2673361061083935,-4.905369622469471e-08,2.0,0.0001,39,8.80719907065345,24.735979898901945,2.028831441717643,26.764811340619584
0.4532866521342567,-0.5305911403665301,-0.2673361061083935,-5.905369622469471e-08,2.0,0.0001,39,8.807199071238571,24.735979900551534,2.0288314441905024,26.764811344742043
0.4532866521342567,-0.5305911403665301,-0.2673361061083935,-5.905369622469471e-08,2.0,0.00010001,39,8.807199072340456,24.73597990259712,2.028831444192353,26.764811346789475
0.4532866521342567,-0.5305911403665301,-0.2673360961083935,-5.905369622469471e-08,2.0,0.0001,39,8.80719907249154,24.735979903002047,2.028831441717643,26.764811344719696
0.4532866521342567,-0.5305911403665301,-0.2673361061083935,-5.905369622469471e-08,1.99999999,0.0001,39,8.807199072911583,24.735979904207174,2.028831444188653,26.76481134839582
0.4532866673571899,-0.5305911472291727,-0.26733620454609947,-1.647205507302875e-07,2.0,0.0001,39,8.807199071754148,24.73597990985546,2.0288314785983594,26.764811388453822
0.4532866773571899,-0.5305911572291727,-0.26733620454609947,-1.647205507302875e-07,2.0,0.0001,39,8.807199071754148,24.735979909855462,2.0288314785983594,26.764811388453822
0.45328666213425667,-0.5305911403665301,-0.2673361061083935,-5.905369622469471e-08,2.0,0.0001,39,8.807199079212864,24.735979919684276,2.0288314249754364,26.764811344659716
0.4532866521342567,-0.53059113036653,-0.2673361061083935,-5.905369622469471e-08,2.0,0.0001,39,8.807199079212864,24.735979919684276,2.0288314249754356,26.764811344659716
0.45328663105400213,-0.5305911188628729,-0.2673359878766392,-5.5306742214625586e-08,2.0,0.0001,39,8.807199086171059,24.73597992971643,2.0288314132133176,26.764811342929743
0.45328663105400213,-0.5305911188628729,-0.2673359878766392,-6.530674221462558e-08,2.0,0.0001,39,8.807199086756182,24.73597993136602,2.0288314156861764,26.764811347052188
0.45328663105400213,-0.5305911188628729,-0.2673359878766392,-6.530674221462558e-08,2.0,0.00010001,39,8.807199087858066,24.7359799334116,2.028831415688027,26.764811349099624
0.45328663105400213,-0.5305911188628729,-0.2673359778766392,-6.530674221462558e-08,2.0,0.0001,39,8.807199088009153,24.735979933816534,2.0288314132133176,26.764811347029852
0.45328663105400213,-0.5305911188628729,-0.2673359878766392,-6.530674221462558e-08,1.99999999,0.0001,39,8.807199088429194,24.735979935021646,2.028831415684327,26.76481135070598
0.45328660136809995,-0.5305911023910806,-0.2673358107013335,1.5986080035862734e-08,2.0,0.0001,39,8.807199093661824,24.735979936090963,2.028831385067953,26.764811321158923
0.45328660233993084,-0.5305911014190245,-0.2673358104376578,6.2660259073948884e-09,2.0,0.0001,39,8.807199095813715,24.73597994147818,2.0288313788639267,26.764811320342112
0.4532866029176706,-0.5305911008411509,-0.2673358102809063,4.875910411103862e-10,2.0,0.0001,39,8.807199097092983,24.7359799446808,2.028831375175722,26.764811319856523
0.4532866029439094,-0.5305911008149061,-0.2673358102737872,2.2515590958637025e-10,2.0,0.0001,39,8.807199097151083,24.73597994482625,2.0288313750082176,26.764811319834468
0.4532866029596287,-0.5305911007991831,-0.2673358102695223,6.793439544629788e-11,2.0,0.0001,39,8.807199097185888,24.735979944913392,2.0288313749078677,26.764811319821263
0.4532866029596287,-0.5305911007991831,-0.2673358102695223,6.793439544629788e-11,2.0,0.0001,39,8.807199097185888,24.735979944913392,2.0288313749078677,26.764811319821263
0.4532866029734318,-0.5305911007853769,-0.26733581026577724,-7.01213037346648e-11,2.0,0.0001,39,8.807199097216454,24.735979944989907,2.0288313748544304,26.764811319844334
0.4532866032630759,-0.5305911004956656,-0.26733581018719144,-2.9670828412147134e-09,2.0,0.0001,39,8.8071990978578,24.735979946595513,2.028831374438139,26.764811321033648
0.45328660342749505,-0.5305911003312084,-0.2673358101425815,-4.611569470415272e-09,2.0,0.0001,39,8.807199098221869,24.73597994750695,2.0288313742018285,26.764811321708773
0.453286614485101,-0.5305911013523603,-0.2673358889879444,-9.933934429864903e-09,2.0,0.0001,39,8.807199096657545,24.735979948266188,2.0288313757301872,26.764811323996373
0.453286614485101,-0.5305911013523603,-0.2673358889879444,-1.9933934429864903e-08,2.0,0.0001,39,8.807199097242666,24.73597994991578,2.0288313782030443,26.764811328118824
0.4532866410540021,-0.5305911188628729,-0.2673359878766392,-6.530674221462558e-08,2.0,0.0001,39,8.807199094730478,24.735979950498766,2.028831396471109,26.76481134696987
0.45328663105400213,-0.5305911088628729,-0.2673359878766392,-6.530674221462558e-08,2.0,0.0001,39,8.807199094730478,24.73597995049877,2.028831396471109,26.76481134696987
0.453286614485101,-0.5305911013523603,-0.2673358889879444,-1.9933934429864903e-08,2.0,0.00010001,39,8.80719909834455,24.735979951961358,2.0288313782048943,26.764811330166253
0.453286614485101,-0.5305911013523603,-0.2673358789879444,-1.9933934429864903e-08,2.0,0.0001,39,8.807199098495637,24.735979952366296,2.0288313757301872,26.764811328096485
0.45328661002532067,-0.5305910966391305,-0.2673358623704967,2.278870488482483e-09,2.0,0.0001,39,8.80719909948015,24.73597995325915,2.028831366768081,26.764811320027228
0.453286614485101,-0.5305911013523603,-0.2673358889879444,-1.9933934429864903e-08,1.99999999,0.0001,39,8.80719909891568,24.735979953571416,2.0288313782011946,26.76481133177261
0.45328661002532067,-0.5305910966391305,-0.2673358623704967,-7.721129511517517e-09,2.0,0.0001,39,8.80719910006527,24.73597995490874,2.028831368113874,26.76481132302262
0.45328661002532067,-0.5305910966391305,-0.2673358623704967,-7.721129511517517e-09,2.0,0.00010001,39,8.807199101167154,24.73597995695432,2.028831368115724,26.76481132507005
0.45328661002532067,-0.5305910966391305,-0.26733585237049673,-7.721129511517517e-09,2.0,0.0001,39,8.807199101318243,24.735979957359262,2.028831365641017,26.76481132300028
0.45328661002532067,-0.5305910966391305,-0.2673358623704967,-7.721129511517517e-09,1.99999999,0.0001,39,8.807199101738282,24.73597995856437,2.0288313681120242,26.764811326676405
0.45328660136809995,-0.5305910874899195,-0.2673358256024947,1.5986080035862734e-08,2.0,0.0001,39,8.80719910367737,24.735979960949408,2.0288313601201153,26.76481132106952
0.45328660136809995,-0.5305910874899195,-0.2673358107013335,3.088724122971039e-08,2.0,0.0001,39,8.807199104672547,24.735979962142878,2.0288313601201153,26.764811322263
0.45328660136809995,-0.5305910874899195,-0.2673358107013335,2.5986080035862734e-08,2.0,0.0001,39,8.807199104959322,24.735979962951376,2.0288313589081284,26.764811321859504
0.45328660136809995,-0.5305910874899195,-0.2673358107013335,2.5986080035862734e-08,2.0,0.0001,39,8.807199104959322,24.735979962951376,2.0288313589081284,26.764811321859504
0.45328660136809995,-0.5305910874899195,-0.2673358107013335,1.5986080035862734e-08,2.0,0.0001,39,8.807199105544445,24.735979964600965,2.028831356435272,26.76481132103624
0.45328660136809995,-0.5305910874899195,-0.2673358107013335,1.5986080035862734e-08,2.0,0.0001,39,8.807199105544445,24.735979964600965,2.028831356435272,26.76481132103624
0.45328660136809995,-0.5305910874899195,-0.2673358107013335,1.5986080035862734e-08,2.0,0.0001,39,8.807199105544445,24.735979964600965,2.028831356435272,26.76481132103624
0.45328660233993084,-0.5305910865178634,-0.267335825338819,6.2660259073948884e-09,2.0,0.0001,39,8.80719910582926,24.73597996633663,2.0288313539160896,26.76481132025272
0.45328660136809995,-0.5305910874899195,-0.2673358107013335,1.5986080035862734e-08,2.0,0.00010001,39,8.807199106646328,24.735979966646546,2.028831356437122,26.764811323083666
0.45328660136809995,-0.5305910874899195,-0.2673358107013335,1.5986080035862734e-08,2.0,0.00010001,39,8.807199106646328,24.735979966646546,2.028831356437122,26.764811323083666
0.45328660136809995,-0.5305910874899195,-0.2673358007013335,1.5986080035862734e-08,2.0,0.0001,39,8.807199106797418,24.735979967051488,2.028831353962416,26.76481132101391
0.45328660136809995,-0.5305910874899195,-0.2673358007013335,1.5986080035862734e-08,2.0,0.0001,39,8.807199106797418,24.735979967051488,2.028831353962416,26.76481132101391
0.45328660233993084,-0.5305910865178634,-0.2673358104376578,2.1167187101242543e-08,2.0,0.0001,39,8.807199106824438,24.735979967530103,2.0288313539160896,26.76481132144619
0.45328660136809995,-0.5305910874899195,-0.2673358107013335,1.5986080035862734e-08,2.0,0.00010001490116119385,39,8.807199107186378,24.735979967649115,2.0288313564380296,26.764811324087148
0.45328659689133316,-0.5305910827587378,-0.2673357839825051,3.824540116191651e-08,2.0,0.0001,39,8.807199107792679,24.735979967963356,2.0288313548436405,26.764811322806995
0.45328660136809995,-0.5305910874899195,-0.2673358107013335,1.5986080035862734e-08,1.99999999,0.0001,39,8.807199107217457,24.735979968256604,2.0288313564334217,26.764811324690026
0.45328660136809995,-0.5305910874899195,-0.2673358107013335,1.5986080035862734e-08,1.99999999,0.0001,39,8.807199107217457,24.735979968256604,2.0288313564334217,26.764811324690026
0.453286614485101,-0.5305910913523603,-0.2673358889879444,-1.9933934429864903e-08,2.0,0.0001,39,8.807199105216966,24.735979969048532,2.0288313589879787,26.76481132803651
0.453286624485101,-0.5305911013523603,-0.2673358889879444,-1.9933934429864903e-08,2.0,0.0001,39,8.807199105216965,24.735979969048532,2.0288313589879787,26.76481132803651
0.4532866029176706,-0.5305910859399897,-0.2673358251820675,4.875910411103862e-10,2.0,0.0001,39,8.80719910710853,24.735979969539247,2.0288313502278843,26.764811319767134
0.45328659689133316,-0.5305910827587378,-0.2673357839825051,2.8245401161916513e-08,2.0,0.0001,39,8.807199108377798,24.73597996961295,2.0288313523707835,26.76481132198373
0.4532866029439094,-0.5305910859137449,-0.2673358251749484,2.2515590958637025e-10,2.0,0.0001,39,8.807199107166632,24.7359799696847,2.0288313500603805,26.76481131974508
0.4532866029596287,-0.530591085898022,-0.2673358251706835,6.793439544629788e-11,2.0,0.0001,39,8.807199107201438,24.735979969771833,2.0288313499600306,26.76481131973187
0.4532866029596287,-0.530591085898022,-0.2673358251706835,6.793439544629788e-11,2.0,0.0001,39,8.807199107201438,24.735979969771833,2.0288313499600306,26.76481131973187
0.4532866029734318,-0.5305910858842157,-0.26733582516693843,-7.01213037346648e-11,2.0,0.0001,39,8.807199107232002,24.735979969848348,2.0288313499065933,26.764811319754944
0.45328660233993084,-0.5305910865178634,-0.2673358104376578,6.2660259073948884e-09,2.0,0.0001,39,8.807199107696338,24.73597996998819,2.0288313502312465,26.76481132021943
0.4532866029176706,-0.5305910859399897,-0.2673358102809063,1.5388752234958042e-08,2.0,0.0001,39,8.807199108103706,24.735979970732725,2.0288313502278843,26.76481132096061
0.4532866029439094,-0.5305910859137449,-0.2673358102737872,1.5126317103434027e-08,2.0,0.0001,39,8.807199108161807,24.735979970878176,2.0288313500603805,26.764811320938552
0.4532866029596287,-0.530591085898022,-0.2673358102695223,1.4969095589293954e-08,2.0,0.0001,39,8.807199108196613,24.73597997096531,2.0288313499600306,26.764811320925347
0.4532866029596287,-0.530591085898022,-0.2673358102695223,1.4969095589293954e-08,2.0,0.0001,39,8.807199108196613,24.73597997096531,2.0288313499600306,26.764811320925347
0.4532866032630759,-0.5305910855945044,-0.26733582508835263,-2.9670828412147134e-09,2.0,0.0001,39,8.80719910787335,24.735979971453954,2.028831349490302,26.76481132094426
0.45328659689133316,-0.5305910827587378,-0.2673357839825051,2.8245401161916513e-08,2.0,0.00010001,39,8.807199109479683,24.735979971658526,2.028831352372634,26.764811324031164
0.45328659689133316,-0.5305910827587378,-0.26733577398250513,2.8245401161916513e-08,2.0,0.0001,39,8.807199109630773,24.73597997206347,2.0288313498979282,26.764811321961396
0.45328660342749505,-0.5305910854300472,-0.2673358250437427,-4.611569470415272e-09,2.0,0.0001,39,8.807199108237418,24.73597997236539,2.0288313492539913,26.764811321619383
0.45328660233993084,-0.5305910865178634,-0.2673358104376578,6.2660259073948884e-09,2.0,0.00010001490116119385,39,8.80719910933827,24.735979973036336,2.028831350234004,26.764811323270333
0.4532866029176706,-0.5305910859399897,-0.2673358102809063,4.875910411103862e-10,2.0,0.0001,39,8.807199108975606,24.73597997319081,2.028831346543041,26.764811319733848
0.45328659689133316,-0.5305910827587378,-0.2673357839825051,2.8245401161916513e-08,1.99999999,0.0001,39,8.807199110050814,24.735979973268584,2.028831352368934,26.764811325637517
0.4532866029439094,-0.5305910859137449,-0.2673358102737872,2.2515590958637025e-10,2.0,0.0001,39,8.807199109033707,24.735979973336264,2.028831346375537,26.764811319711804
0.4532866029596287,-0.530591085898022,-0.2673358102695223,6.793439544629788e-11,2.0,0.0001,39,8.807199109068513,24.735979973423397,2.028831346275188,26.764811319698588
0.4532866029596287,-0.530591085898022,-0.2673358102695223,6.793439544629788e-11,2.0,0.0001,39,8.807199109068513,24.735979973423397,2.028831346275188,26.764811319698588
0.4532866029734318,-0.5305910858842157,-0.26733581026577724,-7.01213037346648e-11,2.0,0.0001,39,8.807199109099077,24.735979973499912,2.0288313462217507,26.764811319721666
0.45328661002532067,-0.5305910866391305,-0.2673358623704967,-7.721129511517517e-09,2.0,0.0001,39,8.807199108039569,24.735979974041495,2.028831348898807,26.764811322940304
0.45328662002532066,-0.5305910966391305,-0.2673358623704967,-7.721129511517517e-09,2.0,0.0001,39,8.807199108039569,24.735979974041495,2.028831348898807,26.764811322940304
0.4532866032630759,-0.5305910855945044,-0.26733581018719144,-2.9670828412147134e-09,2.0,0.0001,39,8.807199109740425,24.73597997510552,2.0288313458054588,26.764811320910976
0.45328660136809995,-0.5305910874899195,-0.2673358107013335,1.5986080035862734e-08,1.9999999701976776,0.0001,39,8.807199110530412,24.735979975495614,2.028831356429759,26.764811331925372
0.4532866029734318,-0.5305910858842157,-0.26733581026577724,-1.497128249758232e-08,2.0,0.0001,39,8.807199109970975,24.735979975958003,2.0288313499065933,26.764811325864592
0.45328660342749505,-0.5305910854300472,-0.2673358101425815,-4.611569470415272e-09,2.0,0.0001,39,8.807199110104495,24.735979976016953,2.028831345569148,26.764811321586105
0.4532866029176706,-0.5305910859399897,-0.2673358102809063,4.875910411103862e-10,2.0,0.00010001490116119385,39,8.807199110617539,24.73597997623896,2.028831346545798,26.764811322784762
0.4532866029439094,-0.5305910859137449,-0.2673358102737872,2.2515590958637025e-10,2.0,0.00010001490116119385,39,8.807199110675642,24.73597997638441,2.0288313463782948,26.76481132276271
0.4532866029596287,-0.530591085898022,-0.2673358102695223,6.793439544629788e-11,2.0,0.00010001490116119385,39,8.807199110710446,24.735979976471548,2.0288313462779444,26.764811322749495
0.4532866029596287,-0.530591085898022,-0.2673358102695223,6.793439544629788e-11,2.0,0.00010001490116119385,39,8.807199110710446,24.735979976471548,2.0288313462779444,26.764811322749495
0.4532866029734318,-0.5305910858842157,-0.26733581026577724,-7.01213037346648e-11,2.0,0.00010001490116119385,39,8.80719911074101,24.735979976548062,2.0288313462245076,26.764811322772573
0.4532866032630759,-0.5305910855945044,-0.26733581018719144,-1.786824403506237e-08,2.0,0.0001,39,8.807199110612327,24.73597997756361,2.028831349490302,26.764811327053913
0.4532866032630759,-0.5305910855945044,-0.26733581018719144,-2.9670828412147134e-09,2.0,0.00010001490116119385,39,8.80719911138236,24.735979978153672,2.028831345808216,26.764811323961883
0.45328660342749505,-0.5305910854300472,-0.2673358101425815,-1.9512730664262928e-08,2.0,0.0001,39,8.807199110976395,24.735979978475044,2.0288313492539913,26.76481132772903
0.45328660342749505,-0.5305910854300472,-0.2673358101425815,-4.611569470415272e-09,2.0,0.00010001490116119385,39,8.807199111746428,24.735979979065103,2.0288313455719047,26.764811324637016
0.45328660233993084,-0.5305910865178634,-0.2673358104376578,6.2660259073948884e-09,1.9999999701976776,0.0001,39,8.807199112682305,24.73597998088283,2.0288313502257336,26.764811331108564
0.45328661136809995,-0.5305910874899195,-0.2673358107013335,1.5986080035862734e-08,2.0,0.0001,39,8.807199113518744,24.73597998373372,2.028831337220205,26.76481132095392
0.45328660136809995,-0.5305910774899194,-0.2673358107013335,1.5986080035862734e-08,2.0,0.0001,39,8.807199113518744,24.73597998373372,2.028831337220205,26.764811320953925
0.45328660136809995,-0.5305910774899194,-0.2673358107013335,1.5986080035862734e-08,2.0,0.0001,39,8.807199113518744,24.73597998373372,2.028831337220205,26.764811320953925
0.45328661136809995,-0.5305910874899195,-0.2673358107013335,1.5986080035862734e-08,2.0,0.0001,39,8.807199113518744,24.73597998373372,2.028831337220205,26.76481132095392
0.4532866029176706,-0.5305910859399897,-0.2673358102809063,4.875910411103862e-10,1.9999999701976776,0.0001,39,8.807199113961575,24.735979984085457,2.0288313465375283,26.764811330622983
0.4532866029439094,-0.5305910859137449,-0.2673358102737872,2.2515590958637025e-10,1.9999999701976776,0.0001,39,8.807199114019676,24.73597998423091,2.028831346370024,26.764811330600935
0.45328658232194,-0.5305910673613654,-0.26733569702753684,7.81426924464353e-08,2.0,0.0001,39,8.807199117013683,24.735979984274586,2.028831341615986,26.76481132589057
0.4532866029596287,-0.530591085898022,-0.2673358102695223,6.793439544629788e-11,1.9999999701976776,0.0001,39,8.80719911405448,24.735979984318043,2.0288313462696754,26.764811330587722
0.4532866029596287,-0.530591085898022,-0.2673358102695223,6.793439544629788e-11,1.9999999701976776,0.0001,39,8.80719911405448,24.735979984318043,2.0288313462696754,26.764811330587722
0.4532866029734318,-0.5305910858842157,-0.26733581026577724,-7.01213037346648e-11,1.9999999701976776,0.0001,39,8.807199114085046,24.735979984394557,2.0288313462162377,26.7648113306108
0.45328658232194,-0.5305910673613654,-0.26733569702753684,6.81426924464353e-08,2.0,0.0001,39,8.807199117598804,24.73597998592418,2.02883133914313,26.764811325067306
0.4532866032630759,-0.5305910855945044,-0.26733581018719144,-2.9670828412147134e-09,1.9999999701976776,0.0001,39,8.807199114726394,24.73597998600017,2.0288313457999463,26.764811331800114
0.45328660342749505,-0.5305910854300472,-0.2673358101425815,-4.611569470415272e-09,1.9999999701976776,0.0001,39,8.807199115090464,24.735979986911598,2.0288313455636353,26.764811332475237
0.45328658232194,-0.5305910673613654,-0.26733569702753684,6.81426924464353e-08,2.0,0.00010001,39,8.807199118700687,24.735979987969753,2.0288313391449804,26.764811327114735
0.45328658232194,-0.5305910673613654,-0.26733568702753685,6.81426924464353e-08,2.0,0.0001,39,8.807199118851777,24.7359799883747,2.0288313366702737,26.764811325044974
0.45328660689133315,-0.5305910827587378,-0.2673357839825051,2.8245401161916513e-08,2.0,0.0001,39,8.807199116352098,24.7359799887457,2.028831333155717,26.764811321901412
0.45328659689133316,-0.5305910727587377,-0.2673357839825051,2.8245401161916513e-08,2.0,0.0001,39,8.8071991163521,24.735979988745704,2.028831333155717,26.764811321901423
0.45328658232194,-0.5305910673613654,-0.26733569702753684,6.81426924464353e-08,1.99999999,0.0001,39,8.807199119271818,24.735979989579814,2.02883133914128,26.76481132872109
0.45328661626926114,-0.5305910874899195,-0.2673358107013335,1.5986080035862734e-08,2.0,0.0001,39,8.807199117427079,24.735979993111,2.0288313278025916,26.764811320913587
0.45328661724109204,-0.5305910865178634,-0.2673358104376578,6.2660259073948884e-09,2.0,0.0001,39,8.807199119578975,24.73597999849822,2.0288313215985663,26.764811320096783
0.4532866178188318,-0.5305910859399897,-0.2673358102809063,4.875910411103862e-10,2.0,0.0001,39,8.807199120858247,24.73598000170085,2.028831317910361,26.76481131961121
0.45328661784507057,-0.5305910859137449,-0.2673358102737872,2.2515590958637025e-10,2.0,0.0001,39,8.807199120916344,24.735980001846297,2.028831317742857,26.764811319589157
0.4532866178607899,-0.530591085898022,-0.2673358102695223,6.793439544629788e-11,2.0,0.0001,39,8.807199120951152,24.735980001933434,2.0288313176425072,26.76481131957594
0.4532866178607899,-0.530591085898022,-0.2673358102695223,6.793439544629788e-11,2.0,0.0001,39,8.807199120951152,24.735980001933434,2.0288313176425072,26.76481131957594
0.453286617874593,-0.5305910858842157,-0.26733581026577724,-7.01213037346648e-11,2.0,0.0001,39,8.807199120981716,24.73598000200996,2.02883131758907,26.764811319599016
0.4532866181642371,-0.5305910855945044,-0.26733581018719144,-2.9670828412147134e-09,2.0,0.0001,39,8.807199121623066,24.73598000361556,2.0288313171727785,26.76481132078834
0.45328661832865624,-0.5305910854300472,-0.2673358101425815,-4.611569470415272e-09,2.0,0.0001,39,8.807199121987134,24.735980004526997,2.028831316936468,26.764811321463466
0.45328659232194,-0.5305910673613654,-0.26733569702753684,6.81426924464353e-08,2.0,0.0001,39,8.807199125573105,24.735980005056938,2.028831319928064,26.764811324984997
0.45328658232194,-0.5305910573613654,-0.26733569702753684,6.81426924464353e-08,2.0,0.0001,39,8.807199125573105,24.735980005056938,2.028831319928064,26.764811324984997
0.45328661444906887,-0.5305910893070805,-0.2673358071522246,-1.14847100721729e-07,2.0,0.0001,39,8.807199122626583,24.73598000860363,2.0288313583610615,26.76481136696469
0.4532865605831081,-0.5305910443871146,-0.2673355672829812,1.3767300372754167e-07,2.0,0.0001,39,8.80719913077225,24.735980008612405,2.028831321879151,26.76481133049156
0.4532865605831081,-0.5305910443871146,-0.2673355672829812,1.2767300372754166e-07,2.0,0.0001,39,8.807199131357374,24.735980010261997,2.028831319406296,26.764811329668298
0.4532865605831081,-0.5305910443871146,-0.2673355672829812,1.2767300372754166e-07,2.0,0.00010001,39,8.807199132459255,24.735980012307575,2.0288313194081464,26.764811331715723
0.4532865605831081,-0.5305910443871146,-0.2673355572829812,1.2767300372754166e-07,2.0,0.0001,39,8.807199132610346,24.735980012712524,2.0288313169334407,26.764811329645966
0.4532865605831081,-0.5305910443871146,-0.2673355672829812,1.2767300372754166e-07,1.99999999,0.0001,39,8.807199133030387,24.735980013917636,2.0288313194044463,26.764811333322083
0.4532865605831081,-0.5305910343871145,-0.2673355672829812,1.2767300372754166e-07,2.0,0.0001,39,8.807199139331676,24.73598002939476,2.02883130019123,26.76481132958599
0.4532865705831081,-0.5305910443871146,-0.2673355672829812,1.2767300372754166e-07,2.0,0.0001,39,8.807199139331676,24.73598002939476,2.02883130019123,26.764811329585985
0.45328661444906887,-0.5305910744059193,-0.2673358220533858,-1.14847100721729e-07,2.0,0.0001,39,8.807199132642161,24.73598003346214,2.028831333413226,26.764811366875367
0.45328653703916455,-0.5305910195051676,-0.26733542676492067,2.0214649040803622e-07,2.0,0.0001,39,8.807199145673293,24.735980034971174,2.0288313005034486,26.764811335474622
0.45328653703916455,-0.5305910195051676,-0.26733542676492067,1.9214649040803621e-07,2.0,0.0001,39,8.807199146258414,24.735980036620766,2.0288312980305943,26.764811334651363
0.45328661444906887,-0.5305910744059193,-0.2673358071522246,-1.14847100721729e-07,2.0,0.0001,39,8.807199134509236,24.73598003711371,2.0288313297283818,26.764811366842086
0.45328653703916455,-0.5305910195051676,-0.26733542676492067,1.9214649040803621e-07,2.0,0.00010001,39,8.807199147360294,24.735980038666348,2.0288312980324443,26.764811336698788
0.45328653703916455,-0.5305910195051676,-0.2673354167649207,1.9214649040803621e-07,2.0,0.0001,39,8.80719914751139,24.735980039071293,2.0288312955577394,26.764811334629034
0.45328661444906887,-0.5305910744059193,-0.2673358071522246,-1.2974826191557665e-07,2.0,0.0001,39,8.807199135381142,24.7359800395718,2.028831333413226,26.76481137298503
0.45328661444906887,-0.5305910744059193,-0.2673358071522246,-1.14847100721729e-07,2.0,0.00010001490116119385,39,8.807199136151171,24.735980040161856,2.0288313297311396,26.764811369892996
0.45328653703916455,-0.5305910195051676,-0.26733542676492067,1.9214649040803621e-07,1.99999999,0.0001,39,8.807199147931428,24.735980040276406,2.028831298028744,26.76481133830515
0.4532866206871097,-0.5305910830675943,-0.2673358054597287,-1.7723871140945946e-07,2.0,0.0001,39,8.807199136439305,24.735980043183478,2.0288313493954373,26.764811392578924
0.45328661444906887,-0.5305910744059193,-0.2673358071522246,-1.14847100721729e-07,1.9999999701976776,0.0001,39,8.80719913949521,24.735980048008365,2.0288313297228693,26.764811377731235
0.45328653703916455,-0.5305910095051676,-0.26733542676492067,1.9214649040803621e-07,2.0,0.0001,39,8.807199154232716,24.735980055753537,2.028831278815528,26.764811334569064
0.45328654703916454,-0.5305910195051676,-0.26733542676492067,1.9214649040803621e-07,2.0,0.0001,39,8.807199154232716,24.73598005575354,2.028831278815528,26.764811334569067
0.45328651185811886,-0.5305909928930819,-0.26733527647609184,2.711030698843125e-07,2.0,0.0001,39,8.807199161610471,24.7359800631628,2.028831277641416,26.764811340804215
0.45328651185811886,-0.5305909928930819,-0.26733527647609184,2.711030698843125e-07,2.0,0.0001,39,8.807199161610471,24.7359800631628,2.028831277641416,26.764811340804215
0.45328651185811886,-0.5305909928930819,-0.26733527647609184,2.611030698843125e-07,2.0,0.0001,39,8.807199162195595,24.735980064812395,2.0288312751685624,26.76481133998095
0.45328651185811886,-0.5305909928930819,-0.26733527647609184,2.611030698843125e-07,2.0,0.0001,39,8.807199162195595,24.735980064812395,2.0288312751685624,26.76481133998095
0.45328662935023006,-0.5305910744059193,-0.2673358071522246,-1.14847100721729e-07,2.0,0.0001,39,8.807199146391907,24.735980065623817,2.028831301095702,26.76481136671952
0.45328651185811886,-0.5305909928930819,-0.26733527647609184,2.611030698843125e-07,2.0,0.00010001,39,8.807199163297476,24.73598006685797,2.0288312751704125,26.764811342028377
0.45328651185811886,-0.5305909928930819,-0.26733527647609184,2.611030698843125e-07,2.0,0.00010001,39,8.807199163297476,24.73598006685797,2.0288312751704125,26.764811342028377
0.45328651185811886,-0.5305909928930819,-0.26733526647609185,2.611030698843125e-07,2.0,0.0001,39,8.807199163448573,24.735980067262922,2.028831272695709,26.764811339958634
0.45328651185811886,-0.5305909928930819,-0.26733526647609185,2.611030698843125e-07,2.0,0.0001,39,8.807199163448573,24.735980067262922,2.028831272695709,26.764811339958634
0.4532866206871097,-0.5305910681664331,-0.2673358203608899,-1.7723871140945946e-07,2.0,0.0001,39,8.807199146454899,24.73598006804202,2.028831324447603,26.764811392489623
0.45328651185811886,-0.5305909928930819,-0.26733527647609184,2.611030698843125e-07,1.99999999,0.0001,39,8.80719916386861,24.73598006846803,2.0288312751667132,26.764811343634747
0.45328651185811886,-0.5305909928930819,-0.26733527647609184,2.611030698843125e-07,1.99999999,0.0001,39,8.80719916386861,24.73598006846803,2.0288312751667132,26.764811343634747
0.4532866206871097,-0.5305910681664331,-0.2673358054597287,-1.7723871140945946e-07,2.0,0.0001,39,8.807199148321978,24.73598007169359,2.028831320762758,26.764811392456348
0.4532866206871097,-0.5305910681664331,-0.2673358054597287,-1.9213987260330712e-07,2.0,0.0001,39,8.807199149193881,24.735980074151687,2.028831324447603,26.764811398599285
0.4532866206871097,-0.5305910681664331,-0.2673358054597287,-1.7723871140945946e-07,2.0,0.00010001490116119385,39,8.80719914996391,24.735980074741743,2.0288313207655153,26.764811395507255
0.4532866206871097,-0.5305910681664331,-0.2673358054597287,-1.7723871140945946e-07,1.9999999701976776,0.0001,39,8.807199153307954,24.735980082588256,2.028831320757245,26.7648114033455
0.45328652185811885,-0.5305909928930819,-0.26733527647609184,2.611030698843125e-07,2.0,0.0001,39,8.8071991701699,24.735980083945165,2.028831255953496,26.76481133989866
0.45328652185811885,-0.5305909928930819,-0.26733527647609184,2.611030698843125e-07,2.0,0.0001,39,8.8071991701699,24.735980083945165,2.028831255953496,26.76481133989866
0.45328651185811886,-0.5305909828930818,-0.26733527647609184,2.611030698843125e-07,2.0,0.0001,39,8.807199170169898,24.735980083945165,2.028831255953496,26.764811339898657
0.45328651185811886,-0.5305909828930818,-0.26733527647609184,2.611030698843125e-07,2.0,0.0001,39,8.807199170169898,24.735980083945165,2.028831255953496,26.764811339898657
0.45328663558827087,-0.5305910681664331,-0.2673358054597287,-1.7723871140945946e-07,2.0,0.0001,39,8.807199160204664,24.735980100203736,2.0288312921300777,26.764811392333808
0.45328617751625816,-0.5305906413967558,-0.2673332990848423,1.0341823117860352e-06,2.0,0.0001,39,8.807199378404214,24.73598045467478,2.028830944398071,26.76481139907285
0.45328617751625816,-0.5305906413967558,-0.2673332990848423,1.0241823117860353e-06,2.0,0.0001,39,8.807199378989342,24.735980456324388,2.028830941925228,26.76481139824961
0.45328617751625816,-0.5305906413967558,-0.2673332990848423,1.0241823117860353e-06,2.0,0.00010001,39,8.807199380091209,24.735980458369937,2.0288309419270787,26.76481140029701
0.45328617751625816,-0.5305906413967558,-0.26733328908484233,1.0241823117860353e-06,2.0,0.0001,39,8.807199380242333,24.73598045877494,2.0288309394523862,26.764811398227327
0.45328617751625816,-0.5305906413967558,-0.2673332990848423,1.0241823117860353e-06,1.99999999,0.0001,39,8.807199380662357,24.73598045998003,2.028830941923379,26.764811401903412
0.45328618751625815,-0.5305906413967558,-0.2673332990848423,1.0241823117860353e-06,2.0,0.0001,39,8.807199386963674,24.735980475457232,2.028830922710162,26.764811398167396
0.45328617751625816,-0.5305906313967558,-0.2673332990848423,1.0241823117860353e-06,2.0,0.0001,39,8.807199386963672,24.735980475457236,2.028830922710162,26.764811398167396
0.45328607765763657,-0.5305905364145721,-0.26733270849303264,1.2620928735077256e-06,2.0,0.0001,39,8.807199443154964,24.735980571609517,2.0288308448678096,26.76481141647733
0.45328607765763657,-0.5305905364145721,-0.26733270849303264,1.2520928735077257e-06,2.0,0.0001,39,8.807199443740092,24.73598057325913,2.028830842394971,26.764811415654094
0.45328607765763657,-0.5305905364145721,-0.26733270849303264,1.2520928735077257e-06,2.0,0.00010001,39,8.807199444841956,24.73598057530467,2.0288308423968213,26.764811417701488
0.45328607765763657,-0.5305905364145721,-0.26733269849303265,1.2520928735077257e-06,2.0,0.0001,39,8.807199444993087,24.735980575709693,2.0288308399221315,26.76481141563182
0.45328607765763657,-0.5305905364145721,-0.26733270849303264,1.2520928735077257e-06,1.99999999,0.0001,39,8.807199445413108,24.73598057691477,2.028830842393121,26.764811419307893
0.45328607765763657,-0.530590526414572,-0.26733270849303264,1.2520928735077257e-06,2.0,0.0001,39,8.80719945171443,24.735980592391996,2.0288308231799057,26.764811415571906
0.45328608765763656,-0.5305905364145721,-0.26733270849303264,1.2520928735077257e-06,2.0,0.0001,39,8.80719945171443,24.735980592392004,2.0288308231799057,26.764811415571913
0.4532854227118191,-0.5305898478646903,-0.2673288349603384,2.7568968949789903e-06,2.0,0.0001,39,8.807199867843217,24.735981338564283,2.028830192078638,26.764811530642923
0.4532854227118191,-0.5305898478646903,-0.2673288349603384,2.7468968949789904e-06,2.0,0.0001,39,8.807199868428354,24.73598134021391,2.0288301896058214,26.764811529819724
0.4532854227118191,-0.5305898478646903,-0.2673288349603384,2.7468968949789904e-06,2.0,0.00010001,39,8.807199869530194,24.73598134225941,2.028830189607672,26.76481153186709
0.4532854227118191,-0.5305898478646903,-0.2673288249603384,2.7468968949789904e-06,2.0,0.0001,39,8.807199869681376,24.735981342664534,2.028830187133004,26.764811529797537
0.4532854227118191,-0.5305898478646903,-0.2673288349603384,2.7468968949789904e-06,1.99999999,0.0001,39,8.807199870101373,24.73598134386957,2.0288301896039718,26.764811533473534
0.4532854327118191,-0.5305898478646903,-0.2673288349603384,2.7468968949789904e-06,2.0,0.0001,39,8.807199876402745,24.735981359346944,2.028830170390756,26.7648115297377
0.4532854227118191,-0.5305898378646903,-0.2673288349603384,2.7468968949789904e-06,2.0,0.0001,39,8.807199876402747,24.735981359346948,2.0288301703907545,26.7648115297377
0.4532846057402554,-0.5305889889758196,-0.26732400316207694,4.621497517268811e-06,2.0,0.0001,39,8.80720039760768,24.735982295281964,2.0288293778045863,26.76481167308655
0.4532846057402554,-0.5305889889758196,-0.26732400316207694,4.611497517268811e-06,2.0,0.0001,39,8.807200398192826,24.735982296931617,2.0288293753317967,26.764811672263416
0.4532846057402554,-0.5305889889758196,-0.26732400316207694,4.611497517268811e-06,2.0,0.00010001,39,8.80720039929464,24.73598229897706,2.028829375333647,26.764811674310707
0.4532846057402554,-0.5305889889758196,-0.26732399316207694,4.611497517268811e-06,2.0,0.0001,39,8.807200399445884,24.735982299382307,2.028829372859007,26.764811672241308
0.4532846057402554,-0.5305889889758196,-0.26732400316207694,4.611497517268811e-06,1.99999999,0.0001,39,8.807200399865849,24.73598230058729,2.028829375329947,26.764811675917237
0.4532846057402554,-0.5305889789758196,-0.26732400316207694,4.611497517268811e-06,2.0,0.0001,39,8.807200406167283,24.735982316064838,2.0288293561167303,26.76481167218157
0.4532846157402554,-0.5305889889758196,-0.26732400316207694,4.611497517268811e-06,2.0,0.0001,39,8.807200406167283,24.73598231606484,2.0288293561167303,26.764811672181573
0.45328703873307447,-0.5305906649247587,-0.26733569203612334,-4.3584491079273715e-06,2.0,0.0001,39,8.80720006215732,24.735982360678687,2.0288307485669366,26.76481310924562
0.45328703873307447,-0.5305906500235975,-0.26733570693728453,-4.3584491079273715e-06,2.0,0.0001,39,8.807200072173988,24.735982385539522,2.02883072361917,26.76481310915869
0.45328703873307447,-0.5305906500235975,-0.26733569203612334,-4.3584491079273715e-06,2.0,0.0001,39,8.807200074041134,24.735982389191253,2.0288307199342683,26.76481310912552
0.45328703873307447,-0.5305906500235975,-0.26733569203612334,-4.373350269121219e-06,2.0,0.0001,39,8.807200074913164,24.7359823916496,2.02883072361917,26.764813115268772
0.45328703873307447,-0.5305906500235975,-0.26733569203612334,-4.3584491079273715e-06,2.0,0.00010001490116119385,39,8.807200075683065,24.7359823922394,2.0288307199370252,26.764813112176434
0.45328703873307447,-0.5305906500235975,-0.26733569203612334,-4.3584491079273715e-06,1.9999999701976776,0.0001,39,8.80720007902727,24.73598240008626,2.0288307199287554,26.764813120015017
0.45328705363423566,-0.5305906500235975,-0.26733569203612334,-4.3584491079273715e-06,2.0,0.0001,39,8.807200085924968,24.735982417703855,2.0288306913016,26.764813109005456
0.45328116733451235,-0.5305854497240289,-0.2673040537307504,1.0442333056683386e-05,2.0,0.0001,39,8.807202637334633,24.735986417268396,2.028825690415849,26.76481210768425
0.45328116733451235,-0.5305854497240289,-0.2673040537307504,1.0432333056683386e-05,2.0,0.0001,39,8.807202637919842,24.735986418918188,2.0288256879431894,26.764812106861374
0.45328116733451235,-0.5305854497240289,-0.2673040537307504,1.0432333056683386e-05,2.0,0.00010001,39,8.80720263902154,24.735986420963403,2.02882568794504,26.764812108908455
0.45328116733451235,-0.5305854497240289,-0.2673040437307504,1.0432333056683386e-05,2.0,0.0001,39,8.80720263917305,24.73598642136919,2.0288256854705313,26.76481210683972
0.45328116733451235,-0.5305854497240289,-0.2673040537307504,1.0432333056683386e-05,1.99999999,0.0001,39,8.807202639592887,24.735986422573923,2.0288256879413398,26.764812110515265
0.45328117733451234,-0.5305854497240289,-0.2673040537307504,1.0432333056683386e-05,2.0,0.0001,39,8.807202645894602,24.73598643805229,2.0288256687281243,26.764812106780415
0.45328116733451235,-0.5305854397240288,-0.2673040537307504,1.0432333056683386e-05,2.0,0.0001,39,8.8072026458946,24.73598643805229,2.0288256687281243,26.76481210678041
0.4532767065887689,-0.530580858147717,-0.26727817274184906,1.799387563080442e-05,2.0,0.0001,39,8.807205543401615,24.735991765666043,2.0288209069322543,26.764812672598293
0.4532767065887689,-0.530580858147717,-0.26727817274184906,1.7983875630804417e-05,2.0,0.0001,39,8.807205543986905,24.735991767315998,2.0288209044597645,26.764812671775754
0.4532767065887689,-0.530580858147717,-0.26727817274184906,1.7983875630804417e-05,2.0,0.00010001,39,8.807205545088452,24.735991769360933,2.028820904461615,26.764812673822554
0.4532767065887689,-0.530580858147717,-0.26727816274184907,1.7983875630804417e-05,2.0,0.0001,39,8.807205545240311,24.735991769767406,2.028820901987275,26.76481267175468
0.4532767065887689,-0.530580858147717,-0.26727817274184906,1.7983875630804417e-05,1.99999999,0.0001,39,8.80720554565998,24.73599177097183,2.028820904457915,26.764812675429745
0.4532767165887689,-0.530580858147717,-0.26727817274184906,1.7983875630804417e-05,2.0,0.0001,39,8.807205551962058,24.735991786451233,2.0288208852447007,26.764812671695935
0.4532767065887689,-0.530580848147717,-0.26727817274184906,1.7983875630804417e-05,2.0,0.0001,39,8.807205551962058,24.735991786451237,2.0288208852447016,26.76481267169594
0.4532720024377866,-0.53057601602726,-0.267250879529825,2.5957475992821156e-05,2.0,0.0001,39,8.807208608533996,24.7359974069108,2.028815862769581,26.764813269680378
0.4532720024377866,-0.53057601602726,-0.267250879529825,2.5947475992821155e-05,2.0,0.0001,39,8.807208609119371,24.735997408560937,2.0288158602972706,26.76481326885821
0.4532720024377866,-0.53057601602726,-0.267250879529825,2.5947475992821155e-05,2.0,0.00010001,39,8.807208610220764,24.735997410605577,2.0288158602991206,26.76481327090469
0.4532720024377866,-0.53057601602726,-0.267250869529825,2.5947475992821155e-05,2.0,0.0001,39,8.807208610372987,24.73599741101277,2.0288158578249598,26.76481326883773
0.4532720024377866,-0.53057601602726,-0.267250879529825,2.5947475992821155e-05,1.99999999,0.0001,39,8.807208610792477,24.73599741221687,2.0288158602954205,26.76481327251229
0.4532720024377866,-0.53057600602726,-0.267250879529825,2.5947475992821155e-05,2.0,0.0001,39,8.807208617094942,24.735997427697374,2.028815841082208,26.76481326877958
0.4532720124377866,-0.53057601602726,-0.267250879529825,2.5947475992821155e-05,2.0,0.0001,39,8.807208617094942,24.735997427697374,2.028815841082208,26.76481326877958
0.4532965629486988,-0.5305811385021558,-0.2673331079401972,-9.96177094347183e-05,2.0,0.0001,39,8.807221179394395,24.736035216325135,2.028817064393573,26.764852280718706
0.4532965629486988,-0.5305811236009946,-0.2673331228413584,-9.96177094347183e-05,2.0,0.0001,39,8.80722118943557,24.736035241238405,2.028817039447346,26.764852280685744
0.4532965629486988,-0.5305811236009946,-0.2673331079401972,-9.96177094347183e-05,2.0,0.0001,39,8.807221191304306,24.73603524489377,2.0288170357611666,26.764852280654928
0.4532965629486988,-0.5305811236009946,-0.2673331079401972,-9.963261059591215e-05,2.0,0.0001,39,8.807221192179128,24.736035247357844,2.028817039447346,26.764852286805194
0.4532965629486988,-0.5305811236009946,-0.2673331079401972,-9.96177094347183e-05,2.0,0.00010001490116119385,39,8.807221192946177,24.736035247941917,2.028817035763924,26.76485228370584
0.4532965629486988,-0.5305811236009946,-0.2673331079401972,-9.96177094347183e-05,1.9999999701976776,0.0001,39,8.807221196294076,24.73603525579667,2.0288170357556536,26.76485229155232
0.45329657784986,-0.5305811236009946,-0.2673331079401972,-9.96177094347183e-05,2.0,0.0001,39,8.807221203214233,24.736035273462434,2.0288170071287612,26.7648522805912
0.4532209406625825,-0.5305234566457232,-0.26695462206227766,0.00011239933830397227,2.0,0.0001,39,8.807241911934563,24.73605870694324,2.02876113253372,26.76481983947696
0.4532209406625825,-0.5305234566457232,-0.26695462206227766,0.00011238933830397228,2.0,0.0001,39,8.807241912520864,24.73605870859535,2.02876113006335,26.764819838658703
0.4532209406625825,-0.5305234566457232,-0.26695462206227766,0.00011238933830397228,2.0,0.00010001,39,8.807241913620546,24.736058710636726,2.0287611300652006,26.76481984070193
0.4532209406625825,-0.5305234566457232,-0.26695461206227766,0.00011238933830397228,2.0,0.0001,39,8.807241913776737,24.736058711051808,2.028761127592981,26.76481983864479
0.4532209406625825,-0.5305234566457232,-0.26695462206227766,0.00011238933830397228,1.99999999,0.0001,39,8.807241914194291,24.736058712252326,2.0287611300615005,26.76481984231383
0.4532209406625825,-0.5305234466457232,-0.26695462206227766,0.00011238933830397228,2.0,0.0001,39,8.807241920500944,24.7360587277448,2.0287611108483024,26.764819838593105
0.4532209506625825,-0.5305234566457232,-0.26695462206227766,0.00011238933830397228,2.0,0.0001,39,8.807241920500944,24.736058727744805,2.0287611108483024,26.764819838593105
0.4531607423774138,-0.5304628939572206,-0.2666126283499262,0.000176170967708088,2.0,0.0001,39,8.80728145725183,24.736132966363403,2.028691736984741,26.76482470334814
0.4531607423774138,-0.5304628939572206,-0.2666126283499262,0.000176160967708088,2.0,0.0001,39,8.807281457839508,24.736132968018417,2.028691734516945,26.76482470253536
0.4531607423774138,-0.5304628939572206,-0.2666126283499262,0.000176160967708088,2.0,0.00010001,39,8.807281458937283,24.73613297005618,2.028691734518795,26.764824704574966
0.4531607423774138,-0.5304628939572206,-0.2666126183499262,0.000176160967708088,2.0,0.0001,39,8.807281459098167,24.736132970480554,2.0286917320491487,26.764824702529705
0.4531607423774138,-0.5304628939572206,-0.2666126283499262,0.000176160967708088,1.99999999,0.0001,39,8.807281459513408,24.736132971676792,2.0286917345150948,26.764824706191884
0.4531607523774138,-0.5304628939572206,-0.2666126283499262,0.000176160967708088,2.0,0.0001,39,8.807281465825525,24.736132987184284,2.0286917153019,26.764824702486187
0.4531607423774138,-0.5304628839572205,-0.2666126283499262,0.000176160967708088,2.0,0.0001,39,8.807281465825527,24.73613298718429,2.0286917153019,26.764824702486187
0.45309248217961207,-0.5303942205542324,-0.2662248339403903,0.0002484830614009059,2.0,0.0001,39,8.807326403508863,24.73621738442597,2.0286131344292726,26.76483051885524
0.45309248217961207,-0.5303942205542324,-0.2662248339403903,0.00024847306140090593,2.0,0.0001,39,8.8073264040981,24.73621738608428,2.0286131319643945,26.764830518048672
0.45309248217961207,-0.5303942205542324,-0.2662248339403903,0.00024847306140090593,2.0,0.00010001,39,8.807326405193715,24.73621738811794,2.028613131966245,26.764830520084185
0.45309248217961207,-0.5303942205542324,-0.2662248239403903,0.00024847306140090593,2.0,0.0001,39,8.80732640535992,24.73621738855287,2.028613129499517,26.764830518052385
0.45309248217961207,-0.5303942205542324,-0.2662248339403903,0.00024847306140090593,1.99999999,0.0001,39,8.807326405772534,24.736217389744244,2.028613131962545,26.764830521706788
0.45309248217961207,-0.5303942105542323,-0.2662248339403903,0.00024847306140090593,2.0,0.0001,39,8.807326412090852,24.736217405268775,2.028613112749354,26.764830518018133
0.45309249217961206,-0.5303942205542324,-0.2662248339403903,0.00024847306140090593,2.0,0.0001,39,8.807326412090852,24.736217405268775,2.028613112749354,26.76483051801813
0.4528174858752578,-0.5301241405691989,-0.2646925869363731,0.00036420559562918707,2.0,0.0001,39,8.80750996643145,24.73656897914346,2.0282743531676775,26.764843332311134
0.4528174858752578,-0.5301241405691989,-0.2646925869363731,0.0003641955956291871,2.0,0.0001,39,8.807509967028308,24.73656898081772,2.0282743507159013,26.764843331533616
0.4528174858752578,-0.5301241405691989,-0.2646925869363731,0.0003641955956291871,2.0,0.00010001,39,8.807509968115692,24.73656898283593,2.0282743507177514,26.76484333355368
0.4528174858752578,-0.5301241405691989,-0.2646925769363731,0.0003641955956291871,2.0,0.0001,39,8.807509968303451,24.736568983313457,2.028274348264126,26.76484333157758
0.4528174858752578,-0.5301241405691989,-0.2646925869363731,0.0003641955956291871,1.99999999,0.0001,39,8.807509968705297,24.73656898448485,2.0282743507140513,26.7648433351989
0.4528174858752578,-0.5301241305691988,-0.2646925869363731,0.0003641955956291871,2.0,0.0001,39,8.807509975051035,24.73656900008228,2.0282743315008145,26.764843331583094
0.45281749587525777,-0.5301241405691989,-0.2646925869363731,0.0003641955956291871,2.0,0.0001,39,8.807509975051037,24.73656900008228,2.0282743315008145,26.764843331583094
0.45332789661475753,-0.5357693787883223,-0.28909139549411955,-0.07589419664429119,2.0,0.0001,39,8.806420972874866,24.73675173447617,2.067271875979959,26.804023610456134
0.45332789661475753,-0.5357693787883223,-0.28909139549411955,-0.07589420664429118,2.0,0.0001,39,8.806420973879476,24.73675173695878,2.0672718793560763,26.804023616314858
0.45332789661475753,-0.5357693787883223,-0.28909138549411956,-0.07589420664429118,2.0,0.0001,39,8.80642097525127,24.73675173960347,2.067271875979959,26.80402361558343
0.45332789661475753,-0.5357693787883223,-0.28909139549411955,-0.07589420664429118,2.0,0.00010001,39,8.806420975262494,24.736751739604,2.0672718793579263,26.804023618961928
0.45332789661475753,-0.5357693787883223,-0.28909139549411955,-0.07589420664429118,1.99999999,0.0001,39,8.806420975609344,24.736751740676095,2.067271879354226,26.804023620030325
0.4533279066147575,-0.5357693787883223,-0.28909139549411955,-0.07589420664429118,2.0,0.0001,39,8.806420981306024,24.736751754292467,2.0672718600934927,26.804023614385954
0.45332789661475753,-0.5357693687883223,-0.28909139549411955,-0.07589420664429118,2.0,0.0001,39,8.806420981306024,24.736751754292467,2.0672718600934927,26.804023614385958
0.45351703670850235,-0.5303606136535423,-0.267273289329721,-0.0023047512457478,2.0,0.0001,39,8.807724433329922,24.73728922095323,2.0285026071644983,26.765791828117727
0.45351703670850235,-0.5303605987523811,-0.2672733042308822,-0.0023047512457478,2.0,0.0001,39,8.807724443939748,24.73728924708125,2.0285025822539207,26.765791829335175
0.45351703670850235,-0.5303605987523811,-0.267273289329721,-0.0023047512457478,2.0,0.0001,39,8.807724445845341,24.737289250820968,2.028502578538172,26.76579182935914
0.45351703670850235,-0.5303605987523811,-0.267273289329721,-0.002304766146908994,2.0,0.0001,39,8.807724446784976,24.737289253417718,2.0285025822539207,26.765791835671646
0.45351703670850235,-0.5303605987523811,-0.267273289329721,-0.0023047512457478,2.0,0.00010001490116119385,39,8.807724447485908,24.737289253869243,2.0285025785409285,26.765791832410173
0.45351703670850235,-0.5303605987523811,-0.267273289329721,-0.0023047512457478,1.9999999701976776,0.0001,39,8.807724450918862,24.73728926190529,2.028502578532659,26.76579184043795
0.45351705160966355,-0.5303605987523811,-0.267273289329721,-0.0023047512457478,2.0,0.0001,39,8.807724458360775,24.73728928068874,2.0285025499118445,26.765791830600584
0.45348073274205675,-0.5300109356850443,-0.2662113873908912,0.0004006948623059682,2.0,0.0001,39,8.807955738046017,24.737718948001262,2.027165114088747,26.764884062090008
0.45348073274205675,-0.5300109356850443,-0.2662113873908912,0.0004006848623059682,2.0,0.0001,39,8.807955738669438,24.737718949730233,2.0271651116225855,26.764884061352817
0.45348073274205675,-0.5300109356850443,-0.2662113873908912,0.0004006848623059682,2.0,0.00010001,39,8.80795573975809,24.73771895175026,2.027165111624436,26.764884063374698
0.45348073274205675,-0.5300109356850443,-0.2662113773908912,0.0004006848623059682,2.0,0.0001,39,8.80795573995004,24.73771895224683,2.0271651091564236,26.76488406140325
0.45348073274205675,-0.5300109356850443,-0.2662113873908912,0.0004006848623059682,1.99999999,0.0001,39,8.807955740375682,24.737718953460224,2.0271651116207354,26.764884065080953
0.45348074274205674,-0.5300109356850443,-0.2662113873908912,0.0004006848623059682,2.0,0.0001,39,8.807955747185977,24.73771897005164,2.027165092414681,26.76488406246632
0.45348073274205675,-0.5300109256850443,-0.2662113873908912,0.0004006848623059682,2.0,0.0001,39,8.807955747185975,24.73771897005164,2.027165092414681,26.76488406246632
0.44244084186198007,-0.5260799294582805,-0.22917719870309752,-0.04218170866353948,2.0,0.0001,39,8.811469425317586,24.744271682446094,2.0420242298344413,26.78629591228053
0.44244084186198007,-0.5260799294582805,-0.22917719870309752,-0.04218171866353948,2.0,0.0001,39,8.811469426272486,24.744271684846154,2.0420242323445112,26.786295917190664
0.44244084186198007,-0.5260799294582805,-0.22917719870309752,-0.04218171866353948,2.0,0.00010001,39,8.8114694272938,24.74427168678672,2.0420242323463613,26.78629591913308
0.44244084186198007,-0.5260799294582805,-0.22917718870309753,-0.04218171866353948,2.0,0.0001,39,8.811469427968206,24.744271688129214,2.0420242298344413,26.78629591796366
0.44244084186198007,-0.5260799294582805,-0.22917719870309752,-0.04218171866353948,1.99999999,0.0001,39,8.811469427926996,24.74427168847722,2.0420242323426616,26.78629592081988
0.44244084186198007,-0.5260799194582805,-0.22917719870309752,-0.04218171866353948,2.0,0.0001,39,8.811469432832725,24.74427170103852,2.042024213070849,26.78629591410937
0.44244085186198007,-0.5260799294582805,-0.22917719870309752,-0.04218171866353948,2.0,0.0001,39,8.811469432832725,24.74427170103852,2.04202421307085,26.786295914109374
0.44244969000390705,-0.5227151581869399,-0.21551032380601864,-0.007029238357219296,2.0,0.0001,39,8.813041145190086,24.746675861011145,2.0243755863646924,26.77105144737584
0.44244969000390705,-0.5227151581869399,-0.21551032380601864,-0.007029248357219296,2.0,0.0001,39,8.813041146017985,24.746675863164008,2.0243755884231827,26.77105145158719
0.44244969000390705,-0.5227151581869399,-0.21551032380601864,-0.007029248357219296,2.0,0.00010001,39,8.813041146888867,24.746675864787942,2.024375588425033,26.771051453212976
0.44244969000390705,-0.5227151581869399,-0.21551031380601865,-0.007029248357219296,2.0,0.0001,39,8.81304114771719,24.74667586648904,2.0243755863646924,26.771051452853733
0.44244969000390705,-0.5227151581869399,-0.21551032380601864,-0.007029248357219296,1.99999999,0.0001,39,8.813041147704006,24.746675866896485,2.024375588421333,26.77105145531782
0.44244969000390705,-0.5227151481869399,-0.21551032380601864,-0.007029248357219296,2.0,0.0001,39,8.813041153601867,24.74667588189692,2.0243755691807275,26.771051451077653
0.44244970000390704,-0.5227151581869399,-0.21551032380601864,-0.007029248357219296,2.0,0.0001,39,8.813041153601867,24.74667588189692,2.0243755691807275,26.77105145107765
0.4408561536665217,-0.5211243008139042,-0.20611284102231703,-0.000706340967062587,2.0,0.0001,39,8.814138867942333,24.748486404409242,2.0212590131095762,26.769745417518813
0.4408561536665217,-0.5211243008139042,-0.20611284102231703,-0.000706350967062587,2.0,0.0001,39,8.814138868760585,24.748486406545222,2.021259015022654,26.769745421567876
0.4408561536665217,-0.5211243008139042,-0.20611284102231703,-0.000706350967062587,2.0,0.00010001,39,8.814138869574952,24.748486408057847,2.021259015024504,26.769745423082348
0.4408561536665217,-0.5211243008139042,-0.20611283102231703,-0.000706350967062587,2.0,0.0001,39,8.814138870509474,24.748486409969786,2.0212590131095762,26.76974542307936
0.4408561536665217,-0.5211243008139042,-0.20611284102231703,-0.000706350967062587,1.99999999,0.0001,39,8.81413887043946,24.7484864102744,2.0212590150208047,26.769745425295206
0.4408561636665217,-0.5211243008139042,-0.20611284102231703,-0.000706350967062587,2.0,0.0001,39,8.814138876290283,24.748486425277978,2.0212589957801734,26.769745421058154
0.4408561536665217,-0.5211242908139041,-0.20611284102231703,-0.000706350967062587,2.0,0.0001,39,8.814138876290283,24.748486425277978,2.0212589957801734,26.769745421058154
0.44068126487769643,-0.5209497060383494,-0.20508147804458612,-1.2410216637710883e-05,2.0,0.0001,39,8.814262557838864,24.748691455428848,2.020930893509625,26.769622348938476
0.44068126487769643,-0.5209497060383494,-0.20508147804458612,-1.2420216637710883e-05,2.0,0.0001,39,8.814262558656061,24.748691457562977,2.0209308954067438,26.769622352969726
0.44068126487769643,-0.5209497060383494,-0.20508147804458612,-1.2420216637710883e-05,2.0,0.00010001,39,8.814262559464257,24.748691459063444,2.0209308954085934,26.76962235447204
0.44068126487769643,-0.5209497060383494,-0.20508146804458613,-1.2420216637710883e-05,2.0,0.0001,39,8.814262560410407,24.748691460998465,2.020930893509625,26.769622354508087
0.44068126487769643,-0.5209497060383494,-0.20508147804458612,-1.2420216637710883e-05,1.99999999,0.0001,39,8.814262560334155,24.748691461291795,2.0209308954048937,26.76962235669669
0.44068126487769643,-0.5209496960383494,-0.20508147804458612,-1.2420216637710883e-05,2.0,0.0001,39,8.814262566179845,24.748691476295747,2.020930876164261,26.76962235246001
0.4406812748776964,-0.5209497060383494,-0.20508147804458612,-1.2420216637710883e-05,2.0,0.0001,39,8.814262566179845,24.748691476295747,2.020930876164261,26.769622352460008
0.44053838691889885,-0.5208070682780017,-0.20423889094665174,0.0005545066785705399,2.0,0.0001,39,8.814364080278837,24.748859906494324,2.0208743908389204,26.769734297333244
0.44053838691889885,-0.5208070682780017,-0.20423889094665174,0.0005544966785705398,2.0,0.0001,39,8.814364081095171,24.74885990862694,2.0208743889445815,26.769734297571528
0.44053838691889885,-0.5208070682780017,-0.20423889094665174,0.0005544966785705398,2.0,0.00010001,39,8.814364081898333,24.74885991011749,2.020874388946432,26.769734299063927
0.44053838691889885,-0.5208070682780017,-0.20423888094665174,0.0005544966785705398,2.0,0.0001,39,8.814364082853977,24.748859912071357,2.0208743870502426,26.7697342991216
0.44053838691889885,-0.5208070682780017,-0.20423889094665174,0.0005544966785705398,1.99999999,0.0001,39,8.814364082772629,24.74885991235547,2.020874388942732,26.7697343012982
0.44053838691889885,-0.5208070582780017,-0.20423889094665174,0.0005544966785705398,2.0,0.0001,39,8.814364088614129,24.74885992735973,2.020874369702096,26.76973429706183
0.44053839691889884,-0.5208070682780017,-0.20423889094665174,0.0005544966785705398,2.0,0.0001,39,8.814364088614127,24.74885992735973,2.020874369702096,26.769734297061827
0.43774792176375243,-0.5178974730233453,-0.18717009215078606,0.01323085021021103,2.0,0.0001,39,8.816509492146032,24.752435682955902,2.019822004903407,26.772257687859305
0.43774792176375243,-0.5178974730233453,-0.18717009215078606,0.01323084021021103,2.0,0.0001,39,8.816509492938437,24.75243568504479,2.0198220030496974,26.77225768809449
0.43774792176375243,-0.5178974730233453,-0.18717009215078606,0.01323084021021103,2.0,0.00010001,39,8.816509493637778,24.75243568632971,2.019822003051548,26.772257689381256
0.43774792176375243,-0.5178974730233453,-0.18717008215078607,0.01323084021021103,2.0,0.0001,39,8.816509494783732,24.752435688663397,2.0198220011959886,26.77225768985938
0.43774792176375243,-0.5178974730233453,-0.18717009215078606,0.01323084021021103,1.99999999,0.0001,39,8.816509494603467,24.752435688768823,2.0198220030478478,26.772257691816673
0.43774792176375243,-0.5178974630233453,-0.18717009215078606,0.01323084021021103,2.0,0.0001,39,8.816509500390676,24.752435703849724,2.0198219838083133,26.772257687658033
0.43774793176375243,-0.5178974730233453,-0.18717009215078606,0.01323084021021103,2.0,0.0001,39,8.816509500390676,24.752435703849724,2.0198219838083142,26.772257687658033
0.43168296466539874,-0.5109403153406799,-0.14749426865959891,0.04792535971556172,2.0,0.0001,39,8.822257163087343,24.762268645399985,2.0171937414398076,26.779462386839796
0.43168296466539874,-0.5109403153406799,-0.14749426865959891,0.04792534971556172,2.0,0.0001,39,8.822257163799534,24.76226864733678,2.0171937396321757,26.77946238696895
0.43168296466539874,-0.5109403153406799,-0.14749426865959891,0.04792534971556172,2.0,0.00010001,39,8.822257164252786,24.762268648129357,2.017193739634025,26.779462387763385
0.43168296466539874,-0.5109403153406799,-0.14749426865959891,0.04792534971556172,1.99999999,0.0001,39,8.822257165441636,24.762268651063554,2.0171937396303257,26.779462390693876
0.43168296466539874,-0.5109403153406799,-0.14749425865959892,0.04792534971556172,2.0,0.0001,39,8.822257165831292,24.762268651336093,2.017193737824544,26.779462389160635
0.43168296466539874,-0.5109403053406798,-0.14749426865959891,0.04792534971556172,2.0,0.0001,39,8.822257171287504,24.762268666733938,2.0171937203990447,26.779462387132988
0.43168297466539873,-0.5109403153406799,-0.14749426865959891,0.04792534971556172,2.0,0.0001,39,8.822257171287502,24.762268666733945,2.0171937203990447,26.779462387132988
0.42516327544275856,-0.5017651242510456,-0.09799125715027383,0.10253372453140266,2.0,0.0001,39,8.831397643209186,24.778744557949857,2.013024556123,26.791769114072856
0.42516327544275856,-0.5017651242510456,-0.09799125715027383,0.10253371453140267,2.0,0.0001,39,8.83139764377882,24.77874455960813,2.013024554268144,26.791769113876267
0.42516327544275856,-0.5017651242510456,-0.09799125715027383,0.10253371453140267,2.0,0.00010001,39,8.831397643914723,24.77874455975598,2.013024554269994,26.79176911402598
0.42516327544275856,-0.5017651242510456,-0.09799125715027383,0.10253371453140267,1.99999999,0.0001,39,8.831397645413858,24.778744563380783,2.013024554266294,26.79176911764708
0.42516327544275856,-0.5017651242510456,-0.09799124715027384,0.10253371453140267,2.0,0.0001,39,8.831397646017619,24.778744564044306,2.0130245524132877,26.791769116457594
0.42516327544275856,-0.5017651142510455,-0.09799125715027383,0.10253371453140267,2.0,0.0001,39,8.831397651883236,24.77874458098175,2.013024535059577,26.79176911604133
0.42516328544275855,-0.5017651242510456,-0.09799125715027383,0.10253371453140267,2.0,0.0001,39,8.831397651883236,24.778744580981755,2.013024535059577,26.79176911604133
0.36757716282629116,-0.4596907140345831,0.002285271107589347,0.16340801652382417,2.0,0.31830654991046975,39,8.842436338390513,24.784158048845136,2.1307520669681215,26.914910115813257
0.36757717282629115,-0.4596907240345831,0.002285271107589347,0.16340801652382417,2.0,0.31830654991046975,39,8.842436338390511,24.784158048845136,2.1307520669681215,26.91491011581325
0.36757716282629116,-0.4596907240345831,0.002285271107589347,0.16340802652382416,2.0,0.31830654991046975,39,8.842436342944131,24.784158053218068,2.130752087852835,26.914910141070905
0.36757716282629116,-0.4596907240345831,0.002285271107589347,0.16340801652382417,2.0,0.31830655991046974,39,8.842436342682538,24.784158053231526,2.1307520922088425,26.914910145440373
0.36757716282629116,-0.4596907240345831,0.002285271107589347,0.16340801652382417,2.0,0.31830654991046975,39,8.842436342822946,24.784158053701034,2.1307520863201725,26.91491014002121
0.36757716282629116,-0.4596907240345831,0.002285281107589347,0.16340801652382417,2.0,0.31830654991046975,39,8.842436343484758,24.7841580549385,2.130752087852835,26.91491014279134
0.36757716282629116,-0.4596907240345831,0.002285271107589347,0.16340801652382417,1.99999999,0.31830654991046975,39,8.84243634334968,24.784158055203932,2.1307520804315003,26.914910135635427
0.4182796322979653,-0.49049906966679735,-0.05608067269910279,0.1736083688574318,2.0,0.030134072896546567,39,8.841168659237907,24.79646737794865,2.0112582919175512,26.8077256698662
0.4182796322979653,-0.49049906966679735,-0.05608067269910279,0.1736083588574318,2.0,0.03013408289654657,39,8.841168659416798,24.796467378685026,2.0112582903504075,26.807725669035435
0.4182796322979653,-0.49049906966679735,-0.05608067269910279,0.1736083588574318,2.0,0.030134072896546567,39,8.84116865956231,24.79646737913362,2.0112582897929268,26.807725668926548
0.4182796322979653,-0.49049906966679735,-0.05608067269910279,0.1736083588574318,1.99999999,0.030134072896546567,39,8.841168661150848,24.796467382856335,2.011258289235447,26.807725672091777
0.4182796322979653,-0.49049906966679735,-0.056080662699102786,0.1736083588574318,2.0,0.030134072896546567,39,8.841168661754976,24.79646738352688,2.0112582876683036,26.807725671195186
0.4182796322979653,-0.49049905966679735,-0.05608067269910279,0.1736083588574318,2.0,0.030134072896546567,39,8.841168668300812,24.79646740250443,2.0112582706248965,26.807725673129326
0.41827964229796527,-0.49049906966679735,-0.05608067269910279,0.1736083588574318,2.0,0.030134072896546567,39,8.84116866830081,24.79646740250443,2.0112582706248974,26.80772567312933
0.4040831746752886,-0.48160845531467433,0.001397588353483801,0.17635788612217654,2.0,0.04298981881329634,39,8.850307165255252,24.81113250127352,2.0125246041183247,26.823657105391845
0.4040831746752886,-0.48160845531467433,0.001397588353483801,0.17635787612217654,2.0,0.04298982881329634,39,8.850307165315616,24.811132501809464,2.012524603269399,26.823657105078862
0.4040831746752886,-0.48160845531467433,0.001397588353483801,0.17635787612217654,2.0,0.04298981881329634,39,8.850307165666148,24.811132502646522,2.0125246024740866,26.82365710512061
0.4040831746752886,-0.48160845531467433,0.001397588353483801,0.17635787612217654,1.99999999,0.04298981881329634,39,8.85030716713667,24.81113250619007,2.0125246016787752,26.82365710786884
0.4040831746752886,-0.48160845531467433,0.001397598353483801,0.17635787612217654,2.0,0.04298981881329634,39,8.850307168196379,24.81113250766712,2.0125246041183247,26.82365711178545
0.4040831746752886,-0.48160844531467434,0.001397588353483801,0.17635787612217654,2.0,0.04298981881329634,39,8.850307172063507,24.81113252153515,2.0125245832569774,26.82365710479213
0.4040831846752886,-0.48160845531467433,0.001397588353483801,0.17635787612217654,2.0,0.04298981881329634,39,8.850307172063507,24.81113252153515,2.0125245832569783,26.82365710479213
0.40256728058004254,-0.4827139595912326,0.002991460568539199,0.14743193763305426,2.0,0.037863537354951314,39,8.850722254529972,24.812041595677105,2.0130334236805596,26.825075019357662
0.40256728058004254,-0.4827139595912326,0.002991460568539199,0.14743192763305427,2.0,0.037863547354951316,39,8.850722254818475,24.812041596696766,2.013033422989618,26.825075019686388
0.40256728058004254,-0.4827139595912326,0.002991460568539199,0.14743192763305427,2.0,0.037863537354951314,39,8.85072225512873,24.812041597429886,2.0130334222891424,26.825075019719034
0.40256728058004254,-0.4827139595912326,0.002991460568539199,0.14743192763305427,1.99999999,0.037863537354951314,39,8.850722256613453,24.812041601004047,2.0130334215886667,26.825075022592717
0.40256728058004254,-0.4827139595912326,0.0029914705685391988,0.14743192763305427,2.0,0.037863537354951314,39,8.8507222578031,24.812041602715404,2.0130334236805596,26.825075026395968
0.40256728058004254,-0.4827139495912326,0.002991460568539199,0.14743192763305427,2.0,0.037863537354951314,39,8.850722261166156,24.812041615441963,2.013033403047786,26.825075018489756
0.40256729058004254,-0.4827139595912326,0.002991460568539199,0.14743192763305427,2.0,0.037863537354951314,39,8.850722261166156,24.812041615441963,2.013033403047786,26.825075018489756
0.40190917522711733,-0.4826524939585376,0.003353650350625515,0.13806061207753909,2.0,0.03959255058894752,39,8.851002744969755,24.812750402563946,2.0130894751368675,26.825839877700812
0.40190917522711733,-0.4826524939585376,0.003353650350625515,0.1380606020775391,2.0,0.03959256058894752,39,8.851002745347731,24.81275040377397,2.013089474561248,26.825839878335213
0.40190917522711733,-0.4826524939585376,0.003353650350625515,0.1380606020775391,2.0,0.03959255058894752,39,8.851002745644442,24.81275040447295,2.013089473828786,26.82583987830174
0.40190917522711733,-0.4826524939585376,0.003353650350625515,0.1380606020775391,1.99999999,0.03959255058894752,39,8.851002747143248,24.812750408076507,2.0130894730963234,26.825839881172833
0.40190917522711733,-0.4826524939585376,0.003353660350625515,0.1380606020775391,2.0,0.03959255058894752,39,8.851002748357276,24.812750409832425,2.0130894751368675,26.82583988496929
0.40190917522711733,-0.4826524839585376,0.003353650350625515,0.1380606020775391,2.0,0.03959255058894752,39,8.851002751716887,24.81275042252628,2.01308945458191,26.825839877108184
0.4019091852271173,-0.4826524939585376,0.003353650350625515,0.1380606020775391,2.0,0.03959255058894752,39,8.851002751716887,24.81275042252628,2.01308945458191,26.825839877108184
0.3964862392216809,-0.47371511453218124,0.0034982644768534283,0.11977833028134541,2.0,0.12451102240154512,39,8.852896212817061,24.81889968979853,2.01700084524501,26.835900535043546
0.3964862392216809,-0.47371511453218124,0.0034982644768534283,0.11977832028134541,2.0,0.12451103240154511,39,8.852896213705652,24.8188996921177,2.0170008464081555,26.835900538525852
0.3964862392216809,-0.47371511453218124,0.0034982644768534283,0.11977832028134541,2.0,0.12451102240154512,39,8.852896213991187,24.818899692790463,2.0170008441047016,26.835900536895167
0.3964862392216809,-0.47371511453218124,0.0034982644768534283,0.11977832028134541,1.99999999,0.12451102240154512,39,8.852896215697033,24.818899696822935,2.0170008418012477,26.835900538624184
0.3964862392216809,-0.47371511453218124,0.0034982744768534283,0.11977832028134541,2.0,0.12451102240154512,39,8.852896216576971,24.818899697983035,2.01700084524501,26.835900543228053
0.3964862492216809,-0.47371511453218124,0.0034982644768534283,0.11977832028134541,2.0,0.12451102240154512,39,8.852896223015517,24.81889971711768,2.0170008248903346,26.835900542008016
0.3964862392216809,-0.47371510453218124,0.0034982644768534283,0.11977832028134541,2.0,0.12451102240154512,39,8.852896223015518,24.81889971711768,2.0170008248903346,26.835900542008016
0.4615177643930023,-0.5223580320175455,-0.26510254387088916,-0.0823263962148477,2.0,0.0001,39,8.845609764623429,24.823143360063156,2.0200933923957525,26.843236752458914
0.4615177643930023,-0.5223580171163843,-0.26510255877205036,-0.0823263962148477,2.0,0.0001,39,8.845609797573033,24.823143431837128,2.020093368778821,26.843236800615944
0.4615177643930023,-0.5223580171163843,-0.26510254387088916,-0.0823263962148477,2.0,0.0001,39,8.845609800923576,24.823143438724824,2.020093363990008,26.843236802714827
0.4615177643930023,-0.5223580171163843,-0.26510254387088916,-0.0823263962148477,2.0,0.00010001490116119385,39,8.84560980263962,24.82314344202984,2.0200933639927654,26.8432368060226
0.4615177643930023,-0.5223580171163843,-0.26510254387088916,-0.0823264111160089,2.0,0.0001,39,8.845609804342697,24.82314344625076,2.020093368778821,26.843236815029584
0.4615177643930023,-0.5223580171163843,-0.26510254387088916,-0.0823263962148477,1.9999999701976776,0.0001,39,8.845609808459065,24.823143454769625,2.0200933639844956,26.84323681875412
0.4615177792941635,-0.5223580171163843,-0.26510254387088916,-0.0823263962148477,2.0,0.0001,39,8.845609837223737,24.823143517386523,2.020093335584264,26.843236852970783
0.39311726204761355,-0.4665600920364473,0.003373650074114166,0.11074354215715944,2.0,0.18920307700003175,39,8.856220884812988,24.827932343028838,2.0274998740629284,26.855432217091767
0.39311726204761355,-0.4665600920364473,0.003373650074114166,0.11074353215715944,2.0,0.18920308700003174,39,8.856220886118471,24.827932346243212,2.0274998765076013,26.855432222750817
0.39311726204761355,-0.4665600920364473,0.003373650074114166,0.11074353215715944,2.0,0.18920307700003175,39,8.856220886406229,24.82793234691922,2.027499873007345,26.85543221992657
0.39311726204761355,-0.4665600920364473,0.003373650074114166,0.11074353215715944,1.99999999,0.18920307700003175,39,8.856220888285758,24.827932351297047,2.0274998695070874,26.85543222080413
0.39311726204761355,-0.4665600920364473,0.003373660074114166,0.11074353215715944,2.0,0.18920307700003175,39,8.856220888897012,24.827932351993333,2.0274998740629284,26.855432226056262
0.39311727204761354,-0.4665600920364473,0.003373650074114166,0.11074353215715944,2.0,0.18920307700003175,39,8.856220898339515,24.827932377325826,2.027499853827999,26.855432231153827
0.39311726204761355,-0.46656008203644733,0.003373650074114166,0.11074353215715944,2.0,0.18920307700003175,39,8.856220898339517,24.827932377325826,2.027499853827999,26.855432231153827
0.3478616294844196,-0.43488717020646644,0.0009670363255884977,0.2370765973005175,1.6532066910784928,0.6026457130958605,39,8.873555678554064,24.85616804991718,2.101258344118095,26.957426394035274
0.3478616294844196,-0.43488717020646644,0.0009670363255884977,0.2370766073005175,1.653206681078493,0.6026457130958605,39,8.873555679520726,24.856168051405298,2.101258341586729,26.957426392992026
0.3478616294844196,-0.43488717020646644,0.0009670463255884977,0.2370765973005175,1.653206681078493,0.6026457130958605,39,8.873555678790234,24.85616805153229,2.101258341586729,26.95742639311902
0.3478616294844196,-0.43488717020646644,0.0009670363255884977,0.2370765973005175,1.653206681078493,0.6026457230958605,39,8.873555679711545,24.856168052532816,2.101258344118095,26.957426396650913
0.3478616294844196,-0.43488717020646644,0.0009670363255884977,0.2370765973005175,1.653206681078493,0.6026457130958605,39,8.873555679799493,24.85616805303529,2.101258339384826,26.95742639242012
0.3478616294844196,-0.43488716020646645,0.0009670363255884977,0.2370765973005175,1.653206681078493,0.6026457130958605,39,8.873555683694502,24.856168066066544,2.1012583200798396,26.957426386146388
0.3478616394844196,-0.43488717020646644,0.0009670363255884977,0.2370765973005175,1.653206681078493,0.6026457130958605,39,8.873555683694502,24.856168066066544,2.1012583200798396,26.957426386146388
0.34570210811102314,-0.4171623466120208,0.0004795116727855811,0.2704272409824129,1.4864229028707745,0.69950854157679,39,8.901179162206894,24.92132276265743,2.0504840339819985,26.971806796639427
0.34570210811102314,-0.4171623466120208,0.0004795116727855811,0.2704272509824129,1.4864228928707746,0.69950854157679,39,8.901179162789086,24.921322763321264,2.050484033048155,26.971806796369417
0.34570210811102314,-0.4171623466120208,0.0004795216727855811,0.2704272409824129,1.4864228928707746,0.69950854157679,39,8.901179162117119,24.921322763564156,2.050484033048155,26.97180679661231
0.34570210811102314,-0.4171623466120208,0.0004795116727855811,0.2704272409824129,1.4864228928707746,0.69950855157679,39,8.901179163348418,24.921322765085158,2.0504840339819985,26.971806799067156
0.34570210811102314,-0.4171623466120208,0.0004795116727855811,0.2704272409824129,1.4864228928707746,0.69950854157679,39,8.901179163420242,24.921322765526742,2.050484030542268,26.971806796069007
0.34570211811102314,-0.4171623466120208,0.0004795116727855811,0.2704272409824129,1.4864228928707746,0.69950854157679,39,8.901179170397238,24.92132278377891,2.05048401138126,26.97180679516017
0.34570210811102314,-0.4171623366120208,0.0004795116727855811,0.2704272409824129,1.4864228928707746,0.69950854157679,39,8.901179170397238,24.92132278377891,2.05048401138126,26.97180679516017
0.3454629009897335,-0.4094967076179008,0.0003075028244366422,0.29654964878948,1.406229661904732,0.7283433560215555,39,8.914043894284356,24.950180025385194,2.0278680269250895,26.97804805231028
0.3454629009897335,-0.4094967076179008,0.0003075128244366422,0.29654964878948,1.4062296519047321,0.7283433560215555,39,8.91404389382818,24.950180025499733,2.027868027181417,26.978048052681153
0.3454629009897335,-0.4094967076179008,0.0003075028244366422,0.29654965878948,1.4062296519047321,0.7283433560215555,39,8.914043894928833,24.950180026235635,2.027868027181417,26.978048053417055
0.3454629009897335,-0.4094967076179008,0.0003075028244366422,0.29654964878948,1.4062296519047321,0.7283433660215556,39,8.914043895356743,24.950180027632378,2.0278680269250895,26.97804805455747
0.3454629009897335,-0.4094967076179008,0.0003075028244366422,0.29654964878948,1.4062296519047321,0.7283433560215555,39,8.914043895335839,24.95018002785244,2.0278680244354885,26.978048052287928
0.3454629009897335,-0.4094966976179008,0.0003075028244366422,0.29654964878948,1.4062296519047321,0.7283433560215555,39,8.914043902300705,24.95018004559692,2.027868005343176,26.978048050940092
0.3454629109897335,-0.4094967076179008,0.0003075028244366422,0.29654964878948,1.4062296519047321,0.7283433560215555,39,8.914043902300705,24.95018004559692,2.027868005343176,26.978048050940092
0.344889507519262,-0.40152675781003416,-9.6357248294974e-06,0.3119166302154848,1.33665563962404,0.7414419741607766,39,8.925603330701927,24.976748561456375,2.00690462776648,26.98365318922286
0.344889507519262,-0.40152675781003416,-9.6457248294974e-06,0.3119166302154848,1.33665564962404,0.7414419741607766,39,8.925603331238621,24.976748561586064,2.006904632096604,26.98365319368267
0.344889507519262,-0.40152675781003416,-9.6457248294974e-06,0.3119166402154848,1.33665563962404,0.7414419741607766,39,8.925603331714541,24.97674856215041,2.0069046335371166,26.983653195687527
0.344889507519262,-0.40152675781003416,-9.6457248294974e-06,0.3119166302154848,1.33665563962404,0.7414419841607767,39,8.925603332190061,24.976748563562992,2.006904632096604,26.983653195659596
0.344889507519262,-0.40152675781003416,-9.6457248294974e-06,0.3119166302154848,1.33665563962404,0.7414419741607766,39,8.925603332161005,24.97674856372267,2.0069046306517984,26.983653194374472
0.344889507519262,-0.40152674781003417,-9.6457248294974e-06,0.3119166302154848,1.33665563962404,0.7414419741607766,39,8.925603339374799,24.976748581504634,2.006904611627904,26.98365319313254
0.344889517519262,-0.40152675781003416,-9.6457248294974e-06,0.3119166302154848,1.33665563962404,0.7414419741607766,39,8.925603339374797,24.976748581504634,2.006904611627903,26.98365319313254
0.34348448430601985,-0.39424369034785334,-0.030108756968454678,0.29763269438023043,1.3237310216261298,0.7377895042755647,39,8.936875648570936,25.00068091297033,1.9982762652692612,26.998957178239593
0.34348448430601985,-0.39424369034785334,-0.03010876696845468,0.29763270438023043,1.3237310216261298,0.7377895042755647,39,8.936875649651043,25.000680913789626,1.9982762713324782,26.9989571851221
0.34348448430601985,-0.39424369034785334,-0.03010876696845468,0.29763269438023043,1.3237310316261297,0.7377895042755647,39,8.936875649520735,25.000680913976083,1.9982762694389995,26.998957183415083
0.34348448430601985,-0.39424369034785334,-0.03010876696845468,0.29763269438023043,1.3237310216261298,0.7377895042755647,39,8.936875650382975,25.000680915949726,1.9982762683008701,26.998957184250596
0.34348448430601985,-0.39424369034785334,-0.03010876696845468,0.29763269438023043,1.3237310216261298,0.7377895142755647,39,8.936875650574725,25.000680916091618,1.9982762694389995,26.998957185530614
0.34348449430601985,-0.39424369034785334,-0.03010876696845468,0.29763269438023043,1.3237310216261298,0.7377895042755647,39,8.936875658106537,25.000680934580963,1.9982762493313477,26.998957183912317
0.34348448430601985,-0.39424368034785334,-0.03010876696845468,0.29763269438023043,1.3237310216261298,0.7377895042755647,39,8.936875658106537,25.00068093458097,1.9982762493313477,26.998957183912317
0.3446082412175599,-0.39238694537011454,-0.005225480850677966,0.311871921413282,1.2859291182752342,0.7415048946553302,39,8.937549703226333,25.004385799719184,1.9866473056483251,26.991033105367514
0.3446082412175599,-0.39238694537011454,-0.005225480850677966,0.311871911413282,1.285929128275234,0.7415048946553302,39,8.93754970331095,25.004385800277966,1.9866473032227037,26.991033103500666
0.3446082412175599,-0.39238694537011454,-0.005225470850677966,0.311871911413282,1.2859291182752342,0.7415048946553302,39,8.937549702945676,25.004385800383595,1.9866472997820237,26.991033100165613
0.3446082412175599,-0.39238694537011454,-0.005225480850677966,0.311871911413282,1.2859291182752342,0.7415049046553303,39,8.937549704062661,25.004385801810088,1.9866473032227037,26.991033105032795
0.3446082412175599,-0.39238694537011454,-0.005225480850677966,0.311871911413282,1.2859291182752342,0.7415048946553302,39,8.937549704129493,25.00438580213426,1.986647302715174,26.99103310484943
0.3446082512175599,-0.39238694537011454,-0.005225480850677966,0.311871911413282,1.2859291182752342,0.7415048946553302,39,8.937549712273645,25.004385821355072,1.9866472837732212,26.99103310512829
0.3446082412175599,-0.39238693537011454,-0.005225480850677966,0.311871911413282,1.2859291182752342,0.7415048946553302,39,8.937549712273643,25.004385821355072,1.9866472837732212,26.99103310512829
0.3448962272246572,-0.39215144283981124,0.0039004691332757344,0.31645003089769247,1.2746929255513477,0.7413158130853545,39,8.937496084856393,25.004961254071247,1.986155800573546,26.991117054644793
0.3448962272246572,-0.39215144283981124,0.0039004691332757344,0.3164500208976925,1.2746929355513477,0.7413158130853545,39,8.937496085009212,25.004961254746533,1.986155797906466,26.991117052653006
0.3448962272246572,-0.39215144283981124,0.0039004791332757343,0.3164500208976925,1.2746929255513477,0.7413158130853545,39,8.937496084870988,25.004961255287945,1.986155800573546,26.991117055861487
0.3448962272246572,-0.39215144283981124,0.0039004691332757344,0.3164500208976925,1.2746929255513477,0.7413158230853546,39,8.93749608566445,25.00496125609542,1.986155797906466,26.991117054001894
0.3448962272246572,-0.39215144283981124,0.0039004691332757344,0.3164500208976925,1.2746929255513477,0.7413158130853545,39,8.937496085820229,25.00496125658068,1.9861557976103046,26.991117054190987
0.3448962272246572,-0.39215143283981124,0.0039004691332757344,0.3164500208976925,1.2746929255513477,0.7413158130853545,39,8.937496094080556,25.00496127595774,1.9861557786731932,26.991117054630934
0.3448962372246572,-0.39215144283981124,0.0039004691332757344,0.3164500208976925,1.2746929255513477,0.7413158130853545,39,8.937496094080556,25.00496127595774,1.9861557786731932,26.991117054630934
0.3474500936255856,-0.39358633059012843,0.03660640736648174,0.32796563250824,1.26587431152264,0.7313554808560525,39,8.936642065925323,25.005166842045725,1.997815749517494,27.002982591563217
0.3474500936255856,-0.39358633059012843,0.03660640736648174,0.32796562250824,1.26587432152264,0.7313554808560525,39,8.936642066379617,25.005166843275248,1.9978157460939543,27.002982589369196
0.3474500936255856,-0.39358633059012843,0.03660640736648174,0.32796562250824,1.26587431152264,0.7313554908560526,39,8.936642066728552,25.005166844041195,1.9978157460939543,27.002982590135144
0.3474500936255856,-0.39358633059012843,0.03660640736648174,0.32796562250824,1.26587431152264,0.7313554808560525,39,8.936642067209801,25.005166845133104,1.9978157461452035,27.002982591278307
0.3474500936255856,-0.39358633059012843,0.03660641736648174,0.32796562250824,1.26587431152264,0.7313554808560525,39,8.936642067188608,25.005166845648684,1.997815749517494,27.002982595166173
0.3474500936255856,-0.39358632059012844,0.03660640736648174,0.32796562250824,1.26587431152264,0.7313554808560525,39,8.93664207635056,25.005166866131113,1.9978157272184427,27.002982593349547
0.3474501036255856,-0.39358633059012843,0.03660640736648174,0.32796562250824,1.26587431152264,0.7313554808560525,39,8.93664207635056,25.005166866131113,1.9978157272184427,27.002982593349547
0.3448006564230991,-0.39206902432966834,-0.0009648417714666533,0.3143100304420188,1.2794564897838416,0.7421410621362502,39,8.937783589600729,25.005245821858406,1.9848830022472965,26.990128824105707
0.3448006564230991,-0.39206902432966834,-0.0009648417714666533,0.3143100204420188,1.2794564997838416,0.7421410621362502,39,8.937783589721626,25.005245822479043,1.984882999730559,26.990128822209606
0.3448006564230991,-0.39206902432966834,-0.0009648317714666532,0.3143100204420188,1.2794564897838416,0.7421410621362502,39,8.93778358945623,25.005245822774256,1.984882996414711,26.990128819188968
0.3448006564230991,-0.39206902432966834,-0.0009648417714666533,0.3143100204420188,1.2794564897838416,0.7421410721362502,39,8.9377835904245,25.00524582391775,1.984882999730559,26.99012882364831
0.3448006564230991,-0.39206902432966834,-0.0009648417714666533,0.3143100204420188,1.2794564897838416,0.7421410621362502,39,8.937783590532142,25.005245824314358,1.9848829993310038,26.990128823645364
0.3448006664230991,-0.39206902432966834,-0.0009648417714666533,0.3143100204420188,1.2794564897838416,0.7421410621362502,39,8.937783598740275,25.00524584361994,1.9848829803937715,26.990128824013713
0.3448006564230991,-0.39206901432966834,-0.0009648417714666533,0.3143100204420188,1.2794564897838416,0.7421410621362502,39,8.937783598740273,25.00524584361994,1.9848829803937715,26.990128824013713
0.34486591162126917,-0.39204774423170685,0.001470015529158541,0.3154714116119696,1.2767037212225194,0.7419458680250512,39,8.937716625022011,25.00527916390434,1.9850966839945956,26.99037584789894
0.34486591162126917,-0.39204774423170685,0.001470015529158541,0.3154714016119696,1.2767037312225193,0.7419458680250512,39,8.93771662516019,25.005279164554512,1.9850966814079045,26.990375845962415
0.34486591162126917,-0.39204774423170685,0.001470025529158541,0.3154714016119696,1.2767037212225194,0.7419458680250512,39,8.937716624956625,25.005279164968822,1.9850966839945956,26.990375848963424
0.34486591162126917,-0.39204774423170685,0.001470015529158541,0.3154714016119696,1.2767037212225194,0.7419458780250513,39,8.937716625838089,25.005279165945932,1.9850966814079045,26.99037584735383
0.34486591162126917,-0.39204774423170685,0.001470015529158541,0.3154714016119696,1.2767037212225194,0.7419458680250512,39,8.937716625969589,25.005279166386025,1.985096681062887,26.99037584744891
0.34486592162126917,-0.39204774423170685,0.001470015529158541,0.3154714016119696,1.2767037212225194,0.7419458680250512,39,8.93771663420658,25.00527918573055,1.9850966621264552,26.99037584785701
0.34486591162126917,-0.39204773423170686,0.001470015529158541,0.3154714016119696,1.2767037212225194,0.7419458680250512,39,8.93771663420658,25.00527918573055,1.9850966621264552,26.99037584785701
0.34485942362506006,-0.3920255511660548,0.0009498618126675168,0.31526197232967423,1.2771340618139597,0.7420807092818116,39,8.937765849572813,25.005351188949827,1.9848730903549647,26.990224279304794
0.34485942362506006,-0.3920255511660548,0.0009498618126675168,0.31526196232967424,1.2771340718139597,0.7420807092818116,39,8.937765849707866,25.005351189594624,1.984873087785479,26.990224277380108
0.34485942362506006,-0.3920255511660548,0.0009498718126675169,0.31526196232967424,1.2771340618139597,0.7420807092818116,39,8.9377658494903,25.005351189981706,1.9848730903549647,26.990224280336673
0.34485942362506006,-0.3920255511660548,0.0009498618126675168,0.31526196232967424,1.2771340618139597,0.7420807192818116,39,8.937765850390647,25.005351190995224,1.984873087785479,26.990224278780698
0.34485942362506006,-0.3920255511660548,0.0009498618126675168,0.31526196232967424,1.2771340618139597,0.7420807092818116,39,8.937765850516916,25.005351191425575,1.9848730874300058,26.990224278855578
0.34485942362506006,-0.3920255411660548,0.0009498618126675168,0.31526196232967424,1.2771340618139597,0.7420807092818116,39,8.937765858748895,25.005351210763106,1.9848730684937188,26.99022427925683
0.34485943362506005,-0.3920255511660548,0.0009498618126675168,0.31526196232967424,1.2771340618139597,0.7420807092818116,39,8.937765858748895,25.005351210763106,1.9848730684937184,26.99022427925683
0.3448374904254271,-0.39200816477176015,-0.0001492285286207275,0.31477675714061254,1.278217435873042,0.7422628435433254,39,8.93783230270852,25.005417968710535,1.9845528263950278,26.989970795105553
0.3448374904254271,-0.39200816477176015,-0.0001492285286207275,0.31477674714061255,1.278217445873042,0.7422628435433254,39,8.937832302836341,25.005417969342947,1.9845528238608472,26.989970793203792
0.3448374904254271,-0.39200816477176015,-0.0001492185286207275,0.31477674714061255,1.278217435873042,0.7422628435433254,39,8.937832302590056,25.005417969674433,1.9845528205688974,26.989970790243326
0.3448374904254271,-0.39200816477176015,-0.0001492285286207275,0.31477674714061255,1.278217435873042,0.7422628535433254,39,8.937832303529966,25.005417970763993,1.9845528238608472,26.989970794624842
0.3448374904254271,-0.39200816477176015,-0.0001492285286207275,0.31477674714061255,1.278217435873042,0.7422628435433254,39,8.937832303645305,25.00541797117422,1.984552823481962,26.989970794656184
0.3448375004254271,-0.39200816477176015,-0.0001492285286207275,0.31477674714061255,1.278217435873042,0.7422628435433254,39,8.937832311865428,25.005417990495516,1.9845528045456335,26.98997079504115
0.3448374904254271,-0.39200815477176015,-0.0001492285286207275,0.31477674714061255,1.278217435873042,0.7422628435433254,39,8.937832311865428,25.005417990495516,1.9845528045456335,26.98997079504115
0.3448488525784855,-0.3919893914762094,0.00010236298780320723,0.3149207279244181,1.2778352259775023,0.7423004093493579,39,8.93784758464244,25.005471557885762,1.9845111049097035,26.989982662795466
0.3448488525784855,-0.3919893914762094,0.00010236298780320723,0.3149207179244181,1.2778352359775023,0.7423004093493579,39,8.937847584772395,25.00547155852181,1.9845111023682496,26.989982660890053
0.3448488525784855,-0.3919893914762094,0.00010237298780320722,0.3149207179244181,1.2778352259775023,0.7423004093493579,39,8.937847584532006,25.005471558864482,1.9845111049097035,26.98998266377418
0.3448488525784855,-0.3919893914762094,0.00010236298780320723,0.3149207179244181,1.2778352259775023,0.742300419349358,39,8.937847585463174,25.005471559937423,1.9845111023682496,26.989982662305668
0.3448488525784855,-0.3919893914762094,0.00010236298780320723,0.3149207179244181,1.2778352259775023,0.7423004093493579,39,8.937847585580878,25.005471560351836,1.9845111019957398,26.989982662347575
0.3448488525784855,-0.39198938147620943,0.00010236298780320723,0.3149207179244181,1.2778352259775023,0.7423004093493579,39,8.937847593804689,25.00547157967795,1.9845110830596904,26.98998266273763
0.3448488625784855,-0.3919893914762094,0.00010236298780320723,0.3149207179244181,1.2778352259775023,0.7423004093493579,39,8.937847593804687,25.00547157967795,1.9845110830596902,26.98998266273763
0.3448468292794777,-0.3919824705092008,-5.98483428738833e-05,0.3148554137228656,1.2779694288444026,0.7423424599566992,39,8.937863445414795,25.005495023109418,1.984477009456839,26.989972032566257
0.3448468292794777,-0.3919824705092008,-5.98483428738833e-05,0.3148554037228656,1.2779694388444025,0.7423424599566992,39,8.937863445543776,25.00549502374379,1.9844770069196422,26.989972030663427
0.3448468292794777,-0.3919824705092008,-5.9838342873883296e-05,0.3148554037228656,1.2779694288444026,0.7423424599566992,39,8.937863445299016,25.005495024077963,1.9844770036309063,26.989972027708866
0.3448468292794777,-0.3919824705092008,-5.98483428738833e-05,0.3148554037228656,1.2779694288444026,0.7423424699566993,39,8.937863446236088,25.005495025162286,1.9844770069196422,26.98997203208193
0.3448468292794777,-0.3919824705092008,-5.98483428738833e-05,0.3148554037228656,1.2779694288444026,0.7423424599566992,39,8.93786344635215,25.00549502557364,1.984477006543872,26.98997203211752
0.3448468392794777,-0.3919824705092008,-5.98483428738833e-05,0.3148554037228656,1.2779694288444026,0.7423424599566992,39,8.93786345457439,25.005495044897557,1.9844769876078676,26.98997203250543
0.3448468292794777,-0.3919824605092008,-5.98483428738833e-05,0.3148554037228656,1.2779694288444026,0.7423424599566992,39,8.93786345457439,25.005495044897557,1.9844769876078676,26.98997203250543
0.34483625192170303,-0.39194628923104463,-0.000907853147411492,0.31451396558548894,1.278671011621876,0.7425622911911158,39,8.93794749622414,25.005619927318637,1.9846116123829805,26.990231539701618
0.34483625192170303,-0.39194628923104463,-0.000907853147411492,0.31451395558548895,1.278671021621876,0.7425622911911158,39,8.937947496348027,25.005619927944252,1.9846116098581454,26.990231537802398
0.34483625192170303,-0.39194628923104463,-0.000907843147411492,0.31451395558548895,1.278671011621876,0.7425622911911158,39,8.937947496080412,25.00561992823395,1.9846116065476775,26.99023153478164
0.34483625192170303,-0.39194628923104463,-0.000907853147411492,0.31451395558548895,1.278671011621876,0.7425623011911159,39,8.937947497048379,25.00561992937786,1.9846116098581454,26.99023153923601
0.34483625192170303,-0.39194628923104463,-0.000907853147411492,0.31451395558548895,1.278671011621876,0.7425622911911158,39,8.937947497155832,25.005619929773182,1.9846116094653292,26.990231539238515
0.34483625192170303,-0.39194627923104464,-0.000907853147411492,0.31451395558548895,1.278671011621876,0.7425622911911158,39,8.937947505369877,25.00561994908564,1.9846115905295612,26.9902315396152
0.344836261921703,-0.39194628923104463,-0.000907853147411492,0.31451395558548895,1.278671011621876,0.7425622911911158,39,8.937947505369877,25.00561994908564,1.9846115905295612,26.9902315396152
0.34454004965170204,-0.3909330894367558,-0.02465488408398383,0.30495223747656813,1.2983177339610752,0.7487183191934287,39,8.941082812690336,25.010657940813598,1.9891154251612937,26.999773365974903
0.34454004965170204,-0.3909330894367558,-0.02465489408398383,0.30495224747656813,1.2983177339610752,0.7487183191934287,39,8.941082813621364,25.010657941401348,1.9891154312590253,26.999773372660368
0.34454004965170204,-0.3909330894367558,-0.02465489408398383,0.30495223747656813,1.2983177439610751,0.7487183191934287,39,8.941082813603863,25.010657941782988,1.9891154290803263,26.999773370863316
0.34454004965170204,-0.3909330894367558,-0.02465489408398383,0.30495223747656813,1.2983177339610752,0.7487183191934287,39,8.941082814395562,25.010657943585535,1.9891154282101593,26.999773371795698
0.34454004965170204,-0.3909330894367558,-0.02465489408398383,0.30495223747656813,1.2983177339610752,0.7487183291934287,39,8.94108281454438,25.0106579436698,1.9891154290803263,26.999773372750123
0.34454005965170204,-0.3909330894367558,-0.02465489408398383,0.30495223747656813,1.2983177339610752,0.7487183191934287,39,8.941082822374142,25.01065796256441,1.9891154092810237,26.99977337184544
0.34454004965170204,-0.3909330794367558,-0.02465489408398383,0.30495223747656813,1.2983177339610752,0.7487183191934287,39,8.941082822374142,25.01065796256441,1.9891154092810237,26.999773371845436
0.3273509264725904,-0.4476974122688562,0.28423989460862786,0.39660948748470415,1.1841888126832048,0.6122851989971763,39,8.949462594556916,25.022372127408342,2.3320502250053865,27.354422352413728
0.3273509264725904,-0.4476974122688562,0.28423989460862786,0.39660949748470414,1.1841888026832048,0.6122851989971763,39,8.949462594653637,25.022372127758427,2.3320502350684738,27.354422362826895
0.3273509264725904,-0.4476974122688562,0.28423989460862786,0.39660948748470415,1.1841888026832048,0.6122852089971763,39,8.949462594744706,25.022372128294705,2.3320502250053865,27.35442235330009
0.3273509264725904,-0.4476974122688562,0.28423989460862786,0.39660948748470415,1.1841888026832048,0.6122851989971763,39,8.949462596058542,25.022372130911926,2.3320502287706177,27.35442235968255
0.3273509264725904,-0.4476974122688562,0.28423990460862786,0.39660948748470415,1.1841888026832048,0.6122851989971763,39,8.949462599884551,25.02237213895593,2.3320502350684738,27.354422374024402
0.3273509264725904,-0.4476974022688562,0.28423989460862786,0.39660948748470415,1.1841888026832048,0.6122851989971763,39,8.949462600808477,25.022372143246777,2.332050209157412,27.35442235240419
0.3273509364725904,-0.4476974122688562,0.28423989460862786,0.39660948748470415,1.1841888026832048,0.6122851989971763,39,8.949462600808477,25.022372143246777,2.332050209157412,27.35442235240419
0.4305268780769876,-0.47662193310790507,0.004967842754389599,0.03360374244576698,2.0,0.0001,39,8.951733965311256,25.0406337560096,1.9369466521506573,26.97758040816026
0.4305268780769876,-0.47662193310790507,0.004967842754389599,0.033603732445766976,2.0,0.00010001,39,8.951733968763206,25.040633763259905,1.9369466517957208,26.977580415055627
0.4305268780769876,-0.47662193310790507,0.004967842754389599,0.033603732445766976,2.0,0.0001,39,8.95173396891433,25.040633763574586,1.9369466517938705,26.97758041536846
0.4305268780769876,-0.47662193310790507,0.004967842754389599,0.033603732445766976,1.99999999,0.0001,39,8.951733971671175,25.040633769374704,1.9369466517920213,26.97758042116672
0.4305268780769876,-0.47662193310790507,0.0049678527543895986,0.033603732445766976,2.0,0.0001,39,8.951733973596548,25.040633773032614,1.9369466521506573,26.977580425183273
0.4305268780769876,-0.4766219231079051,0.004967842754389599,0.033603732445766976,2.0,0.0001,39,8.951734008599743,25.040633847663642,1.9369466328674907,26.977580480531135
0.4305268880769876,-0.47662193310790507,0.004967842754389599,0.033603732445766976,2.0,0.0001,39,8.951734008599743,25.040633847663642,1.9369466328674907,26.977580480531135
0.32434501275860544,-0.46786127337895,0.3492864343905403,0.42664528920836403,1.1968123375529125,0.6010773257630423,39,8.963051185699817,25.04370955002381,2.4412734937242817,27.484983043748084
0.32434501275860544,-0.46786127337895,0.3492864343905403,0.42664528920836403,1.1968123275529126,0.6010773357630423,39,8.96305118592078,25.043709551222932,2.4412734937242817,27.484983044947207
0.32434501275860544,-0.46786127337895,0.3492864343905403,0.426645299208364,1.1968123275529126,0.6010773257630423,39,8.96305118628138,25.04370955161538,2.4412735046406913,27.484983056256066
0.32434501275860544,-0.46786127337895,0.3492864343905403,0.42664528920836403,1.1968123275529126,0.6010773257630423,39,8.96305118715036,25.043709553559406,2.4412734974633237,27.48498305102273
0.32434501275860544,-0.46786126337895,0.3492864343905403,0.42664528920836403,1.1968123275529126,0.6010773257630423,39,8.963051189870825,25.043709562043595,2.441273477635798,27.48498303967939
0.32434502275860544,-0.46786127337895,0.3492864343905403,0.42664528920836403,1.1968123275529126,0.6010773257630423,39,8.963051189870825,25.043709562043595,2.4412734776357974,27.48498303967939
0.32434501275860544,-0.46786127337895,0.3492864443905403,0.42664528920836403,1.1968123275529126,0.6010773257630423,39,8.963051191341968,25.04370956235729,2.4412735046406913,27.48498306699798
0.3351255334066467,-0.3711517828686984,-0.10937966412876027,0.2872646853267559,1.1999013427023022,0.7376060147163546,39,8.976726629518446,25.082629270952406,1.9936248837582826,27.076254154710686
0.3351255334066467,-0.3711517828686984,-0.10937967412876026,0.2872646953267559,1.1999013427023022,0.7376060147163546,39,8.976726631968702,25.082629274639345,1.9936248910962024,27.07625416573555
0.3351255334066467,-0.3711517828686984,-0.10937967412876026,0.2872646853267559,1.1999013527023021,0.7376060147163546,39,8.976726632155309,25.082629275472495,1.9936248862711283,27.076254161743627
0.3351255334066467,-0.3711517828686984,-0.10937967412876026,0.2872646853267559,1.1999013427023022,0.7376060147163546,39,8.976726632707976,25.08262927672371,1.9936248874272422,27.076254164150953
0.3351255334066467,-0.3711517828686984,-0.10937967412876026,0.2872646853267559,1.1999013427023022,0.7376060247163546,39,8.976726633693364,25.082629278433497,1.9936248862711283,27.076254164704626
0.3351255334066467,-0.3711517728686984,-0.10937967412876026,0.2872646853267559,1.1999013427023022,0.7376060147163546,39,8.9767266392486,25.082629292287656,1.9936248685939997,27.076254160881653
0.3351255434066467,-0.3711517828686984,-0.10937967412876026,0.2872646853267559,1.1999013427023022,0.7376060147163546,39,8.9767266392486,25.082629292287656,1.9936248685939997,27.076254160881653
0.3776295229442546,-0.38001061112551426,0.3958601824124128,0.3588028903359353,1.1344110285925317,0.568866271090793,39,9.222801702628544,25.595868558555132,2.1992499825671015,27.795118541122232
0.3776295229442546,-0.38001061112551426,0.3958601824124128,0.3588028803359353,1.1344110285925317,0.5688662810907931,39,9.222801709046266,25.59586857159133,2.1992499700970978,27.795118541688424
0.3776295229442546,-0.38001061112551426,0.3958601824124128,0.3588028803359353,1.1344110385925317,0.568866271090793,39,9.222801710292648,25.595868573929963,2.1992499700970978,27.795118544027062
0.3776295229442546,-0.38001061112551426,0.3958601824124128,0.3588028803359353,1.1344110285925317,0.568866271090793,39,9.222801710369152,25.59586857408631,2.199249975586468,27.79511854967278
0.3776295229442546,-0.38001061112551426,0.39586019241241277,0.3588028803359353,1.1344110285925317,0.568866271090793,39,9.222801720216154,25.595868594246554,2.1992499825671015,27.79511857681366
0.3776295229442546,-0.38001060112551427,0.3958601824124128,0.3588028803359353,1.1344110285925317,0.568866271090793,39,9.22280173324349,25.595868620822806,2.1992499570644433,27.795118577887244
0.3776295329442546,-0.38001061112551426,0.3958601824124128,0.3588028803359353,1.1344110285925317,0.568866271090793,39,9.22280173324349,25.595868620822806,2.1992499570644433,27.795118577887244
0.2723587900400162,-0.669166303484311,0.6628205608576536,0.6722445357590914,1.4537692899155674,0.6053887699790419,39,9.504687926012583,26.340847677140317,3.4845140446238347,29.82536172176415
0.27235880004001617,-0.6691663134843111,0.6628205608576536,0.6722445357590914,1.4537692899155674,0.6053887699790419,39,9.504687926012583,26.340847677140317,3.4845140446238347,29.82536172176415
0.2723587900400162,-0.6691663134843111,0.6628205708576537,0.6722445357590914,1.4537692899155674,0.6053887699790419,39,9.504687952821671,26.34084775183216,3.484514079143656,29.825361830975822
0.2723587900400162,-0.6691663134843111,0.6628205608576536,0.6722445357590914,1.4537692899155674,0.6053887699790419,39,9.504687952687766,26.340847753387973,3.484514066794305,29.825361820182277
0.2723587900400162,-0.6691663134843111,0.6628205608576536,0.6722445357590914,1.4537692899155674,0.6053887699790419,39,9.504687952687766,26.340847753387973,3.484514066794305,29.825361820182277
0.2723587900400162,-0.6691663134843111,0.6628205608576536,0.6722445357590914,1.4537692899155674,0.605388779979042,39,9.504687950532649,26.340847754576302,3.4845140678887287,29.825361822465034
0.2723587900400162,-0.6691663134843111,0.6628205608576536,0.6722445457590914,1.4537692899155674,0.6053887699790419,39,9.504687958401796,26.34084777275678,3.484514079143656,29.825361851900436
0.2723587900400162,-0.6691663134843111,0.6628205608576536,0.6722445357590914,1.4537692999155674,0.6053887699790419,39,9.504687961015877,26.340847781079532,3.4845140678887287,29.825361848968264
0.4480056259056773,-0.26624276066190733,0.402272903689447,0.2685779344138119,1.1028650150150383,0.5502848185824999,39,9.92993505421185,27.056226086715274,1.848444705488965,28.904670792204236
0.4480056259056773,-0.26624276066190733,0.402272903689447,0.2685779244138119,1.1028650150150383,0.5502848285824999,39,9.929935067491016,27.056226116402602,1.8484446928668663,28.90467080926946
0.4480056259056773,-0.26624276066190733,0.402272903689447,0.2685779244138119,1.1028650150150383,0.5502848185824999,39,9.929935068172538,27.056226117067077,1.848444699283595,28.904670816350666
0.4480056259056773,-0.26624276066190733,0.402272903689447,0.2685779244138119,1.1028650250150382,0.5502848185824999,39,9.929935077568889,27.056226137163595,1.8484446928668667,28.904670830030454
0.4480056259056773,-0.26624276066190733,0.402272913689447,0.2685779244138119,1.1028650150150383,0.5502848185824999,39,9.929935082116856,27.056226148186724,1.848444705488965,28.904670853675682
0.44800563590567727,-0.26624276066190733,0.402272903689447,0.2685779244138119,1.1028650150150383,0.5502848185824999,39,9.929935109666427,27.056226205818287,1.8484446824649015,28.904670888283192
0.4480056259056773,-0.26624275066190733,0.402272903689447,0.2685779244138119,1.1028650150150383,0.5502848185824999,39,9.929935109666427,27.056226205818295,1.8484446824649015,28.904670888283192
0.4178883994889282,-0.7904675561341412,-0.3743866184958584,-0.17870295984638163,1.9562636765118984,0.8577134044743087,39,10.06112931359723,29.098720358574194,3.3578227572438895,32.45654311581808
0.37352368980646133,0.07324472069740295,-0.5947684049606323,-0.5853444300591946,1.1638803240344238,0.262653667692871,39,11.387181425998666,31.017978804679448,2.0641010546650054,33.082079859344454
-0.5811057686805725,-0.14852049946784973,0.5759937763214111,-0.9325012862682343,1.8103151086433216,0.9090884523017686,39,11.081746708308657,32.440422917191945,4.97719369663868,37.417616613830624
0.19699085410684347,0.5041844863444567,-0.7713012378662825,-0.15440466348081827,0.38662009487019344,1.4852934383587675,39,11.699807035835272,33.06471194505947,1.1917187540659449,34.25643069912541
-0.7129367589950562,-0.28035149723291397,0.09319858998060226,0.9356677159667015,0.37528411948374507,1.473957470592773,39,10.48892218573951,33.66860610910738,4.654505953728951,38.32311206283633
-0.41471268981695175,0.7857613861560822,-0.6842801570892334,-0.3467644639313221,0.48167814939133846,1.5538350015677467,39,12.172846991114753,34.319248648887445,1.7200641992073784,36.039312848094816
0.9345566406596406,-0.6328580985635344,0.7759846971855746,-0.38154617809154767,0.04657752257579114,1.1452508733441313,39,12.340160663103756,35.08858480985514,2.557804566744732,37.64638937659988
1.0,0.99999999,-0.41653399500301824,-1.0,0.0001,0.3771130616797916,39,13.385626954349018,37.198759656989324,3.3639675971811096,40.56272725417044
0.99999999,1.0,-0.41653399500301824,-1.0,0.0001,0.3771130616797916,39,13.385626954349018,37.19875965698934,3.3639675971811096,40.56272725417044
1.0,1.0,-0.41653399500301824,-0.99999999,0.0001,0.3771130616797916,39,13.385626957409178,37.198759665710256,3.3639675840781713,40.56272724978842
1.0,1.0,-0.41653399500301824,-1.0,0.0001,0.3771130616797916,39,13.385626972036592,37.19875972854313,3.3639675971811096,40.56272732572424
1.0,1.0,-0.41653399500301824,-1.0,0.0001,0.3771130716797916,39,13.385626979683352,37.19875976435407,3.3639675671595524,40.562727331513635
1.0,1.0,-0.41653398500301825,-1.0,0.0001,0.3771130616797916,39,13.385626984004976,37.198759774104246,3.3639675840781718,40.56272735818242
1.0,1.0,-0.41653399500301824,-1.0,0.00010001,0.3771130616797916,39,13.385626996673276,37.198759835654826,3.3639675671595524,40.562727402814374
-0.41471268981695175,0.7857613861560822,-0.6842801570892334,-0.3467644639313221,0.48167814939133846,1.9639354223913161,39,13.44313701901593,44.932177960566015,1.902576200313292,46.83475416087931
-0.41471268981695175,0.7857613861560822,-0.6842801570892334,-0.3467644639313221,0.8124159433311431,1.9639354223913161,39,13.640885903437557,45.51814196380638,2.2764149389378576,47.79455690274423
-0.41471268981695175,0.7857613861560822,-0.6842801570892334,-0.9335133582353592,0.8124159433311431,1.9639354223913161,39,15.730762645707552,61.34986974494693,2.9952337559948896,64.34510350094182
-0.41471268981695175,-0.2749242037534714,-0.9429373294115067,-0.9335133582353592,0.8124159433311431,1.9639354223913161,39,15.031954926071155,65.7912971005129,5.531803718451511,71.32310081896442
0.5541054457426071,-0.2749242037534714,-0.9429373294115067,-0.9335133582353592,0.8124159433311431,1.9639354223913161,39,15.84522887848137,67.27251814269972,3.555573861084951,70.82809200378468
-0.41471268981695175,0.7857613861560822,-0.9429373294115067,-0.9335133582353592,0.8124159433311431,1.9639354223913161,39,15.96155112973623,67.66988876143118,3.413246493781533,71.08313525521272
