Vᵢᵢ,Ƹᵢⱼ,Ʒᵢⱼ,γ1,γ3,n_data,raw_ssr_sum,raw_neglogprob_sum,param_penalty_sum,loss_final_sum
-0.04139501933137808,-0.2833920022926536,0.0024371727261967547,2.0,0.0001,39,8.802103754773984,24.724356180950362,2.0441171156307023,26.768473296581064
-0.04139500443021689,-0.2833920171938148,0.0024371727261967547,2.0,0.0001,39,8.802103764721558,24.724356207530583,2.0441170621538687,26.768473269684446
-0.04139500443021689,-0.2833920022926536,0.0024371876273579485,2.0,0.0001,39,8.802103765823068,24.72435620885153,2.0441170621538687,26.768473271005398
-0.04139500443021689,-0.2833920022926536,0.0024371727261967547,2.0,0.0001,39,8.80210376615119,24.72435621017039,2.044117058214121,26.768473268384508
-0.04139500443021689,-0.2833920022926536,0.0024371727261967547,2.0,0.00010001490116119385,39,8.802103767990507,24.724356213591452,2.0441170582168784,26.768473271808332
-0.04139500443021689,-0.2833920022926536,0.0024371727261967547,1.9999999701976776,0.0001,39,8.802103770266106,24.72435621904587,2.0441170582086086,26.768473277254483
-0.03960394891329507,-0.2799346010081743,-0.008126446630907334,2.0,0.0001,39,8.80473736826928,24.730959775894235,2.0378141596675197,26.768773935561754
-0.03960393401213388,-0.2799346159093355,-0.008126446630907334,2.0,0.0001,39,8.80473738665945,24.730959821130714,2.037814106320199,26.76877392745091
-0.03960393401213388,-0.2799346010081743,-0.008126446630907334,2.0,0.0001,39,8.804737388354564,24.7309598243961,2.037814102349688,26.768773926745787
-0.03960393401213388,-0.2799346010081743,-0.008126461532068528,2.0,0.0001,39,8.804737389111018,24.730959826607503,2.037814106320199,26.768773932927704
-0.03960393401213388,-0.2799346010081743,-0.008126446630907334,2.0,0.00010001490116119385,39,8.80473739013888,24.7309598277229,2.0378141023524448,26.768773930075348
-0.03960393401213388,-0.2799346010081743,-0.008126446630907334,1.9999999701976776,0.0001,39,8.804737393118588,24.730959834746674,2.037814102344175,26.76877393709085
-0.03913880389325783,-0.2816775068511667,-0.0036334794377305057,2.0,0.0001,39,8.804960525324336,24.731472718936256,2.035296089689843,26.766768808626093
-0.039138788992096635,-0.2816775217523279,-0.0036334794377305057,2.0,0.0001,39,8.804960544878337,24.731472766720085,2.0352960363302617,26.766768803050347
-0.039138788992096635,-0.2816775068511667,-0.0036334794377305057,2.0,0.0001,39,8.804960546544585,24.7314727699429,2.0352960323976568,26.76676880234056
-0.039138788992096635,-0.2816775068511667,-0.0036334943388916996,2.0,0.0001,39,8.804960547280164,24.731472772113996,2.0352960363302617,26.76676880844426
-0.039138788992096635,-0.2816775068511667,-0.0036334794377305057,2.0,0.00010001490116119385,39,8.804960548321574,24.73147277324897,2.0352960324004137,26.766768805649388
-0.039138788992096635,-0.2816775068511667,-0.0036334794377305057,1.9999999701976776,0.0001,39,8.804960551361972,24.73147278041565,2.035296032392144,26.766768812807793
-0.03889044751437073,-0.2821736490292575,-0.002359813946935212,2.0,0.0001,39,8.805202027949447,24.732043379128417,2.034136401176094,26.766179780304512
-0.038890432613209534,-0.2821736639304187,-0.002359813946935212,2.0,0.0001,39,8.80520204829658,24.732043428642847,2.034136347819489,26.76617977646234
-0.038890432613209534,-0.2821736490292575,-0.002359813946935212,2.0,0.0001,39,8.805202049963247,24.732043431875727,2.0341363438976003,26.766179775773328
-0.038890432613209534,-0.2821736490292575,-0.002359828848096406,2.0,0.0001,39,8.805202050708765,24.732043434068352,2.034136347819489,26.766179781887843
-0.038890432613209534,-0.2821736490292575,-0.002359813946935212,2.0,0.00010001490116119385,39,8.805202051735032,24.732043435169818,2.0341363439003572,26.766179779070175
-0.038890432613209534,-0.2821736490292575,-0.002359813946935212,1.9999999701976776,0.0001,39,8.805202054825225,24.73204344244879,2.034136343892088,26.76617978634088
-0.038649593611987235,-0.28286039000402996,-0.0005916619968820813,2.0,0.0001,39,8.805398276427743,24.73249900818879,2.032926612049022,26.76542562023781
-0.03864957871082604,-0.28286040490519115,-0.0005916619968820813,2.0,0.0001,39,8.805398297465906,24.73249905920895,2.0329265586907903,26.765425617899744
-0.03864957871082604,-0.28286039000402996,-0.0005916619968820813,2.0,0.0001,39,8.805398299125565,24.732499062436112,2.032926554783808,26.765425617219925
-0.03864957871082604,-0.28286039000402996,-0.0005916768980432751,2.0,0.0001,39,8.805398299870827,24.732499064629327,2.0329265586907903,26.76542562332012
-0.03864957871082604,-0.28286039000402996,-0.0005916619968820813,2.0,0.00010001490116119385,39,8.805398300892804,24.73249906571884,2.032926554786565,26.765425620505404
-0.03864957871082604,-0.28286039000402996,-0.0005916619968820813,1.9999999701976776,0.0001,39,8.805398304022125,24.73249907308711,2.0329265547782955,26.765425627865405
-0.03849418050539347,-0.28291953470645176,-0.00044607282725419716,2.0,0.0001,39,8.805624191741323,24.733037215127986,2.03230674192959,26.765343957057574
-0.03849416560423228,-0.28291954960761295,-0.00044607282725419716,2.0,0.0001,39,8.805624213377065,24.733037267447244,2.0323066885787355,26.765343956025983
-0.03849416560423228,-0.28291953470645176,-0.00044607282725419716,2.0,0.0001,39,8.805624215046194,24.73303727069971,2.032306684672945,26.76534395537266
-0.03849416560423228,-0.28291953470645176,-0.000446087728415391,2.0,0.0001,39,8.805624215809939,24.73303727293138,2.0323066885787355,26.765343961510116
-0.03849416560423228,-0.28291953470645176,-0.00044607282725419716,2.0,0.00010001490116119385,39,8.805624216809404,24.733037273974386,2.0323066846757016,26.765343958650085
-0.03849416560423228,-0.28291953470645176,-0.00044607282725419716,1.9999999701976776,0.0001,39,8.805624219979654,24.73303728143282,2.0323066846674323,26.76534396610026
-0.038437243180736984,-0.28307901649441713,-3.5610628241408595e-05,2.0,0.0001,39,8.80567465709205,24.733153955379553,2.0320222141878928,26.765176169567447
-0.03843722827957579,-0.28307903139557833,-3.5610628241408595e-05,2.0,0.0001,39,8.805674678892945,24.73315400805781,2.0320221608367177,26.765176168894534
-0.03843722827957579,-0.28307901649441713,-3.5610628241408595e-05,2.0,0.0001,39,8.80567468056054,24.73315401130916,2.0320221569343864,26.76517616824355
-0.03843722827957579,-0.28307901649441713,-3.562552940260244e-05,2.0,0.0001,39,8.805674681324382,24.73315401354127,2.0320221608367177,26.765176174377988
-0.03843722827957579,-0.28307901649441713,-3.5610628241408595e-05,2.0,0.00010001490116119385,39,8.805674682322646,24.733154014581107,2.0320221569371437,26.765176171518256
-0.03843722827957579,-0.28307901649441713,-3.5610628241408595e-05,1.9999999701976776,0.0001,39,8.805674685502094,24.73315402206042,2.032022156928874,26.765176178989293
-0.038432534897778474,-0.28308842224341607,-1.1464771581624043e-05,2.0,0.0001,39,8.80567978427035,24.733165962945563,2.032000263926224,26.76516622687179
-0.03843251999661728,-0.28308843714457727,-1.1464771581624043e-05,2.0,0.0001,39,8.80567980608639,24.733166015656735,2.032000210575106,26.76516622623184
-0.03843251999661728,-0.28308842224341607,-1.1464771581624043e-05,2.0,0.0001,39,8.805679807753993,24.733166018908275,2.0320002066729774,26.76516622558125
-0.03843251999661728,-0.28308842224341607,-1.147967274281789e-05,2.0,0.0001,39,8.805679808518027,24.733166021140796,2.032000210575106,26.765166231715906
-0.03843251999661728,-0.28308842224341607,-1.1464771581624043e-05,2.0,0.00010001490116119385,39,8.805679809515999,24.733166022179983,2.0320002066757343,26.765166228855723
-0.03843251999661728,-0.28308842224341607,-1.1464771581624043e-05,1.9999999701976776,0.0001,39,8.805679812696361,24.73316602966135,2.0320002066674645,26.76516623632881
-0.038432081926676784,-0.2830865606723261,-1.6307216858410154e-05,2.0,0.0001,39,8.805680954824076,24.733168795983435,2.0319993041187345,26.76516810010217
-0.03843206702551559,-0.2830865755734873,-1.6307216858410154e-05,2.0,0.0001,39,8.805680976642659,24.733168848700124,2.0319992507676816,26.765168099467807
-0.03843206702551559,-0.2830865606723261,-1.6307216858410154e-05,2.0,0.0001,39,8.805680978310365,24.73316885195189,2.0319992468655124,26.765168098817405
-0.03843206702551559,-0.2830865606723261,-1.6322118019604e-05,2.0,0.0001,39,8.805680979074554,24.733168854184726,2.0319992507676816,26.76516810495241
-0.03843206702551559,-0.2830865606723261,-1.6307216858410154e-05,2.0,0.00010001490116119385,39,8.805680980072355,24.733168855223578,2.0319992468682693,26.76516810209184
-0.03843206702551559,-0.2830865606723261,-1.6307216858410154e-05,1.9999999701976776,0.0001,39,8.80568098325292,24.73316886270538,2.0319992468599994,26.765168109565376
-0.03843093102080309,-0.283089656253081,-8.342143010723041e-06,2.0,0.0001,39,8.805682014010852,24.733171250002602,2.031993606948196,26.765164856950808
-0.038430916119641896,-0.2830896711542422,-8.342143010723041e-06,2.0,0.0001,39,8.805682035832824,24.733171302726667,2.0319935535971396,26.7651648563238
-0.038430916119641896,-0.283089656253081,-8.342143010723041e-06,2.0,0.0001,39,8.805682037500507,24.733171305978413,2.0319935496950374,26.76516485567345
-0.038430916119641896,-0.283089656253081,-8.357044171916889e-06,2.0,0.0001,39,8.805682038264699,24.733171308211272,2.0319935535971396,26.765164861808415
-0.038430916119641896,-0.283089656253081,-8.342143010723041e-06,2.0,0.00010001490116119385,39,8.805682039262472,24.733171309250046,2.0319935496977943,26.765164858947845
-0.038430916119641896,-0.283089656253081,-8.342143010723041e-06,1.9999999701976776,0.0001,39,8.805682042443227,24.73317131673228,2.031993549689525,26.765164866421802
-0.03843031332248812,-0.2830913176704566,-4.067238514374616e-06,2.0,0.0001,39,8.805682582590531,24.73317256732046,2.0319905492525265,26.765163116572985
-0.038430298421326926,-0.2830913325716178,-4.067238514374616e-06,2.0,0.0001,39,8.805682604414324,24.733172620048467,2.0319904959014687,26.765163115949935
-0.038430298421326926,-0.2830913176704566,-4.067238514374616e-06,2.0,0.0001,39,8.80568260608199,24.733172623300213,2.031990491999402,26.765163115299615
-0.038430298421326926,-0.2830913176704566,-4.082139675568464e-06,2.0,0.0001,39,8.805682606846188,24.733172625533086,2.0319904959014687,26.765163121434558
-0.038430298421326926,-0.2830913176704566,-4.067238514374616e-06,2.0,0.00010001490116119385,39,8.805682607843943,24.733172626571815,2.031990492002159,26.765163118573973
-0.038430298421326926,-0.2830913176704566,-4.067238514374616e-06,1.9999999701976776,0.0001,39,8.805682611024801,24.733172634054284,2.031990491993889,26.765163126048172
-0.03842999955213744,-0.2830921616156316,-1.8957281662646624e-06,2.0,0.0001,39,8.805682871439014,24.733173236536114,2.031988996047036,26.765162232583158
-0.038429984650976245,-0.2830921765167928,-1.8957281662646624e-06,2.0,0.0001,39,8.80568289326373,24.733173289266137,2.0319889426959774,26.765162231962112
-0.038429984650976245,-0.2830921616156316,-1.8957281662646624e-06,2.0,0.0001,39,8.805682894931389,24.73317329251788,2.031988938793929,26.765162231311805
-0.038429984650976245,-0.2830921616156316,-1.91062932745851e-06,2.0,0.0001,39,8.805682895695591,24.733173294750756,2.0319889426959774,26.765162237446734
-0.038429984650976245,-0.2830921616156316,-1.8957281662646624e-06,2.0,0.00010001490116119385,39,8.805682896693336,24.733173295789463,2.031988938796687,26.76516223458615
-0.038429984650976245,-0.2830921616156316,-1.8957281662646624e-06,1.9999999701976776,0.0001,39,8.805682899874245,24.733173303272046,2.0319889387884165,26.765162242060462
-0.03842984753172819,-0.28309257050350334,-8.436405770933328e-07,2.0,0.0001,39,8.805683011391856,24.733173560783218,2.031988243526256,26.76516180430948
-0.038429832630567,-0.28309258540466453,-8.436405770933328e-07,2.0,0.0001,39,8.80568303321702,24.73317361351421,2.0319881901751966,26.765161803689406
-0.038429832630567,-0.28309257050350334,-8.436405770933328e-07,2.0,0.0001,39,8.805683034884677,24.733173616765953,2.0319881862731575,26.765161803039106
-0.038429832630567,-0.28309257050350334,-8.585417382871805e-07,2.0,0.0001,39,8.80568303564888,24.733173618998833,2.0319881901751966,26.76516180917403
-0.038429832630567,-0.28309257050350334,-8.436405770933328e-07,2.0,0.00010001490116119385,39,8.80568303664662,24.733173620037533,2.031988186275915,26.765161806313444
-0.038429832630567,-0.28309257050350334,-8.436405770933328e-07,1.9999999701976776,0.0001,39,8.805683039827557,24.733173627520173,2.031988186267645,26.76516181378782
-0.03842977776977736,-0.2830927581415694,-3.6083907019562613e-07,2.0,0.0001,39,8.80568307561754,24.733173709583024,2.031987898195691,26.765161607778712
-0.038429762868616164,-0.2830927730427306,-3.6083907019562613e-07,2.0,0.0001,39,8.805683097442909,24.73317376231446,2.0319878448446316,26.76516160715909
-0.038429762868616164,-0.2830927581415694,-3.6083907019562613e-07,2.0,0.0001,39,8.805683099110565,24.733173765566203,2.0319878409425964,26.765161606508798
-0.038429762868616164,-0.2830927581415694,-3.757402313894738e-07,2.0,0.0001,39,8.80568309987477,24.733173767799084,2.0319878448446316,26.76516161264371
-0.038429762868616164,-0.2830927581415694,-3.6083907019562613e-07,2.0,0.00010001490116119385,39,8.805683100872507,24.733173768837776,2.031987840945354,26.765161609783128
-0.038429762868616164,-0.2830927581415694,-3.6083907019562613e-07,1.9999999701976776,0.0001,39,8.805683104053456,24.733173776320445,2.031987840937084,26.765161617257533
-0.038429642349519864,-0.28309312238016837,5.763638549587435e-07,2.0,0.0001,39,8.805683200293666,24.733173998435564,2.0319875297029952,26.765161528138556
-0.038429642349519864,-0.28309312238016837,5.763638549587435e-07,2.0,0.0001,39,8.805683200293666,24.733173998435564,2.0319875297029952,26.765161528138556
-0.03842962744835867,-0.28309313728132957,5.763638549587435e-07,2.0,0.0001,39,8.805683222119434,24.73317405116786,2.031987476351951,26.765161527519815
-0.03842962744835867,-0.28309313728132957,5.763638549587435e-07,2.0,0.0001,39,8.805683222119434,24.73317405116786,2.031987476351951,26.765161527519815
-0.03842962744835867,-0.28309312238016837,5.912650161525912e-07,2.0,0.0001,39,8.805683223022882,24.73317405218672,2.031987476351951,26.765161528538673
-0.03842962744835867,-0.28309312238016837,5.912650161525912e-07,2.0,0.0001,39,8.805683223022882,24.73317405218672,2.031987476351951,26.765161528538673
-0.03842962744835867,-0.28309312238016837,5.763638549587435e-07,2.0,0.0001,39,8.805683223787085,24.733174054419603,2.031987472449908,26.765161526869512
-0.03842962744835867,-0.28309312238016837,5.763638549587435e-07,2.0,0.0001,39,8.805683223787085,24.733174054419603,2.031987472449908,26.765161526869512
-0.03842962744835867,-0.28309312238016837,5.763638549587435e-07,2.0,0.00010001490116119385,39,8.805683225549025,24.733174057691173,2.0319874724526654,26.765161530143835
-0.03842962744835867,-0.28309312238016837,5.763638549587435e-07,2.0,0.00010001490116119385,39,8.805683225549025,24.733174057691173,2.0319874724526654,26.765161530143835
-0.03842962744835867,-0.28309312238016837,5.763638549587435e-07,1.9999999701976776,0.0001,39,8.805683228729995,24.733174065173888,2.0319874724443956,26.765161537618287
-0.03842962744835867,-0.28309312238016837,5.763638549587435e-07,1.9999999701976776,0.0001,39,8.805683228729995,24.733174065173888,2.0319874724443956,26.765161537618287
-0.03842955243328671,-0.283093364227019,1.1986470960039552e-06,2.0,0.0001,39,8.805683283078013,24.73317419023191,2.0319874105106823,26.765161600742594
-0.03842953753212552,-0.28309337912818017,1.1986470960039552e-06,2.0,0.0001,39,8.805683304904045,24.733174242964793,2.0319873571596556,26.765161600124447
-0.03842953753212552,-0.283093364227019,1.2135482571978029e-06,2.0,0.0001,39,8.805683305807491,24.73317424398365,2.0319873571596556,26.7651616011433
-0.03842953753212552,-0.283093364227019,1.1986470960039552e-06,2.0,0.0001,39,8.805683306571696,24.733174246216535,2.0319873532576005,26.765161599474133
-0.03842953753212552,-0.283093364227019,1.1986470960039552e-06,2.0,0.00010001490116119385,39,8.805683308333634,24.733174249488098,2.0319873532603574,26.765161602748453
-0.03842953753212552,-0.283093364227019,1.1986470960039552e-06,1.9999999701976776,0.0001,39,8.805683311514619,24.733174256970848,2.031987353252088,26.765161610222933
-0.03842939046851552,-0.28309379986214794,2.3195566271252475e-06,2.0,0.0001,39,8.805683432200242,24.733174535720433,2.0319871958131643,26.765161731533595
-0.038429375567354325,-0.28309381476330914,2.3195566271252475e-06,2.0,0.0001,39,8.805683454026752,24.733174588454354,2.0319871424621674,26.765161730916518
-0.038429375567354325,-0.28309379986214794,2.334457788319095e-06,2.0,0.0001,39,8.805683454930193,24.7331745894732,2.0319871424621674,26.76516173193537
-0.038429375567354325,-0.28309379986214794,2.3195566271252475e-06,2.0,0.0001,39,8.8056834556944,24.733174591706085,2.0319871385600905,26.765161730266176
-0.038429375567354325,-0.28309379986214794,2.3195566271252475e-06,2.0,0.00010001490116119385,39,8.805683457456334,24.733174594977648,2.0319871385628483,26.76516173354049
-0.038429375567354325,-0.28309379986214794,2.3195566271252475e-06,1.9999999701976776,0.0001,39,8.805683460637345,24.73317460246045,2.031987138554578,26.765161741015028
-0.038429114261053186,-0.2830945427747738,4.231105507948797e-06,2.0,0.0001,39,8.805683686518524,24.733175124926618,2.031986829683031,26.76516195460965
-0.03842909935989199,-0.283094557675935,4.231105507948797e-06,2.0,0.0001,39,8.80568370834585,24.733175177662297,2.031986776332086,26.765161953994387
-0.03842909935989199,-0.2830945427747738,4.246006669142645e-06,2.0,0.0001,39,8.805683709249282,24.73317517868114,2.031986776332086,26.765161955013227
-0.03842909935989199,-0.2830945427747738,4.231105507948797e-06,2.0,0.0001,39,8.80568371001349,24.73317518091403,2.0319867724299736,26.76516195334401
-0.03842909935989199,-0.2830945427747738,4.231105507948797e-06,2.0,0.00010001490116119385,39,8.80568371177542,24.733175184185573,2.0319867724327305,26.765161956618304
-0.03842909935989199,-0.2830945427747738,4.231105507948797e-06,1.9999999701976776,0.0001,39,8.805683714956476,24.733175191668487,2.0319867724244607,26.76516196409295
-0.03842869690940122,-0.2830956653216053,7.119470928904893e-06,2.0,0.0001,39,8.805684070823958,24.733176015282886,2.031986276470416,26.7651622917533
-0.038428682008240025,-0.2830956802227665,7.119470928904893e-06,2.0,0.0001,39,8.805684092652513,24.73317606802124,2.0319862231195494,26.76516229114079
-0.038428682008240025,-0.2830956653216053,7.13437209009874e-06,2.0,0.0001,39,8.80568409355593,24.733176069040066,2.0319862231195494,26.76516229215962
-0.038428682008240025,-0.2830956653216053,7.119470928904893e-06,2.0,0.0001,39,8.805684094320142,24.733176071272972,2.031986219217381,26.765162290490352
-0.038428682008240025,-0.2830956653216053,7.119470928904893e-06,2.0,0.00010001490116119385,39,8.805684096082063,24.73317607454449,2.031986219220139,26.76516229376463
-0.038428682008240025,-0.2830956653216053,7.119470928904893e-06,1.9999999701976776,0.0001,39,8.80568409926319,24.733176082027565,2.031986219211868,26.765162301239435
-0.03842808406489526,-0.2830973136837362,1.1360783671092618e-05,2.0,0.0001,39,8.805684635205141,24.733177322826663,2.03198546415407,26.765162786980735
-0.03842806916373406,-0.2830973285848974,1.1360783671092618e-05,2.0,0.0001,39,8.805684657035501,24.733177375568943,2.0319854108033177,26.765162786372258
-0.03842806916373406,-0.2830973136837362,1.1375684832286466e-05,2.0,0.0001,39,8.805684657938901,24.733177376587754,2.0319854108033177,26.765162787391073
-0.03842806916373406,-0.2830973136837362,1.1360783671092618e-05,2.0,0.0001,39,8.805684658703116,24.733177378820667,2.031985406901068,26.76516278572173
-0.03842806916373406,-0.2830973136837362,1.1360783671092618e-05,2.0,0.00010001490116119385,39,8.805684660465026,24.733177382092162,2.0319854069038255,26.765162788995987
-0.03842806916373406,-0.2830973136837362,1.1360783671092618e-05,1.9999999701976776,0.0001,39,8.805684663646252,24.73317738957546,2.0319854068955556,26.765162796471017
-0.03842339528968255,-0.2831066804620611,3.540659722854595e-05,2.0,0.0001,39,8.80568974979447,24.733189299356425,2.0319761995143963,26.765165498870825
-0.038423380388521354,-0.2831066953632223,3.540659722854595e-05,2.0,0.0001,39,8.805689771639914,24.733189352131483,2.031976146164363,26.76516549829584
-0.038423380388521354,-0.2831066804620611,3.5421498389739796e-05,2.0,0.0001,39,8.805689772543133,24.733189353150067,2.031976146164363,26.765165499314428
-0.038423380388521354,-0.2831066804620611,3.540659722854595e-05,2.0,0.0001,39,8.805689773307542,24.733189355383395,2.0319761422616534,26.765165497645043
-0.038423380388521354,-0.2831066804620611,3.540659722854595e-05,2.0,0.00010001490116119385,39,8.805689775069347,24.733189358654656,2.0319761422644103,26.76516550091906
-0.038423380388521354,-0.2831066804620611,3.540659722854595e-05,1.9999999701976776,0.0001,39,8.80568977825149,24.733189366139996,2.031976142256141,26.76516550839613
-0.03840834395535459,-0.2831367485514338,0.00011259553519682951,2.0,0.0001,39,8.805706197998324,24.733227809761676,2.031946466825836,26.765174276587512
-0.0384083290541934,-0.283136763452595,0.00011259553519682951,2.0,0.0001,39,8.805706219892201,24.733227862641936,2.031946413478111,26.76517427612005
-0.0384083290541934,-0.2831367485514338,0.00011261043635802336,2.0,0.0001,39,8.805706220794844,24.73322786365983,2.031946413478111,26.76517427713794
-0.0384083290541934,-0.2831367485514338,0.00011259553519682951,2.0,0.0001,39,8.805706221559863,24.733227865894467,2.0319464095739233,26.765174275468393
-0.0384083290541934,-0.2831367485514338,0.00011259553519682951,2.0,0.00010001490116119385,39,8.805706223321344,24.733227869164992,2.0319464095766797,26.765174278741668
-0.0384083290541934,-0.2831367485514338,0.00011259553519682951,1.9999999701976776,0.0001,39,8.80570622650641,24.73322787665687,2.0319464095684103,26.765174286225285
-0.038355856384247086,-0.28324160310749014,0.00038177166151521586,2.0,0.0001,39,8.805763914495186,24.733362878025332,2.03184287170766,26.765205749732996
-0.03835584148308589,-0.28324161800865133,0.00038177166151521586,2.0,0.0001,39,8.805763936558026,24.733362931272556,2.031842818367985,26.765205749640536
-0.03835584148308589,-0.28324160310749014,0.0003817865626764097,2.0,0.0001,39,8.805763937458654,24.73336293228801,2.031842818367985,26.765205750655998
-0.03835584148308589,-0.28324160310749014,0.00038177166151521586,2.0,0.0001,39,8.805763938225812,24.733362934527236,2.0318428144586416,26.76520574898588
-0.03835584148308589,-0.28324160310749014,0.00038177166151521586,2.0,0.00010001490116119385,39,8.805763939986155,24.733362937795164,2.031842814461398,26.76520575225656
-0.03835584148308589,-0.28324160310749014,0.00038177166151521586,1.9999999701976776,0.0001,39,8.805763943181407,24.733362945309825,2.031842814453129,26.765205759762953
-0.03825208771017926,-0.2833762744209892,0.0007256569797025351,2.0,0.0001,39,8.805897563454009,24.733677798777713,2.0315698770582515,26.76524767583597
-0.038252072809018066,-0.2833762893221504,0.0007256569797025351,2.0,0.0001,39,8.805897585879825,24.73367785281258,2.0315698237308943,26.765247676543474
-0.038252072809018066,-0.2833762744209892,0.000725671880863729,2.0,0.0001,39,8.805897586775584,24.733677853821497,2.0315698237308943,26.76524767755238
-0.038252072809018066,-0.2833762744209892,0.0007256569797025351,2.0,0.0001,39,8.805897587550508,24.733677856077,2.031569819814954,26.765247675891956
-0.038252072809018066,-0.2833762744209892,0.0007256569797025351,2.0,0.00010001490116119385,39,8.805897589308394,24.733677859339668,2.031569819817711,26.765247679157376
-0.038252072809018066,-0.2833762744209892,0.0007256569797025351,1.9999999701976776,0.0001,39,8.805897592526712,24.733677866905396,2.0315698198094414,26.765247686714837
-0.03953042078563374,-0.31881484474346833,-0.06775721149877498,2.0,0.0001,39,8.804631123282117,24.73387378095659,2.0682685304003527,26.802142311356945
-0.03953042078563374,-0.31881484474346833,-0.06775722149877497,2.0,0.0001,39,8.804631124183114,24.733873783225352,2.0682685339761435,26.802142317201493
-0.03953042078563374,-0.31881483474346833,-0.06775722149877497,2.0,0.0001,39,8.804631125317883,24.733873785426326,2.0682685304003527,26.802142315826682
-0.03953042078563374,-0.31881484474346833,-0.06775722149877497,2.0,0.00010001,39,8.804631125686221,24.733873786082626,2.068268533977994,26.802142320060618
-0.03953042078563374,-0.31881484474346833,-0.06775722149877497,1.99999999,0.0001,39,8.804631125962931,24.733873787031502,2.068268533974294,26.802142321005796
-0.03953041078563374,-0.31881484474346833,-0.06775722149877497,2.0,0.0001,39,8.804631141402197,24.73387382258986,2.0682684955135184,26.802142318103375
-0.03813719968133796,-0.28344681987255693,0.0009026399273064534,2.0,0.0001,39,8.806067839987616,24.734080825797943,2.031193632741008,26.76527445853895
-0.03813718478017677,-0.2834468347737181,0.0009026399273064534,2.0,0.0001,39,8.80606786284692,24.734080880772407,2.0311935794233964,26.765274460195798
-0.03813718478017677,-0.28344681987255693,0.0009026548284676473,2.0,0.0001,39,8.806067863736333,24.734080881772204,2.0311935794233964,26.76527446119561
-0.03813718478017677,-0.28344681987255693,0.0009026399273064534,2.0,0.0001,39,8.806067864523689,24.734080884053558,2.0311935755040453,26.765274459557602
-0.03813718478017677,-0.28344681987255693,0.0009026399273064534,2.0,0.00010001490116119385,39,8.806067866278633,24.73408088731025,2.031193575506802,26.765274462817047
-0.03813718478017677,-0.28344681987255693,0.0009026399273064534,1.9999999701976776,0.0001,39,8.806067869525599,24.73408089493889,2.0311935754985324,26.765274470437422
-0.03971369647047617,-0.3141670272937114,-0.06730369737109708,2.0,0.0001,39,8.80481197722795,24.73409106094695,2.067161425033893,26.80125248598084
-0.03971369647047617,-0.3141670272937114,-0.06730370737109707,2.0,0.0001,39,8.804811978134694,24.734091063228362,2.0671614285624975,26.801252491790855
-0.03971369647047617,-0.3141670172937114,-0.06730370737109707,2.0,0.0001,39,8.804811979300306,24.73409106548782,2.067161425033893,26.80125249052171
-0.03971369647047617,-0.3141670272937114,-0.06730370737109707,2.0,0.00010001,39,8.804811979614522,24.73409106604225,2.067161428564347,26.801252494606594
-0.03971369647047617,-0.3141670272937114,-0.06730370737109707,1.99999999,0.0001,39,8.804811979906765,24.734091067021787,2.0671614285606474,26.80125249558244
-0.03971368647047617,-0.3141670272937114,-0.06730370737109707,2.0,0.0001,39,8.804811995043572,24.734091102009206,2.067161390093091,26.801252492102293
-0.03975241943124558,-0.3128486816647542,-0.06668108180126432,2.0,0.0001,39,8.804844401258363,24.734098008152984,2.0666272467467026,26.80072525489968
-0.03975241943124558,-0.3128486816647542,-0.06668109180126432,2.0,0.0001,39,8.804844402162846,24.734098010430156,2.0666272502573526,26.800725260687507
-0.03975241943124558,-0.3128486716647542,-0.06668109180126432,2.0,0.0001,39,8.804844403334963,24.734098012701836,2.0666272467467026,26.800725259448534
-0.03975241943124558,-0.3128486816647542,-0.06668109180126432,2.0,0.00010001,39,8.80484440363499,24.73409801322923,2.066627250259203,26.800725263488435
-0.03975241943124558,-0.3128486816647542,-0.06668109180126432,1.99999999,0.0001,39,8.804844403931689,24.73409801421799,2.066627250255503,26.800725264473495
-0.039752409431245576,-0.3128486816647542,-0.06668109180126432,2.0,0.0001,39,8.804844418974337,24.734098049030276,2.066627211786514,26.80072526081679
-0.03975962735656782,-0.3124777624036093,-0.06650002154947855,2.0,0.0001,39,8.804859429415055,24.734113303279912,2.0664613365468596,26.800574639826774
-0.03975962735656782,-0.3124777624036093,-0.06650003154947855,2.0,0.0001,39,8.804859430319185,24.734113305556477,2.066461340052404,26.800574645608883
-0.03975962735656782,-0.3124777524036093,-0.06650003154947855,2.0,0.0001,39,8.80485943149328,24.734113307831986,2.0664613365468596,26.80057464437885
-0.03975962735656782,-0.3124777624036093,-0.06650003154947855,2.0,0.00010001,39,8.804859431789103,24.73411330835125,2.066461340054254,26.8005746484055
-0.03975962735656782,-0.3124777624036093,-0.06650003154947855,1.99999999,0.0001,39,8.804859432087412,24.734113309343396,2.0664613400505543,26.80057464939395
-0.03975961735656782,-0.3124777624036093,-0.06650003154947855,2.0,0.0001,39,8.804859447112795,24.734113344126587,2.0664613015812976,26.800574645707886
-0.03976104055292973,-0.3129209221398284,-0.0678899005351125,2.0,0.0001,39,8.804931401051052,24.734324849055604,2.06711090716886,26.801435756224464
-0.03976104055292973,-0.3129209221398284,-0.0678899105351125,2.0,0.0001,39,8.804931401966837,24.73432485135558,2.06711091069136,26.801435762046943
-0.03976104055292973,-0.3129209121398284,-0.0678899105351125,2.0,0.0001,39,8.804931403144984,24.734324853639656,2.06711090716886,26.801435760808516
-0.03976104055292973,-0.3129209221398284,-0.0678899105351125,2.0,0.00010001,39,8.804931403441698,24.734324854160906,2.0671109106932106,26.80143576485412
-0.03976104055292973,-0.3129209221398284,-0.0678899105351125,1.99999999,0.0001,39,8.80493140374006,24.734324855152398,2.0671109106895105,26.801435765841912
-0.039761030552929726,-0.3129209221398284,-0.0678899105351125,2.0,0.0001,39,8.804931418862925,24.734324890125812,2.0671108722202014,26.80143576234601
-0.03787744834795854,-0.3186397667410966,-0.043543929549416896,2.0,0.0001,39,8.805621995761756,24.735589035827033,2.0534701414697776,26.78905917729681
-0.03787744834795854,-0.3186397667410966,-0.0435439395494169,2.0,0.0001,39,8.805621996566387,24.735589037906635,2.053470144819977,26.78905918272661
-0.03787744834795854,-0.3186397567410966,-0.0435439395494169,2.0,0.0001,39,8.805621997643263,24.735589040025264,2.0534701414697776,26.789059181495045
-0.03787744834795854,-0.3186397667410966,-0.0435439395494169,2.0,0.00010001,39,8.805621997999312,24.735589040607824,2.0534701448218278,26.78905918542965
-0.03787744834795854,-0.3186397667410966,-0.0435439395494169,1.99999999,0.0001,39,8.805621998379095,24.735589041800665,2.053470144818127,26.789059186618793
-0.037877438347958536,-0.3186397667410966,-0.0435439395494169,2.0,0.0001,39,8.805622016091183,24.73558908253759,2.053470106418512,26.7890591889561
-0.040288756278017084,-0.3406150072586712,-0.10777962493212104,2.0,0.0001,39,8.804871731515727,24.736027399746185,2.095060505268258,26.831087905014442
-0.040288756278017084,-0.3406150072586712,-0.10777963493212103,2.0,0.0001,39,8.804871732633147,24.736027402441096,2.095060509415909,26.831087911857008
-0.040288756278017084,-0.3406149972586712,-0.10777963493212103,2.0,0.0001,39,8.804871733766074,24.736027404626746,2.095060505268258,26.831087909895004
-0.040288756278017084,-0.3406150072586712,-0.10777963493212103,2.0,0.00010001,39,8.80487173434327,24.736027405723718,2.095060509417759,26.831087915141474
-0.040288756278017084,-0.3406150072586712,-0.10777963493212103,1.99999999,0.0001,39,8.804871734476167,24.73602740634155,2.095060509414059,26.83108791575561
-0.04028874627801708,-0.3406150072586712,-0.10777963493212103,2.0,0.0001,39,8.804871750402482,24.736027442142372,2.0950604709252256,26.831087913067595
-0.03843480925053865,-0.30294427638908483,-0.042671829070881795,2.0,0.0001,39,8.806262465449203,24.736451346655294,2.050187540130333,26.786638886785628
-0.03843480925053865,-0.30294427638908483,-0.0426718390708818,2.0,0.0001,39,8.806262466285602,24.736451348802888,2.050187543327282,26.78663889213017
-0.03843480925053865,-0.30294426638908484,-0.0426718390708818,2.0,0.0001,39,8.806262467473465,24.736451351134956,2.050187540130333,26.786638891265287
-0.03843480925053865,-0.30294427638908483,-0.0426718390708818,2.0,0.00010001,39,8.806262467641378,24.736451351360618,2.050187543329132,26.78663889468975
-0.03843480925053865,-0.30294427638908483,-0.0426718390708818,1.99999999,0.0001,39,8.806262468082998,24.736451352677754,2.0501875433254324,26.786638896003186
-0.03843479925053865,-0.30294427638908483,-0.0426718390708818,2.0,0.0001,39,8.806262484985947,24.736451391948563,2.0501875049051947,26.786638896853763
-0.03642295382377825,-0.2851350534445678,-0.0037975215101348696,2.0,0.0001,39,8.80942399117661,24.742142966513132,2.025829646996044,26.767972613509176
-0.03642295382377825,-0.2851350534445678,-0.0037975315101348695,2.0,0.0001,39,8.809423991903843,24.742142968450995,2.0258296496686703,26.76797261811967
-0.03642295382377825,-0.2851350534445678,-0.0037975315101348695,2.0,0.00010001,39,8.809423993065892,24.742142970609418,2.0258296496705204,26.767972620279934
-0.03642295382377825,-0.2851350434445678,-0.0037975315101348695,2.0,0.0001,39,8.809423993129528,24.74214297090031,2.025829646996044,26.767972617896348
-0.03642295382377825,-0.2851350534445678,-0.0037975315101348695,1.99999999,0.0001,39,8.809423993733045,24.742142972428763,2.0258296496668207,26.767972622095577
-0.036422943823778246,-0.2851350534445678,-0.0037975315101348695,2.0,0.0001,39,8.809424013492043,24.742143018509847,2.0258296113210212,26.767972629830865
-0.03642283942473377,-0.2851587463278013,-0.0038731769013939186,2.0,0.0001,39,8.809426838306498,24.742152401517757,2.025855764948845,26.768008166466608
-0.03642283942473377,-0.2851587463278013,-0.0038731869013939185,2.0,0.0001,39,8.80942683903439,24.74215240345694,2.025855767622391,26.768008171079337
-0.03642283942473377,-0.2851587463278013,-0.0038731869013939185,2.0,0.00010001,39,8.809426840196679,24.74215240561588,2.025855767624241,26.76800817324012
-0.03642283942473377,-0.2851587363278013,-0.0038731869013939185,2.0,0.0001,39,8.809426840260311,24.742152405906754,2.025855764948845,26.7680081708556
-0.03642283942473377,-0.2851587463278013,-0.0038731869013939185,1.99999999,0.0001,39,8.80942684086386,24.74215240743524,2.0258557676205413,26.768008175055783
-0.036422829424733766,-0.2851587463278013,-0.0038731869013939185,2.0,0.0001,39,8.809426860628832,24.742152453528014,2.0258557292747463,26.768008182802763
-0.03640560053659282,-0.28607373563848115,-0.004894507757969897,2.0,0.0001,39,8.80942673583209,24.742213576802072,2.0263090764563514,26.76852265325843
-0.03640560053659282,-0.28607373563848115,-0.004894517757969897,2.0,0.0001,39,8.809426736566794,24.742213578754765,2.0263090791478082,26.76852265790257
-0.03640560053659282,-0.28607373563848115,-0.004894517757969897,2.0,0.00010001,39,8.809426737735208,24.742213580926034,2.0263090791496583,26.76852266007569
-0.03640560053659282,-0.28607372563848116,-0.004894517757969897,2.0,0.0001,39,8.809426737791224,24.742213581202126,2.0263090764563514,26.76852265765848
-0.03640560053659282,-0.28607373563848115,-0.004894517757969897,1.99999999,0.0001,39,8.809426738399843,24.742213582739573,2.026309079145958,26.768522661885527
-0.03640559053659282,-0.28607373563848115,-0.004894517757969897,2.0,0.0001,39,8.80942675825853,24.742213629008155,2.026309040800801,26.768522669808963
-0.03636064036908439,-0.2846417514478394,-0.0026392900666790805,2.0,0.0001,39,8.809535243736473,24.742352387366548,2.025150565052825,26.767502952419377
-0.03636064036908439,-0.2846417514478394,-0.0026393000666790805,2.0,0.0001,39,8.809535244460493,24.742352389298194,2.025150567710175,26.767502957008364
-0.03636064036908439,-0.2846417514478394,-0.0026393000666790805,2.0,0.00010001,39,8.809535245616969,24.742352391445102,2.025150567712025,26.767502959157127
-0.03636064036908439,-0.2846417414478394,-0.0026393000666790805,2.0,0.0001,39,8.809535245687123,24.742352391750632,2.025150565052825,26.767502956803458
-0.03636064036908439,-0.2846417514478394,-0.0026393000666790805,1.99999999,0.0001,39,8.809535246290585,24.742352393278725,2.0251505677083252,26.767502960987052
-0.036360630369084386,-0.2846417514478394,-0.0026393000666790805,2.0,0.0001,39,8.809535266140845,24.742352439573423,2.025150529364832,26.76750296893825
-0.03629692498905973,-0.28411187752469697,-0.0014362497084934177,2.0,0.0001,39,8.80965180213993,24.742571464482154,2.0244471467192464,26.767018611201404
-0.03629692498905973,-0.28411187752469697,-0.0014362597084934176,2.0,0.0001,39,8.809651802860625,24.742571466407355,2.0244471493605665,26.767018615767924
-0.03629692498905973,-0.28411187752469697,-0.0014362597084934176,2.0,0.00010001,39,8.80965180401124,24.742571468542188,2.0244471493624165,26.767018617904608
-0.03629692498905973,-0.28411186752469697,-0.0014362597084934176,2.0,0.0001,39,8.809651804088347,24.74257146886324,2.0244471467192464,26.767018615582494
-0.03629692498905973,-0.28411187752469697,-0.0014362597084934176,1.99999999,0.0001,39,8.809651804691596,24.742571470390672,2.024447149358717,26.767018619749386
-0.03629691498905973,-0.28411187752469697,-0.0014362597084934176,2.0,0.0001,39,8.80965182463485,24.74257151690358,2.024447111017581,26.76701862792116
-0.036261468864441856,-0.2838170150308465,-0.0007667857761797817,2.0,0.0001,39,8.809717121684848,24.742694400341666,2.024056920281038,26.766751320622703
-0.036261468864441856,-0.2838170150308465,-0.0007667957761797817,2.0,0.0001,39,8.809717122403692,24.742694402263286,2.024056922913438,26.766751325176728
-0.036261468864441856,-0.2838170150308465,-0.0007667957761797817,2.0,0.00010001,39,8.809717123551048,24.742694404391397,2.0240569229152876,26.766751327306686
-0.036261468864441856,-0.2838170050308465,-0.0007667957761797817,2.0,0.0001,39,8.809717123632023,24.742694404721096,2.024056920281038,26.766751325002133
-0.036261468864441856,-0.2838170150308465,-0.0007667957761797817,1.99999999,0.0001,39,8.809717124235148,24.74269440624813,2.024056922911589,26.766751329159725
-0.036261458864441855,-0.2838170150308465,-0.0007667957761797817,2.0,0.0001,39,8.809717144230195,24.742694452882514,2.0240568845717632,26.76675133745428
-0.036242064863031775,-0.2836556462318557,-0.00040040960770079285,2.0,0.0001,39,8.809753007519161,24.74276198939372,2.023843728006805,26.76660571740052
-0.036242064863031775,-0.2836556462318557,-0.00040041960770079285,2.0,0.0001,39,8.809753008236992,24.74276199131338,2.0238437306343235,26.7666057219477
-0.036242064863031775,-0.2836556462318557,-0.00040041960770079285,2.0,0.00010001,39,8.809753009382565,24.74276199343781,2.0238437306361736,26.766605724073983
-0.036242064863031775,-0.2836556362318557,-0.00040041960770079285,2.0,0.0001,39,8.809753009465657,24.742761993772238,2.023843728006805,26.766605721779037
-0.036242064863031775,-0.2836556462318557,-0.00040041960770079285,1.99999999,0.0001,39,8.809753010068711,24.742761995299055,2.0238437306324735,26.766605725931534
-0.036242054863031774,-0.2836556462318557,-0.00040041960770079285,2.0,0.0001,39,8.809753030092116,24.74276204199993,2.023843692293367,26.766605734293297
-0.036233683730032266,-0.2835856315122219,-0.0002457358436425895,2.0,0.0001,39,8.809768833069672,24.74279201420556,2.023752580105402,26.766544594310965
-0.036233683730032266,-0.2835856315122219,-0.0002457458436425895,2.0,0.0001,39,8.809768833787107,24.742792016124454,2.0237525827308427,26.766544598855297
-0.036233683730032266,-0.2835856315122219,-0.0002457458436425895,2.0,0.00010001,39,8.809768834931912,24.742792018247307,2.023752582732692,26.766544600979998
-0.036233683730032266,-0.2835856215122219,-0.0002457458436425895,2.0,0.0001,39,8.80976883501594,24.742792018583813,2.023752580105402,26.76654459868921
-0.036233683730032266,-0.2835856315122219,-0.0002457458436425895,1.99999999,0.0001,39,8.809768835618954,24.74279202011052,2.023752582728992,26.766544602839513
-0.036233673730032265,-0.2835856315122219,-0.0002457458436425895,2.0,0.0001,39,8.809768855654951,24.74279206684082,2.0237525443901956,26.76654461123102
-0.03623167745309393,-0.28356926178821074,-0.00020427998613349808,2.0,0.0001,39,8.80977225831397,24.742798261551524,2.023729707703578,26.7665279692551
-0.03623167745309393,-0.28356926178821074,-0.00020428998613349807,2.0,0.0001,39,8.80977225903126,24.74279826347013,2.0237297103284826,26.766527973798613
-0.03623167745309393,-0.28356926178821074,-0.00020428998613349807,2.0,0.00010001,39,8.80977226017588,24.742798265592597,2.0237297103303327,26.76652797592293
-0.03623167745309393,-0.28356925178821074,-0.00020428998613349807,2.0,0.0001,39,8.809772260260106,24.742798265929558,2.023729707703578,26.766527973633135
-0.03623167745309393,-0.28356926178821074,-0.00020428998613349807,1.99999999,0.0001,39,8.80977226086312,24.742798267456262,2.023729710326634,26.766527977782896
-0.036231667453093926,-0.28356926178821074,-0.00020428998613349807,2.0,0.0001,39,8.809772280901711,24.742798314192733,2.023729671987911,26.766527986180645
-0.03623165831087332,-0.2835674630036303,-0.00020271165307957025,2.0,0.0001,39,8.809772408727671,24.742798500143355,2.0237287504799735,26.76652725062333
-0.03623165831087332,-0.2835674630036303,-0.00020272165307957024,2.0,0.0001,39,8.809772409444959,24.742798502061955,2.0237287531048476,26.766527255166796
-0.03623165831087332,-0.2835674630036303,-0.00020272165307957024,2.0,0.00010001,39,8.809772410589565,24.742798504184396,2.023728753106697,26.766527257291095
-0.03623165831087332,-0.2835674530036303,-0.00020272165307957024,2.0,0.0001,39,8.809772410673812,24.742798504521392,2.0237287504799735,26.766527255001368
-0.03623165831087332,-0.2835674630036303,-0.00020272165307957024,1.99999999,0.0001,39,8.809772411276818,24.742798506048082,2.0237287531029975,26.766527259151076
-0.03623164831087332,-0.2835674630036303,-0.00020272165307957024,2.0,0.0001,39,8.809772431315409,24.7427985527846,2.023728714764276,26.766527267548877
-0.03623076219110888,-0.28361802530244223,-0.0002621250106704566,2.0,0.0001,39,8.809772418465613,24.74280201215942,2.023754187526238,26.766556199685663
-0.03623076219110888,-0.28361802530244223,-0.0002621350106704566,2.0,0.0001,39,8.8097724191833,24.742802014078826,2.0237541901521294,26.76655620423095
-0.03623076219110888,-0.28361802530244223,-0.0002621350106704566,2.0,0.00010001,39,8.80977242032825,24.742802016201956,2.0237541901539795,26.766556206355936
-0.03623076219110888,-0.28361801530244224,-0.0002621350106704566,2.0,0.0001,39,8.809772420412086,24.74280201653816,2.023754187526238,26.766556204064397
-0.03623076219110888,-0.28361802530244223,-0.0002621350106704566,1.99999999,0.0001,39,8.809772421015364,24.742802018065326,2.0237541901502802,26.76655620821561
-0.03623075219110888,-0.28361802530244223,-0.0002621350106704566,2.0,0.0001,39,8.809772441059254,24.742802064811787,2.023754151811592,26.76655621662338
-0.03622750595195592,-0.283533436078234,-0.00012468085904974495,2.0,0.0001,39,8.809780076716974,24.742812964709366,2.0236834221973976,26.766496386906763
-0.03622750595195592,-0.283533436078234,-0.00012469085904974494,2.0,0.0001,39,8.809780077434045,24.742812966627554,2.0236834248212356,26.76649639144879
-0.03622750595195592,-0.283533436078234,-0.00012469085904974494,2.0,0.00010001,39,8.809780078578273,24.742812968749213,2.0236834248230857,26.766496393572293
-0.03622750595195592,-0.283533426078234,-0.00012469085904974494,2.0,0.0001,39,8.809780078662968,24.74281296908721,2.0236834221973976,26.766496391284605
-0.03622750595195592,-0.283533436078234,-0.00012469085904974494,1.99999999,0.0001,39,8.80978007926596,24.742812970613855,2.023683424819385,26.766496395433244
-0.036227495951955915,-0.283533436078234,-0.00012469085904974494,2.0,0.0001,39,8.80978009931063,24.74281301736461,2.0236833864808177,26.76649640384543
-0.03622626221739668,-0.28352422725836046,-0.00010203234843041375,2.0,0.0001,39,8.809782305409545,24.742817196139043,2.0236702952932926,26.766487491432336
-0.03622626221739668,-0.28352422725836046,-0.00010204234843041375,2.0,0.0001,39,8.809782306126554,24.7428171980571,2.0236702979168357,26.76648749597394
-0.03622626221739668,-0.28352422725836046,-0.00010204234843041375,2.0,0.00010001,39,8.809782307270675,24.74281720017854,2.023670297918686,26.766487498097227
-0.03622626221739668,-0.28352421725836047,-0.00010204234843041375,2.0,0.0001,39,8.809782307355494,24.74281720051682,2.0236702952932926,26.76648749581011
-0.03622626221739668,-0.28352422725836046,-0.00010204234843041375,1.99999999,0.0001,39,8.809782307958486,24.74281720204346,2.023670297914986,26.766487499958444
-0.03622625221739668,-0.28352422725836046,-0.00010204234843041375,2.0,0.0001,39,8.809782328004994,24.74281724879849,2.0236702595764635,26.76648750837495
-0.03622501005686508,-0.28351298321331014,-7.777819971143836e-05,2.0,0.0001,39,8.809784687931991,24.742821663863733,2.0236561819455505,26.766477845809284
-0.03622501005686508,-0.28351298321331014,-7.778819971143835e-05,2.0,0.0001,39,8.809784688648934,24.742821665781662,2.023656184568765,26.766477850350434
-0.03622501005686508,-0.28351298321331014,-7.778819971143835e-05,2.0,0.00010001,39,8.809784689792933,24.742821667902856,2.023656184570615,26.766477852473475
-0.03622501005686508,-0.28351297321331015,-7.778819971143835e-05,2.0,0.0001,39,8.809784689877898,24.74282166824146,2.0236561819455505,26.76647785018701
-0.03622501005686508,-0.28351298321331014,-7.778819971143835e-05,1.99999999,0.0001,39,8.809784690480884,24.742821669768077,2.0236561845669154,26.76647785433499
-0.036225000056865075,-0.28351298321331014,-7.778819971143835e-05,2.0,0.0001,39,8.809784710529206,24.742821716527388,2.0236561462284404,26.766477862755835
-0.036223500728780084,-0.2835006148715632,-4.941502801404622e-05,2.0,0.0001,39,8.809787477228044,24.74282692620491,2.0236397111542486,26.76646663735916
-0.036223500728780084,-0.2835006148715632,-4.9425028014046224e-05,2.0,0.0001,39,8.809787477944907,24.74282692812269,2.0236397137770865,26.766466641899772
-0.036223500728780084,-0.2835006148715632,-4.9425028014046224e-05,2.0,0.00010001,39,8.809787479088769,24.742826930243595,2.0236397137789366,26.766466644022533
-0.036223500728780084,-0.2835006048715632,-4.9425028014046224e-05,2.0,0.0001,39,8.809787479173895,24.742826930582563,2.0236397111542486,26.76646664173681
-0.036223500728780084,-0.2835006148715632,-4.9425028014046224e-05,1.99999999,0.0001,39,8.809787479776876,24.74282693210916,2.023639713775237,26.766466645884403
-0.03622349072878008,-0.2835006148715632,-4.9425028014046224e-05,2.0,0.0001,39,8.809787499827411,24.74282697887365,2.0236396754368173,26.766466654310467
-0.036222581381227435,-0.2834930811849986,-3.2138722918677153e-05,2.0,0.0001,39,8.809789176506658,24.742830132199266,2.023629679378865,26.766459811578134
-0.036222581381227435,-0.2834930811849986,-3.2148722918677155e-05,2.0,0.0001,39,8.809789177223475,24.742830134116954,2.0236296820014736,26.766459816118427
-0.036222581381227435,-0.2834930811849986,-3.2148722918677155e-05,2.0,0.00010001,39,8.809789178367252,24.742830136237693,2.0236296820033237,26.766459818241017
-0.036222581381227435,-0.2834930711849986,-3.2148722918677155e-05,2.0,0.0001,39,8.80978917845248,24.742830136576877,2.023629679378865,26.766459815955738
-0.036222581381227435,-0.2834930811849986,-3.2148722918677155e-05,1.99999999,0.0001,39,8.809789179055457,24.74283013810347,2.023629681999624,26.766459820103098
-0.036222571381227434,-0.2834930811849986,-3.2148722918677155e-05,2.0,0.0001,39,8.809789199107335,24.742830184871114,2.0236296436612387,26.766459828532348
-0.036221631075728705,-0.28348539551836555,-1.4601945482040306e-05,2.0,0.0001,39,8.809790943765249,24.742833483256657,2.023619421322026,26.76645290457868
-0.036221631075728705,-0.28348539551836555,-1.4611945482040305e-05,2.0,0.0001,39,8.809790944482017,24.742833485174256,2.0236194239444014,26.766452909118655
-0.036221631075728705,-0.28348539551836555,-1.4611945482040305e-05,2.0,0.00010001,39,8.80979094562571,24.742833487294813,2.0236194239462515,26.766452911241068
-0.036221631075728705,-0.28348538551836555,-1.4611945482040305e-05,2.0,0.0001,39,8.809790945711038,24.74283348763423,2.023619421322026,26.766452908956254
-0.036221631075728705,-0.28348539551836555,-1.4611945482040305e-05,1.99999999,0.0001,39,8.809790946314013,24.742833489160812,2.0236194239425513,26.76645291310336
-0.036221621075728704,-0.28348539551836555,-1.4611945482040305e-05,2.0,0.0001,39,8.80979096636731,24.742833535931755,2.023619385604201,26.766452921535958
-0.036221401462057816,-0.2834865481998654,-1.4110310930168232e-05,2.0,0.0001,39,8.809791269381344,24.74283427089784,2.023618714330209,26.766452985228053
-0.036221401462057816,-0.2834865481998654,-1.4120310930168232e-05,2.0,0.0001,39,8.809791270098122,24.742834272815458,2.0236187169525905,26.766452989768048
-0.036221401462057816,-0.2834865481998654,-1.4120310930168232e-05,2.0,0.00010001,39,8.809791271241815,24.74283427493602,2.0236187169544406,26.76645299189046
-0.036221401462057816,-0.2834865381998654,-1.4120310930168232e-05,2.0,0.0001,39,8.809791271327143,24.742834275275435,2.023618714330209,26.766452989605643
-0.036221401462057816,-0.2834865481998654,-1.4120310930168232e-05,1.99999999,0.0001,39,8.80979127193013,24.742834276802043,2.0236187169507414,26.76645299375279
-0.036221391462057814,-0.2834865481998654,-1.4120310930168232e-05,2.0,0.0001,39,8.809791291983956,24.742834323574108,2.023618678612398,26.7664530021865
-0.03622136845014041,-0.2834832113906048,-9.565571381258885e-06,2.0,0.0001,39,8.809791425980263,24.74283438781375,2.0236165209481602,26.76645090876192
-0.03622136845014041,-0.2834832113906048,-9.575571381258885e-06,2.0,0.0001,39,8.809791426697016,24.74283438973133,2.023616523570468,26.766450913301796
-0.03622136845014041,-0.2834832113906048,-9.575571381258885e-06,2.0,0.00010001,39,8.809791427840686,24.742834391851837,2.023616523572318,26.766450915424155
-0.03622136845014041,-0.2834832013906048,-9.575571381258885e-06,2.0,0.0001,39,8.809791427926042,24.742834392191313,2.0236165209481602,26.766450913139472
-0.03622136845014041,-0.2834832113906048,-9.575571381258885e-06,1.99999999,0.0001,39,8.809791428529016,24.742834393717896,2.0236165235686183,26.766450917286512
-0.036221358450140406,-0.2834832113906048,-9.575571381258885e-06,2.0,0.0001,39,8.809791448582688,24.74283444048973,2.023616485230278,26.766450925720005
-0.03622092050077418,-0.2834794709320318,-9.275913345413458e-07,2.0,0.0001,39,8.809792246954677,24.742835925346117,2.023611557564895,26.766447482911012
-0.03622092050077418,-0.2834794709320318,-9.375913345413458e-07,2.0,0.0001,39,8.809792247671407,24.742835927263638,2.0236115601870885,26.766447487450726
-0.03622092050077418,-0.2834794709320318,-9.375913345413458e-07,2.0,0.00010001,39,8.809792248815032,24.742835929384064,2.0236115601889386,26.766447489572993
-0.03622092050077418,-0.2834794609320318,-9.375913345413458e-07,2.0,0.0001,39,8.80979224890044,24.742835929723647,2.023611557564895,26.76644748728854
-0.03622092050077418,-0.2834794709320318,-9.375913345413458e-07,1.99999999,0.0001,39,8.809792249503412,24.74283593125023,2.0236115601852385,26.76644749143546
-0.03622091050077418,-0.2834794709320318,-9.375913345413458e-07,2.0,0.0001,39,8.809792269557724,24.74283597802356,2.023611521846915,26.766447499870473
-0.03622089596117392,-0.2834794481341331,-7.169470956562778e-07,2.0,0.0001,39,8.809792288367301,24.742836015125825,2.0236114022666167,26.766447417392445
-0.03622089596117392,-0.2834794481341331,-7.269470956562778e-07,2.0,0.0001,39,8.809792289084031,24.74283601704335,2.0236114048888076,26.766447421932156
-0.03622089596117392,-0.2834794481341331,-7.269470956562778e-07,2.0,0.00010001,39,8.809792290227659,24.74283601916377,2.0236114048906577,26.766447424054423
-0.03622089596117392,-0.2834794381341331,-7.269470956562778e-07,2.0,0.0001,39,8.809792290313062,24.74283601950336,2.0236114022666167,26.766447421769975
-0.03622089596117392,-0.2834794481341331,-7.269470956562778e-07,1.99999999,0.0001,39,8.809792290916036,24.742836021029937,2.023611404886959,26.766447425916894
-0.03622089245716961,-0.2834792527913374,-4.3744839142670855e-07,2.0,0.0001,39,8.809792300012091,24.742836027372242,2.0236112643197726,26.766447291692018
-0.03622089245716961,-0.2834792527913374,-4.4744839142670856e-07,2.0,0.0001,39,8.809792300728818,24.742836029289762,2.023611266941959,26.766447296231725
-0.03622089245716961,-0.2834792527913374,-4.4744839142670856e-07,2.0,0.00010001,39,8.809792301872442,24.742836031410185,2.023611266943809,26.766447298353995
-0.03622089245716961,-0.2834792427913374,-4.4744839142670856e-07,2.0,0.0001,39,8.80979230195785,24.74283603174977,2.0236112643197726,26.76644729606955
-0.03622089245716961,-0.2834792527913374,-4.4744839142670856e-07,1.99999999,0.0001,39,8.809792302560822,24.74283603327635,2.0236112669401094,26.766447300216463
-0.03622088356266191,-0.2834790646937072,-3.6358859847800524e-09,2.0,0.0001,39,8.809792311504237,24.742836035608732,2.023611067141778,26.766447102750508
-0.03622088236594548,-0.2834791688675929,-2.4392886353045607e-07,2.0,0.0001,39,8.809792318542527,24.74283606213293,2.023611152879062,26.766447215011986
-0.03622088236594548,-0.2834791688675929,-2.539288635304561e-07,2.0,0.0001,39,8.809792319259255,24.742836064050444,2.023611155501247,26.766447219551694
-0.03622088236594548,-0.2834791688675929,-2.539288635304561e-07,2.0,0.00010001,39,8.809792320402881,24.742836066170863,2.0236111555030973,26.76644722167396
-0.03622088236594548,-0.2834791588675929,-2.539288635304561e-07,2.0,0.0001,39,8.809792320488288,24.74283606651046,2.023611152879062,26.76644721938952
-0.03622088596117392,-0.2834794481341331,-7.269470956562778e-07,2.0,0.0001,39,8.8097923109704,24.742836067803378,2.023611366548635,26.766447434352013
-0.03622088236594548,-0.2834791688675929,-2.539288635304561e-07,1.99999999,0.0001,39,8.809792321091262,24.742836068037036,2.023611155499397,26.766447223536435
-0.03622088245716961,-0.2834792527913374,-4.4744839142670856e-07,2.0,0.0001,39,8.80979232261518,24.742836080049788,2.0236112286017867,26.76644730865158
-0.03622087465850663,-0.2834791047686174,-9.612321492124284e-08,2.0,0.0001,39,8.809792332695658,24.742836088682356,2.0236110677633254,26.76644715644568
-0.03622087465850663,-0.2834791047686174,-1.0612321492124284e-07,2.0,0.0001,39,8.809792333412387,24.742836090599873,2.0236110703855084,26.766447160985386
-0.03622087465850663,-0.2834791047686174,-1.0612321492124284e-07,2.0,0.00010001,39,8.80979233455601,24.742836092720285,2.0236110703873584,26.766447163107646
-0.03622087465850663,-0.2834790947686174,-1.0612321492124284e-07,2.0,0.0001,39,8.80979233464142,24.742836093059886,2.0236110677633254,26.766447160823212
-0.03622087465850663,-0.2834791047686174,-1.0612321492124284e-07,1.99999999,0.0001,39,8.80979233524439,24.742836094586462,2.0236110703836583,26.76644716497012
-0.03622086866150072,-0.2834790795948684,-3.6358859847800524e-09,2.0,0.0001,39,8.809792342286057,24.742836107581375,2.023611013917825,26.766447121499198
-0.03622086866150072,-0.2834790646937072,6.364114015219948e-09,2.0,0.0001,39,8.809792343400733,24.74283610932956,2.0236110107258605,26.766447120055425
-0.03622086866150072,-0.2834790646937072,-3.6358859847800524e-09,2.0,0.0001,39,8.80979234411746,24.742836111247076,2.02361101001047,26.766447121257546
-0.03622086866150072,-0.2834790646937072,-3.6358859847800524e-09,2.0,0.0001,39,8.80979234411746,24.742836111247076,2.02361101001047,26.766447121257546
-0.03622086866150072,-0.2834790646937072,-3.6358859847800524e-09,2.0,0.00010001,39,8.809792345261082,24.74283611336749,2.0236110100123206,26.766447123379812
-0.03622086866150072,-0.2834790546937072,-3.6358859847800524e-09,2.0,0.0001,39,8.809792345346493,24.742836113707092,2.0236110073882885,26.766447121095375
-0.03622086866150072,-0.2834790646937072,-1.853704717862771e-08,2.0,0.0001,39,8.809792345185464,24.7428361141044,2.023611013917825,26.766447128022218
-0.03622086866150072,-0.2834790646937072,-3.6358859847800524e-09,2.0,0.00010001490116119385,39,8.80979234582159,24.74283611440674,2.023611010013227,26.76644712441996
-0.036220872365945476,-0.2834791688675929,-2.539288635304561e-07,2.0,0.0001,39,8.809792341145632,24.742836114810505,2.0236111171610736,26.76644723197158
-0.03622086695106778,-0.2834790406696418,5.168243368797019e-08,2.0,0.0001,39,8.809792346848806,24.742836115231817,2.023611009751771,26.766447124983593
-0.03622086695106778,-0.2834790406696418,5.168243368797019e-08,2.0,0.0001,39,8.809792346848806,24.742836115231817,2.023611009751771,26.766447124983593
-0.03622086866150072,-0.2834790646937072,-3.6358859847800524e-09,1.99999999,0.0001,39,8.809792345949464,24.742836115233665,2.0236110100086204,26.766447125242287
-0.03622086695106778,-0.2834790406696418,4.168243368797019e-08,2.0,0.0001,39,8.809792347565532,24.742836117149338,2.02361100712959,26.766447124278923
-0.03622086695106778,-0.2834790406696418,4.168243368797019e-08,2.0,0.0001,39,8.809792347565532,24.742836117149338,2.02361100712959,26.766447124278923
-0.03622086695106778,-0.2834790406696418,4.168243368797019e-08,2.0,0.00010001,39,8.809792348709154,24.742836119269747,2.0236110071314397,26.766447126401186
-0.03622086695106778,-0.2834790406696418,4.168243368797019e-08,2.0,0.00010001,39,8.809792348709154,24.742836119269747,2.0236110071314397,26.766447126401186
-0.03622086695106778,-0.2834790306696418,4.168243368797019e-08,2.0,0.0001,39,8.809792348794565,24.742836119609343,2.0236110045074085,26.766447124116752
-0.03622086695106778,-0.2834790306696418,4.168243368797019e-08,2.0,0.0001,39,8.809792348794565,24.742836119609343,2.0236110045074085,26.766447124116752
-0.03622086526921839,-0.2834790266825282,8.393527980475585e-08,2.0,0.0001,39,8.809792349937183,24.742836121025217,2.023611008093139,26.766447129118355
-0.03622086695106778,-0.2834790406696418,4.168243368797019e-08,1.99999999,0.0001,39,8.809792349397537,24.742836121135923,2.023611007127741,26.766447128263668
-0.03622086695106778,-0.2834790406696418,4.168243368797019e-08,1.99999999,0.0001,39,8.809792349397537,24.742836121135923,2.023611007127741,26.766447128263668
-0.03622086526921839,-0.2834790266825282,7.393527980475585e-08,2.0,0.0001,39,8.809792350653908,24.74283612294273,2.0236110054709573,26.766447128413684
-0.03622086866150072,-0.2834790646937072,-3.6358859847800524e-09,1.9999999701976776,0.0001,39,8.809792349577261,24.742836123128043,2.0236110100049576,26.766447133133
-0.03622086526921839,-0.2834790266825282,7.393527980475585e-08,2.0,0.00010001,39,8.80979235179753,24.74283612506314,2.0236110054728074,26.76644713053595
-0.03622086526921839,-0.28347901668252823,7.393527980475585e-08,2.0,0.0001,39,8.809792351882942,24.74283612540274,2.0236110028487757,26.76644712825152
-0.03622086526921839,-0.2834790266825282,7.393527980475585e-08,1.99999999,0.0001,39,8.809792352485914,24.74283612692932,2.023611005469108,26.766447132398433
-0.036220862777098635,-0.2834790059567948,1.3172669062109314e-07,2.0,0.0001,39,8.809792354513458,24.742836129609714,2.0236110056354217,26.76644713524514
-0.036220862777098635,-0.2834790059567948,1.2172669062109313e-07,2.0,0.0001,39,8.809792355230185,24.742836131527227,2.02361100301324,26.766447134540474
-0.036220862777098635,-0.2834790059567948,1.2172669062109313e-07,2.0,0.00010001,39,8.809792356373807,24.742836133647643,2.0236110030150902,26.766447136662734
-0.036220862777098635,-0.2834789959567948,1.2172669062109313e-07,2.0,0.0001,39,8.80979235645922,24.74283613398724,2.0236110003910577,26.766447134378303
-0.036220862777098635,-0.2834790059567948,1.2172669062109313e-07,1.99999999,0.0001,39,8.809792357062191,24.742836135513823,2.0236110030113896,26.76644713852521
-0.03622086465850663,-0.2834791047686174,-1.0612321492124284e-07,2.0,0.0001,39,8.809792355298773,24.74283614135996,2.0236110320453364,26.766447173405293
-0.036220858647527825,-0.28347897161318686,2.109195202579924e-07,2.0,0.0001,39,8.809792362096587,24.742836143834687,2.02361100156286,26.766447145397542
-0.036220858647527825,-0.28347897161318686,2.009195202579924e-07,2.0,0.0001,39,8.809792362813312,24.742836145752204,2.023610998940678,26.766447144692876
-0.036220858647527825,-0.28347897161318686,2.009195202579924e-07,2.0,0.00010001,39,8.809792363956936,24.74283614787261,2.023610998942528,26.766447146815135
-0.036220858647527825,-0.28347896161318686,2.009195202579924e-07,2.0,0.0001,39,8.809792364042346,24.742836148212213,2.023610996318496,26.76644714453071
-0.036220858647527825,-0.28347897161318686,2.009195202579924e-07,1.99999999,0.0001,39,8.809792364645318,24.74283614973879,2.0236109989388282,26.76644714867762
-0.03622085866150072,-0.2834790646937072,-3.6358859847800524e-09,2.0,0.0001,39,8.809792366003856,24.742836162007183,2.023610971670298,26.766447133677477
-0.036220856951067776,-0.2834790406696418,4.168243368797019e-08,2.0,0.0001,39,8.80979236945193,24.742836167909445,2.023610968789418,26.76644713669886
-0.036220856951067776,-0.2834790406696418,4.168243368797019e-08,2.0,0.0001,39,8.80979236945193,24.742836167909445,2.023610968789418,26.76644713669886
-0.03622085526921839,-0.2834790266825282,7.393527980475585e-08,2.0,0.0001,39,8.80979237254031,24.742836173702848,2.0236109671307854,26.76644714083363
-0.03622085277709863,-0.2834790059567948,1.2172669062109313e-07,2.0,0.0001,39,8.809792377116588,24.742836182287355,2.0236109646730682,26.766447146960424
-0.03622084864752782,-0.28347897161318686,2.009195202579924e-07,2.0,0.0001,39,8.809792384699723,24.742836196512343,2.0236109606005055,26.766447157112847
-0.03622079676538994,-0.2834784569699027,1.3976340311569275e-06,2.0,0.0001,39,8.809792475731266,24.74283635699883,2.0236109405352334,26.766447297534068
-0.03622079676538994,-0.2834784569699027,1.3976340311569275e-06,2.0,0.0001,39,8.809792475731266,24.74283635699883,2.0236109405352334,26.766447297534068
-0.03622079676538994,-0.2834784569699027,1.3876340311569276e-06,2.0,0.0001,39,8.809792476447988,24.74283635891634,2.0236109379130447,26.766447296829387
-0.03622079676538994,-0.2834784569699027,1.3876340311569276e-06,2.0,0.0001,39,8.809792476447988,24.74283635891634,2.0236109379130447,26.766447296829387
-0.03622079676538994,-0.2834784569699027,1.3876340311569276e-06,2.0,0.00010001,39,8.809792477591605,24.74283636103674,2.0236109379148957,26.766447298951633
-0.03622079676538994,-0.2834784569699027,1.3876340311569276e-06,2.0,0.00010001,39,8.809792477591605,24.74283636103674,2.0236109379148957,26.766447298951633
-0.03622079676538994,-0.2834784469699027,1.3876340311569276e-06,2.0,0.0001,39,8.809792477677023,24.742836361376355,2.023610935290856,26.76644729666721
-0.03622079676538994,-0.2834784469699027,1.3876340311569276e-06,2.0,0.0001,39,8.809792477677023,24.742836361376355,2.023610935290856,26.76644729666721
-0.03622079676538994,-0.2834784569699027,1.3876340311569276e-06,1.99999999,0.0001,39,8.809792478279995,24.742836362902928,2.023610937911195,26.766447300814132
-0.03622079676538994,-0.2834784569699027,1.3876340311569276e-06,1.99999999,0.0001,39,8.809792478279995,24.742836362902928,2.023610937911195,26.766447300814132
-0.03622078676538994,-0.2834784569699027,1.3876340311569276e-06,2.0,0.0001,39,8.809792498334488,24.742836409676695,2.0236108995728745,26.766447309249568
-0.03622078676538994,-0.2834784569699027,1.3876340311569276e-06,2.0,0.0001,39,8.809792498334488,24.742836409676695,2.0236108995728745,26.766447309249568
-0.0362205708566151,-0.2834766057375837,5.64289351618559e-06,2.0,0.0001,39,8.809792893428313,24.742837145107828,2.0236107021589946,26.76644784726683
-0.0362205708566151,-0.2834766057375837,5.6328935161855905e-06,2.0,0.0001,39,8.809792894145023,24.742837147025316,2.023610699536783,26.766447846562095
-0.0362205708566151,-0.2834766057375837,5.6328935161855905e-06,2.0,0.00010001,39,8.809792895288618,24.74283714914568,2.0236106995386334,26.766447848684308
-0.0362205708566151,-0.2834765957375837,5.6328935161855905e-06,2.0,0.0001,39,8.809792895374061,24.74283714948534,2.023610696914573,26.76644784639991
-0.0362205708566151,-0.2834766057375837,5.6328935161855905e-06,1.99999999,0.0001,39,8.809792895977033,24.74283715101192,2.023610699534933,26.76644785054685
-0.0362205608566151,-0.2834766057375837,5.6328935161855905e-06,2.0,0.0001,39,8.809792916031856,24.742837197786454,2.0236106611966225,26.766447858983074
-0.03622016508404168,-0.28347328059316385,1.3268139004097933e-05,2.0,0.0001,39,8.809793643720123,24.742838560766877,2.023610274006413,26.766448834773293
-0.03622016508404168,-0.28347328059316385,1.3258139004097933e-05,2.0,0.0001,39,8.809793644436814,24.74283856268432,2.0236102713841615,26.766448834068484
-0.03622016508404168,-0.28347328059316385,1.3258139004097933e-05,2.0,0.00010001,39,8.809793645580372,24.7428385648046,2.023610271386012,26.766448836190612
-0.03622016508404168,-0.28347327059316385,1.3258139004097933e-05,2.0,0.0001,39,8.80979364566586,24.742838565144368,2.023610268761912,26.766448833906285
-0.03622016508404168,-0.28347328059316385,1.3258139004097933e-05,1.99999999,0.0001,39,8.809793646268831,24.74283856667094,2.023610271382312,26.766448838053254
-0.03622015508404168,-0.28347328059316385,1.3258139004097933e-05,2.0,0.0001,39,8.809793666324248,24.742838613446867,2.023610233044016,26.766448846490885
-0.03621944549052802,-0.2834673838112882,2.679068230226889e-05,2.0,0.0001,39,8.809794974385907,24.742841071518917,2.0236095147679487,26.76645058628686
-0.03621944549052802,-0.2834673838112882,2.6780682302268888e-05,2.0,0.0001,39,8.809794975102559,24.742841073436285,2.023609512145628,26.76645058558191
-0.03621944549052802,-0.2834673838112882,2.6780682302268888e-05,2.0,0.00010001,39,8.809794976246053,24.74284107555643,2.023609512147478,26.766450587703908
-0.03621944549052802,-0.2834673738112882,2.6780682302268888e-05,2.0,0.0001,39,8.809794976331617,24.742841075896376,2.023609509523307,26.766450585419683
-0.03621944549052802,-0.2834673838112882,2.6780682302268888e-05,1.99999999,0.0001,39,8.809794976934583,24.742841077422934,2.023609512143778,26.766450589566713
-0.036219435490528015,-0.2834673838112882,2.6780682302268888e-05,2.0,0.0001,39,8.809794996991055,24.74284112420133,2.023609473805509,26.766450598006838
-0.03621818177991097,-0.28345702820674057,5.053823034261151e-05,2.0,0.0001,39,8.809797311552682,24.742845481490278,2.023608181569863,26.766453663060133
-0.03621818177991097,-0.28345702820674057,5.052823034261151e-05,2.0,0.0001,39,8.809797312269268,24.74284548340752,2.023608178947418,26.766453662354944
-0.03621818177991097,-0.28345702820674057,5.052823034261151e-05,2.0,0.00010001,39,8.809797313412647,24.742845485527432,2.0236081789492677,26.7664536644767
-0.03621818177991097,-0.2834570182067406,5.052823034261151e-05,2.0,0.0001,39,8.809797313498345,24.74284548586768,2.0236081763249736,26.766453662192653
-0.03621818177991097,-0.28345702820674057,5.052823034261151e-05,1.99999999,0.0001,39,8.80979731410131,24.74284548739423,2.023608178945569,26.7664536663398
-0.03621817177991097,-0.28345702820674057,5.052823034261151e-05,2.0,0.0001,39,8.809797334159633,24.742845534176954,2.0236081406073456,26.7664536747843
-0.036215750289278495,-0.28343680728865117,9.644836005204385e-05,2.0,0.0001,39,8.809801830390091,24.742854000305595,2.0236055963876822,26.766459596693274
-0.036215750289278495,-0.28343680728865117,9.643836005204386e-05,2.0,0.0001,39,8.809801831106551,24.742854002222593,2.023605593765,26.766459595987598
-0.036215750289278495,-0.28343680728865117,9.643836005204386e-05,2.0,0.00010001,39,8.809801832249708,24.742854004342046,2.02360559376685,26.766459598108895
-0.036215750289278495,-0.2834367972886512,9.643836005204386e-05,2.0,0.0001,39,8.809801832335673,24.742854004682883,2.023605591142318,26.766459595825204
-0.036215750289278495,-0.28343680728865117,9.643836005204386e-05,1.99999999,0.0001,39,8.809801832938627,24.742854006209402,2.02360559376315,26.766459599972553
-0.03621574028927849,-0.28343680728865117,9.643836005204386e-05,2.0,0.0001,39,8.809801853000504,24.74285405300046,2.023605555425017,26.766459608425478
-0.03621151365733222,-0.28340157433878227,0.00017644222043830955,2.0,0.0001,39,8.80980970769513,24.74286885173157,2.02360109347413,26.7664699452057
-0.03621151365733222,-0.28340157433878227,0.00017643222043830955,2.0,0.0001,39,8.80980970841137,24.742868853648144,2.023601090851033,26.766469944499175
-0.03621151365733222,-0.28340157433878227,0.00017643222043830955,2.0,0.00010001,39,8.809809709554136,24.742868855766787,2.023601090852883,26.766469946619672
-0.03621151365733222,-0.2834015643387823,0.00017643222043830955,2.0,0.0001,39,8.809809709640563,24.742868856108657,2.0236010882279367,26.766469944336595
-0.03621151365733222,-0.28340157433878227,0.00017643222043830955,1.99999999,0.0001,39,8.809809710243503,24.742868857635134,2.023601090849183,26.766469948484318
-0.036211503657332215,-0.28340157433878227,0.00017643222043830955,2.0,0.0001,39,8.809809730311574,24.74286890444071,2.0236010525112076,26.766469956951923
-0.03620439827205927,-0.28334240091616775,0.00031079118993489115,2.0,0.0001,39,8.809822948073995,24.742893818107614,2.0235935351907584,26.766487353298373
-0.03620439827205927,-0.28334240091616775,0.00031078118993489116,2.0,0.0001,39,8.809822948789861,24.742893820023465,2.023593532566966,26.76648735259044
-0.03620439827205927,-0.28334240091616775,0.00031078118993489116,2.0,0.00010001,39,8.809822949931974,24.742893822140765,2.0235935325688157,26.76648735470958
-0.03620439827205927,-0.28334239091616775,0.00031078118993489116,2.0,0.0001,39,8.809822950019178,24.742893822484366,2.023593529943174,26.766487352427543
-0.03620439827205927,-0.28334240091616775,0.00031078118993489116,1.99999999,0.0001,39,8.809822950622092,24.742893824010764,2.023593532565116,26.766487356575883
-0.03620438827205927,-0.28334240091616775,0.00031078118993489116,2.0,0.0001,39,8.80982297070057,24.742893870840728,2.023593494227404,26.766487365068134
-0.03619264226959539,-0.283244634895725,0.000532761857134923,2.0,0.0001,39,8.809844852642916,24.742935132078248,2.023581059298116,26.766516191376365
-0.03619264226959539,-0.283244634895725,0.000532751857134923,2.0,0.0001,39,8.809844853358172,24.74293513399292,2.0235810566731747,26.766516190666092
-0.03619264226959539,-0.283244634895725,0.000532751857134923,2.0,0.00010001,39,8.809844854499204,24.742935136107985,2.0235810566750256,26.766516192783012
-0.03619264226959539,-0.283244624895725,0.000532751857134923,2.0,0.0001,39,8.80984485458769,24.74293513645446,2.023581054048234,26.766516190502685
-0.03619264226959539,-0.283244634895725,0.000532751857134923,1.99999999,0.0001,39,8.809844855190557,24.742935137980712,2.023581056671325,26.766516194652038
-0.03619263226959539,-0.283244634895725,0.000532751857134923,2.0,0.0001,39,8.809844875286233,24.742935184850978,2.0235810183340477,26.766516203185027
-0.036173242192541276,-0.2830832987327146,0.0008990639279846338,2.0,0.0001,39,8.80988107886183,24.743003485676283,2.0235605035610735,26.76656398923736
-0.036173242192541276,-0.2830832987327146,0.0008990539279846337,2.0,0.0001,39,8.809881079576074,24.74300348758899,2.023560500934237,26.766563988523227
-0.036173242192541276,-0.2830832987327146,0.0008990539279846337,2.0,0.00010001,39,8.809881080715323,24.74300348970039,2.0235605009360875,26.766563990636477
-0.036173242192541276,-0.2830832887327146,0.0008990539279846337,2.0,0.0001,39,8.809881080805926,24.743003490051578,2.023560498307401,26.766563988358982
-0.036173242192541276,-0.2830832987327146,0.0008990539279846337,1.99999999,0.0001,39,8.809881081408722,24.743003491577614,2.0235605009323874,26.76656399251
-0.036173232192541274,-0.2830832987327146,0.0008990539279846337,2.0,0.0001,39,8.809881101532781,24.743003538514383,2.0235604625958263,26.76656400111021
-0.0361409752138828,-0.28281495801869694,0.001508312080437689,2.0,0.0001,39,8.809941548845128,24.74311765997814,2.0235264035947136,26.766644063572848
-0.0361409752138828,-0.28281495801869694,0.001508302080437689,2.0,0.0001,39,8.809941549557692,24.743117661887585,2.0235264009647236,26.766644062852304
-0.0361409752138828,-0.28281495801869694,0.001508302080437689,2.0,0.00010001,39,8.809941550693976,24.743117663992866,2.023526400966574,26.766644064959436
-0.0361409752138828,-0.28281494801869694,0.001508302080437689,2.0,0.0001,39,8.809941550788103,24.743117664351917,2.0235263983347336,26.76664406268665
-0.0361409752138828,-0.28281495801869694,0.001508302080437689,1.99999999,0.0001,39,8.809941551390768,24.74311766587757,2.0235264009628735,26.76664406684044
-0.0361409652138828,-0.28281495801869694,0.001508302080437689,2.0,0.0001,39,8.80994157156206,24.743117712924974,2.0235263626275075,26.76664407555248
-0.03595226347065994,-0.281158936397751,0.0051429741001243305,2.0,0.0001,39,8.810306304083351,24.74380548621977,2.023325192380534,26.76713067860031
-0.03595226347065994,-0.281158936397751,0.005142964100124331,2.0,0.0001,39,8.810306304785865,24.743805488109736,2.0233251897322413,26.76713067784198
-0.03595226347065994,-0.281158936397751,0.005142964100124331,2.0,0.00010001,39,8.810306305904263,24.7438054901782,2.0233251897340914,26.767130679912288
-0.03595226347065994,-0.28115892639775103,0.005142964100124331,2.0,0.0001,39,8.810306306019925,24.743805490585075,2.0233251870839486,26.767130677669027
-0.03595226347065994,-0.281158936397751,0.005142964100124331,1.99999999,0.0001,39,8.810306306621296,24.743805492107406,2.023325189730392,26.767130681837802
-0.03595225347065994,-0.281158936397751,0.005142964100124331,2.0,0.0001,39,8.810306327067224,24.743805539799936,2.023325151402009,26.76713069120195
-0.03559785574801893,-0.27804886576144394,0.011969005522268907,2.0,0.0001,39,8.811016981198353,24.745154618020944,2.022957453204876,26.768112071225822
-0.03559785574801893,-0.27804886576144394,0.011968995522268907,2.0,0.0001,39,8.811016981882057,24.745154619874363,2.0229574505222105,26.768112070396572
-0.03559785574801893,-0.27804886576144394,0.011968995522268907,2.0,0.00010001,39,8.811016982966933,24.745154621873827,2.022957450524061,26.768112072397887
-0.03559785574801893,-0.27804885576144395,0.011968995522268907,2.0,0.0001,39,8.811016983123036,24.745154622370404,2.022957447839546,26.768112070209945
-0.03559785574801893,-0.27804886576144394,0.011968995522268907,1.99999999,0.0001,39,8.811016983721661,24.745154623885714,2.0229574505203614,26.768112074406076
-0.03559784574801893,-0.27804886576144394,0.011968995522268907,2.0,0.0001,39,8.811017004685734,24.745154672791998,2.022957412205089,26.768112084997085
-0.03509270900756455,-0.27281238493856325,0.022210015720886003,2.0,0.0001,39,8.812155016624828,24.74731822498161,2.02237647960717,26.769694704588776
-0.03509270900756455,-0.27281238493856325,0.022210005720886,2.0,0.0001,39,8.812155017281333,24.74731822678221,2.0223764768782124,26.769694703660416
-0.03509270900756455,-0.27281238493856325,0.022210005720886,2.0,0.00010001,39,8.812155018313621,24.74731822867398,2.022376476880063,26.769694705554045
-0.03509270900756455,-0.27281237493856325,0.022210005720886,2.0,0.0001,39,8.81215501853673,24.74731822931675,2.022376474149255,26.769694703466
-0.03509270900756455,-0.27281238493856325,0.022210005720886,1.99999999,0.0001,39,8.812155019125932,24.747318230811388,2.0223764768763624,26.769694707687755
-0.03509269900756455,-0.27281238493856325,0.022210005720886,2.0,0.0001,39,8.812155040828422,24.747318281458437,2.0223764385797827,26.769694720038217
-0.03385894165163813,-0.2525087511817525,0.05134203178469284,2.0,0.0001,39,8.815985697865818,24.75460857626004,2.020099435499195,26.774708011759238
-0.03385894165163813,-0.2525087511817525,0.05134202178469284,2.0,0.0001,39,8.815985698458832,24.754608577938484,2.0200994326885757,26.77470801062705
-0.03385894165163813,-0.2525087511817525,0.05134202178469284,2.0,0.00010001,39,8.815985699319297,24.754608579482966,2.020099432690426,26.77470801217339
-0.03385894165163813,-0.2525087411817525,0.05134202178469284,2.0,0.0001,39,8.815985699795636,24.754608580659095,2.020099429877956,26.77470801053705
-0.03385894165163813,-0.2525087511817525,0.05134202178469284,1.99999999,0.0001,39,8.815985700312092,24.754608582008267,2.020099432686726,26.774708014694987
-0.03385893165163813,-0.2525087511817525,0.05134202178469284,2.0,0.0001,39,8.815985723859852,24.75460863711263,2.0200993944357952,26.77470803154842
-0.033159395863246316,-0.1546162404943014,0.13266100238790005,2.0,0.0001,39,8.829066320072048,24.777868461710824,2.012893232285515,26.790761693996338
-0.033159395863246316,-0.1546162404943014,0.13266099238790005,2.0,0.0001,39,8.829066320477368,24.777868463027513,2.0128932296282005,26.790761692655717
-0.033159395863246316,-0.1546162404943014,0.13266099238790005,2.0,0.00010001,39,8.829066320742132,24.777868463387108,2.01289322963005,26.790761693017156
-0.033159395863246316,-0.1546162304943014,0.13266099238790005,2.0,0.0001,39,8.829066322282095,24.777868466691906,2.012893226970886,26.790761693662795
-0.033159395863246316,-0.1546162404943014,0.13266099238790005,1.99999999,0.0001,39,8.829066322259724,24.777868467040886,2.0128932296263504,26.790761696667232
-0.033159385863246314,-0.1546162404943014,0.13266099238790005,2.0,0.0001,39,8.829066345482653,24.7778685235606,2.0128931914013033,26.7907617149619
-0.035192543712182056,-0.0676654307036213,0.17319193043207476,2.0,0.016393613034324198,39,8.840527431386544,24.796489582829473,2.009582933129326,26.806072515958807
-0.035192543712182056,-0.0676654307036213,0.17319192043207476,2.0,0.0163936230343242,39,8.840527431602025,24.796489583627007,2.009582931204677,26.806072514831687
-0.035192543712182056,-0.0676654307036213,0.17319192043207476,2.0,0.016393613034324198,39,8.840527431720085,24.79648958402193,2.0095829309013946,26.80607251492333
-0.035192543712182056,-0.0676654307036213,0.17319192043207476,1.99999999,0.016393613034324198,39,8.840527433368385,24.796489587851053,2.0095829305981128,26.806072518449167
-0.035192543712182056,-0.0676654207036213,0.17319192043207476,2.0,0.016393613034324198,39,8.840527433916707,24.796489588434657,2.0095829286734648,26.806072517108124
-0.035192533712182054,-0.0676654307036213,0.17319192043207476,2.0,0.016393613034324198,39,8.840527451465235,24.79648963529495,2.0095828925992714,26.806072527894223
-0.037042248444957473,-0.03348059258785521,0.17537912576364026,2.0,0.025633045469492348,39,8.844785862426894,24.80256121782659,2.0103778820559315,26.812939099882517
-0.037042248444957473,-0.03348059258785521,0.17537911576364026,2.0,0.02563305546949235,39,8.844785862546999,24.80256121845466,2.0103778805981904,26.81293909905285
-0.037042248444957473,-0.03348059258785521,0.17537911576364026,2.0,0.025633045469492348,39,8.844785862779265,24.802561219066597,2.010377880123979,26.812939099190576
-0.037042248444957473,-0.03348059258785521,0.17537911576364026,1.99999999,0.025633045469492348,39,8.844785864338153,24.80256122275225,2.0103778796497673,26.812939102402012
-0.037042248444957473,-0.03348058258785521,0.17537911576364026,2.0,0.025633045469492348,39,8.844785865147063,24.802561223788942,2.010377878192027,26.81293910198097
-0.03704223844495747,-0.03348059258785521,0.17537911576364026,2.0,0.025633045469492348,39,8.844785878793918,24.802561263076793,2.010377841753416,26.812939104830207
-0.039397267626467704,-0.011465396710237236,0.15855535111549127,2.0,0.02905348833345931,39,8.847451113793657,24.805879708323193,2.012791667996535,26.818671376319735
-0.039397267626467704,-0.011465396710237236,0.15855534111549127,2.0,0.029053498333459313,39,8.847451113965885,24.805879709082927,2.0127916669613324,26.818671376044257
-0.039397267626467704,-0.011465396710237236,0.15855534111549127,2.0,0.02905348833345931,39,8.847451114238773,24.805879709755086,2.012791666423843,26.818671376178933
-0.039397267626467704,-0.011465396710237236,0.15855534111549127,1.99999999,0.02905348833345931,39,8.847451115708312,24.8058797132817,2.012791665886354,26.81867137916805
-0.039397267626467704,-0.011465386710237236,0.15855534111549127,2.0,0.02905348833345931,39,8.84745111677736,24.80587971477469,2.0127916648511515,26.81867137962584
-0.0393972576264677,-0.011465396710237236,0.15855534111549127,2.0,0.02905348833345931,39,8.847451126430345,24.80587974586629,2.0127916279661435,26.818671373832434
-0.03277943922734573,-0.000892424588579019,0.21905869402954492,2.0,0.31024556390600216,39,8.847839667335482,24.806314422343565,2.084680175090871,26.89099459743444
-0.03277943922734573,-0.000892424588579019,0.21905868402954493,2.0,0.31024557390600216,39,8.847839667569573,24.806314423373074,2.084680178795866,26.890994602168945
-0.03277943922734573,-0.000892424588579019,0.21905868402954493,2.0,0.31024556390600216,39,8.847839667916794,24.806314424306617,2.0846801730563236,26.890994597362944
-0.03277943922734573,-0.000892414588579019,0.21905868402954493,2.0,0.31024556390600216,39,8.847839669128877,24.806314426960412,2.0846801710217755,26.89099459798219
-0.03277943922734573,-0.000892424588579019,0.21905868402954493,1.99999999,0.31024556390600216,39,8.847839669424324,24.806314427933835,2.0846801673167805,26.890994595250614
-0.03277942922734573,-0.000892424588579019,0.21905868402954493,2.0,0.31024556390600216,39,8.847839687841251,24.806314478453434,2.084680134843484,26.890994613296918
-0.040409193426710815,-0.005839338442327584,0.14447709531752098,2.0,0.031106806488240046,39,8.848361687946928,24.80722753012749,2.0138801484672233,26.821107678594714
-0.040409193426710815,-0.005839338442327584,0.144477085317521,2.0,0.031106816488240048,39,8.84836168821455,24.807227531095364,2.0138801476522725,26.82110767874764
-0.040409193426710815,-0.005839338442327584,0.144477085317521,2.0,0.031106806488240046,39,8.848361688482067,24.80722753174417,2.0138801470767964,26.82110767882097
-0.040409193426710815,-0.005839338442327584,0.144477085317521,1.99999999,0.031106806488240046,39,8.848361689929705,24.807227535230673,2.0138801465013203,26.821107681731995
-0.040409193426710815,-0.005839328442327584,0.144477085317521,2.0,0.031106806488240046,39,8.848361691097699,24.807227536900406,2.0138801456863695,26.821107682586778
-0.040409183426710814,-0.005839338442327584,0.144477085317521,2.0,0.031106806488240046,39,8.848361699491791,24.80722756530157,2.0138801085816564,26.82110767388323
-0.040499515889824055,-0.003835994611353311,0.11451142050373006,2.0,0.05140914410889015,39,8.850404202452127,24.81266775323924,2.011805107521826,26.824472860761063
-0.040499515889824055,-0.003835994611353311,0.11451141050373007,2.0,0.05140915410889015,39,8.850404203105981,24.812667755031015,2.0118051073781813,26.824472862409195
-0.040499515889824055,-0.003835994611353311,0.11451141050373007,2.0,0.05140914410889015,39,8.850404203339231,24.812667755589764,2.0118051064271127,26.82447286201688
-0.040499515889824055,-0.003835994611353311,0.11451141050373007,1.99999999,0.05140914410889015,39,8.850404204911655,24.812667759337987,2.011805105476043,26.82447286481403
-0.040499515889824055,-0.003835984611353311,0.11451141050373007,2.0,0.05140914410889015,39,8.850404206075094,24.81266776100502,2.011805105332399,26.824472866337423
-0.04049950588982405,-0.003835994611353311,0.11451141050373007,2.0,0.05140914410889015,39,8.850404216873109,24.81266779437835,2.0118050679286306,26.82447286230698
-0.04024468317117861,-0.0035247870750524934,0.11159766425023837,2.0,0.057207105577946255,39,8.850980052567461,24.814234031933644,2.0110584507554914,26.82529248268914
-0.04024468317117861,-0.0035247870750524934,0.11159765425023838,2.0,0.057207115577946256,39,8.850980053289875,24.814234033871358,2.0110584507489397,26.8252924846203
-0.04024468317117861,-0.0035247870750524934,0.11159765425023838,2.0,0.057207105577946255,39,8.85098005352207,24.814234034426093,2.011058449690608,26.825292484116698
-0.04024468317117861,-0.0035247870750524934,0.11159765425023838,1.99999999,0.057207105577946255,39,8.850980055131195,24.814234038250675,2.011058448632277,26.825292486882958
-0.04024468317117861,-0.0035247770750524935,0.11159765425023838,2.0,0.057207105577946255,39,8.850980056271132,24.81423403987741,2.0110584486257266,26.825292488503138
-0.04024467317117861,-0.0035247870750524934,0.11159765425023838,2.0,0.057207105577946255,39,8.850980068019373,24.81423407525824,2.011058411201555,26.82529248645979
-0.03676209950456713,-0.002856390220063944,0.1280589885166934,2.0,0.0999827489329834,39,8.854694687723752,24.82456495429623,2.005693474951027,26.83025842924725
-0.03676209950456713,-0.002856390220063944,0.1280589785166934,2.0,0.09998275893298339,39,8.854694688624264,24.82456495661036,2.0056934755897413,26.830258432200097
-0.03676209950456713,-0.002856390220063944,0.1280589785166934,2.0,0.0999827489329834,39,8.854694688917617,24.8245649573033,2.00569347374006,26.830258431043355
-0.03676209950456713,-0.002856390220063944,0.1280589785166934,1.99999999,0.0999827489329834,39,8.85469469073944,24.824564961555243,2.0056934718903796,26.830258433445625
-0.03676209950456713,-0.002856380220063944,0.1280589785166934,2.0,0.0999827489329834,39,8.854694691604335,24.8245649627194,2.0056934725290936,26.830258435248496
-0.03676208950456713,-0.002856390220063944,0.1280589785166934,2.0,0.0999827489329834,39,8.854694711331792,24.824565014997827,2.005693435379862,26.830258450377688
-0.03552754402160418,-0.00044456943422732306,0.23889178853251553,1.8774301807290672,0.39642029961845565,39,8.857064406914677,24.824643945146544,2.0796493990215077,26.90429334416805
-0.03552754402160418,-0.00044456943422732306,0.23889179853251552,1.8774301707290673,0.39642029961845565,39,8.857064407876729,24.82464394680834,2.079649396169135,26.904293342977475
-0.03552754402160418,-0.00044456943422732306,0.23889178853251553,1.8774301707290673,0.39642030961845565,39,8.857064408032997,24.824643947715995,2.0796493990215077,26.9042933467375
-0.03552754402160418,-0.00044456943422732306,0.23889178853251553,1.8774301707290673,0.39642029961845565,39,8.857064408345272,24.82464394862081,2.0796493939552736,26.90429334257609
-0.03552754402160418,-0.00044455943422732307,0.23889178853251553,1.8774301707290673,0.39642029961845565,39,8.85706440895084,24.8246439501556,2.0796493917414125,26.904293341897016
-0.035527534021604176,-0.00044456943422732306,0.23889178853251553,1.8774301707290673,0.39642029961845565,39,8.857064424310552,24.824643993534043,2.0796493556407554,26.9042933491748
-0.0394578462639749,-0.00022925145132481097,0.24368171258419244,1.7748649729132011,0.45488498063977356,39,8.8640953093472,24.838072571708587,2.0752158075155362,26.91328837922412
-0.0394578462639749,-0.00022925145132481097,0.24368172258419243,1.7748649629132012,0.45488498063977356,39,8.864095310327999,24.838072573365285,2.0752158055213386,26.913288378886623
-0.0394578462639749,-0.00022925145132481097,0.24368171258419244,1.7748649629132012,0.45488499063977356,39,8.864095310439136,24.838072574212674,2.0752158075155362,26.91328838172822
-0.0394578462639749,-0.00022925145132481097,0.24368171258419244,1.7748649629132012,0.45488498063977356,39,8.864095310694147,24.838072575022252,2.0752158032651624,26.913288378287408
-0.0394578462639749,-0.00022924145132481098,0.24368171258419244,1.7748649629132012,0.45488498063977356,39,8.864095310826732,24.83807257566089,2.0752158010089863,26.913288376669882
-0.0394578362639749,-0.00022925145132481097,0.24368171258419244,1.7748649629132012,0.45488498063977356,39,8.86409532217048,24.838072609643735,2.075215764805222,26.913288374448957
-0.04104331656660597,-0.00017888614879716684,0.24075182485331584,1.7380803216168828,0.47124944631441473,39,8.867006323621107,24.844149095818995,2.072356244722898,26.91650534054189
-0.04104331656660597,-0.00017888614879716684,0.24075183485331583,1.7380803116168828,0.47124944631441473,39,8.867006324553786,24.844149097364927,2.0723562430789073,26.91650534044383
-0.04104331656660597,-0.00017888614879716684,0.24075182485331584,1.7380803116168828,0.4712494563144147,39,8.867006324715964,24.844149098329815,2.072356244722898,26.916505343052712
-0.04104331656660597,-0.00017888614879716684,0.24075182485331584,1.7380803116168828,0.47124944631441473,39,8.867006324963313,24.844149099123662,2.072356240850297,26.916505339973966
-0.04104331656660597,-0.00017887614879716685,0.24075182485331584,1.7380803116168828,0.47124944631441473,39,8.867006324994625,24.844149099573,2.0723562386216883,26.91650533819469
-0.041043306566605965,-0.00017888614879716684,0.24075182485331584,1.7380803116168828,0.47124944631441473,39,8.867006335425339,24.844149131234946,2.072356202331695,26.91650533356664
-0.02949643530523958,-0.002085356363104523,0.16752538049259152,2.0,0.16702394880536056,39,8.869211082185108,24.860052344498786,1.9998562170316458,26.859908561530435
-0.02949643530523958,-0.002085356363104523,0.16752537049259153,2.0,0.16702395880536056,39,8.869211083367333,24.860052347365563,1.9998562185526894,26.859908565918257
-0.02949643530523958,-0.002085356363104523,0.16752537049259153,2.0,0.16702394880536056,39,8.869211083820028,24.860052348407184,1.9998562154627464,26.859908563869933
-0.02949643530523958,-0.002085356363104523,0.16752537049259153,1.99999999,0.16702394880536056,39,8.86921108588635,24.86005235306945,1.9998562123728032,26.859908565442254
-0.02949643530523958,-0.002085346363104523,0.16752537049259153,2.0,0.16702394880536056,39,8.86921108646107,24.86005235386827,1.999856213893847,26.85990856776211
-0.02949642530523958,-0.002085356363104523,0.16752537049259153,2.0,0.16702394880536056,39,8.869211123089663,24.86005244069176,1.9998561773713788,26.859908618063145
-0.039611875116654795,0.00012271226689612548,0.24175934537647403,1.66299807813172,0.4931202393380568,39,8.878747385670332,24.872880473496686,2.0490711885425017,26.921951662039188
-0.039611875116654795,0.00012271226689612548,0.24175935537647403,1.66299806813172,0.4931202393380568,39,8.878747386258205,24.87288047430497,2.049071187891722,26.921951662196697
-0.039611875116654795,0.00012271226689612548,0.24175934537647403,1.66299806813172,0.4931202493380568,39,8.8787473868035,24.872880476034428,2.0490711885425017,26.921951664576934
-0.039611875116654795,0.00012271226689612548,0.24175934537647403,1.66299806813172,0.4931202393380568,39,8.878747387144305,24.87288047700095,2.049071185654313,26.921951662655268
-0.039611875116654795,0.00012272226689612548,0.24175934537647403,1.66299806813172,0.4931202393380568,39,8.878747387345621,24.872880477836468,2.049071187891722,26.92195166572819
-0.03961186511665479,0.00012271226689612548,0.24175934537647403,1.66299806813172,0.4931202393380568,39,8.878747401849127,24.872880516706168,2.049071147188674,26.92195166389484
-0.04254193314040538,0.00046681735547599024,0.24506381495314175,1.6144191708209474,0.5061044484032551,39,8.881226437266458,24.87697173407947,2.052071756713794,26.929043490793262
-0.04254193314040538,0.00046681735547599024,0.24506382495314175,1.6144191608209475,0.5061044484032551,39,8.88122643793182,24.876971735047235,2.0520717567552658,26.929043491802496
-0.04254193314040538,0.00046681735547599024,0.24506381495314175,1.6144191608209475,0.5061044584032551,39,8.881226438370932,24.876971736563956,2.052071756713794,26.929043493277753
-0.04254193314040538,0.00046681735547599024,0.24506381495314175,1.6144191608209475,0.5061044484032551,39,8.88122643868036,24.876971737474257,2.0520717544841074,26.929043491958375
-0.04254193314040538,0.00046682735547599023,0.24506381495314175,1.6144191608209475,0.5061044484032551,39,8.88122643868716,24.876971737925434,2.0520717567552658,26.9290434946807
-0.04254192314040538,0.00046681735547599024,0.24506381495314175,1.6144191608209475,0.5061044484032551,39,8.88122645031525,24.87697177045659,2.0520717159100563,26.929043486366645
-0.042516667549703464,-0.0072609954282208105,0.2692763936380963,1.5887760214317956,0.5066420076334043,39,8.883548285696001,24.880511598727008,2.054446338163045,26.934957936890054
-0.042516667549703464,-0.0072609954282208105,0.2692764036380963,1.5887760114317957,0.5066420076334043,39,8.883548286677986,24.88051160035308,2.0544463389557825,26.93495793930886
-0.042516667549703464,-0.0072609954282208105,0.2692763936380963,1.5887760114317957,0.5066420176334043,39,8.883548286790242,24.880511601156808,2.054446338163045,26.934957939319855
-0.042516667549703464,-0.0072609854282208106,0.2692763936380963,1.5887760114317957,0.5066420076334043,39,8.883548286669003,24.88051160167939,2.0544463338398407,26.93495793551923
-0.042516667549703464,-0.0072609954282208105,0.2692763936380963,1.5887760114317957,0.5066420076334043,39,8.88354828699027,24.880511601874762,2.054446336397812,26.934957938272575
-0.04251665754970346,-0.0072609954282208105,0.2692763936380963,1.5887760114317957,0.5066420076334043,39,8.88354829650257,24.880511630360058,2.054446297824696,26.93495792818475
-0.04022060001205293,0.2106011598503978,0.4958337968944326,1.784988068435698,0.6386097218741961,39,8.891759386193236,24.880562765676217,2.3985972012355936,27.279159966911823
-0.04022060001205293,0.2106011598503978,0.4958337968944326,1.784988058435698,0.6386097218741961,39,8.89175938661548,24.880562767176855,2.3985971933990347,27.279159960575893
-0.04022060001205293,0.21060116985039778,0.4958337968944326,1.784988058435698,0.6386097218741961,39,8.89175938650285,24.880562767490662,2.398597199933558,27.27915996742422
-0.04022060001205293,0.2106011598503978,0.4958337968944326,1.784988058435698,0.6386097318741961,39,8.891759386776485,24.88056276774173,2.3985972012355936,27.27915996897732
-0.04022059001205293,0.2106011598503978,0.4958337968944326,1.784988058435698,0.6386097218741961,39,8.891759382116016,24.880562769350593,2.3985971549108736,27.279159924261467
-0.04022060001205293,0.2106011598503978,0.49583380689443257,1.784988058435698,0.6386097218741961,39,8.891759389956079,24.8805627739056,2.398597199933558,27.27915997383916
-0.038347506893036516,0.00018537995641086004,0.23953007767290824,1.6410829791767025,0.4980652873778345,39,8.884102149485557,24.886117085020615,2.039093199499795,26.92521028452041
-0.038347506893036516,0.00018537995641086004,0.23953008767290823,1.6410829691767026,0.4980652873778345,39,8.88410214985523,24.886117085373225,2.0390931991429198,26.925210284516144
-0.038347506893036516,0.00018537995641086004,0.23953007767290824,1.6410829691767026,0.4980652973778345,39,8.884102150621647,24.886117087539645,2.039093199499795,26.92521028703944
-0.038347506893036516,0.00018537995641086004,0.23953007767290824,1.6410829691767026,0.4980652873778345,39,8.8841021510152,24.88611708859988,2.0390931969255526,26.925210285525434
-0.038347506893036516,0.00018538995641086004,0.23953007767290824,1.6410829691767026,0.4980652873778345,39,8.884102151365944,24.88611708974336,2.0390931991429198,26.925210288886284
-0.038347496893036515,0.00018537995641086004,0.23953007767290824,1.6410829691767026,0.4980652873778345,39,8.884102168107106,24.886117132701763,2.0390931585066943,26.925210291208458
-0.03695074066197717,0.008160431981960767,0.243452512882786,1.658104515353774,0.4971077342528984,39,8.883906622108672,24.886273219419675,2.0408081273166725,26.927081346736347
-0.03695074066197717,0.008160431981960767,0.243452522882786,1.658104505353774,0.4971077342528984,39,8.883906622429443,24.88627321967539,2.040808126772666,26.92708134644806
-0.03695074066197717,0.008160431981960767,0.243452512882786,1.658104505353774,0.4971077442528984,39,8.883906623199413,24.886273221845233,2.0408081273166725,26.927081349161906
-0.03695074066197717,0.008160431981960767,0.243452512882786,1.658104505353774,0.4971077342528984,39,8.883906623662256,24.88627322303986,2.040808124445246,26.927081347485107
-0.03695074066197717,0.008160441981960767,0.243452512882786,1.658104505353774,0.4971077342528984,39,8.883906624177715,24.886273224510564,2.040808126772666,26.92708135128323
-0.03695073066197717,0.008160431981960767,0.243452512882786,1.658104505353774,0.4971077342528984,39,8.883906642551839,24.886273270989903,2.0408080860780693,26.927081357067962
-0.03946035062910324,-0.0027197431896960203,0.2380282029455724,1.6247565617262352,0.5009288260147053,39,8.884728034019963,24.88705901379653,2.040302326195543,26.927361339992075
-0.03946035062910324,-0.0027197431896960203,0.2380282129455724,1.6247565517262352,0.5009288260147053,39,8.88472803441297,24.88705901419554,2.040302326097282,26.92736134029282
-0.03946035062910324,-0.0027197431896960203,0.2380282029455724,1.6247565517262352,0.5009288360147054,39,8.88472803516984,24.887059016345415,2.040302326195543,26.92736134254095
-0.03946035062910324,-0.0027197431896960203,0.2380282029455724,1.6247565517262352,0.5009288260147053,39,8.88472803553272,24.887059017346353,2.0403023238703635,26.927361341216717
-0.03946035062910324,-0.0027197331896960204,0.2380282029455724,1.6247565517262352,0.5009288260147053,39,8.884728035791529,24.887059018307475,2.040302321643445,26.92736133995092
-0.03946034062910324,-0.0027197431896960203,0.2380282029455724,1.6247565517262352,0.5009288260147053,39,8.88472805137817,24.887059058740668,2.0403022854103305,26.927361344151002
-0.03776293202900234,0.0021784773685838326,0.24008571084871017,1.6411941840981958,0.4987565177200743,39,8.885091678627356,24.888688945623134,2.0376232755546377,26.926312221177767
-0.03776293202900234,0.0021784773685838326,0.24008572084871016,1.641194174098196,0.4987565177200743,39,8.88509167894257,24.888688945863763,2.0376232752064944,26.92631222107026
-0.03776293202900234,0.0021784773685838326,0.24008571084871017,1.641194174098196,0.4987565277200743,39,8.885091679750861,24.888688948111593,2.0376232755546377,26.92631222366623
-0.03776293202900234,0.0021784773685838326,0.24008571084871017,1.641194174098196,0.4987565177200743,39,8.885091680171454,24.888688949222615,2.0376232729655497,26.926312222188162
-0.03776293202900234,0.0021784873685838325,0.24008571084871017,1.641194174098196,0.4987565177200743,39,8.885091680590941,24.888688950504214,2.0376232752064944,26.92631222571071
-0.03776292202900234,0.0021784773685838326,0.24008571084871017,1.641194174098196,0.4987565177200743,39,8.885091698127146,24.88868899503686,2.037623234568322,26.926312229605184
-0.03797030713366127,0.0006511175438203078,0.23922607240322943,1.6368765049694616,0.4991774981169946,39,8.885413825975585,24.88934769107512,2.0368924962265957,26.926240187301712
-0.03797030713366127,0.0006511175438203078,0.23922608240322943,1.6368764949694616,0.4991774981169946,39,8.885413826289104,24.889347691311336,2.0368924959284604,26.9262401872398
-0.03797030713366127,0.0006511175438203078,0.23922607240322943,1.6368764949694616,0.4991775081169946,39,8.8854138271076,24.8893476935799,2.0368924962265957,26.926240189806496
-0.03797030713366127,0.0006511175438203078,0.23922607240322943,1.6368764949694616,0.4991774981169946,39,8.885413827517297,24.889347694669322,2.0368924937095967,26.926240188378927
-0.03797030713366127,0.0006511275438203078,0.23922607240322943,1.6368764949694616,0.4991774981169946,39,8.885413827912398,24.889347695902863,2.0368924959284604,26.926240191831326
-0.03797029713366127,0.0006511175438203078,0.23922607240322943,1.6368764949694616,0.4991774981169946,39,8.885413845241688,24.88934773995321,2.0368924553046956,26.926240195257904
-0.03803141483713195,0.00020104687878954368,0.2389727607470168,1.6356042044379482,0.49930154938777893,39,8.88551025636275,24.889545022333845,2.0366835498759595,26.9262285722098
-0.03803141483713195,0.00020104687878954368,0.23897277074701678,1.6356041944379482,0.49930154938777893,39,8.88551025667575,24.889545022568726,2.036683549592561,26.926228572161282
-0.03803141483713195,0.00020104687878954368,0.2389727607470168,1.6356041944379482,0.4993015593877789,39,8.885510257497284,24.88954502484345,2.0366835498759595,26.926228574719406
-0.03803141483713195,0.00020104687878954368,0.2389727607470168,1.6356041944379482,0.49930154938777893,39,8.885510257903759,24.889545025926495,2.036683547380203,26.926228573306698
-0.03803141483713195,0.00020105687878954368,0.2389727607470168,1.6356041944379482,0.49930154938777893,39,8.885510258291683,24.889545027145893,2.036683549592561,26.926228576738453
-0.038031404837131945,0.00020104687878954368,0.2389727607470168,1.6356041944379482,0.49930154938777893,39,8.88551027556053,24.889545071055228,2.036683508973041,26.92622858002827
-0.03806234021061102,-2.6724786933946063e-05,0.238844564838317,1.6349603188575719,0.49936432922831736,39,8.88555931773185,24.88964544405828,2.0365907242705186,26.926236168328796
-0.03806234021061102,-2.6724786933946063e-05,0.238844574838317,1.634960308857572,0.49936432922831736,39,8.88555931804458,24.889645444292473,2.0365907239950727,26.926236168287538
-0.03806234021061102,-2.6724786933946063e-05,0.238844564838317,1.634960308857572,0.49936433922831736,39,8.885559318867664,24.889645446570334,2.0365907242705186,26.926236170840845
-0.03806234021061102,-2.6724786933946063e-05,0.238844564838317,1.634960308857572,0.49936432922831736,39,8.885559319272504,24.88964544765015,2.036590721785513,26.926236169435654
-0.03806234021061102,-2.671478693394606e-05,0.238844564838317,1.634960308857572,0.49936432922831736,39,8.8855593196568,24.889645448862385,2.0365907195759534,26.926236168438344
-0.03806233021061102,-2.6724786933946063e-05,0.238844564838317,1.634960308857572,0.49936432922831736,39,8.885559336895149,24.889645492700545,2.0365906833772063,26.926236176077754
-0.0474679649392701,0.21008598619040347,0.4994551946676412,1.7839125743238475,0.6393807436319894,39,8.900403130778047,24.890970092676355,2.4283838629527477,27.3193539556291
-0.0474679749392701,0.21008599619040347,0.4994551946676412,1.7839125743238475,0.6393807436319894,39,8.900403145226107,24.890970114015403,2.4283839082723184,27.319354022287726
-0.0474679749392701,0.21008598619040347,0.4994551946676412,1.7839125843238475,0.6393807436319894,39,8.9004031461178,24.890970114826523,2.428383909539988,27.319354024366522
-0.0474679749392701,0.21008598619040347,0.4994551946676412,1.7839125743238475,0.6393807436319894,39,8.900403146025395,24.890970115207246,2.428383901709062,27.319354016916314
-0.0474679749392701,0.21008598619040347,0.4994551946676412,1.7839125743238475,0.6393807536319894,39,8.9004031463801,24.890970116281782,2.428383909539988,27.31935402582177
-0.0474679749392701,0.21008598619040347,0.4994552046676412,1.7839125743238475,0.6393807436319894,39,8.900403150147586,24.89097012377489,2.4283839082723184,27.319354032047208
-0.03585147733807067,0.005731030786739552,0.34083491887516604,1.5723711517845176,0.5127009126606616,39,8.89192093940261,24.89887760078914,2.0472727160067894,26.94615031679593
-0.03585147733807067,0.005731030786739552,0.34083491887516604,1.5723711417845176,0.5127009226606617,39,8.891920940346294,24.89887760283058,2.0472727160067894,26.946150318837372
-0.03585147733807067,0.005731040786739552,0.34083491887516604,1.5723711417845176,0.5127009126606616,39,8.891920940143901,24.89887760323602,2.0472727176386916,26.946150320874715
-0.03585147733807067,0.005731030786739552,0.34083492887516603,1.5723711417845176,0.5127009126606616,39,8.891920940841857,24.89887760338748,2.0472727176386916,26.946150321026167
-0.03585147733807067,0.005731030786739552,0.34083491887516604,1.5723711417845176,0.5127009126606616,39,8.891920940549834,24.898877603574,2.0472727144329563,26.946150318006957
-0.03585146733807067,0.005731030786739552,0.34083491887516604,1.5723711417845176,0.5127009126606616,39,8.891920952125043,24.898877636280066,2.047272676106452,26.946150312386518
-0.028525908760607163,0.19972104593275225,0.4890924429275682,1.7721309229384357,0.6297719803368743,39,8.896365891554334,24.904651377675425,2.3259023664980463,27.23055374417347
-0.028525908760607163,0.19972104593275225,0.4890924429275682,1.7721309129384357,0.6297719903368744,39,8.896365892295016,24.90465137979895,2.3259023664980463,27.230553746296987
-0.028525908760607163,0.19972104593275225,0.4890924429275682,1.7721309129384357,0.6297719803368743,39,8.896365892507546,24.904651380141658,2.3259023590628427,27.230553739204495
-0.028525908760607163,0.19972105593275224,0.4890924429275682,1.7721309129384357,0.6297719803368743,39,8.896365893451218,24.904651382633904,2.3259023654343673,27.230553748068274
-0.028525908760607163,0.19972104593275225,0.4890924529275682,1.7721309129384357,0.6297719803368743,39,8.896365894404934,24.904651383710515,2.3259023654343673,27.23055374914487
-0.02852589876060716,0.19972104593275225,0.4890924429275682,1.7721309129384357,0.6297719803368743,39,8.896365907369356,24.90465142333406,2.3259023210073844,27.230553744341442
-0.023613161216210633,0.17780378550599685,0.48504669468283435,1.7446495957084276,0.6148991287223227,39,8.90576066653183,24.93012245800182,2.2611888369821633,27.19131129498398
-0.023613161216210633,0.17780378550599685,0.48504669468283435,1.7446495857084277,0.6148991387223227,39,8.905760667147593,24.930122459688377,2.2611888369821633,27.19131129667055
-0.023613161216210633,0.17780378550599685,0.48504669468283435,1.7446495857084277,0.6148991287223227,39,8.905760667536743,24.930122460463558,2.2611888303305125,27.19131129079407
-0.023613161216210633,0.17780378550599685,0.48504670468283434,1.7446495857084277,0.6148991287223227,39,8.90576066880816,24.93012246270902,2.26118883646188,27.1913112991709
-0.023613161216210633,0.17780379550599684,0.48504669468283435,1.7446495857084277,0.6148991287223227,39,8.90576066869128,24.93012246334727,2.26118883646188,27.191311299809158
-0.02361315121621063,0.17780378550599685,0.48504669468283435,1.7446495857084277,0.6148991287223227,39,8.905760689936171,24.930122518287405,2.261188792456825,27.19131131074423
-0.025370419726023656,0.010484452404054871,0.4075191969234208,1.5535714056773609,0.5140839556770156,39,8.911758550635737,24.944825318968412,2.030106535995495,26.974931854963906
-0.025370419726023656,0.010484452404054871,0.4075191969234208,1.553571395677361,0.5140839656770156,39,8.911758551371106,24.944825320488015,2.030106535995495,26.974931856483508
-0.025370419726023656,0.010484462404054871,0.4075191969234208,1.553571395677361,0.5140839556770156,39,8.911758551325217,24.94482532116968,2.0301065386104047,26.974931859780085
-0.025370419726023656,0.010484452404054871,0.4075191969234208,1.553571395677361,0.5140839556770156,39,8.911758551604228,24.944825321251724,2.0301065347438714,26.974931855995592
-0.025370419726023656,0.010484452404054871,0.4075192069234208,1.553571395677361,0.5140839556770156,39,8.91175855212466,24.94482532170633,2.0301065386104047,26.974931860316737
-0.025370409726023654,0.010484452404054871,0.4075191969234208,1.553571395677361,0.5140839556770156,39,8.911758569167075,24.944825365559936,2.030106496805166,26.974931862365107
-0.02567011357135634,-0.0034757113197865547,0.10746360710337029,2.0,0.0001,39,8.907453226127606,24.946212879490503,1.9518907294380758,26.898103608928576
-0.02567011357135634,-0.0034757113197865547,0.10746359710337029,2.0,0.00010001,39,8.907453228183032,24.946212883988718,1.9518907284137381,26.898103612402455
-0.02567011357135634,-0.0034757113197865547,0.10746359710337029,2.0,0.0001,39,8.907453228551628,24.946212884783,1.9518907284118874,26.898103613194884
-0.02567011357135634,-0.0034757113197865547,0.10746359710337029,1.99999999,0.0001,39,8.907453231047164,24.94621289016778,1.9518907284100382,26.898103618577814
-0.02567011357135634,-0.0034757013197865548,0.10746359710337029,2.0,0.0001,39,8.907453232467855,24.946212892730472,1.9518907273856991,26.898103620116167
-0.025670103571356337,-0.0034757113197865547,0.10746359710337029,2.0,0.0001,39,8.907453289705199,24.94621301879756,1.9518906904620934,26.898103709259654
-0.017424831423588687,-0.024727449868407414,0.43383236567354594,1.511939793441516,0.49947663025949196,39,8.933696921629805,24.99416019051932,2.0124073024792155,27.006567492998535
-0.017424831423588687,-0.024727449868407414,0.43383236567354594,1.511939783441516,0.49947664025949196,39,8.933696922235857,24.9941601916861,2.0124073024792155,27.006567494165317
-0.017424831423588687,-0.024727439868407412,0.43383236567354594,1.511939783441516,0.49947663025949196,39,8.933696921910386,24.994160191740992,2.012407298026334,27.006567489767328
-0.017424831423588687,-0.024727449868407414,0.43383236567354594,1.511939783441516,0.49947663025949196,39,8.933696922363824,24.994160192205104,2.012407302268011,27.00656749447312
-0.017424831423588687,-0.024727449868407414,0.43383237567354593,1.511939783441516,0.49947663025949196,39,8.933696922864405,24.994160192752023,2.0124073065096897,27.00656749926171
-0.017424821423588685,-0.024727449868407414,0.43383236567354594,1.511939783441516,0.49947663025949196,39,8.933696943594713,24.99416024278717,2.0124072646232922,27.006567507410466
-0.01396343260163256,0.07191876453554756,0.4716459566151187,1.6110359169644273,0.5457858990804472,39,8.93599894170447,25.001510843859307,2.0614254650589356,27.062936308918246
-0.01396343260163256,0.07191876453554756,0.4716459566151187,1.6110359069644273,0.5457859090804472,39,8.935998941848952,25.00151084420129,2.0614254650589356,27.062936309260223
-0.01396343260163256,0.07191876453554756,0.4716459566151187,1.6110359069644273,0.5457858990804472,39,8.935998942425062,25.00151084550373,2.061425462157731,27.062936307661456
-0.01396343260163256,0.07191876453554756,0.4716459666151187,1.6110359069644273,0.5457858990804472,39,8.935998942742511,25.001510845785262,2.061425467185705,27.06293631297097
-0.01396343260163256,0.07191877453554756,0.4716459566151187,1.6110359069644273,0.5457858990804472,39,8.935998943114052,25.001510847334284,2.061425467185705,27.062936314519987
-0.01396342260163256,0.07191876453554756,0.4716459566151187,1.6110359069644273,0.5457858990804472,39,8.935998972059565,25.001510914299253,2.0614254246410844,27.062936338940336
0.14769119024276733,-0.4684096872806549,-0.42695173621177673,0.22058170019419343,0.39096221058399827,39,9.720784328526747,26.619801497837123,3.497893943009704,30.117695440846823
0.03859760705381632,0.319422734901309,0.45422871479524135,1.9450881183859796,0.6971426537936476,39,9.734519065792389,26.644783513745296,2.368293937128384,29.013077450873688
0.03859760705381632,0.319422734901309,0.45422870479524136,1.9450881183859796,0.6971426637936476,39,9.734519074420213,26.64478353206931,2.368293941853378,29.013077473922692
0.03859760705381632,0.319422734901309,0.45422870479524136,1.9450881183859796,0.6971426537936476,39,9.734519077017788,26.64478353653686,2.3682939299721086,29.013077466508967
0.03859760705381632,0.319422734901309,0.45422870479524136,1.9450881183859796,0.6971426537936476,39,9.734519077017788,26.64478353653686,2.3682939299721086,29.013077466508967
0.03859760705381632,0.319422734901309,0.45422870479524136,1.9450881283859796,0.6971426537936476,39,9.734519088047366,26.644783559456936,2.368293941853378,29.01307750131032
0.03859760705381632,0.319422744901309,0.45422870479524136,1.9450881183859796,0.6971426537936476,39,9.734519089178145,26.644783562758107,2.368293937128384,29.013077499886492
0.03859761705381632,0.319422734901309,0.45422870479524136,1.9450881183859796,0.6971426537936476,39,9.734519297625072,26.644783993775214,2.3682938944002205,29.01307788817543
-0.2116416095639571,0.0015216319898492814,0.5857265879933706,1.4764635815874403,0.529197519489208,39,9.770557625023143,27.243421052013122,2.875467084251433,30.118888136264562
-0.2116416195639571,0.0015216419898492813,0.5857265879933706,1.4764635815874403,0.529197519489208,39,9.770557682925899,27.243421249798153,2.87546713451422,30.118888384312378
-0.2116416195639571,0.0015216319898492814,0.5857265879933706,1.4764635815874403,0.529197519489208,39,9.77055768901835,27.243421271062488,2.875467129082174,30.11888840014466
-0.2116416195639571,0.0015216319898492814,0.5857265879933706,1.4764635815874403,0.5291975294892081,39,9.77055769226951,27.243421282466983,2.8754671291869043,30.118888411653888
-0.2116416195639571,0.0015216319898492814,0.5857265979933707,1.4764635815874403,0.529197519489208,39,9.770557697011679,27.24342129768715,2.87546713451422,30.11888843220137
-0.2116416195639571,0.0015216319898492814,0.5857265879933706,1.4764635915874402,0.529197519489208,39,9.770557698987973,27.24342131339196,2.8754671291869043,30.118888442578864
0.05327388992482507,-0.562826990375789,-0.10416673445059699,1.0358643945991282,1.2062449109390374,39,10.249235816618482,27.90542149931056,1.9181150439054653,29.82353654321603
0.31859762966632843,0.5923654101788998,0.47767995670437813,0.7504062607504856,0.4247294018071508,39,11.118162520077432,29.78287125228912,2.017904241918273,31.800775494207397
0.31859762966632843,-0.8408205509185791,0.8210154473781586,1.4374586591523504,0.4247294018071508,39,11.936642402162038,32.835394206236586,2.1538254572208326,34.98921966345743
-0.99999999,-1.0,1.0,0.0001,0.0001,39,12.30164290592237,34.628995007832486,12.949259963000001,47.57825497083249
-1.0,-1.0,0.99999999,0.0001,0.0001,39,12.301642937199391,34.62899510945289,12.9492600185,47.578255127952886
-1.0,-0.99999999,1.0,0.0001,0.0001,39,12.301642936457235,34.628995110918694,12.9492600185,47.5782551294187
-1.0,-1.0,1.0,0.0001,0.0001,39,12.301642941310574,34.628995137220784,12.949260037000002,47.578255174220786
-1.0,-1.0,1.0,0.0001,0.00010001,39,12.301642945774134,34.62899516645611,12.949260000003697,47.57825516645981
-1.0,-1.0,1.0,0.00010001,0.0001,39,12.301642951047237,34.62899518664747,12.949260000003697,47.57825518665118
0.31859762966632843,0.5923654101788998,0.8210154473781586,1.4374586591523504,0.4247294018071508,39,13.083927617407786,36.63180196853652,1.8004507427349707,38.43225271127149
0.8278336770159613,0.27718337867523046,0.010043623428966697,0.4044939201555108,0.09218830073207251,39,13.352908257361888,36.63995719163383,2.1834592679612554,38.82341645959508
0.20490650832653046,-0.504542388021946,-0.3697364181280136,1.3877970195887983,1.5581775299786031,39,13.091908229882891,36.94251968532394,2.350792118508234,39.293311803832175
0.31859762966632843,0.5923654101788998,0.47767995670437813,1.4374586591523504,0.4247294018071508,39,13.274421475339084,38.189441795582084,1.4061008756243054,39.595542671206395
-0.5023767799139023,-0.4448678642511368,-0.08674569427967072,1.6711975160083752,0.6584682649633464,39,11.737472493862,39.13955539269711,4.406938643154557,43.546494035851666
0.31859762966632843,0.5923654101788998,0.47767995670437813,0.7504062607504856,1.9883434021055653,39,12.088521996713789,40.8053097887022,1.8933528894150449,42.69866267811724
-0.8983294665813446,-0.8408205509185791,0.8210154473781586,1.4374586591523504,0.4247294018071508,39,13.317234044795168,53.8046291410081,7.961614768000966,61.76624390900906
-1.0,-0.267262071361798,0.4539694749712915,1.9999999701976776,0.0001,39,13.615157441029872,79.22507092047468,7.6405809205790245,86.8656518410537
-0.9999999850988388,-0.267262071361798,0.4539694749712915,2.0,0.0001,39,13.615157407712012,79.22507184774582,7.640580810315944,86.86565265806176
-1.0,-0.267262071361798,0.4539694749712915,2.0,0.0001,39,13.615157445425606,79.22507252145684,7.640580920584535,86.86565344204138
-1.0,-0.267262071361798,0.4539694749712915,2.0,0.00010001490116119385,39,13.615157444619458,79.2250725338102,7.640580920587292,86.86565345439749
-1.0,-0.2672620862629592,0.4539694749712915,2.0,0.0001,39,13.61515744597017,79.22507254208999,7.640580930525683,86.86565347261568
-1.0,-0.267262071361798,0.45396948987245267,2.0,0.0001,39,13.615157448762575,79.22507254989719,7.640580930525683,86.86565348042288
