Vᵢᵢ,Ʌᵢᵢ,Vᵢⱼ,Ʌᵢⱼ,Ƹᵢⱼ,Ʒᵢⱼ,γ1,γ2,γ3,n_data,raw_ssr_sum,raw_neglogprob_sum,param_penalty_sum,loss_final_sum
1.0,1.0,0.3674366789994048,0.06605505562004005,0.469564597271275,0.7060390320140927,0.0001,1.312010165893567,1.1236519717362783,59,8.629150823342064,27.413666630892763,1.470903038241081,28.884569669133842
1.0,1.0,0.3674366789994048,0.06605506562004004,0.469564597271275,0.7060390220140926,0.0001,1.312010165893567,1.1236519717362783,59,8.6291508239663,27.4136666321139,1.4709030272949313,28.884569659408832
1.0,1.0,0.3674366889994048,0.06605505562004005,0.469564597271275,0.7060390220140926,0.0001,1.312010165893567,1.1236519717362783,59,8.6291508239663,27.4136666321139,1.4709030272949313,28.884569659408832
1.0,1.0,0.3674366789994048,0.06605505562004005,0.46956460727127497,0.7060390220140926,0.0001,1.312010165893567,1.1236519717362783,59,8.629150824590214,27.41366663303212,1.470903038241081,28.884569671273198
1.0,1.0,0.3674366789994048,0.06605505562004005,0.469564597271275,0.7060390220140926,0.0001,1.312010165893567,1.1236519717362783,59,8.629150825836657,27.413666636754204,1.4709030209009277,28.88456965765514
1.0,1.0,0.3674366789994048,0.06605505562004005,0.469564597271275,0.7060390220140926,0.0001,1.312010175893567,1.1236519717362783,59,8.629150827151134,27.413666639991398,1.47090300980425,28.88456964979565
1.0,1.0,0.3674366789994048,0.06605505562004005,0.469564597271275,0.7060390220140926,0.0001,1.312010165893567,1.1236519817362782,59,8.629150828873673,27.413666644269735,1.47090300980425,28.884569654073978
1.0,0.99999999,0.3674366789994048,0.06605505562004005,0.469564597271275,0.7060390220140926,0.0001,1.312010165893567,1.1236519717362783,59,8.629150832845504,27.413666659843162,1.470903020900928,28.884569680744093
0.99999999,1.0,0.3674366789994048,0.06605505562004005,0.469564597271275,0.7060390220140926,0.0001,1.312010165893567,1.1236519717362783,59,8.629150832845504,27.413666659843166,1.470903020900928,28.884569680744093
1.0,1.0,0.3674366789994048,0.06605505562004005,0.469564597271275,0.7060390220140926,0.00010001,1.312010165893567,1.1236519717362783,59,8.629150845764006,27.413666704757738,1.47090300980425,28.88456971456199
1.0,1.0,0.2781653841364579,-0.05045127748599127,0.26298861891223746,0.5751295146055202,0.0001,1.4076688594361493,1.2037471115201441,59,8.751162896248555,27.724169082896214,0.7460973107117046,28.470266393607915
1.0,1.0,0.2781653941364579,-0.05045127748599127,0.26298861891223746,0.5751295046055201,0.0001,1.4076688594361493,1.2037471115201441,59,8.751162896884752,27.72416908422934,0.7460973031965578,28.470266387425895
1.0,1.0,0.2781653841364579,-0.05045126748599127,0.26298861891223746,0.5751295046055201,0.0001,1.4076688594361493,1.2037471115201441,59,8.75116289688475,27.724169084229345,0.7460972935023663,28.470266377731704
1.0,1.0,0.2781653841364579,-0.05045127748599127,0.26298862891223745,0.5751295046055201,0.0001,1.4076688594361493,1.2037471115201441,59,8.75116289737956,27.724169084922575,0.7460973107117046,28.470266395634287
1.0,1.0,0.2781653841364579,-0.05045127748599127,0.26298861891223746,0.5751295046055201,0.0001,1.4076688594361493,1.2037471115201441,59,8.751162898539118,27.72416908833456,0.7460972983494624,28.470266386684024
1.0,1.0,0.2781653841364579,-0.05045127748599127,0.26298861891223746,0.5751295046055201,0.0001,1.4076688694361492,1.2037471115201441,59,8.751162899142136,27.72416908982381,0.7460972907092763,28.47026638053309
1.0,1.0,0.2781653841364579,-0.05045127748599127,0.26298861891223746,0.5751295046055201,0.0001,1.4076688594361493,1.203747121520144,59,8.751162900661221,27.72416909352795,0.7460972907092763,28.470266384237227
1.0,0.99999999,0.2781653841364579,-0.05045127748599127,0.26298861891223746,0.5751295046055201,0.0001,1.4076688594361493,1.2037471115201441,59,8.751162905820742,27.724169111524123,0.7460972983494624,28.470266409873588
0.99999999,1.0,0.2781653841364579,-0.05045127748599127,0.26298861891223746,0.5751295046055201,0.0001,1.4076688594361493,1.2037471115201441,59,8.751162905820742,27.724169111524123,0.7460972983494624,28.47026640987359
1.0,1.0,0.2781653841364579,-0.05045127748599127,0.26298861891223746,0.5751295046055201,0.00010001,1.4076688594361493,1.2037471115201441,59,8.751162919454611,27.724169156436062,0.7460972907092763,28.470266447145328
1.0,1.0,0.11703754136426324,0.08640692227118017,0.0451335661864832,0.2952897349159297,0.0001,1.6507859323138372,1.2817758162754282,59,8.86360041947176,28.00763186960176,0.12045115046790346,28.128083020069663
1.0,1.0,0.11703754136426324,0.08640692227118017,0.0451335761864832,0.2952897249159297,0.0001,1.6507859323138372,1.2817758162754282,59,8.863600420493697,28.007631871521795,0.12045115046790349,28.1280830219897
1.0,1.0,0.11703754136426324,0.08640693227118017,0.0451335661864832,0.2952897249159297,0.0001,1.6507859323138372,1.2817758162754282,59,8.863600420422216,28.007631871785833,0.12045114844746575,28.128083020233298
1.0,1.0,0.11703755136426323,0.08640692227118017,0.0451335661864832,0.2952897249159297,0.0001,1.6507859323138372,1.2817758162754282,59,8.863600420422216,28.007631871785833,0.12045114844746575,28.128083020233298
1.0,1.0,0.11703754136426324,0.08640692227118017,0.0451335661864832,0.2952897249159297,0.0001,1.6507859323138372,1.2817758162754282,59,8.86360042157491,28.007631874655655,0.12045114544665982,28.12808302010232
1.0,1.0,0.11703754136426324,0.08640692227118017,0.0451335661864832,0.2952897249159297,0.0001,1.6507859423138371,1.2817758162754282,59,8.86360042194159,28.007631875567192,0.12045114412234097,28.128083019689537
1.0,1.0,0.11703754136426324,0.08640692227118017,0.0451335661864832,0.2952897249159297,0.0001,1.6507859323138372,1.2817758262754282,59,8.863600422467202,28.007631876800072,0.12045114412234097,28.128083020922414
0.99999999,1.0,0.11703754136426324,0.08640692227118017,0.0451335661864832,0.2952897249159297,0.0001,1.6507859323138372,1.2817758162754282,59,8.863600429037316,28.007631897732104,0.12045114544665993,28.128083043178766
1.0,0.99999999,0.11703754136426324,0.08640692227118017,0.0451335661864832,0.2952897249159297,0.0001,1.6507859323138372,1.2817758162754282,59,8.863600429037316,28.007631897732104,0.12045114544665993,28.128083043178766
1.0,1.0,0.11703754136426324,0.08640692227118017,0.0451335661864832,0.2952897249159297,0.00010001,1.6507859323138372,1.2817758162754282,59,8.863600443161202,28.007631942131887,0.12045114412234097,28.128083086254225
1.0,1.0,0.11367517321502262,0.09404636349828059,-0.12534021920832403,0.3767979281312058,0.0001,1.7391224340015017,1.192194400641792,59,8.859403283361763,28.00822133415499,0.2224023363174052,28.230623670472387
1.0,1.0,0.11367517321502262,0.09404637839944179,-0.12534021920832403,0.3767979132300446,0.0001,1.7391224340015017,1.192194400641792,59,8.859403285373991,28.008221338809005,0.22240232984636013,28.23062366865536
1.0,1.0,0.11367518811618381,0.09404636349828059,-0.12534021920832403,0.3767979132300446,0.0001,1.7391224340015017,1.192194400641792,59,8.859403285373991,28.008221338809005,0.22240232984636013,28.23062366865536
1.0,1.0,0.11367517321502262,0.09404636349828059,-0.12534021920832403,0.3767979132300446,0.0001,1.7391224340015017,1.192194400641792,59,8.859403286845483,28.00822134247003,0.22240232528080414,28.23062366775083
1.0,1.0,0.11367517321502262,0.09404636349828059,-0.12534021920832403,0.3767979132300446,0.0001,1.7391224599164454,1.192194400641792,59,8.859403287672187,28.008221344523886,0.22240232178539132,28.23062366630927
1.0,1.0,0.11367517321502262,0.09404636349828059,-0.12534021920832403,0.3767979132300446,0.0001,1.7391224340015017,1.192194418406873,59,8.859403288631094,28.008221346460576,0.22240232288464634,28.230623669345224
1.0,1.0,0.11367517321502262,0.09404636349828059,-0.12534023410948522,0.3767979132300446,0.0001,1.7391224340015017,1.192194400641792,59,8.859403288711096,28.00822134783326,0.2224023363174052,28.230623684150657
0.9999999850988388,1.0,0.11367517321502262,0.09404636349828059,-0.12534021920832403,0.3767979132300446,0.0001,1.7391224340015017,1.192194400641792,59,8.859403298375998,28.00822137792703,0.22240232528080428,28.230623703207833
1.0,0.9999999850988388,0.11367517321502262,0.09404636349828059,-0.12534021920832403,0.3767979132300446,0.0001,1.7391224340015017,1.192194400641792,59,8.859403298375998,28.00822137792703,0.22240232528080428,28.230623703207833
1.0,1.0,0.11367517321502262,0.09404636349828059,-0.12534021920832403,0.3767979132300446,0.00010001490116119385,1.7391224340015017,1.192194400641792,59,8.859403320145537,28.008221446261125,0.22240232327093234,28.230623769532055
1.0,1.0,-0.16491998218836698,-0.06320271641136452,-0.733717544445763,0.8067706484381518,0.0001,2.0,0.7168816850508503,59,8.82425793849117,28.01584714369731,1.8673079577013691,29.883155101398685
1.0,1.0,-0.16491998218836698,-0.06320271641136452,-0.733717554445763,0.8067706584381519,0.0001,2.0,0.7168816850508503,59,8.824257938147245,28.01584714401207,1.8673080031457714,29.883155147157836
1.0,1.0,-0.164919972188367,-0.06320271641136452,-0.733717554445763,0.8067706484381518,0.0001,2.0,0.7168816850508503,59,8.824257941131716,28.015847150725545,1.8673079770587595,29.883155127784306
1.0,1.0,-0.16491998218836698,-0.06320270641136452,-0.733717554445763,0.8067706484381518,0.0001,2.0,0.7168816850508503,59,8.824257941131716,28.015847150725545,1.8673079770587595,29.883155127784306
1.0,1.0,-0.16491998218836698,-0.06320271641136452,-0.733717554445763,0.8067706484381518,0.0001,2.0,0.7168816850508503,59,8.824257941674391,28.015847152087623,1.8673079804235706,29.8831551325112
1.0,1.0,-0.16491998218836698,-0.06320271641136452,-0.733717554445763,0.8067706484381518,0.0001,2.0,0.7168816950508503,59,8.824257942376876,28.015847152359378,1.8673079748575432,29.883155127216924
1.0,1.0,-0.16491998218836698,-0.06320271641136452,-0.733717554445763,0.8067706484381518,0.0001,1.99999999,0.7168816850508503,59,8.824257941866236,28.015847152565797,1.867307985989597,29.883155138555395
1.0,0.99999999,-0.16491998218836698,-0.06320271641136452,-0.733717554445763,0.8067706484381518,0.0001,2.0,0.7168816850508503,59,8.824257952329337,28.01584718289074,1.8673079804235706,29.88315516331432
0.99999999,1.0,-0.16491998218836698,-0.06320271641136452,-0.733717554445763,0.8067706484381518,0.0001,2.0,0.7168816850508503,59,8.824257952329337,28.01584718289074,1.8673079804235706,29.88315516331432
1.0,1.0,-0.16491998218836698,-0.06320271641136452,-0.733717554445763,0.8067706484381518,0.00010001,2.0,0.7168816850508503,59,8.824257972192523,28.01584724337643,1.8673079748575432,29.88315521823397
1.0,1.0,0.08385248745036929,0.07165489544900996,-0.0390344843589549,0.33258840923933225,0.0001,1.6820484492240277,1.222114330061973,59,8.865792007725613,28.018373940471285,0.128698869545025,28.147072810016308
1.0,1.0,0.08385248745036929,0.07165489544900996,-0.0390344743589549,0.33258839923933226,0.0001,1.6820484492240277,1.222114330061973,59,8.865792008813349,28.018373942491912,0.12869885858214988,28.14707280107407
1.0,1.0,0.08385248745036929,0.07165490544900996,-0.0390344843589549,0.33258839923933226,0.0001,1.6820484492240277,1.222114330061973,59,8.865792008900465,28.01837394318329,0.12869886635732133,28.147072809540603
1.0,1.0,0.08385249745036928,0.07165489544900996,-0.0390344843589549,0.33258839923933226,0.0001,1.6820484492240277,1.222114330061973,59,8.865792008900465,28.01837394318329,0.12869886635732133,28.147072809540603
1.0,1.0,0.08385248745036929,0.07165489544900996,-0.0390344843589549,0.33258839923933226,0.0001,1.6820484492240277,1.222114330061973,59,8.865792009993053,28.01837394590116,0.12869886406358738,28.147072809964744
1.0,1.0,0.08385248745036929,0.07165489544900996,-0.0390344843589549,0.33258839923933226,0.0001,1.6820484592240277,1.222114330061973,59,8.865792010258119,28.01837394655961,0.12869886218075544,28.14707280874037
1.0,1.0,0.08385248745036929,0.07165489544900996,-0.0390344843589549,0.33258839923933226,0.0001,1.6820484492240277,1.222114340061973,59,8.86579201095552,28.018373948134027,0.12869886218075544,28.147072810314786
1.0,0.99999999,0.08385248745036929,0.07165489544900996,-0.0390344843589549,0.33258839923933226,0.0001,1.6820484492240277,1.222114330061973,59,8.865792017591279,28.01837396931326,0.12869886406358744,28.14707283337685
0.99999999,1.0,0.08385248745036929,0.07165489544900996,-0.0390344843589549,0.33258839923933226,0.0001,1.6820484492240277,1.222114330061973,59,8.865792017591279,28.018373969313263,0.12869886406358744,28.14707283337685
1.0,1.0,0.08385248745036929,0.07165489544900996,-0.0390344843589549,0.33258839923933226,0.00010001,1.6820484492240277,1.222114330061973,59,8.865792031971013,28.018374014410348,0.12869886218075544,28.147072876591103
1.0,1.0,0.10390213827701558,0.08206692916531963,0.012082191468662178,0.2989214302024766,0.0001,1.66283733058339,1.263698324886806,59,8.867259145511328,28.01844331666262,0.10213208481671134,28.12057540147933
1.0,1.0,0.10390213827701558,0.08206692916531963,0.012082201468662178,0.2989214202024766,0.0001,1.66283733058339,1.263698324886806,59,8.867259146553527,28.01844331861664,0.10213208481671134,28.120575403433346
1.0,1.0,0.10390214827701558,0.08206692916531963,0.012082191468662178,0.2989214202024766,0.0001,1.66283733058339,1.263698324886806,59,8.867259146533849,28.018443319018367,0.10213208297245181,28.120575401990816
1.0,1.0,0.10390213827701558,0.08206693916531962,0.012082191468662178,0.2989214202024766,0.0001,1.66283733058339,1.263698324886806,59,8.867259146533849,28.018443319018367,0.10213208297245181,28.120575401990816
1.0,1.0,0.10390213827701558,0.08206692916531963,0.012082191468662178,0.2989214202024766,0.0001,1.66283733058339,1.263698324886806,59,8.867259147664223,28.018443321832006,0.10213208022940799,28.120575402061412
1.0,1.0,0.10390213827701558,0.08206692916531963,0.012082191468662178,0.2989214202024766,0.0001,1.6628373405833898,1.263698324886806,59,8.867259147992577,28.018443322648174,0.10213207878657597,28.120575401434753
1.0,1.0,0.10390213827701558,0.08206692916531963,0.012082191468662178,0.2989214202024766,0.0001,1.66283733058339,1.2636983348868058,59,8.867259148546212,28.01844332392481,0.10213207878657597,28.12057540271139
0.99999999,1.0,0.10390213827701558,0.08206692916531963,0.012082191468662178,0.2989214202024766,0.0001,1.66283733058339,1.263698324886806,59,8.867259155172572,28.01844334500718,0.10213208022940809,28.120575425236584
1.0,0.99999999,0.10390213827701558,0.08206692916531963,0.012082191468662178,0.2989214202024766,0.0001,1.66283733058339,1.263698324886806,59,8.86725915517257,28.01844334500718,0.10213208022940809,28.120575425236584
1.0,1.0,0.10390213827701558,0.08206692916531963,0.012082191468662178,0.2989214202024766,0.00010001,1.66283733058339,1.263698324886806,59,8.867259169387394,28.018443389605743,0.10213207878657597,28.120575468392325
1.0,1.0,0.0883868917099394,0.07410086043085445,-0.03135919210926359,0.3279796225073857,0.0001,1.6812088791723947,1.2323339358370384,59,8.866120185841556,28.018573131683677,0.12203417747449678,28.140607309158174
1.0,1.0,0.0883868917099394,0.07410086043085445,-0.03135918210926359,0.3279796125073857,0.0001,1.6812088791723947,1.2323339358370384,59,8.866120186916001,28.01857313368283,0.12203416687400206,28.140607300556827
1.0,1.0,0.08838690170993939,0.07410086043085445,-0.03135919210926359,0.3279796125073857,0.0001,1.6812088791723947,1.2323339358370384,59,8.866120186984881,28.018573134322516,0.12203417457094377,28.140607308893458
1.0,1.0,0.0883868917099394,0.07410087043085445,-0.03135919210926359,0.3279796125073857,0.0001,1.6812088791723947,1.2323339358370384,59,8.866120186984881,28.018573134322516,0.12203417457094377,28.140607308893458
1.0,1.0,0.0883868917099394,0.07410086043085445,-0.03135919210926359,0.3279796125073857,0.0001,1.6812088791723947,1.2323339358370384,59,8.8661201880796,28.018573137046033,0.12203417217424933,28.14060730922028
1.0,1.0,0.0883868917099394,0.07410086043085445,-0.03135919210926359,0.3279796125073857,0.0001,1.6812088891723946,1.2323339358370384,59,8.866120188357113,28.018573137735494,0.12203417047589142,28.14060730821138
1.0,1.0,0.0883868917099394,0.07410086043085445,-0.03135919210926359,0.3279796125073857,0.0001,1.6812088791723947,1.2323339458370384,59,8.86612018902604,28.01857313924968,0.12203417047589142,28.140607309725574
0.99999999,1.0,0.0883868917099394,0.07410086043085445,-0.03135919210926359,0.3279796125073857,0.0001,1.6812088791723947,1.2323339358370384,59,8.866120195662473,28.01857316041735,0.12203417217424939,28.140607332591607
1.0,0.99999999,0.0883868917099394,0.07410086043085445,-0.03135919210926359,0.3279796125073857,0.0001,1.6812088791723947,1.2323339358370384,59,8.866120195662473,28.01857316041735,0.12203417217424939,28.140607332591607
1.0,1.0,0.0883868917099394,0.07410086043085445,-0.03135919210926359,0.3279796125073857,0.00010001,1.6812088791723947,1.2323339358370384,59,8.866120210013921,28.01857320542748,0.12203417047589142,28.14060737590337
1.0,1.0,0.10262908591909246,0.08140665285670017,0.0087345897125311,0.3007254905020515,0.0001,1.6645884212802124,1.2614819133039439,59,8.867322103330158,28.018808275836076,0.10096555961878637,28.119773835454865
1.0,1.0,0.10262908591909246,0.08140665285670017,0.0087345997125311,0.3007254805020515,0.0001,1.6645884212802124,1.2614819133039439,59,8.867322104374715,28.01880827779361,0.10096555961878637,28.119773837412396
1.0,1.0,0.10262909591909246,0.08140665285670017,0.0087345897125311,0.3007254805020515,0.0001,1.6645884212802124,1.2614819133039439,59,8.867322104361975,28.018808278213815,0.10096555776877744,28.11977383598259
1.0,1.0,0.10262908591909246,0.08140666285670016,0.0087345897125311,0.3007254805020515,0.0001,1.6645884212802124,1.2614819133039439,59,8.867322104361975,28.018808278213815,0.10096555776877744,28.11977383598259
1.0,1.0,0.10262908591909246,0.08140665285670017,0.0087345897125311,0.3007254805020515,0.0001,1.6645884212802124,1.2614819133039439,59,8.867322105489055,28.018808281019147,0.10096555505425023,28.1197738360734
1.0,1.0,0.10262908591909246,0.08140665285670017,0.0087345897125311,0.3007254805020515,0.0001,1.6645884312802124,1.2614819133039439,59,8.867322105813003,28.018808281824352,0.10096555360226694,28.119773835426617
1.0,1.0,0.10262908591909246,0.08140665285670017,0.0087345897125311,0.3007254805020515,0.0001,1.6645884212802124,1.2614819233039438,59,8.867322106374466,28.018808283117075,0.10096555360226694,28.119773836719343
1.0,0.99999999,0.10262908591909246,0.08140665285670017,0.0087345897125311,0.3007254805020515,0.0001,1.6645884212802124,1.2614819133039439,59,8.86732211300276,28.018808304207717,0.1009655550542503,28.119773859261965
0.99999999,1.0,0.10262908591909246,0.08140665285670017,0.0087345897125311,0.3007254805020515,0.0001,1.6645884212802124,1.2614819133039439,59,8.867322113002759,28.018808304207717,0.1009655550542503,28.119773859261965
1.0,1.0,0.10262908591909246,0.08140665285670017,0.0087345897125311,0.3007254805020515,0.00010001,1.6645884212802124,1.2614819133039439,59,8.867322127227697,28.01880834883425,0.10096555360226694,28.119773902436513
1.0,1.0,0.10019479632350554,0.08056598660676352,-0.00769294775967208,0.30985547482602066,0.0001,1.673428936880807,1.2517784108288454,59,8.866964782867568,28.018951527989476,0.10395071183358034,28.122902239823055
1.0,1.0,0.10019479632350554,0.08056600150792471,-0.00769294775967208,0.30985545992485947,0.0001,1.673428936880807,1.2517784108288454,59,8.866964784468571,28.018951531682323,0.10395070882709609,28.122902240509415
1.0,1.0,0.10019481122466674,0.08056598660676352,-0.00769294775967208,0.30985545992485947,0.0001,1.673428936880807,1.2517784108288454,59,8.866964784468571,28.018951531682323,0.10395070882709609,28.122902240509415
1.0,1.0,0.10019479632350554,0.08056598660676352,-0.00769294775967208,0.30985545992485947,0.0001,1.673428936880807,1.2517784108288454,59,8.86696478612276,28.018951535799147,0.10395070485411616,28.122902240653257
1.0,1.0,0.10019479632350554,0.08056598660676352,-0.00769294775967208,0.30985545992485947,0.0001,1.6734289618168414,1.2517784108288454,59,8.86696478690378,28.018951537740243,0.10395070119112429,28.12290223893137
1.0,1.0,0.10019479632350554,0.08056598660676352,-0.00769294775967208,0.30985545992485947,0.0001,1.673428936880807,1.2517784294817973,59,8.866964787804267,28.018951539755438,0.10395070211408086,28.12290224186952
1.0,1.0,0.10019479632350554,0.08056598660676352,-0.007692962660833274,0.30985545992485947,0.0001,1.673428936880807,1.2517784108288454,59,8.866964787808453,28.018951540675236,0.10395071183358034,28.122902252508823
1.0,0.9999999850988388,0.10019479632350554,0.08056598660676352,-0.00769294775967208,0.30985545992485947,0.0001,1.673428936880807,1.2517784108288454,59,8.866964797357513,28.018951570453574,0.10395070485411634,28.12290227530769
0.9999999850988388,1.0,0.10019479632350554,0.08056598660676352,-0.00769294775967208,0.30985545992485947,0.0001,1.673428936880807,1.2517784108288454,59,8.866964797357513,28.018951570453574,0.10395070485411634,28.12290227530769
1.0,1.0,0.10019479632350554,0.08056598660676352,-0.00769294775967208,0.30985545992485947,0.00010001490116119385,1.673428936880807,1.2517784108288454,59,8.866964818623407,28.018951637159716,0.1039507026652021,28.12290233982492
1.0,1.0,0.0999673999948969,0.08002615334637417,0.0017354553731997405,0.3044974028479132,0.0001,1.6682495852776824,1.256847860764304,59,8.867447201294011,28.019559372130253,0.09855714403428088,28.118116516164537
1.0,1.0,0.0999673999948969,0.08002615334637417,0.0017354653731997405,0.3044973928479132,0.0001,1.6682495852776824,1.256847860764304,59,8.867447202343463,28.019559374095042,0.09855714403428088,28.118116518129327
1.0,1.0,0.0999674099948969,0.08002615334637417,0.0017354553731997405,0.3044973928479132,0.0001,1.6682495852776824,1.256847860764304,59,8.867447202345266,28.019559374553964,0.09855714217225127,28.11811651672622
1.0,1.0,0.0999673999948969,0.08002616334637416,0.0017354553731997405,0.3044973928479132,0.0001,1.6682495852776824,1.256847860764304,59,8.867447202345266,28.019559374553964,0.09855714217225127,28.118116516726214
1.0,1.0,0.0999673999948969,0.08002615334637417,0.0017354553731997405,0.3044973928479132,0.0001,1.6682495852776824,1.256847860764304,59,8.867447203465481,28.01955937734199,0.09855713951734629,28.118116516859345
1.0,1.0,0.0999673999948969,0.08002615334637417,0.0017354553731997405,0.3044973928479132,0.0001,1.6682495952776824,1.256847860764304,59,8.8674472037803,28.019559378124455,0.09855713804622947,28.118116516170684
1.0,1.0,0.0999673999948969,0.08002615334637417,0.0017354553731997405,0.3044973928479132,0.0001,1.6682495852776824,1.256847870764304,59,8.867447204358072,28.019559379450598,0.09855713804622947,28.11811651749683
0.99999999,1.0,0.0999673999948969,0.08002615334637417,0.0017354553731997405,0.3044973928479132,0.0001,1.6682495852776824,1.256847860764304,59,8.867447210990496,28.01955940055886,0.09855713951734638,28.11811654007621
1.0,0.99999999,0.0999673999948969,0.08002615334637417,0.0017354553731997405,0.3044973928479132,0.0001,1.6682495852776824,1.256847860764304,59,8.867447210990495,28.01955940055886,0.09855713951734638,28.11811654007621
1.0,1.0,0.0999673999948969,0.08002615334637417,0.0017354553731997405,0.3044973928479132,0.00010001,1.6682495852776824,1.256847860764304,59,8.867447225236742,28.01955944524444,0.09855713804622947,28.11811658329067
1.0,1.0,0.08927227705425612,0.07425459554545501,-0.027882923511347156,0.3245282180471281,0.0001,1.6817083597382654,1.2352007475021354,59,8.866657894430572,28.01963508172907,0.11808700174281724,28.13772208347189
1.0,1.0,0.08927227705425612,0.07425459554545501,-0.027882913511347154,0.3245282080471281,0.0001,1.6817083597382654,1.2352007475021354,59,8.866657895502396,28.019635083725213,0.11808699134668887,28.1377220750719
1.0,1.0,0.08927228705425612,0.07425459554545501,-0.027882923511347156,0.3245282080471281,0.0001,1.6817083597382654,1.2352007475021354,59,8.866657895566577,28.01963508435154,0.11808699895677442,28.13772208330831
1.0,1.0,0.08927227705425612,0.074254605545455,-0.027882923511347156,0.3245282080471281,0.0001,1.6817083597382654,1.2352007475021354,59,8.866657895566577,28.01963508435154,0.11808699895677442,28.13772208330831
1.0,1.0,0.08927227705425612,0.07425459554545501,-0.027882923511347156,0.3245282080471281,0.0001,1.6817083597382654,1.2352007475021354,59,8.866657896660978,28.01963508707437,0.11808699654475298,28.137722083619124
1.0,1.0,0.08927227705425612,0.07425459554545501,-0.027882923511347156,0.3245282080471281,0.0001,1.6817083697382653,1.2352007475021354,59,8.866657896940156,28.019635087768023,0.1180869949125988,28.13772208268062
1.0,1.0,0.08927227705425612,0.07425459554545501,-0.027882923511347156,0.3245282080471281,0.0001,1.6817083597382654,1.2352007575021353,59,8.866657897598506,28.019635089260646,0.1180869949125988,28.137722084173248
1.0,0.99999999,0.08927227705425612,0.07425459554545501,-0.027882923511347156,0.3245282080471281,0.0001,1.6817083597382654,1.2352007475021354,59,8.866657904237304,28.019635110426304,0.11808699654475306,28.13772210697106
0.99999999,1.0,0.08927227705425612,0.07425459554545501,-0.027882923511347156,0.3245282080471281,0.0001,1.6817083597382654,1.2352007475021354,59,8.866657904237304,28.019635110426307,0.11808699654475306,28.13772210697106
1.0,1.0,0.08927227705425612,0.07425459554545501,-0.027882923511347156,0.3245282080471281,0.00010001,1.6817083597382654,1.2352007475021354,59,8.866657918577706,28.019635155395537,0.1180869949125988,28.13772215030814
1.0,1.0,0.09827309419662718,0.07914426425810428,-0.0026262635367164697,0.3073021023486959,0.0001,1.6700021790062016,1.2534166356643133,59,8.867362942044682,28.01964195576348,0.09980710908873741,28.11944906485222
1.0,1.0,0.09827309419662718,0.07914426425810428,-0.0026262535367164697,0.30730209234869593,0.0001,1.6700021790062016,1.2534166356643133,59,8.867362943097895,28.019641957733874,0.09980709994585087,28.119449057679724
1.0,1.0,0.09827309419662718,0.07914427425810427,-0.0026262635367164697,0.30730209234869593,0.0001,1.6700021790062016,1.2534166356643133,59,8.867362943108693,28.019641958217118,0.09980710713420016,28.11944906535132
1.0,1.0,0.09827310419662717,0.07914426425810428,-0.0026262635367164697,0.30730209234869593,0.0001,1.6700021790062016,1.2534166356643133,59,8.867362943108693,28.019641958217125,0.09980710713420016,28.11944906535132
1.0,1.0,0.09827309419662718,0.07914426425810428,-0.0026262635367164697,0.30730209234869593,0.0001,1.6700021790062016,1.2534166356643133,59,8.867362944225496,28.019641960996516,0.09980710451729408,28.119449065513805
1.0,1.0,0.09827309419662718,0.07914426425810428,-0.0026262635367164697,0.30730209234869593,0.0001,1.6700021890062016,1.2534166356643133,59,8.86736294453483,28.019641961765306,0.09980710301316421,28.119449064778465
1.0,1.0,0.09827309419662718,0.07914426425810428,-0.0026262635367164697,0.30730209234869593,0.0001,1.6700021790062016,1.2534166456643132,59,8.867362945124514,28.01964196311623,0.09980710301316421,28.119449066129388
1.0,0.99999999,0.09827309419662718,0.07914426425810428,-0.0026262635367164697,0.30730209234869593,0.0001,1.6700021790062016,1.2534166356643133,59,8.867362951757883,28.019641984232663,0.0998071045172941,28.11944908874996
0.99999999,1.0,0.09827309419662718,0.07914426425810428,-0.0026262635367164697,0.30730209234869593,0.0001,1.6700021790062016,1.2534166356643133,59,8.867362951757883,28.019641984232663,0.0998071045172941,28.11944908874996
1.0,1.0,0.09827309419662718,0.07914426425810428,-0.0026262635367164697,0.30730209234869593,0.00010001,1.6700021790062016,1.2534166356643133,59,8.867362966017744,28.019642028958806,0.09980710301316421,28.11944913197196
1.0,1.0,0.09856802844105224,0.07930364723766166,-0.002138992560184954,0.30701292313657985,0.0001,1.6699569147534015,1.2540825509050006,59,8.86737875007767,28.01964564117172,0.09947867148370275,28.119124312655426
1.0,1.0,0.09856802844105224,0.07930364723766166,-0.002138982560184954,0.30701291313657986,0.0001,1.6699569147534015,1.2540825509050006,59,8.867378751130001,28.019645643140645,0.09947866236372153,28.119124305504364
1.0,1.0,0.09856802844105224,0.07930365723766165,-0.002138992560184954,0.30701291313657986,0.0001,1.6699569147534015,1.2540825509050006,59,8.867378751139691,28.01964564362073,0.09947866954731938,28.119124313168047
1.0,1.0,0.09856803844105223,0.07930364723766166,-0.002138992560184954,0.30701291313657986,0.0001,1.6699569147534015,1.2540825509050006,59,8.867378751139691,28.01964564362073,0.09947866954731938,28.119124313168047
1.0,1.0,0.09856802844105224,0.07930364723766166,-0.002138992560184954,0.30701291313657986,0.0001,1.6699569147534015,1.2540825509050006,59,8.867378752256608,28.019645646400434,0.09947866692371207,28.119124313324146
1.0,1.0,0.09856802844105224,0.07930364723766166,-0.002138992560184954,0.30701291313657986,0.0001,1.6699569247534014,1.2540825509050006,59,8.867378752566767,28.01964564717128,0.09947866543178838,28.119124312603073
1.0,1.0,0.09856802844105224,0.07930364723766166,-0.002138992560184954,0.30701291313657986,0.0001,1.6699569147534015,1.2540825609050006,59,8.86737875315464,28.019645648518306,0.09947866543178838,28.119124313950092
1.0,0.99999999,0.09856802844105224,0.07930364723766166,-0.002138992560184954,0.30701291313657986,0.0001,1.6699569147534015,1.2540825509050006,59,8.867378759788103,28.019645669634226,0.09947866692371216,28.119124336557938
0.99999999,1.0,0.09856802844105224,0.07930364723766166,-0.002138992560184954,0.30701291313657986,0.0001,1.6699569147534015,1.2540825509050006,59,8.867378759788103,28.019645669634226,0.09947866692371216,28.119124336557938
1.0,1.0,0.09856802844105224,0.07930364723766166,-0.002138992560184954,0.30701291313657986,0.00010001,1.6699569147534015,1.2540825509050006,59,8.867378774046305,28.0196457143553,0.09947866543178838,28.11912437978709
1.0,1.0,0.09937483167217752,0.0797460219554355,-0.000536871583953849,0.30578359717562864,0.0001,1.6694330289106831,1.255402699862522,59,8.86742851897283,28.019657415191556,0.09840416003461053,28.118061575226168
1.0,1.0,0.09937483167217752,0.07974603685659669,-0.000536871583953849,0.30578358227446745,0.0001,1.6694330289106831,1.255402699862522,59,8.867428520548453,28.019657418824714,0.09840415723886341,28.118061576063575
1.0,1.0,0.09937484657333871,0.0797460219554355,-0.000536871583953849,0.30578358227446745,0.0001,1.6694330289106831,1.255402699862522,59,8.867428520548453,28.019657418824714,0.09840415723886341,28.118061576063575
1.0,1.0,0.09937483167217752,0.0797460219554355,-0.000536871583953849,0.30578358227446745,0.0001,1.6694330289106831,1.255402699862522,59,8.86742852221434,28.019657422970763,0.09840415330192791,28.118061576272684
1.0,1.0,0.09937483167217752,0.0797460219554355,-0.000536871583953849,0.30578358227446745,0.0001,1.6694330537871738,1.255402699862522,59,8.867428522992071,28.019657424903723,0.09840414962950167,28.11806157453323
1.0,1.0,0.09937483167217752,0.0797460219554355,-0.000536871583953849,0.30578358227446745,0.0001,1.6694330289106831,1.25540271856948,59,8.867428523888645,28.01965742692217,0.09840415054028732,28.118061577462456
1.0,1.0,0.09937483167217752,0.0797460219554355,-0.0005368864851150428,0.30578358227446745,0.0001,1.6694330289106831,1.255402699862522,59,8.867428523889942,28.019657427819272,0.09840416003461053,28.118061587853887
0.9999999850988388,1.0,0.09937483167217752,0.0797460219554355,-0.000536871583953849,0.30578358227446745,0.0001,1.6694330289106831,1.255402699862522,59,8.867428533432928,28.01965745758063,0.09840415330192806,28.11806161088256
1.0,0.9999999850988388,0.09937483167217752,0.0797460219554355,-0.000536871583953849,0.30578358227446745,0.0001,1.6694330289106831,1.255402699862522,59,8.867428533432928,28.01965745758063,0.09840415330192806,28.11806161088256
1.0,1.0,0.09937483167217752,0.0797460219554355,-0.000536871583953849,0.30578358227446745,0.00010001490116119385,1.6694330289106831,1.255402699862522,59,8.867428554671475,28.019657524196468,0.09840415110212333,28.118061675298584
1.0,1.0,0.09926039876018593,0.07965746383564579,-0.00015186681762221436,0.3055870783887942,0.0001,1.6691917225748254,1.2555615699922609,59,8.867457352155853,28.01970604828097,0.09810023983740515,28.117806288118377
1.0,1.0,0.09926039876018593,0.07965746383564579,-0.00015185681762221436,0.3055870683887942,0.0001,1.6691917225748254,1.2555615699922609,59,8.867457353206655,28.019706050247734,0.09810023081810657,28.117806281065842
1.0,1.0,0.09926039876018593,0.07965747383564578,-0.00015186681762221436,0.3055870683887942,0.0001,1.6691917225748254,1.2555615699922609,59,8.867457353212377,28.019706050717115,0.0981002379667943,28.117806288683905
1.0,1.0,0.09926040876018592,0.07965746383564579,-0.00015186681762221436,0.3055870683887942,0.0001,1.6691917225748254,1.2555615699922609,59,8.867457353212377,28.019706050717115,0.0981002379667943,28.117806288683905
1.0,1.0,0.09926039876018593,0.07965746383564579,-0.00015186681762221436,0.3055870683887942,0.0001,1.6691917225748254,1.2555615699922609,59,8.867457354330812,28.019706053500663,0.09810023532775576,28.117806288828415
1.0,1.0,0.09926039876018593,0.07965746383564579,-0.00015186681762221436,0.3055870683887942,0.0001,1.6691917325748253,1.2555615699922609,59,8.867457354643232,28.01970605427714,0.09810023384987065,28.11780628812701
1.0,1.0,0.09926039876018593,0.07965746383564579,-0.00015186681762221436,0.3055870683887942,0.0001,1.6691917225748254,1.2555615799922608,59,8.867457355225596,28.019706055612716,0.09810023384987065,28.11780628946258
1.0,1.0,0.09924323851710241,0.07964811050687413,-0.00017690552627984342,0.3056009695567549,0.0001,1.6691917678466457,1.2555224939358989,59,8.86745661584735,28.019706072866548,0.09811657024964375,28.11782264311619
1.0,1.0,0.09924323851710241,0.07964811050687413,-0.00017689552627984343,0.3056009595567549,0.0001,1.6691917678466457,1.2555224939358989,59,8.867456616898203,28.0197060748334,0.09811656122919674,28.117822636062606
1.0,1.0,0.09924324851710241,0.07964811050687413,-0.00017690552627984342,0.3056009595567549,0.0001,1.6691917678466457,1.2555224939358989,59,8.867456616903988,28.01970607530296,0.09811656837806765,28.11782264368103
1.0,1.0,0.09924323851710241,0.07964812050687413,-0.00017690552627984342,0.3056009595567549,0.0001,1.6691917678466457,1.2555224939358989,59,8.867456616903988,28.01970607530296,0.09811656837806765,28.11782264368103
0.99999999,1.0,0.09926039876018593,0.07965746383564579,-0.00015186681762221436,0.3055870683887942,0.0001,1.6691917225748254,1.2555615699922609,59,8.867457361858927,28.01970607672541,0.09810023532775583,28.117806312053162
1.0,0.99999999,0.09926039876018593,0.07965746383564579,-0.00015186681762221436,0.3055870683887942,0.0001,1.6691917225748254,1.2555615699922609,59,8.867457361858927,28.01970607672541,0.09810023532775583,28.117806312053162
1.0,1.0,0.09924323851710241,0.07964811050687413,-0.00017690552627984342,0.3056009595567549,0.0001,1.6691917678466457,1.2555224939358989,59,8.867456618022418,28.019706078086497,0.09811656573942018,28.117822643825914
1.0,1.0,0.09924323851710241,0.07964811050687413,-0.00017690552627984342,0.3056009595567549,0.0001,1.6691917778466456,1.2555224939358989,59,8.86745661833479,28.019706078862864,0.09811656426076742,28.11782264312363
1.0,1.0,0.09924323851710241,0.07964811050687413,-0.00017690552627984342,0.3056009595567549,0.0001,1.6691917678466457,1.2555225039358988,59,8.867456618917254,28.019706080198652,0.09811656426076742,28.11782264445942
0.99999999,1.0,0.09924323851710241,0.07964811050687413,-0.00017690552627984342,0.3056009595567549,0.0001,1.6691917678466457,1.2555224939358989,59,8.867456625550583,28.019706101311364,0.09811656573942026,28.117822667050785
1.0,0.99999999,0.09924323851710241,0.07964811050687413,-0.00017690552627984342,0.3056009595567549,0.0001,1.6691917678466457,1.2555224939358989,59,8.867456625550583,28.019706101311364,0.09811656573942026,28.117822667050785
1.0,1.0,0.09926039876018593,0.07965746383564579,-0.00015186681762221436,0.3055870683887942,0.00010001,1.6691917225748254,1.2555615699922609,59,8.867457376110977,28.01970612142747,0.09810023384987065,28.117806355277338
1.0,1.0,0.09924323851710241,0.07964811050687413,-0.00017690552627984342,0.3056009595567549,0.00010001,1.6691917678466457,1.2555224939358989,59,8.867456639802718,28.01970614601369,0.09811656426076742,28.117822710274456
1.0,1.0,0.0993176444015251,0.07968883468478308,-3.7781209256231066e-05,0.30549960984900504,0.0001,1.6691543399815696,1.255655470756433,59,8.867460872250415,28.0197068521501,0.09802441837073397,28.117731270520835
1.0,1.0,0.0993176593026863,0.07968883468478308,-3.7781209256231066e-05,0.30549959494784384,0.0001,1.6691543399815696,1.255655470756433,59,8.86746087382427,28.01970685577909,0.09802441558968447,28.117731271368775
1.0,1.0,0.0993176444015251,0.07968884958594427,-3.7781209256231066e-05,0.30549959494784384,0.0001,1.6691543399815696,1.255655470756433,59,8.86746087382427,28.01970685577909,0.09802441558968447,28.11773127136877
1.0,1.0,0.0993176444015251,0.07968883468478308,-3.7781209256231066e-05,0.30549959494784384,0.0001,1.6691543399815696,1.255655470756433,59,8.867460875490975,28.019706859927183,0.0980244116552628,28.117731271582446
1.0,1.0,0.0993176444015251,0.07968883468478308,-3.7781209256231066e-05,0.30549959494784384,0.0001,1.6691543648539076,1.255655470756433,59,8.867460876268476,28.01970686185957,0.09802440798218195,28.11773126984175
1.0,1.0,0.0993176444015251,0.07968883468478308,-3.7781209256231066e-05,0.30549959494784384,0.0001,1.6691543399815696,1.2556554894671574,59,8.867460877164778,28.01970686387824,0.09802440889211254,28.11773127277035
1.0,1.0,0.0993176444015251,0.07968883468478308,-3.7796110417424914e-05,0.30549959494784384,0.0001,1.6691543399815696,1.255655470756433,59,8.867460877165875,28.019706864773777,0.09802441837073397,28.11773128314451
1.0,0.9999999850988388,0.0993176444015251,0.07968883468478308,-3.7781209256231066e-05,0.30549959494784384,0.0001,1.6691543399815696,1.255655470756433,59,8.867460886708443,28.019706894533957,0.09802441165526296,28.117731306189217
0.9999999850988388,1.0,0.0993176444015251,0.07968883468478308,-3.7781209256231066e-05,0.30549959494784384,0.0001,1.6691543399815696,1.255655470756433,59,8.867460886708443,28.019706894533957,0.09802441165526296,28.117731306189217
1.0,1.0,0.0993176444015251,0.07968883468478308,-3.7781209256231066e-05,0.30549959494784384,0.00010001490116119385,1.6691543399815696,1.255655470756433,59,8.867460907945096,28.019706961143534,0.09802440945469872,28.117731370598232
1.0,1.0,0.09942681339829153,0.07974577483697957,0.00031393596052656063,0.30526347567386447,0.0001,1.6689931651895777,1.2559066878527587,59,8.867471533791598,28.019709960242768,0.0980730451974004,28.117783005440167
1.0,1.0,0.09942681339829153,0.07974577483697957,0.0003139459605265606,0.3052634656738645,0.0001,1.6689931651895777,1.2559066878527587,59,8.86747153484204,28.019709962209017,0.0980730451974004,28.11778300740642
1.0,1.0,0.09942681339829153,0.07974578483697957,0.00031393596052656063,0.3052634656738645,0.0001,1.6689931651895777,1.2559066878527587,59,8.867471534846807,28.01970996267582,0.09807304333292939,28.11778300600875
1.0,1.0,0.09942682339829152,0.07974577483697957,0.00031393596052656063,0.3052634656738645,0.0001,1.6689931651895777,1.2559066878527587,59,8.867471534846807,28.019709962675826,0.09807304333292939,28.11778300600875
1.0,1.0,0.09942681339829153,0.07974577483697957,0.00031393596052656063,0.3052634656738645,0.0001,1.6689931651895777,1.2559066878527587,59,8.867471535965628,28.01970996546035,0.09807304069013362,28.117783006150482
1.0,1.0,0.09942681339829153,0.07974577483697957,0.00031393596052656063,0.3052634656738645,0.0001,1.6689931751895777,1.2559066878527587,59,8.867471536278602,28.019709966238217,0.09807303921513089,28.117783005453354
1.0,1.0,0.09942681339829153,0.07974577483697957,0.00031393596052656063,0.3052634656738645,0.0001,1.6689931651895777,1.2559066978527587,59,8.867471536859679,28.019709967571114,0.09807303921513089,28.117783006786244
1.0,0.99999999,0.09942681339829153,0.07974577483697957,0.00031393596052656063,0.3052634656738645,0.0001,1.6689931651895777,1.2559066878527587,59,8.867471543492956,28.019709988683008,0.09807304069013373,28.11778302937314
0.99999999,1.0,0.09942681339829153,0.07974577483697957,0.00031393596052656063,0.3052634656738645,0.0001,1.6689931651895777,1.2559066878527587,59,8.867471543492956,28.019709988683008,0.09807304069013373,28.11778302937314
1.0,1.0,0.09942681339829153,0.07974577483697957,0.00031393596052656063,0.3052634656738645,0.00010001,1.6689931651895777,1.2559066878527587,59,8.867471557743562,28.01971003338068,0.09807303921513089,28.117783072595806
1.0,1.0,0.09930957899335388,0.07968259602618989,-1.0717919911577371e-05,0.30548579822813515,0.0001,1.6691373696819867,1.255666627216063,59,8.867462901432276,28.01971027764636,0.09800308059192862,28.11771335823829
1.0,1.0,0.09930957899335388,0.07968259602618989,-1.0707919911577371e-05,0.30548578822813516,0.0001,1.6691373696819867,1.255666627216063,59,8.867462902482968,28.019710279612976,0.09800307157978172,28.117713351192755
1.0,1.0,0.09930957899335388,0.07968260602618989,-1.0717919911577371e-05,0.30548578822813516,0.0001,1.6691373696819867,1.255666627216063,59,8.867462902488409,28.01971028008159,0.09800307872598975,28.11771335880758
1.0,1.0,0.09930958899335388,0.07968259602618989,-1.0717919911577371e-05,0.30548578822813516,0.0001,1.6691373696819867,1.255666627216063,59,8.867462902488409,28.01971028008159,0.09800307872598975,28.11771335880758
1.0,1.0,0.09930957899335388,0.07968259602618989,-1.0717919911577371e-05,0.30548578822813516,0.0001,1.6691373696819867,1.255666627216063,59,8.867462903606953,28.01971028286541,0.0980030760858551,28.117713358951267
1.0,1.0,0.09930957899335388,0.07968259602618989,-1.0717919911577371e-05,0.30548578822813516,0.0001,1.6691373796819866,1.255666627216063,59,8.867462903919533,28.019710283642294,0.09800307460896715,28.11771335825126
1.0,1.0,0.09930957899335388,0.07968259602618989,-1.0717919911577371e-05,0.30548578822813516,0.0001,1.6691373696819867,1.255666637216063,59,8.867462904501503,28.01971028497705,0.09800307460896715,28.11771335958602
1.0,0.99999999,0.09930957899335388,0.07968259602618989,-1.0717919911577371e-05,0.30548578822813516,0.0001,1.6691373696819867,1.255666627216063,59,8.86746291113483,28.01971030608952,0.09800307608585518,28.11771338217537
0.99999999,1.0,0.09930957899335388,0.07968259602618989,-1.0717919911577371e-05,0.30548578822813516,0.0001,1.6691373696819867,1.255666627216063,59,8.86746291113483,28.01971030608952,0.09800307608585518,28.117713382175374
1.0,1.0,0.09931361978919788,0.07968481007245586,-2.6572166003632033e-06,0.30547962395210065,0.0001,1.6691347269647778,1.2556732597651405,59,8.86746314919636,28.019710332331897,0.09799772850838744,28.117708060840293
1.0,1.0,0.09931361978919788,0.07968482497361705,-2.6572166003632033e-06,0.30547960905093946,0.0001,1.6691347269647778,1.2556732597651405,59,8.867463150770087,28.019710335960596,0.09799772572837227,28.117708061688965
1.0,1.0,0.09931363469035907,0.07968481007245586,-2.6572166003632033e-06,0.30547960905093946,0.0001,1.6691347269647778,1.2556732597651405,59,8.867463150770087,28.019710335960596,0.09799772572837227,28.117708061688965
1.0,1.0,0.09931361978919788,0.07968481007245586,-2.6572166003632033e-06,0.30547960905093946,0.0001,1.6691347269647778,1.2556732597651405,59,8.867463152436851,28.019710340108826,0.09799772179412752,28.117708061902956
1.0,1.0,0.09931361978919788,0.07968481007245586,-2.6572166003632033e-06,0.30547960905093946,0.0001,1.6691347518368234,1.2556732597651405,59,8.867463153214336,28.019710342041176,0.09799771812100058,28.11770806016218
1.0,1.0,0.09931361978919788,0.07968481007245586,-2.6572166003632033e-06,0.30547960905093946,0.0001,1.6691347269647778,1.2556732784761302,59,8.867463154110617,28.019710344059856,0.09799771903087096,28.11770806309073
1.0,1.0,0.09931361978919788,0.07968481007245586,-2.672117761557051e-06,0.30547960905093946,0.0001,1.6691347269647778,1.2556732597651405,59,8.867463154111702,28.01971034495529,0.09799772850838744,28.11770807346368
1.0,1.0,0.09930957899335388,0.07968259602618989,-1.0717919911577371e-05,0.30548578822813516,0.00010001,1.6691373696819867,1.255666627216063,59,8.867462925386441,28.019710350790227,0.09800307460896715,28.117713425399195
0.9999999850988388,1.0,0.09931361978919788,0.07968481007245586,-2.6572166003632033e-06,0.30547960905093946,0.0001,1.6691347269647778,1.2556732597651405,59,8.867463163654241,28.019710374715388,0.09799772179412772,28.117708096509517
1.0,0.9999999850988388,0.09931361978919788,0.07968481007245586,-2.6572166003632033e-06,0.30547960905093946,0.0001,1.6691347269647778,1.2556732597651405,59,8.867463163654241,28.019710374715388,0.09799772179412772,28.117708096509517
1.0,1.0,0.09931361978919788,0.07968481007245586,-2.6572166003632033e-06,0.30547960905093946,0.00010001490116119385,1.6691347269647778,1.2556732597651405,59,8.86746318489076,28.01971044132452,0.09799771959350996,28.11770816091803
1.0,1.0,0.09931226958828901,0.0796839619214852,-2.62031570717052e-06,0.3054799246602587,0.0001,1.669134102662956,1.2556723372624912,59,8.867463223514664,28.01971053207484,0.09799749540111675,28.117708027475956
1.0,1.0,0.09931226958828901,0.0796839619214852,-2.61031570717052e-06,0.3054799146602587,0.0001,1.669134102662956,1.2556723372624912,59,8.867463224565348,28.019710534041444,0.09799748638938197,28.117708020430825
1.0,1.0,0.099312279588289,0.0796839619214852,-2.62031570717052e-06,0.3054799146602587,0.0001,1.669134102662956,1.2556723372624912,59,8.867463224570777,28.01971053451002,0.09799749353544375,28.117708028045463
1.0,1.0,0.09931226958828901,0.0796839719214852,-2.62031570717052e-06,0.3054799146602587,0.0001,1.669134102662956,1.2556723372624912,59,8.867463224570777,28.01971053451002,0.09799749353544375,28.11770802804546
1.0,1.0,0.09931226958828901,0.0796839619214852,-2.62031570717052e-06,0.3054799146602587,0.0001,1.669134102662956,1.2556723372624912,59,8.867463225689324,28.019710537293854,0.09799749089524927,28.117708028189103
1.0,1.0,0.09931226958828901,0.0796839619214852,-2.62031570717052e-06,0.3054799146602587,0.0001,1.669134112662956,1.2556723372624912,59,8.867463226001911,28.01971053807077,0.09799748941840937,28.117708027489176
1.0,1.0,0.09931226958828901,0.0796839619214852,-2.62031570717052e-06,0.3054799146602587,0.0001,1.669134102662956,1.255672347262491,59,8.867463226583862,28.01971053940547,0.09799748941840937,28.11770802882388
1.0,1.0,0.09931266409975745,0.07968416681174666,-1.6242785145281077e-06,0.30547923289061,0.0001,1.669133773107353,1.2556731936147076,59,8.867463261255335,28.019710557519765,0.09799681535462787,28.11770737287439
1.0,1.0,0.09931266409975745,0.07968416681174666,-1.6142785145281078e-06,0.30547922289061,0.0001,1.669133773107353,1.2556731936147076,59,8.86746326230602,28.019710559486363,0.09799680634294287,28.117707365829308
1.0,1.0,0.09931267409975744,0.07968416681174666,-1.6242785145281077e-06,0.30547922289061,0.0001,1.669133773107353,1.2556731936147076,59,8.867463262311444,28.019710559954934,0.09799681348898864,28.117707373443924
1.0,1.0,0.09931266409975745,0.07968417681174665,-1.6242785145281077e-06,0.30547922289061,0.0001,1.669133773107353,1.2556731936147076,59,8.867463262311444,28.019710559954934,0.09799681348898864,28.117707373443924
1.0,0.99999999,0.09931226958828901,0.0796839619214852,-2.62031570717052e-06,0.3054799146602587,0.0001,1.669134102662956,1.2556723372624912,59,8.867463233217189,28.019710560517925,0.09799749089524937,28.117708051413175
0.99999999,1.0,0.09931226958828901,0.0796839619214852,-2.62031570717052e-06,0.3054799146602587,0.0001,1.669134102662956,1.2556723372624912,59,8.867463233217189,28.019710560517925,0.09799749089524937,28.117708051413175
1.0,1.0,0.09935914467592079,0.07970918221725012,0.0001260351651889313,0.305391853815321,0.0001,1.669077897858865,1.255768705725211,59,8.867466712869813,28.019710561362608,0.09802653033528365,28.11773709169789
1.0,1.0,0.09931266409975745,0.07968416681174666,-1.6242785145281077e-06,0.30547922289061,0.0001,1.669133773107353,1.2556731936147076,59,8.86746326342999,28.019710562738766,0.09799681084878534,28.11770737358756
1.0,1.0,0.09935914467592079,0.07970918221725012,0.0001260451651889313,0.30539184381532103,0.0001,1.669077897858865,1.255768705725211,59,8.867466713920399,28.019710563329063,0.09802653033528365,28.11773709366435
1.0,1.0,0.09931266409975745,0.07968416681174666,-1.6242785145281077e-06,0.30547922289061,0.0001,1.669133783107353,1.2556731936147076,59,8.867463263742582,28.01971056351568,0.09799680937195573,28.117707372887637
1.0,1.0,0.09935914467592079,0.07970919221725012,0.0001260351651889313,0.30539184381532103,0.0001,1.669077897858865,1.255768705725211,59,8.867466713925559,28.019710563796917,0.09802652847015277,28.117737092267074
1.0,1.0,0.09935915467592078,0.07970918221725012,0.0001260351651889313,0.30539184381532103,0.0001,1.669077897858865,1.255768705725211,59,8.867466713925559,28.019710563796917,0.09802652847015277,28.117737092267074
1.0,1.0,0.09931266409975745,0.07968416681174666,-1.6242785145281077e-06,0.30547922289061,0.0001,1.669133773107353,1.2556732036147076,59,8.86746326432453,28.01971056485038,0.09799680937195573,28.117707374222338
1.0,1.0,0.09935914467592079,0.07970918221725012,0.0001260351651889313,0.30539184381532103,0.0001,1.669077897858865,1.255768705725211,59,8.867466715044216,28.01971056658103,0.09802652582889489,28.11773709240992
1.0,1.0,0.09935914467592079,0.07970918221725012,0.0001260351651889313,0.30539184381532103,0.0001,1.669077907858865,1.255768705725211,59,8.867466715356963,28.019710567358338,0.09802652435284483,28.117737091711174
1.0,1.0,0.09935914467592079,0.07970918221725012,0.0001260351651889313,0.30539184381532103,0.0001,1.669077897858865,1.2557687157252109,59,8.867466715938553,28.019710568692304,0.09802652435284483,28.117737093045147
1.0,1.0,0.09931289971262934,0.07968428917772784,-1.0294182829654218e-06,0.30547881974714863,0.0001,1.669133576287873,1.25567370505131,59,8.867463283794958,28.019710572715933,0.09799640921507036,28.11770698193101
1.0,1.0,0.09931289971262934,0.07968428917772784,-1.0194182829654219e-06,0.30547880974714864,0.0001,1.669133576287873,1.25567370505131,59,8.867463284845641,28.01971057468254,0.09799640020341512,28.117706974885955
1.0,1.0,0.09931290971262934,0.07968428917772784,-1.0294182829654218e-06,0.30547880974714864,0.0001,1.669133576287873,1.25567370505131,59,8.867463284851064,28.01971057515111,0.09799640734945125,28.117706982500557
1.0,1.0,0.09931289971262934,0.07968429917772783,-1.0294182829654218e-06,0.30547880974714864,0.0001,1.669133576287873,1.25567370505131,59,8.867463284851064,28.01971057515111,0.09799640734945125,28.117706982500557
1.0,1.0,0.09931333637401167,0.07968452665726965,-1.8376770407257298e-07,0.30547821653537777,0.0001,1.6691333458064566,1.2556745124759126,59,8.86746330954027,28.019710577413,0.09799584916779787,28.1177064265808
1.0,1.0,0.09931289971262934,0.07968428917772784,-1.0294182829654218e-06,0.30547880974714864,0.0001,1.669133576287873,1.25567370505131,59,8.867463285969615,28.01971057793494,0.09799640470924267,28.117706982644183
1.0,1.0,0.09931308289873121,0.0796843865995955,-6.615954528239614e-07,0.30547858240021625,0.0001,1.6691334972441956,1.255674112145428,59,8.867463296625266,28.019710578661325,0.09799616217552864,28.117706740836844
1.0,1.0,0.09931289971262934,0.07968428917772784,-1.0294182829654218e-06,0.30547880974714864,0.0001,1.669133586287873,1.25567370505131,59,8.867463286282208,28.01971057871186,0.0979964032324193,28.117706981944274
1.0,1.0,0.09931289971262934,0.07968428917772784,-1.0294182829654218e-06,0.30547880974714864,0.0001,1.669133576287873,1.25567371505131,59,8.867463286864151,28.01971058004655,0.0979964032324193,28.117706983278975
1.0,1.0,0.09931308289873121,0.0796843865995955,-6.515954528239614e-07,0.30547857240021625,0.0001,1.6691334972441956,1.255674112145428,59,8.867463297675949,28.019710580627912,0.09799615316389126,28.117706733791806
1.0,1.0,0.09931333637401167,0.07968454155843084,-1.8376770407257298e-07,0.3054782016342166,0.0001,1.6691333458064566,1.2556745124759126,59,8.86746331111399,28.01971058104168,0.09799584638785555,28.11770642742953
1.0,1.0,0.09931335127517286,0.07968452665726965,-1.8376770407257298e-07,0.3054782016342166,0.0001,1.6691333458064566,1.2556745124759126,59,8.86746331111399,28.01971058104168,0.09799584638785555,28.117706427429535
1.0,1.0,0.0993130928987312,0.0796843865995955,-6.615954528239614e-07,0.30547857240021625,0.0001,1.6691334972441956,1.255674112145428,59,8.867463297681372,28.01971058109648,0.09799616030992264,28.117706741406405
1.0,1.0,0.09931308289873121,0.07968439659959549,-6.615954528239614e-07,0.30547857240021625,0.0001,1.6691334972441956,1.255674112145428,59,8.867463297681372,28.01971058109648,0.09799616030992264,28.117706741406405
1.0,1.0,0.09931308289873121,0.0796843865995955,-6.615954528239614e-07,0.30547857240021625,0.0001,1.6691334972441956,1.255674112145428,59,8.86746329879992,28.019710583880318,0.0979961576697099,28.11770674155003
1.0,1.0,0.09931308289873121,0.0796843865995955,-6.615954528239614e-07,0.30547857240021625,0.0001,1.6691335072441955,1.255674112145428,59,8.867463299112512,28.019710584657236,0.097996156192893,28.11770674085013
1.0,1.0,0.09931333637401167,0.07968452665726965,-1.8376770407257298e-07,0.3054782016342166,0.0001,1.6691333458064566,1.2556745124759126,59,8.867463312780758,28.01971058518992,0.09799584245362329,28.11770642764354
1.0,0.99999999,0.09931266409975745,0.07968416681174666,-1.6242785145281077e-06,0.30547922289061,0.0001,1.669133773107353,1.2556731936147076,59,8.867463270957852,28.019710585962837,0.09799681084878538,28.117707396811625
0.99999999,1.0,0.09931266409975745,0.07968416681174666,-1.6242785145281077e-06,0.30547922289061,0.0001,1.669133773107353,1.2556731936147076,59,8.867463270957852,28.019710585962837,0.09799681084878538,28.117707396811625
1.0,1.0,0.09931308289873121,0.0796843865995955,-6.615954528239614e-07,0.30547857240021625,0.0001,1.6691334972441956,1.255674122145428,59,8.867463299694455,28.01971058599193,0.097996156192893,28.117706742184826
1.0,1.0,0.09931333637401167,0.07968452665726965,-1.8376770407257298e-07,0.3054782016342166,0.0001,1.6691333706784817,1.2556745124759126,59,8.867463313558238,28.01971058712227,0.09799583878049305,28.117706425902764
1.0,1.0,0.09931333637401167,0.07968452665726965,-1.8376770407257298e-07,0.3054782016342166,0.0001,1.6691333458064566,1.2556745311869209,59,8.86746331445452,28.01971058914095,0.09799583969035919,28.117706428831305
0.99999999,1.0,0.09935914467592079,0.07970918221725012,0.0001260351651889313,0.30539184381532103,0.0001,1.669077897858865,1.255768705725211,59,8.867466722571859,28.019710589804525,0.09802652582889496,28.117737115633417
1.0,0.99999999,0.09935914467592079,0.07970918221725012,0.0001260351651889313,0.30539184381532103,0.0001,1.669077897858865,1.255768705725211,59,8.867466722571859,28.019710589804525,0.09802652582889496,28.117737115633417
1.0,1.0,0.09931333637401167,0.07968452665726965,-1.9866886526642064e-07,0.3054782016342166,0.0001,1.6691333458064566,1.2556745124759126,59,8.867463314455607,28.01971059003637,0.09799584916779787,28.117706439204166
1.0,1.0,0.09931331641653124,0.07968450669978921,-9.59281728234605e-09,0.30547811742815595,0.0001,1.6691332485482941,1.255674600689078,59,8.86746332083134,28.019710594671103,0.09799571682958108,28.117706311500683
1.0,1.0,0.0993133158029385,0.07968450608619648,-4.23781049423947e-09,0.30547811438110445,0.0001,1.669133245558092,1.2556746034011916,59,8.867463321178482,28.0197105952017,0.09799571276084444,28.117706307962553
1.0,1.0,0.09931331555168768,0.07968450583494566,-2.045069522920586e-09,0.30547811313341333,0.0001,1.6691332443336793,1.2556746045117342,59,8.86746332132063,28.019710595418974,0.09799571109479885,28.117706306513764
1.0,1.0,0.0993133153202021,0.07968450560346008,-2.4825757014960705e-11,0.30547811198387476,0.0001,1.6691332432055879,1.2556746055349133,59,8.867463321451593,28.019710595619152,0.09799570955981678,28.117706305178967
1.0,1.0,0.09931331530043686,0.07968450558369483,1.4767144839829814e-10,0.30547811188572216,0.0001,1.6691332431092665,1.2556746056222767,59,8.867463321462777,28.019710595636234,0.09799570956182901,28.11770630519807
1.0,1.0,0.09931331525313596,0.07968450553639393,5.604804324978044e-10,0.3054781116508298,0.0001,1.6691332428787566,1.2556746058313493,59,8.867463321489538,28.019710595677143,0.09799570962018365,28.11770630529733
1.0,1.0,0.09931331518934579,0.07968450547260376,1.1171962938671087e-09,0.305478111334053,0.0001,1.66913324256789,1.2556746061133055,59,8.867463321525628,28.019710595732306,0.09799570969888097,28.117706305431188
1.0,1.0,0.09931331505183355,0.07968450533509153,2.3173066666498317e-09,0.3054781106511784,0.0001,1.6691332418977558,1.255674606721117,59,8.867463321603426,28.019710595851215,0.0979957098685286,28.117706305719746
1.0,1.0,0.0993133148471027,0.07968450513036067,4.104053898488136e-09,0.30547810963450167,0.0001,1.6691332409000474,1.2556746076260388,59,8.867463321719255,28.01971059602826,0.09799571012110321,28.11770630614936
1.0,1.0,0.09931331122996695,0.07968450328192403,-6.2772454736005384e-09,0.3054781121823513,0.0001,1.6691332448976248,1.2556745998992305,59,8.867463322377136,28.01971059827546,0.09799571135601827,28.117706309631473
1.0,1.0,0.09931333131769243,0.07968450669978921,-9.59281728234605e-09,0.30547810252699475,0.0001,1.6691332485482941,1.255674600689078,59,8.86746332240506,28.019710598299778,0.09799571404964388,28.11770631234942
1.0,1.0,0.09931331641653124,0.07968452160095041,-9.59281728234605e-09,0.30547810252699475,0.0001,1.6691332485482941,1.255674600689078,59,8.86746332240506,28.019710598299778,0.09799571404964388,28.11770631234942
1.0,1.0,0.09931331530043686,0.07968450558369483,1.5048832642245954e-08,0.30547809698456097,0.0001,1.6691332431092665,1.2556746056222767,59,8.867463323028417,28.019710598566704,0.09799570956182901,28.11770630812853
1.0,1.0,0.0993133148471027,0.07968450513036067,4.104053898488136e-09,0.30547810473334047,0.0001,1.6691332409000474,1.2556746076260388,59,8.867463322785087,28.01971059858617,0.09799570791273696,28.11770630649891
1.0,1.0,0.09931331525313596,0.07968450553639393,1.546164162634546e-08,0.3054780967496686,0.0001,1.6691332428787566,1.2556746058313493,59,8.867463323055178,28.019710598607606,0.09799570962018365,28.11770630822779
1.0,1.0,0.09931331518934579,0.07968450547260376,1.6018357487714765e-08,0.3054780964328918,0.0001,1.66913324256789,1.2556746061133055,59,8.86746332309127,28.019710598662762,0.09799570969888097,28.117706308361644
1.0,1.0,0.09931331505183355,0.07968450533509153,1.7218467860497488e-08,0.3054780957500172,0.0001,1.6691332418977558,1.255674606721117,59,8.867463323169066,28.01971059878168,0.0979957098685286,28.11770630865021
1.0,1.0,0.0993133307040997,0.07968450608619648,-4.23781049423947e-09,0.30547809947994325,0.0001,1.669133245558092,1.2556746034011916,59,8.8674633227522,28.019710598830375,0.09799570998090743,28.11770630881129
1.0,1.0,0.0993133158029385,0.07968452098735768,-4.23781049423947e-09,0.30547809947994325,0.0001,1.669133245558092,1.2556746034011916,59,8.8674633227522,28.019710598830375,0.09799570998090743,28.11770630881129
1.0,1.0,0.0993133148471027,0.07968450513036067,1.9005215092335792e-08,0.3054780947333405,0.0001,1.6691332409000474,1.2556746076260388,59,8.867463323284891,28.019710598958714,0.09799571012110321,28.11770630907982
1.0,1.0,0.09931333045284887,0.07968450583494566,-2.045069522920586e-09,0.30547809823225214,0.0001,1.6691332443336793,1.2556746045117342,59,8.86746332289435,28.019710599047645,0.09799570831486189,28.117706307362507
1.0,1.0,0.09931331555168768,0.07968452073610685,-2.045069522920586e-09,0.30547809823225214,0.0001,1.6691332443336793,1.2556746045117342,59,8.867463322894348,28.019710599047645,0.09799570831486189,28.117706307362504
1.0,1.0,0.0993133302213633,0.07968450560346008,-2.4825757014960705e-11,0.30547809708271356,0.0001,1.6691332432055879,1.2556746055349133,59,8.867463323025314,28.01971059924782,0.09799570677987987,28.1177063060277
1.0,1.0,0.0993133153202021,0.07968452050462127,-2.4825757014960705e-11,0.30547809708271356,0.0001,1.6691332432055879,1.2556746055349133,59,8.867463323025314,28.01971059924782,0.09799570677987987,28.1177063060277
1.0,1.0,0.09931332257638738,0.07968450908019667,2.6287356871287256e-08,0.3054780888159049,0.0001,1.669133232357815,1.2556746241370869,59,8.867463323656818,28.01971059925013,0.09799571264271073,28.117706311892846
1.0,1.0,0.09931331530043686,0.07968452048485603,1.4767144839829814e-10,0.30547809698456097,0.0001,1.6691332431092665,1.2556746056222767,59,8.867463323036496,28.019710599264915,0.09799570678189211,28.117706306046802
1.0,1.0,0.09931333020159805,0.07968450558369483,1.4767144839829814e-10,0.30547809698456097,0.0001,1.6691332431092665,1.2556746056222767,59,8.867463323036496,28.019710599264915,0.09799570678189211,28.117706306046802
1.0,1.0,0.09931331525313596,0.07968452043755513,5.604804324978044e-10,0.3054780967496686,0.0001,1.6691332428787566,1.2556746058313493,59,8.867463323063255,28.01971059930581,0.09799570684024674,28.117706306146058
1.0,1.0,0.09931333015429715,0.07968450553639393,5.604804324978044e-10,0.3054780967496686,0.0001,1.6691332428787566,1.2556746058313493,59,8.867463323063255,28.01971059930581,0.09799570684024674,28.117706306146058
1.0,1.0,0.09931331518934579,0.07968452037376496,1.1171962938671087e-09,0.3054780964328918,0.0001,1.66913324256789,1.2556746061133055,59,8.867463323099347,28.019710599360977,0.09799570691894405,28.11770630627992
1.0,1.0,0.09931333009050698,0.07968450547260376,1.1171962938671087e-09,0.3054780964328918,0.0001,1.66913324256789,1.2556746061133055,59,8.867463323099347,28.019710599360977,0.09799570691894405,28.11770630627992
1.0,1.0,0.09931331505183355,0.07968452023625272,2.3173066666498317e-09,0.3054780957500172,0.0001,1.6691332418977558,1.255674606721117,59,8.867463323177144,28.01971059947989,0.09799570708859168,28.117706306568486
1.0,1.0,0.09931332995299474,0.07968450533509153,2.3173066666498317e-09,0.3054780957500172,0.0001,1.6691332418977558,1.255674606721117,59,8.867463323177144,28.01971059947989,0.09799570708859168,28.117706306568486
1.0,1.0,0.09931332974826389,0.07968450513036067,4.104053898488136e-09,0.3054780947333405,0.0001,1.6691332409000474,1.2556746076260388,59,8.867463323292974,28.01971059965693,0.09799570734116625,28.117706306998098
1.0,1.0,0.0993133148471027,0.07968452003152186,4.104053898488136e-09,0.3054780947333405,0.0001,1.6691332409000474,1.2556746076260388,59,8.867463323292974,28.01971059965693,0.09799570734116625,28.117706306998098
1.0,1.0,0.09931333113044369,0.07968451345150927,5.0837781748960887e-08,0.3054780711999616,0.0001,1.6691332229040634,1.2556746424099854,59,8.867463324621566,28.019710599984943,0.09799571787740807,28.117706317862346
1.0,1.0,0.09931331122996695,0.07968450328192403,3.7227545263994618e-09,0.30547810218235133,0.0001,1.6691332448976248,1.2556745998992305,59,8.867463323427822,28.019710600242053,0.09799570569921302,28.11770630594127
1.0,1.0,0.0993133148471027,0.07968450513036067,1.4104053898488136e-08,0.3054780947333405,0.0001,1.6691332409000474,1.2556746076260388,59,8.867463323835773,28.019710600552774,0.09799570791273697,28.11770630846551
1.0,1.0,0.09931331122996695,0.07968451328192402,-6.2772454736005384e-09,0.30547810218235133,0.0001,1.6691332448976248,1.2556745998992305,59,8.867463323433242,28.01971060071061,0.09799570949043392,28.11770631020105
1.0,1.0,0.09931332122996694,0.07968450328192403,-6.2772454736005384e-09,0.30547810218235133,0.0001,1.6691332448976248,1.2556745998992305,59,8.867463323433242,28.01971060071061,0.09799570949043392,28.11770631020105
1.0,1.0,0.09931332484710269,0.07968450513036067,4.104053898488136e-09,0.3054780947333405,0.0001,1.6691332409000474,1.2556746076260388,59,8.867463323841191,28.01971060102133,0.09799570604715285,28.117706307068488
1.0,1.0,0.0993133148471027,0.07968451513036066,4.104053898488136e-09,0.3054780947333405,0.0001,1.6691332409000474,1.2556746076260388,59,8.867463323841191,28.01971060102133,0.09799570604715285,28.117706307068488
0.99999999,1.0,0.09931289971262934,0.07968428917772784,-1.0294182829654218e-06,0.30547880974714864,0.0001,1.669133576287873,1.25567370505131,59,8.867463293497474,28.019710601159012,0.09799640470924273,28.117707005868255
1.0,0.99999999,0.09931289971262934,0.07968428917772784,-1.0294182829654218e-06,0.30547880974714864,0.0001,1.669133576287873,1.25567370505131,59,8.867463293497474,28.019710601159012,0.09799640470924273,28.117707005868255
1.0,1.0,0.09931332257638738,0.07968450908019667,3.628735687128725e-08,0.3054780788159049,0.0001,1.669133232357815,1.2556746241370869,59,8.8674633247075,28.01971060121673,0.09799571264271074,28.117706313859443
1.0,1.0,0.09931332257638738,0.07968451908019666,2.6287356871287256e-08,0.3054780788159049,0.0001,1.669133232357815,1.2556746241370869,59,8.867463324712924,28.019710601685297,0.09799571077712674,28.117706312462424
1.0,1.0,0.09931333257638737,0.07968450908019667,2.6287356871287256e-08,0.3054780788159049,0.0001,1.669133232357815,1.2556746241370869,59,8.867463324712924,28.019710601685297,0.09799571077712674,28.117706312462424
1.0,1.0,0.09931333113044369,0.07968451345150927,6.083778174896088e-08,0.3054780611999616,0.0001,1.6691332229040634,1.2556746424099854,59,8.86746332567225,28.019710601951534,0.09799571787740807,28.117706319828947
1.0,1.0,0.09931335707879242,0.07968452671169131,1.2531040183272934e-07,0.3054780177627825,0.0001,1.6691331942265293,1.2556746978400088,59,8.867463327548089,28.019710602213937,0.09799573375663204,28.11770633597058
1.0,1.0,0.09931335707879242,0.07968452671169131,1.2531040183272934e-07,0.3054780177627825,0.0001,1.6691331942265293,1.2556746978400088,59,8.867463327548089,28.019710602213937,0.09799573375663204,28.11770633597058
1.0,1.0,0.09931334113044368,0.07968451345150927,5.0837781748960887e-08,0.3054780611999616,0.0001,1.6691332229040634,1.2556746424099854,59,8.86746332567767,28.019710602420098,0.09799571601182411,28.117706318431924
1.0,1.0,0.09931333113044369,0.07968452345150927,5.0837781748960887e-08,0.3054780611999616,0.0001,1.6691332229040634,1.2556746424099854,59,8.86746332567767,28.0197106024201,0.09799571601182411,28.117706318431924
1.0,1.0,0.09931331641653124,0.07968450669978921,-9.59281728234605e-09,0.30547810252699475,0.0001,1.6691332485482941,1.255674600689078,59,8.867463324071828,28.019710602448022,0.09799571011541248,28.117706312563435
1.0,1.0,0.0993133158029385,0.07968450608619648,-4.23781049423947e-09,0.30547809947994325,0.0001,1.669133245558092,1.2556746034011916,59,8.86746332441897,28.019710602978623,0.09799570604667605,28.117706309025298
1.0,1.0,0.09931331555168768,0.07968450583494566,-2.045069522920586e-09,0.30547809823225214,0.0001,1.6691332443336793,1.2556746045117342,59,8.867463324561118,28.019710603195882,0.09799570438063052,28.11770630757652
1.0,1.0,0.0993133153202021,0.07968450560346008,-2.4825757014960705e-11,0.30547809708271356,0.0001,1.6691332432055879,1.2556746055349133,59,8.867463324692082,28.01971060339606,0.09799570284564853,28.117706306241708
1.0,1.0,0.09931331530043686,0.07968450558369483,1.4767144839829814e-10,0.30547809698456097,0.0001,1.6691332431092665,1.2556746056222767,59,8.867463324703266,28.019710603413152,0.09799570284766075,28.117706306260818
1.0,1.0,0.09931331525313596,0.07968450553639393,5.604804324978044e-10,0.3054780967496686,0.0001,1.6691332428787566,1.2556746058313493,59,8.867463324730027,28.01971060345406,0.09799570290601542,28.117706306360073
1.0,1.0,0.09931331122996695,0.07968450328192403,-6.2772454736005384e-09,0.30547810218235133,0.0001,1.6691332448976248,1.2556745998992305,59,8.86746332455179,28.01971060349446,0.0979957068502161,28.117706310344673
1.0,1.0,0.09931331518934579,0.07968450547260376,1.1171962938671087e-09,0.3054780964328918,0.0001,1.66913324256789,1.2556746061133055,59,8.867463324766117,28.019710603509218,0.09799570298471269,28.117706306493936
1.0,1.0,0.09931331505183355,0.07968450533509153,2.3173066666498317e-09,0.3054780957500172,0.0001,1.6691332418977558,1.255674606721117,59,8.867463324843913,28.019710603628134,0.09799570315436032,28.117706306782495
1.0,1.0,0.0993133148471027,0.07968450513036067,4.104053898488136e-09,0.3054780947333405,0.0001,1.6691332409000474,1.2556746076260388,59,8.867463324959742,28.019710603805176,0.0979957034069349,28.117706307212107
1.0,1.0,0.0993133148471027,0.07968450513036067,4.104053898488136e-09,0.3054780947333405,0.0001,1.6691332409000474,1.2556746076260388,59,8.867463324959742,28.019710603805176,0.0979957034069349,28.117706307212107
1.0,1.0,0.09931335707879242,0.07968452671169131,1.3531040183272935e-07,0.3054780077627825,0.0001,1.6691331942265293,1.2556746978400088,59,8.867463328598774,28.019710604180545,0.09799573375663204,28.11770633793718
1.0,1.0,0.09931335707879242,0.07968452671169131,1.3531040183272935e-07,0.3054780077627825,0.0001,1.6691331942265293,1.2556746978400088,59,8.867463328598774,28.019710604180545,0.09799573375663204,28.11770633793718
1.0,1.0,0.09931331122996695,0.07968450328192403,-6.2772454736005384e-09,0.30547810218235133,0.0001,1.6691332548976248,1.2556745998992305,59,8.867463324864383,28.019710604271374,0.09799570537340382,28.117706309644774
1.0,1.0,0.09931331641653124,0.07968450669978921,-9.59281728234605e-09,0.30547810252699475,0.0001,1.6691332734203177,1.255674600689078,59,8.86746332484931,28.019710604380364,0.09799570644228203,28.11770631082266
1.0,1.0,0.09931332257638738,0.07968450908019667,2.6287356871287256e-08,0.3054780788159049,0.0001,1.669133232357815,1.2556746241370869,59,8.867463325831473,28.019710604469132,0.09799570813690861,28.11770631260604
1.0,1.0,0.0993133148471027,0.07968450513036067,4.104053898488136e-09,0.3054780947333405,0.0001,1.6691332509000474,1.2556746076260388,59,8.867463325272334,28.01971060458209,0.09799570193012277,28.117706306512215
1.0,1.0,0.09931336707879242,0.07968452671169131,1.2531040183272934e-07,0.3054780077627825,0.0001,1.6691331942265293,1.2556746978400088,59,8.867463328604195,28.01971060464911,0.09799573189104836,28.11770633654016
1.0,1.0,0.09931336707879242,0.07968452671169131,1.2531040183272934e-07,0.3054780077627825,0.0001,1.6691331942265293,1.2556746978400088,59,8.867463328604195,28.01971060464911,0.09799573189104836,28.11770633654016
1.0,1.0,0.09931335707879242,0.0796845367116913,1.2531040183272934e-07,0.3054780077627825,0.0001,1.6691331942265293,1.2556746978400088,59,8.867463328604195,28.01971060464911,0.09799573189104836,28.11770633654016
1.0,1.0,0.09931335707879242,0.0796845367116913,1.2531040183272934e-07,0.3054780077627825,0.0001,1.6691331942265293,1.2556746978400088,59,8.867463328604195,28.01971060464911,0.09799573189104836,28.11770633654016
1.0,1.0,0.0993133158029385,0.07968450608619648,-4.23781049423947e-09,0.30547809947994325,0.0001,1.6691332704301156,1.2556746034011916,59,8.867463325196454,28.019710604910973,0.09799570237354562,28.11770630728451
1.0,1.0,0.09931331555168768,0.07968450583494566,-2.045069522920586e-09,0.30547809823225214,0.0001,1.6691332692057028,1.2556746045117342,59,8.867463325338601,28.019710605128243,0.09799570070750006,28.11770630583574
1.0,1.0,0.09931333113044369,0.07968451345150927,5.0837781748960887e-08,0.3054780611999616,0.0001,1.6691332229040634,1.2556746424099854,59,8.86746332679622,28.019710605203937,0.09799571337160583,28.117706318575543
1.0,1.0,0.09931226958828901,0.0796839619214852,-2.62031570717052e-06,0.3054799146602587,0.00010001,1.669134102662956,1.2556723372624912,59,8.867463247468775,28.019710605218567,0.09799748941840937,28.117708094636974
1.0,1.0,0.09931332257638738,0.07968450908019667,2.6287356871287256e-08,0.3054780788159049,0.0001,1.669133242357815,1.2556746241370869,59,8.867463326144067,28.019710605246047,0.09799570666009656,28.117706311906144
1.0,1.0,0.0993133153202021,0.07968450560346008,-2.4825757014960705e-11,0.30547809708271356,0.0001,1.6691332680776114,1.2556746055349133,59,8.867463325469567,28.019710605328413,0.0979956991725181,28.11770630450094
1.0,1.0,0.09931331530043686,0.07968450558369483,1.4767144839829814e-10,0.30547809698456097,0.0001,1.66913326798129,1.2556746056222767,59,8.867463325480747,28.0197106053455,0.09799569917453035,28.117706304520034
1.0,1.0,0.09931331525313596,0.07968450553639393,5.604804324978044e-10,0.3054780967496686,0.0001,1.6691332677507802,1.2556746058313493,59,8.86746332550751,28.019710605386408,0.09799569923288493,28.117706304619293
1.0,1.0,0.09931331518934579,0.07968450547260376,1.1171962938671087e-09,0.3054780964328918,0.0001,1.6691332674399135,1.2556746061133055,59,8.867463325543598,28.01971060544157,0.09799569931158222,28.117706304753153
1.0,1.0,0.09931331505183355,0.07968450533509153,2.3173066666498317e-09,0.3054780957500172,0.0001,1.6691332667697794,1.255674606721117,59,8.867463325621395,28.019710605560483,0.0979956994812299,28.117706305041708
1.0,1.0,0.09931331122996695,0.07968450328192403,-6.2772454736005384e-09,0.30547810218235133,0.0001,1.6691332448976248,1.2556746098992304,59,8.867463325446325,28.019710605606065,0.09799570537340382,28.117706310979464
1.0,1.0,0.0993133148471027,0.07968450513036067,4.104053898488136e-09,0.3054780947333405,0.0001,1.669133265772071,1.2556746076260388,59,8.867463325737223,28.019710605737526,0.09799569973380448,28.117706305471334
1.0,1.0,0.0993133148471027,0.07968450513036067,4.104053898488136e-09,0.3054780947333405,0.0001,1.6691332409000474,1.2556746176260387,59,8.867463325854276,28.01971060591678,0.09799570193012277,28.117706307846902
1.0,1.0,0.09931333113044369,0.07968451345150927,5.0837781748960887e-08,0.3054780611999616,0.0001,1.6691332329040633,1.2556746424099854,59,8.867463327108814,28.01971060598086,0.09799571189479397,28.11770631787565
1.0,1.0,0.09931331641653124,0.07968450669978921,-9.59281728234605e-09,0.30547810252699475,0.0001,1.6691332485482941,1.2556746194000876,59,8.86746332574559,28.019710606399048,0.09799570735214787,28.1177063137512
1.0,1.0,0.09931332257638738,0.07968450908019667,2.6287356871287256e-08,0.3054780788159049,0.0001,1.669133232357815,1.2556746341370868,59,8.867463326726005,28.019710606580738,0.09799570666009656,28.117706313240838
1.0,1.0,0.09931342991613736,0.07968456453990125,3.0920544766010326e-07,0.3054778900436449,0.0001,1.6691331333817705,1.2556748559454805,59,8.867463334515914,28.019710606911566,0.09799577392296227,28.117706380834523
1.0,1.0,0.0993133158029385,0.07968450608619648,-4.23781049423947e-09,0.30547809947994325,0.0001,1.669133245558092,1.2556746221122013,59,8.867463326092734,28.019710606929657,0.09799570328341148,28.11770631021306
1.0,0.99999999,0.09931308289873121,0.0796843865995955,-6.615954528239614e-07,0.30547857240021625,0.0001,1.6691334972441956,1.255674112145428,59,8.867463306327782,28.019710607104383,0.09799615766970997,28.117706764774095
0.99999999,1.0,0.09931308289873121,0.0796843865995955,-6.615954528239614e-07,0.30547857240021625,0.0001,1.6691334972441956,1.255674112145428,59,8.867463306327782,28.019710607104383,0.09799615766970997,28.117706764774095
1.0,1.0,0.09931331555168768,0.07968450583494566,-2.045069522920586e-09,0.30547809823225214,0.0001,1.6691332443336793,1.2556746232227438,59,8.86746332623488,28.019710607146916,0.09799570161736593,28.117706308764287
1.0,1.0,0.09931331641653124,0.07968450669978921,-2.4493978476193705e-08,0.30547810252699475,0.0001,1.6691332485482941,1.255674600689078,59,8.867463325746677,28.019710607294478,0.09799571682958108,28.117706324124057
1.0,1.0,0.09931333113044369,0.07968451345150927,5.0837781748960887e-08,0.3054780611999616,0.0001,1.6691332229040634,1.2556746524099853,59,8.867463327690754,28.01971060731555,0.09799571189479397,28.117706319210345
1.0,1.0,0.0993133153202021,0.07968450560346008,-2.4825757014960705e-11,0.30547809708271356,0.0001,1.6691332432055879,1.255674624245923,59,8.867463326365845,28.019710607347097,0.09799570008238391,28.117706307429483
1.0,1.0,0.09931331530043686,0.07968450558369483,1.4767144839829814e-10,0.30547809698456097,0.0001,1.6691332431092665,1.2556746243332864,59,8.867463326377027,28.019710607364182,0.09799570008439618,28.117706307448586
1.0,1.0,0.09931331525313596,0.07968450553639393,5.604804324978044e-10,0.3054780967496686,0.0001,1.6691332428787566,1.255674624542359,59,8.867463326403788,28.019710607405095,0.09799570014275079,28.11770630754784
1.0,1.0,0.09931335707879242,0.07968452671169131,1.2531040183272934e-07,0.3054780077627825,0.0001,1.6691331942265293,1.2556746978400088,59,8.867463329722746,28.01971060743295,0.09799572925082949,28.117706336683774
1.0,1.0,0.09931335707879242,0.07968452671169131,1.2531040183272934e-07,0.3054780077627825,0.0001,1.6691331942265293,1.2556746978400088,59,8.867463329722746,28.01971060743295,0.09799572925082949,28.117706336683774
1.0,1.0,0.09931331518934579,0.07968450547260376,1.1171962938671087e-09,0.3054780964328918,0.0001,1.66913324256789,1.2556746248243151,59,8.867463326439879,28.019710607460247,0.09799570022144809,28.1177063076817
1.0,1.0,0.09931331505183355,0.07968450533509153,2.3173066666498317e-09,0.3054780957500172,0.0001,1.6691332418977558,1.2556746254321267,59,8.867463326517676,28.019710607579164,0.09799570039109572,28.117706307970263
1.0,1.0,0.0993133148471027,0.07968450513036067,4.104053898488136e-09,0.3054780947333405,0.0001,1.6691332409000474,1.2556746263370484,59,8.867463326633505,28.019710607756206,0.0979957006436703,28.117706308399885
1.0,1.0,0.0993133158029385,0.07968450608619648,-1.9138971688087126e-08,0.30547809947994325,0.0001,1.669133245558092,1.2556746034011916,59,8.86746332609382,28.019710607825075,0.09799571276084444,28.117706320585917
1.0,1.0,0.09931331555168768,0.07968450583494566,-1.6946230716768242e-08,0.30547809823225214,0.0001,1.6691332443336793,1.2556746045117342,59,8.867463326235965,28.01971060804234,0.09799571109479885,28.117706319137138
1.0,1.0,0.09931335707879242,0.07968452671169131,1.2531040183272934e-07,0.3054780077627825,0.0001,1.6691332042265292,1.2556746978400088,59,8.867463330035338,28.019710608209863,0.09799572777401815,28.117706335983883
1.0,1.0,0.09931335707879242,0.07968452671169131,1.2531040183272934e-07,0.3054780077627825,0.0001,1.6691332042265292,1.2556746978400088,59,8.867463330035338,28.019710608209863,0.09799572777401815,28.117706335983883
1.0,1.0,0.0993133153202021,0.07968450560346008,-1.4925986950862616e-08,0.30547809708271356,0.0001,1.6691332432055879,1.2556746055349133,59,8.867463326366929,28.019710608242516,0.09799570955981678,28.117706317802334
1.0,1.0,0.09931342991613736,0.07968456453990125,3.1920544766010327e-07,0.3054778800436449,0.0001,1.6691331333817705,1.2556748559454805,59,8.867463335566601,28.019710608878164,0.0979957739229623,28.117706382801128
1.0,1.0,0.09931342991613736,0.07968457453990124,3.0920544766010326e-07,0.3054778800436449,0.0001,1.6691331333817705,1.2556748559454805,59,8.86746333557202,28.019710609346724,0.09799577205737944,28.117706381404098
1.0,1.0,0.09931343991613735,0.07968456453990125,3.0920544766010326e-07,0.3054778800436449,0.0001,1.6691331333817705,1.2556748559454805,59,8.86746333557202,28.019710609346724,0.09799577205737944,28.117706381404098
1.0,1.0,0.09931335707879242,0.07968452671169131,1.2531040183272934e-07,0.3054780077627825,0.0001,1.6691331942265293,1.2556747078400088,59,8.86746333061728,28.01971060954455,0.09799572777401815,28.11770633731857
1.0,1.0,0.09931335707879242,0.07968452671169131,1.2531040183272934e-07,0.3054780077627825,0.0001,1.6691331942265293,1.2556747078400088,59,8.86746333061728,28.01971060954455,0.09799572777401815,28.11770633731857
1.0,1.0,0.09931342991613736,0.07968456453990125,3.0920544766010326e-07,0.3054778800436449,0.0001,1.6691331333817705,1.2556748559454805,59,8.867463336690571,28.019710612130556,0.09799576941715891,28.11770638154772
1.0,1.0,0.09931342991613736,0.07968456453990125,3.0920544766010326e-07,0.3054778800436449,0.0001,1.6691331433817704,1.2556748559454805,59,8.867463337003166,28.01971061290748,0.09799576794034953,28.117706380847828
1.0,1.0,0.09931342991613736,0.07968456453990125,3.0920544766010326e-07,0.3054778800436449,0.0001,1.6691331333817705,1.2556748659454804,59,8.867463337585106,28.01971061424217,0.09799576794034953,28.117706382182522
1.0,0.9999999850988388,0.09931333637401167,0.07968452665726965,-1.8376770407257298e-07,0.3054782016342166,0.0001,1.6691333458064566,1.2556745124759126,59,8.867463323998141,28.019710619796466,0.09799584245362347,28.11770646225009
0.9999999850988388,1.0,0.09931333637401167,0.07968452665726965,-1.8376770407257298e-07,0.3054782016342166,0.0001,1.6691333458064566,1.2556745124759126,59,8.867463323998141,28.019710619796466,0.09799584245362347,28.11770646225009
0.99999999,1.0,0.09931331122996695,0.07968450328192403,-6.2772454736005384e-09,0.30547810218235133,0.0001,1.6691332448976248,1.2556745998992305,59,8.86746333207965,28.019710626718513,0.09799570685021618,28.117706333568734
1.0,0.99999999,0.09931331122996695,0.07968450328192403,-6.2772454736005384e-09,0.30547810218235133,0.0001,1.6691332448976248,1.2556745998992305,59,8.86746333207965,28.019710626718517,0.09799570685021618,28.117706333568734
0.99999999,1.0,0.0993133148471027,0.07968450513036067,4.104053898488136e-09,0.3054780947333405,0.0001,1.6691332409000474,1.2556746076260388,59,8.867463332487599,28.01971062702923,0.09799570340693499,28.117706330436167
1.0,0.99999999,0.0993133148471027,0.07968450513036067,4.104053898488136e-09,0.3054780947333405,0.0001,1.6691332409000474,1.2556746076260388,59,8.867463332487599,28.01971062702923,0.09799570340693499,28.117706330436167
1.0,0.99999999,0.09931332257638738,0.07968450908019667,2.6287356871287256e-08,0.3054780788159049,0.0001,1.669133232357815,1.2556746241370869,59,8.867463333359328,28.01971062769319,0.09799570813690867,28.1177063358301
0.99999999,1.0,0.09931332257638738,0.07968450908019667,2.6287356871287256e-08,0.3054780788159049,0.0001,1.669133232357815,1.2556746241370869,59,8.867463333359328,28.01971062769319,0.09799570813690867,28.117706335830096
0.99999999,1.0,0.09931333113044369,0.07968451345150927,5.0837781748960887e-08,0.3054780611999616,0.0001,1.6691332229040634,1.2556746424099854,59,8.867463334324079,28.019710628427998,0.0979957133716059,28.117706341799607
1.0,0.99999999,0.09931333113044369,0.07968451345150927,5.0837781748960887e-08,0.3054780611999616,0.0001,1.6691332229040634,1.2556746424099854,59,8.867463334324079,28.019710628427998,0.0979957133716059,28.117706341799607
1.0,0.99999999,0.09931335707879242,0.07968452671169131,1.2531040183272934e-07,0.3054780077627825,0.0001,1.6691331942265293,1.2556746978400088,59,8.867463337250603,28.019710630657006,0.09799572925082958,28.117706359907835
0.99999999,1.0,0.09931335707879242,0.07968452671169131,1.2531040183272934e-07,0.3054780077627825,0.0001,1.6691331942265293,1.2556746978400088,59,8.867463337250603,28.019710630657006,0.09799572925082958,28.117706359907835
1.0,0.99999999,0.09931335707879242,0.07968452671169131,1.2531040183272934e-07,0.3054780077627825,0.0001,1.6691331942265293,1.2556746978400088,59,8.867463337250603,28.019710630657006,0.09799572925082958,28.117706359907835
0.99999999,1.0,0.09931335707879242,0.07968452671169131,1.2531040183272934e-07,0.3054780077627825,0.0001,1.6691331942265293,1.2556746978400088,59,8.867463337250603,28.019710630657006,0.09799572925082958,28.117706359907835
1.0,1.0,0.09931266409975745,0.07968416681174666,-1.6242785145281077e-06,0.30547922289061,0.00010001,1.669133773107353,1.2556731936147076,59,8.867463285209435,28.019710630663464,0.09799680937195573,28.11770744003541
1.0,1.0,0.09935914467592079,0.07970918221725012,0.0001260351651889313,0.30539184381532103,0.00010001,1.669077897858865,1.255768705725211,59,8.867466736823049,28.01971063450395,0.09802652435284483,28.117737158856805
1.0,1.0,0.09931386064868117,0.07968478824164524,1.3966912827711414e-06,0.3054771347609108,0.0001,1.669132773568851,1.2556757909215157,59,8.867463375720833,28.019710634691183,0.09799601145231143,28.117706646143496
1.0,0.99999999,0.09931342991613736,0.07968456453990125,3.0920544766010326e-07,0.3054778800436449,0.0001,1.6691331333817705,1.2556748559454805,59,8.867463344218429,28.019710635354624,0.09799576941715901,28.117706404771777
0.99999999,1.0,0.09931342991613736,0.07968456453990125,3.0920544766010326e-07,0.3054778800436449,0.0001,1.6691331333817705,1.2556748559454805,59,8.867463344218429,28.019710635354624,0.09799576941715901,28.117706404771777
1.0,1.0,0.09931386064868117,0.07968478824164524,1.4066912827711413e-06,0.3054771247609108,0.0001,1.669132773568851,1.2556757909215157,59,8.867463376771516,28.01971063665778,0.09799601145231143,28.117706648110094
1.0,0.9999999850988388,0.09931331641653124,0.07968450669978921,-9.59281728234605e-09,0.30547810252699475,0.0001,1.6691332485482941,1.255674600689078,59,8.86746333528921,28.019710637054565,0.09799571011541264,28.117706347169978
0.9999999850988388,1.0,0.09931331641653124,0.07968450669978921,-9.59281728234605e-09,0.30547810252699475,0.0001,1.6691332485482941,1.255674600689078,59,8.86746333528921,28.019710637054565,0.09799571011541264,28.117706347169978
1.0,1.0,0.09931386064868117,0.07968479824164523,1.3966912827711414e-06,0.3054771247609108,0.0001,1.669132773568851,1.2556757909215157,59,8.867463376776934,28.019710637126334,0.09799600958673335,28.117706646713078
1.0,1.0,0.09931387064868116,0.07968478824164524,1.3966912827711414e-06,0.3054771247609108,0.0001,1.669132773568851,1.2556757909215157,59,8.867463376776934,28.019710637126334,0.09799600958673335,28.117706646713078
0.9999999850988388,1.0,0.0993133158029385,0.07968450608619648,-4.23781049423947e-09,0.30547809947994325,0.0001,1.669133245558092,1.2556746034011916,59,8.867463335636355,28.019710637585163,0.0979957060466762,28.117706343631838
1.0,0.9999999850988388,0.0993133158029385,0.07968450608619648,-4.23781049423947e-09,0.30547809947994325,0.0001,1.669133245558092,1.2556746034011916,59,8.867463335636355,28.019710637585163,0.0979957060466762,28.117706343631838
1.0,0.9999999850988388,0.09931331555168768,0.07968450583494566,-2.045069522920586e-09,0.30547809823225214,0.0001,1.6691332443336793,1.2556746045117342,59,8.8674633357785,28.019710637802433,0.09799570438063071,28.117706342183062
0.9999999850988388,1.0,0.09931331555168768,0.07968450583494566,-2.045069522920586e-09,0.30547809823225214,0.0001,1.6691332443336793,1.2556746045117342,59,8.8674633357785,28.019710637802433,0.09799570438063071,28.117706342183062
0.9999999850988388,1.0,0.0993133153202021,0.07968450560346008,-2.4825757014960705e-11,0.30547809708271356,0.0001,1.6691332432055879,1.2556746055349133,59,8.867463335909466,28.019710638002607,0.09799570284564868,28.11770634084826
1.0,0.9999999850988388,0.0993133153202021,0.07968450560346008,-2.4825757014960705e-11,0.30547809708271356,0.0001,1.6691332432055879,1.2556746055349133,59,8.867463335909466,28.01971063800261,0.09799570284564868,28.11770634084826
1.0,0.9999999850988388,0.09931331530043686,0.07968450558369483,1.4767144839829814e-10,0.30547809698456097,0.0001,1.6691332431092665,1.2556746056222767,59,8.86746333592065,28.019710638019703,0.09799570284766092,28.11770634086736
0.9999999850988388,1.0,0.09931331530043686,0.07968450558369483,1.4767144839829814e-10,0.30547809698456097,0.0001,1.6691332431092665,1.2556746056222767,59,8.86746333592065,28.019710638019703,0.09799570284766092,28.11770634086736
0.9999999850988388,1.0,0.09931331525313596,0.07968450553639393,5.604804324978044e-10,0.3054780967496686,0.0001,1.6691332428787566,1.2556746058313493,59,8.867463335947408,28.0197106380606,0.09799570290601556,28.11770634096662
1.0,0.9999999850988388,0.09931331525313596,0.07968450553639393,5.604804324978044e-10,0.3054780967496686,0.0001,1.6691332428787566,1.2556746058313493,59,8.867463335947408,28.0197106380606,0.09799570290601556,28.11770634096662
1.0,0.9999999850988388,0.09931331518934579,0.07968450547260376,1.1171962938671087e-09,0.3054780964328918,0.0001,1.66913324256789,1.2556746061133055,59,8.867463335983498,28.019710638115768,0.09799570298471286,28.117706341100472
0.9999999850988388,1.0,0.09931331518934579,0.07968450547260376,1.1171962938671087e-09,0.3054780964328918,0.0001,1.66913324256789,1.2556746061133055,59,8.867463335983498,28.019710638115768,0.09799570298471286,28.117706341100472
1.0,0.9999999850988388,0.09931331505183355,0.07968450533509153,2.3173066666498317e-09,0.3054780957500172,0.0001,1.6691332418977558,1.255674606721117,59,8.867463336061299,28.019710638234677,0.09799570315436046,28.11770634138904
0.9999999850988388,1.0,0.09931331505183355,0.07968450533509153,2.3173066666498317e-09,0.3054780957500172,0.0001,1.6691332418977558,1.255674606721117,59,8.867463336061297,28.019710638234677,0.09799570315436046,28.11770634138904
1.0,0.9999999850988388,0.0993133148471027,0.07968450513036067,4.104053898488136e-09,0.3054780947333405,0.0001,1.6691332409000474,1.2556746076260388,59,8.867463336177126,28.019710638411716,0.09799570340693507,28.117706341818653
0.9999999850988388,1.0,0.0993133148471027,0.07968450513036067,4.104053898488136e-09,0.3054780947333405,0.0001,1.6691332409000474,1.2556746076260388,59,8.867463336177126,28.019710638411723,0.09799570340693507,28.117706341818653
1.0,1.0,0.09931386064868117,0.07968478824164524,1.3966912827711414e-06,0.3054771247609108,0.0001,1.669132773568851,1.2556757909215157,59,8.867463377895486,28.019710639910176,0.09799600694650319,28.11770664685668
1.0,1.0,0.09931386064868117,0.07968478824164524,1.3966912827711414e-06,0.3054771247609108,0.0001,1.669132783568851,1.2556757909215157,59,8.86746337820808,28.019710640687098,0.09799600546970509,28.117706646156805
1.0,1.0,0.09931386064868117,0.07968478824164524,1.3966912827711414e-06,0.3054771247609108,0.0001,1.669132773568851,1.2556758009215157,59,8.867463378790015,28.019710642021778,0.09799600546970509,28.117706647491485
1.0,1.0,0.09931289971262934,0.07968428917772784,-1.0294182829654218e-06,0.30547880974714864,0.00010001,1.669133576287873,1.25567370505131,59,8.867463307749057,28.01971064585963,0.0979964032324193,28.117707049092047
1.0,1.0,0.09931308289873121,0.0796843865995955,-6.615954528239614e-07,0.30547857240021625,0.00010001,1.6691334972441956,1.255674112145428,59,8.867463320579365,28.019710651805006,0.097996156192893,28.11770680799789
0.99999999,1.0,0.09931386064868117,0.07968478824164524,1.3966912827711414e-06,0.3054771247609108,0.0001,1.669132773568851,1.2556757909215157,59,8.867463385423342,28.01971066313423,0.09799600694650328,28.117706670080736
1.0,0.99999999,0.09931386064868117,0.07968478824164524,1.3966912827711414e-06,0.3054771247609108,0.0001,1.669132773568851,1.2556757909215157,59,8.867463385423342,28.01971066313423,0.09799600694650328,28.117706670080732
1.0,1.0,0.09931331122996695,0.07968450328192403,-6.2772454736005384e-09,0.30547810218235133,0.00010001,1.6691332448976248,1.2556745998992305,59,8.86746334633123,28.019710671419126,0.09799570537340382,28.11770637679253
1.0,1.0,0.0993133148471027,0.07968450513036067,4.104053898488136e-09,0.3054780947333405,0.00010001,1.6691332409000474,1.2556746076260388,59,8.867463346739179,28.019710671729843,0.09799570193012277,28.117706373659964
1.0,1.0,0.09931332257638738,0.07968450908019667,2.6287356871287256e-08,0.3054780788159049,0.00010001,1.669133232357815,1.2556746241370869,59,8.867463347610906,28.019710672393803,0.09799570666009656,28.1177063790539
1.0,1.0,0.09931333113044369,0.07968451345150927,5.0837781748960887e-08,0.3054780611999616,0.00010001,1.6691332229040634,1.2556746424099854,59,8.867463348575658,28.019710673128607,0.09799571189479397,28.117706385023403
1.0,1.0,0.09931335707879242,0.07968452671169131,1.2531040183272934e-07,0.3054780077627825,0.00010001,1.6691331942265293,1.2556746978400088,59,8.867463351502181,28.01971067535761,0.09799572777401815,28.117706403131628
1.0,1.0,0.09931335707879242,0.07968452671169131,1.2531040183272934e-07,0.3054780077627825,0.00010001,1.6691331942265293,1.2556746978400088,59,8.867463351502181,28.01971067535761,0.09799572777401815,28.117706403131628
1.0,1.0,0.09931342991613736,0.07968456453990125,3.0920544766010326e-07,0.3054778800436449,0.00010001,1.6691331333817705,1.2556748559454805,59,8.867463358470006,28.019710680055223,0.09799576794034953,28.117706447995573
1.0,1.0,0.09931333637401167,0.07968452665726965,-1.8376770407257298e-07,0.3054782016342166,0.00010001490116119385,1.6691333458064566,1.2556745124759126,59,8.867463345234652,28.01971068640557,0.09799584025300195,28.117706526658573
1.0,1.0,0.09931331641653124,0.07968450669978921,-9.59281728234605e-09,0.30547810252699475,0.00010001490116119385,1.6691332485482941,1.255674600689078,59,8.86746335652572,28.019710703663666,0.09799570791479084,28.117706411578453
1.0,1.0,0.0993133158029385,0.07968450608619648,-4.23781049423947e-09,0.30547809947994325,0.00010001490116119385,1.669133245558092,1.2556746034011916,59,8.867463356872863,28.019710704194264,0.09799570384605444,28.117706408040316
1.0,1.0,0.09931331555168768,0.07968450583494566,-2.045069522920586e-09,0.30547809823225214,0.00010001490116119385,1.6691332443336793,1.2556746045117342,59,8.86746335701501,28.01971070441153,0.0979957021800089,28.117706406591537
1.0,1.0,0.0993133153202021,0.07968450560346008,-2.4825757014960705e-11,0.30547809708271356,0.00010001490116119385,1.6691332432055879,1.2556746055349133,59,8.867463357145974,28.019710704611708,0.0979957006450269,28.117706405256737
1.0,1.0,0.09931331530043686,0.07968450558369483,1.4767144839829814e-10,0.30547809698456097,0.00010001490116119385,1.6691332431092665,1.2556746056222767,59,8.867463357157158,28.0197107046288,0.09799570064703915,28.11770640527584
1.0,1.0,0.09931331525313596,0.07968450553639393,5.604804324978044e-10,0.3054780967496686,0.00010001490116119385,1.6691332428787566,1.2556746058313493,59,8.867463357183917,28.019710704669706,0.09799570070539379,28.1177064053751
1.0,1.0,0.09931331518934579,0.07968450547260376,1.1171962938671087e-09,0.3054780964328918,0.00010001490116119385,1.66913324256789,1.2556746061133055,59,8.867463357220007,28.019710704724865,0.09799570078409109,28.117706405508958
1.0,1.0,0.09931331505183355,0.07968450533509153,2.3173066666498317e-09,0.3054780957500172,0.00010001490116119385,1.6691332418977558,1.255674606721117,59,8.867463357297805,28.019710704843778,0.09799570095373869,28.11770640579752
1.0,1.0,0.0993133148471027,0.07968450513036067,4.104053898488136e-09,0.3054780947333405,0.00010001490116119385,1.6691332409000474,1.2556746076260388,59,8.867463357413634,28.01971070502082,0.09799570120631328,28.117706406227132
1.0,1.0,0.09931386064868117,0.07968478824164524,1.3966912827711414e-06,0.3054771247609108,0.00010001,1.669132773568851,1.2556757909215157,59,8.867463399674914,28.019710707834825,0.09799600546970509,28.117706713304532
1.0,1.0,0.09931662740964448,0.07968622516407337,8.38203148982449e-06,0.3054722832891217,0.0001,1.669130462351939,1.25568179663256,59,8.867463640388756,28.019710813117662,0.09799753722922469,28.117708350346888
1.0,1.0,0.09931662740964448,0.07968622516407337,8.39203148982449e-06,0.3054722732891217,0.0001,1.669130462351939,1.25568179663256,59,8.867463641439432,28.01971081508425,0.09799753722922469,28.11770835231347
1.0,1.0,0.09931663740964447,0.07968622516407337,8.38203148982449e-06,0.3054722732891217,0.0001,1.669130462351939,1.25568179663256,59,8.867463641444838,28.019710815552763,0.09799753536367713,28.11770835091644
1.0,1.0,0.09931662740964448,0.07968623516407336,8.38203148982449e-06,0.3054722732891217,0.0001,1.669130462351939,1.25568179663256,59,8.867463641444838,28.019710815552763,0.09799753536367713,28.11770835091644
1.0,1.0,0.09931662740964448,0.07968622516407337,8.38203148982449e-06,0.3054722732891217,0.0001,1.669130462351939,1.25568179663256,59,8.867463642563392,28.019710818336616,0.09799753272338498,28.11770835106
1.0,1.0,0.09931662740964448,0.07968622516407337,8.38203148982449e-06,0.3054722732891217,0.0001,1.669130472351939,1.25568179663256,59,8.867463642875993,28.019710819113563,0.09799753124665951,28.11770835036022
1.0,1.0,0.09931662740964448,0.07968622516407337,8.38203148982449e-06,0.3054722732891217,0.0001,1.669130462351939,1.25568180663256,59,8.86746364345791,28.0197108204482,0.09799753124665951,28.11770835169486
0.99999999,1.0,0.09931662740964448,0.07968622516407337,8.38203148982449e-06,0.3054722732891217,0.0001,1.669130462351939,1.25568179663256,59,8.867463650091235,28.019710841560638,0.09799753272338504,28.117708374284028
1.0,0.99999999,0.09931662740964448,0.07968622516407337,8.38203148982449e-06,0.3054722732891217,0.0001,1.669130462351939,1.25568179663256,59,8.867463650091235,28.019710841560638,0.09799753272338504,28.117708374284028
1.0,1.0,0.0993225933187568,0.07968941666137087,2.454028186377194e-05,0.3054611974520269,0.0001,1.6691236663313598,1.255694174481683,59,8.867464105470894,28.019710879839,0.09800141642871524,28.11771229626772
1.0,1.0,0.0993225933187568,0.07968941666137087,2.455028186377194e-05,0.3054611874520269,0.0001,1.6691236663313598,1.255694174481683,59,8.86746410652156,28.019710881805572,0.09800141642871524,28.117712298234284
1.0,1.0,0.0993225933187568,0.07968942666137087,2.454028186377194e-05,0.3054611874520269,0.0001,1.6691236663313598,1.255694174481683,59,8.86746410652693,28.01971088227399,0.0980014145632279,28.117712296837226
1.0,1.0,0.0993226033187568,0.07968941666137087,2.454028186377194e-05,0.3054611874520269,0.0001,1.6691236663313598,1.255694174481683,59,8.86746410652693,28.01971088227399,0.0980014145632279,28.117712296837222
1.0,1.0,0.0993225933187568,0.07968941666137087,2.454028186377194e-05,0.3054611874520269,0.0001,1.6691236663313598,1.255694174481683,59,8.867464107645498,28.01971088505788,0.09800141192280071,28.117712296980677
1.0,1.0,0.0993225933187568,0.07968941666137087,2.454028186377194e-05,0.3054611874520269,0.0001,1.6691236763313597,1.255694174481683,59,8.86746410795812,28.01971088583487,0.098001410446185,28.117712296281052
1.0,1.0,0.09931662740964448,0.07968622516407337,8.38203148982449e-06,0.3054722732891217,0.00010001,1.669130462351939,1.25568179663256,59,8.86746366434279,28.019710886261162,0.09799753124665951,28.117708417507824
1.0,1.0,0.0993225933187568,0.07968941666137087,2.454028186377194e-05,0.3054611874520269,0.0001,1.6691236663313598,1.255694184481683,59,8.867464108539991,28.019710887169417,0.098001410446185,28.117712297615597
1.0,0.99999999,0.0993225933187568,0.07968941666137087,2.454028186377194e-05,0.3054611874520269,0.0001,1.6691236663313598,1.255694174481683,59,8.867464115173316,28.019710908281827,0.09800141192280079,28.117712320204628
0.99999999,1.0,0.0993225933187568,0.07968941666137087,2.454028186377194e-05,0.3054611874520269,0.0001,1.6691236663313598,1.255694174481683,59,8.867464115173316,28.019710908281827,0.09800141192280079,28.117712320204628
1.0,1.0,0.0993182451555872,0.07968706534342349,1.246641244223481e-05,0.30546944659708103,0.0001,1.6691291109660291,1.2556853082169737,59,8.86746379513637,28.01971091743476,0.09799842939008417,28.11770934682485
1.0,1.0,0.0993182451555872,0.07968706534342349,1.246641244223481e-05,0.30546944659708103,0.0001,1.6691291109660291,1.2556853082169737,59,8.86746379513637,28.01971091743476,0.09799842939008417,28.11770934682485
1.0,1.0,0.0993182451555872,0.07968706534342349,1.247641244223481e-05,0.30546943659708103,0.0001,1.6691291109660291,1.2556853082169737,59,8.867463796187044,28.019710919401344,0.09799842939008417,28.117709348791433
1.0,1.0,0.0993182451555872,0.07968706534342349,1.247641244223481e-05,0.30546943659708103,0.0001,1.6691291109660291,1.2556853082169737,59,8.867463796187044,28.019710919401344,0.09799842939008417,28.117709348791433
1.0,1.0,0.0993182451555872,0.07968707534342348,1.246641244223481e-05,0.30546943659708103,0.0001,1.6691291109660291,1.2556853082169737,59,8.86746379619244,28.019710919869837,0.09799842752455445,28.117709347394396
1.0,1.0,0.09931825515558719,0.07968706534342349,1.246641244223481e-05,0.30546943659708103,0.0001,1.6691291109660291,1.2556853082169737,59,8.867463796192439,28.019710919869837,0.09799842752455445,28.117709347394396
1.0,1.0,0.0993182451555872,0.07968707534342348,1.246641244223481e-05,0.30546943659708103,0.0001,1.6691291109660291,1.2556853082169737,59,8.86746379619244,28.019710919869837,0.09799842752455445,28.117709347394396
1.0,1.0,0.09931825515558719,0.07968706534342349,1.246641244223481e-05,0.30546943659708103,0.0001,1.6691291109660291,1.2556853082169737,59,8.867463796192439,28.019710919869837,0.09799842752455445,28.117709347394396
1.0,1.0,0.0993182451555872,0.07968706534342349,1.246641244223481e-05,0.30546943659708103,0.0001,1.6691291109660291,1.2556853082169737,59,8.867463797310997,28.019710922653697,0.09799842488422605,28.117709347537925
1.0,1.0,0.0993182451555872,0.07968706534342349,1.246641244223481e-05,0.30546943659708103,0.0001,1.6691291109660291,1.2556853082169737,59,8.867463797310997,28.019710922653697,0.09799842488422605,28.117709347537925
1.0,1.0,0.0993182451555872,0.07968706534342349,1.246641244223481e-05,0.30546943659708103,0.0001,1.669129120966029,1.2556853082169737,59,8.867463797623605,28.01971092343065,0.0979984234075431,28.117709346838193
1.0,1.0,0.0993182451555872,0.07968706534342349,1.246641244223481e-05,0.30546943659708103,0.0001,1.669129120966029,1.2556853082169737,59,8.867463797623605,28.01971092343065,0.0979984234075431,28.117709346838193
1.0,1.0,0.0993182451555872,0.07968706534342349,1.246641244223481e-05,0.30546943659708103,0.0001,1.6691291109660291,1.2556853182169736,59,8.86746379820551,28.019710924765263,0.0979984234075431,28.117709348172806
1.0,1.0,0.0993182451555872,0.07968706534342349,1.246641244223481e-05,0.30546943659708103,0.0001,1.6691291109660291,1.2556853182169736,59,8.86746379820551,28.019710924765263,0.0979984234075431,28.117709348172806
1.0,0.99999999,0.0993182451555872,0.07968706534342349,1.246641244223481e-05,0.30546943659708103,0.0001,1.6691291109660291,1.2556853082169737,59,8.867463804838835,28.0197109458777,0.09799842488422611,28.117709370761922
1.0,0.99999999,0.0993182451555872,0.07968706534342349,1.246641244223481e-05,0.30546943659708103,0.0001,1.6691291109660291,1.2556853082169737,59,8.867463804838835,28.0197109458777,0.09799842488422611,28.117709370761922
0.99999999,1.0,0.0993182451555872,0.07968706534342349,1.246641244223481e-05,0.30546943659708103,0.0001,1.6691291109660291,1.2556853082169737,59,8.867463804838835,28.0197109458777,0.09799842488422611,28.117709370761926
0.99999999,1.0,0.0993182451555872,0.07968706534342349,1.246641244223481e-05,0.30546943659708103,0.0001,1.6691291109660291,1.2556853082169737,59,8.867463804838835,28.0197109458777,0.09799842488422611,28.117709370761926
1.0,1.0,0.0993225933187568,0.07968941666137087,2.454028186377194e-05,0.3054611874520269,0.00010001,1.6691236663313598,1.255694174481683,59,8.867464129424818,28.019710952982205,0.098001410446185,28.11771236342839
1.0,1.0,0.0993182451555872,0.07968706534342349,1.246641244223481e-05,0.30546943659708103,0.00010001,1.6691291109660291,1.2556853082169737,59,8.867463819090375,28.01971099057819,0.0979984234075431,28.11770941398573
1.0,1.0,0.0993182451555872,0.07968706534342349,1.246641244223481e-05,0.30546943659708103,0.00010001,1.6691291109660291,1.2556853082169737,59,8.867463819090375,28.01971099057819,0.0979984234075431,28.11770941398573
1.0,1.0,0.09930827746008758,0.07968167520041179,-1.5211632102482607e-05,0.30548835687317333,0.0001,1.6691415922042843,1.2556649832605744,59,8.867463083601649,28.01971100338608,0.09800529092472138,28.117716294310803
1.0,1.0,0.09930827746008758,0.07968167520041179,-1.5201632102482607e-05,0.30548834687317333,0.0001,1.6691415922042843,1.2556649832605744,59,8.86746308465234,28.01971100535269,0.0980052819123664,28.11771628726506
1.0,1.0,0.09930827746008758,0.07968168520041179,-1.5211632102482607e-05,0.30548834687317333,0.0001,1.6691415922042843,1.2556649832605744,59,8.867463084657794,28.019711005821335,0.09800528905864572,28.117716294879987
1.0,1.0,0.09930828746008757,0.07968167520041179,-1.5211632102482607e-05,0.30548834687317333,0.0001,1.6691415922042843,1.2556649832605744,59,8.867463084657794,28.019711005821335,0.09800528905864572,28.117716294879987
1.0,1.0,0.09930827746008758,0.07968167520041179,-1.5211632102482607e-05,0.30548834687317333,0.0001,1.6691415922042843,1.2556649832605744,59,8.867463085776329,28.019711008605142,0.09800528641854386,28.117716295023683
1.0,1.0,0.09930827746008758,0.07968167520041179,-1.5211632102482607e-05,0.30548834687317333,0.0001,1.6691416022042842,1.2556649832605744,59,8.867463086088904,28.019711009382007,0.0980052849417066,28.11771629432372
1.0,1.0,0.09930827746008758,0.07968167520041179,-1.5211632102482607e-05,0.30548834687317333,0.0001,1.6691415922042843,1.2556649932605743,59,8.867463086670885,28.019711010716783,0.0980052849417066,28.11771629565849
1.0,0.99999999,0.09930827746008758,0.07968167520041179,-1.5211632102482607e-05,0.30548834687317333,0.0001,1.6691415922042843,1.2556649832605744,59,8.867463093304213,28.019711031829264,0.09800528641854389,28.117716318247812
0.99999999,1.0,0.09930827746008758,0.07968167520041179,-1.5211632102482607e-05,0.30548834687317333,0.0001,1.6691415922042843,1.2556649832605744,59,8.867463093304213,28.019711031829264,0.09800528641854389,28.117716318247812
1.0,1.0,0.09930314258664838,0.07967889846007245,-2.947001868612494e-05,0.3054980985305542,0.0001,1.6691480219330823,1.25565451282849,59,8.867462716984836,28.019711047537445,0.09801461425745112,28.1177256617949
1.0,1.0,0.09930314258664838,0.07967889846007245,-2.946001868612494e-05,0.3054980885305542,0.0001,1.6691480219330823,1.25565451282849,59,8.86746271803554,28.019711049504075,0.09801460524438814,28.117725654748465
1.0,1.0,0.09930315258664837,0.07967889846007245,-2.947001868612494e-05,0.3054980885305542,0.0001,1.6691480219330823,1.25565451282849,59,8.867462718041022,28.019711049972802,0.09801461239090473,28.117725662363707
1.0,1.0,0.09930314258664838,0.07967890846007245,-2.947001868612494e-05,0.3054980885305542,0.0001,1.6691480219330823,1.25565451282849,59,8.867462718041022,28.019711049972802,0.09801461239090473,28.11772566236371
1.0,1.0,0.09930314258664838,0.07967889846007245,-2.947001868612494e-05,0.3054980885305542,0.0001,1.6691480219330823,1.25565451282849,59,8.867462719159542,28.01971105275657,0.09801460975091954,28.117725662507493
1.0,1.0,0.09930314258664838,0.07967889846007245,-2.947001868612494e-05,0.3054980885305542,0.0001,1.6691480319330823,1.25565451282849,59,8.8674627194721,28.019711053533396,0.09801460827400282,28.1177256618074
1.0,1.0,0.09930314258664838,0.07967889846007245,-2.947001868612494e-05,0.3054980885305542,0.0001,1.6691480219330823,1.2556545228284899,59,8.867462720054121,28.019711054868246,0.09801460827400282,28.117725663142252
1.0,0.99999999,0.09930314258664838,0.07967889846007245,-2.947001868612494e-05,0.3054980885305542,0.0001,1.6691480219330823,1.25565451282849,59,8.867462726687451,28.019711075980762,0.09801460975091962,28.11772568573168
0.99999999,1.0,0.09930314258664838,0.07967889846007245,-2.947001868612494e-05,0.3054980885305542,0.0001,1.6691480219330823,1.25565451282849,59,8.867462726687451,28.019711075980762,0.09801460975091962,28.117725685731674
1.0,1.0,0.09930827746008758,0.07968167520041179,-1.5211632102482607e-05,0.30548834687317333,0.00010001,1.6691415922042843,1.2556649832605744,59,8.867463107555839,28.019711076530015,0.0980052849417066,28.117716361471718
1.0,1.0,0.09930314258664838,0.07967889846007245,-2.947001868612494e-05,0.3054980885305542,0.00010001,1.6691480219330823,1.25565451282849,59,8.867462740939121,28.01971112068164,0.09801460827400282,28.117725728955648
1.0,1.0,0.09906530482422043,0.07955028502549116,-0.0006898918968573518,0.305949313934643,0.0001,1.6694458349811465,1.2551695419391147,59,8.86744568484824,28.019712998249776,0.09844752103850843,28.11816051928828
1.0,1.0,0.09906530482422043,0.07955028502549116,-0.0006898818968573518,0.305949303934643,0.0001,1.6694458349811465,1.2551695419391147,59,8.867445685899455,28.019713000217134,0.09844751199265217,28.118160512209784
1.0,1.0,0.09906531482422043,0.07955028502549116,-0.0006898918968573518,0.305949303934643,0.0001,1.6694458349811465,1.2551695419391147,59,8.867445685906317,28.019713000689553,0.09844751915016026,28.118160519839712
1.0,1.0,0.09906530482422043,0.07955029502549116,-0.0006898918968573518,0.305949303934643,0.0001,1.6694458349811465,1.2551695419391147,59,8.867445685906317,28.019713000689553,0.09844751915016026,28.118160519839712
1.0,1.0,0.09906530482422043,0.07955028502549116,-0.0006898918968573518,0.305949303934643,0.0001,1.6694458349811465,1.2551695419391147,59,8.867445687024262,28.01971300347187,0.09844751651558023,28.11816051998745
1.0,1.0,0.09906530482422043,0.07955028502549116,-0.0006898918968573518,0.305949303934643,0.0001,1.6694458449811465,1.2551695419391147,59,8.867445687336012,28.019713004246682,0.09844751503498271,28.11816051928167
1.0,1.0,0.09906530482422043,0.07955028502549116,-0.0006898918968573518,0.305949303934643,0.0001,1.6694458349811465,1.2551695519391146,59,8.867445687919844,28.01971300558532,0.09844751503498271,28.118160520620307
1.0,0.99999999,0.09906530482422043,0.07955028502549116,-0.0006898918968573518,0.305949303934643,0.0001,1.6694458349811465,1.2551695419391147,59,8.867445694553284,28.019713026698994,0.0984475165155803,28.11816054321458
0.99999999,1.0,0.09906530482422043,0.07955028502549116,-0.0006898918968573518,0.305949303934643,0.0001,1.6694458349811465,1.2551695419391147,59,8.867445694553284,28.019713026699,0.0984475165155803,28.11816054321458
1.0,1.0,0.09906530482422043,0.07955028502549116,-0.0006898918968573518,0.305949303934643,0.00010001,1.6694458349811465,1.2551695419391147,59,8.867445708807008,28.01971307140606,0.09844751503498271,28.118160586441046
1.0,1.0,0.09893276226642897,0.07947861115246221,-0.0010579327161985368,0.3062007678802331,0.0001,1.6696118006492187,1.254899276689913,59,8.867436149728473,28.019714005277372,0.0986896786846495,28.118403683962022
1.0,1.0,0.09893276226642897,0.07947861115246221,-0.0010579227161985369,0.3062007578802331,0.0001,1.6696118006492187,1.254899276689913,59,8.86743615077997,28.01971400724513,0.09868966962051813,28.11840367686565
1.0,1.0,0.09893277226642896,0.07947861115246221,-0.0010579327161985368,0.3062007578802331,0.0001,1.6696118006492187,1.254899276689913,59,8.867436150787597,28.01971400771962,0.09868967678415157,28.118403684503775
1.0,1.0,0.09893276226642897,0.07947862115246221,-0.0010579327161985368,0.3062007578802331,0.0001,1.6696118006492187,1.254899276689913,59,8.867436150787597,28.01971400771962,0.09868967678415157,28.118403684503775
1.0,1.0,0.09893276226642897,0.07947861115246221,-0.0010579327161985368,0.3062007578802331,0.0001,1.6696118006492187,1.254899276689913,59,8.867436151905224,28.019714010501126,0.09868967415258376,28.118403684653707
1.0,1.0,0.09893276226642897,0.07947861115246221,-0.0010579327161985368,0.3062007578802331,0.0001,1.6696118106492186,1.254899276689913,59,8.867436152216527,28.01971401127483,0.09868967266993503,28.118403683944756
1.0,1.0,0.09893276226642897,0.07947861115246221,-0.0010579327161985368,0.3062007578802331,0.0001,1.6696118006492187,1.254899286689913,59,8.86743615280137,28.01971401261556,0.09868967266993503,28.118403685285493
0.99999999,1.0,0.09893276226642897,0.07947861115246221,-0.0010579327161985368,0.3062007578802331,0.0001,1.6696118006492187,1.254899276689913,59,8.86743615943487,28.019714033729898,0.09868967415258381,28.118403707882486
1.0,0.99999999,0.09893276226642897,0.07947861115246221,-0.0010579327161985368,0.3062007578802331,0.0001,1.6696118006492187,1.254899276689913,59,8.86743615943487,28.019714033729898,0.09868967415258381,28.118403707882486
1.0,1.0,0.09893276226642897,0.07947861115246221,-0.0010579327161985368,0.3062007578802331,0.00010001,1.6696118006492187,1.254899276689913,59,8.867436173689736,28.019714078440412,0.09868967266993503,28.118403751110346
1.0,1.0,0.09871311072214531,0.07935983211908662,-0.0016678555641860206,0.3066174811863999,0.0001,1.6698868414806127,1.2544513890050626,59,8.867420279567307,28.019715548056535,0.09909241492642497,28.118807962982956
1.0,1.0,0.09871311072214531,0.07935983211908662,-0.0016678455641860206,0.3066174711863999,0.0001,1.6698868414806127,1.2544513890050626,59,8.867420280619271,28.019715550024966,0.09909240583200787,28.118807955856973
1.0,1.0,0.09871311072214531,0.07935984211908662,-0.0016678555641860206,0.3066174711863999,0.0001,1.6698868414806127,1.2544513890050626,59,8.867420280628174,28.019715550502873,0.09909241300579233,28.11880796350867
1.0,1.0,0.0987131207221453,0.07935983211908662,-0.0016678555641860206,0.3066174711863999,0.0001,1.6698868414806127,1.2544513890050626,59,8.867420280628174,28.019715550502873,0.09909241300579233,28.11880796350867
1.0,1.0,0.09871311072214531,0.07935983211908662,-0.0016678555641860206,0.3066174711863999,0.0001,1.6698868414806127,1.2544513890050626,59,8.867420281745265,28.019715553283035,0.09909241037921634,28.11880796366225
1.0,1.0,0.09871311072214531,0.07935983211908662,-0.0016678555641860206,0.3066174711863999,0.0001,1.6698868514806127,1.2544513890050626,59,8.867420282055825,28.01971555405488,0.09909240889316828,28.118807962948047
1.0,1.0,0.09871311072214531,0.07935983211908662,-0.0016678555641860206,0.3066174711863999,0.0001,1.6698868414806127,1.2544513990050625,59,8.867420282642342,28.0197155553991,0.09909240889316828,28.11880796429227
1.0,0.99999999,0.09871311072214531,0.07935983211908662,-0.0016678555641860206,0.3066174711863999,0.0001,1.6698868414806127,1.2544513890050626,59,8.867420289275946,28.01971557651453,0.09909241037921641,28.11880798689375
0.99999999,1.0,0.09871311072214531,0.07935983211908662,-0.0016678555641860206,0.3066174711863999,0.0001,1.6698868414806127,1.2544513890050626,59,8.867420289275946,28.01971557651453,0.09909241037921641,28.11880798689375
1.0,1.0,0.09871311072214531,0.07935983211908662,-0.0016678555641860206,0.3066174711863999,0.00010001,1.6698868414806127,1.2544513890050626,59,8.867420303532711,28.019715621230763,0.09909240889316828,28.118808030123933
1.0,1.0,0.09908427680181724,0.07956811615854462,-0.0005867937736119544,0.30574888907497466,0.0001,1.6694643262095268,1.2553103242583985,59,8.867486764704065,28.01980503878763,0.09829644772798152,28.118101486515613
1.0,1.0,0.09908427680181724,0.07956811615854462,-0.0005867837736119543,0.30574887907497467,0.0001,1.6694643262095268,1.2553103242583985,59,8.867486765755135,28.01980504075481,0.09829643869107915,28.118101479445883
1.0,1.0,0.09908427680181724,0.07956812615854461,-0.0005867937736119544,0.30574887907497467,0.0001,1.6694643262095268,1.2553103242583985,59,8.867486765761777,28.019805041226604,0.09829644584465319,28.118101487071257
1.0,1.0,0.09908428680181723,0.07956811615854462,-0.0005867937736119544,0.30574887907497467,0.0001,1.6694643262095268,1.2553103242583985,59,8.867486765761777,28.019805041226604,0.09829644584465319,28.118101487071257
1.0,1.0,0.09908427680181724,0.07956811615854462,-0.0005867937736119544,0.30574887907497467,0.0001,1.6694643262095268,1.2553103242583985,59,8.867486766879717,28.019805044008905,0.0982964432095303,28.118101487218443
1.0,1.0,0.09908427680181724,0.07956811615854462,-0.0005867937736119544,0.30574887907497467,0.0001,1.6694643362095267,1.2553103242583985,59,8.86748676719153,28.019805044783876,0.09829644173206516,28.118101486515947
1.0,1.0,0.09908427680181724,0.07956811615854462,-0.0005867937736119544,0.30574887907497467,0.0001,1.6694643262095268,1.2553103342583984,59,8.867486767774698,28.019805046121043,0.09829644173206516,28.118101487853107
1.0,0.99999999,0.09908427680181724,0.07956811615854462,-0.0005867937736119544,0.30574887907497467,0.0001,1.6694643262095268,1.2553103242583985,59,8.867486774408514,28.019805067235254,0.09829644320953036,28.11810151044478
0.99999999,1.0,0.09908427680181724,0.07956811615854462,-0.0005867937736119544,0.30574887907497467,0.0001,1.6694643262095268,1.2553103242583985,59,8.867486774408514,28.019805067235254,0.09829644320953036,28.11810151044478
1.0,1.0,0.09908427680181724,0.07956811615854462,-0.0005867937736119544,0.30574887907497467,0.00010001,1.6694643262095268,1.2553103242583985,59,8.867486788661886,28.0198051119406,0.09829644173206516,28.11810155367267
1.0,1.0,0.029854032607190384,0.04366143109790336,-0.18263373442058284,0.40385603628230565,0.0001,1.764690917475372,1.1347789775605528,59,8.867848982345276,28.03446784528082,0.2675819987754334,28.302049844056253
1.0,1.0,0.029854032607190384,0.04366143109790336,-0.18263372442058284,0.40385602628230566,0.0001,1.764690917475372,1.1347789775605528,59,8.867848983505965,28.034467847379318,0.26758198147398565,28.302049828853306
1.0,1.0,0.029854032607190384,0.04366144109790336,-0.18263373442058284,0.40385602628230566,0.0001,1.764690917475372,1.1347789775605528,59,8.867848983913996,28.034467848914325,0.2675819912090627,28.30204984012338
1.0,1.0,0.029854042607190386,0.04366143109790336,-0.18263373442058284,0.40385602628230566,0.0001,1.764690917475372,1.1347789775605528,59,8.867848983913996,28.034467848914325,0.2675819912090627,28.30204984012338
1.0,1.0,0.029854032607190384,0.04366143109790336,-0.18263373442058284,0.40385602628230566,0.0001,1.764690917475372,1.1347789775605528,59,8.867848984863196,28.03446785127238,0.2675819901247095,28.30204984139709
1.0,1.0,0.029854032607190384,0.04366143109790336,-0.18263373442058284,0.40385602628230566,0.0001,1.764690927475372,1.1347789775605528,59,8.86784898497143,28.03446785154096,0.26758198814958417,28.302049839690543
1.0,1.0,0.029854032607190384,0.04366143109790336,-0.18263373442058284,0.40385602628230566,0.0001,1.764690917475372,1.1347789875605527,59,8.867848985946196,28.034467853624523,0.26758198814958417,28.302049841774103
1.0,0.99999999,0.029854032607190384,0.04366143109790336,-0.18263373442058284,0.40385602628230566,0.0001,1.764690917475372,1.1347789775605528,59,8.86784899274547,28.034467875390334,0.26758199012470957,28.302049865515038
0.99999999,1.0,0.029854032607190384,0.04366143109790336,-0.18263373442058284,0.40385602628230566,0.0001,1.764690917475372,1.1347789775605528,59,8.867848992745472,28.034467875390334,0.26758199012470957,28.302049865515038
1.0,1.0,0.029854032607190384,0.04366143109790336,-0.18263373442058284,0.40385602628230566,0.00010001,1.764690917475372,1.1347789775605528,59,8.86784900764997,28.034467921946316,0.26758198814958417,28.302049910095896
1.0,1.0,0.14939134993008485,0.1283973977553233,0.021401069445554744,0.19796380367896071,0.0001,1.6740864594358382,1.2753896239638354,59,8.878858327992031,28.044967564265768,0.09489975290329686,28.139867317169063
1.0,1.0,0.14939134993008485,0.1283973977553233,0.021401079445554746,0.19796379367896072,0.0001,1.6740864594358382,1.2753896239638354,59,8.878858329028516,28.04496756623289,0.09489975290329686,28.139867319136187
1.0,1.0,0.14939135993008484,0.1283973977553233,0.021401069445554744,0.19796379367896072,0.0001,1.6740864594358382,1.2753896239638354,59,8.878858329006196,28.044967566614584,0.09489975376504911,28.139867320379633
1.0,1.0,0.14939134993008485,0.1283974077553233,0.021401069445554744,0.19796379367896072,0.0001,1.6740864594358382,1.2753896239638354,59,8.878858329006196,28.044967566614584,0.09489975376504911,28.139867320379633
1.0,1.0,0.14939134993008485,0.1283973977553233,0.021401069445554744,0.19796379367896072,0.0001,1.6740864594358382,1.2753896239638354,59,8.878858330119234,28.044967569389676,0.09489974966766503,28.139867319057338
1.0,1.0,0.14939134993008485,0.1283973977553233,0.021401069445554744,0.19796379367896072,0.0001,1.6740864694358382,1.2753896239638354,59,8.878858330601618,28.044967570590995,0.09489974867599477,28.13986731926699
1.0,1.0,0.14939134993008485,0.1283973977553233,0.021401069445554744,0.19796379367896072,0.0001,1.6740864594358382,1.2753896339638353,59,8.878858330713111,28.04496757081344,0.09489974867599477,28.13986731948944
1.0,0.99999999,0.14939134993008485,0.1283973977553233,0.021401069445554744,0.19796379367896072,0.0001,1.6740864594358382,1.2753896239638354,59,8.878858337570652,28.044967592354094,0.09489974966766508,28.139867342021756
0.99999999,1.0,0.14939134993008485,0.1283973977553233,0.021401069445554744,0.19796379367896072,0.0001,1.6740864594358382,1.2753896239638354,59,8.878858337570652,28.044967592354094,0.09489974966766508,28.139867342021756
1.0,1.0,0.14939134993008485,0.1283973977553233,0.021401069445554744,0.19796379367896072,0.00010001,1.6740864594358382,1.2753896239638354,59,8.878858351678181,28.04496763644687,0.09489974867599477,28.139867385122866
1.0,1.0,-0.20006549482017488,-0.07330471034836152,-0.8592270830540146,0.9220090053831789,0.0001,2.0,0.6161512751222167,59,8.832489079222942,28.062835998541395,2.539864487085449,30.60270048562684
1.0,1.0,-0.20006549482017488,-0.07330471034836152,-0.8592270930540147,0.9220090153831789,0.0001,2.0,0.6161512751222167,59,8.83248908003466,28.062836001402722,2.539864539631914,30.602700541034633
1.0,1.0,-0.20006549482017488,-0.07330471034836152,-0.8592270930540147,0.9220090053831789,0.0001,2.0,0.6161512851222167,59,8.832489082445012,28.062836005535697,2.539864505811623,30.602700511347322
1.0,1.0,-0.20006549482017488,-0.07330470034836152,-0.8592270930540147,0.9220090053831789,0.0001,2.0,0.6161512751222167,59,8.83248908296694,28.062836007977467,2.5398645093264705,30.602700517303937
1.0,1.0,-0.2000654848201749,-0.07330471034836152,-0.8592270930540147,0.9220090053831789,0.0001,2.0,0.6161512751222167,59,8.83248908296694,28.062836007977467,2.5398645093264705,30.602700517303937
1.0,1.0,-0.20006549482017488,-0.07330471034836152,-0.8592270930540147,0.9220090053831789,0.0001,2.0,0.6161512751222167,59,8.832489083447221,28.06283600920536,2.5398645133586815,30.602700522564035
1.0,1.0,-0.20006549482017488,-0.07330471034836152,-0.8592270930540147,0.9220090053831789,0.0001,1.99999999,0.6161512751222167,59,8.832489083653035,28.06283600972522,2.539864520905739,30.602700530630955
0.99999999,1.0,-0.20006549482017488,-0.07330471034836152,-0.8592270930540147,0.9220090053831789,0.0001,2.0,0.6161512751222167,59,8.832489095582902,28.062836043199034,2.5398645133586815,30.60270055655772
1.0,0.99999999,-0.20006549482017488,-0.07330471034836152,-0.8592270930540147,0.9220090053831789,0.0001,2.0,0.6161512751222167,59,8.832489095582902,28.062836043199034,2.5398645133586815,30.60270055655772
1.0,1.0,-0.20006549482017488,-0.07330471034836152,-0.8592270930540147,0.9220090053831789,0.00010001,2.0,0.6161512751222167,59,8.832489118180817,28.062836110397747,2.539864505811623,30.602700616209376
1.0,1.0,0.13533373129882664,0.15141602080462227,-0.14573559583635398,0.11737822435353545,0.0001,1.7112773694464003,1.2637227171293417,59,8.915104838257994,28.141223037673896,0.11230722050629457,28.253530258180188
1.0,1.0,0.13533373129882664,0.15141602080462227,-0.145735585836354,0.11737821435353546,0.0001,1.7112773694464003,1.2637227171293417,59,8.91510483928159,28.141223039625498,0.11230721274443718,28.25353025236993
1.0,1.0,0.13533373129882664,0.15141603080462226,-0.14573559583635398,0.11737821435353546,0.0001,1.7112773694464003,1.2637227171293417,59,8.91510483936874,28.141223040266087,0.11230722085492477,28.253530261121014
1.0,1.0,0.13533374129882664,0.15141602080462227,-0.14573559583635398,0.11737821435353546,0.0001,1.7112773694464003,1.2637227171293417,59,8.91510483936874,28.141223040266087,0.11230722085492477,28.253530261121014
1.0,1.0,0.13533373129882664,0.15141602080462227,-0.14573559583635398,0.11737821435353546,0.0001,1.7112773694464003,1.2637227171293417,59,8.915104840418307,28.14122304288474,0.1123072166253658,28.253530259510107
1.0,1.0,0.13533373129882664,0.15141602080462227,-0.14573559583635398,0.11737821435353546,0.0001,1.7112773694464003,1.2637227271293416,59,8.915104840571294,28.141223043137835,0.11230721613566765,28.253530259273504
1.0,1.0,0.13533373129882664,0.15141602080462227,-0.14573559583635398,0.11737821435353546,0.0001,1.7112773794464002,1.2637227171293417,59,8.915104840886048,28.141223044051205,0.11230721613566765,28.25353026018687
0.99999999,1.0,0.13533373129882664,0.15141602080462227,-0.14573559583635398,0.11737821435353546,0.0001,1.7112773694464003,1.2637227171293417,59,8.915104848049232,28.14122306611547,0.1123072166253659,28.253530282740833
1.0,0.99999999,0.13533373129882664,0.15141602080462227,-0.14573559583635398,0.11737821435353546,0.0001,1.7112773694464003,1.2637227171293417,59,8.915104848049232,28.14122306611547,0.1123072166253659,28.253530282740833
1.0,1.0,0.13533373129882664,0.15141602080462227,-0.14573559583635398,0.11737821435353546,0.00010001,1.7112773694464003,1.2637227171293417,59,8.915104862523089,28.14122311063544,0.11230721613566765,28.253530326771106
1.0,1.0,-0.29676775393506105,-0.12602093151865326,-1.0,1.0,0.0001,2.0,0.39591532334064333,59,9.00150246588253,28.470382135302625,3.4405458574825665,31.91092799278519
1.0,1.0,-0.29676775393506105,-0.12602093151865326,-0.99999999,1.0,0.0001,2.0,0.39591531334064334,59,9.001502468473642,28.470382139799497,3.440545839860931,31.91092797966043
1.0,1.0,-0.29676774393506106,-0.12602093151865326,-1.0,1.0,0.0001,2.0,0.39591531334064334,59,9.001502476077327,28.470382157062755,3.440545863124799,31.91092802018755
1.0,1.0,-0.29676775393506105,-0.12602092151865327,-1.0,1.0,0.0001,2.0,0.39591531334064334,59,9.001502476077327,28.470382157062755,3.440545863124799,31.91092802018755
1.0,1.0,-0.29676775393506105,-0.12602093151865326,-1.0,1.0,0.0001,2.0,0.39591531334064334,59,9.001502476412911,28.47038215799876,3.4405458693609314,31.910928027359688
1.0,1.0,-0.29676775393506105,-0.12602093151865326,-1.0,1.0,0.0001,1.99999999,0.39591531334064334,59,9.00150247664289,28.470382158621867,3.4405458812392973,31.91092803986117
1.0,1.0,-0.29676775393506105,-0.12602093151865326,-1.0,0.99999999,0.0001,2.0,0.39591531334064334,59,9.001502478521164,28.470382163392014,3.440545839860931,31.910928003252945
1.0,0.99999999,-0.29676775393506105,-0.12602093151865326,-1.0,1.0,0.0001,2.0,0.39591531334064334,59,9.001502492572635,28.470382199754432,3.4405458693609314,31.910928069115357
0.99999999,1.0,-0.29676775393506105,-0.12602093151865326,-1.0,1.0,0.0001,2.0,0.39591531334064334,59,9.001502492572635,28.470382199754432,3.4405458693609314,31.910928069115357
1.0,1.0,-0.29676775393506105,-0.12602093151865326,-1.0,1.0,0.00010001,2.0,0.39591531334064334,59,9.001502522932476,28.47038228337965,3.4405458574825665,31.91092814086222
1.0,1.0,0.707500475183034,0.5182939336923919,0.7043397426972106,0.13381481943860427,0.6046026974020889,1.3575255816427323,0.5979301503833735,59,10.764811969604478,32.69664183334333,1.8165655903673263,34.513207423710654
1.0,1.0,0.7075004851830341,0.5182939336923919,0.7043397326972105,0.13381481943860427,0.6046026974020889,1.3575255816427323,0.5979301503833735,59,10.764811973785003,32.69664184313401,1.8165655960850138,34.51320743921903
1.0,1.0,0.707500475183034,0.5182939436923919,0.7043397326972105,0.13381481943860427,0.6046026974020889,1.3575255816427323,0.5979301503833735,59,10.764811973785003,32.69664184313401,1.8165655960850138,34.51320743921903
1.0,1.0,0.707500475183034,0.5182939336923919,0.7043397326972105,0.13381482943860426,0.6046026974020889,1.3575255816427323,0.5979301503833735,59,10.764811973528332,32.696641843219695,1.816565590367326,34.51320743358702
1.0,1.0,0.707500475183034,0.5182939336923919,0.7043397326972105,0.13381481943860427,0.6046026974020889,1.3575255816427323,0.5979301503833735,59,10.764811975747305,32.69664184718145,1.8165655780045467,34.513207425185996
1.0,1.0,0.707500475183034,0.5182939336923919,0.7043397326972105,0.13381481943860427,0.6046026974020889,1.3575255916427322,0.5979301503833735,59,10.76481197947909,32.69664185481517,1.8165655693523626,34.51320742416752
1.0,1.0,0.707500475183034,0.5182939336923919,0.7043397326972105,0.13381481943860427,0.6046026974020889,1.3575255816427323,0.5979301603833735,59,10.764811981261328,32.6966418595372,1.8165655693523626,34.51320742888956
0.99999999,1.0,0.707500475183034,0.5182939336923919,0.7043397326972105,0.13381481943860427,0.6046026974020889,1.3575255816427323,0.5979301503833735,59,10.764811987032363,32.696641872049824,1.8165655780045467,34.51320745005436
1.0,0.99999999,0.707500475183034,0.5182939336923919,0.7043397326972105,0.13381481943860427,0.6046026974020889,1.3575255816427323,0.5979301503833735,59,10.764811987032363,32.696641872049824,1.8165655780045467,34.51320745005436
1.0,1.0,0.707500475183034,0.5182939336923919,0.7043397326972105,0.13381481943860427,0.604602707402089,1.3575255816427323,0.5979301503833735,59,10.764812014444612,32.69664193153855,1.8165655693523626,34.5132075008909
1.0,1.0,1.0,1.0,1.0,-0.5451991615723587,0.8451190318410824,1.4636134484168932,0.00010001,59,11.556649490790742,33.969920651914066,5.180635482162334,39.150556134076396
1.0,1.0,1.0,1.0,1.0,-0.5451991515723587,0.8451190318410824,1.4636134484168932,0.0001,59,11.556649497121544,33.96992065876617,5.180635472963607,39.150556131729786
1.0,1.0,1.0,1.0,1.0,-0.5451991615723587,0.8451190318410824,1.4636134484168932,0.0001,59,11.556649511153969,33.969920686024956,5.180635495755294,39.150556181780246
1.0,1.0,1.0,1.0,0.99999999,-0.5451991615723587,0.8451190318410824,1.4636134484168932,0.0001,59,11.556649511377444,33.96992068996832,5.180635472963607,39.15055616293192
1.0,1.0,1.0,0.99999999,1.0,-0.5451991615723587,0.8451190318410824,1.4636134484168932,0.0001,59,11.556649513812339,33.96992069169528,5.1806354662552945,39.15055615795058
1.0,1.0,0.99999999,1.0,1.0,-0.5451991615723587,0.8451190318410824,1.4636134484168932,0.0001,59,11.556649513812339,33.96992069169528,5.1806354662552945,39.15055615795058
1.0,0.99999999,1.0,1.0,1.0,-0.5451991615723587,0.8451190318410824,1.4636134484168932,0.0001,59,11.556649516438679,33.96992069831246,5.180635495755294,39.150556194067754
0.99999999,1.0,1.0,1.0,1.0,-0.5451991615723587,0.8451190318410824,1.4636134484168932,0.0001,59,11.556649516438679,33.96992069831246,5.180635495755294,39.150556194067754
1.0,1.0,1.0,1.0,1.0,-0.5451991615723587,0.8451190318410824,1.4636134584168932,0.0001,59,11.556649519187964,33.96992070307631,5.180635482162334,39.15055618523864
1.0,1.0,1.0,1.0,1.0,-0.5451991615723587,0.8451190418410824,1.4636134484168932,0.0001,59,11.556649530109585,33.96992072921458,5.180635482162334,39.150556211376916
-0.020157501101493835,0.015641912817955017,-0.5129274874925613,0.8495202511548996,0.09639488160610199,-0.3144559860229492,0.3982289406532211,1.622808738541023,0.7595404972547453,59,14.620595190016608,40.636800597906344,4.504162956363952,45.14096355427031
-0.811946980217241,0.824363916022095,-0.0342843476589596,-0.907621993404188,0.3392526423209213,0.2601825557245021,1.6433676150410628,0.939598131025171,0.8158003150458496,59,14.842386608317854,41.08024618360008,3.9891490869061723,45.06939527050625
-0.811946980217241,0.824363916022095,-0.0342843476589596,-0.907621993404188,0.3392526323209213,0.2601825557245021,1.6433676150410628,0.939598141025171,0.8158003150458496,59,14.842386609769651,41.08024618654294,3.9891490859069023,45.06939527244983
-0.811946980217241,0.824363916022095,-0.0342843376589596,-0.907621993404188,0.3392526323209213,0.2601825557245021,1.6433676150410628,0.939598131025171,0.8158003150458496,59,14.842386611830767,41.080246190663246,3.989149064171385,45.069395254834625
-0.811946980217241,0.824363916022095,-0.0342843476589596,-0.907621983404188,0.3392526323209213,0.2601825557245021,1.6433676150410628,0.939598131025171,0.8158003150458496,59,14.842386611830767,41.080246190663246,3.989149064171385,45.069395254834625
-0.8119469702172409,0.824363916022095,-0.0342843476589596,-0.907621993404188,0.3392526323209213,0.2601825557245021,1.6433676150410628,0.939598131025171,0.8158003150458496,59,14.842386612556098,41.080246192111005,3.9891490487476533,45.06939524085866
-0.811946980217241,0.8243639260220951,-0.0342843476589596,-0.907621993404188,0.3392526323209213,0.2601825557245021,1.6433676150410628,0.939598131025171,0.8158003150458496,59,14.842386612556098,41.080246192111005,3.9891490487476533,45.06939524085866
-0.811946980217241,0.824363916022095,-0.0342843476589596,-0.907621993404188,0.3392526323209213,0.2601825657245021,1.6433676150410628,0.939598131025171,0.8158003150458496,59,14.842386615912153,41.08024619883763,3.9891490869061723,45.0693952857438
-0.811946980217241,0.824363916022095,-0.0342843476589596,-0.907621993404188,0.3392526323209213,0.2601825557245021,1.6433676150410628,0.939598131025171,0.8158003150458496,59,14.84238661630216,41.08024619962549,3.9891490780645036,45.069395277689985
-0.811946980217241,0.824363916022095,-0.0342843476589596,-0.907621993404188,0.3392526323209213,0.2601825557245021,1.6433676150410628,0.939598131025171,0.8158003150458496,59,14.84238661630216,41.08024619962549,3.9891490780645036,45.069395277689985
-0.811946980217241,0.824363916022095,-0.0342843476589596,-0.907621993404188,0.3392526323209213,0.2601825557245021,1.6433676250410627,0.939598131025171,0.8158003150458496,59,14.842386616371991,41.080246199765575,3.9891490859069023,45.06939528567247
-0.811946980217241,0.824363916022095,-0.0342843476589596,-0.907621993404188,0.3392526323209213,0.2601825557245021,1.6433676150410628,0.939598131025171,0.8158003250458497,59,14.84238661951713,41.08024620607655,3.9891490859069023,45.069395291983454
-0.9301122054457664,-0.13675059378147125,-0.9953988641500473,0.9742127805948257,0.22108741104602814,-0.7009319514036179,1.6171531062229092,0.8418329013772374,0.7895857970817501,59,14.994109568449758,41.38483336210263,10.485421802331906,51.87025516443453
-0.6278116106987,-0.5920121967792511,0.8794184029102325,-0.5467571318149567,0.7001174986362457,0.2892666310071945,1.2429515590306568,0.467631355225687,1.6042631139394092,59,15.20196958816492,41.80284736164091,9.96531657302205,51.76816393466296
-0.04630589485168457,-0.9049445055425167,0.2285233475267887,-0.993154801428318,0.6996407359838486,0.6829870194196701,0.8751969969517042,0.49989085170084624,0.1635722989913324,59,15.627869566833033,42.67608171257613,11.034023763761153,53.71010547633728
-0.6021802150870668,-0.3924995485400078,-0.10900389290432,-0.0029720349623401088,0.34138584007114137,0.6865708053129003,0.9492308273224286,0.16494967513774011,1.5582377205148008,59,15.94481989323032,43.29101414209078,7.508059839045865,50.799073981136644
-0.9229516237974167,-0.4596688747406006,-0.9882382750511169,0.374209463596344,-0.3789159059524536,-0.7897667735815048,1.745834821319011,0.970514619206813,0.10724637792053528,59,16.027287486479054,43.5026059853012,10.845450600981188,54.3480565862824
-0.27861981838941574,0.22544747591018677,-0.7713898047804832,0.2707025408744812,-0.4824228286743164,0.6384584233164787,0.03864334735446963,1.998891026407432,0.39995490226322206,59,16.144071768293653,43.71926552769068,5.14755750658113,48.86682303427182
0.09911566972732544,0.5623984187841415,0.03382901847362518,-0.09255474805831909,-0.8456801176071167,0.2323005199432373,1.993902114551644,1.2185819107466744,0.35531367617581466,59,16.19432347948456,43.81723336282868,2.507071232025286,46.32430459485396
-0.04630589485168457,-0.9049445055425167,0.2285233475267887,-0.7396421581506729,-0.7832968831062317,0.33758437633514404,1.348961815101723,0.1680801418014568,1.8207808482850067,59,16.29034855306513,44.001079228411015,8.153625827268543,52.15470505567956
0.43653859477490187,-0.8660952061181888,0.371251936070621,0.2448681682581082,-0.5082572012906894,0.5697234362596646,0.6939084939694555,1.9184882890632902,0.5600365975244992,59,16.33050071193471,44.0944564891852,5.5194764958581,49.613932985043306
-0.04630589485168457,-0.9049445055425167,0.2285233475267887,-0.993154801428318,0.6996407359838486,0.6829870194196701,1.348961815101723,0.1680801418014568,1.8207808482850067,59,16.440387039547435,44.33145101769841,9.046323679321823,53.37777469702023
-0.04630589485168457,-0.9049445055425167,0.2285233475267887,-0.993154801428318,0.6996407359838486,0.6829870194196701,0.8751969969517042,0.49989085170084624,1.8207808482850067,59,16.46194970964054,44.34601208899019,8.971826639744377,53.31783872873458
-0.04630589485168457,-0.9049445055425167,0.2285233475267887,-0.993154801428318,0.6996407359838486,0.33758437633514404,1.348961815101723,0.1680801418014568,1.8207808482850067,59,16.460435778870036,44.37374616262569,8.42990379173639,52.803649954362086
-0.04630589485168457,-0.9049445055425167,0.2285233475267887,-0.993154801428318,-0.7832968831062317,0.33758437633514404,1.348961815101723,0.1680801418014568,1.8207808482850067,59,16.774656058687036,45.01374248338648,8.563051204040923,53.5767936874274
-0.04630589485168457,-0.9049445055425167,0.2285233475267887,-0.993154801428318,0.6996407359838486,0.6829870194196701,0.8751969969517042,0.1680801418014568,1.8207808482850067,59,17.071200717066876,45.6325947348082,8.95227372945167,54.58486846425987
-0.04630589485168457,0.4928659498691559,-0.5039713382720947,-0.7396421581506729,-0.7832968831062317,0.33758437633514404,1.348961815101723,0.1680801418014568,1.8207808482850067,59,17.107621070952874,45.77805059418474,3.9591143562379414,49.73716495042269
-0.5794938802719116,0.4928659498691559,-0.5039713382720947,-0.7396421581506729,-0.7832968831062317,0.33758437633514404,1.348961815101723,0.1680801418014568,1.8207808482850067,59,17.38741994263234,46.37272573942617,5.390484193474246,51.763209932900416
-0.04630589485168457,-0.9049445055425167,-0.5039713382720947,-0.7396421581506729,-0.7832968831062317,0.33758437633514404,1.348961815101723,0.1680801418014568,1.8207808482850067,59,17.859094573120363,47.379029687898004,8.602933012818156,55.98196270071615
-0.7010702863335609,-0.9064736366271973,0.09668907523155212,-0.8612185716629028,-0.9048732966184616,0.21600795537233353,0.27012223139899016,1.0891405559059972,1.4901044302698963,59,21.845080960286506,55.774010630237974,11.223709124942083,66.99771975518004
