Vᵢᵢ,Ʌᵢᵢ,Vᵢⱼ,Ʌᵢⱼ,αᵢⱼ,βᵢⱼ,γ1,γ2,γ3,n_data,raw_ssr_sum,raw_neglogprob_sum,param_penalty_sum,loss_final_sum
1.0,1.0,0.07450383095235931,0.04419227888787037,1.0,-0.015791812285852448,0.0001,2.0,0.0001,61,4.2797554311815675,16.425488752564778,1.6651052780120583,18.09059403057684
1.0,1.0,0.07450382095235931,0.04419228888787037,1.0,-0.015791812285852448,0.0001,2.0,0.0001,61,4.2797554311815675,16.425488752564778,1.6651052780120583,18.09059403057684
1.0,1.0,0.07450382095235931,0.04419227888787037,1.0,-0.015791812285852448,0.0001,1.99999999,0.0001,61,4.279755431320644,16.42548875300395,1.6651052950132466,18.0905940480172
1.0,1.0,0.07450382095235931,0.04419227888787037,1.0,-0.015791812285852448,0.0001,2.0,0.0001,61,4.279755431346747,16.425488753086324,1.665105276350313,18.090594029436637
1.0,1.0,0.07450382095235931,0.04419227888787037,1.0,-0.015791802285852446,0.0001,2.0,0.0001,61,4.279755430727184,16.425488758138464,1.665105262129228,18.090594020267687
1.0,1.0,0.07450382095235931,0.04419227888787037,1.0,-0.015791812285852448,0.0001,2.0,0.00010001,61,4.279755429577854,16.425488760523407,1.6651052576873802,18.090594018210787
1.0,1.0,0.07450382095235931,0.04419227888787037,0.99999999,-0.015791812285852448,0.0001,2.0,0.0001,61,4.279755433595237,16.425488766543374,1.6651052621292277,18.090594028672605
1.0,0.99999999,0.07450382095235931,0.04419227888787037,1.0,-0.015791812285852448,0.0001,2.0,0.0001,61,4.279755445408295,16.425488800666972,1.665105276350313,18.090594077017283
0.99999999,1.0,0.07450382095235931,0.04419227888787037,1.0,-0.015791812285852448,0.0001,2.0,0.0001,61,4.279755445408295,16.425488800666972,1.665105276350313,18.090594077017283
1.0,1.0,0.07450382095235931,0.04419227888787037,1.0,-0.015791812285852448,0.00010001,2.0,0.0001,61,4.2797554853037685,16.42548893067364,1.6651052576873802,18.090594188361024
1.0,1.0,0.06001794247174533,0.35091462669325496,1.0,0.11822081707922334,0.0001,2.0,0.0001,61,4.273460729119129,16.4939985122806,1.926458397838244,18.420456910118848
1.0,1.0,0.060017932471745326,0.35091463669325496,1.0,0.11822081707922334,0.0001,2.0,0.0001,61,4.273460729119129,16.4939985122806,1.926458397838244,18.420456910118848
1.0,1.0,0.060017932471745326,0.35091462669325496,1.0,0.11822081707922334,0.0001,1.99999999,0.0001,61,4.2734607291765165,16.493998512471244,1.9264584107481215,18.420456923219362
1.0,1.0,0.060017932471745326,0.35091462669325496,1.0,0.11822081707922334,0.0001,2.0,0.0001,61,4.273460729247637,16.49399851270463,1.926458392085188,18.420456904789816
1.0,1.0,0.060017932471745326,0.35091462669325496,1.0,0.11822082707922334,0.0001,2.0,0.0001,61,4.273460729581823,16.493998519953905,1.9264584077402789,18.420456927694183
1.0,1.0,0.060017932471745326,0.35091462669325496,1.0,0.11822081707922334,0.0001,2.0,0.00010001,61,4.273460728788238,16.49399852079792,1.9264583734222551,18.420456894220173
1.0,1.0,0.060017932471745326,0.35091462669325496,0.99999999,0.11822081707922334,0.0001,2.0,0.0001,61,4.273460732048159,16.493998527424612,1.9264583764300962,18.420456903854706
1.0,0.99999999,0.060017932471745326,0.35091462669325496,1.0,0.11822081707922334,0.0001,2.0,0.0001,61,4.273460743649868,16.493998561418497,1.926458392085188,18.42045695350368
0.99999999,1.0,0.060017932471745326,0.35091462669325496,1.0,0.11822081707922334,0.0001,2.0,0.0001,61,4.273460743649868,16.4939985614185,1.926458392085188,18.42045695350368
1.0,1.0,0.060017932471745326,0.35091462669325496,1.0,0.11822081707922334,0.00010001,2.0,0.0001,61,4.27346078381729,16.493998693857826,1.9264583734222551,18.420457067280083
1.0,1.0,0.03817385161834833,0.03586053223118568,1.0,0.00783239512564475,0.0001,2.0,0.07801876877173437,61,4.277977136527005,16.518589049052103,1.5080523961845513,18.026641445236656
1.0,1.0,0.03817384161834833,0.035860542231185684,1.0,0.00783239512564475,0.0001,2.0,0.07801876877173437,61,4.277977136527005,16.518589049052103,1.5080523961845513,18.026641445236656
1.0,1.0,0.03817384161834833,0.03586053223118568,1.0,0.00783239512564475,0.0001,1.99999999,0.07801876877173437,61,4.27797713663756,16.518589049439637,1.5080524123565202,18.02664146179616
1.0,1.0,0.03817384161834833,0.03586053223118568,1.0,0.00783239512564475,0.0001,2.0,0.07801876877173437,61,4.277977136649732,16.51858904948209,1.5080523951480702,18.026641444630165
1.0,1.0,0.03817384161834833,0.03586053223118568,1.0,0.00783240512564475,0.0001,2.0,0.07801876877173437,61,4.277977136810133,16.518589055097074,1.5080524092577239,18.026641464354803
1.0,1.0,0.03817384161834833,0.03586053223118568,1.0,0.00783239512564475,0.0001,2.0,0.07801877877173437,61,4.277977137694524,16.51858906168916,1.5080523779396207,18.026641439628776
1.0,1.0,0.03817384161834833,0.03586053223118568,0.99999999,0.00783239512564475,0.0001,2.0,0.07801876877173437,61,4.277977139704165,16.518589063952227,1.5080523810384163,18.026641444990645
0.99999999,1.0,0.03817384161834833,0.03586053223118568,1.0,0.00783239512564475,0.0001,2.0,0.07801876877173437,61,4.277977150724368,16.51858909745615,1.5080523951480702,18.026641492604224
1.0,0.99999999,0.03817384161834833,0.03586053223118568,1.0,0.00783239512564475,0.0001,2.0,0.07801876877173437,61,4.277977150724368,16.518589097456154,1.5080523951480702,18.026641492604224
1.0,1.0,0.03817384161834833,0.03586053223118568,1.0,0.00783239512564475,0.00010001,2.0,0.07801876877173437,61,4.277977190338431,16.51858922807365,1.5080523779396207,18.02664160601327
1.0,1.0,0.03457995015491998,0.02859011464772337,1.0,0.005748335446570392,0.0001,2.0,0.1523229703820135,61,4.291908176139206,16.618882537958854,1.3813584863321475,18.000241024291
1.0,1.0,0.034579940154919976,0.028590124647723373,1.0,0.005748335446570392,0.0001,2.0,0.1523229703820135,61,4.291908176139206,16.618882537958854,1.3813584863321475,18.000241024291007
1.0,1.0,0.034579940154919976,0.02859011464772337,1.0,0.005748335446570392,0.0001,1.99999999,0.1523229703820135,61,4.291908176223759,16.61888253829333,1.381358501269204,18.00024103956254
1.0,1.0,0.034579940154919976,0.02859011464772337,1.0,0.005748335446570392,0.0001,2.0,0.1523229703820135,61,4.291908176231622,16.618882538324165,1.3813584854477667,18.00024102377193
1.0,1.0,0.034579940154919976,0.02859011464772337,1.0,0.005748345446570392,0.0001,2.0,0.1523229703820135,61,4.291908176814095,16.618882543929644,1.3813584995282429,18.000241043457887
1.0,1.0,0.034579940154919976,0.02859011464772337,0.99999999,0.005748335446570392,0.0001,2.0,0.1523229703820135,61,4.291908179662832,16.618882552945053,1.3813584713672897,18.00024102431234
1.0,1.0,0.034579940154919976,0.02859011464772337,1.0,0.005748335446570392,0.0001,2.0,0.1523229803820135,61,4.291908178804799,16.61888255305873,1.3813584696263288,18.000241022685056
0.99999999,1.0,0.034579940154919976,0.02859011464772337,1.0,0.005748335446570392,0.0001,2.0,0.1523229703820135,61,4.29190819036441,16.618882586585325,1.3813584854477667,18.00024107203309
1.0,0.99999999,0.034579940154919976,0.02859011464772337,1.0,0.005748335446570392,0.0001,2.0,0.1523229703820135,61,4.29190819036441,16.618882586585325,1.3813584854477667,18.00024107203309
1.0,1.0,0.034579940154919976,0.02859011464772337,1.0,0.005748335446570392,0.00010001,2.0,0.1523229703820135,61,4.291908229954854,16.61888271767142,1.3813584696263288,18.00024118729775
1.0,1.0,0.02888406387327746,0.012458466562858976,1.0,-5.2491377125828e-05,0.0001,2.0,0.16539017500223888,61,4.295231273907537,16.635890095075297,1.3512494713826626,17.98713956645796
1.0,1.0,0.028884053873277457,0.012458476562858976,1.0,-5.2491377125828e-05,0.0001,2.0,0.16539017500223888,61,4.295231273907537,16.635890095075297,1.3512494713826626,17.98713956645796
1.0,1.0,0.028884053873277457,0.012458466562858976,1.0,-5.2491377125828e-05,0.0001,1.99999999,0.16539017500223888,61,4.295231273991912,16.63589009541477,1.3512494863813835,17.987139581796157
1.0,1.0,0.028884053873277457,0.012458466562858976,1.0,-5.2491377125828e-05,0.0001,2.0,0.16539017500223888,61,4.2952312739968885,16.63589009543462,1.351249470803867,17.987139566238486
1.0,1.0,0.028884053873277457,0.012458466562858976,1.0,-5.2481377125828e-05,0.0001,2.0,0.16539017500223888,61,4.295231274615415,16.635890100967305,1.3512494568031324,17.987139557770437
1.0,1.0,0.028884053873277457,0.012458466562858976,0.99999999,-5.2491377125828e-05,0.0001,2.0,0.16539017500223888,61,4.295231277455397,16.635890110001306,1.3512494568031324,17.987139566804434
1.0,1.0,0.028884053873277457,0.012458466562858976,1.0,-5.2491377125828e-05,0.0001,2.0,0.16539018500223887,61,4.295231276737176,16.63589011045943,1.35124945522635,17.987139565685784
1.0,0.99999999,0.028884053873277457,0.012458466562858976,1.0,-5.2491377125828e-05,0.0001,2.0,0.16539017500223888,61,4.2952312881416645,16.635890143725952,1.351249470803867,17.98713961452982
0.99999999,1.0,0.028884053873277457,0.012458466562858976,1.0,-5.2491377125828e-05,0.0001,2.0,0.16539017500223888,61,4.295231288141665,16.635890143725952,1.351249470803867,17.98713961452982
1.0,1.0,0.028884053873277457,0.012458466562858976,1.0,-5.2491377125828e-05,0.00010001,2.0,0.16539017500223888,61,4.295231327757657,16.63589027486141,1.35124945522635,17.987139730087762
1.0,1.0,0.3627805578507154,-0.3210524735368559,1.0,-0.15540112497362119,0.0001,2.0,0.22034021428911943,61,4.302930747535746,16.645178767237567,1.829004790949338,18.47418355818691
1.0,1.0,0.3627805678507154,-0.3210524835368559,1.0,-0.15540112497362119,0.0001,2.0,0.22034021428911943,61,4.302930747535746,16.645178767237567,1.8290048100966627,18.474183577334234
1.0,1.0,0.3627805578507154,-0.3210524835368559,1.0,-0.15540112497362119,0.0001,1.99999999,0.22034021428911943,61,4.302930747627224,16.645178767603202,1.8290048150747829,18.474183582677988
1.0,1.0,0.3627805578507154,-0.3210524835368559,1.0,-0.15540112497362119,0.0001,2.0,0.22034021428911943,61,4.302930747632661,16.645178767624753,1.8290048005230004,18.474183568147755
1.0,1.0,0.3627805578507154,-0.3210524835368559,1.0,-0.1554011149736212,0.0001,2.0,0.22034021428911943,61,4.302930747999363,16.645178771969366,1.829004784347385,18.47418355631675
1.0,1.0,0.3627805578507154,-0.3210524835368559,0.99999999,-0.15540112497362119,0.0001,2.0,0.22034021428911943,61,4.302930750937311,16.645178781393916,1.829004784347385,18.4741835657413
1.0,1.0,0.3627805578507154,-0.3210524835368559,1.0,-0.15540112497362119,0.0001,2.0,0.22034022428911942,61,4.302930750394288,16.64517878361725,1.829004785971217,18.474183569588465
0.99999999,1.0,0.3627805578507154,-0.3210524835368559,1.0,-0.15540112497362119,0.0001,2.0,0.22034021428911943,61,4.302930761567007,16.64517881525708,1.8290048005230009,18.474183615780078
1.0,0.99999999,0.3627805578507154,-0.3210524835368559,1.0,-0.15540112497362119,0.0001,2.0,0.22034021428911943,61,4.302930761567007,16.64517881525708,1.8290048005230009,18.474183615780078
1.0,1.0,0.3627805578507154,-0.3210524835368559,1.0,-0.15540112497362119,0.00010001,2.0,0.22034021428911943,61,4.302930800969355,16.645178944871034,1.829004785971217,18.474183730842253
1.0,1.0,0.021433726227634085,0.00381669359327709,1.0,-3.1231259071808616e-05,0.0001,2.0,0.1760905016020846,61,4.298386197235931,16.652665367775132,1.3339079833768503,17.986573351151986
1.0,1.0,0.021433736227634087,0.00381668359327709,1.0,-3.1231259071808616e-05,0.0001,2.0,0.1760905016020846,61,4.298386197235931,16.652665367775136,1.3339079833768503,17.986573351151986
1.0,1.0,0.021433726227634085,0.00381668359327709,1.0,-3.1231259071808616e-05,0.0001,1.99999999,0.1760905016020846,61,4.298386197319037,16.65266536811546,1.3339079984011215,17.98657336651658
1.0,1.0,0.021433726227634085,0.00381668359327709,1.0,-3.1231259071808616e-05,0.0001,2.0,0.1760905016020846,61,4.298386197321965,16.65266536812734,1.333907983023344,17.986573351150685
1.0,1.0,0.021433726227634085,0.00381668359327709,1.0,-3.1221259071808614e-05,0.0001,2.0,0.1760905016020846,61,4.29838619798609,16.65266537364107,1.3339079690229072,17.986573342663977
1.0,1.0,0.021433726227634085,0.00381668359327709,0.99999999,-3.1231259071808616e-05,0.0001,2.0,0.1760905016020846,61,4.298386200809627,16.652665382665727,1.3339079690229072,17.986573351688634
1.0,1.0,0.021433726227634085,0.00381668359327709,1.0,-3.1231259071808616e-05,0.0001,2.0,0.17609051160208458,61,4.298386200210407,16.652665383361423,1.3339079676455674,17.98657335100699
1.0,0.99999999,0.021433726227634085,0.00381668359327709,1.0,-3.1231259071808616e-05,0.0001,2.0,0.1760905016020846,61,4.298386211489446,16.65266541647812,1.333907983023344,17.986573399501463
0.99999999,1.0,0.021433726227634085,0.00381668359327709,1.0,-3.1231259071808616e-05,0.0001,2.0,0.1760905016020846,61,4.298386211489446,16.65266541647812,1.333907983023344,17.986573399501463
1.0,1.0,0.021433726227634085,0.00381668359327709,1.0,-3.1231259071808616e-05,0.00010001,2.0,0.1760905016020846,61,4.298386251144886,16.65266554773156,1.3339079676455674,17.98657351537712
1.0,1.0,0.021040898725258037,0.0035862535685191863,1.0,-1.878279037374964e-06,0.0001,2.0,0.18001103328885715,61,4.299536450164798,16.658690791086485,1.3278305671198807,17.98652135820637
1.0,1.0,0.021040908725258038,0.0035862435685191864,1.0,-1.878279037374964e-06,0.0001,2.0,0.18001103328885715,61,4.299536450164798,16.658690791086485,1.3278305671198807,17.986521358206367
1.0,1.0,0.021040898725258037,0.0035862435685191864,1.0,-1.878279037374964e-06,0.0001,1.99999999,0.18001103328885715,61,4.299536450246635,16.658690791424178,1.3278305820796945,17.986521373503873
1.0,1.0,0.021040898725258037,0.0035862435685191864,1.0,-1.878279037374964e-06,0.0001,2.0,0.18001103328885715,61,4.2995364502494455,16.658690791435667,1.3278305667751,17.98652135821077
1.0,1.0,0.021040898725258037,0.0035862435685191864,1.0,-1.8682790373749642e-06,0.0001,2.0,0.18001103328885715,61,4.299536450930653,16.65869079694445,1.327830552775074,17.986521349719524
1.0,1.0,0.021040898725258037,0.0035862435685191864,0.99999999,-1.878279037374964e-06,0.0001,2.0,0.18001103328885715,61,4.29953645374779,16.658690805964035,1.327830552775074,17.98652135873911
1.0,1.0,0.021040898725258037,0.0035862435685191864,1.0,-1.878279037374964e-06,0.0001,2.0,0.18001104328885714,61,4.299536453191392,16.658690806744833,1.3278305514705058,17.98652135821534
0.99999999,1.0,0.021040898725258037,0.0035862435685191864,1.0,-1.878279037374964e-06,0.0001,2.0,0.18001103328885715,61,4.299536464424236,16.65869083980688,1.3278305667751,17.98652140658198
1.0,0.99999999,0.021040898725258037,0.0035862435685191864,1.0,-1.878279037374964e-06,0.0001,2.0,0.18001103328885715,61,4.299536464424236,16.65869083980688,1.3278305667751,17.98652140658198
1.0,1.0,0.021040898725258037,0.0035862435685191864,1.0,-1.878279037374964e-06,0.00010001,2.0,0.18001103328885715,61,4.299536504090133,16.658690971099333,1.3278305514705069,17.986521522569838
1.0,1.0,0.021035283681947108,0.0035862281089056682,1.0,-7.469196224673424e-07,0.0001,2.0,0.18005060894566483,61,4.299548218988625,16.658752199781578,1.327768221289222,17.9865204210708
1.0,1.0,0.02103529368194711,0.0035862181089056683,1.0,-7.469196224673424e-07,0.0001,2.0,0.18005060894566483,61,4.299548218988625,16.658752199781578,1.327768221289222,17.986520421070804
1.0,1.0,0.021035283681947108,0.0035862181089056683,1.0,-7.469196224673424e-07,0.0001,1.99999999,0.18005060894566483,61,4.29954821907045,16.658752200119242,1.3277682362483763,17.98652043636762
1.0,1.0,0.021035283681947108,0.0035862181089056683,1.0,-7.469196224673424e-07,0.0001,2.0,0.18005060894566483,61,4.29954821907326,16.658752200130728,1.3277682209445212,17.98652042107525
1.0,1.0,0.021035283681947108,0.0035862181089056683,1.0,-7.369196224673424e-07,0.0001,2.0,0.18005060894566483,61,4.29954821975464,16.658752205639466,1.327768206944511,17.986520412583978
1.0,1.0,0.021035283681947108,0.0035862181089056683,0.99999999,-7.469196224673424e-07,0.0001,2.0,0.18005060894566483,61,4.299548222571709,16.658752214658993,1.327768206944511,17.986520421603505
1.0,1.0,0.021035283681947108,0.0035862181089056683,1.0,-7.469196224673424e-07,0.0001,2.0,0.18005061894566482,61,4.299548222015741,16.65875221544064,1.3277682056406654,17.986520421081305
1.0,0.99999999,0.021035283681947108,0.0035862181089056683,1.0,-7.469196224673424e-07,0.0001,2.0,0.18005060894566483,61,4.299548233248125,16.658752248502154,1.3277682209445212,17.986520469446674
0.99999999,1.0,0.021035283681947108,0.0035862181089056683,1.0,-7.469196224673424e-07,0.0001,2.0,0.18005060894566483,61,4.299548233248125,16.658752248502154,1.3277682209445212,17.986520469446674
1.0,1.0,0.021035283681947108,0.0035862181089056683,1.0,-7.469196224673424e-07,0.00010001,2.0,0.18005060894566483,61,4.299548272914134,16.658752379795015,1.3277682056406663,17.98652058543568
1.0,1.0,0.021033308687677766,0.0035862091085856113,1.0,-3.469686638003055e-07,0.0001,2.0,0.18006459947924022,61,4.299552379938727,16.65877390928849,1.327746181899676,17.98652009118817
1.0,1.0,0.021033298687677764,0.0035862191085856113,1.0,-3.469686638003055e-07,0.0001,2.0,0.18006459947924022,61,4.299552379938727,16.65877390928849,1.327746181899676,17.98652009118817
1.0,1.0,0.021033298687677764,0.0035862091085856113,1.0,-3.469686638003055e-07,0.0001,1.99999999,0.18006459947924022,61,4.299552380020547,16.65877390962615,1.327746196858598,17.986520106484747
1.0,1.0,0.021033298687677764,0.0035862091085856113,1.0,-3.469686638003055e-07,0.0001,2.0,0.18006459947924022,61,4.299552380023356,16.65877390963763,1.327746181555003,17.986520091192634
1.0,1.0,0.021033298687677764,0.0035862091085856113,1.0,-3.369686638003055e-07,0.0001,2.0,0.18006459947924022,61,4.299552380704798,16.658773915146355,1.3277461675549989,17.986520082701354
1.0,1.0,0.021033298687677764,0.0035862091085856113,0.99999999,-3.469686638003055e-07,0.0001,2.0,0.18006459947924022,61,4.299552383521845,16.658773924165864,1.3277461675549989,17.986520091720863
1.0,1.0,0.021033298687677764,0.0035862091085856113,1.0,-3.469686638003055e-07,0.0001,2.0,0.18006460947924022,61,4.299552382966027,16.658773924947806,1.3277461662514094,17.986520091199214
0.99999999,1.0,0.021033298687677764,0.0035862091085856113,1.0,-3.469686638003055e-07,0.0001,2.0,0.18006459947924022,61,4.2995523941982485,16.65877395800913,1.327746181555003,17.98652013956413
1.0,0.99999999,0.021033298687677764,0.0035862091085856113,1.0,-3.469686638003055e-07,0.0001,2.0,0.18006459947924022,61,4.2995523941982485,16.65877395800913,1.327746181555003,17.98652013956413
1.0,1.0,0.021033298687677764,0.0035862091085856113,1.0,-3.469686638003055e-07,0.00010001,2.0,0.18006459947924022,61,4.299552433864296,16.65877408930214,1.3277461662514094,17.986520255553547
1.0,1.0,0.02103242230304559,0.0035862151349004955,1.0,-1.7038836872742347e-07,0.0001,2.0,0.18007077636791477,61,4.299554217103317,16.658783494257307,1.3277364515200223,17.986519945777328
1.0,1.0,0.021032432303045592,0.0035862051349004956,1.0,-1.7038836872742347e-07,0.0001,2.0,0.18007077636791477,61,4.299554217103317,16.658783494257307,1.3277364515200223,17.986519945777328
1.0,1.0,0.02103242230304559,0.0035862051349004956,1.0,-1.7038836872742347e-07,0.0001,1.99999999,0.18007077636791477,61,4.299554217185134,16.658783494594957,1.3277364664788405,17.986519961073792
1.0,1.0,0.02103242230304559,0.0035862051349004956,1.0,-1.7038836872742347e-07,0.0001,2.0,0.18007077636791477,61,4.299554217187944,16.658783494606435,1.327736451175362,17.9865199457818
1.0,1.0,0.02103242230304559,0.0035862051349004956,1.0,-1.6038836872742346e-07,0.0001,2.0,0.18007077636791477,61,4.299554217869413,16.65878350011516,1.3277364371753595,17.986519937290517
1.0,1.0,0.02103242230304559,0.0035862051349004956,0.99999999,-1.7038836872742347e-07,0.0001,2.0,0.18007077636791477,61,4.29955422068645,16.658783509134654,1.3277364371753593,17.986519946310015
1.0,1.0,0.02103242230304559,0.0035862051349004956,1.0,-1.7038836872742347e-07,0.0001,2.0,0.18007078636791476,61,4.299554220130699,16.658783509916727,1.3277364358718822,17.98651994578861
0.99999999,1.0,0.02103242230304559,0.0035862051349004956,1.0,-1.7038836872742347e-07,0.0001,2.0,0.18007077636791477,61,4.29955423136285,16.658783542977975,1.327736451175362,17.986519994153333
1.0,0.99999999,0.02103242230304559,0.0035862051349004956,1.0,-1.7038836872742347e-07,0.0001,2.0,0.18007077636791477,61,4.299554231362849,16.658783542977975,1.327736451175362,17.986519994153333
1.0,1.0,0.02103242230304559,0.0035862051349004956,1.0,-1.7038836872742347e-07,0.00010001,2.0,0.18007077636791477,61,4.299554271028914,16.658783674271046,1.327736435871883,17.986520110142926
1.0,1.0,0.021032013299374274,0.003586203235062695,1.0,-8.596448770386525e-08,0.0001,2.0,0.18007372956784198,61,4.299555095478834,16.658788076901665,1.327731799404679,17.986519876306343
1.0,1.0,0.021032003299374272,0.003586213235062695,1.0,-8.596448770386525e-08,0.0001,2.0,0.18007372956784198,61,4.299555095478835,16.65878807690167,1.327731799404679,17.986519876306343
1.0,1.0,0.021032003299374272,0.003586203235062695,1.0,-8.596448770386525e-08,0.0001,1.99999999,0.18007372956784198,61,4.2995550955606525,16.658788077239315,1.327731814363447,17.98651989160276
1.0,1.0,0.021032003299374272,0.003586203235062695,1.0,-8.596448770386525e-08,0.0001,2.0,0.18007372956784198,61,4.299555095563461,16.6587880772508,1.3277317990600233,17.986519876310822
1.0,1.0,0.021032003299374272,0.003586203235062695,1.0,-7.596448770386525e-08,0.0001,2.0,0.18007372956784198,61,4.2995550962449425,16.65878808275951,1.327731785060022,17.98651986781953
1.0,1.0,0.021032003299374272,0.003586203235062695,0.99999999,-8.596448770386525e-08,0.0001,2.0,0.18007372956784198,61,4.299555099061975,16.658788091779005,1.327731785060022,17.986519876839026
1.0,1.0,0.021032003299374272,0.003586203235062695,1.0,-8.596448770386525e-08,0.0001,2.0,0.18007373956784198,61,4.299555098506255,16.658788092561142,1.3277317837566003,17.986519876317743
0.99999999,1.0,0.021032003299374272,0.003586203235062695,1.0,-8.596448770386525e-08,0.0001,2.0,0.18007372956784198,61,4.299555109738373,16.658788125622348,1.3277317990600233,17.98651992468237
1.0,0.99999999,0.021032003299374272,0.003586203235062695,1.0,-8.596448770386525e-08,0.0001,2.0,0.18007372956784198,61,4.299555109738373,16.658788125622348,1.3277317990600233,17.98651992468237
1.0,1.0,0.021032003299374272,0.003586203235062695,1.0,-8.596448770386525e-08,0.00010001,2.0,0.18007372956784198,61,4.299555149404445,16.658788256915447,1.3277317837566003,17.986520040672048
1.0,1.0,0.021031795416794622,0.0035862122924857917,1.0,-4.40788065681354e-08,0.0001,2.0,0.18007519475504946,61,4.2995555312764875,16.658790350520057,1.3277294913314255,17.986519841851482
1.0,1.0,0.021031805416794624,0.003586202292485792,1.0,-4.40788065681354e-08,0.0001,2.0,0.18007519475504946,61,4.2995555312764875,16.658790350520057,1.3277294913314255,17.986519841851482
1.0,1.0,0.021031795416794622,0.003586202292485792,1.0,-4.40788065681354e-08,0.0001,1.99999999,0.18007519475504946,61,4.299555531358305,16.6587903508577,1.3277295062901695,17.986519857147872
1.0,1.0,0.021031795416794622,0.003586202292485792,1.0,-4.40788065681354e-08,0.0001,2.0,0.18007519475504946,61,4.299555531361113,16.65879035086919,1.3277294909867734,17.986519841855962
1.0,1.0,0.021031795416794622,0.003586202292485792,1.0,-3.4078806568135406e-08,0.0001,2.0,0.18007519475504946,61,4.299555532042602,16.6587903563779,1.3277294769867727,17.986519833364675
1.0,1.0,0.021031795416794622,0.003586202292485792,0.99999999,-4.40788065681354e-08,0.0001,2.0,0.18007519475504946,61,4.299555534859631,16.65879036539739,1.3277294769867725,17.986519842384162
1.0,1.0,0.021031795416794622,0.003586202292485792,1.0,-4.40788065681354e-08,0.0001,2.0,0.18007520475504946,61,4.299555534303927,16.65879036617956,1.3277294756833775,17.98651984186294
1.0,0.99999999,0.021031795416794622,0.003586202292485792,1.0,-4.40788065681354e-08,0.0001,2.0,0.18007519475504946,61,4.299555545536028,16.658790399240743,1.3277294909867736,17.98651989022752
0.99999999,1.0,0.021031795416794622,0.003586202292485792,1.0,-4.40788065681354e-08,0.0001,2.0,0.18007519475504946,61,4.299555545536028,16.658790399240743,1.3277294909867736,17.98651989022752
1.0,1.0,0.021031795416794622,0.003586202292485792,1.0,-4.40788065681354e-08,0.00010001,2.0,0.18007519475504946,61,4.2995555852021035,16.65879053053386,1.3277294756833775,17.98652000621724
1.0,1.0,0.021031711420987656,0.0035862348173562927,1.0,-2.2294904281282838e-08,0.0001,2.0,0.18007563296955786,61,4.299555662239784,16.658791035589193,1.3277287880985031,17.986519823687697
1.0,1.0,0.021031721420987658,0.0035862248173562927,1.0,-2.2294904281282838e-08,0.0001,2.0,0.18007563296955786,61,4.299555662239785,16.658791035589193,1.3277287880985031,17.986519823687697
1.0,1.0,0.021031711420987656,0.0035862248173562927,1.0,-2.2294904281282838e-08,0.0001,1.99999999,0.18007563296955786,61,4.299555662321601,16.658791035926843,1.3277288030572403,17.98651983898408
1.0,1.0,0.021031711420987656,0.0035862248173562927,1.0,-2.2294904281282838e-08,0.0001,2.0,0.18007563296955786,61,4.299555662324409,16.65879103593832,1.3277287877538517,17.986519823692177
1.0,1.0,0.021031711420987656,0.0035862248173562927,1.0,-1.2294904281282838e-08,0.0001,2.0,0.18007563296955786,61,4.299555663005899,16.65879104144704,1.3277287737538517,17.986519815200886
1.0,1.0,0.021031711420987656,0.0035862248173562927,0.99999999,-2.2294904281282838e-08,0.0001,2.0,0.18007563296955786,61,4.299555665822928,16.658791050466526,1.3277287737538517,17.986519824220377
1.0,1.0,0.021031711420987656,0.0035862248173562927,1.0,-2.2294904281282838e-08,0.0001,2.0,0.18007564296955786,61,4.2995556652672295,16.658791051248702,1.3277287724504634,17.98651982369917
1.0,0.99999999,0.021031711420987656,0.0035862248173562927,1.0,-2.2294904281282838e-08,0.0001,2.0,0.18007563296955786,61,4.299555676499324,16.658791084309883,1.3277287877538517,17.98651987206373
0.99999999,1.0,0.021031711420987656,0.0035862248173562927,1.0,-2.2294904281282838e-08,0.0001,2.0,0.18007563296955786,61,4.299555676499324,16.658791084309883,1.3277287877538517,17.98651987206373
1.0,1.0,0.021031711420987656,0.0035862248173562927,1.0,-2.2294904281282838e-08,0.00010001,2.0,0.18007563296955786,61,4.299555716165401,16.658791215603003,1.327728772450464,17.986519988053466
1.0,1.0,0.021031677545888656,0.0035862365831926947,1.0,-1.0916111648765115e-08,0.0001,2.0,0.18007586187032845,61,4.299555730648393,16.658791393434296,1.3277284207658577,17.98651981420015
1.0,1.0,0.021031667545888654,0.0035862465831926946,1.0,-1.0916111648765115e-08,0.0001,2.0,0.18007586187032845,61,4.299555730648393,16.658791393434296,1.3277284207658577,17.98651981420015
1.0,1.0,0.021031667545888654,0.0035862365831926947,1.0,-1.0916111648765115e-08,0.0001,1.99999999,0.18007586187032845,61,4.29955573073021,16.65879139377194,1.3277284357245906,17.98651982949653
1.0,1.0,0.021031667545888654,0.0035862365831926947,1.0,-1.0916111648765115e-08,0.0001,2.0,0.18007586187032845,61,4.299555730733019,16.658791393783424,1.327728420421207,17.98651981420463
1.0,1.0,0.021031667545888654,0.0035862365831926947,1.0,-9.161116487651151e-10,0.0001,2.0,0.18007586187032845,61,4.29955573141451,16.658791399292134,1.327728406421207,17.986519805713343
1.0,1.0,0.021031667545888654,0.0035862365831926947,0.99999999,-1.0916111648765115e-08,0.0001,2.0,0.18007586187032845,61,4.2995557342315385,16.658791408311625,1.327728406421207,17.98651981473283
1.0,1.0,0.021031667545888654,0.0035862365831926947,1.0,-1.0916111648765115e-08,0.0001,2.0,0.18007587187032845,61,4.2995557336758425,16.65879140909381,1.3277284051178233,17.986519814211633
0.99999999,1.0,0.021031667545888654,0.0035862365831926947,1.0,-1.0916111648765115e-08,0.0001,2.0,0.18007586187032845,61,4.299555744907934,16.658791442154985,1.327728420421207,17.986519862576195
1.0,0.99999999,0.021031667545888654,0.0035862365831926947,1.0,-1.0916111648765115e-08,0.0001,2.0,0.18007586187032845,61,4.299555744907934,16.658791442154985,1.327728420421207,17.986519862576195
1.0,1.0,0.021031644589137182,0.003586242739426829,1.0,-1.9863551473065642e-08,0.0001,2.0,0.18007598163799216,61,4.299555765510957,16.658791572809996,1.3277282490835518,17.986519821893552
1.0,1.0,0.021031667545888654,0.0035862365831926947,1.0,-1.0916111648765115e-08,0.00010001,2.0,0.18007586187032845,61,4.299555784574013,16.658791573448106,1.3277284051178233,17.98651997856593
1.0,1.0,0.021031644590445594,0.0035862427407352417,1.0,-1.7383552161203325e-08,0.0001,2.0,0.18007598163594563,61,4.299555765679341,16.65879157417293,1.3277282456147745,17.986519819787706
1.0,1.0,0.021031644591117456,0.003586242741407103,1.0,-1.6110089109782662e-08,0.0001,2.0,0.18007598163489474,61,4.299555765765808,16.65879157487279,1.327728243833581,17.98651981870637
1.0,1.0,0.02103164459155966,0.0035862427418493097,1.0,-1.5271919336918962e-08,0.0001,2.0,0.18007598163420308,61,4.299555765822718,16.658791575333424,1.327728242661232,17.986519817994658
1.0,1.0,0.021031644591739746,0.003586242742029392,1.0,-1.493058746601837e-08,0.0001,2.0,0.1800759816339214,61,4.299555765845891,16.65879157552101,1.327728242183812,17.98651981770482
1.0,1.0,0.021031644591739746,0.003586242742029392,1.0,-1.493058746601837e-08,0.0001,2.0,0.1800759816339214,61,4.299555765845891,16.65879157552101,1.327728242183812,17.98651981770482
1.0,1.0,0.021031659490298376,0.003586242739426829,1.0,-4.962390279217986e-09,0.0001,2.0,0.18007598163799216,61,4.299555766400358,16.658791580498377,1.3277282287354955,17.98651980923387
1.0,1.0,0.021031644589137182,0.003586257640588023,1.0,-4.962390279217986e-09,0.0001,2.0,0.18007598163799216,61,4.299555766400358,16.658791580498377,1.3277282287354955,17.98651980923387
1.0,1.0,0.021031654589137184,0.003586242739426829,1.0,-4.962390279217986e-09,0.0001,2.0,0.18007598163799216,61,4.299555766441833,16.658791580669487,1.3277282285665764,17.986519809236068
1.0,1.0,0.021031644589137182,0.003586252739426829,1.0,-4.962390279217986e-09,0.0001,2.0,0.18007598163799216,61,4.299555766441833,16.65879158066949,1.3277282285665764,17.986519809236068
1.0,1.0,0.021031644589137182,0.003586242739426829,1.0,-4.962390279217986e-09,0.0001,1.9999999701976776,0.18007598163799216,61,4.29955576651809,16.658791580984396,1.3277282738295577,17.986519854813952
1.0,1.0,0.021031644589137182,0.003586242739426829,1.0,-4.962390279217986e-09,0.0001,1.99999999,0.18007598163799216,61,4.29955576652365,16.658791581007137,1.3277282435253075,17.986519824532444
1.0,1.0,0.021031644589137182,0.003586242739426829,1.0,-4.962390279217986e-09,0.0001,2.0,0.18007598163799216,61,4.29955576652646,16.658791581018615,1.3277282282219258,17.986519809240544
1.0,1.0,0.021031644589137182,0.003586242739426829,1.0,-4.962390279217986e-09,0.0001,2.0,0.18007598163799216,61,4.29955576652646,16.658791581018615,1.3277282282219258,17.986519809240544
1.0,1.0,0.021031644590445594,0.0035862576418964356,1.0,-2.48239096735567e-09,0.0001,2.0,0.18007598163594563,61,4.299555766568743,16.658791581861312,1.3277282252667182,17.986519807128026
1.0,1.0,0.021031659491606788,0.0035862427407352417,1.0,-2.48239096735567e-09,0.0001,2.0,0.18007598163594563,61,4.299555766568743,16.658791581861312,1.3277282252667182,17.986519807128026
1.0,1.0,0.021031644590445594,0.0035862427407352417,1.0,-2.48239096735567e-09,0.0001,1.9999999701976776,0.18007598163594563,61,4.299555766686474,16.658791582347334,1.3277282703607807,17.98651985270811
1.0,1.0,0.021031644590445594,0.0035862427407352417,1.0,-2.48239096735567e-09,0.0001,2.0,0.18007598163594563,61,4.299555766694844,16.658791582381554,1.3277282247531486,17.986519807134705
1.0,1.0,0.021031644591117456,0.003586257642568297,1.0,-1.2089279159350063e-09,0.0001,2.0,0.18007598163489474,61,4.299555766655208,16.658791582561168,1.3277282234855246,17.986519806046694
1.0,1.0,0.02103165949227865,0.003586242741407103,1.0,-1.2089279159350063e-09,0.0001,2.0,0.18007598163489474,61,4.299555766655208,16.658791582561168,1.3277282234855246,17.986519806046694
1.0,1.0,0.021031659492720855,0.0035862427418493097,1.0,-3.7075814307130637e-10,0.0001,2.0,0.18007598163420308,61,4.299555766712117,16.658791583021802,1.3277282223131757,17.986519805334982
1.0,1.0,0.02103164459155966,0.0035862576430105036,1.0,-3.7075814307130637e-10,0.0001,2.0,0.18007598163420308,61,4.299555766712118,16.658791583021802,1.3277282223131757,17.986519805334982
1.0,1.0,0.021031644591117456,0.003586242741407103,1.0,-1.2089279159350063e-09,0.0001,1.9999999701976776,0.18007598163489474,61,4.299555766772939,16.65879158304719,1.3277282685795873,17.986519851626774
1.0,1.0,0.021031644591117456,0.003586242741407103,1.0,-1.2089279159350063e-09,0.0001,2.0,0.18007598163489474,61,4.299555766781309,16.658791583081413,1.3277282229719554,17.986519806053366
1.0,1.0,0.021031644591739746,0.0035862576431905857,1.0,-2.9426272170716005e-11,0.0001,2.0,0.1800759816339214,61,4.299555766735292,16.65879158320939,1.3277282218357553,17.986519805045145
1.0,1.0,0.021031644591739746,0.0035862576431905857,1.0,-2.9426272170716005e-11,0.0001,2.0,0.1800759816339214,61,4.299555766735292,16.65879158320939,1.3277282218357553,17.986519805045145
1.0,1.0,0.02103165949290094,0.003586242742029392,1.0,-2.9426272170716005e-11,0.0001,2.0,0.1800759816339214,61,4.299555766735292,16.658791583209393,1.3277282218357553,17.986519805045145
1.0,1.0,0.02103165949290094,0.003586242742029392,1.0,-2.9426272170716005e-11,0.0001,2.0,0.1800759816339214,61,4.299555766735292,16.658791583209393,1.3277282218357553,17.986519805045145
1.0,1.0,0.02103164459183154,0.003586257643282382,1.0,1.4456768392890158e-10,0.0001,2.0,0.18007598163377783,61,4.2995557667471065,16.65879158330501,1.3277282219971787,17.98651980530219
1.0,1.0,0.021031659492992735,0.003586242742121188,1.0,1.4456768392890158e-10,0.0001,2.0,0.18007598163377783,61,4.2995557667471065,16.65879158330501,1.3277282219971787,17.98651980530219
1.0,1.0,0.02103164459155966,0.0035862427418493097,1.0,-3.7075814307130637e-10,0.0001,1.9999999701976776,0.18007598163420308,61,4.299555766829849,16.65879158350782,1.327728267407238,17.986519850915062
1.0,1.0,0.02103164459155966,0.0035862427418493097,1.0,-3.7075814307130637e-10,0.0001,2.0,0.18007598163420308,61,4.2995557668382185,16.658791583542047,1.327728221799606,17.986519805341654
1.0,1.0,0.021031644591739746,0.003586242742029392,1.0,-2.9426272170716005e-11,0.0001,1.9999999701976776,0.1800759816339214,61,4.2995557668530235,16.65879158369541,1.327728266929818,17.986519850625225
1.0,1.0,0.021031644591739746,0.003586242742029392,1.0,-2.9426272170716005e-11,0.0001,1.9999999701976776,0.1800759816339214,61,4.2995557668530235,16.65879158369541,1.327728266929818,17.986519850625225
1.0,1.0,0.021031644591739746,0.003586242742029392,1.0,-2.9426272170716005e-11,0.0001,2.0,0.1800759816339214,61,4.299555766861394,16.658791583729634,1.327728221322186,17.98651980505182
1.0,1.0,0.021031644591739746,0.003586242742029392,1.0,-2.9426272170716005e-11,0.0001,2.0,0.1800759816339214,61,4.299555766861394,16.658791583729634,1.327728221322186,17.98651980505182
1.0,1.0,0.02103164459183154,0.003586242742121188,1.0,1.4456768392890158e-10,0.0001,1.9999999701976776,0.18007598163377783,61,4.299555766864838,16.658791583791032,1.3277282670912423,17.986519850882274
1.0,1.0,0.02103164459183154,0.003586242742121188,1.0,1.4456768392890158e-10,0.0001,2.0,0.18007598163377783,61,4.299555766873208,16.658791583825256,1.3277282214836092,17.986519805308863
1.0,1.0,0.021031644592852367,0.0035862576443032087,1.0,2.079468766066869e-09,0.0001,2.0,0.1800759816321811,61,4.299555766878482,16.658791584368373,1.3277282247085538,17.986519809076928
1.0,1.0,0.02103165949401356,0.003586242743142015,1.0,2.079468766066869e-09,0.0001,2.0,0.1800759816321811,61,4.299555766878482,16.658791584368377,1.3277282247085538,17.986519809076928
1.0,1.0,0.021031644592852367,0.003586242743142015,1.0,2.079468766066869e-09,0.0001,1.9999999701976776,0.1800759816321811,61,4.299555766996213,16.658791584854395,1.327728269802617,17.98651985465701
1.0,1.0,0.021031644592852367,0.003586242743142015,1.0,2.079468766066869e-09,0.0001,2.0,0.1800759816321811,61,4.299555767004582,16.658791584888622,1.327728224194985,17.986519809083607
1.0,1.0,0.02103165949458673,0.003586242743715185,1.0,3.165869240310473e-09,0.0001,2.0,0.1800759816312846,61,4.2995557669522455,16.658791584965435,1.3277282262309262,17.98651981119636
1.0,1.0,0.021031644593425537,0.0035862576448763787,1.0,3.165869240310473e-09,0.0001,2.0,0.1800759816312846,61,4.2995557669522455,16.658791584965435,1.3277282262309262,17.98651981119636
1.0,1.0,0.021031644593425537,0.003586242743715185,1.0,3.165869240310473e-09,0.0001,1.9999999701976776,0.1800759816312846,61,4.299555767069977,16.658791585451453,1.327728271324989,17.98651985677644
1.0,1.0,0.021031644593425537,0.003586242743715185,1.0,3.165869240310473e-09,0.0001,2.0,0.1800759816312846,61,4.299555767078346,16.658791585485673,1.3277282257173568,17.986519811203028
1.0,1.0,0.021031644589137182,0.003586242739426829,1.0,5.037609720782014e-09,0.0001,2.0,0.18007598163799216,61,4.299555767207951,16.658791586527332,1.3277282283272334,17.986519814854564
1.0,1.0,0.021031644595291412,0.0035862576467422533,1.0,6.702496623692253e-09,0.0001,2.0,0.18007598162836613,61,4.299555767192373,16.65879158690906,1.327728231186799,17.986519818095857
1.0,1.0,0.021031659496452606,0.0035862427455810595,1.0,6.702496623692253e-09,0.0001,2.0,0.18007598162836613,61,4.299555767192373,16.65879158690906,1.327728231186799,17.986519818095857
1.0,1.0,0.021031644595291412,0.0035862427455810595,1.0,6.702496623692253e-09,0.0001,1.9999999701976776,0.18007598162836613,61,4.299555767310105,16.65879158739508,1.3277282762808622,17.98651986367594
1.0,1.0,0.021031644595291412,0.0035862427455810595,1.0,6.702496623692253e-09,0.0001,2.0,0.18007598162836613,61,4.299555767318475,16.658791587429302,1.3277282306732299,17.986519818102533
1.0,1.0,0.021031659498948935,0.00358624274807739,1.0,1.143410538271694e-08,0.0001,2.0,0.18007598162446156,61,4.299555767513637,16.658791589509413,1.327728237817199,17.98651982732661
1.0,1.0,0.02103164459778774,0.0035862576492385837,1.0,1.143410538271694e-08,0.0001,2.0,0.18007598162446156,61,4.299555767513637,16.658791589509413,1.327728237817199,17.98651982732661
1.0,1.0,0.02103164459778774,0.00358624274807739,1.0,1.143410538271694e-08,0.0001,1.9999999701976776,0.18007598162446156,61,4.29955576763137,16.658791589995435,1.3277282829112618,17.986519872906698
1.0,1.0,0.02103164459778774,0.00358624274807739,1.0,1.143410538271694e-08,0.0001,2.0,0.18007598162446156,61,4.299555767639739,16.658791590029658,1.3277282373036297,17.986519827333286
1.0,1.0,0.02103164459183154,0.003586242742121188,1.0,1.5045728877776558e-08,0.0001,2.0,0.18007598163377783,61,4.299555767888711,16.658791592033875,1.327728242345235,17.98651983437911
1.0,1.0,0.021031644592852367,0.003586242743142015,1.0,1.6980629959914526e-08,0.0001,2.0,0.1800759816321811,61,4.2995557680200855,16.65879159309724,1.3277282450566106,17.986519838153853
1.0,1.0,0.021031644593425537,0.003586242743715185,1.0,1.8067030434158128e-08,0.0001,2.0,0.1800759816312846,61,4.29955576809385,16.6587915936943,1.3277282465789828,17.986519840273278
1.0,1.0,0.021031644589137182,0.003586242739426829,0.99999999,-4.962390279217986e-09,0.0001,2.0,0.18007598163799216,61,4.29955577002498,16.658791595546827,1.3277282142219258,17.986519809768748
1.0,1.0,0.021031644595291412,0.0035862427455810595,1.0,2.1603657817539908e-08,0.0001,2.0,0.18007598162836613,61,4.299555768333977,16.658791595637922,1.3277282515348559,17.98651984717278
1.0,1.0,0.021031644589137182,0.003586242739426829,1.0,-4.962390279217986e-09,0.0001,2.0,0.18007599163799215,61,4.2995557694692845,16.658791596329003,1.3277282129185444,17.98651980924755
1.0,1.0,0.02103164459778774,0.00358624274807739,1.0,2.6335266576564596e-08,0.0001,2.0,0.18007598162446156,61,4.299555768655242,16.658791598238274,1.3277282581652559,17.986519856403532
1.0,1.0,0.021031644589137182,0.003586242739426829,0.9999999850988388,-4.962390279217986e-09,0.0001,2.0,0.18007598163799216,61,4.29955577173966,16.658791602667325,1.3277282073603007,17.986519810027623
1.0,1.0,0.021031644589137182,0.003586242739426829,1.0,-4.962390279217986e-09,0.0001,2.0,0.18007599653915335,61,4.299555770911612,16.65879160383287,1.3277282054181103,17.986519809250986
1.0,1.0,0.021031644590445594,0.0035862427407352417,0.9999999850988388,-2.48239096735567e-09,0.0001,2.0,0.18007598163594563,61,4.299555771908046,16.658791604030267,1.3277282038915235,17.986519807921788
1.0,1.0,0.021031644591117456,0.003586242741407103,0.9999999850988388,-1.2089279159350063e-09,0.0001,2.0,0.18007598163489474,61,4.29955577199451,16.658791604730123,1.3277282021103298,17.986519806840448
1.0,1.0,0.02103164459155966,0.0035862427418493097,0.9999999850988388,-3.7075814307130637e-10,0.0001,2.0,0.18007598163420308,61,4.299555772051419,16.658791605190753,1.3277282009379805,17.986519806128737
1.0,1.0,0.021031644590445594,0.0035862427407352417,1.0,-2.48239096735567e-09,0.0001,2.0,0.18007599653710682,61,4.299555771079997,16.65879160519581,1.327728201949333,17.98651980714514
1.0,1.0,0.021031644591739746,0.003586242742029392,0.9999999850988388,-2.9426272170716005e-11,0.0001,2.0,0.1800759816339214,61,4.299555772074595,16.65879160537834,1.3277282004605602,17.9865198058389
1.0,1.0,0.021031644591739746,0.003586242742029392,0.9999999850988388,-2.9426272170716005e-11,0.0001,2.0,0.1800759816339214,61,4.299555772074595,16.65879160537834,1.3277282004605602,17.9865198058389
1.0,1.0,0.02103164459183154,0.003586242742121188,0.9999999850988388,1.4456768392890158e-10,0.0001,2.0,0.18007598163377783,61,4.299555772086409,16.65879160547396,1.327728200621984,17.98651980609595
1.0,1.0,0.021031644591117456,0.003586242741407103,1.0,-1.2089279159350063e-09,0.0001,2.0,0.18007599653605594,61,4.299555771166461,16.65879160589567,1.3277282001681394,17.986519806063804
1.0,1.0,0.02103164459155966,0.0035862427418493097,1.0,-3.7075814307130637e-10,0.0001,2.0,0.18007599653536427,61,4.29955577122337,16.658791606356303,1.3277281989957903,17.986519805352092
1.0,1.0,0.021031644592852367,0.003586242743142015,0.9999999850988388,2.079468766066869e-09,0.0001,2.0,0.1800759816321811,61,4.299555772217784,16.658791606537324,1.3277282033333593,17.986519809870686
1.0,1.0,0.021031644591739746,0.003586242742029392,1.0,-2.9426272170716005e-11,0.0001,2.0,0.1800759965350826,61,4.2995557712465455,16.65879160654389,1.3277281985183702,17.986519805062255
1.0,1.0,0.021031644591739746,0.003586242742029392,1.0,-2.9426272170716005e-11,0.0001,2.0,0.1800759965350826,61,4.2995557712465455,16.65879160654389,1.3277281985183702,17.986519805062255
1.0,1.0,0.02103164459183154,0.003586242742121188,1.0,1.4456768392890158e-10,0.0001,2.0,0.18007599653493903,61,4.29955577125836,16.65879160663951,1.327728198679794,17.986519805319304
1.0,1.0,0.021031644593425537,0.003586242743715185,0.9999999850988388,3.165869240310473e-09,0.0001,2.0,0.1800759816312846,61,4.299555772291549,16.658791607134383,1.3277282048557315,17.986519811990114
1.0,1.0,0.021031644592852367,0.003586242743142015,1.0,2.079468766066869e-09,0.0001,2.0,0.1800759965333423,61,4.299555771389735,16.65879160770287,1.3277282013911689,17.986519809094037
1.0,1.0,0.021031644593425537,0.003586242743715185,1.0,3.165869240310473e-09,0.0001,2.0,0.1800759965324458,61,4.299555771463498,16.65879160829993,1.3277282029135413,17.986519811213473
1.0,1.0,0.021031644595291412,0.0035862427455810595,0.9999999850988388,6.702496623692253e-09,0.0001,2.0,0.18007598162836613,61,4.299555772531676,16.658791609078012,1.327728209811604,17.98651981888961
1.0,1.0,0.021031644595291412,0.0035862427455810595,1.0,6.702496623692253e-09,0.0001,2.0,0.18007599652952733,61,4.299555771703627,16.658791610243558,1.3277282078694146,17.98651981811297
1.0,1.0,0.02103164459778774,0.00358624274807739,0.9999999850988388,1.143410538271694e-08,0.0001,2.0,0.18007598162446156,61,4.2995557728529405,16.658791611678367,1.3277282164420037,17.986519828120368
1.0,1.0,0.02103164459778774,0.00358624274807739,1.0,1.143410538271694e-08,0.0001,2.0,0.18007599652562276,61,4.299555772024891,16.658791612843913,1.3277282144998137,17.986519827343724
0.99999999,1.0,0.021031644589137182,0.003586242739426829,1.0,-4.962390279217986e-09,0.0001,2.0,0.18007598163799216,61,4.2995557807013745,16.65879162939018,1.3277282282219258,17.9865198576121
1.0,0.99999999,0.021031644589137182,0.003586242739426829,1.0,-4.962390279217986e-09,0.0001,2.0,0.18007598163799216,61,4.2995557807013745,16.65879162939018,1.3277282282219258,17.9865198576121
1.0,0.9999999850988388,0.021031644589137182,0.003586242739426829,1.0,-4.962390279217986e-09,0.0001,2.0,0.18007598163799216,61,4.299555787648729,16.658791653097857,1.3277282282219258,17.98651988131979
0.9999999850988388,1.0,0.021031644589137182,0.003586242739426829,1.0,-4.962390279217986e-09,0.0001,2.0,0.18007598163799216,61,4.299555787648729,16.658791653097857,1.3277282282219258,17.98651988131979
0.9999999850988388,1.0,0.021031644590445594,0.0035862427407352417,1.0,-2.48239096735567e-09,0.0001,2.0,0.18007598163594563,61,4.299555787817115,16.658791654460796,1.3277282247531488,17.986519879213944
1.0,0.9999999850988388,0.021031644590445594,0.0035862427407352417,1.0,-2.48239096735567e-09,0.0001,2.0,0.18007598163594563,61,4.299555787817115,16.658791654460796,1.3277282247531488,17.986519879213944
1.0,0.9999999850988388,0.021031644591117456,0.003586242741407103,1.0,-1.2089279159350063e-09,0.0001,2.0,0.18007598163489474,61,4.2995557879035795,16.658791655160655,1.3277282229719554,17.986519878132608
0.9999999850988388,1.0,0.021031644591117456,0.003586242741407103,1.0,-1.2089279159350063e-09,0.0001,2.0,0.18007598163489474,61,4.2995557879035795,16.65879165516066,1.3277282229719554,17.986519878132608
1.0,0.9999999850988388,0.02103164459155966,0.0035862427418493097,1.0,-3.7075814307130637e-10,0.0001,2.0,0.18007598163420308,61,4.2995557879604895,16.65879165562129,1.3277282217996067,17.986519877420893
0.9999999850988388,1.0,0.02103164459155966,0.0035862427418493097,1.0,-3.7075814307130637e-10,0.0001,2.0,0.18007598163420308,61,4.2995557879604895,16.65879165562129,1.3277282217996067,17.986519877420893
0.9999999850988388,1.0,0.021031644591739746,0.003586242742029392,1.0,-2.9426272170716005e-11,0.0001,2.0,0.1800759816339214,61,4.299555787983665,16.658791655808873,1.327728221322186,17.98651987713106
0.9999999850988388,1.0,0.021031644591739746,0.003586242742029392,1.0,-2.9426272170716005e-11,0.0001,2.0,0.1800759816339214,61,4.299555787983665,16.658791655808873,1.327728221322186,17.98651987713106
1.0,0.9999999850988388,0.021031644591739746,0.003586242742029392,1.0,-2.9426272170716005e-11,0.0001,2.0,0.1800759816339214,61,4.299555787983665,16.658791655808876,1.327728221322186,17.98651987713106
1.0,0.9999999850988388,0.021031644591739746,0.003586242742029392,1.0,-2.9426272170716005e-11,0.0001,2.0,0.1800759816339214,61,4.299555787983665,16.658791655808876,1.327728221322186,17.98651987713106
1.0,0.9999999850988388,0.02103164459183154,0.003586242742121188,1.0,1.4456768392890158e-10,0.0001,2.0,0.18007598163377783,61,4.299555787995478,16.658791655904494,1.3277282214836092,17.98651987738811
0.9999999850988388,1.0,0.02103164459183154,0.003586242742121188,1.0,1.4456768392890158e-10,0.0001,2.0,0.18007598163377783,61,4.299555787995478,16.658791655904494,1.3277282214836092,17.986519877388105
1.0,0.9999999850988388,0.021031644592852367,0.003586242743142015,1.0,2.079468766066869e-09,0.0001,2.0,0.1800759816321811,61,4.299555788126854,16.658791656967857,1.327728224194985,17.98651988116285
0.9999999850988388,1.0,0.021031644592852367,0.003586242743142015,1.0,2.079468766066869e-09,0.0001,2.0,0.1800759816321811,61,4.299555788126854,16.658791656967857,1.327728224194985,17.98651988116285
1.0,0.9999999850988388,0.021031644593425537,0.003586242743715185,1.0,3.165869240310473e-09,0.0001,2.0,0.1800759816312846,61,4.2995557882006175,16.65879165756492,1.327728225717357,17.986519883282273
0.9999999850988388,1.0,0.021031644593425537,0.003586242743715185,1.0,3.165869240310473e-09,0.0001,2.0,0.1800759816312846,61,4.2995557882006175,16.65879165756492,1.327728225717357,17.986519883282273
1.0,0.9999999850988388,0.021031644595291412,0.0035862427455810595,1.0,6.702496623692253e-09,0.0001,2.0,0.18007598162836613,61,4.299555788440746,16.658791659508548,1.3277282306732299,17.98651989018177
0.9999999850988388,1.0,0.021031644595291412,0.0035862427455810595,1.0,6.702496623692253e-09,0.0001,2.0,0.18007598162836613,61,4.299555788440746,16.658791659508548,1.3277282306732299,17.98651989018177
0.9999999850988388,1.0,0.02103164459778774,0.00358624274807739,1.0,1.143410538271694e-08,0.0001,2.0,0.18007598162446156,61,4.299555788762009,16.6587916621089,1.32772823730363,17.98651989941253
1.0,0.9999999850988388,0.02103164459778774,0.00358624274807739,1.0,1.143410538271694e-08,0.0001,2.0,0.18007598162446156,61,4.299555788762009,16.6587916621089,1.32772823730363,17.98651989941253
1.0,1.0,0.021031659593218493,0.0035862428423469456,1.0,1.901150495801577e-07,0.0001,2.0,0.18007598147701173,61,4.29955577964562,16.65879168770729,1.3277284882026925,17.98652017590998
1.0,1.0,0.0210316446920573,0.0035862577435081394,1.0,1.901150495801577e-07,0.0001,2.0,0.18007598147701173,61,4.29955577964562,16.65879168770729,1.3277284882026925,17.98652017590998
1.0,1.0,0.0210316446920573,0.0035862428423469456,1.0,1.901150495801577e-07,0.0001,1.9999999701976776,0.18007598147701173,61,4.299555779763352,16.658791688193304,1.3277285332967552,17.986520221490064
1.0,1.0,0.0210316446920573,0.0035862428423469456,1.0,1.901150495801577e-07,0.0001,2.0,0.18007598147701173,61,4.299555779771721,16.658791688227527,1.3277284876891233,17.986520175916652
1.0,1.0,0.0210316446920573,0.0035862428423469456,1.0,2.0501621077400535e-07,0.0001,2.0,0.18007598147701173,61,4.299555780787225,16.658791696436154,1.3277285085507526,17.98652020498691
1.0,1.0,0.0210316446920573,0.0035862428423469456,0.9999999850988388,1.901150495801577e-07,0.0001,2.0,0.18007598147701173,61,4.299555784984923,16.658791709876237,1.3277284668274936,17.98652017670373
1.0,1.0,0.0210316446920573,0.0035862428423469456,1.0,1.901150495801577e-07,0.0001,2.0,0.18007599637817293,61,4.299555784156875,16.658791711041786,1.3277284648853072,17.98652017592709
1.0,0.9999999850988388,0.0210316446920573,0.0035862428423469456,1.0,1.901150495801577e-07,0.0001,2.0,0.18007598147701173,61,4.299555800893993,16.658791760306773,1.3277284876891235,17.986520247995898
0.9999999850988388,1.0,0.0210316446920573,0.0035862428423469456,1.0,1.901150495801577e-07,0.0001,2.0,0.18007598147701173,61,4.299555800893993,16.658791760306777,1.3277284876891235,17.986520247995898
1.0,1.0,0.021031644589137182,0.003586242739426829,1.0,-4.962390279217986e-09,0.00010001,2.0,0.18007598163799216,61,4.299555820367453,16.658791760683307,1.3277282129185444,17.986519973601848
1.0,1.0,0.021031644589137182,0.003586242739426829,1.0,-4.962390279217986e-09,0.00010001490116119385,2.0,0.18007598163799216,61,4.299555846755793,16.658791848739863,1.3277282054181103,17.98652005415797
1.0,1.0,0.021031644590445594,0.0035862427407352417,1.0,-2.48239096735567e-09,0.00010001490116119385,2.0,0.18007598163594563,61,4.2995558469241795,16.658791850102798,1.327728201949333,17.986520052052132
1.0,1.0,0.021031644591117456,0.003586242741407103,1.0,-1.2089279159350063e-09,0.00010001490116119385,2.0,0.18007598163489474,61,4.299555847010643,16.658791850802658,1.3277282001681394,17.9865200509708
1.0,1.0,0.02103164459155966,0.0035862427418493097,1.0,-3.7075814307130637e-10,0.00010001490116119385,2.0,0.18007598163420308,61,4.299555847067554,16.658791851263288,1.3277281989957903,17.98652005025908
1.0,1.0,0.021031644591739746,0.003586242742029392,1.0,-2.9426272170716005e-11,0.00010001490116119385,2.0,0.1800759816339214,61,4.299555847090729,16.65879185145088,1.3277281985183702,17.986520049969247
1.0,1.0,0.021031644591739746,0.003586242742029392,1.0,-2.9426272170716005e-11,0.00010001490116119385,2.0,0.1800759816339214,61,4.299555847090729,16.65879185145088,1.3277281985183702,17.986520049969247
1.0,1.0,0.02103164459183154,0.003586242742121188,1.0,1.4456768392890158e-10,0.00010001490116119385,2.0,0.18007598163377783,61,4.299555847102543,16.6587918515465,1.327728198679794,17.986520050226297
1.0,1.0,0.021031644592852367,0.003586242743142015,1.0,2.079468766066869e-09,0.00010001490116119385,2.0,0.1800759816321811,61,4.299555847233917,16.658791852609866,1.3277282013911689,17.986520054001033
1.0,1.0,0.021031644593425537,0.003586242743715185,1.0,3.165869240310473e-09,0.00010001490116119385,2.0,0.1800759816312846,61,4.299555847307681,16.658791853206917,1.3277282029135413,17.98652005612046
1.0,1.0,0.021031644595291412,0.0035862427455810595,1.0,6.702496623692253e-09,0.00010001490116119385,2.0,0.18007598162836613,61,4.2995558475478095,16.658791855150547,1.3277282078694146,17.98652006301996
1.0,1.0,0.02103164459778774,0.00358624274807739,1.0,1.143410538271694e-08,0.00010001490116119385,2.0,0.18007598162446156,61,4.299555847869073,16.658791857750906,1.3277282144998137,17.986520072250716
1.0,1.0,0.0210316446920573,0.0035862428423469456,1.0,1.901150495801577e-07,0.00010001490116119385,2.0,0.18007598147701173,61,4.299555860001059,16.658791955948782,1.3277284648853072,17.98652042083409
1.0,1.0,0.021031660761528955,0.0035862440106574074,1.0,2.404560792399207e-06,0.0001,2.0,0.18007597964962246,61,4.299555930001816,16.658792904704722,1.3277315913078098,17.986524496012535
1.0,1.0,0.02103164586036776,0.0035862589118186012,1.0,2.404560792399207e-06,0.0001,2.0,0.18007597964962246,61,4.299555930001816,16.658792904704722,1.3277315913078098,17.986524496012535
1.0,1.0,0.02103164586036776,0.0035862440106574074,1.0,2.404560792399207e-06,0.0001,1.9999999701976776,0.18007597964962246,61,4.299555930119547,16.65879290519074,1.327731636401873,17.986524541592615
1.0,1.0,0.02103164586036776,0.0035862440106574074,1.0,2.404560792399207e-06,0.0001,2.0,0.18007597964962246,61,4.299555930127918,16.658792905224967,1.3277315907942404,17.9865244960192
1.0,1.0,0.02103164586036776,0.0035862440106574074,1.0,2.4194619535930546e-06,0.0001,2.0,0.18007597964962246,61,4.299555931143432,16.658792913433615,1.3277316116559164,17.986524525089532
1.0,1.0,0.02103164586036776,0.0035862440106574074,0.9999999850988388,2.404560792399207e-06,0.0001,2.0,0.18007597964962246,61,4.299555935341126,16.658792926873687,1.327731569932565,17.98652449680625
1.0,1.0,0.02103164586036776,0.0035862440106574074,1.0,2.404560792399207e-06,0.0001,2.0,0.18007599455078366,61,4.299555934513085,16.658792928039208,1.3277315679904251,17.986524496029638
1.0,1.0,0.021031476781924793,0.003586297739717495,1.0,3.855759065553042e-08,0.0001,2.0,0.1800768571049677,61,4.299556028082129,16.658792949305415,1.3277269316075098,17.986519880912926
1.0,1.0,0.021031486781924794,0.0035862877397174952,1.0,3.855759065553042e-08,0.0001,2.0,0.1800768571049677,61,4.299556028082129,16.658792949305415,1.3277269316075098,17.986519880912926
1.0,1.0,0.021031476781924793,0.0035862877397174952,1.0,3.855759065553042e-08,0.0001,1.99999999,0.1800768571049677,61,4.299556028163945,16.65879294964306,1.327726946566226,17.986519896209284
1.0,1.0,0.021031476781924793,0.0035862877397174952,1.0,3.855759065553042e-08,0.0001,2.0,0.1800768571049677,61,4.299556028166752,16.658792949654543,1.327726931262861,17.986519880917403
1.0,1.0,0.021031476781924793,0.0035862877397174952,1.0,4.855759065553042e-08,0.0001,2.0,0.1800768571049677,61,4.299556028848249,16.658792955163253,1.3277269452628613,17.986519900426114
1.0,1.0,0.021031476781924793,0.0035862877397174952,0.99999999,3.855759065553042e-08,0.0001,2.0,0.1800768571049677,61,4.299556031665276,16.658792964182744,1.3277269172628605,17.986519881445606
1.0,1.0,0.021031476781924793,0.0035862877397174952,1.0,3.855759065553042e-08,0.0001,2.0,0.1800768671049677,61,4.29955603110959,16.65879296496495,1.3277269159594955,17.986519880924437
1.0,0.9999999850988388,0.02103164586036776,0.0035862440106574074,1.0,2.404560792399207e-06,0.0001,2.0,0.18007597964962246,61,4.299555951250197,16.658792977304234,1.3277315907942406,17.98652456809847
0.9999999850988388,1.0,0.02103164586036776,0.0035862440106574074,1.0,2.404560792399207e-06,0.0001,2.0,0.18007597964962246,61,4.299555951250197,16.658792977304234,1.3277315907942406,17.986524568098474
0.99999999,1.0,0.021031476781924793,0.0035862877397174952,1.0,3.855759065553042e-08,0.0001,2.0,0.1800768571049677,61,4.2995560423416705,16.658792998026108,1.327726931262861,17.98651992928897
1.0,0.99999999,0.021031476781924793,0.0035862877397174952,1.0,3.855759065553042e-08,0.0001,2.0,0.1800768571049677,61,4.299556042341671,16.658792998026108,1.327726931262861,17.98651992928897
1.0,1.0,0.021031476781924793,0.0035862877397174952,1.0,3.855759065553042e-08,0.00010001,2.0,0.1800768571049677,61,4.2995560820077525,16.658793129319243,1.3277269159594955,17.986520045278734
1.0,1.0,0.02103164586036776,0.0035862440106574074,1.0,2.404560792399207e-06,0.00010001490116119385,2.0,0.18007597964962246,61,4.299556010357271,16.658793172946286,1.3277315679904251,17.98652474093671
1.0,1.0,0.021031388509579772,0.0035863140930787562,1.0,6.404404335774328e-08,0.0001,2.0,0.18007736980160008,61,4.299556181306102,16.658793750815494,1.3277261802117273,17.98651993102722
1.0,1.0,0.02103137850957977,0.003586324093078756,1.0,6.404404335774328e-08,0.0001,2.0,0.18007736980160008,61,4.299556181306102,16.658793750815494,1.3277261802117273,17.98651993102722
1.0,1.0,0.02103137850957977,0.0035863140930787562,1.0,6.404404335774328e-08,0.0001,1.99999999,0.18007736980160008,61,4.299556181387918,16.658793751153144,1.3277261951704344,17.986519946323575
1.0,1.0,0.02103137850957977,0.0035863140930787562,1.0,6.404404335774328e-08,0.0001,2.0,0.18007736980160008,61,4.299556181390726,16.65879375116463,1.327726179867079,17.986519931031705
1.0,1.0,0.02103137850957977,0.0035863140930787562,1.0,7.404404335774328e-08,0.0001,2.0,0.18007736980160008,61,4.299556182072225,16.658793756673337,1.3277261938670801,17.986519950540412
1.0,1.0,0.02103137850957977,0.0035863140930787562,0.99999999,6.404404335774328e-08,0.0001,2.0,0.18007736980160008,61,4.2995561848892505,16.658793765692828,1.3277261658670785,17.9865199315599
1.0,1.0,0.02103137850957977,0.0035863140930787562,1.0,6.404404335774328e-08,0.0001,2.0,0.18007737980160007,61,4.2995561843335715,16.65879376647504,1.3277261645637237,17.98651993103876
1.0,0.99999999,0.02103137850957977,0.0035863140930787562,1.0,6.404404335774328e-08,0.0001,2.0,0.18007736980160008,61,4.299556195565645,16.658793799536195,1.3277261798670796,17.986519979403276
0.99999999,1.0,0.02103137850957977,0.0035863140930787562,1.0,6.404404335774328e-08,0.0001,2.0,0.18007736980160008,61,4.299556195565645,16.6587937995362,1.3277261798670796,17.986519979403276
1.0,1.0,0.02103137850957977,0.0035863140930787562,1.0,6.404404335774328e-08,0.00010001,2.0,0.18007736980160008,61,4.299556235231727,16.658793930829333,1.3277261645637237,17.986520095393058
1.0,1.0,0.02103121700976359,0.00358636008360245,1.0,1.085216830505749e-07,0.0001,2.0,0.18007826453325818,61,4.299556448705529,16.658795149570626,1.3277248689158474,17.98652001848647
1.0,1.0,0.02103120700976359,0.00358637008360245,1.0,1.085216830505749e-07,0.0001,2.0,0.18007826453325818,61,4.299556448705529,16.658795149570626,1.3277248689158474,17.98652001848647
1.0,1.0,0.02103120700976359,0.00358636008360245,1.0,1.085216830505749e-07,0.0001,1.99999999,0.18007826453325818,61,4.299556448787344,16.658795149908272,1.3277248838745408,17.986520033782813
1.0,1.0,0.02103120700976359,0.00358636008360245,1.0,1.085216830505749e-07,0.0001,2.0,0.18007826453325818,61,4.299556448790153,16.658795149919754,1.3277248685712018,17.986520018490953
1.0,1.0,0.02103120700976359,0.00358636008360245,1.0,1.1852168305057489e-07,0.0001,2.0,0.18007826453325818,61,4.2995564494716545,16.65879515542846,1.3277248825712038,17.98652003799966
1.0,1.0,0.02103120700976359,0.00358636008360245,0.99999999,1.085216830505749e-07,0.0001,2.0,0.18007826453325818,61,4.299556452288679,16.658795164447948,1.3277248545712004,17.986520019019146
1.0,1.0,0.02103120700976359,0.00358636008360245,1.0,1.085216830505749e-07,0.0001,2.0,0.18007827453325817,61,4.299556451733009,16.658795165230185,1.327724853267863,17.986520018498044
0.99999999,1.0,0.02103120700976359,0.00358636008360245,1.0,1.085216830505749e-07,0.0001,2.0,0.18007826453325818,61,4.299556462965074,16.658795198291322,1.3277248685712018,17.98652006686253
1.0,0.99999999,0.02103120700976359,0.00358636008360245,1.0,1.085216830505749e-07,0.0001,2.0,0.18007826453325818,61,4.299556462965074,16.658795198291322,1.3277248685712018,17.98652006686253
1.0,1.0,0.02103120700976359,0.00358636008360245,1.0,1.085216830505749e-07,0.00010001,2.0,0.18007826453325818,61,4.299556502631158,16.65879532958448,1.327724853267863,17.986520182852338
1.0,1.0,0.021030880993249897,0.003586208146325424,1.0,1.4016584289412197e-07,0.0001,2.0,0.18008163974761301,61,4.299557448276239,16.658800351646878,1.3277197312063729,17.98652008285325
1.0,1.0,0.0210308909932499,0.003586198146325424,1.0,1.4016584289412197e-07,0.0001,2.0,0.18008163974761301,61,4.299557448276239,16.658800351646878,1.3277197312063729,17.98652008285325
1.0,1.0,0.021030880993249897,0.003586198146325424,1.0,1.4016584289412197e-07,0.0001,1.99999999,0.18008163974761301,61,4.299557448358054,16.65880035198452,1.3277197461650094,17.98652009814953
1.0,1.0,0.021030880993249897,0.003586198146325424,1.0,1.4016584289412197e-07,0.0001,2.0,0.18008163974761301,61,4.299557448360863,16.658800351996007,1.3277197308617334,17.986520082857737
1.0,1.0,0.021030880993249897,0.003586198146325424,1.0,1.5016584289412198e-07,0.0001,2.0,0.18008163974761301,61,4.299557449042379,16.658800357504706,1.3277197448617355,17.986520102366445
1.0,1.0,0.021030880993249897,0.003586198146325424,0.99999999,1.4016584289412197e-07,0.0001,2.0,0.18008163974761301,61,4.299557451859398,16.65880036652419,1.3277197168617316,17.986520083385923
1.0,1.0,0.021030880993249897,0.003586198146325424,1.0,1.4016584289412197e-07,0.0001,2.0,0.180081649747613,61,4.299557451303765,16.658800367306497,1.3277197155584577,17.986520082864956
1.0,0.99999999,0.021030880993249897,0.003586198146325424,1.0,1.4016584289412197e-07,0.0001,2.0,0.18008163974761301,61,4.29955746253579,16.658800400367596,1.3277197308617334,17.98652013122933
0.99999999,1.0,0.021030880993249897,0.003586198146325424,1.0,1.4016584289412197e-07,0.0001,2.0,0.18008163974761301,61,4.29955746253579,16.658800400367596,1.3277197308617334,17.98652013122933
1.0,1.0,0.021030880993249897,0.003586198146325424,1.0,1.4016584289412197e-07,0.00010001,2.0,0.18008163974761301,61,4.299557502201885,16.65880053166078,1.3277197155584577,17.986520247219232
1.0,1.0,0.021030312835549462,0.0035861955248547087,1.0,2.5665722532338846e-07,0.0001,2.0,0.18008571468870715,61,4.299558660356656,16.658806675045874,1.3277136382992967,17.986520313345174
1.0,1.0,0.02103030283554946,0.0035862055248547086,1.0,2.5665722532338846e-07,0.0001,2.0,0.18008571468870715,61,4.299558660356656,16.658806675045877,1.3277136382992967,17.986520313345174
1.0,1.0,0.02103030283554946,0.0035861955248547087,1.0,2.5665722532338846e-07,0.0001,1.99999999,0.18008571468870715,61,4.2995586604384695,16.658806675383516,1.3277136532578657,17.986520328641383
1.0,1.0,0.02103030283554946,0.0035861955248547087,1.0,2.5665722532338846e-07,0.0001,2.0,0.18008571468870715,61,4.299558660441277,16.658806675394995,1.3277136379546657,17.986520313349665
1.0,1.0,0.02103030283554946,0.0035861955248547087,1.0,2.6665722532338847e-07,0.0001,2.0,0.18008571468870715,61,4.299558661122811,16.6588066809037,1.3277136519546695,17.98652033285837
1.0,1.0,0.02103030283554946,0.0035861955248547087,0.99999999,2.5665722532338846e-07,0.0001,2.0,0.18008571468870715,61,4.299558663939824,16.65880668992317,1.3277136239546623,17.986520313877836
1.0,1.0,0.02103030283554946,0.0035861955248547087,1.0,2.5665722532338846e-07,0.0001,2.0,0.18008572468870715,61,4.299558663384234,16.658806690705568,1.327713622651465,17.986520313357033
1.0,0.99999999,0.02103030283554946,0.0035861955248547087,1.0,2.5665722532338846e-07,0.0001,2.0,0.18008571468870715,61,4.299558674616212,16.658806723766613,1.3277136379546657,17.98652036172128
0.99999999,1.0,0.02103030283554946,0.0035861955248547087,1.0,2.5665722532338846e-07,0.0001,2.0,0.18008571468870715,61,4.299558674616212,16.658806723766613,1.3277136379546657,17.98652036172128
1.0,1.0,0.02103030283554946,0.0035861955248547087,1.0,2.5665722532338846e-07,0.00010001,2.0,0.18008571468870715,61,4.299558714282317,16.658806855059836,1.3277136226514663,17.986520477711302
1.0,1.0,0.021031660337783035,0.003586273389233874,1.0,2.9845426615640868e-05,0.0001,2.0,0.18007595700506498,61,4.29955779332392,16.658807985770174,1.3277700447912015,17.986578030561375
1.0,1.0,0.02103167523894423,0.00358625848807268,1.0,2.9845426615640868e-05,0.0001,2.0,0.18007595700506498,61,4.29955779332392,16.658807985770174,1.3277700447912015,17.986578030561375
1.0,1.0,0.021031660337783035,0.00358625848807268,1.0,2.9845426615640868e-05,0.0001,1.9999999701976776,0.18007595700506498,61,4.299557793441644,16.65880798625617,1.3277700898852653,17.986578076141438
1.0,1.0,0.021031660337783035,0.00358625848807268,1.0,2.9845426615640868e-05,0.0001,2.0,0.18007595700506498,61,4.299557793450014,16.658807986290395,1.3277700442776317,17.986578030568023
1.0,1.0,0.021031660337783035,0.00358625848807268,1.0,2.9860327776834716e-05,0.0001,2.0,0.18007595700506498,61,4.299557794465675,16.65880799449938,1.32777006513988,17.98657805963926
1.0,1.0,0.021031660337783035,0.00358625848807268,0.9999999850988388,2.9845426615640868e-05,0.0001,2.0,0.18007595700506498,61,4.299557798663308,16.658808007939307,1.3277700234153835,17.98657803135469
1.0,1.0,0.021031660337783035,0.00358625848807268,1.0,2.9845426615640868e-05,0.0001,2.0,0.18007597190622618,61,4.299557797835357,16.658808009104593,1.327770021473815,17.986578030578407
0.9999999850988388,1.0,0.021031660337783035,0.00358625848807268,1.0,2.9845426615640868e-05,0.0001,2.0,0.18007595700506498,61,4.29955781457239,16.658808058369935,1.327770044277632,17.98657810264757
1.0,0.9999999850988388,0.021031660337783035,0.00358625848807268,1.0,2.9845426615640868e-05,0.0001,2.0,0.18007595700506498,61,4.299557814572389,16.658808058369935,1.327770044277632,17.98657810264757
1.0,1.0,0.021031660337783035,0.00358625848807268,1.0,2.9845426615640868e-05,0.00010001490116119385,2.0,0.18007595700506498,61,4.299557873679591,16.6588082540126,1.327770021473815,17.98657827548642
1.0,1.0,0.021029210988657517,0.0035862005742250606,1.0,4.766504101374429e-07,0.0001,2.0,0.1800934101872972,61,4.29956094942399,16.658818616826157,1.3277021319715303,17.98652074879769
1.0,1.0,0.021029220988657518,0.0035861905742250607,1.0,4.766504101374429e-07,0.0001,2.0,0.1800934101872972,61,4.299560949423989,16.658818616826157,1.3277021319715303,17.986520748797695
1.0,1.0,0.021029210988657517,0.0035861905742250607,1.0,4.766504101374429e-07,0.0001,1.99999999,0.1800934101872972,61,4.2995609495058,16.658818617163792,1.3277021469299712,17.98652076409376
1.0,1.0,0.021029210988657517,0.0035861905742250607,1.0,4.766504101374429e-07,0.0001,2.0,0.1800934101872972,61,4.299560949508608,16.658818617175275,1.3277021316269149,17.98652074880219
1.0,1.0,0.021029210988657517,0.0035861905742250607,1.0,4.866504101374429e-07,0.0001,2.0,0.1800934101872972,61,4.299560950190176,16.658818622683967,1.3277021456269218,17.98652076831089
1.0,1.0,0.021029210988657517,0.0035861905742250607,0.99999999,4.766504101374429e-07,0.0001,2.0,0.1800934101872972,61,4.299560953007177,16.65881863170343,1.3277021176269086,17.986520749330342
1.0,1.0,0.021029210988657517,0.0035861905742250607,1.0,4.766504101374429e-07,0.0001,2.0,0.18009342018729718,61,4.299560952451669,16.65881863248599,1.3277021163238587,17.986520748809845
0.99999999,1.0,0.021029210988657517,0.0035861905742250607,1.0,4.766504101374429e-07,0.0001,2.0,0.1800934101872972,61,4.299560963683559,16.65881866554693,1.3277021316269149,17.986520797173842
1.0,0.99999999,0.021029210988657517,0.0035861905742250607,1.0,4.766504101374429e-07,0.0001,2.0,0.1800934101872972,61,4.299560963683558,16.65881866554693,1.3277021316269149,17.986520797173842
1.0,1.0,0.021029210988657517,0.0035861905742250607,1.0,4.766504101374429e-07,0.00010001,2.0,0.1800934101872972,61,4.299561003349685,16.658818796840237,1.3277021163238587,17.986520913164096
1.0,1.0,0.02102710520431375,0.0035861910262211406,1.0,9.00939023984162e-07,0.0001,2.0,0.18010825206720532,61,4.299565364448604,16.658841648584207,1.3276799406745936,17.9865215892588
1.0,1.0,0.021027115204313752,0.0035861810262211406,1.0,9.00939023984162e-07,0.0001,2.0,0.18010825206720532,61,4.299565364448604,16.658841648584207,1.3276799406745936,17.986521589258796
1.0,1.0,0.02102710520431375,0.0035861810262211406,1.0,9.00939023984162e-07,0.0001,1.99999999,0.18010825206720532,61,4.299565364530409,16.658841648921833,1.327679955632787,17.986521604554618
1.0,1.0,0.02102710520431375,0.0035861810262211406,1.0,9.00939023984162e-07,0.0001,2.0,0.18010825206720532,61,4.299565364533216,16.65884164893331,1.3276799403300072,17.986521589263315
1.0,1.0,0.02102710520431375,0.0035861810262211406,1.0,9.10939023984162e-07,0.0001,2.0,0.18010825206720532,61,4.2995653652148516,16.658841654441986,1.3276799543300202,17.986521608772005
1.0,1.0,0.02102710520431375,0.0035861810262211406,0.99999999,9.00939023984162e-07,0.0001,2.0,0.18010825206720532,61,4.299565368031824,16.658841663461427,1.3276799263299948,17.986521589791426
1.0,1.0,0.02102710520431375,0.0035861810262211406,1.0,9.00939023984162e-07,0.0001,2.0,0.18010826206720532,61,4.299565367476481,16.658841664244303,1.3276799250272278,17.98652158927153
0.99999999,1.0,0.02102710520431375,0.0035861810262211406,1.0,9.00939023984162e-07,0.0001,2.0,0.18010825206720532,61,4.299565378708195,16.658841697305046,1.3276799403300072,17.98652163763505
1.0,0.99999999,0.02102710520431375,0.0035861810262211406,1.0,9.00939023984162e-07,0.0001,2.0,0.18010825206720532,61,4.299565378708195,16.658841697305046,1.3276799403300072,17.98652163763505
1.0,1.0,0.02102710520431375,0.0035861810262211406,1.0,9.00939023984162e-07,0.00010001,2.0,0.18010825206720532,61,4.299565418374364,16.6588418285985,1.3276799250272278,17.98652175362573
1.0,1.0,0.021024645355202196,0.0035881223819042058,1.0,1.8128481964683825e-06,0.0001,2.0,0.18011254951100952,61,4.299566695943958,16.658848749204694,1.327674622872042,17.986523372076736
1.0,1.0,0.021024635355202194,0.0035881323819042057,1.0,1.8128481964683825e-06,0.0001,2.0,0.18011254951100952,61,4.299566695943958,16.658848749204694,1.327674622872042,17.986523372076736
1.0,1.0,0.021024635355202194,0.0035881223819042058,1.0,1.8128481964683825e-06,0.0001,1.99999999,0.18011254951100952,61,4.299566696025763,16.65884874954231,1.3276746378301625,17.986523387372475
1.0,1.0,0.021024635355202194,0.0035881223819042058,1.0,1.8128481964683825e-06,0.0001,2.0,0.18011254951100952,61,4.2995666960285694,16.658848749553794,1.3276746225274632,17.98652337208126
1.0,1.0,0.021024635355202194,0.0035881223819042058,1.0,1.8228481964683824e-06,0.0001,2.0,0.18011254951100952,61,4.299566696710225,16.658848755062476,1.3276746365274883,17.98652339158996
1.0,1.0,0.021024635355202194,0.0035881223819042058,0.99999999,1.8128481964683825e-06,0.0001,2.0,0.18011254951100952,61,4.29956669952719,16.658848764081903,1.3276746085274376,17.98652337260934
1.0,1.0,0.021024635355202194,0.0035881223819042058,1.0,1.8128481964683825e-06,0.0001,2.0,0.18011255951100952,61,4.299566698971894,16.658848764864867,1.327674607224764,17.98652337208963
0.99999999,1.0,0.021024635355202194,0.0035881223819042058,1.0,1.8128481964683825e-06,0.0001,2.0,0.18011254951100952,61,4.299566710203558,16.658848797925558,1.3276746225274632,17.986523420453018
1.0,0.99999999,0.021024635355202194,0.0035881223819042058,1.0,1.8128481964683825e-06,0.0001,2.0,0.18011254951100952,61,4.299566710203559,16.65884879792556,1.3276746225274632,17.986523420453018
1.0,1.0,0.021024635355202194,0.0035881223819042058,1.0,1.8128481964683825e-06,0.00010001,2.0,0.18011254951100952,61,4.299566749869741,16.658848929219072,1.327674607224764,17.986523536443837
1.0,1.0,0.021022892049169295,0.0035861719230200198,1.0,1.7498359024591797e-06,0.0001,2.0,0.18013794700860497,61,4.299574198724684,16.65888773068108,1.3276355426161395,17.98652327329722
1.0,1.0,0.021022902049169297,0.00358616192302002,1.0,1.7498359024591797e-06,0.0001,2.0,0.18013794700860497,61,4.299574198724684,16.65888773068108,1.3276355426161395,17.986523273297216
1.0,1.0,0.021022892049169295,0.00358616192302002,1.0,1.7498359024591797e-06,0.0001,1.99999999,0.18013794700860497,61,4.29957419880648,16.658887731018684,1.327635557573838,17.986523288592522
1.0,1.0,0.021022892049169295,0.00358616192302002,1.0,1.7498359024591797e-06,0.0001,2.0,0.18013794700860497,61,4.299574198809286,16.658887731030163,1.327635542271613,17.98652327330177
1.0,1.0,0.021022892049169295,0.00358616192302002,1.0,1.7598359024591796e-06,0.0001,2.0,0.18013794700860497,61,4.299574199491049,16.6588877365388,1.3276355562716378,17.986523292810443
1.0,1.0,0.021022892049169295,0.00358616192302002,0.99999999,1.7498359024591797e-06,0.0001,2.0,0.18013794700860497,61,4.299574202307974,16.658887745558204,1.3276355282715886,17.986523273829793
1.0,1.0,0.021022892049169295,0.00358616192302002,1.0,1.7498359024591797e-06,0.0001,2.0,0.18013795700860497,61,4.299574201752951,16.65888774634171,1.327635526969388,17.986523273311096
1.0,0.99999999,0.021022892049169295,0.00358616192302002,1.0,1.7498359024591797e-06,0.0001,2.0,0.18013794700860497,61,4.299574212984322,16.658887779402054,1.327635542271613,17.986523321673673
0.99999999,1.0,0.021022892049169295,0.00358616192302002,1.0,1.7498359024591797e-06,0.0001,2.0,0.18013794700860497,61,4.299574212984322,16.658887779402054,1.327635542271613,17.98652332167367
1.0,1.0,0.021022892049169295,0.00358616192302002,1.0,1.7498359024591797e-06,0.00010001,2.0,0.18013794700860497,61,4.299574252650573,16.658887910695817,1.327635526969388,17.986523437665205
1.0,1.0,0.021031839753072167,0.0035864528045230068,1.0,0.0003699137870853681,0.0001,2.0,0.18007567637625457,61,4.299580907345692,16.658994933131893,1.328246677481972,17.987241610613868
1.0,1.0,0.02103185465423336,0.003586437903361813,1.0,0.0003699137870853681,0.0001,2.0,0.18007567637625457,61,4.299580907345692,16.658994933131893,1.328246677481972,17.987241610613868
1.0,1.0,0.021031839753072167,0.003586437903361813,1.0,0.0003699137870853681,0.0001,1.9999999701976776,0.18007567637625457,61,4.299580907463331,16.65899493361767,1.3282467225760435,17.987241656193714
1.0,1.0,0.021031839753072167,0.003586437903361813,1.0,0.0003699137870853681,0.0001,2.0,0.18007567637625457,61,4.299580907471695,16.658994933651876,1.3282466769683938,17.987241610620273
1.0,1.0,0.021031839753072167,0.003586437903361813,1.0,0.00036992868824656195,0.0001,2.0,0.18007567637625457,61,4.299580908489165,16.658994941865014,1.328246697837737,17.98724163970275
1.0,1.0,0.021031839753072167,0.003586437903361813,0.9999999850988388,0.0003699137870853681,0.0001,2.0,0.18007567637625457,61,4.299580912686047,16.658994955303104,1.3282466560990518,17.987241611402155
1.0,1.0,0.021031839753072167,0.003586437903361813,1.0,0.0003699137870853681,0.0001,2.0,0.18007569127741577,61,4.299580911859217,16.658994956465406,1.3282466541645703,17.987241610629976
1.0,0.9999999850988388,0.021031839753072167,0.003586437903361813,1.0,0.0003699137870853681,0.0001,2.0,0.18007567637625457,61,4.299580928595267,16.658995005734837,1.328246676968394,17.987241682703228
0.9999999850988388,1.0,0.021031839753072167,0.003586437903361813,1.0,0.0003699137870853681,0.0001,2.0,0.18007567637625457,61,4.299580928595267,16.658995005734837,1.328246676968394,17.987241682703228
1.0,1.0,0.021031839753072167,0.003586437903361813,1.0,0.0003699137870853681,0.00010001490116119385,2.0,0.18007567637625457,61,4.299580987704049,16.65899520138507,1.3282466541645703,17.98724185554964
1.0,1.0,0.02094126984266061,0.0036104882284881323,1.0,2.3433286702777758e-05,0.0001,2.0,0.18054747571049493,61,4.299696829284883,16.659528882769596,1.327037414285115,17.986566297054715
1.0,1.0,0.02094127984266061,0.0036104782284881324,1.0,2.3433286702777758e-05,0.0001,2.0,0.18054747571049493,61,4.299696829284883,16.659528882769596,1.327037414285115,17.986566297054715
1.0,1.0,0.02094126984266061,0.0036104782284881324,1.0,2.3433286702777758e-05,0.0001,1.99999999,0.18054747571049493,61,4.299696829366543,16.659528883106912,1.3270374292359708,17.986566312342884
1.0,1.0,0.02094126984266061,0.0036104782284881324,1.0,2.3433286702777758e-05,0.0001,2.0,0.18054747571049493,61,4.2996968293693385,16.65952888311835,1.32703741394139,17.986566297059746
1.0,1.0,0.02094126984266061,0.0036104782284881324,1.0,2.344328670277776e-05,0.0001,2.0,0.18054747571049493,61,4.299696830052935,16.65952888862661,1.3270374279417185,17.98656631656833
1.0,1.0,0.02094126984266061,0.0036104782284881324,0.99999999,2.3433286702777758e-05,0.0001,2.0,0.18054747571049493,61,4.299696832869152,16.659528897645377,1.3270373999410618,17.98656629758644
1.0,1.0,0.02094126984266061,0.0036104782284881324,1.0,2.3433286702777758e-05,0.0001,2.0,0.18054748571049492,61,4.299696832318586,16.65952889843754,1.3270373986468096,17.98656629708435
0.99999999,1.0,0.02094126984266061,0.0036104782284881324,1.0,2.3433286702777758e-05,0.0001,2.0,0.18054747571049493,61,4.299696843545192,16.659528931492517,1.32703741394139,17.986566345433907
1.0,0.99999999,0.02094126984266061,0.0036104782284881324,1.0,2.3433286702777758e-05,0.0001,2.0,0.18054747571049493,61,4.299696843545192,16.659528931492517,1.32703741394139,17.986566345433907
1.0,1.0,0.02094126984266061,0.0036104782284881324,1.0,2.3433286702777758e-05,0.00010001,2.0,0.18054747571049493,61,4.29969688321262,16.65952906279066,1.3270373986468096,17.98656646143747
1.0,1.0,0.020823184450557954,0.003585256367605429,1.0,4.1990377782515316e-05,0.0001,2.0,0.1815455862205258,61,4.299994345991271,16.661074046376978,1.3255328449335415,17.98660689131052
1.0,1.0,0.020823174450557952,0.003585266367605429,1.0,4.1990377782515316e-05,0.0001,2.0,0.1815455862205258,61,4.299994345991271,16.661074046376978,1.3255328449335415,17.986606891310522
1.0,1.0,0.020823174450557952,0.003585256367605429,1.0,4.1990377782515316e-05,0.0001,1.99999999,0.1815455862205258,61,4.299994346072607,16.661074046713612,1.3255328598677725,17.986606906581383
1.0,1.0,0.020823174450557952,0.003585256367605429,1.0,4.1990377782515316e-05,0.0001,2.0,0.1815455862205258,61,4.2999943460753745,16.661074046724963,1.3255328445918233,17.986606891316782
1.0,1.0,0.020823174450557952,0.003585256367605429,1.0,4.200037778251532e-05,0.0001,2.0,0.1815455862205258,61,4.299994346763295,16.661074052231992,1.3255328585924115,17.986606910824403
1.0,1.0,0.020823174450557952,0.003585256367605429,0.99999999,4.1990377782515316e-05,0.0001,2.0,0.1815455862205258,61,4.299994349577835,16.6610740612493,1.325532830591236,17.986606891840538
1.0,1.0,0.020823174450557952,0.003585256367605429,1.0,4.1990377782515316e-05,0.0001,2.0,0.1815455962205258,61,4.299994349038007,16.661074062062674,1.3255328293158748,17.986606891378546
0.99999999,1.0,0.020823174450557952,0.003585256367605429,1.0,4.1990377782515316e-05,0.0001,2.0,0.1815455862205258,61,4.299994360253148,16.66107409510443,1.3255328445918233,17.986606939696255
1.0,0.99999999,0.020823174450557952,0.003585256367605429,1.0,4.1990377782515316e-05,0.0001,2.0,0.1815455862205258,61,4.299994360253148,16.66107409510443,1.3255328445918233,17.986606939696255
1.0,1.0,0.020823174450557952,0.003585256367605429,1.0,4.1990377782515316e-05,0.00010001,2.0,0.1815455862205258,61,4.299994399923367,16.661074226412758,1.3255328293158748,17.986607055728637
1.0,1.0,0.021034080391258887,0.0035886636403873414,1.0,0.0045886330766563704,0.0001,2.0,0.18007219503452065,61,4.299871082050392,16.661321986761887,1.334173008669546,17.995494995431436
1.0,1.0,0.021034065490097693,0.0035886785415485353,1.0,0.0045886330766563704,0.0001,2.0,0.18007219503452065,61,4.299871082050393,16.661321986761887,1.334173008669546,17.995494995431436
1.0,1.0,0.021034065490097693,0.0035886636403873414,1.0,0.0045886330766563704,0.0001,1.9999999701976776,0.18007219503452065,61,4.299871082166988,16.66132198724492,1.3341730537637186,17.99549504100864
1.0,1.0,0.021034065490097693,0.0035886636403873414,1.0,0.0045886330766563704,0.0001,2.0,0.18007219503452065,61,4.29987108217528,16.661321987278942,1.3341730081558762,17.995494995434818
1.0,1.0,0.021034065490097693,0.0035886636403873414,1.0,0.004588647977817564,0.0001,2.0,0.18007219503452065,61,4.299871083215227,16.661321995543574,1.334173029113228,17.9954950246568
1.0,1.0,0.021034065490097693,0.0035886636403873414,0.9999999850988388,0.0045886330766563704,0.0001,2.0,0.18007219503452065,61,4.299871087402791,16.661322008958887,1.334172987198524,17.995494996157415
1.0,1.0,0.021034065490097693,0.0035886636403873414,1.0,0.0045886330766563704,0.0001,2.0,0.18007220993568185,61,4.299871086589676,16.661322010083833,1.3341729853519548,17.995494995435784
0.9999999850988388,1.0,0.021034065490097693,0.0035886636403873414,1.0,0.0045886330766563704,0.0001,2.0,0.18007219503452065,61,4.299871103313739,16.661322059404327,1.3341730081558762,17.9954950675602
1.0,0.9999999850988388,0.021034065490097693,0.0035886636403873414,1.0,0.0045886330766563704,0.0001,2.0,0.18007219503452065,61,4.299871103313739,16.661322059404327,1.3341730081558762,17.995495067560206
1.0,1.0,0.021034065490097693,0.0035886636403873414,1.0,0.0045886330766563704,0.00010001490116119385,2.0,0.18007219503452065,61,4.299871162442228,16.661322255148566,1.3341729853519548,17.995495240500517
1.0,1.0,0.05349233624640022,0.044900037006130246,0.9848401284162298,0.0010146667747384856,0.0001,2.0,0.16890249725853682,61,4.301093129621956,16.661960854746702,1.3316332416790821,17.993594096425785
1.0,1.0,0.05349233624640022,0.04490004700613025,0.9848401184162298,0.0010146667747384856,0.0001,2.0,0.16890249725853682,61,4.301093133072859,16.661960869110143,1.3316332292546085,17.993594098364753
1.0,1.0,0.05349234624640022,0.044900037006130246,0.9848401184162298,0.0010146667747384856,0.0001,2.0,0.16890249725853682,61,4.301093133072859,16.661960869110143,1.3316332292546085,17.993594098364753
1.0,1.0,0.05349233624640022,0.044900037006130246,0.9848401184162298,0.0010146667747384856,0.0001,1.99999999,0.16890249725853682,61,4.3010931331450175,16.66196086940973,1.331633243389068,17.9935941127988
1.0,1.0,0.05349233624640022,0.044900037006130246,0.9848401184162298,0.0010146667747384856,0.0001,2.0,0.16890249725853682,61,4.301093133156071,16.661960869455122,1.3316332278771148,17.99359409733224
1.0,1.0,0.05349233624640022,0.044900037006130246,0.9848401184162298,0.0010146767747384856,0.0001,2.0,0.16890249725853682,61,4.301093133837873,16.661960875092184,1.3316332416790821,17.993594116771263
1.0,1.0,0.05349233624640022,0.044900037006130246,0.9848401184162298,0.0010146667747384856,0.0001,2.0,0.1689025072585368,61,4.3010931360183315,16.661960884566728,1.3316332123651622,17.99359409693189
0.99999999,1.0,0.05349233624640022,0.044900037006130246,0.9848401184162298,0.0010146667747384856,0.0001,2.0,0.16890249725853682,61,4.30109314733549,16.6619609178439,1.331633227877115,17.993594145721016
1.0,0.99999999,0.05349233624640022,0.044900037006130246,0.9848401184162298,0.0010146667747384856,0.0001,2.0,0.16890249725853682,61,4.301093147335491,16.661960917843903,1.331633227877115,17.993594145721016
1.0,1.0,0.05349233624640022,0.044900037006130246,0.9848401184162298,0.0010146667747384856,0.00010001,2.0,0.16890249725853682,61,4.301093186981787,16.66196104914293,1.3316332123651622,17.993594261508093
1.0,1.0,0.056599666704463016,0.04782790816471146,0.9825207163501597,0.0004144087209831393,0.0001,2.0,0.16701886083778616,61,4.301284810968993,16.661985013369556,1.3313915307848465,17.993376544154405
1.0,1.0,0.05659967670446302,0.04782790816471146,0.9825207063501596,0.0004144087209831393,0.0001,2.0,0.16701886083778616,61,4.30128481442212,16.661985027755108,1.3313915184857408,17.993376546240857
1.0,1.0,0.056599666704463016,0.047827918164711464,0.9825207063501596,0.0004144087209831393,0.0001,2.0,0.16701886083778616,61,4.30128481442212,16.661985027755108,1.3313915184857408,17.993376546240857
1.0,1.0,0.056599666704463016,0.04782790816471146,0.9825207063501596,0.0004144087209831393,0.0001,1.99999999,0.16701886083778616,61,4.301284814493747,16.661985028052182,1.3313915325708696,17.99337656062305
1.0,1.0,0.056599666704463016,0.04782790816471146,0.9825207063501596,0.0004144087209831393,0.0001,2.0,0.16701886083778616,61,4.301284814505503,16.661985028100403,1.331391517023755,17.993376545124164
1.0,1.0,0.056599666704463016,0.04782790816471146,0.9825207063501596,0.0004144187209831393,0.0001,2.0,0.16701886083778616,61,4.3012848151828065,16.66198503374872,1.3313915307848465,17.993376564533573
1.0,1.0,0.056599666704463016,0.04782790816471146,0.9825207063501596,0.0004144087209831393,0.0001,2.0,0.16701887083778616,61,4.301284817347524,16.66198504317429,1.3313915014766406,17.993376544650932
1.0,0.99999999,0.056599666704463016,0.04782790816471146,0.9825207063501596,0.0004144087209831393,0.0001,2.0,0.16701886083778616,61,4.301284828684979,16.661985076487753,1.331391517023755,17.99337659351151
0.99999999,1.0,0.056599666704463016,0.04782790816471146,0.9825207063501596,0.0004144087209831393,0.0001,2.0,0.16701886083778616,61,4.301284828684979,16.661985076487753,1.331391517023755,17.99337659351151
1.0,1.0,0.056599666704463016,0.04782790816471146,0.9825207063501596,0.0004144087209831393,0.00010001,2.0,0.16701886083778616,61,4.301284868330675,16.661985207780386,1.3313915014766406,17.993376709257024
1.0,1.0,0.01983386085376126,0.00390745102053582,1.0,0.0003106369926510204,0.0001,2.0,0.18632499110500184,61,4.301449901706274,16.668596208163468,1.3186068563510387,17.98720306451451
1.0,1.0,0.01983385085376126,0.00390746102053582,1.0,0.0003106369926510204,0.0001,2.0,0.18632499110500184,61,4.301449901706274,16.66859620816347,1.3186068563510387,17.98720306451451
1.0,1.0,0.01983385085376126,0.00390745102053582,1.0,0.0003106369926510204,0.0001,1.99999999,0.18632499110500184,61,4.301449901786032,16.668596208496773,1.318606871205394,17.987203079702173
1.0,1.0,0.01983385085376126,0.00390745102053582,1.0,0.0003106369926510204,0.0001,2.0,0.18632499110500184,61,4.301449901788671,16.668596208507694,1.3186068560186608,17.98720306452636
1.0,1.0,0.01983385085376126,0.00390745102053582,1.0,0.0003106469926510204,0.0001,2.0,0.18632499110500184,61,4.3014499024976285,16.66859621400997,1.3186068700230098,17.987203084032984
1.0,1.0,0.01983385085376126,0.00390745102053582,0.99999999,0.0003106369926510204,0.0001,2.0,0.18632499110500184,61,4.301449905303739,16.668596223019144,1.3186068420143113,17.98720306503346
1.0,1.0,0.01983385085376126,0.00390745102053582,1.0,0.0003106369926510204,0.0001,2.0,0.18632500110500183,61,4.30144990481486,16.668596223931196,1.318606840831927,17.987203064763126
0.99999999,1.0,0.01983385085376126,0.00390745102053582,1.0,0.0003106369926510204,0.0001,2.0,0.18632499110500184,61,4.301449915976222,16.66859625691394,1.3186068560186608,17.9872031129326
1.0,0.99999999,0.01983385085376126,0.00390745102053582,1.0,0.0003106369926510204,0.0001,2.0,0.18632499110500184,61,4.301449915976222,16.66859625691394,1.3186068560186608,17.9872031129326
1.0,1.0,0.01983385085376126,0.00390745102053582,1.0,0.0003106369926510204,0.00010001,2.0,0.18632499110500184,61,4.301449955660844,16.668596388274157,1.318606840831927,17.98720322910608
1.0,1.0,0.05683815620467966,0.04778544948801713,0.9821581713483477,0.000177226450334952,0.0001,2.0,0.17183560587438754,61,4.302780443485027,16.669661959027994,1.3231281842762153,17.99279014330421
1.0,1.0,0.056838166204679665,0.04778544948801713,0.9821581613483477,0.000177226450334952,0.0001,2.0,0.17183560587438754,61,4.302780446954276,16.66966197340742,1.3231281719882502,17.992790145395666
1.0,1.0,0.05683815620467966,0.04778545948801713,0.9821581613483477,0.000177226450334952,0.0001,2.0,0.17183560587438754,61,4.302780446954276,16.66966197340742,1.3231281719882502,17.992790145395666
1.0,1.0,0.05683815620467966,0.04778544948801713,0.9821581613483477,0.000177226450334952,0.0001,1.99999999,0.17183560587438754,61,4.302780447024371,16.669661973701096,1.3231281859807216,17.99279015968182
1.0,1.0,0.05683815620467966,0.04778544948801713,0.9821581613483477,0.000177226450334952,0.0001,2.0,0.17183560587438754,61,4.3027804470359055,16.66966197374888,1.32312817052352,17.992790144272405
1.0,1.0,0.05683815620467966,0.04778544948801713,0.9821581613483477,0.000177236450334952,0.0001,2.0,0.17183560587438754,61,4.302780447734504,16.66966197939049,1.3231281842762153,17.992790163666708
1.0,1.0,0.05683815620467966,0.04778544948801713,0.9821581613483477,0.000177226450334952,0.0001,2.0,0.17183561587438753,61,4.302780449944644,16.669661988917365,1.3231281550663172,17.992790143983687
1.0,0.99999999,0.05683815620467966,0.04778544948801713,0.9821581613483477,0.000177226450334952,0.0001,2.0,0.17183560587438754,61,4.302780461224282,16.669662022160946,1.32312817052352,17.99279019268446
0.99999999,1.0,0.05683815620467966,0.04778544948801713,0.9821581613483477,0.000177226450334952,0.0001,2.0,0.17183560587438754,61,4.302780461224283,16.669662022160946,1.32312817052352,17.992790192684463
1.0,1.0,0.05683815620467966,0.04778544948801713,0.9821581613483477,0.000177226450334952,0.00010001,2.0,0.17183560587438754,61,4.302780500882492,16.669662153499726,1.3231281550663172,17.99279030856604
1.0,1.0,0.05745732361068032,0.04831941526738637,0.9816618564176484,2.2252255725887667e-05,0.0001,2.0,0.17237839815724795,61,4.303094621909853,16.67108947008951,1.3215638868119624,17.992653356901467
1.0,1.0,0.057457333610680325,0.04831941526738637,0.9816618464176483,2.2252255725887667e-05,0.0001,2.0,0.17237839815724795,61,4.30309462538245,16.67108948447179,1.3215638745492595,17.99265335902105
1.0,1.0,0.05745732361068032,0.04831942526738637,0.9816618464176483,2.2252255725887667e-05,0.0001,2.0,0.17237839815724795,61,4.30309462538245,16.67108948447179,1.3215638745492595,17.99265335902105
1.0,1.0,0.05745732361068032,0.04831941526738637,0.9816618464176483,2.2252255725887667e-05,0.0001,1.99999999,0.17237839815724795,61,4.303094625452167,16.67108948476439,1.3215638885154546,17.992653373279843
1.0,1.0,0.05745732361068032,0.04831941526738637,0.9816618464176483,2.2252255725887667e-05,0.0001,2.0,0.17237839815724795,61,4.303094625463788,16.671089484812608,1.3215638730683852,17.992653357880997
1.0,1.0,0.05745732361068032,0.04831941526738637,0.9816618464176483,2.2262255725887668e-05,0.0001,2.0,0.17237839815724795,61,4.30309462616547,16.67108949045502,1.3215638868119624,17.992653377266986
1.0,1.0,0.05745732361068032,0.04831941526738637,0.9816618464176483,2.2252255725887667e-05,0.0001,2.0,0.17237840815724795,61,4.303094628380979,16.671089499991304,1.3215638576213147,17.992653357612625
0.99999999,1.0,0.05745732361068032,0.04831941526738637,0.9816618464176483,2.2252255725887667e-05,0.0001,2.0,0.17237839815724795,61,4.303094639653845,16.671089533228997,1.3215638730683852,17.992653406297386
1.0,0.99999999,0.05745732361068032,0.04831941526738637,0.9816618464176483,2.2252255725887667e-05,0.0001,2.0,0.17237839815724795,61,4.303094639653845,16.671089533228997,1.3215638730683852,17.992653406297386
1.0,1.0,0.05745732361068032,0.04831941526738637,0.9816618464176483,2.2252255725887667e-05,0.00010001,2.0,0.17237839815724795,61,4.303094679314325,16.671089664575202,1.3215638576213156,17.992653522196512
1.0,1.0,0.05776512376112589,0.04858486003342184,0.9814151286201948,-5.478842818860101e-05,0.0001,2.0,0.1726482307497035,61,4.303251027642763,16.6717993830736,1.3209379190660724,17.992737302139673
1.0,1.0,0.05776512376112589,0.048584870033421844,0.9814151186201947,-5.478842818860101e-05,0.0001,2.0,0.1726482307497035,61,4.303251031117019,16.671799397457292,1.320937906814393,17.99273730427169
1.0,1.0,0.057765133761125895,0.04858486003342184,0.9814151186201947,-5.478842818860101e-05,0.0001,2.0,0.1726482307497035,61,4.303251031117019,16.671799397457292,1.320937906814393,17.99273730427169
1.0,1.0,0.05776512376112589,0.04858486003342184,0.9814151186201947,-5.478842818860101e-05,0.0001,1.99999999,0.1726482307497035,61,4.303251031186548,16.671799397749357,1.320937920767526,17.99273731851688
1.0,1.0,0.05776512376112589,0.04858486003342184,0.9814151186201947,-5.478842818860101e-05,0.0001,2.0,0.1726482307497035,61,4.303251031198211,16.67179939779779,1.3209379053254933,17.99273730312328
1.0,1.0,0.05776512376112589,0.04858486003342184,0.9814151186201947,-5.477842818860101e-05,0.0001,2.0,0.1726482307497035,61,4.303251031901423,16.671799403440605,1.3209378915849146,17.99273729502552
1.0,1.0,0.05776512376112589,0.04858486003342184,0.9814151186201947,-5.478842818860101e-05,0.0001,2.0,0.1726482407497035,61,4.3032510341195875,16.671799412981535,1.3209378898834603,17.992737302864995
1.0,0.99999999,0.05776512376112589,0.04858486003342184,0.9814151186201947,-5.478842818860101e-05,0.0001,2.0,0.1726482307497035,61,4.303251045389106,16.67179944621634,1.3209379053254935,17.99273735154183
0.99999999,1.0,0.05776512376112589,0.04858486003342184,0.9814151186201947,-5.478842818860101e-05,0.0001,2.0,0.1726482307497035,61,4.303251045389106,16.67179944621634,1.3209379053254935,17.99273735154183
1.0,1.0,0.05776512376112589,0.04858486003342184,0.9814151186201947,-5.478842818860101e-05,0.00010001,2.0,0.1726482307497035,61,4.303251085050722,16.671799577566233,1.3209378898834603,17.992737467449697
1.0,1.0,0.05861698941268688,0.0491381376451132,0.9806070231592855,-0.00039773794563732496,0.0001,2.0,0.1767628970434788,61,4.30471675235892,16.679011301149007,1.3141714336818497,17.993182734830857
1.0,1.0,0.05861699941268688,0.0491381376451132,0.9806070131592854,-0.00039773794563732496,0.0001,2.0,0.1767628970434788,61,4.304716755847872,16.679011315529863,1.314171421456355,17.993182736986217
1.0,1.0,0.05861698941268688,0.0491381476451132,0.9806070131592854,-0.00039773794563732496,0.0001,2.0,0.1767628970434788,61,4.304716755847872,16.679011315529866,1.314171421456355,17.993182736986217
1.0,1.0,0.05861698941268688,0.0491381376451132,0.9806070131592854,-0.00039773794563732496,0.0001,1.99999999,0.1767628970434788,61,4.304716755915895,16.679011315818315,1.3141714353130085,17.99318275113133
1.0,1.0,0.05861698941268688,0.0491381376451132,0.9806070131592854,-0.00039773794563732496,0.0001,2.0,0.1767628970434788,61,4.304716755927486,16.6790113158669,1.3141714199477827,17.993182735814685
1.0,1.0,0.05861698941268688,0.0491381376451132,0.9806070131592854,-0.00039772794563732496,0.0001,2.0,0.1767628970434788,61,4.30471675664918,16.679011321505204,1.3141714062137162,17.993182727718917
1.0,1.0,0.05861698941268688,0.0491381376451132,0.9806070131592854,-0.00039773794563732496,0.0001,2.0,0.1767629070434788,61,4.30471675890474,16.679011331126517,1.3141714045825572,17.993182735709077
0.99999999,1.0,0.05861698941268688,0.0491381376451132,0.9806070131592854,-0.00039773794563732496,0.0001,2.0,0.1767628970434788,61,4.304716770127019,16.679011364308543,1.3141714199477827,17.993182784256327
1.0,0.99999999,0.05861698941268688,0.0491381376451132,0.9806070131592854,-0.00039773794563732496,0.0001,2.0,0.1767628970434788,61,4.30471677012702,16.679011364308547,1.3141714199477827,17.99318278425633
1.0,1.0,0.05861698941268688,0.0491381376451132,0.9806070131592854,-0.00039773794563732496,0.00010001,2.0,0.1767628970434788,61,4.304716809801121,16.67901149570115,1.3141714045825572,17.993182900283706
1.0,1.0,0.021062032746049057,0.0036166457974998976,1.0,0.05759849039813428,0.0001,2.0,0.18002845061448816,61,4.304063428509751,16.691809873099587,1.4107632565059613,18.10257312960555
1.0,1.0,0.02106204764721025,0.003616630896338704,1.0,0.05759849039813428,0.0001,2.0,0.18002845061448816,61,4.304063428509751,16.691809873099587,1.4107632565059613,18.10257312960555
1.0,1.0,0.021062032746049057,0.003616630896338704,1.0,0.05759849039813428,0.0001,1.9999999701976776,0.18002845061448816,61,4.3040634286131425,16.69180987354799,1.4107633016014005,18.102573175149388
1.0,1.0,0.021062032746049057,0.003616630896338704,1.0,0.05759849039813428,0.0001,2.0,0.18002845061448816,61,4.304063428620533,16.691809873579682,1.4107632559911238,18.102573129570807
1.0,1.0,0.021062032746049057,0.003616630896338704,1.0,0.05759850529929547,0.0001,2.0,0.18002845061448816,61,4.3040634299464315,16.69180988249519,1.4107632780543478,18.10257316054954
1.0,1.0,0.021062032746049057,0.003616630896338704,0.9999999850988388,0.05759849039813428,0.0001,2.0,0.18002845061448816,61,4.304063434015876,16.691809895623603,1.4107632339279002,18.102573129551505
1.0,1.0,0.021062032746049057,0.003616630896338704,1.0,0.05759849039813428,0.0001,2.0,0.18002846551564936,61,4.304063433346585,16.69180989621599,1.4107632331859863,18.102573129401975
0.9999999850988388,1.0,0.021062032746049057,0.003616630896338704,1.0,0.05759849039813428,0.0001,2.0,0.18002845061448816,61,4.304063449952643,16.691809946245552,1.4107632559911238,18.102573202236673
1.0,0.9999999850988388,0.021062032746049057,0.003616630896338704,1.0,0.05759849039813428,0.0001,2.0,0.18002845061448816,61,4.304063449952643,16.691809946245552,1.4107632559911238,18.102573202236673
1.0,1.0,0.021062032746049057,0.003616630896338704,1.0,0.05759849039813428,0.00010001490116119385,2.0,0.18002845061448816,61,4.304063509347779,16.691810143191994,1.4107632331859863,18.10257337637798
1.0,1.0,0.05103907825817935,0.05149727880875783,0.9713566996487425,0.00694513135871231,0.0001,2.0,0.2610299036363489,61,4.33782649203092,16.82975558924494,1.1868454752982365,18.01660106454318
1.0,1.0,0.05103907825817935,0.051497288808757834,0.9713566896487424,0.00694513135871231,0.0001,2.0,0.2610299036363489,61,4.337826495702595,16.82975560333495,1.18684546303752,18.016601066372466
1.0,1.0,0.05103908825817935,0.05149727880875783,0.9713566896487424,0.00694513135871231,0.0001,2.0,0.2610299036363489,61,4.337826495702595,16.82975560333495,1.18684546303752,18.016601066372466
1.0,1.0,0.05103907825817935,0.05149727880875783,0.9713566896487424,0.00694513135871231,0.0001,1.99999999,0.2610299036363489,61,4.337826495746044,16.829755603569428,1.1868454753942526,18.016601078963685
1.0,1.0,0.05103907825817935,0.05149727880875783,0.9713566896487424,0.00694513135871231,0.0001,2.0,0.2610299036363489,61,4.3378264957531,16.829755603606802,1.1868454616020108,18.016601065208818
1.0,1.0,0.05103907825817935,0.05149727880875783,0.9713566896487424,0.00694514135871231,0.0001,2.0,0.2610299036363489,61,4.3378264967988285,16.82975560912654,1.1868454752982365,18.016601084424778
1.0,1.0,0.05103907825817935,0.05149727880875783,0.9713566896487424,0.00694513135871231,0.0001,2.0,0.2610299136363489,61,4.337826499567181,16.829755619716966,1.1868454478097694,18.016601067526736
0.99999999,1.0,0.05103907825817935,0.05149727880875783,0.9713566896487424,0.00694513135871231,0.0001,2.0,0.2610299036363489,61,4.337826510191548,16.82975565261629,1.1868454616020114,18.0166011142183
1.0,0.99999999,0.05103907825817935,0.05149727880875783,0.9713566896487424,0.00694513135871231,0.0001,2.0,0.2610299036363489,61,4.337826510191549,16.82975565261629,1.1868454616020114,18.0166011142183
1.0,1.0,0.05103907825817935,0.05149727880875783,0.9713566896487424,0.00694513135871231,0.00010001,2.0,0.2610299036363489,61,4.33782655028229,16.829755785145487,1.1868454478097694,18.016601232955257
1.0,1.0,0.04942654589593641,-0.0022757474367536,0.9662125839515096,-0.01303911608390601,0.0001,2.0,0.30789088432304157,61,4.3561936845005675,16.903561490321884,1.1200764218453498,18.02363791216723
1.0,1.0,0.04942655589593641,-0.0022757474367536,0.9662125739515095,-0.01303911608390601,0.0001,2.0,0.30789088432304157,61,4.356193688148361,16.903561503999843,1.1200764088596584,18.023637912859503
1.0,1.0,0.04942654589593641,-0.0022757374367536,0.9662125739515095,-0.01303911608390601,0.0001,2.0,0.30789088432304157,61,4.356193688148361,16.903561503999843,1.1200764074119942,18.02363791141184
1.0,1.0,0.04942654589593641,-0.0022757474367536,0.9662125739515095,-0.01303911608390601,0.0001,1.99999999,0.30789088432304157,61,4.356193688188194,16.903561504238947,1.1200764210533296,18.023637925292277
1.0,1.0,0.04942654589593641,-0.0022757474367536,0.9662125739515095,-0.01303911608390601,0.0001,2.0,0.30789088432304157,61,4.356193688190932,16.90356150425508,1.1200764081358263,18.0236379123909
1.0,1.0,0.04942654589593641,-0.0022757474367536,0.9662125739515095,-0.01303910608390601,0.0001,2.0,0.30789088432304157,61,4.35619368929031,16.903561509492445,1.1200763944263026,18.02363790391875
1.0,1.0,0.04942654589593641,-0.0022757474367536,0.9662125739515095,-0.01303911608390601,0.0001,2.0,0.30789089432304156,61,4.356193692192244,16.90356152046538,1.120076395218323,18.023637915683704
0.99999999,1.0,0.04942654589593641,-0.0022757474367536,0.9662125739515095,-0.01303911608390601,0.0001,2.0,0.30789088432304157,61,4.356193702747696,16.903561553477047,1.1200764081358263,18.02363796161287
1.0,0.99999999,0.04942654589593641,-0.0022757474367536,0.9662125739515095,-0.01303911608390601,0.0001,2.0,0.30789088432304157,61,4.356193702747696,16.903561553477047,1.1200764081358263,18.023637961612874
1.0,1.0,0.04942654589593641,-0.0022757474367536,0.9662125739515095,-0.01303911608390601,0.00010001,2.0,0.30789088432304157,61,4.356193743118075,16.903561686438817,1.120076395218323,18.023638081657143
1.0,1.0,0.021479633099269018,0.004034231249558665,1.0,0.8491289566007201,0.0001,2.0,0.17937526943401266,61,4.502983372387665,17.438402459002994,3.0223269766949885,20.460729435697985
1.0,1.0,0.021479633099269018,0.004034231249558665,1.0,0.8491289566007201,0.0001,1.9999999701976776,0.17937526943401266,61,4.502983372396252,17.438402459009342,3.022327022341601,20.460729481350942
1.0,1.0,0.021479648000430212,0.004034231249558665,1.0,0.8491289566007201,0.0001,2.0,0.17937526943401266,61,4.502983372513318,17.438402459100246,3.0223269772272485,20.460729436327494
1.0,1.0,0.021479633099269018,0.0040342461507198585,1.0,0.8491289566007201,0.0001,2.0,0.17937526943401266,61,4.502983372513318,17.438402459100246,3.0223269772272485,20.460729436327494
1.0,1.0,0.021479633099269018,0.004034231249558665,1.0,0.8491289566007201,0.0001,2.0,0.17937528433517386,61,4.50298337480042,17.438402464598123,3.022326953871682,20.460729418469807
1.0,1.0,0.021479633099269018,0.004034231249558665,1.0,0.8491289715018813,0.0001,2.0,0.17937526943401266,61,4.502983378837428,17.438402478496357,3.0223270152708244,20.46072949376718
1.0,1.0,0.021479633099269018,0.004034231249558665,0.9999999850988388,0.8491289566007201,0.0001,2.0,0.17937526943401266,61,4.502983380908492,17.438402487192278,3.0223269381191518,20.460729425311428
1.0,0.9999999850988388,0.021479633099269018,0.004034231249558665,1.0,0.8491289566007201,0.0001,2.0,0.17937526943401266,61,4.5029833981874114,17.43840254140924,3.0223269766949885,20.46072951810423
0.9999999850988388,1.0,0.021479633099269018,0.004034231249558665,1.0,0.8491289566007201,0.0001,2.0,0.17937526943401266,61,4.5029833981874114,17.438402541409243,3.0223269766949885,20.46072951810423
1.0,1.0,0.021479633099269018,0.004034231249558665,1.0,0.8491289566007201,0.00010001490116119385,2.0,0.17937526943401266,61,4.50298346613638,17.43840276104076,3.022326953871682,20.460729714912443
1.0,1.0,0.09315165483235681,-0.10557557141337134,0.7277189261911926,-0.04124753781324003,0.0001,2.0,0.5551680798280071,61,4.53678607512366,17.55475019852625,0.6261620686822376,18.18091226720849
1.0,1.0,0.09315165483235681,-0.10557556141337135,0.7277189161911926,-0.04124753781324003,0.0001,2.0,0.5551680798280071,61,4.536786078689662,17.55475021038212,0.6261620551345258,18.180912265516646
1.0,1.0,0.0931516648323568,-0.10557557141337134,0.7277189161911926,-0.04124753781324003,0.0001,2.0,0.5551680798280071,61,4.536786078689662,17.55475021038212,0.6261620606988882,18.180912271081013
1.0,1.0,0.09315165483235681,-0.10557557141337134,0.7277189161911926,-0.04124753781324003,0.0001,2.0,0.5551680798280071,61,4.536786078670769,17.55475021049295,0.6261620579167072,18.180912268409656
1.0,1.0,0.09315165483235681,-0.10557557141337134,0.7277189161911926,-0.04124753781324003,0.0001,1.99999999,0.5551680798280071,61,4.536786078670451,17.554750210494795,0.6261620662183697,18.180912276713165
1.0,1.0,0.09315165483235681,-0.10557557141337134,0.7277189161911926,-0.04124752781324003,0.0001,2.0,0.5551680798280071,61,4.536786080089672,17.554750214947422,0.6261620471511768,18.1809122620986
1.0,1.0,0.09315165483235681,-0.10557557141337134,0.7277189161911926,-0.04124753781324003,0.0001,2.0,0.5551680898280071,61,4.536786082106529,17.55475022220516,0.6261620496150445,18.18091227182021
0.99999999,1.0,0.09315165483235681,-0.10557557141337134,0.7277189161911926,-0.04124753781324003,0.0001,2.0,0.5551680798280071,61,4.536786094676878,17.55475026236682,0.6261620579167072,18.18091232028353
1.0,0.99999999,0.09315165483235681,-0.10557557141337134,0.7277189161911926,-0.04124753781324003,0.0001,2.0,0.5551680798280071,61,4.53678609467688,17.55475026236682,0.6261620579167072,18.18091232028353
1.0,1.0,0.09315165483235681,-0.10557557141337134,0.7277189161911926,-0.04124753781324003,0.00010001,2.0,0.5551680798280071,61,4.536786138085834,17.554750400728057,0.6261620496150445,18.1809124503431
1.0,1.0,-1.0,0.4792205903849689,0.39045589577185397,-0.9424313592694196,0.0001,1.4103672298877625,0.5212796963397792,61,4.567765629302494,17.652309652996728,3.840364380418573,21.492674033415305
1.0,1.0,-1.0,0.4792206003849689,0.39045588577185397,-0.9424313592694196,0.0001,1.4103672298877625,0.5212796963397792,61,4.567765632371048,17.652309663755968,3.8403643824672407,21.49267404622321
1.0,1.0,-0.99999999,0.4792205903849689,0.39045588577185397,-0.9424313592694196,0.0001,1.4103672298877625,0.5212796963397792,61,4.567765632371048,17.65230966375597,3.840364341049063,21.49267400480504
1.0,1.0,-1.0,0.4792205903849689,0.39045588577185397,-0.9424313592694196,0.0001,1.4103672398877625,0.5212796963397792,61,4.567765632414033,17.652309663953744,3.8403643418174283,21.492674005771175
1.0,1.0,-1.0,0.4792205903849689,0.39045588577185397,-0.9424313592694196,0.0001,1.4103672298877625,0.5212796963397792,61,4.567765632666004,17.65230966480852,3.840364361758151,21.49267402656667
1.0,1.0,-1.0,0.4792205903849689,0.39045588577185397,-0.9424313492694195,0.0001,1.4103672298877625,0.5212796963397792,61,4.567765633084487,17.652309666984703,3.8403643430977303,21.49267401008244
1.0,1.0,-1.0,0.4792205903849689,0.39045588577185397,-0.9424313592694196,0.0001,1.4103672298877625,0.5212797063397793,61,4.567765634320552,17.6523096744953,3.8403643418174283,21.49267401631273
1.0,0.99999999,-1.0,0.4792205903849689,0.39045588577185397,-0.9424313592694196,0.0001,1.4103672298877625,0.5212796963397792,61,4.567765648758116,17.65230971546628,3.840364361758151,21.492674077224432
0.99999999,1.0,-1.0,0.4792205903849689,0.39045588577185397,-0.9424313592694196,0.0001,1.4103672298877625,0.5212796963397792,61,4.567765648758116,17.65230971546628,3.840364361758151,21.492674077224436
1.0,1.0,-1.0,0.4792205903849689,0.39045588577185397,-0.9424313592694196,0.00010001,1.4103672298877625,0.5212796963397792,61,4.567765694049561,17.65230985141592,3.8403643418174283,21.492674193233352
1.0,1.0,0.10408293206646191,-0.13140052740752578,0.6680955117511134,-0.04829964324557354,0.0001,2.0,0.6169873787042485,61,4.576701540783368,17.689413062541867,0.534919404963073,18.224332467504947
1.0,1.0,0.1040829420664619,-0.13140052740752578,0.6680955017511133,-0.04829964324557354,0.0001,2.0,0.6169873787042485,61,4.576701544224921,17.68941307377799,0.5349193982303093,18.224332472008296
1.0,1.0,0.10408293206646191,-0.13140051740752579,0.6680955017511133,-0.04829964324557354,0.0001,2.0,0.6169873787042485,61,4.576701544224921,17.68941307377799,0.5349193916367724,18.224332465414765
1.0,1.0,0.10408293206646191,-0.13140052740752578,0.6680955017511133,-0.04829964324557354,0.0001,2.0,0.6169873787042485,61,4.576701544196315,17.68941307386558,0.5349193949335408,18.224332468799123
1.0,1.0,0.10408293206646191,-0.13140052740752578,0.6680955017511133,-0.04829964324557354,0.0001,1.99999999,0.6169873787042485,61,4.576701544195247,17.689413073868792,0.5349194020812433,18.224332475950032
1.0,1.0,0.10408293206646191,-0.13140052740752578,0.6680955017511133,-0.048299633245573535,0.0001,2.0,0.6169873787042485,61,4.576701545603226,17.6894130780523,0.5349193849040088,18.22433246295631
1.0,1.0,0.10408293206646191,-0.13140052740752578,0.6680955017511133,-0.04829964324557354,0.0001,2.0,0.6169873887042485,61,4.576701547288281,17.68941308419497,0.5349193877858386,18.224332471980816
1.0,0.99999999,0.10408293206646191,-0.13140052740752578,0.6680955017511133,-0.04829964324557354,0.0001,2.0,0.6169873787042485,61,4.576701560535602,17.689413126312875,0.5349193949335409,18.224332521246414
0.99999999,1.0,0.10408293206646191,-0.13140052740752578,0.6680955017511133,-0.04829964324557354,0.0001,2.0,0.6169873787042485,61,4.576701560535603,17.689413126312875,0.5349193949335409,18.224332521246414
1.0,1.0,0.10408293206646191,-0.13140052740752578,0.6680955017511133,-0.04829964324557354,0.00010001,2.0,0.6169873787042485,61,4.57670160464789,17.689413265839022,0.5349193877858387,18.224332653624867
1.0,1.0,0.03885600451651102,-0.026839691417392394,0.5273570477261683,0.083280394111335,0.0001,2.0,0.7964179369789209,61,4.686207123339598,18.035382212499204,0.3026804268598898,18.338062639359098
1.0,1.0,0.03885600451651102,-0.026839691417392394,0.5273570377261683,0.083280394111335,0.0001,2.0,0.7964179369789209,61,4.68620712632619,18.03538222200675,0.30268041831096565,18.338062640317716
1.0,1.0,0.03885600451651102,-0.026839691417392394,0.5273570377261683,0.083280394111335,0.0001,1.99999999,0.7964179369789209,61,4.686207126327288,18.035382222006792,0.30268042210929746,18.33806264411609
1.0,1.0,0.03885600451651102,-0.026839681417392392,0.5273570377261683,0.083280394111335,0.0001,2.0,0.7964179369789209,61,4.68620712639289,18.03538222200989,0.302680417391226,18.338062639401116
1.0,1.0,0.03885601451651102,-0.026839691417392394,0.5273570377261683,0.083280394111335,0.0001,2.0,0.7964179369789209,61,4.68620712639289,18.035382222009893,0.30268041923070543,18.338062641240597
1.0,1.0,0.03885600451651102,-0.026839691417392394,0.5273570377261683,0.083280404111335,0.0001,2.0,0.7964179369789209,61,4.68620712770047,18.035382225630258,0.30268042685988966,18.33806265249015
1.0,1.0,0.03885600451651102,-0.026839691417392394,0.5273570377261683,0.083280394111335,0.0001,2.0,0.796417946978921,61,4.686207128312765,18.035382228282966,0.30268041451263394,18.338062642795602
0.99999999,1.0,0.03885600451651102,-0.026839691417392394,0.5273570377261683,0.083280394111335,0.0001,2.0,0.7964179369789209,61,4.686207143570113,18.035382276100982,0.30268041831096576,18.338062694411953
1.0,0.99999999,0.03885600451651102,-0.026839691417392394,0.5273570377261683,0.083280394111335,0.0001,2.0,0.7964179369789209,61,4.686207143570114,18.035382276100982,0.30268041831096576,18.338062694411946
1.0,1.0,0.03885600451651102,-0.026839691417392394,0.5273570377261683,0.083280394111335,0.00010001,2.0,0.7964179369789209,61,4.686207189420809,18.035382418980294,0.30268041451263394,18.338062833492927
1.0,1.0,-0.0221345302635916,-0.03887015123570197,0.5061607302551245,0.00395471044059621,0.0001,2.0,0.8105098294075297,61,4.6841891102240485,18.036254119760567,0.21823492806995576,18.254489047830525
1.0,1.0,-0.022134520263591598,-0.03887015123570197,0.5061607202551245,0.00395471044059621,0.0001,2.0,0.8105098294075297,61,4.684189113202052,18.036254129053614,0.2182349200742742,18.254489049127887
1.0,1.0,-0.0221345302635916,-0.03887014123570197,0.5061607202551245,0.00395471044059621,0.0001,2.0,0.8105098294075297,61,4.684189113202053,18.036254129053614,0.2182349200742742,18.254489049127887
1.0,1.0,-0.0221345302635916,-0.03887015123570197,0.5061607202551245,0.00395471044059621,0.0001,2.0,0.8105098294075297,61,4.684189113144744,18.036254129072834,0.21823492092833965,18.254489050001176
1.0,1.0,-0.0221345302635916,-0.03887015123570197,0.5061607202551245,0.00395471044059621,0.0001,1.99999999,0.8105098294075297,61,4.684189113139942,18.036254129074397,0.21823492446362291,18.254489053538027
1.0,1.0,-0.0221345302635916,-0.03887015123570197,0.5061607202551245,0.00395472044059621,0.0001,2.0,0.8105098294075297,61,4.684189114450071,18.03625413251109,0.21823492806995562,18.254489060581044
1.0,1.0,-0.0221345302635916,-0.03887015123570197,0.5061607202551245,0.00395471044059621,0.0001,2.0,0.8105098394075297,61,4.684189115130566,18.03625413538233,0.21823491739305648,18.254489052775387
0.99999999,1.0,-0.0221345302635916,-0.03887015123570197,0.5061607202551245,0.00395471044059621,0.0001,2.0,0.8105098294075297,61,4.684189130388632,18.036254183103928,0.21823492092833968,18.254489104032263
1.0,0.99999999,-0.0221345302635916,-0.03887015123570197,0.5061607202551245,0.00395471044059621,0.0001,2.0,0.8105098294075297,61,4.684189130388632,18.036254183103928,0.21823492092833968,18.254489104032263
1.0,1.0,-0.0221345302635916,-0.03887015123570197,0.5061607202551245,0.00395471044059621,0.00010001,2.0,0.8105098294075297,61,4.684189176324001,18.03625432583761,0.21823491739305656,18.25448924323067
1.0,1.0,-0.05392440035182413,0.0013777615306280796,0.4408455436764246,0.015463849592014738,0.0001,2.0,0.8554000396821628,61,4.712633120317394,18.125398924566795,0.16738183667545156,18.292780761242245
1.0,1.0,-0.05392440035182413,0.0013777715306280795,0.4408455336764246,0.015463849592014738,0.0001,2.0,0.8554000396821628,61,4.712633123200269,18.125398933465036,0.1673818310613505,18.292780764526384
1.0,1.0,-0.05392439035182413,0.0013777615306280796,0.4408455336764246,0.015463849592014738,0.0001,2.0,0.8554000396821628,61,4.712633123200269,18.125398933465036,0.1673818295128899,18.292780762977923
1.0,1.0,-0.05392440035182413,0.0013777615306280796,0.4408455336764246,0.015463849592014738,0.0001,2.0,0.8554000396821628,61,4.712633123136125,18.125398933468073,0.16738183028712011,18.292780763755193
1.0,1.0,-0.05392440035182413,0.0013777615306280796,0.4408455336764246,0.015463849592014738,0.0001,1.99999999,0.8554000396821628,61,4.712633123131492,18.12539893346828,0.1673818329844529,18.29278076645273
1.0,1.0,-0.05392440035182413,0.0013777615306280796,0.4408455336764246,0.015463859592014738,0.0001,2.0,0.8554000396821628,61,4.712633124411202,18.125398936751683,0.16738183667545156,18.292780773427136
1.0,1.0,-0.05392440035182413,0.0013777615306280796,0.4408455336764246,0.015463849592014738,0.0001,2.0,0.8554000496821629,61,4.7126331247886055,18.12539893866829,0.16738182758978767,18.292780766258076
1.0,0.99999999,-0.05392440035182413,0.0013777615306280796,0.4408455336764246,0.015463849592014738,0.0001,2.0,0.8554000396821628,61,4.7126331406154245,18.12539898790113,0.16738183028712023,18.29278081818825
0.99999999,1.0,-0.05392440035182413,0.0013777615306280796,0.4408455336764246,0.015463849592014738,0.0001,2.0,0.8554000396821628,61,4.7126331406154245,18.12539898790113,0.16738183028712023,18.292780818188245
1.0,1.0,-0.05392440035182413,0.0013777615306280796,0.4408455336764246,0.015463849592014738,0.00010001,2.0,0.8554000396821628,61,4.712633187011788,18.125399131420522,0.16738182758978767,18.292780959010308
1.0,1.0,-0.08905125434181169,0.012060947824986883,0.4080921085569935,-0.010211635019377205,0.0001,2.0,0.8777307862726675,61,4.721935413996157,18.15710045970253,0.14357148518582227,18.300671944888354
1.0,1.0,-0.08905125434181169,0.012060957824986883,0.4080920985569935,-0.010211635019377205,0.0001,2.0,0.8777307862726675,61,4.721935416815356,18.15710046837548,0.14357148074514087,18.300671949120616
1.0,1.0,-0.08905124434181169,0.012060947824986883,0.4080920985569935,-0.010211635019377205,0.0001,2.0,0.8777307862726675,61,4.721935416815356,18.15710046837548,0.1435714779139992,18.300671946289476
1.0,1.0,-0.08905125434181169,0.012060947824986883,0.4080920985569935,-0.010211635019377205,0.0001,2.0,0.8777307862726675,61,4.7219354167522285,18.157100468380968,0.14357147932956996,18.30067194771054
1.0,1.0,-0.08905125434181169,0.012060947824986883,0.4080920985569935,-0.010211635019377205,0.0001,1.99999999,0.8777307862726675,61,4.721935416745532,18.1571004683815,0.143571481610062,18.300671949991564
1.0,1.0,-0.08905125434181169,0.012060947824986883,0.4080920985569935,-0.010211625019377205,0.0001,2.0,0.8777307862726675,61,4.721935417991291,18.15710047154459,0.14357147347331772,18.30067194501791
1.0,1.0,-0.08905125434181169,0.012060947824986883,0.4080920985569935,-0.010211635019377205,0.0001,2.0,0.8777307962726676,61,4.721935418284961,18.157100473194127,0.143571477049078,18.3006719502432
0.99999999,1.0,-0.08905125434181169,0.012060947824986883,0.4080920985569935,-0.010211635019377205,0.0001,2.0,0.8777307862726675,61,4.721935434316521,18.157100522936883,0.14357147932957004,18.300672002266452
1.0,0.99999999,-0.08905125434181169,0.012060947824986883,0.4080920985569935,-0.010211635019377205,0.0001,2.0,0.8777307862726675,61,4.721935434316521,18.157100522936883,0.14357147932957004,18.300672002266452
1.0,1.0,-0.08905125434181169,0.012060947824986883,0.4080920985569935,-0.010211635019377205,0.00010001,2.0,0.8777307862726675,61,4.721935480909178,18.157100666688947,0.143571477049078,18.300672143738023
1.0,1.0,-0.09543784280477033,0.011865600881976492,0.40315105937910933,-0.015465796800487012,0.0001,1.9928874419638498,0.881011356326619,61,4.723099080418083,18.161298259643342,0.14554575355673618,18.306844013200074
1.0,1.0,-0.09543784280477033,0.011865610881976492,0.40315104937910934,-0.015465796800487012,0.0001,1.9928874419638498,0.881011356326619,61,4.723099083227777,18.161298268281723,0.1455457491983486,18.306844017480074
1.0,1.0,-0.09543783280477033,0.011865600881976492,0.40315104937910934,-0.015465796800487012,0.0001,1.9928874419638498,0.881011356326619,61,4.723099083227777,18.161298268281723,0.14554574619385216,18.306844014475573
1.0,1.0,-0.09543784280477033,0.011865600881976492,0.40315104937910934,-0.015465796800487012,0.0001,1.9928874519638498,0.881011356326619,61,4.72309908317173,18.161298268287542,0.14554574534407796,18.30684401363162
1.0,1.0,-0.09543784280477033,0.011865600881976492,0.40315104937910934,-0.015465796800487012,0.0001,1.9928874419638498,0.881011356326619,61,4.723099083164461,18.1612982682883,0.14554574769610026,18.306844015984403
1.0,1.0,-0.09543784280477033,0.011865600881976492,0.40315104937910934,-0.015465786800487012,0.0001,1.9928874419638498,0.881011356326619,61,4.723099084397212,18.161298271432177,0.1455457418354645,18.306844013267643
1.0,1.0,-0.09543784280477033,0.011865600881976492,0.40315104937910934,-0.015465796800487012,0.0001,1.9928874419638498,0.881011366326619,61,4.723099084681316,18.161298273050427,0.14554574534407796,18.306844018394507
1.0,0.99999999,-0.09543784280477033,0.011865600881976492,0.40315104937910934,-0.015465796800487012,0.0001,1.9928874419638498,0.881011356326619,61,4.723099100740474,18.16129832285998,0.14554574769610035,18.306844070556085
0.99999999,1.0,-0.09543784280477033,0.011865600881976492,0.40315104937910934,-0.015465796800487012,0.0001,1.9928874419638498,0.881011356326619,61,4.723099100740474,18.16129832285998,0.14554574769610035,18.30684407055608
1.0,1.0,-0.09543784280477033,0.011865600881976492,0.40315104937910934,-0.015465796800487012,0.00010001,1.9928874419638498,0.881011356326619,61,4.723099147362588,18.161298466642116,0.14554574534407796,18.306844211986196
1.0,1.0,-0.2788867163208008,-0.3425603001106663,0.37317131098603634,-0.29282405945685774,0.0001,1.7769741051823997,1.0139307105045074,61,4.718062243602628,18.178363279299024,0.6215894139730507,18.79995269327208
1.0,1.0,-0.2788867163208008,-0.3425602901106663,0.37317130098603635,-0.29282405945685774,0.0001,1.7769741051823997,1.0139307105045074,61,4.718062245888327,18.17836328629962,0.6215893959488573,18.799952682248477
1.0,1.0,-0.2788867063208008,-0.3425603001106663,0.37317130098603635,-0.29282405945685774,0.0001,1.7769741051823997,1.0139307105045074,61,4.718062245888327,18.17836328629962,0.6215893959488573,18.799952682248477
1.0,1.0,-0.2788867163208008,-0.3425603001106663,0.37317130098603635,-0.29282405945685774,0.0001,1.7769741151823997,1.0139307105045074,61,4.718062245878529,18.17836328630538,0.6215894007478722,18.799952687053256
1.0,1.0,-0.2788867163208008,-0.3425603001106663,0.37317130098603635,-0.29282405945685774,0.0001,1.7769741051823997,1.0139307105045074,61,4.718062245865239,18.17836328645701,0.6215894046491156,18.799952691106128
1.0,1.0,-0.2788867163208008,-0.3425603001106663,0.37317130098603635,-0.29282404945685775,0.0001,1.7769741051823997,1.0139307105045074,61,4.718062246776246,18.178363288703476,0.6215893953251806,18.799952684028664
1.0,1.0,-0.2788867163208008,-0.3425603001106663,0.37317130098603635,-0.29282405945685774,0.0001,1.7769741051823997,1.0139307205045074,61,4.718062247326684,18.17836329105191,0.6215894007478722,18.799952691799778
0.99999999,1.0,-0.2788867163208008,-0.3425603001106663,0.37317130098603635,-0.29282405945685774,0.0001,1.7769741051823997,1.0139307105045074,61,4.718062263580344,18.178363341071513,0.6215894046491157,18.799952745720624
1.0,0.99999999,-0.2788867163208008,-0.3425603001106663,0.37317130098603635,-0.29282405945685774,0.0001,1.7769741051823997,1.0139307105045074,61,4.718062263580344,18.178363341071513,0.6215894046491157,18.799952745720624
1.0,1.0,-0.2788867163208008,-0.3425603001106663,0.37317130098603635,-0.29282405945685774,0.00010001,1.7769741051823997,1.0139307105045074,61,4.718062310935675,18.178363485091552,0.6215894007478722,18.79995288583942
1.0,1.0,-0.12927465793078408,0.010830632301425044,0.37697286290844517,-0.043302896663849684,0.0001,1.9552043639421346,0.8983921603454312,61,4.729144692029801,18.18317420649345,0.1573605710430876,18.340534777536536
1.0,1.0,-0.12927464793078408,0.010830632301425044,0.3769728529084452,-0.043302896663849684,0.0001,1.9552043639421346,0.8983921603454312,61,4.729144694789256,18.183174214949506,0.15736056319775307,18.340534778147255
1.0,1.0,-0.12927465793078408,0.010830642301425044,0.3769728529084452,-0.043302896663849684,0.0001,1.9552043639421346,0.8983921603454312,61,4.729144694789256,18.183174214949506,0.15736056712070118,18.340534782070208
1.0,1.0,-0.12927465793078408,0.010830632301425044,0.3769728529084452,-0.043302896663849684,0.0001,1.9552043739421345,0.8983921603454312,61,4.729144694735361,18.183174214959866,0.15736056242822902,18.340534777388093
1.0,1.0,-0.12927465793078408,0.010830632301425044,0.3769728529084452,-0.043302896663849684,0.0001,1.9552043639421346,0.8983921603454312,61,4.729144694725076,18.18317421496246,0.15736056515922703,18.34053478012169
1.0,1.0,-0.12927465793078408,0.010830632301425044,0.3769728529084452,-0.04330288666384968,0.0001,1.9552043639421346,0.8983921603454312,61,4.729144695924731,18.183174218003384,0.15736055927536666,18.34053477727875
1.0,1.0,-0.12927465793078408,0.010830632301425044,0.3769728529084452,-0.043302896663849684,0.0001,1.9552043639421346,0.8983921703454313,61,4.7291446961588655,18.183174219457104,0.15736056242822885,18.34053478188533
0.99999999,1.0,-0.12927465793078408,0.010830632301425044,0.3769728529084452,-0.043302896663849684,0.0001,1.9552043639421346,0.8983921603454312,61,4.729144712362962,18.18317426961768,0.15736056515922714,18.340534834776903
1.0,0.99999999,-0.12927465793078408,0.010830632301425044,0.3769728529084452,-0.043302896663849684,0.0001,1.9552043639421346,0.8983921603454312,61,4.729144712362962,18.18317426961768,0.15736056515922714,18.340534834776903
1.0,1.0,-0.12927465793078408,0.010830632301425044,0.3769728529084452,-0.043302896663849684,0.00010001,1.9552043639421346,0.8983921603454312,61,4.729144759141015,18.18317441356012,0.15736056242822902,18.340534975988348
1.0,1.0,-0.05603412594351399,-0.11392170446498952,0.3531202665668384,0.025225805534132617,0.0001,1.9441713636753717,0.9851838445287705,61,4.753955298737364,18.256879373295742,0.1250663106677402,18.381945683963483
1.0,1.0,-0.05603412594351399,-0.11392170446498952,0.35312025656683843,0.025225805534132617,0.0001,1.9441713636753717,0.9851838445287705,61,4.753955301182641,18.256879380919607,0.12506630537089528,18.3819456862905
1.0,1.0,-0.05603412594351399,-0.11392170446498952,0.35312025656683843,0.025225805534132617,0.0001,1.9441713736753716,0.9851838445287705,61,4.75395530119951,18.256879380920026,0.12506630405405927,18.38194568497408
1.0,1.0,-0.05603411594351399,-0.11392170446498952,0.35312025656683843,0.025225805534132617,0.0001,1.9441713636753717,0.9851838445287705,61,4.753955301256171,18.256879380925835,0.1250663029915137,18.381945683917344
1.0,1.0,-0.05603412594351399,-0.11392169446498952,0.35312025656683843,0.025225805534132617,0.0001,1.9441713636753717,0.9851838445287705,61,4.753955301256172,18.256879380925835,0.1250663029915137,18.381945683917344
1.0,1.0,-0.05603412594351399,-0.11392170446498952,0.35312025656683843,0.02522581553413262,0.0001,1.9441713636753717,0.9851838445287705,61,4.753955302300479,18.25687938366798,0.1250663106677402,18.381945694335712
1.0,1.0,-0.05603412594351399,-0.11392170446498952,0.35312025656683843,0.025225805534132617,0.0001,1.9441713636753717,0.9851838545287706,61,4.753955302313798,18.256879384441355,0.12506630405405927,18.38194568849541
1.0,0.99999999,-0.05603412594351399,-0.11392170446498952,0.35312025656683843,0.025225805534132617,0.0001,1.9441713636753717,0.9851838445287705,61,4.753955319028571,18.256879435963253,0.12506630537089533,18.381945741334146
0.99999999,1.0,-0.05603412594351399,-0.11392170446498952,0.35312025656683843,0.025225805534132617,0.0001,1.9441713636753717,0.9851838445287705,61,4.75395531902857,18.256879435963253,0.12506630537089533,18.381945741334146
1.0,1.0,-0.05603412594351399,-0.11392170446498952,0.35312025656683843,0.025225805534132617,0.00010001,1.9441713636753717,0.9851838445287705,61,4.75395536619379,18.256879580704705,0.12506630405405927,18.381945884758768
1.0,1.0,0.0024274540952454043,-0.21719937902238817,0.32881965773345123,-0.05584060325533552,0.0001,1.8953504063247835,1.0516599004190668,61,4.757923059783579,18.276326841463113,0.13995045522235067,18.41627729668546
1.0,1.0,0.0024274540952454043,-0.21719936902238818,0.32881964773345124,-0.05584060325533552,0.0001,1.8953504063247835,1.0516599004190668,61,4.757923062096658,18.276326848435605,0.13995044676233148,18.41627729519794
1.0,1.0,0.0024274640952454043,-0.21719937902238817,0.32881964773345124,-0.05584060325533552,0.0001,1.8953504063247835,1.0516599004190668,61,4.7579230620966575,18.276326848435605,0.1399504529118828,18.416277301347495
1.0,1.0,0.0024274540952454043,-0.21719937902238817,0.32881964773345124,-0.05584060325533552,0.0001,1.8953504163247834,1.0516599004190668,61,4.7579230620458866,18.27632684844136,0.1399504488498329,18.416277297291195
1.0,1.0,0.0024274540952454043,-0.21719937902238817,0.32881964773345124,-0.05584060325533552,0.0001,1.8953504063247835,1.0516599004190668,61,4.757923062025784,18.27632684844742,0.13995044983710705,18.416277298284527
1.0,1.0,0.0024274540952454043,-0.21719937902238817,0.32881964773345124,-0.05584059325533552,0.0001,1.8953504063247835,1.0516599004190668,61,4.757923063033791,18.276326850881613,0.13995044445186364,18.416277295333476
1.0,1.0,0.0024274540952454043,-0.21719937902238817,0.32881964773345124,-0.05584060325533552,0.0001,1.8953504063247835,1.0516599104190667,61,4.75792306309025,18.27632685174204,0.1399504488498329,18.416277300591872
0.99999999,1.0,0.0024274540952454043,-0.21719937902238817,0.32881964773345124,-0.05584060325533552,0.0001,1.8953504063247835,1.0516599004190668,61,4.7579230799303085,18.27632690353917,0.13995044983710714,18.416277353376277
1.0,0.99999999,0.0024274540952454043,-0.21719937902238817,0.32881964773345124,-0.05584060325533552,0.0001,1.8953504063247835,1.0516599004190668,61,4.7579230799303085,18.276326903539175,0.13995044983710714,18.416277353376277
1.0,1.0,0.0024274540952454043,-0.21719937902238817,0.32881964773345124,-0.05584060325533552,0.00010001,1.8953504063247835,1.0516599004190668,61,4.7579231272876354,18.276327048369453,0.1399504488498329,18.416277497219284
0.8516110926866531,0.6799843783838845,0.08488169312477112,-0.8097120970487595,0.4790410250425339,0.059445977210998535,0.1229921861880099,1.7691582733899485,1.32149150913061,61,6.865315572122991,23.827400335749278,0.9593684040216971,24.786768739770977
0.8516111026866532,0.6799843683838844,0.08488169312477112,-0.8097120970487595,0.4790410250425339,0.059445977210998535,0.1229921861880099,1.7691582733899485,1.32149150913061,61,6.8653155721229915,23.827400335749278,0.9593684040216971,24.786768739770977
0.8516110926866531,0.6799843683838844,0.08488169312477112,-0.8097120970487595,0.47904103504253387,0.059445977210998535,0.1229921861880099,1.7691582733899485,1.32149150913061,61,6.8653155990059505,23.827400399358424,0.959368418118179,24.786768817476602
0.8516110926866531,0.6799843683838844,0.08488169312477112,-0.8097120970487595,0.4790410250425339,0.059445977210998535,0.1229921861880099,1.7691582833899484,1.32149150913061,61,6.865315601558787,23.827400405611314,0.9593684145673441,24.78676882017866
0.8516110926866531,0.6799843683838844,0.08488170312477111,-0.8097120970487595,0.4790410250425339,0.059445977210998535,0.1229921861880099,1.7691582733899485,1.32149150913061,61,6.865315601571733,23.827400405646376,0.9593684231036738,24.786768828750056
0.8516110926866531,0.6799843683838844,0.08488169312477112,-0.8097120870487594,0.4790410250425339,0.059445977210998535,0.1229921861880099,1.7691582733899485,1.32149150913061,61,6.865315601571733,23.827400405646376,0.9593683980550476,24.786768803701424
0.8516110926866531,0.6799843683838844,0.08488169312477112,-0.8097120970487595,0.4790410250425339,0.059445977210998535,0.1229921861880099,1.7691582733899485,1.32149150913061,61,6.865315601723865,23.827400406011385,0.9593684105793606,24.78676881659075
0.8516110926866531,0.6799843683838844,0.08488169312477112,-0.8097120970487595,0.4790410250425339,0.059445977210998535,0.1229921861880099,1.7691582733899485,1.32149150913061,61,6.865315601723865,23.827400406011385,0.9593684105793606,24.78676881659075
0.8516110926866531,0.6799843683838844,0.08488169312477112,-0.8097120970487595,0.4790410250425339,0.05944598721099854,0.1229921861880099,1.7691582733899485,1.32149150913061,61,6.865315602790521,23.827400408491346,0.959368418118179,24.786768826609524
0.8516110926866531,0.6799843683838844,0.08488169312477112,-0.8097120970487595,0.4790410250425339,0.059445977210998535,0.1229921861880099,1.7691582733899485,1.32149151913061,61,6.865315603370383,23.827400410025525,0.9593684145673441,24.78676882459287
0.8516110926866531,0.6799843683838844,0.08488169312477112,-0.8097120970487595,0.4790410250425339,0.059445977210998535,0.1229921961880099,1.7691582733899485,1.32149150913061,61,6.86531568590997,23.827400603744824,0.9593684145673441,24.786769018312167
0.9591720998287201,0.3936155363917351,-0.5581547692418098,0.05385078489780426,0.6775229051709175,0.26143264025449753,1.0496712891032263,1.2515002978612944,1.1911534336974188,61,12.06456637866763,34.91934675534497,1.3987755084601803,36.31812226380516
0.2943643033504486,-0.18122120201587677,0.8670084923505783,-0.5209859535098076,0.012715108692646027,-0.40337515622377396,0.25733455190859233,0.4591635606666604,0.2776456351497978,61,12.765405920489483,36.34126276914757,7.71715073690831,44.05841350605588
0.8696628641337156,0.1874476857483387,0.4125951901078224,-0.48199860006570816,-0.013495665043592453,-0.5303852427750826,1.8961941435823455,1.5424602314720168,1.0947934672126785,61,13.450720341754218,37.7165783124458,3.5842996371385163,41.30087794958432
0.6511505767703056,0.1874476857483387,0.4125951901078224,-0.48199860006570816,-0.013495665043592453,-0.5303852427750826,1.8961941435823455,1.5424602314720168,1.0947934672126785,61,13.530303053763376,37.876080698415116,3.9061690736152097,41.782249772030326
-0.699790358543396,0.0695720687508583,-0.1271461695432663,0.9782600328326225,0.26701316237449646,-0.15258188545703888,1.2913798860034769,0.2340568279671238,0.3883636464104048,61,13.543061700647268,37.89414373388792,6.922396136497048,44.816539870384965
0.6511505767703056,-0.1470404714345932,0.4125951901078224,-0.48199860006570816,-0.013495665043592453,-0.5303852427750826,1.8961941435823455,1.5424602314720168,1.0947934672126785,61,13.653252072167328,38.12233716045521,4.528351880409024,42.65068904086422
0.6511505767703056,-0.1470404714345932,-0.4379795491695404,-0.48199860006570816,-0.013495665043592453,-0.5303852427750826,1.8961941435823455,1.5424602314720168,1.0947934672126785,61,13.71188215558697,38.239130304988606,4.560595102366314,42.79972540735492
0.6511505767703056,-0.1470404714345932,-0.4379795491695404,-0.9474537894129753,-0.013495665043592453,-0.5303852427750826,1.8961941435823455,1.5424602314720168,1.0947934672126785,61,13.75041654857923,38.316044010218754,5.311741120776221,43.62778513099497
0.14669480919837952,-0.4233163595199585,-0.6200345903635025,0.4853716194629669,-0.22587525844573975,-0.6454703062772751,1.0953914608463422,0.6400419969940172,0.19237522144166386,61,13.924988775148252,38.67067078636877,6.087874778699908,44.75854556506868
0.6511505767703056,-0.1470404714345932,-0.4379795491695404,-0.9474537894129753,-0.26287688314914703,-0.5303852427750826,1.8961941435823455,1.5424602314720168,1.0947934672126785,61,13.931763457824271,38.679719386529875,5.5451619717515355,44.22488135828141
-0.7139193415641785,-0.8855460584163666,-0.0885317325592041,-0.9831255227327347,0.9135105907917023,-0.11396744847297668,1.7540787599141079,1.400344846111007,0.9526780818516687,61,13.97539459483477,38.76792508211063,11.75618062923335,50.524105711343964
-0.30816254019737244,-0.9903777176514268,-0.19336339179426432,0.9120428180322051,0.8086789315566421,0.29178935289382935,1.4007355609236556,1.047001648813327,0.5993348845539885,61,14.002761188601406,38.82189671707674,9.321392879774331,48.14328959685107
0.6511505767703056,-0.1470404714345932,-0.4379795491695404,-0.9474537894129753,-0.26287688314914703,0.5667729452252388,1.8144962941235412,1.5424602314720168,1.0947934672126785,61,14.24681394673193,39.31004802009164,5.358874504079529,44.66892252417118
0.6511505767703056,-0.1470404714345932,-0.4379795491695404,-0.9474537894129753,-0.26287688314914703,0.5667729452252388,1.8961941435823455,1.5424602314720168,1.0947934672126785,61,14.269968257928191,39.35637789240697,5.586499797858608,44.942877690265576
0.6511505767703056,-0.1470404714345932,-0.4379795491695404,-0.9474537894129753,-0.26287688314914703,0.5667729452252388,1.8144962941235412,1.2160505632637533,1.0947934672126785,61,14.314440807025772,39.44600010063185,4.573766454994782,44.01976655562663
0.6511505767703056,-0.1470404714345932,-0.4379795491695404,-0.9474537894129753,-0.26287688314914703,0.5667729452252388,1.8144962941235412,1.2160505632637533,0.28225864186250016,61,15.334730535771842,41.495127176216776,3.483125793572246,44.978252969789025
-0.5145165324211121,-0.9901020377874374,0.05812765657901764,-0.08141407370567322,0.4522869884967804,0.7877440080046654,1.1595537150198378,1.361382723777906,1.179864794939176,61,15.654934452669673,42.13950012650922,10.146030940524794,52.28553106703401
-0.30698251569091095,-0.8725390795921295,-0.967243496954036,-0.3552379480483212,0.26843417168958017,-0.14765609407371083,0.9833825587652029,1.1852115693098573,1.124864704876543,61,15.689784782367079,42.219052442474705,8.502388980418285,50.721441422893
-0.5709684688304619,0.22902632108262644,-0.07964026942121549,-0.853696833713735,0.42588599251315906,-0.9157828204167262,1.0583655086742358,0.05437983913216335,1.3456817447542202,61,16.06733393735324,43.10087393804344,5.982868262353197,49.08374220039664
