Vᵢᵢ,Ʌᵢᵢ,αᵢⱼ,βᵢⱼ,γ1,γ3,n_data,raw_ssr_sum,raw_neglogprob_sum,param_penalty_sum,loss_final_sum
0.981912322047854,0.888861921029428,0.719424808971521,0.18026146236208662,2.0,0.0001,41,8.268223668385225,23.100254758225223,0.35110724880832817,23.45136200703354
0.981912322047854,0.888861921029428,0.7194247989715209,0.18026146236208662,2.0,0.0001,41,8.26822367070639,23.1002547629584,0.35110724116099484,23.4513620041194
0.981912322047854,0.888861921029428,0.7194247989715209,0.18026147236208662,2.0,0.0001,41,8.26822367081713,23.100254763014544,0.35110724880832817,23.451362011822873
0.981912322047854,0.888861931029428,0.7194247989715209,0.18026146236208662,2.0,0.0001,41,8.268223671413772,23.100254764423223,0.351107240062576,23.4513620044858
0.981912332047854,0.888861921029428,0.7194247989715209,0.18026146236208662,2.0,0.0001,41,8.268223671413772,23.100254764423227,0.351107240062576,23.4513620044858
0.981912322047854,0.888861921029428,0.7194247989715209,0.18026146236208662,1.99999999,0.0001,41,8.268223672252699,23.100254766151156,0.3511072411592949,23.45136200731045
0.981912322047854,0.888861921029428,0.7194247989715209,0.18026146236208662,2.0,0.00010001,41,8.268223677791951,23.100254777643546,0.3511072411626949,23.451362018806243
0.9908600478532751,0.8668207183864785,0.6048652558579654,0.02603428043114969,2.0,0.0001,41,8.299704372485243,23.166664010999575,0.17777282890486776,23.34443683990444
0.9908600478532751,0.8668207183864785,0.6048652458579653,0.02603429043114969,2.0,0.0001,41,8.299704374115946,23.166664014028555,0.17777282890486776,23.344436842933423
0.9908600478532751,0.8668207183864785,0.6048652458579653,0.02603428043114969,2.0,0.0001,41,8.299704374908433,23.166664015839277,0.17777282354222165,23.344436839381498
0.9908600478532751,0.8668207283864785,0.6048652458579653,0.02603428043114969,2.0,0.0001,41,8.299704375632437,23.16666401733869,0.1777728223325082,23.344436839671197
0.9908600578532751,0.8668207183864785,0.6048652458579653,0.02603428043114969,2.0,0.0001,41,8.299704375632437,23.16666401733869,0.1777728223325082,23.344436839671197
0.9908600478532751,0.8668207183864785,0.6048652458579653,0.02603428043114969,1.99999999,0.0001,41,8.299704376491015,23.166664019099407,0.17777282354052176,23.34443684263993
0.9908600478532751,0.8668207183864785,0.6048652458579653,0.02603428043114969,2.0,0.00010001,41,8.299704381255976,23.166664028781053,0.17777282354392174,23.34443685232497
0.987651981865964,0.8628078386336886,0.6027931792045425,0.0072068684546701504,2.0,0.0001,41,8.301333221832158,23.170323173143853,0.16764649595742603,23.337969669101287
0.987651981865964,0.8628078386336886,0.6027931692045424,0.00720687845467015,2.0,0.0001,41,8.301333223193668,23.17032317559866,0.16764649595742603,23.337969671556078
0.987651981865964,0.8628078386336886,0.6027931692045424,0.0072068684546701504,2.0,0.0001,41,8.301333224164734,23.17032317778523,0.16764649077242566,23.33796966855765
0.9876519918659641,0.8628078386336886,0.6027931692045424,0.0072068684546701504,2.0,0.0001,41,8.301333224892417,23.17032317929409,0.16764648950133412,23.337969668795427
0.987651981865964,0.8628078486336886,0.6027931692045424,0.0072068684546701504,2.0,0.0001,41,8.301333224892417,23.17032317929409,0.16764648950133412,23.337969668795427
0.987651981865964,0.8628078386336886,0.6027931692045424,0.0072068684546701504,1.99999999,0.0001,41,8.301333225751131,23.17032318105589,0.16764649077072574,23.33796967182661
0.987651981865964,0.8628078386336886,0.6027931692045424,0.0072068684546701504,2.0,0.00010001,41,8.30133323037447,23.170323190425197,0.16764649077412574,23.337969681199326
0.987245478116795,0.8621658066248675,0.6020144561126676,0.00436568757619138,2.0,0.0001,41,8.301717503028694,23.17115396032534,0.1659088904248931,23.33706285075023
0.987245478116795,0.8621658066248675,0.6020144461126675,0.00436569757619138,2.0,0.0001,41,8.301717504356485,23.171153962707837,0.1659088904248931,23.337062853132725
0.987245478116795,0.8621658066248675,0.6020144461126675,0.00436568757619138,2.0,0.0001,41,8.30171750535174,23.17115396494521,0.16590888527066192,23.337062850215865
0.987245478116795,0.8621658166248676,0.6020144461126675,0.00436568757619138,2.0,0.0001,41,8.301717506079898,23.171153966455268,0.16590888399065787,23.33706285044592
0.987245488116795,0.8621658066248675,0.6020144461126675,0.00436568757619138,2.0,0.0001,41,8.301717506079898,23.171153966455268,0.16590888399065787,23.33706285044592
0.987245478116795,0.8621658066248675,0.6020144461126675,0.00436568757619138,1.99999999,0.0001,41,8.301717506938541,23.171153968216988,0.16590888526896197,23.33706285348595
0.987245478116795,0.8621658066248675,0.6020144461126675,0.00436568757619138,2.0,0.00010001,41,8.301717511539941,23.17115397753776,0.16590888527236197,23.337062862810125
0.9867255116149818,0.8613445715480419,0.6010183769306402,0.0007314803015449085,2.0,0.0001,41,8.302217903106621,23.172235042455288,0.16370388438134442,23.335938926836633
0.9867255116149818,0.8613445715480419,0.6010183669306401,0.0007314903015449085,2.0,0.0001,41,8.30221790439131,23.172235044745328,0.16370388438134442,23.335938929126677
0.9867255116149818,0.8613445715480419,0.6010183669306401,0.0007314803015449085,2.0,0.0001,41,8.302217905417484,23.172235047047653,0.16370387926647068,23.335938926314128
0.9867255216149818,0.8613445715480419,0.6010183669306401,0.0007314803015449085,2.0,0.0001,41,8.302217906146256,23.172235048559262,0.16370387797506641,23.335938926534322
0.9867255116149818,0.8613445815480419,0.6010183669306401,0.0007314803015449085,2.0,0.0001,41,8.302217906146256,23.172235048559262,0.16370387797506641,23.335938926534322
0.9867255116149818,0.8613445715480419,0.6010183669306401,0.0007314803015449085,1.99999999,0.0001,41,8.302217907004803,23.17223505032088,0.16370387926477076,23.33593892958565
0.9867255116149818,0.8613445715480419,0.6010183669306401,0.0007314803015449085,2.0,0.00010001,41,8.302217911577804,23.172235059578842,0.1637038792681707,23.33593893884702
0.9866727603022158,0.8612612561262966,0.6009173233352882,0.00036278500303488746,2.0,0.0001,41,8.302269224790379,23.172345873972624,0.1634812871182365,23.33582716109087
0.9866727603022158,0.8612612561262966,0.6009173133352882,0.00036279500303488746,2.0,0.0001,41,8.302269226070699,23.172345876253292,0.1634812871182365,23.335827163371526
0.9866727603022158,0.8612612561262966,0.6009173133352882,0.00036278500303488746,2.0,0.0001,41,8.302269227100009,23.172345878562208,0.16348128200735568,23.335827160569565
0.9866727603022158,0.8612612661262966,0.6009173133352882,0.00036278500303488746,2.0,0.0001,41,8.302269227828841,23.17234588007397,0.16348128071479484,23.335827160788764
0.9866727703022159,0.8612612561262966,0.6009173133352882,0.00036278500303488746,2.0,0.0001,41,8.302269227828841,23.17234588007397,0.16348128071479484,23.335827160788764
0.9866727603022158,0.8612612561262966,0.6009173133352882,0.00036278500303488746,1.99999999,0.0001,41,8.302269228687381,23.17234588183557,0.16348128200565573,23.33582716384123
0.9866727603022158,0.8612612561262966,0.6009173133352882,0.00036278500303488746,2.0,0.00010001,41,8.302269233257478,23.172345891087126,0.16348128200905573,23.33582717309618
0.9866472034588565,0.8612208916486881,0.6008683651052105,0.0001841602921555689,2.0,0.0001,41,8.30229412579549,23.17239964584627,0.16337351677842235,23.335773162624694
0.9866472034588565,0.8612208916486881,0.6008683551052104,0.00018417029215556888,2.0,0.0001,41,8.30229412707369,23.172399648122386,0.16337351677842232,23.33577316490081
0.9866472034588565,0.8612208916486881,0.6008683551052104,0.0001841602921555689,2.0,0.0001,41,8.302294128104519,23.172399650434496,0.1633735116694759,23.33577316210397
0.9866472134588565,0.8612208916486881,0.6008683551052104,0.0001841602921555689,2.0,0.0001,41,8.302294128833381,23.172399651946332,0.1633735103763548,23.335773162322695
0.9866472034588565,0.8612209016486881,0.6008683551052104,0.0001841602921555689,2.0,0.0001,41,8.302294128833381,23.172399651946332,0.1633735103763548,23.335773162322695
0.9866472034588565,0.8612208916486881,0.6008683551052104,0.0001841602921555689,1.99999999,0.0001,41,8.302294129691916,23.172399653707938,0.16337351166777603,23.335773165375713
0.9866472034588565,0.8612208916486881,0.6008683551052104,0.0001841602921555689,2.0,0.00010001,41,8.302294134260606,23.172399662956373,0.16337351167117603,23.335773174627548
0.9866358807726607,0.861201023773978,0.6008388807512676,9.40074182405087e-05,2.0,0.0001,41,8.30230795661144,23.172429308781357,0.16331643457322048,23.335745743354583
0.9866358807726607,0.861201023773978,0.6008388707512675,9.401741824050869e-05,2.0,0.0001,41,8.302307957888642,23.172429311055332,0.16331643457322048,23.33574574562855
0.9866358807726607,0.861201023773978,0.6008388707512675,9.40074182405087e-05,2.0,0.0001,41,8.302307958920212,23.172429313368987,0.16331642946529093,23.335745742834277
0.9866358807726607,0.861201033773978,0.6008388707512675,9.40074182405087e-05,2.0,0.0001,41,8.302307959649086,23.17242931488086,0.16331642817190467,23.33574574305277
0.9866358907726608,0.861201023773978,0.6008388707512675,9.40074182405087e-05,2.0,0.0001,41,8.302307959649086,23.17242931488086,0.16331642817190467,23.33574574305277
0.9866358807726607,0.861201023773978,0.6008388707512675,9.40074182405087e-05,1.99999999,0.0001,41,8.302307960507619,23.17242931664246,0.16331642946359098,23.335745746106053
0.9866358807726607,0.861201023773978,0.6008388707512675,9.40074182405087e-05,2.0,0.00010001,41,8.302307965075602,23.17242932588933,0.163316429466991,23.335745755356324
0.9866299807476645,0.8611906710223974,0.600823517044966,4.703056130263598e-05,2.0,0.0001,41,8.30231516589243,23.172444770344654,0.16328669532854698,23.3357314656732
0.9866299807476645,0.8611906710223974,0.6008235070449659,4.704056130263598e-05,2.0,0.0001,41,8.302315167169114,23.172444772617503,0.16328669532854698,23.335731467946044
0.9866299807476645,0.8611906710223974,0.6008235070449659,4.703056130263598e-05,2.0,0.0001,41,8.302315168201066,23.172444774931968,0.16328669022114733,23.335731465153117
0.9866299807476645,0.8611906810223975,0.6008235070449659,4.703056130263598e-05,2.0,0.0001,41,8.30231516892995,23.172444776443857,0.1632866889276229,23.33573146537149
0.9866299907476646,0.8611906710223974,0.6008235070449659,4.703056130263598e-05,2.0,0.0001,41,8.30231516892995,23.172444776443857,0.1632866889276229,23.33573146537149
0.9866299807476645,0.8611906710223974,0.6008235070449659,4.703056130263598e-05,1.99999999,0.0001,41,8.302315169788482,23.17244477820546,0.16328669021944744,23.33573146842491
0.9866299807476645,0.8611906710223974,0.6008235070449659,4.703056130263598e-05,2.0,0.00010001,41,8.302315174356094,23.17244478745151,0.16328669022284742,23.335731477674365
0.9866268939155911,0.8611852545698149,0.600815478912685,2.2452755479368606e-05,2.0,0.0001,41,8.302318938347012,23.172452860985636,0.16327113746896008,23.335723998454597
0.9866268939155911,0.8611852545698149,0.600815468912685,2.2462755479368608e-05,2.0,0.0001,41,8.302318939623422,23.1724528632579,0.16327113746896,23.33572400072686
0.9866268939155911,0.8611852545698149,0.600815468912685,2.2452755479368606e-05,2.0,0.0001,41,8.302318940655576,23.172452865572794,0.16327113236183766,23.335723997934622
0.9866268939155911,0.8611852645698149,0.600815468912685,2.2452755479368606e-05,2.0,0.0001,41,8.302318941384463,23.17245286708469,0.1632711310682409,23.335723998152933
0.9866269039155912,0.8611852545698149,0.600815468912685,2.2452755479368606e-05,2.0,0.0001,41,8.302318941384463,23.17245286708469,0.1632711310682409,23.335723998152933
0.9866268939155911,0.8611852545698149,0.600815468912685,2.2452755479368606e-05,1.99999999,0.0001,41,8.302318942242998,23.172452868846296,0.1632711323601377,23.335724001206433
0.9866268939155911,0.8611852545698149,0.600815468912685,2.2452755479368606e-05,2.0,0.00010001,41,8.302318946810416,23.17245287809192,0.16327113236353777,23.335724010455458
0.9866252785151179,0.861182420032705,0.6008112723985695,9.590702018334707e-06,2.0,0.0001,41,8.30232091272076,23.172457095337556,0.16326299611725437,23.33572009145481
0.9866252785151179,0.861182420032705,0.6008112623985694,9.600702018334707e-06,2.0,0.0001,41,8.302320913997026,23.172457097609513,0.16326299611725437,23.335720093726767
0.9866252785151179,0.861182420032705,0.6008112623985694,9.590702018334707e-06,2.0,0.0001,41,8.302320915029286,23.17245709992462,0.16326299101027708,23.335720090934903
0.986625288515118,0.861182420032705,0.6008112623985694,9.590702018334707e-06,2.0,0.0001,41,8.302320915758175,23.17245710143653,0.16326298971664255,23.335720091153178
0.9866252785151179,0.861182430032705,0.6008112623985694,9.590702018334707e-06,2.0,0.0001,41,8.302320915758175,23.17245710143653,0.16326298971664255,23.335720091153178
0.9866252785151179,0.861182420032705,0.6008112623985694,9.590702018334707e-06,1.99999999,0.0001,41,8.302320916616708,23.17245710319813,0.16326299100857716,23.335720094206707
0.9866252785151179,0.861182420032705,0.6008112623985694,9.590702018334707e-06,2.0,0.00010001,41,8.302320921184029,23.17245711244353,0.16326299101197717,23.335720103455508
0.9866244362339179,0.861180942085064,0.6008090790924414,2.884336628469113e-06,2.0,0.0001,41,8.302321942220415,23.172459303256332,0.16325875126395192,23.335718054520285
0.9866244362339179,0.861180942085064,0.6008090690924414,2.894336628469113e-06,2.0,0.0001,41,8.302321943496604,23.172459305528136,0.16325875126395192,23.335718056792082
0.9866244362339179,0.861180942085064,0.6008090690924414,2.884336628469113e-06,2.0,0.0001,41,8.302321944528922,23.172459307843358,0.16325874615705027,23.33571805400041
0.986624446233918,0.861180942085064,0.6008090690924414,2.884336628469113e-06,2.0,0.0001,41,8.302321945257813,23.172459309355265,0.16325874486339598,23.335718054218667
0.9866244362339179,0.8611809520850641,0.6008090690924414,2.884336628469113e-06,2.0,0.0001,41,8.302321945257813,23.172459309355265,0.16325874486339598,23.335718054218667
0.9866244362339179,0.861180942085064,0.6008090690924414,2.884336628469113e-06,1.99999999,0.0001,41,8.302321946116344,23.172459311116867,0.16325874615535035,23.33571805727222
0.9866244362339179,0.861180942085064,0.6008090690924414,2.884336628469113e-06,2.0,0.00010001,41,8.302321950683611,23.172459320362158,0.16325874615875036,23.335718066520904
0.9866240004976685,0.8611801775003125,0.600807944432204,-5.850587502594269e-07,2.0,0.0001,41,8.302322474822859,23.17246044550243,0.16325715287118003,23.335717598373613
0.9866240004976685,0.8611801775003125,0.6008079344322039,-5.750587502594269e-07,2.0,0.0001,41,8.302322476099015,23.17246044777415,0.1632571426574352,23.335717590431578
0.9866240004976685,0.8611801775003125,0.6008079344322039,-5.850587502594269e-07,2.0,0.0001,41,8.302322477131357,23.172460450089435,0.16325714776430758,23.335717597853733
0.9866240104976686,0.8611801775003125,0.6008079344322039,-5.850587502594269e-07,2.0,0.0001,41,8.30232247786025,23.17246045160134,0.16325714647064313,23.335717598071987
0.9866240004976685,0.8611801875003126,0.6008079344322039,-5.850587502594269e-07,2.0,0.0001,41,8.30232247786025,23.17246045160134,0.16325714647064313,23.335717598071987
0.9866240004976685,0.8611801775003125,0.6008079344322039,-5.850587502594269e-07,1.99999999,0.0001,41,8.30232247871878,23.172460453362948,0.16325714776260764,23.33571760112555
0.9866240004976685,0.8611801775003125,0.6008079344322039,-5.850587502594269e-07,2.0,0.00010001,41,8.30232248328602,23.172460462608168,0.16325714776600764,23.335717610374182
0.9866195629911053,0.8611723910243034,0.6007963891341177,-3.59171312606307e-05,2.0,0.0001,41,8.302327899301462,23.172472079076282,0.16327087704371387,23.335742956119997
0.9866195629911053,0.8611723910243034,0.6007963791341177,-3.59071312606307e-05,2.0,0.0001,41,8.302327900577223,23.172472081347156,0.16327086682956485,23.335742948176723
0.9866195629911053,0.8611723910243034,0.6007963791341177,-3.59171312606307e-05,2.0,0.0001,41,8.302327901609857,23.172472083663052,0.16327087193663922,23.335742955599688
0.9866195729911054,0.8611723910243034,0.6007963791341177,-3.59171312606307e-05,2.0,0.0001,41,8.302327902338755,23.172472085174977,0.16327087064287094,23.335742955817846
0.9866195629911053,0.8611724010243035,0.6007963791341177,-3.59171312606307e-05,2.0,0.0001,41,8.302327902338755,23.172472085174977,0.16327087064287094,23.335742955817846
0.9866195629911053,0.8611723910243034,0.6007963791341177,-3.59171312606307e-05,1.99999999,0.0001,41,8.302327903197286,23.172472086936576,0.16327087193493933,23.335742958871517
0.9866195629911053,0.8611723910243034,0.6007963791341177,-3.59171312606307e-05,2.0,0.00010001,41,8.302327907764248,23.172472096181185,0.16327087193833933,23.335742968119526
0.9866170525326867,0.8611679859323965,0.6007898518828599,-5.590576623380335e-05,2.0,0.0001,41,8.302330968523963,23.17247866143525,0.16327864157499566,23.335757303010244
0.9866170525326867,0.8611679859323965,0.6007898418828599,-5.589576623380335e-05,2.0,0.0001,41,8.302330969799502,23.172478663705654,0.16327863136061788,23.33575729506627
0.9866170525326867,0.8611679859323965,0.6007898418828599,-5.590576623380335e-05,2.0,0.0001,41,8.3023309708323,23.172478666021885,0.16327863646780671,23.33575730248969
0.9866170625326868,0.8611679859323965,0.6007898418828599,-5.590576623380335e-05,2.0,0.0001,41,8.3023309715612,23.172478667533824,0.16327863517397959,23.3357573027078
0.9866170525326867,0.8611679959323966,0.6007898418828599,-5.590576623380335e-05,2.0,0.0001,41,8.3023309715612,23.172478667533824,0.16327863517397959,23.3357573027078
0.9866170525326867,0.8611679859323965,0.6007898418828599,-5.590576623380335e-05,1.99999999,0.0001,41,8.30233097241973,23.17247866929542,0.1632786364661068,23.335757305761526
0.9866170525326867,0.8611679859323965,0.6007898418828599,-5.590576623380335e-05,2.0,0.00010001,41,8.302330976986537,23.172478678539683,0.1632786364695068,23.33575731500919
0.9866128149053737,0.8611605501837527,0.6007788170717369,-8.964637109096539e-05,2.0,0.0001,41,8.302336149991968,23.172489773739045,0.16329174846298422,23.335781522202026
0.9866128149053737,0.8611605501837527,0.6007788070717368,-8.963637109096539e-05,2.0,0.0001,41,8.302336151267134,23.17248977600864,0.1632917382482204,23.335781514256862
0.9866128149053737,0.8611605501837527,0.6007788070717368,-8.964637109096539e-05,2.0,0.0001,41,8.302336152300208,23.17248977832546,0.1632917433556023,23.335781521681056
0.9866128149053737,0.8611605601837528,0.6007788070717368,-8.964637109096539e-05,2.0,0.0001,41,8.302336153029115,23.172489779837406,0.1632917420616759,23.335781521899076
0.9866128249053737,0.8611605501837527,0.6007788070717368,-8.964637109096539e-05,2.0,0.0001,41,8.302336153029115,23.172489779837406,0.1632917420616759,23.335781521899076
0.9866128149053737,0.8611605501837527,0.6007788070717368,-8.964637109096539e-05,1.99999999,0.0001,41,8.302336153887644,23.172489781599,0.16329174335390234,23.335781524952907
0.9866128149053737,0.8611605501837527,0.6007788070717368,-8.964637109096539e-05,2.0,0.00010001,41,8.302336158454183,23.17248979084268,0.16329174335730234,23.335781534199985
0.9866055620819283,0.861147823681842,0.6007599306688243,-0.00014739440599083445,2.0,0.0001,41,8.302345020128975,23.172508796711174,0.1633141825718601,23.335822979283034
0.9866055620819283,0.861147823681842,0.6007599206688242,-0.00014738440599083445,2.0,0.0001,41,8.3023450214035,23.172508798979383,0.16331417235643567,23.335822971335823
0.9866055620819283,0.861147823681842,0.6007599206688242,-0.00014739440599083445,2.0,0.0001,41,8.302345022437049,23.1725088012972,0.16331417746414784,23.335822978761346
0.9866055720819283,0.861147823681842,0.6007599206688242,-0.00014739440599083445,2.0,0.0001,41,8.302345023165962,23.172508802809176,0.16331417617005167,23.335822978979223
0.9866055620819283,0.861147833681842,0.6007599206688242,-0.00014739440599083445,2.0,0.0001,41,8.302345023165962,23.172508802809176,0.16331417617005167,23.335822978979223
0.9866055620819283,0.861147823681842,0.6007599206688242,-0.00014739440599083445,1.99999999,0.0001,41,8.30234502402449,23.172508804570768,0.16331417746244792,23.335822982033218
0.9866055620819283,0.861147823681842,0.6007599206688242,-0.00014739440599083445,2.0,0.00010001,41,8.302345028590578,23.172508813813447,0.16331417746584792,23.335822991279294
0.9865929827692763,0.8611257508094345,0.6007271740508119,-0.0002475527224753495,2.0,0.0001,41,8.302360410208989,23.172541801984295,0.16335309618731703,23.335894898171613
0.9865929827692763,0.8611257508094345,0.6007271640508118,-0.0002475427224753495,2.0,0.0001,41,8.302360411482402,23.172541804250127,0.16335308597074688,23.33589489022087
0.9865929827692763,0.8611257508094345,0.6007271640508118,-0.0002475527224753495,2.0,0.0001,41,8.302360412516773,23.17254180656966,0.1633530910790319,23.335894897648693
0.9865929827692763,0.8611257608094346,0.6007271640508118,-0.0002475527224753495,2.0,0.0001,41,8.302360413245703,23.172541808081675,0.16335308978464114,23.335894897866314
0.9865929927692764,0.8611257508094345,0.6007271640508118,-0.0002475527224753495,2.0,0.0001,41,8.302360413245703,23.172541808081675,0.16335308978464114,23.335894897866314
0.9865929827692763,0.8611257508094345,0.6007271640508118,-0.0002475527224753495,1.99999999,0.0001,41,8.302360414104228,23.172541809843263,0.16335309107733198,23.335894900920607
0.9865929827692763,0.8611257508094345,0.6007271640508118,-0.0002475527224753495,2.0,0.00010001,41,8.302360418669528,23.1725418190842,0.16335309108073193,23.33589491016493
0.9865708837978359,0.8610869738276999,0.6006696281748195,-0.00042350794648048854,2.0,0.0001,41,8.302387464549764,23.17259982090505,0.16342147032003704,23.336021291225084
0.9865708837978359,0.8610869738276999,0.6006696181748195,-0.00042349794648048855,2.0,0.0001,41,8.302387465821226,23.172599823166685,0.1634214601014538,23.33602128326814
0.9865708837978359,0.8610869738276999,0.6006696181748195,-0.00042350794648048854,2.0,0.0001,41,8.30238746685704,23.17259982548925,0.1634214652107454,23.336021290699993
0.9865708937978359,0.8610869738276999,0.6006696181748195,-0.00042350794648048854,2.0,0.0001,41,8.302387467585998,23.17259982700133,0.16342146391583723,23.336021290917166
0.9865708837978359,0.8610869838277,0.6006696181748195,-0.00042350794648048854,2.0,0.0001,41,8.302387467585998,23.17259982700133,0.16342146391583723,23.336021290917166
0.9865708837978359,0.8610869738276999,0.6006696181748195,-0.00042350794648048854,1.99999999,0.0001,41,8.302387468444522,23.172599828762923,0.16342146520904546,23.33602129397197
0.9865708837978359,0.8610869738276999,0.6006696181748195,-0.00042350794648048854,2.0,0.00010001,41,8.302387473008439,23.172599838000796,0.16342146521244544,23.336021303213244
0.986537710063651,0.8610479577836987,0.600658612955498,-0.000581123032816688,2.0,0.0001,41,8.30240108115824,23.172630586035734,0.16350573173015565,23.336136317765884
0.986537710063651,0.8610479577836987,0.600658602955498,-0.0005811130328166879,2.0,0.0001,41,8.302401082427375,23.172630588292385,0.1635057215090803,23.336136309801464
0.986537710063651,0.8610479577836987,0.600658602955498,-0.000581123032816688,2.0,0.0001,41,8.30240108346471,23.172630590618166,0.1635057266196179,23.336136317237784
0.986537720063651,0.8610479577836987,0.600658602955498,-0.000581123032816688,2.0,0.0001,41,8.302401084193702,23.172630592130325,0.1635057253240961,23.336136317454425
0.986537710063651,0.8610479677836987,0.600658602955498,-0.000581123032816688,2.0,0.0001,41,8.3024010841937,23.172630592130325,0.1635057253240961,23.336136317454425
0.986537710063651,0.8610479577836987,0.600658602955498,-0.000581123032816688,1.99999999,0.0001,41,8.302401085052217,23.172630593891913,0.16350572661791798,23.336136320509834
0.986537710063651,0.8610479577836987,0.600658602955498,-0.000581123032816688,2.0,0.00010001,41,8.302401089614868,23.17263060312699,0.16350572662131801,23.336136329748307
0.9864681387286327,0.8609380768193302,0.6005253379113636,-0.0010673786876493185,2.0,0.0001,41,8.302469268799246,23.172777799721644,0.16370943888030942,23.336487238601944
0.9864681387286327,0.8609380768193302,0.6005253279113636,-0.0010673686876493185,2.0,0.0001,41,8.302469270062618,23.17277780196593,0.1637094286532334,23.33648723061916
0.9864681387286327,0.8609380768193302,0.6005253279113636,-0.0010673786876493185,2.0,0.0001,41,8.302469271104089,23.1727778043004,0.16370943376677133,23.33648723806717
0.9864681387286327,0.8609380868193303,0.6005253279113636,-0.0010673786876493185,2.0,0.0001,41,8.302469271833163,23.172777805812768,0.16370943246972416,23.336487238282487
0.9864681487286328,0.8609380768193302,0.6005253279113636,-0.0010673786876493185,2.0,0.0001,41,8.30246927183316,23.172777805812768,0.16370943246972416,23.336487238282487
0.9864681387286327,0.8609380768193302,0.6005253279113636,-0.0010673786876493185,1.99999999,0.0001,41,8.302469272691662,23.172777807574334,0.1637094337650714,23.336487241339402
0.9864681387286327,0.8609380768193302,0.6005253279113636,-0.0010673786876493185,2.0,0.00010001,41,8.302469277250466,23.172777816800913,0.1637094337684714,23.33648725056938
0.986335552696271,0.8607286704439332,0.6002713481135545,-0.001994063621476647,2.0,0.0001,41,8.302599710400605,23.17305937707903,0.16409802415683228,23.33715740123587
0.986335552696271,0.8607286704439332,0.6002713381135545,-0.001994053621476647,2.0,0.0001,41,8.302599711652995,23.173059379299755,0.1640980139183204,23.33715739321807
0.986335552696271,0.8607286704439332,0.6002713381135545,-0.001994063621476647,2.0,0.0001,41,8.302599712702348,23.173059381650788,0.16409801903757631,23.33715740068836
0.9863355626962711,0.8607286704439332,0.6002713381135545,-0.001994063621476647,2.0,0.0001,41,8.302599713431572,23.173059383163547,0.16409801773762225,23.33715740090117
0.986335552696271,0.8607286804439332,0.6002713381135545,-0.001994063621476647,2.0,0.0001,41,8.302599713431572,23.173059383163547,0.16409801773762225,23.33715740090117
0.986335552696271,0.8607286704439332,0.6002713381135545,-0.001994063621476647,1.99999999,0.0001,41,8.302599714290048,23.173059384925086,0.16409801903587637,23.33715740396096
0.986335552696271,0.8607286704439332,0.6002713381135545,-0.001994063621476647,2.0,0.00010001,41,8.302599718841503,23.173059394135407,0.16409801903927637,23.33715741317469
0.9857167306816524,0.8595881945802571,0.5984454074940115,-0.0072243992593603685,2.0,0.0001,41,8.303450230557207,23.174877691053883,0.1660757629083784,23.340953453962264
0.9857167306816524,0.8595881945802571,0.5984453974940115,-0.007224389259360369,2.0,0.0001,41,8.303450231753313,23.174877693153473,0.1660757526119918,23.340953445765464
0.9857167306816524,0.8595881945802571,0.5984453974940115,-0.0072243992593603685,2.0,0.0001,41,8.303450232844876,23.174877695593082,0.166075757760185,23.340953453353258
0.9857167306816524,0.8595882045802572,0.5984453974940115,-0.0072243992593603685,2.0,0.0001,41,8.303450233574921,23.174877697107885,0.16607575644527692,23.340953453553162
0.9857167406816525,0.8595881945802571,0.5984453974940115,-0.0072243992593603685,2.0,0.0001,41,8.303450233574921,23.174877697107885,0.16607575644527692,23.340953453553162
0.9857167306816524,0.8595881945802571,0.5984453974940115,-0.0072243992593603685,1.99999999,0.0001,41,8.303450234433305,23.17487769886933,0.1660757577584851,23.34095345662782
0.9857167306816524,0.8595881945802571,0.5984453974940115,-0.0072243992593603685,2.0,0.00010001,41,8.303450238943102,23.174877707987473,0.1660757577618851,23.340953465749354
0.9837202322461324,0.8578897233253168,0.6002536782632958,-0.015867678694212867,2.0,0.0001,41,8.303757878888618,23.175706867705276,0.17199450488612708,23.347701372591406
0.9837202322461324,0.8578897233253168,0.6002536682632957,-0.015867668694212866,2.0,0.0001,41,8.303757879922243,23.17570686945775,0.17199449441206416,23.347701363869813
0.9837202322461324,0.8578897233253168,0.6002536682632957,-0.015867678694212867,2.0,0.0001,41,8.303757881111153,23.175706872104268,0.17199449964909558,23.347701371753374
0.9837202322461324,0.8578897333253168,0.6002536682632957,-0.015867678694212867,2.0,0.0001,41,8.30375788184327,23.17570687362467,0.1719944983027802,23.347701371927453
0.9837202422461324,0.8578897233253168,0.6002536682632957,-0.015867678694212867,2.0,0.0001,41,8.30375788184327,23.17570687362467,0.1719944983027802,23.347701371927453
0.9837202322461324,0.8578897233253168,0.6002536682632957,-0.015867678694212867,1.99999999,0.0001,41,8.303757882701962,23.17570687538751,0.17199449964739566,23.347701375034905
0.9837202322461324,0.8578897233253168,0.6002536682632957,-0.015867678694212867,2.0,0.00010001,41,8.303757887135989,23.175706884338958,0.17199449965079566,23.347701383989754
0.9750573475924796,0.8449724749933141,0.5831123815102105,2.4195439558453724e-05,2.0,0.0001,41,8.30452676955093,23.17668090623473,0.15828595965745773,23.334966865892188
0.9750573475924796,0.8449724749933141,0.5831123715102104,2.4205439558453725e-05,2.0,0.0001,41,8.304526771096585,23.176680909080133,0.15828595965745773,23.334966868737595
0.9750573475924796,0.8449724749933141,0.5831123715102104,2.4195439558453724e-05,2.0,0.0001,41,8.304526772019356,23.17668091115423,0.1582859547007969,23.334966865855023
0.9750573575924797,0.8449724749933141,0.5831123715102104,2.4195439558453724e-05,2.0,0.0001,41,8.304526772744767,23.176680912655957,0.15828595317105038,23.334966865827006
0.9750573475924796,0.8449724849933141,0.5831123715102104,2.4195439558453724e-05,2.0,0.0001,41,8.304526772744767,23.176680912655957,0.15828595317105038,23.334966865827003
0.9750573475924796,0.8449724749933141,0.5831123715102104,2.4195439558453724e-05,1.99999999,0.0001,41,8.304526773574025,23.176680914354712,0.15828595469909695,23.334966869053808
0.9750573475924796,0.8449724749933141,0.5831123715102104,2.4195439558453724e-05,2.0,0.00010001,41,8.304526778181952,23.176680923684906,0.15828595470249696,23.334966878387405
0.976842157785799,0.8465781858422015,0.5817140520663235,1.3873772109468982e-05,2.0,0.0001,41,8.30511963292454,23.177881684308456,0.15707480426651405,23.334956488574974
0.976842157785799,0.8465781858422015,0.5817140420663235,1.3883772109468982e-05,2.0,0.0001,41,8.305119634489248,23.177881687192972,0.15707480426651393,23.334956491459483
0.976842157785799,0.8465781858422015,0.5817140420663235,1.3873772109468982e-05,2.0,0.0001,41,8.305119635404687,23.177881689251475,0.15707479932182666,23.334956488573308
0.976842167785799,0.8465781858422015,0.5817140420663235,1.3873772109468982e-05,2.0,0.0001,41,8.305119636129959,23.17788169075278,0.15707479782089961,23.334956488573678
0.976842157785799,0.8465781958422015,0.5817140420663235,1.3873772109468982e-05,2.0,0.0001,41,8.305119636129959,23.17788169075278,0.15707479782089961,23.334956488573678
0.976842157785799,0.8465781858422015,0.5817140420663235,1.3873772109468982e-05,1.99999999,0.0001,41,8.305119636961901,23.17788169245695,0.15707479932012675,23.33495649177707
0.976842157785799,0.8465781858422015,0.5817140420663235,1.3873772109468982e-05,2.0,0.00010001,41,8.305119641567101,23.17788170178091,0.15707479932352675,23.334956501104426
0.9769379412293572,0.8466568737726227,0.5816085814785452,9.872347712342537e-06,2.0,0.0001,41,8.305158815791703,23.177960844578315,0.1569945049283087,23.334955349506625
0.9769379412293572,0.8466568737726227,0.5816085714785452,9.882347712342537e-06,2.0,0.0001,41,8.305158817357828,23.177960847465748,0.1569945049283087,23.33495535239406
0.9769379412293572,0.8466568737726227,0.5816085714785452,9.872347712342537e-06,2.0,0.0001,41,8.305158818272728,23.177960849523107,0.15699449998455184,23.33495534950766
0.9769379412293572,0.8466568837726227,0.5816085714785452,9.872347712342537e-06,2.0,0.0001,41,8.305158818997988,23.177960851024373,0.15699449848510783,23.33495534950948
0.9769379512293572,0.8466568737726227,0.5816085714785452,9.872347712342537e-06,2.0,0.0001,41,8.305158818997988,23.177960851024373,0.15699449848510783,23.33495534950948
0.9769379412293572,0.8466568737726227,0.5816085714785452,9.872347712342537e-06,1.99999999,0.0001,41,8.30515881983006,23.17796085272881,0.15699449998285192,23.33495535271166
0.9769379412293572,0.8466568737726227,0.5816085714785452,9.872347712342537e-06,2.0,0.00010001,41,8.305158824435106,23.1779608620524,0.15699449998625192,23.33495536203865
0.976284930758238,0.845798855322595,0.5809410929524427,-6.186617719868087e-05,2.0,0.0001,41,8.305221583467814,23.178079212339394,0.1569179210194105,23.334997133358804
0.976284930758238,0.845798855322595,0.5809410829524426,-6.185617719868087e-05,2.0,0.0001,41,8.30522158504316,23.17807921524649,0.15691791114236028,23.334997126388853
0.976284930758238,0.845798855322595,0.5809410829524426,-6.186617719868087e-05,2.0,0.0001,41,8.305221585954545,23.178079217296034,0.15691791608088537,23.33499713337692
0.976284930758238,0.8457988653225951,0.5809410829524426,-6.186617719868087e-05,2.0,0.0001,41,8.305221586679675,23.17807921879693,0.15691791456859755,23.33499713336553
0.976284940758238,0.845798855322595,0.5809410829524426,-6.186617719868087e-05,2.0,0.0001,41,8.305221586679675,23.17807921879693,0.15691791456859755,23.33499713336553
0.976284930758238,0.845798855322595,0.5809410829524426,-6.186617719868087e-05,1.99999999,0.0001,41,8.30522158751026,23.178079220498205,0.15691791607918543,23.33499713657739
0.976284930758238,0.845798855322595,0.5809410829524426,-6.186617719868087e-05,2.0,0.00010001,41,8.305221592116458,23.17807922982417,0.15691791608258543,23.33499714590675
0.977124379611465,0.846810036468535,0.5814032874839374,2.083746018633472e-06,2.0,0.0001,41,8.305235108927043,23.178114977133294,0.1568383091028568,23.33495328623615
0.977124379611465,0.846810036468535,0.5814032774839374,2.093746018633472e-06,2.0,0.0001,41,8.305235110495923,23.178114980026418,0.1568383091028568,23.33495328912928
0.977124379611465,0.846810036468535,0.5814032774839374,2.083746018633472e-06,2.0,0.0001,41,8.305235111409777,23.178114982081528,0.15683830416091116,23.334953286242445
0.977124379611465,0.8468100464685351,0.5814032774839374,2.083746018633472e-06,2.0,0.0001,41,8.305235112135014,23.17811498358273,0.15683830266435367,23.334953286247085
0.9771243896114651,0.846810036468535,0.5814032774839374,2.083746018633472e-06,2.0,0.0001,41,8.305235112135014,23.17811498358273,0.15683830266435367,23.334953286247085
0.977124379611465,0.846810036468535,0.5814032774839374,2.083746018633472e-06,1.99999999,0.0001,41,8.305235112967342,23.17811498528767,0.1568383041592112,23.334953289446887
0.977124379611465,0.846810036468535,0.5814032774839374,2.083746018633472e-06,2.0,0.00010001,41,8.30523511757208,23.178114994610553,0.15683830416261121,23.33495329877316
0.977137347203672,0.8468204678720198,0.5813881731776404,9.89611888845663e-07,2.0,0.0001,41,8.305240658461146,23.17812619373767,0.1568267975298645,23.33495299126753
0.977137347203672,0.8468204678720198,0.5813881631776403,9.99611888845663e-07,2.0,0.0001,41,8.30524066003022,23.178126196631194,0.1568267975298644,23.334952994161064
0.977137347203672,0.8468204678720198,0.5813881631776403,9.89611888845663e-07,2.0,0.0001,41,8.305240660944003,23.17812619868615,0.15682679258805662,23.33495299127421
0.977137357203672,0.8468204678720198,0.5813881631776403,9.89611888845663e-07,2.0,0.0001,41,8.305240661669236,23.17812620018735,0.1568267910916981,23.334952991279042
0.977137347203672,0.8468204778720199,0.5813881631776403,9.89611888845663e-07,2.0,0.0001,41,8.305240661669236,23.17812620018735,0.1568267910916981,23.334952991279042
0.977137347203672,0.8468204678720198,0.5813881631776403,9.89611888845663e-07,1.99999999,0.0001,41,8.305240662501582,23.17812620189232,0.15682679258635668,23.334952994478677
0.977137347203672,0.8468204678720198,0.5813881631776403,9.89611888845663e-07,2.0,0.00010001,41,8.305240667106299,23.178126211215144,0.15682679258975668,23.334953003804902
0.9771443963269872,0.846826138334843,0.5813799571104467,3.948456222019419e-07,2.0,0.0001,41,8.30524367523544,23.178132291177395,0.15682054018081684,23.334952831358216
0.9771443963269872,0.846826138334843,0.5813799471104466,4.048456222019419e-07,2.0,0.0001,41,8.30524367680462,23.178132294071148,0.15682054018081684,23.33495283425196
0.9771443963269872,0.846826138334843,0.5813799471104466,3.948456222019419e-07,2.0,0.0001,41,8.305243677718362,23.178132296126016,0.1568205352390839,23.334952831365094
0.9771443963269872,0.846826148334843,0.5813799471104466,3.948456222019419e-07,2.0,0.0001,41,8.305243678443597,23.178132297627208,0.15682053374283347,23.334952831370046
0.9771444063269873,0.846826138334843,0.5813799471104466,3.948456222019419e-07,2.0,0.0001,41,8.305243678443597,23.178132297627208,0.15682053374283347,23.334952831370046
0.9771443963269872,0.846826138334843,0.5813799471104466,3.948456222019419e-07,1.99999999,0.0001,41,8.305243679275954,23.1781322993322,0.15682053523738393,23.334952834569584
0.9771443963269872,0.846826138334843,0.5813799471104466,3.948456222019419e-07,2.0,0.00010001,41,8.305243683880654,23.178132308654995,0.15682053524078396,23.334952843895778
0.9771481921409966,0.8468291917673425,0.5813755329201521,7.457570688036863e-08,2.0,0.0001,41,8.305245299730295,23.17813557457095,0.15681717080594584,23.334952745376892
0.9771481921409966,0.8468291917673425,0.5813755329201521,7.457570688036863e-08,2.0,0.0001,41,8.305245299730295,23.17813557457095,0.15681717080594584,23.334952745376892
0.9771481921409966,0.8468291917673425,0.581375522920152,8.457570688036863e-08,2.0,0.0001,41,8.305245301299536,23.178135577464815,0.15681717080594584,23.334952748270762
0.9771481921409966,0.8468291917673425,0.581375522920152,8.457570688036863e-08,2.0,0.0001,41,8.305245301299536,23.178135577464815,0.15681717080594584,23.334952748270762
0.9771481921409966,0.8468291917673425,0.581375522920152,7.457570688036863e-08,2.0,0.0001,41,8.305245302213256,23.178135579519637,0.15681716586425315,23.33495274538389
0.9771481921409966,0.8468291917673425,0.581375522920152,7.457570688036863e-08,2.0,0.0001,41,8.305245302213256,23.178135579519637,0.15681716586425315,23.33495274538389
0.9771482021409966,0.8468291917673425,0.581375522920152,7.457570688036863e-08,2.0,0.0001,41,8.30524530293849,23.178135581020832,0.15681716436806092,23.33495274538889
0.9771481921409966,0.8468292017673426,0.581375522920152,7.457570688036863e-08,2.0,0.0001,41,8.30524530293849,23.178135581020832,0.15681716436806092,23.33495274538889
0.9771481921409966,0.8468292017673426,0.581375522920152,7.457570688036863e-08,2.0,0.0001,41,8.30524530293849,23.178135581020832,0.15681716436806092,23.33495274538889
0.9771482021409966,0.8468291917673425,0.581375522920152,7.457570688036863e-08,2.0,0.0001,41,8.30524530293849,23.178135581020832,0.15681716436806092,23.33495274538889
0.9771481921409966,0.8468291917673425,0.581375522920152,7.457570688036863e-08,1.99999999,0.0001,41,8.305245303770851,23.17813558272583,0.15681716586255323,23.334952748588382
0.9771481921409966,0.8468291917673425,0.581375522920152,7.457570688036863e-08,1.99999999,0.0001,41,8.305245303770851,23.17813558272583,0.15681716586255323,23.334952748588382
0.9771481921409966,0.8468291917673425,0.581375522920152,7.457570688036863e-08,2.0,0.00010001,41,8.305245308375545,23.17813559204861,0.15681716586595323,23.33495275791456
0.9771481921409966,0.8468291917673425,0.581375522920152,7.457570688036863e-08,2.0,0.00010001,41,8.305245308375545,23.17813559204861,0.15681716586595323,23.33495275791456
0.9771484665324746,0.846829410454206,0.5813752062004657,3.967337316971927e-08,2.0,0.0001,41,8.305245419802286,23.17813581744685,0.1568169183296177,23.33495273577647
0.9771484665324746,0.846829410454206,0.5813751962004656,4.9673373169719264e-08,2.0,0.0001,41,8.305245421371529,23.178135820340724,0.1568169183296177,23.334952738670342
0.9771484665324746,0.846829410454206,0.5813751962004656,3.967337316971927e-08,2.0,0.0001,41,8.305245422285248,23.178135822395546,0.15681691338792803,23.33495273578347
0.9771484665324746,0.8468294204542061,0.5813751962004656,3.967337316971927e-08,2.0,0.0001,41,8.305245423010483,23.178135823896735,0.1568169118917401,23.33495273578848
0.9771484765324746,0.846829410454206,0.5813751962004656,3.967337316971927e-08,2.0,0.0001,41,8.305245423010483,23.178135823896735,0.1568169118917401,23.33495273578848
0.9771484665324746,0.846829410454206,0.5813751962004656,3.967337316971927e-08,1.99999999,0.0001,41,8.305245423842843,23.17813582560174,0.15681691338622816,23.334952738987965
0.9771484665324746,0.846829410454206,0.5813751962004656,3.967337316971927e-08,2.0,0.00010001,41,8.305245428447536,23.178135834924518,0.15681691338962817,23.334952748314148
0.9771486120212977,0.8468295264071308,0.5813750329659944,2.1167333948679433e-08,2.0,0.0001,41,8.305245483467314,23.17813594622544,0.15681678446085207,23.334952730686297
0.9771486120212977,0.8468295264071308,0.5813750229659943,3.1167333948679436e-08,2.0,0.0001,41,8.30524548503656,23.17813594911932,0.156816784460852,23.334952733580167
0.9771486120212977,0.8468295264071308,0.5813750229659943,2.1167333948679433e-08,2.0,0.0001,41,8.30524548595028,23.178135951174138,0.1568167795191641,23.334952730693303
0.9771486120212977,0.8468295364071309,0.5813750229659943,2.1167333948679433e-08,2.0,0.0001,41,8.30524548667551,23.17813595267533,0.15681677802297833,23.334952730698305
0.9771486220212977,0.8468295264071308,0.5813750229659943,2.1167333948679433e-08,2.0,0.0001,41,8.305245486675512,23.17813595267533,0.15681677802297833,23.334952730698305
0.9771486120212977,0.8468295264071308,0.5813750229659943,2.1167333948679433e-08,1.99999999,0.0001,41,8.305245487507873,23.178135954380334,0.15681677951746426,23.334952733897797
0.9771486120212977,0.8468295264071308,0.5813750229659943,2.1167333948679433e-08,2.0,0.00010001,41,8.305245492112567,23.178135963703106,0.1568167795208642,23.334952743223973
0.9771486906938218,0.8468295891082309,0.5813749392901171,1.1160264087671993e-08,2.0,0.0001,41,8.305245517893944,23.178136015861984,0.1568167120718667,23.33495272793385
0.9771486906938218,0.8468295891082309,0.581374929290117,2.1160264087671993e-08,2.0,0.0001,41,8.30524551946319,23.178136018755872,0.1568167120718667,23.334952730827737
0.9771486906938218,0.8468295891082309,0.581374929290117,1.1160264087671993e-08,2.0,0.0001,41,8.305245520376909,23.178136020810683,0.15681670713017964,23.334952727940863
0.9771486906938218,0.846829599108231,0.581374929290117,1.1160264087671993e-08,2.0,0.0001,41,8.305245521102142,23.178136022311875,0.15681670563399505,23.334952727945872
0.9771487006938219,0.8468295891082309,0.581374929290117,1.1160264087671993e-08,2.0,0.0001,41,8.305245521102142,23.178136022311875,0.15681670563399505,23.334952727945872
0.9771486906938218,0.8468295891082309,0.581374929290117,1.1160264087671993e-08,1.99999999,0.0001,41,8.305245521934504,23.17813602401688,0.15681670712847973,23.334952731145357
0.9771486906938218,0.8468295891082309,0.581374929290117,1.1160264087671993e-08,2.0,0.00010001,41,8.305245526539197,23.178136033339655,0.15681670713187967,23.334952740471532
0.9771487304330891,0.8468296207799716,0.5813748919723175,6.105467267485488e-09,2.0,0.0001,41,8.305245535283616,23.178136051036976,0.15681667550656658,23.334952726543545
0.9771487304330891,0.8468296207799716,0.5813748819723175,1.6105467267485488e-08,2.0,0.0001,41,8.305245536852862,23.178136053930864,0.15681667550656658,23.334952729437433
0.9771487304330891,0.8468296207799716,0.5813748819723175,6.105467267485488e-09,2.0,0.0001,41,8.305245537766579,23.17813605598568,0.15681667056487997,23.33495272655056
0.9771487404330892,0.8468296207799716,0.5813748819723175,6.105467267485488e-09,2.0,0.0001,41,8.305245538491812,23.178136057486878,0.15681666906869596,23.334952726555574
0.9771487304330891,0.8468296307799716,0.5813748819723175,6.105467267485488e-09,2.0,0.0001,41,8.305245538491812,23.178136057486878,0.15681666906869596,23.334952726555574
0.9771487304330891,0.8468296207799716,0.5813748819723175,6.105467267485488e-09,1.99999999,0.0001,41,8.305245539324174,23.178136059191875,0.15681667056318008,23.334952729755056
0.9771487304330891,0.8468296207799716,0.5813748819723175,6.105467267485488e-09,2.0,0.00010001,41,8.305245543928866,23.178136068514647,0.15681667056658005,23.33495273908123
0.9771487522732382,0.8468296381863201,0.5813748659671125,3.3274211925286756e-09,2.0,0.0001,41,8.305245544840735,23.17813607036867,0.1568166554107887,23.33495272577946
0.9771487522732382,0.8468296381863201,0.5813748559671125,1.3327421192528676e-08,2.0,0.0001,41,8.305245546409983,23.17813607326256,0.1568166554107886,23.334952728673336
0.9771487522732382,0.8468296381863201,0.5813748559671125,3.3274211925286756e-09,2.0,0.0001,41,8.3052455473237,23.178136075317376,0.15681665046910231,23.334952725786476
0.9771487622732382,0.8468296381863201,0.5813748559671125,3.3274211925286756e-09,2.0,0.0001,41,8.305245548048934,23.178136076818568,0.15681664897291867,23.33495272579148
0.9771487522732382,0.8468296481863201,0.5813748559671125,3.3274211925286756e-09,2.0,0.0001,41,8.305245548048932,23.178136076818568,0.15681664897291867,23.33495272579148
0.9771487522732382,0.8468296381863201,0.5813748559671125,3.3274211925286756e-09,1.99999999,0.0001,41,8.305245548881294,23.178136078523565,0.1568166504674024,23.334952728990974
0.9771487665959123,0.8468296496013272,0.5813748538141741,1.5055907323986535e-09,2.0,0.0001,41,8.305245549891314,23.178136080620863,0.15681664465406664,23.33495272527493
0.9771487665946545,0.8468296496000695,0.5813748538159375,7.803467275932955e-10,2.0,0.0001,41,8.30524554995696,23.178136080768642,0.15681664429692152,23.334952725065566
0.9771487665940077,0.8468296495994226,0.5813748538168442,4.074029246594278e-10,2.0,0.0001,41,8.305245549990717,23.17813608084463,0.15681664411326607,23.334952724957898
0.9771487665936333,0.8468296495990482,0.5813748538173692,1.9147274187482075e-10,2.0,0.0001,41,8.305245550010262,23.178136080888635,0.15681664400693168,23.334952724895558
0.9771487665934623,0.8468296495988772,0.5813748538176089,9.28968998290228e-11,2.0,0.0001,41,8.305245550019185,23.178136080908715,0.15681664395838818,23.3349527248671
0.9771487665933433,0.8468296495987582,0.5813748538177755,2.432710436132463e-11,2.0,0.0001,41,8.305245550025392,23.178136080922684,0.1568166439246211,23.3349527248473
0.977148766593295,0.8468296495987099,0.5813748538178435,-3.579021523560685e-12,2.0,0.0001,41,8.305245550027918,23.178136080928375,0.15681664391441605,23.33495272484279
0.9771487665927939,0.8468296495982088,0.5813748538185457,-2.924150981176351e-10,2.0,0.0001,41,8.305245550054062,23.178136080987226,0.15681664405764673,23.334952725044875
0.9771487665922446,0.8468296495976595,0.5813748538193159,-6.091573005965949e-10,2.0,0.0001,41,8.305245550082732,23.178136081051765,0.15681664421471575,23.334952725266476
0.977148766590856,0.8468296495962709,0.5813748538212624,-1.40978734306801e-09,2.0,0.0001,41,8.305245550155202,23.178136081214898,0.1568166446117395,23.33495272582664
0.9771487665888994,0.8468296495943143,0.5813748538240057,-2.5380382279541377e-09,2.0,0.0001,41,8.305245550257329,23.17813608144479,0.15681664517122673,23.334952726616017
0.9771487665959123,0.8468296496013272,0.5813748489130129,1.5055907323986535e-09,2.0,0.0001,41,8.305245551108255,23.178136083046308,0.1568166422320666,23.334952725278374
0.9771487665959123,0.8468296496013272,0.5813748489130129,1.5055907323986535e-09,2.0,0.0001,41,8.305245551108255,23.178136083046308,0.1568166422320666,23.334952725278374
0.9771487665959123,0.8468296496013272,0.5813748389130129,1.640675192624631e-08,2.0,0.0001,41,8.305245552229673,23.17813608493309,0.15681664465406664,23.334952729587158
0.9771487665946545,0.8468296496000695,0.5813748389147763,1.5681507921440953e-08,2.0,0.0001,41,8.305245552295318,23.178136085080865,0.15681664429692152,23.33495272937779
0.9771487665940077,0.8468296495994226,0.581374838915683,1.5308564118507084e-08,2.0,0.0001,41,8.30524555232908,23.178136085156858,0.15681664411326607,23.33495272927012
0.9771487665936333,0.8468296495990482,0.581374838916208,1.509263393572248e-08,2.0,0.0001,41,8.305245552348623,23.178136085200855,0.15681664400693168,23.334952729207785
0.9771487665934623,0.8468296495988772,0.5813748389164477,1.499405809367668e-08,2.0,0.0001,41,8.305245552357546,23.178136085220945,0.15681664395838818,23.334952729179324
0.9771487665933433,0.8468296495987582,0.5813748389166143,1.492548829820898e-08,2.0,0.0001,41,8.305245552363752,23.17813608523491,0.1568166439246211,23.33495272915953
0.9771487665959123,0.8468296496013272,0.5813748389130129,1.1505590732398654e-08,2.0,0.0001,41,8.305245552677501,23.178136085940196,0.15681664223206654,23.334952728172254
0.9771487665959123,0.8468296496013272,0.5813748389130129,1.1505590732398654e-08,2.0,0.0001,41,8.305245552677501,23.178136085940196,0.15681664223206654,23.334952728172254
0.9771487522732382,0.8468296381863201,0.5813748559671125,3.3274211925286756e-09,2.0,0.00010001,41,8.305245553485987,23.178136087846337,0.15681665047080237,23.334952738317142
0.9771487665959123,0.8468296496013272,0.5813748389130129,1.5055907323986535e-09,2.0,0.0001,41,8.305245553591218,23.178136087995014,0.15681663729038037,23.33495272528539
0.9771487665959123,0.8468296496013272,0.5813748389130129,1.5055907323986535e-09,2.0,0.0001,41,8.305245553591218,23.178136087995014,0.15681663729038037,23.33495272528539
0.9771487665959123,0.8468296496013272,0.5813748389130129,1.5055907323986535e-09,2.0,0.0001,41,8.305245553591218,23.178136087995014,0.15681663729038037,23.33495272528539
0.9771487665946545,0.8468296496000695,0.5813748389147763,7.803467275932955e-10,2.0,0.0001,41,8.305245553656865,23.178136088142782,0.15681663693323528,23.334952725076025
0.9771487665940077,0.8468296495994226,0.581374838915683,4.074029246594278e-10,2.0,0.0001,41,8.305245553690625,23.17813608821878,0.15681663674957974,23.334952724968357
0.9771487665936333,0.8468296495990482,0.581374838916208,1.9147274187482075e-10,2.0,0.0001,41,8.305245553710169,23.178136088262775,0.1568166366432454,23.334952724906017
0.9771487665934623,0.8468296495988772,0.5813748389164477,9.28968998290228e-11,2.0,0.0001,41,8.305245553719091,23.178136088282862,0.1568166365947019,23.334952724877557
0.9771487665933433,0.8468296495987582,0.5813748389166143,2.432710436132463e-11,2.0,0.0001,41,8.305245553725298,23.17813608829683,0.1568166365609348,23.334952724857768
0.977148766593295,0.8468296495987099,0.5813748389166823,-3.579021523560685e-12,2.0,0.0001,41,8.305245553727824,23.178136088302516,0.1568166365507298,23.33495272485325
0.9771487665927939,0.8468296495982088,0.5813748389173845,-2.924150981176351e-10,2.0,0.0001,41,8.30524555375397,23.178136088361367,0.15681663669396045,23.334952725055327
0.9771487665922446,0.8468296495976595,0.5813748389181547,-6.091573005965949e-10,2.0,0.0001,41,8.30524555378264,23.17813608842591,0.15681663685102948,23.33495272527694
0.977148766590856,0.8468296495962709,0.5813748389201012,-1.40978734306801e-09,2.0,0.0001,41,8.30524555385511,23.178136088589042,0.15681663724805323,23.33495272583709
0.9771487665888994,0.8468296495943143,0.5813748389228445,-2.5380382279541377e-09,2.0,0.0001,41,8.305245553957233,23.17813608881893,0.1568166378075405,23.334952726626472
0.9771487665959123,0.8468296596013273,0.5813748389130129,1.5055907323986535e-09,2.0,0.0001,41,8.305245554316455,23.178136089496203,0.1568166357941969,23.3349527252904
0.9771487765959124,0.8468296496013272,0.5813748389130129,1.5055907323986535e-09,2.0,0.0001,41,8.305245554316453,23.178136089496203,0.1568166357941969,23.3349527252904
0.9771487765959124,0.8468296496013272,0.5813748389130129,1.5055907323986535e-09,2.0,0.0001,41,8.305245554316453,23.178136089496203,0.1568166357941969,23.3349527252904
0.9771487665959123,0.8468296596013273,0.5813748389130129,1.5055907323986535e-09,2.0,0.0001,41,8.305245554316455,23.178136089496203,0.1568166357941969,23.3349527252904
0.9771487665959123,0.8468296645024884,0.5813748389130129,1.5055907323986535e-09,2.0,0.0001,41,8.3052455546719,23.178136090231963,0.15681663506089336,23.33495272529285
0.9771487814970735,0.8468296496013272,0.5813748389130129,1.5055907323986535e-09,2.0,0.0001,41,8.3052455546719,23.178136090231963,0.15681663506089336,23.33495272529285
0.9771487665946545,0.8468296645012307,0.5813748389147763,7.803467275932955e-10,2.0,0.0001,41,8.305245554737548,23.178136090379734,0.15681663470374832,23.334952725083483
0.9771487814958157,0.8468296496000695,0.5813748389147763,7.803467275932955e-10,2.0,0.0001,41,8.305245554737548,23.178136090379734,0.15681663470374832,23.334952725083483
0.9771487665940077,0.8468296645005838,0.581374838915683,4.074029246594278e-10,2.0,0.0001,41,8.305245554771306,23.178136090455727,0.15681663452009276,23.33495272497582
0.9771487814951689,0.8468296495994226,0.581374838915683,4.074029246594278e-10,2.0,0.0001,41,8.305245554771306,23.178136090455727,0.15681663452009276,23.334952724975825
0.9771487665936333,0.8468296645002094,0.581374838916208,1.9147274187482075e-10,2.0,0.0001,41,8.30524555479085,23.178136090499724,0.15681663441375837,23.334952724913478
0.9771487814947944,0.8468296495990482,0.581374838916208,1.9147274187482075e-10,2.0,0.0001,41,8.30524555479085,23.178136090499724,0.15681663441375837,23.334952724913478
0.9771487814946235,0.8468296495988772,0.5813748389164477,9.28968998290228e-11,2.0,0.0001,41,8.305245554799772,23.178136090519807,0.15681663436521487,23.33495272488502
0.9771487665934623,0.8468296645000384,0.5813748389164477,9.28968998290228e-11,2.0,0.0001,41,8.305245554799772,23.178136090519807,0.15681663436521487,23.33495272488502
0.9771487814945045,0.8468296495987582,0.5813748389166143,2.432710436132463e-11,2.0,0.0001,41,8.30524555480598,23.17813609053378,0.1568166343314478,23.33495272486523
0.9771487665933433,0.8468296644999194,0.5813748389166143,2.432710436132463e-11,2.0,0.0001,41,8.30524555480598,23.17813609053378,0.1568166343314478,23.33495272486523
0.9771487814944562,0.8468296495987099,0.5813748389166823,-3.579021523560685e-12,2.0,0.0001,41,8.305245554808506,23.178136090539464,0.1568166343212428,23.334952724860706
0.977148766593295,0.8468296644998711,0.5813748389166823,-3.579021523560685e-12,2.0,0.0001,41,8.305245554808506,23.178136090539464,0.1568166343212428,23.33495272486071
0.9771487665927939,0.84682966449937,0.5813748389173845,-2.924150981176351e-10,2.0,0.0001,41,8.30524555483465,23.178136090598322,0.15681663446447347,23.33495272506279
0.9771487814939551,0.8468296495982088,0.5813748389173845,-2.924150981176351e-10,2.0,0.0001,41,8.30524555483465,23.178136090598322,0.15681663446447347,23.33495272506279
0.9771487814934058,0.8468296495976595,0.5813748389181547,-6.091573005965949e-10,2.0,0.0001,41,8.30524555486332,23.178136090662857,0.1568166346215425,23.334952725284396
0.9771487665922446,0.8468296644988207,0.5813748389181547,-6.091573005965949e-10,2.0,0.0001,41,8.30524555486332,23.178136090662857,0.1568166346215425,23.334952725284396
0.9771487665097484,0.8468296495151633,0.5813748539349678,-4.8175730903485874e-08,2.0,0.0001,41,8.305245554388298,23.178136090743838,0.15681666780246248,23.334952758546297
0.9771487814920172,0.8468296495962709,0.5813748389201012,-1.40978734306801e-09,2.0,0.0001,41,8.30524555493579,23.178136090825994,0.1568166350185662,23.33495272584456
0.977148766590856,0.8468296644974321,0.5813748389201012,-1.40978734306801e-09,2.0,0.0001,41,8.30524555493579,23.178136090825994,0.1568166350185662,23.33495272584456
0.9771487814900606,0.8468296495943143,0.5813748389228445,-2.5380382279541377e-09,2.0,0.0001,41,8.305245555037917,23.178136091055883,0.1568166355780535,23.334952726633933
0.9771487665888994,0.8468296644954755,0.5813748389228445,-2.5380382279541377e-09,2.0,0.0001,41,8.305245555037917,23.178136091055883,0.1568166355780535,23.334952726633933
0.9771487665959123,0.8468296496013272,0.5813748389130129,1.5055907323986535e-09,1.99999999,0.0001,41,8.305245555148813,23.178136091201203,0.15681663728868045,23.33495272848988
0.9771487665959123,0.8468296496013272,0.5813748389130129,1.5055907323986535e-09,1.99999999,0.0001,41,8.305245555148813,23.178136091201203,0.15681663728868045,23.33495272848988
0.977148766593295,0.8468296495987099,0.5813748389166823,-1.4904740215371216e-08,2.0,0.0001,41,8.305245555089371,23.178136091364433,0.15681664391441605,23.33495273527885
0.9771487665927939,0.8468296495982088,0.5813748389173845,-1.5193576291965293e-08,2.0,0.0001,41,8.305245555115516,23.17813609142329,0.15681664405764673,23.334952735480936
0.9771487665922446,0.8468296495976595,0.5813748389181547,-1.551031849444425e-08,2.0,0.0001,41,8.305245555144188,23.178136091487822,0.15681664421471575,23.334952735702544
0.977148766590856,0.8468296495962709,0.5813748389201012,-1.6310948536915666e-08,2.0,0.0001,41,8.305245555216654,23.178136091650963,0.1568166446117395,23.334952736262704
0.9771487665888994,0.8468296495943143,0.5813748389228445,-1.7439199421801793e-08,2.0,0.0001,41,8.305245555318782,23.178136091880855,0.15681664517122673,23.33495273705208
0.9771487665959123,0.8468296496013272,0.5813748389130129,1.5055907323986535e-09,1.9999999701976776,0.0001,41,8.305245558233212,23.178136097550208,0.15681663728531475,23.33495273483553
0.9771487665946545,0.8468296496000695,0.5813748389147763,7.803467275932955e-10,1.9999999701976776,0.0001,41,8.30524555829886,23.178136097697987,0.15681663692816963,23.334952734626157
0.9771487665940077,0.8468296495994226,0.581374838915683,4.074029246594278e-10,1.9999999701976776,0.0001,41,8.305245558332617,23.17813609777398,0.15681663674451413,23.334952734518495
0.9771487665936333,0.8468296495990482,0.581374838916208,1.9147274187482075e-10,1.9999999701976776,0.0001,41,8.305245558352162,23.178136097817976,0.1568166366381798,23.334952734456156
0.9771487665934623,0.8468296495988772,0.5813748389164477,9.28968998290228e-11,1.9999999701976776,0.0001,41,8.305245558361083,23.178136097838056,0.1568166365896363,23.334952734427695
0.9771487665933433,0.8468296495987582,0.5813748389166143,2.432710436132463e-11,1.9999999701976776,0.0001,41,8.305245558367291,23.178136097852033,0.15681663655586922,23.334952734407903
0.977148766593295,0.8468296495987099,0.5813748389166823,-3.579021523560685e-12,1.9999999701976776,0.0001,41,8.305245558369817,23.178136097857717,0.15681663654566416,23.33495273440338
0.9771487665927939,0.8468296495982088,0.5813748389173845,-2.924150981176351e-10,1.9999999701976776,0.0001,41,8.30524555839596,23.17813609791657,0.15681663668889484,23.334952734605462
0.9771487665922446,0.8468296495976595,0.5813748389181547,-6.091573005965949e-10,1.9999999701976776,0.0001,41,8.305245558424632,23.17813609798111,0.15681663684596386,23.33495273482707
0.9771487665097484,0.8468296495151633,0.5813748390338066,-4.8175730903485874e-08,2.0,0.0001,41,8.3052455580882,23.178136098117978,0.15681666043877557,23.334952758556753
0.977148766590856,0.8468296495962709,0.5813748389201012,-1.40978734306801e-09,1.9999999701976776,0.0001,41,8.305245558497102,23.17813609814425,0.1568166372429876,23.334952735387226
0.9771487665888994,0.8468296495943143,0.5813748389228445,-2.5380382279541377e-09,1.9999999701976776,0.0001,41,8.305245558599228,23.178136098374132,0.15681663780247485,23.33495273617661
0.9771487665097484,0.8468296644163245,0.5813748390338066,-4.8175730903485874e-08,2.0,0.0001,41,8.305245559168887,23.17813610035493,0.1568166582092886,23.334952758564214
0.9771487814109096,0.8468296495151633,0.5813748390338066,-4.8175730903485874e-08,2.0,0.0001,41,8.305245559168887,23.17813610035493,0.1568166582092886,23.334952758564214
0.9771487665959123,0.8468296496013272,0.5813748389130129,1.5055907323986535e-09,2.0,0.00010001,41,8.305245559753507,23.17813610052398,0.15681663729208045,23.334952737816064
0.9771487665959123,0.8468296496013272,0.5813748389130129,1.5055907323986535e-09,2.0,0.00010001,41,8.305245559753507,23.17813610052398,0.15681663729208045,23.334952737816064
0.9771487665097484,0.8468296495151633,0.5813748390338066,-6.307689209733353e-08,2.0,0.0001,41,8.30524555944975,23.178136101179895,0.15681666780246248,23.33495276898236
0.9771487665959123,0.8468296496013272,0.5813748389130129,1.5055907323986535e-09,2.0,0.00010001490116119385,41,8.305245562773743,23.178136106664624,0.15681663729291373,23.334952743957544
0.9771487665946545,0.8468296496000695,0.5813748389147763,7.803467275932955e-10,2.0,0.00010001490116119385,41,8.305245562839389,23.1781361068124,0.15681663693576864,23.334952743748165
0.9771487665940077,0.8468296495994226,0.581374838915683,4.074029246594278e-10,2.0,0.00010001490116119385,41,8.305245562873148,23.17813610688839,0.15681663675211316,23.334952743640507
0.9771487665936333,0.8468296495990482,0.581374838916208,1.9147274187482075e-10,2.0,0.00010001490116119385,41,8.305245562892694,23.178136106932392,0.15681663664577877,23.334952743578167
0.9771487665934623,0.8468296495988772,0.5813748389164477,9.28968998290228e-11,2.0,0.00010001490116119385,41,8.305245562901616,23.17813610695248,0.15681663659723527,23.334952743549714
0.9771487665933433,0.8468296495987582,0.5813748389166143,2.432710436132463e-11,2.0,0.00010001490116119385,41,8.305245562907823,23.178136106966445,0.15681663656346823,23.334952743529918
0.977148766593295,0.8468296495987099,0.5813748389166823,-3.579021523560685e-12,2.0,0.00010001490116119385,41,8.30524556291035,23.178136106972136,0.15681663655326317,23.334952743525395
0.9771487665927939,0.8468296495982088,0.5813748389173845,-2.924150981176351e-10,2.0,0.00010001490116119385,41,8.305245562936495,23.17813610703099,0.15681663669649384,23.334952743727477
0.9771487665922446,0.8468296495976595,0.5813748389181547,-6.091573005965949e-10,2.0,0.00010001490116119385,41,8.305245562965164,23.178136107095522,0.15681663685356287,23.334952743949085
0.977148766590856,0.8468296495962709,0.5813748389201012,-1.40978734306801e-09,2.0,0.00010001490116119385,41,8.305245563037634,23.178136107258652,0.1568166372505866,23.334952744509245
0.9771487665888994,0.8468296495943143,0.5813748389228445,-2.5380382279541377e-09,2.0,0.00010001490116119385,41,8.305245563139758,23.17813610748855,0.15681663781007388,23.33495274529862
0.9771487665097484,0.8468296495151633,0.5813748390338066,-4.8175730903485874e-08,1.9999999701976776,0.0001,41,8.305245562730196,23.178136107673183,0.15681666043371,23.334952768106888
0.9771487665097484,0.8468296495151633,0.5813748390338066,-4.8175730903485874e-08,2.0,0.00010001490116119385,41,8.305245567270727,23.17813611678759,0.15681666044130904,23.334952777228906
0.9771488278654743,0.846829698432466,0.5813747759589538,-6.28783898812e-09,2.0,0.0001,41,8.30524557791946,23.178136137278734,0.15681659207061904,23.334952729349357
0.9771488278654743,0.846829698432466,0.5813747659589538,3.71216101188e-09,2.0,0.0001,41,8.305245579488707,23.17813614017262,0.1568165858561143,23.334952726028742
0.9771488278654743,0.846829698432466,0.5813747659589538,-6.28783898812e-09,2.0,0.0001,41,8.305245580402426,23.178136142227437,0.1568165871289334,23.334952729356377
0.9771488378654744,0.846829698432466,0.5813747659589538,-6.28783898812e-09,2.0,0.0001,41,8.305245581127659,23.178136143728636,0.15681658563275092,23.334952729361387
0.9771488278654743,0.8468297084324661,0.5813747659589538,-6.28783898812e-09,2.0,0.0001,41,8.305245581127659,23.178136143728636,0.15681658563275092,23.334952729361387
0.9771488278654743,0.846829698432466,0.5813747659589538,-6.28783898812e-09,1.99999999,0.0001,41,8.305245581960019,23.178136145433633,0.1568165871272335,23.33495273256087
0.9771488278654743,0.846829698432466,0.5813747659589538,-6.28783898812e-09,2.0,0.00010001,41,8.305245586564714,23.17813615475641,0.15681658713063348,23.334952741887044
0.9771488891350363,0.8468297472636048,0.5813747030048948,-1.4081268708638654e-08,2.0,0.0001,41,8.30524560473067,23.17813619151117,0.15681654339721682,23.334952734908388
0.9771488891350363,0.8468297472636048,0.5813746930048947,-4.081268708638654e-09,2.0,0.0001,41,8.305245606299918,23.17813619440506,0.15681653351384678,23.334952727918907
0.9771488891350363,0.8468297472636048,0.5813746930048947,-1.4081268708638654e-08,2.0,0.0001,41,8.305245607213635,23.17813619645988,0.15681653845553176,23.334952734915408
0.9771488891350363,0.8468297572636049,0.5813746930048947,-1.4081268708638654e-08,2.0,0.0001,41,8.30524560793887,23.17813619796107,0.15681653695935022,23.334952734920424
0.9771488991350363,0.8468297472636048,0.5813746930048947,-1.4081268708638654e-08,2.0,0.0001,41,8.30524560793887,23.17813619796107,0.15681653695935022,23.334952734920424
0.9771488891350363,0.8468297472636048,0.5813746930048947,-1.4081268708638654e-08,1.99999999,0.0001,41,8.30524560877123,23.17813619966607,0.15681653845383187,23.334952738119902
0.9771488891350363,0.8468297472636048,0.5813746930048947,-1.4081268708638654e-08,2.0,0.00010001,41,8.305245613375925,23.178136208988853,0.15681653845723187,23.33495274744608
0.9771487654886911,0.846829648494106,0.5813748553663928,-6.369076287712174e-07,2.0,0.0001,41,8.305245607678506,23.17813621070308,0.15681695974837073,23.334953170451456
0.9771487654886911,0.846829648494106,0.5813748404652316,-6.369076287712174e-07,2.0,0.0001,41,8.305245611378405,23.17813621807721,0.15681695238467638,23.334953170461887
0.9771487803898523,0.846829648494106,0.5813748404652316,-6.369076287712174e-07,2.0,0.0001,41,8.305245612459089,23.178136220314165,0.1568169501551894,23.33495317046935
0.9771487654886911,0.8468296633952672,0.5813748404652316,-6.369076287712174e-07,2.0,0.0001,41,8.305245612459089,23.178136220314165,0.1568169501551894,23.33495317046935
0.9771487654886911,0.846829648494106,0.5813748404652316,-6.51808789965065e-07,2.0,0.0001,41,8.305245612739963,23.178136221139155,0.15681695974837073,23.33495318088752
0.9771487654886911,0.846829648494106,0.5813748404652316,-6.369076287712174e-07,1.9999999701976776,0.0001,41,8.3052456160204,23.178136227632418,0.15681695237961077,23.33495318001203
0.9771487654886911,0.846829648494106,0.5813748404652316,-6.369076287712174e-07,2.0,0.00010001490116119385,41,8.305245620560923,23.178136236746816,0.15681695238720977,23.334953189134023
0.9771489708905848,0.8468298124218402,0.5813746056580407,-2.4480496332702608e-08,2.0,0.0001,41,8.305245640506435,23.17813626387669,0.15681647844948032,23.33495274232617
0.9771489708905848,0.8468298124218402,0.5813745956580406,-1.4480496332702608e-08,2.0,0.0001,41,8.305245642075686,23.17813626677058,0.15681646856611176,23.334952735336692
0.9771489708905848,0.8468298124218402,0.5813745956580406,-2.4480496332702608e-08,2.0,0.0001,41,8.305245642989403,23.178136268825394,0.15681647350779598,23.33495274233319
0.9771489708905848,0.8468298224218402,0.5813745956580406,-2.4480496332702608e-08,2.0,0.0001,41,8.305245643714635,23.178136270326583,0.1568164720116157,23.334952742338203
0.9771489808905849,0.8468298124218402,0.5813745956580406,-2.4480496332702608e-08,2.0,0.0001,41,8.305245643714636,23.178136270326583,0.1568164720116157,23.334952742338203
0.9771489708905848,0.8468298124218402,0.5813745956580406,-2.4480496332702608e-08,1.99999999,0.0001,41,8.305245644546998,23.17813627203159,0.15681647350609607,23.334952745537684
0.9771489708905848,0.8468298124218402,0.5813745956580406,-2.4480496332702608e-08,2.0,0.00010001,41,8.30524564915169,23.178136281354362,0.15681647350949607,23.334952754863863
0.977149251087348,0.8468300357354493,0.5813742720259643,-6.012125675307721e-08,2.0,0.0001,41,8.305245763119009,23.17813651189156,0.1568162558574913,23.33495276774905
0.977149251087348,0.8468300357354493,0.5813742620259642,-5.012125675307721e-08,2.0,0.0001,41,8.305245764688264,23.178136514785457,0.15681624597412777,23.33495276075958
0.977149251087348,0.8468300357354493,0.5813742620259642,-6.012125675307721e-08,2.0,0.0001,41,8.30524576560198,23.178136516840265,0.15681625091580947,23.334952767756075
0.977149261087348,0.8468300357354493,0.5813742620259642,-6.012125675307721e-08,2.0,0.0001,41,8.305245766327213,23.178136518341457,0.15681624941963346,23.334952767761088
0.977149251087348,0.8468300457354494,0.5813742620259642,-6.012125675307721e-08,2.0,0.0001,41,8.305245766327213,23.178136518341457,0.15681624941963346,23.334952767761088
0.977149251087348,0.8468300357354493,0.5813742620259642,-6.012125675307721e-08,1.99999999,0.0001,41,8.305245767159576,23.178136520046465,0.15681625091410958,23.33495277096057
0.977149251087348,0.8468300357354493,0.5813742620259642,-6.012125675307721e-08,2.0,0.00010001,41,8.305245771764268,23.178136529369237,0.15681625091750956,23.33495278028674
0.9771496552519797,0.8468303578500292,0.5813737907845544,-1.1153061156179051e-07,2.0,0.0001,41,8.30524593997939,23.17813686963629,0.15681593478431152,23.334952804420602
0.9771496552519797,0.8468303578500292,0.5813737807845544,-1.0153061156179052e-07,2.0,0.0001,41,8.305245941548648,23.178136872530203,0.15681592490095536,23.334952797431157
0.9771496552519797,0.8468303578500292,0.5813737807845544,-1.1153061156179051e-07,2.0,0.0001,41,8.305245942462362,23.178136874585014,0.15681592984263337,23.334952804427648
0.9771496652519798,0.8468303578500292,0.5813737807845544,-1.1153061156179051e-07,2.0,0.0001,41,8.305245943187597,23.178136876086203,0.15681592834646357,23.33495280443267
0.9771496552519797,0.8468303678500293,0.5813737807845544,-1.1153061156179051e-07,2.0,0.0001,41,8.305245943187597,23.178136876086203,0.15681592834646357,23.33495280443267
0.9771496552519797,0.8468303578500292,0.5813737807845544,-1.1153061156179051e-07,1.99999999,0.0001,41,8.305245944019958,23.17813687779121,0.15681592984093348,23.33495280763214
0.9771496552519797,0.8468303578500292,0.5813737807845544,-1.1153061156179051e-07,2.0,0.00010001,41,8.30524594862465,23.17813688711398,0.15681592984433348,23.33495281695831
0.9771502083515188,0.846830813649426,0.581373182936986,-9.554105110501739e-08,2.0,0.0001,41,8.305246162614166,23.178137318612784,0.15681547555625658,23.33495279416904
0.9771502083515188,0.846830813649426,0.581373172936986,-8.554105110501739e-08,2.0,0.0001,41,8.305246164183435,23.17813732150671,0.15681546567291105,23.334952787179624
0.9771502083515188,0.846830813649426,0.581373172936986,-9.554105110501739e-08,2.0,0.0001,41,8.305246165097147,23.178137323561515,0.15681547061458373,23.334952794176093
0.9771502083515188,0.8468308236494261,0.581373172936986,-9.554105110501739e-08,2.0,0.0001,41,8.305246165822378,23.178137325062703,0.15681546911842248,23.334952794181127
0.9771502183515188,0.846830813649426,0.581373172936986,-9.554105110501739e-08,2.0,0.0001,41,8.305246165822378,23.178137325062703,0.15681546911842248,23.334952794181127
0.9771502083515188,0.846830813649426,0.581373172936986,-9.554105110501739e-08,1.99999999,0.0001,41,8.305246166654742,23.17813732676771,0.15681547061288387,23.33495279738059
0.9771502083515188,0.846830813649426,0.581373172936986,-9.554105110501739e-08,2.0,0.00010001,41,8.305246171259434,23.178137336090476,0.15681547061628387,23.334952806706767
0.9771487523192013,0.8468296353246162,0.5813748738287632,-8.230309998691426e-06,2.0,0.0001,41,8.305246295041902,23.178137757992143,0.15682072526265942,23.334958483254805
0.9771487523192013,0.8468296353246162,0.581374858927602,-8.230309998691426e-06,2.0,0.0001,41,8.305246298741737,23.178137765366127,0.15682071789886864,23.334958483264998
0.9771487523192013,0.8468296502257774,0.581374858927602,-8.230309998691426e-06,2.0,0.0001,41,8.30524629982242,23.178137767603086,0.15682071566938127,23.334958483272466
0.9771487672203625,0.8468296353246162,0.581374858927602,-8.230309998691426e-06,2.0,0.0001,41,8.30524629982242,23.178137767603086,0.15682071566938127,23.334958483272466
0.9771487523192013,0.8468296353246162,0.581374858927602,-8.245211159885274e-06,2.0,0.0001,41,8.30524630010341,23.178137768428314,0.15682072526265942,23.334958493690973
0.9771487523192013,0.8468296353246162,0.581374858927602,-8.230309998691426e-06,1.9999999701976776,0.0001,41,8.305246303383743,23.178137774921364,0.15682071789380297,23.334958492815172
0.9771487523192013,0.8468296353246162,0.581374858927602,-8.230309998691426e-06,2.0,0.00010001490116119385,41,8.305246307924167,23.178137784035545,0.15682071790140203,23.33495850193695
0.9771671021223246,0.8468442628057588,0.5813530166845403,-2.330755841681328e-06,2.0,0.0001,41,8.305253574802476,23.178152312985326,0.15680207536060148,23.33495438834593
0.9771671021223246,0.8468442628057588,0.5813530066845403,-2.320755841681328e-06,2.0,0.0001,41,8.305253576371994,23.17815231587977,0.15680206547756073,23.33495438135733
0.9771671021223246,0.8468442628057588,0.5813530066845403,-2.330755841681328e-06,2.0,0.0001,41,8.305253577285615,23.178152317934384,0.15680207041908106,23.33495438835346
0.9771671021223246,0.8468442728057588,0.5813530066845403,-2.330755841681328e-06,2.0,0.0001,41,8.305253578010847,23.178152319435565,0.15680206892317772,23.33495438835874
0.9771671121223247,0.8468442628057588,0.5813530066845403,-2.330755841681328e-06,2.0,0.0001,41,8.305253578010845,23.178152319435565,0.15680206892317772,23.33495438835874
0.9771671021223246,0.8468442628057588,0.5813530066845403,-2.330755841681328e-06,1.99999999,0.0001,41,8.305253578843233,23.178152321140615,0.15680207041738112,23.334954391557996
0.9771671021223246,0.8468442628057588,0.5813530066845403,-2.330755841681328e-06,2.0,0.00010001,41,8.305253583447884,23.1781523304633,0.15680207042078112,23.33495440088408
0.977148582445174,0.8468294654505889,0.581375111975971,-0.00010617805628532253,2.0,0.0001,41,8.305255166686656,23.178157727757313,0.15686930126906945,23.335027029026378
0.977148582445174,0.8468294654505889,0.5813750970748098,-0.00010617805628532253,2.0,0.0001,41,8.305255170385633,23.178157735129435,0.1568692939040351,23.33502702903347
0.9771485973463352,0.8468294654505889,0.5813750970748098,-0.00010617805628532253,2.0,0.0001,41,8.305255171466348,23.178157737366472,0.15686929167454333,23.335027029041015
0.977148582445174,0.8468294803517501,0.5813750970748098,-0.00010617805628532253,2.0,0.0001,41,8.305255171466348,23.178157737366472,0.15686929167454333,23.335027029041015
0.977148582445174,0.8468294654505889,0.5813750970748098,-0.00010619295744651637,2.0,0.0001,41,8.3052551717488,23.178157738194777,0.15686930126906945,23.335027039463842
0.977148582445174,0.8468294654505889,0.5813750970748098,-0.00010617805628532253,1.9999999701976776,0.0001,41,8.305255175027812,23.178157744685073,0.15686929389896942,23.335027038584045
0.977148582445174,0.8468294654505889,0.5813750970748098,-0.00010617805628532253,2.0,0.00010001490116119385,41,8.305255179566961,23.178157753796455,0.15686929390656845,23.33502704770302
0.9771748618455574,0.8468506454377429,0.581344448191611,-2.175667324026468e-06,2.0,0.0001,41,8.305256713987346,23.178158644803627,0.15679564914260988,23.334954293946232
0.9771748618455574,0.8468506454377429,0.581344438191611,-2.165667324026468e-06,2.0,0.0001,41,8.305256715556986,23.17815864769832,0.15679563925971735,23.33495428695804
0.9771748618455574,0.8468506454377429,0.581344438191611,-2.175667324026468e-06,2.0,0.0001,41,8.30525671647056,23.178158649752834,0.15679564420116357,23.33495429395399
0.9771748618455574,0.846850655437743,0.581344438191611,-2.175667324026468e-06,2.0,0.0001,41,8.30525671719579,23.178158651254005,0.15679564270538038,23.334954293959395
0.9771748718455574,0.8468506454377429,0.581344438191611,-2.175667324026468e-06,2.0,0.0001,41,8.30525671719579,23.178158651254005,0.15679564270538038,23.334954293959395
0.9771748618455574,0.8468506454377429,0.581344438191611,-2.175667324026468e-06,1.99999999,0.0001,41,8.305256718028186,23.178158652959077,0.15679564419946368,23.334954297158546
0.9771748618455574,0.8468506454377429,0.581344438191611,-2.175667324026468e-06,2.0,0.00010001,41,8.30525672263283,23.178158662281742,0.15679564420286365,23.334954306484608
0.9771826789699443,0.8468579305063061,0.5813390919677033,-3.517529224109197e-07,2.0,0.0001,41,8.305258972698187,23.178163188132604,0.15678984227403078,23.334953030406634
0.9771826789699443,0.8468579305063061,0.5813390819677032,-3.417529224109197e-07,2.0,0.0001,41,8.305258974267927,23.178163191027515,0.15678983239126043,23.334953023418777
0.9771826789699443,0.8468579305063061,0.5813390819677032,-3.517529224109197e-07,2.0,0.0001,41,8.305258975181456,23.17816319308192,0.1567898373326456,23.33495303041457
0.9771826789699443,0.8468579405063061,0.5813390819677032,-3.517529224109197e-07,2.0,0.0001,41,8.305258975906682,23.1781631945831,0.15678983583699077,23.33495303042009
0.9771826889699443,0.8468579305063061,0.5813390819677032,-3.517529224109197e-07,2.0,0.0001,41,8.305258975906682,23.1781631945831,0.15678983583699077,23.33495303042009
0.9771826789699443,0.8468579305063061,0.5813390819677032,-3.517529224109197e-07,1.99999999,0.0001,41,8.305258976739092,23.178163196288196,0.15678983733094565,23.33495303361914
0.9771826789699443,0.8468579305063061,0.5813390819677032,-3.517529224109197e-07,2.0,0.00010001,41,8.305258981343737,23.178163205610858,0.15678983733434565,23.33495304294521
0.9771886007842705,0.8468616973285552,0.5813284348466049,-3.334883430857262e-06,2.0,0.0001,41,8.305262594346983,23.17817053004075,0.15678460123894733,23.334955131279695
0.9771886007842705,0.8468616973285552,0.5813284248466049,-3.324883430857262e-06,2.0,0.0001,41,8.305262595916831,23.178170532935873,0.15678459135630746,23.334955124292183
0.9771886007842705,0.8468616973285552,0.5813284248466049,-3.334883430857262e-06,2.0,0.0001,41,8.305262596830326,23.178170534990215,0.1567845962976273,23.33495513128784
0.9771886007842705,0.8468617073285553,0.5813284248466049,-3.334883430857262e-06,2.0,0.0001,41,8.305262597555554,23.178170536491393,0.15678459480205492,23.334955131293448
0.9771886107842706,0.8468616973285552,0.5813284248466049,-3.334883430857262e-06,2.0,0.0001,41,8.305262597555554,23.178170536491393,0.15678459480205492,23.334955131293448
0.9771886007842705,0.8468616973285552,0.5813284248466049,-3.334883430857262e-06,1.99999999,0.0001,41,8.30526259838797,23.1781705381965,0.1567845962959274,23.33495513449243
0.9771886007842705,0.8468616973285552,0.5813284248466049,-3.334883430857262e-06,2.0,0.00010001,41,8.305262602992586,23.178170547519095,0.1567845962993274,23.33495514381843
0.9772113727774165,0.8468800155980433,0.5813018930743229,-5.256259003645338e-06,2.0,0.0001,41,8.305272341346685,23.178190230420018,0.15676629114162743,23.334956521561647
0.9772113727774165,0.8468800155980433,0.5813018830743228,-5.246259003645338e-06,2.0,0.0001,41,8.305272342916872,23.17819023331585,0.1567662812594061,23.334956514575257
0.9772113727774165,0.8468800155980433,0.5813018830743228,-5.256259003645338e-06,2.0,0.0001,41,8.305272343830245,23.178190235369918,0.1567662862005167,23.334956521570433
0.9772113827774166,0.8468800155980433,0.5813018830743228,-5.256259003645338e-06,2.0,0.0001,41,8.305272344555467,23.178190236871085,0.15676628470529358,23.33495652157638
0.9772113727774165,0.8468800255980433,0.5813018830743228,-5.256259003645338e-06,2.0,0.0001,41,8.305272344555467,23.178190236871085,0.15676628470529358,23.33495652157638
0.9772113727774165,0.8468800155980433,0.5813018830743228,-5.256259003645338e-06,1.99999999,0.0001,41,8.305272345387914,23.178190238576253,0.1567662861988168,23.334956524775073
0.9772113727774165,0.8468800155980433,0.5813018830743228,-5.256259003645338e-06,2.0,0.00010001,41,8.305272349992487,23.178190247898755,0.15676628620221678,23.334956534100968
0.9772495071638909,0.8469106916993281,0.5812574457483715,-8.473828857352824e-06,2.0,0.0001,41,8.305288665050641,23.17822322341924,0.15673563309345828,23.334958856512706
0.9772495071638909,0.8469106916993281,0.5812574357483714,-8.463828857352824e-06,2.0,0.0001,41,8.305288666621404,23.17822322631626,0.1567356232119377,23.3349588495282
0.9772495071638909,0.8469106916993281,0.5812574357483714,-8.473828857352824e-06,2.0,0.0001,41,8.305288667534562,23.178223228369873,0.15673562815269795,23.334958856522572
0.9772495071638909,0.8469107016993281,0.5812574357483714,-8.473828857352824e-06,2.0,0.0001,41,8.30528866825978,23.178223229871026,0.15673562665805973,23.334958856529084
0.977249517163891,0.8469106916993281,0.5812574357483714,-8.473828857352824e-06,2.0,0.0001,41,8.30528866825978,23.178223229871026,0.15673562665805973,23.334958856529084
0.9772495071638909,0.8469106916993281,0.5812574357483714,-8.473828857352824e-06,1.99999999,0.0001,41,8.305288669092281,23.1782232315763,0.15673562815099804,23.334958859727298
0.9772495071638909,0.8469106916993281,0.5812574357483714,-8.473828857352824e-06,2.0,0.00010001,41,8.30528867369678,23.178223240898625,0.156735628154398,23.33495886905302
0.9873341979219706,0.8592044095150514,0.5880589192509629,0.00013027171090460637,2.0,0.0001,41,8.305232296807716,23.178236146472283,0.1570447009329915,23.335280847405272
0.9873341979219706,0.8592044095150514,0.5880589092509628,0.00013028171090460636,2.0,0.0001,41,8.305232298272497,23.17823614914137,0.15704470093299144,23.335280850074362
0.9873341979219706,0.8592044095150514,0.5880589092509628,0.00013027171090460637,2.0,0.0001,41,8.305232299229,23.17823615129136,0.15704469593338338,23.335280847224745
0.9873341979219706,0.8592044195150514,0.5880589092509628,0.00013027171090460637,2.0,0.0001,41,8.305232299955824,23.17823615279712,0.15704469462896162,23.335280847426077
0.9873342079219707,0.8592044095150514,0.5880589092509628,0.00013027171090460637,2.0,0.0001,41,8.305232299955824,23.17823615279712,0.15704469462896162,23.335280847426077
0.9873341979219706,0.8592044095150514,0.5880589092509628,0.00013027171090460637,1.99999999,0.0001,41,8.30523230080998,23.178236154548117,0.1570446959316835,23.3352808504798
0.9873341979219706,0.8592044095150514,0.5880589092509628,0.00013027171090460637,2.0,0.00010001,41,8.305232305390382,23.178236163819275,0.15704469593508347,23.33528085975436
0.9774048885458518,0.847033775860355,0.5810698828704701,-3.257696161029788e-05,2.0,0.0001,41,8.305357662640226,23.17836285548259,0.1566132953358077,23.334976150818395
0.9774048885458518,0.847033775860355,0.5810698728704701,-3.256696161029788e-05,2.0,0.0001,41,8.305357664213247,23.178362858384254,0.156613285457066,23.334976143841317
0.9774048885458518,0.847033775860355,0.5810698728704701,-3.257696161029788e-05,2.0,0.0001,41,8.305357665125616,23.178362860436167,0.15661329039643682,23.334976150832603
0.9774048885458518,0.847033785860355,0.5810698728704701,-3.257696161029788e-05,2.0,0.0001,41,8.30535766585082,23.178362861937263,0.15661328890416548,23.334976150841428
0.9774048985458519,0.847033775860355,0.5810698728704701,-3.257696161029788e-05,2.0,0.0001,41,8.30535766585082,23.178362861937263,0.15661328890416548,23.334976150841428
0.9774048885458518,0.847033775860355,0.5810698728704701,-3.257696161029788e-05,1.99999999,0.0001,41,8.305357666683527,23.178362863642953,0.15661329039473693,23.33497615403769
0.9774048885458518,0.847033775860355,0.5810698728704701,-3.257696161029788e-05,2.0,0.00010001,41,8.305357671287638,23.178362872964392,0.1566132903981369,23.33497616336253
0.9771463886490706,0.8468272716544855,0.5813781874691751,-0.0013710999962706573,2.0,0.0001,41,8.30537062169512,23.17841748870171,0.1574973603310753,23.33591484903279
0.9771463886490706,0.8468272716544855,0.5813781725680139,-0.0013710999962706573,2.0,0.0001,41,8.305370625383013,23.1784174960498,0.15749735294998057,23.335914848999785
0.9771463886490706,0.8468272865556467,0.5813781725680139,-0.0013710999962706573,2.0,0.0001,41,8.305370626464152,23.17841749828793,0.1574973507204333,23.33591484900838
0.9771464035502317,0.8468272716544855,0.5813781725680139,-0.0013710999962706573,2.0,0.0001,41,8.305370626464152,23.178417498287935,0.1574973507204333,23.33591484900838
0.9771463886490706,0.8468272716544855,0.5813781725680139,-0.0013711148974318512,2.0,0.0001,41,8.305370626765495,23.178417499155895,0.1574973603310753,23.335914859486973
0.9771463886490706,0.8468272716544855,0.5813781725680139,-0.0013710999962706573,1.9999999701976776,0.0001,41,8.305370630027413,23.178417505610707,0.15749735294491496,23.335914858555615
0.9771463886490706,0.8468272716544855,0.5813781725680139,-0.0013710999962706573,2.0,0.00010001490116119385,41,8.305370634550046,23.178417514685695,0.15749735295251388,23.335914867638213
0.9790591992290297,0.848709590244088,0.5806181359391145,-1.0581983931823559e-05,2.0,0.0001,41,8.305709517975727,23.17908216179057,0.15588716013151915,23.334969321922095
0.9790591992290297,0.848709590244088,0.5806181259391144,-1.0571983931823559e-05,2.0,0.0001,41,8.305709519554455,23.1790821647034,0.1558871502608311,23.334969314964233
0.9790591992290297,0.848709590244088,0.5806181259391144,-1.0581983931823559e-05,2.0,0.0001,41,8.305709520464692,23.179082166751027,0.15588715519617508,23.334969321947195
0.9790592092290298,0.848709590244088,0.5806181259391144,-1.0581983931823559e-05,2.0,0.0001,41,8.3057095211899,23.179082168252112,0.15588715373220982,23.334969321984325
0.9790591992290297,0.848709600244088,0.5806181259391144,-1.0581983931823559e-05,2.0,0.0001,41,8.3057095211899,23.179082168252112,0.15588715373220982,23.334969321984325
0.9790591992290297,0.848709590244088,0.5806181259391144,-1.0581983931823559e-05,1.99999999,0.0001,41,8.305709522025461,23.179082169963674,0.15588715519447516,23.334969325158152
0.9790591992290297,0.848709590244088,0.5806181259391144,-1.0581983931823559e-05,2.0,0.00010001,41,8.305709526626716,23.17908217927879,0.15588715519787516,23.334969334476668
0.9788783839913053,0.8482209944249726,0.579358917255424,-0.0001459094993853864,2.0,0.0001,41,8.30598732572195,23.179635287339167,0.15543120789986764,23.33506649523904
0.9788783839913053,0.8482209944249726,0.5793589072554239,-0.0001458994993853864,2.0,0.0001,41,8.305987327317247,23.17963529028681,0.1554311980482857,23.335066488335098
0.9788783839913053,0.8482209944249726,0.5793589072554239,-0.0001459094993853864,2.0,0.0001,41,8.305987328221335,23.17963529232096,0.15543120297407662,23.335066495295038
0.9788783939913054,0.8482209944249726,0.5793589072554239,-0.0001459094993853864,2.0,0.0001,41,8.305987328946353,23.17963529382149,0.15543120150442138,23.33506649532591
0.9788783839913053,0.8482210044249726,0.5793589072554239,-0.0001459094993853864,2.0,0.0001,41,8.305987328946353,23.17963529382149,0.15543120150442138,23.33506649532591
0.9788783839913053,0.8482209944249726,0.5793589072554239,-0.0001459094993853864,1.99999999,0.0001,41,8.305987329781052,23.17963529553113,0.15543120297237673,23.335066498503508
0.9788783839913053,0.8482209944249726,0.5793589072554239,-0.0001459094993853864,2.0,0.00010001,41,8.305987334382326,23.179635304846027,0.15543120297577673,23.33506650782181
0.9808549286826795,0.8505936517490656,0.5804090922120195,2.2613266392915748e-05,2.0,0.0001,41,8.306025413135373,23.179731481222667,0.1552569904492973,23.334988471671966
0.9808549286826795,0.8505936517490656,0.5804090822120195,2.262326639291575e-05,2.0,0.0001,41,8.306025414716297,23.1797314841392,0.15525699044929725,23.3349884745885
0.9808549286826795,0.8505936517490656,0.5804090822120195,2.2613266392915748e-05,2.0,0.0001,41,8.306025415625788,23.179731486185585,0.15525698551562783,23.334988471701212
0.9808549286826795,0.8505936617490657,0.5804090822120195,2.2613266392915748e-05,2.0,0.0001,41,8.306025416351044,23.179731487686798,0.15525698408294078,23.33498847176974
0.9808549386826796,0.8505936517490656,0.5804090822120195,2.2613266392915748e-05,2.0,0.0001,41,8.306025416351044,23.179731487686798,0.15525698408294078,23.33498847176974
0.9808549286826795,0.8505936517490656,0.5804090822120195,2.2613266392915748e-05,1.99999999,0.0001,41,8.306025417189826,23.179731489405015,0.15525698551392791,23.334988474918948
0.9808549286826795,0.8505936517490656,0.5804090822120195,2.2613266392915748e-05,2.0,0.00010001,41,8.306025421787878,23.17973149871311,0.15525698551732792,23.334988484230436
0.9807961315907657,0.8497365577046103,0.5770319081051205,-0.00046393983517702456,2.0,0.0001,41,8.306848525569597,23.181378211659563,0.15394377360893985,23.335321985268497
0.9807961315907657,0.8497365577046103,0.5770318981051205,-0.00046392983517702457,2.0,0.0001,41,8.306848527192638,23.18137821466432,0.1539437637915106,23.335321978455827
0.9807961315907657,0.8497365577046103,0.5770318981051205,-0.00046393983517702456,2.0,0.0001,41,8.306848528087095,23.181378216677732,0.15394376870022514,23.33532198537796
0.9807961315907657,0.8497365677046104,0.5770318981051205,-0.00046393983517702456,2.0,0.0001,41,8.306848528811894,23.18137821817758,0.15394376725975303,23.335321985437336
0.9807961415907658,0.8497365577046103,0.5770318981051205,-0.00046393983517702456,2.0,0.0001,41,8.306848528811894,23.18137821817758,0.15394376725975303,23.335321985437336
0.9807961315907657,0.8497365577046103,0.5770318981051205,-0.00046393983517702456,1.99999999,0.0001,41,8.306848529649194,23.18137821989238,0.15394376869852525,23.335321988590902
0.9807961315907657,0.8497365577046103,0.5770318981051205,-0.00046393983517702456,2.0,0.00010001,41,8.306848534245324,23.181378229195573,0.15394376870192522,23.335321997897502
0.9876467367187195,0.857782613283477,0.5800116430887335,7.515293105283502e-05,2.0,0.0001,41,8.307133797480581,23.182017314995953,0.15316693862182904,23.335184253617786
0.9876467367187195,0.857782613283477,0.5800116330887335,7.516293105283502e-05,2.0,0.0001,41,8.307133799062825,23.182017317911836,0.153166938621829,23.335184256533662
0.9876467367187195,0.857782613283477,0.5800116330887335,7.515293105283502e-05,2.0,0.0001,41,8.307133799972565,23.182017319960128,0.15316693369109124,23.335184253651214
0.9876467367187195,0.8577826232834771,0.5800116330887335,7.515293105283502e-05,2.0,0.0001,41,8.30713380069809,23.182017321462055,0.15316693237724077,23.335184253839294
0.9876467467187195,0.857782613283477,0.5800116330887335,7.515293105283502e-05,2.0,0.0001,41,8.30713380069809,23.182017321462055,0.15316693237724077,23.335184253839294
0.9876467367187195,0.857782613283477,0.5800116330887335,7.515293105283502e-05,1.99999999,0.0001,41,8.307133801549242,23.1820173232059,0.15316693368939135,23.335184256895296
0.9876467367187195,0.857782613283477,0.5800116330887335,7.515293105283502e-05,2.0,0.00010001,41,8.307133806134358,23.18201733248571,0.15316693369279136,23.3351842661785
0.9771176208041343,0.8467985038095492,0.5814185172479809,-0.01795836540699429,2.0,0.0001,41,8.307036268223085,23.18214422191851,0.16585973441871035,23.348003956337212
0.9771176208041343,0.8467985038095492,0.5814185023468197,-0.01795836540699429,2.0,0.0001,41,8.307036271766247,23.18214422895179,0.1658597268270106,23.3480039557788
0.9771176357052955,0.8467985038095492,0.5814185023468197,-0.01795836540699429,2.0,0.0001,41,8.307036272852857,23.182144231204248,0.16585972459673462,23.348003955800984
0.9771176208041343,0.8467985187107104,0.5814185023468197,-0.01795836540699429,2.0,0.0001,41,8.307036272852857,23.182144231204248,0.16585972459673462,23.348003955800984
0.9771176208041343,0.8467985038095492,0.5814185023468197,-0.017958380308155483,2.0,0.0001,41,8.307036273401339,23.18214423259192,0.16585973441871035,23.348003967010627
0.9771176208041343,0.8467985038095492,0.5814185023468197,-0.01795836540699429,1.9999999701976776,0.0001,41,8.30703627643958,23.182144238581508,0.165859726821945,23.34800396540346
0.9771176208041343,0.8467985038095492,0.5814185023468197,-0.01795836540699429,2.0,0.00010001490116119385,41,8.307036280737552,23.182144247161084,0.16585972682954406,23.34800397399062
0.9726890412285287,0.8391753706553252,0.5741292579354766,-0.09737375803833996,2.0,0.0001,41,8.319464300307166,23.209212880766138,0.20668231099053952,23.41589519175668
0.9726890412285287,0.8391753706553252,0.5741292679354767,-0.09737376803833996,2.0,0.0001,41,8.319464300170686,23.209212880961594,0.20668232240609097,23.415895203367686
0.9726890412285287,0.8391753706553252,0.5741292579354766,-0.09737376803833996,2.0,0.0001,41,8.319464302160055,23.209212884816626,0.20668231669831516,23.41589520151494
0.9726890512285288,0.8391753706553252,0.5741292579354766,-0.09737376803833996,2.0,0.0001,41,8.319464302904741,23.209212886369688,0.20668231509916268,23.41589520146885
0.9726890412285287,0.8391753806553253,0.5741292579354766,-0.09737376803833996,2.0,0.0001,41,8.319464302904741,23.209212886369688,0.20668231509916268,23.41589520146885
0.9726890412285287,0.8391753706553252,0.5741292579354766,-0.09737376803833996,1.99999999,0.0001,41,8.319464303759078,23.209212888126164,0.20668231669661524,23.415895204822775
0.9726890412285287,0.8391753706553252,0.5741292579354766,-0.09737376803833996,2.0,0.00010001,41,8.319464307425406,23.209212895380716,0.20668231670001527,23.415895212080734
0.9742952394227937,0.8395469469991269,0.5687037544767393,-0.09816396345371117,2.0,0.0001,41,8.320847721614772,23.21195289870827,0.2037311045289235,23.415684003237196
0.9742952394227937,0.8395469469991269,0.5687037644767393,-0.09816397345371117,2.0,0.0001,41,8.32084772141437,23.211952898767425,0.20373111586567497,23.415684014633104
0.9742952394227937,0.8395469469991269,0.5687037544767393,-0.09816397345371117,2.0,0.0001,41,8.320847723445498,23.21195290270875,0.20373111019729923,23.415684012906045
0.9742952394227937,0.839546956999127,0.5687037544767393,-0.09816397345371117,2.0,0.0001,41,8.32084772418959,23.211952904259867,0.2037311086149578,23.41568401287483
0.9742952494227938,0.8395469469991269,0.5687037544767393,-0.09816397345371117,2.0,0.0001,41,8.32084772418959,23.211952904259867,0.2037311086149578,23.415684012874834
0.9742952394227937,0.8395469469991269,0.5687037544767393,-0.09816397345371117,1.99999999,0.0001,41,8.32084772504475,23.211952906017462,0.20373111019559925,23.41568401621306
0.9742952394227937,0.8395469469991269,0.5687037544767393,-0.09816397345371117,2.0,0.00010001,41,8.320847728710262,23.21195291327176,0.20373111019899925,23.415684023470757
0.9947646132578526,0.8542983957082076,0.5394696302780522,0.051878312948643854,2.0,0.02410427002214851,41,8.331368560689338,23.230097675049393,0.15879546867715547,23.388893143726552
0.9947646132578526,0.8542983957082076,0.5394696202780521,0.051878322948643855,2.0,0.02410427002214851,41,8.331368563760199,23.230097681076682,0.1587954686771554,23.388893149753837
0.9947646132578526,0.8542983957082076,0.5394696202780521,0.051878312948643854,2.0,0.02410427002214851,41,8.331368563785434,23.230097681256904,0.15879546365069797,23.388893144907595
0.9947646232578526,0.8542983957082076,0.5394696202780521,0.051878312948643854,2.0,0.02410427002214851,41,8.331368564491568,23.230097682706756,0.15879546236773362,23.388893145074487
0.9947646132578526,0.8542984057082077,0.5394696202780521,0.051878312948643854,2.0,0.02410427002214851,41,8.331368564491568,23.230097682706756,0.15879546236773362,23.388893145074487
0.9947646132578526,0.8542983957082076,0.5394696202780521,0.051878312948643854,1.99999999,0.02410427002214851,41,8.331368565314817,23.23009768438532,0.15879546324092547,23.38889314762625
0.9947646132578526,0.8542983957082076,0.5394696202780521,0.051878312948643854,2.0,0.02410428002214851,41,8.331368570038478,23.230097693962197,0.15879546406047068,23.388893158022668
0.99999999,1.0,1.0,0.8216444571122379,2.0,0.0001,41,8.353087479066357,23.27106443838338,1.4103151329542893,24.681379571337672
1.0,0.99999999,1.0,0.8216444571122379,2.0,0.0001,41,8.353087479066357,23.27106443838338,1.4103151329542893,24.681379571337672
1.0,1.0,1.0,0.8216444571122379,2.0,0.0001,41,8.353087479658727,23.271064439613568,1.4103151329542893,24.681379572567852
1.0,1.0,1.0,0.8216444571122379,1.99999999,0.0001,41,8.353087480975978,23.27106444239422,1.41031513295259,24.68137957534681
1.0,1.0,0.99999999,0.8216444571122379,2.0,0.0001,41,8.35308748345327,23.27106444754967,1.410315117470312,24.681379565019977
1.0,1.0,1.0,0.8216444571122379,2.0,0.00010001,41,8.35308748355255,23.271064447849454,1.4103151329559898,24.681379580805448
1.0,1.0,1.0,0.8216444671122379,2.0,0.0001,41,8.353087484504126,23.271064449830057,1.4103151484382674,24.68137959826832
-0.28523894399404526,-0.2714124582707882,-0.028870679438114166,-0.16443687677383423,0.30451744119762325,0.23544814359340904,41,8.357003751958883,23.27933711217215,4.605824956251738,27.885162068423885
1.0,0.8402189277540568,0.46616480537806887,-0.0004186220781132524,2.0,0.03388242046828165,41,8.360534025263691,23.289212765068196,0.10434860212982024,23.39356136719801
0.99999999,0.8402189277540568,0.4661647953780689,-0.0004186220781132524,2.0,0.03388242046828165,41,8.360534027925539,23.28921277034805,0.10434859952200033,23.393561369870053
1.0,0.8402189277540568,0.4661647953780689,-0.0004186120781132524,2.0,0.03388242046828165,41,8.36053402856097,23.289212771534338,0.10434859419790216,23.39356136573224
1.0,0.8402189277540568,0.4661647953780689,-0.0004186220781132524,2.0,0.03388242046828165,41,8.360534028629859,23.28921277179037,0.10434859816386118,23.393561369954227
1.0,0.8402189377540569,0.4661647953780689,-0.0004186220781132524,2.0,0.03388242046828165,41,8.360534029334175,23.28921277323268,0.10434859680572207,23.393561370038405
1.0,0.8402189277540568,0.4661647953780689,-0.0004186220781132524,1.99999999,0.03388242046828165,41,8.360534030148694,23.289212774888796,0.10434859758786011,23.39356137247666
1.0,0.8402189277540568,0.4661647953780689,-0.0004186220781132524,2.0,0.033882430468281655,41,8.36053403429913,23.289212783244214,0.1043485987398624,23.393561381984078
-0.04594089835882187,-0.8634311333298683,0.7073682621121407,0.07486117631196976,1.1557666516345448,1.0866973555129475,41,8.36355599123436,23.29379923803894,3.9074100936193292,27.201209331658262
0.976648087579799,0.846328970585214,0.5820767581110491,-0.28868675081374523,2.0,0.0001,41,8.372791486348369,23.326316744993665,0.33556564792464677,23.661882392918308
0.976648087579799,0.846328970585214,0.5820767432098879,-0.28868675081374523,2.0,0.0001,41,8.372791487708902,23.326316747007986,0.33556563689556757,23.66188238390356
0.976648087579799,0.8463289854863751,0.5820767432098879,-0.28868675081374523,2.0,0.0001,41,8.372791488872954,23.32631674948901,0.33556563465339734,23.6618823841424
0.9766481024809602,0.846328970585214,0.5820767432098879,-0.28868675081374523,2.0,0.0001,41,8.372791488872954,23.32631674948901,0.33556563465339734,23.6618823841424
0.976648087579799,0.846328970585214,0.5820767432098879,-0.28868675081374523,2.0,0.00010001490116119385,41,8.37279149145791,23.326316753488406,0.3355656368981009,23.661882390386513
0.976648087579799,0.846328970585214,0.5820767432098879,-0.28868675081374523,1.9999999701976776,0.0001,41,8.372791492802317,23.326316757735604,0.335565636890502,23.661882394626105
0.976648087579799,0.846328970585214,0.5820767432098879,-0.2886867657149064,2.0,0.0001,41,8.372791493260245,23.32631675923131,0.33556564792464677,23.661882407155957
1.0,0.8217072473989936,0.3846155900662586,0.021502777174202486,1.923964532579341,0.1777525333986094,41,8.467941630399617,23.504715302115812,0.09240059166653156,23.597115893782348
1.0,0.8217072473989936,0.3846155800662586,0.021502777174202486,1.923964542579341,0.1777525333986094,41,8.467941631849333,23.504715304914725,0.09240058994371567,23.59711589485844
0.99999999,0.8217072473989936,0.3846155800662586,0.021502777174202486,1.923964532579341,0.1777525333986094,41,8.467941632689165,23.504715306614102,0.09240058973001392,23.597115896344114
1.0,0.8217072473989936,0.3846155800662586,0.021502777174202486,1.923964532579341,0.1777525333986094,41,8.46794163343454,23.504715308128233,0.09240058821452546,23.597115896342764
1.0,0.8217072473989936,0.3846155800662586,0.021502787174202488,1.923964532579341,0.1777525333986094,41,8.467941634148703,23.504715309495115,0.09240059166653156,23.597115901161647
1.0,0.8217072573989936,0.3846155800662586,0.021502777174202486,1.923964532579341,0.1777525333986094,41,8.467941634179915,23.50471530964237,0.0924005866990371,23.59711589634141
1.0,0.8217072473989936,0.3846155800662586,0.021502777174202486,1.923964532579341,0.1777525433986094,41,8.467941637382253,23.50471531604252,0.09240058994371567,23.597115905986236
-0.6729147434234619,0.5095950067043304,0.3662869334220886,0.09669631719589233,1.143992797359344,1.5137160315817444,41,8.480337680467056,23.527676872341424,2.4477737219103126,25.975450594251733
-0.6719555109739304,0.5105542540550232,0.08135364949703217,-0.5511534363031387,1.8734608766740632,1.804391580552466,41,8.48397101960829,23.53493918572481,4.548391795962111,28.08333098168692
1.0,0.7676828502266281,0.19814826690710885,-0.2209477502898745,1.900925063889816,0.2315829380728891,41,8.52743354844782,23.623974367059706,0.11251002512293497,23.736484392182646
1.0,0.7676828502266281,0.19814825690710886,-0.2209477502898745,1.900925073889816,0.2315829380728891,41,8.52743354957433,23.6239743692041,0.11251002381325499,23.736484393017356
0.99999999,0.7676828502266281,0.19814825690710886,-0.2209477502898745,1.900925063889816,0.2315829380728891,41,8.527433550396509,23.623974370867725,0.11251002353531471,23.736484394403035
1.0,0.7676828502266281,0.19814825690710886,-0.2209477502898745,1.900925063889816,0.2315829380728891,41,8.527433551166355,23.623974372432304,0.11251002156061887,23.736484393992928
1.0,0.7676828502266281,0.19814825690710886,-0.22094774028987452,1.900925063889816,0.2315829380728891,41,8.527433551288178,23.623974372612363,0.11251001799830285,23.73648439061066
1.0,0.7676828602266281,0.19814825690710886,-0.2209477502898745,1.900925063889816,0.2315829380728891,41,8.527433551936202,23.623974373996887,0.11251001958592315,23.736484393582817
1.0,0.7676828502266281,0.19814825690710886,-0.2209477502898745,1.900925063889816,0.2315829480728891,41,8.527433553143881,23.623974376358106,0.11251002381325499,23.73648440017136
0.7408810257911682,-0.5735501050949097,0.9972492903470993,0.8616830930113792,1.31947979209031,1.2504104959687128,41,8.549301053724653,23.665996817190088,3.1721385624177105,26.838135379607795
0.5218311548233032,-0.2956590801477432,-0.7248596847057343,0.6426332294940948,1.3045708170879495,1.2355015209663522,41,8.568452281299221,23.704071678140465,2.379939921876932,26.084011600017398
1.0,0.7359978855938426,0.08878637026960241,-0.11469540084758403,1.8874125623387727,0.263154127341902,41,8.569727468130587,23.707418960454866,0.0664881065600484,23.77390706701492
1.0,0.7359978855938426,0.08878636026960242,-0.11469540084758403,1.8874125723387727,0.263154127341902,41,8.56972746978352,23.707418963699222,0.06648810739008716,23.77390707108931
0.99999999,0.7359978855938426,0.08878636026960242,-0.11469540084758403,1.8874125623387727,0.263154127341902,41,8.56972747052932,23.70741896520175,0.0664881070744714,23.77390707227622
1.0,0.7359978855938426,0.08878636026960242,-0.11469540084758403,1.8874125623387727,0.263154127341902,41,8.56972747126678,23.70741896668957,0.06648810483045338,23.773907071520025
1.0,0.7359978955938427,0.08878636026960242,-0.11469540084758403,1.8874125623387727,0.263154127341902,41,8.569727472004237,23.707418968177393,0.06648810258643544,23.77390707076383
1.0,0.7359978855938426,0.08878636026960242,-0.11469539084758404,1.8874125623387727,0.263154127341902,41,8.569727472153652,23.707418968424612,0.06648810310085847,23.773907071525468
1.0,0.7359978855938426,0.08878636026960242,-0.11469540084758403,1.8874125623387727,0.263154137341902,41,8.569727472359352,23.707418968865497,0.06648810739008716,23.773907076255586
0.8782907202839851,-0.1219678595662117,0.054702028632164,-0.4202200472354889,1.143992797359344,1.5137160315817444,41,8.612432119657063,23.79245276081121,1.1209143852078565,24.913367146019066
0.8782907202839851,-0.1219678595662117,0.054702028632164,-0.4202200472354889,1.1101776860337544,1.34882586557095,41,8.615763450803012,23.799235221475755,0.9323022384187295,24.731537459894486
0.8782907202839851,-0.1219678595662117,0.054702028632164,-0.4202200472354889,1.1101776860337544,1.5137160315817444,41,8.61769412425107,23.803038933624237,1.0840774823389316,24.88711641596317
0.8782907202839851,-0.1219678595662117,0.054702028632164,0.09669631719589233,1.143992797359344,1.5137160315817444,41,8.61998501506187,23.807347659198005,1.0347968396213947,24.8421444988194
0.8782907202839851,-0.1219678595662117,0.3662869334220886,0.09669631719589233,1.143992797359344,1.5137160315817444,41,8.624412118119187,23.81642959284884,1.116155452895556,24.9325850457444
1.0,0.6663924431007956,-0.15227981369661842,-0.07694541236969199,1.6393887001542544,0.41299342219228286,41,8.675949791726163,23.919550855427687,0.07196354140159643,23.991514396829288
1.0,0.6663924431007956,-0.1522798236966184,-0.07694541236969199,1.6393887101542544,0.41299342219228286,41,8.675949792385024,23.919550856709122,0.07196354424050705,23.991514400949626
1.0,0.6663924431007956,-0.1522798236966184,-0.07694541236969199,1.6393887001542544,0.41299343219228285,41,8.675949793206714,23.91955085837251,0.07196354424050709,23.99151440261301
0.99999999,0.6663924431007956,-0.1522798236966184,-0.07694541236969199,1.6393887001542544,0.41299342219228286,41,8.6759497932488,23.919550858449306,0.07196354618567519,23.99151440463498
1.0,0.6663924431007956,-0.1522798236966184,-0.07694541236969199,1.6393887001542544,0.41299342219228286,41,8.675949794187325,23.919550860338028,0.07196354335001087,23.991514403688043
1.0,0.6663924531007956,-0.1522798236966184,-0.07694541236969199,1.6393887001542544,0.41299342219228286,41,8.675949795125845,23.919550862226757,0.0719635405143467,23.991514402741103
1.0,0.6663924431007956,-0.1522798236966184,-0.076945402369692,1.6393887001542544,0.41299342219228286,41,8.675949795308025,23.919550862552246,0.07196354140159643,23.99151440395384
0.8189924843407994,-0.6126191432324284,-0.9246392543501998,0.9397945483753019,0.28474886850183434,1.017541462290542,41,8.69348792850977,23.95554795967097,3.2583932135286346,27.213941173199604
0.7738544646401448,-0.4284067422134614,0.5872270289248811,-0.8028948254677075,0.11707617133445657,1.864670815652536,41,8.720325515178967,24.00957482571125,1.985025550556695,25.99460037626795
0.8782907202839851,0.5095950067043304,0.3662869334220886,0.09669631719589233,1.143992807359344,1.5137160315817444,41,8.740296177812557,24.0507812418524,0.618034663068451,24.668815904920855
0.8782907202839851,0.5095950067043304,0.3662869334220886,0.09669631719589233,1.143992797359344,1.5137160415817443,41,8.74029618104543,24.05078124841372,0.618034663068451,24.668815911482174
0.8782907202839851,0.5095950067043304,0.3662869334220886,0.09669631719589233,1.143992797359344,1.5137160315817444,41,8.740296181047656,24.050781248427334,0.6180346518874009,24.668815900314733
0.8782907202839851,0.5095950067043304,0.3662869334220886,0.09669631719589233,1.143992797359344,1.5137160315817444,41,8.740296181047656,24.050781248427334,0.6180346518874009,24.668815900314733
0.8782907202839851,0.5095950067043304,0.3662869334220886,0.09669632719589233,1.143992797359344,1.5137160315817444,41,8.740296181175166,24.050781248669203,0.6180346558227586,24.66881590449196
0.8782907202839851,0.5095950067043304,0.3662869434220886,0.09669631719589233,1.143992797359344,1.5137160315817444,41,8.740296181277024,24.05078124891294,0.6180346558227586,24.668815904735695
0.8782907302839852,0.5095950067043304,0.3662869334220886,0.09669631719589233,1.143992797359344,1.5137160315817444,41,8.74029618298573,24.05078125236927,0.6180346466844295,24.6688158990537
0.8782907202839851,0.5095950167043305,0.3662869334220886,0.09669631719589233,1.143992797359344,1.5137160315817444,41,8.74029618298573,24.05078125236927,0.6180346466844295,24.6688158990537
0.9129010275914614,0.5460439443200321,0.11393755049509838,-0.03949593461048008,1.122420368928175,0.9844210885309245,41,8.750712076932501,24.072148963923365,0.14412284303007367,24.21627180695344
0.9129010275914614,0.5460439443200321,0.11393755049509838,-0.03949593461048008,1.1224203589281752,0.9844210885309245,41,8.750712080498765,24.07214897118232,0.144122841213769,24.21627181239609
0.9129010275914614,0.5460439443200321,0.11393756049509837,-0.03949593461048008,1.1224203589281752,0.9844210885309245,41,8.750712080504213,24.072148971241862,0.14412284251795365,24.21627181375982
0.9129010275914614,0.5460439443200321,0.11393755049509838,-0.03949593461048008,1.1224203589281752,0.9844210985309245,41,8.750712080646505,24.07214897147096,0.14412284303007367,24.216271814501034
0.9129010275914614,0.5460439443200321,0.11393755049509838,-0.03949592461048008,1.1224203589281752,0.9844210885309245,41,8.750712080774479,24.072148971700983,0.14412283990958444,24.216271811610568
0.9129010275914614,0.5460439543200322,0.11393755049509838,-0.03949593461048008,1.1224203589281752,0.9844210885309245,41,8.750712082521849,24.072148975304046,0.1441228366148013,24.21627181191885
0.9129010375914615,0.5460439443200321,0.11393755049509838,-0.03949593461048008,1.1224203589281752,0.9844210885309245,41,8.750712082521849,24.072148975304046,0.1441228366148013,24.21627181191885
0.9205968137200223,0.5534284305515139,0.21261450554093672,-0.04850393000654435,0.9838842134030065,1.125536283091474,41,8.8137723792457,24.20124092836623,0.15673063773984575,24.357971566106073
0.9205968137200223,0.5534284305515139,0.21261450554093672,-0.04850393000654435,0.9838842034030064,1.125536283091474,41,8.813772383914124,24.201240937930702,0.1567306358796974,24.357971573810396
0.9205968137200223,0.5534284305515139,0.21261450554093672,-0.04850393000654435,0.9838842034030064,1.1255362930914738,41,8.813772384046535,24.201240938180117,0.15673063773984575,24.35797157591997
0.9205968137200223,0.5534284305515139,0.21261450554093672,-0.04850392000654435,0.9838842034030064,1.125536283091474,41,8.813772384090994,24.201240938246222,0.15673063366019077,24.35797157190641
0.9205968137200223,0.5534284305515139,0.21261451554093672,-0.04850393000654435,0.9838842034030064,1.125536283091474,41,8.813772384123375,24.2012409384122,0.15673063809920418,24.3579715765114
0.9205968237200224,0.5534284305515139,0.21261450554093672,-0.04850393000654435,0.9838842034030064,1.125536283091474,41,8.813772386471523,24.201240943179577,0.156730631408912,24.357971574588493
0.9205968137200223,0.553428440551514,0.21261450554093672,-0.04850393000654435,0.9838842034030064,1.125536283091474,41,8.813772386471523,24.201240943179577,0.156730631408912,24.357971574588493
1.0,0.6356982228283481,-0.07580920428686683,-0.32102642830682315,0.6833806339325589,0.3969719942121701,41,9.075720980667526,24.750753750273926,0.8422211745385058,25.59297492481243
0.99999999,0.6356982228283481,-0.07580920428686683,-0.32102642830682315,0.6833806239325588,0.3969719942121701,41,9.075720986158037,24.75075376180817,0.8422211932690763,25.592974955077253
1.0,0.6356982228283481,-0.07580919428686683,-0.32102642830682315,0.6833806239325588,0.3969719942121701,41,9.075720989756864,24.750753769754688,0.8422211867994085,25.592974956554094
1.0,0.6356982228283481,-0.07580920428686683,-0.32102642830682315,0.6833806239325588,0.3969720042121701,41,9.07572099022194,24.75075377031243,0.8422211745385059,25.592974944850937
1.0,0.6356982228283481,-0.07580920428686683,-0.32102641830682316,0.6833806239325588,0.3969719942121701,41,9.075720990534979,24.75075377078913,0.8422211867994085,25.59297495758854
1.0,0.6356982228283481,-0.07580920428686683,-0.32102642830682315,0.6833806239325588,0.3969719942121701,41,9.075720990762473,24.750753771603126,0.8422211901725111,25.592974961775635
1.0,0.6356982328283481,-0.07580920428686683,-0.32102642830682315,0.6833806239325588,0.3969719942121701,41,9.075720995366908,24.75075378139808,0.8422211870759462,25.59297496847402
1.0,1.0,1.0,-1.0,2.0,0.00010001,41,8.95389415879747,24.856592915914064,1.7000000085017004,26.556592924415767
1.0,1.0,1.0,-0.99999999,2.0,0.0001,41,8.95389416797668,24.85659295229528,1.6999999915000006,26.55659294379528
1.0,1.0,0.99999999,-1.0,2.0,0.0001,41,8.953894173942897,24.856592965698994,1.6999999915000006,26.556592957198994
1.0,0.99999999,1.0,-1.0,2.0,0.0001,41,8.953894176410197,24.856592976154907,1.7000000085,26.556592984654912
0.99999999,1.0,1.0,-1.0,2.0,0.0001,41,8.953894176410197,24.856592976154907,1.7000000085,26.556592984654912
1.0,1.0,1.0,-1.0,2.0,0.0001,41,8.953894177232597,24.85659297832944,1.7000000085,26.556592986829436
1.0,1.0,1.0,-1.0,1.99999999,0.0001,41,8.95389417930807,24.856592983613325,1.7000000084983002,26.556592992111625
