Vᵢᵢ,Vᵢⱼ,αᵢⱼ,βᵢⱼ,γ1,γ2,γ3,n_data,raw_ssr_sum,raw_neglogprob_sum,param_penalty_sum,loss_final_sum
-0.040710523059935805,-0.011894186835078467,-0.30691757307969725,0.0004998235261781689,2.0,1.0264655526879227,0.0001,39,8.796779948821861,24.719195827057952,2.0481007218778813,26.76729654893583
-0.040710523059935805,-0.011894196835078467,-0.30691757307969725,0.0004998335261781689,2.0,1.0264655526879227,0.0001,39,8.796779947318374,24.719195827519048,2.0481007251615773,26.767296552680623
-0.040710523059935805,-0.011894196835078467,-0.30691757307969725,0.0004998235261781689,2.0,1.0264655626879227,0.0001,39,8.796779947764962,24.719195828827402,2.048100722645609,26.767296551473013
-0.040710523059935805,-0.011894196835078467,-0.30691757307969725,0.0004998235261781689,2.0,1.0264655526879227,0.0001,39,8.796779947883755,24.719195829057206,2.0481007223179675,26.767296551375175
-0.040710523059935805,-0.011894196835078467,-0.30691756307969725,0.0004998235261781689,2.0,1.0264655526879227,0.0001,39,8.796779949094443,24.719195831260567,2.0481007194743563,26.767296550734923
-0.040710523059935805,-0.011894196835078467,-0.30691757307969725,0.0004998235261781689,2.0,1.0264655526879227,0.00010001,39,8.79677994914731,24.719195831408033,2.048100722645609,26.76729655405364
-0.040710523059935805,-0.011894196835078467,-0.30691757307969725,0.0004998235261781689,1.99999999,1.0264655526879227,0.0001,39,8.796779949299138,24.719195832016815,2.048100721990325,26.76729655400714
-0.0407105130599358,-0.011894196835078467,-0.30691757307969725,0.0004998235261781689,2.0,1.0264655526879227,0.0001,39,8.796779955874632,24.719195847966486,2.0481006838116778,26.767296531778165
-0.04021350688974754,-0.009135120643026932,-0.3259073403585209,-0.058767396500943786,2.0,0.9839141553961882,0.0001,39,8.800196042093654,24.727936323988303,2.070531906690163,26.798468230678466
-0.04021350688974754,-0.009135130643026932,-0.3259073403585209,-0.058767386500943784,2.0,0.9839141553961882,0.0001,39,8.800196040639202,24.72793632449674,2.0705319034699214,26.79846822796666
-0.04021350688974754,-0.009135130643026932,-0.3259073403585209,-0.058767396500943786,2.0,0.9839141653961883,0.0001,39,8.800196041553422,24.72793632676554,2.070531906831004,26.798468233596545
-0.04021350688974754,-0.009135130643026932,-0.3259073403585209,-0.058767396500943786,2.0,0.9839141553961882,0.0001,39,8.800196041638014,24.727936326926734,2.0705319070281623,26.798468233954893
-0.04021350688974754,-0.009135130643026932,-0.32590733035852093,-0.058767396500943786,2.0,0.9839141553961882,0.0001,39,8.800196042934154,24.72793632936094,2.0705319034699214,26.798468232830864
-0.04021350688974754,-0.009135130643026932,-0.3259073403585209,-0.058767396500943786,2.0,0.9839141553961882,0.00010001,39,8.800196043115745,24.72793632973033,2.070531906831004,26.79846823656134
-0.04021350688974754,-0.009135130643026932,-0.3259073403585209,-0.058767396500943786,1.99999999,0.9839141553961882,0.0001,39,8.800196043312308,24.727936330438173,2.070531907225321,26.798468237663496
-0.04021349688974754,-0.009135130643026932,-0.3259073403585209,-0.058767396500943786,2.0,0.9839141553961882,0.0001,39,8.800196055497144,24.727936358062596,2.070531868540263,26.798468226602857
-0.03990044536061212,-0.006825281476646186,-0.34018288507964684,-0.072647710224049,2.0,0.9911240709425772,0.0001,39,8.800434708310025,24.728439288962235,2.079534066065308,26.807973355027542
-0.03990044536061212,-0.006825271476646186,-0.34018288507964684,-0.072647720224049,2.0,0.9911240709425772,0.0001,39,8.800434710702923,24.728439290248982,2.0795340696314555,26.80797335988044
-0.03990044536061212,-0.006825281476646186,-0.34018288507964684,-0.072647720224049,2.0,0.9911240809425772,0.0001,39,8.800434709253492,24.72843929129377,2.0795340697757543,26.807973361069525
-0.03990044536061212,-0.006825281476646186,-0.34018288507964684,-0.072647720224049,2.0,0.9911240709425772,0.0001,39,8.800434709323598,24.728439291426895,2.079534069883991,26.807973361310886
-0.03990044536061212,-0.006825281476646186,-0.34018287507964684,-0.072647720224049,2.0,0.9911240709425772,0.0001,39,8.800434710508043,24.728439293663037,2.079534066065308,26.80797335972834
-0.03990044536061212,-0.006825281476646186,-0.34018288507964684,-0.072647720224049,2.0,0.9911240709425772,0.00010001,39,8.800434710914502,24.72843929445333,2.0795340697757543,26.807973364229085
-0.03990044536061212,-0.006825281476646186,-0.34018288507964684,-0.072647720224049,1.99999999,0.9911240709425772,0.0001,39,8.80043471105332,24.728439295054997,2.0795340699922273,26.807973365047225
-0.03990043536061212,-0.006825281476646186,-0.34018288507964684,-0.072647720224049,2.0,0.9911240709425772,0.0001,39,8.80043472467732,24.728439325620094,2.079534031407674,26.807973357027766
-0.0384145989728132,-0.005506257059692607,-0.2897229659535388,-0.007412133317894815,2.0,1.0043043263299878,0.0001,39,8.80347309751831,24.731200711379056,2.0357658649639188,26.766966576342973
-0.0384145989728132,-0.005506257059692607,-0.2897229659535388,-0.007412143317894815,2.0,1.0043043363299877,0.0001,39,8.803473098187233,24.731200713178776,2.0357658677667385,26.76696658094552
-0.0384145989728132,-0.005506257059692607,-0.2897229659535388,-0.007412143317894815,2.0,1.0043043263299878,0.0001,39,8.803473098251777,24.731200713303142,2.0357658677124184,26.76696658101556
-0.0384145989728132,-0.005506247059692607,-0.2897229659535388,-0.007412143317894815,2.0,1.0043043263299878,0.0001,39,8.803473100671258,24.731200714477488,2.035765867508687,26.766966581986175
-0.0384145989728132,-0.005506257059692607,-0.2897229659535388,-0.007412143317894815,2.0,1.0043043263299878,0.00010001,39,8.803473099441305,24.731200715518213,2.0357658677667385,26.766966583284955
-0.0384145989728132,-0.005506257059692607,-0.2897229559535388,-0.007412143317894815,2.0,1.0043043263299878,0.0001,39,8.803473099545661,24.73120071579995,2.0357658649639188,26.766966580763867
-0.0384145989728132,-0.005506257059692607,-0.2897229659535388,-0.007412143317894815,1.99999999,1.0043043263299878,0.0001,39,8.803473099933472,24.73120071692154,2.0357658676580987,26.766966584579635
-0.0384145889728132,-0.005506257059692607,-0.2897229659535388,-0.007412143317894815,2.0,1.0043043263299878,0.0001,39,8.80347311418904,24.731200750567528,2.035765829291078,26.766966579858604
-0.0380774253038226,-0.007003079365479545,-0.2864247181923488,-0.0005804880685618197,2.0,1.0104948695563947,0.0001,39,8.803563446465768,24.731769213994745,2.0318257667406736,26.76359498073542
-0.0380774253038226,-0.007003079365479545,-0.2864247181923488,-0.0005804980685618198,2.0,1.0104948795563946,0.0001,39,8.803563447150909,24.731769215825103,2.031825769526142,26.763594985351247
-0.0380774253038226,-0.007003079365479545,-0.2864247181923488,-0.0005804980685618198,2.0,1.0104948695563947,0.0001,39,8.803563447230461,24.73176921597866,2.0318257693954718,26.76359498537413
-0.0380774253038226,-0.007003069365479545,-0.2864247181923488,-0.0005804980685618198,2.0,1.0104948695563947,0.0001,39,8.803563449272625,24.73176921646465,2.031825769136358,26.763594985601003
-0.0380774253038226,-0.007003079365479545,-0.2864247181923488,-0.0005804980685618198,2.0,1.0104948695563947,0.00010001,39,8.803563448374534,24.731769218102254,2.031825769526142,26.763594987628395
-0.0380774253038226,-0.007003079365479545,-0.28642470819234883,-0.0005804980685618198,2.0,1.0104948695563947,0.0001,39,8.803563448584947,24.731769218593875,2.0318257667406736,26.763594985334553
-0.0380774253038226,-0.007003079365479545,-0.2864247181923488,-0.0005804980685618198,1.99999999,1.0104948695563947,0.0001,39,8.803563448919384,24.73176921961156,2.031825769264802,26.763594988876363
-0.038077415303822595,-0.007003079365479545,-0.2864247181923488,-0.0005804980685618198,2.0,1.0104948695563947,0.0001,39,8.803563463565508,24.731769254107597,2.0318257309866077,26.763594985094212
-0.03805259970968757,-0.007134000075642063,-0.28628850278771334,-0.0002712059465678771,2.0,1.0110371976834613,0.0001,39,8.803567984104694,24.731823887447042,2.031622928808439,26.763446816255488
-0.03805259970968757,-0.007134000075642063,-0.28628850278771334,-0.0002712159465678771,2.0,1.0110372076834613,0.0001,39,8.803567984793032,24.73182388928361,2.031622931596475,26.763446820880088
-0.03805259970968757,-0.007134000075642063,-0.28628850278771334,-0.0002712159465678771,2.0,1.0110371976834613,0.0001,39,8.803567984873801,24.73182388943954,2.031622931459116,26.763446820898658
-0.03805259970968757,-0.007133990075642063,-0.28628850278771334,-0.0002712159465678771,2.0,1.0110371976834613,0.0001,39,8.803567986877859,24.731823889854564,2.0316229311951584,26.76344682104972
-0.03805259970968757,-0.007134000075642063,-0.28628850278771334,-0.0002712159465678771,2.0,1.0110371976834613,0.00010001,39,8.80356798601522,24.73182389155787,2.031622931596475,26.76344682315434
-0.03805259970968757,-0.007134000075642063,-0.28628849278771334,-0.0002712159465678771,2.0,1.0110371976834613,0.0001,39,8.80356798623369,24.73182389206525,2.031622928808439,26.76344682087369
-0.03805259970968757,-0.007134000075642063,-0.28628850278771334,-0.0002712159465678771,1.99999999,1.0110371976834613,0.0001,39,8.803567986563849,24.73182389307451,2.031622931321758,26.76344682439627
-0.03805258970968757,-0.007134000075642063,-0.28628850278771334,-0.0002712159465678771,2.0,1.0110371976834613,0.0001,39,8.803568001249875,24.73182392765177,2.0316228930511695,26.763446820702935
-0.03804167101371392,-0.007199610905225411,-0.2862696058947327,-0.00020966474321743267,2.0,1.0113092663360137,0.0001,39,8.80356843726905,24.73185150699406,2.0315651581638545,26.763416665157912
-0.03804167101371392,-0.007199610905225411,-0.2862696058947327,-0.00020967474321743266,2.0,1.0113092763360136,0.0001,39,8.803568437959543,24.731851508834847,2.0315651609545013,26.763416669789347
-0.03804167101371392,-0.007199610905225411,-0.2862696058947327,-0.00020967474321743266,2.0,1.0113092663360137,0.0001,39,8.803568438040903,24.73185150899192,2.0315651608137877,26.76341666980571
-0.03804167101371392,-0.007199600905225411,-0.2862696058947327,-0.00020967474321743266,2.0,1.0113092663360137,0.0001,39,8.803568440024375,24.731851509368198,2.031565160547402,26.763416669915607
-0.03804167101371392,-0.007199610905225411,-0.2862696058947327,-0.00020967474321743266,2.0,1.0113092663360137,0.00010001,39,8.80356843918143,24.731851511108516,2.0315651609545013,26.76341667206301
-0.03804167101371392,-0.007199610905225411,-0.2862695958947327,-0.00020967474321743266,2.0,1.0113092663360137,0.0001,39,8.803568439403522,24.73185151162292,2.0315651581638545,26.76341666978678
-0.03804167101371392,-0.007199610905225411,-0.2862696058947327,-0.00020967474321743266,1.99999999,1.0113092663360137,0.0001,39,8.803568439731684,24.731851512628197,2.031565160673073,26.763416673301272
-0.038041661013713916,-0.007199610905225411,-0.2862696058947327,-0.00020967474321743266,2.0,1.0113092663360137,0.0001,39,8.803568454439542,24.731851547248382,2.0315651224062465,26.763416669654628
-0.03803849168091005,-0.007208400435871138,-0.28621109352862023,-9.544535635875044e-05,2.0,1.0113453949729965,0.0001,39,8.80357077333815,24.73185535258825,2.031507931654266,26.763363284242516
-0.03803849168091005,-0.007208400435871138,-0.28621109352862023,-9.545535635875044e-05,2.0,1.0113454049729964,0.0001,39,8.803570774028312,24.73185535442836,2.031507934443762,26.76336328887212
-0.03803849168091005,-0.007208400435871138,-0.28621109352862023,-9.545535635875044e-05,2.0,1.0113453949729965,0.0001,39,8.803570774109767,24.73185535458562,2.031507934302602,26.763363288888225
-0.03803849168091005,-0.007208390435871138,-0.28621109352862023,-9.545535635875044e-05,2.0,1.0113453949729965,0.0001,39,8.803570776092117,24.73185535496022,2.031507934035891,26.76336328899611
-0.03803849168091005,-0.007208400435871138,-0.28621109352862023,-9.545535635875044e-05,2.0,1.0113453949729965,0.00010001,39,8.80357077524968,24.731855356700958,2.031507934443762,26.763363291144728
-0.03803849168091005,-0.007208400435871138,-0.28621108352862024,-9.545535635875044e-05,2.0,1.0113453949729965,0.0001,39,8.803570775472728,24.7318553572173,2.031507931654266,26.763363288871567
-0.03803849168091005,-0.007208400435871138,-0.28621109352862023,-9.545535635875044e-05,1.99999999,1.0113453949729965,0.0001,39,8.803570775800457,24.731855358221758,2.031507934161442,26.763363292383207
-0.03803848168091005,-0.007208400435871138,-0.28621109352862023,-9.545535635875044e-05,2.0,1.0113453949729965,0.0001,39,8.803570790509161,24.731855392845187,2.031507895895178,26.763363288740365
-0.03803214145543493,-0.0072418891018169685,-0.2861762505142732,-1.6333001608952162e-05,2.0,1.011484118979747,0.0001,39,8.803572078739753,24.73186960915451,2.0314562342970386,26.76332584345155
-0.03803214145543493,-0.0072418891018169685,-0.2861762505142732,-1.6343001608952164e-05,2.0,1.011484128979747,0.0001,39,8.803572079430742,24.73186961099622,2.0314562370871907,26.76332584808341
-0.03803214145543493,-0.0072418891018169685,-0.2861762505142732,-1.6343001608952164e-05,2.0,1.011484118979747,0.0001,39,8.803572079512504,24.73186961115408,2.03145623694432,26.763325848098404
-0.03803214145543493,-0.007241879101816969,-0.2861762505142732,-1.6343001608952164e-05,2.0,1.011484118979747,0.0001,39,8.80357208148507,24.731869611510465,2.0314562366763704,26.76332584818684
-0.03803214145543493,-0.0072418891018169685,-0.2861762505142732,-1.6343001608952164e-05,2.0,1.011484118979747,0.00010001,39,8.803572080651737,24.73186961326807,2.0314562370871907,26.763325850355262
-0.03803214145543493,-0.0072418891018169685,-0.2861762405142732,-1.6343001608952164e-05,2.0,1.011484118979747,0.0001,39,8.803572080876847,24.731869613788447,2.0314562342970386,26.763325848085486
-0.03803214145543493,-0.0072418891018169685,-0.2861762505142732,-1.6343001608952164e-05,1.99999999,1.011484118979747,0.0001,39,8.80357208120348,24.73186961479075,2.031456236801449,26.7633258515922
-0.03803213145543493,-0.0072418891018169685,-0.2861762505142732,-1.6343001608952164e-05,2.0,1.011484118979747,0.0001,39,8.803572095922394,24.731869649434955,2.0314561985371307,26.76332584797209
-0.03803110369606457,-0.007247593920555549,-0.2861717511970395,-5.574994967058449e-06,2.0,1.0115077588983228,0.0001,39,8.803572246090388,24.73187204030901,2.031448700632474,26.763320740941488
-0.03803110369606457,-0.007247593920555549,-0.2861717511970395,-5.584994967058449e-06,2.0,1.0115077688983227,0.0001,39,8.80357224678153,24.73187204215102,2.031448703422776,26.7633207455738
-0.03803110369606457,-0.007247593920555549,-0.2861717511970395,-5.584994967058449e-06,2.0,1.0115077588983228,0.0001,39,8.803572246863347,24.731872042308982,2.0314487032796142,26.763320745588597
-0.03803110369606457,-0.0072475839205555495,-0.2861717511970395,-5.584994967058449e-06,2.0,1.0115077588983228,0.0001,39,8.803572248834204,24.731872042662175,2.0314487030114527,26.763320745673628
-0.03803110369606457,-0.007247593920555549,-0.2861717511970395,-5.584994967058449e-06,2.0,1.0115077588983228,0.00010001,39,8.803572248002476,24.731872044422772,2.031448703422776,26.76332074784555
-0.03803110369606457,-0.007247593920555549,-0.28617174119703953,-5.584994967058449e-06,2.0,1.0115077588983228,0.0001,39,8.803572248227924,24.73187204494381,2.031448700632474,26.76332074557628
-0.03803110369606457,-0.007247593920555549,-0.2861717511970395,-5.584994967058449e-06,1.99999999,1.0115077588983228,0.0001,39,8.803572248554378,24.73187204594575,2.031448703136452,26.76332074908221
-0.03803109369606457,-0.007247593920555549,-0.2861717511970395,-5.584994967058449e-06,2.0,1.0115077588983228,0.0001,39,8.803572263275084,24.73187208059357,2.0314486648724634,26.763320745466032
-0.03803099963465022,-0.007248066432181077,-0.2861707875751839,-3.5652259261677875e-06,2.0,1.0115097135492055,0.0001,39,8.803572283906204,24.73187224309296,2.031447554524992,26.763319797617946
-0.03803099963465022,-0.007248066432181077,-0.2861707875751839,-3.5752259261677874e-06,2.0,1.0115097235492054,0.0001,39,8.803572284597351,24.731872244934987,2.0314475573152913,26.76331980225028
-0.03803099963465022,-0.007248066432181077,-0.2861707875751839,-3.5752259261677874e-06,2.0,1.0115097135492055,0.0001,39,8.80357228467917,24.73187224509296,2.031447557172105,26.763319802265062
-0.03803099963465022,-0.007248056432181077,-0.2861707875751839,-3.5752259261677874e-06,2.0,1.0115097135492055,0.0001,39,8.803572286649906,24.73187224544592,2.0314475569039265,26.763319802349848
-0.03803099963465022,-0.007248066432181077,-0.2861707875751839,-3.5752259261677874e-06,2.0,1.0115097135492055,0.00010001,39,8.803572285818287,24.731872247206717,2.0314475573152913,26.763319804522006
-0.03803099963465022,-0.007248066432181077,-0.2861707775751839,-3.5752259261677874e-06,2.0,1.0115097135492055,0.0001,39,8.80357228604377,24.73187224772782,2.031447554524992,26.76331980225281
-0.03803099963465022,-0.007248066432181077,-0.2861707875751839,-3.5752259261677874e-06,1.99999999,1.0115097135492055,0.0001,39,8.803572286370207,24.73187224872973,2.031447557028918,26.76331980575865
-0.038030989634650215,-0.007248066432181077,-0.2861707875751839,-3.5752259261677874e-06,2.0,1.0115097135492055,0.0001,39,8.803572301091041,24.73187228337781,2.031447518764958,26.763319802142764
-0.03803090506471678,-0.007248495845842781,-0.2861699118456416,-1.7387686785442626e-06,2.0,1.011511489915643,0.0001,39,8.803572318278047,24.731872427390766,2.0314465129663377,26.763318940357102
-0.03803090506471678,-0.007248495845842781,-0.2861699118456416,-1.7487686785442625e-06,2.0,1.011511499915643,0.0001,39,8.8035723189692,24.731872429232805,2.0314465157566337,26.763318944989443
-0.03803090506471678,-0.007248495845842781,-0.2861699118456416,-1.7487686785442625e-06,2.0,1.011511489915643,0.0001,39,8.803572319051023,24.731872429390783,2.031446515613425,26.763318945004205
-0.03803090506471678,-0.007248485845842781,-0.2861699118456416,-1.7487686785442625e-06,2.0,1.011511489915643,0.0001,39,8.803572321021646,24.73187242974354,2.031446515345231,26.76331894508877
-0.03803090506471678,-0.007248495845842781,-0.2861699118456416,-1.7487686785442625e-06,2.0,1.011511489915643,0.00010001,39,8.803572320190128,24.73187243150452,2.0314465157566337,26.76331894726115
-0.03803090506471678,-0.007248495845842781,-0.2861699018456416,-1.7487686785442625e-06,2.0,1.011511489915643,0.0001,39,8.80357232041564,24.73187243202568,2.0314465129663377,26.76331894499202
-0.03803090506471678,-0.007248495845842781,-0.2861699118456416,-1.7487686785442625e-06,1.99999999,1.011511489915643,0.0001,39,8.80357232074206,24.73187243302756,2.031446515470217,26.763318948497776
-0.038030895064716776,-0.007248495845842781,-0.2861699118456416,-1.7487686785442625e-06,2.0,1.011511489915643,0.0001,39,8.80357233546301,24.73187246767589,2.031446477206282,26.76331894488217
-0.038030873907887,-0.0072486373196481765,-0.28616962332945806,-1.137027559762835e-06,2.0,1.011512075153939,0.0001,39,8.803572329603217,24.731872488111225,2.0314461698188993,26.763318657930128
-0.038030873907887,-0.0072486373196481765,-0.28616962332945806,-1.1470275597628348e-06,2.0,1.011512085153939,0.0001,39,8.803572330294374,24.731872489953272,2.0314461726091952,26.76331866256246
-0.038030873907887,-0.0072486373196481765,-0.28616962332945806,-1.1470275597628348e-06,2.0,1.011512075153939,0.0001,39,8.803572330376198,24.73187249011125,2.031446172465979,26.76331866257723
-0.038030873907887,-0.0072486273196481765,-0.28616962332945806,-1.1470275597628348e-06,2.0,1.011512075153939,0.0001,39,8.803572332346782,24.731872490463935,2.0314461721977803,26.76331866266172
-0.038030873907887,-0.0072486373196481765,-0.28616962332945806,-1.1470275597628348e-06,2.0,1.011512075153939,0.00010001,39,8.803572331515298,24.731872492224973,2.0314461726091952,26.763318664834166
-0.038030873907887,-0.0072486373196481765,-0.28616961332945806,-1.1470275597628348e-06,2.0,1.011512075153939,0.0001,39,8.803572331740822,24.73187249274616,2.0314461698188993,26.76331866256506
-0.038030873907887,-0.0072486373196481765,-0.28616962332945806,-1.1470275597628348e-06,1.99999999,1.011512075153939,0.0001,39,8.803572332067235,24.731872493748025,2.0314461723227635,26.76331866607079
-0.038030863907887,-0.0072486373196481765,-0.28616962332945806,-1.1470275597628348e-06,2.0,1.011512075153939,0.0001,39,8.80357234678822,24.731872528396437,2.0314461340588372,26.763318662455276
-0.03803082832814334,-0.007248911945270416,-0.2861690632686312,2.1058141401112542e-08,2.0,1.0115132112047491,0.0001,39,8.803572327906018,24.731872550933794,2.0314455747392994,26.763318125673095
-0.038030827158647314,-0.007248912754617036,-0.2861690631521506,1.4848978913832114e-08,2.0,1.0115132113463459,0.0001,39,8.803572330160613,24.731872556653016,2.0314455685968964,26.763318125249906
-0.03803082582854225,-0.0072489136751127115,-0.28616906301967354,7.78710075835207e-09,2.0,1.0115132115073884,0.0001,39,8.80357233272484,24.731872563157662,2.031445561610946,26.763318124768606
-0.0380308248757269,-0.007248914334506046,-0.2861690629247741,2.7283530581399045e-09,2.0,1.0115132116227503,0.0001,39,8.803572334561714,24.731872567817245,2.03144555660659,26.763318124423837
-0.03803082439002535,-0.0072489146706345145,-0.28616906287639876,1.4963557333150613e-10,2.0,1.0115132116815566,0.0001,39,8.803572335498066,24.73187257019248,2.0314455540555985,26.763318124248084
-0.038030824139815456,-0.007248914843791605,-0.28616906285147814,-1.1787946461152406e-09,2.0,1.0115132117118508,0.0001,39,8.803572335980432,24.731872571416094,2.0314455533655202,26.763318124781613
-0.03803082326986529,-0.007248915445838307,-0.286169062764832,-5.797589248416583e-09,2.0,1.0115132118171801,0.0001,39,8.803572337657554,24.731872575670433,2.0314455512416347,26.763318126912072
-0.03803082126655334,-0.007248916832225023,-0.2861690625653043,-1.643370011987803e-08,2.0,1.011513212059731,0.0001,39,8.803572341519613,24.731872585467293,2.031445546350776,26.76331813181807
-0.03803081523030933,-0.007248903756903354,-0.2861690799676689,-3.770052714242719e-09,2.0,1.0115131773317225,0.0001,39,8.803572350933345,24.73187260246868,2.0314455235735567,26.763318126042236
-0.03803081342698215,-0.007248911945270416,-0.28616907816979237,2.1058141401112542e-08,2.0,1.0115132112047491,0.0001,39,8.803572350328436,24.73187260405695,2.031445521452633,26.763318125509585
-0.03803081523030933,-0.007248903756903354,-0.2861690799676689,-1.3770052714242719e-08,2.0,1.0115131873317225,0.0001,39,8.803572351624508,24.731872604310727,2.03144552636385,26.763318130674577
-0.03803081523030933,-0.007248903756903354,-0.2861690799676689,-1.3770052714242719e-08,2.0,1.0115131773317225,0.0001,39,8.803572351706336,24.731872604468716,2.031445526220621,26.76331813068934
-0.03803081523030933,-0.007248893756903354,-0.2861690799676689,-1.3770052714242719e-08,2.0,1.0115131773317225,0.0001,39,8.80357235367685,24.731872604821277,2.0314455259524116,26.763318130773683
-0.03803081342698215,-0.007248911945270416,-0.2861690632686312,3.59593025949602e-08,2.0,1.0115132112047491,0.0001,39,8.80357235121006,24.731872605003016,2.031445521452633,26.763318126455644
-0.03803081342698215,-0.007248911945270416,-0.2861690632686312,3.105814140111254e-08,2.0,1.0115132112047491,0.0001,39,8.803572351588912,24.731872605983266,2.0314455201552644,26.76331812613853
-0.03803081342698215,-0.007248911945270416,-0.2861690632686312,3.105814140111254e-08,2.0,1.0115132112047491,0.0001,39,8.803572351588912,24.731872605983266,2.0314455201552644,26.76331812613853
-0.03803081523030933,-0.007248903756903354,-0.2861690799676689,-1.3770052714242719e-08,2.0,1.0115131773317225,0.00010001,39,8.803572352845427,24.731872606582424,2.03144552636385,26.76331813294627
-0.03803081523030933,-0.007248903756903354,-0.2861690699676689,-1.3770052714242719e-08,2.0,1.0115131773317225,0.0001,39,8.803572353070969,24.731872607103647,2.0314455235735567,26.763318130677202
-0.03803081342698215,-0.00724892684643161,-0.2861690632686312,2.1058141401112542e-08,2.0,1.0115132112047491,0.0001,39,8.803572349425615,24.731872607457966,2.031445517907864,26.763318125365824
-0.03803081342698215,-0.007248911945270416,-0.2861690632686312,2.1058141401112542e-08,2.0,1.0115132262774706,0.0001,39,8.803572352238564,24.731872607745174,2.031445517724086,26.763318125469258
-0.03803081342698215,-0.007248911945270416,-0.2861690632686312,2.1058141401112542e-08,2.0,1.011513221204749,0.0001,39,8.803572352280074,24.731872607825313,2.03144551765143,26.763318125476744
-0.03803081342698215,-0.007248911945270416,-0.2861690632686312,2.1058141401112542e-08,2.0,1.011513221204749,0.0001,39,8.803572352280074,24.731872607825313,2.03144551765143,26.763318125476744
-0.03803081342698215,-0.007248911945270416,-0.2861690632686312,2.1058141401112542e-08,2.0,1.0115132112047491,0.0001,39,8.803572352361899,24.731872607983302,2.0314455175082,26.763318125491498
-0.03803081342698215,-0.007248911945270416,-0.2861690632686312,2.1058141401112542e-08,2.0,1.0115132112047491,0.0001,39,8.803572352361899,24.731872607983302,2.0314455175082,26.763318125491498
-0.03803081342698215,-0.007248911945270416,-0.2861690632686312,2.1058141401112542e-08,2.0,1.0115132112047491,0.0001,39,8.803572352361899,24.731872607983302,2.0314455175082,26.763318125491498
-0.03803081523030933,-0.007248903756903354,-0.2861690799676689,-1.3770052714242719e-08,1.99999999,1.0115131773317225,0.0001,39,8.803572353397373,24.731872608105498,2.0314455260773916,26.76331813418289
-0.03803081342698215,-0.007248901945270416,-0.2861690632686312,2.1058141401112542e-08,2.0,1.0115132112047491,0.0001,39,8.803572354332411,24.731872608335856,2.0314455172399906,26.76331812557585
-0.03803081342698215,-0.007248901945270416,-0.2861690632686312,2.1058141401112542e-08,2.0,1.0115132112047491,0.0001,39,8.803572354332411,24.731872608335856,2.0314455172399906,26.76331812557585
-0.03803081225748612,-0.007248912754617036,-0.2861690780533118,1.4848978913832114e-08,2.0,1.0115132113463459,0.0001,39,8.803572352583037,24.73187260977618,2.0314455153102298,26.763318125086403
-0.03803081342698215,-0.007248911945270416,-0.2861690632686312,2.1058141401112542e-08,2.0,1.0115132112047491,0.00010001,39,8.803572353500991,24.73187261009701,2.03144551765143,26.763318127748438
-0.03803081342698215,-0.007248911945270416,-0.2861690632686312,2.1058141401112542e-08,2.0,1.0115132112047491,0.00010001,39,8.803572353500991,24.73187261009701,2.03144551765143,26.763318127748438
-0.03803081342698215,-0.007248911945270416,-0.2861690532686312,2.1058141401112542e-08,2.0,1.0115132112047491,0.0001,39,8.803572353726533,24.73187261061823,2.0314455148611366,26.763318125479366
-0.03803081342698215,-0.007248911945270416,-0.2861690532686312,2.1058141401112542e-08,2.0,1.0115132112047491,0.0001,39,8.803572353726533,24.73187261061823,2.0314455148611366,26.763318125479366
-0.03803081225748612,-0.007248912754617036,-0.2861690631521506,2.9750140107679768e-08,2.0,1.0115132113463459,0.0001,39,8.80357235346466,24.731872610722245,2.0314455153102298,26.76331812603247
-0.03803081342698215,-0.007248911945270416,-0.2861690632686312,2.1058141401112542e-08,2.0,1.0115132112047491,0.00010001490116119385,39,8.803572354059277,24.73187261113297,2.0314455177216293,26.7633181288546
-0.03803081342698215,-0.007248911945270416,-0.2861690632686312,2.1058141401112542e-08,1.99999999,1.0115132112047491,0.0001,39,8.803572354052939,24.73187261162008,2.031445517364971,26.763318128985052
-0.03803081342698215,-0.007248911945270416,-0.2861690632686312,2.1058141401112542e-08,1.99999999,1.0115132112047491,0.0001,39,8.803572354052939,24.73187261162008,2.031445517364971,26.763318128985052
-0.03803081049478333,-0.007248925259504485,-0.2861690361160994,8.768856907926195e-08,2.0,1.0115132662820805,0.0001,39,8.803572352654859,24.73187261169796,2.0314455178424886,26.76331812954045
-0.03803081225748612,-0.00724892765577823,-0.2861690631521506,1.4848978913832114e-08,2.0,1.0115132113463459,0.0001,39,8.803572351680216,24.7318726131772,2.0314455117654613,26.763318124942657
-0.03803081225748612,-0.007248912754617036,-0.2861690631521506,1.4848978913832114e-08,2.0,1.0115132264190674,0.0001,39,8.803572354493166,24.731872613464404,2.0314455115816834,26.763318125046087
-0.03803081049478333,-0.007248925259504485,-0.2861690361160994,7.768856907926196e-08,2.0,1.0115132762820804,0.0001,39,8.803572353346022,24.73187261354001,2.031445515338655,26.76331812887867
-0.03803081049478333,-0.007248925259504485,-0.2861690361160994,7.768856907926196e-08,2.0,1.0115132662820805,0.0001,39,8.80357235342785,24.731872613698,2.031445515195424,26.76331812889342
-0.03803081225748612,-0.007248912754617036,-0.2861690631521506,1.4848978913832114e-08,2.0,1.0115132113463459,0.0001,39,8.8035723546165,24.73187261370253,2.0314455113657974,26.763318125068324
-0.03803081049478333,-0.0072489152595044855,-0.2861690361160994,7.768856907926196e-08,2.0,1.0115132662820805,0.0001,39,8.803572355398359,24.73187261405055,2.0314455149272135,26.76331812897776
-0.03803081049478333,-0.007248925259504485,-0.2861690361160994,7.768856907926196e-08,2.0,1.0115132662820805,0.00010001,39,8.803572354566942,24.731872615811707,2.031445515338655,26.763318131150363
-0.03803081092738106,-0.0072489136751127115,-0.28616907792083474,7.78710075835207e-09,2.0,1.0115132115073884,0.0001,39,8.803572355147269,24.73187261628084,2.0314455083242806,26.76331812460512
-0.03803081049478333,-0.007248925259504485,-0.2861690261160994,7.768856907926196e-08,2.0,1.0115132662820805,0.0001,39,8.803572354792484,24.731872616332932,2.03144551254836,26.76331812888129
-0.03803081225748612,-0.007248912754617036,-0.2861690631521506,1.4848978913832114e-08,2.0,1.0115132113463459,0.00010001490116119385,39,8.80357235631388,24.731872616852208,2.0314455115792267,26.76331812843143
-0.03803081092738106,-0.0072489136751127115,-0.28616906301967354,2.2688261952199726e-08,2.0,1.0115132115073884,0.0001,39,8.80357235602889,24.731872617226905,2.0314455083242806,26.763318125551187
-0.03803081049478333,-0.007248925259504485,-0.2861690361160994,7.768856907926196e-08,1.99999999,1.0115132662820805,0.0001,39,8.803572355118886,24.73187261733478,2.0314455150521935,26.76331813238697
-0.03803081342698215,-0.007248911945270416,-0.2861690632686312,2.1058141401112542e-08,1.9999999701976776,1.0115132112047491,0.0001,39,8.803572357401585,24.73187261882175,2.0314455170813432,26.763318135903095
-0.03803081092738106,-0.007248928576273905,-0.28616906301967354,7.78710075835207e-09,2.0,1.0115132115073884,0.0001,39,8.803572354244448,24.731872619681866,2.0314455047795112,26.76331812446137
-0.03803081092738106,-0.0072489136751127115,-0.28616906301967354,7.78710075835207e-09,2.0,1.01151322658011,0.0001,39,8.803572357057396,24.731872619969064,2.0314455045957334,26.763318124564798
-0.03803081092738106,-0.0072489136751127115,-0.28616906301967354,7.78710075835207e-09,2.0,1.0115132115073884,0.0001,39,8.80357235718073,24.73187262020719,2.0314455043798474,26.76331812458704
-0.038030809974565705,-0.007248914334506046,-0.2861690778259353,2.7283530581399045e-09,2.0,1.0115132116227503,0.0001,39,8.803572356984144,24.731872620940422,2.0314455033199232,26.76331812426035
-0.038030809974565705,-0.007248914334506046,-0.2861690629247741,1.762951425198756e-08,2.0,1.0115132116227503,0.0001,39,8.803572357865768,24.731872621886488,2.0314455033199232,26.763318125206418
-0.038030809488864156,-0.0072489146706345145,-0.28616907777755995,1.4963557333150613e-10,2.0,1.0115132116815566,0.0001,39,8.803572357920501,24.731872623315674,2.0314455007689323,26.763318124084606
-0.03803081092738106,-0.0072489136751127115,-0.28616906301967354,7.78710075835207e-09,2.0,1.0115132115073884,0.00010001490116119385,39,8.80357235887811,24.731872623356864,2.031445504593276,26.763318127950143
-0.03803080434404424,-0.007248953188163222,-0.28616897915947753,2.0647962235416474e-07,2.0,1.0115133818152748,0.0001,39,8.80357235489087,24.731872623685454,2.031445512991103,26.763318136676556
-0.038030809488864156,-0.0072489146706345145,-0.28616906287639876,1.5050796767179162e-08,2.0,1.0115132116815566,0.0001,39,8.803572358802123,24.73187262426174,2.0314455007689323,26.763318125030672
-0.038030809974565705,-0.0072489292356672395,-0.2861690629247741,2.7283530581399045e-09,2.0,1.0115132116227503,0.0001,39,8.803572356081325,24.73187262434145,2.0314454997751548,26.763318124116605
-0.03803080923865426,-0.007248914843791605,-0.28616907775263933,-1.1787946461152406e-09,2.0,1.0115132117118508,0.0001,39,8.803572358402866,24.73187262453929,2.031445500078854,26.763318124618145
-0.03803081225748612,-0.007248912754617036,-0.2861690631521506,1.4848978913832114e-08,1.9999999701976776,1.0115132113463459,0.0001,39,8.803572359656187,24.73187262454098,2.0314455109389407,26.76331813547992
-0.038030809974565705,-0.007248914334506046,-0.2861690629247741,2.7283530581399045e-09,2.0,1.0115132266954718,0.0001,39,8.803572358894273,24.731872624628654,2.031445499591377,26.76331812422003
-0.038030809974565705,-0.007248914334506046,-0.2861690629247741,2.7283530581399045e-09,2.0,1.0115132116227503,0.0001,39,8.80357235901761,24.73187262486678,2.031445499375491,26.763318124242275
-0.03803080434404424,-0.007248953188163222,-0.28616897915947753,1.9647962235416473e-07,2.0,1.0115133918152748,0.0001,39,8.80357235558203,24.731872625527508,2.0314455104872704,26.763318136014774
-0.03803080434404424,-0.007248953188163222,-0.28616897915947753,1.9647962235416473e-07,2.0,1.0115133818152748,0.0001,39,8.803572355663858,24.731872625685497,2.0314455103440383,26.763318136029525
-0.03803080434404424,-0.007248943188163222,-0.28616897915947753,1.9647962235416473e-07,2.0,1.0115133818152748,0.0001,39,8.803572357634359,24.73187262603803,2.0314455100758266,26.76331813611385
-0.038030809488864156,-0.007248929571795708,-0.28616906287639876,1.4963557333150613e-10,2.0,1.0115132116815566,0.0001,39,8.803572357017682,24.731872626716694,2.0314454972241647,26.763318123940856
-0.038030809488864156,-0.0072489146706345145,-0.28616906287639876,1.4963557333150613e-10,2.0,1.0115132267542781,0.0001,39,8.80357235983063,24.731872627003902,2.031445497040386,26.763318124044282
-0.038030809488864156,-0.0072489146706345145,-0.28616906287639876,1.4963557333150613e-10,2.0,1.0115132116815566,0.0001,39,8.803572359953966,24.731872627242026,2.0314454968244995,26.76331812406653
-0.03803080434404424,-0.007248953188163222,-0.28616897915947753,1.9647962235416473e-07,2.0,1.0115133818152748,0.00010001,39,8.803572356802949,24.731872627799202,2.0314455104872704,26.76331813828646
-0.03803080923865426,-0.0072489297449527985,-0.28616906285147814,-1.1787946461152406e-09,2.0,1.0115132117118508,0.0001,39,8.803572357500048,24.731872627940312,2.0314454965340856,26.76331812447439
-0.038030809974565705,-0.007248914334506046,-0.2861690629247741,2.7283530581399045e-09,2.0,1.0115132116227503,0.00010001490116119385,39,8.803572360714988,24.731872628016454,2.03144549958892,26.763318127605373
-0.03803080923865426,-0.007248914843791605,-0.28616906285147814,-1.1787946461152406e-09,2.0,1.0115132267845723,0.0001,39,8.803572360312995,24.731872628227514,2.0314454963503077,26.76331812457782
-0.03803080434404424,-0.007248953188163222,-0.28616896915947754,1.9647962235416473e-07,2.0,1.0115133818152748,0.0001,39,8.803572357028493,24.731872628320428,2.0314455076969735,26.763318136017396
-0.03803080923865426,-0.007248914843791605,-0.28616906285147814,-1.1787946461152406e-09,2.0,1.0115132117118508,0.0001,39,8.80357236043633,24.731872628465638,2.0314454961344217,26.76331812460006
-0.038030808368704094,-0.007248915445838307,-0.2861690776659932,-5.797589248416583e-09,2.0,1.0115132118171801,0.0001,39,8.803572360079992,24.73187262879363,2.0314454979549685,26.7633181267486
-0.03803080434404424,-0.007248953188163222,-0.28616897915947753,1.9647962235416473e-07,1.99999999,1.0115133818152748,0.0001,39,8.803572357354895,24.73187262932228,2.0314455102008067,26.76331813952308
-0.038030809488864156,-0.0072489146706345145,-0.28616906287639876,1.4963557333150613e-10,2.0,1.0115132116815566,0.00010001490116119385,39,8.803572361651343,24.731872630391702,2.0314454970379283,26.763318127429628
-0.03803081092738106,-0.0072489136751127115,-0.28616906301967354,7.78710075835207e-09,1.9999999701976776,1.0115132115073884,0.0001,39,8.803572362220418,24.731872631045647,2.03144550395299,26.76331813499863
-0.03803080923865426,-0.007248914843791605,-0.28616906285147814,-1.6079955839962897e-08,2.0,1.0115132117118508,0.0001,39,8.803572361588174,24.731872631445928,2.031445500078854,26.763318131524784
-0.03803080923865426,-0.007248914843791605,-0.28616906285147814,-1.1787946461152406e-09,2.0,1.0115132117118508,0.00010001490116119385,39,8.803572362133709,24.731872631615314,2.0314454963478505,26.763318127963156
-0.038030808368704094,-0.007248930346999501,-0.286169062764832,-5.797589248416583e-09,2.0,1.0115132118171801,0.0001,39,8.803572359177174,24.731872632194662,2.0314454944102005,26.763318126604865
-0.038030808368704094,-0.007248915445838307,-0.286169062764832,-5.797589248416583e-09,2.0,1.0115132268899016,0.0001,39,8.803572361990122,24.73187263248186,2.031445494226422,26.763318126708292
-0.038030808368704094,-0.007248915445838307,-0.286169062764832,-5.797589248416583e-09,2.0,1.0115132118171801,0.0001,39,8.803572362113457,24.731872632719988,2.031445494010536,26.763318126730525
-0.038030808368704094,-0.007248915445838307,-0.286169062764832,-2.069875044226424e-08,2.0,1.0115132118171801,0.0001,39,8.8035723632653,24.731872635700274,2.0314454979549685,26.76331813365524
-0.038030809974565705,-0.007248914334506046,-0.2861690629247741,2.7283530581399045e-09,1.9999999701976776,1.0115132116227503,0.0001,39,8.803572364057297,24.731872635705237,2.0314454989486337,26.76331813465387
-0.038030808368704094,-0.007248915445838307,-0.286169062764832,-5.797589248416583e-09,2.0,1.0115132118171801,0.00010001490116119385,39,8.803572363810835,24.73187263586966,2.0314454942239655,26.76331813009363
-0.03803079763308119,-0.007248983660630628,-0.28616891701511116,3.360904473258497e-07,2.0,1.0115135078715074,0.0001,39,8.80357235733056,24.73187263676484,2.031445507697868,26.76331814446271
-0.038030809488864156,-0.0072489146706345145,-0.28616906287639876,1.4963557333150613e-10,1.9999999701976776,1.0115132116815566,0.0001,39,8.803572364993654,24.731872638080482,2.0314454963976427,26.763318134478126
-0.03803080636539215,-0.007248916832225023,-0.28616907746646547,-1.643370011987803e-08,2.0,1.011513212059731,0.0001,39,8.803572363942063,24.731872638590517,2.03144549306411,26.76331813165463
-0.03803079763308119,-0.007248983660630628,-0.28616891701511116,3.2609044732584967e-07,2.0,1.0115135178715073,0.0001,39,8.803572358021723,24.731872638606898,2.0314455051940357,26.763318143800923
-0.03803079763308119,-0.007248983660630628,-0.28616891701511116,3.2609044732584967e-07,2.0,1.0115135078715074,0.0001,39,8.803572358103551,24.731872638764884,2.0314455050508022,26.76331814381568
-0.03803079763308119,-0.007248973660630628,-0.28616891701511116,3.2609044732584967e-07,2.0,1.0115135078715074,0.0001,39,8.803572360074046,24.731872639117398,2.0314455047825897,26.763318143899987
-0.03803080923865426,-0.007248914843791605,-0.28616906285147814,-1.1787946461152406e-09,1.9999999701976776,1.0115132117118508,0.0001,39,8.803572365476018,24.731872639304093,2.0314454957075645,26.763318135011655
-0.03803079763308119,-0.007248983660630628,-0.28616891701511116,3.2609044732584967e-07,2.0,1.0115135078715074,0.00010001,39,8.80357235924264,24.73187264087858,2.0314455051940357,26.76331814607262
-0.03803079763308119,-0.007248983660630628,-0.28616890701511116,3.2609044732584967e-07,2.0,1.0115135078715074,0.0001,39,8.803572359468188,24.731872641399814,2.031445502403737,26.763318143803552
-0.03803080636539215,-0.0072489317333862165,-0.2861690625653043,-1.643370011987803e-08,2.0,1.011513212059731,0.0001,39,8.803572363039248,24.731872641991544,2.0314454895193412,26.763318131510886
-0.03803080636539215,-0.007248916832225023,-0.2861690625653043,-1.643370011987803e-08,2.0,1.0115132271324525,0.0001,39,8.803572365852192,24.73187264227875,2.031445489335563,26.763318131614305
-0.03803079763308119,-0.007248983660630628,-0.28616891701511116,3.2609044732584967e-07,1.99999999,1.0115135078715074,0.0001,39,8.803572359794588,24.73187264240166,2.031445504907569,26.763318147309228
-0.03803080636539215,-0.007248916832225023,-0.2861690625653043,-1.643370011987803e-08,2.0,1.011513212059731,0.0001,39,8.80357236597553,24.731872642516876,2.0314454891196774,26.76331813163655
-0.03803080523030933,-0.007248903756903354,-0.2861690799676689,-1.3770052714242719e-08,2.0,1.0115131773317225,0.0001,39,8.80357236811843,24.731872642754062,2.0314454878134813,26.763318130567544
-0.038030808368704094,-0.007248915445838307,-0.286169062764832,-5.797589248416583e-09,1.9999999701976776,1.0115132118171801,0.0001,39,8.803572367153144,24.731872643558447,2.031445493583679,26.76331813714212
-0.03803080636539215,-0.007248916832225023,-0.2861690625653043,-3.1334861313725685e-08,2.0,1.011513212059731,0.0001,39,8.803572367127373,24.731872645497162,2.03144549306411,26.763318138561267
-0.03803080636539215,-0.007248916832225023,-0.2861690625653043,-1.643370011987803e-08,2.0,1.011513212059731,0.00010001490116119385,39,8.803572367672906,24.731872645666545,2.0314454893331066,26.763318134999647
-0.038030803426982146,-0.007248911945270416,-0.2861690632686312,2.1058141401112542e-08,2.0,1.0115132112047491,0.0001,39,8.803572368773997,24.731872646268645,2.03144547910106,26.763318125369707
-0.038030803426982146,-0.007248911945270416,-0.2861690632686312,2.1058141401112542e-08,2.0,1.0115132112047491,0.0001,39,8.803572368773997,24.731872646268645,2.03144547910106,26.763318125369707
-0.03803080049478333,-0.007248925259504485,-0.2861690361160994,7.768856907926196e-08,2.0,1.0115132662820805,0.0001,39,8.80357236983995,24.731872651983355,2.031445476788285,26.763318128771637
-0.03803080636539215,-0.007248916832225023,-0.2861690625653043,-1.643370011987803e-08,1.9999999701976776,1.011513212059731,0.0001,39,8.803572371015216,24.731872653355325,2.03144548869282,26.76331814204815
-0.038030787055490255,-0.0072490316902938685,-0.2861688190652815,5.403786066223953e-07,2.0,1.0115137065570392,0.0001,39,8.803572361175972,24.731872657380215,2.0314454993549074,26.763318156735124
-0.038030787055490255,-0.0072490316902938685,-0.2861688190652815,5.303786066223953e-07,2.0,1.0115137165570391,0.0001,39,8.803572361867134,24.731872659222272,2.0314454968510764,26.763318156073346
-0.038030787055490255,-0.0072490316902938685,-0.2861688190652815,5.303786066223953e-07,2.0,1.0115137065570392,0.0001,39,8.803572361948964,24.731872659380254,2.031445496707841,26.763318156088097
-0.038030787055490255,-0.0072490216902938685,-0.2861688190652815,5.303786066223953e-07,2.0,1.0115137065570392,0.0001,39,8.803572363919445,24.731872659732755,2.0314454964396274,26.76331815617238
-0.038030787055490255,-0.0072490316902938685,-0.2861688190652815,5.303786066223953e-07,2.0,1.0115137065570392,0.00010001,39,8.80357236308805,24.731872661493956,2.0314454968510764,26.763318158345037
-0.038030787055490255,-0.0072490316902938685,-0.2861688090652815,5.303786066223953e-07,2.0,1.0115137065570392,0.0001,39,8.8035723633136,24.731872662015196,2.0314454940607742,26.76331815607597
-0.038030787055490255,-0.0072490316902938685,-0.2861688190652815,5.303786066223953e-07,1.99999999,1.0115137065570392,0.0001,39,8.803572363640003,24.731872663017043,2.031445496564605,26.763318159581644
-0.03803079434404424,-0.007248953188163222,-0.28616897915947753,1.9647962235416473e-07,2.0,1.0115133818152748,0.0001,39,8.803572372075967,24.73187266397086,2.031445471936899,26.763318135907763
-0.03803078763308119,-0.007248983660630628,-0.28616891701511116,3.2609044732584967e-07,2.0,1.0115135078715074,0.0001,39,8.803572374515667,24.73187267705027,2.031445466643663,26.763318143693926
-0.03803077705549025,-0.0072490316902938685,-0.2861688190652815,5.303786066223953e-07,2.0,1.0115137065570392,0.0001,39,8.803572378361094,24.731872697665676,2.031445458300701,26.763318155966378
-0.03803062057205895,-0.007249055722316863,-0.2861690425763447,-1.0819736388907664e-06,2.0,1.0115132363588129,0.0001,39,8.803572728435098,24.731873566948614,2.0314450563784674,26.763318623327077
-0.038030605670897756,-0.007249055722316863,-0.2861690574775059,-1.0819736388907664e-06,2.0,1.0115132363588129,0.0001,39,8.803572750858477,24.731873620073817,2.031445003091827,26.76331862316564
-0.038030605670897756,-0.007249070623478057,-0.2861690425763447,-1.0819736388907664e-06,2.0,1.0115132363588129,0.0001,39,8.803572749955814,24.731873623475117,2.0314449995470527,26.763318623022172
-0.038030605670897756,-0.007249055722316863,-0.2861690425763447,-1.0819736388907664e-06,2.0,1.0115132514315346,0.0001,39,8.803572752768636,24.731873623762112,2.031444999363267,26.76331862312538
-0.038030605670897756,-0.007249055722316863,-0.2861690425763447,-1.0819736388907664e-06,2.0,1.0115132363588129,0.0001,39,8.803572752891974,24.731873624000244,2.03144499914738,26.76331862314762
-0.038030605670897756,-0.007249055722316863,-0.2861690425763447,-1.096874800084614e-06,2.0,1.0115132363588129,0.0001,39,8.80357275404387,24.731873626980637,2.031445003091827,26.763318630072465
-0.038030605670897756,-0.007249055722316863,-0.2861690425763447,-1.0819736388907664e-06,2.0,1.0115132363588129,0.00010001490116119385,39,8.803572754589347,24.73187362714991,2.0314449993608097,26.763318626510717
-0.038030605670897756,-0.007249055722316863,-0.2861690425763447,-1.0819736388907664e-06,1.9999999701976776,1.0115132363588129,0.0001,39,8.803572757931725,24.731873634838834,2.0314449987205228,26.763318633559358
-0.038028157926185885,-0.007262896714984322,-0.2861543933113565,3.329458726038465e-05,2.0,1.0115711412659005,0.0001,39,8.803572913466759,24.731878582087663,2.0314414503931912,26.763320032480856
-0.038028157926185885,-0.007262896714984322,-0.2861543933113565,3.328458726038465e-05,2.0,1.0115711512659005,0.0001,39,8.803572914158261,24.731878583930378,2.031441447889899,26.763320031820278
-0.038028157926185885,-0.007262896714984322,-0.2861543933113565,3.328458726038465e-05,2.0,1.0115711412659005,0.0001,39,8.803572914240217,24.731878584088616,2.0314414477459555,26.76332003183457
-0.038028157926185885,-0.007262886714984322,-0.2861543933113565,3.328458726038465e-05,2.0,1.0115711412659005,0.0001,39,8.803572916206646,24.731878584433566,2.0314414474772278,26.76332003191079
-0.038028157926185885,-0.007262896714984322,-0.2861543933113565,3.328458726038465e-05,2.0,1.0115711412659005,0.00010001,39,8.803572915379021,24.73187858620176,2.031441447889899,26.763320034091656
-0.038028157926185885,-0.007262896714984322,-0.2861543833113565,3.328458726038465e-05,2.0,1.0115711412659005,0.0001,39,8.803572915605429,24.73187858672467,2.031441445098719,26.763320031823387
-0.038028157926185885,-0.007262896714984322,-0.2861543933113565,3.328458726038465e-05,1.99999999,1.0115711412659005,0.0001,39,8.803572915931374,24.731878587725614,2.031441447602011,26.763320035327624
-0.03802814792618588,-0.007262896714984322,-0.2861543933113565,3.328458726038465e-05,2.0,1.0115711412659005,0.0001,39,8.803572930656694,24.731878622382855,2.031441409338914,26.76332003172177
-0.03802118177997058,-0.00729968624806609,-0.2861161159362272,0.0001202047853838979,2.0,1.0117235388395702,0.0001,39,8.803574404732386,24.731894351158896,2.031430731653222,26.763325082812116
-0.03802118177997058,-0.00729968624806609,-0.2861161159362272,0.0001201947853838979,2.0,1.0117235488395702,0.0001,39,8.803574405424795,24.73189435300337,2.03143072915136,26.76332508215473
-0.03802118177997058,-0.00729968624806609,-0.2861161159362272,0.0001201947853838979,2.0,1.0117235388395702,0.0001,39,8.803574405507087,24.73189435316226,2.0314307290055367,26.763325082167796
-0.03802118177997058,-0.00729967624806609,-0.2861161159362272,0.0001201947853838979,2.0,1.0117235388395702,0.0001,39,8.803574407462756,24.731894353487178,2.031430728735448,26.763325082222625
-0.03802118177997058,-0.00729968624806609,-0.2861161159362272,0.0001201947853838979,2.0,1.0117235388395702,0.00010001,39,8.803574406645147,24.731894355273923,2.03143072915136,26.763325084425286
-0.03802118177997058,-0.00729968624806609,-0.2861161059362272,0.0001201947853838979,2.0,1.0117235388395702,0.0001,39,8.80357440687382,24.731894355801263,2.03143072635785,26.763325082159117
-0.03802118177997058,-0.00729968624806609,-0.2861161159362272,0.0001201947853838979,1.99999999,1.0117235388395702,0.0001,39,8.803574407198562,24.73189435679984,2.031430728859713,26.76332508565956
-0.03802117177997058,-0.00729968624806609,-0.2861161159362272,0.0001201947853838979,2.0,1.0117235388395702,0.0001,39,8.8035744219351,24.731894391479912,2.0314306905987527,26.76332508207866
-0.038019814547159705,-0.0073068965121824035,-0.28610861407465843,0.00013723803996418558,2.0,1.0117534067575567,0.0001,39,8.803574701398103,24.731897449937094,2.0314286351427966,26.76332608507989
-0.038019814547159705,-0.0073068965121824035,-0.28610861407465843,0.0001372280399641856,2.0,1.0117534167575566,0.0001,39,8.80357470209069,24.73189745178192,2.031428632641214,26.763326084423127
-0.038019814547159705,-0.0073068965121824035,-0.28610861407465843,0.0001372280399641856,2.0,1.0117534067575567,0.0001,39,8.80357470217305,24.73189745194093,2.031428632495022,26.763326084435953
-0.038019814547159705,-0.0073068865121824035,-0.28610861407465843,0.0001372280399641856,2.0,1.0117534067575567,0.0001,39,8.803574704126607,24.731897452261915,2.0314286322246673,26.763326084486586
-0.038019814547159705,-0.0073068965121824035,-0.28610861407465843,0.0001372280399641856,2.0,1.0117534067575567,0.00010001,39,8.803574703310963,24.7318974540523,2.031428632641214,26.76332608669352
-0.038019814547159705,-0.0073068965121824035,-0.28610860407465843,0.0001372280399641856,2.0,1.0117534067575567,0.0001,39,8.803574703540082,24.731897454580523,2.0314286298472486,26.763326084427764
-0.038019814547159705,-0.0073068965121824035,-0.28610861407465843,0.0001372280399641856,1.99999999,1.0117534067575567,0.0001,39,8.803574703864586,24.731897455578626,2.0314286323488306,26.763326087927457
-0.038019804547159704,-0.0073068965121824035,-0.28610861407465843,0.0001372280399641856,2.0,1.0117534067575567,0.0001,39,8.80357471860332,24.731897490263165,2.0314285940882892,26.76332608435146
-0.03802453529801417,-0.007253267020058431,-0.28616843648947854,-3.339029655968032e-05,2.0,1.0115139731332456,0.0001,39,8.803584468573513,24.731903344141166,2.031430200473552,26.763333544614717
-0.03802452039685297,-0.007253267020058431,-0.28616845139063973,-3.339029655968032e-05,2.0,1.0115139731332456,0.0001,39,8.803584491025099,24.73190339732652,2.031430147187684,26.763333544514207
-0.03802452039685297,-0.007253281921219625,-0.28616843648947854,-3.339029655968032e-05,2.0,1.0115139731332456,0.0001,39,8.803584490127047,24.731903400736122,2.0314301436427042,26.763333544378824
-0.03802452039685297,-0.007253267020058431,-0.28616843648947854,-3.339029655968032e-05,2.0,1.0115139882059785,0.0001,39,8.803584492936185,24.731903401016908,2.0314301434587008,26.763333544475604
-0.03802452039685297,-0.007253267020058431,-0.28616843648947854,-3.339029655968032e-05,2.0,1.0115139731332456,0.0001,39,8.803584493059567,24.73190340125512,2.0314301432428,26.763333544497918
-0.03802452039685297,-0.007253267020058431,-0.28616843648947854,-3.340519772087417e-05,2.0,1.0115139731332456,0.0001,39,8.803584494213014,24.731903404238672,2.031430147187684,26.76333355142636
-0.03802452039685297,-0.007253267020058431,-0.28616843648947854,-3.339029655968032e-05,2.0,1.0115139731332456,0.00010001490116119385,39,8.803584494756796,24.731903404404555,2.031430143456243,26.7633335478608
-0.03802452039685297,-0.007253267020058431,-0.28616843648947854,-3.339029655968032e-05,1.9999999701976776,1.0115139731332456,0.0001,39,8.803584498101225,24.731903412097825,2.0314301428159154,26.763333554913736
-0.03801110550740074,-0.007352824664551108,-0.2860608284962629,0.0002457369658119074,2.0,1.0119436602997414,0.0001,39,8.803576624968,24.731917252133695,2.0314153132041852,26.76333256533788
-0.03801110550740074,-0.007352824664551108,-0.2860608284962629,0.00024572696581190743,2.0,1.0119436702997413,0.0001,39,8.803576625661723,24.73191725398071,2.031415310704388,26.763332564685104
-0.03801110550740074,-0.007352824664551108,-0.2860608284962629,0.00024572696581190743,2.0,1.0119436602997414,0.0001,39,8.8035766257445,24.731917254140548,2.03141531055585,26.763332564696398
-0.03801110550740074,-0.007352814664551108,-0.2860608284962629,0.00024572696581190743,2.0,1.0119436602997414,0.0001,39,8.80357662768461,24.731917254436492,2.031415310283795,26.76333256472029
-0.03801110550740074,-0.007352824664551108,-0.2860608284962629,0.00024572696581190743,2.0,1.0119436602997414,0.00010001,39,8.80357662688148,24.731917256250075,2.031415310704388,26.763332566954464
-0.03801110550740074,-0.007352824664551108,-0.2860608184962629,0.00024572696581190743,2.0,1.0119436602997414,0.0001,39,8.80357662711343,24.73191725678382,2.0314153079075132,26.763332564691336
-0.03801110550740074,-0.007352824664551108,-0.2860608284962629,0.00024572696581190743,1.99999999,1.0119436602997414,0.0001,39,8.80357662743643,24.731917257778964,2.0314153104073114,26.76333256818627
-0.03801109550740074,-0.007352824664551108,-0.2860608284962629,0.00024572696581190743,2.0,1.0119436602997414,0.0001,39,8.803576642189173,24.73191729249201,2.031415272149438,26.76333256464145
-0.03800440885048429,-0.007388140277722245,-0.2860240846493033,0.00032916523142036456,2.0,1.012089952283061,0.0001,39,8.80357814390589,24.731932553400654,2.031405107721647,26.7633376611223
-0.03800440885048429,-0.007388140277722245,-0.2860240846493033,0.00032915523142036456,2.0,1.012089962283061,0.0001,39,8.803578144600484,24.731932555249365,2.031405105223222,26.763337660472587
-0.03800440885048429,-0.007388140277722245,-0.2860240846493033,0.00032915523142036456,2.0,1.012089952283061,0.0001,39,8.803578144683584,24.731932555409827,2.0314051050728796,26.76333766048271
-0.03800440885048429,-0.007388130277722245,-0.2860240846493033,0.00032915523142036456,2.0,1.012089952283061,0.0001,39,8.803578146613345,24.731932555686505,2.0314051047995183,26.763337660486023
-0.03800440885048429,-0.007388140277722245,-0.2860240846493033,0.00032915523142036456,2.0,1.012089952283061,0.00010001,39,8.803578145819847,24.731932557517936,2.031405105223222,26.76333766274115
-0.03800440885048429,-0.007388140277722245,-0.2860240746493033,0.00032915523142036456,2.0,1.012089952283061,0.0001,39,8.803578146053974,24.731932558055938,2.031405102424112,26.76333766048005
-0.03800440885048429,-0.007388140277722245,-0.2860240846493033,0.00032915523142036456,1.99999999,1.012089952283061,0.0001,39,8.803578146375816,24.7319325590488,2.031405104922537,26.763337663971335
-0.03800439885048429,-0.007388140277722245,-0.2860240846493033,0.00032915523142036456,2.0,1.012089952283061,0.0001,39,8.803578161139328,24.731932593783757,2.031405066666717,26.763337660450475
-0.03799820465784127,-0.00742085882223691,-0.28599004290163316,0.00040645828049936457,2.0,1.0122254861259876,0.0001,39,8.803579582092281,24.731946787475913,2.0313956823582533,26.763342469834164
-0.03799820465784127,-0.00742085882223691,-0.28599004290163316,0.0004064482804993646,2.0,1.0122254961259876,0.0001,39,8.803579582787686,24.7319467893262,2.0313956798611,26.763342469187297
-0.03799820465784127,-0.00742085882223691,-0.28599004290163316,0.0004064482804993646,2.0,1.0122254861259876,0.0001,39,8.80357958287108,24.731946789487235,2.0313956797090853,26.763342469196324
-0.03799820465784127,-0.00742084882223691,-0.28599004290163316,0.0004064482804993646,2.0,1.0122254861259876,0.0001,39,8.803579584791247,24.731946789746047,2.031395679434514,26.76334246918056
-0.03799820465784127,-0.00742085882223691,-0.28599004290163316,0.0004064482804993646,2.0,1.0122254861259876,0.00010001,39,8.80357958400668,24.731946791594023,2.0313956798611,26.763342471455125
-0.03799820465784127,-0.00742085882223691,-0.28599003290163316,0.0004064482804993646,2.0,1.0122254861259876,0.0001,39,8.803579584242827,24.73194679213598,2.031395677059918,26.763342469195898
-0.03799820465784127,-0.00742085882223691,-0.28599004290163316,0.0004064482804993646,1.99999999,1.0122254861259876,0.0001,39,8.803579584563593,24.73194679312672,2.0313956795570713,26.763342472683792
-0.03799819465784127,-0.00742085882223691,-0.28599004290163316,0.0004064482804993646,2.0,1.0122254861259876,0.0001,39,8.803579599337086,24.731946827881988,2.0313956413031526,26.763342469185137
-0.03799865867786394,-0.007400389285215424,-0.2859134136616038,0.00046496605404116367,2.0,1.0126756843060452,0.0001,39,8.803584980293383,24.73194688243759,2.0313990329184177,26.763345915356005
-0.03799865867786394,-0.007400389285215424,-0.2859134136616038,0.00046495605404116367,2.0,1.012675694306045,0.0001,39,8.803584980988147,24.731946884286657,2.031399030426985,26.763345914713643
-0.03799865867786394,-0.007400389285215424,-0.2859134136616038,0.00046495605404116367,2.0,1.0126756843060452,0.0001,39,8.803584981071422,24.731946884447467,2.031399030269418,26.763345914716886
-0.03799865867786394,-0.007400379285215424,-0.2859134136616038,0.00046495605404116367,2.0,1.0126756843060452,0.0001,39,8.803584983002219,24.731946884727137,2.0313990299956033,26.76334591472274
-0.03799865867786394,-0.007400389285215424,-0.2859134136616038,0.00046495605404116367,2.0,1.0126756843060452,0.00010001,39,8.803584982206658,24.731946886553526,2.031399030426985,26.763345916980516
-0.03799865867786394,-0.007400389285215424,-0.2859134036616038,0.00046495605404116367,2.0,1.0126756843060452,0.0001,39,8.803584982442892,24.731946887095777,2.031399027620419,26.763345914716197
-0.03799865867786394,-0.007400389285215424,-0.2859134136616038,0.00046495605404116367,1.99999999,1.0126756843060452,0.0001,39,8.80358498276379,24.731946888086846,2.031399030111852,26.7633459181987
-0.03799864867786394,-0.007400389285215424,-0.2859134136616038,0.00046495605404116367,2.0,1.0126756843060452,0.0001,39,8.803584997535168,24.731946922841217,2.031398991863467,26.763345914704686
-0.03798008549589355,-0.007484627145403906,-0.2861766715605219,0.000448008295852518,2.0,1.0127995284451858,0.0001,39,8.803563577274971,24.731947722153997,2.031397254962432,26.76334497711643
-0.03798008549589355,-0.007484627145403906,-0.2861766715605219,0.000447998295852518,2.0,1.0127995384451858,0.0001,39,8.803563577972152,24.731947724007714,2.031397252470248,26.76334497647796
-0.03798008549589355,-0.007484627145403906,-0.2861766715605219,0.000447998295852518,2.0,1.0127995284451858,0.0001,39,8.803563578056195,24.73194772417001,2.031397252311154,26.76334497648116
-0.03798008549589355,-0.007484617145403906,-0.2861766715605219,0.000447998295852518,2.0,1.0127995284451858,0.0001,39,8.803563579965637,24.73194772440895,2.0313972520342225,26.76334497644317
-0.03798008549589355,-0.007484627145403906,-0.2861766715605219,0.000447998295852518,2.0,1.0127995284451858,0.00010001,39,8.803563579191868,24.731947726276864,2.031397252470248,26.763344978747114
-0.03798008549589355,-0.007484627145403906,-0.2861766615605219,0.000447998295852518,2.0,1.0127995284451858,0.0001,39,8.803563579429268,24.73194772682136,2.031397249659875,26.763344976481235
-0.03798008549589355,-0.007484627145403906,-0.2861766715605219,0.000447998295852518,1.99999999,1.0127995284451858,0.0001,39,8.803563579749675,24.731947727811125,2.03139725215206,26.76334497996319
-0.03798007549589355,-0.007484627145403906,-0.2861766715605219,0.000447998295852518,2.0,1.0127995284451858,0.0001,39,8.803563594555904,24.731947762629222,2.0313972139058913,26.763344976535112
-0.03797555570540662,-0.0075005692261956546,-0.2862233287252441,0.00045839579969080636,2.0,1.0129430390249854,0.0001,39,8.803559585048308,24.73194797196498,2.031397721681391,26.763345693646375
-0.03797555570540662,-0.0075005692261956546,-0.2862233287252441,0.00045838579969080637,2.0,1.0129430490249853,0.0001,39,8.803559585745933,24.73194797381955,2.031397719190449,26.763345693009995
-0.03797555570540662,-0.0075005692261956546,-0.2862233287252441,0.00045838579969080637,2.0,1.0129430390249854,0.0001,39,8.80355958583014,24.73194797398216,2.0313977190295853,26.763345693011747
-0.03797555570540662,-0.007500559226195655,-0.2862233287252441,0.00045838579969080637,2.0,1.0129430390249854,0.0001,39,8.803559587736892,24.73194797421612,2.031397718752064,26.763345692968194
-0.03797555570540662,-0.0075005692261956546,-0.2862233287252441,0.00045838579969080637,2.0,1.0129430390249854,0.00010001,39,8.80355958696583,24.73194797608904,2.031397719190449,26.763345695279487
-0.03797555570540662,-0.0075005692261956546,-0.2862233187252441,0.00045838579969080637,2.0,1.0129430390249854,0.0001,39,8.803559587203546,24.731947976634167,2.031397716377779,26.763345693011942
-0.03797555570540662,-0.0075005692261956546,-0.2862233287252441,0.00045838579969080637,1.99999999,1.0129430390249854,0.0001,39,8.80355958752386,24.73194797762369,2.031397718868721,26.763345696492408
-0.03797554570540662,-0.0075005692261956546,-0.2862233287252441,0.00045838579969080637,2.0,1.0129430390249854,0.0001,39,8.803559602338277,24.731948012457494,2.0313976806244893,26.763345693081984
-0.03737358684493269,-0.00694838949954443,-0.29654216830686714,0.00034983681827052525,2.0,0.9905854172605641,0.0001,39,8.803525536483134,24.732092895697996,2.0317761436775443,26.763869039375535
-0.03737358684493269,-0.00694838949954443,-0.29654216830686714,0.00034982681827052525,2.0,0.9905854272605642,0.0001,39,8.803525537157203,24.732092897505627,2.031776140816414,26.763869038322035
-0.03737358684493269,-0.00694838949954443,-0.29654216830686714,0.00034982681827052525,2.0,0.9905854172605641,0.0001,39,8.803525537236972,24.73209289765949,2.0317761409312936,26.76386903859078
-0.03737358684493269,-0.00694837949954443,-0.29654216830686714,0.00034982681827052525,2.0,0.9905854172605641,0.0001,39,8.803525539537695,24.7320928986681,2.0317761406742036,26.763869039342307
-0.03737358684493269,-0.00694838949954443,-0.29654216830686714,0.00034982681827052525,2.0,0.9905854172605641,0.00010001,39,8.803525538421207,24.732092899856063,2.031776140816414,26.76386904067248
-0.03737358684493269,-0.00694838949954443,-0.29654215830686714,0.00034982681827052525,2.0,0.9905854172605641,0.0001,39,8.80352553852178,24.732092900151265,2.0317761381850428,26.763869038336303
-0.03737358684493269,-0.00694838949954443,-0.29654216830686714,0.00034982681827052525,1.99999999,0.9905854172605641,0.0001,39,8.803525538957846,24.732092901354722,2.0317761410461737,26.763869042400902
-0.037373576844932685,-0.00694838949954443,-0.29654216830686714,0.00034982681827052525,2.0,0.9905854172605641,0.0001,39,8.803525554925992,24.73209293854134,2.031776102548471,26.76386904108981
-0.0380961284971792,-0.007261016430028214,-0.283447936593631,0.0004978695660918329,2.0,1.0174879460930102,0.0001,39,8.803749644472015,24.732150638391452,2.0312180663094286,26.763368704700873
-0.0380961284971792,-0.007261016430028214,-0.283447936593631,0.0004978595660918328,2.0,1.0174879560930101,0.0001,39,8.80374964516982,24.732150640247443,2.0312180638998476,26.76336870414729
-0.0380961284971792,-0.007261016430028214,-0.283447936593631,0.0004978595660918328,2.0,1.0174879460930102,0.0001,39,8.803749645251855,24.732150640405884,2.03121806368293,26.763368704088812
-0.0380961284971792,-0.007261006430028214,-0.283447936593631,0.0004978595660918328,2.0,1.0174879460930102,0.0001,39,8.803749647185196,24.732150640692563,2.0312180634142725,26.76336870410684
-0.0380961284971792,-0.007261016430028214,-0.283447936593631,0.0004978595660918328,2.0,1.0174879460930102,0.00010001,39,8.803749646376676,24.732150642492645,2.0312180638998476,26.763368706392484
-0.0380961284971792,-0.007261016430028214,-0.283447926593631,0.0004978595660918328,2.0,1.0174879460930102,0.0001,39,8.803749646637224,24.73215064308103,2.031218061056432,26.763368704137463
-0.0380961284971792,-0.007261016430028214,-0.283447936593631,0.0004978595660918328,1.99999999,1.0174879460930102,0.0001,39,8.803749646941075,24.73215064404138,2.031218063466012,26.763368707507393
-0.0380961184971792,-0.007261016430028214,-0.283447936593631,0.0004978595660918328,2.0,1.0174879460930102,0.0001,39,8.803749661571825,24.73215067854809,2.0312180252733727,26.763368703821467
-0.037836845856586046,-0.007383156999537611,-0.28614974281939515,-0.0010298829833069562,2.0,1.0115366976285955,0.0001,39,8.803954608074033,24.7328385275006,2.0309725529065443,26.763811080407145
-0.03783683095542485,-0.007383156999537611,-0.28614975772055634,-0.0010298829833069562,2.0,1.0115366976285955,0.0001,39,8.803954631397144,24.73283858254268,2.030972499644503,26.763811082187186
-0.03783683095542485,-0.007383171900698805,-0.28614974281939515,-0.0010298829833069562,2.0,1.0115366976285955,0.0001,39,8.803954630641432,24.73283858620846,2.0309724960932067,26.763811082301668
-0.03783683095542485,-0.007383156999537611,-0.28614974281939515,-0.0010298829833069562,2.0,1.011536712701667,0.0001,39,8.803954633336883,24.73283858629756,2.0309724959024686,26.763811082200025
-0.03783683095542485,-0.007383156999537611,-0.28614974281939515,-0.0010298829833069562,2.0,1.0115366976285955,0.0001,39,8.803954633461656,24.732838586538435,2.0309724956861404,26.763811082224574
-0.03783683095542485,-0.007383156999537611,-0.28614974281939515,-0.00102989788446815,2.0,1.0115366976285955,0.0001,39,8.803954634663034,24.732838589619377,2.030972499644503,26.763811089263882
-0.03783683095542485,-0.007383156999537611,-0.28614974281939515,-0.0010298829833069562,2.0,1.0115366976285955,0.00010001490116119385,39,8.803954635154483,24.732838589680668,2.0309724959000013,26.763811085580663
-0.03783683095542485,-0.007383156999537611,-0.28614974281939515,-0.0010298829833069562,1.9999999701976776,1.0115366976285955,0.0001,39,8.803954638561805,24.732838597507193,2.0309724952584207,26.763811092765607
-0.03734497200576729,-0.005623361743774967,-0.2938645284078727,0.00029180242042679903,2.0,0.9761812916369678,0.0001,39,8.804348088084023,24.733253826302057,2.0311810923476843,26.76443491864974
-0.03734497200576729,-0.005623361743774967,-0.2938645284078727,0.00029179242042679903,2.0,0.9761813016369678,0.0001,39,8.804348088745352,24.733253828088316,2.031181089334208,26.764434917422523
-0.03734497200576729,-0.005623361743774967,-0.2938645284078727,0.00029179242042679903,2.0,0.9761812916369678,0.0001,39,8.804348088811025,24.733253828214934,2.0311810896267386,26.764434917841673
-0.03734497200576729,-0.005623351743774967,-0.2938645284078727,0.00029179242042679903,2.0,0.9761812916369678,0.0001,39,8.804348091355765,24.73325382971306,2.0311810894186744,26.76443491913174
-0.03734497200576729,-0.005623361743774967,-0.2938645284078727,0.00029179242042679903,2.0,0.9761812916369678,0.00010001,39,8.804348089990954,24.73325383040354,2.031181089334208,26.764434919737752
-0.03734497200576729,-0.005623361743774967,-0.2938645184078727,0.00029179242042679903,2.0,0.9761812916369678,0.0001,39,8.804348090074265,24.733253830674467,2.0311810869057925,26.764434917580264
-0.03734497200576729,-0.005623361743774967,-0.2938645284078727,0.00029179242042679903,1.99999999,0.9761812916369678,0.0001,39,8.804348090538939,24.733253831935457,2.0311810899192695,26.764434921854722
-0.037344962005767285,-0.005623361743774967,-0.2938645284078727,0.00029179242042679903,2.0,0.9761812916369678,0.0001,39,8.80434810677712,24.73325386986239,2.0311810512449755,26.764434921107366
-0.03779985926812378,-0.006735973727509891,-0.2807883031905511,0.0004976470055996396,2.0,1.0164705829824348,0.0001,39,8.804731267587034,24.73406940034423,2.0293499071502503,26.76341930749448
-0.03779985926812378,-0.006735973727509891,-0.2807883031905511,0.0004976370055996396,2.0,1.0164705929824347,0.0001,39,8.804731268315164,24.734069402264986,2.029349904752726,26.763419307017706
-0.03779985926812378,-0.006735973727509891,-0.2807883031905511,0.0004976370055996396,2.0,1.0164705829824348,0.0001,39,8.804731268392235,24.73406940241382,2.029349904548356,26.763419306962177
-0.03779985926812378,-0.006735963727509891,-0.2807883031905511,0.0004976370055996396,2.0,1.0164705829824348,0.0001,39,8.804731270434798,24.73406940295269,2.0293499042991248,26.76341930725181
-0.03779985926812378,-0.006735973727509891,-0.2807883031905511,0.0004976370055996396,2.0,1.0164705829824348,0.00010001,39,8.80473126950159,24.734069404471352,2.029349904752726,26.763419309224073
-0.03779985926812378,-0.006735973727509891,-0.2807882931905511,0.0004976370055996396,2.0,1.0164705829824348,0.0001,39,8.804731269798449,24.734069405143423,2.0293499019464605,26.763419307089883
-0.03779985926812378,-0.006735973727509891,-0.2807883031905511,0.0004976370055996396,1.99999999,1.0164705829824348,0.0001,39,8.80473127011081,24.734069406119694,2.029349904343985,26.76341931046368
-0.03779984926812378,-0.006735973727509891,-0.2807883031905511,0.0004976370055996396,2.0,1.0164705829824348,0.0001,39,8.804731285685067,24.734069442760372,2.0293498661497615,26.763419308910137
-0.03876186203578147,-0.015091218966033357,-0.29128259019583225,-0.019367480657701858,2.0,0.9611431112502261,0.0001,39,8.803837273089627,24.735684116769335,2.042178955245228,26.777863072014565
-0.03876186203578147,-0.015091228966033357,-0.29128259019583225,-0.019367470657701856,2.0,0.9611431112502261,0.0001,39,8.803837273528762,24.735684120659013,2.04217895293009,26.777863073589103
-0.03876186203578147,-0.015091228966033357,-0.29128259019583225,-0.019367480657701858,2.0,0.9611431212502262,0.0001,39,8.803837274534152,24.735684123106115,2.0421789553256016,26.777863078431718
-0.03876186203578147,-0.015091228966033357,-0.29128259019583225,-0.019367480657701858,2.0,0.9611431112502261,0.0001,39,8.803837274641598,24.735684123313717,2.042178955803603,26.777863079117314
-0.03876186203578147,-0.015091228966033357,-0.29128259019583225,-0.019367480657701858,2.0,0.9611431112502261,0.00010001,39,8.8038372758027,24.735684125489044,2.0421789553256016,26.777863080814644
-0.03876186203578147,-0.015091228966033357,-0.29128258019583225,-0.019367480657701858,2.0,0.9611431112502261,0.0001,39,8.803837276290306,24.73568412645036,2.04217895293009,26.777863079380445
-0.03876186203578147,-0.015091228966033357,-0.29128259019583225,-0.019367480657701858,1.99999999,0.9611431112502261,0.0001,39,8.803837276350812,24.735684126930504,2.042178956281605,26.777863083212107
-0.03876185203578147,-0.015091228966033357,-0.29128259019583225,-0.019367480657701858,2.0,0.9611431112502261,0.0001,39,8.803837290345973,24.735684159056444,2.0421789173694145,26.77786307642586
-0.038473150452728,-0.0066938856108477475,-0.2659169209749065,-3.3201847739609874e-06,2.0,0.9335754900587943,0.0001,39,8.80639156651119,24.736836078590485,2.030589599112071,26.76742567770256
-0.038473150452728,-0.0066938756108477476,-0.2659169209749065,-3.3301847739609873e-06,2.0,0.9335754900587943,0.0001,39,8.80639156817509,24.73683607891118,2.0305896013241593,26.76742568023534
-0.038473150452728,-0.0066938856108477475,-0.2659169209749065,-3.3301847739609873e-06,2.0,0.9335755000587943,0.0001,39,8.806391567262718,24.73683608055976,2.0305896007538307,26.767425681313593
-0.038473150452728,-0.0066938856108477475,-0.2659169209749065,-3.3301847739609873e-06,2.0,0.9335754900587943,0.0001,39,8.806391567327712,24.73683608068536,2.0305896015718337,26.767425682257194
-0.038473150452728,-0.0066938856108477475,-0.2659169209749065,-3.3301847739609873e-06,2.0,0.9335754900587943,0.00010001,39,8.806391568377212,24.736836082632827,2.0305896007538307,26.76742568338666
-0.038473150452728,-0.0066938856108477475,-0.2659169109749065,-3.3301847739609873e-06,2.0,0.9335754900587943,0.0001,39,8.806391568821738,24.736836083580165,2.030589599112071,26.767425682692235
-0.038473150452728,-0.0066938856108477475,-0.2659169209749065,-3.3301847739609873e-06,1.99999999,0.9335754900587943,0.0001,39,8.806391569024946,24.736836084357982,2.030589602389836,26.76742568674782
-0.038473140452728,-0.0066938856108477475,-0.2659169209749065,-3.3301847739609873e-06,2.0,0.9335754900587943,0.0001,39,8.806391583611019,24.736836119113505,2.030589563148327,26.767425682261834
-0.03850687028988442,-0.007378347395059911,-0.26247787279175927,-3.0471093240338973e-05,2.0,0.9297649502964546,0.0001,39,8.806841351258738,24.737918875764073,2.0302237792132534,26.768142654977325
-0.03850687028988442,-0.007378357395059911,-0.26247787279175927,-3.046109324033897e-05,2.0,0.9297649502964546,0.0001,39,8.80684134991525,24.737918876050426,2.03022377705805,26.768142653108484
-0.03850687028988442,-0.007378357395059911,-0.26247787279175927,-3.0471093240338973e-05,2.0,0.9297649602964546,0.0001,39,8.806841350700918,24.737918878087395,2.030223778621253,26.768142656708648
-0.03850687028988442,-0.007378357395059911,-0.26247787279175927,-3.0471093240338973e-05,2.0,0.9297649502964546,0.0001,39,8.806841350769682,24.737918878220366,2.0302237794862523,26.76814265770662
-0.03850687028988442,-0.007378357395059911,-0.26247787279175927,-3.0471093240338973e-05,2.0,0.9297649502964546,0.00010001,39,8.806841351798127,24.737918880128724,2.030223778621253,26.768142658749987
-0.03850687028988442,-0.007378357395059911,-0.2624778627917593,-3.0471093240338973e-05,2.0,0.9297649502964546,0.0001,39,8.80684135231569,24.73791888121496,2.03022377705805,26.76814265827301
-0.03850687028988442,-0.007378357395059911,-0.26247787279175927,-3.0471093240338973e-05,1.99999999,0.9297649502964546,0.0001,39,8.806841352472194,24.737918881904058,2.0302237803512515,26.768142662255308
-0.03850686028988442,-0.007378357395059911,-0.26247787279175927,-3.0471093240338973e-05,2.0,0.9297649502964546,0.0001,39,8.806841367116897,24.73791891679026,2.030223741061498,26.768142657851758
-0.03765567228395007,-0.0146431870495632,-0.281399864498729,-0.006669825769610926,2.0,0.9463139362848285,0.0001,39,8.806037752589305,24.739752399137444,2.0324967819663713,26.772249181103813
-0.03765567228395007,-0.0146431970495632,-0.281399864498729,-0.006669815769610926,2.0,0.9463139362848285,0.0001,39,8.806037752791864,24.73975240242113,2.0324967798435245,26.772249182264652
-0.03765567228395007,-0.0146431970495632,-0.281399864498729,-0.006669825769610926,2.0,0.9463139462848286,0.0001,39,8.806037753805931,24.739752404892947,2.0324967818472746,26.77224918674022
-0.03765567228395007,-0.0146431970495632,-0.281399864498729,-0.006669825769610926,2.0,0.9463139362848285,0.0001,39,8.806037753913856,24.73975240510203,2.032496782508169,26.7722491876102
-0.03765567228395007,-0.0146431970495632,-0.281399864498729,-0.006669825769610926,2.0,0.9463139362848285,0.00010001,39,8.806037754986441,24.73975240709863,2.0324967818472746,26.772249188945906
-0.03765567228395007,-0.0146431970495632,-0.281399854498729,-0.006669825769610926,2.0,0.9463139362848285,0.0001,39,8.80603775561299,24.739752408372254,2.0324967798435245,26.77224918821577
-0.03765567228395007,-0.0146431970495632,-0.281399864498729,-0.006669825769610926,1.99999999,0.9463139362848285,0.0001,39,8.806037755680748,24.739752408866558,2.032496783169064,26.77224919203562
-0.03765566228395007,-0.0146431970495632,-0.281399864498729,-0.006669825769610926,2.0,0.9463139362848285,0.0001,39,8.80603777202007,24.739752446401454,2.0324967441149093,26.772249190516362
-0.03766147532564883,-0.013587683417101688,-0.2722956950980246,2.326421687498791e-05,2.0,0.9384783459879308,0.0001,39,8.80679871003132,24.740510011279493,2.0289373766120047,26.769447387891493
-0.03766147532564883,-0.013587693417101688,-0.2722956950980246,2.3274216874987913e-05,2.0,0.9384783459879308,0.0001,39,8.806798710056125,24.74051001418411,2.0289373796336996,26.769447393817813
-0.03766147532564883,-0.013587693417101688,-0.2722956950980246,2.326421687498791e-05,2.0,0.9384783559879308,0.0001,39,8.806798711022392,24.74051001656496,2.0289373763572156,26.769447392922174
-0.03766147532564883,-0.013587693417101688,-0.2722956950980246,2.326421687498791e-05,2.0,0.9384783459879308,0.0001,39,8.806798711125964,24.74051001676587,2.0289373771147488,26.769447393880615
-0.03766147532564883,-0.013587693417101688,-0.2722956950980246,2.326421687498791e-05,2.0,0.9384783459879308,0.00010001,39,8.806798712148705,24.740510018663056,2.0289373763572156,26.769447395020265
-0.03766147532564883,-0.013587693417101688,-0.2722956850980246,2.326421687498791e-05,2.0,0.9384783459879308,0.0001,39,8.806798712831023,24.740510020055716,2.0289373745957984,26.76944739465151
-0.03766147532564883,-0.013587693417101688,-0.2722956950980246,2.326421687498791e-05,1.99999999,0.9384783459879308,0.0001,39,8.806798712882605,24.740510020525363,2.028937377872283,26.76944739839765
-0.037661465325648825,-0.013587693417101688,-0.2722956950980246,2.326421687498791e-05,2.0,0.9384783459879308,0.0001,39,8.806798729098967,24.74051005810886,2.0289373387212746,26.769447396830127
-0.03755404382391106,-0.015151718695406761,-0.277716796730325,-0.002633370202467759,2.0,0.9436733048426961,0.0001,39,8.806500114467356,24.74067162818482,2.030284046986694,26.770955675171514
-0.03755404382391106,-0.015151728695406761,-0.277716796730325,-0.002633360202467759,2.0,0.9436733048426961,0.0001,39,8.8065001148296,24.74067163175524,2.0302840449540684,26.770955676709303
-0.03755404382391106,-0.015151728695406761,-0.277716796730325,-0.002633370202467759,2.0,0.9436733148426961,0.0001,39,8.80650011584698,24.740671634232665,2.030284046853845,26.770955681086512
-0.03755404382391106,-0.015151728695406761,-0.277716796730325,-0.002633370202467759,2.0,0.9436733048426961,0.0001,39,8.80650011595602,24.74067163444426,2.030284047547307,26.77095568199157
-0.03755404382391106,-0.015151728695406761,-0.277716796730325,-0.002633370202467759,2.0,0.9436733048426961,0.00010001,39,8.806500116997785,24.740671636379552,2.030284046853845,26.7709556832334
-0.03755404382391106,-0.015151728695406761,-0.277716786730325,-0.002633370202467759,2.0,0.9436733048426961,0.0001,39,8.806500117686289,24.740671637775655,2.0302840449540684,26.770955682729724
-0.03755404382391106,-0.015151728695406761,-0.277716796730325,-0.002633370202467759,1.99999999,0.9436733048426961,0.0001,39,8.806500117722344,24.740671638210255,2.03028404824077,26.770955686451025
-0.03755403382391106,-0.015151728695406761,-0.277716796730325,-0.002633370202467759,2.0,0.9436733048426961,0.0001,39,8.806500134142802,24.74067167597956,2.030284009157808,26.770955685137366
-0.03745355952628773,-0.015347089146412663,-0.2761072144233823,-0.0007293704373639395,2.0,0.9422793637121898,0.0001,39,8.806793393433251,24.74126964923092,2.029101751511487,26.770371400742402
-0.03745355952628773,-0.015347099146412663,-0.2761072144233823,-0.0007293604373639394,2.0,0.9422793637121898,0.0001,39,8.806793393847427,24.74126965288643,2.0291017495185915,26.770371402405022
-0.03745355952628773,-0.015347099146412663,-0.2761072144233823,-0.0007293704373639395,2.0,0.9422793737121898,0.0001,39,8.806793394869072,24.741269655372246,2.0291017513686747,26.77037140674092
-0.03745355952628773,-0.015347099146412663,-0.2761072144233823,-0.0007293704373639395,2.0,0.9422793637121898,0.0001,39,8.806793394978612,24.74126965558497,2.0291017520793293,26.770371407664296
-0.03745355952628773,-0.015347099146412663,-0.2761072144233823,-0.0007293704373639395,2.0,0.9422793637121898,0.00010001,39,8.806793396005874,24.741269657491326,2.0291017513686747,26.77037140886
-0.03745355952628773,-0.015347099146412663,-0.2761072044233823,-0.0007293704373639395,2.0,0.9422793637121898,0.0001,39,8.806793396723522,24.741269658946806,2.0291017495185915,26.7703714084654
-0.03745355952628773,-0.015347099146412663,-0.2761072144233823,-0.0007293704373639395,1.99999999,0.9422793637121898,0.0001,39,8.80679339674853,24.74126965936028,2.029101752789984,26.77037141215026
-0.03745354952628773,-0.015347099146412663,-0.2761072144233823,-0.0007293704373639395,2.0,0.9422793637121898,0.0001,39,8.806793413344996,24.741269697537778,2.0291017136935485,26.77037141123132
-0.037439110713952374,-0.015411735965213766,-0.27563416241178973,-0.00020744509756049755,2.0,0.9419342297034665,0.0001,39,8.806857362565923,24.7413971818466,2.0288202384070044,26.77021742025361
-0.037439110713952374,-0.015411745965213766,-0.27563416241178973,-0.00020743509756049756,2.0,0.9419342297034665,0.0001,39,8.806857362999963,24.74139718553758,2.0288202364257035,26.77021742196328
-0.037439110713952374,-0.015411745965213766,-0.27563416241178973,-0.00020744509756049755,2.0,0.9419342397034666,0.0001,39,8.806857364022113,24.74139718802428,2.0288202382623273,26.770217426286607
-0.037439110713952374,-0.015411745965213766,-0.27563416241178973,-0.00020744509756049755,2.0,0.9419342297034665,0.0001,39,8.806857364131782,24.741397188237293,2.0288202389772385,26.77021742721453
-0.037439110713952374,-0.015411745965213766,-0.27563416241178973,-0.00020744509756049755,2.0,0.9419342297034665,0.00010001,39,8.806857365155071,24.741397190135746,2.0288202382623273,26.770217428398077
-0.037439110713952374,-0.015411745965213766,-0.27563415241178973,-0.00020744509756049755,2.0,0.9419342297034665,0.0001,39,8.80685736588071,24.74139719160707,2.0288202364257035,26.770217428032776
-0.037439110713952374,-0.015411745965213766,-0.27563416241178973,-0.00020744509756049755,1.99999999,0.9419342297034665,0.0001,39,8.80685736590172,24.741397192012993,2.0288202396921498,26.77021743170515
-0.03743910071395237,-0.015411745965213766,-0.27563416241178973,-0.00020744509756049755,2.0,0.9419342297034665,0.0001,39,8.806857382512213,24.74139723022834,2.028820200591992,26.770217430820328
-0.03743069008240992,-0.01542673701073137,-0.2755083409763868,-5.7196590444239765e-05,2.0,0.9418228441332771,0.0001,39,8.806881424599409,24.74144636656266,2.028726337333616,26.77017270389627
-0.03743069008240992,-0.01542674701073137,-0.2755083409763868,-5.718659044423976e-05,2.0,0.9418228441332771,0.0001,39,8.80688142503731,24.741446370259855,2.028726335355424,26.77017270561528
-0.03743069008240992,-0.01542674701073137,-0.2755083409763868,-5.7196590444239765e-05,2.0,0.9418228541332772,0.0001,39,8.806881426059823,24.74144637274727,2.0287263371881203,26.770172709935387
-0.03743069008240992,-0.01542674701073137,-0.2755083409763868,-5.7196590444239765e-05,2.0,0.9418228441332771,0.0001,39,8.806881426169532,24.741446372960375,2.0287263379044056,26.770172710864777
-0.03743069008240992,-0.01542674701073137,-0.2755083409763868,-5.7196590444239765e-05,2.0,0.9418228441332771,0.00010001,39,8.80688142719168,24.741446374856544,2.0287263371881203,26.770172712044666
-0.03743069008240992,-0.01542674701073137,-0.27550833097638683,-5.7196590444239765e-05,2.0,0.9418228441332771,0.0001,39,8.806881427919615,24.74144637633256,2.028726335355424,26.770172711687984
-0.03743069008240992,-0.01542674701073137,-0.2755083409763868,-5.7196590444239765e-05,1.99999999,0.9418228441332771,0.0001,39,8.80688142793979,24.741446376736885,2.0287263386206904,26.770172715357578
-0.03743068008240992,-0.01542674701073137,-0.2755083409763868,-5.7196590444239765e-05,2.0,0.9418228441332771,0.0001,39,8.80688144456548,24.74144641498725,2.0287262995194704,26.770172714506717
-0.037429915200152014,-0.01542943570849028,-0.2754880494287967,-3.442141536834271e-05,2.0,0.9418073759424468,0.0001,39,8.806884416327012,24.741452372144604,2.028713648348234,26.77016602049284
-0.037429915200152014,-0.01542944570849028,-0.2754880494287967,-3.441141536834271e-05,2.0,0.9418073759424468,0.0001,39,8.806884416765719,24.74145237584321,2.0287136463705404,26.770166022213747
-0.037429915200152014,-0.01542944570849028,-0.2754880494287967,-3.442141536834271e-05,2.0,0.9418073859424468,0.0001,39,8.806884417788261,24.741452378330674,2.028713648202647,26.77016602653332
-0.037429915200152014,-0.01542944570849028,-0.2754880494287967,-3.442141536834271e-05,2.0,0.9418073759424468,0.0001,39,8.806884417897974,24.74145237854379,2.028713648919123,26.770166027462917
-0.037429915200152014,-0.01542944570849028,-0.2754880494287967,-3.442141536834271e-05,2.0,0.9418073759424468,0.00010001,39,8.80688441891995,24.741452380439622,2.028713648202647,26.77016602864227
-0.037429915200152014,-0.01542944570849028,-0.2754880394287967,-3.442141536834271e-05,2.0,0.9418073759424468,0.0001,39,8.806884419648233,24.741452381916336,2.0287136463705404,26.77016602828688
-0.037429915200152014,-0.01542944570849028,-0.2754880494287967,-3.442141536834271e-05,1.99999999,0.9418073759424468,0.0001,39,8.806884419668242,24.74145238232035,2.0287136496355984,26.770166031955945
-0.03742990520015201,-0.01542944570849028,-0.2754880494287967,-3.442141536834271e-05,2.0,0.9418073759424468,0.0001,39,8.806884436294926,24.741452420573175,2.0287136105342163,26.770166031107394
-0.03742949533757692,-0.015430897972181189,-0.2754770546468966,-2.2080903557552094e-05,2.0,0.941798994650492,0.0001,39,8.806886037611916,24.74145562670176,2.0287067737943927,26.770162400496158
-0.03742949533757692,-0.015430907972181189,-0.2754770546468966,-2.2070903557552093e-05,2.0,0.941798994650492,0.0001,39,8.806886038051056,24.74145563040113,2.0287067718169687,26.770162402218098
-0.03742949533757692,-0.015430907972181189,-0.2754770546468966,-2.2080903557552094e-05,2.0,0.941799004650492,0.0001,39,8.806886039073614,24.741455632888627,2.028706773648757,26.770162406537388
-0.03742949533757692,-0.015430907972181189,-0.2754770546468966,-2.2080903557552094e-05,2.0,0.941798994650492,0.0001,39,8.806886039183333,24.74145563310175,2.028706774365336,26.77016240746709
-0.03742949533757692,-0.015430907972181189,-0.2754770546468966,-2.2080903557552094e-05,2.0,0.941798994650492,0.00010001,39,8.80688604020521,24.741455634997394,2.028706773648757,26.77016240864615
-0.03742949533757692,-0.015430907972181189,-0.2754770446468966,-2.2080903557552094e-05,2.0,0.941798994650492,0.0001,39,8.806886040933685,24.74145563647448,2.0287067718169687,26.770162408291448
-0.03742949533757692,-0.015430907972181189,-0.2754770546468966,-2.2080903557552094e-05,1.99999999,0.941798994650492,0.0001,39,8.806886040953605,24.741455636878328,2.0287067750819157,26.770162411960243
-0.037429485337576916,-0.015430907972181189,-0.2754770546468966,-2.2080903557552094e-05,2.0,0.941798994650492,0.0001,39,8.806886057580826,24.741455675132496,2.0287067359804456,26.77016241111294
-0.03742878867522931,-0.015433359079109834,-0.27545854954820514,-1.3108336246183766e-06,2.0,0.9417848882647359,0.0001,39,8.806888766754314,24.741461105159374,2.028695204721842,26.770156309881212
-0.03742878867522931,-0.015433369079109834,-0.27545854954820514,-1.3008336246183767e-06,2.0,0.9417848882647359,0.0001,39,8.806888767194188,24.74146110886003,2.0286952027448724,26.770156311604907
-0.03742878867522931,-0.015433369079109834,-0.27545854954820514,-1.3108336246183766e-06,2.0,0.941784898264736,0.0001,39,8.806888768216773,24.741461111347576,2.028695204576123,26.7701563159237
-0.03742878867522931,-0.015433369079109834,-0.27545854954820514,-1.3108336246183766e-06,2.0,0.9417848882647359,0.0001,39,8.806888768326495,24.74146111156071,2.0286952052928764,26.770156316853587
-0.03742878867522931,-0.015433369079109834,-0.27545854954820514,-1.3108336246183766e-06,2.0,0.9417848882647359,0.00010001,39,8.806888769348216,24.741461113456037,2.028695204576123,26.77015631803216
-0.03742878867522931,-0.015433369079109834,-0.27545853954820515,-1.3108336246183766e-06,2.0,0.9417848882647359,0.0001,39,8.806888770077009,24.741461114933763,2.0286952027448724,26.770156317678634
-0.03742878867522931,-0.015433369079109834,-0.27545854954820514,-1.3108336246183766e-06,1.99999999,0.9417848882647359,0.0001,39,8.806888770096778,24.741461115337323,2.02869520600963,26.77015632134696
-0.037428778675229306,-0.015433369079109834,-0.27545854954820514,-1.3108336246183766e-06,2.0,0.9417848882647359,0.0001,39,8.806888786724901,24.741461153593747,2.0286951669080104,26.770156320501755
-0.03742868031022526,-0.015433736484051778,-0.2754557118349729,1.874207604570839e-06,2.0,0.9417827250837562,0.0001,39,8.806889185305135,24.741461945354153,2.028694385865084,26.770156331219233
-0.03742868031022526,-0.015433746484051778,-0.2754557118349729,1.884207604570839e-06,2.0,0.9417827250837562,0.0001,39,8.806889185745122,24.741461949055008,2.028694388984115,26.770156338039122
-0.03742868031022526,-0.015433746484051778,-0.2754557118349729,1.874207604570839e-06,2.0,0.9417827350837562,0.0001,39,8.80688918676771,24.741461951542565,2.028694385719353,26.770156337261916
-0.03742868031022526,-0.015433746484051778,-0.2754557118349729,1.874207604570839e-06,2.0,0.9417827250837562,0.0001,39,8.806889186877434,24.7414619517557,2.028694386436132,26.770156338191825
-0.03742868031022526,-0.015433746484051778,-0.2754557118349729,1.874207604570839e-06,2.0,0.9417827250837562,0.00010001,39,8.806889187899131,24.741461953650976,2.028694385719353,26.77015633937033
-0.03742868031022526,-0.015433746484051778,-0.2754557018349729,1.874207604570839e-06,2.0,0.9417827250837562,0.0001,39,8.80688918862797,24.741461955128795,2.02869438388815,26.77015633901695
-0.03742868031022526,-0.015433746484051778,-0.2754557118349729,1.874207604570839e-06,1.99999999,0.9417827250837562,0.0001,39,8.806889188647718,24.741461955532323,2.0286943871529126,26.770156342685233
-0.03742867031022526,-0.015433746484051778,-0.2754557118349729,1.874207604570839e-06,2.0,0.9417827250837562,0.0001,39,8.80688920527598,24.741461993789088,2.028694348051272,26.770156341840355
-0.037428411016945495,-0.015434674357081105,-0.2754486599540628,9.789218602516267e-06,2.0,0.9417773494543643,0.0001,39,8.80689022547787,24.74146403338588,2.0286940110018357,26.770158044387713
-0.037428411016945495,-0.015434684357081105,-0.2754486599540628,9.799218602516267e-06,2.0,0.9417773494543643,0.0001,39,8.806890225918137,24.741464037087226,2.0286940141209096,26.77015805120814
-0.037428411016945495,-0.015434684357081105,-0.2754486599540628,9.789218602516267e-06,2.0,0.9417773594543644,0.0001,39,8.806890226940734,24.741464039574804,2.0286940108560727,26.770158050430876
-0.037428411016945495,-0.015434684357081105,-0.2754486599540628,9.789218602516267e-06,2.0,0.9417773494543643,0.0001,39,8.806890227050461,24.741464039787946,2.0286940115729184,26.77015805136086
-0.037428411016945495,-0.015434684357081105,-0.2754486599540628,9.789218602516267e-06,2.0,0.9417773494543643,0.00010001,39,8.806890228072097,24.741464041683102,2.0286940108560727,26.770158052539173
-0.037428411016945495,-0.015434684357081105,-0.2754486499540628,9.789218602516267e-06,2.0,0.9417773494543643,0.0001,39,8.806890228801059,24.741464043161166,2.0286940090249277,26.770158052186087
-0.037428411016945495,-0.015434684357081105,-0.2754486599540628,9.789218602516267e-06,1.99999999,0.9417773494543643,0.0001,39,8.80689022882075,24.741464043564577,2.0286940122897645,26.770158055854342
-0.037428401016945494,-0.015434684357081105,-0.2754486599540628,9.789218602516267e-06,2.0,0.9417773494543643,0.0001,39,8.806890245449356,24.7414640818222,2.028693973188067,26.770158055010263
-0.03742737207038074,-0.01543829271682199,-0.27542145345469177,4.0325715812761405e-05,2.0,0.9417566100148402,0.0001,39,8.806894239180753,24.741472090440727,2.0286925651346643,26.77016465557539
-0.03742737207038074,-0.01543830271682199,-0.27542145345469177,4.0335715812761406e-05,2.0,0.9417566100148402,0.0001,39,8.806894239622096,24.741472094143965,2.0286925682539025,26.770164662397875
-0.03742737207038074,-0.01543830271682199,-0.27542145345469177,4.0325715812761405e-05,2.0,0.9417566200148403,0.0001,39,8.806894240644734,24.741472096631608,2.0286925649887793,26.770164661620385
-0.03742737207038074,-0.01543830271682199,-0.27542145345469177,4.0325715812761405e-05,2.0,0.9417566100148402,0.0001,39,8.806894240754467,24.741472096844767,2.028692565705881,26.770164662550652
-0.03742737207038074,-0.01543830271682199,-0.27542145345469177,4.0325715812761405e-05,2.0,0.9417566100148402,0.00010001,39,8.806894241775874,24.741472098739465,2.0286925649887793,26.770164663728245
-0.03742737207038074,-0.01543830271682199,-0.2754214434546918,4.0325715812761405e-05,2.0,0.9417566100148402,0.0001,39,8.806894242505303,24.741472100218463,2.02869256315786,26.770164663376327
-0.03742737207038074,-0.01543830271682199,-0.27542145345469177,4.0325715812761405e-05,1.99999999,0.9417566100148402,0.0001,39,8.806894242524773,24.741472100621458,2.0286925664229827,26.770164667044437
-0.03742736207038074,-0.01543830271682199,-0.27542145345469177,4.0325715812761405e-05,2.0,0.9417566100148402,0.0001,39,8.806894259154706,24.741472138882386,2.028692527321068,26.770164666203456
-0.03739270485073033,-0.015516721603054503,-0.2747932694492464,0.0007720563589450054,2.0,0.9412320536023155,0.0001,39,8.80700356601923,24.741694184355953,2.0286281638352532,26.7703223481912
-0.03739270485073033,-0.015516731603054503,-0.2747932694492464,0.0007720663589450054,2.0,0.9412320536023155,0.0001,39,8.807003566482107,24.741694188095348,2.028628166958351,26.7703223550537
-0.03739270485073033,-0.015516731603054503,-0.2747932694492464,0.0007720563589450054,2.0,0.9412320636023156,0.0001,39,8.80700356750619,24.741694190585786,2.0286281636858017,26.77032235427159
-0.03739270485073033,-0.015516731603054503,-0.2747932694492464,0.0007720563589450054,2.0,0.9412320536023155,0.0001,39,8.807003567616107,24.74169419079936,2.028628164409372,26.77032235520873
-0.03739270485073033,-0.015516731603054503,-0.2747932694492464,0.0007720563589450054,2.0,0.9412320536023155,0.00010001,39,8.807003568631943,24.74169419268296,2.0286281636858017,26.770322356368762
-0.03739270485073033,-0.015516731603054503,-0.27479325944924643,0.0007720563589450054,2.0,0.9412320536023155,0.0001,39,8.807003569372567,24.74169419418463,2.0286281618603925,26.770322356045018
-0.03739270485073033,-0.015516731603054503,-0.2747932694492464,0.0007720563589450054,1.99999999,0.9412320536023155,0.0001,39,8.807003569387495,24.741694194578955,2.0286281651329436,26.7703223597119
-0.03739269485073033,-0.015516731603054503,-0.2747932694492464,0.0007720563589450054,2.0,0.9412320536023155,0.0001,39,8.807003586074877,24.74169423297457,2.0286281260258425,26.77032235900041
-0.037358461575726296,-0.015594191384208093,-0.2741727674918201,0.0014948386845638345,2.0,0.9407139119783159,0.0001,39,8.807112172794781,24.741914837370466,2.028564919706771,26.77047975707724
-0.037358461575726296,-0.015594201384208093,-0.2741727674918201,0.0014948486845638344,2.0,0.9407139119783159,0.0001,39,8.807112173278883,24.741914841145494,2.0285649228336817,26.770479763979175
-0.037358461575726296,-0.015594201384208093,-0.2741727674918201,0.0014948386845638345,2.0,0.9407139219783159,0.0001,39,8.807112174304395,24.741914843638696,2.0285649195537943,26.770479763192494
-0.037358461575726296,-0.015594201384208093,-0.2741727674918201,0.0014948386845638345,2.0,0.9407139119783159,0.0001,39,8.807112174414488,24.74191484385268,2.028564920283756,26.770479764136436
-0.037358461575726296,-0.015594201384208093,-0.2741727674918201,0.0014948386845638345,2.0,0.9407139119783159,0.00010001,39,8.807112175424834,24.741914845725322,2.0285649195537943,26.77047976527912
-0.037358461575726296,-0.015594201384208093,-0.27417275749182013,0.0014948386845638345,2.0,0.9407139119783159,0.0001,39,8.807112176176506,24.741914847249365,2.0285649177338305,26.770479764983204
-0.037358461575726296,-0.015594201384208093,-0.2741727674918201,0.0014948386845638345,1.99999999,0.9407139119783159,0.0001,39,8.80711217618694,24.741914847635133,2.028564921013718,26.77047976864885
-0.037358451575726294,-0.015594201384208093,-0.2741727674918201,0.0014948386845638345,2.0,0.9407139119783159,0.0001,39,8.807112192931125,24.741914886163837,2.028564881901494,26.770479768065325
-0.03721530058862934,-0.015918069586244112,-0.2715786326519059,0.004516577439972615,2.0,0.9385477153648476,0.0001,39,8.807572857570111,24.742851030864195,2.028304492795988,26.771155523660184
-0.03721530058862934,-0.015918079586244114,-0.2715786326519059,0.004516587439972615,2.0,0.9385477153648476,0.0001,39,8.807572858142443,24.742851034787304,2.028304495938838,26.771155530726148
-0.03721530058862934,-0.015918079586244114,-0.2715786326519059,0.004516577439972615,2.0,0.9385477253648477,0.0001,39,8.807572859173948,24.742851037292084,2.028304492628279,26.771155529920364
-0.03721530058862934,-0.015918079586244114,-0.2715786326519059,0.004516577439972615,2.0,0.9385477153648476,0.0001,39,8.807572859284758,24.742851037507712,2.0283044933849568,26.77115553089267
-0.03721530058862934,-0.015918079586244114,-0.2715786326519059,0.004516577439972615,2.0,0.9385477153648476,0.00010001,39,8.807572860272158,24.742851039334607,2.028304492628279,26.771155531962883
-0.03721530058862934,-0.015918079586244114,-0.2715786226519059,0.004516577439972615,2.0,0.9385477153648476,0.0001,39,8.807572861069998,24.742851040952136,2.028304490831076,26.771155531783215
-0.03721530058862934,-0.015918079586244114,-0.2715786326519059,0.004516577439972615,1.99999999,0.9385477153648476,0.0001,39,8.807572861061637,24.742851041302004,2.028304494141635,26.77115553544364
-0.03721529058862934,-0.015918079586244114,-0.2715786326519059,0.004516577439972615,2.0,0.9385477153648476,0.0001,39,8.807572878043832,24.742851080387716,2.0283044550079907,26.771155535395707
-0.03616186175886675,-0.016481278084262238,-0.2581573010811573,0.020785180448748455,2.0,0.923156883372141,0.0001,39,8.810516437408742,24.748639584146055,2.026339099091454,26.774978683237507
-0.03616186175886675,-0.01648128808426224,-0.2581573010811573,0.020785190448748457,2.0,0.923156883372141,0.0001,39,8.81051643806405,24.74863958808424,2.026339102281479,26.77497869036572
-0.03616186175886675,-0.01648128808426224,-0.2581573010811573,0.020785180448748455,2.0,0.923156893372141,0.0001,39,8.810516439114169,24.74863959062847,2.0263390987547627,26.774978689383232
-0.03616186175886675,-0.01648128808426224,-0.2581573010811573,0.020785180448748455,2.0,0.923156883372141,0.0001,39,8.810516439227277,24.748639590849567,2.026339099701261,26.77497869055083
-0.03616186175886675,-0.01648128808426224,-0.2581573010811573,0.020785180448748455,2.0,0.923156883372141,0.00010001,39,8.810516440097604,24.748639592441712,2.0263390987547627,26.77497869119648
-0.03616186175886675,-0.01648128808426224,-0.2581572910811573,0.020785180448748455,2.0,0.923156883372141,0.0001,39,8.810516441106536,24.74863959450402,2.0263390971210433,26.774978691625062
-0.03616186175886675,-0.01648128808426224,-0.2581573010811573,0.020785180448748455,1.99999999,0.923156883372141,0.0001,39,8.81051644104606,24.748639594751335,2.0263391006477596,26.77497869539909
-0.03616185175886675,-0.01648128808426224,-0.2581573010811573,0.020785180448748455,2.0,0.923156883372141,0.0001,39,8.810516460116924,24.748639638631452,2.0263390613632724,26.774978699994726
-0.03931883772073181,-0.02828819961346232,-0.24437343644810172,0.035470228503621866,2.0,0.9456336845213831,0.0001,39,8.810740500850109,24.750276878614148,2.0378556579289047,26.788132536543053
-0.03931883772073181,-0.02828820961346232,-0.24437343644810172,0.03547023850362187,2.0,0.9456336845213831,0.0001,39,8.810740505415733,24.75027689040356,2.037855661564122,26.78813255196768
-0.03931883772073181,-0.02828820961346232,-0.24437343644810172,0.035470228503621866,2.0,0.9456336945213831,0.0001,39,8.810740506527814,24.750276893002013,2.0378556583062832,26.788132551308298
-0.03931883772073181,-0.02828820961346232,-0.24437343644810172,0.035470228503621866,2.0,0.9456336845213831,0.0001,39,8.810740506601615,24.750276893156613,2.037855658975568,26.78813255213218
-0.03931883772073181,-0.02828820961346232,-0.24437343644810172,0.035470228503621866,2.0,0.9456336845213831,0.00010001,39,8.810740507354739,24.750276894522667,2.0378556583062832,26.788132552828944
-0.03931883772073181,-0.02828820961346232,-0.24437343644810172,0.035470228503621866,1.99999999,0.9456336845213831,0.0001,39,8.810740508141992,24.75027689639644,2.0378556596448525,26.788132556041287
-0.03931883772073181,-0.02828820961346232,-0.24437342644810173,0.035470228503621866,2.0,0.9456336845213831,0.0001,39,8.810740508766312,24.750276897207314,2.0378556563870136,26.788132553594327
-0.03931882772073181,-0.02828820961346232,-0.24437343644810172,0.035470228503621866,2.0,0.9456336845213831,0.0001,39,8.81074051772569,24.750276919174254,2.0378556205207703,26.788132539695024
-0.04167705403335465,-0.03767038480527251,-0.3007119123455544,-0.006379717948903615,2.0,1.0063026370945822,0.0001,39,8.808917148733316,24.752509030723974,2.053685230745815,26.806194261469788
-0.04167705403335465,-0.03767039480527251,-0.3007119123455544,-0.0063797079489036155,2.0,1.0063026370945822,0.0001,39,8.808917156530587,24.752509049212303,2.053685229299022,26.806194278511324
-0.04167705403335465,-0.03767039480527251,-0.3007119123455544,-0.006379717948903615,2.0,1.0063026370945822,0.0001,39,8.80891715797058,24.75250905241698,2.0536852321396197,26.806194284556604
-0.04167705403335465,-0.03767039480527251,-0.3007119123455544,-0.006379717948903615,2.0,1.0063026470945822,0.0001,39,8.808917158023927,24.752509052502894,2.0536852322185855,26.806194284721474
-0.04167705403335465,-0.03767039480527251,-0.3007119123455544,-0.006379717948903615,2.0,1.0063026370945822,0.00010001,39,8.80891715903088,24.752509054408875,2.0536852322185855,26.806194286627466
-0.04167705403335465,-0.03767039480527251,-0.3007119123455544,-0.006379717948903615,1.99999999,1.0063026370945822,0.0001,39,8.808917159364025,24.75250905516614,2.053685232060654,26.8061942872268
-0.04167705403335465,-0.03767039480527251,-0.3007119023455544,-0.006379717948903615,2.0,1.0063026370945822,0.0001,39,8.808917160137934,24.75250905631444,2.053685229299022,26.80619428561346
-0.04167704403335465,-0.03767039480527251,-0.3007119123455544,-0.006379717948903615,2.0,1.0063026370945822,0.0001,39,8.808917163519896,24.752509063594943,2.053685193597569,26.806194257192516
-0.039769096691347684,-0.029830311886352715,-0.23329507640108202,0.04716609491846918,2.0,0.9390694866757018,0.0001,39,8.812319609965673,24.75297857601696,2.040379225661015,26.793357801677974
-0.039769096691347684,-0.029830321886352717,-0.23329507640108202,0.04716610491846918,2.0,0.9390694866757018,0.0001,39,8.812319615045068,24.75297858882146,2.0403792293590026,26.793357818180464
-0.039769096691347684,-0.029830321886352717,-0.23329507640108202,0.04716609491846918,2.0,0.9390694966757018,0.0001,39,8.81231961611633,24.752978591324876,2.040379226014494,26.793357817339373
-0.039769096691347684,-0.029830321886352717,-0.23329507640108202,0.04716609491846918,2.0,0.9390694866757018,0.0001,39,8.81231961617914,24.752978591461034,2.0403792267647365,26.793357818225765
-0.039769096691347684,-0.029830321886352717,-0.23329507640108202,0.04716609491846918,2.0,0.9390694866757018,0.00010001,39,8.812319616858753,24.752978592679558,2.040379226014494,26.793357818694055
-0.039769096691347684,-0.029830321886352717,-0.23329507640108202,0.04716609491846918,1.99999999,0.9390694866757018,0.0001,39,8.812319617654685,24.752978594562283,2.04037922751498,26.79335782207726
-0.039769096691347684,-0.029830321886352717,-0.23329506640108202,0.04716609491846918,2.0,0.9390694866757018,0.0001,39,8.812319618400608,24.75297859560004,2.0403792241704712,26.793357819770513
-0.03976908669134768,-0.029830321886352717,-0.23329507640108202,0.04716609491846918,2.0,0.9390694866757018,0.0001,39,8.812319625555276,24.75297861382605,2.04037918829328,26.79335780211932
-0.039726534956549646,-0.025215680694729986,-0.22054158852124367,0.049999681770814194,2.0,0.9208118733790003,0.04757994130691319,39,8.81566598261966,24.757145574313547,2.035551796857112,26.79269737117066
-0.039726534956549646,-0.025215690694729988,-0.22054158852124367,0.049999691770814196,2.0,0.9208118733790003,0.04757994130691319,39,8.81566598616444,24.757145584082892,2.0355518002925996,26.792697384375487
-0.039726534956549646,-0.025215690694729988,-0.22054158852124367,0.049999681770814194,2.0,0.9208118833790003,0.04757994130691319,39,8.815665987170672,24.757145586520025,2.0355517974002586,26.79269738392028
-0.039726534956549646,-0.025215690694729988,-0.22054158852124367,0.049999681770814194,2.0,0.9208118733790003,0.04757994130691319,39,8.815665987266925,24.757145586716263,2.0355517977900925,26.792697384506358
-0.039726534956549646,-0.025215690694729988,-0.22054158852124367,0.049999681770814194,2.0,0.9208118733790003,0.04757995130691319,39,8.815665987989556,24.757145588013877,2.0355517974002586,26.792697385414137
-0.039726534956549646,-0.025215690694729988,-0.22054158852124367,0.049999681770814194,1.99999999,0.9208118733790003,0.04757994130691319,39,8.815665988715004,24.757145589811756,2.0355517981799265,26.792697387991673
-0.039726534956549646,-0.025215690694729988,-0.22054157852124368,0.049999681770814194,2.0,0.9208118733790003,0.04757994130691319,39,8.815665989191789,24.757145590331543,2.035551795287586,26.792697385619128
-0.039726524956549644,-0.025215690694729988,-0.22054158852124367,0.049999681770814194,2.0,0.9208118733790003,0.04757994130691319,39,8.815665996409496,24.757145609471184,2.035551759320211,26.792697368791398
-0.033573731292997795,-0.014898388300134487,-0.2505397498829465,0.036026235232072455,2.0,0.8997996303705085,0.0001,39,8.816415766482994,24.760930723597916,2.020878328305824,26.78180905190374
-0.033573731292997795,-0.014898398300134487,-0.2505397498829465,0.03602624523207246,2.0,0.8997996303705085,0.0001,39,8.816415766332824,24.76093072570677,2.0208783315077996,26.781809057214563
-0.033573731292997795,-0.014898398300134487,-0.2505397498829465,0.036026235232072455,2.0,0.8997996403705085,0.0001,39,8.816415767459224,24.76093072841345,2.020878327622493,26.781809056035943
-0.033573731292997795,-0.014898398300134487,-0.2505397498829465,0.036026235232072455,2.0,0.8997996303705085,0.0001,39,8.816415767573144,24.760930728636033,2.0208783288570644,26.781809057493092
-0.033573731292997795,-0.014898398300134487,-0.2505397498829465,0.036026235232072455,2.0,0.8997996303705085,0.00010001,39,8.816415768341402,24.760930730021446,2.020878327622493,26.781809057643937
-0.033573731292997795,-0.014898398300134487,-0.25053973988294653,0.036026235232072455,2.0,0.8997996303705085,0.0001,39,8.816415769510385,24.760930732476197,2.0208783262063292,26.781809058682526
-0.033573731292997795,-0.014898398300134487,-0.2505397498829465,0.036026235232072455,1.99999999,0.8997996303705085,0.0001,39,8.816415769521573,24.760930732830225,2.020878330091636,26.781809062921862
-0.033573721292997794,-0.014898398300134487,-0.2505397498829465,0.036026235232072455,2.0,0.8997996303705085,0.0001,39,8.816415794943387,24.76093079048825,2.020878290614837,26.78180908110308
-0.038968772130186034,-0.020377116488638578,-0.18939598636127636,0.07190267866448055,2.0,0.8875993180589997,0.06602556173080489,39,8.819642131702677,24.762137639186534,2.0306663164456418,26.792803955632177
-0.038968772130186034,-0.02037712648863858,-0.18939598636127636,0.07190268866448055,2.0,0.8875993180589997,0.06602556173080489,39,8.819642134036183,24.762137646417454,2.0306663196166075,26.792803966034057
-0.038968772130186034,-0.02037712648863858,-0.18939598636127636,0.07190267866448055,2.0,0.8875993280589998,0.06602556173080489,39,8.819642134909806,24.762137648633423,2.0306663166276353,26.792803965261054
-0.038968772130186034,-0.02037712648863858,-0.18939598636127636,0.07190267866448055,2.0,0.8875993180589997,0.06602556173080489,39,8.819642135017745,24.762137648850462,2.0306663171995947,26.792803966050055
-0.038968772130186034,-0.02037712648863858,-0.18939598636127636,0.07190267866448055,2.0,0.8875993180589997,0.06602557173080488,39,8.819642135597608,24.762137649856868,2.0306663166276353,26.792803966484502
-0.038968772130186034,-0.02037712648863858,-0.18939598636127636,0.07190267866448055,1.99999999,0.8875993180589997,0.06602556173080489,39,8.81964213648675,24.76213765206888,2.030666317771555,26.792803969840442
-0.038968772130186034,-0.02037712648863858,-0.18939597636127636,0.07190267866448055,2.0,0.8875993180589997,0.06602556173080489,39,8.819642136870883,24.762137652392653,2.0306663147825823,26.792803967175235
-0.03896876213018603,-0.02037712648863858,-0.18939598636127636,0.07190267866448055,2.0,0.8875993180589997,0.06602556173080489,39,8.819642145617115,24.762137676110786,2.0306662787577507,26.792803954868535
-0.04313174169711209,0.019599355781073996,-0.08932990236175933,0.12599851155556444,2.0,0.7010884070772478,0.13865965411242093,39,8.833886153255433,24.769334513050474,2.051020583208464,26.820355096258933
-0.04313174169711209,0.019599355781073996,-0.08932990236175933,0.12599852155556443,2.0,0.7010884070772478,0.13865965411242093,39,8.83388615375985,24.7693345134228,2.0510205852002517,26.82035509862305
-0.04313174169711209,0.019599355781073996,-0.08932990236175933,0.12599851155556444,2.0,0.7010884170772479,0.13865965411242093,39,8.833886153478716,24.769334513492012,2.0510205812320232,26.82035509472404
-0.04313174169711209,0.019599355781073996,-0.08932990236175933,0.12599851155556444,2.0,0.7010884070772478,0.13865966411242092,39,8.833886153601174,24.769334513570605,2.0510205812320232,26.820355094802633
-0.04313174169711209,0.019599355781073996,-0.08932989236175934,0.12599851155556444,2.0,0.7010884070772478,0.13865965411242093,39,8.833886153885281,24.769334514316032,2.051020581216676,26.820355095532705
-0.04313174169711209,0.019599355781073996,-0.08932990236175933,0.12599851155556444,1.99999999,0.7010884070772478,0.13865965411242093,39,8.833886154191303,24.769334515458688,2.051020585184905,26.82035510064359
-0.04313174169711209,0.019599365781073998,-0.08932990236175933,0.12599851155556444,2.0,0.7010884070772478,0.13865965411242093,39,8.833886156563644,24.769334516280217,2.0510205839336404,26.820355100213856
-0.04313173169711209,0.019599355781073996,-0.08932990236175933,0.12599851155556444,2.0,0.7010884070772478,0.13865965411242093,39,8.83388615308375,24.769334522318207,2.05102054461259,26.820355066930794
-0.03821360769075882,-0.01145733900117896,-0.14797400166902017,0.09524344477915175,2.0,0.8390334700057558,0.1282311246790495,39,8.827089893710715,24.772266282854428,2.0223546018139427,26.794620884668372
-0.03821360769075882,-0.01145734900117896,-0.14797400166902017,0.09524345477915175,2.0,0.8390334700057558,0.1282311246790495,39,8.82708989407178,24.772266285986213,2.0223546044876253,26.794620890473837
-0.03821360769075882,-0.01145734900117896,-0.14797400166902017,0.09524344477915175,2.0,0.8390334800057558,0.1282311246790495,39,8.82708989481769,24.772266288046925,2.0223546018341274,26.794620889881056
-0.03821360769075882,-0.01145734900117896,-0.14797400166902017,0.09524344477915175,2.0,0.8390334700057558,0.1282311246790495,39,8.827089894904423,24.77226628821923,2.022354602237864,26.79462089045709
-0.03821360769075882,-0.01145734900117896,-0.14797400166902017,0.09524344477915175,2.0,0.8390334700057558,0.1282311346790495,39,8.827089895359615,24.772266288964733,2.0223546018341274,26.79462089079886
-0.03821360769075882,-0.01145734900117896,-0.14797399166902017,0.09524344477915175,2.0,0.8390334700057558,0.1282311246790495,39,8.827089896414225,24.77226629119775,2.0223545999881023,26.79462089118585
-0.03821360769075882,-0.01145734900117896,-0.14797400166902017,0.09524344477915175,1.99999999,0.8390334700057558,0.1282311246790495,39,8.827089896368875,24.77226629154183,2.0223546026416006,26.79462089418343
-0.03821359769075882,-0.01145734900117896,-0.14797400166902017,0.09524344477915175,2.0,0.8390334700057558,0.1282311246790495,39,8.827089906722907,24.772266320127624,2.0223545638239604,26.794620883951588
-0.03785842957405956,-0.0029135736799424375,-0.11822987284928484,0.10727858137325491,2.0,0.8012460949646344,0.1771423117074046,39,8.832554955826017,24.779455836656656,2.016551451218956,26.79600728787561
-0.03785842957405956,-0.0029135836799424374,-0.11822987284928484,0.1072785913732549,2.0,0.8012460949646344,0.1771423117074046,39,8.832554954753201,24.779455836787783,2.0165514534127116,26.796007290200492
-0.03785842957405956,-0.0029135836799424374,-0.11822987284928484,0.10727858137325491,2.0,0.8012461049646344,0.1771423117074046,39,8.832554955422294,24.77945583877956,2.0165514510602147,26.79600728983977
-0.03785842957405956,-0.0029135836799424374,-0.11822987284928484,0.10727858137325491,2.0,0.8012460949646344,0.1771423117074046,39,8.832554955449057,24.77945583883249,2.0165514513267584,26.79600729015925
-0.03785842957405956,-0.0029135836799424374,-0.11822987284928484,0.10727858137325491,2.0,0.8012460949646344,0.1771423217074046,39,8.832554955821323,24.779455839405628,2.0165514510602147,26.796007290465838
-0.03785842957405956,-0.0029135836799424374,-0.11822986284928484,0.10727858137325491,2.0,0.8012460949646344,0.1771423117074046,39,8.832554956641994,24.779455841274025,2.0165514492408056,26.79600729051483
-0.03785842957405956,-0.0029135836799424374,-0.11822987284928484,0.10727858137325491,1.99999999,0.8012460949646344,0.1771423117074046,39,8.832554956911999,24.779455842238594,2.0165514515933007,26.79600729383189
-0.03785841957405956,-0.0029135836799424374,-0.11822987284928484,0.10727858137325491,2.0,0.8012460949646344,0.1771423117074046,39,8.832554968147877,24.77945587417084,2.0165514129259967,26.796007287096835
-0.03768020433676517,0.0008843458198657189,-0.10842968022835849,0.11015306540845422,2.0,0.7876729818393059,0.1934258568425755,39,8.834564842609675,24.782150861012646,2.014362653089193,26.79651351410184
-0.03768020433676517,0.0008843558198657189,-0.10842968022835849,0.11015305540845423,2.0,0.7876729818393059,0.1934258568425755,39,8.834564844258173,24.78215086208852,2.014362651100024,26.796513513188543
-0.03768020433676517,0.0008843458198657189,-0.10842968022835849,0.11015305540845423,2.0,0.7876729818393059,0.1934258568425755,39,8.834564843250401,24.782150862979886,2.0143626510673025,26.796513514047184
-0.03768020433676517,0.0008843458198657189,-0.10842968022835849,0.11015305540845423,2.0,0.787672991839306,0.1934258568425755,39,8.834564843259084,24.782150862997035,2.0143626508341885,26.796513513831226
-0.03768020433676517,0.0008843458198657189,-0.10842968022835849,0.11015305540845423,2.0,0.7876729818393059,0.19342586684257548,39,8.834564843595961,24.782150863498213,2.0143626508341885,26.796513514332403
-0.03768020433676517,0.0008843458198657189,-0.10842967022835849,0.11015305540845423,2.0,0.7876729818393059,0.1934258568425755,39,8.834564844318866,24.78215086521144,2.0143626490454123,26.796513514256848
-0.03768020433676517,0.0008843458198657189,-0.10842968022835849,0.11015305540845423,1.99999999,0.7876729818393059,0.1934258568425755,39,8.834564844723237,24.782150866439153,2.014362651300417,26.79651351773958
-0.03768019433676517,0.0008843458198657189,-0.10842968022835849,0.11015305540845423,2.0,0.7876729818393059,0.1934258568425755,39,8.834564856566653,24.78215090020904,2.014362612673136,26.79651351288218
-0.037621012301847556,0.0018263718620130556,-0.10680111387961255,0.11029862057025927,2.0,0.7850013129667182,0.1960974945097219,39,8.834997645860728,24.782766088477317,2.0138412900848266,26.796607378562143
-0.037621012301847556,0.0018263818620130555,-0.10680111387961255,0.11029861057025928,2.0,0.7850013129667182,0.1960974945097219,39,8.834997647655896,24.782766089858352,2.0138412881442305,26.796607378002584
-0.037621012301847556,0.0018263718620130556,-0.10680111387961255,0.11029861057025928,2.0,0.7850013129667182,0.1960974945097219,39,8.83499764649023,24.782766090428836,2.0138412880766543,26.79660737850549
-0.037621012301847556,0.0018263718620130556,-0.10680111387961255,0.11029861057025928,2.0,0.7850013229667182,0.1960974945097219,39,8.83499764650845,24.78276609046481,2.0138412878435394,26.796607378308348
-0.037621012301847556,0.0018263718620130556,-0.10680111387961255,0.11029861057025928,2.0,0.7850013129667182,0.19609750450972188,39,8.834997646832333,24.782766090940285,2.0138412878435394,26.796607378783825
-0.037621012301847556,0.0018263718620130556,-0.10680110387961256,0.11029861057025928,2.0,0.7850013129667182,0.1960974945097219,39,8.834997647532553,24.78276609261727,2.0138412860684816,26.79660737868575
-0.037621012301847556,0.0018263718620130556,-0.10680111387961255,0.11029861057025928,1.99999999,0.7850013129667182,0.1960974945097219,39,8.83499764796875,24.78276609390683,2.0138412883097687,26.796607382216603
-0.037621002301847555,0.0018263718620130556,-0.10680111387961255,0.11029861057025928,2.0,0.7850013129667182,0.1960974945097219,39,8.834997660038013,24.7827661282699,2.0138412496846763,26.796607377954572
-0.037626744470481026,0.0035107984157983965,-0.10592068145111795,0.10841436735406548,2.0,0.7823004677558885,0.1987754830790064,39,8.835501886701843,24.783374292509276,2.0133288003828307,26.796703092892102
-0.037626744470481026,0.0035108084157983964,-0.10592068145111795,0.10841435735406549,2.0,0.7823004677558885,0.1987754830790064,39,8.835501888762028,24.783374294424508,2.0133287985301314,26.79670309295464
-0.037626744470481026,0.0035107984157983965,-0.10592068145111795,0.10841435735406549,2.0,0.7823004677558885,0.1987754830790064,39,8.835501887310766,24.783374294429088,2.0133287984002313,26.79670309282931
-0.037626744470481026,0.0035107984157983965,-0.10592068145111795,0.10841435735406549,2.0,0.7823004777558885,0.1987754830790064,39,8.835501887346778,24.783374294500113,2.0133287981668353,26.796703092666952
-0.037626744470481026,0.0035107984157983965,-0.10592068145111795,0.10841435735406549,2.0,0.7823004677558885,0.19877549307900638,39,8.83550188766037,24.783374294956744,2.0133287981668353,26.796703093123575
-0.037626744470481026,0.0035107984157983965,-0.10592067145111796,0.10841435735406549,2.0,0.7823004677558885,0.1987754830790064,39,8.835501888304352,24.783374296532983,2.013328796417633,26.796703092950608
-0.037626744470481026,0.0035107984157983965,-0.10592068145111795,0.10841435735406549,1.99999999,0.7823004677558885,0.1987754830790064,39,8.835501888796777,24.783374297932255,2.013328798633628,26.796703096565885
-0.037626734470481024,0.0035107984157983965,-0.10592068145111795,0.10841435735406549,2.0,0.7823004677558885,0.1987754830790064,39,8.835501901103498,24.783374332938006,2.0133287600080414,26.796703092946043
-0.03762672569753264,0.004453129717349697,-0.10569623994950955,0.10694055476206138,2.0,0.7805428940791317,0.1993603248417008,39,8.835770143542085,24.783733457350007,2.013035469354717,26.796768926704722
-0.03762672569753264,0.004453129717349697,-0.10569623994950955,0.10694054476206138,2.0,0.7805428940791317,0.1993603248417008,39,8.83577014414298,24.78373345925817,2.0130354673878266,26.796768926646
-0.03762672569753264,0.004453129717349697,-0.10569623994950955,0.10694054476206138,2.0,0.7805429040791317,0.1993603248417008,39,8.835770144189281,24.783733459349452,2.013035467139966,26.796768926489417
-0.03762672569753264,0.004453139717349697,-0.10569623994950955,0.10694054476206138,2.0,0.7805428940791317,0.1993603248417008,39,8.835770145740435,24.78373345954377,2.0130354675525934,26.796768927096366
-0.03762672569753264,0.004453129717349697,-0.10569623994950955,0.10694054476206138,2.0,0.7805428940791317,0.1993603348417008,39,8.835770144497534,24.78373345979687,2.013035467139966,26.79676892693684
-0.03762672569753264,0.004453129717349697,-0.10569622994950956,0.10694054476206138,2.0,0.7805428940791317,0.1993603248417008,39,8.835770145115418,24.783733461326584,2.013035465420937,26.796768926747525
-0.03762672569753264,0.004453129717349697,-0.10569623994950955,0.10694054476206138,1.99999999,0.7805428940791317,0.1993603248417008,39,8.83577014563568,24.783733462780134,2.0130354676356874,26.796768930415823
-0.03762671569753264,0.004453129717349697,-0.10569623994950955,0.10694054476206138,2.0,0.7805428940791317,0.1993603248417008,39,8.835770158127714,24.7837334982459,2.013035428995639,26.796768927241544
-0.03990095963896781,0.012975870585455252,-0.061847158956612594,0.10528048474289949,2.0,0.7814745071039254,0.17952257160871432,39,8.838710577558189,24.785478462484242,2.0147468796048082,26.800225342089057
-0.03990095963896781,0.012975870585455252,-0.061847158956612594,0.10528047474289949,2.0,0.7814745071039254,0.17952257160871432,39,8.838710577976533,24.78547846404327,2.0147468780588778,26.800225342102152
-0.03990095963896781,0.012975870585455252,-0.061847158956612594,0.10528047474289949,2.0,0.7814745071039254,0.17952258160871432,39,8.83871057812116,24.78547846419159,2.014746877577842,26.800225341769433
-0.03990095963896781,0.012975870585455252,-0.061847158956612594,0.10528047474289949,2.0,0.7814745171039255,0.17952257160871432,39,8.838710578117453,24.7854784643215,2.014746877577842,26.80022534189934
-0.03990095963896781,0.012975880585455252,-0.061847158956612594,0.10528047474289949,2.0,0.7814745071039254,0.17952257160871432,39,8.838710579899125,24.78547846498431,2.0147468785389853,26.800225343523298
-0.03990095963896781,0.012975870585455252,-0.06184714895661259,0.10528047474289949,2.0,0.7814745071039254,0.17952257160871432,39,8.838710579158017,24.785478466518036,2.0147468765129473,26.800225343030984
-0.03990095963896781,0.012975870585455252,-0.061847158956612594,0.10528047474289949,1.99999999,0.7814745071039254,0.17952257160871432,39,8.83871057940128,24.785478467506948,2.014746878539914,26.80022534604686
-0.03990094963896781,0.012975870585455252,-0.061847158956612594,0.10528047474289949,2.0,0.7814745071039254,0.17952257160871432,39,8.838710589330773,24.78547849860451,2.0147468395825423,26.800225338187055
-0.04054817129041582,0.015200326564641781,-0.04226020275053623,0.11202006087574956,2.0,0.7856451982087258,0.17070258231036012,39,8.840599537385641,24.7876781512134,2.0156810396471445,26.803359190860544
-0.04054817129041582,0.015200326564641781,-0.04226020275053623,0.11202005087574957,2.0,0.7856451982087258,0.1707025923103601,39,8.840599537754786,24.787678152539286,2.0156810376816745,26.803359190220963
-0.04054817129041582,0.015200326564641781,-0.04226020275053623,0.11202005087574957,2.0,0.7856451982087258,0.17070258231036012,39,8.840599537715919,24.78767815259601,2.015681038220052,26.80335919081606
-0.04054817129041582,0.015200326564641781,-0.04226020275053623,0.11202005087574957,2.0,0.7856452082087259,0.17070258231036012,39,8.84059953788381,24.787678152928073,2.0156810376816745,26.80335919060975
-0.04054817129041582,0.015200336564641781,-0.04226020275053623,0.11202005087574957,2.0,0.7856451982087258,0.17070258231036012,39,8.840599539728363,24.787678153739297,2.015681038782465,26.803359192521757
-0.04054817129041582,0.015200326564641781,-0.042260192750536225,0.11202005087574957,2.0,0.7856451982087258,0.17070258231036012,39,8.84059953900662,24.787678155280283,2.01568103679296,26.803359192073245
-0.04054817129041582,0.015200326564641781,-0.04226020275053623,0.11202005087574957,1.99999999,0.7856451982087258,0.17070258231036012,39,8.840599539102726,24.78767815601181,2.0156810387584296,26.803359194770238
-0.040548161290415816,0.015200326564641781,-0.04226020275053623,0.11202005087574957,2.0,0.7856451982087258,0.17070258231036012,39,8.840599548042928,24.78767818544023,2.015680999719769,26.803359185160005
-0.039074629005541144,-0.003066763950922893,-0.004959378433389632,0.17477206855671357,2.0,0.902703012999429,0.21238561441850068,39,8.84340774972018,24.795194236509367,2.0205264670279135,26.815720703537284
-0.039074629005541144,-0.003066773950922893,-0.004959378433389632,0.17477207855671356,2.0,0.902703012999429,0.21238561441850068,39,8.843407749513746,24.795194237932165,2.0205264688038995,26.815720706736066
-0.039074629005541144,-0.003066773950922893,-0.004959378433389632,0.17477206855671357,2.0,0.902703012999429,0.21238562441850067,39,8.84340774979824,24.795194239011877,2.02052646856081,26.815720707572684
-0.039074629005541144,-0.003066773950922893,-0.004959378433389632,0.17477206855671357,2.0,0.9027030229994291,0.21238561441850068,39,8.843407750046758,24.79519423968461,2.02052646856081,26.815720708245422
-0.039074629005541144,-0.003066773950922893,-0.004959378433389632,0.17477206855671357,2.0,0.902703012999429,0.21238561441850068,39,8.843407750076036,24.79519423974398,2.0205264671413836,26.81572070688537
-0.039074629005541144,-0.003066773950922893,-0.004959378433389632,0.17477206855671357,1.99999999,0.902703012999429,0.21238561441850068,39,8.84340775137426,24.795194242926996,2.0205264657219573,26.815720708648954
-0.039074629005541144,-0.003066773950922893,-0.004959368433389632,0.17477206855671357,2.0,0.902703012999429,0.21238561441850068,39,8.843407751815903,24.79519424324925,2.020526465478868,26.81572070872811
-0.03907461900554114,-0.003066773950922893,-0.004959378433389632,0.17477206855671357,2.0,0.902703012999429,0.21238561441850068,39,8.843407759017598,24.795194269448064,2.0205264286956233,26.815720698143693
-0.03958796596520377,0.013565390946694768,-0.02476635930594331,0.1068248502678881,2.0,0.8170714294880629,0.18261160178639313,39,8.844739723810966,24.798039805199465,2.0077240697338827,26.80576387493335
-0.03958796596520377,0.013565390946694768,-0.02476635930594331,0.1068248402678881,2.0,0.8170714294880629,0.18261161178639312,39,8.844739724411898,24.798039807024903,2.007724068512754,26.805763875537664
-0.03958796596520377,0.013565390946694768,-0.02476635930594331,0.1068248402678881,2.0,0.8170714294880629,0.18261160178639313,39,8.844739724478845,24.798039807278023,2.0077240685166644,26.805763875794685
-0.03958796596520377,0.013565400946694768,-0.02476635930594331,0.1068248402678881,2.0,0.8170714294880629,0.18261160178639313,39,8.844739725889166,24.798039807421496,2.007724069018584,26.805763876440075
-0.03958796596520377,0.013565390946694768,-0.02476635930594331,0.1068248402678881,2.0,0.8170714394880629,0.18261160178639313,39,8.84473972462507,24.798039807567605,2.007724068512754,26.805763876080356
-0.03958796596520377,0.013565390946694768,-0.02476634930594331,0.1068248402678881,2.0,0.8170714294880629,0.18261160178639313,39,8.844739726042116,24.798039810532075,2.0077240672994456,26.80576387783152
-0.03958796596520377,0.013565390946694768,-0.02476635930594331,0.1068248402678881,1.99999999,0.8170714294880629,0.18261160178639313,39,8.84473972603204,24.79803981104761,2.0077240685205733,26.805763879568186
-0.039587955965203765,0.013565390946694768,-0.02476635930594331,0.1068248402678881,2.0,0.8170714294880629,0.18261160178639313,39,8.84473973900371,24.798039849211953,2.0077240300519095,26.80576387926386
-0.03858153302297739,0.009572405246500123,-0.005414564064127625,0.15740766160957853,2.0,0.8537769549284043,0.18530651502998272,39,8.846261155518318,24.799936331939406,2.008878320999466,26.80881465293887
-0.03858153302297739,0.009572405246500123,-0.005414564064127625,0.15740765160957854,2.0,0.8537769549284043,0.1853065250299827,39,8.846261155685227,24.799936332835955,2.00887831997539,26.808814652811343
-0.03858153302297739,0.009572405246500123,-0.005414564064127625,0.15740765160957854,2.0,0.8537769549284043,0.18530651502998272,39,8.846261155914387,24.799936333449942,2.008878319493361,26.808814652943305
-0.03858153302297739,0.009572405246500123,-0.005414564064127625,0.15740765160957854,2.0,0.8537769649284044,0.18530651502998272,39,8.846261156026134,24.799936333672797,2.0088783199753903,26.808814653648188
-0.03858153302297739,0.009572415246500123,-0.005414564064127625,0.15740765160957854,2.0,0.8537769549284043,0.18530651502998272,39,8.846261157847765,24.799936334712164,2.0088783198475397,26.808814654559704
-0.03858153302297739,0.009572405246500123,-0.005414554064127625,0.15740765160957854,2.0,0.8537769549284043,0.18530651502998272,39,8.846261157510149,24.799936336751454,2.0088783179872554,26.808814654738708
-0.03858153302297739,0.009572405246500123,-0.005414564064127625,0.15740765160957854,1.99999999,0.8537769549284043,0.18530651502998272,39,8.846261157358423,24.799936336995568,2.0088783190113317,26.808814656006902
-0.03858152302297739,0.009572405246500123,-0.005414564064127625,0.15740765160957854,2.0,0.8537769549284043,0.18530651502998272,39,8.846261168924617,24.7999363726133,2.0088782810658445,26.80881465367914
-0.0372359114998362,0.002052974111934063,-0.0021306907005822547,0.1830388736286112,2.0,0.8889343932575983,0.2008342250319617,39,8.846100114075892,24.801233547481694,2.0111731611326524,26.812406708614343
-0.0372359114998362,0.002052974111934063,-0.0021306907005822547,0.18303886362861121,2.0,0.8889343932575983,0.20083423503196168,39,8.84610011426422,24.801233548380186,2.01117316052698,26.812406708907165
-0.0372359114998362,0.002052984111934063,-0.0021306907005822547,0.18303886362861121,2.0,0.8889343932575983,0.2008342250319617,39,8.846100115758464,24.801233549083882,2.0111731594957942,26.812406708579672
-0.0372359114998362,0.002052974111934063,-0.0021306907005822547,0.18303886362861121,2.0,0.8889343932575983,0.2008342250319617,39,8.846100114569841,24.801233549170533,2.011173159419834,26.812406708590363
-0.0372359114998362,0.002052974111934063,-0.0021306907005822547,0.18303886362861121,2.0,0.8889344032575983,0.2008342250319617,39,8.846100114592787,24.80123354921663,2.01117316052698,26.81240670974361
-0.0372359114998362,0.002052974111934063,-0.0021306907005822547,0.18303886362861121,1.99999999,0.8889343932575983,0.2008342250319617,39,8.846100116008857,24.801233552671754,2.0111731583126873,26.812406710984437
-0.0372359114998362,0.002052974111934063,-0.0021306807005822548,0.18303886362861121,2.0,0.8889343932575983,0.2008342250319617,39,8.846100116283564,24.80123355269089,2.0111731577070158,26.81240671039791
-0.037235901499836195,0.002052974111934063,-0.0021306907005822547,0.18303886362861121,2.0,0.8889343932575983,0.2008342250319617,39,8.846100128272411,24.801233589561704,2.011173121042106,26.812406710603813
-0.03760140422458701,0.005574368034114928,-0.0012079162663483991,0.17322223974852471,2.0,0.8774188583276813,0.19513902257362473,39,8.846835644709353,24.802152709087487,2.0091168340502477,26.811269543137737
-0.03760140422458701,0.005574368034114928,-0.0012079162663483991,0.17322222974852472,2.0,0.8774188583276813,0.19513903257362472,39,8.846835644887461,24.802152709986547,2.0091168333316487,26.811269543318197
-0.03760140422458701,0.005574368034114928,-0.0012079162663483991,0.17322222974852472,2.0,0.8774188583276813,0.19513902257362473,39,8.846835645174114,24.802152710728624,2.0091168324367685,26.811269543165388
-0.03760140422458701,0.005574368034114928,-0.0012079162663483991,0.17322222974852472,2.0,0.8774188683276813,0.19513902257362473,39,8.84683564523859,24.802152710857694,2.0091168333316487,26.81126954418934
-0.03760140422458701,0.0055743780341149275,-0.0012079162663483991,0.17322222974852472,2.0,0.8774188583276813,0.19513902257362473,39,8.846835646804035,24.80215271148481,2.0091168326430204,26.811269544127832
-0.03760140422458701,0.005574368034114928,-0.0012079062663483992,0.17322222974852472,2.0,0.8774188583276813,0.19513902257362473,39,8.8468356468515,24.802152714190715,2.0091168308232903,26.81126954501401
-0.03760140422458701,0.005574368034114928,-0.0012079162663483991,0.17322222974852472,1.99999999,0.8774188583276813,0.19513902257362473,39,8.846835646634865,24.802152714292248,2.009116831541888,26.81126954583413
-0.037601394224587005,0.005574368034114928,-0.0012079162663483991,0.17322222974852472,2.0,0.8774188583276813,0.19513902257362473,39,8.846835659211834,24.802152752004652,2.009116794045517,26.811269546050173
-0.042528424154775896,-0.0058541386896529815,0.013350518316480327,0.14137683542971313,2.0,0.8769313939388959,0.19379146625458424,39,8.848164103500219,24.80401759221341,2.024921506349662,26.82893909856307
-0.042528424154775896,-0.005854148689652981,0.013350518316480327,0.14137684542971313,2.0,0.8769313939388959,0.19379146625458424,39,8.84816410602741,24.804017599126492,2.0249215079974934,26.828939107123986
-0.042528424154775896,-0.005854148689652981,0.013350518316480327,0.14137683542971313,2.0,0.8769313939388959,0.19379147625458423,39,8.848164106543575,24.80401760068603,2.024921507438514,26.828939108124548
-0.042528424154775896,-0.005854148689652981,0.013350518316480327,0.14137683542971313,2.0,0.8769314039388959,0.19379146625458424,39,8.848164106831373,24.804017601389077,2.0249215074385143,26.828939108827594
-0.042528424154775896,-0.005854148689652981,0.013350518316480327,0.14137683542971313,2.0,0.8769313939388959,0.19379146625458424,39,8.84816410686763,24.804017601464395,2.024921506566266,26.828939108030667
-0.042528424154775896,-0.005854148689652981,0.013350518316480327,0.14137683542971313,1.99999999,0.8769313939388959,0.19379146625458424,39,8.848164108064326,24.80401760441966,2.0249215056940173,26.82893911011368
-0.042528424154775896,-0.005854148689652981,0.013350528316480327,0.14137683542971313,2.0,0.8769313939388959,0.19379146625458424,39,8.848164109033766,24.804017605717053,2.0249215079974934,26.828939113714547
-0.042528414154775894,-0.005854148689652981,0.013350518316480327,0.14137683542971313,2.0,0.8769313939388959,0.19379146625458424,39,8.848164111502031,24.804017621342425,2.024921467992714,26.828939089335137
-0.03865772321049428,-0.016098046356075493,-0.08108743511248818,0.2790005282786076,1.802163044350878,1.0371008669756634,0.3132799260953443,39,8.850559771839166,24.813066228519688,2.070596570028402,26.88366279854809
-0.03865772321049428,-0.016098046356075493,-0.08108743511248818,0.2790005382786076,1.802163034350878,1.0371008669756634,0.3132799260953443,39,8.850559772916347,24.813066230471712,2.070596571477842,26.883662801949555
-0.03865772321049428,-0.016098046356075493,-0.08108743511248818,0.2790005282786076,1.802163034350878,1.0371008769756633,0.3132799260953443,39,8.850559772702432,24.813066230727117,2.070596570028402,26.88366280075552
-0.03865772321049428,-0.016098046356075493,-0.08108743511248818,0.2790005282786076,1.802163034350878,1.0371008669756634,0.31327993609534427,39,8.850559772983203,24.81306623095429,2.070596570028403,26.88366280098269
-0.03865772321049428,-0.016098046356075493,-0.08108743511248818,0.2790005282786076,1.802163034350878,1.0371008669756634,0.3132799260953443,39,8.850559772951579,24.81306623123393,2.070596568147028,26.883662799380957
-0.03865772321049428,-0.016098046356075493,-0.08108742511248819,0.2790005282786076,1.802163034350878,1.0371008669756634,0.3132799260953443,39,8.850559773413224,24.81306623231676,2.070596564816215,26.883662797132974
-0.03865772321049428,-0.01609803635607549,-0.08108743511248818,0.2790005282786076,1.802163034350878,1.0371008669756634,0.3132799260953443,39,8.850559777383692,24.8130662379324,2.0705965675514006,26.883662805483798
-0.03865771321049428,-0.016098046356075493,-0.08108743511248818,0.2790005282786076,1.802163034350878,1.0371008669756634,0.3132799260953443,39,8.85055977821052,24.813066251384416,2.0705965297166933,26.883662781101112
-0.035243368103931735,-0.026529076945030726,-0.07639152981972101,0.3891264378364963,1.7940024853631116,1.0451827534568716,0.2897201964012169,39,8.851170908256044,24.8141619236202,2.0944742404651633,26.90863616408536
-0.035243368103931735,-0.026529076945030726,-0.07639152981972101,0.3891264378364963,1.7940024753631116,1.0451827634568716,0.2897201964012169,39,8.85117090871962,24.814161924944464,2.0944742404651633,26.90863616540963
-0.035243368103931735,-0.026529076945030726,-0.07639152981972101,0.3891264378364963,1.7940024753631116,1.0451827534568716,0.2897202064012169,39,8.851170909041391,24.814161925192003,2.0944742404651633,26.90863616565716
-0.035243368103931735,-0.026529076945030726,-0.07639152981972101,0.3891264378364963,1.7940024753631116,1.0451827534568716,0.2897201964012169,39,8.851170909139078,24.81416192581215,2.0944742388753292,26.908636164687486
-0.035243368103931735,-0.026529076945030726,-0.07639152981972101,0.3891264478364963,1.7940024753631116,1.0451827534568716,0.2897201964012169,39,8.851170909771648,24.81416192653464,2.0944742431813705,26.90863616971601
-0.035243368103931735,-0.026529076945030726,-0.07639151981972102,0.3891264378364963,1.7940024753631116,1.0451827534568716,0.2897201964012169,39,8.851170909650289,24.814161926928275,2.094474234569288,26.90863616149756
-0.035243368103931735,-0.026529066945030724,-0.07639152981972101,0.3891264378364963,1.7940024753631116,1.0451827534568716,0.2897201964012169,39,8.851170913908579,24.814161933389343,2.0944742378937535,26.908636171283096
-0.035243358103931734,-0.026529076945030726,-0.07639152981972101,0.3891264378364963,1.7940024753631116,1.0451827534568716,0.2897201964012169,39,8.851170911062791,24.81416193881963,2.094474200571325,26.908636139390953
-0.03782529787117879,-0.015258063201999277,-0.0783584640430556,0.22896441600122003,1.810806564610292,1.0290372317466974,0.31736491911120607,39,8.85289755621976,24.821464625484698,2.051953749557761,26.873418375042455
-0.03782529787117879,-0.015258063201999277,-0.0783584640430556,0.22896442600122002,1.810806554610292,1.0290372317466974,0.31736491911120607,39,8.852897556791026,24.82146462638395,2.05195375046159,26.87341837684554
-0.03782529787117879,-0.015258063201999277,-0.0783584640430556,0.22896441600122003,1.810806554610292,1.0290372417466973,0.31736491911120607,39,8.852897557385267,24.82146462830257,2.051953749557761,26.873418377860325
-0.03782529787117879,-0.015258063201999277,-0.0783584640430556,0.22896441600122003,1.810806554610292,1.0290372317466974,0.31736492911120606,39,8.852897557543178,24.82146462833773,2.051953749557761,26.87341837789548
-0.03782529787117879,-0.015258063201999277,-0.0783584640430556,0.22896441600122003,1.810806554610292,1.0290372317466974,0.31736491911120607,39,8.85289755758898,24.82146462871561,2.051953747618853,26.873418376334463
-0.03782529787117879,-0.015258063201999277,-0.07835845404305561,0.22896441600122003,1.810806554610292,1.0290372317466974,0.31736491911120607,39,8.85289755846637,24.821464630659726,2.0519537447761165,26.873418375435836
-0.03782529787117879,-0.015258053201999277,-0.0783584640430556,0.22896441600122003,1.810806554610292,1.0290372317466974,0.31736491911120607,39,8.852897560056117,24.821464631611843,2.0519537470543057,26.873418378666152
-0.03782528787117879,-0.015258063201999277,-0.0783584640430556,0.22896441600122003,1.810806554610292,1.0290372317466974,0.31736491911120607,39,8.85289756893756,24.821464661383676,2.051953709219318,26.873418370602995
-0.03006098067882383,-0.03801780958226415,-0.07092847104880867,0.46566417505172064,1.7895323487097505,1.050936371072183,0.27002292622498475,39,8.85401932625758,24.823958554222262,2.106268220940459,26.93022677516272
-0.03006098067882383,-0.03801780958226415,-0.07092847104880867,0.46566417505172064,1.7895323387097506,1.050936371072183,0.27002293622498474,39,8.854019326723966,24.82395855504987,2.106268220940459,26.930226775990324
-0.03006098067882383,-0.03801780958226415,-0.07092847104880867,0.46566417505172064,1.7895323387097506,1.050936381072183,0.27002292622498475,39,8.854019326588542,24.8239585551853,2.106268220940459,26.930226776125757
-0.03006098067882383,-0.03801780958226415,-0.07092847104880867,0.46566417505172064,1.7895323387097506,1.050936371072183,0.27002292622498475,39,8.854019327121783,24.823958556308828,2.1062682195777285,26.930226775886556
-0.03006098067882383,-0.03801780958226415,-0.07092847104880867,0.46566418505172064,1.7895323387097506,1.050936371072183,0.27002292622498475,39,8.854019327719286,24.8239585570671,2.1062682245412105,26.93022678160831
-0.03006098067882383,-0.03801780958226415,-0.07092846104880868,0.46566417505172064,1.7895323387097506,1.050936371072183,0.27002292622498475,39,8.854019328075184,24.823958558286048,2.1062682146142473,26.93022677290029
-0.03006098067882383,-0.03801779958226415,-0.07092847104880867,0.46566417505172064,1.7895323387097506,1.050936371072183,0.27002292622498475,39,8.854019330265459,24.823958560980614,2.1062682181710692,26.93022677915168
-0.03006097067882383,-0.03801780958226415,-0.07092847104880867,0.46566417505172064,1.7895323387097506,1.050936371072183,0.27002292622498475,39,8.85401933175521,24.823958574627802,2.1062681814654716,26.930226756093283
-0.03645298469028735,-0.0052607834069092335,0.039217283569619996,0.19053891726201014,2.0,0.8474217349394984,0.15388019285440216,39,8.85857559477644,24.829381158551364,2.011801015310474,26.841182173861835
-0.03645298469028735,-0.0052607934069092335,0.039217283569619996,0.19053892726201013,2.0,0.8474217349394984,0.15388019285440216,39,8.858575596355124,24.82938116311219,2.011801017630368,26.841182180742553
-0.03645298469028735,-0.0052607934069092335,0.039217283569619996,0.19053891726201014,2.0,0.8474217349394984,0.15388020285440215,39,8.858575596792992,24.82938116447488,2.011801015521181,26.841182179996068
-0.03645298469028735,-0.0052607934069092335,0.039217283569619996,0.19053891726201014,2.0,0.8474217449394984,0.15388019285440216,39,8.85857559732421,24.829381165683383,2.011801015521181,26.841182181204566
-0.03645298469028735,-0.0052607934069092335,0.039217283569619996,0.19053891726201014,2.0,0.8474217349394984,0.15388019285440216,39,8.85857559736187,24.82938116576095,2.0118010155051236,26.84118218126607
-0.03645298469028735,-0.0052607934069092335,0.039217283569619996,0.19053891726201014,1.99999999,0.8474217349394984,0.15388019285440216,39,8.858575598993191,24.829381169646446,2.0118010154890666,26.841182185135516
-0.03645298469028735,-0.0052607934069092335,0.03921729356962,0.19053891726201014,2.0,0.8474217349394984,0.15388019285440216,39,8.858575600035392,24.829381171136582,2.011801017630368,26.841182188766947
-0.03645297469028735,-0.0052607934069092335,0.039217283569619996,0.19053891726201014,2.0,0.8474217349394984,0.15388019285440216,39,8.858575615886592,24.82938121616907,2.011800977156364,26.841182193325434
-0.035890641603183206,-0.01781733404163528,-0.07335574008308648,0.2241853930394017,1.8156228627329907,1.0252447461972156,0.31232218517434274,39,8.855509793762629,24.829480723852647,2.0411825727834376,26.870663296636096
-0.035890641603183206,-0.01781733404163528,-0.07335574008308648,0.22418540303940168,1.8156228527329907,1.0252447461972156,0.31232218517434274,39,8.855509794051114,24.82948072417981,2.0411825736463522,26.870663297826166
-0.035890641603183206,-0.01781733404163528,-0.07335574008308648,0.2241853930394017,1.8156228527329907,1.0252447461972156,0.31232219517434273,39,8.85550979508752,24.82948072670507,2.0411825727834376,26.870663299488506
-0.035890641603183206,-0.01781733404163528,-0.07335574008308648,0.2241853930394017,1.8156228527329907,1.0252447561972156,0.31232218517434274,39,8.855509795042222,24.829480726874834,2.0411825727834376,26.870663299658275
-0.035890641603183206,-0.01781733404163528,-0.07335574008308648,0.2241853930394017,1.8156228527329907,1.0252447461972156,0.31232218517434274,39,8.855509795253184,24.82948072730436,2.041182570894097,26.87066329819846
-0.035890641603183206,-0.017817324041635278,-0.07335574008308648,0.2241853930394017,1.8156228527329907,1.0252447461972156,0.31232218517434274,39,8.855509796307397,24.829480727571543,2.041182570234856,26.8706632978064
-0.035890641603183206,-0.01781733404163528,-0.07335573008308649,0.2241853930394017,1.8156228527329907,1.0252447461972156,0.31232218517434274,39,8.85550979650779,24.829480730002118,2.0411825681418416,26.87066329814396
-0.035890631603183204,-0.01781733404163528,-0.07335574008308648,0.2241853930394017,1.8156228527329907,1.0252447461972156,0.31232218517434274,39,8.855509810900433,24.82948076868294,2.0411825325661437,26.87066330124909
-0.03505462643239373,-0.019424218150466525,-0.06982130698219705,0.22901203331896924,1.818308266093392,1.0230071585965383,0.3075454647361227,39,8.8563568839859,24.832033621780703,2.037640399060957,26.869674020841657
-0.03505462643239373,-0.019424218150466525,-0.06982130698219705,0.22901204331896924,1.818308256093392,1.0230071585965383,0.3075454647361227,39,8.856356884195776,24.832033621954736,2.037640399989214,26.869674021943954
-0.03505462643239373,-0.019424208150466523,-0.06982130698219705,0.22901203331896924,1.818308256093392,1.0230071585965383,0.3075454647361227,39,8.856356885965951,24.832033624445764,2.0376403965063097,26.869674020952075
-0.03505462643239373,-0.019424218150466525,-0.06982130698219705,0.22901203331896924,1.818308256093392,1.0230071585965383,0.3075454747361227,39,8.856356885269205,24.83203362454158,2.037640399060957,26.869674023602542
-0.03505462643239373,-0.019424218150466525,-0.06982130698219705,0.22901203331896924,1.818308256093392,1.0230071685965383,0.3075454647361227,39,8.856356885282464,24.832033624824287,2.037640399060957,26.86967402388525
-0.03505462643239373,-0.019424218150466525,-0.06982130698219705,0.22901203331896924,1.818308256093392,1.0230071585965383,0.3075454647361227,39,8.85635688550013,24.83203362526911,2.0376403972250063,26.869674022494117
-0.03505462643239373,-0.019424218150466525,-0.06982129698219705,0.22901203331896924,1.818308256093392,1.0230071585965383,0.3075454647361227,39,8.856356886915428,24.832033628280342,2.037640394460797,26.869674022741144
-0.03505461643239373,-0.019424218150466525,-0.06982130698219705,0.22901203331896924,1.818308256093392,1.0230071585965383,0.3075454647361227,39,8.856356902463416,24.83203366930775,2.037640358927985,26.869674028235735
-0.0340958951630742,-0.021173503039556424,-0.06248300540671579,0.23548069390338397,1.8262771368629687,1.015391211852543,0.29713648525840797,39,8.857533803493281,24.835257121281174,2.0320779061218013,26.867335027402977
-0.0340958951630742,-0.021173503039556424,-0.06248300540671579,0.23548070390338396,1.8262771268629687,1.015391211852543,0.29713648525840797,39,8.857533803630732,24.8352571213229,2.032077907166039,26.86733502848893
-0.0340958951630742,-0.021173493039556422,-0.06248300540671579,0.23548069390338397,1.8262771268629687,1.015391211852543,0.29713648525840797,39,8.857533804703941,24.835257122496323,2.032077903626455,26.867335026122777
-0.0340958951630742,-0.021173503039556424,-0.06248300540671579,0.23548069390338397,1.8262771268629687,1.015391211852543,0.29713649525840796,39,8.857533804712743,24.83525712390952,2.0320779061218013,26.86733503003132
-0.0340958951630742,-0.021173503039556424,-0.06248300540671579,0.23548069390338397,1.8262771268629687,1.015391221852543,0.29713648525840797,39,8.857533804818575,24.83525712436993,2.0320779061218013,26.86733503049173
-0.0340958951630742,-0.021173503039556424,-0.06248300540671579,0.23548069390338397,1.8262771268629687,1.015391211852543,0.29713648525840797,39,8.857533805037157,24.835257124819126,2.0320779044098742,26.867335029228997
-0.0340958951630742,-0.021173503039556424,-0.062482995406715786,0.23548069390338397,1.8262771268629687,1.015391211852543,0.29713648525840797,39,8.857533806682621,24.835257128275686,2.0320779016537105,26.867335029929393
-0.0340958851630742,-0.021173503039556424,-0.06248300540671579,0.23548069390338397,1.8262771268629687,1.015391211852543,0.29713648525840797,39,8.857533823646248,24.835257172242535,2.0320778661483265,26.867335038390863
-0.024964544206138785,-0.04808590669306143,-0.06818068714437375,0.5085412706556545,1.787402036903936,1.0555343986871337,0.2576333112145699,39,8.85847470531785,24.83781100770417,2.107867892706984,26.94567890041115
-0.024964544206138785,-0.04808590669306143,-0.06818068714437375,0.5085412706556545,1.7874020269039361,1.0555343986871337,0.2576333212145699,39,8.858474705441731,24.8378110077733,2.107867892706984,26.94567890048028
-0.024964544206138785,-0.04808590669306143,-0.06818068714437375,0.5085412706556545,1.7874020269039361,1.0555344086871337,0.2576333112145699,39,8.85847470565744,24.83781100859043,2.107867892706984,26.94567890129741
-0.024964544206138785,-0.04808590669306143,-0.06818068714437375,0.5085412706556545,1.7874020269039361,1.0555343986871337,0.2576333112145699,39,8.85847470620643,24.837811009774168,2.107867891466624,26.945678901240786
-0.024964544206138785,-0.04808590669306143,-0.06818068714437375,0.5085412806556545,1.7874020269039361,1.0555343986871337,0.2576333112145699,39,8.858474706415631,24.837811009820054,2.107867896801302,26.94567890662136
-0.024964544206138785,-0.04808589669306143,-0.06818068714437375,0.5085412706556545,1.7874020269039361,1.0555343986871337,0.2576333112145699,39,8.85847470695978,24.83781101003255,2.107867889687445,26.945678899719994
-0.024964544206138785,-0.04808590669306143,-0.06818067714437376,0.5085412706556545,1.7874020269039361,1.0555343986871337,0.2576333112145699,39,8.858474707704211,24.83781101283555,2.1078678861319453,26.9456788989675
-0.024964534206138783,-0.04808590669306143,-0.06818068714437375,0.5085412706556545,1.7874020269039361,1.0555343986871337,0.2576333112145699,39,8.858474716144556,24.837811038618156,2.1078678535429356,26.94567889216109
-0.03365550331944389,-0.022516174942031415,-0.044216786888672574,0.23816533987644467,1.8506902939730963,0.9912595695235863,0.2719473786999307,39,8.859149972862062,24.83881557744394,2.0224381077673574,26.86125368521129
-0.03365550331944389,-0.022516184942031416,-0.044216786888672574,0.23816533987644467,1.8506903039730962,0.9912595695235863,0.2719473786999307,39,8.859149973024252,24.838815578887182,2.0224381100051882,26.861253688892376
-0.03365550331944389,-0.022516184942031416,-0.044216786888672574,0.23816534987644467,1.8506902939730963,0.9912595695235863,0.2719473786999307,39,8.859149973123907,24.838815578890333,2.022438111212491,26.861253690102835
-0.03365550331944389,-0.022516184942031416,-0.044216786888672574,0.23816533987644467,1.8506902939730963,0.9912595695235863,0.2719473886999307,39,8.859149974164733,24.838815581378512,2.0224381100051882,26.861253691383702
-0.03365550331944389,-0.022516184942031416,-0.044216786888672574,0.23816533987644467,1.8506902939730963,0.9912595795235863,0.2719473786999307,39,8.859149974423428,24.838815582125253,2.0224381100051882,26.86125369213044
-0.03365550331944389,-0.022516184942031416,-0.044216786888672574,0.23816533987644467,1.8506902939730963,0.9912595695235863,0.2719473786999307,39,8.85914997461924,24.838815582532014,2.022438108600456,26.86125369113247
-0.03365550331944389,-0.022516184942031416,-0.04421677688867257,0.23816533987644467,1.8506902939730963,0.9912595695235863,0.2719473786999307,39,8.859149976644167,24.83881558671012,2.0224381059884213,26.86125369269854
-0.03365549331944389,-0.022516184942031416,-0.044216786888672574,0.23816533987644467,1.8506902939730963,0.9912595695235863,0.2719473786999307,39,8.85914999485975,24.838815633517584,2.0224380703552027,26.861253703872784
-0.03466066094016989,-0.016256117724416604,0.005222949766319767,0.2196360447315513,1.9233179702854646,0.9125519630038553,0.20351373931446123,39,8.862399736889351,24.84286876155391,2.0052970679761475,26.848165829530057
-0.03466066094016989,-0.016256127724416605,0.005222949766319767,0.2196360447315513,1.9233179802854645,0.9125519630038553,0.20351373931446123,39,8.862399738176197,24.842868765284486,2.005297069063357,26.848165834347842
-0.03466066094016989,-0.016256127724416605,0.005222949766319767,0.2196360547315513,1.9233179702854646,0.9125519630038553,0.20351373931446123,39,8.862399738499445,24.84286876583724,2.0052970706575706,26.8481658364948
-0.03466066094016989,-0.016256127724416605,0.005222949766319767,0.2196360447315513,1.9233179702854646,0.9125519630038553,0.20351374931446123,39,8.862399739295938,24.84286876785977,2.005297069063357,26.848165836923123
-0.03466066094016989,-0.016256127724416605,0.005222949766319767,0.2196360447315513,1.9233179702854646,0.9125519730038554,0.20351373931446123,39,8.862399739767316,24.84286876898419,2.005297069063357,26.84816583804755
-0.03466066094016989,-0.016256127724416605,0.005222949766319767,0.2196360447315513,1.9233179702854646,0.9125519630038553,0.20351373931446123,39,8.862399739882443,24.842868769224346,2.0052970685776246,26.848165837801975
-0.03466066094016989,-0.016256127724416605,0.005222959766319767,0.2196360447315513,1.9233179702854646,0.9125519630038553,0.20351373931446123,39,8.862399742469366,24.842868774467764,2.0052970706575706,26.848165845125333
-0.03466065094016989,-0.016256127724416605,0.005222949766319767,0.2196360447315513,1.9233179702854646,0.9125519630038553,0.20351373931446123,39,8.862399761762454,24.842868824857966,2.005297030295181,26.848165855153148
-0.023496034229223948,-0.050814770412646273,-0.06792585272022064,0.5153942892894954,1.7871578361183307,1.0567182520363203,0.25528392335963634,39,8.860262649449021,24.842883269511677,2.106168462682988,26.949051732194665
-0.023496034229223948,-0.050814770412646273,-0.06792585272022064,0.5153942892894954,1.7871578461183306,1.0567182520363203,0.25528391335963635,39,8.860262649435464,24.84288326967928,2.106168462682988,26.949051732362275
-0.023496034229223948,-0.05081476041264627,-0.06792585272022064,0.5153942892894954,1.7871578361183307,1.0567182520363203,0.25528391335963635,39,8.860262650257445,24.84288327046375,2.1061684595798686,26.949051730043625
-0.023496034229223948,-0.050814770412646273,-0.06792585272022064,0.5153942892894954,1.7871578361183307,1.0567182620363202,0.25528391335963635,39,8.8602626497969,24.842883270581595,2.106168462682988,26.94905173326458
-0.023496034229223948,-0.050814770412646273,-0.06792585272022064,0.5153942992894954,1.7871578361183307,1.0567182520363203,0.25528391335963635,39,8.860262650368474,24.842883271459616,2.1061684668557263,26.949051738315347
-0.023496034229223948,-0.050814770412646273,-0.06792585272022064,0.5153942892894954,1.7871578361183307,1.0567182520363203,0.25528391335963635,39,8.86026265033129,24.8428832717444,2.106168461460015,26.949051733204417
-0.023496034229223948,-0.050814770412646273,-0.06792584272022065,0.5153942892894954,1.7871578361183307,1.0567182520363203,0.25528391335963635,39,8.860262652006725,24.84288327516088,2.106168456064304,26.949051731225182
-0.023496024229223946,-0.050814770412646273,-0.06792585272022064,0.5153942892894954,1.7871578361183307,1.0567182520363203,0.25528391335963635,39,8.860262662254724,24.84288330451282,2.1061684235906624,26.949051728103484
-0.033996073393212096,-0.017070882341038675,-0.0007329383383182053,0.22589623732472186,1.9170710108196143,0.9231597288542879,0.21170719375505734,39,8.862172655129804,24.843056225286094,2.0038805461751705,26.846936771461266
-0.033996073393212096,-0.017070892341038677,-0.0007329383383182053,0.22589623732472186,1.9170710208196142,0.9231597288542879,0.21170719375505734,39,8.86217265612345,24.843056228414962,2.003880547447361,26.84693677586232
-0.033996073393212096,-0.017070892341038677,-0.0007329383383182053,0.22589624732472185,1.9170710108196143,0.9231597288542879,0.21170719375505734,39,8.862172656431145,24.843056228922354,2.0038805489031124,26.846936777825466
-0.033996073393212096,-0.017070892341038677,-0.0007329383383182053,0.22589623732472186,1.9170710108196143,0.9231597288542879,0.21170720375505733,39,8.86217265724082,24.843056230963178,2.003880547447361,26.846936778410537
-0.033996073393212096,-0.017070892341038677,-0.0007329383383182053,0.22589623732472186,1.9170710108196143,0.9231597388542879,0.21170719375505734,39,8.86217265769931,24.84305623207009,2.003880547447361,26.84693677951745
-0.033996073393212096,-0.017070892341038677,-0.0007329383383182053,0.22589623732472186,1.9170710108196143,0.9231597288542879,0.21170719375505734,39,8.86217265782648,24.843056232334796,2.0038805468067924,26.84693677914159
-0.033996073393212096,-0.017070892341038677,-0.0007329283383182053,0.22589623732472186,1.9170710108196143,0.9231597288542879,0.21170719375505734,39,8.862172660353426,24.843056237471064,2.0038805447104733,26.846936782181533
-0.033996063393212095,-0.017070892341038677,-0.0007329383383182053,0.22589623732472186,1.9170710108196143,0.9231597288542879,0.21170719375505734,39,8.862172680396043,24.84305628925229,2.003880508548938,26.84693679780123
-0.033741487733415246,-0.017382996807298802,-0.0030144792876429446,0.22829434915977392,1.9146779682406225,0.9272232793682346,0.2148458863386352,39,8.862094665874755,24.843137325217143,2.004240027749084,26.84737735296622
-0.033741487733415246,-0.017383006807298804,-0.0030144792876429446,0.22829434915977392,1.9146779782406225,0.9272232793682346,0.2148458863386352,39,8.862094666755329,24.84313732811431,2.0042400290921365,26.847377357206444
-0.033741487733415246,-0.017383006807298804,-0.0030144792876429446,0.22829435915977392,1.9146779682406225,0.9272232793682346,0.2148458863386352,39,8.8620946670565,24.843137328603177,2.0042400305318617,26.847377359135045
-0.033741487733415246,-0.017383006807298804,-0.0030144792876429446,0.22829434915977392,1.9146779682406225,0.9272232793682346,0.21484589633863518,39,8.862094667870936,24.84313733065041,2.0042400290921365,26.847377359742545
-0.033741487733415246,-0.017383006807298804,-0.0030144792876429446,0.22829434915977392,1.9146779682406225,0.9272232893682346,0.2148458863386352,39,8.862094668324211,24.84313733175006,2.0042400290921365,26.84737736084219
-0.033741487733415246,-0.017383006807298804,-0.0030144792876429446,0.22829434915977392,1.9146779682406225,0.9272232793682346,0.2148458863386352,39,8.862094668456185,24.843137332024554,2.0042400283922555,26.847377360416804
-0.033741487733415246,-0.017383006807298804,-0.0030144692876429447,0.22829434915977392,1.9146779682406225,0.9272232793682346,0.2148458863386352,39,8.862094670959832,24.84313733711902,2.0042400262526483,26.84737736337167
-0.033741477733415244,-0.017383006807298804,-0.0030144792876429446,0.22829434915977392,1.9146779682406225,0.9272232793682346,0.2148458863386352,39,8.86209469127471,24.843137389402045,2.0042399901438204,26.84737737954587
-0.042818537152160184,-0.00625480350368126,0.07833205045969745,0.14279157710334967,2.0,0.7823406144919292,0.10293829612276013,39,8.870220696596437,24.848129685122455,2.0426229523398276,26.890752637462285
-0.042818537152160184,-0.00625481350368126,0.07833205045969745,0.14279158710334966,2.0,0.7823406144919292,0.10293829612276013,39,8.870220701574036,24.848129696642882,2.04262295461665,26.890752651259525
-0.042818537152160184,-0.00625481350368126,0.07833205045969745,0.14279157710334967,2.0,0.7823406144919292,0.10293830612276013,39,8.870220702117988,24.848129698239738,2.0426229511563623,26.890752649396095
-0.042818537152160184,-0.00625481350368126,0.07833205045969745,0.14279157710334967,2.0,0.7823406244919292,0.10293829612276013,39,8.870220702691977,24.848129699467783,2.0426229511563623,26.890752650624144
-0.042818537152160184,-0.00625481350368126,0.07833205045969745,0.14279157710334967,2.0,0.7823406144919292,0.10293829612276013,39,8.870220702711727,24.848129699511446,2.042622952571256,26.8907526520827
-0.042818537152160184,-0.00625481350368126,0.07833205045969745,0.14279157710334967,1.99999999,0.7823406144919292,0.10293829612276013,39,8.870220704112585,24.84812970295801,2.0426229539861493,26.890752656944155
-0.042818537152160184,-0.00625481350368126,0.07833206045969744,0.14279157710334967,2.0,0.7823406144919292,0.10293829612276013,39,8.870220705952551,24.84812970586734,2.04262295461665,26.89075266048399
-0.04281852715216018,-0.00625481350368126,0.07833205045969745,0.14279157710334967,2.0,0.7823406144919292,0.10293829612276013,39,8.870220711403965,24.848129728898137,2.04262291398697,26.890752642885104
-0.02014327593088158,-0.05671610679321622,-0.06873532406278092,0.5187555000959305,1.7874095636017417,1.0591133847816252,0.2527147954044302,39,8.86576736117069,24.857406769703925,2.0969344799035055,26.954341249607427
-0.02014327593088158,-0.05671611679321622,-0.06873532406278092,0.5187555000959305,1.7874095636017417,1.0591133847816252,0.2527148054044302,39,8.86576736227061,24.857406772299047,2.0969344832259345,26.95434125552498
-0.02014327593088158,-0.05671611679321622,-0.06873532406278092,0.5187555000959305,1.7874095736017417,1.0591133847816252,0.2527147954044302,39,8.8657673625276,24.857406773032558,2.0969344832259345,26.95434125625849
-0.02014327593088158,-0.05671611679321622,-0.06873532406278092,0.5187555100959306,1.7874095636017417,1.0591133847816252,0.2527147954044302,39,8.865767362945187,24.85740677375819,2.0969344874362923,26.954341261194486
-0.02014327593088158,-0.05671611679321622,-0.06873532406278092,0.5187555000959305,1.7874095636017417,1.0591133947816251,0.2527147954044302,39,8.865767362976387,24.857406774045785,2.0969344832259345,26.954341257271718
-0.02014327593088158,-0.05671611679321622,-0.06873532406278092,0.5187555000959305,1.7874095636017417,1.0591133847816252,0.2527147954044302,39,8.865767363437785,24.85740677508084,2.096934482002003,26.95434125708284
-0.02014327593088158,-0.05671611679321622,-0.06873531406278093,0.5187555000959305,1.7874095636017417,1.0591133847816252,0.2527147954044302,39,8.8657673655694,24.857406779408997,2.0969344765677116,26.95434125597671
-0.020143265930881577,-0.05671611679321622,-0.06873532406278092,0.5187555000959305,1.7874095636017417,1.0591133847816252,0.2527147954044302,39,8.865767380928748,24.857406818807128,2.0969344442567013,26.95434126306383
-0.025844062657366974,-0.015682730762409086,-0.2849552742824251,-0.06470272819417794,2.0,1.012988723613483,0.0001,39,8.861922162906643,24.861811128333997,2.0039649059801743,26.865776034314163
-0.02584404775620578,-0.015682730762409086,-0.2849552891835863,-0.06470272819417794,2.0,1.012988723613483,0.0001,39,8.861922247811332,24.861811307512415,2.0039648542405213,26.865776161752933
-0.02584404775620578,-0.015682730762409086,-0.2849552742824251,-0.06470272819417794,2.0,1.012988738708191,0.0001,39,8.86192225182547,24.861811315663125,2.0039648496646545,26.865776165327784
-0.02584404775620578,-0.015682730762409086,-0.2849552742824251,-0.06470272819417794,2.0,1.012988723613483,0.0001,39,8.86192225197561,24.86181131595281,2.003964849420984,26.865776165373795
-0.02584404775620578,-0.015682730762409086,-0.2849552742824251,-0.06470272819417794,2.0,1.012988723613483,0.00010001490116119385,39,8.861922253512727,24.861811318903573,2.0039648496615303,26.865776168565105
-0.02584404775620578,-0.015682730762409086,-0.2849552742824251,-0.06470274309533913,2.0,1.012988723613483,0.0001,39,8.86192225644484,24.861811325452216,2.0039648542405213,26.86577617969274
-0.02584404775620578,-0.01568274566357028,-0.2849552742824251,-0.06470272819417794,2.0,1.012988723613483,0.0001,39,8.861922256451033,24.861811327896817,2.0039648502856413,26.865776178182458
-0.02584404775620578,-0.015682730762409086,-0.2849552742824251,-0.06470272819417794,1.9999999701976776,1.012988723613483,0.0001,39,8.861922259516248,24.861811331673117,2.003964848939893,26.86577618061301
-0.015335228439817614,-0.0643389008555933,-0.07085323916664929,0.5180814259311743,1.7882123195723492,1.0620989368035603,0.2505407761621214,39,8.878782587002583,24.888063757924712,2.081521039248203,26.969584797172914
-0.015335228439817614,-0.06433891085559329,-0.07085323916664929,0.5180814259311743,1.7882123195723492,1.0620989368035603,0.2505407861621214,39,8.878782590706562,24.888063765358403,2.0815210428725837,26.96958480823099
-0.015335228439817614,-0.06433891085559329,-0.07085323916664929,0.5180814359311744,1.7882123195723492,1.0620989368035603,0.2505407761621214,39,8.878782590983201,24.88806376601983,2.081521047076388,26.969584813096212
-0.015335228439817614,-0.06433891085559329,-0.07085323916664929,0.5180814259311743,1.788212329572349,1.0620989368035603,0.2505407761621214,39,8.878782591417357,24.88806376702269,2.0815210428725837,26.96958480989527
-0.015335228439817614,-0.06433891085559329,-0.07085323916664929,0.5180814259311743,1.7882123195723492,1.0620989468035602,0.2505407761621214,39,8.878782591966122,24.888063768144058,2.0815210428725837,26.969584811016638
-0.015335228439817614,-0.06433891085559329,-0.07085323916664929,0.5180814259311743,1.7882123195723492,1.0620989368035603,0.2505407761621214,39,8.878782592279295,24.888063768908026,2.081521041628742,26.969584810536766
-0.015335228439817614,-0.06433891085559329,-0.0708532291666493,0.5180814259311743,1.7882123195723492,1.0620989368035603,0.2505407761621214,39,8.878782595062404,24.88806377453204,2.081521036181097,26.969584810713137
-0.015335218439817614,-0.06433891085559329,-0.07085323916664929,0.5180814259311743,1.7882123195723492,1.0620989368035603,0.2505407761621214,39,8.878782618506428,24.888063829589107,2.081521004061339,26.96958483365044
-0.037595503132577306,-0.021316564021412656,0.19199451520271443,0.642784024848394,1.772832539006085,1.1462967542170106,0.1744760523667672,39,8.928888484455978,24.96395519683703,2.3202575686094318,27.284212765446462
-0.037595503132577306,-0.021316564021412656,0.19199451520271443,0.642784024848394,1.772832549006085,1.1462967542170106,0.1744760423667672,39,8.928888484996799,24.963955197752234,2.3202575686094318,27.28421276636167
-0.037595503132577306,-0.021316564021412656,0.19199451520271443,0.642784024848394,1.772832539006085,1.1462967642170105,0.1744760423667672,39,8.928888485280302,24.963955198823424,2.3202575686094318,27.28421276743285
-0.037595503132577306,-0.021316564021412656,0.19199451520271443,0.642784024848394,1.772832539006085,1.1462967542170106,0.1744760423667672,39,8.928888485649832,24.963955199625012,2.320257567454966,27.28421276707998
-0.037595503132577306,-0.021316564021412656,0.19199451520271443,0.6427840348483941,1.772832539006085,1.1462967542170106,0.1744760423667672,39,8.92888848732178,24.96395520282975,2.3202575751766674,27.284212778006413
-0.037595503132577306,-0.021316564021412656,0.19199452520271443,0.642784024848394,1.772832539006085,1.1462967542170106,0.1744760423667672,39,8.928888487945756,24.96395520422708,2.3202575751766674,27.284212779403745
-0.037595493132577304,-0.021316564021412656,0.19199451520271443,0.642784024848394,1.772832539006085,1.1462967542170106,0.1744760423667672,39,8.928888483003556,24.963955205261367,2.3202575290639333,27.28421273432531
-0.037595503132577306,-0.021316554021412654,0.19199451520271443,0.642784024848394,1.772832539006085,1.1462967542170106,0.1744760423667672,39,8.928888490381343,24.963955208234946,2.3202575666662533,27.2842127749012
-0.003262979631516876,-0.04634071620368786,-0.09424677160309777,0.5329145701337151,1.792190062191524,1.049338385075192,0.2552565532767405,39,8.91508207038086,24.968224087719175,2.053757799096659,27.021981886815833
-0.003262979631516876,-0.04634071620368786,-0.09424677160309777,0.5329145801337152,1.792190062191524,1.049338385075192,0.2552565432767405,39,8.915082070719167,24.968224088437392,2.0537578037042197,27.021981892141607
-0.003262979631516876,-0.04634071620368786,-0.09424677160309777,0.5329145701337151,1.792190062191524,1.049338395075192,0.2552565432767405,39,8.91508207126349,24.968224089736168,2.053757799096659,27.021981888832826
-0.003262979631516876,-0.04634071620368786,-0.09424677160309777,0.5329145701337151,1.792190072191524,1.049338385075192,0.2552565432767405,39,8.915082071746752,24.968224090714592,2.053757799096659,27.021981889811258
-0.003262979631516876,-0.04634071620368786,-0.09424677160309777,0.5329145701337151,1.792190062191524,1.049338385075192,0.2552565432767405,39,8.91508207201375,24.968224091280234,2.053757797902977,27.02198188918321
-0.003262979631516876,-0.04634071620368786,-0.09424676160309778,0.5329145701337151,1.792190062191524,1.049338385075192,0.2552565432767405,39,8.915082074379134,24.968224096219146,2.053757792101735,27.021981888320873
-0.003262979631516876,-0.04634070620368786,-0.09424677160309777,0.5329145701337151,1.792190062191524,1.049338385075192,0.2552565432767405,39,8.915082076800077,24.968224100267978,2.053757796188371,27.021981896456346
-0.0032629696315168762,-0.04634071620368786,-0.09424677160309777,0.5329145701337151,1.792190062191524,1.049338385075192,0.2552565432767405,39,8.91508212040286,24.96822419508848,2.0537577607822475,27.021981955870732
-0.025411266880645284,-0.022889339313357383,0.17835818565132794,0.6342195314927846,1.7740259691455806,1.1442320551838592,0.1769931855538103,39,8.932097229011744,24.984577625500183,2.2571611147014856,27.24173874020167
-0.025411266880645284,-0.022889339313357383,0.17835818565132794,0.6342195314927846,1.7740259791455806,1.1442320551838592,0.1769931755538103,39,8.932097229518925,24.984577626488516,2.2571611147014856,27.241738741190005
-0.025411266880645284,-0.022889339313357383,0.17835818565132794,0.6342195314927846,1.7740259691455806,1.1442320651838591,0.1769931755538103,39,8.932097230172642,24.984577628161052,2.2571611147014856,27.241738742862537
-0.025411266880645284,-0.022889339313357383,0.17835818565132794,0.6342195314927846,1.7740259691455806,1.1442320551838592,0.1769931755538103,39,8.932097230580368,24.984577629029484,2.2571611135267213,27.24173874255621
-0.025411266880645284,-0.022889339313357383,0.17835818565132794,0.6342195414927847,1.7740259691455806,1.1442320551838592,0.1769931755538103,39,8.932097231212458,24.984577630063324,2.257161121043065,27.241738751106382
-0.025411266880645284,-0.022889339313357383,0.17835819565132793,0.6342195314927846,1.7740259691455806,1.1442320551838592,0.1769931755538103,39,8.932097233529339,24.984577635077656,2.257161121043065,27.241738756120718
-0.025411266880645284,-0.02288932931335738,0.17835818565132794,0.6342195314927846,1.7740259691455806,1.1442320551838592,0.1769931755538103,39,8.932097235506193,24.98457763844422,2.2571611126798157,27.241738751124036
-0.025411256880645283,-0.022889339313357383,0.17835818565132794,0.6342195314927846,1.7740259691455806,1.1442320551838592,0.1769931755538103,39,8.932097248305464,24.9845776763595,2.257161075586505,27.241738751946006
-0.027066346707669255,-0.021985072608083203,0.18818087725263016,0.6381497952206918,1.7733211325542684,1.147439694870506,0.17428656534146014,39,8.933343327667844,24.985226113341906,2.273771276099652,27.258997389441564
-0.027066346707669255,-0.021985072608083203,0.18818087725263016,0.6381497952206918,1.7733211425542683,1.147439694870506,0.17428655534146015,39,8.933343328159538,24.98522611426855,2.273771276099652,27.258997390368208
-0.027066346707669255,-0.021985072608083203,0.18818087725263016,0.6381497952206918,1.7733211325542684,1.1474397048705058,0.17428655534146015,39,8.933343328810349,24.985226115967002,2.273771276099652,27.258997392066654
-0.027066346707669255,-0.021985072608083203,0.18818087725263016,0.6381497952206918,1.7733211325542684,1.147439694870506,0.17428655534146015,39,8.933343329204058,24.985226116807578,2.2737712749274,27.25899739173498
-0.027066346707669255,-0.021985072608083203,0.18818087725263016,0.6381498052206919,1.7733211325542684,1.147439694870506,0.17428655534146015,39,8.93334332997831,24.985226118134022,2.2737712825709595,27.258997400704988
-0.027066346707669255,-0.021985072608083203,0.18818088725263016,0.6381497952206918,1.7733211325542684,1.147439694870506,0.17428655534146015,39,8.933343332112617,24.985226122764985,2.2737712825709595,27.258997405335947
-0.027066346707669255,-0.0219850626080832,0.18818087725263016,0.6381497952206918,1.7733211325542684,1.147439694870506,0.17428655534146015,39,8.933343334187844,24.985226126318143,2.2737712741139537,27.258997400432097
-0.027066336707669253,-0.021985072608083203,0.18818087725263016,0.6381497952206918,1.7733211325542684,1.147439694870506,0.17428655534146015,39,8.933343344366392,24.98522615913581,2.273771236925946,27.258997396061748
-0.018790947572549403,-0.026506406134454104,0.13906741924611904,0.618498476581156,1.7768453155108297,1.1314014964372723,0.18781966640321093,39,8.931612151561598,24.990637068844755,2.1926021699584277,27.183239238803175
-0.018790947572549403,-0.026506406134454104,0.13906741924611904,0.618498476581156,1.7768453255108296,1.1314014964372723,0.18781965640321094,39,8.931612152244952,24.990637070297968,2.1926021699584277,27.18323924025639
-0.018790947572549403,-0.026506406134454104,0.13906741924611904,0.618498476581156,1.7768453155108297,1.1314015064372722,0.18781965640321094,39,8.931612152815614,24.990637071675625,2.1926021699584277,27.18323924163405
-0.018790947572549403,-0.026506406134454104,0.13906741924611904,0.618498486581156,1.7768453155108297,1.1314014964372723,0.18781965640321094,39,8.93161215331838,24.99063707248869,2.1926021757810923,27.183239248269782
-0.018790947572549403,-0.026506406134454104,0.13906741924611904,0.618498476581156,1.7768453155108297,1.1314014964372723,0.18781965640321094,39,8.931612153279055,24.990637072653346,2.1926021687736084,27.183239241426946
-0.018790947572549403,-0.026506406134454104,0.13906742924611903,0.618498476581156,1.7768453155108297,1.1314014964372723,0.18781965640321094,39,8.931612156399511,24.990637079073124,2.1926021757810923,27.183239254854218
-0.018790947572549403,-0.026506396134454102,0.13906741924611904,0.618498476581156,1.7768453155108297,1.1314014964372723,0.18781965640321094,39,8.931612158024905,24.990637081784648,2.1926021677928715,27.183239249577518
-0.0187909375725494,-0.026506406134454104,0.13906741924611904,0.618498476581156,1.7768453155108297,1.1314014964372723,0.18781965640321094,39,8.931612181670003,24.990637140451447,2.1926021310783437,27.183239271529793
-0.11714326599894191,-0.025717008303155445,0.1656432329083853,0.6569042619473313,1.7804860910132871,1.1189959828454115,0.19163308794199163,39,9.305731788286893,25.893532238229085,2.6280801425592846,28.52161238078837
-0.1171432759989419,-0.025717008303155445,0.1656432429083853,0.6569042619473313,1.7804860910132871,1.1189959828454115,0.19163308794199163,39,9.305731861195214,25.893532449939308,2.62808019150215,28.521612641441457
-0.1171432759989419,-0.025716998303155443,0.1656432329083853,0.6569042619473313,1.7804860910132871,1.1189959828454115,0.19163308794199163,39,9.305731861887585,25.893532450417265,2.628080182942057,28.52161263335933
-0.1171432759989419,-0.025717008303155445,0.1656432329083853,0.6569042619473313,1.7804860910132871,1.1189959928454114,0.19163308794199163,39,9.305731861229077,25.8935324533211,2.6280801850173394,28.52161263833844
-0.1171432759989419,-0.025717008303155445,0.1656432329083853,0.6569042619473313,1.7804860910132871,1.1189959828454115,0.19163308794199163,39,9.305731861471788,25.893532453985685,2.6280801838935854,28.521612637879272
-0.1171432759989419,-0.025717008303155445,0.1656432329083853,0.6569042619473313,1.7804860910132871,1.1189959828454115,0.19163309794199163,39,9.305731861635254,25.89353245532059,2.6280801850173394,28.521612640337928
-0.1171432759989419,-0.025717008303155445,0.1656432329083853,0.6569042719473314,1.7804860910132871,1.1189959828454115,0.19163308794199163,39,9.305731866521691,25.89353246791173,2.62808019150215,28.52161265941388
-0.1171432759989419,-0.025717008303155445,0.1656432329083853,0.6569042619473313,1.780486101013287,1.1189959828454115,0.19163308794199163,39,9.30573186834397,25.89353247813434,2.6280801850173394,28.521612663151675
-0.012321777641773224,-0.14750028519200326,0.30403994768857956,0.6161685362458229,1.77594607219956,1.2518424008872278,0.1177282105450206,39,9.526989845591274,26.20858182246503,2.340816095376483,28.549397917841524
-0.012321777641773224,-0.14750029519200325,0.30403994768857956,0.616168546245823,1.77594607219956,1.2518424008872278,0.1177282105450206,39,9.52698990866324,26.208581959198348,2.340816109345922,28.54939806854427
-0.012321777641773224,-0.14750029519200325,0.30403994768857956,0.6161685362458229,1.77594607219956,1.2518424008872278,0.11772822054502059,39,9.52698991203616,26.20858196585433,2.3408161026286995,28.549398068483026
-0.012321777641773224,-0.14750029519200325,0.30403994768857956,0.6161685362458229,1.7759460821995599,1.2518424008872278,0.1177282105450206,39,9.526989914942636,26.208581972390206,2.3408161026286995,28.549398075018914
-0.012321777641773224,-0.14750029519200325,0.30403994768857956,0.6161685362458229,1.77594607219956,1.2518424008872278,0.1177282105450206,39,9.526989915932504,26.208581974612702,2.340816100833994,28.549398075446696
-0.012321777641773224,-0.14750029519200325,0.30403994768857956,0.6161685362458229,1.77594607219956,1.2518424008872278,0.1177282105450206,39,9.526989915932504,26.208581974612702,2.340816100833994,28.549398075446696
-0.012321777641773224,-0.14750029519200325,0.30403994768857956,0.6161685362458229,1.77594607219956,1.2518424108872277,0.1177282105450206,39,9.526989925903441,26.2085819961816,2.3408161026286995,28.549398098810297
-0.012321777641773224,-0.14750029519200325,0.30403995768857955,0.6161685362458229,1.77594607219956,1.2518424008872278,0.1177282105450206,39,9.526989926279915,26.208581996588975,2.340816109345922,28.549398105934902
-0.012321767641773224,-0.14750029519200325,0.30403994768857956,0.6161685362458229,1.77594607219956,1.2518424008872278,0.1177282105450206,39,9.52698995966822,26.208582076756457,2.3408160633780883,28.549398140134542
-0.012321777641773224,-0.14750029519200325,0.30403994768857956,0.6161685362458229,0.5487220226845166,1.2518424008872278,0.1177282105450206,39,9.591135101388474,26.353782647305025,3.0493141282850167,29.403096775590036
-0.012321777641773224,-0.14750029519200325,0.30403994768857956,0.14396202564239502,1.77594607219956,1.2518424008872278,0.1177282105450206,39,9.97586419170523,27.19981349581697,2.042005078653157,29.241818574470123
-0.012321777641773224,-0.14750029519200325,0.30403994768857956,0.6161685362458229,0.5487220226845166,1.657009899373801,0.1177282105450206,39,10.19089216825972,27.905093010560705,2.610010271127161,30.51510328168787
-0.012321777641773224,-0.14750029519200325,0.5571417063474655,0.14396202564239502,1.77594607219956,1.2518424008872278,0.1177282105450206,39,10.320501060997737,27.98564261137193,2.176518890795175,30.162161502167102
-0.012321777641773224,-0.14750029519200325,0.30403994768857956,0.6161685362458229,0.5487220226845166,1.657009899373801,1.700421738630907,39,10.421632428420095,29.569489684832067,2.834112034299252,32.40360171913132
-0.14180558919906616,0.11260014772415161,-0.7262415438890457,0.6133861988782883,0.124154925359401,1.562152506626758,0.9305276952284873,39,11.53607590215735,33.192485656474005,3.355877539157231,36.54836319563123
0.16961271315813065,-0.19749821722507477,-0.04057060182094574,-0.45375028252601624,1.5902190981387805,1.0661154251336762,0.6675159048080155,39,12.911196228764329,36.961788976793464,1.5255036656993624,38.48729264249283
0.6859434247016907,0.37144114077091217,-0.1982937753200531,-0.5588648021221161,0.0024959210641464333,1.4782922578812154,0.8088686993844587,39,13.90831363407234,43.02766907239012,1.014018512556194,44.04168758494632
-0.45507601648569107,-0.769578286446631,0.9604880288243294,0.30011577159166336,1.3443764913606524,0.7824740727978825,0.15084926146893496,39,14.006516980456002,44.723142078872336,6.069264078040579,50.79240615691292
0.1718464627622449,-0.9490594078233809,0.2120989013554917,-0.4482733556669758,0.7782953674143548,0.21639294953521385,1.434879745500256,39,14.708792023281923,46.13729285226324,3.3374723696649156,49.474765221928166
-0.012321777641773224,0.8681287616491318,0.5571417063474655,0.14396202564239502,1.77594607219956,1.2518424008872278,0.1177282105450206,39,13.223812793004921,51.84039840240996,3.5305176287785196,55.37091603118848
-0.8047174364328384,0.8807802796363831,-0.3216873109340668,-0.6822583377361298,1.607702384644552,1.0835987190900287,1.9517078438820263,39,12.419930108898473,56.55271464277304,9.591476286922308,66.14419092969536
-0.7647603079676628,0.8681287616491318,0.5571417063474655,0.14396202564239502,1.77594607219956,1.2518424008872278,0.1177282105450206,39,13.807225589730358,64.86541425878758,7.3962472204956144,72.26166147928319
-0.1435816206118974,-0.9541259796313164,0.4858161388643467,0.34750650291835683,1.2987040676058936,1.396346286386393,1.5867710044340844,39,14.794548213097405,66.90069148518337,5.437946664220456,72.33863814940383
-0.866120770573616,0.7667682990431786,-0.38309064507484436,-0.7962703183293343,0.34129905390491877,1.8170953825925866,1.4184958647892754,39,14.316364201878283,77.93296913364927,8.378645495602415,86.31161462925165
-0.99999999,1.0,-1.0,1.0,1.8187242978659783,0.0001,0.8140952638218452,39,14.217797739046349,81.30643748649246,11.183094555718068,92.4895320422105
-1.0,1.0,-0.99999999,1.0,1.8187242978659783,0.0001,0.8140952638218452,39,14.217797742064642,81.30643793133864,11.183094611218067,92.48953254255669
-1.0,1.0,-1.0,0.99999999,1.8187242978659783,0.0001,0.8140952638218452,39,14.21779774560618,81.30643793718265,11.183094611218067,92.48953254840069
-1.0,0.99999999,-1.0,1.0,1.8187242978659783,0.0001,0.8140952638218452,39,14.217797740596943,81.30643796758278,11.183094592718069,92.48953256030086
-1.0,1.0,-1.0,1.0,1.8187242978659783,0.0001,0.8140952638218452,39,14.217797747015837,81.30643801555793,11.183094629718068,92.489532645276
-1.0,1.0,-1.0,1.0,1.8187242978659783,0.00010001,0.8140952638218452,39,14.21779774829396,81.30643805818062,11.18309462519074,92.48953268337135
-1.0,1.0,-1.0,1.0,1.8187242978659783,0.0001,0.8140952738218452,39,14.217797751748897,81.30643817068304,11.18309462519074,92.48953279587376
-1.0,1.0,-1.0,1.0,1.8187243078659783,0.0001,0.8140952638218452,39,14.217797750297889,81.30643851194965,11.18309462519074,92.48953313714038
