Vᵢᵢ,αᵢⱼ,βᵢⱼ,γ1,γ3,n_data,raw_ssr_sum,raw_neglogprob_sum,param_penalty_sum,loss_final_sum
-0.08027978808302888,0.9834006088843107,4.5541600194203084e-05,1.9428757700576298,0.36737311348520885,41,7.496147577935675,21.506420400191935,2.476769419831541,23.983189820023473
-0.08027977318186769,0.9834006088843107,4.5541600194203084e-05,1.9428757990087349,0.36737311348520885,41,7.496147584605299,21.50642043506196,2.476769380369784,23.98318981543174
-0.08027977318186769,0.9834006237854719,4.5541600194203084e-05,1.9428757700576298,0.36737311348520885,41,7.496147582938704,21.50642043841624,2.476769377556619,23.983189815972857
-0.08027977318186769,0.9834006088843107,4.5541600194203084e-05,1.9428757700576298,0.36737312838637004,41,7.496147585488153,21.506420442621028,2.4767693729595184,23.983189815580552
-0.08027977318186769,0.9834006088843107,4.5541600194203084e-05,1.9428757700576298,0.36737311348520885,41,7.4961475894030745,21.506420450297632,2.476769365100301,23.983189815397935
-0.08027977318186769,0.9834006088843107,4.555650135539693e-05,1.9428757700576298,0.36737311348520885,41,7.496147595394987,21.506420458744625,2.476769377556619,23.983189836301232
-0.07919786174175432,0.97406680793243,-4.6843040042015526e-05,1.9496666989695406,0.36999212131973613,41,7.499220609881587,21.512631601193934,2.47007153644962,23.982703137643558
-0.07919784684059313,0.97406680793243,-4.6843040042015526e-05,1.9496667280218383,0.36999212131973613,41,7.499220617106143,21.51263163743659,2.4700714975607956,23.98270313499739
-0.07919784684059313,0.9740668228335911,-4.6843040042015526e-05,1.9496666989695406,0.36999212131973613,41,7.499220615429446,21.51263164072152,2.4700714941113073,23.98270313483282
-0.07919784684059313,0.97406680793243,-4.685794120320937e-05,1.9496666989695406,0.36999212131973613,41,7.499220615949649,21.51263164423705,2.4700714941113073,23.982703138348363
-0.07919784684059313,0.97406680793243,-4.6843040042015526e-05,1.9496666989695406,0.3699921362208973,41,7.499220618077292,21.512631645151036,2.4700714898707856,23.98270313502182
-0.07919784684059313,0.97406680793243,-4.6843040042015526e-05,1.9496666989695406,0.36999212131973613,41,7.499220621966605,21.51263165277857,2.4700714817731964,23.98270313455177
-0.07803115602011274,0.9727449272983866,-3.329439135944181e-05,1.9568426648085484,0.36824414774817427,41,7.500036482377063,21.5149224287126,2.4676626391910417,23.982585067903653
-0.07803114111895154,0.9727449272983866,-3.329439135944181e-05,1.9568426939677763,0.36824414774817427,41,7.50003649088444,21.514922467603288,2.4676626006885054,23.982585068291794
-0.07803114111895154,0.9727449421995478,-3.329439135944181e-05,1.9568426648085484,0.36824414774817427,41,7.5000364894704665,21.51492247133362,2.4676625968949235,23.982585068228538
-0.07803114111895154,0.9727449272983866,-3.330929252063566e-05,1.9568426648085484,0.36824414774817427,41,7.500036490011217,21.514922474870506,2.4676625968949235,23.982585071765428
-0.07803114111895154,0.9727449272983866,-3.329439135944181e-05,1.9568426648085484,0.36824416264933546,41,7.500036492126781,21.514922475792908,2.467662592808819,23.98258506860173
-0.07803114111895154,0.9727449272983866,-3.329439135944181e-05,1.9568426648085484,0.36824414774817427,41,7.500036495958883,21.514922483313274,2.467662584573728,23.982585067887
-0.07838013765705641,0.9717315774826021,-4.518623692906003e-05,1.9543647490655196,0.3697932465854622,41,7.500190644369534,21.515011726302152,2.467601754786033,23.982613481088183
-0.07838012275589522,0.9717315774826021,-4.518623692906003e-05,1.9543647781878237,0.3697932465854622,41,7.500190652503652,21.515011764418464,2.4676017161994257,23.982613480617893
-0.07838012275589522,0.9717315923837633,-4.518623692906003e-05,1.9543647490655196,0.3697932465854622,41,7.500190650998781,21.515011767983875,2.46760171245955,23.982613480443423
-0.07838012275589522,0.9717315774826021,-4.5201138090253875e-05,1.9543647490655196,0.3697932465854622,41,7.500190651538159,21.515011771524236,2.46760171245955,23.982613483983783
-0.07838012275589522,0.9717315774826021,-4.518623692906003e-05,1.9543647490655196,0.3697932614866234,41,7.500190653669052,21.515011772470213,2.4676017083626003,23.982613480832814
-0.07838012275589522,0.9717315774826021,-4.518623692906003e-05,1.9543647490655196,0.3697932465854622,41,7.500190657513828,21.51501178001423,2.467601700151038,23.982613480165266
-0.0774450168965299,0.9722648767856779,1.3297103408201488e-05,1.9606093253320238,0.36603212362450027,41,7.500717289082484,21.516584044923256,2.4659627004436993,23.98254674536696
-0.0774450019953687,0.9722648767856779,1.3297103408201488e-05,1.9606093545473795,0.36603212362450027,41,7.50071729805138,21.516584084809836,2.4659626620790904,23.98254674688893
-0.0774450019953687,0.972264891686839,1.3297103408201488e-05,1.9606093253320238,0.36603212362450027,41,7.500717296719128,21.516584088672833,2.4659626581709437,23.98254674684377
-0.0774450019953687,0.9722648767856779,1.3297103408201488e-05,1.9606093253320238,0.36603213852566147,41,7.5007172993735,21.516584093134796,2.4659626541305535,23.982546747265346
-0.0774450019953687,0.9722648767856779,1.3297103408201488e-05,1.9606093253320238,0.36603212362450027,41,7.500717303195469,21.516584100635963,2.465962645856081,23.98254674649204
-0.0774450019953687,0.9722648767856779,1.3312004569395335e-05,1.9606093253320238,0.36603212362450027,41,7.500717309118041,21.51658410904774,2.4659626581709437,23.982546767218683
-0.07740432997205292,0.972611103272855,-7.307936916215349e-06,1.9609589471718376,0.36518442497836845,41,7.500753195396875,21.516684260743162,2.465818521605473,23.982502782348632
-0.07740431507089172,0.972611103272855,-7.307936916215349e-06,1.960958976392403,0.36518442497836845,41,7.500753204338121,21.51668430058721,2.465818483221076,23.982502783808282
-0.07740431507089172,0.9726111181740162,-7.307936916215349e-06,1.9609589471718376,0.36518442497836845,41,7.500753202999988,21.51668430444025,2.465818479339088,23.98250278377934
-0.07740431507089172,0.972611103272855,-7.322838077409197e-06,1.9609589471718376,0.36518442497836845,41,7.500753203555002,21.516684307992534,2.465818479339088,23.982502787331626
-0.07740431507089172,0.972611103272855,-7.307936916215349e-06,1.9609589471718376,0.36518443987952964,41,7.500753205648076,21.516684308889456,2.4658184752817713,23.982502784171224
-0.07740431507089172,0.972611103272855,-7.307936916215349e-06,1.9609589471718376,0.36518442497836845,41,7.5007532094761995,21.51668431640206,2.4658184670199157,23.98250278342197
-0.07711763522598772,0.9735824208640242,-1.685371171046928e-05,1.9625637958067252,0.36097668057185495,41,7.501400508100939,21.518230256045385,2.464142361740307,23.982372617785693
-0.07711762032482652,0.9735824208640242,-1.685371171046928e-05,1.9625638250512047,0.36097668057185495,41,7.501400517060029,21.518230295959718,2.464142323254289,23.98237261921401
-0.07711762032482652,0.9735824357651854,-1.685371171046928e-05,1.9625637958067252,0.36097668057185495,41,7.501400515718498,21.518230299794165,2.4641423195008705,23.98237261929504
-0.07711762032482652,0.9735824208640242,-1.6868612871663126e-05,1.9625637958067252,0.36097668057185495,41,7.501400516284464,21.518230303357857,2.4641423195008705,23.982372622858726
-0.07711762032482652,0.9735824208640242,-1.685371171046928e-05,1.9625637958067252,0.36097669547301614,41,7.50140051834246,21.51823030419725,2.464142315365194,23.982372619562444
-0.07711762032482652,0.9735824208640242,-1.685371171046928e-05,1.9625637958067252,0.36097668057185495,41,7.501400522192773,21.51823031175094,2.4641423071692756,23.98237261892022
-0.08142695892242811,0.9695200524455152,-2.2046449687610186e-05,1.9074575914891065,0.3843334792951555,41,7.503214797279149,21.52438862084703,2.4599990290144698,23.98438764986151
-0.08142694402126692,0.9695200524455152,-2.2046449687610186e-05,1.9074576199124396,0.3843334792951555,41,7.503214808909421,21.5243886633942,2.459998988324358,23.984387651718556
-0.08142694402126692,0.9695200673466764,-2.2046449687610186e-05,1.9074575914891065,0.3843334792951555,41,7.503214808464019,21.524388668485503,2.459998986505319,23.98438765499082
-0.08142694402126692,0.9695200524455152,-2.2061350848804034e-05,1.9074575914891065,0.3843334792951555,41,7.503214809010417,21.524388672039255,2.459998986505319,23.984387658544573
-0.08142694402126692,0.9695200524455152,-2.2046449687610186e-05,1.9074575914891065,0.3843334941963167,41,7.503214811167831,21.524388673043866,2.4599989816167547,23.984387654660623
-0.08142694402126692,0.9695200524455152,-2.2046449687610186e-05,1.9074575914891065,0.3843334792951555,41,7.5032148146593,21.524388679930123,2.459998974225111,23.984387654155228
-0.08070223302623988,0.9694329211121999,0.0004022083279072266,1.9083258151317566,0.38415558684902534,41,7.50416272925638,21.527203460273125,2.457919578700226,23.985123038973345
-0.08070221812507869,0.9694329211121999,0.0004022083279072266,1.9083258435680273,0.38415558684902534,41,7.50416274250878,21.527203505809094,2.4579195380866223,23.985123043895715
-0.08070221812507869,0.9694329360133611,0.0004022083279072266,1.9083258151317566,0.38415558684902534,41,7.504162742445845,21.52720351152417,2.457919536231504,23.98512304775568
-0.08070221812507869,0.9694329211121999,0.0004022083279072266,1.9083258151317566,0.38415560175018654,41,7.504162745149831,21.527203516093092,2.4579195313567155,23.985123047449804
-0.08070221812507869,0.9694329211121999,0.0004022083279072266,1.9083258151317566,0.38415558684902534,41,7.504162748540787,21.527203522792444,2.457919523947585,23.985123046740032
-0.08070221812507869,0.9694329211121999,0.00040222322906842043,1.9083258151317566,0.38415558684902534,41,7.504162754080731,21.527203530507357,2.457919536231504,23.985123066738858
-0.08142343655058484,0.9656313200742453,4.6874784239205584e-05,1.9017783063565796,0.3878735417518606,41,7.50520713981852,21.52913689144546,2.455750877461915,23.98488776890738
-0.08142342164942365,0.9656313200742453,4.6874784239205584e-05,1.9017783346952848,0.3878735417518606,41,7.505207152550851,21.529136935801763,2.4557508366269447,23.984887772428703
-0.08142342164942365,0.9656313349754065,4.6874784239205584e-05,1.9017783063565796,0.3878735417518606,41,7.505207152352965,21.529136941240882,2.4557508349040034,23.984887776144888
-0.08142342164942365,0.9656313200742453,4.6874784239205584e-05,1.9017783063565796,0.3878735566530218,41,7.505207155097917,21.52913694589501,2.4557508300101887,23.984887775905197
-0.08142342164942365,0.9656313200742453,4.6874784239205584e-05,1.9017783063565796,0.3878735417518606,41,7.50520715849841,21.5291369526114,2.4557508226727354,23.984887775284133
-0.08142342164942365,0.9656313200742453,4.688968540039943e-05,1.9017783063565796,0.3878735417518606,41,7.505207164076987,21.529136960396627,2.4557508349040034,23.984887795300633
-0.08180590279953683,0.9636152676841534,-0.00014156451616071416,1.8983060533285645,0.3898452352024043,41,7.505770711574926,21.530185981983156,2.4548448830194474,23.985030865002603
-0.08180588789837563,0.9636152676841534,-0.00014156451616071416,1.898306081615529,0.3898452352024043,41,7.505770724039941,21.53018602572985,2.4548448420674633,23.985030867797317
-0.08180588789837563,0.9636152825853146,-0.00014156451616071416,1.8983060533285645,0.3898452352024043,41,7.505770723771856,21.53018603102476,2.4548448404178225,23.985030871442582
-0.08180588789837563,0.9636152676841534,-0.000141579417321908,1.8983060533285645,0.3898452352024043,41,7.505770724345114,21.530186034627093,2.4548448404178225,23.98503087504492
-0.08180588789837563,0.9636152676841534,-0.00014156451616071416,1.8983060533285645,0.3898452501035655,41,7.50577072653858,21.53018603572419,2.454844835510331,23.985030871234517
-0.08180588789837563,0.9636152676841534,-0.00014156451616071416,1.8983060533285645,0.3898452352024043,41,7.505770729943802,21.530186042449003,2.45484482821089,23.985030870659898
-0.07650905823667803,0.9626035309092229,-4.8082499013061997e-05,1.963617329284249,0.35823264293045187,41,7.507309166935087,21.530232405163293,2.451977977852896,23.982210383016184
-0.07650904333551684,0.9626035309092229,-4.8082499013061997e-05,1.9636173585444272,0.35823264293045187,41,7.507309175456782,21.5302324443591,2.451977939322256,23.98221038368136
-0.07650904333551684,0.9626035458103841,-4.8082499013061997e-05,1.963617329284249,0.35823264293045187,41,7.507309173835237,21.53023244757672,2.4519779355056297,23.982210383082347
-0.07650904333551684,0.9626035309092229,-4.8097400174255844e-05,1.963617329284249,0.35823264293045187,41,7.507309174477448,21.530232451269406,2.4519779355056297,23.982210386775037
-0.07650904333551684,0.9626035309092229,-4.8082499013061997e-05,1.963617329284249,0.35823265783161307,41,7.507309176550998,21.53023245219572,2.4519779314657923,23.98221038366151
-0.07650904333551684,0.9626035309092229,-4.8082499013061997e-05,1.963617329284249,0.35823264293045187,41,7.507309180459162,21.530232459855178,2.451977923312697,23.982210383167878
-0.083884714678201,0.9512222829623341,-0.0007127234359867626,1.885596215657584,0.3994431174246757,41,7.508788402691451,21.534557751947744,2.4513572441783524,23.985914996126095
-0.0838846997770398,0.9512222829623341,-0.0007127234359867626,1.8855962437551572,0.3994431174246757,41,7.508788412144231,21.53455778981037,2.451357202879627,23.98591499269
-0.0838846997770398,0.9512222978634953,-0.0007127234359867626,1.885596215657584,0.3994431174246757,41,7.508788411036592,21.534557793575523,2.4513572013216702,23.985914994897197
-0.0838846997770398,0.9512222829623341,-0.0007127383371479564,1.885596215657584,0.3994431174246757,41,7.508788411637515,21.53455779726951,2.4513572013216702,23.98591499859118
-0.0838846997770398,0.9512222829623341,-0.0007127234359867626,1.885596215657584,0.3994431323258369,41,7.508788413944497,21.534557798564347,2.451357196485082,23.985914995049427
-0.0838846997770398,0.9512222829623341,-0.0007127234359867626,1.885596215657584,0.3994431174246757,41,7.508788417497096,21.534557805562027,2.4513571892644737,23.985914994826498
-0.0843107292807218,0.9474886484292319,-0.0007886327876981558,1.8832714582510097,0.40191191475866483,41,7.509822365593036,21.536158530889907,2.450043376662266,23.98620190755217
-0.0843107143795606,0.9474886484292319,-0.0007886327876981558,1.8832714863139413,0.40191191475866483,41,7.50982237429061,21.5361585673149,2.4500433353320434,23.986201902646947
-0.0843107143795606,0.947488663330393,-0.0007886327876981558,1.8832714582510097,0.40191191475866483,41,7.5098223729535665,21.536158570661478,2.450043333737672,23.986201904399145
-0.0843107143795606,0.9474886484292319,-0.0007886476888593496,1.8832714582510097,0.40191191475866483,41,7.5098223735638925,21.53615857438273,2.450043333737672,23.986201908120403
-0.0843107143795606,0.9474886484292319,-0.0007886327876981558,1.8832714582510097,0.40191192965982603,41,7.509822375904805,21.536158575740526,2.450043328951062,23.98620190469159
-0.0843107143795606,0.9474886484292319,-0.0007886327876981558,1.8832714582510097,0.40191191475866483,41,7.509822379497306,21.536158582812206,2.450043321726804,23.98620190453901
-0.07573581695961482,0.9666865117958096,-8.457535092817989e-05,1.96568812288452,0.3423825447674588,41,7.510028794794609,21.536818772128967,2.44514892959074,23.98196770171971
-0.07573580205845362,0.9666865117958096,-8.457535092817989e-05,1.9656881521755556,0.3423825447674588,41,7.510028803496384,21.536818811612815,2.4451488904300227,23.981967702042844
-0.07573580205845362,0.9666865266969707,-8.457535092817989e-05,1.96568812288452,0.3423825447674588,41,7.5100288019148955,21.53681881483037,2.4451488873348266,23.9819677021652
-0.07573580205845362,0.9666865117958096,-8.459025208937374e-05,1.96568812288452,0.3423825447674588,41,7.5100288025947055,21.536818818559574,2.4451488873348266,23.9819677058944
-0.07573580205845362,0.9666865117958096,-8.457535092817989e-05,1.96568812288452,0.34238255966861997,41,7.510028804533667,21.536818819261963,2.445148882893756,23.981967702155718
-0.07573580205845362,0.9666865117958096,-8.457535092817989e-05,1.96568812288452,0.3423825447674588,41,7.510028808507943,21.536818827043746,2.4451488750897172,23.98196770213346
-0.07569057039752869,0.9667632005169954,-8.45029956579663e-05,1.9661090942682544,0.3421562684898565,41,7.510024883829831,21.536819177017602,2.445148404066373,23.981967581083975
-0.0756905554963675,0.9667632005169954,-8.45029956579663e-05,1.966109123565563,0.3421562684898565,41,7.510024892550872,21.536819216553443,2.44514836492093,23.98196758147438
-0.0756905554963675,0.9667632154181566,-8.45029956579663e-05,1.9661090942682544,0.3421562684898565,41,7.510024890972821,21.53681921977844,2.4451483618137226,23.981967581592162
-0.0756905554963675,0.9667632005169954,-8.451789681916014e-05,1.9661090942682544,0.3421562684898565,41,7.510024891652913,21.536819223507553,2.4451483618137226,23.98196758532127
-0.0756905554963675,0.9667632005169954,-8.45029956579663e-05,1.9661090942682544,0.34215628339101767,41,7.510024893590307,21.536819224207605,2.4451483573766124,23.981967581584218
-0.0756905554963675,0.9667632005169954,-8.45029956579663e-05,1.9661090942682544,0.3421562684898565,41,7.51002489756495,21.536819231990066,2.4451483495676425,23.981967581557708
-0.07258466122410494,0.9720274281543549,-7.953623382810193e-05,1.9950062926896635,0.32662373885820306,41,7.5098947773319,21.537242602789878,2.445294928793051,23.98253753158293
-0.07258464632294374,0.9720274281543549,-7.953623382810193e-05,1.9950063224175738,0.32662373885820306,41,7.509894787607943,21.537242646337006,2.445294890706039,23.982537537043044
-0.07258464632294374,0.9720274430555161,-7.953623382810193e-05,1.9950062926896635,0.32662373885820306,41,7.509894786311277,21.53724265014614,2.4452948867643722,23.982537536910506
-0.07258464632294374,0.9720274281543549,-7.955113498929578e-05,1.9950062926896635,0.32662373885820306,41,7.509894787011395,21.53724265386938,2.4452948867643722,23.982537540633757
-0.07258464632294374,0.9720274281543549,-7.953623382810193e-05,1.9950062926896635,0.32662375375936425,41,7.509894788840253,21.537242654409305,2.4452948825992005,23.982537537008504
-0.07258464632294374,0.9720274281543549,-7.953623382810193e-05,1.9950062926896635,0.32662373885820306,41,7.509894792828894,21.537242662216872,2.4452948744516774,23.98253753666855
-0.08703652758246691,0.9386938252799807,0.0569899899903626,1.8732525129545239,0.42829798675266123,41,7.534161789764282,21.567949983717703,2.507434259696441,24.075384243414142
-0.08703652758246691,0.9386938152799806,0.0569899899903626,1.8732525129545239,0.4282979967526612,41,7.534161792248003,21.567949988138977,2.507434256359488,24.075384244498466
-0.08703652758246691,0.9386938152799806,0.0569899899903626,1.8732525229545238,0.42829798675266123,41,7.534161793896649,21.567949989274087,2.507434256359488,24.07538424563358
-0.08703652758246691,0.9386938152799806,0.0569899899903626,1.8732525129545239,0.42829798675266123,41,7.534161794893549,21.56794999337334,2.5074342512331285,24.07538424460646
-0.08703652758246691,0.9386938152799806,0.056989999990362604,1.8732525129545239,0.42829798675266123,41,7.534161800179536,21.56795000150318,2.507434259696441,24.075384261199623
-0.08703651758246692,0.9386938152799806,0.0569899899903626,1.8732525129545239,0.42829798675266123,41,7.534161795235846,21.567950012809796,2.5074342142738875,24.075384227083678
-0.0807079363268543,1.0,0.09780037978769089,1.9190610103303065,0.36626899828520637,41,7.5375130984459195,21.570944163210463,2.5668770373231404,24.1378212005336
-0.0807079363268543,1.0,0.09780037978769089,1.9190610203303065,0.3662689882852064,41,7.537513100180944,21.570944164555208,2.5668770373231404,24.137821201878342
-0.0807079363268543,1.0,0.09780037978769089,1.9190610103303065,0.3662689882852064,41,7.537513101142233,21.57094416856831,2.5668770324725307,24.13782120104084
-0.0807079363268543,1.0,0.09780038978769089,1.9190610103303065,0.3662689882852064,41,7.537513106483944,21.570944176870707,2.566877041803834,24.13782121867453
-0.0807079363268543,0.99999999,0.09780037978769089,1.9190610103303065,0.3662689882852064,41,7.537513106016708,21.57094417771766,2.566877023141228,24.137821200858887
-0.0807079263268543,1.0,0.09780037978769089,1.9190610103303065,0.3662689882852064,41,7.537513101525038,21.570944189615602,2.566876995728461,24.13782118534406
-0.08320573657108535,0.9294882421780918,0.0423803563876104,1.8955794712836382,0.40792989105149735,41,7.534890660341101,21.57478881167375,2.474393821703358,24.04918263337711
-0.08320573657108535,0.9294882321780917,0.0423803563876104,1.8955794712836382,0.40792990105149735,41,7.534890662732568,21.57478881594591,2.4743938186021346,24.049182634548046
-0.08320573657108535,0.9294882321780917,0.0423803563876104,1.8955794812836382,0.40792989105149735,41,7.534890664208035,21.57478881681704,2.4743938186021346,24.049182635419175
-0.08320573657108535,0.9294882321780917,0.0423803563876104,1.8955794712836382,0.40792989105149735,41,7.534890665395379,21.574788821194392,2.474393813442475,24.049182634636864
-0.08320573657108535,0.9294882321780917,0.042380366387610405,1.8955794712836382,0.40792989105149735,41,7.534890670361598,21.57478882878767,2.474393821703358,24.049182650491026
-0.08320572657108535,0.9294882321780917,0.0423803563876104,1.8955794712836382,0.40792989105149735,41,7.5348906680129435,21.574788845051213,2.47439377661348,24.049182621664688
-0.08507237619593289,0.8784110341086765,0.0025614959799724188,1.8832475742541221,0.43528871406849373,41,7.535582699533481,21.581734755838912,2.417642921101114,23.99937767694003
-0.08507237619593289,0.8784110241086764,0.0025614959799724188,1.8832475742541221,0.4352887240684937,41,7.535582702099541,21.58173476049536,2.4176429190279647,23.999377679523327
-0.08507237619593289,0.8784110241086764,0.0025614959799724188,1.883247584254122,0.43528871406849373,41,7.535582703546494,21.581734761309107,2.4176429190279647,23.999377680337073
-0.08507237619593289,0.8784110241086764,0.0025614959799724188,1.8832475742541221,0.43528871406849373,41,7.535582704797545,21.581734765777284,2.417642913612848,23.999377679390133
-0.08507237619593289,0.8784110241086764,0.0025615059799724187,1.8832475742541221,0.43528871406849373,41,7.535582709515944,21.58173477290885,2.417642921101114,23.999377694009965
-0.08507236619593289,0.8784110241086764,0.0025614959799724188,1.8832475742541221,0.43528871406849373,41,7.535582707834247,21.581734789567875,2.4176428767203877,23.99937766628826
-0.08133409082624687,0.8941625858960662,-0.00013376100736952966,1.879639098245903,0.42918714458812773,41,7.531642398595087,21.582155874060597,2.4087499395307335,23.990905813591326
-0.08133407592508568,0.8941625858960662,-0.00013376100736952966,1.8796391262547083,0.42918714458812773,41,7.5316424113438085,21.582155918112502,2.4087498994508327,23.990905817563338
-0.08133407592508568,0.8941626007972274,-0.00013376100736952966,1.879639098245903,0.42918714458812773,41,7.53164241027965,21.582155921409548,2.4087498960732256,23.990905817482773
-0.08133407592508568,0.8941625858960662,-0.0001337759085307235,1.879639098245903,0.42918714458812773,41,7.5316424111411155,21.582155925560652,2.4087498960732256,23.990905821633877
-0.08133407592508568,0.8941625858960662,-0.00013376100736952966,1.879639098245903,0.4291871594892889,41,7.5316424138068925,21.58215592778256,2.4087498925692583,23.990905820351813
-0.08133407592508568,0.8941625858960662,-0.00013376100736952966,1.879639098245903,0.42918714458812773,41,7.531642417099869,21.582155934289013,2.4087498847460798,23.990905819035092
-0.09088210697816797,1.0,0.07344579540414015,2.0,0.32652407985190623,41,7.563446264189288,21.582192694600653,2.6033871869274816,24.185579881528135
-0.09088211697816796,1.0,0.07344579540414015,2.0,0.32652408985190623,41,7.563446299056293,21.58219273704514,2.603387229568382,24.185579966613524
-0.09088211697816796,1.0,0.07344579540414015,1.99999999,0.32652407985190623,41,7.563446300872412,21.582192743761937,2.6033872184665645,24.185579962228502
-0.09088211697816796,1.0,0.07344579540414015,2.0,0.32652407985190623,41,7.563446303813593,21.582192746394952,2.6033872240174736,24.185579970412427
-0.09088211697816796,1.0,0.07344580540414014,2.0,0.32652407985190623,41,7.5634463109684065,21.58219275793245,2.603387233141763,24.185579991074214
-0.09088211697816796,0.99999999,0.07344579540414015,2.0,0.32652407985190623,41,7.5634463105889145,21.582192759111134,2.6033872148931843,24.18557997400432
-0.08487285177348088,0.8742352935549105,0.00012711044821706245,1.8792379357538904,0.43902402716398087,41,7.536235083933302,21.584524177085136,2.4118271389120025,23.996351315997135
-0.08487285177348088,0.8742352835549104,0.00012711044821706245,1.8792379357538904,0.43902403716398086,41,7.536235086512263,21.58452418177528,2.4118271368903765,23.996351318665656
-0.08487285177348088,0.8742352835549104,0.00012711044821706245,1.8792379457538904,0.43902402716398087,41,7.536235087773451,21.584524182270684,2.4118271368903765,23.99635131916106
-0.08487285177348088,0.8742352835549104,0.00012711044821706245,1.8792379357538904,0.43902402716398087,41,7.5362350891396845,21.584524186922614,2.411827131479923,23.996351318402535
-0.08487285177348088,0.8742352835549104,0.00012712044821706244,1.8792379357538904,0.43902402716398087,41,7.536235093763385,21.584524193891312,2.4118271389120025,23.996351332803307
-0.08487284177348088,0.8742352835549104,0.00012711044821706245,1.8792379357538904,0.43902402716398087,41,7.536235093441247,21.584524212849644,2.4118270945942464,23.996351307443888
-0.08525484744254014,0.8690365050900621,-0.004768302599826235,1.8760302367986994,0.44320310384077866,41,7.535869930332217,21.584610738679636,2.4133484873606013,23.997959226040244
-0.08525484744254014,0.8690364950900621,-0.004768302599826235,1.8760302367986994,0.44320311384077865,41,7.535869932925983,21.584610743401942,2.4133484853602276,23.99795922876217
-0.08525484744254014,0.8690364950900621,-0.004768302599826235,1.8760302467986993,0.44320310384077866,41,7.535869934146306,21.584610743823845,2.4133484853602276,23.99795922918407
-0.08525484744254014,0.8690364950900621,-0.004768302599826235,1.8760302367986994,0.44320310384077866,41,7.53586993554152,21.58461074852329,2.413348479933261,23.997959228456544
-0.08525484744254014,0.8690364950900621,-0.004768292599826235,1.8760302367986994,0.44320310384077866,41,7.535869940113433,21.584610755393093,2.41334847250592,23.99795922789901
-0.08525483744254014,0.8690364950900621,-0.004768302599826235,1.8760302367986994,0.44320310384077866,41,7.535869940092408,21.58461077474948,2.413348443034596,23.997959217784082
-0.08542390045413069,0.8668704819815053,-0.006835226238545464,1.8747267622041446,0.44492672859472476,41,7.535710111221515,21.58461518192547,2.4141268827488442,23.998742064674314
-0.08542390045413069,0.8668704719815052,-0.006835226238545464,1.8747267622041446,0.44492673859472476,41,7.53571011382151,21.58461518666119,2.4141268807564553,23.998742067417645
-0.08542390045413069,0.8668704719815052,-0.006835226238545464,1.8747267722041445,0.44492672859472476,41,7.535710115027789,21.584615187057572,2.4141268807564553,23.998742067814025
-0.08542390045413069,0.8668704719815052,-0.006835226238545464,1.8747267622041446,0.44492672859472476,41,7.5357101164332585,21.58461519177387,2.4141268753223466,23.998742067096213
-0.08542390045413069,0.8668704719815052,-0.0068352162385454645,1.8747267622041446,0.44492672859472476,41,7.535710120984424,21.584615198603785,2.414126867895847,23.998742066499634
-0.0854238904541307,0.8668704719815052,-0.006835226238545464,1.8747267622041446,0.44492672859472476,41,7.535710121066169,21.584615218085677,2.4141268384179337,23.998742056503612
-0.0849375557283906,0.8731018641069489,-0.0008889411014706009,1.8784766983231969,0.43996807213335937,41,7.536184411898557,21.584633305905985,2.4118886299925473,23.99652193589853
-0.0849375557283906,0.8731018541069488,-0.0008889411014706009,1.8784766983231969,0.43996808213335936,41,7.536184414480742,21.584633310603355,2.411888627977186,23.996521938580543
-0.0849375557283906,0.8731018541069488,-0.0008889411014706009,1.8784767083231968,0.43996807213335937,41,7.536184415726898,21.584633311072295,2.411888627977186,23.996521939049476
-0.0849375557283906,0.8731018541069488,-0.0008889411014706009,1.8784766983231969,0.43996807213335937,41,7.536184417103113,21.584633315740433,2.411888622563624,23.996521938304063
-0.0849375557283906,0.8731018541069488,-0.0008889311014706008,1.8784766983231969,0.43996807213335937,41,7.536184421713378,21.58463332268413,2.411888615134703,23.996521937818837
-0.0849375457283906,0.8731018541069488,-0.0008889411014706009,1.8784766983231969,0.43996807213335937,41,7.536184421501543,21.58463334180827,2.4118885856757473,23.99652192748401
-0.08489266458933675,0.8736770401635314,-0.00034008038845275736,1.8788228291535605,0.43951037263556264,41,7.5362304196869605,21.584639728905724,2.411682201495337,23.996321930401063
-0.08489266458933675,0.8736770301635314,-0.00034008038845275736,1.8788228291535605,0.43951038263556264,41,7.5362304222675265,21.584639733599595,2.4116821994778554,23.996321933077454
-0.08489266458933675,0.8736770301635314,-0.00034008038845275736,1.8788228391535604,0.43951037263556264,41,7.53623042351728,21.5846397340751,2.4116821994778554,23.996321933552956
-0.08489266458933675,0.8736770301635314,-0.00034008038845275736,1.8788228291535605,0.43951037263556264,41,7.536230424890832,21.584639738738847,2.411682194066192,23.99632193280504
-0.08489266458933675,0.8736770301635314,-0.00034007038845275736,1.8788228291535605,0.43951037263556264,41,7.53623042950646,21.584639745692893,2.4116821866370457,23.99632193232994
-0.08489265458933676,0.8736770301635314,-0.00034008038845275736,1.8788228291535605,0.43951037263556264,41,7.5362304292678495,21.584639764784523,2.4116821571798406,23.996321921964363
-0.08488166618393812,0.8738179592753922,-0.000205608580510502,1.8789076317955415,0.4393982354803551,41,7.536241748508425,21.58464142398183,2.4116316305246004,23.99627305450643
-0.08488166618393812,0.8738179592753922,-0.000205608580510502,1.8789076317955415,0.4393982354803551,41,7.536241748508425,21.58464142398183,2.4116316305246004,23.99627305450643
-0.08488166618393812,0.8738179492753921,-0.000205608580510502,1.8789076317955415,0.4393982454803551,41,7.536241751088592,21.584641428674843,2.4116316285065995,23.996273057181448
-0.08488166618393812,0.8738179492753921,-0.000205608580510502,1.8789076317955415,0.4393982454803551,41,7.536241751088592,21.584641428674843,2.4116316285065995,23.996273057181448
-0.08488166618393812,0.8738179492753921,-0.000205608580510502,1.8789076417955415,0.4393982354803551,41,7.536241752339226,21.584641429151958,2.4116316285065995,23.996273057658552
-0.08488166618393812,0.8738179492753921,-0.000205608580510502,1.8789076417955415,0.4393982354803551,41,7.536241752339226,21.584641429151958,2.4116316285065995,23.996273057658552
-0.08488166618393812,0.8738179492753921,-0.000205608580510502,1.8789076317955415,0.4393982354803551,41,7.536241753712126,21.584641433814625,2.4116316230953996,23.996273056910024
-0.08488166618393812,0.8738179492753921,-0.000205608580510502,1.8789076317955415,0.4393982354803551,41,7.536241753712126,21.584641433814625,2.4116316230953996,23.996273056910024
-0.08488166618393812,0.8738179492753921,-0.000205598580510502,1.8789076317955415,0.4393982354803551,41,7.5362417583290675,21.584641440771204,2.411631615666199,23.996273056437403
-0.08488166618393812,0.8738179492753921,-0.000205598580510502,1.8789076317955415,0.4393982354803551,41,7.5362417583290675,21.584641440771204,2.411631615666199,23.996273056437403
-0.08488165618393813,0.8738179492753921,-0.000205608580510502,1.8789076317955415,0.4393982354803551,41,7.5362417580839045,21.584641459854875,2.411631586209423,23.996273046064303
-0.08488165618393813,0.8738179492753921,-0.000205608580510502,1.8789076317955415,0.4393982354803551,41,7.5362417580839045,21.584641459854875,2.411631586209423,23.996273046064303
-0.08482832085556517,0.8745014562027891,0.00044661712781539527,1.8793189482200057,0.4388543390562341,41,7.5362970131401115,21.58465032251201,2.412050336052859,23.99670065856487
-0.08482832085556517,0.874501446202789,0.00044661712781539527,1.8793189482200057,0.4388543490562341,41,7.536297015718353,21.584650327200876,2.4120503340247472,23.996700661225617
-0.08482832085556517,0.874501446202789,0.00044661712781539527,1.8793189582200056,0.4388543390562341,41,7.536297016973241,21.584650327685747,2.4120503340247472,23.9967006617105
-0.08482832085556517,0.874501446202789,0.00044661712781539527,1.8793189482200057,0.4388543390562341,41,7.5362970183429905,21.58465033234322,2.412050328615801,23.996700660959014
-0.08482832085556517,0.874501446202789,0.00044662712781539526,1.8793189482200057,0.4388543390562341,41,7.536297022966282,21.584650339312056,2.412050336052859,23.996700675364913
-0.08482831085556518,0.874501446202789,0.00044661712781539527,1.8793189482200057,0.4388543390562341,41,7.536297022689384,21.58465035835724,2.4120502917316387,23.996700650088876
-0.08487347657312706,0.873901771259113,-0.00011959693238482656,1.878960056389838,0.4393219191954224,41,7.5362542552663125,21.58465496440176,2.4115868605007744,23.996241824902533
-0.08487347657312706,0.8739017612591129,-0.00011959693238482656,1.878960056389838,0.4393219291954224,41,7.536254257846248,21.584654969094295,2.4115868584823863,23.996241827576682
-0.08487347657312706,0.8739017612591129,-0.00011959693238482656,1.878960066389838,0.4393219191954224,41,7.536254259097286,21.58465496957219,2.4115868584823863,23.996241828054576
-0.08487347657312706,0.8739017612591129,-0.00011959693238482656,1.878960056389838,0.4393219191954224,41,7.53625426046988,21.584654974234322,2.4115868530715923,23.99624182730591
-0.08487347657312706,0.8739017612591129,-0.00011958693238482656,1.878960056389838,0.4393219191954224,41,7.536254265087579,21.58465498119241,2.411586845642411,23.996241826834822
-0.08487346657312707,0.8739017612591129,-0.00011959693238482656,1.878960056389838,0.4393219191954224,41,7.5362542648396325,21.58465500027339,2.4115868161858938,23.996241816459282
-0.0848008399288276,0.8748535606805391,0.00078261218968025,1.879530838499275,0.4385741499892627,41,7.536325687371326,21.58465534405117,2.4124239826500835,23.997079326701257
-0.0848008399288276,0.874853550680539,0.00078261218968025,1.879530838499275,0.4385741599892627,41,7.536325689948575,21.584655348737897,2.4124239806149608,23.997079329352857
-0.0848008399288276,0.874853550680539,0.00078261218968025,1.879530848499275,0.4385741499892627,41,7.53632569120565,21.584655349226765,2.4124239806149608,23.99707932984172
-0.0848008399288276,0.874853550680539,0.00078261218968025,1.879530838499275,0.4385741499892627,41,7.536325692573777,21.584655353881555,2.412423975207176,23.997079329088734
-0.0848008399288276,0.874853550680539,0.0007826221896802501,1.879530838499275,0.4385741499892627,41,7.536325697200331,21.584655360856694,2.4124239826500835,23.99707934350678
-0.0848008299288276,0.874853550680539,0.00078261218968025,1.879530838499275,0.4385741499892627,41,7.536325696907117,21.584655379882093,2.412423938323948,23.99707931820604
-0.08486847133804783,0.8739529945334122,-6.70292917052714e-05,1.8789920966692164,0.4392752770587844,41,7.53626190311411,21.584663249116904,2.4115594990485456,23.99622274816545
-0.08486847133804783,0.8739529845334122,-6.70292917052714e-05,1.8789920966692164,0.4392752870587844,41,7.536261905693904,21.58466325380914,2.4115594970299212,23.99622275083906
-0.08486847133804783,0.8739529845334122,-6.70292917052714e-05,1.8789921066692163,0.4392752770587844,41,7.536261906945191,21.584663254287516,2.4115594970299212,23.996222751317433
-0.08486847133804783,0.8739529845334122,-6.70292917052714e-05,1.8789920966692164,0.4392752770587844,41,7.536261908317595,21.584663258949313,2.4115594916193754,23.99622275056869
-0.08486847133804783,0.8739529845334122,-6.70192917052714e-05,1.8789920966692164,0.4392752770587844,41,7.536261912935756,21.584663265908336,2.411559484190205,23.996222750098536
-0.08486846133804783,0.8739529845334122,-6.70292917052714e-05,1.8789920966692164,0.4392752770587844,41,7.5362619126861095,21.584663284987656,2.411559454733848,23.996222739721503
-0.08475353631583804,0.8754596470074824,0.0013609689723548292,1.8798955705864615,0.43809185347450214,41,7.536375370055095,21.58466468310663,2.413068117174392,23.99773280028102
-0.08475353631583804,0.8754596370074823,0.0013609689723548292,1.8798955705864615,0.43809186347450213,41,7.536375372630643,21.584664687789687,2.413068115127203,23.997732802916886
-0.08475353631583804,0.8754596370074823,0.0013609689723548292,1.8798955805864614,0.43809185347450214,41,7.536375373891464,21.584664688285397,2.413068115127203,23.997732803412603
-0.08475353631583804,0.8754596370074823,0.0013609689723548292,1.8798955705864615,0.43809185347450214,41,7.536375375256807,21.584664692935586,2.4130681097214164,23.997732802657005
-0.08475353631583804,0.8754596370074823,0.0013609789723548291,1.8798955705864615,0.43809185347450214,41,7.536375379888965,21.584664699921554,2.413068117174392,23.997732817095944
-0.08475352631583805,0.8754596370074823,0.0013609689723548292,1.8798955705864615,0.43809185347450214,41,7.53637537956771,21.584664718912975,2.4130680728397964,23.99773279175277
-0.08486295767726265,0.8740282252756812,6.393172670237808e-06,1.8790391042091898,0.4392092553516774,41,7.53626994757888,21.584666760531594,2.4115397169617605,23.99620647749335
-0.08486295767726265,0.8740282152756812,6.393172670237808e-06,1.8790391042091898,0.43920926535167737,41,7.536269950158472,21.58466676522339,2.4115397149426885,23.996206480166073
-0.08486295767726265,0.8740282152756812,6.393172670237808e-06,1.8790391142091898,0.4392092553516774,41,7.5362699514105,21.5846667657031,2.4115397149426885,23.996206480645792
-0.08486295767726265,0.8740282152756812,6.393172670237808e-06,1.8790391042091898,0.4392092553516774,41,7.536269952782395,21.58466677036406,2.4115397095324664,23.99620647989652
-0.08486295767726265,0.8740282152756812,6.403172670237808e-06,1.8790391042091898,0.4392092553516774,41,7.536269957401383,21.58466677732466,2.4115397169617605,23.99620649428641
-0.08486294767726266,0.8740282152756812,6.393172670237808e-06,1.8790391042091898,0.4392092553516774,41,7.536269957146311,21.584666796396288,2.411539672647126,23.99620646904341
-0.08486550216461698,0.8739833808754487,-3.5845453272649754e-05,1.8790111033981196,0.4392476083098303,41,7.536266441393239,21.584668167031573,2.41154326807572,23.99621143510729
-0.08486550216461698,0.8739833708754486,-3.5845453272649754e-05,1.8790111033981196,0.4392476183098303,41,7.5362664439729485,21.584668171723635,2.4115432660569547,23.996211437780584
-0.08486550216461698,0.8739833708754486,-3.5845453272649754e-05,1.8790111133981195,0.4392476083098303,41,7.5362664452243795,21.584668172202296,2.4115432660569547,23.996211438259255
-0.08486550216461698,0.8739833708754486,-3.5845453272649754e-05,1.8790111033981196,0.4392476083098303,41,7.536266446596673,21.584668176863897,2.4115432606465563,23.996211437510453
-0.08486550216461698,0.8739833708754486,-3.583545327264975e-05,1.8790111033981196,0.4392476083098303,41,7.536266451215108,21.584668183823464,2.411543253217393,23.996211437040856
-0.08486549216461699,0.8739833708754486,-3.5845453272649754e-05,1.8790111033981196,0.4392476083098303,41,7.536266450964457,21.584668202901806,2.4115432237611296,23.99621142666294
-0.08486383443449712,0.8740004483250359,-1.833006462382815e-05,1.8790217791282546,0.4392320672823071,41,7.536268990941832,21.584670930414443,2.411534151506059,23.9962050819205
-0.08486383443449712,0.8740004383250358,-1.833006462382815e-05,1.8790217791282546,0.4392320772823071,41,7.536268993521495,21.58467093510641,2.4115341494872147,23.99620508459362
-0.08486383443449712,0.8740004383250358,-1.833006462382815e-05,1.8790217891282546,0.4392320672823071,41,7.536268994773009,21.584670935585226,2.4115341494872142,23.99620508507244
-0.08486383443449712,0.8740004383250358,-1.833006462382815e-05,1.8790217791282546,0.4392320672823071,41,7.53626899614524,21.584670940246717,2.411534144076899,23.996205084323613
-0.08486383443449712,0.8740004383250358,-1.8320064623828147e-05,1.8790217791282546,0.4392320672823071,41,7.536269000763829,21.584670947206597,2.41153413664774,23.996205083854328
-0.08486382443449712,0.8740004383250358,-1.833006462382815e-05,1.8790217791282546,0.4392320672823071,41,7.536269000512611,21.584670966284385,2.4115341071915286,23.99620507347592
-0.08486296673485065,0.87400932831095,-9.217021477805025e-06,1.879027333580473,0.4392239814751811,41,7.536270317577607,21.584672368476262,2.4115294082857464,23.996201776762003
-0.08486296673485065,0.87400932831095,-9.217021477805025e-06,1.879027333580473,0.4392239814751811,41,7.536270317577607,21.584672368476262,2.4115294082857464,23.996201776762003
-0.08486296673485065,0.87400931831095,-9.217021477805025e-06,1.879027333580473,0.4392239914751811,41,7.5362703201572465,21.584672373168175,2.4115294062668617,23.996201779435033
-0.08486296673485065,0.87400931831095,-9.217021477805025e-06,1.879027333580473,0.4392239914751811,41,7.5362703201572465,21.584672373168175,2.4115294062668617,23.996201779435033
-0.08486296673485065,0.87400931831095,-9.217021477805025e-06,1.879027343580473,0.4392239814751811,41,7.536270321408804,21.584672373647074,2.4115294062668617,23.996201779913935
-0.08486296673485065,0.87400931831095,-9.217021477805025e-06,1.879027343580473,0.4392239814751811,41,7.536270321408804,21.584672373647074,2.4115294062668617,23.996201779913935
-0.08486296673485065,0.87400931831095,-9.217021477805025e-06,1.879027333580473,0.4392239814751811,41,7.536270322781001,21.58467237830851,2.4115294008565886,23.996201779165098
-0.08486296673485065,0.87400931831095,-9.217021477805025e-06,1.879027333580473,0.4392239814751811,41,7.536270322781001,21.58467237830851,2.4115294008565886,23.996201779165098
-0.08486296673485065,0.87400931831095,-9.207021477805025e-06,1.879027333580473,0.4392239814751811,41,7.536270327399672,21.584672385268547,2.4115293934274318,23.996201778695976
-0.08486296673485065,0.87400931831095,-9.207021477805025e-06,1.879027333580473,0.4392239814751811,41,7.536270327399672,21.584672385268547,2.4115293934274318,23.996201778695976
-0.08486295673485066,0.87400931831095,-9.217021477805025e-06,1.879027333580473,0.4392239814751811,41,7.536270327148157,21.584672404346055,2.4115293639712485,23.9962017683173
-0.08486295673485066,0.87400931831095,-9.217021477805025e-06,1.879027333580473,0.4392239814751811,41,7.536270327148157,21.584672404346055,2.4115293639712485,23.9962017683173
-0.08486279438412528,0.8740121086681306,-5.9685054307372e-06,1.8790276303198472,0.43922240563306514,41,7.536270819248127,21.58467301622026,2.4115277327337337,23.99620074895399
-0.08486279438412528,0.8740120986681306,-5.9685054307372e-06,1.8790276303198472,0.43922241563306513,41,7.536270821827761,21.584673020912167,2.411527730714831,23.996200751626994
-0.08486279438412528,0.8740120986681306,-5.9685054307372e-06,1.8790276403198471,0.43922240563306514,41,7.536270823079311,21.58467302139106,2.411527730714831,23.99620075210589
-0.08486279438412528,0.8740120986681306,-5.9685054307372e-06,1.8790276303198472,0.43922240563306514,41,7.536270824451507,21.584673026052492,2.41152772530458,23.996200751357065
-0.08486279438412528,0.8740120986681306,-5.9585054307372e-06,1.8790276303198472,0.43922240563306514,41,7.536270829070203,21.584673033012574,2.4115277178754266,23.996200750888008
-0.08486278438412528,0.8740120986681306,-5.9685054307372e-06,1.8790276303198472,0.43922240563306514,41,7.536270828818695,21.58467305209013,2.4115276884192447,23.996200740509387
-0.08486267170452651,0.8740140877320572,-3.6562050655500936e-06,1.8790278415395407,0.4392212839454246,41,7.536271176344467,21.584673477298633,2.411526540074253,23.99620001737289
-0.08486267170452651,0.8740140777320572,-3.6562050655500936e-06,1.8790278415395407,0.4392212939454246,41,7.536271178924098,21.584673481990528,2.411526538055338,23.996200020045865
-0.08486267170452651,0.8740140777320572,-3.6562050655500936e-06,1.8790278515395407,0.4392212839454246,41,7.5362711801756435,21.584673482469423,2.411526538055338,23.996200020524753
-0.08486267170452651,0.8740140777320572,-3.6562050655500936e-06,1.8790278415395407,0.4392212839454246,41,7.536271181547841,21.584673487130853,2.4115265326451025,23.99620001977595
-0.08486267170452651,0.8740140777320572,-3.6462050655500937e-06,1.8790278415395407,0.4392212839454246,41,7.5362711861665534,21.584673494090968,2.411526525215952,23.99620001930692
-0.08486266170452651,0.8740140777320572,-3.6562050655500936e-06,1.8790278415395407,0.4392212839454246,41,7.536271185915049,21.584673513168568,2.4115264957597713,23.99620000892834
-0.08486258647738629,0.8740154626139486,-2.0498194119237077e-06,1.879027988276656,0.43922050469418167,41,7.536271424427074,21.584673797622177,2.41152571151885,23.99619950914103
-0.08486258647738629,0.8740154526139485,-2.0498194119237077e-06,1.879027988276656,0.43922051469418166,41,7.536271427006703,21.58467380231407,2.4115257094999256,23.996199511813995
-0.08486258647738629,0.8740154526139485,-2.0498194119237077e-06,1.879027998276656,0.43922050469418167,41,7.536271428258247,21.58467380279296,2.4115257094999256,23.996199512292886
-0.08486258647738629,0.8740154526139485,-2.0498194119237077e-06,1.879027988276656,0.43922050469418167,41,7.5362714296304425,21.584673807454383,2.4115257040897013,23.996199511544088
-0.08486258647738629,0.8740154526139485,-2.039819411923708e-06,1.879027988276656,0.43922050469418167,41,7.536271434249166,21.584673814414522,2.4115256966605525,23.99619951107508
-0.08486257647738629,0.8740154526139485,-2.0498194119237077e-06,1.879027988276656,0.43922050469418167,41,7.536271433997665,21.584673833492147,2.411525667204373,23.99619950069652
-0.08486245933408544,0.874017795716286,3.129174035584197e-07,1.879029089515424,0.43921858487521637,41,7.5362717098394345,21.58467395273836,2.4115252426032088,23.996199195341564
-0.08486245933408544,0.874017785716286,3.129174035584197e-07,1.879029089515424,0.43921859487521636,41,7.536271712419058,21.584673957430237,2.4115252405842655,23.9961991980145
-0.08486245933408544,0.874017785716286,3.129174035584197e-07,1.879029099515424,0.43921858487521637,41,7.536271713670626,21.58467395790917,2.4115252405842655,23.996199198493436
-0.08486245933408544,0.874017785716286,3.129174035584197e-07,1.879029089515424,0.43921858487521637,41,7.536271715042805,21.58467396257057,2.4115252351740546,23.996199197744623
-0.08486245933408544,0.874017785716286,3.229174035584197e-07,1.879029089515424,0.43921858487521637,41,7.536271719661555,21.584673969530765,2.4115252426032088,23.996199212133973
-0.08486244933408545,0.874017785716286,3.129174035584197e-07,1.879029089515424,0.43921858487521637,41,7.53627171940986,21.584673988608102,2.4115251982887314,23.99619918689683
-0.08486253369669959,0.8740163140705406,-1.054993847097503e-06,1.8790280791501228,0.4392200221082869,41,7.536271578064487,21.584673995999324,2.4115251983995436,23.99619919439887
-0.08486253369669959,0.8740163040705405,-1.054993847097503e-06,1.8790280791501228,0.4392200321082869,41,7.536271580644117,21.584674000691216,2.4115251963806132,23.99619919707183
-0.08486253369669959,0.8740163040705405,-1.054993847097503e-06,1.8790280891501228,0.4392200221082869,41,7.536271581895657,21.584674001170097,2.4115251963806132,23.996199197550713
-0.08486253369669959,0.8740163040705405,-1.054993847097503e-06,1.8790280791501228,0.4392200221082869,41,7.536271583267853,21.584674005831527,2.411525190970396,23.99619919680192
-0.08486253369669959,0.8740163040705405,-1.0449938470975032e-06,1.8790280791501228,0.4392200221082869,41,7.536271587886582,21.584674012791684,2.411525183541248,23.99619919633293
-0.0848625236966996,0.8740163040705405,-1.054993847097503e-06,1.8790280791501228,0.4392200221082869,41,7.536271587635082,21.58467403186933,2.41152515408507,23.996199185954403
-0.08486250374848661,0.8740167971942919,-4.905213146331502e-07,1.8790281307125052,0.43921974828492355,41,7.536271665240096,21.5846741085611,2.4115249072513896,23.996199015812493
-0.08486250374848661,0.8740167971942919,-4.905213146331502e-07,1.8790281307125052,0.43921974828492355,41,7.536271665240096,21.5846741085611,2.4115249072513896,23.996199015812493
-0.08486250374848661,0.8740167871942919,-4.905213146331502e-07,1.8790281307125052,0.43921975828492354,41,7.536271667819724,21.58467411325299,2.411524905232457,23.99619901848545
-0.08486250374848661,0.8740167871942919,-4.905213146331502e-07,1.8790281307125052,0.43921975828492354,41,7.536271667819724,21.58467411325299,2.411524905232457,23.99619901848545
-0.08486250374848661,0.8740167871942919,-4.905213146331502e-07,1.8790281407125051,0.43921974828492355,41,7.5362716690712634,21.584674113731868,2.4115249052324566,23.996199018964326
-0.08486250374848661,0.8740167871942919,-4.905213146331502e-07,1.8790281407125051,0.43921974828492355,41,7.5362716690712634,21.584674113731868,2.4115249052324566,23.996199018964326
-0.08486250374848661,0.8740167871942919,-4.905213146331502e-07,1.8790281307125052,0.43921974828492355,41,7.536271670443459,21.5846741183933,2.4115248998222425,23.996199018215542
-0.08486250374848661,0.8740167871942919,-4.905213146331502e-07,1.8790281307125052,0.43921974828492355,41,7.536271670443459,21.5846741183933,2.4115248998222425,23.996199018215542
-0.08486250374848661,0.8740167871942919,-4.805213146331502e-07,1.8790281307125052,0.43921974828492355,41,7.536271675062194,21.584674125353462,2.4115248923930954,23.996199017746555
-0.08486250374848661,0.8740167871942919,-4.805213146331502e-07,1.8790281307125052,0.43921974828492355,41,7.536271675062194,21.584674125353462,2.4115248923930954,23.996199017746555
-0.08486249374848662,0.8740167871942919,-4.905213146331502e-07,1.8790281307125052,0.43921974828492355,41,7.536271674810694,21.584674144431116,2.411524862936917,23.996199007368027
-0.08486249374848662,0.8740167871942919,-4.905213146331502e-07,1.8790281307125052,0.43921974828492355,41,7.536271674810694,21.584674144431116,2.411524862936917,23.996199007368027
-0.08486246127730109,0.8740170626439855,-2.0326769771451496e-07,1.879028385603176,0.43921934906357174,41,7.53627174810913,21.584674244481377,2.41152465631062,23.996198900791995
-0.08486246127730109,0.8740170526439854,-2.0326769771451496e-07,1.879028385603176,0.43921935906357173,41,7.536271750688756,21.58467424917326,2.411524654291684,23.99619890346495
-0.08486246127730109,0.8740170526439854,-2.0326769771451496e-07,1.879028395603176,0.43921934906357174,41,7.536271751940299,21.58467424965215,2.411524654291684,23.996198903943835
-0.08486246127730109,0.8740170526439854,-2.0326769771451496e-07,1.879028385603176,0.43921934906357174,41,7.536271753312494,21.58467425431358,2.4115246488814734,23.99619890319505
-0.08486246394432218,0.8740174393139823,2.597190260848003e-07,1.879028199244058,0.4392193843463409,41,7.536271781105664,21.584674258167922,2.4115249061848036,23.996199164352724
-0.08486246127730109,0.8740170526439854,-1.9326769771451495e-07,1.879028385603176,0.43921934906357174,41,7.536271757931232,21.584674261273747,2.4115246414523264,23.996198902726068
-0.08486246394432218,0.8740174293139823,2.597190260848003e-07,1.879028199244058,0.4392193943463409,41,7.536271783685288,21.584674262859803,2.4115249041658613,23.996199167025665
-0.08486246394432218,0.8740174293139823,2.597190260848003e-07,1.879028209244058,0.4392193843463409,41,7.536271784936826,21.584674263338687,2.4115249041658613,23.996199167504546
-0.08486246394432218,0.8740174293139823,2.597190260848003e-07,1.879028199244058,0.4392193843463409,41,7.536271786309023,21.584674268000114,2.4115248987556526,23.996199166755765
-0.08486246394432218,0.8740174293139823,2.697190260848003e-07,1.879028199244058,0.4392193843463409,41,7.536271790927761,21.584674274960285,2.4115249061848036,23.996199181145087
-0.08486245127730109,0.8740170526439854,-2.0326769771451496e-07,1.879028385603176,0.43921934906357174,41,7.536271757679719,21.58467428035139,2.41152461199615,23.99619889234754
-0.08486245394432218,0.8740174293139823,2.597190260848003e-07,1.879028199244058,0.4392193843463409,41,7.536271790676264,21.584674294037953,2.4115248618703284,23.996199155908283
-0.08486244789334738,0.874017234420682,-8.478532068058408e-09,1.8790285601491834,0.4392190780240753,41,7.536271801703114,21.58467430397208,2.411524537642163,23.996198841614245
-0.08486243421752111,0.8740172700650654,6.471706074977678e-09,1.8790285847734878,0.4392190550844794,41,7.53627179867349,21.584674315253473,2.4115245130997334,23.996198828353208
-0.08486243827312508,0.8740172064226768,-4.7679086697423934e-08,1.8790285236626576,0.43921913282853775,41,7.536271792994521,21.584674318101612,2.411524520390589,23.9961988384922
-0.08486243421752111,0.8740172600650653,6.471706074977678e-09,1.8790285847734878,0.4392190650844794,41,7.536271801253115,21.58467431994536,2.411524511080796,23.996198831026156
-0.08486243421752111,0.8740172600650653,6.471706074977678e-09,1.8790285947734877,0.4392190550844794,41,7.536271802504659,21.58467432042425,2.411524511080796,23.996198831505044
-0.08486243827312508,0.8740171964226767,-4.7679086697423934e-08,1.8790285236626576,0.43921914282853775,41,7.536271795574146,21.584674322793497,2.4115245183716523,23.99619884116515
-0.08486243827312508,0.8740171964226767,-4.7679086697423934e-08,1.8790285336626575,0.43921913282853775,41,7.536271796825687,21.584674323272388,2.411524518371652,23.99619884164404
-0.08486243421752111,0.8740172600650653,6.471706074977678e-09,1.8790285847734878,0.4392190550844794,41,7.536271803876854,21.58467432508567,2.4115245056705863,23.996198830756256
-0.08486243827312508,0.8740171964226767,-4.7679086697423934e-08,1.8790285236626576,0.43921913282853775,41,7.536271798197883,21.584674327933815,2.4115245129614418,23.996198840895254
-0.08486243299218618,0.8740172493218432,-8.478532068058408e-09,1.8790285601491834,0.4392190780240753,41,7.536271800457131,21.584674328120258,2.4115244937490394,23.996198821869296
-0.08486243324792493,0.8740172497729024,-5.358278849446344e-09,1.8790285652885037,0.4392190732363691,41,7.536271802102858,21.584674329248003,2.411524492899588,23.99619882214759
-0.08486243299218618,0.874017234420682,-8.478532068058408e-09,1.8790285881488908,0.4392190780240753,41,7.53627180436864,21.584674329719522,2.4115244978271777,23.996198827546703
-0.08486243403803638,0.8740172328924581,-1.9035088905497503e-08,1.8790285490795275,0.43921909301948103,41,7.536271801257963,21.584674331655172,2.411524495367595,23.996198827022766
-0.08486243421752111,0.8740172600650653,1.6471706074977678e-08,1.8790285847734878,0.4392190550844794,41,7.536271808495592,21.584674332045847,2.4115245130997334,23.996198845145578
-0.08486243299218618,0.874017234420682,-2.3379693261906064e-08,1.8790285601491834,0.4392190780240753,41,7.536271801328288,21.584674332399914,2.4115244937490394,23.996198826148945
-0.08486243299218618,0.8740172444206821,-8.478532068058408e-09,1.8790285601491834,0.4392190780240753,41,7.536271803007381,21.584674332939176,2.4115244901078947,23.996198823047074
-0.08486243324792493,0.8740172397729024,-5.358278849446344e-09,1.8790285652885037,0.4392190832363691,41,7.536271804682483,21.58467433393989,2.411524490880651,23.99619882482054
-0.08486243324792493,0.8740172397729024,-5.358278849446344e-09,1.8790285752885036,0.4392190732363691,41,7.536271805934026,21.58467433441878,2.411524490880651,23.99619882529943
-0.08486243827312508,0.8740171964226767,-3.767908669742394e-08,1.8790285236626576,0.43921913282853775,41,7.536271802816623,21.584674334893986,2.411524505532295,23.996198840426278
-0.08486243299218618,0.874017234420682,-8.478532068058408e-09,1.8790285601491834,0.4392190929252365,41,7.536271804301071,21.58467433511171,2.4115244907405895,23.996198825852296
-0.08486244343914655,0.8740177701029138,6.462064743334415e-07,1.8790282345481912,0.4392191968628286,41,7.536271840794198,21.58467433523854,2.411525281094227,23.996199616332763
-0.08486243280852897,0.8740172405770179,-1.071932270125112e-08,1.879028556458412,0.439219081462337,41,7.536271803656961,21.584674335589966,2.4115244881030584,23.996198823693028
-0.08486243403803638,0.8740172228924581,-1.9035088905497503e-08,1.8790285490795275,0.439219103019481,41,7.536271803837588,21.58467433634706,2.4115244933486584,23.996198829695718
-0.08486243403803638,0.8740172228924581,-1.9035088905497503e-08,1.8790285590795275,0.43921909301948103,41,7.536271805089131,21.58467433682595,2.4115244933486584,23.99619883017461
-0.08486243299218618,0.874017234420682,-8.478532068058408e-09,1.8790285601491834,0.4392190880240753,41,7.536271805587006,21.584674337631064,2.4115244880889577,23.99619882572001
-0.08486243299218618,0.874017234420682,-8.478532068058408e-09,1.8790285701491833,0.4392190780240753,41,7.53627180683855,21.58467433810995,2.4115244880889577,23.99619882619891
-0.08486243324792493,0.8740172397729024,-5.358278849446344e-09,1.8790285652885037,0.4392190732363691,41,7.536271807306221,21.584674339080205,2.4115244854704407,23.99619882455064
-0.08486244343914655,0.8740177601029138,6.462064743334415e-07,1.8790282345481912,0.4392192068628286,41,7.53627184337382,21.584674339930423,2.411525279075277,23.996199619005694
-0.08486243280852897,0.8740172305770179,-1.071932270125112e-08,1.879028556458412,0.439219091462337,41,7.536271806236583,21.584674340281854,2.4115244860841214,23.99619882636597
-0.08486244343914655,0.8740177601029138,6.462064743334415e-07,1.8790282445481912,0.4392191968628286,41,7.536271844625359,21.584674340409304,2.411525279075277,23.996199619484578
-0.08486243280852897,0.8740172305770179,-1.071932270125112e-08,1.8790285664584119,0.439219081462337,41,7.536271807488129,21.584674340760742,2.4115244860841214,23.996198826844857
-0.08486243403803638,0.8740172228924581,-1.9035088905497503e-08,1.8790285490795275,0.43921909301948103,41,7.536271806461325,21.58467434148737,2.4115244879384483,23.996198829425822
-0.08486243299218618,0.874017234420682,-8.478532068058408e-09,1.8790285601491834,0.4392190780240753,41,7.536271808210745,21.584674342771375,2.4115244826787476,23.99619882545012
-0.08486243299218618,0.874017234420682,-8.478532068058408e-09,1.8790285601491834,0.4392190780240753,41,7.536271808210745,21.584674342771375,2.4115244826787476,23.99619882545012
-0.08486244343914655,0.8740177601029138,6.462064743334415e-07,1.8790282345481912,0.4392191968628286,41,7.536271845997555,21.584674345070734,2.4115252736650703,23.9961996187358
-0.08486243280852897,0.8740172305770179,-1.071932270125112e-08,1.879028556458412,0.439219081462337,41,7.536271808860322,21.58467434542216,2.4115244806739113,23.996198826096077
-0.08486243324792493,0.8740172397729024,4.641721150553656e-09,1.8790285652885037,0.4392190732363691,41,7.53627181192496,21.584674346040373,2.4115244849380995,23.996198830978475
-0.08486243403803638,0.8740172228924581,-9.035088905497503e-09,1.8790285490795275,0.43921909301948103,41,7.536271811080064,21.58467434844754,2.4115244805093017,23.996198828956842
-0.08486243299218618,0.874017234420682,1.521467931941592e-09,1.8790285601491834,0.4392190780240753,41,7.536271812829481,21.58467434973155,2.411524477510243,23.996198827241784
-0.08486242421752112,0.8740172600650653,6.471706074977678e-09,1.8790285847734878,0.4392190550844794,41,7.536271808244068,21.584674351123468,2.411524468785264,23.996198819908734
-0.08486244343914655,0.8740177601029138,6.562064743334416e-07,1.8790282345481912,0.4392191968628286,41,7.5362718506162985,21.58467435203091,2.411525281094227,23.996199633125133
-0.08486243280852897,0.8740172305770179,-7.193227012511206e-10,1.879028556458412,0.439219081462337,41,7.536271813479062,21.584674352382336,2.4115244732447656,23.9961988256271
-0.08486242827312508,0.8740171964226767,-4.7679086697423934e-08,1.8790285236626576,0.43921913282853775,41,7.536271802565106,21.584674353971625,2.4115244760761194,23.996198830047746
-0.08486242599202334,0.874017283180946,3.538407359849087e-08,1.8790285973676466,0.43921901738843466,41,7.536271816957227,21.58467435740484,2.411524500402476,23.996198857807315
-0.08486242599202334,0.8740172731809459,3.538407359849087e-08,1.8790285973676466,0.43921902738843466,41,7.536271819536852,21.58467436209673,2.411524498383539,23.996198860480266
-0.08486242599202334,0.8740172731809459,3.538407359849087e-08,1.8790286073676465,0.43921901738843466,41,7.5362718207883965,21.58467436257562,2.411524498383539,23.996198860959158
-0.08486242324792494,0.8740172397729024,-5.358278849446344e-09,1.8790285652885037,0.4392190732363691,41,7.536271811673441,21.584674365118012,2.4115244485851184,23.99619881370312
-0.08486242599202334,0.8740172731809459,3.538407359849087e-08,1.8790285973676466,0.43921901738843466,41,7.5362718221605896,21.584674367237042,2.411524492973329,23.996198860210367
-0.08486242403803639,0.8740172228924581,-1.9035088905497503e-08,1.8790285490795275,0.43921909301948103,41,7.536271810828548,21.584674367525185,2.411524451053126,23.996198818578304
-0.08486242299218619,0.874017234420682,-8.478532068058408e-09,1.8790285601491834,0.4392190780240753,41,7.536271812577965,21.584674368809182,2.4115244457934253,23.996198814602607
-0.08486243343914655,0.8740177601029138,6.462064743334415e-07,1.8790282345481912,0.4392191968628286,41,7.5362718503648,21.58467437110858,2.411525236779748,23.99619960788833
-0.08486242280852897,0.8740172305770179,-1.071932270125112e-08,1.879028556458412,0.439219081462337,41,7.536271813227543,21.584674371459975,2.411524443788589,23.996198815248558
-0.08486242599202334,0.8740172731809459,4.538407359849087e-08,1.8790285973676466,0.43921901738843466,41,7.536271826779329,21.584674374197213,2.411524500402476,23.99619887459969
-0.08486241599202335,0.8740172731809459,3.538407359849087e-08,1.8790285973676466,0.43921901738843466,41,7.536271826527811,21.584674393274852,2.4115244560880065,23.99619884936286
-0.08486239694283135,0.8740185201801969,1.5225823974948358e-06,1.8790283146017417,0.43921877173638035,41,7.536271976140901,21.584674510000394,2.411526131218285,23.996200641218678
-0.08486239694283135,0.8740185101801968,1.5225823974948358e-06,1.8790283146017417,0.43921878173638035,41,7.536271978720524,21.584674514692274,2.4115261291993155,23.996200643891587
-0.08486239694283135,0.8740185101801968,1.5225823974948358e-06,1.8790283246017416,0.43921877173638035,41,7.536271979972059,21.584674515171148,2.4115261291993155,23.996200644370468
-0.08486239694283135,0.8740185101801968,1.5225823974948358e-06,1.8790283146017417,0.43921877173638035,41,7.536271981344256,21.584674519832582,2.4115261237891144,23.996200643621695
-0.08486239694283135,0.8740185101801968,1.5325823974948357e-06,1.8790283146017417,0.43921877173638035,41,7.536271985963005,21.584674526792774,2.411526131218285,23.996200658011055
-0.08486238694283135,0.8740185101801968,1.5225823974948358e-06,1.8790283146017417,0.43921877173638035,41,7.536271985711509,21.58467454587046,2.411526086903793,23.99620063277425
-0.08486227750201145,0.8740182112602464,1.0396954075694924e-06,1.879029488529932,0.4392176216095662,41,7.536272106689482,21.584674832619413,2.4115251152874277,23.99619994790684
-0.08486227750201145,0.8740182012602463,1.0396954075694924e-06,1.879029488529932,0.4392176316095662,41,7.536272109269104,21.584674837311297,2.411525113268465,23.996199950579758
-0.08486227750201145,0.8740182012602463,1.0396954075694924e-06,1.8790294985299318,0.4392176216095662,41,7.536272110520656,21.5846748377902,2.411525113268465,23.996199951058664
-0.08486227750201145,0.8740182012602463,1.0396954075694924e-06,1.879029488529932,0.4392176216095662,41,7.536272111892845,21.584674842451612,2.411525107858264,23.996199950309876
-0.08486227750201145,0.8740182012602463,1.0496954075694923e-06,1.879029488529932,0.4392176216095662,41,7.536272116511591,21.584674849411805,2.4115251152874277,23.996199964699226
-0.08486226750201145,0.8740182012602463,1.0396954075694924e-06,1.879029488529932,0.4392176216095662,41,7.536272116260039,21.584674868489415,2.4115250709729468,23.996199939462358
-0.0848622993038182,0.8740200952900824,3.362910602346813e-06,1.8790284827086041,0.4392178790005433,41,7.536272260361947,21.58467487699308,2.411527916427408,23.996202793420487
-0.0848622993038182,0.8740200852900823,3.362910602346813e-06,1.8790284827086041,0.4392178890005433,41,7.536272262941568,21.584674881684958,2.411527914408397,23.996202796093353
-0.0848622993038182,0.8740200852900823,3.362910602346813e-06,1.879028492708604,0.4392178790005433,41,7.536272264193101,21.584674882163824,2.411527914408397,23.99620279657222
-0.0848622993038182,0.8740200852900823,3.362910602346813e-06,1.8790284827086041,0.4392178790005433,41,7.536272265565297,21.584674886825255,2.411527908998209,23.996202795823457
-0.0848622993038182,0.8740200852900823,3.372910602346813e-06,1.8790284827086041,0.4392178790005433,41,7.5362722701840585,21.58467489378547,2.411527916427408,23.996202810212875
-0.0848622893038182,0.8740200852900823,3.362910602346813e-06,1.8790284827086041,0.4392178790005433,41,7.536272269932565,21.58467491286319,2.4115278721128903,23.996202784976077
-0.08486219468052868,0.8740187289038428,1.5998580258282066e-06,1.87902998558277,0.4392168431028232,41,7.536272268290512,21.584675097675543,2.4115254582459893,23.99620055592153
-0.08486219468052868,0.8740187189038428,1.5998580258282066e-06,1.87902998558277,0.4392168531028232,41,7.536272270870132,21.584675102367413,2.4115254562270128,23.996200558594428
-0.08486219468052868,0.8740187189038428,1.5998580258282066e-06,1.8790299955827698,0.4392168431028232,41,7.536272272121687,21.584675102846326,2.4115254562270128,23.996200559073344
-0.08486219468052868,0.8740187189038428,1.5998580258282066e-06,1.87902998558277,0.4392168431028232,41,7.536272273493874,21.58467510750774,2.411525450816817,23.99620055832456
-0.08486219468052868,0.8740187189038428,1.6098580258282065e-06,1.87902998558277,0.4392168431028232,41,7.536272278112625,21.584675114467938,2.4115254582459893,23.996200572713924
-0.08486218468052868,0.8740187189038428,1.5998580258282066e-06,1.87902998558277,0.4392168431028232,41,7.536272277861054,21.58467513354553,2.4115254139315017,23.996200547477034
-0.08486129662557386,0.8740264201086858,8.32335434234943e-06,1.8790380245404326,0.43920841827707846,41,7.536272871289911,21.584675136985204,2.4115326460002104,23.996207782985415
-0.08486129662557386,0.8740264101086858,8.32335434234943e-06,1.8790380245404326,0.43920842827707846,41,7.536272873869503,21.584675141677018,2.411532643981105,23.996207785658125
-0.08486129662557386,0.8740264101086858,8.32335434234943e-06,1.8790380345404325,0.43920841827707846,41,7.536272875121141,21.58467514215608,2.411532643981105,23.996207786137187
-0.08486129662557386,0.8740264101086858,8.32335434234943e-06,1.8790380245404326,0.43920841827707846,41,7.536272876493275,21.584675146817407,2.411532638570915,23.99620778538832
-0.08486129662557386,0.8740264101086858,8.33335434234943e-06,1.8790380245404326,0.43920841827707846,41,7.536272881112101,21.584675153777745,2.4115326460002104,23.996207799777956
-0.08486128662557386,0.8740264101086858,8.32335434234943e-06,1.8790380245404326,0.43920841827707846,41,7.536272880860022,21.58467517285471,2.4115326016856313,23.99620777454034
-0.08486205734279743,0.8740195872801331,2.528740974319911e-06,1.879030809814682,0.43921555215334673,41,7.53627253626437,21.58467553720394,2.4115260269554386,23.996201564159378
-0.08486205734279743,0.874019577280133,2.528740974319911e-06,1.879030809814682,0.43921556215334673,41,7.536272538843987,21.584675541895805,2.411526024936439,23.99620156683224
-0.08486205734279743,0.874019577280133,2.528740974319911e-06,1.879030819814682,0.43921555215334673,41,7.536272540095549,21.584675542374733,2.411526024936439,23.99620156731117
-0.08486205734279743,0.874019577280133,2.528740974319911e-06,1.879030809814682,0.43921555215334673,41,7.536272541467731,21.584675547036138,2.4115260195262507,23.996201566562384
-0.08486205734279743,0.874019577280133,2.538740974319911e-06,1.879030809814682,0.43921555215334673,41,7.536272546086491,21.584675553996348,2.4115260269554386,23.996201580951784
-0.08486204734279744,0.874019577280133,2.528740974319911e-06,1.879030809814682,0.43921555215334673,41,7.53627254583489,21.584675573073913,2.411525982640941,23.996201555714855
-0.08486210746102907,0.8740231900927015,6.978818673687645e-06,1.8790288130078185,0.43921612493802875,41,7.536272818813855,21.584675598086275,2.4115314240681482,23.99620702215442
-0.08486210746102907,0.8740231800927014,6.978818673687645e-06,1.8790288130078185,0.43921613493802875,41,7.53627282139347,21.584675602778134,2.4115314220490562,23.996207024827193
-0.08486210746102907,0.8740231800927014,6.978818673687645e-06,1.8790288230078185,0.43921612493802875,41,7.536272822644997,21.584675603256997,2.4115314220490562,23.99620702530606
-0.08486210746102907,0.8740231800927014,6.978818673687645e-06,1.8790288130078185,0.43921612493802875,41,7.536272824017192,21.58467560791843,2.4115314166388915,23.996207024557314
-0.08486210746102907,0.8740231800927014,6.988818673687645e-06,1.8790288130078185,0.43921612493802875,41,7.53627282863598,21.584675614878698,2.4115314240681482,23.99620703894685
-0.08486209746102907,0.8740231800927014,6.978818673687645e-06,1.8790288130078185,0.43921612493802875,41,7.536272828384492,21.584675633956472,2.4115313797535802,23.99620701371006
-0.08486043626624945,0.8740352249741862,1.7359305522428965e-05,1.8790435320046543,0.43920040087199524,41,7.5362741869739605,21.58467656349096,2.411541369226299,23.99621793271726
-0.08486043626624945,0.8740352149741861,1.7359305522428965e-05,1.8790435320046543,0.43920041087199524,41,7.53627418955353,21.584676568182722,2.4115413672069987,23.996217935389723
-0.08486043626624945,0.8740352149741861,1.7359305522428965e-05,1.8790435420046543,0.43920040087199524,41,7.536274190805209,21.584676568661866,2.4115413672069987,23.99621793586887
-0.08486043626624945,0.8740352149741861,1.7359305522428965e-05,1.8790435320046543,0.43920040087199524,41,7.536274192177313,21.58467657332314,2.411541361796852,23.99621793511999
-0.08486043626624945,0.8740352149741861,1.7369305522428966e-05,1.8790435320046543,0.43920040087199524,41,7.536274196796217,21.584676580283638,2.411541369226299,23.99621794950994
-0.08486042626624946,0.8740352149741861,1.7359305522428965e-05,1.8790435320046543,0.43920040087199524,41,7.536274196543846,21.58467659936032,2.411541324911597,23.996217924271914
-0.08486175359155528,0.8740288987053592,1.3648652303239837e-05,1.8790294222713189,0.43921288942846454,41,7.53627384895666,21.58467692826939,2.4115378943037595,23.996214822573148
-0.08486175359155528,0.8740288887053591,1.3648652303239837e-05,1.8790294222713189,0.43921289942846453,41,7.536273851536266,21.58467693296123,2.4115378922845174,23.996214825245747
-0.08486175359155528,0.8740288887053591,1.3648652303239837e-05,1.8790294322713188,0.43921288942846454,41,7.53627385278778,21.58467693344008,2.4115378922845174,23.9962148257246
-0.08486175359155528,0.8740288887053591,1.3648652303239837e-05,1.8790294222713189,0.43921288942846454,41,7.536273854159975,21.5846769381015,2.4115378868743984,23.996214824975894
-0.08486175359155528,0.8740288887053591,1.3658652303239837e-05,1.8790294222713189,0.43921288942846454,41,7.53627385877881,21.584676945061865,2.4115378943037595,23.996214839365628
-0.08486174359155528,0.8740288887053591,1.3648652303239837e-05,1.8790294222713189,0.43921288942846454,41,7.536273858527332,21.584676964139753,2.4115378499890987,23.99621481412885
-0.08485868569472793,0.8740531402176879,3.574473862807658e-05,1.8790547380318905,0.43918408787274366,41,7.536276864277859,21.58467946663812,2.411559119234358,23.99623858587248
-0.08485868569472793,0.8740531302176878,3.574473862807658e-05,1.8790547380318905,0.43918409787274365,41,7.536276866857376,21.584679471329785,2.4115591172146633,23.996238588544447
-0.08485868569472793,0.8740531302176878,3.574473862807658e-05,1.8790547480318904,0.43918408787274366,41,7.536276868109144,21.584679471809096,2.4115591172146633,23.99623858902376
-0.08485868569472793,0.8740531302176878,3.574473862807658e-05,1.8790547380318905,0.43918408787274366,41,7.536276869481181,21.584679476470253,2.4115591118046025,23.996238588274856
-0.08485868569472793,0.8740531302176878,3.575473862807658e-05,1.8790547380318905,0.43918408787274366,41,7.53627687410025,21.584679483431074,2.411559119234358,23.99623860266543
-0.08485867569472794,0.8740531302176878,3.574473862807658e-05,1.8790547380318905,0.43918408787274366,41,7.5362768738472825,21.58467950250717,2.4115590749194062,23.99623857742658
-0.0848551741799366,0.8740890768485383,7.262453445572347e-05,1.8790772164795908,0.4391513652233354,41,7.536282235896108,21.584685292714237,2.411594727957269,23.996280020671506
-0.0848551741799366,0.8740890668485383,7.262453445572347e-05,1.8790772164795908,0.4391513752233354,41,7.536282238475529,21.58468529740569,2.41159472593678,23.99628002334247
-0.0848551741799366,0.8740890668485383,7.262453445572347e-05,1.8790772264795907,0.4391513652233354,41,7.536282239727467,21.58468529788534,2.41159472593678,23.996280023822127
-0.0848551741799366,0.8740890668485383,7.262453445572347e-05,1.8790772164795908,0.4391513652233354,41,7.536282241099372,21.584685302546262,2.411594720526895,23.996280023073155
-0.0848551741799366,0.8740890668485383,7.263453445572346e-05,1.8790772164795908,0.4391513652233354,41,7.536282245718764,21.584685309507737,2.411594727957269,23.996280037465002
-0.0848551641799366,0.8740890668485383,7.262453445572347e-05,1.8790772164795908,0.4391513652233354,41,7.536282245464606,21.584685328582683,2.411594683641819,23.996280012224496
-0.08485634634634501,0.8740552816512553,4.115503234871427e-05,1.8790650843398473,0.4391618698344822,41,7.536283680563733,21.584693816859584,2.4115496787268738,23.996243495586455
-0.08485634634634501,0.8740552716512553,4.115503234871427e-05,1.8790650843398473,0.4391618798344822,41,7.536283683143221,21.584693821551202,2.4115496767069122,23.99624349825811
-0.08485634634634501,0.8740552716512553,4.115503234871427e-05,1.8790650943398473,0.4391618698344822,41,7.536283684395064,21.5846938220307,2.4115496767069122,23.996243498737613
-0.08485634634634501,0.8740552716512553,4.115503234871427e-05,1.8790650843398473,0.4391618698344822,41,7.536283685767081,21.584693826691776,2.4115496712970534,23.996243497988836
-0.08485634634634501,0.8740552716512553,4.116503234871427e-05,1.8790650843398473,0.4391618698344822,41,7.536283690386162,21.584693833652683,2.4115496787268738,23.99624351237956
-0.08485633634634501,0.8740552716512553,4.115503234871427e-05,1.8790650843398473,0.4391618698344822,41,7.536283690133262,21.584693852729075,2.4115496344119385,23.99624348714101
-0.0848483241287884,0.8741591798593608,0.00014456741459926628,1.8791210660788744,0.43908753185355864,41,7.536292718933643,21.584696667785533,2.4116642049103225,23.996360872695856
-0.0848483241287884,0.8741591698593607,0.00014456741459926628,1.8791210660788744,0.43908754185355864,41,7.536292721512869,21.58469667247659,2.411664202888287,23.996360875364875
-0.0848483241287884,0.8741591698593607,0.00014456741459926628,1.8791210760788744,0.43908753185355864,41,7.536292722765145,21.58469667295689,2.411664202888287,23.99636087584518
-0.0848483241287884,0.8741591698593607,0.00014456741459926628,1.8791210660788744,0.43908753185355864,41,7.5362927241367945,21.584696677617355,2.4116641974787414,23.9963608750961
-0.0848483241287884,0.8741591698593607,0.00014457741459926628,1.8791210660788744,0.43908753185355864,41,7.53629272875682,21.584696684580095,2.4116642049103225,23.996360889490422
-0.0848483141287884,0.8741591698593607,0.00014456741459926628,1.8791210660788744,0.43908753185355864,41,7.536292728500339,21.58469670365279,2.411664160593898,23.996360864246686
-0.08483536680897756,0.8742917842897915,0.00028065207819713225,1.8792040104641357,0.4389667868592652,41,7.5363125642202125,21.584718220312666,2.4117956743074864,23.996513894620154
-0.08483536680897756,0.8742917742897914,0.00028065207819713225,1.8792040104641357,0.4389667968592652,41,7.536312566799071,21.584718225002963,2.411795672282525,23.996513897285485
-0.08483536680897756,0.8742917742897914,0.00028065207819713225,1.8792040204641356,0.4389667868592652,41,7.536312568051986,21.584718225484508,2.411795672282525,23.99651389776703
-0.08483536680897756,0.8742917742897914,0.00028065207819713225,1.8792040104641357,0.4389667868592652,41,7.536312569423147,21.58471823014412,2.411795666873621,23.99651389701774
-0.08483536680897756,0.8742917742897914,0.00028066207819713225,1.8792040104641357,0.4389667868592652,41,7.536312574044366,21.58471823710925,2.4117956743074864,23.996513911416738
-0.08483535680897757,0.8742917742897914,0.00028065207819713225,1.8792040104641357,0.4389667868592652,41,7.5363125737834995,21.58471825617768,2.411795629989218,23.996513886166902
-0.08484190329432162,0.8743491231565689,0.0003877927643222851,1.8790635988886049,0.4390313936191137,41,7.536331703896282,21.584751687373565,2.411901069995018,23.996652757368587
-0.08484190329432162,0.8743491131565688,0.0003877927643222851,1.8790635988886049,0.4390314036191137,41,7.536331706475342,21.584751692064252,2.411901067967369,23.996652760031623
-0.08484190329432162,0.8743491131565688,0.0003877927643222851,1.8790636088886048,0.4390313936191137,41,7.536331707726165,21.584751692542216,2.411901067967369,23.996652760509583
-0.08484190329432162,0.8743491131565688,0.0003877927643222851,1.8790635988886049,0.4390313936191137,41,7.53633170909829,21.58475169720338,2.4119010625597537,23.996652759763133
-0.08484190329432162,0.8743491131565688,0.0003878027643222851,1.8790635988886049,0.4390313936191137,41,7.536331713719825,21.58475170416917,2.4119010699950176,23.996652774164193
-0.08484189329432162,0.8743491131565688,0.0003877927643222851,1.8790635988886049,0.4390313936191137,41,7.536331713468953,21.584751723253298,2.41190102567513,23.996652748928426
-0.08477603610710169,0.8745572296927836,0.0005843328695611324,1.8795470659587992,0.43840696831999915,41,7.536440599070751,21.58495138598813,2.4118828558705667,23.996834241858696
-0.08477603610710169,0.8745572196927835,0.0005843328695611324,1.8795470659587992,0.43840697831999914,41,7.536440601648435,21.58495139067625,2.4118828538370822,23.996834244513334
-0.08477603610710169,0.8745572196927835,0.0005843328695611324,1.879547075958799,0.43840696831999915,41,7.53644060290424,21.58495139116381,2.4118828538370822,23.996834245000894
-0.08477603610710169,0.8745572196927835,0.0005843328695611324,1.8795470659587992,0.43840696831999915,41,7.53644060427393,21.584951395820255,2.4118828484318633,23.996834244252117
-0.08477603610710169,0.8745572196927835,0.0005843428695611325,1.8795470659587992,0.43840696831999915,41,7.536440608897511,21.584951402790857,2.4118828558705667,23.996834258661426
-0.08477602610710169,0.8745572196927835,0.0005843328695611324,1.8795470659587992,0.43840696831999915,41,7.536440608626447,21.584951421850867,2.4118828115494786,23.996834233400346
-0.08418648440712406,0.8809324077034688,0.007095560150236664,1.8833577361353644,0.43292006554245027,41,7.537332732769309,21.585856962492258,2.418461777178275,24.004318739670534
-0.08418648440712406,0.8809323977034688,0.007095560150236664,1.8833577361353644,0.43292007554245027,41,7.537332735330091,21.585856967144835,2.4184617750067603,24.004318742151593
-0.08418648440712406,0.8809323977034688,0.007095560150236664,1.8833577461353643,0.43292006554245027,41,7.53733273661366,21.585856967686414,2.4184617750067603,24.004318742693176
-0.08418648440712406,0.8809323977034688,0.007095560150236664,1.8833577361353644,0.43292006554245027,41,7.537332737961093,21.58585697230405,2.418461769630038,24.004318741934085
-0.08418648440712406,0.8809323977034688,0.007095570150236664,1.8833577361353644,0.43292006554245027,41,7.53733274264095,21.585856979386755,2.4184617771782744,24.00431875656503
-0.08418647440712407,0.8809323977034688,0.007095560150236664,1.8833577361353644,0.43292006554245027,41,7.537332742166452,21.585856998252254,2.4184617327676983,24.004318731019954
-0.08448194774741044,0.8801559161789979,0.007172338450474153,1.8796833408915539,0.43574023769595677,41,7.5374042145096976,21.586155630709886,2.418564448694746,24.00472007940463
-0.08448194774741044,0.8801559061789979,0.007172338450474153,1.8796833408915539,0.43574024769595676,41,7.537404217079243,21.586155635380333,2.418564446514657,24.004720081894988
-0.08448194774741044,0.8801559061789979,0.007172338450474153,1.8796833508915538,0.43574023769595677,41,7.537404218316997,21.586155635841358,2.418564446514657,24.004720082356016
-0.08448194774741044,0.8801559061789979,0.007172338450474153,1.8796833408915539,0.43574023769595677,41,7.537404219688029,21.58615564049807,2.4185644411524563,24.00472008165052
-0.08448194774741044,0.8801559061789979,0.007172348450474153,1.8796833408915539,0.43574023769595677,41,7.537404224357954,21.58615564756141,2.418564448694746,24.00472009625615
-0.08448193774741045,0.8801559061789979,0.007172338450474153,1.8796833408915539,0.43574023769595677,41,7.537404224119938,21.586155666761268,2.4185644042800707,24.00472007104134
-0.08570353681531641,0.8589764743561834,-0.013039667012470071,1.87209793223697,0.4495907938177883,41,7.536050331883995,21.58632689056206,2.415014943843889,24.00134183440595
-0.08570353681531641,0.8589764643561834,-0.013039667012470071,1.87209793223697,0.4495908038177883,41,7.536050334512393,21.586326895360173,2.41501494190046,24.001341837260636
-0.08570353681531641,0.8589764643561834,-0.013039667012470071,1.87209794223697,0.4495907938177883,41,7.536050335681319,21.58632689569177,2.41501494190046,24.001341837592232
-0.08570353681531641,0.8589764643561834,-0.013039667012470071,1.87209793223697,0.4495907938177883,41,7.536050337115495,21.586326900451844,2.415014936431752,24.001341836883594
-0.08570353681531641,0.8589764643561834,-0.013039657012470071,1.87209793223697,0.4495907938177883,41,7.536050341608243,21.586326907175547,2.415014929019615,24.00134183619516
-0.08570352681531641,0.8589764643561834,-0.013039667012470071,1.87209793223697,0.4495907938177883,41,7.5360503420046285,21.586326927070303,2.415014899517831,24.00134182658813
-0.08363459337233735,0.881691375358764,0.008304474184202357,1.886397430525338,0.4276776160320729,41,7.538711009769978,21.588714392244658,2.416734709146602,24.00544910139126
-0.08363459337233735,0.8816913653587639,0.008304474184202357,1.886397430525338,0.4276776260320729,41,7.538711012322008,21.588714396883127,2.416734706920912,24.00544910380404
-0.08363459337233735,0.8816913653587639,0.008304474184202357,1.8863974405253379,0.4276776160320729,41,7.538711013630589,21.588714397479286,2.416734706920912,24.005449104400196
-0.08363459337233735,0.8816913653587639,0.008304474184202357,1.886397430525338,0.4276776160320729,41,7.538711014969109,21.588714402072902,2.4167347015816363,24.005449103654538
-0.08363459337233735,0.8816913653587639,0.008304484184202357,1.886397430525338,0.4276776160320729,41,7.538711019653564,21.58871440917584,2.416734709146602,24.00544911832244
-0.08363458337233735,0.8816913653587639,0.008304474184202357,1.886397430525338,0.4276776160320729,41,7.538711019144339,21.588714428037402,2.41673466473806,24.005449092775464
-0.08070202354173954,0.8860243142606959,-8.384606763524508e-06,1.8792278254997674,0.4333122381498905,41,7.53541476473764,21.590335430084515,2.40213569191797,23.992471122002488
-0.08070200864057835,0.8860243142606959,-8.384606763524508e-06,1.8792278535024443,0.4333122381498905,41,7.5354147784864605,21.59033547599257,2.4021356520436696,23.99247112803624
-0.08070200864057835,0.8860243291618571,-8.384606763524508e-06,1.8792278254997674,0.4333122381498905,41,7.53541477754457,21.590335479412854,2.4021356483878185,23.99247112780067
-0.08070200864057835,0.8860243142606959,-8.399507924718356e-06,1.8792278254997674,0.4333122381498905,41,7.535414778448191,21.590335483631435,2.4021356483878185,23.992471132019247
-0.08070200864057835,0.8860243142606959,-8.384606763524508e-06,1.8792278254997674,0.4333122530510517,41,7.53541478115704,21.590335485979224,2.4021356450825966,23.992471131061823
-0.08070200864057835,0.8860243142606959,-8.384606763524508e-06,1.8792278254997674,0.4333122381498905,41,7.535414784383708,21.590335492360804,2.4021356371653404,23.992471129526145
-0.08631250164394497,0.8417856734876439,-0.026551093769020227,1.866373122402991,0.4597477407442611,41,7.536989684633816,21.590446038918287,2.4169825569425423,24.007428595860826
-0.08631250164394497,0.8417856634876438,-0.026551093769020227,1.866373122402991,0.4597477507442611,41,7.536989687326164,21.590446043856197,2.4169825551057347,24.007428598961926
-0.08631250164394497,0.8417856634876438,-0.026551093769020227,1.8663731324029909,0.4597477407442611,41,7.536989688410639,21.590446044042157,2.4169825551057347,24.007428599147886
-0.08631250164394497,0.8417856634876438,-0.026551093769020227,1.866373122402991,0.4597477407442611,41,7.5369896899082915,21.590446048898354,2.41698254956168,24.00742859846003
-0.08631250164394497,0.8417856634876438,-0.026551083769020226,1.866373122402991,0.4597477407442611,41,7.536989694268781,21.590446055382486,2.4169825421808175,24.0074285975633
-0.08631249164394497,0.8417856634876438,-0.026551093769020227,1.866373122402991,0.4597477407442611,41,7.536989695357125,21.590446076182356,2.4169825126270554,24.007428588809418
-0.08231038323782619,0.8748750060690225,-0.0011303805308549497,1.8788660920616356,0.43887791444978597,41,7.537220072903586,21.591173731864124,2.403328678126938,23.99450240999106
-0.082310368336665,0.8748750060690225,-0.0011303805308549497,1.878866120058922,0.43887791444978597,41,7.537220082041306,21.591173769407796,2.4033286384159718,23.994502407823767
-0.082310368336665,0.8748750209701837,-0.0011303805308549497,1.8788660920616356,0.43887791444978597,41,7.537220079824409,21.59117377063528,2.403328634388295,23.994502405023578
-0.082310368336665,0.8748750060690225,-0.0011303954320161435,1.8788660920616356,0.43887791444978597,41,7.537220080755303,21.59117377495611,2.403328634388295,23.994502409344406
-0.082310368336665,0.8748750060690225,-0.0011303805308549497,1.8788660920616356,0.43887792935094716,41,7.53722008359361,21.591173777509727,2.403328631341905,23.994502408851634
-0.082310368336665,0.8748750060690225,-0.0011303805308549497,1.8788660920616356,0.43887791444978597,41,7.5372200871024155,21.59117378441656,2.403328623292822,23.994502407709387
-0.08195239603664482,0.8753459741587576,-0.0010745221977467966,1.8788584296481405,0.43865287908734435,41,7.537422777286374,21.592168617642187,2.4021950716250817,23.99436368926727
-0.08195238113548363,0.8753459741587576,-0.0010745221977467966,1.878858457645313,0.43865287908734435,41,7.537422787334705,21.592168656843608,2.4021950319211154,23.994363688764725
-0.08195238113548363,0.8753459890599188,-0.0010745221977467966,1.8788584296481405,0.43865287908734435,41,7.537422785350578,21.59216865845896,2.4021950279098334,23.994363686368796
-0.08195238113548363,0.8753459741587576,-0.0010745370989079905,1.8788584296481405,0.43865287908734435,41,7.5374227862857595,21.5921686627777,2.4021950279098334,23.994363690687535
-0.08195238113548363,0.8753459741587576,-0.0010745221977467966,1.8788584296481405,0.43865289398850554,41,7.537422789107036,21.59216866531221,2.4021950248522908,23.9943636901645
-0.08195238113548363,0.8753459741587576,-0.0010745221977467966,1.8788584296481405,0.43865287908734435,41,7.537422792559525,21.592168672113747,2.4021950168091024,23.99436368892285
-0.08021232821406325,0.8853083827782942,0.0006271817780149959,1.8791571113071281,0.4336893155039906,41,7.536594115857719,21.593290321587155,2.4004264750287363,23.993716796615896
-0.08021231331290206,0.8853083827782942,0.0006271817780149959,1.8791571393087512,0.4336893155039906,41,7.53659413068707,21.59329036947491,2.4004264351932703,23.993716804668182
-0.08021231331290206,0.8853083976794554,0.0006271817780149959,1.8791571113071281,0.4336893155039906,41,7.5365941299838335,21.593290373274144,2.400426431522165,23.99371680479631
-0.08021231331290206,0.8853083827782942,0.0006271817780149959,1.8791571113071281,0.4336893304051518,41,7.536594133600826,21.59329037985834,2.400426428225934,23.993716808084276
-0.08021231331290206,0.8853083827782942,0.0006271817780149959,1.8791571113071281,0.4336893155039906,41,7.5365941367591525,21.593290386112624,2.400426420300916,23.993716806413534
-0.08021231331290206,0.8853083827782942,0.0006271966791761898,1.8791571113071281,0.4336893155039906,41,7.536594142626933,21.593290394737576,2.400426431522165,23.993716826259735
-0.08115556545533158,0.8780503502387819,-0.0006429617749189704,1.878911790907796,0.43731731343372304,41,7.537485842906108,21.593586407598593,2.4002695489287897,23.993855956527387
-0.08115555055417038,0.8780503502387819,-0.0006429617749189704,1.8789118189057634,0.43731731343372304,41,7.5374858550600266,21.593586450629036,2.4002695092045947,23.99385595983363
-0.08115555055417038,0.8780503651399431,-0.0006429617749189704,1.878911790907796,0.43731731343372304,41,7.537485853626194,21.593586453172012,2.4002695052827,23.993855958454713
-0.08115555055417038,0.8780503502387819,-0.0006429766760801643,1.878911790907796,0.43731731343372304,41,7.537485854560433,21.59358645746549,2.4002695052827,23.993855962748192
-0.08115555055417038,0.8780503502387819,-0.0006429617749189704,1.878911790907796,0.43731732833488424,41,7.537485857337236,21.593586459941623,2.4002695021638893,23.993855962105517
-0.08115555055417038,0.8780503502387819,-0.0006429617749189704,1.878911790907796,0.43731731343372304,41,7.537485860659974,21.593586466501176,2.4002694941531812,23.99385596065436
-0.08071095614269645,0.87480902055627,-0.001278426232582849,1.878748108525849,0.43896493304291234,41,7.538969109884216,21.59725888593917,2.397491746630036,23.9947506325692
-0.08071094124153526,0.87480902055627,-0.001278426232582849,1.8787481365213774,0.43896493304291234,41,7.5389691230191636,21.597258930749902,2.397491706997679,23.99475063774758
-0.08071094124153526,0.8748090354574312,-0.001278426232582849,1.878748108525849,0.43896493304291234,41,7.538969121782837,21.597258933592066,2.3974917029734644,23.994750636565527
-0.08071094124153526,0.87480902055627,-0.001278441133744043,1.878748108525849,0.43896493304291234,41,7.53896912274723,21.597258937931215,2.3974917029734644,23.99475064090468
-0.08071094124153526,0.87480902055627,-0.001278426232582849,1.878748108525849,0.43896494794407354,41,7.53896912551783,21.597258940420826,2.3974916999252516,23.99475064034608
-0.08071094124153526,0.87480902055627,-0.001278426232582849,1.878748108525849,0.43896493304291234,41,7.538969128780237,21.59725894686668,2.3974916918769527,23.994750638743632
-0.08000941331624982,0.8745808622234827,0.00020980343338053916,1.8786935637850937,0.4390983302031876,41,7.5405870764814225,21.601263900756553,2.393992451756028,23.99525635251258
-0.08000939841508863,0.8745808622234827,0.00020980343338053916,1.8786935917798093,0.4390983302031876,41,7.540587091122172,21.60126394833934,2.3939924121625276,23.995256360501877
-0.08000939841508863,0.8745808771246439,0.00020980343338053916,1.8786935637850937,0.4390983302031876,41,7.5405870902226075,21.601263951719286,2.393992408118575,23.99525635983786
-0.08000939841508863,0.8745808622234827,0.00020980343338053916,1.8786935637850937,0.4390983451043488,41,7.540587093959033,21.601263958562384,2.3939924050887846,23.995256363651166
-0.08000939841508863,0.8745808622234827,0.00020980343338053916,1.8786935637850937,0.4390983302031876,41,7.540587097125632,21.60126396483028,2.393992397038488,23.99525636186877
-0.08000939841508863,0.8745808622234827,0.000209818334541733,1.8786935637850937,0.4390983302031876,41,7.54058710306985,21.601263973630314,2.393992408118575,23.99525638174889
-0.08606887019821104,0.8091765197703508,-0.05466228969665109,1.864058238672085,0.47033044037597804,41,7.540306196423128,21.602361887015725,2.417413357472415,24.019775244488144
-0.08606887019821104,0.8091765097703507,-0.05466228969665109,1.864058248672085,0.47033044037597804,41,7.540306200083245,21.60236189200692,2.417413355814393,24.019775247821315
-0.08606887019821104,0.8091765097703507,-0.05466228969665109,1.864058238672085,0.47033045037597804,41,7.54030619921755,21.602361892183595,2.4174133558143933,24.019775247997988
-0.08606887019821104,0.8091765097703507,-0.05466228969665109,1.864058238672085,0.47033044037597804,41,7.540306201749995,21.6023618971127,2.417413350129785,24.01977524724248
-0.08606887019821104,0.8091765097703507,-0.054662279696651085,1.864058238672085,0.47033044037597804,41,7.54030620576806,21.602361902995753,2.4174133427871554,24.019775245782913
-0.08606886019821104,0.8091765097703507,-0.05466228969665109,1.864058238672085,0.47033044037597804,41,7.54030620892806,21.602361926994632,2.417413313203444,24.019775240198076
-0.07503345376210506,1.0,0.12020338539302847,1.9548417696902884,0.33898818740044484,41,7.553890210603235,21.602878308865783,2.5713840530089587,24.174262361874742
-0.07503345376210506,1.0,0.12020338539302847,1.9548417796902884,0.33898817740044485,41,7.553890212358226,21.602878310320666,2.5713840530089587,24.174262363329632
-0.07503345376210506,1.0,0.12020338539302847,1.9548417696902884,0.33898817740044485,41,7.553890213299168,21.602878314233543,2.571384048013849,24.174262362247394
-0.07503345376210506,1.0,0.12020339539302846,1.9548417696902884,0.33898817740044485,41,7.553890218766274,21.60287832290902,2.5713840575355773,24.174262380444596
-0.07503345376210506,0.99999999,0.12020338539302847,1.9548417696902884,0.33898817740044485,41,7.553890218256292,21.602878323608014,2.5713840384921207,24.17426236210013
-0.07503344376210506,1.0,0.12020338539302847,1.9548417696902884,0.33898817740044485,41,7.553890214019377,21.602878337104453,2.5713840114627113,24.17426234856716
-0.07255190329204685,1.0,0.12928811850819918,1.9578348033414492,0.3245012473544831,41,7.562821018221705,21.62337605353956,2.5653804468349666,24.18875650037453
-0.07255190329204685,1.0,0.12928811850819918,1.9578348133414492,0.3245012373544831,41,7.562821019703471,21.623376054576905,2.5653804468349666,24.18875650141187
-0.07255190329204685,1.0,0.12928811850819918,1.9578348033414492,0.3245012373544831,41,7.562821020821932,21.623376058726198,2.5653804420352535,24.188756500761446
-0.07255190329204685,1.0,0.12928812850819918,1.9578348033414492,0.3245012373544831,41,7.562821026180307,21.623376067277206,2.565380451634203,24.188756518911408
-0.07255190329204685,0.99999999,0.12928811850819918,1.9578348033414492,0.3245012373544831,41,7.5628210256867625,21.623376067960834,2.5653804324363048,24.188756500397133
-0.07255189329204685,1.0,0.12928811850819918,1.9578348033414492,0.3245012373544831,41,7.562821024030036,21.62337608612512,2.5653804055684892,24.18875649169361
-0.07788508181132298,0.7372697293717624,-0.24481883414459832,2.0,0.3321181695984694,41,7.541591382096682,21.62467580400847,2.4787903583967985,24.10346616240527
-0.07788508181132298,0.7372697193717623,-0.24481883414459832,2.0,0.3321181795984694,41,7.541591384706743,21.624675808699642,2.478790355695055,24.103466164394696
-0.07788508181132298,0.7372697193717623,-0.24481883414459832,2.0,0.3321181695984694,41,7.541591387845265,21.624675814613077,2.478790350049046,24.10346616466212
-0.07788508181132298,0.7372697193717623,-0.24481882414459832,2.0,0.3321181695984694,41,7.54159139058119,21.624675818011298,2.478790341701293,24.10346615971259
-0.07788508181132298,0.7372697193717623,-0.24481883414459832,1.99999999,0.3321181695984694,41,7.541591389045626,21.624675818904173,2.4787903444030372,24.103466163307207
-0.07788507181132298,0.7372697193717623,-0.24481883414459832,2.0,0.3321181695984694,41,7.541591389786171,21.624675835891995,2.4787903134009523,24.103466149292945
-0.07705296824550825,1.0,0.14719588098134523,1.8924739598316984,0.36781537836122985,41,7.5681840265604805,21.633354324352037,2.5889860380010985,24.222340362353137
-0.07705296824550825,1.0,0.14719588098134523,1.8924739498316985,0.36781538836122984,41,7.568184025768323,21.63335432453656,2.5889860380010985,24.222340362537654
-0.07705296824550825,1.0,0.14719588098134523,1.8924739498316985,0.36781537836122985,41,7.568184027958189,21.63335432896559,2.5889860335761794,24.222340362541768
-0.07705296824550825,1.0,0.14719589098134522,1.8924739498316985,0.36781537836122985,41,7.56818403341228,21.6333543376883,2.588986043327344,24.22234038101565
-0.07705296824550825,0.99999999,0.14719588098134523,1.8924739498316985,0.36781537836122985,41,7.568184032642762,21.633354337889653,2.588986023825014,24.222340361714664
-0.07705295824550826,1.0,0.14719588098134523,1.8924739498316985,0.36781537836122985,41,7.568184034206378,21.633354360369427,2.588985996956378,24.222340357325812
-0.07894690194776774,0.7328284571860474,-0.16347503067910862,1.8889383688045924,0.4213719870866869,41,7.560767615272631,21.66545526735921,2.4022915242086116,24.067746791567824
-0.07894690194776774,0.7328284471860473,-0.16347503067910862,1.8889383788045924,0.4213719870866869,41,7.560767617821368,21.665455270615936,2.4022915218653083,24.06774679248124
-0.07894690194776774,0.7328284471860473,-0.16347503067910862,1.8889383688045924,0.4213719970866869,41,7.560767618128173,21.665455272665664,2.4022915218653083,24.067746794530976
-0.07894690194776774,0.7328284471860473,-0.16347503067910862,1.8889383688045924,0.4213719870866869,41,7.560767620333369,21.665455276939618,2.402291516590032,24.067746793529647
-0.07894690194776774,0.7328284471860473,-0.16347502067910863,1.8889383688045924,0.4213719870866869,41,7.560767622680954,21.665455279901614,2.4022915089714525,24.067746788873066
-0.07894689194776774,0.7328284471860473,-0.16347503067910862,1.8889383688045924,0.4213719870866869,41,7.560767637883118,21.665455323886928,2.4022914799058377,24.067746803792765
-0.06470555298070566,1.0,0.13633092905854183,2.0,0.24974811923457751,41,7.584946819625699,21.674854090754277,2.528914850975938,24.203768941730214
-0.06470555298070566,1.0,0.13633092905854183,2.0,0.24974810923457752,41,7.584946822300397,21.674854096065452,2.528914846730221,24.203768942795673
-0.06470555298070566,1.0,0.13633092905854183,1.99999999,0.24974810923457752,41,7.584946823596973,21.674854100345918,2.528914842484503,24.20376894283042
-0.06470555298070566,1.0,0.13633093905854182,2.0,0.24974810923457752,41,7.5849468273041545,21.674854104137143,2.528914856389034,24.203768960526176
-0.06470555298070566,0.99999999,0.13633092905854183,2.0,0.24974810923457752,41,7.584946827046643,21.674854105129377,2.528914837071408,24.20376894220079
-0.06470554298070566,1.0,0.13633092905854183,2.0,0.24974810923457752,41,7.584946828979826,21.674854130355563,2.5289148105302317,24.20376894088579
-0.06879316360810434,0.7321549874947412,-0.21519393085432226,1.970666482352829,0.34447280323428275,41,7.566992662598281,21.687284186216253,2.4077825976668006,24.095066783883055
-0.06879316360810434,0.7321549774947411,-0.21519393085432226,1.970666492352829,0.34447280323428275,41,7.566992664275156,21.687284187917086,2.4077825949717027,24.09506678288879
-0.06879316360810434,0.7321549774947411,-0.21519393085432226,1.970666482352829,0.34447281323428275,41,7.566992665242414,21.687284191056893,2.407782594971703,24.095066786028596
-0.06879316360810434,0.7321549774947411,-0.21519393085432226,1.970666482352829,0.34447280323428275,41,7.566992667243582,21.687284194946606,2.4077825896143352,24.095066784560938
-0.06879316360810434,0.7321549774947411,-0.21519392085432226,1.970666482352829,0.34447280323428275,41,7.566992668839058,21.687284196575522,2.40778258156187,24.09506677813739
-0.06879315360810434,0.7321549774947411,-0.21519393085432226,1.970666482352829,0.34447280323428275,41,7.566992693999809,21.687284259491097,2.407782553275368,24.095066812766465
-0.15800527787323213,0.4976164040095187,-0.09781974648477185,1.6335528518676865,1.0657479998014363,41,7.656608418090459,21.79144097680809,2.846009298022302,24.637450274830385
-0.15800528787323212,0.49761641400951867,-0.09781974648477185,1.6335528518676865,1.0657479998014363,41,7.656608433234913,21.791440994927022,2.8460093424556883,24.637450337382713
-0.15800528787323212,0.4976164040095187,-0.09781974648477185,1.6335528518676865,1.0657480098014362,41,7.656608440728167,21.791441009980907,2.846009349282596,24.6374503592635
-0.15800528787323212,0.4976164040095187,-0.09781974648477185,1.6335528518676865,1.0657479998014363,41,7.656608444311152,21.79144101688707,2.8460093373944813,24.637450354281548
-0.15800528787323212,0.4976164040095187,-0.09781974648477185,1.6335528618676864,1.0657479998014363,41,7.65660844731155,21.79144102009788,2.846009349282596,24.63745036938047
-0.15800528787323212,0.4976164040095187,-0.09781973648477185,1.6335528518676865,1.0657479998014363,41,7.656608452473164,21.791441029664743,2.846009332333274,24.637450361998017
-0.1015701248426025,0.5180758104008597,-0.1125075410904426,1.6736522936974048,0.8951901305409924,41,7.640121160774221,21.81455868913197,2.5069159353298254,24.321474624461793
-0.1015701248426025,0.5180758004008597,-0.1125075410904426,1.6736523036974047,0.8951901305409924,41,7.640121162873921,21.814558692411783,2.506915939640188,24.32147463205197
-0.1015701248426025,0.5180758004008597,-0.1125075410904426,1.6736522936974048,0.8951901405409924,41,7.640121165680201,21.814558698894945,2.506915939640188,24.321474638535133
-0.1015701248426025,0.5180758004008597,-0.1125075410904426,1.6736522936974048,0.8951901305409924,41,7.640121166155655,21.814558700016033,2.5069159299698667,24.3214746299859
-0.1015701248426025,0.5180758004008597,-0.1125075310904426,1.6736522936974048,0.8951901305409924,41,7.640121167821411,21.81455870208319,2.506915924609909,24.3214746266931
-0.1015701148426025,0.5180758004008597,-0.1125075410904426,1.6736522936974048,0.8951901305409924,41,7.640121186468947,21.81455874795453,2.5069158925164827,24.321474640471017
-0.15558619139511518,0.45273195519342746,-0.04585526843338651,1.3676345142263828,1.1412960431354326,41,7.708091906333132,21.936558126519568,2.5959542414619876,24.532512367981553
-0.15558619139511518,0.45273194519342747,-0.04585526843338651,1.3676345242263828,1.1412960431354326,41,7.708091911233283,21.93655813497897,2.5959542458758156,24.532512380854783
-0.15558619139511518,0.45273194519342747,-0.04585526843338651,1.3676345142263828,1.1412960531354326,41,7.708091912433214,21.93655813874455,2.5959542458758156,24.532512384620368
-0.15558619139511518,0.45273194519342747,-0.04585526843338651,1.3676345142263828,1.1412960431354326,41,7.708091913123557,21.936558140171243,2.595954237223996,24.532512377395232
-0.15558619139511518,0.45273194519342747,-0.04585525843338651,1.3676345142263828,1.1412960431354326,41,7.708091918108829,21.936558147792216,2.595954232986006,24.532512380778222
-0.15558618139511518,0.45273194519342747,-0.04585526843338651,1.3676345142263828,1.1412960431354326,41,7.708091916579706,21.936558153763144,2.5959541979340663,24.53251235169721
-0.10171906756368762,0.4717717758301179,-0.08349895150063338,1.5453585589752117,1.0136241354371007,41,7.714416031993513,21.968892353181182,2.460065113039293,24.428957466220474
-0.10171906756368762,0.4717717858301179,-0.08349895150063338,1.5453585489752117,1.0136241354371007,41,7.714416032630975,21.96889235457745,2.4600651082563885,24.428957462833836
-0.10171906756368762,0.4717717758301179,-0.08349894150063339,1.5453585489752117,1.0136241354371007,41,7.714416036196357,21.968892361637337,2.460065098816786,24.428957460454118
-0.10171906756368762,0.4717717758301179,-0.08349895150063338,1.5453585489752117,1.0136241354371007,41,7.714416036226439,21.968892362238382,2.4600651035365875,24.428957465774975
-0.10171906756368762,0.4717717758301179,-0.08349895150063338,1.5453585489752117,1.0136241454371007,41,7.7144160370701425,21.968892363591525,2.460065113039293,24.428957476630817
-0.10171905756368763,0.4717717758301179,-0.08349895150063338,1.5453585489752117,1.0136241354371007,41,7.714416066139874,21.968892426044118,2.460065066078139,24.42895749212226
-0.05549249191048665,0.5834591120826664,-0.0011265358272861722,2.0,0.26347018870501443,41,7.768162918018365,22.067918690826463,2.09815320149129,24.166071892317746
-0.055492477009325455,0.5834591269838276,-0.0011265358272861722,2.0,0.26347018870501443,41,7.768162912976053,22.067918707553403,2.0981531554202277,24.16607186297363
-0.055492477009325455,0.5834591120826664,-0.001126550728447366,2.0,0.26347018870501443,41,7.768162916172965,22.06791871542942,2.0981531554202277,24.16607187084965
-0.055492477009325455,0.5834591120826664,-0.0011265358272861722,2.0,0.2634702036061756,41,7.768162920237347,22.06791872190241,2.098153154690093,24.166071876592508
-0.055492477009325455,0.5834591120826664,-0.0011265358272861722,2.0,0.26347018870501443,41,7.768162924079609,22.067918729382605,2.0981531480158733,24.16607187739848
-0.055492477009325455,0.5834591120826664,-0.0011265358272861722,1.9999999701976776,0.26347018870501443,41,7.768162926825296,22.067918738518415,2.0981531346674336,24.166071873185853
-0.21143939756035765,0.49479138768542485,-0.05521980029475659,1.597032709386337,1.1575584679341453,41,7.874383506999571,22.172712243915147,3.1074596023247416,25.280171846239888
-0.21143940756035765,0.49479139768542485,-0.05521980029475659,1.597032709386337,1.1575584679341453,41,7.874383548847122,22.1727123233915,3.107459648188776,25.280171971580277
-0.21143940756035765,0.49479138768542485,-0.05521980029475659,1.597032709386337,1.1575584779341452,41,7.8743835592640075,22.172712345294055,3.107459656341731,25.280172001635787
-0.21143940756035765,0.49479138768542485,-0.05521980029475659,1.597032709386337,1.1575584679341453,41,7.874383565899286,22.172712358913007,3.10745964351368,25.280172002426685
-0.21143940756035765,0.49479138768542485,-0.05521980029475659,1.597032719386337,1.1575584679341453,41,7.87438357738116,22.172712380148024,3.107459656341731,25.280172036489756
-0.21143940756035765,0.49479138768542485,-0.055219790294756585,1.597032709386337,1.1575584679341453,41,7.874383581939554,22.17271238737098,3.107459638838586,25.280172026209566
-0.1534009905364999,0.41218724817961133,0.001084910713075038,1.1274270710789907,1.209539559114862,41,7.817529587604739,22.17278860363578,2.4306694676937797,24.603458071329555
-0.1534009905364999,0.41218723817961134,0.001084910713075038,1.1274270810789906,1.209539559114862,41,7.817529588939877,22.172788605526275,2.4306694699093994,24.603458075435675
-0.1534009905364999,0.41218723817961134,0.001084910713075038,1.1274270710789907,1.209539559114862,41,7.817529592024239,22.17278861251221,2.4306694641809674,24.603458076693173
-0.1534009905364999,0.41218723817961134,0.001084910713075038,1.1274270710789907,1.209539569114862,41,7.817529592660053,22.172788613753074,2.4306694699093994,24.60345808366247
-0.1534009905364999,0.41218723817961134,0.0010849207130750379,1.1274270710789907,1.209539559114862,41,7.817529596348367,22.17278861942377,2.4306694676937797,24.60345808711755
-0.1534009805364999,0.41218723817961134,0.001084910713075038,1.1274270710789907,1.209539559114862,41,7.817529604600898,22.172788641758224,2.430669424965333,24.60345806672356
-0.12175611317572921,0.36714813624256676,0.03178450188118086,0.8713792149551837,1.2378817389992074,41,7.982819014914117,22.52280230293886,2.216957365458432,24.73975966839729
-0.12175611317572921,0.36714814624256675,0.03178450188118086,0.8713792049551836,1.2378817389992074,41,7.982819016455117,22.522802306679903,2.2169573669919225,24.739759673671823
-0.12175611317572921,0.36714813624256676,0.03178450188118086,0.8713792049551836,1.2378817389992074,41,7.982819018041685,22.522802309545344,2.216957363600996,24.73975967314634
-0.12175611317572921,0.36714813624256676,0.03178450188118086,0.8713792049551836,1.2378817489992073,41,7.982819019723255,22.522802313090807,2.216957365458432,24.739759678549234
-0.12175611317572921,0.36714813624256676,0.03178451188118086,0.8713792049551836,1.2378817389992074,41,7.982819020152116,22.52280231311827,2.2169573669919225,24.73975968011019
-0.12175610317572921,0.36714813624256676,0.03178450188118086,0.8713792049551836,1.2378817389992074,41,7.982819038486623,22.522802352711814,2.216957325461288,24.739759678173105
-0.08633156219747343,0.3288793912788378,0.03815677040750426,0.6394736365469367,1.2023376825855254,41,8.119300079885784,22.804646992012906,2.084721863280118,24.889368855293018
-0.08633156219747343,0.3288794012788378,0.03815677040750426,0.6394736265469366,1.2023376825855254,41,8.119300081173398,22.804646995202237,2.084721869089134,24.88936886429137
-0.08633156219747343,0.3288793912788378,0.03815677040750426,0.6394736265469366,1.2023376825855254,41,8.119300082010746,22.8046469964077,2.0847218659693265,24.889368862377026
-0.08633156219747343,0.3288793912788378,0.03815678040750426,0.6394736265469366,1.2023376825855254,41,8.119300082308357,22.804646997030176,2.084721869089134,24.88936886611932
-0.08633156219747343,0.3288793912788378,0.03815677040750426,0.6394736265469366,1.2023376925855254,41,8.119300083683552,22.80464700001903,2.084721863280118,24.889368863299147
-0.08633155219747343,0.3288793912788378,0.03815677040750426,0.6394736265469366,1.2023376825855254,41,8.119300103666887,22.804647040987124,2.084721829034053,24.889368870021176
-0.07247371757533916,0.26358414611311026,0.006610353180025182,0.5266324441082816,1.1374996424635007,41,8.17357688212391,22.91235482249915,2.082253107958321,24.99460793045747
-0.07247371757533916,0.26358413611311027,0.006610353180025182,0.5266324541082816,1.1374996424635007,41,8.173576883386431,22.912354824983634,2.0822530999519135,24.99460792493555
-0.07247371757533916,0.26358413611311027,0.006610363180025182,0.5266324441082816,1.1374996424635007,41,8.17357688423793,22.91235482704331,2.082253107958321,24.99460793500163
-0.07247371757533916,0.26358413611311027,0.006610353180025182,0.5266324441082816,1.1374996424635007,41,8.17357688496335,22.912354828177865,2.082253105661668,24.994607933839536
-0.07247371757533916,0.26358413611311027,0.006610353180025182,0.5266324441082816,1.1374996524635006,41,8.173576885806686,22.912354829908075,2.0822530999519135,24.99460792985998
-0.07247370757533916,0.26358413611311027,0.006610353180025182,0.5266324441082816,1.1374996424635007,41,8.173576904304548,22.91235486720275,2.082253069197562,24.99460793640031
-0.09675215005180823,0.19820831759579327,-0.05975164553377494,0.4621070162558772,1.0871748368716774,41,8.177100948904217,22.91763995975462,2.245826715021229,25.163466674775844
-0.09675215005180823,0.19820830759579328,-0.05975163553377494,0.4621070162558772,1.0871748368716774,41,8.177100951611996,22.917639965959673,2.2458267106359107,25.163466676595586
-0.09675215005180823,0.19820830759579328,-0.05975164553377494,0.4621070262558772,1.0871748368716774,41,8.177100952272292,22.917639966755917,2.2458267051663614,25.163466671922276
-0.09675215005180823,0.19820830759579328,-0.05975164553377494,0.4621070162558772,1.0871748368716774,41,8.177100954039082,22.917639970287958,2.2458267128285696,25.163466683116525
-0.09675215005180823,0.19820830759579328,-0.05975164553377494,0.4621070162558772,1.0871748468716773,41,8.177100954553927,22.91763997122392,2.2458267051663614,25.16346667639028
-0.09675214005180824,0.19820830759579328,-0.05975164553377494,0.4621070162558772,1.0871748368716774,41,8.17710096867491,22.917639999598883,2.245826675538997,25.163466675137883
-0.20518516328198838,0.37906554196389064,-0.15956610579915628,0.35885463937329287,1.2406656407701837,41,8.204406907694967,22.95865294056953,2.7288302994535343,25.687483240023067
-0.20518516328198838,0.37906554196389064,-0.15956611579915628,0.35885464937329287,1.2406656407701837,41,8.204406921536567,22.958652967628158,2.728830297223748,25.687483264851902
-0.20518516328198838,0.37906554196389064,-0.15956611579915628,0.35885463937329287,1.2406656407701837,41,8.20440692621611,22.95865297742916,2.728830304031903,25.68748328146107
-0.20518516328198838,0.37906555196389063,-0.15956611579915628,0.35885463937329287,1.2406656407701837,41,8.204406932409142,22.958652991025048,2.728830308610272,25.687483299635325
-0.20518516328198838,0.37906554196389064,-0.15956611579915628,0.35885463937329287,1.2406656507701836,41,8.204406934274385,22.958652993733878,2.728830297223748,25.687483290957626
-0.20518515328198839,0.37906554196389064,-0.15956611579915628,0.35885463937329287,1.2406656407701837,41,8.204406941803649,22.958653009839683,2.728830263055608,25.687483272895292
-0.19055297548834116,-0.021121963249123014,-0.08267982232340398,0.42961919674151766,0.9832702552501733,41,8.390080240247388,23.342345652876933,2.7071811294426857,26.049526782319617
-0.19055296548834116,-0.021121973249123016,-0.08267982232340398,0.42961919674151766,0.9832702552501733,41,8.390080252519468,23.34234567815125,2.7071810898462,26.04952676799745
-0.19055297548834116,-0.021121973249123016,-0.08267982232340398,0.42961920674151766,0.9832702552501733,41,8.390080257082765,23.34234568702917,2.707181120344122,26.049526807373294
-0.19055297548834116,-0.021121973249123016,-0.08267982232340398,0.42961919674151766,0.9832702552501733,41,8.39008025728929,23.342345687457687,2.7071811303250004,26.049526817782688
-0.19055297548834116,-0.021121973249123016,-0.08267982232340398,0.42961919674151766,0.9832702652501734,41,8.39008025737082,23.342345687573,2.707181120344122,26.049526807917125
-0.19055297548834116,-0.021121973249123016,-0.08267981232340399,0.42961919674151766,0.9832702552501733,41,8.390080263534406,23.34234570061139,2.7071811294426857,26.049526830054074
0.22499437630176544,-0.8678914159536362,-0.9597878940403461,0.294055297187636,0.15452526019287705,41,9.684619168985604,26.1986687830701,4.486619217972242,30.685288001042338
0.30168897844851017,-0.6420879562036895,-0.013067610561847687,0.690818956892574,0.4673416182628929,41,10.142880660960898,27.06664193607402,1.6137969025158188,28.68043883858984
0.30168897844851017,-0.6420879662036896,-0.013067610561847687,0.690818956892574,0.4673416182628929,41,10.14288067120401,27.06664195882137,1.6137969080846415,28.680438866906012
0.30168897844851017,-0.6420879662036896,-0.013067610561847687,0.690818956892574,0.4673416182628929,41,10.14288067120401,27.06664195882137,1.6137969080846415,28.680438866906012
0.30168897844851017,-0.6420879662036896,-0.013067610561847687,0.690818956892574,0.4673416282628929,41,10.14288067177592,27.06664195948938,1.613796893773371,28.68043885326275
0.30168897844851017,-0.6420879662036896,-0.013067600561847687,0.690818956892574,0.4673416182628929,41,10.142880675770106,27.066641966231025,1.6137969025158188,28.680438868746844
0.30168897844851017,-0.6420879662036896,-0.013067610561847687,0.690818966892574,0.4673416182628929,41,10.142880681915578,27.066641984482573,1.613796893773371,28.68043887825595
0.30168898844851016,-0.6420879662036896,-0.013067610561847687,0.690818956892574,0.4673416182628929,41,10.142880713772795,27.066642061954536,1.613796884342067,28.680438946296604
0.22499437630176544,-0.8678914159536362,-0.7679583430290222,1.6260282163265303,0.15452526019287705,41,11.476788239067123,32.28092502271811,2.1993124631007115,34.480237485818826
-1.0,1.0,-0.19715074928725312,0.0001,1.831667870954594,41,10.515122023463407,32.52897063873097,7.4331539563772635,39.96212459510822
-1.0,0.99999999,-0.19715075928725312,0.0001,1.831667870954594,41,10.515122059217083,32.52897067301397,7.4331539563772635,39.962124629391234
-1.0,1.0,-0.19715075928725312,0.00010001,1.831667870954594,41,10.515122064439577,32.52897077175578,7.433153963693106,39.96212473544888
-1.0,1.0,-0.19715075928725312,0.0001,1.831667870954594,41,10.515122074007031,32.5289708239817,7.4331539665530455,39.96212479053475
-0.99999999,1.0,-0.19715075928725312,0.0001,1.831667870954594,41,10.515122072828252,32.52897083314954,7.433153898553048,39.962124731702595
-1.0,1.0,-0.19715075928725312,0.0001,1.8316678809545939,41,10.515122103416875,32.52897102986443,7.433153963693106,39.96212499355754
0.22499437630176544,-0.8678914159536362,-0.9597878940403461,1.6260282163265303,0.15452526019287705,41,11.516135483384176,32.72768316376041,2.4816855342427067,35.20936869800311
-0.8780656046554982,0.9800083523635881,0.6931800692146315,0.4833861925240108,1.7317830731191621,41,11.759848327457263,33.33906281124345,7.2252876321027975,40.56435044334625
0.22499437630176544,0.6030213087797165,-0.7679583430290222,1.6260282163265303,0.15452526019287705,41,11.178703016093678,33.35571023588568,1.8608342910774571,35.21654452696313
0.7399002313613892,-0.20387671887874603,0.42514362931251526,0.8486301956700255,1.7327156698466122,41,12.67829102552882,35.84946482352865,0.570435079784684,36.41989990331333
0.3488098233938217,0.6030213087797165,-0.7679583430290222,1.6260282163265303,0.15452526019287705,41,12.056311735101747,40.37599791329985,1.5606396709631005,41.93663758426295
-0.9406658601451579,-0.3780377652394036,-0.019341652598479975,1.1740672300258355,1.1959918294581227,41,12.11507681824055,45.615429557110154,6.586026839357736,52.20145639646788
0.22499437630176544,-0.8678914159536362,-0.9597878940403461,0.294055297187636,1.8372438334799983,41,12.692615958280324,47.72625619166806,2.455405816532111,50.18166200820018
-0.8970024362206459,-0.5378099605441093,0.09121039509773254,1.5587548845680583,0.8900196288335074,41,12.228841960609993,56.70674936109679,6.456998100763013,63.163747461859806
0.7598786354064941,-0.6774932742118835,-0.048472922295331955,1.6229359619211006,0.9821363192271753,41,14.495574256050713,61.40173872874942,0.6332010945003422,62.03493982324978
0.9998937029483655,1.0,0.04689741776906467,1.8041497692213355,0.4122293796140411,41,14.483730552455382,96.29857652933659,0.5055945012674238,96.80417103060401
0.9998937029483655,0.9999999850988388,0.046897402867903476,1.8041497692213355,0.4122293796140411,41,14.483730552035341,96.29857653900757,0.5055944747474461,96.80417101375502
0.9998937029483655,1.0,0.046897402867903476,1.8041497692213355,0.4122293796140411,41,14.483730546377199,96.29857657166818,0.5055944880074349,96.80417105967558
0.9998937029483655,1.0,0.046897402867903476,1.8041497692213355,0.4122293945152023,41,14.483730547929461,96.29857663220803,0.505594493488746,96.8041711256968
0.9998937178495267,1.0,0.046897402867903476,1.8041497692213355,0.4122293796140411,41,14.483730579579355,96.29857781924896,0.5055944880020498,96.80417230725101
0.9998937029483655,1.0,0.046897402867903476,1.804149796105262,0.4122293796140411,41,14.483730552412176,96.2985788613471,0.5055944978965413,96.80417335924362
