Vᵢᵢ,Ʌᵢᵢ,Vᵢⱼ,Ʌᵢⱼ,Ƹᵢⱼ,Ʒᵢⱼ,γ1,γ2,γ3,n_data,raw_ssr_sum,raw_neglogprob_sum,param_penalty_sum,loss_final_sum
1.0,1.0,0.052994102497956705,0.7757932109152408,0.4689246428910693,0.6294204652958174,1.8307319104549031,0.4013920482669246,1.3552856537575875,59,6.45923506850923,21.13609732873837,1.7355713794394674,22.871668708177832
1.0,1.0,0.052994102497956705,0.7757932109152408,0.4689246328910693,0.6294204652958174,1.830731920454903,0.4013920482669246,1.3552856537575875,59,6.45923506943277,21.13609733013925,1.7355713747912669,22.871668704930517
1.0,1.0,0.052994102497956705,0.7757932209152408,0.4689246328910693,0.6294204652958174,1.8307319104549031,0.4013920482669246,1.3552856537575875,59,6.459235074817366,21.136097332075032,1.7355713754634903,22.87166870753852
1.0,1.0,0.052994102497956705,0.7757932109152408,0.4689246328910693,0.6294204652958174,1.8307319104549031,0.4013920482669246,1.3552856637575874,59,6.459235079637575,21.136097332386072,1.7355713747912669,22.871668707177335
1.0,1.0,0.052994102497956705,0.7757932109152408,0.4689246328910693,0.6294204652958174,1.8307319104549031,0.4013920582669246,1.3552856537575875,59,6.45923507512004,21.13609733660837,1.7355713747912669,22.871668711399636
1.0,1.0,0.052994102497956705,0.7757932109152408,0.4689246328910693,0.6294204752958175,1.8307319104549031,0.4013920482669246,1.3552856537575875,59,6.45923508232145,21.136097337326827,1.7355713794394674,22.8716687167663
1.0,1.0,0.05299411249795671,0.7757932109152408,0.4689246328910693,0.6294204652958174,1.8307319104549031,0.4013920482669246,1.3552856537575875,59,6.459235077417111,21.136097343696672,1.7355713754634903,22.871668719160162
1.0,1.0,0.052994102497956705,0.7757932109152408,0.4689246328910693,0.6294204652958174,1.8307319104549031,0.4013920482669246,1.3552856537575875,59,6.459235076556619,21.136097344270357,1.7355713632388774,22.87166870750923
1.0,0.99999999,0.052994102497956705,0.7757932109152408,0.4689246328910693,0.6294204652958174,1.8307319104549031,0.4013920482669246,1.3552856537575875,59,6.459235081870308,21.136097358475798,1.7355713632388774,22.871668721714677
0.99999999,1.0,0.052994102497956705,0.7757932109152408,0.4689246328910693,0.6294204652958174,1.8307319104549031,0.4013920482669246,1.3552856537575875,59,6.459235086548075,21.13609736422057,1.7355713632388774,22.871668727459447
1.0,1.0,0.014791778679325088,0.9285740337102641,0.37997057756774866,0.4360918502106105,1.8567805921725538,0.0001,1.7049871574661957,59,6.539036812786055,21.173589341469768,1.4579077733535661,22.631497114823336
1.0,1.0,0.014791778679325088,0.9285740337102641,0.37997058756774865,0.4360918502106105,1.8567805821725538,0.0001,1.7049871574661957,59,6.539036815153321,21.173589344629416,1.4579077743404216,22.631497118969843
1.0,1.0,0.014791778679325088,0.9285740437102642,0.37997057756774866,0.4360918502106105,1.8567805821725538,0.0001,1.7049871574661957,59,6.539036818956528,21.173589345923027,1.457907776218147,22.631497122141177
1.0,1.0,0.014791778679325088,0.9285740337102641,0.37997057756774866,0.43609186021061047,1.8567805821725538,0.0001,1.7049871574661957,59,6.53903682935303,21.1735893459819,1.4579077743404216,22.631497120322322
1.0,1.0,0.014791778679325088,0.9285740337102641,0.37997057756774866,0.4360918502106105,1.8567805821725538,0.0001,1.7049871674661956,59,6.539036825335267,21.17358934673685,1.4579077733535661,22.631497120090415
1.0,1.0,0.014791778679325088,0.9285740337102641,0.37997057756774866,0.4360918502106105,1.8567805821725538,0.00010001,1.7049871574661957,59,6.539036818755035,21.173589347124413,1.4579077733535661,22.631497120477974
1.0,1.0,0.014791788679325088,0.9285740337102641,0.37997057756774866,0.4360918502106105,1.8567805821725538,0.0001,1.7049871574661957,59,6.5390368213372385,21.17358935449721,1.4579077762181467,22.631497130715356
1.0,1.0,0.014791778679325088,0.9285740337102641,0.37997057756774866,0.4360918502106105,1.8567805821725538,0.0001,1.7049871574661957,59,6.539036820806069,21.173589355532442,1.4579077623035008,22.63149711783594
1.0,0.99999999,0.014791778679325088,0.9285740337102641,0.37997057756774866,0.4360918502106105,1.8567805821725538,0.0001,1.7049871574661957,59,6.53903682467742,21.173589364762197,1.4579077623035008,22.6314971270657
0.99999999,1.0,0.014791778679325088,0.9285740337102641,0.37997057756774866,0.4360918502106105,1.8567805821725538,0.0001,1.7049871574661957,59,6.53903683203456,21.173589378631487,1.4579077623035008,22.63149714093499
1.0,1.0,0.0034821488697076627,0.9000338739554301,0.383316520375524,0.44767609529516006,1.8664610501205463,0.0001,1.6904550454093852,59,6.537513224530962,21.187436207742063,1.4164271391337944,22.603863346875862
1.0,1.0,0.0034821488697076627,0.9000338739554301,0.383316520375524,0.44767610529516005,1.8664610401205464,0.0001,1.6904550454093852,59,6.537513240360951,21.187436209992143,1.4164271404362858,22.603863350428426
1.0,1.0,0.0034821488697076627,0.9000338739554301,0.383316530375524,0.44767609529516006,1.8664610401205464,0.0001,1.6904550454093852,59,6.53751322694477,21.18743621080878,1.4164271404362858,22.603863351245067
1.0,1.0,0.0034821488697076627,0.9000338839554302,0.383316520375524,0.44767609529516006,1.8664610401205464,0.0001,1.6904550454093852,59,6.5375132303585435,21.187436211001092,1.416427141506006,22.603863352507098
1.0,1.0,0.0034821488697076627,0.9000338739554301,0.383316520375524,0.44767609529516006,1.8664610401205464,0.0001,1.6904550554093851,59,6.537513236875701,21.18743621162133,1.4164271391337944,22.603863350755127
1.0,1.0,0.0034821488697076627,0.9000338739554301,0.383316520375524,0.44767609529516006,1.8664610401205464,0.00010001,1.6904550454093852,59,6.5375132304181065,21.187436212840698,1.4164271391337944,22.60386335197449
1.0,1.0,0.0034821588697076626,0.9000338739554301,0.383316520375524,0.44767609529516006,1.8664610401205464,0.0001,1.6904550454093852,59,6.537513232790786,21.18743621972973,1.416427141506006,22.603863361235735
1.0,1.0,0.0034821488697076627,0.9000338739554301,0.383316520375524,0.44767609529516006,1.8664610401205464,0.0001,1.6904550454093852,59,6.537513232385894,21.18743622101796,1.4164271281791443,22.603863349197105
1.0,0.99999999,0.0034821488697076627,0.9000338739554301,0.383316520375524,0.44767609529516006,1.8664610401205464,0.0001,1.6904550454093852,59,6.537513236305935,21.187436229968085,1.4164271281791443,22.603863358147233
0.99999999,1.0,0.0034821488697076627,0.9000338739554301,0.383316520375524,0.44767609529516006,1.8664610401205464,0.0001,1.6904550454093852,59,6.537513243483053,21.187436243593627,1.4164271281791443,22.60386337177277
1.0,1.0,-0.008190626964949214,0.7919605222764864,0.4508526501658622,0.5768570601645252,1.8338376083327326,0.3657163753345905,1.3882033421699982,59,6.4560009971325965,21.189784931250212,1.5908174983830876,22.7806024296333
1.0,1.0,-0.008190626964949214,0.7919605222764864,0.4508526501658622,0.5768570501645252,1.8338376083327326,0.3657163753345905,1.3882033521699981,59,6.456000996014412,21.18978493153744,1.590817494783596,22.78060242632104
1.0,1.0,-0.008190626964949214,0.7919605322764864,0.4508526501658622,0.5768570501645252,1.8338376083327326,0.3657163753345905,1.3882033421699982,59,6.456000992307974,21.189784934079345,1.5908174950265987,22.780602429105944
1.0,1.0,-0.008190626964949214,0.7919605222764864,0.4508526601658622,0.5768570501645252,1.8338376083327326,0.3657163753345905,1.3882033421699982,59,6.456000988093431,21.189784935414348,1.5908174983830876,22.780602433797437
1.0,1.0,-0.008190626964949214,0.7919605222764864,0.4508526501658622,0.5768570501645252,1.8338376183327325,0.3657163753345905,1.3882033421699982,59,6.456000988938591,21.189784937867078,1.590817494783596,22.780602432650674
1.0,1.0,-0.008190626964949214,0.7919605222764864,0.4508526501658622,0.5768570501645252,1.8338376083327326,0.3657163853345905,1.3882033421699982,59,6.456000993353164,21.189784939950453,1.590817494783596,22.780602434734046
1.0,1.0,-0.008190616964949214,0.7919605222764864,0.4508526501658622,0.5768570501645252,1.8338376083327326,0.3657163753345905,1.3882033421699982,59,6.456000994816178,21.189784945477175,1.59081747142214,22.78060241689931
1.0,1.0,-0.008190626964949214,0.7919605222764864,0.4508526501658622,0.5768570501645252,1.8338376083327326,0.3657163753345905,1.3882033421699982,59,6.456000994956127,21.189784948119705,1.5908174832243693,22.78060243134408
1.0,0.99999999,-0.008190626964949214,0.7919605222764864,0.4508526501658622,0.5768570501645252,1.8338376083327326,0.3657163753345905,1.3882033421699982,59,6.456000999917164,21.18978496026731,1.5908174832243693,22.780602443491677
0.99999999,1.0,-0.008190626964949214,0.7919605222764864,0.4508526501658622,0.5768570501645252,1.8338376083327326,0.3657163753345905,1.3882033421699982,59,6.4560010033103055,21.18978496407014,1.5908174832243693,22.78060244729451
1.0,1.0,-0.003988961717985644,0.8827285862583183,0.3810781567859673,0.4558538595460571,1.8731601482104807,0.0001,1.682242681594951,59,6.539576087223379,21.198096809589682,1.3998987046213673,22.59799551421105
1.0,1.0,-0.003988961717985644,0.8827285862583183,0.3810781567859673,0.4558538695460571,1.8731601382104808,0.0001,1.682242681594951,59,6.539576102940575,21.19809681169622,1.399898706041226,22.597995517737445
1.0,1.0,-0.003988961717985644,0.8827285862583183,0.3810781667859673,0.4558538595460571,1.8731601382104808,0.0001,1.682242681594951,59,6.539576089302253,21.198096812038546,1.399898706041226,22.59799551807977
1.0,1.0,-0.003988961717985644,0.8827285962583183,0.3810781567859673,0.4558538595460571,1.8731601382104808,0.0001,1.682242681594951,59,6.53957609293381,21.198096812564902,1.3998987067755628,22.59799551934047
1.0,1.0,-0.003988961717985644,0.8827285862583183,0.3810781567859673,0.4558538595460571,1.8731601382104808,0.0001,1.6822426915949509,59,6.539576099478208,21.198096813082014,1.3998987046213673,22.59799551770338
1.0,1.0,-0.003988961717985644,0.8827285862583183,0.3810781567859673,0.4558538595460571,1.8731601382104808,0.00010001,1.682242681594951,59,6.539576093083999,21.1980968146611,1.3998987046213673,22.597995519282463
1.0,1.0,-0.003988951717985644,0.8827285862583183,0.3810781567859673,0.4558538595460571,1.8731601382104808,0.0001,1.682242681594951,59,6.539576095382186,21.198096821332374,1.3998986806173948,22.597995501949775
1.0,1.0,-0.003988961717985644,0.8827285862583183,0.3810781567859673,0.4558538595460571,1.8731601382104808,0.0001,1.682242681594951,59,6.539576094978672,21.19809682263421,1.3998986936964788,22.597995516330688
1.0,0.99999999,-0.003988961717985644,0.8827285862583183,0.3810781567859673,0.4558538595460571,1.8731601382104808,0.0001,1.682242681594951,59,6.539576098928396,21.198096831612602,1.399898693696479,22.59799552530908
0.99999999,1.0,-0.003988961717985644,0.8827285862583183,0.3810781567859673,0.4558538595460571,1.8731601382104808,0.0001,1.682242681594951,59,6.539576106092271,21.198096845201114,1.399898693696479,22.597995538897592
1.0,1.0,0.008648453690016388,0.7635956842493494,0.4469001595641294,0.6325100843014431,1.8255107708514637,0.4229227645978862,1.339006051243771,59,6.473981276375588,21.19937118710067,1.6384308656990558,22.837802052799724
1.0,1.0,0.008648453690016388,0.7635956842493494,0.4469001495641294,0.6325100843014431,1.8255107808514637,0.4229227645978862,1.339006051243771,59,6.473981277960662,21.199371189580678,1.638430861330734,22.837802050911403
1.0,1.0,0.008648453690016388,0.7635956842493494,0.4469001495641294,0.6325100843014431,1.8255107708514637,0.4229227645978862,1.3390060612437709,59,6.473981287160796,21.19937119067241,1.638430861330734,22.83780205200314
1.0,1.0,0.008648453690016388,0.7635956942493495,0.4469001495641294,0.6325100843014431,1.8255107708514637,0.4229227645978862,1.339006051243771,59,6.473981282922127,21.199371191181243,1.6384308611683562,22.8378020523496
1.0,1.0,0.008648453690016388,0.7635956842493494,0.4469001495641294,0.6325100943014431,1.8255107708514637,0.4229227645978862,1.339006051243771,59,6.473981289590357,21.199371195413352,1.6384308656990558,22.837802061112413
1.0,1.0,0.008648453690016388,0.7635956842493494,0.4469001495641294,0.6325100843014431,1.8255107708514637,0.4229227745978862,1.339006051243771,59,6.473981283408712,21.19937119629263,1.638430861330734,22.83780205762336
1.0,1.0,0.008648463690016388,0.7635956842493494,0.4469001495641294,0.6325100843014431,1.8255107708514637,0.4229227645978862,1.339006051243771,59,6.473981285419838,21.199371202659112,1.638430861168356,22.837802063827468
1.0,1.0,0.008648453690016388,0.7635956842493494,0.4469001495641294,0.6325100843014431,1.8255107708514637,0.4229227645978862,1.339006051243771,59,6.473981284767901,21.199371203738007,1.6384308497777549,22.837802053515766
1.0,0.99999999,0.008648453690016388,0.7635956842493494,0.4469001495641294,0.6325100843014431,1.8255107708514637,0.4229227645978862,1.339006051243771,59,6.473981290331761,21.199371219076113,1.6384308497777553,22.83780206885387
0.99999999,1.0,0.008648453690016388,0.7635956842493494,0.4469001495641294,0.6325100843014431,1.8255107708514637,0.4229227645978862,1.339006051243771,59,6.473981294304009,21.199371223010694,1.6384308497777553,22.83780207278845
1.0,1.0,0.004161256462998712,0.7630240315917246,0.4489025955276507,0.6168733271563756,1.831718040430822,0.41891413136336014,1.3368344110784958,59,6.462286401258986,21.212784892229088,1.6111480791162558,22.823932971345343
1.0,1.0,0.004161256462998712,0.7630240315917246,0.4489026055276507,0.6168733271563756,1.831718040430822,0.41891413136336014,1.3368344010784958,59,6.462286392097254,21.212784893038286,1.6111480832829415,22.823932976321235
1.0,1.0,0.004161256462998712,0.7630240415917247,0.4489025955276507,0.6168733271563756,1.831718040430822,0.41891413136336014,1.3368344010784958,59,6.46228639771688,21.212784894458835,1.6111480788787296,22.823932973337566
1.0,1.0,0.004161256462998712,0.7630240315917246,0.4489025955276507,0.6168733371563756,1.831718040430822,0.41891413136336014,1.3368344010784958,59,6.462286402977481,21.21278489472491,1.6111480832829415,22.82393297800785
1.0,1.0,0.004161256462998712,0.7630240315917246,0.4489025955276507,0.6168733271563756,1.831718050430822,0.41891413136336014,1.3368344010784958,59,6.462286393834049,21.21278489654075,1.6111480791162558,22.823932975657005
1.0,1.0,0.004161256462998712,0.7630240315917246,0.4489025955276507,0.6168733271563756,1.831718040430822,0.41891414136336014,1.3368344010784958,59,6.462286398550258,21.212784900331624,1.6111480791162558,22.82393297944788
1.0,1.0,0.004161266462998712,0.7630240315917246,0.4489025955276507,0.6168733271563756,1.831718040430822,0.41891413136336014,1.3368344010784958,59,6.462286400249197,21.21278490620537,1.6111480788787296,22.823932985084106
1.0,1.0,0.004161256462998712,0.7630240315917246,0.4489025955276507,0.6168733271563756,1.831718040430822,0.41891413136336014,1.3368344010784958,59,6.4622863999781535,21.21278490807479,1.611148067562746,22.823932975637536
1.0,0.99999999,0.004161256462998712,0.7630240315917246,0.4489025955276507,0.6168733271563756,1.831718040430822,0.41891413136336014,1.3368344010784958,59,6.462286405297377,21.212784921888346,1.611148067562746,22.823932989451098
0.99999999,1.0,0.004161256462998712,0.7630240315917246,0.4489025955276507,0.6168733271563756,1.831718040430822,0.41891413136336014,1.3368344010784958,59,6.462286408619664,21.21278492485608,1.611148067562746,22.823932992418825
1.0,1.0,-0.0021384988292738375,0.8689385472825304,0.37079748175304605,0.46185805506989314,1.8799587925917212,0.0001,1.672642440538618,59,6.5441431092110784,21.21767244799885,1.3713040588764969,22.588976506875348
1.0,1.0,-0.0021384988292738375,0.8689385472825304,0.37079749175304605,0.46185805506989314,1.8799587825917212,0.0001,1.672642440538618,59,6.54414311007325,21.217672448235707,1.3713040602883753,22.58897650852408
1.0,1.0,-0.0021384988292738375,0.8689385472825304,0.37079748175304605,0.46185806506989313,1.8799587825917212,0.0001,1.672642440538618,59,6.54414312471081,21.217672449825685,1.3713040602883753,22.58897651011406
1.0,1.0,-0.0021384988292738375,0.8689385472825304,0.37079748175304605,0.46185805506989314,1.8799587825917212,0.0001,1.672642450538618,59,6.544143120939531,21.21767245043371,1.3713040588764969,22.588976509310207
1.0,1.0,-0.0021384988292738375,0.8689385572825304,0.37079748175304605,0.46185805506989314,1.8799587825917212,0.0001,1.672642440538618,59,6.544143114815817,21.21767245077576,1.3713040608550926,22.588976511630854
1.0,1.0,-0.0021384988292738375,0.8689385472825304,0.37079748175304605,0.46185805506989314,1.8799587825917212,0.00010001,1.672642440538618,59,6.544143114912583,21.217672452868936,1.3713040588764969,22.588976511745436
1.0,1.0,-0.0021384888292738376,0.8689385472825304,0.37079748175304605,0.46185805506989314,1.8799587825917212,0.0001,1.672642440538618,59,6.544143117261738,21.217672459561662,1.3713040351583197,22.588976494719986
1.0,1.0,-0.0021384988292738375,0.8689385472825304,0.37079748175304605,0.46185805506989314,1.8799587825917212,0.0001,1.672642440538618,59,6.544143116721174,21.21767246063691,1.3713040480067058,22.58897650864361
1.0,0.99999999,-0.0021384988292738375,0.8689385472825304,0.37079748175304605,0.46185805506989314,1.8799587825917212,0.0001,1.672642440538618,59,6.544143120640175,21.217672469658368,1.3713040480067062,22.588976517665074
0.99999999,1.0,-0.0021384988292738375,0.8689385472825304,0.37079748175304605,0.46185805506989314,1.8799587825917212,0.0001,1.672642440538618,59,6.544143127795931,21.217672483071606,1.3713040480067062,22.588976531078313
1.0,1.0,-0.01780265430459297,0.8507320147225585,0.37693953962051885,0.4709741177836636,1.8855464300805842,0.0001,1.6670584505746204,59,6.543726002981067,21.21921514195958,1.3869574627796302,22.60617260473921
1.0,1.0,-0.01780265430459297,0.8507320147225585,0.37693954962051884,0.4709741177836636,1.8855464200805843,0.0001,1.6670584505746204,59,6.543726004459806,21.219215143278397,1.3869574644164948,22.60617260769489
1.0,1.0,-0.01780265430459297,0.8507320147225585,0.37693953962051885,0.4709741277836636,1.8855464200805843,0.0001,1.6670584505746204,59,6.543726018413787,21.219215143558564,1.3869574644164948,22.606172607975054
1.0,1.0,-0.01780265430459297,0.8507320247225586,0.37693953962051885,0.4709741177836636,1.8855464200805843,0.0001,1.6670584505746204,59,6.543726008451664,21.219215144324075,1.3869574647206546,22.60617260904473
1.0,1.0,-0.01780265430459297,0.8507320147225585,0.37693953962051885,0.4709741177836636,1.8855464200805843,0.0001,1.6670584605746204,59,6.543726015041384,21.219215144617092,1.3869574627796302,22.60617260739672
1.0,1.0,-0.01780265430459297,0.8507320147225585,0.37693953962051885,0.4709741177836636,1.8855464200805843,0.00010001,1.6670584505746204,59,6.543726008772776,21.219215146905178,1.3869574627796302,22.606172609684812
1.0,1.0,-0.01780264430459297,0.8507320147225585,0.37693953962051885,0.4709741177836636,1.8855464200805843,0.0001,1.6670584505746204,59,6.54372601092969,21.219215153167962,1.386957439098882,22.606172592266844
1.0,1.0,-0.01780265430459297,0.8507320147225585,0.37693953962051885,0.4709741177836636,1.8855464200805843,0.0001,1.6670584505746204,59,6.5437260105378225,21.219215154512053,1.386957451909768,22.606172606421815
1.0,0.99999999,-0.01780265430459297,0.8507320147225585,0.37693953962051885,0.4709741177836636,1.8855464200805843,0.0001,1.6670584505746204,59,6.543726014541963,21.219215163512175,1.3869574519097683,22.606172615421947
0.99999999,1.0,-0.01780265430459297,0.8507320147225585,0.37693953962051885,0.4709741177836636,1.8855464200805843,0.0001,1.6670584505746204,59,6.54372602165611,21.21921517699204,1.3869574519097683,22.606172628901803
1.0,1.0,-0.010021082446500768,0.7741458757431132,0.4479859236327958,0.592969962903393,1.8346698600193008,0.3965236746847468,1.3566587416704747,59,6.4579183445532,21.219690497630815,1.5924596886806999,22.81215018631151
1.0,1.0,-0.010021082446500768,0.7741458757431132,0.4479859236327958,0.592969972903393,1.8346698600193008,0.3965236746847468,1.3566587316704748,59,6.457918345645397,21.219690497877252,1.5924596924737047,22.812150190350955
1.0,1.0,-0.010021082446500768,0.7741458857431133,0.4479859236327958,0.592969962903393,1.8346698600193008,0.3965236746847468,1.3566587316704748,59,6.457918341277661,21.219690500735368,1.592459688686068,22.812150189421438
1.0,1.0,-0.010021082446500768,0.7741458757431132,0.4479859336327958,0.592969962903393,1.8346698600193008,0.3965236746847468,1.3566587316704748,59,6.45791833664553,21.219690501540374,1.5924596924737044,22.812150194014084
1.0,1.0,-0.010021082446500768,0.7741458757431132,0.4479859236327958,0.592969962903393,1.8346698700193007,0.3965236746847468,1.3566587316704748,59,6.457918338146368,21.219690505152524,1.5924596886806999,22.81215019383322
1.0,1.0,-0.010021082446500768,0.7741458757431132,0.4479859236327958,0.592969962903393,1.8346698600193008,0.3965236846847468,1.3566587316704748,59,6.457918342385653,21.219690507011467,1.5924596886806999,22.812150195692162
1.0,1.0,-0.010021072446500768,0.7741458757431132,0.4479859236327958,0.592969962903393,1.8346698600193008,0.3965236746847468,1.3566587316704748,59,6.457918343795939,21.219690512405997,1.592459665553143,22.81215017795914
1.0,1.0,-0.010021082446500768,0.7741458757431132,0.4479859236327958,0.592969962903393,1.8346698600193008,0.3965236746847468,1.3566587316704748,59,6.457918343908507,21.219690515035918,1.5924596771196051,22.812150192155524
1.0,0.99999999,-0.010021082446500768,0.7741458757431132,0.4479859236327958,0.592969962903393,1.8346698600193008,0.3965236746847468,1.3566587316704748,59,6.457918349001638,21.21969052763231,1.5924596771196051,22.812150204751916
0.99999999,1.0,-0.010021082446500768,0.7741458757431132,0.4479859236327958,0.592969962903393,1.8346698600193008,0.3965236746847468,1.3566587316704748,59,6.45791835198538,21.21969053033526,1.5924596771196051,22.812150207454867
1.0,1.0,-0.009447857631692584,0.7586181893691462,0.437912538056769,0.6337708778379955,1.8233801589367042,0.43170889257612244,1.3323627668809779,59,6.480756286613072,21.22721188275076,1.621440690674067,22.848652573424822
1.0,1.0,-0.009447857631692584,0.7586181893691462,0.437912528056769,0.6337708778379955,1.8233801689367042,0.43170889257612244,1.3323627668809779,59,6.480756288448438,21.227211885633245,1.6214406864199558,22.848652572053204
1.0,1.0,-0.009447857631692584,0.7586181893691462,0.437912528056769,0.6337708778379955,1.8233801589367042,0.43170889257612244,1.3323627768809778,59,6.4807562972511885,21.22721188628781,1.6214406864199558,22.84865257270777
1.0,1.0,-0.009447857631692584,0.7586181993691462,0.437912528056769,0.6337708778379955,1.8233801589367042,0.43170889257612244,1.3323627668809779,59,6.480756293236128,21.22721188709764,1.621440686195711,22.84865257329335
1.0,1.0,-0.009447857631692584,0.7586181893691462,0.437912528056769,0.6337708878379955,1.8233801589367042,0.43170889257612244,1.3323627668809779,59,6.480756299565853,21.227211890921765,1.621440690674067,22.84865258159583
1.0,1.0,-0.009447857631692584,0.7586181893691462,0.437912528056769,0.6337708778379955,1.8233801589367042,0.43170890257612243,1.3323627668809779,59,6.480756293801601,21.227211892449,1.6214406864199558,22.848652578868958
1.0,1.0,-0.009447847631692584,0.7586181893691462,0.437912528056769,0.6337708778379955,1.8233801589367042,0.43170889257612244,1.3323627668809779,59,6.480756295690746,21.22721189851556,1.6214406635377623,22.84865256205332
1.0,1.0,-0.009447857631692584,0.7586181893691462,0.437912528056769,0.6337708778379955,1.8233801589367042,0.43170889257612244,1.3323627668809779,59,6.48075629513146,21.227211899810282,1.6214406748667365,22.84865257467702
1.0,0.99999999,-0.009447857631692584,0.7586181893691462,0.437912528056769,0.6337708778379955,1.8233801589367042,0.43170889257612244,1.3323627668809779,59,6.480756300803679,21.227211915616607,1.6214406748667365,22.84865259048334
0.99999999,1.0,-0.009447857631692584,0.7586181893691462,0.437912528056769,0.6337708778379955,1.8233801589367042,0.43170889257612244,1.3323627668809779,59,6.480756304480923,21.227211918809566,1.6214406748667365,22.848652593676302
1.0,1.0,0.019697438186405142,0.95511730619198,0.33165177232644466,0.398933522102134,1.8540827334806367,0.0001,1.7081307316520025,59,6.547718391609733,21.269321058735315,1.40539025300925,22.67471131174456
1.0,1.0,0.019697438186405142,0.95511730619198,0.33165178232644466,0.398933512102134,1.8540827334806367,0.0001,1.7081307316520025,59,6.547718378162452,21.269321063217635,1.40539025300925,22.674711316226887
1.0,1.0,0.019697438186405142,0.95511730619198,0.33165177232644466,0.398933512102134,1.8540827334806367,0.0001,1.7081307416520024,59,6.547718388224151,21.269321064027302,1.4053902532919487,22.67471131731925
1.0,1.0,0.019697438186405142,0.95511730619198,0.33165177232644466,0.398933512102134,1.8540827434806366,0.0001,1.7081307316520025,59,6.5477183805099965,21.26932106961416,1.4053902532919487,22.67471132290611
1.0,1.0,0.019697438186405142,0.95511731619198,0.33165177232644466,0.398933512102134,1.8540827334806367,0.0001,1.7081307316520025,59,6.547718385286709,21.269321069981796,1.4053902566116343,22.674711326593435
1.0,1.0,0.019697438186405142,0.95511730619198,0.33165177232644466,0.398933512102134,1.8540827334806367,0.00010001,1.7081307316520025,59,6.547718384870797,21.269321070942954,1.4053902532919487,22.6747113242349
1.0,1.0,0.019697448186405144,0.95511730619198,0.33165177232644466,0.398933512102134,1.8540827334806367,0.0001,1.7081307316520025,59,6.547718387507673,21.269321078447444,1.4053902566116343,22.67471133505908
1.0,1.0,0.019697438186405142,0.95511730619198,0.33165177232644466,0.398933512102134,1.8540827334806367,0.0001,1.7081307316520025,59,6.547718386913329,21.269321079658074,1.405390242233117,22.674711321891188
1.0,0.99999999,0.019697438186405142,0.95511730619198,0.33165177232644466,0.398933512102134,1.8540827334806367,0.0001,1.7081307316520025,59,6.547718390377916,21.26932108775757,1.405390242233117,22.674711329990682
0.99999999,1.0,0.019697438186405142,0.95511730619198,0.33165177232644466,0.398933512102134,1.8540827334806367,0.0001,1.7081307316520025,59,6.547718396434954,21.2693210984648,1.405390242233117,22.674711340697918
1.0,1.0,-0.006642041658827451,0.7519162807262635,0.3790962148063634,0.5060439143193033,1.9184253199403842,0.0001,1.6371444928748387,59,6.553891002784792,21.271447439965524,1.3057995771376467,22.577247017103172
1.0,1.0,-0.006642041658827451,0.7519162907262635,0.3790962148063634,0.5060439043193032,1.9184253199403842,0.0001,1.6371444928748387,59,6.553890992763446,21.27144744109213,1.3057995752705653,22.57724701636269
1.0,1.0,-0.006642041658827451,0.7519162807262635,0.3790962148063634,0.5060439043193032,1.9184253299403842,0.0001,1.6371444928748387,59,6.553890987942379,21.271447441214374,1.3057995750100033,22.57724701622438
1.0,1.0,-0.006642041658827451,0.7519162807262635,0.3790962248063634,0.5060439043193032,1.9184253199403842,0.0001,1.6371444928748387,59,6.553890988988228,21.271447441347924,1.3057995771376467,22.577247018485565
1.0,1.0,-0.006642041658827451,0.7519162807262635,0.3790962148063634,0.5060439043193032,1.9184253199403842,0.0001,1.6371445028748386,59,6.553890999990121,21.271447441394216,1.3057995750100033,22.57724701640422
1.0,1.0,-0.006642041658827451,0.7519162807262635,0.3790962148063634,0.5060439043193032,1.9184253199403842,0.00010001,1.6371444928748387,59,6.553890993643392,21.27144744520419,1.3057995750100033,22.57724702021419
1.0,1.0,-0.006642031658827451,0.7519162807262635,0.3790962148063634,0.5060439043193032,1.9184253199403842,0.0001,1.6371444928748387,59,6.553890995509523,21.271447450612385,1.305799552893095,22.57724700350548
1.0,1.0,-0.006642041658827451,0.7519162807262635,0.3790962148063634,0.5060439043193032,1.9184253199403842,0.0001,1.6371444928748387,59,6.553890995154794,21.27144745198255,1.30579956408183,22.57724701606438
1.0,0.99999999,-0.006642041658827451,0.7519162807262635,0.3790962148063634,0.5060439043193032,1.9184253199403842,0.0001,1.6371444928748387,59,6.553890999226085,21.271447460146053,1.30579956408183,22.577247024227884
0.99999999,1.0,-0.006642041658827451,0.7519162807262635,0.3790962148063634,0.5060439043193032,1.9184253199403842,0.0001,1.6371444928748387,59,6.553891006258711,21.271447473810053,1.30579956408183,22.577247037891883
1.0,1.0,0.0003251460863620305,0.7709764915238788,0.368628792853862,0.4981269774862174,1.915766843080812,0.0001,1.6383587137829423,59,6.5531979457046505,21.27333842102112,1.294848224011495,22.568186645032615
1.0,1.0,0.0003251460863620305,0.7709764915238788,0.368628802853862,0.49812696748621743,1.915766843080812,0.0001,1.6383587137829423,59,6.553197931181547,21.273338421150104,1.294848224011495,22.5681866451616
1.0,1.0,0.0003251460863620305,0.7709764915238788,0.368628792853862,0.49812696748621743,1.915766843080812,0.0001,1.6383587237829422,59,6.55319794253375,21.273338422060885,1.294848222126616,22.5681866441875
1.0,1.0,0.0003251460863620305,0.7709765015238789,0.368628792853862,0.49812696748621743,1.915766843080812,0.0001,1.6383587137829423,59,6.553197936032332,21.273338422931342,1.2948482226035467,22.568186645534894
1.0,1.0,0.0003251460863620305,0.7709764915238788,0.368628792853862,0.49812696748621743,1.9157668530808118,0.0001,1.6383587137829423,59,6.553197931207662,21.273338422975513,1.294848222126616,22.568186645102124
1.0,1.0,0.0003251460863620305,0.7709764915238788,0.368628792853862,0.49812696748621743,1.915766843080812,0.00010001,1.6383587137829423,59,6.553197936679649,21.273338426552908,1.294848222126616,22.56818664867953
1.0,1.0,0.0003251560863620305,0.7709764915238788,0.368628792853862,0.49812696748621743,1.915766843080812,0.0001,1.6383587137829423,59,6.553197938707679,21.27333843232869,1.2948482226035467,22.568186654932234
1.0,1.0,0.0003251460863620305,0.7709764915238788,0.368628792853862,0.49812696748621743,1.915766843080812,0.0001,1.6383587137829423,59,6.553197938208294,21.273338433465717,1.2948482112268476,22.568186644692567
1.0,0.99999999,0.0003251460863620305,0.7709764915238788,0.368628792853862,0.49812696748621743,1.915766843080812,0.0001,1.6383587137829423,59,6.5531979421773645,21.273338441607528,1.2948482112268476,22.56818665283438
0.99999999,1.0,0.0003251460863620305,0.7709764915238788,0.368628792853862,0.49812696748621743,1.915766843080812,0.0001,1.6383587137829423,59,6.553197949156655,21.273338454971572,1.2948482112268476,22.56818666619842
1.0,1.0,9.14655975402034e-05,0.770539417315457,0.3687682643313811,0.4982728889905295,1.9157593141079956,0.0001,1.6384414087590629,59,6.553334167688607,21.27338638059717,1.2945323052972226,22.567918685894398
1.0,1.0,9.14655975402034e-05,0.770539417315457,0.3687682743313811,0.4982728789905295,1.9157593141079956,0.0001,1.6384414087590629,59,6.553334153169992,21.273386380715216,1.2945323052972226,22.567918686012444
1.0,1.0,9.14655975402034e-05,0.770539417315457,0.3687682643313811,0.4982728789905295,1.9157593141079956,0.0001,1.6384414187590628,59,6.5533341645209084,21.27338638163139,1.2945323034096126,22.56791868504101
1.0,1.0,9.14655975402034e-05,0.7705394273154571,0.3687682643313811,0.4982728789905295,1.9157593141079956,0.0001,1.6384414087590629,59,6.553334158001042,21.273386382466352,1.2945323038751713,22.567918686341528
1.0,1.0,9.14655975402034e-05,0.770539417315457,0.3687682643313811,0.4982728789905295,1.9157593241079955,0.0001,1.6384414087590629,59,6.553334153173362,21.273386382494902,1.2945323034096126,22.567918685904523
1.0,1.0,9.14655975402034e-05,0.770539417315457,0.3687682643313811,0.4982728789905295,1.9157593141079956,0.00010001,1.6384414087590629,59,6.553334158652687,21.273386386096963,1.2945323034096126,22.567918689506584
1.0,1.0,9.14755975402034e-05,0.770539417315457,0.3687682643313811,0.4982728789905295,1.9157593141079956,0.0001,1.6384414087590629,59,6.553334160677855,21.27338639186493,1.294532303875171,22.5679186957401
1.0,1.0,9.14655975402034e-05,0.770539417315457,0.3687682643313811,0.4982728789905295,1.9157593141079956,0.0001,1.6384414087590629,59,6.553334160180828,21.27338639300552,1.2945322925083655,22.567918685513884
1.0,0.99999999,9.14655975402034e-05,0.770539417315457,0.3687682643313811,0.4982728789905295,1.9157593141079956,0.0001,1.6384414087590629,59,6.553334164152817,21.273386401157392,1.2945322925083655,22.567918693665753
0.99999999,1.0,9.14655975402034e-05,0.770539417315457,0.3687682643313811,0.4982728789905295,1.9157593141079956,0.0001,1.6384414087590629,59,6.553334171135895,21.273386414530393,1.2945322925083655,22.567918707038764
1.0,1.0,3.344366001026923e-05,0.7704308935249393,0.36880289454546794,0.4983091182376985,1.9157574446939396,0.0001,1.6384619415932873,59,6.553368105270096,21.27339851258518,1.2944539871171543,22.567852499702337
1.0,1.0,3.344366001026923e-05,0.7704308935249393,0.36880290454546794,0.49830910823769853,1.9157574446939396,0.0001,1.6384619415932873,59,6.5533680907525955,21.27339851270051,1.2944539871171543,22.56785249981766
1.0,1.0,3.344366001026923e-05,0.7704308935249393,0.36880289454546794,0.49830910823769853,1.9157574446939396,0.0001,1.6384619515932872,59,6.553368102103195,21.27339851361803,1.2944539852288672,22.567852498846893
1.0,1.0,3.344366001026923e-05,0.7704309035249394,0.36880289454546794,0.49830910823769853,1.9157574446939396,0.0001,1.6384619415932873,59,6.553368095578746,21.273398514444168,1.294453985691601,22.567852500135764
1.0,1.0,3.344366001026923e-05,0.7704308935249393,0.36880289454546794,0.49830910823769853,1.9157574546939395,0.0001,1.6384619415932873,59,6.5533680907503165,21.273398514468838,1.2944539852288672,22.567852499697704
1.0,1.0,3.344366001026923e-05,0.7704308935249393,0.36880289454546794,0.49830910823769853,1.9157574446939396,0.00010001,1.6384619415932873,59,6.553368096231464,21.273398518077023,1.2944539852288672,22.56785250330589
1.0,1.0,3.345366001026923e-05,0.7704308935249393,0.36880289454546794,0.49830910823769853,1.9157574446939396,0.0001,1.6384619415932873,59,6.5533680982559215,21.27339852384305,1.294453985691601,22.56785250953465
1.0,1.0,3.344366001026923e-05,0.7704308935249393,0.36880289454546794,0.49830910823769853,1.9157574446939396,0.0001,1.6384619415932873,59,6.553368097759481,21.273398524984522,1.2944539743272523,22.567852499311776
1.0,0.99999999,3.344366001026923e-05,0.7704308935249393,0.36880289454546794,0.49830910823769853,1.9157574446939396,0.0001,1.6384619415932873,59,6.553368101732195,21.27339853313889,1.2944539743272523,22.567852507466142
0.99999999,1.0,3.344366001026923e-05,0.7704308935249393,0.36880289454546794,0.49830910823769853,1.9157574446939396,0.0001,1.6384619415932873,59,6.553368108716214,21.273398546514123,1.2944539743272523,22.567852520841377
1.0,1.0,2.1397038915452714e-05,0.7704083616164957,0.36881008453403596,0.498316640220448,1.9157570565627644,0.0001,1.6384662046579908,59,6.553375157150016,21.27340104261571,1.2944377326962961,22.567838775312005
1.0,1.0,2.1397038915452714e-05,0.7704083616164957,0.36881009453403596,0.49831663022044803,1.9157570565627644,0.0001,1.6384662046579908,59,6.553375142632746,21.273401042730466,1.2944377326962961,22.567838775426768
1.0,1.0,2.1397038915452714e-05,0.7704083616164957,0.36881008453403596,0.49831663022044803,1.9157570565627644,0.0001,1.6384662146579907,59,6.553375153983279,21.27340104364827,1.2944377308078683,22.56783877445613
1.0,1.0,2.1397038915452714e-05,0.7704083716164958,0.36881008453403596,0.49831663022044803,1.9157570565627644,0.0001,1.6384662046579908,59,6.553375147457878,21.273401044472575,1.2944377312700164,22.567838775742594
1.0,1.0,2.1397038915452714e-05,0.7704083616164957,0.36881008453403596,0.49831663022044803,1.9157570665627643,0.0001,1.6384662046579908,59,6.553375142629292,21.273401044496442,1.2944377308078683,22.567838775304306
1.0,1.0,2.1397038915452714e-05,0.7704083616164957,0.36881008453403596,0.49831663022044803,1.9157570565627644,0.00010001,1.6384662046579908,59,6.553375148110821,21.273401048105903,1.2944377308078683,22.567838778913767
1.0,1.0,2.1407038915452715e-05,0.7704083616164957,0.36881008453403596,0.49831663022044803,1.9157570565627644,0.0001,1.6384662046579908,59,6.55337515013513,21.273401053871524,1.2944377312700164,22.56783878514154
1.0,1.0,2.1397038915452714e-05,0.7704083616164957,0.36881008453403596,0.49831663022044803,1.9157570565627644,0.0001,1.6384662046579908,59,6.553375149638811,21.27340105501318,1.2944377199061772,22.567838774919355
1.0,0.99999999,2.1397038915452714e-05,0.7704083616164957,0.36881008453403596,0.49831663022044803,1.9157570565627644,0.0001,1.6384662046579908,59,6.553375153611675,21.273401063168063,1.2944377199061772,22.56783878307424
0.99999999,1.0,2.1397038915452714e-05,0.7704083616164957,0.36881008453403596,0.49831663022044803,1.9157570565627644,0.0001,1.6384662046579908,59,6.553375160595891,21.273401076543763,1.2944377199061772,22.567838796449934
1.0,1.0,-1.9875785038970823e-06,0.7703646232059878,0.3688240415706681,0.4983312417163736,1.9157563031316596,0.0001,1.6384744800188855,59,6.55338885168592,21.27340596481161,1.2944107029496825,22.567816667761292
1.0,1.0,-1.9875785038970823e-06,0.7703646232059878,0.3688240415706681,0.4983312417163736,1.9157563031316596,0.0001,1.6384744800188855,59,6.55338885168592,21.27340596481161,1.2944107029496825,22.567816667761292
1.0,1.0,-1.9875785038970823e-06,0.7703646232059878,0.3688240515706681,0.4983312317163736,1.9157563031316596,0.0001,1.6384744800188855,59,6.553388837169098,21.273405964925278,1.2944107029496825,22.567816667874958
1.0,1.0,-1.9875785038970823e-06,0.7703646232059878,0.3688240515706681,0.4983312317163736,1.9157563031316596,0.0001,1.6384744800188855,59,6.553388837169098,21.273405964925278,1.2944107029496825,22.567816667874958
1.0,1.0,-1.9875785038970823e-06,0.7703646232059878,0.3688240415706681,0.4983312317163736,1.9157563031316596,0.0001,1.6384744900188855,59,6.553388848519504,21.27340596584361,1.2944107010609816,22.567816666904598
1.0,1.0,-1.9875785038970823e-06,0.7703646232059878,0.3688240415706681,0.4983312317163736,1.9157563031316596,0.0001,1.6384744900188855,59,6.553388848519504,21.27340596584361,1.2944107010609816,22.567816666904598
1.0,1.0,-1.9875785038970823e-06,0.7703646332059878,0.3688240415706681,0.4983312317163736,1.9157563031316596,0.0001,1.6384744800188855,59,6.5533888419922555,21.273405966664367,1.29441070152205,22.567816668186417
1.0,1.0,-1.9875785038970823e-06,0.7703646332059878,0.3688240415706681,0.4983312317163736,1.9157563031316596,0.0001,1.6384744800188855,59,6.5533888419922555,21.273405966664367,1.29441070152205,22.567816668186417
1.0,1.0,-1.9875785038970823e-06,0.7703646232059878,0.3688240415706681,0.4983312317163736,1.9157563131316595,0.0001,1.6384744800188855,59,6.553388837163369,21.27340596668667,1.2944107010609816,22.56781666774765
1.0,1.0,-1.9875785038970823e-06,0.7703646232059878,0.3688240415706681,0.4983312317163736,1.9157563131316595,0.0001,1.6384744800188855,59,6.553388837163369,21.27340596668667,1.2944107010609816,22.56781666774765
1.0,1.0,-1.9875785038970823e-06,0.7703646232059878,0.3688240415706681,0.4983312317163736,1.9157563031316596,0.00010001,1.6384744800188855,59,6.553388842645629,21.273405970298597,1.2944107010609816,22.56781667135958
1.0,1.0,-1.9875785038970823e-06,0.7703646232059878,0.3688240415706681,0.4983312317163736,1.9157563031316596,0.00010001,1.6384744800188855,59,6.553388842645629,21.273405970298597,1.2944107010609816,22.56781667135958
1.0,1.0,-1.9775785038970824e-06,0.7703646232059878,0.3688240415706681,0.4983312317163736,1.9157563031316596,0.0001,1.6384744800188855,59,6.553388844669653,21.273405976063437,1.2944106787962353,22.56781665485967
1.0,1.0,-1.9775785038970824e-06,0.7703646232059878,0.3688240415706681,0.4983312317163736,1.9157563031316596,0.0001,1.6384744800188855,59,6.553388844669653,21.273405976063437,1.2944106787962353,22.56781665485967
1.0,1.0,-1.9875785038970823e-06,0.7703646232059878,0.3688240415706681,0.4983312317163736,1.9157563031316596,0.0001,1.6384744800188855,59,6.553388844173569,21.27340597720545,1.2944106901591426,22.567816667364596
1.0,1.0,-1.9875785038970823e-06,0.7703646232059878,0.3688240415706681,0.4983312317163736,1.9157563031316596,0.0001,1.6384744800188855,59,6.553388844173569,21.27340597720545,1.2944106901591426,22.567816667364596
1.0,0.99999999,-1.9875785038970823e-06,0.7703646232059878,0.3688240415706681,0.4983312317163736,1.9157563031316596,0.0001,1.6384744800188855,59,6.553388848146726,21.273405985361343,1.2944106901591426,22.567816675520483
1.0,0.99999999,-1.9875785038970823e-06,0.7703646232059878,0.3688240415706681,0.4983312317163736,1.9157563031316596,0.0001,1.6384744800188855,59,6.553388848146726,21.273405985361343,1.2944106901591426,22.567816675520483
0.99999999,1.0,-1.9875785038970823e-06,0.7703646232059878,0.3688240415706681,0.4983312317163736,1.9157563031316596,0.0001,1.6384744800188855,59,6.5533888551313195,21.27340599873794,1.2944106901591426,22.56781668889708
0.99999999,1.0,-1.9875785038970823e-06,0.7703646232059878,0.3688240415706681,0.4983312317163736,1.9157563031316596,0.0001,1.6384744800188855,59,6.5533888551313195,21.27340599873794,1.2944106901591426,22.56781668889708
1.0,1.0,-2.423601886425116e-05,0.7703230098924067,0.3688373204835341,0.49834513377650214,1.9157555863071463,0.0001,1.6384823533088364,59,6.553401887705226,21.273410661285933,1.2944312547008083,22.56784191598674
1.0,1.0,-2.423601886425116e-05,0.7703230098924067,0.3688373304835341,0.49834512377650214,1.9157555863071463,0.0001,1.6384823533088364,59,6.553401873188829,21.273410661398554,1.2944312547008083,22.567841916099365
1.0,1.0,-2.423601886425116e-05,0.7703230098924067,0.3688373204835341,0.49834512377650214,1.9157555863071463,0.0001,1.6384823633088363,59,6.553401884539117,21.27341066231741,1.2944312528118473,22.56784191512926
1.0,1.0,-2.423601886425116e-05,0.7703230198924067,0.3688373204835341,0.49834512377650214,1.9157555863071463,0.0001,1.6384823533088364,59,6.553401878010106,21.273410663134776,1.2944312532724893,22.567841916407268
1.0,1.0,-2.423601886425116e-05,0.7703230098924067,0.3688373204835341,0.49834512377650214,1.9157555963071462,0.0001,1.6384823533088364,59,6.553401873180935,21.273410663155598,1.2944312528118473,22.567841915967442
1.0,1.0,-2.423601886425116e-05,0.7703230098924067,0.3688373204835341,0.49834512377650214,1.9157555863071463,0.00010001,1.6384823533088364,59,6.553401878663897,21.273410666769873,1.2944312528118473,22.567841919581724
1.0,1.0,-2.422601886425116e-05,0.7703230098924067,0.3688373204835341,0.49834512377650214,1.9157555863071463,0.0001,1.6384823533088364,59,6.553401880687646,21.27341067253397,1.2944312305472456,22.567841903081213
1.0,1.0,-2.423601886425116e-05,0.7703230098924067,0.3688373204835341,0.49834512377650214,1.9157555863071463,0.0001,1.6384823533088364,59,6.553401880191788,21.273410673676317,1.2944312419098676,22.567841915586186
1.0,0.99999999,-2.423601886425116e-05,0.7703230098924067,0.3688373204835341,0.49834512377650214,1.9157555863071463,0.0001,1.6384823533088364,59,6.553401884165224,21.273410681833166,1.2944312419098676,22.567841923743035
0.99999999,1.0,-2.423601886425116e-05,0.7703230098924067,0.3688373204835341,0.49834512377650214,1.9157555863071463,0.0001,1.6384823533088364,59,6.553401891150177,21.273410695210615,1.2944312419098676,22.567841937120484
1.0,1.0,-0.0001396056238129579,0.7701072234610571,0.3689061784756759,0.49841717125252266,1.9157518692034041,0.0001,1.6385231803662186,59,6.553469593355219,21.273435224981913,1.2945378540494417,22.56797307903136
1.0,1.0,-0.0001396056238129579,0.7701072234610571,0.3689061884756759,0.49841716125252267,1.9157518692034041,0.0001,1.6385231803662186,59,6.553469578841034,21.273435225089123,1.2945378540494417,22.567973079138568
1.0,1.0,-0.0001396056238129579,0.7701072234610571,0.3689061784756759,0.49841716125252267,1.9157518692034041,0.0001,1.6385231903662185,59,6.553469590190696,21.273435226010662,1.2945378521591322,22.567973078169796
1.0,1.0,-0.0001396056238129579,0.7701072334610571,0.3689061784756759,0.49841716125252267,1.9157518692034041,0.0001,1.6385231803662186,59,6.553469583652569,21.273435226810477,1.2945378526175628,22.567973079428043
1.0,1.0,-0.0001396056238129579,0.7701072234610571,0.3689061784756759,0.49841716125252267,1.915751879203404,0.0001,1.6385231803662186,59,6.553469578821903,21.27343522682358,1.2945378521591322,22.567973078982707
1.0,1.0,-0.0001396056238129579,0.7701072234610571,0.3689061784756759,0.49841716125252267,1.9157518692034041,0.00010001,1.6385231803662186,59,6.553469584308494,21.273435230450037,1.2945378521591322,22.567973082609175
1.0,1.0,-0.0001395956238129579,0.7701072234610571,0.3689061784756759,0.49841716125252267,1.9157518692034041,0.0001,1.6385231803662186,59,6.553469586330829,21.27343523621028,1.2945378298952814,22.56797306610556
1.0,1.0,-0.0001396056238129579,0.7701072234610571,0.3689061784756759,0.49841716125252267,1.9157518692034041,0.0001,1.6385231803662186,59,6.553469585836136,21.27343523735438,1.2945378412564221,22.567973078610805
1.0,0.99999999,-0.0001396056238129579,0.7701072234610571,0.3689061784756759,0.49841716125252267,1.9157518692034041,0.0001,1.6385231803662186,59,6.553469589811014,21.273435245516204,1.2945378412564221,22.56797308677263
0.99999999,1.0,-0.0001396056238129579,0.7701072234610571,0.3689061784756759,0.49841716125252267,1.9157518692034041,0.0001,1.6385231803662186,59,6.5534695967978385,21.27343525889808,1.2945378412564221,22.567973100154504
1.0,1.0,-0.0023500552473982015,0.7659728153024825,0.37022547850169546,0.49979738930756673,1.9156806505269472,0.0001,1.6393054154589282,59,6.554801590548092,21.27397401072019,1.2965893184492638,22.57056332916946
1.0,1.0,-0.0023500552473982015,0.7659728153024825,0.37022548850169545,0.49979737930756674,1.9156806505269472,0.0001,1.6393054154589282,59,6.554801576075933,21.27397401072215,1.2965893184492638,22.570563329171414
1.0,1.0,-0.0023500552473982015,0.7659728153024825,0.37022547850169546,0.49979737930756674,1.9156806505269472,0.0001,1.639305425458928,59,6.554801587414259,21.27397401169714,1.29658931653312,22.57056332823026
1.0,1.0,-0.0023500552473982015,0.7659728153024825,0.37022547850169546,0.49979737930756674,1.9156806605269472,0.0001,1.6393054154589282,59,6.554801575840962,21.273974012023082,1.29658931653312,22.570563328556197
1.0,1.0,-0.0023500552473982015,0.7659728253024826,0.37022547850169546,0.49979737930756674,1.9156806505269472,0.0001,1.6393054154589282,59,6.554801580700502,21.273974012158625,1.296589316949189,22.570563329107816
1.0,1.0,-0.0023500552473982015,0.7659728153024825,0.37022547850169546,0.49979737930756674,1.9156806505269472,0.00010001,1.6393054154589282,59,6.554801581397468,21.273974015883873,1.29658931653312,22.57056333241699
1.0,1.0,-0.0023500452473982016,0.7659728153024825,0.37022547850169546,0.49979737930756674,1.9156806505269472,0.0001,1.6393054154589282,59,6.554801583392638,21.273974021570087,1.2965892942836645,22.570563315853754
1.0,1.0,-0.0023500552473982015,0.7659728153024825,0.37022547850169546,0.49979737930756674,1.9156806505269472,0.0001,1.6393054154589282,59,6.5548015829202635,21.27397402274785,1.2965893056164268,22.57056332836428
1.0,0.99999999,-0.0023500552473982015,0.7659728153024825,0.37022547850169546,0.49979737930756674,1.9156806505269472,0.0001,1.6393054154589282,59,6.554801586923064,21.273974031005434,1.2965893056164268,22.570563336621863
0.99999999,1.0,-0.0023500552473982015,0.7659728153024825,0.37022547850169546,0.49979737930756674,1.9156806505269472,0.0001,1.6393054154589282,59,6.554801593945712,21.27397404447216,1.2965893056164268,22.570563350088584
1.0,1.0,0.00534468833506396,0.7847085074917064,0.36108750087562147,0.49242317416711,1.9138515312789974,0.0001,1.6392335047847624,59,6.553567551068744,21.276423069002263,1.2985035429840106,22.574926611986278
1.0,1.0,0.00534468833506396,0.7847085074917064,0.3610874908756215,0.49242318416711,1.9138515312789974,0.0001,1.6392335047847624,59,6.553567566120463,21.276423069790226,1.2985035429840106,22.574926612774235
1.0,1.0,0.00534468833506396,0.7847085074917064,0.3610874908756215,0.49242317416711,1.9138515312789974,0.0001,1.6392335147847623,59,6.553567562690123,21.276423070573458,1.2985035412740333,22.574926611847488
1.0,1.0,0.00534468833506396,0.7847085074917064,0.3610874908756215,0.49242317416711,1.9138515412789974,0.0001,1.6392335047847624,59,6.553567551865865,21.276423072246466,1.2985035412740333,22.574926613520496
1.0,1.0,0.00534468833506396,0.7847085174917064,0.3610874908756215,0.49242317416711,1.9138515312789974,0.0001,1.6392335047847624,59,6.553567556697456,21.276423072265306,1.2985035420480129,22.574926614313316
1.0,1.0,0.00534468833506396,0.7847085074917064,0.3610874908756215,0.49242317416711,1.9138515312789974,0.00010001,1.6392335047847624,59,6.553567557178973,21.27642307553669,1.2985035412740333,22.57492661681073
1.0,1.0,0.00534469833506396,0.7847085074917064,0.3610874908756215,0.49242317416711,1.9138515312789974,0.0001,1.6392335047847624,59,6.553567559321904,21.276423081574162,1.2985035420480129,22.574926623622176
1.0,1.0,0.00534468833506396,0.7847085074917064,0.3610874908756215,0.49242317416711,1.9138515312789974,0.0001,1.6392335047847624,59,6.553567558718596,21.27642308254335,1.298503530394728,22.57492661293808
1.0,0.99999999,0.00534468833506396,0.7847085074917064,0.3610874908756215,0.49242317416711,1.9138515312789974,0.0001,1.6392335047847624,59,6.553567562619714,21.276423090678964,1.298503530394728,22.57492662107369
0.99999999,1.0,0.00534468833506396,0.7847085074917064,0.3610874908756215,0.49242317416711,1.9138515312789974,0.0001,1.6392335047847624,59,6.553567569556523,21.276423103819187,1.298503530394728,22.57492663421392
1.0,1.0,0.00016377536253686688,0.760420262149252,0.36673059839972955,0.5012023720447972,1.919273579102183,0.0001,1.6356357393346024,59,6.555521774084687,21.282494246289705,1.2851007641446535,22.567595010434363
1.0,1.0,0.00016377536253686688,0.760420262149252,0.36673060839972954,0.5012023620447972,1.919273579102183,0.0001,1.6356357393346024,59,6.555521759518009,21.282494246452735,1.2851007641446532,22.567595010597394
1.0,1.0,0.00016377536253686688,0.760420262149252,0.36673059839972955,0.5012023620447972,1.919273579102183,0.0001,1.6356357493346023,59,6.555521770953647,21.28249424734093,1.2851007622578248,22.56759500959876
1.0,1.0,0.00016377536253686688,0.760420272149252,0.36673059839972955,0.5012023620447972,1.919273579102183,0.0001,1.6356357393346024,59,6.555521764456058,21.282494248332426,1.2851007625612567,22.567595010893676
1.0,1.0,0.00016377536253686688,0.760420262149252,0.36673059839972955,0.5012023620447972,1.919273589102183,0.0001,1.6356357393346024,59,6.555521759728087,21.282494248659827,1.2851007622578248,22.567595010917653
1.0,1.0,0.00016377536253686688,0.760420262149252,0.36673059839972955,0.5012023620447972,1.919273579102183,0.00010001,1.6356357393346024,59,6.555521765155871,21.282494252110602,1.2851007622578248,22.567595014368422
1.0,1.0,0.00016378536253686688,0.760420262149252,0.36673059839972955,0.5012023620447972,1.919273579102183,0.0001,1.6356357393346024,59,6.555521767153518,21.282494257785707,1.2851007625612567,22.567595020346964
1.0,1.0,0.00016377536253686688,0.760420262149252,0.36673059839972955,0.5012023620447972,1.919273579102183,0.0001,1.6356357393346024,59,6.555521766653757,21.28249425892416,1.285100751342642,22.5675950102668
1.0,0.99999999,0.00016377536253686688,0.760420262149252,0.36673059839972955,0.5012023620447972,1.919273579102183,0.0001,1.6356357393346024,59,6.555521770625669,21.282494267007575,1.2851007513426425,22.567595018350218
0.99999999,1.0,0.00016377536253686688,0.760420262149252,0.36673059839972955,0.5012023620447972,1.919273579102183,0.0001,1.6356357393346024,59,6.555521777573153,21.282494280318524,1.2851007513426425,22.567595031661163
1.0,1.0,-0.019650055565853225,0.7336150263274261,0.38055093022280556,0.5105996036772277,1.9151232702511243,0.0001,1.6454275488061842,59,6.567547109417912,21.282738730107443,1.3132392173427643,22.59597794745021
1.0,1.0,-0.019650055565853225,0.7336150363274262,0.38055093022280556,0.5105996036772277,1.9151232602511243,0.0001,1.6454275488061842,59,6.567547114524159,21.282738731456906,1.3132392174272915,22.59597794888419
1.0,1.0,-0.019650055565853225,0.7336150263274261,0.38055094022280556,0.5105996036772277,1.9151232602511243,0.0001,1.6454275488061842,59,6.567547111377833,21.282738732252945,1.313239219461102,22.595977951714048
1.0,1.0,-0.019650055565853225,0.7336150263274261,0.38055093022280556,0.5105996136772277,1.9151232602511243,0.0001,1.6454275488061842,59,6.567547125546069,21.28273873317075,1.313239219461102,22.59597795263185
1.0,1.0,-0.019650055565853225,0.7336150263274261,0.38055093022280556,0.5105996036772277,1.9151232602511243,0.0001,1.6454275588061842,59,6.567547122672771,21.28273873377999,1.3132392173427643,22.59597795112275
1.0,1.0,-0.019650055565853225,0.7336150263274261,0.38055093022280556,0.5105996036772277,1.9151232602511243,0.00010001,1.6454275488061842,59,6.567547115548403,21.28273873585752,1.3132392173427643,22.595977953200286
1.0,1.0,-0.019650045565853223,0.7336150263274261,0.38055093022280556,0.5105996036772277,1.9151232602511243,0.0001,1.6454275488061842,59,6.56754711732559,21.28273874095818,1.3132391952059717,22.595977936164154
1.0,1.0,-0.019650055565853225,0.7336150263274261,0.38055093022280556,0.5105996036772277,1.9151232602511243,0.0001,1.6454275488061842,59,6.567547117029012,21.282738742399268,1.3132392063166314,22.5959779487159
1.0,0.99999999,-0.019650055565853225,0.7336150263274261,0.38055093022280556,0.5105996036772277,1.9151232602511243,0.0001,1.6454275488061842,59,6.567547121267208,21.282738751441318,1.3132392063166316,22.595977957757952
0.99999999,1.0,-0.019650055565853225,0.7336150263274261,0.38055093022280556,0.5105996036772277,1.9151232602511243,0.0001,1.6454275488061842,59,6.5675471285697675,21.282738765572947,1.3132392063166316,22.59597797188957
1.0,1.0,0.008378200829732924,0.7966467176339974,0.35211687454456436,0.48438862855129344,1.9110140877585795,0.0001,1.6420085178652999,59,6.555666483157477,21.286681439549685,1.2948528897467912,22.58153432929647
1.0,1.0,0.008378200829732924,0.7966467176339974,0.35211686454456437,0.48438863855129344,1.9110140877585795,0.0001,1.6420085178652999,59,6.555666498485085,21.28668144063768,1.2948528897467912,22.58153433038447
1.0,1.0,0.008378200829732924,0.7966467176339974,0.35211686454456437,0.48438862855129344,1.9110140877585795,0.0001,1.6420085278652998,59,6.555666494907668,21.286681441509632,1.2948528882864134,22.581534329796053
1.0,1.0,0.008378200829732924,0.7966467276339975,0.35211686454456437,0.48438862855129344,1.9110140877585795,0.0001,1.6420085178652999,59,6.555666489476201,21.28668144414308,1.2948528892824527,22.58153433342554
1.0,1.0,0.008378200829732924,0.7966467176339974,0.35211686454456437,0.48438862855129344,1.9110140977585794,0.0001,1.6420085178652999,59,6.555666484728379,21.286681444261824,1.2948528882864134,22.58153433254823
1.0,1.0,0.008378200829732924,0.7966467176339974,0.35211686454456437,0.48438862855129344,1.9110140877585795,0.00010001,1.6420085178652999,59,6.555666489836288,21.286681447165346,1.2948528882864134,22.581534335451767
1.0,1.0,0.008378210829732924,0.7966467176339974,0.35211686454456437,0.48438862855129344,1.9110140877585795,0.0001,1.6420085178652999,59,6.55566649205644,21.28668145337492,1.2948528892824527,22.58153434265737
1.0,1.0,0.008378200829732924,0.7966467176339974,0.35211686454456437,0.48438862855129344,1.9110140877585795,0.0001,1.6420085178652999,59,6.555666491388912,21.286681454261156,1.294852877408335,22.581534331669495
1.0,0.99999999,0.008378200829732924,0.7966467176339974,0.35211686454456437,0.48438862855129344,1.9110140877585795,0.0001,1.6420085178652999,59,6.555666495223523,21.286681462389257,1.2948528774083352,22.58153433979759
0.99999999,1.0,0.008378200829732924,0.7966467176339974,0.35211686454456437,0.48438862855129344,1.9110140877585795,0.0001,1.6420085178652999,59,6.555666502033414,21.28668147513019,1.2948528774083352,22.581534352538526
1.0,1.0,7.784223967194819e-05,0.7518330237801474,0.36492005045172854,0.5031317272466111,1.9218558317154222,0.0001,1.6342889943788235,59,6.557783442452032,21.290377540852862,1.2769283328602339,22.567305873713092
1.0,1.0,7.784223967194819e-05,0.7518330237801474,0.36492006045172853,0.5031317172466111,1.9218558317154222,0.0001,1.6342889943788235,59,6.557783427855527,21.29037754104652,1.2769283328602339,22.56730587390675
1.0,1.0,7.784223967194819e-05,0.7518330237801474,0.36492005045172854,0.5031317172466111,1.9218558317154222,0.0001,1.6342890043788234,59,6.557783439351349,21.29037754192622,1.276928330995952,22.567305872922176
1.0,1.0,7.784223967194819e-05,0.7518330337801474,0.36492005045172854,0.5031317172466111,1.9218558317154222,0.0001,1.6342889943788235,59,6.557783432852621,21.290377542998968,1.2769283311471553,22.567305874146125
1.0,1.0,7.784223967194819e-05,0.7518330237801474,0.36492005045172854,0.5031317172466111,1.9218558417154221,0.0001,1.6342889943788235,59,6.557783428204251,21.290377543540647,1.276928330995952,22.56730587453659
1.0,1.0,7.784223967194819e-05,0.7518330237801474,0.36492005045172854,0.5031317172466111,1.9218558317154222,0.00010001,1.6342889943788235,59,6.5577834335974705,21.290377546908278,1.276928330995952,22.567305877904236
1.0,1.0,7.785223967194818e-05,0.7518330237801474,0.36492005045172854,0.5031317172466111,1.9218558317154222,0.0001,1.6342889943788235,59,6.557783435569736,21.290377552498065,1.2769283311471553,22.567305883645226
1.0,1.0,7.784223967194819e-05,0.7518330237801474,0.36492005045172854,0.5031317172466111,1.9218558317154222,0.0001,1.6342889943788235,59,6.557783435071957,21.290377553641974,1.2769283200564698,22.56730587369845
1.0,0.99999999,7.784223967194819e-05,0.7518330237801474,0.36492005045172854,0.5031317172466111,1.9218558317154222,0.0001,1.6342889943788235,59,6.557783439045418,21.290377561688505,1.2769283200564698,22.567305881744975
0.99999999,1.0,7.784223967194819e-05,0.7518330237801474,0.36492005045172854,0.5031317172466111,1.9218558317154222,0.0001,1.6342889943788235,59,6.5577834459673205,21.290377574954647,1.2769283200564698,22.567305895011124
0.9720605833114088,1.0,0.07670940999740167,0.7456782475022538,0.5017170605058794,0.5909715326733856,1.878806138086256,0.42963557746575,1.2915246081327658,59,6.423385294588773,21.293298999249785,1.733874706572327,23.027173705822108
0.9720605833114088,1.0,0.07670940999740167,0.7456782475022538,0.5017170605058794,0.5909715226733856,1.878806138086256,0.42963557746575,1.2915246181327658,59,6.42338529492347,21.29329900344979,1.7338747022545078,23.027173705704293
0.9720605833114088,1.0,0.07670940999740167,0.7456782575022538,0.5017170605058794,0.5909715226733856,1.878806138086256,0.42963557746575,1.2915246081327658,59,6.423385292894994,21.293299008925757,1.7338747025853882,23.027173711511143
0.9720605933114088,1.0,0.07670940999740167,0.7456782475022538,0.5017170605058794,0.5909715226733856,1.878806138086256,0.42963557746575,1.2915246081327658,59,6.423385289799691,21.293299016291545,1.7338746900430635,23.02717370633461
0.9720605833114088,1.0,0.07670940999740167,0.7456782475022538,0.5017170705058794,0.5909715226733856,1.878806138086256,0.42963557746575,1.2915246081327658,59,6.423385290076367,21.293299016777876,1.733874706572327,23.027173723350202
0.9720605833114088,1.0,0.07670940999740167,0.7456782475022538,0.5017170605058794,0.5909715226733856,1.878806138086256,0.42963558746575,1.2915246081327658,59,6.423385294605126,21.293299016911625,1.7338747022545078,23.027173719166136
0.9720605833114088,1.0,0.07670941999740166,0.7456782475022538,0.5017170605058794,0.5909715226733856,1.878806138086256,0.42963557746575,1.2915246081327658,59,6.423385295794768,21.29329902243343,1.7338747025853882,23.027173725018812
0.9720605833114088,1.0,0.07670940999740167,0.7456782475022538,0.5017170605058794,0.5909715226733856,1.878806148086256,0.42963557746575,1.2915246081327658,59,6.423385292110905,21.29329902374328,1.7338747022545078,23.02717372599779
0.9720605833114088,1.0,0.07670940999740167,0.7456782475022538,0.5017170605058794,0.5909715226733856,1.878806138086256,0.42963557746575,1.2915246081327658,59,6.423385296300573,21.293299025858552,1.73387469045517,23.027173716313722
0.9720605833114088,0.99999999,0.07670940999740167,0.7456782475022538,0.5017170605058794,0.5909715226733856,1.878806138086256,0.42963557746575,1.2915246081327658,59,6.423385300550318,21.293299032854375,1.7338746908672766,23.027173723721656
1.0,1.0,-3.13365375396814e-05,0.7413525573450364,0.3606643480018803,0.4955068968022664,1.9121673867924651,0.0001,1.6467063707257954,59,6.569640392406326,21.312554747200803,1.2532201018226035,22.565774849023413
1.0,1.0,-3.13365375396814e-05,0.7413525573450364,0.3606643380018803,0.4955069068022664,1.9121673867924651,0.0001,1.6467063707257954,59,6.569640406894981,21.312554747641457,1.2532201018226035,22.56577484946406
1.0,1.0,-3.13365375396814e-05,0.7413525573450364,0.3606643380018803,0.4955068968022664,1.9121673867924651,0.0001,1.6467063807257953,59,6.569640403789202,21.31255474867394,1.253220100187228,22.565774848861167
1.0,1.0,-3.13365375396814e-05,0.7413525573450364,0.3606643380018803,0.4955068968022664,1.912167396792465,0.0001,1.6467063707257954,59,6.569640392317859,21.31255474869946,1.253220100187228,22.565774848886686
1.0,1.0,-3.13365375396814e-05,0.7413525673450364,0.3606643380018803,0.4955068968022664,1.9121673867924651,0.0001,1.6467063707257954,59,6.569640397031349,21.31255474897476,1.2532201001294905,22.565774849104248
1.0,1.0,-3.13365375396814e-05,0.7413525573450364,0.3606643380018803,0.4955068968022664,1.9121673867924651,0.00010001,1.6467063707257954,59,6.569640397875206,21.312554753106493,1.253220100187228,22.565774853293718
1.0,1.0,-3.13265375396814e-05,0.7413525573450364,0.3606643380018803,0.4955068968022664,1.9121673867924651,0.0001,1.6467063707257954,59,6.5696403998113535,21.312554758512007,1.2532200782586655,22.565774836770675
1.0,1.0,-3.13365375396814e-05,0.7413525573450364,0.3606643380018803,0.4955068968022664,1.9121673867924651,0.0001,1.6467063707257954,59,6.569640399364591,21.312554759750125,1.253220089194078,22.56577484894421
1.0,0.99999999,-3.13365375396814e-05,0.7413525573450364,0.3606643380018803,0.4955068968022664,1.9121673867924651,0.0001,1.6467063707257954,59,6.569640403407104,21.312554768444635,1.253220089194078,22.56577485763871
0.99999999,1.0,-3.13365375396814e-05,0.7413525573450364,0.3606643380018803,0.4955068968022664,1.9121673867924651,0.0001,1.6467063707257954,59,6.569640410345594,21.312554781567442,1.253220089194078,22.565774870761523
1.0,1.0,0.11164072974915601,0.7383845004999399,0.35726092064477,0.48915734408646844,1.909866336465705,0.0001,1.656079312767905,59,6.582615174848995,21.314444082539477,1.376305542627396,22.690749625166877
1.0,1.0,0.11164072974915601,0.7383845004999399,0.35726092064477,0.48915734408646844,1.9098663080064793,0.0001,1.6560793374454097,59,6.582615208417359,21.314444093422313,1.3763055384174971,22.690749631839815
1.0,1.0,0.11164072974915601,0.7383845004999399,0.3572609355459312,0.48915734408646844,1.9098663080064793,0.0001,1.656079312767905,59,6.582615183599897,21.31444409428483,1.3763055295495363,22.690749623834368
1.0,1.0,0.11164072974915601,0.7383845154011011,0.35726092064477,0.48915734408646844,1.9098663080064793,0.0001,1.656079312767905,59,6.582615193383297,21.31444410235798,1.376305529628815,22.690749631986797
1.0,1.0,0.11164072974915601,0.7383845004999399,0.35726092064477,0.48915735898762963,1.9098663080064793,0.0001,1.656079312767905,59,6.5826152106097675,21.314444105816285,1.3763055295495363,22.690749635365826
1.0,1.0,0.11164072974915601,0.7383845004999399,0.35726092064477,0.48915734408646844,1.9098663080064793,0.00010001490116119385,1.656079312767905,59,6.5826151938017174,21.314444106853948,1.3763055275342455,22.69074963438819
1.0,1.0,0.11164072974915601,0.7383845004999399,0.35726092064477,0.48915734408646844,1.9098663080064793,0.0001,1.656079312767905,59,6.582615196056756,21.314444116822216,1.376305510945929,22.69074962776815
1.0,1.0,0.1116407446503172,0.7383845004999399,0.35726092064477,0.48915734408646844,1.9098663080064793,0.0001,1.656079312767905,59,6.582615197826512,21.31444411730529,1.376305529628815,22.690749646934105
1.0,0.9999999850988388,0.11164072974915601,0.7383845004999399,0.35726092064477,0.48915734408646844,1.9098663080064793,0.0001,1.656079312767905,59,6.582615201770613,21.314444129433063,1.376305510945929,22.690749640378996
0.9999999850988388,1.0,0.11164072974915601,0.7383845004999399,0.35726092064477,0.48915734408646844,1.9098663080064793,0.0001,1.656079312767905,59,6.582615213420496,21.31444415133835,1.376305510945929,22.69074966228428
1.0,1.0,7.664346275170902e-06,0.7404395843626816,0.3585829759749669,0.4979738527069965,1.9122076099237142,0.0001,1.6452187168956842,59,6.572525949414736,21.314906131565515,1.2510944117291969,22.566000543294713
1.0,1.0,7.664346275170902e-06,0.7404395843626816,0.3585829659749669,0.4979738527069965,1.9122076199237141,0.0001,1.6452187168956842,59,6.572525949510819,21.31490613329854,1.2510944100596684,22.566000543358207
1.0,1.0,7.664346275170902e-06,0.7404395843626816,0.3585829659749669,0.4979738627069965,1.9122076099237142,0.0001,1.6452187168956842,59,6.572525964455739,21.31490613354524,1.2510944117291969,22.566000545274434
1.0,1.0,7.664346275170902e-06,0.7404395843626816,0.3585829659749669,0.4979738527069965,1.9122076099237142,0.0001,1.6452187268956842,59,6.572525961150435,21.314906133957773,1.2510944100596684,22.56600054401744
1.0,1.0,7.664346275170902e-06,0.7404395943626817,0.3585829659749669,0.4979738527069965,1.9122076099237142,0.0001,1.6452187168956842,59,6.572525954346067,21.314906134060504,1.2510944100165808,22.566000544077088
1.0,1.0,7.664346275170902e-06,0.7404395843626816,0.3585829659749669,0.4979738527069965,1.9122076099237142,0.00010001,1.6452187168956842,59,6.572525955130965,21.31490613807787,1.2510944100596684,22.566000548137538
1.0,1.0,7.674346275170902e-06,0.7404395843626816,0.3585829659749669,0.4979738527069965,1.9122076099237142,0.0001,1.6452187168956842,59,6.5725259571170485,21.31490614356025,1.2510944100165804,22.566000553576828
1.0,1.0,7.664346275170902e-06,0.7404395843626816,0.3585829659749669,0.4979738527069965,1.9122076099237142,0.0001,1.6452187168956842,59,6.572525956604855,21.314906144670605,1.2510943990949839,22.566000543765586
1.0,0.99999999,7.664346275170902e-06,0.7404395843626816,0.3585829659749669,0.4979738527069965,1.9122076099237142,0.0001,1.6452187168956842,59,6.572525960667205,21.314906153593405,1.2510943990949839,22.566000552688386
0.99999999,1.0,7.664346275170902e-06,0.7404395843626816,0.3585829659749669,0.4979738527069965,1.9122076099237142,0.0001,1.6452187168956842,59,6.572525967705921,21.31490616683434,1.2510943990949839,22.56600056592933
1.0,1.0,3.364844057582255e-05,0.7402868402921312,0.36075879569731706,0.4907291964046686,1.908804783357757,0.0001,1.6518287862587402,59,6.570906510185536,21.31753246045375,1.2480976093742824,22.565630069828035
1.0,1.0,3.364844057582255e-05,0.7402868402921312,0.36075880569731705,0.4907291864046686,1.908804783357757,0.0001,1.6518287862587402,59,6.570906496164494,21.31753246103353,1.2480976093742824,22.56563007040781
1.0,1.0,3.364844057582255e-05,0.7402868402921312,0.36075879569731706,0.4907291864046686,1.908804783357757,0.0001,1.6518287962587401,59,6.570906507230689,21.317532461973215,1.2480976078425947,22.56563006981581
1.0,1.0,3.364844057582255e-05,0.7402868402921312,0.36075879569731706,0.4907291864046686,1.908804793357757,0.0001,1.6518287862587402,59,6.570906495820311,21.31753246209112,1.2480976078425947,22.56563006993371
1.0,1.0,3.364844057582255e-05,0.7402868502921313,0.36075879569731706,0.4907291864046686,1.908804783357757,0.0001,1.6518287862587402,59,6.570906500459342,21.317532462236816,1.2480976077345618,22.565630069971377
1.0,1.0,3.364844057582255e-05,0.7402868402921312,0.36075879569731706,0.4907291864046686,1.908804783357757,0.00010001,1.6518287862587402,59,6.570906501370165,21.317532466502765,1.2480976078425947,22.565630074345357
1.0,1.0,3.365844057582255e-05,0.7402868402921312,0.36075879569731706,0.4907291864046686,1.908804783357757,0.0001,1.6518287862587402,59,6.570906503261313,21.31753247180711,1.2480976077345616,22.56563007954167
1.0,1.0,3.364844057582255e-05,0.7402868402921312,0.36075879569731706,0.4907291864046686,1.908804783357757,0.0001,1.6518287862587402,59,6.570906502879081,21.31753247317134,1.2480975968148345,22.565630069986174
1.0,0.99999999,3.364844057582255e-05,0.7402868402921312,0.36075879569731706,0.4907291864046686,1.908804783357757,0.0001,1.6518287862587402,59,6.570906506924352,21.31753248188404,1.2480975968148345,22.56563007869888
0.99999999,1.0,3.364844057582255e-05,0.7402868402921312,0.36075879569731706,0.4907291864046686,1.908804783357757,0.0001,1.6518287862587402,59,6.570906513781816,21.317532494849775,1.2480975968148345,22.565630091664605
1.0,1.0,0.01693615109927079,0.7384067637203099,0.357184196078018,0.4890404960485221,1.9098382339742324,0.0001,1.6559853395152277,59,6.574411214695232,21.318298219012583,1.263828038223501,22.582126257236084
1.0,1.0,0.01693615109927079,0.7384067637203099,0.357184196078018,0.4890404960485221,1.9098382055154255,0.0001,1.6559853641913322,59,6.574411245900894,21.3182982242236,1.2638280340134178,22.58212625823702
1.0,1.0,0.01693615109927079,0.7384067637203099,0.3571842109791792,0.4890404960485221,1.9098382055154255,0.0001,1.6559853395152277,59,6.57441122432818,21.318298231880195,1.2638280251486855,22.582126257028882
1.0,1.0,0.01693615109927079,0.7384067637203099,0.357184196078018,0.4890405109496833,1.9098382055154255,0.0001,1.6559853395152277,59,6.574411246502723,21.318298233627193,1.2638280251486855,22.58212625877588
1.0,1.0,0.01693615109927079,0.7384067786214711,0.357184196078018,0.4890404960485221,1.9098382055154255,0.0001,1.6559853395152277,59,6.574411231461533,21.318298235127155,1.2638280231511758,22.58212625827833
1.0,1.0,0.01693615109927079,0.7384067637203099,0.357184196078018,0.4890404960485221,1.9098382055154255,0.00010001490116119385,1.6559853395152277,59,6.574411232660626,21.31829824117894,1.2638280231340717,22.58212626431302
1.0,1.0,0.016936166000431983,0.7384067637203099,0.357184196078018,0.4890404960485221,1.9098382055154255,0.0001,1.6559853395152277,59,6.57441123568475,21.31829824948498,1.2638280231511758,22.582126272636156
1.0,1.0,0.01693615109927079,0.7384067637203099,0.357184196078018,0.4890404960485221,1.9098382055154255,0.0001,1.6559853395152277,59,6.574411234901923,21.318298251084148,1.263828006549333,22.582126257633483
1.0,0.9999999850988388,0.01693615109927079,0.7384067637203099,0.357184196078018,0.4890404960485221,1.9098382055154255,0.0001,1.6559853395152277,59,6.574411240859763,21.31829826406288,1.263828006549333,22.58212627061222
0.9999999850988388,1.0,0.01693615109927079,0.7384067637203099,0.357184196078018,0.4890404960485221,1.9098382055154255,0.0001,1.6559853395152277,59,6.574411251347753,21.3182982838454,1.263828006549333,22.582126290394733
1.0,1.0,-1.2261746200549318e-05,0.7389096646631704,0.35701350159510087,0.48874629848674933,1.9104072751112655,0.0001,1.6570425937563031,59,6.573461661150189,21.318553701737105,1.2469643050034673,22.565518006740575
1.0,1.0,-1.2261746200549318e-05,0.7389096646631704,0.3570134915951009,0.4887463084867493,1.9104072751112655,0.0001,1.6570425937563031,59,6.573461675490787,21.318553701801473,1.2469643050034673,22.565518006804933
1.0,1.0,-1.2261746200549318e-05,0.7389096646631704,0.3570134915951009,0.48874629848674933,1.9104072851112655,0.0001,1.6570425937563031,59,6.573461660987228,21.318553703101358,1.2469643036903237,22.56551800679168
1.0,1.0,-1.2261746200549318e-05,0.7389096646631704,0.3570134915951009,0.48874629848674933,1.9104072751112655,0.0001,1.657042603756303,59,6.5734616723986425,21.31855370313072,1.2469643036903237,22.56551800682105
1.0,1.0,-1.2261746200549318e-05,0.7389096746631705,0.3570134915951009,0.48874629848674933,1.9104072751112655,0.0001,1.6570425937563031,59,6.57346166562775,21.31855370335333,1.2469643034276086,22.56551800678093
1.0,1.0,-1.2261746200549318e-05,0.7389096646631704,0.3570134915951009,0.48874629848674933,1.9104072751112655,0.00010001,1.6570425937563031,59,6.573461666526921,21.318553707594763,1.2469643036903237,22.56551801128509
1.0,1.0,-1.2251746200549318e-05,0.7389096646631704,0.3570134915951009,0.48874629848674933,1.9104072751112655,0.0001,1.6570425937563031,59,6.573461668433722,21.31855371291373,1.2469642816294118,22.565517994543136
1.0,1.0,-1.2261746200549318e-05,0.7389096646631704,0.3570134915951009,0.48874629848674933,1.9104072751112655,0.0001,1.6570425937563031,59,6.573461668026247,21.318553714231445,1.24696429252851,22.56551800675996
1.0,0.99999999,-1.2261746200549318e-05,0.7389096646631704,0.3570134915951009,0.48874629848674933,1.9104072751112655,0.0001,1.6570425937563031,59,6.573461672049164,21.31855372296559,1.24696429252851,22.5655180154941
0.99999999,1.0,-1.2261746200549318e-05,0.7389096646631704,0.3570134915951009,0.48874629848674933,1.9104072751112655,0.0001,1.6570425937563031,59,6.573461678964023,21.318553736035323,1.24696429252851,22.56551802856383
1.0,1.0,-0.0001092866603806376,0.7355731124410734,0.35656124000571005,0.5002455121994798,1.9137233076832434,0.0001,1.6439076046724757,59,6.575207789167355,21.31994099200589,1.2464473466124306,22.566388338618317
1.0,1.0,-0.0001092866603806376,0.7355731124410734,0.35656123000571005,0.5002455121994798,1.9137233176832433,0.0001,1.6439076046724757,59,6.575207789430968,21.31994099400918,1.246447344943239,22.566388338952414
1.0,1.0,-0.0001092866603806376,0.7355731124410734,0.35656123000571005,0.5002455221994798,1.9137233076832434,0.0001,1.6439076046724757,59,6.57520780451674,21.319940994773688,1.2464473466124306,22.566388341386116
1.0,1.0,-0.0001092866603806376,0.7355731124410734,0.35656123000571005,0.5002455121994798,1.9137233076832434,0.0001,1.6439076146724756,59,6.575207801123189,21.319940994880774,1.246447344943239,22.56638833982401
1.0,1.0,-0.0001092866603806376,0.7355731224410734,0.35656123000571005,0.5002455121994798,1.9137233076832434,0.0001,1.6439076046724757,59,6.575207794288936,21.319940994913033,1.2464473448258462,22.56638833973888
1.0,1.0,-0.0001092866603806376,0.7355731124410734,0.35656123000571005,0.5002455121994798,1.9137233076832434,0.00010001,1.6439076046724757,59,6.575207795066413,21.3199409989373,1.246447344943239,22.56638834388054
1.0,1.0,-0.0001092766603806376,0.7355731124410734,0.35656123000571005,0.5002455121994798,1.9137233076832434,0.0001,1.6439076046724757,59,6.57520779706526,21.319941004416467,1.2464473231232154,22.566388327539684
1.0,1.0,-0.0001092866603806376,0.7355731124410734,0.35656123000571005,0.5002455121994798,1.9137233076832434,0.0001,1.6439076046724757,59,6.5752077965200035,21.31994100546275,1.246447333974531,22.566388339437278
1.0,0.99999999,-0.0001092866603806376,0.7355731124410734,0.35656123000571005,0.5002455121994798,1.9137233076832434,0.0001,1.6439076046724757,59,6.575207800592512,21.319941014480808,1.246447333974531,22.566388348455337
0.99999999,1.0,-0.0001092866603806376,0.7355731124410734,0.35656123000571005,0.5002455121994798,1.9137233076832434,0.0001,1.6439076046724757,59,6.57520780767373,21.319941027769733,1.246447333974531,22.56638836174426
1.0,1.0,0.0026764021993703315,0.7384101159123233,0.3571726435947914,0.4890229021401355,1.9098340025582061,0.0001,1.655971189882701,59,6.573725322845186,21.3200324223112,1.2480376038172714,22.56807002612847
1.0,1.0,0.0026764021993703315,0.7384101159123233,0.3571726435947914,0.4890229021401355,1.9098339740994623,0.0001,1.6559712145585945,59,6.5737253536848845,21.320032426666028,1.2480375996071604,22.56807002627319
1.0,1.0,0.0026764021993703315,0.7384101159123233,0.3571726584959526,0.4890229021401355,1.9098339740994623,0.0001,1.655971189882701,59,6.573725332610211,21.320032435349717,1.248037590742915,22.568070026092627
1.0,1.0,0.0026764021993703315,0.7384101159123233,0.3571726435947914,0.4890229170412967,1.9098339740994623,0.0001,1.655971189882701,59,6.573725354045979,21.32003243562054,1.248037590742915,22.56807002636345
1.0,1.0,0.0026764021993703315,0.7384101308134845,0.3571726435947914,0.4890229021401355,1.9098339740994623,0.0001,1.655971189882701,59,6.573725339342191,21.32003243787048,1.2480375884327013,22.56807002630318
1.0,1.0,0.0026764021993703315,0.7384101159123233,0.3571726435947914,0.4890229021401355,1.9098339740994623,0.00010001490116119385,1.655971189882701,59,6.573725340664606,21.32003244416504,1.2480375887284028,22.568070032893438
1.0,1.0,0.0026764171005315253,0.7384101159123233,0.3571726435947914,0.4890229021401355,1.9098339740994623,0.0001,1.655971189882701,59,6.573725343531039,21.320032452138573,1.2480375884327013,22.56807004057128
1.0,1.0,0.0026764021993703315,0.7384101159123233,0.3571726435947914,0.4890229021401355,1.9098339740994623,0.0001,1.655971189882701,59,6.573725342900124,21.32003245405408,1.2480375721442025,22.568070026198278
1.0,0.9999999850988388,0.0026764021993703315,0.7384101159123233,0.3571726435947914,0.4890229021401355,1.9098339740994623,0.0001,1.655971189882701,59,6.5737253488968985,21.32003246709197,1.248037572144203,22.568070039236176
0.9999999850988388,1.0,0.0026764021993703315,0.7384101159123233,0.3571726435947914,0.4890229021401355,1.9098339740994623,0.0001,1.655971189882701,59,6.57372535920672,21.320032486553437,1.248037572144203,22.568070058697643
1.0,1.0,-7.66689384512266e-07,0.7383920914918914,0.35718834277875844,0.4890366887287778,1.9098992109578377,0.0001,1.6560214247072929,59,6.573594308670726,21.320236156245233,1.2452638065090245,22.565499962754256
1.0,1.0,-7.66689384512266e-07,0.7383920914918914,0.35718835277875843,0.4890366787287778,1.9098992109578377,0.0001,1.6560214247072929,59,6.573594294375951,21.32023615624654,1.2452638065090245,22.56549996275557
1.0,1.0,-7.66689384512266e-07,0.7383920914918914,0.35718834277875844,0.4890366787287778,1.9098992109578377,0.0001,1.6560214347072928,59,6.573594305601437,21.320236157597805,1.2452638051589446,22.56549996275675
1.0,1.0,-7.66689384512266e-07,0.7383920914918914,0.35718834277875844,0.4890366787287778,1.9098992209578376,0.0001,1.6560214247072929,59,6.573594294207137,21.320236157600934,1.2452638051589446,22.565499962759876
1.0,1.0,-7.66689384512266e-07,0.7383921014918915,0.35718834277875844,0.4890366787287778,1.9098992109578377,0.0001,1.6560214247072929,59,6.5735942988420675,21.320236157843752,1.2452638049185003,22.565499962762246
1.0,1.0,-7.66689384512266e-07,0.7383920914918914,0.35718834277875844,0.4890366787287778,1.9098992109578377,0.00010001,1.6560214247072929,59,6.573594299745322,21.32023616209872,1.2452638051589446,22.565499967257665
1.0,1.0,-7.56689384512266e-07,0.7383920914918914,0.35718834277875844,0.4890366787287778,1.9098992109578377,0.0001,1.6560214247072929,59,6.573594301648918,21.320236167407764,1.2452637831359106,22.56549995054367
1.0,1.0,-7.66689384512266e-07,0.7383920914918914,0.35718834277875844,0.4890366787287778,1.9098992109578377,0.0001,1.6560214247072929,59,6.573594301244627,21.320236168732727,1.2452637940272056,22.565499962759933
1.0,0.99999999,-7.66689384512266e-07,0.7383920914918914,0.35718834277875844,0.4890366787287778,1.9098992109578377,0.0001,1.6560214247072929,59,6.5735943052736445,21.320236177487427,1.2452637940272056,22.56549997151463
0.99999999,1.0,-7.66689384512266e-07,0.7383920914918914,0.35718834277875844,0.4890366787287778,1.9098992109578377,0.0001,1.6560214247072929,59,6.573594312171598,21.32023619051222,1.2452637940272056,22.56549998453943
1.0,1.0,-5.024307068653553e-07,0.7383985475929352,0.3571821587605206,0.48903077767768083,1.9098763572823907,0.0001,1.6560031190204003,59,6.573600735184895,21.320290020163498,1.2452096376535446,22.565499657817043
1.0,1.0,-5.024307068653553e-07,0.7383985475929352,0.3571821687605206,0.48903076767768083,1.9098763572823907,0.0001,1.6560031190204003,59,6.573600720891061,21.320290020165825,1.2452096376535446,22.56549965781937
1.0,1.0,-5.024307068653553e-07,0.7383985475929352,0.3571821587605206,0.48903076767768083,1.9098763572823907,0.0001,1.6560031290204003,59,6.573600732115987,21.320290021516676,1.245209636302833,22.565499657819508
1.0,1.0,-5.024307068653553e-07,0.7383985475929352,0.3571821587605206,0.48903076767768083,1.9098763672823906,0.0001,1.6560031190204003,59,6.573600720722768,21.320290021521128,1.245209636302833,22.565499657823963
1.0,1.0,-5.024307068653553e-07,0.7383985575929353,0.3571821587605206,0.48903076767768083,1.9098763572823907,0.0001,1.6560031190204003,59,6.57360072535754,21.32029002176406,1.24520963606329,22.565499657827356
1.0,1.0,-5.024307068653553e-07,0.7383985475929352,0.3571821587605206,0.48903076767768083,1.9098763572823907,0.00010001,1.6560031190204003,59,6.573600726260743,21.32029002601903,1.245209636302833,22.565499662321862
1.0,1.0,-4.924307068653553e-07,0.7383985475929352,0.3571821587605206,0.48903076767768083,1.9098763572823907,0.0001,1.6560031190204003,59,6.573600728164349,21.320290031328017,1.2452096142805178,22.565499645608533
1.0,1.0,-5.024307068653553e-07,0.7383985475929352,0.3571821587605206,0.48903076767768083,1.9098763572823907,0.0001,1.6560031190204003,59,6.57360072776009,21.320290032653123,1.2452096251719036,22.56549965782503
1.0,0.99999999,-5.024307068653553e-07,0.7383985475929352,0.3571821587605206,0.48903076767768083,1.9098763572823907,0.0001,1.6560031190204003,59,6.573600731789211,21.320290041408654,1.2452096251719036,22.565499666580557
0.99999999,1.0,-5.024307068653553e-07,0.7383985475929352,0.3571821587605206,0.48903076767768083,1.9098763572823907,0.0001,1.6560031190204003,59,6.573600738686594,21.32029005443176,1.2452096251719036,22.565499679603665
1.0,1.0,-2.890315383499185e-07,0.7382674381408546,0.3572026944066525,0.4890961679639977,1.909938498537915,0.0001,1.655969730768044,59,6.573608419221028,21.32029347032446,1.2452058822723833,22.565499352596852
1.0,1.0,-2.890315383499185e-07,0.7382674381408546,0.35720270440665247,0.4890961579639977,1.909938498537915,0.0001,1.655969730768044,59,6.573608404926297,21.32029347032611,1.2452058822723833,22.565499352598497
1.0,1.0,-2.890315383499185e-07,0.7382674381408546,0.3572026944066525,0.4890961579639977,1.909938498537915,0.0001,1.655969740768044,59,6.573608416152483,21.320293471676443,1.2452058809209707,22.565499352597417
1.0,1.0,-2.890315383499185e-07,0.7382674381408546,0.3572026944066525,0.4890961579639977,1.909938508537915,0.0001,1.655969730768044,59,6.573608404757132,21.3202934716801,1.2452058809209707,22.565499352601066
1.0,1.0,-2.890315383499185e-07,0.7382674481408547,0.3572026944066525,0.4890961579639977,1.909938498537915,0.0001,1.655969730768044,59,6.573608409391617,21.320293471920955,1.245205880678924,22.56549935259988
1.0,1.0,-2.890315383499185e-07,0.7382674381408546,0.3572026944066525,0.4890961579639977,1.909938498537915,0.00010001,1.655969730768044,59,6.57360841029557,21.320293476177806,1.2452058809209707,22.56549935709878
1.0,1.0,-2.7903153834991847e-07,0.7382674381408546,0.3572026944066525,0.4890961579639977,1.909938498537915,0.0001,1.655969730768044,59,6.573608412198773,21.320293481485706,1.2452058589000259,22.56549934038573
1.0,1.0,-2.890315383499185e-07,0.7382674381408546,0.3572026944066525,0.4890961579639977,1.909938498537915,0.0001,1.655969730768044,59,6.573608411794549,21.320293482810698,1.2452058697894752,22.565499352600174
1.0,0.99999999,-2.890315383499185e-07,0.7382674381408546,0.3572026944066525,0.4890961579639977,1.909938498537915,0.0001,1.655969730768044,59,6.573608415823831,21.32029349156492,1.2452058697894752,22.5654993613544
0.99999999,1.0,-2.890315383499185e-07,0.7382674381408546,0.3572026944066525,0.4890961579639977,1.909938498537915,0.0001,1.655969730768044,59,6.573608422721877,21.320293504590342,1.2452058697894752,22.565499374379826
1.0,1.0,0.00042564124018113,0.7384106450228262,0.3571708201490624,0.4890201251149302,1.90983333467085,0.0001,1.655968956502527,59,6.573630397326073,21.320333912772476,1.245572632906797,22.565906545679276
1.0,1.0,0.00042564124018113,0.7384106450228262,0.3571708201490624,0.4890201251149302,1.909833306212116,0.0001,1.6559689811783873,59,6.5736304281077755,21.320333916992116,1.245572628696681,22.565906545688797
1.0,1.0,0.00042564124018113,0.7384106450228262,0.35717083505022357,0.4890201251149302,1.909833306212116,0.0001,1.655968956502527,59,6.573630407111928,21.32033392583801,1.245572619832512,22.565906545670522
1.0,1.0,0.00042564124018113,0.7384106450228262,0.3571708201490624,0.4890201400160914,1.909833306212116,0.0001,1.655968956502527,59,6.573630428430845,21.320333925875772,1.245572619832512,22.56590654570828
1.0,1.0,0.00042564124018113,0.7384106599239874,0.3571708201490624,0.4890201251149302,1.909833306212116,0.0001,1.655968956502527,59,6.5736304137805055,21.32033392824416,1.2455726174729413,22.565906545717105
1.0,1.0,0.00042564124018113,0.7384106450228262,0.3571708201490624,0.4890201251149302,1.909833306212116,0.00010001490116119385,1.655968956502527,59,6.573630415122526,21.32033393457725,1.245572617818016,22.56590655239527
1.0,1.0,0.00042565614134232386,0.7384106450228262,0.3571708201490624,0.4890201251149302,1.909833306212116,0.0001,1.655968956502527,59,6.5736304179639,21.32033394249807,1.2455726174729413,22.565906559971012
1.0,1.0,0.00042564124018113,0.7384106450228262,0.3571708201490624,0.4890201251149302,1.909833306212116,0.0001,1.655968956502527,59,6.573630417357041,21.320333944463574,1.2455726012339012,22.565906545697477
1.0,0.9999999850988388,0.00042564124018113,0.7384106450228262,0.3571708201490624,0.4890201251149302,1.909833306212116,0.0001,1.655968956502527,59,6.573630423360014,21.32033395751089,1.2455726012339012,22.565906558744793
0.9999999850988388,1.0,0.00042564124018113,0.7384106450228262,0.3571708201490624,0.4890201251149302,1.909833306212116,0.0001,1.655968956502527,59,6.57363043364164,21.32033397692166,1.2455726012339012,22.56590657815556
1.0,1.0,-4.81868244087715e-08,0.738388176434607,0.3571755493283993,0.4890316666631698,1.909849765978656,0.0001,1.6559687225948245,59,6.5736121774947796,21.320376307241855,1.2451228259894505,22.565499133231306
1.0,1.0,-4.81868244087715e-08,0.738388176434607,0.3571755593283993,0.4890316566631698,1.909849765978656,0.0001,1.6559687225948245,59,6.573612163202307,21.32037630724568,1.2451228259894505,22.56549913323513
1.0,1.0,-4.81868244087715e-08,0.738388176434607,0.3571755493283993,0.4890316566631698,1.909849765978656,0.0001,1.6559687325948245,59,6.573612174426537,21.3203763085958,1.2451228246376242,22.565499133233427
1.0,1.0,-4.81868244087715e-08,0.738388176434607,0.3571755493283993,0.4890316566631698,1.909849775978656,0.0001,1.6559687225948245,59,6.5736121630347,21.32037630860224,1.2451228246376242,22.565499133239864
1.0,1.0,-4.81868244087715e-08,0.738388186434607,0.3571755493283993,0.4890316566631698,1.909849765978656,0.0001,1.6559687225948245,59,6.573612167669176,21.320376308845034,1.2451228243991206,22.565499133244153
1.0,1.0,-4.81868244087715e-08,0.738388176434607,0.3571755493283993,0.4890316566631698,1.909849765978656,0.00010001,1.6559687225948245,59,6.5736121685724145,21.32037631310029,1.2451228246376242,22.56549913773792
1.0,1.0,-3.81868244087715e-08,0.738388176434607,0.3571755493283993,0.4890316566631698,1.909849765978656,0.0001,1.6559687225948245,59,6.573612170475977,21.320376318409018,1.245122802616668,22.565499121025685
1.0,1.0,-4.81868244087715e-08,0.738388176434607,0.3571755493283993,0.4890316566631698,1.909849765978656,0.0001,1.6559687225948245,59,6.5736121700717725,21.320376319734326,1.245122813507894,22.565499133242223
1.0,0.99999999,-4.81868244087715e-08,0.738388176434607,0.3571755493283993,0.4890316566631698,1.909849765978656,0.0001,1.6559687225948245,59,6.573612174101082,21.32037632849098,1.245122813507894,22.56549914199887
0.99999999,1.0,-4.81868244087715e-08,0.738388176434607,0.3571755493283993,0.4890316566631698,1.909849765978656,0.0001,1.6559687225948245,59,6.57361218099766,21.32037634151176,1.245122813507894,22.56549915501965
1.0,1.0,-6.40751805301177e-08,0.738409257052304,0.3571719006354379,0.4890209723538296,1.9098384473260615,0.0001,1.6559727533231066,59,6.573611400590805,21.320379381609634,1.245119789641362,22.565499171250995
1.0,1.0,-6.40751805301177e-08,0.738409257052304,0.3571719106354379,0.4890209623538296,1.9098384473260615,0.0001,1.6559727533231066,59,6.573611386298536,21.320379381613638,1.245119789641362,22.565499171255002
1.0,1.0,-6.40751805301177e-08,0.738409257052304,0.3571719006354379,0.4890209623538296,1.9098384473260615,0.0001,1.6559727633231065,59,6.573611397522532,21.320379382963814,1.2451197882896035,22.565499171253414
1.0,1.0,-6.40751805301177e-08,0.738409257052304,0.3571719006354379,0.4890209623538296,1.9098384573260614,0.0001,1.6559727533231066,59,6.573611386131102,21.320379382970458,1.2451197882896035,22.565499171260065
1.0,1.0,-6.40751805301177e-08,0.738409267052304,0.3571719006354379,0.4890209623538296,1.9098384473260615,0.0001,1.6559727533231066,59,6.573611390765614,21.3203793832136,1.245119788051555,22.565499171265152
1.0,1.0,-6.40751805301177e-08,0.738409257052304,0.3571719006354379,0.4890209623538296,1.9098384473260615,0.00010001,1.6559727533231066,59,6.573611391668729,21.32037938746856,1.2451197882896035,22.56549917575816
1.0,1.0,-5.4075180530117705e-08,0.738409257052304,0.3571719006354379,0.4890209623538296,1.9098384473260615,0.0001,1.6559727533231066,59,6.5736113935723575,21.320379392777447,1.2451197662684799,22.565499159045928
1.0,1.0,-6.40751805301177e-08,0.738409257052304,0.3571719006354379,0.4890209623538296,1.9098384473260615,0.0001,1.6559727533231066,59,6.573611393168149,21.32037939410279,1.2451197771600173,22.565499171262807
1.0,0.99999999,-6.40751805301177e-08,0.738409257052304,0.3571719006354379,0.4890209623538296,1.9098384473260615,0.0001,1.6559727533231066,59,6.573611397197439,21.320379402859697,1.2451197771600173,22.565499180019714
0.99999999,1.0,-6.40751805301177e-08,0.738409257052304,0.3571719006354379,0.4890209623538296,1.9098384473260615,0.0001,1.6559727533231066,59,6.573611404093875,21.320379415879998,1.2451197771600173,22.565499193040015
1.0,1.0,6.775844777477647e-05,0.73841072915417,0.3571705302116318,0.48901968355336367,1.9098332284732586,0.0001,1.6559686013833708,59,6.573615639434761,21.320382549460103,1.2451813778115104,22.565563927271608
1.0,1.0,6.775844777477647e-05,0.73841072915417,0.3571705302116318,0.48901968355336367,1.9098332000145264,0.0001,1.655968626059226,59,6.573615670207235,21.320382553658245,1.2451813736013946,22.56556392725964
1.0,1.0,6.775844777477647e-05,0.73841072915417,0.357170545112793,0.48901968355336367,1.9098332000145264,0.0001,1.6559686013833708,59,6.573615649223926,21.320382562529932,1.2451813647372376,22.56556392726717
1.0,1.0,6.775844777477647e-05,0.73841072915417,0.3571705302116318,0.48901969845452486,1.9098332000145264,0.0001,1.6559686013833708,59,6.573615670524262,21.320382562530636,1.2451813647372376,22.565563927267874
1.0,1.0,6.775844777477647e-05,0.7384107440553312,0.3571705302116318,0.48901968355336367,1.9098332000145264,0.0001,1.6559686013833708,59,6.573615655882424,21.320382564917868,1.2451813623698185,22.56556392728768
1.0,1.0,6.775844777477647e-05,0.73841072915417,0.3571705302116318,0.48901968355336367,1.9098332000145264,0.00010001490116119385,1.6559686013833708,59,6.573615657227563,21.32038257125708,1.245181362722744,22.56556393397982
1.0,1.0,6.777334893597032e-05,0.73841072915417,0.3571705302116318,0.48901968355336367,1.9098332000145264,0.0001,1.6559686013833708,59,6.573615660064949,21.320382579169515,1.2451813623698185,22.565563941539335
1.0,1.0,6.775844777477647e-05,0.73841072915417,0.3571705302116318,0.48901968355336367,1.9098332000145264,0.0001,1.6559686013833708,59,6.573615659461916,21.320382581142965,1.2451813461386423,22.565563927281612
1.0,0.9999999850988388,6.775844777477647e-05,0.73841072915417,0.3571705302116318,0.48901968355336367,1.9098332000145264,0.0001,1.6559686013833708,59,6.5736156654658755,21.32038259419179,1.2451813461386425,22.565563940330428
0.9999999850988388,1.0,6.775844777477647e-05,0.73841072915417,0.3571705302116318,0.48901968355336367,1.9098332000145264,0.0001,1.6559686013833708,59,6.573615675743019,21.320382613594493,1.2451813461386425,22.56556395973314
1.0,1.0,-1.1033341907003675e-08,0.738406801913285,0.35717136184106196,0.4890217164844325,1.9098360778078265,0.0001,1.6559685670707716,59,6.573612759664724,21.320389092202483,1.2451100178790817,22.565499110081564
1.0,1.0,-1.1033341907003675e-08,0.738406801913285,0.35717137184106196,0.4890217064844325,1.9098360778078265,0.0001,1.6559685670707716,59,6.573612745372601,21.32038909220665,1.2451100178790817,22.56549911008573
1.0,1.0,-1.1033341907003675e-08,0.738406801913285,0.35717136184106196,0.4890217064844325,1.9098360778078265,0.0001,1.6559685770707715,59,6.57361275659653,21.32038909355673,1.245110016527192,22.565499110083927
1.0,1.0,-1.1033341907003675e-08,0.738406801913285,0.35717136184106196,0.4890217064844325,1.9098360878078264,0.0001,1.6559685670707716,59,6.573612745205233,21.3203890935636,1.245110016527192,22.56549911009079
1.0,1.0,-1.1033341907003675e-08,0.738406811913285,0.35717136184106196,0.4890217064844325,1.9098360778078265,0.0001,1.6559685670707716,59,6.573612749839711,21.320389093806703,1.2451100162892341,22.56549911009593
1.0,1.0,-1.1033341907003675e-08,0.738406801913285,0.35717136184106196,0.4890217064844325,1.9098360778078265,0.00010001,1.6559685670707716,59,6.5736127507428375,21.320389098061707,1.245110016527192,22.565499114588903
1.0,1.0,-1.0333419070036752e-09,0.738406801913285,0.35717136184106196,0.4890217064844325,1.9098360778078265,0.0001,1.6559685670707716,59,6.573612752646456,21.320389103370555,1.245109994506233,22.565499097876792
1.0,1.0,-1.1033341907003675e-08,0.738406801913285,0.35717136184106196,0.4890217064844325,1.9098360778078265,0.0001,1.6559685670707716,59,6.573612752242254,21.320389104695924,1.2451100053977338,22.565499110093654
1.0,0.99999999,-1.1033341907003675e-08,0.738406801913285,0.35717136184106196,0.4890217064844325,1.9098360778078265,0.0001,1.6559685670707716,59,6.573612756271569,21.320389113452944,1.2451100053977338,22.56549911885068
0.99999999,1.0,-1.1033341907003675e-08,0.738406801913285,0.35717136184106196,0.4890217064844325,1.9098360778078265,0.0001,1.6559685670707716,59,6.57361276316792,21.32038912647301,1.2451100053977338,22.565499131870745
1.0,1.0,1.0786758321453647e-05,0.7384107425471157,0.35717048405622676,0.48901961326077353,1.909833211567567,0.0001,1.655968544851627,59,6.573613298615737,21.320390309655327,1.2451191109773023,22.56550942063263
1.0,1.0,1.0786758321453647e-05,0.7384107425471157,0.35717048405622676,0.48901961326077353,1.9098331831088349,0.0001,1.6559685695274813,59,6.573613329386744,21.320390313850048,1.2451191067671856,22.565509420617236
1.0,1.0,1.0786758321453647e-05,0.7384107425471157,0.35717048405622676,0.4890196281619347,1.9098331831088349,0.0001,1.655968544851627,59,6.573613329702805,21.320390322720648,1.2451190979030304,22.565509420623673
1.0,1.0,1.0786758321453647e-05,0.7384107425471157,0.35717049895738795,0.48901961326077353,1.9098331831088349,0.0001,1.655968544851627,59,6.573613308405431,21.320390322725846,1.2451190979030304,22.565509420628874
1.0,1.0,1.0786758321453647e-05,0.7384107574482769,0.35717048405622676,0.48901961326077353,1.9098331831088349,0.0001,1.655968544851627,59,6.573613315062323,21.32039032511088,1.245119095534362,22.565509420645235
1.0,1.0,1.0786758321453647e-05,0.7384107425471157,0.35717048405622676,0.48901961326077353,1.9098331831088349,0.00010001490116119385,1.655968544851627,59,6.57361331640796,21.32039033145107,1.2451190958885379,22.565509427339606
1.0,1.0,1.0801659482647494e-05,0.7384107425471157,0.35717048405622676,0.48901961326077353,1.9098331831088349,0.0001,1.655968544851627,59,6.573613319244709,21.32039033936217,1.245119095534362,22.565509434896526
1.0,1.0,1.0786758321453647e-05,0.7384107425471157,0.35717048405622676,0.48901961326077353,1.9098331831088349,0.0001,1.655968544851627,59,6.573613318642286,21.320390341336886,1.2451190793044378,22.56550942064132
1.0,0.9999999850988388,1.0786758321453647e-05,0.7384107425471157,0.35717048405622676,0.48901961326077353,1.9098331831088349,0.0001,1.655968544851627,59,6.573613324646402,21.32039035438594,1.2451190793044382,22.565509433690384
0.9999999850988388,1.0,1.0786758321453647e-05,0.7384107425471157,0.35717048405622676,0.48901961326077353,1.9098331831088349,0.0001,1.655968544851627,59,6.573613334922831,21.320390373787365,1.2451190793044382,22.5655094530918
1.0,1.0,-4.565871528407709e-09,0.738410044132413,0.3571706329066932,0.4890199844129842,1.9098336950476271,0.0001,1.6559685399980144,59,6.573612861071346,21.32039131790818,1.2451077884356057,22.565499106343783
1.0,1.0,-4.565871528407709e-09,0.738410044132413,0.3571706429066932,0.4890199744129842,1.9098336950476271,0.0001,1.6559685399980144,59,6.573612846779282,21.320391317912406,1.2451077884356057,22.56549910634801
1.0,1.0,-4.565871528407709e-09,0.738410044132413,0.3571706329066932,0.4890199744129842,1.9098336950476271,0.0001,1.6559685499980143,59,6.573612858003161,21.320391319262487,1.245107787083705,22.5654991063462
1.0,1.0,-4.565871528407709e-09,0.738410044132413,0.3571706329066932,0.4890199744129842,1.909833705047627,0.0001,1.6559685399980144,59,6.573612846611959,21.32039131926943,1.245107787083705,22.56549910635313
1.0,1.0,-4.565871528407709e-09,0.738410054132413,0.3571706329066932,0.4890199744129842,1.9098336950476271,0.0001,1.6559685399980144,59,6.573612851246434,21.320391319512577,1.2451077868458424,22.56549910635842
1.0,1.0,-4.565871528407709e-09,0.738410044132413,0.3571706329066932,0.4890199744129842,1.9098336950476271,0.00010001,1.6559685399980144,59,6.573612852149543,21.32039132376754,1.245107787083705,22.56549911085125
1.0,1.0,5.434128471592291e-09,0.738410044132413,0.3571706329066932,0.4890199744129842,1.9098336950476271,0.0001,1.6559685399980144,59,6.57361285405317,21.32039132907642,1.2451077768999605,22.56549910597638
1.0,1.0,-4.565871528407709e-09,0.738410044132413,0.3571706329066932,0.4890199744129842,1.9098336950476271,0.0001,1.6559685399980144,59,6.573612853648968,21.320391330401787,1.2451077759542941,22.56549910635608
1.0,0.99999999,-4.565871528407709e-09,0.738410044132413,0.3571706329066932,0.4890199744129842,1.9098336950476271,0.0001,1.6559685399980144,59,6.573612857678283,21.320391339158878,1.2451077759542941,22.565499115113173
0.99999999,1.0,-4.565871528407709e-09,0.738410044132413,0.3571706329066932,0.4890199744129842,1.9098336950476271,0.0001,1.6559685399980144,59,6.573612864574596,21.320391352178817,1.2451077759542941,22.565499128133112
1.0,1.0,1.7156980130938386e-06,0.738410744679547,0.35717047670734053,0.4890196020687529,1.9098332088758345,0.0001,1.655968535850615,59,6.573612926124929,21.320391545685467,1.2451091972630663,22.565500742948533
1.0,1.0,1.7156980130938386e-06,0.738410744679547,0.35717047670734053,0.4890196020687529,1.9098331804171025,0.0001,1.6559685605264691,59,6.5736129568957,21.32039154987965,1.24510919305295,22.565500742932596
1.0,1.0,1.7156980130938386e-06,0.738410744679547,0.35717047670734053,0.4890196169699141,1.9098331804171025,0.0001,1.655968535850615,59,6.57361295721161,21.320391558749957,1.2451091841887951,22.56550074293875
1.0,1.0,1.7156980130938386e-06,0.738410744679547,0.35717049160850173,0.4890196020687529,1.9098331804171025,0.0001,1.655968535850615,59,6.573612935914706,21.3203915587561,1.2451091841887951,22.56550074294489
1.0,1.0,1.7156980130938386e-06,0.7384107595807082,0.35717047670734053,0.4890196020687529,1.9098331804171025,0.0001,1.655968535850615,59,6.573612942571343,21.320391561140664,1.2451091818199278,22.565500742960594
1.0,1.0,1.7156980130938386e-06,0.738410744679547,0.35717047670734053,0.4890196020687529,1.9098331804171025,0.00010001490116119385,1.655968535850615,59,6.573612943917055,21.32039156748101,1.2451091821743023,22.56550074965532
1.0,1.0,1.7305991742876862e-06,0.738410744679547,0.35717047670734053,0.4890196020687529,1.9098331804171025,0.0001,1.655968535850615,59,6.573612946753707,21.3203915753919,1.2451091818199278,22.565500757211826
1.0,1.0,1.7156980130938386e-06,0.738410744679547,0.35717047670734053,0.4890196020687529,1.9098331804171025,0.0001,1.655968535850615,59,6.573612946151379,21.320391577366816,1.2451091655902033,22.56550074295702
1.0,0.9999999850988388,1.7156980130938386e-06,0.738410744679547,0.35717047670734053,0.4890196020687529,1.9098331804171025,0.0001,1.655968535850615,59,6.573612952155523,21.320391590415916,1.2451091655902033,22.56550075600612
0.9999999850988388,1.0,1.7156980130938386e-06,0.738410744679547,0.35717047670734053,0.4890196020687529,1.9098331804171025,0.0001,1.655968535850615,59,6.573612962431836,21.32039160981713,1.2451091655902033,22.56550077540733
1.0,1.0,-3.343485053700565e-09,0.7384106569291601,0.35717049513420085,0.48901965704222133,1.9098332446932118,0.0001,1.6559685348811186,59,6.57361288023993,21.320391738584163,1.2451073670628938,22.565499105647056
1.0,1.0,-3.343485053700565e-09,0.7384106569291601,0.35717050513420084,0.48901964704222134,1.9098332446932118,0.0001,1.6559685348811186,59,6.573612865947878,21.320391738588395,1.2451073670628938,22.565499105651295
1.0,1.0,-3.343485053700565e-09,0.7384106569291601,0.35717049513420085,0.48901964704222134,1.9098332446932118,0.0001,1.6559685448811186,59,6.573612877171746,21.320391739938476,1.24510736571099,22.56549910564947
1.0,1.0,-3.343485053700565e-09,0.7384106569291601,0.35717049513420085,0.48901964704222134,1.9098332546932117,0.0001,1.6559685348811186,59,6.573612865780562,21.320391739945432,1.24510736571099,22.56549910565642
1.0,1.0,-3.343485053700565e-09,0.7384106669291601,0.35717049513420085,0.48901964704222134,1.9098332446932118,0.0001,1.6559685348811186,59,6.573612870415038,21.320391740188597,1.2451073654731462,22.565499105661743
1.0,1.0,2.713585928162245e-07,0.7384107450190834,0.35717047553721426,0.4890196002867036,1.9098332084472434,0.0001,1.655968534417429,59,6.573612866820552,21.320391742503706,1.2451076187632846,22.56549936126699
1.0,1.0,-3.343485053700565e-09,0.7384106569291601,0.35717049513420085,0.48901964704222134,1.9098332446932118,0.00010001,1.6559685348811186,59,6.573612871318142,21.32039174444355,1.24510736571099,22.565499110154548
1.0,1.0,2.713585928162245e-07,0.7384107450190834,0.35717047553721426,0.4890196002867036,1.9098331799885113,0.0001,1.655968559093283,59,6.573612897591284,21.320391746697794,1.2451076145531679,22.565499361250964
1.0,1.0,6.656514946299435e-09,0.7384106569291601,0.35717049513420085,0.48901964704222134,1.9098332446932118,0.0001,1.6559685348811186,59,6.573612873221773,21.320391749752428,1.245107358189994,22.565499107942426
1.0,1.0,-3.343485053700565e-09,0.7384106569291601,0.35717049513420085,0.48901964704222134,1.9098332446932118,0.0001,1.6559685348811186,59,6.57361287281757,21.320391751077803,1.2451073545815887,22.565499105659395
1.0,1.0,2.713585928162245e-07,0.7384107450190834,0.35717047553721426,0.4890196151878648,1.9098331799885113,0.0001,1.655968534417429,59,6.57361289790717,21.32039175556806,1.2451076056890136,22.565499361257075
1.0,1.0,2.713585928162245e-07,0.7384107450190834,0.35717049043837545,0.4890196002867036,1.9098331799885113,0.0001,1.655968534417429,59,6.5736128766103405,21.32039175557435,1.2451076056890136,22.565499361263363
1.0,1.0,2.713585928162245e-07,0.7384107599202446,0.35717047553721426,0.4890196002867036,1.9098331799885113,0.0001,1.655968534417429,59,6.573612883266936,21.32039175795884,1.2451076033201147,22.56549936127896
1.0,0.99999999,-3.343485053700565e-09,0.7384106569291601,0.35717049513420085,0.48901964704222134,1.9098332446932118,0.0001,1.6559685348811186,59,6.573612876846885,21.320391759834905,1.2451073545815887,22.565499114416493
1.0,1.0,2.713585928162245e-07,0.7384107450190834,0.35717047553721426,0.4890196002867036,1.9098331799885113,0.00010001490116119385,1.655968534417429,59,6.573612884612665,21.320391764299217,1.245107603674521,22.565499367973736
1.0,1.0,2.8625975401007215e-07,0.7384107450190834,0.35717047553721426,0.4890196002867036,1.9098331799885113,0.0001,1.655968534417429,59,6.573612887449299,21.32039177221007,1.2451076033201147,22.56549937553018
0.99999999,1.0,-3.343485053700565e-09,0.7384106569291601,0.35717049513420085,0.48901964704222134,1.9098332446932118,0.0001,1.6559685348811186,59,6.573612883743189,21.320391772854816,1.2451073545815887,22.56549912743641
1.0,1.0,4.139551725790592e-08,0.7384107450731433,0.3571704753509105,0.48901960000297146,1.9098332083790046,0.0001,1.6559685341892418,59,6.573612857378437,21.320391773840754,1.2451073674399118,22.56549914128067
1.0,1.0,2.713585928162245e-07,0.7384107450190834,0.35717047553721426,0.4890196002867036,1.9098331799885113,0.0001,1.655968534417429,59,6.573612886846987,21.320391774185023,1.2451075870904216,22.565499361275446
1.0,1.0,4.139551725790592e-08,0.7384107450731433,0.3571704753509105,0.48901960000297146,1.9098331799202726,0.0001,1.6559685588650959,59,6.573612888149165,21.32039177803484,1.2451073632297953,22.56549914126463
1.0,1.0,4.870498558272124e-09,0.7384107450817297,0.3571704753213199,0.4890195999579063,1.9098332083681662,0.0001,1.6559685341529988,59,6.573612855878751,21.32039177881803,1.2451073275222462,22.565499106340273
1.0,1.0,1.0716397755097775e-10,0.7384107450828494,0.3571704753174609,0.4890195999520292,1.9098332083667526,0.0001,1.6559685341482724,59,6.573612855683173,21.320391779467126,1.245107322316466,22.565499101783594
1.0,1.0,-3.1676374840924897e-09,0.7384107450836193,0.35717047531480783,0.4890195999479887,1.909833208365781,0.0001,1.6559685341450228,59,6.573612855548712,21.320391779913383,1.2451073256375857,22.565499105550973
1.0,1.0,4.870498558272124e-09,0.7384107450817297,0.3571704753213199,0.4890195999579063,1.9098331799094341,0.0001,1.6559685588288529,59,6.573612886649478,21.320391783012102,1.2451073233121295,22.565499106324236
1.0,1.0,1.0716397755097775e-10,0.7384107450828494,0.3571704753174609,0.4890195999520292,1.9098331799080206,0.0001,1.6559685588241264,59,6.5736128864538985,21.320391783661208,1.2451073181063494,22.565499101767557
1.0,1.0,-3.1676374840924897e-09,0.7384107450836193,0.35717047531480783,0.4890195999479887,1.909833179907049,0.0001,1.6559685588208768,59,6.573612886319438,21.320391784107464,1.245107321427469,22.565499105534933
1.0,1.0,4.139551725790592e-08,0.7384107450731433,0.3571704753509105,0.48901961490413265,1.9098331799202726,0.0001,1.6559685341892418,59,6.573612888465046,21.32039178690509,1.2451073543656415,22.565499141270735
1.0,1.0,4.139551725790592e-08,0.7384107450731433,0.3571704902520717,0.48901960000297146,1.9098331799202726,0.0001,1.6559685341892418,59,6.5736128671682295,21.320391786911408,1.2451073543656415,22.565499141277048
1.0,0.9999999850988388,2.713585928162245e-07,0.7384107450190834,0.35717047553721426,0.4890196002867036,1.9098331799885113,0.0001,1.655968534417429,59,6.573612892851134,21.320391787234122,1.2451075870904216,22.565499374324546
1.0,1.0,4.139551725790592e-08,0.7384107599743045,0.3571704753509105,0.48901960000297146,1.9098331799202726,0.0001,1.6559685341892418,59,6.5736128738248185,21.32039178929589,1.2451073519967373,22.565499141292626
1.0,1.0,4.870498558272124e-09,0.7384107450817297,0.3571704753213199,0.4890196148590675,1.9098331799094341,0.0001,1.6559685341529988,59,6.573612886965359,21.32039179188236,1.2451073144479747,22.565499106330332
1.0,1.0,4.870498558272124e-09,0.7384107450817297,0.3571704902224811,0.4890195999579063,1.9098331799094341,0.0001,1.6559685341529988,59,6.573612865668545,21.320391791888678,1.2451073144479747,22.565499106336656
1.0,1.0,-3.1883340122565683e-09,0.7384107347082058,0.357170477647468,0.48901961549078415,1.909833187532111,0.0001,1.6559685342316581,59,6.573612882672944,21.320391791978462,1.2451073135803779,22.565499105558835
1.0,1.0,-3.1883340122565683e-09,0.7384107347082058,0.357170487647468,0.48901960549078416,1.909833187532111,0.0001,1.6559685342316581,59,6.573612868380895,21.3203917919827,1.2451073135803779,22.56549910556308
1.0,1.0,1.0716397755097775e-10,0.7384107450828494,0.3571704753174609,0.4890196148531904,1.9098331799080206,0.0001,1.6559685341482724,59,6.573612886769779,21.320391792531463,1.2451073092421956,22.56549910177366
1.0,1.0,1.0716397755097775e-10,0.7384107450828494,0.35717049021862207,0.4890195999520292,1.9098331799080206,0.0001,1.6559685341482724,59,6.573612865472966,21.320391792537777,1.2451073092421956,22.56549910177997
1.0,1.0,-3.1676374840924897e-09,0.7384107450836193,0.35717047531480783,0.4890196148491499,1.909833179907049,0.0001,1.6559685341450228,59,6.573612886635319,21.32039179297772,1.2451073125633143,22.565499105541033
1.0,1.0,-3.1676374840924897e-09,0.7384107450836193,0.357170490215969,0.4890195999479887,1.909833179907049,0.0001,1.6559685341450228,59,6.5736128653385055,21.320391792984033,1.2451073125633143,22.565499105547346
1.0,1.0,-3.1883340122565683e-09,0.7384107347082058,0.357170477647468,0.48901960549078416,1.909833187532111,0.0001,1.655968544231658,59,6.573612879604762,21.32039179333278,1.2451073122284742,22.565499105561262
1.0,1.0,-3.1883340122565683e-09,0.7384107347082058,0.357170477647468,0.48901960549078416,1.909833197532111,0.0001,1.6559685342316581,59,6.57361286821358,21.32039179333974,1.2451073122284742,22.565499105568215
1.0,1.0,-3.1883340122565683e-09,0.7384107447082059,0.357170477647468,0.48901960549078416,1.909833187532111,0.0001,1.6559685342316581,59,6.573612872848056,21.320391793582903,1.2451073119906324,22.565499105573533
1.0,1.0,4.870498558272124e-09,0.7384107599828909,0.3571704753213199,0.4890195999579063,1.9098331799094341,0.0001,1.6559685341529988,59,6.573612872325132,21.320391794273164,1.2451073120790699,22.56549910635223
1.0,1.0,1.0716397755097775e-10,0.7384107599840106,0.3571704753174609,0.4890195999520292,1.9098331799080206,0.0001,1.6559685341482724,59,6.573612872129552,21.320391794922255,1.2451073068732907,22.565499101795545
1.0,1.0,-3.1676374840924897e-09,0.7384107599847805,0.35717047531480783,0.4890195999479887,1.909833179907049,0.0001,1.6559685341450228,59,6.573612871995092,21.32039179536852,1.2451073101944097,22.56549910556292
1.0,1.0,4.139551725790592e-08,0.7384107450731433,0.3571704753509105,0.48901960000297146,1.9098331799202726,0.00010001490116119385,1.6559685341892418,59,6.573612875170547,21.32039179563626,1.2451073523511484,22.565499147987413
1.0,1.0,-3.1883340122565683e-09,0.7384107347082058,0.357170477647468,0.48901960549078416,1.909833187532111,0.00010001,1.6559685342316581,59,6.573612873751159,21.320391797837857,1.2451073122284742,22.565499110066327
1.0,1.0,-3.1700530687760283e-09,0.7384107438726583,0.35717047558706305,0.4890196105949132,1.9098331807970041,0.0001,1.6559685341551342,59,6.573612882959621,21.320391798269743,1.2451073072787082,22.565499105548458
1.0,1.0,-3.1700530687760283e-09,0.7384107438726583,0.35717048558706305,0.48901960059491323,1.9098331807970041,0.0001,1.6559685341551342,59,6.573612868667571,21.32039179827398,1.2451073072787082,22.56549910555269
1.0,1.0,-3.1679189786681147e-09,0.7384107449425027,0.35717047534653446,0.48901961002337657,1.9098331800107577,0.0001,1.655968534146201,59,6.573612882993086,21.32039179900418,1.2451073065430605,22.56549910554724
1.0,1.0,-3.1679189786681147e-09,0.7384107449425027,0.35717048534653445,0.4890196000233766,1.9098331800107577,0.0001,1.655968534146201,59,6.573612868701036,21.32039179900842,1.2451073065430605,22.565499105551474
1.0,1.0,-3.167669579502476e-09,0.7384107450675295,0.3571704753184252,0.4890196099565843,1.9098331799188735,0.0001,1.655968534145157,59,6.573612882996999,21.32039179909001,1.245107306457089,22.565499105547097
1.0,1.0,-3.167669579502476e-09,0.7384107450675295,0.3571704853184252,0.4890195999565843,1.9098331799188735,0.0001,1.655968534145157,59,6.573612868704949,21.320391799094246,1.245107306457089,22.56549910555134
1.0,1.0,-3.1676408456450036e-09,0.7384107450819342,0.3571704753151867,0.489019609948889,1.9098331799082873,0.0001,1.6559685341450368,59,6.573612882997448,21.320391799099895,1.2451073064471847,22.565499105547083
1.0,1.0,-3.1676396496385662e-09,0.7384107450825337,0.3571704753150519,0.4890196099485687,1.9098331799078467,0.0001,1.6559685341450316,59,6.573612882997468,21.320391799100307,1.2451073064467724,22.56549910554708
1.0,1.0,-3.167637622249825e-09,0.7384107450835501,0.3571704753148234,0.4890196099480257,1.9098331799070998,0.0001,1.6559685341450232,59,6.573612882997501,21.320391799101007,1.2451073064460736,22.565499105547083
1.0,1.0,-3.167637575276331e-09,0.7384107450835736,0.3571704753148181,0.48901960994801313,1.9098331799070825,0.0001,1.655968534145023,59,6.573612882997501,21.32039179910102,1.2451073064460578,22.56549910554708
1.0,1.0,-3.16763748444434e-09,0.7384107450836191,0.3571704753148079,0.4890196099479888,1.909833179907049,0.0001,1.6559685341450228,59,6.573612882997502,21.320391799101053,1.2451073064460265,22.565499105547076
1.0,1.0,-3.167637483684326e-09,0.7384107450836195,0.3571704753148078,0.4890196099479886,1.9098331799070487,0.0001,1.6559685341450228,59,6.5736128829975025,21.320391799101053,1.2451073064460254,22.56549910554708
1.0,1.0,-3.1676374840924897e-09,0.7384107450836193,0.35717047531480783,0.4890196099479887,1.909833179907049,0.0001,1.6559685341450228,59,6.573612882997502,21.320391799101056,1.2451073064460259,22.565499105547076
1.0,1.0,-3.1676374840924897e-09,0.7384107450836193,0.35717047531480783,0.4890196099479887,1.909833179907049,0.0001,1.6559685341450228,59,6.573612882997502,21.320391799101056,1.2451073064460259,22.565499105547076
1.0,1.0,-3.1676373279790107e-09,0.7384107450836975,0.35717047531479024,0.4890196099479469,1.9098331799069914,0.0001,1.655968534145022,59,6.573612882997504,21.320391799101106,1.2451073064459717,22.565499105547076
1.0,1.0,-3.1676369719288507e-09,0.738410745083876,0.3571704753147501,0.48901960994785154,1.9098331799068602,0.0001,1.6559685341450205,59,6.573612882997509,21.32039179910123,1.245107306445849,22.56549910554708
1.0,1.0,-3.1676408456450036e-09,0.7384107450819342,0.3571704853151867,0.489019599948889,1.9098331799082873,0.0001,1.6559685341450368,59,6.573612868705399,21.320391799104137,1.2451073064471847,22.56549910555132
1.0,1.0,-3.1676396496385662e-09,0.7384107450825337,0.3571704853150519,0.4890195999485687,1.9098331799078467,0.0001,1.6559685341450316,59,6.573612868705418,21.32039179910455,1.2451073064467724,22.565499105551318
1.0,1.0,-3.167637622249825e-09,0.7384107450835501,0.35717048531482337,0.4890195999480257,1.9098331799070998,0.0001,1.6559685341450232,59,6.57361286870545,21.320391799105245,1.2451073064460736,22.565499105551318
1.0,1.0,-3.167637575276331e-09,0.7384107450835736,0.3571704853148181,0.48901959994801314,1.9098331799070825,0.0001,1.655968534145023,59,6.57361286870545,21.320391799105263,1.2451073064460578,22.565499105551318
1.0,1.0,-3.1676374840924897e-09,0.7384107450836193,0.35717048531480783,0.4890195999479887,1.909833179907049,0.0001,1.6559685341450228,59,6.573612868705451,21.32039179910529,1.2451073064460259,22.565499105551318
1.0,1.0,-3.1676374840924897e-09,0.7384107450836193,0.35717048531480783,0.4890195999479887,1.909833179907049,0.0001,1.6559685341450228,59,6.573612868705451,21.32039179910529,1.2451073064460259,22.565499105551318
1.0,1.0,-3.167637483684326e-09,0.7384107450836195,0.3571704853148078,0.4890195999479886,1.9098331799070487,0.0001,1.6559685341450228,59,6.573612868705452,21.32039179910529,1.2451073064460254,22.565499105551318
1.0,1.0,-3.16763748444434e-09,0.7384107450836191,0.3571704853148079,0.4890195999479888,1.909833179907049,0.0001,1.6559685341450228,59,6.573612868705452,21.320391799105295,1.2451073064460265,22.565499105551318
1.0,1.0,-3.1676373279790107e-09,0.7384107450836975,0.35717048531479023,0.4890195999479469,1.9098331799069914,0.0001,1.655968534145022,59,6.573612868705455,21.320391799105348,1.2451073064459717,22.565499105551318
1.0,1.0,-3.1676369719288507e-09,0.738410745083876,0.3571704853147501,0.48901959994785155,1.9098331799068602,0.0001,1.6559685341450205,59,6.57361286870546,21.32039179910547,1.245107306445849,22.565499105551318
1.0,1.0,-3.1700530687760283e-09,0.7384107438726583,0.35717047558706305,0.48901960059491323,1.9098331807970041,0.0001,1.6559685441551342,59,6.573612879891437,21.320391799624065,1.2451073059268054,22.565499105550867
1.0,1.0,-3.1700530687760283e-09,0.7384107438726583,0.35717047558706305,0.48901960059491323,1.909833190797004,0.0001,1.6559685341551342,59,6.573612868500257,21.320391799631018,1.2451073059268054,22.565499105557826
1.0,1.0,-3.1700530687760283e-09,0.7384107538726583,0.35717047558706305,0.48901960059491323,1.9098331807970041,0.0001,1.6559685341551342,59,6.573612873134733,21.32039179987418,1.2451073056889632,22.565499105563145
1.0,1.0,-3.1679189786681147e-09,0.7384107449425027,0.35717047534653446,0.4890196000233766,1.9098331800107577,0.0001,1.6559685441462009,59,6.573612879924903,21.320391800358497,1.245107305191157,22.565499105549655
1.0,1.0,-3.1679189786681147e-09,0.7384107449425027,0.35717047534653446,0.4890196000233766,1.9098331900107577,0.0001,1.655968534146201,59,6.573612868533722,21.320391800365453,1.245107305191157,22.56549910555661
1.0,1.0,-3.167669579502476e-09,0.7384107450675295,0.3571704753184252,0.4890195999565843,1.9098331799188735,0.0001,1.655968544145157,59,6.573612879928814,21.320391800444327,1.2451073051051862,22.565499105549513
1.0,1.0,-3.167669579502476e-09,0.7384107450675295,0.3571704753184252,0.4890195999565843,1.9098331899188734,0.0001,1.655968534145157,59,6.573612868537634,21.320391800451283,1.2451073051051862,22.56549910555647
1.0,1.0,-3.1676408456450036e-09,0.7384107450819342,0.3571704753151867,0.489019599948889,1.9098331799082873,0.0001,1.6559685441450367,59,6.573612879929265,21.320391800454214,1.245107305095282,22.565499105549495
1.0,1.0,-3.1676396496385662e-09,0.7384107450825337,0.3571704753150519,0.4890195999485687,1.9098331799078467,0.0001,1.6559685441450316,59,6.573612879929284,21.320391800454626,1.2451073050948687,22.565499105549492
1.0,1.0,-3.167637622249825e-09,0.7384107450835501,0.3571704753148234,0.4890195999480257,1.9098331799070998,0.0001,1.6559685441450231,59,6.573612879929316,21.320391800455322,1.24510730509417,22.565499105549492
1.0,1.0,-3.167637575276331e-09,0.7384107450835736,0.3571704753148181,0.48901959994801314,1.9098331799070825,0.0001,1.655968544145023,59,6.573612879929318,21.320391800455344,1.2451073050941537,22.5654991055495
1.0,1.0,-3.1676374840924897e-09,0.7384107450836193,0.35717047531480783,0.4890195999479887,1.909833179907049,0.0001,1.6559685441450227,59,6.573612879929318,21.320391800455372,1.2451073050941228,22.5654991055495
1.0,1.0,-3.1676374840924897e-09,0.7384107450836193,0.35717047531480783,0.4890195999479887,1.909833179907049,0.0001,1.6559685441450227,59,6.573612879929318,21.320391800455372,1.2451073050941228,22.5654991055495
1.0,1.0,-3.167637483684326e-09,0.7384107450836195,0.3571704753148078,0.4890195999479886,1.9098331799070487,0.0001,1.6559685441450227,59,6.573612879929318,21.320391800455372,1.2451073050941226,22.5654991055495
1.0,1.0,-3.16763748444434e-09,0.7384107450836191,0.3571704753148079,0.4890195999479888,1.909833179907049,0.0001,1.6559685441450227,59,6.573612879929317,21.320391800455372,1.2451073050941228,22.5654991055495
1.0,1.0,-3.1676373279790107e-09,0.7384107450836975,0.35717047531479024,0.4890195999479469,1.9098331799069914,0.0001,1.655968544145022,59,6.573612879929319,21.32039180045543,1.2451073050940689,22.565499105549495
1.0,1.0,-3.1676369719288507e-09,0.738410745083876,0.3571704753147501,0.48901959994785155,1.9098331799068602,0.0001,1.6559685441450205,59,6.573612879929326,21.320391800455546,1.245107305093946,22.5654991055495
1.0,1.0,-3.1676408456450036e-09,0.7384107450819342,0.3571704753151867,0.489019599948889,1.9098331899082872,0.0001,1.6559685341450368,59,6.573612868538084,21.320391800461167,1.245107305095282,22.56549910555645
1.0,1.0,-3.1676396496385662e-09,0.7384107450825337,0.3571704753150519,0.4890195999485687,1.9098331899078467,0.0001,1.6559685341450316,59,6.573612868538102,21.320391800461586,1.2451073050948687,22.56549910555645
1.0,1.0,-3.167637622249825e-09,0.7384107450835501,0.3571704753148234,0.4890195999480257,1.9098331899070997,0.0001,1.6559685341450232,59,6.5736128685381345,21.32039180046228,1.24510730509417,22.565499105556444
1.0,1.0,-3.167637575276331e-09,0.7384107450835736,0.3571704753148181,0.48901959994801314,1.9098331899070824,0.0001,1.655968534145023,59,6.573612868538136,21.3203918004623,1.2451073050941537,22.56549910555645
1.0,1.0,-3.1676374840924897e-09,0.7384107450836193,0.35717047531480783,0.4890195999479887,1.9098331899070489,0.0001,1.6559685341450228,59,6.573612868538137,21.320391800462325,1.2451073050941228,22.56549910555645
1.0,1.0,-3.167637483684326e-09,0.7384107450836195,0.3571704753148078,0.4890195999479886,1.9098331899070486,0.0001,1.6559685341450228,59,6.573612868538137,21.320391800462325,1.2451073050941226,22.565499105556448
1.0,1.0,-3.16763748444434e-09,0.7384107450836191,0.3571704753148079,0.4890195999479888,1.9098331899070489,0.0001,1.6559685341450228,59,6.573612868538137,21.320391800462325,1.2451073050941228,22.56549910555645
1.0,1.0,-3.1676374840924897e-09,0.7384107450836193,0.35717047531480783,0.4890195999479887,1.9098331899070489,0.0001,1.6559685341450228,59,6.573612868538137,21.320391800462325,1.2451073050941228,22.56549910555645
1.0,1.0,-3.1676373279790107e-09,0.7384107450836975,0.35717047531479024,0.4890195999479469,1.9098331899069914,0.0001,1.655968534145022,59,6.57361286853814,21.320391800462385,1.2451073050940689,22.56549910555645
1.0,1.0,-3.1676369719288507e-09,0.738410745083876,0.3571704753147501,0.48901959994785155,1.9098331899068601,0.0001,1.6559685341450205,59,6.573612868538145,21.3203918004625,1.245107305093946,22.565499105556448
1.0,1.0,-3.1679189786681147e-09,0.7384107549425027,0.35717047534653446,0.4890196000233766,1.9098331800107577,0.0001,1.655968534146201,59,6.573612873168197,21.320391800608615,1.245107304953315,22.565499105561933
1.0,1.0,4.870498558272124e-09,0.7384107450817297,0.3571704753213199,0.4890195999579063,1.9098331799094341,0.00010001490116119385,1.6559685341529988,59,6.57361287367086,21.320391800613535,1.2451073124334817,22.565499113047014
1.0,1.0,-3.167669579502476e-09,0.7384107550675295,0.3571704753184252,0.4890195999565843,1.9098331799188735,0.0001,1.655968534145157,59,6.573612873172109,21.320391800694445,1.2451073048673442,22.56549910556179
1.0,1.0,-3.1676408456450036e-09,0.7384107550819342,0.3571704753151867,0.489019599948889,1.9098331799082873,0.0001,1.6559685341450368,59,6.573612873172559,21.320391800704336,1.24510730485744,22.565499105561774
1.0,1.0,-3.1676396496385662e-09,0.7384107550825337,0.3571704753150519,0.4890195999485687,1.9098331799078467,0.0001,1.6559685341450316,59,6.573612873172578,21.320391800704748,1.2451073048570274,22.565499105561774
1.0,1.0,-3.167637622249825e-09,0.7384107550835501,0.3571704753148234,0.4890195999480257,1.9098331799070998,0.0001,1.6559685341450232,59,6.57361287317261,21.320391800705444,1.2451073048563286,22.56549910556177
1.0,1.0,-3.167637575276331e-09,0.7384107550835737,0.3571704753148181,0.48901959994801314,1.9098331799070825,0.0001,1.655968534145023,59,6.573612873172611,21.320391800705462,1.2451073048563128,22.565499105561774
1.0,1.0,-3.16763748444434e-09,0.7384107550836192,0.3571704753148079,0.4890195999479888,1.909833179907049,0.0001,1.6559685341450228,59,6.573612873172612,21.32039180070549,1.2451073048562808,22.56549910556177
1.0,1.0,-3.1676374840924897e-09,0.7384107550836193,0.35717047531480783,0.4890195999479887,1.909833179907049,0.0001,1.6559685341450228,59,6.573612873172612,21.320391800705494,1.2451073048562808,22.56549910556177
1.0,1.0,-3.167637483684326e-09,0.7384107550836195,0.3571704753148078,0.4890195999479886,1.9098331799070487,0.0001,1.6559685341450228,59,6.573612873172614,21.320391800705494,1.2451073048562806,22.56549910556177
1.0,1.0,-3.1676374840924897e-09,0.7384107550836193,0.35717047531480783,0.4890195999479887,1.909833179907049,0.0001,1.6559685341450228,59,6.573612873172612,21.320391800705494,1.2451073048562808,22.56549910556177
1.0,1.0,-3.1676373279790107e-09,0.7384107550836976,0.35717047531479024,0.4890195999479469,1.9098331799069914,0.0001,1.655968534145022,59,6.573612873172616,21.320391800705544,1.245107304856227,22.56549910556177
1.0,1.0,-3.1676369719288507e-09,0.7384107550838761,0.3571704753147501,0.48901959994785155,1.9098331799068602,0.0001,1.6559685341450205,59,6.57361287317262,21.320391800705668,1.245107304856104,22.565499105561774
1.0,1.0,1.0716397755097775e-10,0.7384107450828494,0.3571704753174609,0.4890195999520292,1.9098331799080206,0.00010001490116119385,1.6559685341482724,59,6.573612873475284,21.320391801262634,1.2451073072277026,22.565499108490336
1.0,1.0,-3.1676374840924897e-09,0.7384107450836193,0.35717047531480783,0.4890195999479887,1.909833179907049,0.00010001490116119385,1.6559685341450228,59,6.573612873340822,21.32039180170889,1.2451073105488213,22.56549911225771
1.0,1.0,6.811665987743432e-09,0.7384107347082058,0.357170477647468,0.48901960549078416,1.909833187532111,0.0001,1.6559685342316581,59,6.573612875654793,21.320391803146737,1.2451073050454473,22.56549910819218
1.0,1.0,5.6296678451753575e-08,0.7384107450731433,0.3571704753509105,0.48901960000297146,1.9098331799202726,0.0001,1.6559685341892418,59,6.573612878007179,21.320391803547114,1.2451073519967373,22.56549915554385
1.0,1.0,-3.1700530687760283e-09,0.7384107438726583,0.35717047558706305,0.48901960059491323,1.9098331807970041,0.00010001,1.6559685341551342,59,6.573612874037837,21.320391804129134,1.2451073059268054,22.565499110055942
1.0,1.0,-3.1883340122565683e-09,0.7384107347082058,0.357170477647468,0.48901960549078416,1.909833187532111,0.0001,1.6559685342316581,59,6.573612875250587,21.320391804472113,1.245107301099074,22.565499105571185
1.0,1.0,-3.1679189786681147e-09,0.7384107449425027,0.35717047534653446,0.4890196000233766,1.9098331800107577,0.00010001,1.655968534146201,59,6.573612874071301,21.320391804863572,1.245107305191157,22.56549911005473
1.0,1.0,-3.167669579502476e-09,0.7384107450675295,0.3571704753184252,0.4890195999565843,1.9098331799188735,0.00010001,1.655968534145157,59,6.573612874075211,21.320391804949402,1.2451073051051862,22.565499110054585
1.0,1.0,-3.1676408456450036e-09,0.7384107450819342,0.3571704753151867,0.489019599948889,1.9098331799082873,0.00010001,1.6559685341450368,59,6.573612874075663,21.320391804959293,1.245107305095282,22.565499110054574
1.0,1.0,-3.1676396496385662e-09,0.7384107450825337,0.3571704753150519,0.4890195999485687,1.9098331799078467,0.00010001,1.6559685341450316,59,6.573612874075682,21.3203918049597,1.2451073050948687,22.565499110054567
1.0,1.0,-3.167637622249825e-09,0.7384107450835501,0.3571704753148234,0.4890195999480257,1.9098331799070998,0.00010001,1.6559685341450232,59,6.573612874075712,21.320391804960398,1.24510730509417,22.56549911005457
1.0,1.0,-3.167637575276331e-09,0.7384107450835736,0.3571704753148181,0.48901959994801314,1.9098331799070825,0.00010001,1.655968534145023,59,6.573612874075716,21.320391804960416,1.2451073050941537,22.565499110054567
1.0,1.0,-3.1676374840924897e-09,0.7384107450836193,0.35717047531480783,0.4890195999479887,1.909833179907049,0.00010001,1.6559685341450228,59,6.5736128740757165,21.32039180496044,1.2451073050941228,22.565499110054567
1.0,1.0,-3.1676374840924897e-09,0.7384107450836193,0.35717047531480783,0.4890195999479887,1.909833179907049,0.00010001,1.6559685341450228,59,6.5736128740757165,21.32039180496044,1.2451073050941228,22.565499110054567
1.0,1.0,-3.16763748444434e-09,0.7384107450836191,0.3571704753148079,0.4890195999479888,1.909833179907049,0.00010001,1.6559685341450228,59,6.573612874075716,21.320391804960444,1.2451073050941228,22.565499110054567
1.0,1.0,-3.167637483684326e-09,0.7384107450836195,0.3571704753148078,0.4890195999479886,1.9098331799070487,0.00010001,1.6559685341450228,59,6.573612874075717,21.320391804960444,1.2451073050941226,22.565499110054567
1.0,1.0,-3.1676373279790107e-09,0.7384107450836975,0.35717047531479024,0.4890195999479469,1.9098331799069914,0.00010001,1.655968534145022,59,6.573612874075718,21.320391804960504,1.2451073050940689,22.565499110054574
1.0,1.0,-3.1676369719288507e-09,0.738410745083876,0.3571704753147501,0.48901959994785155,1.9098331799068602,0.00010001,1.6559685341450205,59,6.5736128740757245,21.320391804960618,1.245107305093946,22.565499110054564
1.0,1.0,4.139551725790592e-08,0.7384107450731433,0.3571704753509105,0.48901960000297146,1.9098331799202726,0.0001,1.6559685341892418,59,6.57361287740487,21.32039180552207,1.2451073357670495,22.565499141289123
0.9999999850988388,1.0,2.713585928162245e-07,0.7384107450190834,0.35717047553721426,0.4890196002867036,1.9098331799885113,0.0001,1.655968534417429,59,6.573612903127429,21.320391806635307,1.2451075870904216,22.56549939372573
1.0,1.0,1.977165975211978e-08,0.7384107450817297,0.3571704753213199,0.4890195999579063,1.9098331799094341,0.0001,1.6559685341529988,59,6.573612876507492,21.320391808524388,1.2451073120790699,22.565499120603455
1.0,1.0,1.5008325171398634e-08,0.7384107450828494,0.3571704753174609,0.4890195999520292,1.9098331799080206,0.0001,1.6559685341482724,59,6.573612876311913,21.32039180917348,1.2451073068732907,22.56549911604677
1.0,1.0,6.829946931223972e-09,0.7384107438726583,0.35717047558706305,0.48901960059491323,1.9098331807970041,0.0001,1.6559685341551342,59,6.573612875941466,21.320391809438018,1.2451072987835992,22.565499108221612
1.0,1.0,6.832081021331885e-09,0.7384107449425027,0.35717047534653446,0.4890196000233766,1.9098331800107577,0.0001,1.655968534146201,59,6.573612875974933,21.320391810172453,1.2451072980526001,22.565499108225055
1.0,1.0,6.832330420497525e-09,0.7384107450675295,0.3571704753184252,0.4890195999565843,1.9098331799188735,0.0001,1.655968534145157,59,6.573612875978842,21.32039181025828,1.2451072979671722,22.565499108225453
1.0,1.0,6.832359154354997e-09,0.7384107450819342,0.3571704753151867,0.489019599948889,1.9098331799082873,0.0001,1.6559685341450368,59,6.573612875979295,21.320391810268173,1.2451072979573308,22.5654991082255
1.0,1.0,6.832360350361434e-09,0.7384107450825337,0.3571704753150519,0.4890195999485687,1.9098331799078467,0.0001,1.6559685341450316,59,6.573612875979314,21.320391810268582,1.2451072979569209,22.5654991082255
1.0,1.0,6.832362377750175e-09,0.7384107450835501,0.3571704753148234,0.4890195999480257,1.9098331799070998,0.0001,1.6559685341450232,59,6.573612875979346,21.320391810269278,1.2451072979562265,22.565499108225506
1.0,1.0,6.832362424723669e-09,0.7384107450835736,0.3571704753148181,0.48901959994801314,1.9098331799070825,0.0001,1.655968534145023,59,6.573612875979346,21.320391810269296,1.2451072979562108,22.565499108225513
1.0,1.0,6.8323625159075105e-09,0.7384107450836193,0.35717047531480783,0.4890195999479887,1.909833179907049,0.0001,1.6559685341450228,59,6.573612875979346,21.320391810269324,1.2451072979561792,22.565499108225502
1.0,1.0,6.832362516315674e-09,0.7384107450836195,0.3571704753148078,0.4890195999479886,1.9098331799070487,0.0001,1.6559685341450228,59,6.5736128759793475,21.320391810269324,1.2451072979561786,22.565499108225506
1.0,1.0,6.83236251555566e-09,0.7384107450836191,0.3571704753148079,0.4890195999479888,1.909833179907049,0.0001,1.6559685341450228,59,6.5736128759793475,21.320391810269324,1.2451072979561792,22.565499108225502
1.0,1.0,6.8323625159075105e-09,0.7384107450836193,0.35717047531480783,0.4890195999479887,1.909833179907049,0.0001,1.6559685341450228,59,6.573612875979346,21.320391810269324,1.2451072979561792,22.565499108225502
1.0,1.0,6.832362672020989e-09,0.7384107450836975,0.35717047531479024,0.4890195999479469,1.9098331799069914,0.0001,1.655968534145022,59,6.573612875979349,21.32039181026938,1.2451072979561255,22.56549910822551
1.0,1.0,6.8323630280711495e-09,0.738410745083876,0.3571704753147501,0.48901959994785155,1.9098331799068602,0.0001,1.6559685341450205,59,6.573612875979354,21.320391810269495,1.2451072979560038,22.565499108225506
1.0,1.0,4.870498558272124e-09,0.7384107450817297,0.3571704753213199,0.4890195999579063,1.9098331799094341,0.0001,1.6559685341529988,59,6.573612875905184,21.32039181049934,1.245107295849383,22.565499106348724
1.0,1.0,-3.1700530687760283e-09,0.7384107438726583,0.35717047558706305,0.48901960059491323,1.9098331807970041,0.0001,1.6559685341551342,59,6.573612875537265,21.32039181076339,1.2451072947974047,22.56549910556079
1.0,1.0,1.0716397755097775e-10,0.7384107450828494,0.3571704753174609,0.4890195999520292,1.9098331799080206,0.0001,1.6559685341482724,59,6.573612875709604,21.32039181114844,1.2451072906436038,22.565499101792042
1.0,1.0,-3.1679189786681147e-09,0.7384107449425027,0.35717047534653446,0.4890196000233766,1.9098331800107577,0.0001,1.655968534146201,59,6.573612875570731,21.320391811497828,1.2451072940617567,22.56549910555958
1.0,1.0,-3.167669579502476e-09,0.7384107450675295,0.3571704753184252,0.4890195999565843,1.9098331799188735,0.0001,1.655968534145157,59,6.573612875574642,21.320391811583658,1.2451072939757855,22.565499105559436
1.0,1.0,-3.1676408456450036e-09,0.7384107450819342,0.3571704753151867,0.489019599948889,1.9098331799082873,0.0001,1.6559685341450368,59,6.573612875575092,21.32039181159354,1.245107293965881,22.56549910555942
1.0,1.0,-3.1676396496385662e-09,0.7384107450825337,0.3571704753150519,0.4890195999485687,1.9098331799078467,0.0001,1.6559685341450316,59,6.57361287557511,21.320391811593954,1.2451072939654688,22.56549910555942
1.0,1.0,-3.167637622249825e-09,0.7384107450835501,0.3571704753148234,0.4890195999480257,1.9098331799070998,0.0001,1.6559685341450232,59,6.573612875575143,21.320391811594654,1.24510729396477,22.565499105559425
1.0,1.0,-3.167637575276331e-09,0.7384107450835736,0.3571704753148181,0.48901959994801314,1.9098331799070825,0.0001,1.655968534145023,59,6.573612875575144,21.320391811594668,1.245107293964754,22.56549910555942
1.0,1.0,-3.1676374840924897e-09,0.7384107450836193,0.35717047531480783,0.4890195999479887,1.909833179907049,0.0001,1.6559685341450228,59,6.5736128755751455,21.320391811594696,1.2451072939647227,22.565499105559418
1.0,1.0,-3.1676374840924897e-09,0.7384107450836193,0.35717047531480783,0.4890195999479887,1.909833179907049,0.0001,1.6559685341450228,59,6.5736128755751455,21.320391811594696,1.2451072939647227,22.565499105559418
1.0,1.0,-3.167637483684326e-09,0.7384107450836195,0.3571704753148078,0.4890195999479886,1.9098331799070487,0.0001,1.6559685341450228,59,6.573612875575146,21.320391811594696,1.2451072939647216,22.565499105559418
1.0,1.0,-3.1676374840924897e-09,0.7384107450836193,0.35717047531480783,0.4890195999479887,1.909833179907049,0.0001,1.6559685341450228,59,6.5736128755751455,21.320391811594696,1.2451072939647227,22.565499105559418
1.0,1.0,-3.16763748444434e-09,0.7384107450836191,0.3571704753148079,0.4890195999479888,1.909833179907049,0.0001,1.6559685341450228,59,6.573612875575146,21.320391811594696,1.2451072939647227,22.56549910555942
1.0,1.0,-3.1676373279790107e-09,0.7384107450836975,0.35717047531479024,0.4890195999479469,1.9098331799069914,0.0001,1.655968534145022,59,6.573612875575147,21.320391811594757,1.2451072939646681,22.565499105559418
1.0,1.0,-3.1676369719288507e-09,0.738410745083876,0.3571704753147501,0.48901959994785155,1.9098331799068602,0.0001,1.6559685341450205,59,6.573612875575153,21.320391811594874,1.2451072939645458,22.565499105559418
1.0,0.99999999,-3.1883340122565683e-09,0.7384107347082058,0.357170477647468,0.48901960549078416,1.909833187532111,0.0001,1.6559685342316581,59,6.573612879279904,21.320391813229215,1.2451073010990743,22.565499114328286
1.0,1.0,-1.8068798677940147e-08,0.7384107450836193,0.35717047531480783,0.4890195999479887,1.909833179907049,0.0001,1.6559685341450228,59,6.573612874972836,21.320391813569657,1.2451073101944097,22.565499123764067
1.0,0.9999999850988388,4.139551725790592e-08,0.7384107450731433,0.3571704753509105,0.48901960000297146,1.9098331799202726,0.0001,1.6559685341892418,59,6.573612883409018,21.32039181857117,1.2451073357670495,22.565499154338223
1.0,0.99999999,-3.1700530687760283e-09,0.7384107438726583,0.35717047558706305,0.48901960059491323,1.9098331807970041,0.0001,1.6559685341551342,59,6.57361287956658,21.320391819520484,1.2451072947974047,22.565499114317895
1.0,0.99999999,-3.1679189786681147e-09,0.7384107449425027,0.35717047534653446,0.4890196000233766,1.9098331800107577,0.0001,1.655968534146201,59,6.573612879600045,21.32039182025493,1.2451072940617567,22.565499114316687
1.0,0.99999999,-3.167669579502476e-09,0.7384107450675295,0.3571704753184252,0.4890195999565843,1.9098331799188735,0.0001,1.655968534145157,59,6.573612879603957,21.320391820340756,1.2451072939757857,22.56549911431654
1.0,0.99999999,-3.1676408456450036e-09,0.7384107450819342,0.3571704753151867,0.489019599948889,1.9098331799082873,0.0001,1.6559685341450368,59,6.573612879604408,21.320391820350647,1.2451072939658814,22.565499114316527
1.0,0.99999999,-3.1676396496385662e-09,0.7384107450825337,0.3571704753150519,0.4890195999485687,1.9098331799078467,0.0001,1.6559685341450316,59,6.573612879604424,21.320391820351055,1.2451072939654688,22.565499114316523
1.0,0.99999999,-3.167637622249825e-09,0.7384107450835501,0.3571704753148234,0.4890195999480257,1.9098331799070998,0.0001,1.6559685341450232,59,6.573612879604459,21.32039182035175,1.24510729396477,22.565499114316527
1.0,0.99999999,-3.167637575276331e-09,0.7384107450835736,0.3571704753148181,0.48901959994801314,1.9098331799070825,0.0001,1.655968534145023,59,6.5736128796044575,21.320391820351777,1.245107293964754,22.565499114316523
1.0,0.99999999,-3.1676374840924897e-09,0.7384107450836193,0.35717047531480783,0.4890195999479887,1.909833179907049,0.0001,1.6559685341450228,59,6.57361287960446,21.320391820351798,1.2451072939647227,22.565499114316523
1.0,0.99999999,-3.16763748444434e-09,0.7384107450836191,0.3571704753148079,0.4890195999479888,1.909833179907049,0.0001,1.6559685341450228,59,6.573612879604461,21.320391820351798,1.2451072939647227,22.565499114316523
1.0,0.99999999,-3.1676374840924897e-09,0.7384107450836193,0.35717047531480783,0.4890195999479887,1.909833179907049,0.0001,1.6559685341450228,59,6.57361287960446,21.320391820351798,1.2451072939647227,22.565499114316523
1.0,0.99999999,-3.167637483684326e-09,0.7384107450836195,0.3571704753148078,0.4890195999479886,1.9098331799070487,0.0001,1.6559685341450228,59,6.57361287960446,21.320391820351798,1.2451072939647216,22.565499114316523
1.0,0.99999999,-3.1676373279790107e-09,0.7384107450836975,0.35717047531479024,0.4890195999479469,1.9098331799069914,0.0001,1.655968534145022,59,6.573612879604463,21.320391820351855,1.2451072939646683,22.565499114316523
1.0,0.99999999,-3.1676369719288507e-09,0.738410745083876,0.3571704753147501,0.48901959994785155,1.9098331799068602,0.0001,1.6559685341450205,59,6.573612879604467,21.32039182035198,1.2451072939645458,22.565499114316523
1.0,0.9999999850988388,4.870498558272124e-09,0.7384107450817297,0.3571704753213199,0.4890195999579063,1.9098331799094341,0.0001,1.6559685341529988,59,6.573612881909331,21.320391823548448,1.2451072958493832,22.565499119397828
1.0,0.9999999850988388,1.0716397755097775e-10,0.7384107450828494,0.3571704753174609,0.4890195999520292,1.9098331799080206,0.0001,1.6559685341482724,59,6.5736128817137525,21.320391824197547,1.245107290643604,22.56549911484115
1.0,0.9999999850988388,-3.1676374840924897e-09,0.7384107450836193,0.35717047531480783,0.4890195999479887,1.909833179907049,0.0001,1.6559685341450228,59,6.573612881579292,21.3203918246438,1.2451072939647227,22.56549911860852
0.99999999,1.0,-3.1883340122565683e-09,0.7384107347082058,0.357170477647468,0.48901960549078416,1.909833187532111,0.0001,1.6559685342316581,59,6.573612886176207,21.32039182624913,1.2451073010990743,22.565499127348197
0.99999999,1.0,-3.1700530687760283e-09,0.7384107438726583,0.35717047558706305,0.48901960059491323,1.9098331807970041,0.0001,1.6559685341551342,59,6.5736128864628816,21.320391832540405,1.2451072947974047,22.565499127337805
0.99999999,1.0,-3.1679189786681147e-09,0.7384107449425027,0.35717047534653446,0.4890196000233766,1.9098331800107577,0.0001,1.655968534146201,59,6.573612886496349,21.320391833274837,1.2451072940617567,22.565499127336597
0.99999999,1.0,-3.167669579502476e-09,0.7384107450675295,0.3571704753184252,0.4890195999565843,1.9098331799188735,0.0001,1.655968534145157,59,6.5736128865002605,21.320391833360667,1.2451072939757857,22.56549912733645
0.99999999,1.0,-3.1676408456450036e-09,0.7384107450819342,0.3571704753151867,0.489019599948889,1.9098331799082873,0.0001,1.6559685341450368,59,6.57361288650071,21.320391833370557,1.2451072939658814,22.56549912733644
0.99999999,1.0,-3.1676396496385662e-09,0.7384107450825337,0.3571704753150519,0.4890195999485687,1.9098331799078467,0.0001,1.6559685341450316,59,6.573612886500729,21.320391833370966,1.2451072939654688,22.565499127336434
0.99999999,1.0,-3.167637622249825e-09,0.7384107450835501,0.3571704753148234,0.4890195999480257,1.9098331799070998,0.0001,1.6559685341450232,59,6.573612886500761,21.320391833371666,1.24510729396477,22.565499127336437
0.99999999,1.0,-3.167637575276331e-09,0.7384107450835736,0.3571704753148181,0.48901959994801314,1.9098331799070825,0.0001,1.655968534145023,59,6.573612886500761,21.32039183337168,1.245107293964754,22.565499127336434
0.99999999,1.0,-3.1676374840924897e-09,0.7384107450836193,0.35717047531480783,0.4890195999479887,1.909833179907049,0.0001,1.6559685341450228,59,6.573612886500763,21.320391833371712,1.2451072939647227,22.565499127336434
0.99999999,1.0,-3.1676374840924897e-09,0.7384107450836193,0.35717047531480783,0.4890195999479887,1.909833179907049,0.0001,1.6559685341450228,59,6.573612886500763,21.320391833371712,1.2451072939647227,22.565499127336434
0.99999999,1.0,-3.167637483684326e-09,0.7384107450836195,0.3571704753148078,0.4890195999479886,1.9098331799070487,0.0001,1.6559685341450228,59,6.573612886500762,21.320391833371712,1.2451072939647216,22.565499127336437
0.99999999,1.0,-3.16763748444434e-09,0.7384107450836191,0.3571704753148079,0.4890195999479888,1.909833179907049,0.0001,1.6559685341450228,59,6.573612886500763,21.320391833371712,1.2451072939647227,22.565499127336434
0.99999999,1.0,-3.1676373279790107e-09,0.7384107450836975,0.35717047531479024,0.4890195999479469,1.9098331799069914,0.0001,1.655968534145022,59,6.573612886500765,21.32039183337177,1.2451072939646683,22.565499127336437
0.99999999,1.0,-3.1676369719288507e-09,0.738410745083876,0.3571704753147501,0.48901959994785155,1.9098331799068602,0.0001,1.6559685341450205,59,6.573612886500772,21.32039183337189,1.2451072939645458,22.56549912733643
0.9999999850988388,1.0,4.139551725790592e-08,0.7384107450731433,0.3571704753509105,0.48901960000297146,1.9098331799202726,0.0001,1.6559685341892418,59,6.573612893685311,21.320391837972355,1.2451073357670495,22.565499173739408
0.9999999850988388,1.0,4.870498558272124e-09,0.7384107450817297,0.3571704753213199,0.4890195999579063,1.9098331799094341,0.0001,1.6559685341529988,59,6.573612892185623,21.32039184294962,1.2451072958493832,22.565499138799005
0.9999999850988388,1.0,1.0716397755097775e-10,0.7384107450828494,0.3571704753174609,0.4890195999520292,1.9098331799080206,0.0001,1.6559685341482724,59,6.573612891990045,21.320391843598724,1.245107290643604,22.565499134242323
0.9999999850988388,1.0,-3.1676374840924897e-09,0.7384107450836193,0.35717047531480783,0.4890195999479887,1.909833179907049,0.0001,1.6559685341450228,59,6.573612891855585,21.320391844044977,1.2451072939647227,22.565499138009702
1.0,1.0,1.0542020331589267e-08,0.7384110800243731,0.35717015448982375,0.4890193032843748,1.9098319942653468,0.0001,1.6559675844517268,59,6.573613216688598,21.320394594187587,1.2451045195980281,22.56549911378562
1.0,1.0,1.0542020331589267e-08,0.7384110800243731,0.35717016448982375,0.4890192932843748,1.9098319942653468,0.0001,1.6559675844517268,59,6.573613202396598,21.32039459419188,1.2451045195980281,22.56549911378991
1.0,1.0,1.0542020331589267e-08,0.7384110800243731,0.35717015448982375,0.4890192932843748,1.9098319942653468,0.0001,1.6559675944517267,59,6.573613213620433,21.320394595541938,1.2451045182460925,22.565499113788032
1.0,1.0,1.0542020331589267e-08,0.7384110800243731,0.35717015448982375,0.4890192932843748,1.9098320042653467,0.0001,1.6559675844517268,59,6.573613202229308,21.32039459554896,1.2451045182460925,22.565499113795052
1.0,1.0,1.0542020331589267e-08,0.7384110900243731,0.35717015448982375,0.4890192932843748,1.9098319942653468,0.0001,1.6559675844517268,59,6.573613206863777,21.320394595792134,1.2451045180082971,22.56549911380043
1.0,1.0,1.0542020331589267e-08,0.7384110800243731,0.35717015448982375,0.4890192932843748,1.9098319942653468,0.00010001,1.6559675844517268,59,6.573613207766878,21.320394600047088,1.2451045182460925,22.56549911829318
1.0,1.0,2.0542020331589268e-08,0.7384110800243731,0.35717015448982375,0.4890192932843748,1.9098319942653468,0.0001,1.6559675844517268,59,6.573613209670508,21.320394605355965,1.2451045180082971,22.565499123364262
1.0,1.0,1.0542020331589267e-08,0.7384110800243731,0.35717015448982375,0.4890192932843748,1.9098319942653468,0.0001,1.6559675844517268,59,6.573613209266309,21.320394606681344,1.2451045071167335,22.56549911379808
1.0,0.99999999,1.0542020331589267e-08,0.7384110800243731,0.35717015448982375,0.4890192932843748,1.9098319942653468,0.0001,1.6559675844517268,59,6.573613213295629,21.320394615438488,1.2451045071167335,22.565499122555227
0.99999999,1.0,1.0542020331589267e-08,0.7384110800243731,0.35717015448982375,0.4890192932843748,1.9098319942653468,0.0001,1.6559675844517268,59,6.573613220191903,21.320394628458317,1.2451045071167335,22.56549913557505
1.0,1.0,6.80686635604579e-07,0.7384274523205967,0.35715447217974894,0.48900431320307064,1.909774038675482,0.0001,1.6559211622959469,59,6.573629535389213,21.32053123822745,1.2449686442531878,22.56549988248064
1.0,1.0,6.80686635604579e-07,0.7384274523205967,0.35715448217974893,0.48900430320307064,1.909774038675482,0.0001,1.6559211622959469,59,6.573629521099605,21.32053123823431,1.2449686442531878,22.5654998824875
1.0,1.0,6.80686635604579e-07,0.7384274523205967,0.35715447217974894,0.48900430320307064,1.909774038675482,0.0001,1.6559211722959468,59,6.573629532322017,21.32053123958333,1.2449686428996514,22.565499882482985
1.0,1.0,6.80686635604579e-07,0.7384274523205967,0.35715447217974894,0.48900430320307064,1.909774048675482,0.0001,1.6559211622959469,59,6.573629520933631,21.32053123959372,1.2449686428996514,22.56549988249337
1.0,1.0,6.80686635604579e-07,0.7384274623205968,0.35715447217974894,0.48900430320307064,1.909774038675482,0.0001,1.6559211622959469,59,6.5736295255677,21.320531239837187,1.244968642664161,22.565499882501353
1.0,1.0,6.80686635604579e-07,0.7384274523205967,0.35715447217974894,0.48900430320307064,1.909774038675482,0.00010001,1.6559211622959469,59,6.5736295264706675,21.320531244092134,1.2449686428996514,22.565499886991788
1.0,1.0,6.90686635604579e-07,0.7384274523205967,0.35715447217974894,0.48900430320307064,1.909774038675482,0.0001,1.6559211622959469,59,6.5736295283743305,21.32053124940087,1.2449686426641609,22.565499892065034
1.0,1.0,6.80686635604579e-07,0.7384274523205967,0.35715447217974894,0.48900430320307064,1.909774038675482,0.0001,1.6559211622959469,59,6.573629527970208,21.320531250726596,1.2449686317723458,22.56549988249895
1.0,0.99999999,6.80686635604579e-07,0.7384274523205967,0.35715447217974894,0.48900430320307064,1.909774038675482,0.0001,1.6559211622959469,59,6.57362953199979,21.32053125948586,1.2449686317723458,22.56549989125821
0.99999999,1.0,6.80686635604579e-07,0.7384274523205967,0.35715447217974894,0.48900430320307064,1.909774038675482,0.0001,1.6559211622959469,59,6.573629538894615,21.3205312725014,1.2449686317723458,22.565499904273747
1.0,1.0,-2.3340415529320047e-06,0.73744208735426,0.3571075140500352,0.4894121376946861,1.9099559523338638,0.0001,1.6553792268356016,59,6.573837155734913,21.32155546634648,1.2439479252804166,22.565503391626898
1.0,1.0,-2.3340415529320047e-06,0.73744208735426,0.3571075240500352,0.4894121276946861,1.9099559523338638,0.0001,1.6553792268356016,59,6.573837141447383,21.321555466355726,1.2439479252804166,22.565503391636142
1.0,1.0,-2.3340415529320047e-06,0.73744208735426,0.3571075140500352,0.4894121276946861,1.9099559523338638,0.0001,1.6553792368356015,59,6.573837152674771,21.321555467700676,1.2439479239144768,22.565503391615152
1.0,1.0,-2.3340415529320047e-06,0.73744208735426,0.3571075140500352,0.4894121276946861,1.9099559623338638,0.0001,1.6553792268356016,59,6.573837141292459,21.32155546773756,1.2439479239144768,22.565503391652037
1.0,1.0,-2.3340415529320047e-06,0.73744209735426,0.3571075140500352,0.4894121276946861,1.9099559523338638,0.0001,1.6553792268356016,59,6.573837145919975,21.321555467962664,1.2439479236715572,22.56550339163423
1.0,1.0,-2.3340415529320047e-06,0.73744208735426,0.3571075140500352,0.4894121276946861,1.9099559523338638,0.00010001,1.6553792268356016,59,6.5738371468276435,21.32155547223222,1.2439479239144768,22.5655033961467
1.0,1.0,-2.324041552932005e-06,0.73744208735426,0.3571075140500352,0.4894121276946861,1.9099559523338638,0.0001,1.6553792268356016,59,6.573837148728571,21.321555477531582,1.2439479019169468,22.56550337944853
1.0,1.0,-2.3340415529320047e-06,0.73744208735426,0.3571075140500352,0.4894121276946861,1.9099559523338638,0.0001,1.6553792268356016,59,6.573837148324536,21.32155547885761,1.2439479127942517,22.56550339165186
1.0,0.99999999,-2.3340415529320047e-06,0.73744208735426,0.3571075140500352,0.4894121276946861,1.9099559523338638,0.0001,1.6553792268356016,59,6.573837152356348,21.321555487618816,1.2439479127942519,22.565503400413064
0.99999999,1.0,-2.3340415529320047e-06,0.73744208735426,0.3571075140500352,0.4894121276946861,1.9099559523338638,0.0001,1.6553792268356016,59,6.573837159246782,21.321555500623884,1.2439479127942519,22.565503413418135
1.0,1.0,6.300898759836942e-06,0.7375259284299505,0.3589395684657914,0.4906121227232423,1.9082572932092896,0.0001,1.6527215157320927,59,6.573491300102288,21.322542519409325,1.2430103566716468,22.565552876080975
1.0,1.0,6.300898759836942e-06,0.7375259284299505,0.3589395784657914,0.4906121127232423,1.9082572932092896,0.0001,1.6527215157320927,59,6.573491285925474,21.322542519499766,1.2430103566716468,22.565552876171417
1.0,1.0,6.300898759836942e-06,0.7375259284299505,0.3589395684657914,0.4906121127232423,1.9082573032092895,0.0001,1.6527215157320927,59,6.573491285646765,21.322542520638336,1.2430103551753098,22.565552875813644
1.0,1.0,6.300898759836942e-06,0.7375259284299505,0.3589395684657914,0.4906121127232423,1.9082572932092896,0.0001,1.6527215257320926,59,6.573491297091237,21.32254252076254,1.2430103551753098,22.565552875937847
1.0,1.0,6.300898759836942e-06,0.7375259384299505,0.3589395684657914,0.4906121127232423,1.9082572932092896,0.0001,1.6527215157320927,59,6.573491290303227,21.322542520948048,1.2430103550193599,22.565552875967413
1.0,1.0,6.300898759836942e-06,0.7375259284299505,0.3589395684657914,0.4906121127232423,1.9082572932092896,0.00010001,1.6527215157320927,59,6.5734912912146255,21.32254252522688,1.2430103551753098,22.565552880402183
1.0,1.0,6.310898759836942e-06,0.7375259284299505,0.3589395684657914,0.4906121127232423,1.9082572932092896,0.0001,1.6527215157320927,59,6.5734912931120375,21.32254253051869,1.2430103550193599,22.56555288553805
1.0,1.0,6.300898759836942e-06,0.7375259284299505,0.3589395684657914,0.4906121127232423,1.9082572932092896,0.0001,1.6527215157320927,59,6.573491292716163,21.322542531858026,1.2430103441407592,22.565552875998783
1.0,0.99999999,6.300898759836942e-06,0.7375259284299505,0.3589395684657914,0.4906121127232423,1.9082572932092896,0.0001,1.6527215157320927,59,6.573491296771165,21.322542540692044,1.2430103441407592,22.565552884832805
0.99999999,1.0,6.300898759836942e-06,0.7375259284299505,0.3589395684657914,0.4906121127232423,1.9082572932092896,0.0001,1.6527215157320927,59,6.5734913036470575,21.32254255364979,1.2430103441407592,22.565552897790546
1.0,1.0,4.707459664515835e-06,0.7373797070678904,0.35719731022202483,0.4895075870421916,1.9091714885488809,0.0001,1.6544346974630133,59,6.574002956374532,21.32331890681247,1.242194242818797,22.565513149631272
1.0,1.0,4.707459664515835e-06,0.7373797070678904,0.35719732022202483,0.4895075770421916,1.9091714885488809,0.0001,1.6544346974630133,59,6.574002942129102,21.3233189068645,1.242194242818797,22.565513149683305
1.0,1.0,4.707459664515835e-06,0.7373797070678904,0.35719731022202483,0.4895075770421916,1.9091714885488809,0.0001,1.6544347074630132,59,6.57400295333332,21.323318908183744,1.2421942414161218,22.56551314959987
1.0,1.0,4.707459664515835e-06,0.7373797070678904,0.35719731022202483,0.4895075770421916,1.9091714985488808,0.0001,1.6544346974630133,59,6.574002941971512,21.323318908238985,1.2421942414161218,22.565513149655104
1.0,1.0,4.707459664515835e-06,0.7373797170678904,0.35719731022202483,0.4895075770421916,1.9091714885488809,0.0001,1.6544346974630133,59,6.574002946597145,21.32331890847363,1.2421942412063203,22.56551314967995
1.0,1.0,4.707459664515835e-06,0.7373797070678904,0.35719731022202483,0.4895075770421916,1.9091714885488809,0.00010001,1.6544346974630133,59,6.57400294750542,21.32331891274844,1.2421942414161218,22.56551315416456
1.0,1.0,4.717459664515835e-06,0.7373797070678904,0.35719731022202483,0.4895075770421916,1.9091714885488809,0.0001,1.6544346974630133,59,6.574002949405303,21.323318918042638,1.2421942412063203,22.565513159248965
1.0,1.0,4.707459664515835e-06,0.7373797070678904,0.35719731022202483,0.4895075770421916,1.9091714885488809,0.0001,1.6544346974630133,59,6.574002949003505,21.32331891937471,1.2421942303298996,22.565513149704614
1.0,0.99999999,4.707459664515835e-06,0.7373797070678904,0.35719731022202483,0.4895075770421916,1.9091714885488809,0.0001,1.6544346974630133,59,6.57400295304169,21.32331892816749,1.2421942303298998,22.565513158497396
0.99999999,1.0,4.707459664515835e-06,0.7373797070678904,0.35719731022202483,0.4895075770421916,1.9091714885488809,0.0001,1.6544346974630133,59,6.574002959914194,21.323318941119982,1.2421942303298998,22.565513171449883
1.0,1.0,3.6383954123078444e-06,0.7365592032153581,0.35716407729454586,0.48981269584132403,1.9096844397400987,0.0001,1.6543785570497274,59,6.574063353994202,21.32336414477107,1.2421473966460503,22.565511541417116
1.0,1.0,3.6383954123078444e-06,0.7365592032153581,0.35716408729454585,0.48981268584132404,1.9096844397400987,0.0001,1.6543785570497274,59,6.574063339738655,21.32336414482472,1.2421473966460503,22.56551154147077
1.0,1.0,3.6383954123078444e-06,0.7365592032153581,0.35716407729454586,0.48981268584132404,1.9096844397400987,0.0001,1.6543785670497273,59,6.5740633509532955,21.32336414614026,1.242147395248348,22.56551154138861
1.0,1.0,3.6383954123078444e-06,0.7365592032153581,0.35716407729454586,0.48981268584132404,1.9096844497400987,0.0001,1.6543785570497274,59,6.5740633395885215,21.32336414621706,1.242147395248348,22.565511541465405
1.0,1.0,3.6383954123078444e-06,0.7365592132153581,0.35716407729454586,0.48981268584132404,1.9096844397400987,0.0001,1.6543785570497274,59,6.574063344208195,21.32336414642594,1.242147395017445,22.56551154144339
1.0,1.0,3.6383954123078444e-06,0.7365592032153581,0.35716407729454586,0.48981268584132404,1.9096844397400987,0.00010001,1.6543785570497274,59,6.574063345120991,21.323364150712447,1.242147395248348,22.5655115459608
1.0,1.0,3.6483954123078443e-06,0.7365592032153581,0.35716407729454586,0.48981268584132404,1.9096844397400987,0.0001,1.6543785570497274,59,6.57406334701837,21.32336415599999,1.242147395017445,22.565511551017437
1.0,1.0,3.6383954123078444e-06,0.7365592032153581,0.35716407729454586,0.48981268584132404,1.9096844397400987,0.0001,1.6543785570497274,59,6.57406334661642,21.323364157331046,1.242147384153143,22.565511541484188
1.0,0.99999999,3.6383954123078444e-06,0.7365592032153581,0.35716407729454586,0.48981268584132404,1.9096844397400987,0.0001,1.6543785570497274,59,6.574063350653589,21.32336416610852,1.242147384153143,22.565511550261665
0.99999999,1.0,3.6383954123078444e-06,0.7365592032153581,0.35716407729454586,0.48981268584132404,1.9096844397400987,0.0001,1.6543785570497274,59,6.574063357529302,21.323364179074648,1.242147384153143,22.56551156322779
1.0,1.0,-9.024980104107769e-06,0.7372657486088071,0.35831028100962353,0.490389617049598,1.908361145310587,0.0001,1.653027323934351,59,6.5738776847592995,21.32342917691804,1.2421156991864715,22.56554487610451
1.0,1.0,-9.024980104107769e-06,0.7372657486088071,0.3583102910096235,0.490389607049598,1.908361145310587,0.0001,1.653027323934351,59,6.573877670548423,21.323429176940685,1.2421156991864715,22.56554487612716
1.0,1.0,-9.024980104107769e-06,0.7372657486088071,0.35831028100962353,0.490389607049598,1.908361155310587,0.0001,1.653027323934351,59,6.573877670312246,21.323429178156157,1.2421156977107541,22.565544875866916
1.0,1.0,-9.024980104107769e-06,0.7372657486088071,0.35831028100962353,0.490389607049598,1.908361145310587,0.0001,1.6530273339343509,59,6.57387768173525,21.323429178254653,1.2421156977107541,22.565544875965408
1.0,1.0,-9.024980104107769e-06,0.7372657586088072,0.35831028100962353,0.490389607049598,1.908361145310587,0.0001,1.653027323934351,59,6.573877674963245,21.323429178466153,1.242115697542951,22.565544876009103
1.0,1.0,-9.024980104107769e-06,0.7372657486088071,0.35831028100962353,0.490389607049598,1.908361145310587,0.00010001,1.653027323934351,59,6.573877675872646,21.323429182743244,1.2421156977107541,22.565544880453995
1.0,1.0,-9.014980104107769e-06,0.7372657486088071,0.35831028100962353,0.490389607049598,1.908361145310587,0.0001,1.653027323934351,59,6.5738776777719705,21.32342918803555,1.2421156757933454,22.565544863828894
1.0,1.0,-9.024980104107769e-06,0.7372657486088071,0.35831028100962353,0.490389607049598,1.908361145310587,0.0001,1.653027323934351,59,6.57387767737251,21.32342918936952,1.242115686668148,22.565544876037663
1.0,0.99999999,-9.024980104107769e-06,0.7372657486088071,0.35831028100962353,0.490389607049598,1.908361145310587,0.0001,1.653027323934351,59,6.573877681424963,21.323429198209578,1.242115686668148,22.565544884877724
0.99999999,1.0,-9.024980104107769e-06,0.7372657486088071,0.35831028100962353,0.490389607049598,1.908361145310587,0.0001,1.653027323934351,59,6.57387768830001,21.32342921115864,1.242115686668148,22.56554489782679
1.0,1.0,2.3661953697261177e-05,0.7366921808367162,0.3566502075652717,0.4892780467367437,1.9097551634020882,0.0001,1.6549297477598828,59,6.574180941869412,21.323836983116138,1.2416949520563716,22.56553193517251
1.0,1.0,2.3661953697261177e-05,0.7366921808367162,0.3566502175652717,0.4892780367367437,1.9097551634020882,0.0001,1.6549297477598828,59,6.57418092761727,21.32383698321338,1.2416949520563716,22.565531935269753
1.0,1.0,2.3661953697261177e-05,0.7366921808367162,0.3566502075652717,0.4892780367367437,1.9097551634020882,0.0001,1.6549297577598827,59,6.574180938827568,21.323836984515882,1.241694950686366,22.565531935202245
1.0,1.0,2.3661953697261177e-05,0.7366921808367162,0.3566502075652717,0.4892780367367437,1.9097551734020881,0.0001,1.6549297477598828,59,6.574180927499415,21.323836984671594,1.241694950686366,22.565531935357953
1.0,1.0,2.3661953697261177e-05,0.7366921908367162,0.3566502075652717,0.4892780367367437,1.9097551634020882,0.0001,1.6549297477598828,59,6.574180932105669,21.323836984846952,1.2416949504454886,22.56553193529244
1.0,1.0,2.3661953697261177e-05,0.7366921808367162,0.3566502075652717,0.4892780367367437,1.9097551634020882,0.00010001,1.6549297477598828,59,6.574180933018632,21.323836989134428,1.241694950686366,22.565531939820797
1.0,1.0,2.367195369726118e-05,0.7366921808367162,0.3566502075652717,0.4892780367367437,1.9097551634020882,0.0001,1.6549297477598828,59,6.574180934915595,21.32383699442081,1.2416949504454886,22.565531944866297
1.0,1.0,2.3661953697261177e-05,0.7366921808367162,0.3566502075652717,0.4892780367367437,1.9097551634020882,0.0001,1.6549297477598828,59,6.574180934514209,21.32383699575477,1.2416949395789298,22.565531935333702
1.0,0.99999999,2.3661953697261177e-05,0.7366921808367162,0.3566502075652717,0.4892780367367437,1.9097551634020882,0.0001,1.6549297477598828,59,6.574180938546151,21.323837004519202,1.2416949395789298,22.565531944098137
0.99999999,1.0,2.3661953697261177e-05,0.7366921808367162,0.3566502075652717,0.4892780367367437,1.9097551634020882,0.0001,1.6549297477598828,59,6.574180945414228,21.323837017469213,1.2416949395789298,22.56553195704814
1.0,1.0,6.402088671942386e-06,0.7369731673647237,0.35729217709941685,0.48971031121460573,1.909019900520991,0.0001,1.6539105850265432,59,6.574064774381157,21.324144134528183,1.241377113350498,22.56552124787868
1.0,1.0,6.402088671942386e-06,0.7369731673647237,0.35729218709941685,0.48971030121460574,1.909019900520991,0.0001,1.6539105850265432,59,6.574064760158488,21.324144134618454,1.241377113350498,22.565521247968952
1.0,1.0,6.402088671942386e-06,0.7369731673647237,0.35729217709941685,0.48971030121460574,1.909019900520991,0.0001,1.6539105950265431,59,6.574064771352083,21.324144135912555,1.241377111930144,22.565521247842696
1.0,1.0,6.402088671942386e-06,0.7369731673647237,0.35729217709941685,0.48971030121460574,1.9090199105209908,0.0001,1.6539105850265432,59,6.574064759998574,21.32414413599026,1.241377111930144,22.5655212479204
1.0,1.0,6.402088671942386e-06,0.7369731773647238,0.35729217709941685,0.48971030121460574,1.909019900520991,0.0001,1.6539105850265432,59,6.5740647646199575,21.324144136213743,1.2413771117276604,22.5655212479414
1.0,1.0,6.402088671942386e-06,0.7369731673647237,0.35729217709941685,0.48971030121460574,1.909019900520991,0.00010001,1.6539105850265432,59,6.574064765531306,21.324144140497832,1.241377111930144,22.565521252427978
1.0,1.0,6.412088671942386e-06,0.7369731673647237,0.35729217709941685,0.48971030121460574,1.909019900520991,0.0001,1.6539105850265432,59,6.574064767428935,21.324144145785603,1.2413771117276604,22.565521257513264
1.0,1.0,6.402088671942386e-06,0.7369731673647237,0.35729217709941685,0.48971030121460574,1.909019900520991,0.0001,1.6539105850265432,59,6.574064767028921,21.324144147121512,1.2413771008572112,22.565521247978722
1.0,0.99999999,6.402088671942386e-06,0.7369731673647237,0.35729217709941685,0.48971030121460574,1.909019900520991,0.0001,1.6539105850265432,59,6.57406477106991,21.32414415592069,1.2413771008572116,22.565521256777895
0.99999999,1.0,6.402088671942386e-06,0.7369731673647237,0.35729217709941685,0.48971030121460574,1.909019900520991,0.0001,1.6539105850265432,59,6.57406477793432,21.32414416885322,1.2413771008572116,22.565521269710434
1.0,1.0,-2.21199514289711e-06,0.7371134026156685,0.3576125723844082,0.4899260465310186,1.908652944228203,0.0001,1.653401939495824,59,6.574007435398534,21.324299261828166,1.241226235383767,22.56552549721193
1.0,1.0,-2.21199514289711e-06,0.7371134026156685,0.3576125823844082,0.4899260365310186,1.908652944228203,0.0001,1.653401939495824,59,6.57400742119056,21.32429926191497,1.241226235383767,22.565525497298736
1.0,1.0,-2.21199514289711e-06,0.7371134026156685,0.3576125723844082,0.4899260365310186,1.908652944228203,0.0001,1.6534019494958239,59,6.57400743237584,21.324299263204907,1.2412262339382854,22.565525497143195
1.0,1.0,-2.21199514289711e-06,0.7371134026156685,0.3576125723844082,0.4899260365310186,1.908652954228203,0.0001,1.653401939495824,59,6.574007421009706,21.324299263243763,1.2412262339382854,22.565525497182048
1.0,1.0,-2.21199514289711e-06,0.7371134126156685,0.3576125723844082,0.4899260365310186,1.908652944228203,0.0001,1.653401939495824,59,6.574007425638628,21.32429926349122,1.2412262337550284,22.565525497246245
1.0,1.0,-2.21199514289711e-06,0.7371134026156685,0.3576125723844082,0.4899260365310186,1.908652944228203,0.00010001,1.653401939495824,59,6.574007426549171,21.324299267773622,1.2412262339382854,22.565525501711903
1.0,1.0,-2.20199514289711e-06,0.7371134026156685,0.3576125723844082,0.4899260365310186,1.908652944228203,0.0001,1.653401939495824,59,6.574007428447132,21.324299273062085,1.2412262120101176,22.565525485072204
1.0,1.0,-2.21199514289711e-06,0.7371134026156685,0.3576125723844082,0.4899260365310186,1.908652944228203,0.0001,1.653401939495824,59,6.574007428047804,21.324299274398967,1.2412262228825728,22.56552549728154
1.0,0.99999999,-2.21199514289711e-06,0.7371134026156685,0.3576125723844082,0.4899260365310186,1.908652944228203,0.0001,1.653401939495824,59,6.574007432093303,21.324299283215463,1.2412262228825728,22.565525506098034
0.99999999,1.0,-2.21199514289711e-06,0.7371134026156685,0.3576125723844082,0.4899260365310186,1.908652944228203,0.0001,1.653401939495824,59,6.5740074389558725,21.32429929613926,1.2412262228825728,22.565525519021833
1.0,1.0,-4.792356249187523e-05,0.7366053867269062,0.3567130977800123,0.48982486584585805,1.9086247321204743,0.0001,1.6538034951187903,59,6.574866018697352,21.32569668645526,1.2398864494393047,22.56558313589456
1.0,1.0,-4.792356249187523e-05,0.7366053867269062,0.3567130877800123,0.48982487584585804,1.9086247321204743,0.0001,1.6538034951187903,59,6.574866032994841,21.325696686605195,1.2398864494393047,22.565583136044502
1.0,1.0,-4.792356249187523e-05,0.7366053867269062,0.3567130877800123,0.48982486584585805,1.9086247421204743,0.0001,1.6538034951187903,59,6.574866018569353,21.325696687866497,1.2398864480159257,22.565583135882424
1.0,1.0,-4.792356249187523e-05,0.7366053867269062,0.3567130877800123,0.48982486584585805,1.9086247321204743,0.0001,1.6538035051187903,59,6.574866029937935,21.325696687899907,1.2398864480159257,22.565583135915833
1.0,1.0,-4.792356249187523e-05,0.7366053967269063,0.3567130877800123,0.48982486584585805,1.9086247321204743,0.0001,1.6538034951187903,59,6.574866023206464,21.32569668817721,1.239886447818506,22.56558313599572
1.0,1.0,-4.792356249187523e-05,0.7366053867269062,0.3567130877800123,0.48982486584585805,1.9086247321204743,0.00010001,1.6538034951187903,59,6.574866024110793,21.325696692449867,1.2398864480159257,22.565583140465794
1.0,1.0,-4.791356249187523e-05,0.7366053867269062,0.3567130877800123,0.48982486584585805,1.9086247321204743,0.0001,1.6538034951187903,59,6.574866026014978,21.325696697743453,1.2398864260872333,22.565583123830685
1.0,1.0,-4.792356249187523e-05,0.7366053867269062,0.3567130877800123,0.48982486584585805,1.9086247321204743,0.0001,1.6538034951187903,59,6.574866025606408,21.32569669906377,1.2398864369528697,22.56558313601664
1.0,0.99999999,-4.792356249187523e-05,0.7366053867269062,0.3567130877800123,0.48982486584585805,1.9086247321204743,0.0001,1.6538034951187903,59,6.574866029652432,21.32569670791925,1.2398864369528697,22.565583144872118
0.99999999,1.0,-4.792356249187523e-05,0.7366053867269062,0.3567130877800123,0.48982486584585805,1.9086247321204743,0.0001,1.6538034951187903,59,6.574866036525263,21.325696720846146,1.2398864369528697,22.56558315779902
1.0,1.0,-8.084900018572936e-05,0.6717153611025646,0.3545377024204462,0.5139252295449837,1.950222611440633,0.0001,1.649941819691304,59,6.580539899955726,21.331754937259245,1.243396381422589,22.575151318681836
1.0,1.0,-8.084900018572936e-05,0.6717153611025646,0.3545377124204462,0.5139252195449836,1.950222611440633,0.0001,1.649941819691304,59,6.58053988495896,21.331754937614093,1.243396381422589,22.575151319036685
1.0,1.0,-8.084900018572936e-05,0.6717153611025646,0.3545377024204462,0.5139252195449836,1.950222611440633,0.0001,1.649941829691304,59,6.580539896982025,21.33175493854062,1.2433963804179615,22.575151318958586
1.0,1.0,-8.084900018572936e-05,0.6717153711025646,0.3545377024204462,0.5139252195449836,1.950222611440633,0.0001,1.649941819691304,59,6.580539889538845,21.3317549385622,1.2433963785217554,22.575151317083954
1.0,1.0,-8.084900018572936e-05,0.6717153611025646,0.3545377024204462,0.5139252195449836,1.9502226214406329,0.0001,1.649941819691304,59,6.58053988541425,21.331754940520607,1.2433963804179615,22.575151320938566
1.0,1.0,-8.084900018572936e-05,0.6717153611025646,0.3545377024204462,0.5139252195449836,1.950222611440633,0.00010001,1.649941819691304,59,6.580539890807428,21.331754943782222,1.2433963804179615,22.575151324200185
1.0,1.0,-8.083900018572936e-05,0.6717153611025646,0.3545377024204462,0.5139252195449836,1.950222611440633,0.0001,1.649941819691304,59,6.580539892505208,21.331754948535288,1.243396358703767,22.575151307239054
1.0,1.0,-8.084900018572936e-05,0.6717153611025646,0.3545377024204462,0.5139252195449836,1.950222611440633,0.0001,1.649941819691304,59,6.5805398920999005,21.3317549497994,1.2433963686127611,22.57515131841216
1.0,0.99999999,-8.084900018572936e-05,0.6717153611025646,0.3545377024204462,0.5139252195449836,1.950222611440633,0.0001,1.649941819691304,59,6.5805398960579335,21.33175495729065,1.2433963686127611,22.575151325903413
0.99999999,1.0,-8.084900018572936e-05,0.6717153611025646,0.3545377024204462,0.5139252195449836,1.950222611440633,0.0001,1.649941819691304,59,6.58053990315534,21.331754971318272,1.2433963686127611,22.575151339931033
1.0,1.0,-0.08480631517694485,0.6955318454109485,0.3568650737023289,0.5443153179761547,1.9456263896246007,0.0001,1.59340695880188,59,6.56947382441584,21.347169932807194,1.333847490217208,22.6810174230244
1.0,1.0,-0.08480631517694485,0.6955318454109485,0.3568650837023289,0.5443153079761547,1.9456263896246007,0.0001,1.59340695880188,59,6.569473810546361,21.347169933596064,1.3338474902172077,22.681017423813266
1.0,1.0,-0.08480631517694485,0.6955318454109485,0.3568650737023289,0.5443153079761547,1.9456263896246007,0.0001,1.59340696880188,59,6.569473822170195,21.347169933936705,1.3338474875277528,22.681017421464453
1.0,1.0,-0.08480631517694485,0.6955318554109485,0.3568650737023289,0.5443153079761547,1.9456263896246007,0.0001,1.59340695880188,59,6.569473815536522,21.347169935467452,1.3338474884347853,22.681017423902237
1.0,1.0,-0.08480631517694485,0.6955318454109485,0.3568650737023289,0.5443153079761547,1.9456263996246006,0.0001,1.59340695880188,59,6.56947381168147,21.347169937638416,1.3338474875277528,22.681017425166168
1.0,1.0,-0.08480631517694485,0.6955318454109485,0.3568650737023289,0.5443153079761547,1.9456263896246007,0.00010001,1.59340695880188,59,6.569473816764136,21.347169940620862,1.3338474875277528,22.681017428148614
1.0,1.0,-0.08480630517694486,0.6955318454109485,0.3568650737023289,0.5443153079761547,1.9456263896246007,0.0001,1.59340695880188,59,6.5694738181559895,21.347169944759365,1.3338474654148098,22.681017410174174
1.0,1.0,-0.08480631517694485,0.6955318454109485,0.3568650737023289,0.5443153079761547,1.9456263896246007,0.0001,1.59340695880188,59,6.569473817992174,21.347169946619843,1.3338474769247974,22.68101742354464
1.0,0.99999999,-0.08480631517694485,0.6955318454109485,0.3568650737023289,0.5443153079761547,1.9456263896246007,0.0001,1.59340695880188,59,6.569473822250131,21.347169955167296,1.3338474769247974,22.681017432092094
0.99999999,1.0,-0.08480631517694485,0.6955318454109485,0.3568650737023289,0.5443153079761547,1.9456263896246007,0.0001,1.59340695880188,59,6.569473828634157,21.347169967373468,1.3338474769247974,22.68101744429827
1.0,1.0,0.11725321114625778,0.7437761574564814,0.5648131898920055,0.5421941514559498,1.928350996711707,0.4126122406384261,1.2674242450719209,59,6.404140621093019,21.522742977058698,1.8145085668253054,23.337251543884005
1.0,1.0,0.11725321114625778,0.7437761574564814,0.5648131898920055,0.5421941414559498,1.928350996711707,0.4126122406384261,1.2674242550719208,59,6.404140625733843,21.522742993843174,1.8145085624619004,23.337251556305073
1.0,1.0,0.11725321114625778,0.7437761674564815,0.5648131898920055,0.5421941414559498,1.928350996711707,0.4126122406384261,1.2674242450719209,59,6.404140625263676,21.522743002013762,1.8145085631971305,23.33725156521089
1.0,1.0,0.11725321114625778,0.7437761574564814,0.5648131898920055,0.5421941414559498,1.928350996711707,0.4126122506384261,1.2674242450719209,59,6.4041406286625895,21.522743013311292,1.8145085624619004,23.33725157577319
1.0,1.0,0.11725322114625777,0.7437761574564814,0.5648131898920055,0.5421941414559498,1.928350996711707,0.4126122406384261,1.2674242450719209,59,6.404140628486297,21.5227430170224,1.8145085631971305,23.337251580219533
0.99999999,1.0,0.11725321114625778,0.7437761574564814,0.5648131898920055,0.5421941414559498,1.928350996711707,0.4126122406384261,1.2674242450719209,59,6.404140632404776,21.522743020226297,1.8145085504969471,23.337251570723243
1.0,0.99999999,0.11725321114625778,0.7437761574564814,0.5648131898920055,0.5421941414559498,1.928350996711707,0.4126122406384261,1.2674242450719209,59,6.40414063396799,21.522743022456385,1.8145085504969471,23.33725157295333
1.0,1.0,0.11725321114625778,0.7437761574564814,0.5648131998920055,0.5421941414559498,1.928350996711707,0.4126122406384261,1.2674242450719209,59,6.4041406274207064,21.52274302294882,1.8145085668253054,23.337251589774127
1.0,1.0,0.11725321114625778,0.7437761574564814,0.5648131898920055,0.5421941414559498,1.928350996711707,0.4126122406384261,1.2674242450719209,59,6.404140630776617,21.522743023740603,1.8145085504969471,23.33725157423755
1.0,1.0,0.11725321114625778,0.7437761574564814,0.5648131898920055,0.5421941414559498,1.928351006711707,0.4126122406384261,1.2674242450719209,59,6.4041406299925585,21.52274303552321,1.8145085624619004,23.33725159798511
1.0,1.0,1.0,0.7381756643646301,0.3579806216465779,0.4902534160948133,1.910129946833574,0.0001,1.6569608119663786,59,6.922027937297284,21.889044491539593,3.075150872862476,24.96419536440207
1.0,1.0,1.0,0.7381756643646301,0.3579806365477391,0.4902534160948133,1.9101299183704201,0.0001,1.6569608119663786,59,6.922027937584275,21.889044493557854,3.0751508597560493,24.964195353313904
1.0,1.0,0.9999999850988388,0.7381756643646301,0.3579806216465779,0.4902534160948133,1.9101299183704201,0.0001,1.6569608119663786,59,6.922027957477271,21.889044529971724,3.075150802908801,24.96419533288052
1.0,1.0,1.0,0.7381756643646301,0.3579806216465779,0.4902534160948133,1.9101299183704201,0.00010001490116119385,1.6569608119663786,59,6.9220279657871755,21.889044541266387,3.075150857734408,24.964195399000797
1.0,1.0,1.0,0.7381756792657913,0.3579806216465779,0.4902534160948133,1.9101299183704201,0.0001,1.6569608119663786,59,6.922027969390221,21.889044546613285,3.0751508793162663,24.964195425929557
1.0,1.0,1.0,0.7381756643646301,0.3579806216465779,0.4902534160948133,1.9101299183704201,0.0001,1.6569608119663786,59,6.922027966390729,21.889044548269382,3.0751508411125332,24.964195389381917
1.0,1.0,1.0,0.7381756643646301,0.3579806216465779,0.4902534160948133,1.9101299183704201,0.0001,1.6569608366570188,59,6.922027985748061,21.889044553141336,3.0751508686543283,24.96419542179566
1.0,0.9999999850988388,1.0,0.7381756643646301,0.3579806216465779,0.4902534160948133,1.9101299183704201,0.0001,1.6569608119663786,59,6.9220279709447565,21.88904455953288,3.0751508411125332,24.964195400645423
1.0,1.0,1.0,0.7381756643646301,0.3579806216465779,0.4902534309959745,1.9101299183704201,0.0001,1.6569608119663786,59,6.922028001424593,21.88904459396067,3.0751508597560493,24.96419545371672
0.9999999850988388,1.0,1.0,0.7381756643646301,0.3579806216465779,0.4902534160948133,1.9101299183704201,0.0001,1.6569608119663786,59,6.922027991059176,21.889044600023706,3.0751508411125332,24.964195441136237
0.7689566945711683,0.9825508334381163,0.060427769629419203,0.6938991751490668,0.38957660630121566,0.6099023255555647,1.8687705081217996,0.5098947986607529,1.2670070419247736,59,6.76416456682006,21.971502981642825,1.611859959170663,23.583362940813487
0.7689566845711683,0.9825508334381163,0.060427769629419203,0.6938991751490668,0.38957661630121565,0.6099023255555647,1.8687705081217996,0.5098947986607529,1.2670070419247736,59,6.764164570791664,21.971502990120836,1.6118599775782414,23.583362967699077
0.7689566845711683,0.9825508334381163,0.060427769629419203,0.6938991751490668,0.38957660630121566,0.6099023255555647,1.8687705181217995,0.5098947986607529,1.2670070419247736,59,6.76416457481355,21.971502995371086,1.6118599755341496,23.583362970905235
0.7689566845711683,0.9825508434381164,0.060427769629419203,0.6938991751490668,0.38957660630121566,0.6099023255555647,1.8687705081217996,0.5098947986607529,1.2670070419247736,59,6.764164576837224,21.971502995979975,1.611859959170663,23.583362955150637
0.7689566845711683,0.9825508334381163,0.060427769629419203,0.6938991851490669,0.38957660630121566,0.6099023255555647,1.8687705081217996,0.5098947986607529,1.2670070419247736,59,6.764164581718582,21.97150300425384,1.6118599739622497,23.583362978216087
0.7689566845711683,0.9825508334381163,0.060427769629419203,0.6938991751490668,0.38957660630121566,0.6099023255555647,1.8687705081217996,0.509894808660753,1.2670070419247736,59,6.764164581214666,21.97150300814328,1.6118599755341496,23.583362983677432
0.7689566845711683,0.9825508334381163,0.060427769629419203,0.6938991751490668,0.38957660630121566,0.6099023255555647,1.8687705081217996,0.5098947986607529,1.2670070519247736,59,6.764164586752684,21.971503009049144,1.6118599755341496,23.583362984583292
0.7689566845711683,0.9825508334381163,0.060427769629419203,0.6938991751490668,0.38957660630121566,0.6099023255555647,1.8687705081217996,0.5098947986607529,1.2670070419247736,59,6.764164582617896,21.97150301527841,1.6118599628359271,23.583362978114337
0.7689566845711683,0.9825508334381163,0.060427779629419205,0.6938991751490668,0.38957660630121566,0.6099023255555647,1.8687705081217996,0.5098947986607529,1.2670070419247736,59,6.764164584674733,21.971503016533255,1.6118599739622497,23.583362990495505
0.7689566845711683,0.9825508334381163,0.060427769629419203,0.6938991751490668,0.38957660630121566,0.6099023355555647,1.8687705081217996,0.5098947986607529,1.2670070419247736,59,6.764164591699739,21.971503019300854,1.6118599775782416,23.5833629968791
0.5508405789732933,0.7276193350553513,0.35847137682139874,0.5269274301826954,0.8138422332704067,-0.013226935639977455,1.7712246144259107,1.3167053872788084,1.2986643577063215,59,7.3754141136220825,24.169170822187997,3.3571883352945835,27.52635915748258
0.5508405789732933,0.6001610811799765,0.35847137682139874,0.5269274301826954,0.8138422332704067,-0.013226935639977455,1.7712246144259107,1.3167053872788084,1.2986643577063215,59,7.473016679350575,24.344861280935987,3.5048196732763106,27.8496809542123
1.0,1.0,1.0,1.0,1.0,0.99999999,1.9094268467791469,0.13896241340005688,1.5871256284224597,59,8.038788786923208,24.878060538222552,6.297147824573812,31.175208362796365
1.0,1.0,1.0,1.0,1.0,1.0,1.9094268567791468,0.13896241340005688,1.5871256284224597,59,8.038788810093575,24.878060612829426,6.297147866572271,31.175208479401697
1.0,1.0,0.99999999,1.0,1.0,1.0,1.9094268467791469,0.13896241340005688,1.5871256284224597,59,8.038788835040066,24.87806068114902,6.297147824573812,31.17520850572283
1.0,1.0,1.0,1.0,1.0,1.0,1.9094268467791469,0.13896242340005688,1.5871256284224597,59,8.038788833733406,24.878060686777303,6.297147866572271,31.17520855334957
1.0,1.0,1.0,0.99999999,1.0,1.0,1.9094268467791469,0.13896241340005688,1.5871256284224597,59,8.038788837991047,24.878060690265393,6.297147824573812,31.175208514839202
1.0,1.0,1.0,1.0,1.0,1.0,1.9094268467791469,0.13896241340005688,1.5871256284224597,59,8.038788836599938,24.87806069455553,6.297147854073811,31.175208548629346
1.0,1.0,1.0,1.0,0.99999999,1.0,1.9094268467791469,0.13896241340005688,1.5871256284224597,59,8.038788837177151,24.878060706298186,6.297147824573812,31.17520853087199
1.0,0.99999999,1.0,1.0,1.0,1.0,1.9094268467791469,0.13896241340005688,1.5871256284224597,59,8.038788851461737,24.878060731681746,6.297147854073811,31.175208585755556
0.99999999,1.0,1.0,1.0,1.0,1.0,1.9094268467791469,0.13896241340005688,1.5871256284224597,59,8.03878886758968,24.878060789769727,6.297147854073811,31.175208643843547
1.0,1.0,1.0,1.0,1.0,1.0,1.9094268467791469,0.13896241340005688,1.5871256384224597,59,8.038788902536995,24.8780608829206,6.297147866572271,31.175208749492864
0.6156486365944147,0.9709724951535463,-0.5630223583430052,0.49078695848584175,-0.015467870980501175,0.35105427982045173,1.8417931255220434,0.7560257884716013,1.0545933846590438,59,7.835337707672072,25.143815276026846,1.4626520831449226,26.606467359171766
0.6156486365944147,0.9709724951535463,-0.5630223583430052,0.49078696848584175,-0.015467870980501175,0.35105426982045174,1.8417931255220434,0.7560257884716013,1.0545933846590438,59,7.835337715139157,25.143815291540864,1.462652093282408,26.606467384823272
0.6156486365944147,0.9709725051535464,-0.5630223583430052,0.49078695848584175,-0.015467870980501175,0.35105426982045174,1.8417931255220434,0.7560257884716013,1.0545933846590438,59,7.835337718248366,25.143815297917335,1.4626520716413824,26.60646736955872
0.6156486365944147,0.9709724951535463,-0.5630223583430052,0.49078695848584175,-0.015467860980501175,0.35105426982045174,1.8417931255220434,0.7560257884716013,1.0545933846590438,59,7.835337718293491,25.143815303155087,1.4626520723325194,26.606467375487604
0.6156486365944147,0.9709724951535463,-0.5630223483430051,0.49078695848584175,-0.015467870980501175,0.35105426982045174,1.8417931255220434,0.7560257884716013,1.0545933846590438,59,7.835337717558094,25.14381530530616,1.4626520621950336,26.60646736750119
0.6156486365944147,0.9709724951535463,-0.5630223583430052,0.49078695848584175,-0.015467870980501175,0.35105426982045174,1.8417931255220434,0.7560257884716013,1.0545933946590438,59,7.835337720976808,25.14381530719855,1.4626520905694964,26.60646739776805
0.6156486465944148,0.9709724951535463,-0.5630223583430052,0.49078695848584175,-0.015467870980501175,0.35105426982045174,1.8417931255220434,0.7560257884716013,1.0545933846590438,59,7.835337719485963,25.143815309022337,1.4626520716413824,26.60646738066372
0.6156486365944147,0.9709724951535463,-0.5630223583430052,0.49078695848584175,-0.015467870980501175,0.35105426982045174,1.8417931355220434,0.7560257884716013,1.0545933846590438,59,7.835337723176898,25.14381531184754,1.4626520905694964,26.606467402417035
0.6156486365944147,0.9709724951535463,-0.5630223583430052,0.49078695848584175,-0.015467870980501175,0.35105426982045174,1.8417931255220434,0.7560257984716013,1.0545933846590438,59,7.835337725572841,25.143815318694514,1.4626520905694964,26.606467409264006
0.6156486365944147,0.9709724951535463,-0.5630223583430052,0.49078695848584175,-0.015467870980501175,0.35105426982045174,1.8417931255220434,0.7560257884716013,1.0545933846590438,59,7.835337727018949,25.143815325354655,1.4626520777387206,26.606467403093372
0.6156486365944147,0.9709724951535463,-0.5630223583430052,0.49078695848584175,-0.015467870980501175,0.35105426982045174,1.8417931255220434,0.7560257884716013,1.0545933846590438,59,7.835337727018949,25.143815325354655,1.4626520777387206,26.606467403093372
0.5508405789732933,0.7276193350553513,-0.198259137570858,0.5269274301826954,0.8138422332704067,-0.013226935639977455,1.7712246144259107,1.3167053872788084,1.2986643577063215,59,8.529127632635381,26.565106279768756,3.1668871618664394,29.731993441635197
-0.2690624985843897,0.6001610811799765,0.35847137682139874,0.5269274301826954,0.8138422332704067,-0.013226935639977455,1.7712246144259107,1.3167053872788084,1.2986643577063215,59,8.91348785398163,27.237836593686644,5.027339571240879,32.26517616492752
0.2184045910835266,0.9011243283748627,0.8769122064113617,-0.06749171018600464,-0.08531603217124939,-0.047976553440093994,0.506866348455886,0.05234712032924006,0.8133452220643549,59,11.296891506949942,33.63082635378046,3.847032519766696,37.477858873547156
0.748948088176788,0.9571205346154565,-0.42972290609014885,0.09428944312126375,-0.41196538616118117,-0.19259465620004823,1.1268956131835506,0.7780738290549013,1.2138928395322885,59,11.624404263365028,34.72007354539965,0.5496698843989626,35.26974342979861
0.13054942712187767,0.9743037894368172,0.9500916600227356,0.00568775087594986,-0.012136571109294891,-0.13583171367645264,0.771511190554476,1.9036265781790545,0.6647246787160399,59,12.781774308459184,36.62901771531383,1.3943951615186774,38.02341287683251
-0.16894682496786118,0.700276754796505,0.45858705043792725,-0.7595822513103485,-0.4726674482226372,0.08688873797655106,0.5330149332241381,0.07849570607703572,0.060454676504548846,59,14.667650837423729,40.742823288286324,8.245514518634462,48.98833780692079
0.5508405789732933,0.7276193350553513,-0.198259137570858,-0.9995757024735212,-0.3968624025583267,-0.013226935639977455,1.7712246144259107,1.3167053872788084,1.2986643577063215,59,14.527836563681037,43.06001084553419,3.4567560801893222,46.516766925723516
0.5508405789732933,0.7276193350553513,-0.198259137570858,-0.9995757024735212,0.8138422332704067,-0.013226935639977455,1.7712246144259107,1.3167053872788084,1.2986643577063215,59,14.900646667570692,45.31952528502182,3.8372103120222376,49.156735597044054
0.5508405789732933,0.7276193350553513,-0.198259137570858,-0.9995757024735212,-0.3968624025583267,-0.2969556227326393,1.7712246144259107,1.3167053872788084,1.2986643577063215,59,15.544189046834077,48.60654503613438,3.6877485930389375,52.29429362917332
0.5508405789732933,0.7276193350553513,-0.198259137570858,-0.9995757024735212,-0.3968624025583267,-0.2969556227326393,1.3503492668952979,1.177902179890609,1.2986643577063215,59,16.310703588622445,48.71410282625558,2.469541992704646,51.18364481896023
0.5508405789732933,0.7276193350553513,-0.198259137570858,-0.9995757024735212,-0.3968624025583267,-0.2969556227326393,1.3503492668952979,1.3167053872788084,1.2986643577063215,59,16.55064604304519,49.843622649759354,2.7142183971897866,52.557841046949136
-0.5607107281684875,-0.20538686960935593,0.26061827689409256,0.7846306264400482,0.2783757969737053,0.6448979377746582,0.0885367940039843,1.876866423682889,0.17553401988460715,59,17.748400035877417,49.89951909696785,7.802942255938421,57.70246135290627
-0.5475873374380171,-0.19405025243759155,0.27195489406585693,-0.6724490155465901,0.8195093870162964,-0.8139684796333313,1.2102571516197016,0.12448981449863218,1.1034706373330563,59,18.03907749603526,50.67788214319663,8.47942442271805,59.157306565914695
-0.6871814903199751,-0.6291534119407325,-0.9726506793963929,-0.45091502781982906,0.9122766377293814,0.6763938553207585,0.620744760579403,0.29986584457177773,1.2374077365125926,59,19.798595314671708,55.67412169832591,12.164129262216226,67.83825096054214
0.5508405789732933,0.7276193350553513,-0.198259137570858,-0.9995757024735212,-0.3968624025583267,-0.2969556227326393,1.3503492668952979,1.177902179890609,1.9442506927402634,59,20.003292101516514,63.26959879919534,3.929273582508263,67.19887238170362
-0.6175883263349533,-0.23960771411657333,0.040919288992881775,0.7917762473225594,-0.9213089495897293,-0.8839694708585739,1.4318734321360924,0.9773542049889901,0.9593131793861724,59,23.336535751783945,63.519925716538864,9.069094796144586,72.58902051268345
-0.535499781370163,-0.18849290907382965,0.09203409403562546,0.8738647922873497,-0.839220404624939,-0.8018809258937836,1.6255619769013692,1.1710427497542668,1.15300172018178,59,23.060366503805525,64.96588591549934,9.033377126895587,73.99926304239493
