experiment_setting_keys,experiment_setting_values,round,room,batch,timestamp,title,tree_tag,player_uuids,player_types,avatar_shapes,avatar_colors,adjacency_matrix,idnum_label_map,perspective_of_player,final_node,tree_status,players_abdicated,durations,cumulative_payoffs_tree,cumulative_payoffs_experiment,choice_type_,choice_type_A,choice_type_B,probability_,probability_A,probability_B,positionxy_,positionxy_A,positionxy_B,info_set_,info_set_A,info_set_B,time_,time_A,time_B,beliefs_,beliefs_A,beliefs_B,options_,options_A,options_B,payoffs__p0,payoffs__p1,payoffs_A_p0,payoffs_A_p1,payoffs_B_p0,payoffs_B_p1,choice__p0,choice__p1,choice_A_p0,choice_A_p1,choice_B_p0,choice_B_p1,prediction__p0,prediction__p1,prediction_A_p0,prediction_A_p1,prediction_B_p0,prediction_B_p1,choice_data__p0,choice_data__p1,choice_data_A_p0,choice_data_A_p1,choice_data_B_p0,choice_data_B_p1,prediction_data__p0,prediction_data__p1,prediction_data_A_p0,prediction_data_A_p1,prediction_data_B_p0,prediction_data_B_p1
rounds,"{'apply': True, 'distribution_type': 'sigmoid', 'interval': [0, 200], 'coefficients': [1, 40]}",0,0,10,1733249798,BDG-513-5134,TREE-1.2-0.0-0.0,"['59de595f-b530-4657-8c64-5f4a011bedca', 'ae8ba20e-3a55-4f87-8cb0-316556432bd6']","['participant', 'participant']","['hour-glass', 'arrow-head']","['hsla(1, 69%, 63%, 1.0)', 'hsla(178, 94%, 45%, 1.0)']","[[1.0, 0.19616296615649922], [0.19616296615649922, 1.0]]","{0: '', 1: 'A', 2: 'B'}",,2,after,"[False, False]","{'max': 21, 'min': 21, 'avg': 21.0, 'root': 12}","[0, 0]","[108, 131]",sequential,chance,chance,"[1.0, 1.0]","[0.5, 1.0]","[0.5, 1.0]","[0.5, 1.0]","[0.625, 0.0]","[0.375, 0.0]",[[0]],[[1]],[[2]],"(0, 12)","(12, 21)","(12, 21)",{},{},{},"['A', 'B']",[],[],0,0,5,1,3,4,B,,,,,,,A,,,,,"{'rtype': 'select-node', 'rtimedn': 6.176, 'rtimeup': 6.176}",,,,,,,"{'rtype': 'select-node', 'rtimedn': 5.839, 'rtimeup': 5.839}",,,,
time_horizon,"{'apply': True, 'interval': [0, 1], 'distribution_type': 'linear', 'coefficients': [0, 1]}",0,1,10,1733249802,BDG-412-4233,TREE-1.2-0.0-0.0,"['465cf7c4-e12a-4092-8dbe-d9da0578db63', '9c620637-9e65-4bc5-9b31-6c412bf03294']","['participant', 'participant']","['jagged-sun', 'dodecagon']","['hsla(194, 64%, 63%, 1.0)', 'hsla(95, 77%, 54%, 1.0)']","[[1.0, 0.19228281957318386], [0.19228281957318386, 1.0]]","{0: '', 1: 'A', 2: 'B'}",,2,after,"[False, False]","{'max': 21, 'min': 21, 'avg': 21.0, 'root': 12}","[0, 0]","[142, 121]",sequential,chance,chance,"[1.0, 1.0]","[0.5, 1.0]","[0.5, 1.0]","[0.5, 1.0]","[0.625, 0.0]","[0.375, 0.0]",[[0]],[[1]],[[2]],"(0, 12)","(12, 21)","(12, 21)",{},{},{},"['A', 'B']",[],[],0,0,4,2,3,3,B,,,,,,,B,,,,,"{'rtype': 'select-node', 'rtimedn': 6.707, 'rtimeup': 6.707}",,,,,,,"{'rtype': 'select-node', 'rtimedn': 5.695, 'rtimeup': 5.695}",,,,
payoff_dimensions,"{'SSD': {'apply': True, 'distribution_type': 'uniform', 'interval': [0, 1], 'coefficients': [1, 1]}, 'OOD': {'apply': True, 'distribution_type': 'uniform', 'interval': [0, 1], 'coefficients': [1, 1]}, 'SOD': {'apply': True, 'distribution_type': 'uniform', 'interval': [0, 1], 'coefficients': [1, 1]}, 'abdication_penalty': 10, 'payoff_values': [1, 9], 'cents_per_payoff': 0}",0,2,10,1733249803,BDG-288-3234,TREE-1.2-0.0-0.0,"['ab497966-2b5f-49be-b99b-c5665902d78d', '831b4607-e88d-4b93-9fbf-81dde8a6737d']","['participant', 'participant']","['flower', 'teardrop']","['hsla(17, 90%, 46%, 1.0)', 'hsla(178, 98%, 43%, 1.0)']","[[1.0, 0.03901702953222677], [0.03901702953222677, 1.0]]","{0: '', 1: 'A', 2: 'B'}",,2,after,"[False, True]","{'max': 21, 'min': 21, 'avg': 21.0, 'root': 12}","[0, -10]","[153, -6]",sequential,chance,chance,"[1.0, 1.0]","[0.5, 1.0]","[0.5, 1.0]","[0.5, 1.0]","[0.625, 0.0]","[0.375, 0.0]",[[0]],[[1]],[[2]],"(0, 12)","(12, 21)","(12, 21)",{},{},{},"['A', 'B']",[],[],0,0,3,2,3,4,B,,,,,,,A,,,,,"{'rtype': 'select-node', 'rtimedn': 6.085, 'rtimeup': 6.085}",,,,,,,"{'rtype': None, 'rtimedn': 13, 'rtimeup': 13}",,,,
players,"{'n_humans': 8, 'n_robots': 0, 'can_join_late': False, 'proportion_over_number': True, 'start_when_enough_humans': True, 'exclude_researchers': False}",0,3,10,1733249799,BDG-368-3544,TREE-1.2-0.0-0.0,"['ad7f710d-dc9b-456e-8980-ec62de2a1005', '65a66864-4e73-4e0b-81f3-d96191245fdb']","['participant', 'participant']","['dent-square', 'flower']","['hsla(140, 73%, 56%, 1.0)', 'hsla(225, 90%, 44%, 1.0)']","[[1.0, 0.03901702953222677], [0.03901702953222677, 1.0]]","{0: '', 1: 'A', 2: 'B'}",,2,after,"[False, False]","{'max': 21, 'min': 21, 'avg': 21.0, 'root': 12}","[0, 0]","[146, 141]",sequential,chance,chance,"[1.0, 1.0]","[0.5, 1.0]","[0.5, 1.0]","[0.5, 1.0]","[0.625, 0.0]","[0.375, 0.0]",[[0]],[[1]],[[2]],"(0, 12)","(12, 21)","(12, 21)",{},{},{},"['A', 'B']",[],[],0,0,3,5,4,4,B,,,,,,,B,,,,,"{'rtype': 'select-node', 'rtimedn': 6.017, 'rtimeup': 6.017}",,,,,,,"{'rtype': 'select-node', 'rtimedn': 6.291, 'rtimeup': 6.291}",,,,
game_speed,"{'seconds_per_node': 9, 'seconds_per_descendant': 1, 'buffer_between_levels': 0}",1,0,10,1733249815,BDG-513-5134,TREE-1.2-0.0-0.0,"['465cf7c4-e12a-4092-8dbe-d9da0578db63', '831b4607-e88d-4b93-9fbf-81dde8a6737d']","['participant', 'participant']","['jagged-sun', 'teardrop']","['hsla(194, 64%, 63%, 1.0)', 'hsla(177, 98%, 43%, 1.0)']","[[1.0, 0.20155205863332612], [0.20155205863332612, 1.0]]","{0: '', 1: 'A', 2: 'B'}",,2,after,"[False, False]","{'max': 21, 'min': 21, 'avg': 21.0, 'root': 12}","[0, 0]","[142, 130]",sequential,chance,chance,"[1.0, 1.0]","[0.5, 1.0]","[0.5, 1.0]","[0.5, 1.0]","[0.625, 0.0]","[0.375, 0.0]",[[0]],[[1]],[[2]],"(0, 12)","(12, 21)","(12, 21)",{},{},{},"['A', 'B']",[],[],0,0,5,1,3,4,B,,,,,,,B,,,,,"{'rtype': 'select-node', 'rtimedn': 7.956, 'rtimeup': 7.956}",,,,,,,"{'rtype': 'select-node', 'rtimedn': 7.491, 'rtimeup': 7.491}",,,,
game_trees,"{'preselected': True, 'trees_list': ['BDG-000-1111', 'BDG-001-1112', 'BDG-002-1113', 'BDG-003-1114', 'BDG-004-1115', 'BDG-005-1121', 'BDG-006-1122', 'BDG-007-1123', 'BDG-008-1124', 'BDG-009-1125', 'BDG-010-1131', 'BDG-011-1132', 'BDG-012-1133', 'BDG-013-1134', 'BDG-014-1135', 'BDG-015-1141', 'BDG-016-1142', 'BDG-017-1143', 'BDG-018-1144', 'BDG-019-1145', 'BDG-020-1151', 'BDG-021-1152', 'BDG-022-1153', 'BDG-023-1154', 'BDG-024-1155', 'BDG-025-1211', 'BDG-026-1212', 'BDG-027-1213', 'BDG-028-1214', 'BDG-029-1215', 'BDG-030-1221', 'BDG-031-1222', 'BDG-032-1223', 'BDG-033-1224', 'BDG-034-1225', 'BDG-035-1231', 'BDG-036-1232', 'BDG-037-1233', 'BDG-038-1234', 'BDG-039-1235', 'BDG-040-1241', 'BDG-041-1242', 'BDG-042-1243', 'BDG-043-1244', 'BDG-044-1245', 'BDG-045-1251', 'BDG-046-1252', 'BDG-047-1253', 'BDG-048-1254', 'BDG-049-1255', 'BDG-050-1311', 'BDG-051-1312', 'BDG-052-1313', 'BDG-053-1314', 'BDG-054-1315', 'BDG-055-1321', 'BDG-056-1322', 'BDG-057-1323', 'BDG-058-1324', 'BDG-059-1325', 'BDG-060-1331', 'BDG-061-1332', 'BDG-062-1333', 'BDG-063-1334', 'BDG-064-1335', 'BDG-065-1341', 'BDG-066-1342', 'BDG-067-1343', 'BDG-068-1344', 'BDG-069-1345', 'BDG-070-1351', 'BDG-071-1352', 'BDG-072-1353', 'BDG-073-1354', 'BDG-074-1355', 'BDG-075-1411', 'BDG-076-1412', 'BDG-077-1413', 'BDG-078-1414', 'BDG-079-1415', 'BDG-080-1421', 'BDG-081-1422', 'BDG-082-1423', 'BDG-083-1424', 'BDG-084-1425', 'BDG-085-1431', 'BDG-086-1432', 'BDG-087-1433', 'BDG-088-1434', 'BDG-089-1435', 'BDG-090-1441', 'BDG-091-1442', 'BDG-092-1443', 'BDG-093-1444', 'BDG-094-1445', 'BDG-095-1451', 'BDG-096-1452', 'BDG-097-1453', 'BDG-098-1454', 'BDG-099-1455', 'BDG-100-1511', 'BDG-101-1512', 'BDG-102-1513', 'BDG-103-1514', 'BDG-104-1515', 'BDG-105-1521', 'BDG-106-1522', 'BDG-107-1523', 'BDG-108-1524', 'BDG-109-1525', 'BDG-110-1531', 'BDG-111-1532', 'BDG-112-1533', 'BDG-113-1534', 'BDG-114-1535', 'BDG-115-1541', 'BDG-116-1542', 'BDG-117-1543', 'BDG-118-1544', 'BDG-119-1545', 'BDG-120-1551', 'BDG-121-1552', 'BDG-122-1553', 'BDG-123-1554', 'BDG-124-1555', 'BDG-125-2111', 'BDG-126-2112', 'BDG-127-2113', 'BDG-128-2114', 'BDG-129-2115', 'BDG-130-2121', 'BDG-131-2122', 'BDG-132-2123', 'BDG-133-2124', 'BDG-134-2125', 'BDG-135-2131', 'BDG-136-2132', 'BDG-137-2133', 'BDG-138-2134', 'BDG-139-2135', 'BDG-140-2141', 'BDG-141-2142', 'BDG-142-2143', 'BDG-143-2144', 'BDG-144-2145', 'BDG-145-2151', 'BDG-146-2152', 'BDG-147-2153', 'BDG-148-2154', 'BDG-149-2155', 'BDG-150-2211', 'BDG-151-2212', 'BDG-152-2213', 'BDG-153-2214', 'BDG-154-2215', 'BDG-155-2221', 'BDG-156-2222', 'BDG-157-2223', 'BDG-158-2224', 'BDG-159-2225', 'BDG-160-2231', 'BDG-161-2232', 'BDG-162-2233', 'BDG-163-2234', 'BDG-164-2235', 'BDG-165-2241', 'BDG-166-2242', 'BDG-167-2243', 'BDG-168-2244', 'BDG-169-2245', 'BDG-170-2251', 'BDG-171-2252', 'BDG-172-2253', 'BDG-173-2254', 'BDG-174-2255', 'BDG-175-2311', 'BDG-176-2312', 'BDG-177-2313', 'BDG-178-2314', 'BDG-179-2315', 'BDG-180-2321', 'BDG-181-2322', 'BDG-182-2323', 'BDG-183-2324', 'BDG-184-2325', 'BDG-185-2331', 'BDG-186-2332', 'BDG-187-2333', 'BDG-188-2334', 'BDG-189-2335', 'BDG-190-2341', 'BDG-191-2342', 'BDG-192-2343', 'BDG-193-2344', 'BDG-194-2345', 'BDG-195-2351', 'BDG-196-2352', 'BDG-197-2353', 'BDG-198-2354', 'BDG-199-2355', 'BDG-200-2411', 'BDG-201-2412', 'BDG-202-2413', 'BDG-203-2414', 'BDG-204-2415', 'BDG-205-2421', 'BDG-206-2422', 'BDG-207-2423', 'BDG-208-2424', 'BDG-209-2425', 'BDG-210-2431', 'BDG-211-2432', 'BDG-212-2433', 'BDG-213-2434', 'BDG-214-2435', 'BDG-215-2441', 'BDG-216-2442', 'BDG-217-2443', 'BDG-218-2444', 'BDG-219-2445', 'BDG-220-2451', 'BDG-221-2452', 'BDG-222-2453', 'BDG-223-2454', 'BDG-224-2455', 'BDG-225-2511', 'BDG-226-2512', 'BDG-227-2513', 'BDG-228-2514', 'BDG-229-2515', 'BDG-230-2521', 'BDG-231-2522', 'BDG-232-2523', 'BDG-233-2524', 'BDG-234-2525', 'BDG-235-2531', 'BDG-236-2532', 'BDG-237-2533', 'BDG-238-2534', 'BDG-239-2535', 'BDG-240-2541', 'BDG-241-2542', 'BDG-242-2543', 'BDG-243-2544', 'BDG-244-2545', 'BDG-245-2551', 'BDG-246-2552', 'BDG-247-2553', 'BDG-248-2554', 'BDG-249-2555', 'BDG-250-3111', 'BDG-251-3112', 'BDG-252-3113', 'BDG-253-3114', 'BDG-254-3115', 'BDG-255-3121', 'BDG-256-3122', 'BDG-257-3123', 'BDG-258-3124', 'BDG-259-3125', 'BDG-260-3131', 'BDG-261-3132', 'BDG-262-3133', 'BDG-263-3134', 'BDG-264-3135', 'BDG-265-3141', 'BDG-266-3142', 'BDG-267-3143', 'BDG-268-3144', 'BDG-269-3145', 'BDG-270-3151', 'BDG-271-3152', 'BDG-272-3153', 'BDG-273-3154', 'BDG-274-3155', 'BDG-275-3211', 'BDG-276-3212', 'BDG-277-3213', 'BDG-278-3214', 'BDG-279-3215', 'BDG-280-3221', 'BDG-281-3222', 'BDG-282-3223', 'BDG-283-3224', 'BDG-284-3225', 'BDG-285-3231', 'BDG-286-3232', 'BDG-287-3233', 'BDG-288-3234', 'BDG-289-3235', 'BDG-290-3241', 'BDG-291-3242', 'BDG-292-3243', 'BDG-293-3244', 'BDG-294-3245', 'BDG-295-3251', 'BDG-296-3252', 'BDG-297-3253', 'BDG-298-3254', 'BDG-299-3255', 'BDG-300-3311', 'BDG-301-3312', 'BDG-302-3313', 'BDG-303-3314', 'BDG-304-3315', 'BDG-305-3321', 'BDG-306-3322', 'BDG-307-3323', 'BDG-308-3324', 'BDG-309-3325', 'BDG-310-3331', 'BDG-311-3332', 'BDG-312-3333', 'BDG-313-3334', 'BDG-314-3335', 'BDG-315-3341', 'BDG-316-3342', 'BDG-317-3343', 'BDG-318-3344', 'BDG-319-3345', 'BDG-320-3351', 'BDG-321-3352', 'BDG-322-3353', 'BDG-323-3354', 'BDG-324-3355', 'BDG-325-3411', 'BDG-326-3412', 'BDG-327-3413', 'BDG-328-3414', 'BDG-329-3415', 'BDG-330-3421', 'BDG-331-3422', 'BDG-332-3423', 'BDG-333-3424', 'BDG-334-3425', 'BDG-335-3431', 'BDG-336-3432', 'BDG-337-3433', 'BDG-338-3434', 'BDG-339-3435', 'BDG-340-3441', 'BDG-341-3442', 'BDG-342-3443', 'BDG-343-3444', 'BDG-344-3445', 'BDG-345-3451', 'BDG-346-3452', 'BDG-347-3453', 'BDG-348-3454', 'BDG-349-3455', 'BDG-350-3511', 'BDG-351-3512', 'BDG-352-3513', 'BDG-353-3514', 'BDG-354-3515', 'BDG-355-3521', 'BDG-356-3522', 'BDG-357-3523', 'BDG-358-3524', 'BDG-359-3525', 'BDG-360-3531', 'BDG-361-3532', 'BDG-362-3533', 'BDG-363-3534', 'BDG-364-3535', 'BDG-365-3541', 'BDG-366-3542', 'BDG-367-3543', 'BDG-368-3544', 'BDG-369-3545', 'BDG-370-3551', 'BDG-371-3552', 'BDG-372-3553', 'BDG-373-3554', 'BDG-374-3555', 'BDG-375-4111', 'BDG-376-4112', 'BDG-377-4113', 'BDG-378-4114', 'BDG-379-4115', 'BDG-380-4121', 'BDG-381-4122', 'BDG-382-4123', 'BDG-383-4124', 'BDG-384-4125', 'BDG-385-4131', 'BDG-386-4132', 'BDG-387-4133', 'BDG-388-4134', 'BDG-389-4135', 'BDG-390-4141', 'BDG-391-4142', 'BDG-392-4143', 'BDG-393-4144', 'BDG-394-4145', 'BDG-395-4151', 'BDG-396-4152', 'BDG-397-4153', 'BDG-398-4154', 'BDG-399-4155', 'BDG-400-4211', 'BDG-401-4212', 'BDG-402-4213', 'BDG-403-4214', 'BDG-404-4215', 'BDG-405-4221', 'BDG-406-4222', 'BDG-407-4223', 'BDG-408-4224', 'BDG-409-4225', 'BDG-410-4231', 'BDG-411-4232', 'BDG-412-4233', 'BDG-413-4234', 'BDG-414-4235', 'BDG-415-4241', 'BDG-416-4242', 'BDG-417-4243', 'BDG-418-4244', 'BDG-419-4245', 'BDG-420-4251', 'BDG-421-4252', 'BDG-422-4253', 'BDG-423-4254', 'BDG-424-4255', 'BDG-425-4311', 'BDG-426-4312', 'BDG-427-4313', 'BDG-428-4314', 'BDG-429-4315', 'BDG-430-4321', 'BDG-431-4322', 'BDG-432-4323', 'BDG-433-4324', 'BDG-434-4325', 'BDG-435-4331', 'BDG-436-4332', 'BDG-437-4333', 'BDG-438-4334', 'BDG-439-4335', 'BDG-440-4341', 'BDG-441-4342', 'BDG-442-4343', 'BDG-443-4344', 'BDG-444-4345', 'BDG-445-4351', 'BDG-446-4352', 'BDG-447-4353', 'BDG-448-4354', 'BDG-449-4355', 'BDG-450-4411', 'BDG-451-4412', 'BDG-452-4413', 'BDG-453-4414', 'BDG-454-4415', 'BDG-455-4421', 'BDG-456-4422', 'BDG-457-4423', 'BDG-458-4424', 'BDG-459-4425', 'BDG-460-4431', 'BDG-461-4432', 'BDG-462-4433', 'BDG-463-4434', 'BDG-464-4435', 'BDG-465-4441', 'BDG-466-4442', 'BDG-467-4443', 'BDG-468-4444', 'BDG-469-4445', 'BDG-470-4451', 'BDG-471-4452', 'BDG-472-4453', 'BDG-473-4454', 'BDG-474-4455', 'BDG-475-4511', 'BDG-476-4512', 'BDG-477-4513', 'BDG-478-4514', 'BDG-479-4515', 'BDG-480-4521', 'BDG-481-4522', 'BDG-482-4523', 'BDG-483-4524', 'BDG-484-4525', 'BDG-485-4531', 'BDG-486-4532', 'BDG-487-4533', 'BDG-488-4534', 'BDG-489-4535', 'BDG-490-4541', 'BDG-491-4542', 'BDG-492-4543', 'BDG-493-4544', 'BDG-494-4545', 'BDG-495-4551', 'BDG-496-4552', 'BDG-497-4553', 'BDG-498-4554', 'BDG-499-4555', 'BDG-500-5111', 'BDG-501-5112', 'BDG-502-5113', 'BDG-503-5114', 'BDG-504-5115', 'BDG-505-5121', 'BDG-506-5122', 'BDG-507-5123', 'BDG-508-5124', 'BDG-509-5125', 'BDG-510-5131', 'BDG-511-5132', 'BDG-512-5133', 'BDG-513-5134', 'BDG-514-5135', 'BDG-515-5141', 'BDG-516-5142', 'BDG-517-5143', 'BDG-518-5144', 'BDG-519-5145', 'BDG-520-5151', 'BDG-521-5152', 'BDG-522-5153', 'BDG-523-5154', 'BDG-524-5155', 'BDG-525-5211', 'BDG-526-5212', 'BDG-527-5213', 'BDG-528-5214', 'BDG-529-5215', 'BDG-530-5221', 'BDG-531-5222', 'BDG-532-5223', 'BDG-533-5224', 'BDG-534-5225', 'BDG-535-5231', 'BDG-536-5232', 'BDG-537-5233', 'BDG-538-5234', 'BDG-539-5235', 'BDG-540-5241', 'BDG-541-5242', 'BDG-542-5243', 'BDG-543-5244', 'BDG-544-5245', 'BDG-545-5251', 'BDG-546-5252', 'BDG-547-5253', 'BDG-548-5254', 'BDG-549-5255', 'BDG-550-5311', 'BDG-551-5312', 'BDG-552-5313', 'BDG-553-5314', 'BDG-554-5315', 'BDG-555-5321', 'BDG-556-5322', 'BDG-557-5323', 'BDG-558-5324', 'BDG-559-5325', 'BDG-560-5331', 'BDG-561-5332', 'BDG-562-5333', 'BDG-563-5334', 'BDG-564-5335', 'BDG-565-5341', 'BDG-566-5342', 'BDG-567-5343', 'BDG-568-5344', 'BDG-569-5345', 'BDG-570-5351', 'BDG-571-5352', 'BDG-572-5353', 'BDG-573-5354', 'BDG-574-5355', 'BDG-575-5411', 'BDG-576-5412', 'BDG-577-5413', 'BDG-578-5414', 'BDG-579-5415', 'BDG-580-5421', 'BDG-581-5422', 'BDG-582-5423', 'BDG-583-5424', 'BDG-584-5425', 'BDG-585-5431', 'BDG-586-5432', 'BDG-587-5433', 'BDG-588-5434', 'BDG-589-5435', 'BDG-590-5441', 'BDG-591-5442', 'BDG-592-5443', 'BDG-593-5444', 'BDG-594-5445', 'BDG-595-5451', 'BDG-596-5452', 'BDG-597-5453', 'BDG-598-5454', 'BDG-599-5455', 'BDG-600-5511', 'BDG-601-5512', 'BDG-602-5513', 'BDG-603-5514', 'BDG-604-5515', 'BDG-605-5521', 'BDG-606-5522', 'BDG-607-5523', 'BDG-608-5524', 'BDG-609-5525', 'BDG-610-5531', 'BDG-611-5532', 'BDG-612-5533', 'BDG-613-5534', 'BDG-614-5535', 'BDG-615-5541', 'BDG-616-5542', 'BDG-617-5543', 'BDG-618-5544', 'BDG-619-5545', 'BDG-620-5551', 'BDG-621-5552', 'BDG-622-5553', 'BDG-623-5554', 'BDG-624-5555']}",1,1,10,1733249814,BDG-224-2455,TREE-1.2-0.0-0.0,"['ae8ba20e-3a55-4f87-8cb0-316556432bd6', 'ad7f710d-dc9b-456e-8980-ec62de2a1005']","['participant', 'participant']","['arrow-head', 'dent-square']","['hsla(178, 94%, 45%, 1.0)', 'hsla(140, 73%, 56%, 1.0)']","[[1.0, 0.1207156714809226], [0.1207156714809226, 1.0]]","{0: '', 1: 'A', 2: 'B'}",,2,after,"[False, False]","{'max': 21, 'min': 21, 'avg': 21.0, 'root': 12}","[0, 0]","[131, 146]",sequential,chance,chance,"[1.0, 1.0]","[0.5, 1.0]","[0.5, 1.0]","[0.5, 1.0]","[0.625, 0.0]","[0.375, 0.0]",[[0]],[[1]],[[2]],"(0, 12)","(12, 21)","(12, 21)",{},{},{},"['A', 'B']",[],[],0,0,2,4,5,5,B,,,,,,,B,,,,,"{'rtype': 'select-node', 'rtimedn': 7.629, 'rtimeup': 7.629}",,,,,,,"{'rtype': 'select-node', 'rtimedn': 7.701, 'rtimeup': 7.701}",,,,
group_size,"{'distribution': [0, 1, 0, 0], 'apply': True}",1,2,10,1733249816,BDG-114-1535,TREE-1.2-0.0-0.0,"['65a66864-4e73-4e0b-81f3-d96191245fdb', '59de595f-b530-4657-8c64-5f4a011bedca']","['participant', 'participant']","['flower', 'hour-glass']","['hsla(225, 90%, 44%, 1.0)', 'hsla(1, 69%, 63%, 1.0)']","[[1.0, 0.20155205863332612], [0.20155205863332612, 1.0]]","{0: '', 1: 'A', 2: 'B'}",,2,after,"[False, False]","{'max': 21, 'min': 21, 'avg': 21.0, 'root': 12}","[0, 0]","[141, 108]",sequential,chance,chance,"[1.0, 1.0]","[0.5, 1.0]","[0.5, 1.0]","[0.5, 1.0]","[0.375, 0.0]","[0.625, 0.0]",[[0]],[[1]],[[2]],"(0, 12)","(12, 21)","(12, 21)",{},{},{},"['A', 'B']",[],[],0,0,1,5,3,5,B,,,,,,,B,,,,,"{'rtype': 'select-node', 'rtimedn': 7.921, 'rtimeup': 7.921}",,,,,,,"{'rtype': 'select-node', 'rtimedn': 7.94, 'rtimeup': 7.94}",,,,
robots,"{'self_value': {'apply': True, 'distribution_type': 'point', 'interval': [1, 1], 'coefficients': [1, 1]}, 'other_value': {'apply': True, 'distribution_type': 'point', 'interval': [0, 0], 'coefficients': [0, 1]}, 'normal_envy': {'apply': True, 'distribution_type': 'point', 'interval': [0, 0], 'coefficients': [0, 1]}, 'reverse_envy': {'apply': True, 'distribution_type': 'point', 'interval': [0, 0], 'coefficients': [0, 1]}, 'risk_preference': {'apply': True, 'distribution_type': 'point', 'interval': [0, 0], 'coefficients': [0, 1]}, 'loss_preference': {'apply': True, 'distribution_type': 'point', 'interval': [0, 0], 'coefficients': [0, 1]}, 'reasoning_depth': {'apply': True, 'distribution_type': 'point', 'interval': [3, 3], 'coefficients': [3, 1]}, 'time_discount': {'apply': True, 'distribution_type': 'point', 'interval': [0, 0], 'coefficients': [0, 1]}, 'reaction_time': {'apply': True, 'distribution_type': 'uniform', 'interval': [0, 1], 'coefficients': [1, 1]}}",1,3,10,1733249816,BDG-372-3553,TREE-1.2-0.0-0.0,"['ab497966-2b5f-49be-b99b-c5665902d78d', '9c620637-9e65-4bc5-9b31-6c412bf03294']","['participant', 'participant']","['flower', 'dodecagon']","['hsla(17, 90%, 46%, 1.0)', 'hsla(95, 77%, 54%, 1.0)']","[[1.0, 0.19616296615649922], [0.19616296615649922, 1.0]]","{0: '', 1: 'A', 2: 'B'}",,2,after,"[False, False]","{'max': 21, 'min': 21, 'avg': 21.0, 'root': 12}","[0, 0]","[153, 121]",sequential,chance,chance,"[1.0, 1.0]","[0.5, 1.0]","[0.5, 1.0]","[0.5, 1.0]","[0.625, 0.0]","[0.375, 0.0]",[[0]],[[1]],[[2]],"(0, 12)","(12, 21)","(12, 21)",{},{},{},"['A', 'B']",[],[],0,0,3,5,5,3,B,,,,,,,B,,,,,"{'rtype': 'select-node', 'rtimedn': 7.985, 'rtimeup': 7.985}",,,,,,,"{'rtype': 'select-node', 'rtimedn': 7.489, 'rtimeup': 7.489}",,,,
truthfulness,"{'apply': True, 'distribution_type': 'uniform', 'interval': [0, 1], 'coefficients': [1, 1]}",2,0,10,1733249829,BDG-109-1525,TREE-1.2-0.0-0.0,"['ad7f710d-dc9b-456e-8980-ec62de2a1005', '9c620637-9e65-4bc5-9b31-6c412bf03294']","['participant', 'participant']","['dent-square', 'dodecagon']","['hsla(140, 73%, 56%, 1.0)', 'hsla(95, 77%, 54%, 1.0)']","[[1.0, 0.20155205863332612], [0.20155205863332612, 1.0]]","{0: '', 1: 'A', 2: 'B'}",,2,after,"[False, False]","{'max': 21, 'min': 21, 'avg': 21.0, 'root': 12}","[0, 0]","[146, 121]",sequential,chance,chance,"[1.0, 1.0]","[0.5, 1.0]","[0.5, 1.0]","[0.5, 1.0]","[0.625, 0.0]","[0.375, 0.0]",[[0]],[[1]],[[2]],"(0, 12)","(12, 21)","(12, 21)",{},{},{},"['A', 'B']",[],[],0,0,1,5,2,5,B,,,,,,,A,,,,,"{'rtype': 'select-node', 'rtimedn': 9.071, 'rtimeup': 9.071}",,,,,,,"{'rtype': 'select-node', 'rtimedn': 9.185, 'rtimeup': 9.185}",,,,
complexity,"{'apply': True, 'distribution_type': 'uniform', 'interval': [0, 1], 'coefficients': [1, 1]}",2,1,10,1733249826,BDG-075-1411,TREE-1.2-0.0-0.0,"['65a66864-4e73-4e0b-81f3-d96191245fdb', '59de595f-b530-4657-8c64-5f4a011bedca']","['participant', 'participant']","['flower', 'hour-glass']","['hsla(225, 90%, 44%, 1.0)', 'hsla(1, 69%, 63%, 1.0)']","[[1.0, 0.20155205863332612], [0.20155205863332612, 1.0]]","{0: '', 1: 'A', 2: 'B'}",,1,after,"[False, False]","{'max': 21, 'min': 21, 'avg': 21.0, 'root': 12}","[0, 0]","[141, 108]",sequential,chance,chance,"[1.0, 1.0]","[0.5, 1.0]","[0.5, 1.0]","[0.5, 1.0]","[0.375, 0.0]","[0.625, 0.0]",[[0]],[[1]],[[2]],"(0, 12)","(12, 21)","(12, 21)",{},{},{},"['A', 'B']",[],[],0,0,1,4,1,1,A,,,,,,,B,,,,,"{'rtype': 'select-node', 'rtimedn': 8.966, 'rtimeup': 8.966}",,,,,,,"{'rtype': 'select-node', 'rtimedn': 8.915, 'rtimeup': 8.915}",,,,
agency,"{'apply': True, 'distribution_type': 'uniform', 'interval': [0, 1], 'coefficients': [1, 1]}",2,2,10,1733249829,BDG-121-1552,TREE-1.2-0.0-0.0,"['ae8ba20e-3a55-4f87-8cb0-316556432bd6', 'ab497966-2b5f-49be-b99b-c5665902d78d']","['participant', 'participant']","['arrow-head', 'flower']","['hsla(178, 94%, 45%, 1.0)', 'hsla(17, 90%, 46%, 1.0)']","[[1.0, 0.20155205863332612], [0.20155205863332612, 1.0]]","{0: '', 1: 'A', 2: 'B'}",,1,after,"[False, False]","{'max': 21, 'min': 21, 'avg': 21.0, 'root': 12}","[0, 0]","[131, 153]",sequential,chance,chance,"[1.0, 1.0]","[0.5, 1.0]","[0.5, 1.0]","[0.5, 1.0]","[0.375, 0.0]","[0.625, 0.0]",[[0]],[[1]],[[2]],"(0, 12)","(12, 21)","(12, 21)",{},{},{},"['A', 'B']",[],[],0,0,1,5,5,2,A,,,,,,,B,,,,,"{'rtype': 'select-node', 'rtimedn': 9.117, 'rtimeup': 9.117}",,,,,,,"{'rtype': 'select-node', 'rtimedn': 8.84, 'rtimeup': 8.84}",,,,
base_url,https://yourschool.sona-systems.com/webstudy_credit.aspx,2,3,10,1733249828,BDG-110-1531,TREE-1.2-0.0-0.0,"['465cf7c4-e12a-4092-8dbe-d9da0578db63', '831b4607-e88d-4b93-9fbf-81dde8a6737d']","['participant', 'participant']","['jagged-sun', 'teardrop']","['hsla(194, 64%, 63%, 1.0)', 'hsla(177, 98%, 43%, 1.0)']","[[1.0, 0.20155205863332612], [0.20155205863332612, 1.0]]","{0: '', 1: 'A', 2: 'B'}",,1,after,"[False, False]","{'max': 21, 'min': 21, 'avg': 21.0, 'root': 12}","[0, 0]","[142, 130]",sequential,chance,chance,"[1.0, 1.0]","[0.5, 1.0]","[0.5, 1.0]","[0.5, 1.0]","[0.375, 0.0]","[0.625, 0.0]",[[0]],[[1]],[[2]],"(0, 12)","(12, 21)","(12, 21)",{},{},{},"['A', 'B']",[],[],0,0,1,5,3,1,A,,,,,,,A,,,,,"{'rtype': 'select-node', 'rtimedn': 9.055, 'rtimeup': 9.055}",,,,,,,"{'rtype': 'select-node', 'rtimedn': 9.1, 'rtimeup': 9.1}",,,,
instructions,['No additional instructions.'],3,0,10,1733249839,BDG-098-1454,TREE-1.2-0.0-0.0,"['ab497966-2b5f-49be-b99b-c5665902d78d', 'ad7f710d-dc9b-456e-8980-ec62de2a1005']","['participant', 'participant']","['flower', 'dent-square']","['hsla(17, 90%, 46%, 1.0)', 'hsla(140, 73%, 56%, 1.0)']","[[1.0, 0.19228281957318386], [0.19228281957318386, 1.0]]","{0: '', 1: 'A', 2: 'B'}",,2,after,"[False, False]","{'max': 21, 'min': 21, 'avg': 21.0, 'root': 12}","[0, 0]","[153, 146]",sequential,chance,chance,"[1.0, 1.0]","[0.5, 1.0]","[0.5, 1.0]","[0.5, 1.0]","[0.375, 0.0]","[0.625, 0.0]",[[0]],[[1]],[[2]],"(0, 12)","(12, 21)","(12, 21)",{},{},{},"['A', 'B']",[],[],0,0,1,4,5,4,B,,,,,,,B,,,,,"{'rtype': 'select-node', 'rtimedn': 10.322, 'rtimeup': 10.322}",,,,,,,"{'rtype': 'select-node', 'rtimedn': 10.203, 'rtimeup': 10.203}",,,,
consent,"['UNIVERSITY OF MICHIGAN', 'CONSENT TO BE PART OF A RESEARCH STUDY HUM00243214', 'Platform Title: The Morality Game', 'Platform Creator: Gregory Stanley, Ph.D. Candidate, University of Michigan', 'Faculty Advisor: Jun Zhang, Professor of Psychology, University of Michigan', 'Thank you for your interest in participating in this experiment.  This is an unpaid experiment.  You will receive credit for 1 hour of Subject Pool participation.  Please be ready for 1 hour of continuous participation.  If you are inactive for over 2 minutes, the system will automatically eject you from the experiment.  Your counterparts are human participants, unless they drop out of the experiment, in which case they will be replaced by artificial agents.  Please feel free to contact me, Greg, at (714) 454-0435 if you have any questions.  All other information relevant to your consent was covered by the platform general-consent form in the tutorial.  You must be 18 years of age or older to participate in this study.', '']",3,1,10,1733249841,BDG-414-4235,TREE-1.2-0.0-0.0,"['ae8ba20e-3a55-4f87-8cb0-316556432bd6', '831b4607-e88d-4b93-9fbf-81dde8a6737d']","['participant', 'participant']","['arrow-head', 'teardrop']","['hsla(178, 94%, 45%, 1.0)', 'hsla(177, 98%, 43%, 1.0)']","[[1.0, 0.2017676223323992], [0.2017676223323992, 1.0]]","{0: '', 1: 'A', 2: 'B'}",,2,after,"[False, False]","{'max': 21, 'min': 21, 'avg': 21.0, 'root': 12}","[0, 0]","[131, 130]",sequential,chance,chance,"[1.0, 1.0]","[0.5, 1.0]","[0.5, 1.0]","[0.5, 1.0]","[0.625, 0.0]","[0.375, 0.0]",[[0]],[[1]],[[2]],"(0, 12)","(12, 21)","(12, 21)",{},{},{},"['A', 'B']",[],[],0,0,4,2,3,5,B,,,,,,,B,,,,,"{'rtype': 'select-node', 'rtimedn': 10.346, 'rtimeup': 10.346}",,,,,,,"{'rtype': 'select-node', 'rtimedn': 10.221, 'rtimeup': 10.221}",,,,
experiment_code,eGfzR5QoOZLq,3,2,10,1733249842,BDG-383-4124,TREE-1.2-0.0-0.0,"['9c620637-9e65-4bc5-9b31-6c412bf03294', '465cf7c4-e12a-4092-8dbe-d9da0578db63']","['participant', 'participant']","['dodecagon', 'jagged-sun']","['hsla(95, 77%, 54%, 1.0)', 'hsla(194, 64%, 63%, 1.0)']","[[1.0, 0.19228281957318386], [0.19228281957318386, 1.0]]","{0: '', 1: 'A', 2: 'B'}",,1,after,"[False, False]","{'max': 21, 'min': 21, 'avg': 21.0, 'root': 12}","[0, 0]","[121, 142]",sequential,chance,chance,"[1.0, 1.0]","[0.5, 1.0]","[0.5, 1.0]","[0.5, 1.0]","[0.375, 0.0]","[0.625, 0.0]",[[0]],[[1]],[[2]],"(0, 12)","(12, 21)","(12, 21)",{},{},{},"['A', 'B']",[],[],0,0,4,1,2,4,A,,,,,,,B,,,,,"{'rtype': 'select-node', 'rtimedn': 10.478, 'rtimeup': 10.478}",,,,,,,"{'rtype': 'select-node', 'rtimedn': 10.558, 'rtimeup': 10.558}",,,,
experiment_type,pilot,3,3,10,1733249840,BDG-449-4355,TREE-1.2-0.0-0.0,"['59de595f-b530-4657-8c64-5f4a011bedca', '65a66864-4e73-4e0b-81f3-d96191245fdb']","['participant', 'participant']","['hour-glass', 'flower']","['hsla(1, 69%, 63%, 1.0)', 'hsla(225, 90%, 44%, 1.0)']","[[1.0, 0.20155205863332612], [0.20155205863332612, 1.0]]","{0: '', 1: 'A', 2: 'B'}",,2,after,"[False, False]","{'max': 21, 'min': 21, 'avg': 21.0, 'root': 12}","[0, 0]","[108, 141]",sequential,chance,chance,"[1.0, 1.0]","[0.5, 1.0]","[0.5, 1.0]","[0.5, 1.0]","[0.625, 0.0]","[0.375, 0.0]",[[0]],[[1]],[[2]],"(0, 12)","(12, 21)","(12, 21)",{},{},{},"['A', 'B']",[],[],0,0,4,3,5,5,B,,,,,,,B,,,,,"{'rtype': 'select-node', 'rtimedn': 10.161, 'rtimeup': 10.161}",,,,,,,"{'rtype': 'select-node', 'rtimedn': 10.329, 'rtimeup': 10.329}",,,,
status,open,4,0,10,1733249852,BDG-374-3555,TREE-1.2-0.0-0.0,"['ad7f710d-dc9b-456e-8980-ec62de2a1005', 'ab497966-2b5f-49be-b99b-c5665902d78d']","['participant', 'participant']","['dent-square', 'flower']","['hsla(140, 73%, 56%, 1.0)', 'hsla(17, 90%, 46%, 1.0)']","[[1.0, 0.19228281957318386], [0.19228281957318386, 1.0]]","{0: '', 1: 'A', 2: 'B'}",,2,after,"[False, False]","{'max': 21, 'min': 21, 'avg': 21.0, 'root': 12}","[0, 0]","[146, 153]",sequential,chance,chance,"[1.0, 1.0]","[0.5, 1.0]","[0.5, 1.0]","[0.5, 1.0]","[0.625, 0.0]","[0.375, 0.0]",[[0]],[[1]],[[2]],"(0, 12)","(12, 21)","(12, 21)",{},{},{},"['A', 'B']",[],[],0,0,3,5,5,5,B,,,,,,,B,,,,,"{'rtype': 'select-node', 'rtimedn': 11.332, 'rtimeup': 11.332}",,,,,,,"{'rtype': 'select-node', 'rtimedn': 11.58, 'rtimeup': 11.58}",,,,
start_date,2024-12-03-13:10,4,1,10,1733249853,BDG-422-4253,TREE-1.2-0.0-0.0,"['ae8ba20e-3a55-4f87-8cb0-316556432bd6', '831b4607-e88d-4b93-9fbf-81dde8a6737d']","['participant', 'participant']","['arrow-head', 'teardrop']","['hsla(178, 94%, 45%, 1.0)', 'hsla(177, 98%, 43%, 1.0)']","[[1.0, 0.2017676223323992], [0.2017676223323992, 1.0]]","{0: '', 1: 'A', 2: 'B'}",,2,after,"[False, False]","{'max': 21, 'min': 21, 'avg': 21.0, 'root': 12}","[0, 0]","[131, 130]",sequential,chance,chance,"[1.0, 1.0]","[0.5, 1.0]","[0.5, 1.0]","[0.5, 1.0]","[0.625, 0.0]","[0.375, 0.0]",[[0]],[[1]],[[2]],"(0, 12)","(12, 21)","(12, 21)",{},{},{},"['A', 'B']",[],[],0,0,4,2,5,3,B,,,,,,,A,,,,,"{'rtype': 'select-node', 'rtimedn': 11.517, 'rtimeup': 11.517}",,,,,,,"{'rtype': 'select-node', 'rtimedn': 11.296, 'rtimeup': 11.296}",,,,
experimenter_uuid,90427df1-2b1e-4653-9e04-f86c9e4bfa2c,4,2,10,1733249854,BDG-438-4334,TREE-1.2-0.0-0.0,"['59de595f-b530-4657-8c64-5f4a011bedca', '65a66864-4e73-4e0b-81f3-d96191245fdb']","['participant', 'participant']","['hour-glass', 'flower']","['hsla(1, 69%, 63%, 1.0)', 'hsla(225, 90%, 44%, 1.0)']","[[1.0, 0.20155205863332612], [0.20155205863332612, 1.0]]","{0: '', 1: 'A', 2: 'B'}",,1,after,"[False, False]","{'max': 21, 'min': 21, 'avg': 21.0, 'root': 12}","[0, 0]","[108, 141]",sequential,chance,chance,"[1.0, 1.0]","[0.5, 1.0]","[0.5, 1.0]","[0.5, 1.0]","[0.625, 0.0]","[0.375, 0.0]",[[0]],[[1]],[[2]],"(0, 12)","(12, 21)","(12, 21)",{},{},{},"['A', 'B']",[],[],0,0,4,3,3,4,A,,,,,,,B,,,,,"{'rtype': 'select-node', 'rtimedn': 11.803, 'rtimeup': 11.803}",,,,,,,"{'rtype': 'select-node', 'rtimedn': 11.65, 'rtimeup': 11.65}",,,,
batches,"{'completed': 98, 'batch_study': True}",4,3,10,1733249851,BDG-595-5451,TREE-1.2-0.0-0.0,"['465cf7c4-e12a-4092-8dbe-d9da0578db63', '9c620637-9e65-4bc5-9b31-6c412bf03294']","['participant', 'participant']","['jagged-sun', 'dodecagon']","['hsla(194, 64%, 63%, 1.0)', 'hsla(95, 77%, 54%, 1.0)']","[[1.0, 0.19228281957318386], [0.19228281957318386, 1.0]]","{0: '', 1: 'A', 2: 'B'}",,1,after,"[False, False]","{'max': 21, 'min': 21, 'avg': 21.0, 'root': 12}","[0, 0]","[142, 121]",sequential,chance,chance,"[1.0, 1.0]","[0.5, 1.0]","[0.5, 1.0]","[0.5, 1.0]","[0.625, 0.0]","[0.375, 0.0]",[[0]],[[1]],[[2]],"(0, 12)","(12, 21)","(12, 21)",{},{},{},"['A', 'B']",[],[],0,0,5,4,5,1,A,,,,,,,B,,,,,"{'rtype': 'select-node', 'rtimedn': 11.448, 'rtimeup': 11.448}",,,,,,,"{'rtype': 'select-node', 'rtimedn': 11.407, 'rtimeup': 11.407}",,,,
predetermined_trials,,5,0,10,1733249865,BDG-006-1122,TREE-1.2-0.0-0.0,"['9c620637-9e65-4bc5-9b31-6c412bf03294', '59de595f-b530-4657-8c64-5f4a011bedca']","['participant', 'participant']","['dodecagon', 'hour-glass']","['hsla(95, 77%, 54%, 1.0)', 'hsla(1, 69%, 63%, 1.0)']","[[1.0, 0.1207156714809226], [0.1207156714809226, 1.0]]","{0: '', 1: 'A', 2: 'B'}",,1,after,"[True, True]","{'max': 21, 'min': 21, 'avg': 21.0, 'root': 12}","[-10, -10]","[121, 108]",sequential,chance,chance,"[1.0, 1.0]","[0.5, 1.0]","[0.5, 1.0]","[0.5, 1.0]","[0.375, 0.0]","[0.625, 0.0]",[[0]],[[1]],[[2]],"(0, 12)","(12, 21)","(12, 21)",{},{},{},"['A', 'B']",[],[],0,0,1,1,2,2,A,,,,,,,B,,,,,"{'rtype': 'select-node', 'rtimedn': 12.817, 'rtimeup': 12.817}",,,,,,,"{'rtype': 'select-node', 'rtimedn': 12.729, 'rtimeup': 12.729}",,,,
,,5,1,10,1733249866,BDG-134-2125,TREE-1.2-0.0-0.0,"['831b4607-e88d-4b93-9fbf-81dde8a6737d', 'ad7f710d-dc9b-456e-8980-ec62de2a1005']","['participant', 'participant']","['teardrop', 'dent-square']","['hsla(177, 98%, 43%, 1.0)', 'hsla(140, 73%, 56%, 1.0)']","[[1.0, 0.19616296615649922], [0.19616296615649922, 1.0]]","{0: '', 1: 'A', 2: 'B'}",,2,after,"[True, True]","{'max': 21, 'min': 21, 'avg': 21.0, 'root': 12}","[-10, -10]","[130, 146]",sequential,chance,chance,"[1.0, 1.0]","[0.5, 1.0]","[0.5, 1.0]","[0.5, 1.0]","[0.625, 0.0]","[0.375, 0.0]",[[0]],[[1]],[[2]],"(0, 12)","(12, 21)","(12, 21)",{},{},{},"['A', 'B']",[],[],0,0,2,1,2,5,B,,,,,,,B,,,,,"{'rtype': 'select-node', 'rtimedn': 12.916, 'rtimeup': 12.916}",,,,,,,"{'rtype': 'select-node', 'rtimedn': 12.794, 'rtimeup': 12.794}",,,,
,,5,2,10,1733249864,BDG-147-2153,TREE-1.2-0.0-0.0,"['465cf7c4-e12a-4092-8dbe-d9da0578db63', '65a66864-4e73-4e0b-81f3-d96191245fdb']","['participant', 'participant']","['jagged-sun', 'flower']","['hsla(194, 64%, 63%, 1.0)', 'hsla(225, 90%, 44%, 1.0)']","[[1.0, 0.19616296615649922], [0.19616296615649922, 1.0]]","{0: '', 1: 'A', 2: 'B'}",,2,after,"[True, True]","{'max': 21, 'min': 21, 'avg': 21.0, 'root': 12}","[-10, -10]","[142, 141]",sequential,chance,chance,"[1.0, 1.0]","[0.5, 1.0]","[0.5, 1.0]","[0.5, 1.0]","[0.375, 0.0]","[0.625, 0.0]",[[0]],[[1]],[[2]],"(0, 12)","(12, 21)","(12, 21)",{},{},{},"['A', 'B']",[],[],0,0,2,1,5,3,B,,,,,,,B,,,,,"{'rtype': 'select-node', 'rtimedn': 12.837, 'rtimeup': 12.837}",,,,,,,"{'rtype': 'select-node', 'rtimedn': 12.739, 'rtimeup': 12.739}",,,,
,,5,3,10,1733249865,BDG-078-1414,TREE-1.2-0.0-0.0,"['ae8ba20e-3a55-4f87-8cb0-316556432bd6', 'ab497966-2b5f-49be-b99b-c5665902d78d']","['participant', 'participant']","['arrow-head', 'flower']","['hsla(178, 94%, 45%, 1.0)', 'hsla(17, 90%, 46%, 1.0)']","[[1.0, 0.20155205863332612], [0.20155205863332612, 1.0]]","{0: '', 1: 'A', 2: 'B'}",,1,after,"[True, True]","{'max': 21, 'min': 21, 'avg': 21.0, 'root': 12}","[-10, -10]","[131, 153]",sequential,chance,chance,"[1.0, 1.0]","[0.5, 1.0]","[0.5, 1.0]","[0.5, 1.0]","[0.375, 0.0]","[0.625, 0.0]",[[0]],[[1]],[[2]],"(0, 12)","(12, 21)","(12, 21)",{},{},{},"['A', 'B']",[],[],0,0,1,4,1,4,A,,,,,,,A,,,,,"{'rtype': 'select-node', 'rtimedn': 12.702, 'rtimeup': 12.702}",,,,,,,"{'rtype': 'select-node', 'rtimedn': 12.894, 'rtimeup': 12.894}",,,,
,,6,0,10,1733249878,BDG-309-3325,TREE-1.2-0.0-0.0,"['465cf7c4-e12a-4092-8dbe-d9da0578db63', 'ae8ba20e-3a55-4f87-8cb0-316556432bd6']","['participant', 'participant']","['jagged-sun', 'arrow-head']","['hsla(194, 64%, 63%, 1.0)', 'hsla(178, 94%, 45%, 1.0)']","[[1.0, 0.048501832291442115], [0.048501832291442115, 1.0]]","{0: '', 1: 'A', 2: 'B'}",,1,after,"[True, True]","{'max': 21, 'min': 21, 'avg': 21.0, 'root': 12}","[-10, -10]","[142, 131]",sequential,chance,chance,"[1.0, 1.0]","[0.5, 1.0]","[0.5, 1.0]","[0.5, 1.0]","[0.625, 0.0]","[0.375, 0.0]",[[0]],[[1]],[[2]],"(0, 12)","(12, 21)","(12, 21)",{},{},{},"['A', 'B']",[],[],0,0,3,3,2,5,A,,,,,,,A,,,,,"{'rtype': 'select-node', 'rtimedn': 13.906, 'rtimeup': 13.906}",,,,,,,"{'rtype': 'select-node', 'rtimedn': 13.962, 'rtimeup': 13.962}",,,,
,,6,1,10,1733249876,BDG-493-4544,TREE-1.2-0.0-0.0,"['59de595f-b530-4657-8c64-5f4a011bedca', 'ab497966-2b5f-49be-b99b-c5665902d78d']","['participant', 'participant']","['hour-glass', 'flower']","['hsla(1, 69%, 63%, 1.0)', 'hsla(17, 90%, 46%, 1.0)']","[[1.0, 0.2017676223323992], [0.2017676223323992, 1.0]]","{0: '', 1: 'A', 2: 'B'}",,2,after,"[True, True]","{'max': 21, 'min': 21, 'avg': 21.0, 'root': 12}","[-10, -10]","[108, 153]",sequential,chance,chance,"[1.0, 1.0]","[0.5, 1.0]","[0.5, 1.0]","[0.5, 1.0]","[0.375, 0.0]","[0.625, 0.0]",[[0]],[[1]],[[2]],"(0, 12)","(12, 21)","(12, 21)",{},{},{},"['A', 'B']",[],[],0,0,4,5,4,4,B,,,,,,,A,,,,,"{'rtype': 'select-node', 'rtimedn': 13.99, 'rtimeup': 13.99}",,,,,,,"{'rtype': 'select-node', 'rtimedn': 13.969, 'rtimeup': 13.969}",,,,
,,6,2,10,1733249875,BDG-377-4113,TREE-1.2-0.0-0.0,"['ad7f710d-dc9b-456e-8980-ec62de2a1005', '65a66864-4e73-4e0b-81f3-d96191245fdb']","['participant', 'participant']","['dent-square', 'flower']","['hsla(140, 73%, 56%, 1.0)', 'hsla(225, 90%, 44%, 1.0)']","[[1.0, 0.03901702953222677], [0.03901702953222677, 1.0]]","{0: '', 1: 'A', 2: 'B'}",,1,after,"[True, True]","{'max': 21, 'min': 21, 'avg': 21.0, 'root': 12}","[-10, -10]","[146, 141]",sequential,chance,chance,"[1.0, 1.0]","[0.5, 1.0]","[0.5, 1.0]","[0.5, 1.0]","[0.375, 0.0]","[0.625, 0.0]",[[0]],[[1]],[[2]],"(0, 12)","(12, 21)","(12, 21)",{},{},{},"['A', 'B']",[],[],0,0,4,1,1,3,A,,,,,,,A,,,,,"{'rtype': 'select-node', 'rtimedn': 13.893, 'rtimeup': 13.893}",,,,,,,"{'rtype': 'select-node', 'rtimedn': 13.818, 'rtimeup': 13.818}",,,,
,,6,3,10,1733249877,BDG-105-1521,TREE-1.2-0.0-0.0,"['831b4607-e88d-4b93-9fbf-81dde8a6737d', '9c620637-9e65-4bc5-9b31-6c412bf03294']","['participant', 'participant']","['teardrop', 'dodecagon']","['hsla(177, 98%, 43%, 1.0)', 'hsla(95, 77%, 54%, 1.0)']","[[1.0, 0.048501832291442115], [0.048501832291442115, 1.0]]","{0: '', 1: 'A', 2: 'B'}",,2,after,"[True, True]","{'max': 21, 'min': 21, 'avg': 21.0, 'root': 12}","[-10, -10]","[130, 121]",sequential,chance,chance,"[1.0, 1.0]","[0.5, 1.0]","[0.5, 1.0]","[0.5, 1.0]","[0.625, 0.0]","[0.375, 0.0]",[[0]],[[1]],[[2]],"(0, 12)","(12, 21)","(12, 21)",{},{},{},"['A', 'B']",[],[],0,0,1,5,2,1,B,,,,,,,A,,,,,"{'rtype': 'select-node', 'rtimedn': 14.024, 'rtimeup': 14.024}",,,,,,,"{'rtype': 'select-node', 'rtimedn': 13.744, 'rtimeup': 13.744}",,,,
,,7,0,10,1733249889,BDG-533-5224,TREE-1.2-0.0-0.0,"['9c620637-9e65-4bc5-9b31-6c412bf03294', 'ab497966-2b5f-49be-b99b-c5665902d78d']","['participant', 'participant']","['dodecagon', 'flower']","['hsla(95, 77%, 54%, 1.0)', 'hsla(17, 90%, 46%, 1.0)']","[[1.0, 0.19616296615649922], [0.19616296615649922, 1.0]]","{0: '', 1: 'A', 2: 'B'}",,2,after,"[True, True]","{'max': 21, 'min': 21, 'avg': 21.0, 'root': 12}","[-10, -10]","[121, 153]",sequential,chance,chance,"[1.0, 1.0]","[0.5, 1.0]","[0.5, 1.0]","[0.5, 1.0]","[0.625, 0.0]","[0.375, 0.0]",[[0]],[[1]],[[2]],"(0, 12)","(12, 21)","(12, 21)",{},{},{},"['A', 'B']",[],[],0,0,5,2,2,4,B,,,,,,,A,,,,,"{'rtype': 'select-node', 'rtimedn': 15.206, 'rtimeup': 15.206}",,,,,,,"{'rtype': 'select-node', 'rtimedn': 14.95, 'rtimeup': 14.95}",,,,
,,7,1,10,1733249888,BDG-100-1511,TREE-1.2-0.0-0.0,"['59de595f-b530-4657-8c64-5f4a011bedca', 'ad7f710d-dc9b-456e-8980-ec62de2a1005']","['participant', 'participant']","['hour-glass', 'dent-square']","['hsla(1, 69%, 63%, 1.0)', 'hsla(140, 73%, 56%, 1.0)']","[[1.0, 0.048501832291442115], [0.048501832291442115, 1.0]]","{0: '', 1: 'A', 2: 'B'}",,1,after,"[True, True]","{'max': 21, 'min': 21, 'avg': 21.0, 'root': 12}","[-10, -10]","[108, 146]",sequential,chance,chance,"[1.0, 1.0]","[0.5, 1.0]","[0.5, 1.0]","[0.5, 1.0]","[0.625, 0.0]","[0.375, 0.0]",[[0]],[[1]],[[2]],"(0, 12)","(12, 21)","(12, 21)",{},{},{},"['A', 'B']",[],[],0,0,1,5,1,1,A,,,,,,,B,,,,,"{'rtype': 'select-node', 'rtimedn': 15.005, 'rtimeup': 15.005}",,,,,,,"{'rtype': 'select-node', 'rtimedn': 15.206, 'rtimeup': 15.206}",,,,
,,7,2,10,1733249888,BDG-596-5452,TREE-1.2-0.0-0.0,"['65a66864-4e73-4e0b-81f3-d96191245fdb', 'ae8ba20e-3a55-4f87-8cb0-316556432bd6']","['participant', 'participant']","['flower', 'arrow-head']","['hsla(225, 90%, 44%, 1.0)', 'hsla(178, 94%, 45%, 1.0)']","[[1.0, 0.19228281957318386], [0.19228281957318386, 1.0]]","{0: '', 1: 'A', 2: 'B'}",,2,after,"[True, True]","{'max': 21, 'min': 21, 'avg': 21.0, 'root': 12}","[-10, -10]","[141, 131]",sequential,chance,chance,"[1.0, 1.0]","[0.5, 1.0]","[0.5, 1.0]","[0.5, 1.0]","[0.625, 0.0]","[0.375, 0.0]",[[0]],[[1]],[[2]],"(0, 12)","(12, 21)","(12, 21)",{},{},{},"['A', 'B']",[],[],0,0,5,4,5,2,B,,,,,,,A,,,,,"{'rtype': 'select-node', 'rtimedn': 14.96, 'rtimeup': 14.96}",,,,,,,"{'rtype': 'select-node', 'rtimedn': 15.006, 'rtimeup': 15.006}",,,,
,,7,3,10,1733249887,BDG-032-1223,TREE-1.2-0.0-0.0,"['831b4607-e88d-4b93-9fbf-81dde8a6737d', '465cf7c4-e12a-4092-8dbe-d9da0578db63']","['participant', 'participant']","['teardrop', 'jagged-sun']","['hsla(177, 98%, 43%, 1.0)', 'hsla(194, 64%, 63%, 1.0)']","[[1.0, 0.20155205863332612], [0.20155205863332612, 1.0]]","{0: '', 1: 'A', 2: 'B'}",,2,after,"[True, True]","{'max': 21, 'min': 21, 'avg': 21.0, 'root': 12}","[-10, -10]","[130, 142]",sequential,chance,chance,"[1.0, 1.0]","[0.5, 1.0]","[0.5, 1.0]","[0.5, 1.0]","[0.625, 0.0]","[0.375, 0.0]",[[0]],[[1]],[[2]],"(0, 12)","(12, 21)","(12, 21)",{},{},{},"['A', 'B']",[],[],0,0,1,2,2,3,B,,,,,,,B,,,,,"{'rtype': 'select-node', 'rtimedn': 15.043, 'rtimeup': 15.043}",,,,,,,"{'rtype': 'select-node', 'rtimedn': 15.079, 'rtimeup': 15.079}",,,,
,,8,0,10,1733249898,BDG-286-3232,TREE-1.2-0.0-0.0,"['ab497966-2b5f-49be-b99b-c5665902d78d', '831b4607-e88d-4b93-9fbf-81dde8a6737d']","['participant', 'participant']","['flower', 'teardrop']","['hsla(17, 90%, 46%, 1.0)', 'hsla(177, 98%, 43%, 1.0)']","[[1.0, 0.03901702953222677], [0.03901702953222677, 1.0]]","{0: '', 1: 'A', 2: 'B'}",,1,after,"[True, True]","{'max': 21, 'min': 21, 'avg': 21.0, 'root': 12}","[-10, -10]","[153, 130]",sequential,chance,chance,"[1.0, 1.0]","[0.5, 1.0]","[0.5, 1.0]","[0.5, 1.0]","[0.375, 0.0]","[0.625, 0.0]",[[0]],[[1]],[[2]],"(0, 12)","(12, 21)","(12, 21)",{},{},{},"['A', 'B']",[],[],0,0,3,2,3,2,A,,,,,,,A,,,,,"{'rtype': 'select-node', 'rtimedn': 16.225, 'rtimeup': 16.225}",,,,,,,"{'rtype': 'select-node', 'rtimedn': 16.07, 'rtimeup': 16.07}",,,,
,,8,1,10,1733249898,BDG-542-5243,TREE-1.2-0.0-0.0,"['65a66864-4e73-4e0b-81f3-d96191245fdb', '465cf7c4-e12a-4092-8dbe-d9da0578db63']","['participant', 'participant']","['flower', 'jagged-sun']","['hsla(225, 90%, 44%, 1.0)', 'hsla(194, 64%, 63%, 1.0)']","[[1.0, 0.19616296615649922], [0.19616296615649922, 1.0]]","{0: '', 1: 'A', 2: 'B'}",,1,after,"[True, True]","{'max': 21, 'min': 21, 'avg': 21.0, 'root': 12}","[-10, -10]","[141, 142]",sequential,chance,chance,"[1.0, 1.0]","[0.5, 1.0]","[0.5, 1.0]","[0.5, 1.0]","[0.625, 0.0]","[0.375, 0.0]",[[0]],[[1]],[[2]],"(0, 12)","(12, 21)","(12, 21)",{},{},{},"['A', 'B']",[],[],0,0,5,2,4,3,A,,,,,,,B,,,,,"{'rtype': 'select-node', 'rtimedn': 16.079, 'rtimeup': 16.079}",,,,,,,"{'rtype': 'select-node', 'rtimedn': 16.252, 'rtimeup': 16.252}",,,,
,,8,2,10,1733249902,BDG-033-1224,TREE-1.2-0.0-0.0,"['59de595f-b530-4657-8c64-5f4a011bedca', 'ae8ba20e-3a55-4f87-8cb0-316556432bd6']","['participant', 'participant']","['hour-glass', 'arrow-head']","['hsla(1, 69%, 63%, 1.0)', 'hsla(178, 94%, 45%, 1.0)']","[[1.0, 0.19616296615649922], [0.19616296615649922, 1.0]]","{0: '', 1: 'A', 2: 'B'}",,2,after,"[True, True]","{'max': 21, 'min': 21, 'avg': 21.0, 'root': 12}","[-10, -10]","[108, 131]",sequential,chance,chance,"[1.0, 1.0]","[0.5, 1.0]","[0.5, 1.0]","[0.5, 1.0]","[0.375, 0.0]","[0.625, 0.0]",[[0]],[[1]],[[2]],"(0, 12)","(12, 21)","(12, 21)",{},{},{},"['A', 'B']",[],[],0,0,1,2,2,4,B,,,,,,,B,,,,,"{'rtype': 'select-node', 'rtimedn': 16.08, 'rtimeup': 16.08}",,,,,,,"{'rtype': 'select-node', 'rtimedn': 16.371, 'rtimeup': 16.371}",,,,
,,8,3,10,1733249900,BDG-264-3135,TREE-1.2-0.0-0.0,"['ad7f710d-dc9b-456e-8980-ec62de2a1005', '9c620637-9e65-4bc5-9b31-6c412bf03294']","['participant', 'participant']","['dent-square', 'dodecagon']","['hsla(140, 73%, 56%, 1.0)', 'hsla(95, 77%, 54%, 1.0)']","[[1.0, 0.20155205863332612], [0.20155205863332612, 1.0]]","{0: '', 1: 'A', 2: 'B'}",,2,after,"[True, True]","{'max': 21, 'min': 21, 'avg': 21.0, 'root': 12}","[-10, -10]","[146, 121]",sequential,chance,chance,"[1.0, 1.0]","[0.5, 1.0]","[0.5, 1.0]","[0.5, 1.0]","[0.375, 0.0]","[0.625, 0.0]",[[0]],[[1]],[[2]],"(0, 12)","(12, 21)","(12, 21)",{},{},{},"['A', 'B']",[],[],0,0,3,1,3,5,B,,,,,,,A,,,,,"{'rtype': 'select-node', 'rtimedn': 16.249, 'rtimeup': 16.249}",,,,,,,"{'rtype': 'select-node', 'rtimedn': 16.364, 'rtimeup': 16.364}",,,,
,,9,0,10,1733249911,BDG-001-1112,TREE-1.2-0.0-0.0,"['831b4607-e88d-4b93-9fbf-81dde8a6737d', '59de595f-b530-4657-8c64-5f4a011bedca']","['participant', 'participant']","['teardrop', 'hour-glass']","['hsla(177, 98%, 43%, 1.0)', 'hsla(1, 69%, 63%, 1.0)']","[[1.0, 0.19228281957318386], [0.19228281957318386, 1.0]]","{0: '', 1: 'A', 2: 'B'}",,2,after,"[True, True]","{'max': 21, 'min': 21, 'avg': 21.0, 'root': 12}","[-10, -10]","[130, 108]",sequential,chance,chance,"[1.0, 1.0]","[0.5, 1.0]","[0.5, 1.0]","[0.5, 1.0]","[0.375, 0.0]","[0.625, 0.0]",[[0]],[[1]],[[2]],"(0, 12)","(12, 21)","(12, 21)",{},{},{},"['A', 'B']",[],[],0,0,1,1,1,2,B,,,,,,,A,,,,,"{'rtype': 'select-node', 'rtimedn': 17.448, 'rtimeup': 17.448}",,,,,,,"{'rtype': 'select-node', 'rtimedn': 17.393, 'rtimeup': 17.393}",,,,
,,9,1,10,1733249911,BDG-517-5143,TREE-1.2-0.0-0.0,"['465cf7c4-e12a-4092-8dbe-d9da0578db63', 'ad7f710d-dc9b-456e-8980-ec62de2a1005']","['participant', 'participant']","['jagged-sun', 'dent-square']","['hsla(194, 64%, 63%, 1.0)', 'hsla(140, 73%, 56%, 1.0)']","[[1.0, 0.2017676223323992], [0.2017676223323992, 1.0]]","{0: '', 1: 'A', 2: 'B'}",,2,after,"[True, True]","{'max': 21, 'min': 21, 'avg': 21.0, 'root': 12}","[-10, -10]","[142, 146]",sequential,chance,chance,"[1.0, 1.0]","[0.5, 1.0]","[0.5, 1.0]","[0.5, 1.0]","[0.625, 0.0]","[0.375, 0.0]",[[0]],[[1]],[[2]],"(0, 12)","(12, 21)","(12, 21)",{},{},{},"['A', 'B']",[],[],0,0,5,1,4,3,B,,,,,,,B,,,,,"{'rtype': 'select-node', 'rtimedn': 17.52, 'rtimeup': 17.52}",,,,,,,"{'rtype': 'select-node', 'rtimedn': 17.504, 'rtimeup': 17.504}",,,,
,,9,2,10,1733249915,BDG-252-3113,TREE-1.2-0.0-0.0,"['9c620637-9e65-4bc5-9b31-6c412bf03294', 'ab497966-2b5f-49be-b99b-c5665902d78d']","['participant', 'participant']","['dodecagon', 'flower']","['hsla(95, 77%, 54%, 1.0)', 'hsla(17, 90%, 46%, 1.0)']","[[1.0, 0.19616296615649922], [0.19616296615649922, 1.0]]","{0: '', 1: 'A', 2: 'B'}",,2,after,"[True, True]","{'max': 21, 'min': 21, 'avg': 21.0, 'root': 12}","[-10, -10]","[121, 153]",sequential,chance,chance,"[1.0, 1.0]","[0.5, 1.0]","[0.5, 1.0]","[0.5, 1.0]","[0.375, 0.0]","[0.625, 0.0]",[[0]],[[1]],[[2]],"(0, 12)","(12, 21)","(12, 21)",{},{},{},"['A', 'B']",[],[],0,0,3,1,1,3,B,,,,,,,B,,,,,"{'rtype': 'select-node', 'rtimedn': 17.807, 'rtimeup': 17.807}",,,,,,,"{'rtype': 'select-node', 'rtimedn': 17.676, 'rtimeup': 17.676}",,,,
,,9,3,10,1733249912,BDG-071-1352,TREE-1.2-0.0-0.0,"['ae8ba20e-3a55-4f87-8cb0-316556432bd6', '65a66864-4e73-4e0b-81f3-d96191245fdb']","['participant', 'participant']","['arrow-head', 'flower']","['hsla(178, 94%, 45%, 1.0)', 'hsla(225, 90%, 44%, 1.0)']","[[1.0, 0.19228281957318386], [0.19228281957318386, 1.0]]","{0: '', 1: 'A', 2: 'B'}",,1,after,"[True, True]","{'max': 21, 'min': 21, 'avg': 21.0, 'root': 12}","[-10, -10]","[131, 141]",sequential,chance,chance,"[1.0, 1.0]","[0.5, 1.0]","[0.5, 1.0]","[0.5, 1.0]","[0.375, 0.0]","[0.625, 0.0]",[[0]],[[1]],[[2]],"(0, 12)","(12, 21)","(12, 21)",{},{},{},"['A', 'B']",[],[],0,0,1,3,5,2,A,,,,,,,B,,,,,"{'rtype': 'select-node', 'rtimedn': 17.421, 'rtimeup': 17.421}",,,,,,,"{'rtype': 'select-node', 'rtimedn': 17.392, 'rtimeup': 17.392}",,,,
,,10,0,10,1733249925,BDG-289-3235,TREE-1.2-0.0-0.0,"['ae8ba20e-3a55-4f87-8cb0-316556432bd6', '831b4607-e88d-4b93-9fbf-81dde8a6737d']","['participant', 'participant']","['arrow-head', 'teardrop']","['hsla(178, 94%, 45%, 1.0)', 'hsla(177, 98%, 43%, 1.0)']","[[1.0, 0.2017676223323992], [0.2017676223323992, 1.0]]","{0: '', 1: 'A', 2: 'B'}",,2,after,"[True, True]","{'max': 21, 'min': 21, 'avg': 21.0, 'root': 12}","[-10, -10]","[131, 130]",sequential,chance,chance,"[1.0, 1.0]","[0.5, 1.0]","[0.5, 1.0]","[0.5, 1.0]","[0.625, 0.0]","[0.375, 0.0]",[[0]],[[1]],[[2]],"(0, 12)","(12, 21)","(12, 21)",{},{},{},"['A', 'B']",[],[],0,0,3,2,3,5,B,,,,,,,B,,,,,"{'rtype': 'select-node', 'rtimedn': 18.685, 'rtimeup': 18.685}",,,,,,,"{'rtype': 'select-node', 'rtimedn': 18.644, 'rtimeup': 18.644}",,,,
,,10,1,10,1733249927,BDG-401-4212,TREE-1.2-0.0-0.0,"['65a66864-4e73-4e0b-81f3-d96191245fdb', '9c620637-9e65-4bc5-9b31-6c412bf03294']","['participant', 'participant']","['flower', 'dodecagon']","['hsla(225, 90%, 44%, 1.0)', 'hsla(95, 77%, 54%, 1.0)']","[[1.0, 0.2017676223323992], [0.2017676223323992, 1.0]]","{0: '', 1: 'A', 2: 'B'}",,1,after,"[True, True]","{'max': 21, 'min': 21, 'avg': 21.0, 'root': 12}","[-10, -10]","[141, 121]",sequential,chance,chance,"[1.0, 1.0]","[0.5, 1.0]","[0.5, 1.0]","[0.5, 1.0]","[0.625, 0.0]","[0.375, 0.0]",[[0]],[[1]],[[2]],"(0, 12)","(12, 21)","(12, 21)",{},{},{},"['A', 'B']",[],[],0,0,4,2,1,2,A,,,,,,,A,,,,,"{'rtype': 'select-node', 'rtimedn': 18.713, 'rtimeup': 18.713}",,,,,,,"{'rtype': 'select-node', 'rtimedn': 18.975, 'rtimeup': 18.975}",,,,
,,10,2,10,1733249924,BDG-114-1535,TREE-1.2-0.0-0.0,"['59de595f-b530-4657-8c64-5f4a011bedca', 'ad7f710d-dc9b-456e-8980-ec62de2a1005']","['participant', 'participant']","['hour-glass', 'dent-square']","['hsla(1, 69%, 63%, 1.0)', 'hsla(140, 73%, 56%, 1.0)']","[[1.0, 0.048501832291442115], [0.048501832291442115, 1.0]]","{0: '', 1: 'A', 2: 'B'}",,1,after,"[True, True]","{'max': 21, 'min': 21, 'avg': 21.0, 'root': 12}","[-10, -10]","[108, 146]",sequential,chance,chance,"[1.0, 1.0]","[0.5, 1.0]","[0.5, 1.0]","[0.5, 1.0]","[0.375, 0.0]","[0.625, 0.0]",[[0]],[[1]],[[2]],"(0, 12)","(12, 21)","(12, 21)",{},{},{},"['A', 'B']",[],[],0,0,1,5,3,5,A,,,,,,,B,,,,,"{'rtype': 'select-node', 'rtimedn': 18.726, 'rtimeup': 18.726}",,,,,,,"{'rtype': 'select-node', 'rtimedn': 18.724, 'rtimeup': 18.724}",,,,
,,10,3,10,1733249924,BDG-441-4342,TREE-1.2-0.0-0.0,"['ab497966-2b5f-49be-b99b-c5665902d78d', '465cf7c4-e12a-4092-8dbe-d9da0578db63']","['participant', 'participant']","['flower', 'jagged-sun']","['hsla(17, 90%, 46%, 1.0)', 'hsla(194, 64%, 63%, 1.0)']","[[1.0, 0.1207156714809226], [0.1207156714809226, 1.0]]","{0: '', 1: 'A', 2: 'B'}",,1,after,"[True, True]","{'max': 21, 'min': 21, 'avg': 21.0, 'root': 12}","[-10, -10]","[153, 142]",sequential,chance,chance,"[1.0, 1.0]","[0.5, 1.0]","[0.5, 1.0]","[0.5, 1.0]","[0.625, 0.0]","[0.375, 0.0]",[[0]],[[1]],[[2]],"(0, 12)","(12, 21)","(12, 21)",{},{},{},"['A', 'B']",[],[],0,0,4,3,4,2,A,,,,,,,A,,,,,"{'rtype': 'select-node', 'rtimedn': 18.765, 'rtimeup': 18.765}",,,,,,,"{'rtype': 'select-node', 'rtimedn': 18.745, 'rtimeup': 18.745}",,,,
,,11,0,10,1733249937,BDG-009-1125,TREE-1.2-0.0-0.0,"['ae8ba20e-3a55-4f87-8cb0-316556432bd6', 'ab497966-2b5f-49be-b99b-c5665902d78d']","['participant', 'participant']","['arrow-head', 'flower']","['hsla(178, 94%, 45%, 1.0)', 'hsla(17, 90%, 46%, 1.0)']","[[1.0, 0.20155205863332612], [0.20155205863332612, 1.0]]","{0: '', 1: 'A', 2: 'B'}",,2,after,"[True, True]","{'max': 21, 'min': 21, 'avg': 21.0, 'root': 12}","[-10, -10]","[131, 153]",sequential,chance,chance,"[1.0, 1.0]","[0.5, 1.0]","[0.5, 1.0]","[0.5, 1.0]","[0.625, 0.0]","[0.375, 0.0]",[[0]],[[1]],[[2]],"(0, 12)","(12, 21)","(12, 21)",{},{},{},"['A', 'B']",[],[],0,0,1,1,2,5,B,,,,,,,B,,,,,"{'rtype': 'select-node', 'rtimedn': 19.888, 'rtimeup': 19.888}",,,,,,,"{'rtype': 'select-node', 'rtimedn': 19.989, 'rtimeup': 19.989}",,,,
,,11,1,10,1733249936,BDG-334-3425,TREE-1.2-0.0-0.0,"['465cf7c4-e12a-4092-8dbe-d9da0578db63', '831b4607-e88d-4b93-9fbf-81dde8a6737d']","['participant', 'participant']","['jagged-sun', 'teardrop']","['hsla(194, 64%, 63%, 1.0)', 'hsla(177, 98%, 43%, 1.0)']","[[1.0, 0.20155205863332612], [0.20155205863332612, 1.0]]","{0: '', 1: 'A', 2: 'B'}",,1,after,"[True, True]","{'max': 21, 'min': 21, 'avg': 21.0, 'root': 12}","[-10, -10]","[142, 130]",sequential,chance,chance,"[1.0, 1.0]","[0.5, 1.0]","[0.5, 1.0]","[0.5, 1.0]","[0.375, 0.0]","[0.625, 0.0]",[[0]],[[1]],[[2]],"(0, 12)","(12, 21)","(12, 21)",{},{},{},"['A', 'B']",[],[],0,0,3,4,2,5,A,,,,,,,B,,,,,"{'rtype': 'select-node', 'rtimedn': 20.055, 'rtimeup': 20.055}",,,,,,,"{'rtype': 'select-node', 'rtimedn': 19.863, 'rtimeup': 19.863}",,,,
,,11,2,10,1733249937,BDG-049-1255,TREE-1.2-0.0-0.0,"['65a66864-4e73-4e0b-81f3-d96191245fdb', '59de595f-b530-4657-8c64-5f4a011bedca']","['participant', 'participant']","['flower', 'hour-glass']","['hsla(225, 90%, 44%, 1.0)', 'hsla(1, 69%, 63%, 1.0)']","[[1.0, 0.20155205863332612], [0.20155205863332612, 1.0]]","{0: '', 1: 'A', 2: 'B'}",,2,after,"[True, True]","{'max': 21, 'min': 21, 'avg': 21.0, 'root': 12}","[-10, -10]","[141, 108]",sequential,chance,chance,"[1.0, 1.0]","[0.5, 1.0]","[0.5, 1.0]","[0.5, 1.0]","[0.625, 0.0]","[0.375, 0.0]",[[0]],[[1]],[[2]],"(0, 12)","(12, 21)","(12, 21)",{},{},{},"['A', 'B']",[],[],0,0,1,2,5,5,B,,,,,,,B,,,,,"{'rtype': 'select-node', 'rtimedn': 19.882, 'rtimeup': 19.882}",,,,,,,"{'rtype': 'select-node', 'rtimedn': 20.067, 'rtimeup': 20.067}",,,,
,,11,3,10,1733249937,BDG-072-1353,TREE-1.2-0.0-0.0,"['9c620637-9e65-4bc5-9b31-6c412bf03294', 'ad7f710d-dc9b-456e-8980-ec62de2a1005']","['participant', 'participant']","['dodecagon', 'dent-square']","['hsla(95, 77%, 54%, 1.0)', 'hsla(140, 73%, 56%, 1.0)']","[[1.0, 0.20155205863332612], [0.20155205863332612, 1.0]]","{0: '', 1: 'A', 2: 'B'}",,2,after,"[True, True]","{'max': 21, 'min': 21, 'avg': 21.0, 'root': 12}","[-10, -10]","[121, 146]",sequential,chance,chance,"[1.0, 1.0]","[0.5, 1.0]","[0.5, 1.0]","[0.5, 1.0]","[0.375, 0.0]","[0.625, 0.0]",[[0]],[[1]],[[2]],"(0, 12)","(12, 21)","(12, 21)",{},{},{},"['A', 'B']",[],[],0,0,1,3,5,3,B,,,,,,,B,,,,,"{'rtype': 'select-node', 'rtimedn': 20.038, 'rtimeup': 20.038}",,,,,,,"{'rtype': 'select-node', 'rtimedn': 19.888, 'rtimeup': 19.888}",,,,
,,12,0,10,1733249946,BDG-260-3131,TREE-1.2-0.0-0.0,"['ab497966-2b5f-49be-b99b-c5665902d78d', '465cf7c4-e12a-4092-8dbe-d9da0578db63']","['participant', 'participant']","['flower', 'jagged-sun']","['hsla(17, 90%, 46%, 1.0)', 'hsla(194, 64%, 63%, 1.0)']","[[1.0, 0.1207156714809226], [0.1207156714809226, 1.0]]","{0: '', 1: 'A', 2: 'B'}",,1,after,"[True, True]","{'max': 21, 'min': 21, 'avg': 21.0, 'root': 12}","[-10, -10]","[153, 142]",sequential,chance,chance,"[1.0, 1.0]","[0.5, 1.0]","[0.5, 1.0]","[0.5, 1.0]","[0.375, 0.0]","[0.625, 0.0]",[[0]],[[1]],[[2]],"(0, 12)","(12, 21)","(12, 21)",{},{},{},"['A', 'B']",[],[],0,0,3,1,3,1,A,,,,,,,B,,,,,"{'rtype': 'select-node', 'rtimedn': 20.933, 'rtimeup': 20.933}",,,,,,,"{'rtype': 'select-node', 'rtimedn': 21.038, 'rtimeup': 21.038}",,,,
,,12,1,10,1733249948,BDG-260-3131,TREE-1.2-0.0-0.0,"['ae8ba20e-3a55-4f87-8cb0-316556432bd6', '65a66864-4e73-4e0b-81f3-d96191245fdb']","['participant', 'participant']","['arrow-head', 'flower']","['hsla(178, 94%, 45%, 1.0)', 'hsla(225, 90%, 44%, 1.0)']","[[1.0, 0.19228281957318386], [0.19228281957318386, 1.0]]","{0: '', 1: 'A', 2: 'B'}",,2,after,"[True, True]","{'max': 21, 'min': 21, 'avg': 21.0, 'root': 12}","[-10, -10]","[131, 141]",sequential,chance,chance,"[1.0, 1.0]","[0.5, 1.0]","[0.5, 1.0]","[0.5, 1.0]","[0.375, 0.0]","[0.625, 0.0]",[[0]],[[1]],[[2]],"(0, 12)","(12, 21)","(12, 21)",{},{},{},"['A', 'B']",[],[],0,0,3,1,3,1,B,,,,,,,B,,,,,"{'rtype': 'select-node', 'rtimedn': 20.83, 'rtimeup': 20.83}",,,,,,,"{'rtype': 'select-node', 'rtimedn': 21.206, 'rtimeup': 21.206}",,,,
,,12,2,10,1733249947,BDG-130-2121,TREE-1.2-0.0-0.0,"['ad7f710d-dc9b-456e-8980-ec62de2a1005', '831b4607-e88d-4b93-9fbf-81dde8a6737d']","['participant', 'participant']","['dent-square', 'teardrop']","['hsla(140, 73%, 56%, 1.0)', 'hsla(177, 98%, 43%, 1.0)']","[[1.0, 0.19616296615649922], [0.19616296615649922, 1.0]]","{0: '', 1: 'A', 2: 'B'}",,1,after,"[True, True]","{'max': 21, 'min': 21, 'avg': 21.0, 'root': 12}","[-10, -10]","[146, 130]",sequential,chance,chance,"[1.0, 1.0]","[0.5, 1.0]","[0.5, 1.0]","[0.5, 1.0]","[0.375, 0.0]","[0.625, 0.0]",[[0]],[[1]],[[2]],"(0, 12)","(12, 21)","(12, 21)",{},{},{},"['A', 'B']",[],[],0,0,2,1,2,1,A,,,,,,,B,,,,,"{'rtype': 'select-node', 'rtimedn': 21.112, 'rtimeup': 21.112}",,,,,,,"{'rtype': 'select-node', 'rtimedn': 20.984, 'rtimeup': 20.984}",,,,
,,12,3,10,1733249948,BDG-260-3131,TREE-1.2-0.0-0.0,"['59de595f-b530-4657-8c64-5f4a011bedca', '9c620637-9e65-4bc5-9b31-6c412bf03294']","['participant', 'participant']","['hour-glass', 'dodecagon']","['hsla(1, 69%, 63%, 1.0)', 'hsla(95, 77%, 54%, 1.0)']","[[1.0, 0.1207156714809226], [0.1207156714809226, 1.0]]","{0: '', 1: 'A', 2: 'B'}",,2,after,"[True, True]","{'max': 21, 'min': 21, 'avg': 21.0, 'root': 12}","[-10, -10]","[108, 121]",sequential,chance,chance,"[1.0, 1.0]","[0.5, 1.0]","[0.5, 1.0]","[0.5, 1.0]","[0.375, 0.0]","[0.625, 0.0]",[[0]],[[1]],[[2]],"(0, 12)","(12, 21)","(12, 21)",{},{},{},"['A', 'B']",[],[],0,0,3,1,3,1,B,,,,,,,B,,,,,"{'rtype': 'select-node', 'rtimedn': 20.975, 'rtimeup': 20.975}",,,,,,,"{'rtype': 'select-node', 'rtimedn': 21.126, 'rtimeup': 21.126}",,,,
,,13,0,10,1733249958,BDG-156-2222,TREE-1.2-0.0-0.0,"['ab497966-2b5f-49be-b99b-c5665902d78d', 'ae8ba20e-3a55-4f87-8cb0-316556432bd6']","['participant', 'participant']","['flower', 'arrow-head']","['hsla(17, 90%, 46%, 1.0)', 'hsla(178, 94%, 45%, 1.0)']","[[1.0, 0.20155205863332612], [0.20155205863332612, 1.0]]","{0: '', 1: 'A', 2: 'B'}",,2,after,"[True, True]","{'max': 21, 'min': 21, 'avg': 21.0, 'root': 12}","[-10, -10]","[153, 131]",sequential,chance,chance,"[1.0, 1.0]","[0.5, 1.0]","[0.5, 1.0]","[0.5, 1.0]","[0.375, 0.0]","[0.625, 0.0]",[[0]],[[1]],[[2]],"(0, 12)","(12, 21)","(12, 21)",{},{},{},"['A', 'B']",[],[],0,0,2,2,2,2,B,,,,,,,A,,,,,"{'rtype': 'select-node', 'rtimedn': 22.04, 'rtimeup': 22.04}",,,,,,,"{'rtype': 'select-node', 'rtimedn': 22.039, 'rtimeup': 22.039}",,,,
,,13,1,10,1733249957,BDG-024-1155,TREE-1.2-0.0-0.0,"['59de595f-b530-4657-8c64-5f4a011bedca', '65a66864-4e73-4e0b-81f3-d96191245fdb']","['participant', 'participant']","['hour-glass', 'flower']","['hsla(1, 69%, 63%, 1.0)', 'hsla(225, 90%, 44%, 1.0)']","[[1.0, 0.20155205863332612], [0.20155205863332612, 1.0]]","{0: '', 1: 'A', 2: 'B'}",,2,after,"[True, True]","{'max': 21, 'min': 21, 'avg': 21.0, 'root': 12}","[-10, -10]","[108, 141]",sequential,chance,chance,"[1.0, 1.0]","[0.5, 1.0]","[0.5, 1.0]","[0.5, 1.0]","[0.625, 0.0]","[0.375, 0.0]",[[0]],[[1]],[[2]],"(0, 12)","(12, 21)","(12, 21)",{},{},{},"['A', 'B']",[],[],0,0,1,1,5,5,B,,,,,,,B,,,,,"{'rtype': 'select-node', 'rtimedn': 21.954, 'rtimeup': 21.954}",,,,,,,"{'rtype': 'select-node', 'rtimedn': 22.075, 'rtimeup': 22.075}",,,,
,,13,2,10,1733249957,BDG-261-3132,TREE-1.2-0.0-0.0,"['465cf7c4-e12a-4092-8dbe-d9da0578db63', '9c620637-9e65-4bc5-9b31-6c412bf03294']","['participant', 'participant']","['jagged-sun', 'dodecagon']","['hsla(194, 64%, 63%, 1.0)', 'hsla(95, 77%, 54%, 1.0)']","[[1.0, 0.19228281957318386], [0.19228281957318386, 1.0]]","{0: '', 1: 'A', 2: 'B'}",,2,after,"[True, True]","{'max': 21, 'min': 21, 'avg': 21.0, 'root': 12}","[-10, -10]","[142, 121]",sequential,chance,chance,"[1.0, 1.0]","[0.5, 1.0]","[0.5, 1.0]","[0.5, 1.0]","[0.625, 0.0]","[0.375, 0.0]",[[0]],[[1]],[[2]],"(0, 12)","(12, 21)","(12, 21)",{},{},{},"['A', 'B']",[],[],0,0,3,1,3,2,B,,,,,,,A,,,,,"{'rtype': 'select-node', 'rtimedn': 22.123, 'rtimeup': 22.123}",,,,,,,"{'rtype': 'select-node', 'rtimedn': 21.95, 'rtimeup': 21.95}",,,,
,,13,3,10,1733249958,BDG-064-1335,TREE-1.2-0.0-0.0,"['ad7f710d-dc9b-456e-8980-ec62de2a1005', '831b4607-e88d-4b93-9fbf-81dde8a6737d']","['participant', 'participant']","['dent-square', 'teardrop']","['hsla(140, 73%, 56%, 1.0)', 'hsla(177, 98%, 43%, 1.0)']","[[1.0, 0.19616296615649922], [0.19616296615649922, 1.0]]","{0: '', 1: 'A', 2: 'B'}",,2,after,"[True, True]","{'max': 21, 'min': 21, 'avg': 21.0, 'root': 12}","[-10, -10]","[146, 130]",sequential,chance,chance,"[1.0, 1.0]","[0.5, 1.0]","[0.5, 1.0]","[0.5, 1.0]","[0.625, 0.0]","[0.375, 0.0]",[[0]],[[1]],[[2]],"(0, 12)","(12, 21)","(12, 21)",{},{},{},"['A', 'B']",[],[],0,0,1,3,3,5,B,,,,,,,B,,,,,"{'rtype': 'select-node', 'rtimedn': 22.201, 'rtimeup': 22.201}",,,,,,,"{'rtype': 'select-node', 'rtimedn': 22.072, 'rtimeup': 22.072}",,,,
,,14,0,10,1733249967,BDG-582-5423,TREE-1.2-0.0-0.0,"['ad7f710d-dc9b-456e-8980-ec62de2a1005', 'ab497966-2b5f-49be-b99b-c5665902d78d']","['participant', 'participant']","['dent-square', 'flower']","['hsla(140, 73%, 56%, 1.0)', 'hsla(17, 90%, 46%, 1.0)']","[[1.0, 0.19228281957318386], [0.19228281957318386, 1.0]]","{0: '', 1: 'A', 2: 'B'}",,1,after,"[True, True]","{'max': 21, 'min': 21, 'avg': 21.0, 'root': 12}","[-10, -10]","[146, 153]",sequential,chance,chance,"[1.0, 1.0]","[0.5, 1.0]","[0.5, 1.0]","[0.5, 1.0]","[0.375, 0.0]","[0.625, 0.0]",[[0]],[[1]],[[2]],"(0, 12)","(12, 21)","(12, 21)",{},{},{},"['A', 'B']",[],[],0,0,5,4,2,3,A,,,,,,,A,,,,,"{'rtype': 'select-node', 'rtimedn': 23.057, 'rtimeup': 23.057}",,,,,,,"{'rtype': 'select-node', 'rtimedn': 23.11, 'rtimeup': 23.11}",,,,
,,14,1,10,1733249968,BDG-231-2522,TREE-1.2-0.0-0.0,"['65a66864-4e73-4e0b-81f3-d96191245fdb', 'ae8ba20e-3a55-4f87-8cb0-316556432bd6']","['participant', 'participant']","['flower', 'arrow-head']","['hsla(225, 90%, 44%, 1.0)', 'hsla(178, 94%, 45%, 1.0)']","[[1.0, 0.19228281957318386], [0.19228281957318386, 1.0]]","{0: '', 1: 'A', 2: 'B'}",,1,after,"[True, True]","{'max': 21, 'min': 21, 'avg': 21.0, 'root': 12}","[-10, -10]","[141, 131]",sequential,chance,chance,"[1.0, 1.0]","[0.5, 1.0]","[0.5, 1.0]","[0.5, 1.0]","[0.625, 0.0]","[0.375, 0.0]",[[0]],[[1]],[[2]],"(0, 12)","(12, 21)","(12, 21)",{},{},{},"['A', 'B']",[],[],0,0,2,5,2,2,A,,,,,,,A,,,,,"{'rtype': 'select-node', 'rtimedn': 23.036, 'rtimeup': 23.036}",,,,,,,"{'rtype': 'select-node', 'rtimedn': 23.006, 'rtimeup': 23.006}",,,,
,,14,2,10,1733249969,BDG-430-4321,TREE-1.2-0.0-0.0,"['465cf7c4-e12a-4092-8dbe-d9da0578db63', '9c620637-9e65-4bc5-9b31-6c412bf03294']","['participant', 'participant']","['jagged-sun', 'dodecagon']","['hsla(194, 64%, 63%, 1.0)', 'hsla(95, 77%, 54%, 1.0)']","[[1.0, 0.19228281957318386], [0.19228281957318386, 1.0]]","{0: '', 1: 'A', 2: 'B'}",,1,after,"[True, True]","{'max': 21, 'min': 21, 'avg': 21.0, 'root': 12}","[-10, -10]","[142, 121]",sequential,chance,chance,"[1.0, 1.0]","[0.5, 1.0]","[0.5, 1.0]","[0.5, 1.0]","[0.625, 0.0]","[0.375, 0.0]",[[0]],[[1]],[[2]],"(0, 12)","(12, 21)","(12, 21)",{},{},{},"['A', 'B']",[],[],0,0,4,3,2,1,A,,,,,,,A,,,,,"{'rtype': 'select-node', 'rtimedn': 23.136, 'rtimeup': 23.136}",,,,,,,"{'rtype': 'select-node', 'rtimedn': 23.184, 'rtimeup': 23.184}",,,,
,,14,3,10,1733249967,BDG-142-2143,TREE-1.2-0.0-0.0,"['831b4607-e88d-4b93-9fbf-81dde8a6737d', '59de595f-b530-4657-8c64-5f4a011bedca']","['participant', 'participant']","['teardrop', 'hour-glass']","['hsla(177, 98%, 43%, 1.0)', 'hsla(1, 69%, 63%, 1.0)']","[[1.0, 0.19228281957318386], [0.19228281957318386, 1.0]]","{0: '', 1: 'A', 2: 'B'}",,1,after,"[True, True]","{'max': 21, 'min': 21, 'avg': 21.0, 'root': 12}","[-10, -10]","[130, 108]",sequential,chance,chance,"[1.0, 1.0]","[0.5, 1.0]","[0.5, 1.0]","[0.5, 1.0]","[0.375, 0.0]","[0.625, 0.0]",[[0]],[[1]],[[2]],"(0, 12)","(12, 21)","(12, 21)",{},{},{},"['A', 'B']",[],[],0,0,2,1,4,3,A,,,,,,,B,,,,,"{'rtype': 'select-node', 'rtimedn': 23.016, 'rtimeup': 23.016}",,,,,,,"{'rtype': 'select-node', 'rtimedn': 23.029, 'rtimeup': 23.029}",,,,
,,15,0,10,1733249978,BDG-269-3145,TREE-1.2-0.0-0.0,"['ad7f710d-dc9b-456e-8980-ec62de2a1005', 'ab497966-2b5f-49be-b99b-c5665902d78d']","['participant', 'participant']","['dent-square', 'flower']","['hsla(140, 73%, 56%, 1.0)', 'hsla(17, 90%, 46%, 1.0)']","[[1.0, 0.19228281957318386], [0.19228281957318386, 1.0]]","{0: '', 1: 'A', 2: 'B'}",,2,after,"[True, True]","{'max': 21, 'min': 21, 'avg': 21.0, 'root': 12}","[-10, -10]","[146, 153]",sequential,chance,chance,"[1.0, 1.0]","[0.5, 1.0]","[0.5, 1.0]","[0.5, 1.0]","[0.375, 0.0]","[0.625, 0.0]",[[0]],[[1]],[[2]],"(0, 12)","(12, 21)","(12, 21)",{},{},{},"['A', 'B']",[],[],0,0,3,1,4,5,B,,,,,,,B,,,,,"{'rtype': 'select-node', 'rtimedn': 24.029, 'rtimeup': 24.029}",,,,,,,"{'rtype': 'select-node', 'rtimedn': 24.198, 'rtimeup': 24.198}",,,,
,,15,1,10,1733249977,BDG-014-1135,TREE-1.2-0.0-0.0,"['59de595f-b530-4657-8c64-5f4a011bedca', '831b4607-e88d-4b93-9fbf-81dde8a6737d']","['participant', 'participant']","['hour-glass', 'teardrop']","['hsla(1, 69%, 63%, 1.0)', 'hsla(177, 98%, 43%, 1.0)']","[[1.0, 0.19228281957318386], [0.19228281957318386, 1.0]]","{0: '', 1: 'A', 2: 'B'}",,2,after,"[True, True]","{'max': 21, 'min': 21, 'avg': 21.0, 'root': 12}","[-10, -10]","[108, 130]",sequential,chance,chance,"[1.0, 1.0]","[0.5, 1.0]","[0.5, 1.0]","[0.5, 1.0]","[0.625, 0.0]","[0.375, 0.0]",[[0]],[[1]],[[2]],"(0, 12)","(12, 21)","(12, 21)",{},{},{},"['A', 'B']",[],[],0,0,1,1,3,5,B,,,,,,,B,,,,,"{'rtype': 'select-node', 'rtimedn': 23.999, 'rtimeup': 23.999}",,,,,,,"{'rtype': 'select-node', 'rtimedn': 24.052, 'rtimeup': 24.052}",,,,
,,15,2,10,1733249979,BDG-404-4215,TREE-1.2-0.0-0.0,"['65a66864-4e73-4e0b-81f3-d96191245fdb', '9c620637-9e65-4bc5-9b31-6c412bf03294']","['participant', 'participant']","['flower', 'dodecagon']","['hsla(225, 90%, 44%, 1.0)', 'hsla(95, 77%, 54%, 1.0)']","[[1.0, 0.2017676223323992], [0.2017676223323992, 1.0]]","{0: '', 1: 'A', 2: 'B'}",,1,after,"[True, True]","{'max': 21, 'min': 21, 'avg': 21.0, 'root': 12}","[-10, -10]","[141, 121]",sequential,chance,chance,"[1.0, 1.0]","[0.5, 1.0]","[0.5, 1.0]","[0.5, 1.0]","[0.625, 0.0]","[0.375, 0.0]",[[0]],[[1]],[[2]],"(0, 12)","(12, 21)","(12, 21)",{},{},{},"['A', 'B']",[],[],0,0,4,2,1,5,A,,,,,,,B,,,,,"{'rtype': 'select-node', 'rtimedn': 24.232, 'rtimeup': 24.232}",,,,,,,"{'rtype': 'select-node', 'rtimedn': 24.205, 'rtimeup': 24.205}",,,,
,,15,3,10,1733249977,BDG-194-2345,TREE-1.2-0.0-0.0,"['ae8ba20e-3a55-4f87-8cb0-316556432bd6', '465cf7c4-e12a-4092-8dbe-d9da0578db63']","['participant', 'participant']","['arrow-head', 'jagged-sun']","['hsla(178, 94%, 45%, 1.0)', 'hsla(194, 64%, 63%, 1.0)']","[[1.0, 0.048501832291442115], [0.048501832291442115, 1.0]]","{0: '', 1: 'A', 2: 'B'}",,2,after,"[True, True]","{'max': 21, 'min': 21, 'avg': 21.0, 'root': 12}","[-10, -10]","[131, 142]",sequential,chance,chance,"[1.0, 1.0]","[0.5, 1.0]","[0.5, 1.0]","[0.5, 1.0]","[0.625, 0.0]","[0.375, 0.0]",[[0]],[[1]],[[2]],"(0, 12)","(12, 21)","(12, 21)",{},{},{},"['A', 'B']",[],[],0,0,2,3,4,5,B,,,,,,,B,,,,,"{'rtype': 'select-node', 'rtimedn': 23.934, 'rtimeup': 23.934}",,,,,,,"{'rtype': 'select-node', 'rtimedn': 24.102, 'rtimeup': 24.102}",,,,
,,16,0,10,1733249988,BDG-345-3451,TREE-1.2-0.0-0.0,"['65a66864-4e73-4e0b-81f3-d96191245fdb', '59de595f-b530-4657-8c64-5f4a011bedca']","['participant', 'participant']","['flower', 'hour-glass']","['hsla(225, 90%, 44%, 1.0)', 'hsla(1, 69%, 63%, 1.0)']","[[1.0, 0.20155205863332612], [0.20155205863332612, 1.0]]","{0: '', 1: 'A', 2: 'B'}",,2,after,"[True, True]","{'max': 21, 'min': 21, 'avg': 21.0, 'root': 12}","[-10, -10]","[141, 108]",sequential,chance,chance,"[1.0, 1.0]","[0.5, 1.0]","[0.5, 1.0]","[0.5, 1.0]","[0.625, 0.0]","[0.375, 0.0]",[[0]],[[1]],[[2]],"(0, 12)","(12, 21)","(12, 21)",{},{},{},"['A', 'B']",[],[],0,0,3,4,5,1,B,,,,,,,A,,,,,"{'rtype': 'select-node', 'rtimedn': 25.095, 'rtimeup': 25.095}",,,,,,,"{'rtype': 'select-node', 'rtimedn': 25.156, 'rtimeup': 25.156}",,,,
,,16,1,10,1733249988,BDG-074-1355,TREE-1.2-0.0-0.0,"['ab497966-2b5f-49be-b99b-c5665902d78d', '465cf7c4-e12a-4092-8dbe-d9da0578db63']","['participant', 'participant']","['flower', 'jagged-sun']","['hsla(17, 90%, 46%, 1.0)', 'hsla(194, 64%, 63%, 1.0)']","[[1.0, 0.1207156714809226], [0.1207156714809226, 1.0]]","{0: '', 1: 'A', 2: 'B'}",,2,after,"[True, True]","{'max': 21, 'min': 21, 'avg': 21.0, 'root': 12}","[-10, -10]","[153, 142]",sequential,chance,chance,"[1.0, 1.0]","[0.5, 1.0]","[0.5, 1.0]","[0.5, 1.0]","[0.625, 0.0]","[0.375, 0.0]",[[0]],[[1]],[[2]],"(0, 12)","(12, 21)","(12, 21)",{},{},{},"['A', 'B']",[],[],0,0,1,3,5,5,B,,,,,,,B,,,,,"{'rtype': 'select-node', 'rtimedn': 25.167, 'rtimeup': 25.167}",,,,,,,"{'rtype': 'select-node', 'rtimedn': 25.157, 'rtimeup': 25.157}",,,,
,,16,2,10,1733249993,BDG-410-4231,TREE-1.2-0.0-0.0,"['831b4607-e88d-4b93-9fbf-81dde8a6737d', 'ae8ba20e-3a55-4f87-8cb0-316556432bd6']","['participant', 'participant']","['teardrop', 'arrow-head']","['hsla(177, 98%, 43%, 1.0)', 'hsla(178, 94%, 45%, 1.0)']","[[1.0, 0.2017676223323992], [0.2017676223323992, 1.0]]","{0: '', 1: 'A', 2: 'B'}",,1,after,"[True, True]","{'max': 21, 'min': 21, 'avg': 21.0, 'root': 12}","[-10, -10]","[130, 131]",sequential,chance,chance,"[1.0, 1.0]","[0.5, 1.0]","[0.5, 1.0]","[0.5, 1.0]","[0.375, 0.0]","[0.625, 0.0]",[[0]],[[1]],[[2]],"(0, 12)","(12, 21)","(12, 21)",{},{},{},"['A', 'B']",[],[],0,0,4,2,3,1,A,,,,,,,B,,,,,"{'rtype': 'select-node', 'rtimedn': 25.27, 'rtimeup': 25.27}",,,,,,,"{'rtype': 'select-node', 'rtimedn': 25.486, 'rtimeup': 25.486}",,,,
,,16,3,10,1733249991,BDG-364-3535,TREE-1.2-0.0-0.0,"['9c620637-9e65-4bc5-9b31-6c412bf03294', 'ad7f710d-dc9b-456e-8980-ec62de2a1005']","['participant', 'participant']","['dodecagon', 'dent-square']","['hsla(95, 77%, 54%, 1.0)', 'hsla(140, 73%, 56%, 1.0)']","[[1.0, 0.20155205863332612], [0.20155205863332612, 1.0]]","{0: '', 1: 'A', 2: 'B'}",,1,after,"[True, True]","{'max': 21, 'min': 21, 'avg': 21.0, 'root': 12}","[-10, -10]","[121, 146]",sequential,chance,chance,"[1.0, 1.0]","[0.5, 1.0]","[0.5, 1.0]","[0.5, 1.0]","[0.375, 0.0]","[0.625, 0.0]",[[0]],[[1]],[[2]],"(0, 12)","(12, 21)","(12, 21)",{},{},{},"['A', 'B']",[],[],0,0,3,5,3,5,A,,,,,,,B,,,,,"{'rtype': 'select-node', 'rtimedn': 25.448, 'rtimeup': 25.448}",,,,,,,"{'rtype': 'select-node', 'rtimedn': 25.102, 'rtimeup': 25.102}",,,,
,,17,0,10,1733250003,BDG-483-4524,TREE-1.2-0.0-0.0,"['ae8ba20e-3a55-4f87-8cb0-316556432bd6', 'ab497966-2b5f-49be-b99b-c5665902d78d']","['participant', 'participant']","['arrow-head', 'flower']","['hsla(178, 94%, 45%, 1.0)', 'hsla(17, 90%, 46%, 1.0)']","[[1.0, 0.20155205863332612], [0.20155205863332612, 1.0]]","{0: '', 1: 'A', 2: 'B'}",,1,after,"[True, True]","{'max': 21, 'min': 21, 'avg': 21.0, 'root': 12}","[-10, -10]","[131, 153]",sequential,chance,chance,"[1.0, 1.0]","[0.5, 1.0]","[0.5, 1.0]","[0.5, 1.0]","[0.625, 0.0]","[0.375, 0.0]",[[0]],[[1]],[[2]],"(0, 12)","(12, 21)","(12, 21)",{},{},{},"['A', 'B']",[],[],0,0,4,5,2,4,A,,,,,,,A,,,,,"{'rtype': 'select-node', 'rtimedn': 26.326, 'rtimeup': 26.326}",,,,,,,"{'rtype': 'select-node', 'rtimedn': 26.736, 'rtimeup': 26.736}",,,,
,,17,1,10,1733250003,BDG-319-3345,TREE-1.2-0.0-0.0,"['831b4607-e88d-4b93-9fbf-81dde8a6737d', '465cf7c4-e12a-4092-8dbe-d9da0578db63']","['participant', 'participant']","['teardrop', 'jagged-sun']","['hsla(177, 98%, 43%, 1.0)', 'hsla(194, 64%, 63%, 1.0)']","[[1.0, 0.20155205863332612], [0.20155205863332612, 1.0]]","{0: '', 1: 'A', 2: 'B'}",,2,after,"[True, True]","{'max': 21, 'min': 21, 'avg': 21.0, 'root': 12}","[-10, -10]","[130, 142]",sequential,chance,chance,"[1.0, 1.0]","[0.5, 1.0]","[0.5, 1.0]","[0.5, 1.0]","[0.375, 0.0]","[0.625, 0.0]",[[0]],[[1]],[[2]],"(0, 12)","(12, 21)","(12, 21)",{},{},{},"['A', 'B']",[],[],0,0,3,3,4,5,B,,,,,,,A,,,,,"{'rtype': 'select-node', 'rtimedn': 26.646, 'rtimeup': 26.646}",,,,,,,"{'rtype': 'select-node', 'rtimedn': 26.57, 'rtimeup': 26.57}",,,,
,,17,2,10,1733250004,BDG-604-5515,TREE-1.2-0.0-0.0,"['9c620637-9e65-4bc5-9b31-6c412bf03294', '65a66864-4e73-4e0b-81f3-d96191245fdb']","['participant', 'participant']","['dodecagon', 'flower']","['hsla(95, 77%, 54%, 1.0)', 'hsla(225, 90%, 44%, 1.0)']","[[1.0, 0.2017676223323992], [0.2017676223323992, 1.0]]","{0: '', 1: 'A', 2: 'B'}",,1,after,"[True, True]","{'max': 21, 'min': 21, 'avg': 21.0, 'root': 12}","[-10, -10]","[121, 141]",sequential,chance,chance,"[1.0, 1.0]","[0.5, 1.0]","[0.5, 1.0]","[0.5, 1.0]","[0.375, 0.0]","[0.625, 0.0]",[[0]],[[1]],[[2]],"(0, 12)","(12, 21)","(12, 21)",{},{},{},"['A', 'B']",[],[],0,0,5,5,1,5,A,,,,,,,A,,,,,"{'rtype': 'select-node', 'rtimedn': 26.555, 'rtimeup': 26.555}",,,,,,,"{'rtype': 'select-node', 'rtimedn': 26.738, 'rtimeup': 26.738}",,,,
,,17,3,10,1733250004,BDG-346-3452,TREE-1.2-0.0-0.0,"['ad7f710d-dc9b-456e-8980-ec62de2a1005', '59de595f-b530-4657-8c64-5f4a011bedca']","['participant', 'participant']","['dent-square', 'hour-glass']","['hsla(140, 73%, 56%, 1.0)', 'hsla(1, 69%, 63%, 1.0)']","[[1.0, 0.048501832291442115], [0.048501832291442115, 1.0]]","{0: '', 1: 'A', 2: 'B'}",,2,after,"[True, True]","{'max': 21, 'min': 21, 'avg': 21.0, 'root': 12}","[-10, -10]","[146, 108]",sequential,chance,chance,"[1.0, 1.0]","[0.5, 1.0]","[0.5, 1.0]","[0.5, 1.0]","[0.375, 0.0]","[0.625, 0.0]",[[0]],[[1]],[[2]],"(0, 12)","(12, 21)","(12, 21)",{},{},{},"['A', 'B']",[],[],0,0,3,4,5,2,B,,,,,,,A,,,,,"{'rtype': 'select-node', 'rtimedn': 26.45, 'rtimeup': 26.45}",,,,,,,"{'rtype': 'select-node', 'rtimedn': 26.733, 'rtimeup': 26.733}",,,,
,,18,0,10,1733250015,BDG-126-2112,TREE-1.2-0.0-0.0,"['9c620637-9e65-4bc5-9b31-6c412bf03294', 'ad7f710d-dc9b-456e-8980-ec62de2a1005']","['participant', 'participant']","['dodecagon', 'dent-square']","['hsla(95, 77%, 54%, 1.0)', 'hsla(140, 73%, 56%, 1.0)']","[[1.0, 0.20155205863332612], [0.20155205863332612, 1.0]]","{0: '', 1: 'A', 2: 'B'}",,1,after,"[True, True]","{'max': 21, 'min': 21, 'avg': 21.0, 'root': 12}","[-10, -10]","[121, 146]",sequential,chance,chance,"[1.0, 1.0]","[0.5, 1.0]","[0.5, 1.0]","[0.5, 1.0]","[0.375, 0.0]","[0.625, 0.0]",[[0]],[[1]],[[2]],"(0, 12)","(12, 21)","(12, 21)",{},{},{},"['A', 'B']",[],[],0,0,2,1,1,2,A,,,,,,,A,,,,,"{'rtype': 'select-node', 'rtimedn': 27.484, 'rtimeup': 27.484}",,,,,,,"{'rtype': 'select-node', 'rtimedn': 27.864, 'rtimeup': 27.864}",,,,
,,18,1,10,1733250014,BDG-245-2551,TREE-1.2-0.0-0.0,"['ae8ba20e-3a55-4f87-8cb0-316556432bd6', '59de595f-b530-4657-8c64-5f4a011bedca']","['participant', 'participant']","['arrow-head', 'hour-glass']","['hsla(178, 94%, 45%, 1.0)', 'hsla(1, 69%, 63%, 1.0)']","[[1.0, 0.19616296615649922], [0.19616296615649922, 1.0]]","{0: '', 1: 'A', 2: 'B'}",,1,after,"[True, True]","{'max': 21, 'min': 21, 'avg': 21.0, 'root': 12}","[-10, -10]","[131, 108]",sequential,chance,chance,"[1.0, 1.0]","[0.5, 1.0]","[0.5, 1.0]","[0.5, 1.0]","[0.625, 0.0]","[0.375, 0.0]",[[0]],[[1]],[[2]],"(0, 12)","(12, 21)","(12, 21)",{},{},{},"['A', 'B']",[],[],0,0,2,5,5,1,A,,,,,,,A,,,,,"{'rtype': 'select-node', 'rtimedn': 27.585, 'rtimeup': 27.585}",,,,,,,"{'rtype': 'select-node', 'rtimedn': 27.5, 'rtimeup': 27.5}",,,,
,,18,2,10,1733250012,BDG-514-5135,TREE-1.2-0.0-0.0,"['65a66864-4e73-4e0b-81f3-d96191245fdb', 'ab497966-2b5f-49be-b99b-c5665902d78d']","['participant', 'participant']","['flower', 'flower']","['hsla(225, 90%, 44%, 1.0)', 'hsla(17, 90%, 46%, 1.0)']","[[1.0, 0.048501832291442115], [0.048501832291442115, 1.0]]","{0: '', 1: 'A', 2: 'B'}",,1,after,"[True, True]","{'max': 21, 'min': 21, 'avg': 21.0, 'root': 12}","[-10, -10]","[141, 153]",sequential,chance,chance,"[1.0, 1.0]","[0.5, 1.0]","[0.5, 1.0]","[0.5, 1.0]","[0.375, 0.0]","[0.625, 0.0]",[[0]],[[1]],[[2]],"(0, 12)","(12, 21)","(12, 21)",{},{},{},"['A', 'B']",[],[],0,0,5,1,3,5,A,,,,,,,A,,,,,"{'rtype': 'select-node', 'rtimedn': 27.596, 'rtimeup': 27.596}",,,,,,,"{'rtype': 'select-node', 'rtimedn': 27.606, 'rtimeup': 27.606}",,,,
,,18,3,10,1733250014,BDG-354-3515,TREE-1.2-0.0-0.0,"['831b4607-e88d-4b93-9fbf-81dde8a6737d', '465cf7c4-e12a-4092-8dbe-d9da0578db63']","['participant', 'participant']","['teardrop', 'jagged-sun']","['hsla(177, 98%, 43%, 1.0)', 'hsla(194, 64%, 63%, 1.0)']","[[1.0, 0.20155205863332612], [0.20155205863332612, 1.0]]","{0: '', 1: 'A', 2: 'B'}",,1,after,"[True, True]","{'max': 21, 'min': 21, 'avg': 21.0, 'root': 12}","[-10, -10]","[130, 142]",sequential,chance,chance,"[1.0, 1.0]","[0.5, 1.0]","[0.5, 1.0]","[0.5, 1.0]","[0.375, 0.0]","[0.625, 0.0]",[[0]],[[1]],[[2]],"(0, 12)","(12, 21)","(12, 21)",{},{},{},"['A', 'B']",[],[],0,0,3,5,1,5,A,,,,,,,A,,,,,"{'rtype': 'select-node', 'rtimedn': 27.751, 'rtimeup': 27.751}",,,,,,,"{'rtype': 'select-node', 'rtimedn': 27.731, 'rtimeup': 27.731}",,,,
,,19,0,10,1733250023,BDG-271-3152,TREE-1.2-0.0-0.0,"['ad7f710d-dc9b-456e-8980-ec62de2a1005', 'ab497966-2b5f-49be-b99b-c5665902d78d']","['participant', 'participant']","['dent-square', 'flower']","['hsla(140, 73%, 56%, 1.0)', 'hsla(17, 90%, 46%, 1.0)']","[[1.0, 0.19228281957318386], [0.19228281957318386, 1.0]]","{0: '', 1: 'A', 2: 'B'}",,2,after,"[True, True]","{'max': 21, 'min': 21, 'avg': 21.0, 'root': 12}","[-10, -10]","[146, 153]",sequential,chance,chance,"[1.0, 1.0]","[0.5, 1.0]","[0.5, 1.0]","[0.5, 1.0]","[0.625, 0.0]","[0.375, 0.0]",[[0]],[[1]],[[2]],"(0, 12)","(12, 21)","(12, 21)",{},{},{},"['A', 'B']",[],[],0,0,3,1,5,2,B,,,,,,,B,,,,,"{'rtype': 'select-node', 'rtimedn': 28.692, 'rtimeup': 28.692}",,,,,,,"{'rtype': 'select-node', 'rtimedn': 28.76, 'rtimeup': 28.76}",,,,
,,19,1,10,1733250024,BDG-397-4153,TREE-1.2-0.0-0.0,"['65a66864-4e73-4e0b-81f3-d96191245fdb', 'ae8ba20e-3a55-4f87-8cb0-316556432bd6']","['participant', 'participant']","['flower', 'arrow-head']","['hsla(225, 90%, 44%, 1.0)', 'hsla(178, 94%, 45%, 1.0)']","[[1.0, 0.19228281957318386], [0.19228281957318386, 1.0]]","{0: '', 1: 'A', 2: 'B'}",,2,after,"[True, True]","{'max': 21, 'min': 21, 'avg': 21.0, 'root': 12}","[-10, -10]","[141, 131]",sequential,chance,chance,"[1.0, 1.0]","[0.5, 1.0]","[0.5, 1.0]","[0.5, 1.0]","[0.625, 0.0]","[0.375, 0.0]",[[0]],[[1]],[[2]],"(0, 12)","(12, 21)","(12, 21)",{},{},{},"['A', 'B']",[],[],0,0,4,1,5,3,B,,,,,,,B,,,,,"{'rtype': 'select-node', 'rtimedn': 28.591, 'rtimeup': 28.591}",,,,,,,"{'rtype': 'select-node', 'rtimedn': 28.62, 'rtimeup': 28.62}",,,,
,,19,2,10,1733250024,BDG-592-5443,TREE-1.2-0.0-0.0,"['465cf7c4-e12a-4092-8dbe-d9da0578db63', '9c620637-9e65-4bc5-9b31-6c412bf03294']","['participant', 'participant']","['jagged-sun', 'dodecagon']","['hsla(194, 64%, 63%, 1.0)', 'hsla(95, 77%, 54%, 1.0)']","[[1.0, 0.19228281957318386], [0.19228281957318386, 1.0]]","{0: '', 1: 'A', 2: 'B'}",,1,after,"[True, True]","{'max': 21, 'min': 21, 'avg': 21.0, 'root': 12}","[-10, -10]","[142, 121]",sequential,chance,chance,"[1.0, 1.0]","[0.5, 1.0]","[0.5, 1.0]","[0.5, 1.0]","[0.625, 0.0]","[0.375, 0.0]",[[0]],[[1]],[[2]],"(0, 12)","(12, 21)","(12, 21)",{},{},{},"['A', 'B']",[],[],0,0,5,4,4,3,A,,,,,,,B,,,,,"{'rtype': 'select-node', 'rtimedn': 28.763, 'rtimeup': 28.763}",,,,,,,"{'rtype': 'select-node', 'rtimedn': 28.703, 'rtimeup': 28.703}",,,,
,,19,3,10,1733250025,BDG-034-1225,TREE-1.2-0.0-0.0,"['59de595f-b530-4657-8c64-5f4a011bedca', '831b4607-e88d-4b93-9fbf-81dde8a6737d']","['participant', 'participant']","['hour-glass', 'teardrop']","['hsla(1, 69%, 63%, 1.0)', 'hsla(177, 98%, 43%, 1.0)']","[[1.0, 0.19228281957318386], [0.19228281957318386, 1.0]]","{0: '', 1: 'A', 2: 'B'}",,2,after,"[True, True]","{'max': 21, 'min': 21, 'avg': 21.0, 'root': 12}","[-10, -10]","[108, 130]",sequential,chance,chance,"[1.0, 1.0]","[0.5, 1.0]","[0.5, 1.0]","[0.5, 1.0]","[0.375, 0.0]","[0.625, 0.0]",[[0]],[[1]],[[2]],"(0, 12)","(12, 21)","(12, 21)",{},{},{},"['A', 'B']",[],[],0,0,1,2,2,5,B,,,,,,,B,,,,,"{'rtype': 'select-node', 'rtimedn': 28.643, 'rtimeup': 28.643}",,,,,,,"{'rtype': 'select-node', 'rtimedn': 28.837, 'rtimeup': 28.837}",,,,
,,20,0,10,1733250037,BDG-497-4553,TREE-1.2-0.0-0.0,"['ae8ba20e-3a55-4f87-8cb0-316556432bd6', 'ad7f710d-dc9b-456e-8980-ec62de2a1005']","['participant', 'participant']","['arrow-head', 'dent-square']","['hsla(178, 94%, 45%, 1.0)', 'hsla(140, 73%, 56%, 1.0)']","[[1.0, 0.1207156714809226], [0.1207156714809226, 1.0]]","{0: '', 1: 'A', 2: 'B'}",,1,after,"[True, True]","{'max': 21, 'min': 21, 'avg': 21.0, 'root': 12}","[-10, -10]","[131, 146]",sequential,chance,chance,"[1.0, 1.0]","[0.5, 1.0]","[0.5, 1.0]","[0.5, 1.0]","[0.375, 0.0]","[0.625, 0.0]",[[0]],[[1]],[[2]],"(0, 12)","(12, 21)","(12, 21)",{},{},{},"['A', 'B']",[],[],0,0,4,5,5,3,A,,,,,,,B,,,,,"{'rtype': 'select-node', 'rtimedn': 29.621, 'rtimeup': 29.621}",,,,,,,"{'rtype': 'select-node', 'rtimedn': 30.078, 'rtimeup': 30.078}",,,,
,,20,1,10,1733250037,BDG-531-5222,TREE-1.2-0.0-0.0,"['465cf7c4-e12a-4092-8dbe-d9da0578db63', '831b4607-e88d-4b93-9fbf-81dde8a6737d']","['participant', 'participant']","['jagged-sun', 'teardrop']","['hsla(194, 64%, 63%, 1.0)', 'hsla(177, 98%, 43%, 1.0)']","[[1.0, 0.20155205863332612], [0.20155205863332612, 1.0]]","{0: '', 1: 'A', 2: 'B'}",,1,after,"[True, True]","{'max': 21, 'min': 21, 'avg': 21.0, 'root': 12}","[-10, -10]","[142, 130]",sequential,chance,chance,"[1.0, 1.0]","[0.5, 1.0]","[0.5, 1.0]","[0.5, 1.0]","[0.375, 0.0]","[0.625, 0.0]",[[0]],[[1]],[[2]],"(0, 12)","(12, 21)","(12, 21)",{},{},{},"['A', 'B']",[],[],0,0,5,2,2,2,A,,,,,,,A,,,,,"{'rtype': 'select-node', 'rtimedn': 29.772, 'rtimeup': 29.772}",,,,,,,"{'rtype': 'select-node', 'rtimedn': 29.995, 'rtimeup': 29.995}",,,,
,,20,2,10,1733250036,BDG-171-2252,TREE-1.2-0.0-0.0,"['65a66864-4e73-4e0b-81f3-d96191245fdb', '59de595f-b530-4657-8c64-5f4a011bedca']","['participant', 'participant']","['flower', 'hour-glass']","['hsla(225, 90%, 44%, 1.0)', 'hsla(1, 69%, 63%, 1.0)']","[[1.0, 0.20155205863332612], [0.20155205863332612, 1.0]]","{0: '', 1: 'A', 2: 'B'}",,2,after,"[True, True]","{'max': 21, 'min': 21, 'avg': 21.0, 'root': 12}","[-10, -10]","[141, 108]",sequential,chance,chance,"[1.0, 1.0]","[0.5, 1.0]","[0.5, 1.0]","[0.5, 1.0]","[0.625, 0.0]","[0.375, 0.0]",[[0]],[[1]],[[2]],"(0, 12)","(12, 21)","(12, 21)",{},{},{},"['A', 'B']",[],[],0,0,2,2,5,2,B,,,,,,,B,,,,,"{'rtype': 'select-node', 'rtimedn': 29.967, 'rtimeup': 29.967}",,,,,,,"{'rtype': 'select-node', 'rtimedn': 29.796, 'rtimeup': 29.796}",,,,
,,20,3,10,1733250035,BDG-025-1211,TREE-1.2-0.0-0.0,"['ab497966-2b5f-49be-b99b-c5665902d78d', '9c620637-9e65-4bc5-9b31-6c412bf03294']","['participant', 'participant']","['flower', 'dodecagon']","['hsla(17, 90%, 46%, 1.0)', 'hsla(95, 77%, 54%, 1.0)']","[[1.0, 0.19616296615649922], [0.19616296615649922, 1.0]]","{0: '', 1: 'A', 2: 'B'}",,1,after,"[True, True]","{'max': 21, 'min': 21, 'avg': 21.0, 'root': 12}","[-10, -10]","[153, 121]",sequential,chance,chance,"[1.0, 1.0]","[0.5, 1.0]","[0.5, 1.0]","[0.5, 1.0]","[0.375, 0.0]","[0.625, 0.0]",[[0]],[[1]],[[2]],"(0, 12)","(12, 21)","(12, 21)",{},{},{},"['A', 'B']",[],[],0,0,1,2,1,1,A,,,,,,,A,,,,,"{'rtype': 'select-node', 'rtimedn': 29.94, 'rtimeup': 29.94}",,,,,,,"{'rtype': 'select-node', 'rtimedn': 29.663, 'rtimeup': 29.663}",,,,
,,21,0,10,1733250047,BDG-229-2515,TREE-1.2-0.0-0.0,"['831b4607-e88d-4b93-9fbf-81dde8a6737d', 'ab497966-2b5f-49be-b99b-c5665902d78d']","['participant', 'participant']","['teardrop', 'flower']","['hsla(177, 98%, 43%, 1.0)', 'hsla(17, 90%, 46%, 1.0)']","[[1.0, 0.03901702953222677], [0.03901702953222677, 1.0]]","{0: '', 1: 'A', 2: 'B'}",,1,after,"[True, True]","{'max': 21, 'min': 21, 'avg': 21.0, 'root': 12}","[-10, -10]","[130, 153]",sequential,chance,chance,"[1.0, 1.0]","[0.5, 1.0]","[0.5, 1.0]","[0.5, 1.0]","[0.625, 0.0]","[0.375, 0.0]",[[0]],[[1]],[[2]],"(0, 12)","(12, 21)","(12, 21)",{},{},{},"['A', 'B']",[],[],0,0,2,5,1,5,A,,,,,,,A,,,,,"{'rtype': 'select-node', 'rtimedn': 30.827, 'rtimeup': 30.827}",,,,,,,"{'rtype': 'select-node', 'rtimedn': 31.148, 'rtimeup': 31.148}",,,,
,,21,1,10,1733250047,BDG-419-4245,TREE-1.2-0.0-0.0,"['ae8ba20e-3a55-4f87-8cb0-316556432bd6', '59de595f-b530-4657-8c64-5f4a011bedca']","['participant', 'participant']","['arrow-head', 'hour-glass']","['hsla(178, 94%, 45%, 1.0)', 'hsla(1, 69%, 63%, 1.0)']","[[1.0, 0.19616296615649922], [0.19616296615649922, 1.0]]","{0: '', 1: 'A', 2: 'B'}",,2,after,"[True, True]","{'max': 21, 'min': 21, 'avg': 21.0, 'root': 12}","[-10, -10]","[131, 108]",sequential,chance,chance,"[1.0, 1.0]","[0.5, 1.0]","[0.5, 1.0]","[0.5, 1.0]","[0.625, 0.0]","[0.375, 0.0]",[[0]],[[1]],[[2]],"(0, 12)","(12, 21)","(12, 21)",{},{},{},"['A', 'B']",[],[],0,0,4,2,4,5,B,,,,,,,A,,,,,"{'rtype': 'select-node', 'rtimedn': 30.79, 'rtimeup': 30.79}",,,,,,,"{'rtype': 'select-node', 'rtimedn': 31.032, 'rtimeup': 31.032}",,,,
,,21,2,10,1733250046,BDG-297-3253,TREE-1.2-0.0-0.0,"['ad7f710d-dc9b-456e-8980-ec62de2a1005', '465cf7c4-e12a-4092-8dbe-d9da0578db63']","['participant', 'participant']","['dent-square', 'jagged-sun']","['hsla(140, 73%, 56%, 1.0)', 'hsla(194, 64%, 63%, 1.0)']","[[1.0, 0.2017676223323992], [0.2017676223323992, 1.0]]","{0: '', 1: 'A', 2: 'B'}",,2,after,"[True, True]","{'max': 21, 'min': 21, 'avg': 21.0, 'root': 12}","[-10, -10]","[146, 142]",sequential,chance,chance,"[1.0, 1.0]","[0.5, 1.0]","[0.5, 1.0]","[0.5, 1.0]","[0.375, 0.0]","[0.625, 0.0]",[[0]],[[1]],[[2]],"(0, 12)","(12, 21)","(12, 21)",{},{},{},"['A', 'B']",[],[],0,0,3,2,5,3,B,,,,,,,B,,,,,"{'rtype': 'select-node', 'rtimedn': 30.983, 'rtimeup': 30.983}",,,,,,,"{'rtype': 'select-node', 'rtimedn': 30.933, 'rtimeup': 30.933}",,,,
,,21,3,10,1733250047,BDG-365-3541,TREE-1.2-0.0-0.0,"['65a66864-4e73-4e0b-81f3-d96191245fdb', '9c620637-9e65-4bc5-9b31-6c412bf03294']","['participant', 'participant']","['flower', 'dodecagon']","['hsla(225, 90%, 44%, 1.0)', 'hsla(95, 77%, 54%, 1.0)']","[[1.0, 0.2017676223323992], [0.2017676223323992, 1.0]]","{0: '', 1: 'A', 2: 'B'}",,2,after,"[True, True]","{'max': 21, 'min': 21, 'avg': 21.0, 'root': 12}","[-10, -10]","[141, 121]",sequential,chance,chance,"[1.0, 1.0]","[0.5, 1.0]","[0.5, 1.0]","[0.5, 1.0]","[0.375, 0.0]","[0.625, 0.0]",[[0]],[[1]],[[2]],"(0, 12)","(12, 21)","(12, 21)",{},{},{},"['A', 'B']",[],[],0,0,3,5,4,1,B,,,,,,,A,,,,,"{'rtype': 'select-node', 'rtimedn': 30.784, 'rtimeup': 30.784}",,,,,,,"{'rtype': 'select-node', 'rtimedn': 31.013, 'rtimeup': 31.013}",,,,
,,22,0,10,1733250059,BDG-359-3525,TREE-1.2-0.0-0.0,"['465cf7c4-e12a-4092-8dbe-d9da0578db63', '9c620637-9e65-4bc5-9b31-6c412bf03294']","['participant', 'participant']","['jagged-sun', 'dodecagon']","['hsla(194, 64%, 63%, 1.0)', 'hsla(95, 77%, 54%, 1.0)']","[[1.0, 0.19228281957318386], [0.19228281957318386, 1.0]]","{0: '', 1: 'A', 2: 'B'}",,1,after,"[True, True]","{'max': 21, 'min': 21, 'avg': 21.0, 'root': 12}","[-10, -10]","[142, 121]",sequential,chance,chance,"[1.0, 1.0]","[0.5, 1.0]","[0.5, 1.0]","[0.5, 1.0]","[0.375, 0.0]","[0.625, 0.0]",[[0]],[[1]],[[2]],"(0, 12)","(12, 21)","(12, 21)",{},{},{},"['A', 'B']",[],[],0,0,3,5,2,5,A,,,,,,,A,,,,,"{'rtype': 'select-node', 'rtimedn': 32.013, 'rtimeup': 32.013}",,,,,,,"{'rtype': 'select-node', 'rtimedn': 32.197, 'rtimeup': 32.197}",,,,
,,22,1,10,1733250057,BDG-235-2531,TREE-1.2-0.0-0.0,"['ad7f710d-dc9b-456e-8980-ec62de2a1005', '65a66864-4e73-4e0b-81f3-d96191245fdb']","['participant', 'participant']","['dent-square', 'flower']","['hsla(140, 73%, 56%, 1.0)', 'hsla(225, 90%, 44%, 1.0)']","[[1.0, 0.03901702953222677], [0.03901702953222677, 1.0]]","{0: '', 1: 'A', 2: 'B'}",,1,after,"[True, True]","{'max': 21, 'min': 21, 'avg': 21.0, 'root': 12}","[-10, -10]","[146, 141]",sequential,chance,chance,"[1.0, 1.0]","[0.5, 1.0]","[0.5, 1.0]","[0.5, 1.0]","[0.625, 0.0]","[0.375, 0.0]",[[0]],[[1]],[[2]],"(0, 12)","(12, 21)","(12, 21)",{},{},{},"['A', 'B']",[],[],0,0,2,5,3,1,A,,,,,,,B,,,,,"{'rtype': 'select-node', 'rtimedn': 32.049, 'rtimeup': 32.049}",,,,,,,"{'rtype': 'select-node', 'rtimedn': 32.078, 'rtimeup': 32.078}",,,,
,,22,2,10,1733250056,BDG-083-1424,TREE-1.2-0.0-0.0,"['59de595f-b530-4657-8c64-5f4a011bedca', 'ab497966-2b5f-49be-b99b-c5665902d78d']","['participant', 'participant']","['hour-glass', 'flower']","['hsla(1, 69%, 63%, 1.0)', 'hsla(17, 90%, 46%, 1.0)']","[[1.0, 0.2017676223323992], [0.2017676223323992, 1.0]]","{0: '', 1: 'A', 2: 'B'}",,2,after,"[True, True]","{'max': 21, 'min': 21, 'avg': 21.0, 'root': 12}","[-10, -10]","[108, 153]",sequential,chance,chance,"[1.0, 1.0]","[0.5, 1.0]","[0.5, 1.0]","[0.5, 1.0]","[0.375, 0.0]","[0.625, 0.0]",[[0]],[[1]],[[2]],"(0, 12)","(12, 21)","(12, 21)",{},{},{},"['A', 'B']",[],[],0,0,1,4,2,4,B,,,,,,,B,,,,,"{'rtype': 'select-node', 'rtimedn': 31.982, 'rtimeup': 31.982}",,,,,,,"{'rtype': 'select-node', 'rtimedn': 31.92, 'rtimeup': 31.92}",,,,
,,22,3,10,1733250057,BDG-463-4434,TREE-1.2-0.0-0.0,"['ae8ba20e-3a55-4f87-8cb0-316556432bd6', '831b4607-e88d-4b93-9fbf-81dde8a6737d']","['participant', 'participant']","['arrow-head', 'teardrop']","['hsla(178, 94%, 45%, 1.0)', 'hsla(177, 98%, 43%, 1.0)']","[[1.0, 0.2017676223323992], [0.2017676223323992, 1.0]]","{0: '', 1: 'A', 2: 'B'}",,1,after,"[True, True]","{'max': 21, 'min': 21, 'avg': 21.0, 'root': 12}","[-10, -10]","[131, 130]",sequential,chance,chance,"[1.0, 1.0]","[0.5, 1.0]","[0.5, 1.0]","[0.5, 1.0]","[0.375, 0.0]","[0.625, 0.0]",[[0]],[[1]],[[2]],"(0, 12)","(12, 21)","(12, 21)",{},{},{},"['A', 'B']",[],[],0,0,4,4,3,4,A,,,,,,,B,,,,,"{'rtype': 'select-node', 'rtimedn': 31.77, 'rtimeup': 31.77}",,,,,,,"{'rtype': 'select-node', 'rtimedn': 31.981, 'rtimeup': 31.981}",,,,
,,23,0,10,1733250072,BDG-563-5334,TREE-1.2-0.0-0.0,"['831b4607-e88d-4b93-9fbf-81dde8a6737d', '59de595f-b530-4657-8c64-5f4a011bedca']","['participant', 'participant']","['teardrop', 'hour-glass']","['hsla(177, 98%, 43%, 1.0)', 'hsla(1, 69%, 63%, 1.0)']","[[1.0, 0.19228281957318386], [0.19228281957318386, 1.0]]","{0: '', 1: 'A', 2: 'B'}",,1,after,"[True, True]","{'max': 21, 'min': 21, 'avg': 21.0, 'root': 12}","[-10, -10]","[130, 108]",sequential,chance,chance,"[1.0, 1.0]","[0.5, 1.0]","[0.5, 1.0]","[0.5, 1.0]","[0.375, 0.0]","[0.625, 0.0]",[[0]],[[1]],[[2]],"(0, 12)","(12, 21)","(12, 21)",{},{},{},"['A', 'B']",[],[],0,0,5,3,3,4,A,,,,,,,B,,,,,"{'rtype': 'select-node', 'rtimedn': 33.065, 'rtimeup': 33.065}",,,,,,,"{'rtype': 'select-node', 'rtimedn': 33.58, 'rtimeup': 33.58}",,,,
,,23,1,10,1733250070,BDG-155-2221,TREE-1.2-0.0-0.0,"['9c620637-9e65-4bc5-9b31-6c412bf03294', '465cf7c4-e12a-4092-8dbe-d9da0578db63']","['participant', 'participant']","['dodecagon', 'jagged-sun']","['hsla(95, 77%, 54%, 1.0)', 'hsla(194, 64%, 63%, 1.0)']","[[1.0, 0.19228281957318386], [0.19228281957318386, 1.0]]","{0: '', 1: 'A', 2: 'B'}",,2,after,"[True, True]","{'max': 21, 'min': 21, 'avg': 21.0, 'root': 12}","[-10, -10]","[121, 142]",sequential,chance,chance,"[1.0, 1.0]","[0.5, 1.0]","[0.5, 1.0]","[0.5, 1.0]","[0.625, 0.0]","[0.375, 0.0]",[[0]],[[1]],[[2]],"(0, 12)","(12, 21)","(12, 21)",{},{},{},"['A', 'B']",[],[],0,0,2,2,2,1,B,,,,,,,A,,,,,"{'rtype': 'select-node', 'rtimedn': 33.346, 'rtimeup': 33.346}",,,,,,,"{'rtype': 'select-node', 'rtimedn': 33.162, 'rtimeup': 33.162}",,,,
,,23,2,10,1733250068,BDG-301-3312,TREE-1.2-0.0-0.0,"['ab497966-2b5f-49be-b99b-c5665902d78d', '65a66864-4e73-4e0b-81f3-d96191245fdb']","['participant', 'participant']","['flower', 'flower']","['hsla(17, 90%, 46%, 1.0)', 'hsla(225, 90%, 44%, 1.0)']","[[1.0, 0.048501832291442115], [0.048501832291442115, 1.0]]","{0: '', 1: 'A', 2: 'B'}",,1,after,"[True, True]","{'max': 21, 'min': 21, 'avg': 21.0, 'root': 12}","[-10, -10]","[153, 141]",sequential,chance,chance,"[1.0, 1.0]","[0.5, 1.0]","[0.5, 1.0]","[0.5, 1.0]","[0.375, 0.0]","[0.625, 0.0]",[[0]],[[1]],[[2]],"(0, 12)","(12, 21)","(12, 21)",{},{},{},"['A', 'B']",[],[],0,0,3,3,1,2,A,,,,,,,A,,,,,"{'rtype': 'select-node', 'rtimedn': 33.248, 'rtimeup': 33.248}",,,,,,,"{'rtype': 'select-node', 'rtimedn': 33.145, 'rtimeup': 33.145}",,,,
,,23,3,10,1733250068,BDG-299-3255,TREE-1.2-0.0-0.0,"['ae8ba20e-3a55-4f87-8cb0-316556432bd6', 'ad7f710d-dc9b-456e-8980-ec62de2a1005']","['participant', 'participant']","['arrow-head', 'dent-square']","['hsla(178, 94%, 45%, 1.0)', 'hsla(140, 73%, 56%, 1.0)']","[[1.0, 0.1207156714809226], [0.1207156714809226, 1.0]]","{0: '', 1: 'A', 2: 'B'}",,2,after,"[True, True]","{'max': 21, 'min': 21, 'avg': 21.0, 'root': 12}","[-10, -10]","[131, 146]",sequential,chance,chance,"[1.0, 1.0]","[0.5, 1.0]","[0.5, 1.0]","[0.5, 1.0]","[0.375, 0.0]","[0.625, 0.0]",[[0]],[[1]],[[2]],"(0, 12)","(12, 21)","(12, 21)",{},{},{},"['A', 'B']",[],[],0,0,3,2,5,5,B,,,,,,,B,,,,,"{'rtype': 'select-node', 'rtimedn': 32.863, 'rtimeup': 32.863}",,,,,,,"{'rtype': 'select-node', 'rtimedn': 33.248, 'rtimeup': 33.248}",,,,
,,24,0,10,1733250086,BDG-492-4543,TREE-1.2-0.0-0.0,"['ae8ba20e-3a55-4f87-8cb0-316556432bd6', 'ad7f710d-dc9b-456e-8980-ec62de2a1005']","['participant', 'participant']","['arrow-head', 'dent-square']","['hsla(178, 94%, 45%, 1.0)', 'hsla(140, 73%, 56%, 1.0)']","[[1.0, 0.1207156714809226], [0.1207156714809226, 1.0]]","{0: '', 1: 'A', 2: 'B'}",,1,after,"[True, True]","{'max': 21, 'min': 21, 'avg': 21.0, 'root': 12}","[-10, -10]","[131, 146]",sequential,chance,chance,"[1.0, 1.0]","[0.5, 1.0]","[0.5, 1.0]","[0.5, 1.0]","[0.625, 0.0]","[0.375, 0.0]",[[0]],[[1]],[[2]],"(0, 12)","(12, 21)","(12, 21)",{},{},{},"['A', 'B']",[],[],0,0,4,5,4,3,A,,,,,,,A,,,,,"{'rtype': 'select-node', 'rtimedn': 34.774, 'rtimeup': 34.774}",,,,,,,"{'rtype': 'select-node', 'rtimedn': 34.45, 'rtimeup': 34.45}",,,,
,,24,1,10,1733250081,BDG-532-5223,TREE-1.2-0.0-0.0,"['465cf7c4-e12a-4092-8dbe-d9da0578db63', '831b4607-e88d-4b93-9fbf-81dde8a6737d']","['participant', 'participant']","['jagged-sun', 'teardrop']","['hsla(194, 64%, 63%, 1.0)', 'hsla(177, 98%, 43%, 1.0)']","[[1.0, 0.20155205863332612], [0.20155205863332612, 1.0]]","{0: '', 1: 'A', 2: 'B'}",,1,after,"[True, True]","{'max': 21, 'min': 21, 'avg': 21.0, 'root': 12}","[-10, -10]","[142, 130]",sequential,chance,chance,"[1.0, 1.0]","[0.5, 1.0]","[0.5, 1.0]","[0.5, 1.0]","[0.375, 0.0]","[0.625, 0.0]",[[0]],[[1]],[[2]],"(0, 12)","(12, 21)","(12, 21)",{},{},{},"['A', 'B']",[],[],0,0,5,2,2,3,A,,,,,,,B,,,,,"{'rtype': 'select-node', 'rtimedn': 34.492, 'rtimeup': 34.492}",,,,,,,"{'rtype': 'select-node', 'rtimedn': 34.395, 'rtimeup': 34.395}",,,,
,,24,2,10,1733250081,BDG-464-4435,TREE-1.2-0.0-0.0,"['9c620637-9e65-4bc5-9b31-6c412bf03294', 'ab497966-2b5f-49be-b99b-c5665902d78d']","['participant', 'participant']","['dodecagon', 'flower']","['hsla(95, 77%, 54%, 1.0)', 'hsla(17, 90%, 46%, 1.0)']","[[1.0, 0.19616296615649922], [0.19616296615649922, 1.0]]","{0: '', 1: 'A', 2: 'B'}",,2,after,"[True, True]","{'max': 21, 'min': 21, 'avg': 21.0, 'root': 12}","[-10, -10]","[121, 153]",sequential,chance,chance,"[1.0, 1.0]","[0.5, 1.0]","[0.5, 1.0]","[0.5, 1.0]","[0.625, 0.0]","[0.375, 0.0]",[[0]],[[1]],[[2]],"(0, 12)","(12, 21)","(12, 21)",{},{},{},"['A', 'B']",[],[],0,0,4,4,3,5,B,,,,,,,A,,,,,"{'rtype': 'select-node', 'rtimedn': 34.337, 'rtimeup': 34.337}",,,,,,,"{'rtype': 'select-node', 'rtimedn': 34.525, 'rtimeup': 34.525}",,,,
,,24,3,10,1733250084,BDG-303-3314,TREE-1.2-0.0-0.0,"['65a66864-4e73-4e0b-81f3-d96191245fdb', '59de595f-b530-4657-8c64-5f4a011bedca']","['participant', 'participant']","['flower', 'hour-glass']","['hsla(225, 90%, 44%, 1.0)', 'hsla(1, 69%, 63%, 1.0)']","[[1.0, 0.20155205863332612], [0.20155205863332612, 1.0]]","{0: '', 1: 'A', 2: 'B'}",,1,after,"[True, True]","{'max': 21, 'min': 21, 'avg': 21.0, 'root': 12}","[-10, -10]","[141, 108]",sequential,chance,chance,"[1.0, 1.0]","[0.5, 1.0]","[0.5, 1.0]","[0.5, 1.0]","[0.625, 0.0]","[0.375, 0.0]",[[0]],[[1]],[[2]],"(0, 12)","(12, 21)","(12, 21)",{},{},{},"['A', 'B']",[],[],0,0,3,3,1,4,A,,,,,,,B,,,,,"{'rtype': 'select-node', 'rtimedn': 34.789, 'rtimeup': 34.789}",,,,,,,"{'rtype': 'select-node', 'rtimedn': 34.48, 'rtimeup': 34.48}",,,,
,,25,0,10,1733250094,BDG-266-3142,TREE-1.2-0.0-0.0,"['465cf7c4-e12a-4092-8dbe-d9da0578db63', '59de595f-b530-4657-8c64-5f4a011bedca']","['participant', 'participant']","['jagged-sun', 'hour-glass']","['hsla(194, 64%, 63%, 1.0)', 'hsla(1, 69%, 63%, 1.0)']","[[1.0, 0.03901702953222677], [0.03901702953222677, 1.0]]","{0: '', 1: 'A', 2: 'B'}",,2,after,"[True, True]","{'max': 21, 'min': 21, 'avg': 21.0, 'root': 12}","[-10, -10]","[142, 108]",sequential,chance,chance,"[1.0, 1.0]","[0.5, 1.0]","[0.5, 1.0]","[0.5, 1.0]","[0.625, 0.0]","[0.375, 0.0]",[[0]],[[1]],[[2]],"(0, 12)","(12, 21)","(12, 21)",{},{},{},"['A', 'B']",[],[],0,0,3,1,4,2,B,,,,,,,A,,,,,"{'rtype': 'select-node', 'rtimedn': 35.849, 'rtimeup': 35.849}",,,,,,,"{'rtype': 'select-node', 'rtimedn': 35.771, 'rtimeup': 35.771}",,,,
,,25,1,10,1733250096,BDG-063-1334,TREE-1.2-0.0-0.0,"['ab497966-2b5f-49be-b99b-c5665902d78d', 'ae8ba20e-3a55-4f87-8cb0-316556432bd6']","['participant', 'participant']","['flower', 'arrow-head']","['hsla(17, 90%, 46%, 1.0)', 'hsla(178, 94%, 45%, 1.0)']","[[1.0, 0.20155205863332612], [0.20155205863332612, 1.0]]","{0: '', 1: 'A', 2: 'B'}",,2,after,"[True, True]","{'max': 21, 'min': 21, 'avg': 21.0, 'root': 12}","[-10, -10]","[153, 131]",sequential,chance,chance,"[1.0, 1.0]","[0.5, 1.0]","[0.5, 1.0]","[0.5, 1.0]","[0.625, 0.0]","[0.375, 0.0]",[[0]],[[1]],[[2]],"(0, 12)","(12, 21)","(12, 21)",{},{},{},"['A', 'B']",[],[],0,0,1,3,3,4,B,,,,,,,B,,,,,"{'rtype': 'select-node', 'rtimedn': 36.03, 'rtimeup': 36.03}",,,,,,,"{'rtype': 'select-node', 'rtimedn': 35.714, 'rtimeup': 35.714}",,,,
,,25,2,10,1733250095,BDG-092-1443,TREE-1.2-0.0-0.0,"['ad7f710d-dc9b-456e-8980-ec62de2a1005', '9c620637-9e65-4bc5-9b31-6c412bf03294']","['participant', 'participant']","['dent-square', 'dodecagon']","['hsla(140, 73%, 56%, 1.0)', 'hsla(95, 77%, 54%, 1.0)']","[[1.0, 0.20155205863332612], [0.20155205863332612, 1.0]]","{0: '', 1: 'A', 2: 'B'}",,2,after,"[True, True]","{'max': 21, 'min': 21, 'avg': 21.0, 'root': 12}","[-10, -10]","[146, 121]",sequential,chance,chance,"[1.0, 1.0]","[0.5, 1.0]","[0.5, 1.0]","[0.5, 1.0]","[0.625, 0.0]","[0.375, 0.0]",[[0]],[[1]],[[2]],"(0, 12)","(12, 21)","(12, 21)",{},{},{},"['A', 'B']",[],[],0,0,1,4,4,3,B,,,,,,,A,,,,,"{'rtype': 'select-node', 'rtimedn': 35.948, 'rtimeup': 35.948}",,,,,,,"{'rtype': 'select-node', 'rtimedn': 35.646, 'rtimeup': 35.646}",,,,
,,25,3,10,1733250095,BDG-239-2535,TREE-1.2-0.0-0.0,"['831b4607-e88d-4b93-9fbf-81dde8a6737d', '65a66864-4e73-4e0b-81f3-d96191245fdb']","['participant', 'participant']","['teardrop', 'flower']","['hsla(177, 98%, 43%, 1.0)', 'hsla(225, 90%, 44%, 1.0)']","[[1.0, 0.1207156714809226], [0.1207156714809226, 1.0]]","{0: '', 1: 'A', 2: 'B'}",,2,after,"[True, True]","{'max': 21, 'min': 21, 'avg': 21.0, 'root': 12}","[-10, -10]","[130, 141]",sequential,chance,chance,"[1.0, 1.0]","[0.5, 1.0]","[0.5, 1.0]","[0.5, 1.0]","[0.625, 0.0]","[0.375, 0.0]",[[0]],[[1]],[[2]],"(0, 12)","(12, 21)","(12, 21)",{},{},{},"['A', 'B']",[],[],0,0,2,5,3,5,B,,,,,,,B,,,,,"{'rtype': 'select-node', 'rtimedn': 35.676, 'rtimeup': 35.676}",,,,,,,"{'rtype': 'select-node', 'rtimedn': 35.88, 'rtimeup': 35.88}",,,,
,,26,0,10,1733250108,BDG-439-4335,TREE-1.2-0.0-0.0,"['ab497966-2b5f-49be-b99b-c5665902d78d', '465cf7c4-e12a-4092-8dbe-d9da0578db63']","['participant', 'participant']","['flower', 'jagged-sun']","['hsla(17, 90%, 46%, 1.0)', 'hsla(194, 64%, 63%, 1.0)']","[[1.0, 0.1207156714809226], [0.1207156714809226, 1.0]]","{0: '', 1: 'A', 2: 'B'}",,1,after,"[True, True]","{'max': 21, 'min': 21, 'avg': 21.0, 'root': 12}","[-10, -10]","[153, 142]",sequential,chance,chance,"[1.0, 1.0]","[0.5, 1.0]","[0.5, 1.0]","[0.5, 1.0]","[0.375, 0.0]","[0.625, 0.0]",[[0]],[[1]],[[2]],"(0, 12)","(12, 21)","(12, 21)",{},{},{},"['A', 'B']",[],[],0,0,4,3,3,5,A,,,,,,,B,,,,,"{'rtype': 'select-node', 'rtimedn': 36.954, 'rtimeup': 36.954}",,,,,,,"{'rtype': 'select-node', 'rtimedn': 37.22, 'rtimeup': 37.22}",,,,
,,26,1,10,1733250105,BDG-014-1135,TREE-1.2-0.0-0.0,"['65a66864-4e73-4e0b-81f3-d96191245fdb', 'ad7f710d-dc9b-456e-8980-ec62de2a1005']","['participant', 'participant']","['flower', 'dent-square']","['hsla(225, 90%, 44%, 1.0)', 'hsla(140, 73%, 56%, 1.0)']","[[1.0, 0.03901702953222677], [0.03901702953222677, 1.0]]","{0: '', 1: 'A', 2: 'B'}",,1,after,"[True, True]","{'max': 21, 'min': 21, 'avg': 21.0, 'root': 12}","[-10, -10]","[141, 146]",sequential,chance,chance,"[1.0, 1.0]","[0.5, 1.0]","[0.5, 1.0]","[0.5, 1.0]","[0.625, 0.0]","[0.375, 0.0]",[[0]],[[1]],[[2]],"(0, 12)","(12, 21)","(12, 21)",{},{},{},"['A', 'B']",[],[],0,0,1,1,3,5,A,,,,,,,B,,,,,"{'rtype': 'select-node', 'rtimedn': 36.897, 'rtimeup': 36.897}",,,,,,,"{'rtype': 'select-node', 'rtimedn': 36.825, 'rtimeup': 36.825}",,,,
,,26,2,10,1733250106,BDG-244-2545,TREE-1.2-0.0-0.0,"['831b4607-e88d-4b93-9fbf-81dde8a6737d', 'ae8ba20e-3a55-4f87-8cb0-316556432bd6']","['participant', 'participant']","['teardrop', 'arrow-head']","['hsla(177, 98%, 43%, 1.0)', 'hsla(178, 94%, 45%, 1.0)']","[[1.0, 0.2017676223323992], [0.2017676223323992, 1.0]]","{0: '', 1: 'A', 2: 'B'}",,2,after,"[True, True]","{'max': 21, 'min': 21, 'avg': 21.0, 'root': 12}","[-10, -10]","[130, 131]",sequential,chance,chance,"[1.0, 1.0]","[0.5, 1.0]","[0.5, 1.0]","[0.5, 1.0]","[0.625, 0.0]","[0.375, 0.0]",[[0]],[[1]],[[2]],"(0, 12)","(12, 21)","(12, 21)",{},{},{},"['A', 'B']",[],[],0,0,2,5,4,5,B,,,,,,,B,,,,,"{'rtype': 'select-node', 'rtimedn': 36.722, 'rtimeup': 36.722}",,,,,,,"{'rtype': 'select-node', 'rtimedn': 36.761, 'rtimeup': 36.761}",,,,
,,26,3,10,1733250111,BDG-493-4544,TREE-1.2-0.0-0.0,"['9c620637-9e65-4bc5-9b31-6c412bf03294', '59de595f-b530-4657-8c64-5f4a011bedca']","['participant', 'participant']","['dodecagon', 'hour-glass']","['hsla(95, 77%, 54%, 1.0)', 'hsla(1, 69%, 63%, 1.0)']","[[1.0, 0.1207156714809226], [0.1207156714809226, 1.0]]","{0: '', 1: 'A', 2: 'B'}",,1,after,"[True, True]","{'max': 21, 'min': 21, 'avg': 21.0, 'root': 12}","[-10, -10]","[121, 108]",sequential,chance,chance,"[1.0, 1.0]","[0.5, 1.0]","[0.5, 1.0]","[0.5, 1.0]","[0.375, 0.0]","[0.625, 0.0]",[[0]],[[1]],[[2]],"(0, 12)","(12, 21)","(12, 21)",{},{},{},"['A', 'B']",[],[],0,0,4,5,4,4,A,,,,,,,A,,,,,"{'rtype': 'select-node', 'rtimedn': 36.818, 'rtimeup': 36.818}",,,,,,,"{'rtype': None, 'rtimedn': 13, 'rtimeup': 13}",,,,
,,27,0,10,1733250122,BDG-371-3552,TREE-1.2-0.0-0.0,"['ae8ba20e-3a55-4f87-8cb0-316556432bd6', '65a66864-4e73-4e0b-81f3-d96191245fdb']","['participant', 'participant']","['arrow-head', 'flower']","['hsla(178, 94%, 45%, 1.0)', 'hsla(225, 90%, 44%, 1.0)']","[[1.0, 0.19228281957318386], [0.19228281957318386, 1.0]]","{0: '', 1: 'A', 2: 'B'}",,2,after,"[True, True]","{'max': 21, 'min': 21, 'avg': 21.0, 'root': 12}","[-10, -10]","[131, 141]",sequential,chance,chance,"[1.0, 1.0]","[0.5, 1.0]","[0.5, 1.0]","[0.5, 1.0]","[0.625, 0.0]","[0.375, 0.0]",[[0]],[[1]],[[2]],"(0, 12)","(12, 21)","(12, 21)",{},{},{},"['A', 'B']",[],[],0,0,3,5,5,2,B,,,,,,,A,,,,,"{'rtype': 'select-node', 'rtimedn': 38.422, 'rtimeup': 38.422}",,,,,,,"{'rtype': 'select-node', 'rtimedn': 38.509, 'rtimeup': 38.509}",,,,
,,27,1,10,1733250122,BDG-445-4351,TREE-1.2-0.0-0.0,"['ab497966-2b5f-49be-b99b-c5665902d78d', '9c620637-9e65-4bc5-9b31-6c412bf03294']","['participant', 'participant']","['flower', 'dodecagon']","['hsla(17, 90%, 46%, 1.0)', 'hsla(95, 77%, 54%, 1.0)']","[[1.0, 0.19616296615649922], [0.19616296615649922, 1.0]]","{0: '', 1: 'A', 2: 'B'}",,2,after,"[True, True]","{'max': 21, 'min': 21, 'avg': 21.0, 'root': 12}","[-10, -10]","[153, 121]",sequential,chance,chance,"[1.0, 1.0]","[0.5, 1.0]","[0.5, 1.0]","[0.5, 1.0]","[0.625, 0.0]","[0.375, 0.0]",[[0]],[[1]],[[2]],"(0, 12)","(12, 21)","(12, 21)",{},{},{},"['A', 'B']",[],[],0,0,4,3,5,1,B,,,,,,,A,,,,,"{'rtype': 'select-node', 'rtimedn': 38.611, 'rtimeup': 38.611}",,,,,,,"{'rtype': 'select-node', 'rtimedn': 38.197, 'rtimeup': 38.197}",,,,
,,27,2,10,1733250120,BDG-218-2444,TREE-1.2-0.0-0.0,"['59de595f-b530-4657-8c64-5f4a011bedca', '831b4607-e88d-4b93-9fbf-81dde8a6737d']","['participant', 'participant']","['hour-glass', 'teardrop']","['hsla(1, 69%, 63%, 1.0)', 'hsla(177, 98%, 43%, 1.0)']","[[1.0, 0.19228281957318386], [0.19228281957318386, 1.0]]","{0: '', 1: 'A', 2: 'B'}",,2,after,"[True, True]","{'max': 21, 'min': 21, 'avg': 21.0, 'root': 12}","[-10, -10]","[108, 130]",sequential,chance,chance,"[1.0, 1.0]","[0.5, 1.0]","[0.5, 1.0]","[0.5, 1.0]","[0.625, 0.0]","[0.375, 0.0]",[[0]],[[1]],[[2]],"(0, 12)","(12, 21)","(12, 21)",{},{},{},"['A', 'B']",[],[],0,0,2,4,4,4,B,,,,,,,B,,,,,"{'rtype': 'select-node', 'rtimedn': 38.361, 'rtimeup': 38.361}",,,,,,,"{'rtype': 'select-node', 'rtimedn': 38.217, 'rtimeup': 38.217}",,,,
,,27,3,10,1733250120,BDG-458-4424,TREE-1.2-0.0-0.0,"['ad7f710d-dc9b-456e-8980-ec62de2a1005', '465cf7c4-e12a-4092-8dbe-d9da0578db63']","['participant', 'participant']","['dent-square', 'jagged-sun']","['hsla(140, 73%, 56%, 1.0)', 'hsla(194, 64%, 63%, 1.0)']","[[1.0, 0.2017676223323992], [0.2017676223323992, 1.0]]","{0: '', 1: 'A', 2: 'B'}",,1,after,"[True, True]","{'max': 21, 'min': 21, 'avg': 21.0, 'root': 12}","[-10, -10]","[146, 142]",sequential,chance,chance,"[1.0, 1.0]","[0.5, 1.0]","[0.5, 1.0]","[0.5, 1.0]","[0.375, 0.0]","[0.625, 0.0]",[[0]],[[1]],[[2]],"(0, 12)","(12, 21)","(12, 21)",{},{},{},"['A', 'B']",[],[],0,0,4,4,2,4,A,,,,,,,A,,,,,"{'rtype': 'select-node', 'rtimedn': 38.399, 'rtimeup': 38.399}",,,,,,,"{'rtype': 'select-node', 'rtimedn': 38.328, 'rtimeup': 38.328}",,,,
,,28,0,10,1733250133,BDG-175-2311,TREE-1.2-0.0-0.0,"['59de595f-b530-4657-8c64-5f4a011bedca', 'ab497966-2b5f-49be-b99b-c5665902d78d']","['participant', 'participant']","['hour-glass', 'flower']","['hsla(1, 69%, 63%, 1.0)', 'hsla(17, 90%, 46%, 1.0)']","[[1.0, 0.2017676223323992], [0.2017676223323992, 1.0]]","{0: '', 1: 'A', 2: 'B'}",,1,after,"[True, True]","{'max': 21, 'min': 21, 'avg': 21.0, 'root': 12}","[-10, -10]","[108, 153]",sequential,chance,chance,"[1.0, 1.0]","[0.5, 1.0]","[0.5, 1.0]","[0.5, 1.0]","[0.375, 0.0]","[0.625, 0.0]",[[0]],[[1]],[[2]],"(0, 12)","(12, 21)","(12, 21)",{},{},{},"['A', 'B']",[],[],0,0,2,3,1,1,A,,,,,,,A,,,,,"{'rtype': 'select-node', 'rtimedn': 39.637, 'rtimeup': 39.637}",,,,,,,"{'rtype': 'select-node', 'rtimedn': 39.581, 'rtimeup': 39.581}",,,,
,,28,1,10,1733250133,BDG-436-4332,TREE-1.2-0.0-0.0,"['ae8ba20e-3a55-4f87-8cb0-316556432bd6', '831b4607-e88d-4b93-9fbf-81dde8a6737d']","['participant', 'participant']","['arrow-head', 'teardrop']","['hsla(178, 94%, 45%, 1.0)', 'hsla(177, 98%, 43%, 1.0)']","[[1.0, 0.2017676223323992], [0.2017676223323992, 1.0]]","{0: '', 1: 'A', 2: 'B'}",,1,after,"[True, True]","{'max': 21, 'min': 21, 'avg': 21.0, 'root': 12}","[-10, -10]","[131, 130]",sequential,chance,chance,"[1.0, 1.0]","[0.5, 1.0]","[0.5, 1.0]","[0.5, 1.0]","[0.375, 0.0]","[0.625, 0.0]",[[0]],[[1]],[[2]],"(0, 12)","(12, 21)","(12, 21)",{},{},{},"['A', 'B']",[],[],0,0,4,3,3,2,A,,,,,,,A,,,,,"{'rtype': 'select-node', 'rtimedn': 39.524, 'rtimeup': 39.524}",,,,,,,"{'rtype': 'select-node', 'rtimedn': 39.547, 'rtimeup': 39.547}",,,,
,,28,2,10,1733250131,BDG-359-3525,TREE-1.2-0.0-0.0,"['65a66864-4e73-4e0b-81f3-d96191245fdb', '465cf7c4-e12a-4092-8dbe-d9da0578db63']","['participant', 'participant']","['flower', 'jagged-sun']","['hsla(225, 90%, 44%, 1.0)', 'hsla(194, 64%, 63%, 1.0)']","[[1.0, 0.19616296615649922], [0.19616296615649922, 1.0]]","{0: '', 1: 'A', 2: 'B'}",,1,after,"[True, True]","{'max': 21, 'min': 21, 'avg': 21.0, 'root': 12}","[-10, -10]","[141, 142]",sequential,chance,chance,"[1.0, 1.0]","[0.5, 1.0]","[0.5, 1.0]","[0.5, 1.0]","[0.375, 0.0]","[0.625, 0.0]",[[0]],[[1]],[[2]],"(0, 12)","(12, 21)","(12, 21)",{},{},{},"['A', 'B']",[],[],0,0,3,5,2,5,A,,,,,,,A,,,,,"{'rtype': 'select-node', 'rtimedn': 39.421, 'rtimeup': 39.421}",,,,,,,"{'rtype': 'select-node', 'rtimedn': 39.592, 'rtimeup': 39.592}",,,,
,,28,3,10,1733250134,BDG-613-5534,TREE-1.2-0.0-0.0,"['9c620637-9e65-4bc5-9b31-6c412bf03294', 'ad7f710d-dc9b-456e-8980-ec62de2a1005']","['participant', 'participant']","['dodecagon', 'dent-square']","['hsla(95, 77%, 54%, 1.0)', 'hsla(140, 73%, 56%, 1.0)']","[[1.0, 0.20155205863332612], [0.20155205863332612, 1.0]]","{0: '', 1: 'A', 2: 'B'}",,1,after,"[True, True]","{'max': 21, 'min': 21, 'avg': 21.0, 'root': 12}","[-10, -10]","[121, 146]",sequential,chance,chance,"[1.0, 1.0]","[0.5, 1.0]","[0.5, 1.0]","[0.5, 1.0]","[0.625, 0.0]","[0.375, 0.0]",[[0]],[[1]],[[2]],"(0, 12)","(12, 21)","(12, 21)",{},{},{},"['A', 'B']",[],[],0,0,5,5,3,4,A,,,,,,,A,,,,,"{'rtype': 'select-node', 'rtimedn': 39.657, 'rtimeup': 39.657}",,,,,,,"{'rtype': 'select-node', 'rtimedn': 39.38, 'rtimeup': 39.38}",,,,
,,29,0,10,1733250143,BDG-451-4412,TREE-1.2-0.0-0.0,"['465cf7c4-e12a-4092-8dbe-d9da0578db63', '831b4607-e88d-4b93-9fbf-81dde8a6737d']","['participant', 'participant']","['jagged-sun', 'teardrop']","['hsla(194, 64%, 63%, 1.0)', 'hsla(177, 98%, 43%, 1.0)']","[[1.0, 0.20155205863332612], [0.20155205863332612, 1.0]]","{0: '', 1: 'A', 2: 'B'}",,1,after,"[True, True]","{'max': 21, 'min': 21, 'avg': 21.0, 'root': 12}","[-10, -10]","[142, 130]",sequential,chance,chance,"[1.0, 1.0]","[0.5, 1.0]","[0.5, 1.0]","[0.5, 1.0]","[0.625, 0.0]","[0.375, 0.0]",[[0]],[[1]],[[2]],"(0, 12)","(12, 21)","(12, 21)",{},{},{},"['A', 'B']",[],[],0,0,4,4,1,2,A,,,,,,,A,,,,,"{'rtype': 'select-node', 'rtimedn': 40.577, 'rtimeup': 40.577}",,,,,,,"{'rtype': 'select-node', 'rtimedn': 40.638, 'rtimeup': 40.638}",,,,
,,29,1,10,1733250143,BDG-183-2324,TREE-1.2-0.0-0.0,"['ae8ba20e-3a55-4f87-8cb0-316556432bd6', 'ab497966-2b5f-49be-b99b-c5665902d78d']","['participant', 'participant']","['arrow-head', 'flower']","['hsla(178, 94%, 45%, 1.0)', 'hsla(17, 90%, 46%, 1.0)']","[[1.0, 0.20155205863332612], [0.20155205863332612, 1.0]]","{0: '', 1: 'A', 2: 'B'}",,2,after,"[True, True]","{'max': 21, 'min': 21, 'avg': 21.0, 'root': 12}","[-10, -10]","[131, 153]",sequential,chance,chance,"[1.0, 1.0]","[0.5, 1.0]","[0.5, 1.0]","[0.5, 1.0]","[0.375, 0.0]","[0.625, 0.0]",[[0]],[[1]],[[2]],"(0, 12)","(12, 21)","(12, 21)",{},{},{},"['A', 'B']",[],[],0,0,2,3,2,4,B,,,,,,,B,,,,,"{'rtype': 'select-node', 'rtimedn': 40.493, 'rtimeup': 40.493}",,,,,,,"{'rtype': 'select-node', 'rtimedn': 40.697, 'rtimeup': 40.697}",,,,
,,29,2,10,1733250145,BDG-079-1415,TREE-1.2-0.0-0.0,"['9c620637-9e65-4bc5-9b31-6c412bf03294', '59de595f-b530-4657-8c64-5f4a011bedca']","['participant', 'participant']","['dodecagon', 'hour-glass']","['hsla(95, 77%, 54%, 1.0)', 'hsla(1, 69%, 63%, 1.0)']","[[1.0, 0.1207156714809226], [0.1207156714809226, 1.0]]","{0: '', 1: 'A', 2: 'B'}",,1,after,"[True, True]","{'max': 21, 'min': 21, 'avg': 21.0, 'root': 12}","[-10, -10]","[121, 108]",sequential,chance,chance,"[1.0, 1.0]","[0.5, 1.0]","[0.5, 1.0]","[0.5, 1.0]","[0.375, 0.0]","[0.625, 0.0]",[[0]],[[1]],[[2]],"(0, 12)","(12, 21)","(12, 21)",{},{},{},"['A', 'B']",[],[],0,0,1,4,1,5,A,,,,,,,B,,,,,"{'rtype': 'select-node', 'rtimedn': 40.736, 'rtimeup': 40.736}",,,,,,,"{'rtype': 'select-node', 'rtimedn': 40.843, 'rtimeup': 40.843}",,,,
,,29,3,10,1733250142,BDG-399-4155,TREE-1.2-0.0-0.0,"['65a66864-4e73-4e0b-81f3-d96191245fdb', 'ad7f710d-dc9b-456e-8980-ec62de2a1005']","['participant', 'participant']","['flower', 'dent-square']","['hsla(225, 90%, 44%, 1.0)', 'hsla(140, 73%, 56%, 1.0)']","[[1.0, 0.03901702953222677], [0.03901702953222677, 1.0]]","{0: '', 1: 'A', 2: 'B'}",,2,after,"[True, True]","{'max': 21, 'min': 21, 'avg': 21.0, 'root': 12}","[-10, -10]","[141, 146]",sequential,chance,chance,"[1.0, 1.0]","[0.5, 1.0]","[0.5, 1.0]","[0.5, 1.0]","[0.625, 0.0]","[0.375, 0.0]",[[0]],[[1]],[[2]],"(0, 12)","(12, 21)","(12, 21)",{},{},{},"['A', 'B']",[],[],0,0,4,1,5,5,B,,,,,,,B,,,,,"{'rtype': 'select-node', 'rtimedn': 40.555, 'rtimeup': 40.555}",,,,,,,"{'rtype': 'select-node', 'rtimedn': 40.625, 'rtimeup': 40.625}",,,,
,,30,0,10,1733250155,BDG-253-3114,TREE-1.2-0.0-0.0,"['ad7f710d-dc9b-456e-8980-ec62de2a1005', '465cf7c4-e12a-4092-8dbe-d9da0578db63']","['participant', 'participant']","['dent-square', 'jagged-sun']","['hsla(140, 73%, 56%, 1.0)', 'hsla(194, 64%, 63%, 1.0)']","[[1.0, 0.2017676223323992], [0.2017676223323992, 1.0]]","{0: '', 1: 'A', 2: 'B'}",,2,after,"[True, True]","{'max': 21, 'min': 21, 'avg': 21.0, 'root': 12}","[-10, -10]","[146, 142]",sequential,chance,chance,"[1.0, 1.0]","[0.5, 1.0]","[0.5, 1.0]","[0.5, 1.0]","[0.625, 0.0]","[0.375, 0.0]",[[0]],[[1]],[[2]],"(0, 12)","(12, 21)","(12, 21)",{},{},{},"['A', 'B']",[],[],0,0,3,1,1,4,B,,,,,,,B,,,,,"{'rtype': 'select-node', 'rtimedn': 41.878, 'rtimeup': 41.878}",,,,,,,"{'rtype': 'select-node', 'rtimedn': 41.805, 'rtimeup': 41.805}",,,,
,,30,1,10,1733250154,BDG-127-2113,TREE-1.2-0.0-0.0,"['65a66864-4e73-4e0b-81f3-d96191245fdb', '59de595f-b530-4657-8c64-5f4a011bedca']","['participant', 'participant']","['flower', 'hour-glass']","['hsla(225, 90%, 44%, 1.0)', 'hsla(1, 69%, 63%, 1.0)']","[[1.0, 0.20155205863332612], [0.20155205863332612, 1.0]]","{0: '', 1: 'A', 2: 'B'}",,2,after,"[True, True]","{'max': 21, 'min': 21, 'avg': 21.0, 'root': 12}","[-10, -10]","[141, 108]",sequential,chance,chance,"[1.0, 1.0]","[0.5, 1.0]","[0.5, 1.0]","[0.5, 1.0]","[0.375, 0.0]","[0.625, 0.0]",[[0]],[[1]],[[2]],"(0, 12)","(12, 21)","(12, 21)",{},{},{},"['A', 'B']",[],[],0,0,2,1,1,3,B,,,,,,,B,,,,,"{'rtype': 'select-node', 'rtimedn': 41.758, 'rtimeup': 41.758}",,,,,,,"{'rtype': 'select-node', 'rtimedn': 41.73, 'rtimeup': 41.73}",,,,
,,30,2,10,1733250156,BDG-085-1431,TREE-1.2-0.0-0.0,"['831b4607-e88d-4b93-9fbf-81dde8a6737d', 'ae8ba20e-3a55-4f87-8cb0-316556432bd6']","['participant', 'participant']","['teardrop', 'arrow-head']","['hsla(177, 98%, 43%, 1.0)', 'hsla(178, 94%, 45%, 1.0)']","[[1.0, 0.2017676223323992], [0.2017676223323992, 1.0]]","{0: '', 1: 'A', 2: 'B'}",,2,after,"[True, True]","{'max': 21, 'min': 21, 'avg': 21.0, 'root': 12}","[-10, -10]","[130, 131]",sequential,chance,chance,"[1.0, 1.0]","[0.5, 1.0]","[0.5, 1.0]","[0.5, 1.0]","[0.625, 0.0]","[0.375, 0.0]",[[0]],[[1]],[[2]],"(0, 12)","(12, 21)","(12, 21)",{},{},{},"['A', 'B']",[],[],0,0,1,4,3,1,B,,,,,,,B,,,,,"{'rtype': 'select-node', 'rtimedn': 41.634, 'rtimeup': 41.634}",,,,,,,"{'rtype': 'select-node', 'rtimedn': 41.849, 'rtimeup': 41.849}",,,,
,,30,3,10,1733250154,BDG-118-1544,TREE-1.2-0.0-0.0,"['9c620637-9e65-4bc5-9b31-6c412bf03294', 'ab497966-2b5f-49be-b99b-c5665902d78d']","['participant', 'participant']","['dodecagon', 'flower']","['hsla(95, 77%, 54%, 1.0)', 'hsla(17, 90%, 46%, 1.0)']","[[1.0, 0.19616296615649922], [0.19616296615649922, 1.0]]","{0: '', 1: 'A', 2: 'B'}",,2,after,"[True, True]","{'max': 21, 'min': 21, 'avg': 21.0, 'root': 12}","[-10, -10]","[121, 153]",sequential,chance,chance,"[1.0, 1.0]","[0.5, 1.0]","[0.5, 1.0]","[0.5, 1.0]","[0.375, 0.0]","[0.625, 0.0]",[[0]],[[1]],[[2]],"(0, 12)","(12, 21)","(12, 21)",{},{},{},"['A', 'B']",[],[],0,0,1,5,4,4,B,,,,,,,A,,,,,"{'rtype': 'select-node', 'rtimedn': 41.653, 'rtimeup': 41.653}",,,,,,,"{'rtype': 'select-node', 'rtimedn': 41.84, 'rtimeup': 41.84}",,,,
,,31,0,10,1733250171,BDG-055-1321,TREE-1.2-0.0-0.0,"['ae8ba20e-3a55-4f87-8cb0-316556432bd6', '59de595f-b530-4657-8c64-5f4a011bedca']","['participant', 'participant']","['arrow-head', 'hour-glass']","['hsla(178, 94%, 45%, 1.0)', 'hsla(1, 69%, 63%, 1.0)']","[[1.0, 0.19616296615649922], [0.19616296615649922, 1.0]]","{0: '', 1: 'A', 2: 'B'}",,2,after,"[True, True]","{'max': 21, 'min': 21, 'avg': 21.0, 'root': 12}","[-10, -10]","[131, 108]",sequential,chance,chance,"[1.0, 1.0]","[0.5, 1.0]","[0.5, 1.0]","[0.5, 1.0]","[0.375, 0.0]","[0.625, 0.0]",[[0]],[[1]],[[2]],"(0, 12)","(12, 21)","(12, 21)",{},{},{},"['A', 'B']",[],[],0,0,1,3,2,1,B,,,,,,,A,,,,,"{'rtype': 'select-node', 'rtimedn': 43.294, 'rtimeup': 43.294}",,,,,,,"{'rtype': 'select-node', 'rtimedn': 42.992, 'rtimeup': 42.992}",,,,
,,31,1,10,1733250166,BDG-160-2231,TREE-1.2-0.0-0.0,"['465cf7c4-e12a-4092-8dbe-d9da0578db63', '831b4607-e88d-4b93-9fbf-81dde8a6737d']","['participant', 'participant']","['jagged-sun', 'teardrop']","['hsla(194, 64%, 63%, 1.0)', 'hsla(177, 98%, 43%, 1.0)']","[[1.0, 0.20155205863332612], [0.20155205863332612, 1.0]]","{0: '', 1: 'A', 2: 'B'}",,1,after,"[True, True]","{'max': 21, 'min': 21, 'avg': 21.0, 'root': 12}","[-10, -10]","[142, 130]",sequential,chance,chance,"[1.0, 1.0]","[0.5, 1.0]","[0.5, 1.0]","[0.5, 1.0]","[0.375, 0.0]","[0.625, 0.0]",[[0]],[[1]],[[2]],"(0, 12)","(12, 21)","(12, 21)",{},{},{},"['A', 'B']",[],[],0,0,2,2,3,1,A,,,,,,,A,,,,,"{'rtype': 'select-node', 'rtimedn': 42.966, 'rtimeup': 42.966}",,,,,,,"{'rtype': 'select-node', 'rtimedn': 42.905, 'rtimeup': 42.905}",,,,
,,31,2,10,1733250165,BDG-531-5222,TREE-1.2-0.0-0.0,"['9c620637-9e65-4bc5-9b31-6c412bf03294', 'ad7f710d-dc9b-456e-8980-ec62de2a1005']","['participant', 'participant']","['dodecagon', 'dent-square']","['hsla(95, 77%, 54%, 1.0)', 'hsla(140, 73%, 56%, 1.0)']","[[1.0, 0.20155205863332612], [0.20155205863332612, 1.0]]","{0: '', 1: 'A', 2: 'B'}",,2,after,"[True, True]","{'max': 21, 'min': 21, 'avg': 21.0, 'root': 12}","[-10, -10]","[121, 146]",sequential,chance,chance,"[1.0, 1.0]","[0.5, 1.0]","[0.5, 1.0]","[0.5, 1.0]","[0.375, 0.0]","[0.625, 0.0]",[[0]],[[1]],[[2]],"(0, 12)","(12, 21)","(12, 21)",{},{},{},"['A', 'B']",[],[],0,0,5,2,2,2,B,,,,,,,B,,,,,"{'rtype': 'select-node', 'rtimedn': 42.719, 'rtimeup': 42.719}",,,,,,,"{'rtype': 'select-node', 'rtimedn': 42.88, 'rtimeup': 42.88}",,,,
,,31,3,10,1733250166,BDG-351-3512,TREE-1.2-0.0-0.0,"['ab497966-2b5f-49be-b99b-c5665902d78d', '65a66864-4e73-4e0b-81f3-d96191245fdb']","['participant', 'participant']","['flower', 'flower']","['hsla(17, 90%, 46%, 1.0)', 'hsla(225, 90%, 44%, 1.0)']","[[1.0, 0.048501832291442115], [0.048501832291442115, 1.0]]","{0: '', 1: 'A', 2: 'B'}",,1,after,"[True, True]","{'max': 21, 'min': 21, 'avg': 21.0, 'root': 12}","[-10, -10]","[153, 141]",sequential,chance,chance,"[1.0, 1.0]","[0.5, 1.0]","[0.5, 1.0]","[0.5, 1.0]","[0.375, 0.0]","[0.625, 0.0]",[[0]],[[1]],[[2]],"(0, 12)","(12, 21)","(12, 21)",{},{},{},"['A', 'B']",[],[],0,0,3,5,1,2,A,,,,,,,B,,,,,"{'rtype': 'select-node', 'rtimedn': 43.048, 'rtimeup': 43.048}",,,,,,,"{'rtype': 'select-node', 'rtimedn': 42.919, 'rtimeup': 42.919}",,,,
,,32,0,10,1733250181,BDG-051-1312,TREE-1.2-0.0-0.0,"['ad7f710d-dc9b-456e-8980-ec62de2a1005', '9c620637-9e65-4bc5-9b31-6c412bf03294']","['participant', 'participant']","['dent-square', 'dodecagon']","['hsla(140, 73%, 56%, 1.0)', 'hsla(95, 77%, 54%, 1.0)']","[[1.0, 0.20155205863332612], [0.20155205863332612, 1.0]]","{0: '', 1: 'A', 2: 'B'}",,1,after,"[True, True]","{'max': 21, 'min': 21, 'avg': 21.0, 'root': 12}","[-10, -10]","[146, 121]",sequential,chance,chance,"[1.0, 1.0]","[0.5, 1.0]","[0.5, 1.0]","[0.5, 1.0]","[0.375, 0.0]","[0.625, 0.0]",[[0]],[[1]],[[2]],"(0, 12)","(12, 21)","(12, 21)",{},{},{},"['A', 'B']",[],[],0,0,1,3,1,2,A,,,,,,,A,,,,,"{'rtype': 'select-node', 'rtimedn': 44.437, 'rtimeup': 44.437}",,,,,,,"{'rtype': 'select-node', 'rtimedn': 44.392, 'rtimeup': 44.392}",,,,
,,32,1,10,1733250181,BDG-104-1515,TREE-1.2-0.0-0.0,"['59de595f-b530-4657-8c64-5f4a011bedca', '65a66864-4e73-4e0b-81f3-d96191245fdb']","['participant', 'participant']","['hour-glass', 'flower']","['hsla(1, 69%, 63%, 1.0)', 'hsla(225, 90%, 44%, 1.0)']","[[1.0, 0.20155205863332612], [0.20155205863332612, 1.0]]","{0: '', 1: 'A', 2: 'B'}",,1,after,"[True, True]","{'max': 21, 'min': 21, 'avg': 21.0, 'root': 12}","[-10, -10]","[108, 141]",sequential,chance,chance,"[1.0, 1.0]","[0.5, 1.0]","[0.5, 1.0]","[0.5, 1.0]","[0.625, 0.0]","[0.375, 0.0]",[[0]],[[1]],[[2]],"(0, 12)","(12, 21)","(12, 21)",{},{},{},"['A', 'B']",[],[],0,0,1,5,1,5,A,,,,,,,A,,,,,"{'rtype': 'select-node', 'rtimedn': 44.451, 'rtimeup': 44.451}",,,,,,,"{'rtype': 'select-node', 'rtimedn': 44.464, 'rtimeup': 44.464}",,,,
,,32,2,10,1733250183,BDG-396-4152,TREE-1.2-0.0-0.0,"['831b4607-e88d-4b93-9fbf-81dde8a6737d', 'ae8ba20e-3a55-4f87-8cb0-316556432bd6']","['participant', 'participant']","['teardrop', 'arrow-head']","['hsla(177, 98%, 43%, 1.0)', 'hsla(178, 94%, 45%, 1.0)']","[[1.0, 0.2017676223323992], [0.2017676223323992, 1.0]]","{0: '', 1: 'A', 2: 'B'}",,2,after,"[True, True]","{'max': 21, 'min': 21, 'avg': 21.0, 'root': 12}","[-10, -10]","[130, 131]",sequential,chance,chance,"[1.0, 1.0]","[0.5, 1.0]","[0.5, 1.0]","[0.5, 1.0]","[0.375, 0.0]","[0.625, 0.0]",[[0]],[[1]],[[2]],"(0, 12)","(12, 21)","(12, 21)",{},{},{},"['A', 'B']",[],[],0,0,4,1,5,2,B,,,,,,,B,,,,,"{'rtype': 'select-node', 'rtimedn': 44.243, 'rtimeup': 44.243}",,,,,,,"{'rtype': 'select-node', 'rtimedn': 44.485, 'rtimeup': 44.485}",,,,
,,32,3,10,1733250180,BDG-494-4545,TREE-1.2-0.0-0.0,"['ab497966-2b5f-49be-b99b-c5665902d78d', '465cf7c4-e12a-4092-8dbe-d9da0578db63']","['participant', 'participant']","['flower', 'jagged-sun']","['hsla(17, 90%, 46%, 1.0)', 'hsla(194, 64%, 63%, 1.0)']","[[1.0, 0.1207156714809226], [0.1207156714809226, 1.0]]","{0: '', 1: 'A', 2: 'B'}",,1,after,"[True, True]","{'max': 21, 'min': 21, 'avg': 21.0, 'root': 12}","[-10, -10]","[153, 142]",sequential,chance,chance,"[1.0, 1.0]","[0.5, 1.0]","[0.5, 1.0]","[0.5, 1.0]","[0.375, 0.0]","[0.625, 0.0]",[[0]],[[1]],[[2]],"(0, 12)","(12, 21)","(12, 21)",{},{},{},"['A', 'B']",[],[],0,0,4,5,4,5,A,,,,,,,B,,,,,"{'rtype': 'select-node', 'rtimedn': 44.436, 'rtimeup': 44.436}",,,,,,,"{'rtype': 'select-node', 'rtimedn': 44.327, 'rtimeup': 44.327}",,,,
,,33,0,10,1733250191,BDG-100-1511,TREE-1.2-0.0-0.0,"['ad7f710d-dc9b-456e-8980-ec62de2a1005', '831b4607-e88d-4b93-9fbf-81dde8a6737d']","['participant', 'participant']","['dent-square', 'teardrop']","['hsla(140, 73%, 56%, 1.0)', 'hsla(177, 98%, 43%, 1.0)']","[[1.0, 0.19616296615649922], [0.19616296615649922, 1.0]]","{0: '', 1: 'A', 2: 'B'}",,1,after,"[True, True]","{'max': 21, 'min': 21, 'avg': 21.0, 'root': 12}","[-10, -10]","[146, 130]",sequential,chance,chance,"[1.0, 1.0]","[0.5, 1.0]","[0.5, 1.0]","[0.5, 1.0]","[0.625, 0.0]","[0.375, 0.0]",[[0]],[[1]],[[2]],"(0, 12)","(12, 21)","(12, 21)",{},{},{},"['A', 'B']",[],[],0,0,1,5,1,1,A,,,,,,,A,,,,,"{'rtype': 'select-node', 'rtimedn': 45.541, 'rtimeup': 45.541}",,,,,,,"{'rtype': 'select-node', 'rtimedn': 45.461, 'rtimeup': 45.461}",,,,
,,33,1,10,1733250192,BDG-347-3453,TREE-1.2-0.0-0.0,"['65a66864-4e73-4e0b-81f3-d96191245fdb', '59de595f-b530-4657-8c64-5f4a011bedca']","['participant', 'participant']","['flower', 'hour-glass']","['hsla(225, 90%, 44%, 1.0)', 'hsla(1, 69%, 63%, 1.0)']","[[1.0, 0.20155205863332612], [0.20155205863332612, 1.0]]","{0: '', 1: 'A', 2: 'B'}",,1,after,"[True, True]","{'max': 21, 'min': 21, 'avg': 21.0, 'root': 12}","[-10, -10]","[141, 108]",sequential,chance,chance,"[1.0, 1.0]","[0.5, 1.0]","[0.5, 1.0]","[0.5, 1.0]","[0.625, 0.0]","[0.375, 0.0]",[[0]],[[1]],[[2]],"(0, 12)","(12, 21)","(12, 21)",{},{},{},"['A', 'B']",[],[],0,0,3,4,5,3,A,,,,,,,B,,,,,"{'rtype': 'select-node', 'rtimedn': 45.518, 'rtimeup': 45.518}",,,,,,,"{'rtype': 'select-node', 'rtimedn': 45.592, 'rtimeup': 45.592}",,,,
,,33,2,10,1733250191,BDG-410-4231,TREE-1.2-0.0-0.0,"['ab497966-2b5f-49be-b99b-c5665902d78d', '9c620637-9e65-4bc5-9b31-6c412bf03294']","['participant', 'participant']","['flower', 'dodecagon']","['hsla(17, 90%, 46%, 1.0)', 'hsla(95, 77%, 54%, 1.0)']","[[1.0, 0.19616296615649922], [0.19616296615649922, 1.0]]","{0: '', 1: 'A', 2: 'B'}",,1,after,"[True, True]","{'max': 21, 'min': 21, 'avg': 21.0, 'root': 12}","[-10, -10]","[153, 121]",sequential,chance,chance,"[1.0, 1.0]","[0.5, 1.0]","[0.5, 1.0]","[0.5, 1.0]","[0.375, 0.0]","[0.625, 0.0]",[[0]],[[1]],[[2]],"(0, 12)","(12, 21)","(12, 21)",{},{},{},"['A', 'B']",[],[],0,0,4,2,3,1,A,,,,,,,B,,,,,"{'rtype': 'select-node', 'rtimedn': 45.447, 'rtimeup': 45.447}",,,,,,,"{'rtype': 'select-node', 'rtimedn': 45.477, 'rtimeup': 45.477}",,,,
,,33,3,10,1733250193,BDG-524-5155,TREE-1.2-0.0-0.0,"['465cf7c4-e12a-4092-8dbe-d9da0578db63', 'ae8ba20e-3a55-4f87-8cb0-316556432bd6']","['participant', 'participant']","['jagged-sun', 'arrow-head']","['hsla(194, 64%, 63%, 1.0)', 'hsla(178, 94%, 45%, 1.0)']","[[1.0, 0.048501832291442115], [0.048501832291442115, 1.0]]","{0: '', 1: 'A', 2: 'B'}",,2,after,"[True, True]","{'max': 21, 'min': 21, 'avg': 21.0, 'root': 12}","[-10, -10]","[142, 131]",sequential,chance,chance,"[1.0, 1.0]","[0.5, 1.0]","[0.5, 1.0]","[0.5, 1.0]","[0.625, 0.0]","[0.375, 0.0]",[[0]],[[1]],[[2]],"(0, 12)","(12, 21)","(12, 21)",{},{},{},"['A', 'B']",[],[],0,0,5,1,5,5,B,,,,,,,B,,,,,"{'rtype': 'select-node', 'rtimedn': 45.569, 'rtimeup': 45.569}",,,,,,,"{'rtype': 'select-node', 'rtimedn': 45.492, 'rtimeup': 45.492}",,,,
,,34,0,10,1733250201,BDG-174-2255,TREE-1.2-0.0-0.0,"['ae8ba20e-3a55-4f87-8cb0-316556432bd6', 'ad7f710d-dc9b-456e-8980-ec62de2a1005']","['participant', 'participant']","['arrow-head', 'dent-square']","['hsla(178, 94%, 45%, 1.0)', 'hsla(140, 73%, 56%, 1.0)']","[[1.0, 0.1207156714809226], [0.1207156714809226, 1.0]]","{0: '', 1: 'A', 2: 'B'}",,2,after,"[True, True]","{'max': 21, 'min': 21, 'avg': 21.0, 'root': 12}","[-10, -10]","[131, 146]",sequential,chance,chance,"[1.0, 1.0]","[0.5, 1.0]","[0.5, 1.0]","[0.5, 1.0]","[0.625, 0.0]","[0.375, 0.0]",[[0]],[[1]],[[2]],"(0, 12)","(12, 21)","(12, 21)",{},{},{},"['A', 'B']",[],[],0,0,2,2,5,5,B,,,,,,,B,,,,,"{'rtype': 'select-node', 'rtimedn': 46.352, 'rtimeup': 46.352}",,,,,,,"{'rtype': 'select-node', 'rtimedn': 46.449, 'rtimeup': 46.449}",,,,
,,34,1,10,1733250203,BDG-095-1451,TREE-1.2-0.0-0.0,"['ab497966-2b5f-49be-b99b-c5665902d78d', '59de595f-b530-4657-8c64-5f4a011bedca']","['participant', 'participant']","['flower', 'hour-glass']","['hsla(17, 90%, 46%, 1.0)', 'hsla(1, 69%, 63%, 1.0)']","[[1.0, 0.2017676223323992], [0.2017676223323992, 1.0]]","{0: '', 1: 'A', 2: 'B'}",,2,after,"[True, True]","{'max': 21, 'min': 21, 'avg': 21.0, 'root': 12}","[-10, -10]","[153, 108]",sequential,chance,chance,"[1.0, 1.0]","[0.5, 1.0]","[0.5, 1.0]","[0.5, 1.0]","[0.375, 0.0]","[0.625, 0.0]",[[0]],[[1]],[[2]],"(0, 12)","(12, 21)","(12, 21)",{},{},{},"['A', 'B']",[],[],0,0,1,4,5,1,B,,,,,,,B,,,,,"{'rtype': 'select-node', 'rtimedn': 46.731, 'rtimeup': 46.731}",,,,,,,"{'rtype': 'select-node', 'rtimedn': 46.566, 'rtimeup': 46.566}",,,,
,,34,2,10,1733250201,BDG-070-1351,TREE-1.2-0.0-0.0,"['65a66864-4e73-4e0b-81f3-d96191245fdb', '831b4607-e88d-4b93-9fbf-81dde8a6737d']","['participant', 'participant']","['flower', 'teardrop']","['hsla(225, 90%, 44%, 1.0)', 'hsla(177, 98%, 43%, 1.0)']","[[1.0, 0.1207156714809226], [0.1207156714809226, 1.0]]","{0: '', 1: 'A', 2: 'B'}",,2,after,"[True, True]","{'max': 21, 'min': 21, 'avg': 21.0, 'root': 12}","[-10, -10]","[141, 130]",sequential,chance,chance,"[1.0, 1.0]","[0.5, 1.0]","[0.5, 1.0]","[0.5, 1.0]","[0.375, 0.0]","[0.625, 0.0]",[[0]],[[1]],[[2]],"(0, 12)","(12, 21)","(12, 21)",{},{},{},"['A', 'B']",[],[],0,0,1,3,5,1,B,,,,,,,B,,,,,"{'rtype': 'select-node', 'rtimedn': 46.408, 'rtimeup': 46.408}",,,,,,,"{'rtype': 'select-node', 'rtimedn': 46.456, 'rtimeup': 46.456}",,,,
,,34,3,10,1733250201,BDG-595-5451,TREE-1.2-0.0-0.0,"['465cf7c4-e12a-4092-8dbe-d9da0578db63', '9c620637-9e65-4bc5-9b31-6c412bf03294']","['participant', 'participant']","['jagged-sun', 'dodecagon']","['hsla(194, 64%, 63%, 1.0)', 'hsla(95, 77%, 54%, 1.0)']","[[1.0, 0.19228281957318386], [0.19228281957318386, 1.0]]","{0: '', 1: 'A', 2: 'B'}",,1,after,"[True, True]","{'max': 21, 'min': 21, 'avg': 21.0, 'root': 12}","[-10, -10]","[142, 121]",sequential,chance,chance,"[1.0, 1.0]","[0.5, 1.0]","[0.5, 1.0]","[0.5, 1.0]","[0.625, 0.0]","[0.375, 0.0]",[[0]],[[1]],[[2]],"(0, 12)","(12, 21)","(12, 21)",{},{},{},"['A', 'B']",[],[],0,0,5,4,5,1,A,,,,,,,A,,,,,"{'rtype': 'select-node', 'rtimedn': 46.596, 'rtimeup': 46.596}",,,,,,,"{'rtype': 'select-node', 'rtimedn': 46.43, 'rtimeup': 46.43}",,,,
,,35,0,10,1733250214,BDG-554-5315,TREE-1.2-0.0-0.0,"['59de595f-b530-4657-8c64-5f4a011bedca', '831b4607-e88d-4b93-9fbf-81dde8a6737d']","['participant', 'participant']","['hour-glass', 'teardrop']","['hsla(1, 69%, 63%, 1.0)', 'hsla(177, 98%, 43%, 1.0)']","[[1.0, 0.19228281957318386], [0.19228281957318386, 1.0]]","{0: '', 1: 'A', 2: 'B'}",,1,after,"[True, True]","{'max': 21, 'min': 21, 'avg': 21.0, 'root': 12}","[-10, -10]","[108, 130]",sequential,chance,chance,"[1.0, 1.0]","[0.5, 1.0]","[0.5, 1.0]","[0.5, 1.0]","[0.375, 0.0]","[0.625, 0.0]",[[0]],[[1]],[[2]],"(0, 12)","(12, 21)","(12, 21)",{},{},{},"['A', 'B']",[],[],0,0,5,3,1,5,A,,,,,,,B,,,,,"{'rtype': 'select-node', 'rtimedn': 47.728, 'rtimeup': 47.728}",,,,,,,"{'rtype': 'select-node', 'rtimedn': 47.551, 'rtimeup': 47.551}",,,,
,,35,1,10,1733250214,BDG-569-5345,TREE-1.2-0.0-0.0,"['465cf7c4-e12a-4092-8dbe-d9da0578db63', 'ad7f710d-dc9b-456e-8980-ec62de2a1005']","['participant', 'participant']","['jagged-sun', 'dent-square']","['hsla(194, 64%, 63%, 1.0)', 'hsla(140, 73%, 56%, 1.0)']","[[1.0, 0.2017676223323992], [0.2017676223323992, 1.0]]","{0: '', 1: 'A', 2: 'B'}",,2,after,"[True, True]","{'max': 21, 'min': 21, 'avg': 21.0, 'root': 12}","[-10, -10]","[142, 146]",sequential,chance,chance,"[1.0, 1.0]","[0.5, 1.0]","[0.5, 1.0]","[0.5, 1.0]","[0.625, 0.0]","[0.375, 0.0]",[[0]],[[1]],[[2]],"(0, 12)","(12, 21)","(12, 21)",{},{},{},"['A', 'B']",[],[],0,0,5,3,4,5,B,,,,,,,B,,,,,"{'rtype': 'select-node', 'rtimedn': 47.592, 'rtimeup': 47.592}",,,,,,,"{'rtype': 'select-node', 'rtimedn': 47.839, 'rtimeup': 47.839}",,,,
,,35,2,10,1733250214,BDG-398-4154,TREE-1.2-0.0-0.0,"['ab497966-2b5f-49be-b99b-c5665902d78d', 'ae8ba20e-3a55-4f87-8cb0-316556432bd6']","['participant', 'participant']","['flower', 'arrow-head']","['hsla(17, 90%, 46%, 1.0)', 'hsla(178, 94%, 45%, 1.0)']","[[1.0, 0.20155205863332612], [0.20155205863332612, 1.0]]","{0: '', 1: 'A', 2: 'B'}",,2,after,"[True, True]","{'max': 21, 'min': 21, 'avg': 21.0, 'root': 12}","[-10, -10]","[153, 131]",sequential,chance,chance,"[1.0, 1.0]","[0.5, 1.0]","[0.5, 1.0]","[0.5, 1.0]","[0.625, 0.0]","[0.375, 0.0]",[[0]],[[1]],[[2]],"(0, 12)","(12, 21)","(12, 21)",{},{},{},"['A', 'B']",[],[],0,0,4,1,5,4,B,,,,,,,B,,,,,"{'rtype': 'select-node', 'rtimedn': 47.749, 'rtimeup': 47.749}",,,,,,,"{'rtype': 'select-node', 'rtimedn': 47.628, 'rtimeup': 47.628}",,,,
,,35,3,10,1733250218,BDG-299-3255,TREE-1.2-0.0-0.0,"['9c620637-9e65-4bc5-9b31-6c412bf03294', '65a66864-4e73-4e0b-81f3-d96191245fdb']","['participant', 'participant']","['dodecagon', 'flower']","['hsla(95, 77%, 54%, 1.0)', 'hsla(225, 90%, 44%, 1.0)']","[[1.0, 0.2017676223323992], [0.2017676223323992, 1.0]]","{0: '', 1: 'A', 2: 'B'}",,2,after,"[True, True]","{'max': 21, 'min': 21, 'avg': 21.0, 'root': 12}","[-10, -10]","[121, 141]",sequential,chance,chance,"[1.0, 1.0]","[0.5, 1.0]","[0.5, 1.0]","[0.5, 1.0]","[0.375, 0.0]","[0.625, 0.0]",[[0]],[[1]],[[2]],"(0, 12)","(12, 21)","(12, 21)",{},{},{},"['A', 'B']",[],[],0,0,3,2,5,5,B,,,,,,,A,,,,,"{'rtype': 'select-node', 'rtimedn': 47.405, 'rtimeup': 47.405}",,,,,,,"{'rtype': None, 'rtimedn': 13, 'rtimeup': 13}",,,,
,,36,0,10,1733250228,BDG-287-3233,TREE-1.2-0.0-0.0,"['59de595f-b530-4657-8c64-5f4a011bedca', '831b4607-e88d-4b93-9fbf-81dde8a6737d']","['participant', 'participant']","['hour-glass', 'teardrop']","['hsla(1, 69%, 63%, 1.0)', 'hsla(177, 98%, 43%, 1.0)']","[[1.0, 0.19228281957318386], [0.19228281957318386, 1.0]]","{0: '', 1: 'A', 2: 'B'}",,2,after,"[True, True]","{'max': 21, 'min': 21, 'avg': 21.0, 'root': 12}","[-10, -10]","[108, 130]",sequential,chance,chance,"[1.0, 1.0]","[0.5, 1.0]","[0.5, 1.0]","[0.5, 1.0]","[0.375, 0.0]","[0.625, 0.0]",[[0]],[[1]],[[2]],"(0, 12)","(12, 21)","(12, 21)",{},{},{},"['A', 'B']",[],[],0,0,3,2,3,3,B,,,,,,,B,,,,,"{'rtype': 'select-node', 'rtimedn': 49.125, 'rtimeup': 49.125}",,,,,,,"{'rtype': 'select-node', 'rtimedn': 48.967, 'rtimeup': 48.967}",,,,
,,36,1,10,1733250227,BDG-043-1244,TREE-1.2-0.0-0.0,"['65a66864-4e73-4e0b-81f3-d96191245fdb', '9c620637-9e65-4bc5-9b31-6c412bf03294']","['participant', 'participant']","['flower', 'dodecagon']","['hsla(225, 90%, 44%, 1.0)', 'hsla(95, 77%, 54%, 1.0)']","[[1.0, 0.2017676223323992], [0.2017676223323992, 1.0]]","{0: '', 1: 'A', 2: 'B'}",,2,after,"[True, True]","{'max': 21, 'min': 21, 'avg': 21.0, 'root': 12}","[-10, -10]","[141, 121]",sequential,chance,chance,"[1.0, 1.0]","[0.5, 1.0]","[0.5, 1.0]","[0.5, 1.0]","[0.625, 0.0]","[0.375, 0.0]",[[0]],[[1]],[[2]],"(0, 12)","(12, 21)","(12, 21)",{},{},{},"['A', 'B']",[],[],0,0,1,2,4,4,B,,,,,,,B,,,,,"{'rtype': 'select-node', 'rtimedn': 49.019, 'rtimeup': 49.019}",,,,,,,"{'rtype': 'select-node', 'rtimedn': 48.978, 'rtimeup': 48.978}",,,,
,,36,2,10,1733250230,BDG-215-2441,TREE-1.2-0.0-0.0,"['ab497966-2b5f-49be-b99b-c5665902d78d', 'ae8ba20e-3a55-4f87-8cb0-316556432bd6']","['participant', 'participant']","['flower', 'arrow-head']","['hsla(17, 90%, 46%, 1.0)', 'hsla(178, 94%, 45%, 1.0)']","[[1.0, 0.20155205863332612], [0.20155205863332612, 1.0]]","{0: '', 1: 'A', 2: 'B'}",,2,after,"[True, True]","{'max': 21, 'min': 21, 'avg': 21.0, 'root': 12}","[-10, -10]","[153, 131]",sequential,chance,chance,"[1.0, 1.0]","[0.5, 1.0]","[0.5, 1.0]","[0.5, 1.0]","[0.625, 0.0]","[0.375, 0.0]",[[0]],[[1]],[[2]],"(0, 12)","(12, 21)","(12, 21)",{},{},{},"['A', 'B']",[],[],0,0,2,4,4,1,B,,,,,,,B,,,,,"{'rtype': 'select-node', 'rtimedn': 49.389, 'rtimeup': 49.389}",,,,,,,"{'rtype': 'select-node', 'rtimedn': 48.985, 'rtimeup': 48.985}",,,,
,,36,3,10,1733250228,BDG-420-4251,TREE-1.2-0.0-0.0,"['ad7f710d-dc9b-456e-8980-ec62de2a1005', '465cf7c4-e12a-4092-8dbe-d9da0578db63']","['participant', 'participant']","['dent-square', 'jagged-sun']","['hsla(140, 73%, 56%, 1.0)', 'hsla(194, 64%, 63%, 1.0)']","[[1.0, 0.2017676223323992], [0.2017676223323992, 1.0]]","{0: '', 1: 'A', 2: 'B'}",,1,after,"[True, True]","{'max': 21, 'min': 21, 'avg': 21.0, 'root': 12}","[-10, -10]","[146, 142]",sequential,chance,chance,"[1.0, 1.0]","[0.5, 1.0]","[0.5, 1.0]","[0.5, 1.0]","[0.625, 0.0]","[0.375, 0.0]",[[0]],[[1]],[[2]],"(0, 12)","(12, 21)","(12, 21)",{},{},{},"['A', 'B']",[],[],0,0,4,2,5,1,A,,,,,,,B,,,,,"{'rtype': 'select-node', 'rtimedn': 49.186, 'rtimeup': 49.186}",,,,,,,"{'rtype': 'select-node', 'rtimedn': 49.2, 'rtimeup': 49.2}",,,,
,,37,0,10,1733250239,BDG-590-5441,TREE-1.2-0.0-0.0,"['831b4607-e88d-4b93-9fbf-81dde8a6737d', 'ae8ba20e-3a55-4f87-8cb0-316556432bd6']","['participant', 'participant']","['teardrop', 'arrow-head']","['hsla(177, 98%, 43%, 1.0)', 'hsla(178, 94%, 45%, 1.0)']","[[1.0, 0.2017676223323992], [0.2017676223323992, 1.0]]","{0: '', 1: 'A', 2: 'B'}",,1,after,"[True, True]","{'max': 21, 'min': 21, 'avg': 21.0, 'root': 12}","[-10, -10]","[130, 131]",sequential,chance,chance,"[1.0, 1.0]","[0.5, 1.0]","[0.5, 1.0]","[0.5, 1.0]","[0.625, 0.0]","[0.375, 0.0]",[[0]],[[1]],[[2]],"(0, 12)","(12, 21)","(12, 21)",{},{},{},"['A', 'B']",[],[],0,0,5,4,4,1,A,,,,,,,A,,,,,"{'rtype': 'select-node', 'rtimedn': 50.073, 'rtimeup': 50.073}",,,,,,,"{'rtype': 'select-node', 'rtimedn': 50.137, 'rtimeup': 50.137}",,,,
,,37,1,10,1733250241,BDG-393-4144,TREE-1.2-0.0-0.0,"['ab497966-2b5f-49be-b99b-c5665902d78d', '9c620637-9e65-4bc5-9b31-6c412bf03294']","['participant', 'participant']","['flower', 'dodecagon']","['hsla(17, 90%, 46%, 1.0)', 'hsla(95, 77%, 54%, 1.0)']","[[1.0, 0.19616296615649922], [0.19616296615649922, 1.0]]","{0: '', 1: 'A', 2: 'B'}",,2,after,"[True, True]","{'max': 21, 'min': 21, 'avg': 21.0, 'root': 12}","[-10, -10]","[153, 121]",sequential,chance,chance,"[1.0, 1.0]","[0.5, 1.0]","[0.5, 1.0]","[0.5, 1.0]","[0.625, 0.0]","[0.375, 0.0]",[[0]],[[1]],[[2]],"(0, 12)","(12, 21)","(12, 21)",{},{},{},"['A', 'B']",[],[],0,0,4,1,4,4,B,,,,,,,A,,,,,"{'rtype': 'select-node', 'rtimedn': 50.206, 'rtimeup': 50.206}",,,,,,,"{'rtype': 'select-node', 'rtimedn': 50.375, 'rtimeup': 50.375}",,,,
,,37,2,10,1733250238,BDG-399-4155,TREE-1.2-0.0-0.0,"['59de595f-b530-4657-8c64-5f4a011bedca', '65a66864-4e73-4e0b-81f3-d96191245fdb']","['participant', 'participant']","['hour-glass', 'flower']","['hsla(1, 69%, 63%, 1.0)', 'hsla(225, 90%, 44%, 1.0)']","[[1.0, 0.20155205863332612], [0.20155205863332612, 1.0]]","{0: '', 1: 'A', 2: 'B'}",,2,after,"[True, True]","{'max': 21, 'min': 21, 'avg': 21.0, 'root': 12}","[-10, -10]","[108, 141]",sequential,chance,chance,"[1.0, 1.0]","[0.5, 1.0]","[0.5, 1.0]","[0.5, 1.0]","[0.625, 0.0]","[0.375, 0.0]",[[0]],[[1]],[[2]],"(0, 12)","(12, 21)","(12, 21)",{},{},{},"['A', 'B']",[],[],0,0,4,1,5,5,B,,,,,,,B,,,,,"{'rtype': 'select-node', 'rtimedn': 50.1, 'rtimeup': 50.1}",,,,,,,"{'rtype': 'select-node', 'rtimedn': 50.203, 'rtimeup': 50.203}",,,,
,,37,3,10,1733250239,BDG-081-1422,TREE-1.2-0.0-0.0,"['ad7f710d-dc9b-456e-8980-ec62de2a1005', '465cf7c4-e12a-4092-8dbe-d9da0578db63']","['participant', 'participant']","['dent-square', 'jagged-sun']","['hsla(140, 73%, 56%, 1.0)', 'hsla(194, 64%, 63%, 1.0)']","[[1.0, 0.2017676223323992], [0.2017676223323992, 1.0]]","{0: '', 1: 'A', 2: 'B'}",,2,after,"[True, True]","{'max': 21, 'min': 21, 'avg': 21.0, 'root': 12}","[-10, -10]","[146, 142]",sequential,chance,chance,"[1.0, 1.0]","[0.5, 1.0]","[0.5, 1.0]","[0.5, 1.0]","[0.625, 0.0]","[0.375, 0.0]",[[0]],[[1]],[[2]],"(0, 12)","(12, 21)","(12, 21)",{},{},{},"['A', 'B']",[],[],0,0,1,4,2,2,B,,,,,,,B,,,,,"{'rtype': 'select-node', 'rtimedn': 50.332, 'rtimeup': 50.332}",,,,,,,"{'rtype': 'select-node', 'rtimedn': 50.337, 'rtimeup': 50.337}",,,,
,,38,0,10,1733250251,BDG-363-3534,TREE-1.2-0.0-0.0,"['ae8ba20e-3a55-4f87-8cb0-316556432bd6', '65a66864-4e73-4e0b-81f3-d96191245fdb']","['participant', 'participant']","['arrow-head', 'flower']","['hsla(178, 94%, 45%, 1.0)', 'hsla(225, 90%, 44%, 1.0)']","[[1.0, 0.19228281957318386], [0.19228281957318386, 1.0]]","{0: '', 1: 'A', 2: 'B'}",,1,after,"[True, True]","{'max': 21, 'min': 21, 'avg': 21.0, 'root': 12}","[-10, -10]","[131, 141]",sequential,chance,chance,"[1.0, 1.0]","[0.5, 1.0]","[0.5, 1.0]","[0.5, 1.0]","[0.625, 0.0]","[0.375, 0.0]",[[0]],[[1]],[[2]],"(0, 12)","(12, 21)","(12, 21)",{},{},{},"['A', 'B']",[],[],0,0,3,5,3,4,A,,,,,,,B,,,,,"{'rtype': 'select-node', 'rtimedn': 51.238, 'rtimeup': 51.238}",,,,,,,"{'rtype': 'select-node', 'rtimedn': 51.42, 'rtimeup': 51.42}",,,,
,,38,1,10,1733250251,BDG-362-3533,TREE-1.2-0.0-0.0,"['9c620637-9e65-4bc5-9b31-6c412bf03294', 'ab497966-2b5f-49be-b99b-c5665902d78d']","['participant', 'participant']","['dodecagon', 'flower']","['hsla(95, 77%, 54%, 1.0)', 'hsla(17, 90%, 46%, 1.0)']","[[1.0, 0.19616296615649922], [0.19616296615649922, 1.0]]","{0: '', 1: 'A', 2: 'B'}",,2,after,"[True, True]","{'max': 21, 'min': 21, 'avg': 21.0, 'root': 12}","[-10, -10]","[121, 153]",sequential,chance,chance,"[1.0, 1.0]","[0.5, 1.0]","[0.5, 1.0]","[0.5, 1.0]","[0.625, 0.0]","[0.375, 0.0]",[[0]],[[1]],[[2]],"(0, 12)","(12, 21)","(12, 21)",{},{},{},"['A', 'B']",[],[],0,0,3,5,3,3,B,,,,,,,A,,,,,"{'rtype': 'select-node', 'rtimedn': 51.461, 'rtimeup': 51.461}",,,,,,,"{'rtype': 'select-node', 'rtimedn': 51.409, 'rtimeup': 51.409}",,,,
,,38,2,10,1733250252,BDG-036-1232,TREE-1.2-0.0-0.0,"['ad7f710d-dc9b-456e-8980-ec62de2a1005', '465cf7c4-e12a-4092-8dbe-d9da0578db63']","['participant', 'participant']","['dent-square', 'jagged-sun']","['hsla(140, 73%, 56%, 1.0)', 'hsla(194, 64%, 63%, 1.0)']","[[1.0, 0.2017676223323992], [0.2017676223323992, 1.0]]","{0: '', 1: 'A', 2: 'B'}",,2,after,"[True, True]","{'max': 21, 'min': 21, 'avg': 21.0, 'root': 12}","[-10, -10]","[146, 142]",sequential,chance,chance,"[1.0, 1.0]","[0.5, 1.0]","[0.5, 1.0]","[0.5, 1.0]","[0.625, 0.0]","[0.375, 0.0]",[[0]],[[1]],[[2]],"(0, 12)","(12, 21)","(12, 21)",{},{},{},"['A', 'B']",[],[],0,0,1,2,3,2,B,,,,,,,B,,,,,"{'rtype': 'select-node', 'rtimedn': 51.641, 'rtimeup': 51.641}",,,,,,,"{'rtype': 'select-node', 'rtimedn': 51.59, 'rtimeup': 51.59}",,,,
,,38,3,10,1733250251,BDG-387-4133,TREE-1.2-0.0-0.0,"['831b4607-e88d-4b93-9fbf-81dde8a6737d', '59de595f-b530-4657-8c64-5f4a011bedca']","['participant', 'participant']","['teardrop', 'hour-glass']","['hsla(177, 98%, 43%, 1.0)', 'hsla(1, 69%, 63%, 1.0)']","[[1.0, 0.19228281957318386], [0.19228281957318386, 1.0]]","{0: '', 1: 'A', 2: 'B'}",,1,after,"[True, True]","{'max': 21, 'min': 21, 'avg': 21.0, 'root': 12}","[-10, -10]","[130, 108]",sequential,chance,chance,"[1.0, 1.0]","[0.5, 1.0]","[0.5, 1.0]","[0.5, 1.0]","[0.625, 0.0]","[0.375, 0.0]",[[0]],[[1]],[[2]],"(0, 12)","(12, 21)","(12, 21)",{},{},{},"['A', 'B']",[],[],0,0,4,1,3,3,A,,,,,,,B,,,,,"{'rtype': 'select-node', 'rtimedn': 51.27, 'rtimeup': 51.27}",,,,,,,"{'rtype': 'select-node', 'rtimedn': 51.47, 'rtimeup': 51.47}",,,,
,,39,0,10,1733250261,BDG-064-1335,TREE-1.2-0.0-0.0,"['ad7f710d-dc9b-456e-8980-ec62de2a1005', '9c620637-9e65-4bc5-9b31-6c412bf03294']","['participant', 'participant']","['dent-square', 'dodecagon']","['hsla(140, 73%, 56%, 1.0)', 'hsla(95, 77%, 54%, 1.0)']","[[1.0, 0.20155205863332612], [0.20155205863332612, 1.0]]","{0: '', 1: 'A', 2: 'B'}",,2,after,"[True, True]","{'max': 21, 'min': 21, 'avg': 21.0, 'root': 12}","[-10, -10]","[146, 121]",sequential,chance,chance,"[1.0, 1.0]","[0.5, 1.0]","[0.5, 1.0]","[0.5, 1.0]","[0.625, 0.0]","[0.375, 0.0]",[[0]],[[1]],[[2]],"(0, 12)","(12, 21)","(12, 21)",{},{},{},"['A', 'B']",[],[],0,0,1,3,3,5,B,,,,,,,A,,,,,"{'rtype': 'select-node', 'rtimedn': 52.475, 'rtimeup': 52.475}",,,,,,,"{'rtype': 'select-node', 'rtimedn': 52.416, 'rtimeup': 52.416}",,,,
,,39,1,10,1733250263,BDG-581-5422,TREE-1.2-0.0-0.0,"['465cf7c4-e12a-4092-8dbe-d9da0578db63', 'ae8ba20e-3a55-4f87-8cb0-316556432bd6']","['participant', 'participant']","['jagged-sun', 'arrow-head']","['hsla(194, 64%, 63%, 1.0)', 'hsla(178, 94%, 45%, 1.0)']","[[1.0, 0.048501832291442115], [0.048501832291442115, 1.0]]","{0: '', 1: 'A', 2: 'B'}",,1,after,"[True, True]","{'max': 21, 'min': 21, 'avg': 21.0, 'root': 12}","[-10, -10]","[142, 131]",sequential,chance,chance,"[1.0, 1.0]","[0.5, 1.0]","[0.5, 1.0]","[0.5, 1.0]","[0.625, 0.0]","[0.375, 0.0]",[[0]],[[1]],[[2]],"(0, 12)","(12, 21)","(12, 21)",{},{},{},"['A', 'B']",[],[],0,0,5,4,2,2,A,,,,,,,A,,,,,"{'rtype': 'select-node', 'rtimedn': 52.466, 'rtimeup': 52.466}",,,,,,,"{'rtype': 'select-node', 'rtimedn': 52.497, 'rtimeup': 52.497}",,,,
,,39,2,10,1733250262,BDG-061-1332,TREE-1.2-0.0-0.0,"['59de595f-b530-4657-8c64-5f4a011bedca', '831b4607-e88d-4b93-9fbf-81dde8a6737d']","['participant', 'participant']","['hour-glass', 'teardrop']","['hsla(1, 69%, 63%, 1.0)', 'hsla(177, 98%, 43%, 1.0)']","[[1.0, 0.19228281957318386], [0.19228281957318386, 1.0]]","{0: '', 1: 'A', 2: 'B'}",,2,after,"[True, True]","{'max': 21, 'min': 21, 'avg': 21.0, 'root': 12}","[-10, -10]","[108, 130]",sequential,chance,chance,"[1.0, 1.0]","[0.5, 1.0]","[0.5, 1.0]","[0.5, 1.0]","[0.375, 0.0]","[0.625, 0.0]",[[0]],[[1]],[[2]],"(0, 12)","(12, 21)","(12, 21)",{},{},{},"['A', 'B']",[],[],0,0,1,3,3,2,B,,,,,,,A,,,,,"{'rtype': 'select-node', 'rtimedn': 52.494, 'rtimeup': 52.494}",,,,,,,"{'rtype': 'select-node', 'rtimedn': 52.561, 'rtimeup': 52.561}",,,,
,,39,3,10,1733250262,BDG-305-3321,TREE-1.2-0.0-0.0,"['65a66864-4e73-4e0b-81f3-d96191245fdb', 'ab497966-2b5f-49be-b99b-c5665902d78d']","['participant', 'participant']","['flower', 'flower']","['hsla(225, 90%, 44%, 1.0)', 'hsla(17, 90%, 46%, 1.0)']","[[1.0, 0.048501832291442115], [0.048501832291442115, 1.0]]","{0: '', 1: 'A', 2: 'B'}",,1,after,"[True, True]","{'max': 21, 'min': 21, 'avg': 21.0, 'root': 12}","[-10, -10]","[141, 153]",sequential,chance,chance,"[1.0, 1.0]","[0.5, 1.0]","[0.5, 1.0]","[0.5, 1.0]","[0.375, 0.0]","[0.625, 0.0]",[[0]],[[1]],[[2]],"(0, 12)","(12, 21)","(12, 21)",{},{},{},"['A', 'B']",[],[],0,0,3,3,2,1,A,,,,,,,A,,,,,"{'rtype': 'select-node', 'rtimedn': 52.329, 'rtimeup': 52.329}",,,,,,,"{'rtype': 'select-node', 'rtimedn': 52.581, 'rtimeup': 52.581}",,,,
