experiment_setting_keys,experiment_setting_values,round,room,batch,timestamp,title,tree_tag,player_uuids,player_types,avatar_shapes,avatar_colors,adjacency_matrix,idnum_label_map,perspective_of_player,final_node,tree_status,players_abdicated,durations,cumulative_payoffs_tree,cumulative_payoffs_experiment,choice_type_,choice_type_A,choice_type_B,probability_,probability_A,probability_B,positionxy_,positionxy_A,positionxy_B,info_set_,info_set_A,info_set_B,time_,time_A,time_B,beliefs_,beliefs_A,beliefs_B,options_,options_A,options_B,payoffs__p0,payoffs__p1,payoffs_A_p0,payoffs_A_p1,payoffs_B_p0,payoffs_B_p1,choice__p0,choice__p1,choice_A_p0,choice_A_p1,choice_B_p0,choice_B_p1,prediction__p0,prediction__p1,prediction_A_p0,prediction_A_p1,prediction_B_p0,prediction_B_p1,choice_data__p0,choice_data__p1,choice_data_A_p0,choice_data_A_p1,choice_data_B_p0,choice_data_B_p1,prediction_data__p0,prediction_data__p1,prediction_data_A_p0,prediction_data_A_p1,prediction_data_B_p0,prediction_data_B_p1
rounds,"{'apply': True, 'distribution_type': 'sigmoid', 'interval': [0, 200], 'coefficients': [1, 40]}",0,0,16,1733257095,BDG-523-5154,TREE-1.2-0.0-0.0,"['10360ec1-5cca-472f-a34e-f1c438e70709', 'b19d3db0-5631-4177-af52-32b44b4c6ee4']","['participant', 'participant']","['cross', 'cross']","['hsla(114, 90%, 64%, 1.0)', 'hsla(73, 80%, 59%, 1.0)']","[[1.0, 0.08473032069970846], [0.08473032069970846, 1.0]]","{0: '', 1: 'A', 2: 'B'}",,1,after,"[True, False]","{'max': 21, 'min': 21, 'avg': 21.0, 'root': 12}","[-10, 0]","[87, 89]",sequential,chance,chance,"[1.0, 1.0]","[0.5, 1.0]","[0.5, 1.0]","[0.5, 1.0]","[0.625, 0.0]","[0.375, 0.0]",[[0]],[[1]],[[2]],"(0, 12)","(12, 21)","(12, 21)",{},{},{},"['A', 'B']",[],[],0,0,5,1,5,4,A,,,,,,,B,,,,,"{'rtype': , 'rtimedn': 13, 'rtimeup': 13}",,,,,,,"{'rtype': 'select-node', 'rtimedn': 6.276, 'rtimeup': 6.276}",,,,
time_horizon,"{'apply': True, 'interval': [0, 1], 'distribution_type': 'linear', 'coefficients': [0, 1]}",0,1,16,1733257092,BDG-037-1233,TREE-1.2-0.0-0.0,"['dc7aa794-aaf0-4594-aa67-6466cf997e02', '4e6fbdd5-31f9-458d-8cc0-2e7ab78019e6']","['participant', 'participant']","['hexagon', 'moon']","['hsla(163, 93%, 42%, 1.0)', 'hsla(123, 55%, 48%, 1.0)']","[[1.0, 0.15743440233236153], [0.15743440233236153, 1.0]]","{0: '', 1: 'A', 2: 'B'}",,2,after,"[False, False]","{'max': 21, 'min': 21, 'avg': 21.0, 'root': 12}","[0, 0]","[137, 117]",sequential,chance,chance,"[1.0, 1.0]","[0.5, 1.0]","[0.5, 1.0]","[0.5, 1.0]","[0.625, 0.0]","[0.375, 0.0]",[[0]],[[1]],[[2]],"(0, 12)","(12, 21)","(12, 21)",{},{},{},"['A', 'B']",[],[],0,0,1,2,3,3,B,,,,,,,A,,,,,"{'rtype': 'select-node', 'rtimedn': 5.897, 'rtimeup': 5.897}",,,,,,,"{'rtype': 'select-node', 'rtimedn': 6.375, 'rtimeup': 6.375}",,,,
payoff_dimensions,"{'SSD': {'apply': True, 'distribution_type': 'uniform', 'interval': [0, 1], 'coefficients': [1, 1]}, 'OOD': {'apply': True, 'distribution_type': 'uniform', 'interval': [0, 1], 'coefficients': [1, 1]}, 'SOD': {'apply': True, 'distribution_type': 'uniform', 'interval': [0, 1], 'coefficients': [1, 1]}, 'abdication_penalty': 10, 'payoff_values': [1, 9], 'cents_per_payoff': 0}",0,2,16,1733257093,BDG-028-1214,TREE-1.2-0.0-0.0,"['56064979-2a1e-4fcf-921e-09debb413eaa', 'a35a2a09-0e5b-4c89-b416-0180cdf67736']","['participant', 'participant']","['circle', 'star-six']","['hsla(79, 92%, 65%, 1.0)', 'hsla(351, 79%, 51%, 1.0)']","[[1.0, 0.08473032069970846], [0.08473032069970846, 1.0]]","{0: '', 1: 'A', 2: 'B'}",,1,after,"[False, False]","{'max': 21, 'min': 21, 'avg': 21.0, 'root': 12}","[0, 0]","[132, 142]",sequential,chance,chance,"[1.0, 1.0]","[0.5, 1.0]","[0.5, 1.0]","[0.5, 1.0]","[0.375, 0.0]","[0.625, 0.0]",[[0]],[[1]],[[2]],"(0, 12)","(12, 21)","(12, 21)",{},{},{},"['A', 'B']",[],[],0,0,1,2,1,4,A,,,,,,,A,,,,,"{'rtype': 'select-node', 'rtimedn': 6.521, 'rtimeup': 6.521}",,,,,,,"{'rtype': 'select-node', 'rtimedn': 6.401, 'rtimeup': 6.401}",,,,
players,"{'n_humans': 12, 'n_robots': 0, 'can_join_late': False, 'proportion_over_number': True, 'start_when_enough_humans': True, 'exclude_researchers': False}",0,3,16,1733257093,BDG-337-3433,TREE-1.2-0.0-0.0,"['af883de6-a408-47aa-88dd-be481eabbd68', 'bf1ced06-3c98-481a-b525-b0ff789e92c2']","['participant', 'participant']","['stop-sign', 'stop-sign']","['hsla(154, 54%, 56%, 1.0)', 'hsla(77, 55%, 64%, 1.0)']","[[1.0, 0.17784256559766765], [0.17784256559766765, 1.0]]","{0: '', 1: 'A', 2: 'B'}",,2,after,"[False, False]","{'max': 21, 'min': 21, 'avg': 21.0, 'root': 12}","[0, 0]","[132, 123]",sequential,chance,chance,"[1.0, 1.0]","[0.5, 1.0]","[0.5, 1.0]","[0.5, 1.0]","[0.625, 0.0]","[0.375, 0.0]",[[0]],[[1]],[[2]],"(0, 12)","(12, 21)","(12, 21)",{},{},{},"['A', 'B']",[],[],0,0,3,4,3,3,B,,,,,,,B,,,,,"{'rtype': 'select-node', 'rtimedn': 6.538, 'rtimeup': 6.538}",,,,,,,"{'rtype': 'select-node', 'rtimedn': 6.416, 'rtimeup': 6.416}",,,,
game_speed,"{'seconds_per_node': 9, 'seconds_per_descendant': 1, 'buffer_between_levels': 0}",0,4,16,1733257089,BDG-318-3344,TREE-1.2-0.0-0.0,"['eede0c44-416a-4587-96b5-ce08abfb5509', 'ac225116-14bc-429f-b2d5-8c4643505c01']","['participant', 'participant']","['flower', 'circle']","['hsla(140, 57%, 43%, 1.0)', 'hsla(8, 54%, 64%, 1.0)']","[[1.0, 0.15743440233236153], [0.15743440233236153, 1.0]]","{0: '', 1: 'A', 2: 'B'}",,2,after,"[False, False]","{'max': 21, 'min': 21, 'avg': 21.0, 'root': 12}","[0, 0]","[123, 123]",sequential,chance,chance,"[1.0, 1.0]","[0.5, 1.0]","[0.5, 1.0]","[0.5, 1.0]","[0.375, 0.0]","[0.625, 0.0]",[[0]],[[1]],[[2]],"(0, 12)","(12, 21)","(12, 21)",{},{},{},"['A', 'B']",[],[],0,0,3,3,4,4,B,,,,,,,B,,,,,"{'rtype': 'select-node', 'rtimedn': 5.505, 'rtimeup': 5.505}",,,,,,,"{'rtype': 'select-node', 'rtimedn': 6.01, 'rtimeup': 6.01}",,,,
game_trees,"{'preselected': True, 'trees_list': ['BDG-000-1111', 'BDG-001-1112', 'BDG-002-1113', 'BDG-003-1114', 'BDG-004-1115', 'BDG-005-1121', 'BDG-006-1122', 'BDG-007-1123', 'BDG-008-1124', 'BDG-009-1125', 'BDG-010-1131', 'BDG-011-1132', 'BDG-012-1133', 'BDG-013-1134', 'BDG-014-1135', 'BDG-015-1141', 'BDG-016-1142', 'BDG-017-1143', 'BDG-018-1144', 'BDG-019-1145', 'BDG-020-1151', 'BDG-021-1152', 'BDG-022-1153', 'BDG-023-1154', 'BDG-024-1155', 'BDG-025-1211', 'BDG-026-1212', 'BDG-027-1213', 'BDG-028-1214', 'BDG-029-1215', 'BDG-030-1221', 'BDG-031-1222', 'BDG-032-1223', 'BDG-033-1224', 'BDG-034-1225', 'BDG-035-1231', 'BDG-036-1232', 'BDG-037-1233', 'BDG-038-1234', 'BDG-039-1235', 'BDG-040-1241', 'BDG-041-1242', 'BDG-042-1243', 'BDG-043-1244', 'BDG-044-1245', 'BDG-045-1251', 'BDG-046-1252', 'BDG-047-1253', 'BDG-048-1254', 'BDG-049-1255', 'BDG-050-1311', 'BDG-051-1312', 'BDG-052-1313', 'BDG-053-1314', 'BDG-054-1315', 'BDG-055-1321', 'BDG-056-1322', 'BDG-057-1323', 'BDG-058-1324', 'BDG-059-1325', 'BDG-060-1331', 'BDG-061-1332', 'BDG-062-1333', 'BDG-063-1334', 'BDG-064-1335', 'BDG-065-1341', 'BDG-066-1342', 'BDG-067-1343', 'BDG-068-1344', 'BDG-069-1345', 'BDG-070-1351', 'BDG-071-1352', 'BDG-072-1353', 'BDG-073-1354', 'BDG-074-1355', 'BDG-075-1411', 'BDG-076-1412', 'BDG-077-1413', 'BDG-078-1414', 'BDG-079-1415', 'BDG-080-1421', 'BDG-081-1422', 'BDG-082-1423', 'BDG-083-1424', 'BDG-084-1425', 'BDG-085-1431', 'BDG-086-1432', 'BDG-087-1433', 'BDG-088-1434', 'BDG-089-1435', 'BDG-090-1441', 'BDG-091-1442', 'BDG-092-1443', 'BDG-093-1444', 'BDG-094-1445', 'BDG-095-1451', 'BDG-096-1452', 'BDG-097-1453', 'BDG-098-1454', 'BDG-099-1455', 'BDG-100-1511', 'BDG-101-1512', 'BDG-102-1513', 'BDG-103-1514', 'BDG-104-1515', 'BDG-105-1521', 'BDG-106-1522', 'BDG-107-1523', 'BDG-108-1524', 'BDG-109-1525', 'BDG-110-1531', 'BDG-111-1532', 'BDG-112-1533', 'BDG-113-1534', 'BDG-114-1535', 'BDG-115-1541', 'BDG-116-1542', 'BDG-117-1543', 'BDG-118-1544', 'BDG-119-1545', 'BDG-120-1551', 'BDG-121-1552', 'BDG-122-1553', 'BDG-123-1554', 'BDG-124-1555', 'BDG-125-2111', 'BDG-126-2112', 'BDG-127-2113', 'BDG-128-2114', 'BDG-129-2115', 'BDG-130-2121', 'BDG-131-2122', 'BDG-132-2123', 'BDG-133-2124', 'BDG-134-2125', 'BDG-135-2131', 'BDG-136-2132', 'BDG-137-2133', 'BDG-138-2134', 'BDG-139-2135', 'BDG-140-2141', 'BDG-141-2142', 'BDG-142-2143', 'BDG-143-2144', 'BDG-144-2145', 'BDG-145-2151', 'BDG-146-2152', 'BDG-147-2153', 'BDG-148-2154', 'BDG-149-2155', 'BDG-150-2211', 'BDG-151-2212', 'BDG-152-2213', 'BDG-153-2214', 'BDG-154-2215', 'BDG-155-2221', 'BDG-156-2222', 'BDG-157-2223', 'BDG-158-2224', 'BDG-159-2225', 'BDG-160-2231', 'BDG-161-2232', 'BDG-162-2233', 'BDG-163-2234', 'BDG-164-2235', 'BDG-165-2241', 'BDG-166-2242', 'BDG-167-2243', 'BDG-168-2244', 'BDG-169-2245', 'BDG-170-2251', 'BDG-171-2252', 'BDG-172-2253', 'BDG-173-2254', 'BDG-174-2255', 'BDG-175-2311', 'BDG-176-2312', 'BDG-177-2313', 'BDG-178-2314', 'BDG-179-2315', 'BDG-180-2321', 'BDG-181-2322', 'BDG-182-2323', 'BDG-183-2324', 'BDG-184-2325', 'BDG-185-2331', 'BDG-186-2332', 'BDG-187-2333', 'BDG-188-2334', 'BDG-189-2335', 'BDG-190-2341', 'BDG-191-2342', 'BDG-192-2343', 'BDG-193-2344', 'BDG-194-2345', 'BDG-195-2351', 'BDG-196-2352', 'BDG-197-2353', 'BDG-198-2354', 'BDG-199-2355', 'BDG-200-2411', 'BDG-201-2412', 'BDG-202-2413', 'BDG-203-2414', 'BDG-204-2415', 'BDG-205-2421', 'BDG-206-2422', 'BDG-207-2423', 'BDG-208-2424', 'BDG-209-2425', 'BDG-210-2431', 'BDG-211-2432', 'BDG-212-2433', 'BDG-213-2434', 'BDG-214-2435', 'BDG-215-2441', 'BDG-216-2442', 'BDG-217-2443', 'BDG-218-2444', 'BDG-219-2445', 'BDG-220-2451', 'BDG-221-2452', 'BDG-222-2453', 'BDG-223-2454', 'BDG-224-2455', 'BDG-225-2511', 'BDG-226-2512', 'BDG-227-2513', 'BDG-228-2514', 'BDG-229-2515', 'BDG-230-2521', 'BDG-231-2522', 'BDG-232-2523', 'BDG-233-2524', 'BDG-234-2525', 'BDG-235-2531', 'BDG-236-2532', 'BDG-237-2533', 'BDG-238-2534', 'BDG-239-2535', 'BDG-240-2541', 'BDG-241-2542', 'BDG-242-2543', 'BDG-243-2544', 'BDG-244-2545', 'BDG-245-2551', 'BDG-246-2552', 'BDG-247-2553', 'BDG-248-2554', 'BDG-249-2555', 'BDG-250-3111', 'BDG-251-3112', 'BDG-252-3113', 'BDG-253-3114', 'BDG-254-3115', 'BDG-255-3121', 'BDG-256-3122', 'BDG-257-3123', 'BDG-258-3124', 'BDG-259-3125', 'BDG-260-3131', 'BDG-261-3132', 'BDG-262-3133', 'BDG-263-3134', 'BDG-264-3135', 'BDG-265-3141', 'BDG-266-3142', 'BDG-267-3143', 'BDG-268-3144', 'BDG-269-3145', 'BDG-270-3151', 'BDG-271-3152', 'BDG-272-3153', 'BDG-273-3154', 'BDG-274-3155', 'BDG-275-3211', 'BDG-276-3212', 'BDG-277-3213', 'BDG-278-3214', 'BDG-279-3215', 'BDG-280-3221', 'BDG-281-3222', 'BDG-282-3223', 'BDG-283-3224', 'BDG-284-3225', 'BDG-285-3231', 'BDG-286-3232', 'BDG-287-3233', 'BDG-288-3234', 'BDG-289-3235', 'BDG-290-3241', 'BDG-291-3242', 'BDG-292-3243', 'BDG-293-3244', 'BDG-294-3245', 'BDG-295-3251', 'BDG-296-3252', 'BDG-297-3253', 'BDG-298-3254', 'BDG-299-3255', 'BDG-300-3311', 'BDG-301-3312', 'BDG-302-3313', 'BDG-303-3314', 'BDG-304-3315', 'BDG-305-3321', 'BDG-306-3322', 'BDG-307-3323', 'BDG-308-3324', 'BDG-309-3325', 'BDG-310-3331', 'BDG-311-3332', 'BDG-312-3333', 'BDG-313-3334', 'BDG-314-3335', 'BDG-315-3341', 'BDG-316-3342', 'BDG-317-3343', 'BDG-318-3344', 'BDG-319-3345', 'BDG-320-3351', 'BDG-321-3352', 'BDG-322-3353', 'BDG-323-3354', 'BDG-324-3355', 'BDG-325-3411', 'BDG-326-3412', 'BDG-327-3413', 'BDG-328-3414', 'BDG-329-3415', 'BDG-330-3421', 'BDG-331-3422', 'BDG-332-3423', 'BDG-333-3424', 'BDG-334-3425', 'BDG-335-3431', 'BDG-336-3432', 'BDG-337-3433', 'BDG-338-3434', 'BDG-339-3435', 'BDG-340-3441', 'BDG-341-3442', 'BDG-342-3443', 'BDG-343-3444', 'BDG-344-3445', 'BDG-345-3451', 'BDG-346-3452', 'BDG-347-3453', 'BDG-348-3454', 'BDG-349-3455', 'BDG-350-3511', 'BDG-351-3512', 'BDG-352-3513', 'BDG-353-3514', 'BDG-354-3515', 'BDG-355-3521', 'BDG-356-3522', 'BDG-357-3523', 'BDG-358-3524', 'BDG-359-3525', 'BDG-360-3531', 'BDG-361-3532', 'BDG-362-3533', 'BDG-363-3534', 'BDG-364-3535', 'BDG-365-3541', 'BDG-366-3542', 'BDG-367-3543', 'BDG-368-3544', 'BDG-369-3545', 'BDG-370-3551', 'BDG-371-3552', 'BDG-372-3553', 'BDG-373-3554', 'BDG-374-3555', 'BDG-375-4111', 'BDG-376-4112', 'BDG-377-4113', 'BDG-378-4114', 'BDG-379-4115', 'BDG-380-4121', 'BDG-381-4122', 'BDG-382-4123', 'BDG-383-4124', 'BDG-384-4125', 'BDG-385-4131', 'BDG-386-4132', 'BDG-387-4133', 'BDG-388-4134', 'BDG-389-4135', 'BDG-390-4141', 'BDG-391-4142', 'BDG-392-4143', 'BDG-393-4144', 'BDG-394-4145', 'BDG-395-4151', 'BDG-396-4152', 'BDG-397-4153', 'BDG-398-4154', 'BDG-399-4155', 'BDG-400-4211', 'BDG-401-4212', 'BDG-402-4213', 'BDG-403-4214', 'BDG-404-4215', 'BDG-405-4221', 'BDG-406-4222', 'BDG-407-4223', 'BDG-408-4224', 'BDG-409-4225', 'BDG-410-4231', 'BDG-411-4232', 'BDG-412-4233', 'BDG-413-4234', 'BDG-414-4235', 'BDG-415-4241', 'BDG-416-4242', 'BDG-417-4243', 'BDG-418-4244', 'BDG-419-4245', 'BDG-420-4251', 'BDG-421-4252', 'BDG-422-4253', 'BDG-423-4254', 'BDG-424-4255', 'BDG-425-4311', 'BDG-426-4312', 'BDG-427-4313', 'BDG-428-4314', 'BDG-429-4315', 'BDG-430-4321', 'BDG-431-4322', 'BDG-432-4323', 'BDG-433-4324', 'BDG-434-4325', 'BDG-435-4331', 'BDG-436-4332', 'BDG-437-4333', 'BDG-438-4334', 'BDG-439-4335', 'BDG-440-4341', 'BDG-441-4342', 'BDG-442-4343', 'BDG-443-4344', 'BDG-444-4345', 'BDG-445-4351', 'BDG-446-4352', 'BDG-447-4353', 'BDG-448-4354', 'BDG-449-4355', 'BDG-450-4411', 'BDG-451-4412', 'BDG-452-4413', 'BDG-453-4414', 'BDG-454-4415', 'BDG-455-4421', 'BDG-456-4422', 'BDG-457-4423', 'BDG-458-4424', 'BDG-459-4425', 'BDG-460-4431', 'BDG-461-4432', 'BDG-462-4433', 'BDG-463-4434', 'BDG-464-4435', 'BDG-465-4441', 'BDG-466-4442', 'BDG-467-4443', 'BDG-468-4444', 'BDG-469-4445', 'BDG-470-4451', 'BDG-471-4452', 'BDG-472-4453', 'BDG-473-4454', 'BDG-474-4455', 'BDG-475-4511', 'BDG-476-4512', 'BDG-477-4513', 'BDG-478-4514', 'BDG-479-4515', 'BDG-480-4521', 'BDG-481-4522', 'BDG-482-4523', 'BDG-483-4524', 'BDG-484-4525', 'BDG-485-4531', 'BDG-486-4532', 'BDG-487-4533', 'BDG-488-4534', 'BDG-489-4535', 'BDG-490-4541', 'BDG-491-4542', 'BDG-492-4543', 'BDG-493-4544', 'BDG-494-4545', 'BDG-495-4551', 'BDG-496-4552', 'BDG-497-4553', 'BDG-498-4554', 'BDG-499-4555', 'BDG-500-5111', 'BDG-501-5112', 'BDG-502-5113', 'BDG-503-5114', 'BDG-504-5115', 'BDG-505-5121', 'BDG-506-5122', 'BDG-507-5123', 'BDG-508-5124', 'BDG-509-5125', 'BDG-510-5131', 'BDG-511-5132', 'BDG-512-5133', 'BDG-513-5134', 'BDG-514-5135', 'BDG-515-5141', 'BDG-516-5142', 'BDG-517-5143', 'BDG-518-5144', 'BDG-519-5145', 'BDG-520-5151', 'BDG-521-5152', 'BDG-522-5153', 'BDG-523-5154', 'BDG-524-5155', 'BDG-525-5211', 'BDG-526-5212', 'BDG-527-5213', 'BDG-528-5214', 'BDG-529-5215', 'BDG-530-5221', 'BDG-531-5222', 'BDG-532-5223', 'BDG-533-5224', 'BDG-534-5225', 'BDG-535-5231', 'BDG-536-5232', 'BDG-537-5233', 'BDG-538-5234', 'BDG-539-5235', 'BDG-540-5241', 'BDG-541-5242', 'BDG-542-5243', 'BDG-543-5244', 'BDG-544-5245', 'BDG-545-5251', 'BDG-546-5252', 'BDG-547-5253', 'BDG-548-5254', 'BDG-549-5255', 'BDG-550-5311', 'BDG-551-5312', 'BDG-552-5313', 'BDG-553-5314', 'BDG-554-5315', 'BDG-555-5321', 'BDG-556-5322', 'BDG-557-5323', 'BDG-558-5324', 'BDG-559-5325', 'BDG-560-5331', 'BDG-561-5332', 'BDG-562-5333', 'BDG-563-5334', 'BDG-564-5335', 'BDG-565-5341', 'BDG-566-5342', 'BDG-567-5343', 'BDG-568-5344', 'BDG-569-5345', 'BDG-570-5351', 'BDG-571-5352', 'BDG-572-5353', 'BDG-573-5354', 'BDG-574-5355', 'BDG-575-5411', 'BDG-576-5412', 'BDG-577-5413', 'BDG-578-5414', 'BDG-579-5415', 'BDG-580-5421', 'BDG-581-5422', 'BDG-582-5423', 'BDG-583-5424', 'BDG-584-5425', 'BDG-585-5431', 'BDG-586-5432', 'BDG-587-5433', 'BDG-588-5434', 'BDG-589-5435', 'BDG-590-5441', 'BDG-591-5442', 'BDG-592-5443', 'BDG-593-5444', 'BDG-594-5445', 'BDG-595-5451', 'BDG-596-5452', 'BDG-597-5453', 'BDG-598-5454', 'BDG-599-5455', 'BDG-600-5511', 'BDG-601-5512', 'BDG-602-5513', 'BDG-603-5514', 'BDG-604-5515', 'BDG-605-5521', 'BDG-606-5522', 'BDG-607-5523', 'BDG-608-5524', 'BDG-609-5525', 'BDG-610-5531', 'BDG-611-5532', 'BDG-612-5533', 'BDG-613-5534', 'BDG-614-5535', 'BDG-615-5541', 'BDG-616-5542', 'BDG-617-5543', 'BDG-618-5544', 'BDG-619-5545', 'BDG-620-5551', 'BDG-621-5552', 'BDG-622-5553', 'BDG-623-5554', 'BDG-624-5555']}",0,5,16,1733257090,BDG-353-3514,TREE-1.2-0.0-0.0,"['6c7c7d0e-9b28-49a3-a8ae-a038288cb0a1', '44997a74-c08b-467a-b3c9-7492a6bde261']","['participant', 'participant']","['dent-square', 'dent-square']","['hsla(165, 54%, 40%, 1.0)', 'hsla(114, 51%, 63%, 1.0)']","[[1.0, 0.17784256559766765], [0.17784256559766765, 1.0]]","{0: '', 1: 'A', 2: 'B'}",,1,after,"[False, False]","{'max': 21, 'min': 21, 'avg': 21.0, 'root': 12}","[0, 0]","[125, 124]",sequential,chance,chance,"[1.0, 1.0]","[0.5, 1.0]","[0.5, 1.0]","[0.5, 1.0]","[0.625, 0.0]","[0.375, 0.0]",[[0]],[[1]],[[2]],"(0, 12)","(12, 21)","(12, 21)",{},{},{},"['A', 'B']",[],[],0,0,3,5,1,4,A,,,,,,,A,,,,,"{'rtype': 'select-node', 'rtimedn': 5.972, 'rtimeup': 5.972}",,,,,,,"{'rtype': 'select-node', 'rtimedn': 6.155, 'rtimeup': 6.155}",,,,
group_size,"{'distribution': [0, 1, 0, 0], 'apply': True}",1,0,16,1733257107,BDG-266-3142,TREE-1.2-0.0-0.0,"['ac225116-14bc-429f-b2d5-8c4643505c01', 'a35a2a09-0e5b-4c89-b416-0180cdf67736']","['participant', 'participant']","['circle', 'star-six']","['hsla(8, 54%, 64%, 1.0)', 'hsla(351, 79%, 51%, 1.0)']","[[1.0, 0.11825801749271138], [0.11825801749271138, 1.0]]","{0: '', 1: 'A', 2: 'B'}",,2,after,"[False, False]","{'max': 21, 'min': 21, 'avg': 21.0, 'root': 12}","[0, 0]","[123, 142]",sequential,chance,chance,"[1.0, 1.0]","[0.5, 1.0]","[0.5, 1.0]","[0.5, 1.0]","[0.625, 0.0]","[0.375, 0.0]",[[0]],[[1]],[[2]],"(0, 12)","(12, 21)","(12, 21)",{},{},{},"['A', 'B']",[],[],0,0,3,1,4,2,B,,,,,,,B,,,,,"{'rtype': 'select-node', 'rtimedn': 7.796, 'rtimeup': 7.796}",,,,,,,"{'rtype': 'select-node', 'rtimedn': 7.922, 'rtimeup': 7.922}",,,,
,,3,3,16,1733257136,BDG-096-1452,TREE-1.2-0.0-0.0,"['4e6fbdd5-31f9-458d-8cc0-2e7ab78019e6', '56064979-2a1e-4fcf-921e-09debb413eaa']","['participant', 'participant']","['moon', 'circle']","['hsla(123, 55%, 48%, 1.0)', 'hsla(79, 92%, 65%, 1.0)']","[[1.0, 0.17784256559766765], [0.17784256559766765, 1.0]]","{0: '', 1: 'A', 2: 'B'}",,2,after,"[False, False]","{'max': 21, 'min': 21, 'avg': 21.0, 'root': 12}","[0, 0]","[117, 132]",sequential,chance,chance,"[1.0, 1.0]","[0.5, 1.0]","[0.5, 1.0]","[0.5, 1.0]","[0.625, 0.0]","[0.375, 0.0]",[[0]],[[1]],[[2]],"(0, 12)","(12, 21)","(12, 21)",{},{},{},"['A', 'B']",[],[],0,0,1,4,5,2,B,,,,,,,B,,,,,"{'rtype': 'select-node', 'rtimedn': 10.784, 'rtimeup': 10.784}",,,,,,,"{'rtype': 'select-node', 'rtimedn': 10.848, 'rtimeup': 10.848}",,,,
robots,"{'self_value': {'apply': True, 'distribution_type': 'point', 'interval': [1, 1], 'coefficients': [1, 1]}, 'other_value': {'apply': True, 'distribution_type': 'point', 'interval': [0, 0], 'coefficients': [0, 1]}, 'normal_envy': {'apply': True, 'distribution_type': 'point', 'interval': [0, 0], 'coefficients': [0, 1]}, 'reverse_envy': {'apply': True, 'distribution_type': 'point', 'interval': [0, 0], 'coefficients': [0, 1]}, 'risk_preference': {'apply': True, 'distribution_type': 'point', 'interval': [0, 0], 'coefficients': [0, 1]}, 'loss_preference': {'apply': True, 'distribution_type': 'point', 'interval': [0, 0], 'coefficients': [0, 1]}, 'reasoning_depth': {'apply': True, 'distribution_type': 'point', 'interval': [3, 3], 'coefficients': [3, 1]}, 'time_discount': {'apply': True, 'distribution_type': 'point', 'interval': [0, 0], 'coefficients': [0, 1]}, 'reaction_time': {'apply': True, 'distribution_type': 'uniform', 'interval': [0, 1], 'coefficients': [1, 1]}}",1,1,16,1733257109,BDG-529-5215,TREE-1.2-0.0-0.0,"['b19d3db0-5631-4177-af52-32b44b4c6ee4', '6c7c7d0e-9b28-49a3-a8ae-a038288cb0a1']","['participant', 'participant']","['cross', 'dent-square']","['hsla(73, 80%, 59%, 1.0)', 'hsla(165, 54%, 40%, 1.0)']","[[1.0, 0.15743440233236153], [0.15743440233236153, 1.0]]","{0: '', 1: 'A', 2: 'B'}",,1,after,"[True, True]","{'max': 21, 'min': 21, 'avg': 21.0, 'root': 12}","[-10, -10]","[89, 125]",sequential,chance,chance,"[1.0, 1.0]","[0.5, 1.0]","[0.5, 1.0]","[0.5, 1.0]","[0.375, 0.0]","[0.625, 0.0]",[[0]],[[1]],[[2]],"(0, 12)","(12, 21)","(12, 21)",{},{},{},"['A', 'B']",[],[],0,0,5,2,1,5,A,,,,,,,B,,,,,"{'rtype': , 'rtimedn': 13, 'rtimeup': 13}",,,,,,,"{'rtype': , 'rtimedn': 13, 'rtimeup': 13}",,,,
truthfulness,"{'apply': True, 'distribution_type': 'uniform', 'interval': [0, 1], 'coefficients': [1, 1]}",1,2,16,1733257106,BDG-528-5214,TREE-1.2-0.0-0.0,"['af883de6-a408-47aa-88dd-be481eabbd68', '4e6fbdd5-31f9-458d-8cc0-2e7ab78019e6']","['participant', 'participant']","['stop-sign', 'moon']","['hsla(154, 54%, 56%, 1.0)', 'hsla(123, 55%, 48%, 1.0)']","[[1.0, 0.03152332361516035], [0.03152332361516035, 1.0]]","{0: '', 1: 'A', 2: 'B'}",,1,after,"[False, False]","{'max': 21, 'min': 21, 'avg': 21.0, 'root': 12}","[0, 0]","[132, 117]",sequential,chance,chance,"[1.0, 1.0]","[0.5, 1.0]","[0.5, 1.0]","[0.5, 1.0]","[0.625, 0.0]","[0.375, 0.0]",[[0]],[[1]],[[2]],"(0, 12)","(12, 21)","(12, 21)",{},{},{},"['A', 'B']",[],[],0,0,5,2,1,4,A,,,,,,,A,,,,,"{'rtype': 'select-node', 'rtimedn': 7.559, 'rtimeup': 7.559}",,,,,,,"{'rtype': 'select-node', 'rtimedn': 7.761, 'rtimeup': 7.761}",,,,
complexity,"{'apply': True, 'distribution_type': 'uniform', 'interval': [0, 1], 'coefficients': [1, 1]}",1,3,16,1733257108,BDG-233-2524,TREE-1.2-0.0-0.0,"['56064979-2a1e-4fcf-921e-09debb413eaa', 'bf1ced06-3c98-481a-b525-b0ff789e92c2']","['participant', 'participant']","['circle', 'stop-sign']","['hsla(79, 92%, 65%, 1.0)', 'hsla(77, 55%, 64%, 1.0)']","[[1.0, 0.15743440233236153], [0.15743440233236153, 1.0]]","{0: '', 1: 'A', 2: 'B'}",,1,after,"[False, False]","{'max': 21, 'min': 21, 'avg': 21.0, 'root': 12}","[0, 0]","[132, 123]",sequential,chance,chance,"[1.0, 1.0]","[0.5, 1.0]","[0.5, 1.0]","[0.5, 1.0]","[0.625, 0.0]","[0.375, 0.0]",[[0]],[[1]],[[2]],"(0, 12)","(12, 21)","(12, 21)",{},{},{},"['A', 'B']",[],[],0,0,2,5,2,4,A,,,,,,,A,,,,,"{'rtype': 'select-node', 'rtimedn': 8.015, 'rtimeup': 8.015}",,,,,,,"{'rtype': 'select-node', 'rtimedn': 7.978, 'rtimeup': 7.978}",,,,
agency,"{'apply': True, 'distribution_type': 'uniform', 'interval': [0, 1], 'coefficients': [1, 1]}",1,4,16,1733257106,BDG-244-2545,TREE-1.2-0.0-0.0,"['10360ec1-5cca-472f-a34e-f1c438e70709', '44997a74-c08b-467a-b3c9-7492a6bde261']","['participant', 'participant']","['cross', 'dent-square']","['hsla(114, 90%, 64%, 1.0)', 'hsla(114, 51%, 63%, 1.0)']","[[1.0, 0.15743440233236153], [0.15743440233236153, 1.0]]","{0: '', 1: 'A', 2: 'B'}",,1,after,"[False, False]","{'max': 21, 'min': 21, 'avg': 21.0, 'root': 12}","[0, 0]","[87, 124]",sequential,chance,chance,"[1.0, 1.0]","[0.5, 1.0]","[0.5, 1.0]","[0.5, 1.0]","[0.625, 0.0]","[0.375, 0.0]",[[0]],[[1]],[[2]],"(0, 12)","(12, 21)","(12, 21)",{},{},{},"['A', 'B']",[],[],0,0,2,5,4,5,A,,,,,,,A,,,,,"{'rtype': 'select-node', 'rtimedn': 7.63, 'rtimeup': 7.63}",,,,,,,"{'rtype': 'select-node', 'rtimedn': 7.728, 'rtimeup': 7.728}",,,,
base_url,https://yourschool.sona-systems.com/webstudy_credit.aspx,1,5,16,1733257108,BDG-241-2542,TREE-1.2-0.0-0.0,"['eede0c44-416a-4587-96b5-ce08abfb5509', 'dc7aa794-aaf0-4594-aa67-6466cf997e02']","['participant', 'participant']","['flower', 'hexagon']","['hsla(140, 57%, 43%, 1.0)', 'hsla(163, 93%, 42%, 1.0)']","[[1.0, 0.03152332361516035], [0.03152332361516035, 1.0]]","{0: '', 1: 'A', 2: 'B'}",,1,after,"[False, False]","{'max': 21, 'min': 21, 'avg': 21.0, 'root': 12}","[0, 0]","[123, 137]",sequential,chance,chance,"[1.0, 1.0]","[0.5, 1.0]","[0.5, 1.0]","[0.5, 1.0]","[0.375, 0.0]","[0.625, 0.0]",[[0]],[[1]],[[2]],"(0, 12)","(12, 21)","(12, 21)",{},{},{},"['A', 'B']",[],[],0,0,2,5,4,2,A,,,,,,,B,,,,,"{'rtype': 'select-node', 'rtimedn': 7.421, 'rtimeup': 7.421}",,,,,,,"{'rtype': 'select-node', 'rtimedn': 7.943, 'rtimeup': 7.943}",,,,
instructions,['No additional instructions.'],2,0,16,1733257122,BDG-115-1541,TREE-1.2-0.0-0.0,"['a35a2a09-0e5b-4c89-b416-0180cdf67736', 'b19d3db0-5631-4177-af52-32b44b4c6ee4']","['participant', 'participant']","['star-six', 'cross']","['hsla(351, 79%, 51%, 1.0)', 'hsla(73, 80%, 59%, 1.0)']","[[1.0, 0.06778425655976676], [0.06778425655976676, 1.0]]","{0: '', 1: 'A', 2: 'B'}",,2,after,"[False, False]","{'max': 21, 'min': 21, 'avg': 21.0, 'root': 12}","[0, 0]","[142, 89]",sequential,chance,chance,"[1.0, 1.0]","[0.5, 1.0]","[0.5, 1.0]","[0.5, 1.0]","[0.625, 0.0]","[0.375, 0.0]",[[0]],[[1]],[[2]],"(0, 12)","(12, 21)","(12, 21)",{},{},{},"['A', 'B']",[],[],0,0,1,5,4,1,B,,,,,,,B,,,,,"{'rtype': 'select-node', 'rtimedn': 9.218, 'rtimeup': 9.218}",,,,,,,"{'rtype': 'select-node', 'rtimedn': 9.521, 'rtimeup': 9.521}",,,,
,,3,4,16,1733257135,BDG-543-5244,TREE-1.2-0.0-0.0,"['ac225116-14bc-429f-b2d5-8c4643505c01', 'b19d3db0-5631-4177-af52-32b44b4c6ee4']","['participant', 'participant']","['circle', 'cross']","['hsla(8, 54%, 64%, 1.0)', 'hsla(73, 80%, 59%, 1.0)']","[[1.0, 0.1716472303206997], [0.1716472303206997, 1.0]]","{0: '', 1: 'A', 2: 'B'}",,2,after,"[False, False]","{'max': 21, 'min': 21, 'avg': 21.0, 'root': 12}","[0, 0]","[123, 89]",sequential,chance,chance,"[1.0, 1.0]","[0.5, 1.0]","[0.5, 1.0]","[0.5, 1.0]","[0.625, 0.0]","[0.375, 0.0]",[[0]],[[1]],[[2]],"(0, 12)","(12, 21)","(12, 21)",{},{},{},"['A', 'B']",[],[],0,0,5,2,4,4,B,,,,,,,A,,,,,"{'rtype': 'select-node', 'rtimedn': 10.312, 'rtimeup': 10.312}",,,,,,,"{'rtype': 'select-node', 'rtimedn': 10.781, 'rtimeup': 10.781}",,,,
consent,"['UNIVERSITY OF MICHIGAN', 'CONSENT TO BE PART OF A RESEARCH STUDY HUM00243214', 'Platform Title: The Morality Game', 'Platform Creator: Gregory Stanley, Ph.D. Candidate, University of Michigan', 'Faculty Advisor: Jun Zhang, Professor of Psychology, University of Michigan', 'Thank you for your interest in participating in this experiment.  This is an unpaid experiment.  You will receive credit for 1 hour of Subject Pool participation.  Please be ready for 1 hour of continuous participation.  If you are inactive for over 2 minutes, the system will automatically eject you from the experiment.  Your counterparts are human participants, unless they drop out of the experiment, in which case they will be replaced by artificial agents.  Please feel free to contact me, Greg, at (714) 454-0435 if you have any questions.  All other information relevant to your consent was covered by the platform general-consent form in the tutorial.  You must be 18 years of age or older to participate in this study.', '']",2,1,16,1733257122,BDG-280-3221,TREE-1.2-0.0-0.0,"['6c7c7d0e-9b28-49a3-a8ae-a038288cb0a1', '4e6fbdd5-31f9-458d-8cc0-2e7ab78019e6']","['participant', 'participant']","['dent-square', 'moon']","['hsla(165, 54%, 40%, 1.0)', 'hsla(123, 55%, 48%, 1.0)']","[[1.0, 0.04865160349854227], [0.04865160349854227, 1.0]]","{0: '', 1: 'A', 2: 'B'}",,1,after,"[False, False]","{'max': 21, 'min': 21, 'avg': 21.0, 'root': 12}","[0, 0]","[125, 117]",sequential,chance,chance,"[1.0, 1.0]","[0.5, 1.0]","[0.5, 1.0]","[0.5, 1.0]","[0.625, 0.0]","[0.375, 0.0]",[[0]],[[1]],[[2]],"(0, 12)","(12, 21)","(12, 21)",{},{},{},"['A', 'B']",[],[],0,0,3,2,2,1,A,,,,,,,B,,,,,"{'rtype': 'select-node', 'rtimedn': 9.007, 'rtimeup': 9.007}",,,,,,,"{'rtype': 'select-node', 'rtimedn': 9.373, 'rtimeup': 9.373}",,,,
experiment_code,eGfzR5QoOZLq,2,2,16,1733257122,BDG-320-3351,TREE-1.2-0.0-0.0,"['bf1ced06-3c98-481a-b525-b0ff789e92c2', 'dc7aa794-aaf0-4594-aa67-6466cf997e02']","['participant', 'participant']","['stop-sign', 'hexagon']","['hsla(77, 55%, 64%, 1.0)', 'hsla(163, 93%, 42%, 1.0)']","[[1.0, 0.08473032069970846], [0.08473032069970846, 1.0]]","{0: '', 1: 'A', 2: 'B'}",,1,after,"[False, False]","{'max': 21, 'min': 21, 'avg': 21.0, 'root': 12}","[0, 0]","[123, 137]",sequential,chance,chance,"[1.0, 1.0]","[0.5, 1.0]","[0.5, 1.0]","[0.5, 1.0]","[0.375, 0.0]","[0.625, 0.0]",[[0]],[[1]],[[2]],"(0, 12)","(12, 21)","(12, 21)",{},{},{},"['A', 'B']",[],[],0,0,3,3,5,1,A,,,,,,,B,,,,,"{'rtype': 'select-node', 'rtimedn': 9.358, 'rtimeup': 9.358}",,,,,,,"{'rtype': 'select-node', 'rtimedn': 9.086, 'rtimeup': 9.086}",,,,
experiment_type,pilot,2,3,16,1733257123,BDG-600-5511,TREE-1.2-0.0-0.0,"['eede0c44-416a-4587-96b5-ce08abfb5509', 'ac225116-14bc-429f-b2d5-8c4643505c01']","['participant', 'participant']","['flower', 'circle']","['hsla(140, 57%, 43%, 1.0)', 'hsla(8, 54%, 64%, 1.0)']","[[1.0, 0.15743440233236153], [0.15743440233236153, 1.0]]","{0: '', 1: 'A', 2: 'B'}",,2,after,"[False, False]","{'max': 21, 'min': 21, 'avg': 21.0, 'root': 12}","[0, 0]","[123, 123]",sequential,chance,chance,"[1.0, 1.0]","[0.5, 1.0]","[0.5, 1.0]","[0.5, 1.0]","[0.375, 0.0]","[0.625, 0.0]",[[0]],[[1]],[[2]],"(0, 12)","(12, 21)","(12, 21)",{},{},{},"['A', 'B']",[],[],0,0,5,5,1,1,B,,,,,,,A,,,,,"{'rtype': 'select-node', 'rtimedn': 8.839, 'rtimeup': 8.839}",,,,,,,"{'rtype': 'select-node', 'rtimedn': 8.96, 'rtimeup': 8.96}",,,,
status,open,2,4,16,1733257120,BDG-306-3322,TREE-1.2-0.0-0.0,"['10360ec1-5cca-472f-a34e-f1c438e70709', '44997a74-c08b-467a-b3c9-7492a6bde261']","['participant', 'participant']","['cross', 'dent-square']","['hsla(114, 90%, 64%, 1.0)', 'hsla(114, 51%, 63%, 1.0)']","[[1.0, 0.15743440233236153], [0.15743440233236153, 1.0]]","{0: '', 1: 'A', 2: 'B'}",,1,after,"[False, False]","{'max': 21, 'min': 21, 'avg': 21.0, 'root': 12}","[0, 0]","[87, 124]",sequential,chance,chance,"[1.0, 1.0]","[0.5, 1.0]","[0.5, 1.0]","[0.5, 1.0]","[0.625, 0.0]","[0.375, 0.0]",[[0]],[[1]],[[2]],"(0, 12)","(12, 21)","(12, 21)",{},{},{},"['A', 'B']",[],[],0,0,3,3,2,2,A,,,,,,,B,,,,,"{'rtype': 'select-node', 'rtimedn': 8.968, 'rtimeup': 8.968}",,,,,,,"{'rtype': 'select-node', 'rtimedn': 9.185, 'rtimeup': 9.185}",,,,
start_date,2024-12-03-14:12,2,5,16,1733257120,BDG-372-3553,TREE-1.2-0.0-0.0,"['56064979-2a1e-4fcf-921e-09debb413eaa', 'af883de6-a408-47aa-88dd-be481eabbd68']","['participant', 'participant']","['circle', 'stop-sign']","['hsla(79, 92%, 65%, 1.0)', 'hsla(154, 54%, 56%, 1.0)']","[[1.0, 0.011297376093294462], [0.011297376093294462, 1.0]]","{0: '', 1: 'A', 2: 'B'}",,2,after,"[False, False]","{'max': 21, 'min': 21, 'avg': 21.0, 'root': 12}","[0, 0]","[132, 132]",sequential,chance,chance,"[1.0, 1.0]","[0.5, 1.0]","[0.5, 1.0]","[0.5, 1.0]","[0.625, 0.0]","[0.375, 0.0]",[[0]],[[1]],[[2]],"(0, 12)","(12, 21)","(12, 21)",{},{},{},"['A', 'B']",[],[],0,0,3,5,5,3,B,,,,,,,B,,,,,"{'rtype': 'select-node', 'rtimedn': 9.183, 'rtimeup': 9.183}",,,,,,,"{'rtype': 'select-node', 'rtimedn': 9.091, 'rtimeup': 9.091}",,,,
experimenter_uuid,90427df1-2b1e-4653-9e04-f86c9e4bfa2c,3,0,16,1733257131,BDG-144-2145,TREE-1.2-0.0-0.0,"['a35a2a09-0e5b-4c89-b416-0180cdf67736', '6c7c7d0e-9b28-49a3-a8ae-a038288cb0a1']","['participant', 'participant']","['star-six', 'dent-square']","['hsla(351, 79%, 51%, 1.0)', 'hsla(165, 54%, 40%, 1.0)']","[[1.0, 0.03152332361516035], [0.03152332361516035, 1.0]]","{0: '', 1: 'A', 2: 'B'}",,2,after,"[False, False]","{'max': 21, 'min': 21, 'avg': 21.0, 'root': 12}","[0, 0]","[142, 125]",sequential,chance,chance,"[1.0, 1.0]","[0.5, 1.0]","[0.5, 1.0]","[0.5, 1.0]","[0.625, 0.0]","[0.375, 0.0]",[[0]],[[1]],[[2]],"(0, 12)","(12, 21)","(12, 21)",{},{},{},"['A', 'B']",[],[],0,0,2,1,4,5,B,,,,,,,B,,,,,"{'rtype': 'select-node', 'rtimedn': 10.323, 'rtimeup': 10.323}",,,,,,,"{'rtype': 'select-node', 'rtimedn': 10.278, 'rtimeup': 10.278}",,,,
batches,"{'completed': 101, 'batch_study': True}",3,1,16,1733257132,BDG-294-3245,TREE-1.2-0.0-0.0,"['bf1ced06-3c98-481a-b525-b0ff789e92c2', 'af883de6-a408-47aa-88dd-be481eabbd68']","['participant', 'participant']","['stop-sign', 'stop-sign']","['hsla(77, 55%, 64%, 1.0)', 'hsla(154, 54%, 56%, 1.0)']","[[1.0, 0.17784256559766765], [0.17784256559766765, 1.0]]","{0: '', 1: 'A', 2: 'B'}",,2,after,"[False, False]","{'max': 21, 'min': 21, 'avg': 21.0, 'root': 12}","[0, 0]","[123, 132]",sequential,chance,chance,"[1.0, 1.0]","[0.5, 1.0]","[0.5, 1.0]","[0.5, 1.0]","[0.625, 0.0]","[0.375, 0.0]",[[0]],[[1]],[[2]],"(0, 12)","(12, 21)","(12, 21)",{},{},{},"['A', 'B']",[],[],0,0,3,2,4,5,B,,,,,,,B,,,,,"{'rtype': 'select-node', 'rtimedn': 10.349, 'rtimeup': 10.349}",,,,,,,"{'rtype': 'select-node', 'rtimedn': 10.448, 'rtimeup': 10.448}",,,,
predetermined_trials,,3,2,16,1733257135,BDG-310-3331,TREE-1.2-0.0-0.0,"['10360ec1-5cca-472f-a34e-f1c438e70709', 'eede0c44-416a-4587-96b5-ce08abfb5509']","['participant', 'participant']","['cross', 'flower']","['hsla(114, 90%, 64%, 1.0)', 'hsla(140, 57%, 43%, 1.0)']","[[1.0, 0.11825801749271138], [0.11825801749271138, 1.0]]","{0: '', 1: 'A', 2: 'B'}",,2,after,"[False, False]","{'max': 21, 'min': 21, 'avg': 21.0, 'root': 12}","[0, 0]","[87, 123]",sequential,chance,chance,"[1.0, 1.0]","[0.5, 1.0]","[0.5, 1.0]","[0.5, 1.0]","[0.625, 0.0]","[0.375, 0.0]",[[0]],[[1]],[[2]],"(0, 12)","(12, 21)","(12, 21)",{},{},{},"['A', 'B']",[],[],0,0,3,3,3,1,B,,,,,,,A,,,,,"{'rtype': 'select-node', 'rtimedn': 10.259, 'rtimeup': 10.259}",,,,,,,"{'rtype': 'select-node', 'rtimedn': 10.126, 'rtimeup': 10.126}",,,,
,,3,5,16,1733257134,BDG-362-3533,TREE-1.2-0.0-0.0,"['44997a74-c08b-467a-b3c9-7492a6bde261', 'dc7aa794-aaf0-4594-aa67-6466cf997e02']","['participant', 'participant']","['dent-square', 'hexagon']","['hsla(114, 51%, 63%, 1.0)', 'hsla(163, 93%, 42%, 1.0)']","[[1.0, 0.11825801749271138], [0.11825801749271138, 1.0]]","{0: '', 1: 'A', 2: 'B'}",,2,after,"[False, False]","{'max': 21, 'min': 21, 'avg': 21.0, 'root': 12}","[0, 0]","[124, 137]",sequential,chance,chance,"[1.0, 1.0]","[0.5, 1.0]","[0.5, 1.0]","[0.5, 1.0]","[0.625, 0.0]","[0.375, 0.0]",[[0]],[[1]],[[2]],"(0, 12)","(12, 21)","(12, 21)",{},{},{},"['A', 'B']",[],[],0,0,3,5,3,3,B,,,,,,,A,,,,,"{'rtype': 'select-node', 'rtimedn': 10.565, 'rtimeup': 10.565}",,,,,,,"{'rtype': 'select-node', 'rtimedn': 10.435, 'rtimeup': 10.435}",,,,
,,4,0,16,1733257151,BDG-351-3512,TREE-1.2-0.0-0.0,"['10360ec1-5cca-472f-a34e-f1c438e70709', 'eede0c44-416a-4587-96b5-ce08abfb5509']","['participant', 'participant']","['cross', 'flower']","['hsla(114, 90%, 64%, 1.0)', 'hsla(140, 57%, 43%, 1.0)']","[[1.0, 0.11825801749271138], [0.11825801749271138, 1.0]]","{0: '', 1: 'A', 2: 'B'}",,2,after,"[False, True]","{'max': 21, 'min': 21, 'avg': 21.0, 'root': 12}","[0, -10]","[87, 123]",sequential,chance,chance,"[1.0, 1.0]","[0.5, 1.0]","[0.5, 1.0]","[0.5, 1.0]","[0.375, 0.0]","[0.625, 0.0]",[[0]],[[1]],[[2]],"(0, 12)","(12, 21)","(12, 21)",{},{},{},"['A', 'B']",[],[],0,0,3,5,1,2,B,,,,,,,A,,,,,"{'rtype': 'select-node', 'rtimedn': 11.831, 'rtimeup': 11.831}",,,,,,,"{'rtype': , 'rtimedn': 13, 'rtimeup': 13}",,,,
,,4,1,16,1733257147,BDG-069-1345,TREE-1.2-0.0-0.0,"['bf1ced06-3c98-481a-b525-b0ff789e92c2', '56064979-2a1e-4fcf-921e-09debb413eaa']","['participant', 'participant']","['stop-sign', 'circle']","['hsla(77, 55%, 64%, 1.0)', 'hsla(79, 92%, 65%, 1.0)']","[[1.0, 0.15743440233236153], [0.15743440233236153, 1.0]]","{0: '', 1: 'A', 2: 'B'}",,1,after,"[False, False]","{'max': 21, 'min': 21, 'avg': 21.0, 'root': 12}","[0, 0]","[123, 132]",sequential,chance,chance,"[1.0, 1.0]","[0.5, 1.0]","[0.5, 1.0]","[0.5, 1.0]","[0.375, 0.0]","[0.625, 0.0]",[[0]],[[1]],[[2]],"(0, 12)","(12, 21)","(12, 21)",{},{},{},"['A', 'B']",[],[],0,0,1,3,4,5,A,,,,,,,B,,,,,"{'rtype': 'select-node', 'rtimedn': 11.724, 'rtimeup': 11.724}",,,,,,,"{'rtype': 'select-node', 'rtimedn': 11.947, 'rtimeup': 11.947}",,,,
,,4,2,16,1733257146,BDG-322-3353,TREE-1.2-0.0-0.0,"['4e6fbdd5-31f9-458d-8cc0-2e7ab78019e6', '6c7c7d0e-9b28-49a3-a8ae-a038288cb0a1']","['participant', 'participant']","['moon', 'dent-square']","['hsla(123, 55%, 48%, 1.0)', 'hsla(165, 54%, 40%, 1.0)']","[[1.0, 0.04865160349854227], [0.04865160349854227, 1.0]]","{0: '', 1: 'A', 2: 'B'}",,2,after,"[False, False]","{'max': 21, 'min': 21, 'avg': 21.0, 'root': 12}","[0, 0]","[117, 125]",sequential,chance,chance,"[1.0, 1.0]","[0.5, 1.0]","[0.5, 1.0]","[0.5, 1.0]","[0.375, 0.0]","[0.625, 0.0]",[[0]],[[1]],[[2]],"(0, 12)","(12, 21)","(12, 21)",{},{},{},"['A', 'B']",[],[],0,0,3,3,5,3,B,,,,,,,B,,,,,"{'rtype': 'select-node', 'rtimedn': 11.791, 'rtimeup': 11.791}",,,,,,,"{'rtype': 'select-node', 'rtimedn': 11.748, 'rtimeup': 11.748}",,,,
,,4,3,16,1733257149,BDG-547-5253,TREE-1.2-0.0-0.0,"['a35a2a09-0e5b-4c89-b416-0180cdf67736', 'b19d3db0-5631-4177-af52-32b44b4c6ee4']","['participant', 'participant']","['star-six', 'cross']","['hsla(351, 79%, 51%, 1.0)', 'hsla(73, 80%, 59%, 1.0)']","[[1.0, 0.06778425655976676], [0.06778425655976676, 1.0]]","{0: '', 1: 'A', 2: 'B'}",,1,after,"[False, True]","{'max': 21, 'min': 21, 'avg': 21.0, 'root': 12}","[0, -10]","[142, 89]",sequential,chance,chance,"[1.0, 1.0]","[0.5, 1.0]","[0.5, 1.0]","[0.5, 1.0]","[0.375, 0.0]","[0.625, 0.0]",[[0]],[[1]],[[2]],"(0, 12)","(12, 21)","(12, 21)",{},{},{},"['A', 'B']",[],[],0,0,5,2,5,3,A,,,,,,,B,,,,,"{'rtype': 'select-node', 'rtimedn': 11.765, 'rtimeup': 11.765}",,,,,,,"{'rtype': 'select-node', 'rtimedn': 12.184, 'rtimeup': 12.184}",,,,
,,4,4,16,1733257146,BDG-410-4231,TREE-1.2-0.0-0.0,"['ac225116-14bc-429f-b2d5-8c4643505c01', 'dc7aa794-aaf0-4594-aa67-6466cf997e02']","['participant', 'participant']","['circle', 'hexagon']","['hsla(8, 54%, 64%, 1.0)', 'hsla(163, 93%, 42%, 1.0)']","[[1.0, 0.17784256559766765], [0.17784256559766765, 1.0]]","{0: '', 1: 'A', 2: 'B'}",,1,after,"[False, False]","{'max': 21, 'min': 21, 'avg': 21.0, 'root': 12}","[0, 0]","[123, 137]",sequential,chance,chance,"[1.0, 1.0]","[0.5, 1.0]","[0.5, 1.0]","[0.5, 1.0]","[0.375, 0.0]","[0.625, 0.0]",[[0]],[[1]],[[2]],"(0, 12)","(12, 21)","(12, 21)",{},{},{},"['A', 'B']",[],[],0,0,4,2,3,1,A,,,,,,,A,,,,,"{'rtype': 'select-node', 'rtimedn': 11.759, 'rtimeup': 11.759}",,,,,,,"{'rtype': 'select-node', 'rtimedn': 11.854, 'rtimeup': 11.854}",,,,
,,4,5,16,1733257151,BDG-143-2144,TREE-1.2-0.0-0.0,"['44997a74-c08b-467a-b3c9-7492a6bde261', 'af883de6-a408-47aa-88dd-be481eabbd68']","['participant', 'participant']","['dent-square', 'stop-sign']","['hsla(114, 51%, 63%, 1.0)', 'hsla(154, 54%, 56%, 1.0)']","[[1.0, 0.08473032069970846], [0.08473032069970846, 1.0]]","{0: '', 1: 'A', 2: 'B'}",,1,after,"[True, False]","{'max': 21, 'min': 21, 'avg': 21.0, 'root': 12}","[-10, 0]","[124, 132]",sequential,chance,chance,"[1.0, 1.0]","[0.5, 1.0]","[0.5, 1.0]","[0.5, 1.0]","[0.375, 0.0]","[0.625, 0.0]",[[0]],[[1]],[[2]],"(0, 12)","(12, 21)","(12, 21)",{},{},{},"['A', 'B']",[],[],0,0,2,1,4,4,A,,,,,,,B,,,,,"{'rtype': , 'rtimedn': 13, 'rtimeup': 13}",,,,,,,"{'rtype': 'select-node', 'rtimedn': 11.708, 'rtimeup': 11.708}",,,,
,,5,0,16,1733257161,BDG-071-1352,TREE-1.2-0.0-0.0,"['ac225116-14bc-429f-b2d5-8c4643505c01', 'dc7aa794-aaf0-4594-aa67-6466cf997e02']","['participant', 'participant']","['circle', 'hexagon']","['hsla(8, 54%, 64%, 1.0)', 'hsla(163, 93%, 42%, 1.0)']","[[1.0, 0.17784256559766765], [0.17784256559766765, 1.0]]","{0: '', 1: 'A', 2: 'B'}",,2,after,"[True, True]","{'max': 21, 'min': 21, 'avg': 21.0, 'root': 12}","[-10, -10]","[123, 137]",sequential,chance,chance,"[1.0, 1.0]","[0.5, 1.0]","[0.5, 1.0]","[0.5, 1.0]","[0.375, 0.0]","[0.625, 0.0]",[[0]],[[1]],[[2]],"(0, 12)","(12, 21)","(12, 21)",{},{},{},"['A', 'B']",[],[],0,0,1,3,5,2,B,,,,,,,B,,,,,"{'rtype': 'select-node', 'rtimedn': 13.272, 'rtimeup': 13.272}",,,,,,,"{'rtype': 'select-node', 'rtimedn': 13.304, 'rtimeup': 13.304}",,,,
,,5,1,16,1733257164,BDG-525-5211,TREE-1.2-0.0-0.0,"['56064979-2a1e-4fcf-921e-09debb413eaa', 'b19d3db0-5631-4177-af52-32b44b4c6ee4']","['participant', 'participant']","['circle', 'cross']","['hsla(79, 92%, 65%, 1.0)', 'hsla(73, 80%, 59%, 1.0)']","[[1.0, 0.11825801749271138], [0.11825801749271138, 1.0]]","{0: '', 1: 'A', 2: 'B'}",,1,after,"[True, True]","{'max': 21, 'min': 21, 'avg': 21.0, 'root': 12}","[-10, -10]","[132, 89]",sequential,chance,chance,"[1.0, 1.0]","[0.5, 1.0]","[0.5, 1.0]","[0.5, 1.0]","[0.375, 0.0]","[0.625, 0.0]",[[0]],[[1]],[[2]],"(0, 12)","(12, 21)","(12, 21)",{},{},{},"['A', 'B']",[],[],0,0,5,2,1,1,A,,,,,,,B,,,,,"{'rtype': 'select-node', 'rtimedn': 13.658, 'rtimeup': 13.658}",,,,,,,"{'rtype': 'select-node', 'rtimedn': 13.364, 'rtimeup': 13.364}",,,,
,,5,2,16,1733257164,BDG-199-2355,TREE-1.2-0.0-0.0,"['eede0c44-416a-4587-96b5-ce08abfb5509', 'af883de6-a408-47aa-88dd-be481eabbd68']","['participant', 'participant']","['flower', 'stop-sign']","['hsla(140, 57%, 43%, 1.0)', 'hsla(154, 54%, 56%, 1.0)']","[[1.0, 0.1716472303206997], [0.1716472303206997, 1.0]]","{0: '', 1: 'A', 2: 'B'}",,2,after,"[True, True]","{'max': 21, 'min': 21, 'avg': 21.0, 'root': 12}","[-10, -10]","[123, 132]",sequential,chance,chance,"[1.0, 1.0]","[0.5, 1.0]","[0.5, 1.0]","[0.5, 1.0]","[0.625, 0.0]","[0.375, 0.0]",[[0]],[[1]],[[2]],"(0, 12)","(12, 21)","(12, 21)",{},{},{},"['A', 'B']",[],[],0,0,2,3,5,5,B,,,,,,,B,,,,,"{'rtype': 'select-node', 'rtimedn': 12.96, 'rtimeup': 12.96}",,,,,,,"{'rtype': 'select-node', 'rtimedn': 13.419, 'rtimeup': 13.419}",,,,
,,5,3,16,1733257163,BDG-459-4425,TREE-1.2-0.0-0.0,"['a35a2a09-0e5b-4c89-b416-0180cdf67736', '4e6fbdd5-31f9-458d-8cc0-2e7ab78019e6']","['participant', 'participant']","['star-six', 'moon']","['hsla(351, 79%, 51%, 1.0)', 'hsla(123, 55%, 48%, 1.0)']","[[1.0, 0.09894314868804664], [0.09894314868804664, 1.0]]","{0: '', 1: 'A', 2: 'B'}",,1,after,"[True, True]","{'max': 21, 'min': 21, 'avg': 21.0, 'root': 12}","[-10, -10]","[142, 117]",sequential,chance,chance,"[1.0, 1.0]","[0.5, 1.0]","[0.5, 1.0]","[0.5, 1.0]","[0.375, 0.0]","[0.625, 0.0]",[[0]],[[1]],[[2]],"(0, 12)","(12, 21)","(12, 21)",{},{},{},"['A', 'B']",[],[],0,0,4,4,2,5,A,,,,,,,A,,,,,"{'rtype': 'select-node', 'rtimedn': 13.439, 'rtimeup': 13.439}",,,,,,,"{'rtype': 'select-node', 'rtimedn': 13.532, 'rtimeup': 13.532}",,,,
,,5,4,16,1733257166,BDG-565-5341,TREE-1.2-0.0-0.0,"['bf1ced06-3c98-481a-b525-b0ff789e92c2', '10360ec1-5cca-472f-a34e-f1c438e70709']","['participant', 'participant']","['stop-sign', 'cross']","['hsla(77, 55%, 64%, 1.0)', 'hsla(114, 90%, 64%, 1.0)']","[[1.0, 0.03152332361516035], [0.03152332361516035, 1.0]]","{0: '', 1: 'A', 2: 'B'}",,2,after,"[True, True]","{'max': 21, 'min': 21, 'avg': 21.0, 'root': 12}","[-10, -10]","[123, 87]",sequential,chance,chance,"[1.0, 1.0]","[0.5, 1.0]","[0.5, 1.0]","[0.5, 1.0]","[0.625, 0.0]","[0.375, 0.0]",[[0]],[[1]],[[2]],"(0, 12)","(12, 21)","(12, 21)",{},{},{},"['A', 'B']",[],[],0,0,5,3,4,1,B,,,,,,,A,,,,,"{'rtype': , 'rtimedn': 13, 'rtimeup': 13}",,,,,,,"{'rtype': 'select-node', 'rtimedn': 13.241, 'rtimeup': 13.241}",,,,
,,5,5,16,1733257159,BDG-425-4311,TREE-1.2-0.0-0.0,"['6c7c7d0e-9b28-49a3-a8ae-a038288cb0a1', '44997a74-c08b-467a-b3c9-7492a6bde261']","['participant', 'participant']","['dent-square', 'dent-square']","['hsla(165, 54%, 40%, 1.0)', 'hsla(114, 51%, 63%, 1.0)']","[[1.0, 0.17784256559766765], [0.17784256559766765, 1.0]]","{0: '', 1: 'A', 2: 'B'}",,1,after,"[True, True]","{'max': 21, 'min': 21, 'avg': 21.0, 'root': 12}","[-10, -10]","[125, 124]",sequential,chance,chance,"[1.0, 1.0]","[0.5, 1.0]","[0.5, 1.0]","[0.5, 1.0]","[0.625, 0.0]","[0.375, 0.0]",[[0]],[[1]],[[2]],"(0, 12)","(12, 21)","(12, 21)",{},{},{},"['A', 'B']",[],[],0,0,4,3,1,1,A,,,,,,,B,,,,,"{'rtype': 'select-node', 'rtimedn': 13.166, 'rtimeup': 13.166}",,,,,,,"{'rtype': 'select-node', 'rtimedn': 13.118, 'rtimeup': 13.118}",,,,
,,6,0,16,1733257176,BDG-369-3545,TREE-1.2-0.0-0.0,"['56064979-2a1e-4fcf-921e-09debb413eaa', 'ac225116-14bc-429f-b2d5-8c4643505c01']","['participant', 'participant']","['circle', 'circle']","['hsla(79, 92%, 65%, 1.0)', 'hsla(8, 54%, 64%, 1.0)']","[[1.0, 0.03152332361516035], [0.03152332361516035, 1.0]]","{0: '', 1: 'A', 2: 'B'}",,2,after,"[True, True]","{'max': 21, 'min': 21, 'avg': 21.0, 'root': 12}","[-10, -10]","[132, 123]",sequential,chance,chance,"[1.0, 1.0]","[0.5, 1.0]","[0.5, 1.0]","[0.5, 1.0]","[0.625, 0.0]","[0.375, 0.0]",[[0]],[[1]],[[2]],"(0, 12)","(12, 21)","(12, 21)",{},{},{},"['A', 'B']",[],[],0,0,3,5,4,5,B,,,,,,,B,,,,,"{'rtype': 'select-node', 'rtimedn': 14.69, 'rtimeup': 14.69}",,,,,,,"{'rtype': 'select-node', 'rtimedn': 14.737, 'rtimeup': 14.737}",,,,
,,6,1,16,1733257180,BDG-277-3213,TREE-1.2-0.0-0.0,"['b19d3db0-5631-4177-af52-32b44b4c6ee4', 'a35a2a09-0e5b-4c89-b416-0180cdf67736']","['participant', 'participant']","['cross', 'star-six']","['hsla(73, 80%, 59%, 1.0)', 'hsla(351, 79%, 51%, 1.0)']","[[1.0, 0.06778425655976676], [0.06778425655976676, 1.0]]","{0: '', 1: 'A', 2: 'B'}",,1,after,"[True, True]","{'max': 21, 'min': 21, 'avg': 21.0, 'root': 12}","[-10, -10]","[89, 142]",sequential,chance,chance,"[1.0, 1.0]","[0.5, 1.0]","[0.5, 1.0]","[0.5, 1.0]","[0.375, 0.0]","[0.625, 0.0]",[[0]],[[1]],[[2]],"(0, 12)","(12, 21)","(12, 21)",{},{},{},"['A', 'B']",[],[],0,0,3,2,1,3,A,,,,,,,A,,,,,"{'rtype': 'select-node', 'rtimedn': 15.251, 'rtimeup': 15.251}",,,,,,,"{'rtype': 'select-node', 'rtimedn': 14.91, 'rtimeup': 14.91}",,,,
,,6,2,16,1733257179,BDG-410-4231,TREE-1.2-0.0-0.0,"['4e6fbdd5-31f9-458d-8cc0-2e7ab78019e6', 'dc7aa794-aaf0-4594-aa67-6466cf997e02']","['participant', 'participant']","['moon', 'hexagon']","['hsla(123, 55%, 48%, 1.0)', 'hsla(163, 93%, 42%, 1.0)']","[[1.0, 0.15743440233236153], [0.15743440233236153, 1.0]]","{0: '', 1: 'A', 2: 'B'}",,1,after,"[True, True]","{'max': 21, 'min': 21, 'avg': 21.0, 'root': 12}","[-10, -10]","[117, 137]",sequential,chance,chance,"[1.0, 1.0]","[0.5, 1.0]","[0.5, 1.0]","[0.5, 1.0]","[0.375, 0.0]","[0.625, 0.0]",[[0]],[[1]],[[2]],"(0, 12)","(12, 21)","(12, 21)",{},{},{},"['A', 'B']",[],[],0,0,4,2,3,1,A,,,,,,,A,,,,,"{'rtype': 'select-node', 'rtimedn': 15.129, 'rtimeup': 15.129}",,,,,,,"{'rtype': 'select-node', 'rtimedn': 14.647, 'rtimeup': 14.647}",,,,
,,6,3,16,1733257178,BDG-013-1134,TREE-1.2-0.0-0.0,"['af883de6-a408-47aa-88dd-be481eabbd68', 'eede0c44-416a-4587-96b5-ce08abfb5509']","['participant', 'participant']","['stop-sign', 'flower']","['hsla(154, 54%, 56%, 1.0)', 'hsla(140, 57%, 43%, 1.0)']","[[1.0, 0.1716472303206997], [0.1716472303206997, 1.0]]","{0: '', 1: 'A', 2: 'B'}",,1,after,"[True, True]","{'max': 21, 'min': 21, 'avg': 21.0, 'root': 12}","[-10, -10]","[132, 123]",sequential,chance,chance,"[1.0, 1.0]","[0.5, 1.0]","[0.5, 1.0]","[0.5, 1.0]","[0.625, 0.0]","[0.375, 0.0]",[[0]],[[1]],[[2]],"(0, 12)","(12, 21)","(12, 21)",{},{},{},"['A', 'B']",[],[],0,0,1,1,3,4,A,,,,,,,B,,,,,"{'rtype': 'select-node', 'rtimedn': 14.933, 'rtimeup': 14.933}",,,,,,,"{'rtype': 'select-node', 'rtimedn': 14.376, 'rtimeup': 14.376}",,,,
,,6,4,16,1733257175,BDG-075-1411,TREE-1.2-0.0-0.0,"['bf1ced06-3c98-481a-b525-b0ff789e92c2', '6c7c7d0e-9b28-49a3-a8ae-a038288cb0a1']","['participant', 'participant']","['stop-sign', 'dent-square']","['hsla(77, 55%, 64%, 1.0)', 'hsla(165, 54%, 40%, 1.0)']","[[1.0, 0.06778425655976676], [0.06778425655976676, 1.0]]","{0: '', 1: 'A', 2: 'B'}",,1,after,"[True, True]","{'max': 21, 'min': 21, 'avg': 21.0, 'root': 12}","[-10, -10]","[123, 125]",sequential,chance,chance,"[1.0, 1.0]","[0.5, 1.0]","[0.5, 1.0]","[0.5, 1.0]","[0.375, 0.0]","[0.625, 0.0]",[[0]],[[1]],[[2]],"(0, 12)","(12, 21)","(12, 21)",{},{},{},"['A', 'B']",[],[],0,0,1,4,1,1,A,,,,,,,A,,,,,"{'rtype': 'select-node', 'rtimedn': 14.504, 'rtimeup': 14.504}",,,,,,,"{'rtype': 'select-node', 'rtimedn': 14.708, 'rtimeup': 14.708}",,,,
,,6,5,16,1733257177,BDG-546-5252,TREE-1.2-0.0-0.0,"['44997a74-c08b-467a-b3c9-7492a6bde261', '10360ec1-5cca-472f-a34e-f1c438e70709']","['participant', 'participant']","['dent-square', 'cross']","['hsla(114, 51%, 63%, 1.0)', 'hsla(114, 90%, 64%, 1.0)']","[[1.0, 0.15743440233236153], [0.15743440233236153, 1.0]]","{0: '', 1: 'A', 2: 'B'}",,1,after,"[True, True]","{'max': 21, 'min': 21, 'avg': 21.0, 'root': 12}","[-10, -10]","[124, 87]",sequential,chance,chance,"[1.0, 1.0]","[0.5, 1.0]","[0.5, 1.0]","[0.5, 1.0]","[0.625, 0.0]","[0.375, 0.0]",[[0]],[[1]],[[2]],"(0, 12)","(12, 21)","(12, 21)",{},{},{},"['A', 'B']",[],[],0,0,5,2,5,2,A,,,,,,,B,,,,,"{'rtype': 'select-node', 'rtimedn': 14.865, 'rtimeup': 14.865}",,,,,,,"{'rtype': 'select-node', 'rtimedn': 14.809, 'rtimeup': 14.809}",,,,
,,7,0,16,1733257190,BDG-373-3554,TREE-1.2-0.0-0.0,"['6c7c7d0e-9b28-49a3-a8ae-a038288cb0a1', 'af883de6-a408-47aa-88dd-be481eabbd68']","['participant', 'participant']","['dent-square', 'stop-sign']","['hsla(165, 54%, 40%, 1.0)', 'hsla(154, 54%, 56%, 1.0)']","[[1.0, 0.11825801749271138], [0.11825801749271138, 1.0]]","{0: '', 1: 'A', 2: 'B'}",,2,after,"[True, True]","{'max': 21, 'min': 21, 'avg': 21.0, 'root': 12}","[-10, -10]","[125, 132]",sequential,chance,chance,"[1.0, 1.0]","[0.5, 1.0]","[0.5, 1.0]","[0.5, 1.0]","[0.625, 0.0]","[0.375, 0.0]",[[0]],[[1]],[[2]],"(0, 12)","(12, 21)","(12, 21)",{},{},{},"['A', 'B']",[],[],0,0,3,5,5,4,B,,,,,,,B,,,,,"{'rtype': 'select-node', 'rtimedn': 16.185, 'rtimeup': 16.185}",,,,,,,"{'rtype': 'select-node', 'rtimedn': 16.221, 'rtimeup': 16.221}",,,,
,,7,1,16,1733257192,BDG-535-5231,TREE-1.2-0.0-0.0,"['bf1ced06-3c98-481a-b525-b0ff789e92c2', 'b19d3db0-5631-4177-af52-32b44b4c6ee4']","['participant', 'participant']","['stop-sign', 'cross']","['hsla(77, 55%, 64%, 1.0)', 'hsla(73, 80%, 59%, 1.0)']","[[1.0, 0.04865160349854227], [0.04865160349854227, 1.0]]","{0: '', 1: 'A', 2: 'B'}",,2,after,"[True, True]","{'max': 21, 'min': 21, 'avg': 21.0, 'root': 12}","[-10, -10]","[123, 89]",sequential,chance,chance,"[1.0, 1.0]","[0.5, 1.0]","[0.5, 1.0]","[0.5, 1.0]","[0.625, 0.0]","[0.375, 0.0]",[[0]],[[1]],[[2]],"(0, 12)","(12, 21)","(12, 21)",{},{},{},"['A', 'B']",[],[],0,0,5,2,3,1,B,,,,,,,A,,,,,"{'rtype': 'select-node', 'rtimedn': 15.785, 'rtimeup': 15.785}",,,,,,,"{'rtype': 'select-node', 'rtimedn': 16.541, 'rtimeup': 16.541}",,,,
,,7,2,16,1733257191,BDG-208-2424,TREE-1.2-0.0-0.0,"['eede0c44-416a-4587-96b5-ce08abfb5509', 'dc7aa794-aaf0-4594-aa67-6466cf997e02']","['participant', 'participant']","['flower', 'hexagon']","['hsla(140, 57%, 43%, 1.0)', 'hsla(163, 93%, 42%, 1.0)']","[[1.0, 0.03152332361516035], [0.03152332361516035, 1.0]]","{0: '', 1: 'A', 2: 'B'}",,1,after,"[True, True]","{'max': 21, 'min': 21, 'avg': 21.0, 'root': 12}","[-10, -10]","[123, 137]",sequential,chance,chance,"[1.0, 1.0]","[0.5, 1.0]","[0.5, 1.0]","[0.5, 1.0]","[0.625, 0.0]","[0.375, 0.0]",[[0]],[[1]],[[2]],"(0, 12)","(12, 21)","(12, 21)",{},{},{},"['A', 'B']",[],[],0,0,2,4,2,4,A,,,,,,,A,,,,,"{'rtype': 'select-node', 'rtimedn': 15.724, 'rtimeup': 15.724}",,,,,,,"{'rtype': 'select-node', 'rtimedn': 16.395, 'rtimeup': 16.395}",,,,
,,7,3,16,1733257193,BDG-538-5234,TREE-1.2-0.0-0.0,"['4e6fbdd5-31f9-458d-8cc0-2e7ab78019e6', '56064979-2a1e-4fcf-921e-09debb413eaa']","['participant', 'participant']","['moon', 'circle']","['hsla(123, 55%, 48%, 1.0)', 'hsla(79, 92%, 65%, 1.0)']","[[1.0, 0.17784256559766765], [0.17784256559766765, 1.0]]","{0: '', 1: 'A', 2: 'B'}",,1,after,"[True, True]","{'max': 21, 'min': 21, 'avg': 21.0, 'root': 12}","[-10, -10]","[117, 132]",sequential,chance,chance,"[1.0, 1.0]","[0.5, 1.0]","[0.5, 1.0]","[0.5, 1.0]","[0.375, 0.0]","[0.625, 0.0]",[[0]],[[1]],[[2]],"(0, 12)","(12, 21)","(12, 21)",{},{},{},"['A', 'B']",[],[],0,0,5,2,3,4,A,,,,,,,B,,,,,"{'rtype': 'select-node', 'rtimedn': 16.482, 'rtimeup': 16.482}",,,,,,,"{'rtype': 'select-node', 'rtimedn': 16.225, 'rtimeup': 16.225}",,,,
,,7,4,16,1733257189,BDG-036-1232,TREE-1.2-0.0-0.0,"['a35a2a09-0e5b-4c89-b416-0180cdf67736', '10360ec1-5cca-472f-a34e-f1c438e70709']","['participant', 'participant']","['star-six', 'cross']","['hsla(351, 79%, 51%, 1.0)', 'hsla(114, 90%, 64%, 1.0)']","[[1.0, 0.17784256559766765], [0.17784256559766765, 1.0]]","{0: '', 1: 'A', 2: 'B'}",,2,after,"[True, True]","{'max': 21, 'min': 21, 'avg': 21.0, 'root': 12}","[-10, -10]","[142, 87]",sequential,chance,chance,"[1.0, 1.0]","[0.5, 1.0]","[0.5, 1.0]","[0.5, 1.0]","[0.625, 0.0]","[0.375, 0.0]",[[0]],[[1]],[[2]],"(0, 12)","(12, 21)","(12, 21)",{},{},{},"['A', 'B']",[],[],0,0,1,2,3,2,B,,,,,,,B,,,,,"{'rtype': 'select-node', 'rtimedn': 16.167, 'rtimeup': 16.167}",,,,,,,"{'rtype': 'select-node', 'rtimedn': 16.042, 'rtimeup': 16.042}",,,,
,,7,5,16,1733257190,BDG-084-1425,TREE-1.2-0.0-0.0,"['44997a74-c08b-467a-b3c9-7492a6bde261', 'ac225116-14bc-429f-b2d5-8c4643505c01']","['participant', 'participant']","['dent-square', 'circle']","['hsla(114, 51%, 63%, 1.0)', 'hsla(8, 54%, 64%, 1.0)']","[[1.0, 0.09894314868804664], [0.09894314868804664, 1.0]]","{0: '', 1: 'A', 2: 'B'}",,1,after,"[True, True]","{'max': 21, 'min': 21, 'avg': 21.0, 'root': 12}","[-10, -10]","[124, 123]",sequential,chance,chance,"[1.0, 1.0]","[0.5, 1.0]","[0.5, 1.0]","[0.5, 1.0]","[0.375, 0.0]","[0.625, 0.0]",[[0]],[[1]],[[2]],"(0, 12)","(12, 21)","(12, 21)",{},{},{},"['A', 'B']",[],[],0,0,1,4,2,5,A,,,,,,,B,,,,,"{'rtype': 'select-node', 'rtimedn': 16.18, 'rtimeup': 16.18}",,,,,,,"{'rtype': 'select-node', 'rtimedn': 16.144, 'rtimeup': 16.144}",,,,
,,8,0,16,1733257204,BDG-125-2111,TREE-1.2-0.0-0.0,"['10360ec1-5cca-472f-a34e-f1c438e70709', '4e6fbdd5-31f9-458d-8cc0-2e7ab78019e6']","['participant', 'participant']","['cross', 'moon']","['hsla(114, 90%, 64%, 1.0)', 'hsla(123, 55%, 48%, 1.0)']","[[1.0, 0.06778425655976676], [0.06778425655976676, 1.0]]","{0: '', 1: 'A', 2: 'B'}",,1,after,"[True, True]","{'max': 21, 'min': 21, 'avg': 21.0, 'root': 12}","[-10, -10]","[87, 117]",sequential,chance,chance,"[1.0, 1.0]","[0.5, 1.0]","[0.5, 1.0]","[0.5, 1.0]","[0.625, 0.0]","[0.375, 0.0]",[[0]],[[1]],[[2]],"(0, 12)","(12, 21)","(12, 21)",{},{},{},"['A', 'B']",[],[],0,0,2,1,1,1,A,,,,,,,A,,,,,"{'rtype': 'select-node', 'rtimedn': 17.334, 'rtimeup': 17.334}",,,,,,,"{'rtype': 'select-node', 'rtimedn': 17.596, 'rtimeup': 17.596}",,,,
,,8,1,16,1733257203,BDG-209-2425,TREE-1.2-0.0-0.0,"['dc7aa794-aaf0-4594-aa67-6466cf997e02', '44997a74-c08b-467a-b3c9-7492a6bde261']","['participant', 'participant']","['hexagon', 'dent-square']","['hsla(163, 93%, 42%, 1.0)', 'hsla(114, 51%, 63%, 1.0)']","[[1.0, 0.11825801749271138], [0.11825801749271138, 1.0]]","{0: '', 1: 'A', 2: 'B'}",,2,after,"[True, True]","{'max': 21, 'min': 21, 'avg': 21.0, 'root': 12}","[-10, -10]","[137, 124]",sequential,chance,chance,"[1.0, 1.0]","[0.5, 1.0]","[0.5, 1.0]","[0.5, 1.0]","[0.375, 0.0]","[0.625, 0.0]",[[0]],[[1]],[[2]],"(0, 12)","(12, 21)","(12, 21)",{},{},{},"['A', 'B']",[],[],0,0,2,4,2,5,B,,,,,,,A,,,,,"{'rtype': 'select-node', 'rtimedn': 17.588, 'rtimeup': 17.588}",,,,,,,"{'rtype': 'select-node', 'rtimedn': 17.422, 'rtimeup': 17.422}",,,,
,,8,2,16,1733257207,BDG-509-5125,TREE-1.2-0.0-0.0,"['56064979-2a1e-4fcf-921e-09debb413eaa', 'bf1ced06-3c98-481a-b525-b0ff789e92c2']","['participant', 'participant']","['circle', 'stop-sign']","['hsla(79, 92%, 65%, 1.0)', 'hsla(77, 55%, 64%, 1.0)']","[[1.0, 0.15743440233236153], [0.15743440233236153, 1.0]]","{0: '', 1: 'A', 2: 'B'}",,1,after,"[True, True]","{'max': 21, 'min': 21, 'avg': 21.0, 'root': 12}","[-10, -10]","[132, 123]",sequential,chance,chance,"[1.0, 1.0]","[0.5, 1.0]","[0.5, 1.0]","[0.5, 1.0]","[0.625, 0.0]","[0.375, 0.0]",[[0]],[[1]],[[2]],"(0, 12)","(12, 21)","(12, 21)",{},{},{},"['A', 'B']",[],[],0,0,5,1,2,5,A,,,,,,,B,,,,,"{'rtype': 'select-node', 'rtimedn': 17.461, 'rtimeup': 17.461}",,,,,,,"{'rtype': 'select-node', 'rtimedn': 17.847, 'rtimeup': 17.847}",,,,
,,8,3,16,1733257206,BDG-198-2354,TREE-1.2-0.0-0.0,"['eede0c44-416a-4587-96b5-ce08abfb5509', 'af883de6-a408-47aa-88dd-be481eabbd68']","['participant', 'participant']","['flower', 'stop-sign']","['hsla(140, 57%, 43%, 1.0)', 'hsla(154, 54%, 56%, 1.0)']","[[1.0, 0.1716472303206997], [0.1716472303206997, 1.0]]","{0: '', 1: 'A', 2: 'B'}",,2,after,"[True, True]","{'max': 21, 'min': 21, 'avg': 21.0, 'root': 12}","[-10, -10]","[123, 132]",sequential,chance,chance,"[1.0, 1.0]","[0.5, 1.0]","[0.5, 1.0]","[0.5, 1.0]","[0.625, 0.0]","[0.375, 0.0]",[[0]],[[1]],[[2]],"(0, 12)","(12, 21)","(12, 21)",{},{},{},"['A', 'B']",[],[],0,0,2,3,5,4,B,,,,,,,B,,,,,"{'rtype': 'select-node', 'rtimedn': 17.219, 'rtimeup': 17.219}",,,,,,,"{'rtype': 'select-node', 'rtimedn': 17.544, 'rtimeup': 17.544}",,,,
,,8,4,16,1733257202,BDG-349-3455,TREE-1.2-0.0-0.0,"['b19d3db0-5631-4177-af52-32b44b4c6ee4', '6c7c7d0e-9b28-49a3-a8ae-a038288cb0a1']","['participant', 'participant']","['cross', 'dent-square']","['hsla(73, 80%, 59%, 1.0)', 'hsla(165, 54%, 40%, 1.0)']","[[1.0, 0.15743440233236153], [0.15743440233236153, 1.0]]","{0: '', 1: 'A', 2: 'B'}",,2,after,"[True, True]","{'max': 21, 'min': 21, 'avg': 21.0, 'root': 12}","[-10, -10]","[89, 125]",sequential,chance,chance,"[1.0, 1.0]","[0.5, 1.0]","[0.5, 1.0]","[0.5, 1.0]","[0.375, 0.0]","[0.625, 0.0]",[[0]],[[1]],[[2]],"(0, 12)","(12, 21)","(12, 21)",{},{},{},"['A', 'B']",[],[],0,0,3,4,5,5,B,,,,,,,B,,,,,"{'rtype': 'select-node', 'rtimedn': 17.449, 'rtimeup': 17.449}",,,,,,,"{'rtype': 'select-node', 'rtimedn': 17.381, 'rtimeup': 17.381}",,,,
,,8,5,16,1733257201,BDG-542-5243,TREE-1.2-0.0-0.0,"['a35a2a09-0e5b-4c89-b416-0180cdf67736', 'ac225116-14bc-429f-b2d5-8c4643505c01']","['participant', 'participant']","['star-six', 'circle']","['hsla(351, 79%, 51%, 1.0)', 'hsla(8, 54%, 64%, 1.0)']","[[1.0, 0.11825801749271138], [0.11825801749271138, 1.0]]","{0: '', 1: 'A', 2: 'B'}",,1,after,"[True, True]","{'max': 21, 'min': 21, 'avg': 21.0, 'root': 12}","[-10, -10]","[142, 123]",sequential,chance,chance,"[1.0, 1.0]","[0.5, 1.0]","[0.5, 1.0]","[0.5, 1.0]","[0.625, 0.0]","[0.375, 0.0]",[[0]],[[1]],[[2]],"(0, 12)","(12, 21)","(12, 21)",{},{},{},"['A', 'B']",[],[],0,0,5,2,4,3,A,,,,,,,A,,,,,"{'rtype': 'select-node', 'rtimedn': 17.393, 'rtimeup': 17.393}",,,,,,,"{'rtype': 'select-node', 'rtimedn': 17.248, 'rtimeup': 17.248}",,,,
,,9,0,16,1733257216,BDG-262-3133,TREE-1.2-0.0-0.0,"['bf1ced06-3c98-481a-b525-b0ff789e92c2', 'a35a2a09-0e5b-4c89-b416-0180cdf67736']","['participant', 'participant']","['stop-sign', 'star-six']","['hsla(77, 55%, 64%, 1.0)', 'hsla(351, 79%, 51%, 1.0)']","[[1.0, 0.1716472303206997], [0.1716472303206997, 1.0]]","{0: '', 1: 'A', 2: 'B'}",,2,after,"[True, True]","{'max': 21, 'min': 21, 'avg': 21.0, 'root': 12}","[-10, -10]","[123, 142]",sequential,chance,chance,"[1.0, 1.0]","[0.5, 1.0]","[0.5, 1.0]","[0.5, 1.0]","[0.625, 0.0]","[0.375, 0.0]",[[0]],[[1]],[[2]],"(0, 12)","(12, 21)","(12, 21)",{},{},{},"['A', 'B']",[],[],0,0,3,1,3,3,B,,,,,,,A,,,,,"{'rtype': 'select-node', 'rtimedn': 18.694, 'rtimeup': 18.694}",,,,,,,"{'rtype': 'select-node', 'rtimedn': 18.849, 'rtimeup': 18.849}",,,,
,,9,1,16,1733257215,BDG-612-5533,TREE-1.2-0.0-0.0,"['b19d3db0-5631-4177-af52-32b44b4c6ee4', '6c7c7d0e-9b28-49a3-a8ae-a038288cb0a1']","['participant', 'participant']","['cross', 'dent-square']","['hsla(73, 80%, 59%, 1.0)', 'hsla(165, 54%, 40%, 1.0)']","[[1.0, 0.15743440233236153], [0.15743440233236153, 1.0]]","{0: '', 1: 'A', 2: 'B'}",,1,after,"[True, True]","{'max': 21, 'min': 21, 'avg': 21.0, 'root': 12}","[-10, -10]","[89, 125]",sequential,chance,chance,"[1.0, 1.0]","[0.5, 1.0]","[0.5, 1.0]","[0.5, 1.0]","[0.375, 0.0]","[0.625, 0.0]",[[0]],[[1]],[[2]],"(0, 12)","(12, 21)","(12, 21)",{},{},{},"['A', 'B']",[],[],0,0,5,5,3,3,A,,,,,,,A,,,,,"{'rtype': 'select-node', 'rtimedn': 18.753, 'rtimeup': 18.753}",,,,,,,"{'rtype': 'select-node', 'rtimedn': 18.767, 'rtimeup': 18.767}",,,,
,,9,2,16,1733257218,BDG-178-2314,TREE-1.2-0.0-0.0,"['10360ec1-5cca-472f-a34e-f1c438e70709', '56064979-2a1e-4fcf-921e-09debb413eaa']","['participant', 'participant']","['cross', 'circle']","['hsla(114, 90%, 64%, 1.0)', 'hsla(79, 92%, 65%, 1.0)']","[[1.0, 0.1716472303206997], [0.1716472303206997, 1.0]]","{0: '', 1: 'A', 2: 'B'}",,1,after,"[True, True]","{'max': 21, 'min': 21, 'avg': 21.0, 'root': 12}","[-10, -10]","[87, 132]",sequential,chance,chance,"[1.0, 1.0]","[0.5, 1.0]","[0.5, 1.0]","[0.5, 1.0]","[0.375, 0.0]","[0.625, 0.0]",[[0]],[[1]],[[2]],"(0, 12)","(12, 21)","(12, 21)",{},{},{},"['A', 'B']",[],[],0,0,2,3,1,4,A,,,,,,,B,,,,,"{'rtype': 'select-node', 'rtimedn': 18.807, 'rtimeup': 18.807}",,,,,,,"{'rtype': 'select-node', 'rtimedn': 19.04, 'rtimeup': 19.04}",,,,
,,9,3,16,1733257222,BDG-304-3315,TREE-1.2-0.0-0.0,"['eede0c44-416a-4587-96b5-ce08abfb5509', 'ac225116-14bc-429f-b2d5-8c4643505c01']","['participant', 'participant']","['flower', 'circle']","['hsla(140, 57%, 43%, 1.0)', 'hsla(8, 54%, 64%, 1.0)']","[[1.0, 0.15743440233236153], [0.15743440233236153, 1.0]]","{0: '', 1: 'A', 2: 'B'}",,1,after,"[True, True]","{'max': 21, 'min': 21, 'avg': 21.0, 'root': 12}","[-10, -10]","[123, 123]",sequential,chance,chance,"[1.0, 1.0]","[0.5, 1.0]","[0.5, 1.0]","[0.5, 1.0]","[0.625, 0.0]","[0.375, 0.0]",[[0]],[[1]],[[2]],"(0, 12)","(12, 21)","(12, 21)",{},{},{},"['A', 'B']",[],[],0,0,3,3,1,5,A,,,,,,,B,,,,,"{'rtype': 'select-node', 'rtimedn': 18.717, 'rtimeup': 18.717}",,,,,,,"{'rtype': , 'rtimedn': 13, 'rtimeup': 13}",,,,
,,9,4,16,1733257217,BDG-403-4214,TREE-1.2-0.0-0.0,"['44997a74-c08b-467a-b3c9-7492a6bde261', 'dc7aa794-aaf0-4594-aa67-6466cf997e02']","['participant', 'participant']","['dent-square', 'hexagon']","['hsla(114, 51%, 63%, 1.0)', 'hsla(163, 93%, 42%, 1.0)']","[[1.0, 0.11825801749271138], [0.11825801749271138, 1.0]]","{0: '', 1: 'A', 2: 'B'}",,1,after,"[True, True]","{'max': 21, 'min': 21, 'avg': 21.0, 'root': 12}","[-10, -10]","[124, 137]",sequential,chance,chance,"[1.0, 1.0]","[0.5, 1.0]","[0.5, 1.0]","[0.5, 1.0]","[0.625, 0.0]","[0.375, 0.0]",[[0]],[[1]],[[2]],"(0, 12)","(12, 21)","(12, 21)",{},{},{},"['A', 'B']",[],[],0,0,4,2,1,4,A,,,,,,,A,,,,,"{'rtype': 'select-node', 'rtimedn': 18.583, 'rtimeup': 18.583}",,,,,,,"{'rtype': 'select-node', 'rtimedn': 18.926, 'rtimeup': 18.926}",,,,
,,9,5,16,1733257220,BDG-222-2453,TREE-1.2-0.0-0.0,"['4e6fbdd5-31f9-458d-8cc0-2e7ab78019e6', 'af883de6-a408-47aa-88dd-be481eabbd68']","['participant', 'participant']","['moon', 'stop-sign']","['hsla(123, 55%, 48%, 1.0)', 'hsla(154, 54%, 56%, 1.0)']","[[1.0, 0.03152332361516035], [0.03152332361516035, 1.0]]","{0: '', 1: 'A', 2: 'B'}",,1,after,"[True, True]","{'max': 21, 'min': 21, 'avg': 21.0, 'root': 12}","[-10, -10]","[117, 132]",sequential,chance,chance,"[1.0, 1.0]","[0.5, 1.0]","[0.5, 1.0]","[0.5, 1.0]","[0.625, 0.0]","[0.375, 0.0]",[[0]],[[1]],[[2]],"(0, 12)","(12, 21)","(12, 21)",{},{},{},"['A', 'B']",[],[],0,0,2,4,5,3,A,,,,,,,B,,,,,"{'rtype': 'select-node', 'rtimedn': 19.181, 'rtimeup': 19.181}",,,,,,,"{'rtype': 'select-node', 'rtimedn': 18.87, 'rtimeup': 18.87}",,,,
,,10,0,16,1733257233,BDG-230-2521,TREE-1.2-0.0-0.0,"['b19d3db0-5631-4177-af52-32b44b4c6ee4', 'ac225116-14bc-429f-b2d5-8c4643505c01']","['participant', 'participant']","['cross', 'circle']","['hsla(73, 80%, 59%, 1.0)', 'hsla(8, 54%, 64%, 1.0)']","[[1.0, 0.1716472303206997], [0.1716472303206997, 1.0]]","{0: '', 1: 'A', 2: 'B'}",,2,after,"[True, True]","{'max': 21, 'min': 21, 'avg': 21.0, 'root': 12}","[-10, -10]","[89, 123]",sequential,chance,chance,"[1.0, 1.0]","[0.5, 1.0]","[0.5, 1.0]","[0.5, 1.0]","[0.375, 0.0]","[0.625, 0.0]",[[0]],[[1]],[[2]],"(0, 12)","(12, 21)","(12, 21)",{},{},{},"['A', 'B']",[],[],0,0,2,5,2,1,B,,,,,,,B,,,,,"{'rtype': 'select-node', 'rtimedn': 20.585, 'rtimeup': 20.585}",,,,,,,"{'rtype': 'select-node', 'rtimedn': 20.353, 'rtimeup': 20.353}",,,,
,,10,1,16,1733257230,BDG-143-2144,TREE-1.2-0.0-0.0,"['a35a2a09-0e5b-4c89-b416-0180cdf67736', '10360ec1-5cca-472f-a34e-f1c438e70709']","['participant', 'participant']","['star-six', 'cross']","['hsla(351, 79%, 51%, 1.0)', 'hsla(114, 90%, 64%, 1.0)']","[[1.0, 0.17784256559766765], [0.17784256559766765, 1.0]]","{0: '', 1: 'A', 2: 'B'}",,2,after,"[True, True]","{'max': 21, 'min': 21, 'avg': 21.0, 'root': 12}","[-10, -10]","[142, 87]",sequential,chance,chance,"[1.0, 1.0]","[0.5, 1.0]","[0.5, 1.0]","[0.5, 1.0]","[0.375, 0.0]","[0.625, 0.0]",[[0]],[[1]],[[2]],"(0, 12)","(12, 21)","(12, 21)",{},{},{},"['A', 'B']",[],[],0,0,2,1,4,4,B,,,,,,,B,,,,,"{'rtype': 'select-node', 'rtimedn': 20.31, 'rtimeup': 20.31}",,,,,,,"{'rtype': 'select-node', 'rtimedn': 20.209, 'rtimeup': 20.209}",,,,
,,10,2,16,1733257235,BDG-097-1453,TREE-1.2-0.0-0.0,"['4e6fbdd5-31f9-458d-8cc0-2e7ab78019e6', 'af883de6-a408-47aa-88dd-be481eabbd68']","['participant', 'participant']","['moon', 'stop-sign']","['hsla(123, 55%, 48%, 1.0)', 'hsla(154, 54%, 56%, 1.0)']","[[1.0, 0.03152332361516035], [0.03152332361516035, 1.0]]","{0: '', 1: 'A', 2: 'B'}",,1,after,"[True, True]","{'max': 21, 'min': 21, 'avg': 21.0, 'root': 12}","[-10, -10]","[117, 132]",sequential,chance,chance,"[1.0, 1.0]","[0.5, 1.0]","[0.5, 1.0]","[0.5, 1.0]","[0.375, 0.0]","[0.625, 0.0]",[[0]],[[1]],[[2]],"(0, 12)","(12, 21)","(12, 21)",{},{},{},"['A', 'B']",[],[],0,0,1,4,5,3,A,,,,,,,B,,,,,"{'rtype': 'select-node', 'rtimedn': 20.65, 'rtimeup': 20.65}",,,,,,,"{'rtype': 'select-node', 'rtimedn': 20.329, 'rtimeup': 20.329}",,,,
,,10,3,16,1733257234,BDG-411-4232,TREE-1.2-0.0-0.0,"['56064979-2a1e-4fcf-921e-09debb413eaa', 'dc7aa794-aaf0-4594-aa67-6466cf997e02']","['participant', 'participant']","['circle', 'hexagon']","['hsla(79, 92%, 65%, 1.0)', 'hsla(163, 93%, 42%, 1.0)']","[[1.0, 0.06778425655976676], [0.06778425655976676, 1.0]]","{0: '', 1: 'A', 2: 'B'}",,1,after,"[True, True]","{'max': 21, 'min': 21, 'avg': 21.0, 'root': 12}","[-10, -10]","[132, 137]",sequential,chance,chance,"[1.0, 1.0]","[0.5, 1.0]","[0.5, 1.0]","[0.5, 1.0]","[0.375, 0.0]","[0.625, 0.0]",[[0]],[[1]],[[2]],"(0, 12)","(12, 21)","(12, 21)",{},{},{},"['A', 'B']",[],[],0,0,4,2,3,2,A,,,,,,,A,,,,,"{'rtype': 'select-node', 'rtimedn': 20.63, 'rtimeup': 20.63}",,,,,,,"{'rtype': 'select-node', 'rtimedn': 20.289, 'rtimeup': 20.289}",,,,
,,10,4,16,1733257235,BDG-182-2323,TREE-1.2-0.0-0.0,"['eede0c44-416a-4587-96b5-ce08abfb5509', '6c7c7d0e-9b28-49a3-a8ae-a038288cb0a1']","['participant', 'participant']","['flower', 'dent-square']","['hsla(140, 57%, 43%, 1.0)', 'hsla(165, 54%, 40%, 1.0)']","[[1.0, 0.08473032069970846], [0.08473032069970846, 1.0]]","{0: '', 1: 'A', 2: 'B'}",,1,after,"[True, True]","{'max': 21, 'min': 21, 'avg': 21.0, 'root': 12}","[-10, -10]","[123, 125]",sequential,chance,chance,"[1.0, 1.0]","[0.5, 1.0]","[0.5, 1.0]","[0.5, 1.0]","[0.375, 0.0]","[0.625, 0.0]",[[0]],[[1]],[[2]],"(0, 12)","(12, 21)","(12, 21)",{},{},{},"['A', 'B']",[],[],0,0,2,3,2,3,A,,,,,,,A,,,,,"{'rtype': 'select-node', 'rtimedn': 20.048, 'rtimeup': 20.048}",,,,,,,"{'rtype': 'select-node', 'rtimedn': 20.208, 'rtimeup': 20.208}",,,,
,,10,5,16,1733257231,BDG-406-4222,TREE-1.2-0.0-0.0,"['44997a74-c08b-467a-b3c9-7492a6bde261', 'bf1ced06-3c98-481a-b525-b0ff789e92c2']","['participant', 'participant']","['dent-square', 'stop-sign']","['hsla(114, 51%, 63%, 1.0)', 'hsla(77, 55%, 64%, 1.0)']","[[1.0, 0.011297376093294462], [0.011297376093294462, 1.0]]","{0: '', 1: 'A', 2: 'B'}",,1,after,"[True, True]","{'max': 21, 'min': 21, 'avg': 21.0, 'root': 12}","[-10, -10]","[124, 123]",sequential,chance,chance,"[1.0, 1.0]","[0.5, 1.0]","[0.5, 1.0]","[0.5, 1.0]","[0.375, 0.0]","[0.625, 0.0]",[[0]],[[1]],[[2]],"(0, 12)","(12, 21)","(12, 21)",{},{},{},"['A', 'B']",[],[],0,0,4,2,2,2,A,,,,,,,A,,,,,"{'rtype': 'select-node', 'rtimedn': 20.181, 'rtimeup': 20.181}",,,,,,,"{'rtype': 'select-node', 'rtimedn': 20.264, 'rtimeup': 20.264}",,,,
,,11,0,16,1733257245,BDG-097-1453,TREE-1.2-0.0-0.0,"['44997a74-c08b-467a-b3c9-7492a6bde261', '6c7c7d0e-9b28-49a3-a8ae-a038288cb0a1']","['participant', 'participant']","['dent-square', 'dent-square']","['hsla(114, 51%, 63%, 1.0)', 'hsla(165, 54%, 40%, 1.0)']","[[1.0, 0.17784256559766765], [0.17784256559766765, 1.0]]","{0: '', 1: 'A', 2: 'B'}",,1,after,"[True, True]","{'max': 21, 'min': 21, 'avg': 21.0, 'root': 12}","[-10, -10]","[124, 125]",sequential,chance,chance,"[1.0, 1.0]","[0.5, 1.0]","[0.5, 1.0]","[0.5, 1.0]","[0.375, 0.0]","[0.625, 0.0]",[[0]],[[1]],[[2]],"(0, 12)","(12, 21)","(12, 21)",{},{},{},"['A', 'B']",[],[],0,0,1,4,5,3,A,,,,,,,B,,,,,"{'rtype': 'select-node', 'rtimedn': 21.685, 'rtimeup': 21.685}",,,,,,,"{'rtype': 'select-node', 'rtimedn': 21.664, 'rtimeup': 21.664}",,,,
,,11,1,16,1733257246,BDG-214-2435,TREE-1.2-0.0-0.0,"['af883de6-a408-47aa-88dd-be481eabbd68', '10360ec1-5cca-472f-a34e-f1c438e70709']","['participant', 'participant']","['stop-sign', 'cross']","['hsla(154, 54%, 56%, 1.0)', 'hsla(114, 90%, 64%, 1.0)']","[[1.0, 0.09894314868804664], [0.09894314868804664, 1.0]]","{0: '', 1: 'A', 2: 'B'}",,2,after,"[True, True]","{'max': 21, 'min': 21, 'avg': 21.0, 'root': 12}","[-10, -10]","[132, 87]",sequential,chance,chance,"[1.0, 1.0]","[0.5, 1.0]","[0.5, 1.0]","[0.5, 1.0]","[0.375, 0.0]","[0.625, 0.0]",[[0]],[[1]],[[2]],"(0, 12)","(12, 21)","(12, 21)",{},{},{},"['A', 'B']",[],[],0,0,2,4,3,5,B,,,,,,,B,,,,,"{'rtype': 'select-node', 'rtimedn': 21.909, 'rtimeup': 21.909}",,,,,,,"{'rtype': 'select-node', 'rtimedn': 21.589, 'rtimeup': 21.589}",,,,
,,11,2,16,1733257246,BDG-554-5315,TREE-1.2-0.0-0.0,"['dc7aa794-aaf0-4594-aa67-6466cf997e02', 'bf1ced06-3c98-481a-b525-b0ff789e92c2']","['participant', 'participant']","['hexagon', 'stop-sign']","['hsla(163, 93%, 42%, 1.0)', 'hsla(77, 55%, 64%, 1.0)']","[[1.0, 0.08473032069970846], [0.08473032069970846, 1.0]]","{0: '', 1: 'A', 2: 'B'}",,1,after,"[True, True]","{'max': 21, 'min': 21, 'avg': 21.0, 'root': 12}","[-10, -10]","[137, 123]",sequential,chance,chance,"[1.0, 1.0]","[0.5, 1.0]","[0.5, 1.0]","[0.5, 1.0]","[0.375, 0.0]","[0.625, 0.0]",[[0]],[[1]],[[2]],"(0, 12)","(12, 21)","(12, 21)",{},{},{},"['A', 'B']",[],[],0,0,5,3,1,5,A,,,,,,,A,,,,,"{'rtype': 'select-node', 'rtimedn': 21.821, 'rtimeup': 21.821}",,,,,,,"{'rtype': 'select-node', 'rtimedn': 21.565, 'rtimeup': 21.565}",,,,
,,11,3,16,1733257246,BDG-293-3244,TREE-1.2-0.0-0.0,"['a35a2a09-0e5b-4c89-b416-0180cdf67736', '4e6fbdd5-31f9-458d-8cc0-2e7ab78019e6']","['participant', 'participant']","['star-six', 'moon']","['hsla(351, 79%, 51%, 1.0)', 'hsla(123, 55%, 48%, 1.0)']","[[1.0, 0.09894314868804664], [0.09894314868804664, 1.0]]","{0: '', 1: 'A', 2: 'B'}",,2,after,"[True, True]","{'max': 21, 'min': 21, 'avg': 21.0, 'root': 12}","[-10, -10]","[142, 117]",sequential,chance,chance,"[1.0, 1.0]","[0.5, 1.0]","[0.5, 1.0]","[0.5, 1.0]","[0.625, 0.0]","[0.375, 0.0]",[[0]],[[1]],[[2]],"(0, 12)","(12, 21)","(12, 21)",{},{},{},"['A', 'B']",[],[],0,0,3,2,4,4,B,,,,,,,B,,,,,"{'rtype': 'select-node', 'rtimedn': 21.61, 'rtimeup': 21.61}",,,,,,,"{'rtype': 'select-node', 'rtimedn': 21.796, 'rtimeup': 21.796}",,,,
,,11,4,16,1733257246,BDG-345-3451,TREE-1.2-0.0-0.0,"['56064979-2a1e-4fcf-921e-09debb413eaa', 'b19d3db0-5631-4177-af52-32b44b4c6ee4']","['participant', 'participant']","['circle', 'cross']","['hsla(79, 92%, 65%, 1.0)', 'hsla(73, 80%, 59%, 1.0)']","[[1.0, 0.11825801749271138], [0.11825801749271138, 1.0]]","{0: '', 1: 'A', 2: 'B'}",,2,after,"[True, True]","{'max': 21, 'min': 21, 'avg': 21.0, 'root': 12}","[-10, -10]","[132, 89]",sequential,chance,chance,"[1.0, 1.0]","[0.5, 1.0]","[0.5, 1.0]","[0.5, 1.0]","[0.625, 0.0]","[0.375, 0.0]",[[0]],[[1]],[[2]],"(0, 12)","(12, 21)","(12, 21)",{},{},{},"['A', 'B']",[],[],0,0,3,4,5,1,B,,,,,,,A,,,,,"{'rtype': 'select-node', 'rtimedn': 21.882, 'rtimeup': 21.882}",,,,,,,"{'rtype': 'select-node', 'rtimedn': 21.596, 'rtimeup': 21.596}",,,,
,,11,5,16,1733257249,BDG-142-2143,TREE-1.2-0.0-0.0,"['ac225116-14bc-429f-b2d5-8c4643505c01', 'eede0c44-416a-4587-96b5-ce08abfb5509']","['participant', 'participant']","['circle', 'flower']","['hsla(8, 54%, 64%, 1.0)', 'hsla(140, 57%, 43%, 1.0)']","[[1.0, 0.15743440233236153], [0.15743440233236153, 1.0]]","{0: '', 1: 'A', 2: 'B'}",,2,after,"[True, True]","{'max': 21, 'min': 21, 'avg': 21.0, 'root': 12}","[-10, -10]","[123, 123]",sequential,chance,chance,"[1.0, 1.0]","[0.5, 1.0]","[0.5, 1.0]","[0.5, 1.0]","[0.375, 0.0]","[0.625, 0.0]",[[0]],[[1]],[[2]],"(0, 12)","(12, 21)","(12, 21)",{},{},{},"['A', 'B']",[],[],0,0,2,1,4,3,B,,,,,,,B,,,,,"{'rtype': 'select-node', 'rtimedn': 21.463, 'rtimeup': 21.463}",,,,,,,"{'rtype': 'select-node', 'rtimedn': 21.452, 'rtimeup': 21.452}",,,,
,,12,0,16,1733257259,BDG-291-3242,TREE-1.2-0.0-0.0,"['ac225116-14bc-429f-b2d5-8c4643505c01', 'dc7aa794-aaf0-4594-aa67-6466cf997e02']","['participant', 'participant']","['circle', 'hexagon']","['hsla(8, 54%, 64%, 1.0)', 'hsla(163, 93%, 42%, 1.0)']","[[1.0, 0.17784256559766765], [0.17784256559766765, 1.0]]","{0: '', 1: 'A', 2: 'B'}",,2,after,"[True, True]","{'max': 21, 'min': 21, 'avg': 21.0, 'root': 12}","[-10, -10]","[123, 137]",sequential,chance,chance,"[1.0, 1.0]","[0.5, 1.0]","[0.5, 1.0]","[0.5, 1.0]","[0.375, 0.0]","[0.625, 0.0]",[[0]],[[1]],[[2]],"(0, 12)","(12, 21)","(12, 21)",{},{},{},"['A', 'B']",[],[],0,0,3,2,4,2,B,,,,,,,B,,,,,"{'rtype': 'select-node', 'rtimedn': 23.078, 'rtimeup': 23.078}",,,,,,,"{'rtype': 'select-node', 'rtimedn': 23.022, 'rtimeup': 23.022}",,,,
,,12,1,16,1733257261,BDG-544-5245,TREE-1.2-0.0-0.0,"['4e6fbdd5-31f9-458d-8cc0-2e7ab78019e6', '44997a74-c08b-467a-b3c9-7492a6bde261']","['participant', 'participant']","['moon', 'dent-square']","['hsla(123, 55%, 48%, 1.0)', 'hsla(114, 51%, 63%, 1.0)']","[[1.0, 0.1716472303206997], [0.1716472303206997, 1.0]]","{0: '', 1: 'A', 2: 'B'}",,2,after,"[True, True]","{'max': 21, 'min': 21, 'avg': 21.0, 'root': 12}","[-10, -10]","[117, 124]",sequential,chance,chance,"[1.0, 1.0]","[0.5, 1.0]","[0.5, 1.0]","[0.5, 1.0]","[0.625, 0.0]","[0.375, 0.0]",[[0]],[[1]],[[2]],"(0, 12)","(12, 21)","(12, 21)",{},{},{},"['A', 'B']",[],[],0,0,5,2,4,5,B,,,,,,,B,,,,,"{'rtype': 'select-node', 'rtimedn': 23.271, 'rtimeup': 23.271}",,,,,,,"{'rtype': 'select-node', 'rtimedn': 23.038, 'rtimeup': 23.038}",,,,
,,12,2,16,1733257261,BDG-599-5455,TREE-1.2-0.0-0.0,"['bf1ced06-3c98-481a-b525-b0ff789e92c2', '56064979-2a1e-4fcf-921e-09debb413eaa']","['participant', 'participant']","['stop-sign', 'circle']","['hsla(77, 55%, 64%, 1.0)', 'hsla(79, 92%, 65%, 1.0)']","[[1.0, 0.15743440233236153], [0.15743440233236153, 1.0]]","{0: '', 1: 'A', 2: 'B'}",,2,after,"[True, True]","{'max': 21, 'min': 21, 'avg': 21.0, 'root': 12}","[-10, -10]","[123, 132]",sequential,chance,chance,"[1.0, 1.0]","[0.5, 1.0]","[0.5, 1.0]","[0.5, 1.0]","[0.625, 0.0]","[0.375, 0.0]",[[0]],[[1]],[[2]],"(0, 12)","(12, 21)","(12, 21)",{},{},{},"['A', 'B']",[],[],0,0,5,4,5,5,B,,,,,,,A,,,,,"{'rtype': 'select-node', 'rtimedn': 23.172, 'rtimeup': 23.172}",,,,,,,"{'rtype': 'select-node', 'rtimedn': 23.341, 'rtimeup': 23.341}",,,,
,,12,3,16,1733257261,BDG-225-2511,TREE-1.2-0.0-0.0,"['af883de6-a408-47aa-88dd-be481eabbd68', 'eede0c44-416a-4587-96b5-ce08abfb5509']","['participant', 'participant']","['stop-sign', 'flower']","['hsla(154, 54%, 56%, 1.0)', 'hsla(140, 57%, 43%, 1.0)']","[[1.0, 0.1716472303206997], [0.1716472303206997, 1.0]]","{0: '', 1: 'A', 2: 'B'}",,2,after,"[True, True]","{'max': 21, 'min': 21, 'avg': 21.0, 'root': 12}","[-10, -10]","[132, 123]",sequential,chance,chance,"[1.0, 1.0]","[0.5, 1.0]","[0.5, 1.0]","[0.5, 1.0]","[0.375, 0.0]","[0.625, 0.0]",[[0]],[[1]],[[2]],"(0, 12)","(12, 21)","(12, 21)",{},{},{},"['A', 'B']",[],[],0,0,2,5,1,1,B,,,,,,,A,,,,,"{'rtype': 'select-node', 'rtimedn': 23.065, 'rtimeup': 23.065}",,,,,,,"{'rtype': 'select-node', 'rtimedn': 22.684, 'rtimeup': 22.684}",,,,
,,12,4,16,1733257258,BDG-063-1334,TREE-1.2-0.0-0.0,"['a35a2a09-0e5b-4c89-b416-0180cdf67736', 'b19d3db0-5631-4177-af52-32b44b4c6ee4']","['participant', 'participant']","['star-six', 'cross']","['hsla(351, 79%, 51%, 1.0)', 'hsla(73, 80%, 59%, 1.0)']","[[1.0, 0.06778425655976676], [0.06778425655976676, 1.0]]","{0: '', 1: 'A', 2: 'B'}",,2,after,"[True, True]","{'max': 21, 'min': 21, 'avg': 21.0, 'root': 12}","[-10, -10]","[142, 89]",sequential,chance,chance,"[1.0, 1.0]","[0.5, 1.0]","[0.5, 1.0]","[0.5, 1.0]","[0.625, 0.0]","[0.375, 0.0]",[[0]],[[1]],[[2]],"(0, 12)","(12, 21)","(12, 21)",{},{},{},"['A', 'B']",[],[],0,0,1,3,3,4,B,,,,,,,B,,,,,"{'rtype': 'select-node', 'rtimedn': 23.015, 'rtimeup': 23.015}",,,,,,,"{'rtype': 'select-node', 'rtimedn': 23.017, 'rtimeup': 23.017}",,,,
,,12,5,16,1733257258,BDG-513-5134,TREE-1.2-0.0-0.0,"['10360ec1-5cca-472f-a34e-f1c438e70709', '6c7c7d0e-9b28-49a3-a8ae-a038288cb0a1']","['participant', 'participant']","['cross', 'dent-square']","['hsla(114, 90%, 64%, 1.0)', 'hsla(165, 54%, 40%, 1.0)']","[[1.0, 0.03188775510204082], [0.03188775510204082, 1.0]]","{0: '', 1: 'A', 2: 'B'}",,1,after,"[True, True]","{'max': 21, 'min': 21, 'avg': 21.0, 'root': 12}","[-10, -10]","[87, 125]",sequential,chance,chance,"[1.0, 1.0]","[0.5, 1.0]","[0.5, 1.0]","[0.5, 1.0]","[0.625, 0.0]","[0.375, 0.0]",[[0]],[[1]],[[2]],"(0, 12)","(12, 21)","(12, 21)",{},{},{},"['A', 'B']",[],[],0,0,5,1,3,4,A,,,,,,,B,,,,,"{'rtype': 'select-node', 'rtimedn': 22.942, 'rtimeup': 22.942}",,,,,,,"{'rtype': 'select-node', 'rtimedn': 23.073, 'rtimeup': 23.073}",,,,
,,13,0,16,1733257272,BDG-020-1151,TREE-1.2-0.0-0.0,"['4e6fbdd5-31f9-458d-8cc0-2e7ab78019e6', '6c7c7d0e-9b28-49a3-a8ae-a038288cb0a1']","['participant', 'participant']","['moon', 'dent-square']","['hsla(123, 55%, 48%, 1.0)', 'hsla(165, 54%, 40%, 1.0)']","[[1.0, 0.04865160349854227], [0.04865160349854227, 1.0]]","{0: '', 1: 'A', 2: 'B'}",,1,after,"[True, True]","{'max': 21, 'min': 21, 'avg': 21.0, 'root': 12}","[-10, -10]","[117, 125]",sequential,chance,chance,"[1.0, 1.0]","[0.5, 1.0]","[0.5, 1.0]","[0.5, 1.0]","[0.625, 0.0]","[0.375, 0.0]",[[0]],[[1]],[[2]],"(0, 12)","(12, 21)","(12, 21)",{},{},{},"['A', 'B']",[],[],0,0,1,1,5,1,A,,,,,,,B,,,,,"{'rtype': 'select-node', 'rtimedn': 24.373, 'rtimeup': 24.373}",,,,,,,"{'rtype': 'select-node', 'rtimedn': 24.153, 'rtimeup': 24.153}",,,,
,,13,1,16,1733257269,BDG-031-1222,TREE-1.2-0.0-0.0,"['ac225116-14bc-429f-b2d5-8c4643505c01', '44997a74-c08b-467a-b3c9-7492a6bde261']","['participant', 'participant']","['circle', 'dent-square']","['hsla(8, 54%, 64%, 1.0)', 'hsla(114, 51%, 63%, 1.0)']","[[1.0, 0.09894314868804664], [0.09894314868804664, 1.0]]","{0: '', 1: 'A', 2: 'B'}",,2,after,"[True, True]","{'max': 21, 'min': 21, 'avg': 21.0, 'root': 12}","[-10, -10]","[123, 124]",sequential,chance,chance,"[1.0, 1.0]","[0.5, 1.0]","[0.5, 1.0]","[0.5, 1.0]","[0.625, 0.0]","[0.375, 0.0]",[[0]],[[1]],[[2]],"(0, 12)","(12, 21)","(12, 21)",{},{},{},"['A', 'B']",[],[],0,0,1,2,2,2,B,,,,,,,A,,,,,"{'rtype': 'select-node', 'rtimedn': 24.099, 'rtimeup': 24.099}",,,,,,,"{'rtype': 'select-node', 'rtimedn': 24.099, 'rtimeup': 24.099}",,,,
,,13,2,16,1733257274,BDG-408-4224,TREE-1.2-0.0-0.0,"['b19d3db0-5631-4177-af52-32b44b4c6ee4', 'dc7aa794-aaf0-4594-aa67-6466cf997e02']","['participant', 'participant']","['cross', 'hexagon']","['hsla(73, 80%, 59%, 1.0)', 'hsla(163, 93%, 42%, 1.0)']","[[1.0, 0.09894314868804664], [0.09894314868804664, 1.0]]","{0: '', 1: 'A', 2: 'B'}",,2,after,"[True, True]","{'max': 21, 'min': 21, 'avg': 21.0, 'root': 12}","[-10, -10]","[89, 137]",sequential,chance,chance,"[1.0, 1.0]","[0.5, 1.0]","[0.5, 1.0]","[0.5, 1.0]","[0.375, 0.0]","[0.625, 0.0]",[[0]],[[1]],[[2]],"(0, 12)","(12, 21)","(12, 21)",{},{},{},"['A', 'B']",[],[],0,0,4,2,2,4,B,,,,,,,A,,,,,"{'rtype': 'select-node', 'rtimedn': 24.736, 'rtimeup': 24.736}",,,,,,,"{'rtype': 'select-node', 'rtimedn': 24.279, 'rtimeup': 24.279}",,,,
,,13,3,16,1733257273,BDG-379-4115,TREE-1.2-0.0-0.0,"['56064979-2a1e-4fcf-921e-09debb413eaa', 'a35a2a09-0e5b-4c89-b416-0180cdf67736']","['participant', 'participant']","['circle', 'star-six']","['hsla(79, 92%, 65%, 1.0)', 'hsla(351, 79%, 51%, 1.0)']","[[1.0, 0.08473032069970846], [0.08473032069970846, 1.0]]","{0: '', 1: 'A', 2: 'B'}",,1,after,"[True, True]","{'max': 21, 'min': 21, 'avg': 21.0, 'root': 12}","[-10, -10]","[132, 142]",sequential,chance,chance,"[1.0, 1.0]","[0.5, 1.0]","[0.5, 1.0]","[0.5, 1.0]","[0.625, 0.0]","[0.375, 0.0]",[[0]],[[1]],[[2]],"(0, 12)","(12, 21)","(12, 21)",{},{},{},"['A', 'B']",[],[],0,0,4,1,1,5,A,,,,,,,A,,,,,"{'rtype': 'select-node', 'rtimedn': 24.523, 'rtimeup': 24.523}",,,,,,,"{'rtype': 'select-node', 'rtimedn': 24.288, 'rtimeup': 24.288}",,,,
,,13,4,16,1733257271,BDG-324-3355,TREE-1.2-0.0-0.0,"['bf1ced06-3c98-481a-b525-b0ff789e92c2', 'af883de6-a408-47aa-88dd-be481eabbd68']","['participant', 'participant']","['stop-sign', 'stop-sign']","['hsla(77, 55%, 64%, 1.0)', 'hsla(154, 54%, 56%, 1.0)']","[[1.0, 0.17784256559766765], [0.17784256559766765, 1.0]]","{0: '', 1: 'A', 2: 'B'}",,2,after,"[True, True]","{'max': 21, 'min': 21, 'avg': 21.0, 'root': 12}","[-10, -10]","[123, 132]",sequential,chance,chance,"[1.0, 1.0]","[0.5, 1.0]","[0.5, 1.0]","[0.5, 1.0]","[0.375, 0.0]","[0.625, 0.0]",[[0]],[[1]],[[2]],"(0, 12)","(12, 21)","(12, 21)",{},{},{},"['A', 'B']",[],[],0,0,3,3,5,5,B,,,,,,,B,,,,,"{'rtype': 'select-node', 'rtimedn': 24.236, 'rtimeup': 24.236}",,,,,,,"{'rtype': 'select-node', 'rtimedn': 24.226, 'rtimeup': 24.226}",,,,
,,13,5,16,1733257274,BDG-387-4133,TREE-1.2-0.0-0.0,"['eede0c44-416a-4587-96b5-ce08abfb5509', '10360ec1-5cca-472f-a34e-f1c438e70709']","['participant', 'participant']","['flower', 'cross']","['hsla(140, 57%, 43%, 1.0)', 'hsla(114, 90%, 64%, 1.0)']","[[1.0, 0.11825801749271138], [0.11825801749271138, 1.0]]","{0: '', 1: 'A', 2: 'B'}",,2,after,"[True, True]","{'max': 21, 'min': 21, 'avg': 21.0, 'root': 12}","[-10, -10]","[123, 87]",sequential,chance,chance,"[1.0, 1.0]","[0.5, 1.0]","[0.5, 1.0]","[0.5, 1.0]","[0.625, 0.0]","[0.375, 0.0]",[[0]],[[1]],[[2]],"(0, 12)","(12, 21)","(12, 21)",{},{},{},"['A', 'B']",[],[],0,0,4,1,3,3,B,,,,,,,B,,,,,"{'rtype': 'select-node', 'rtimedn': 23.958, 'rtimeup': 23.958}",,,,,,,"{'rtype': 'select-node', 'rtimedn': 24.178, 'rtimeup': 24.178}",,,,
,,14,0,16,1733257285,BDG-090-1441,TREE-1.2-0.0-0.0,"['dc7aa794-aaf0-4594-aa67-6466cf997e02', 'ac225116-14bc-429f-b2d5-8c4643505c01']","['participant', 'participant']","['hexagon', 'circle']","['hsla(163, 93%, 42%, 1.0)', 'hsla(8, 54%, 64%, 1.0)']","[[1.0, 0.17784256559766765], [0.17784256559766765, 1.0]]","{0: '', 1: 'A', 2: 'B'}",,2,after,"[True, True]","{'max': 21, 'min': 21, 'avg': 21.0, 'root': 12}","[-10, -10]","[137, 123]",sequential,chance,chance,"[1.0, 1.0]","[0.5, 1.0]","[0.5, 1.0]","[0.5, 1.0]","[0.625, 0.0]","[0.375, 0.0]",[[0]],[[1]],[[2]],"(0, 12)","(12, 21)","(12, 21)",{},{},{},"['A', 'B']",[],[],0,0,1,4,4,1,B,,,,,,,B,,,,,"{'rtype': 'select-node', 'rtimedn': 25.753, 'rtimeup': 25.753}",,,,,,,"{'rtype': 'select-node', 'rtimedn': 25.636, 'rtimeup': 25.636}",,,,
,,14,1,16,1733257285,BDG-252-3113,TREE-1.2-0.0-0.0,"['6c7c7d0e-9b28-49a3-a8ae-a038288cb0a1', '56064979-2a1e-4fcf-921e-09debb413eaa']","['participant', 'participant']","['dent-square', 'circle']","['hsla(165, 54%, 40%, 1.0)', 'hsla(79, 92%, 65%, 1.0)']","[[1.0, 0.09894314868804664], [0.09894314868804664, 1.0]]","{0: '', 1: 'A', 2: 'B'}",,1,after,"[True, True]","{'max': 21, 'min': 21, 'avg': 21.0, 'root': 12}","[-10, -10]","[125, 132]",sequential,chance,chance,"[1.0, 1.0]","[0.5, 1.0]","[0.5, 1.0]","[0.5, 1.0]","[0.375, 0.0]","[0.625, 0.0]",[[0]],[[1]],[[2]],"(0, 12)","(12, 21)","(12, 21)",{},{},{},"['A', 'B']",[],[],0,0,3,1,1,3,A,,,,,,,B,,,,,"{'rtype': 'select-node', 'rtimedn': 25.687, 'rtimeup': 25.687}",,,,,,,"{'rtype': 'select-node', 'rtimedn': 25.693, 'rtimeup': 25.693}",,,,
,,14,2,16,1733257285,BDG-249-2555,TREE-1.2-0.0-0.0,"['af883de6-a408-47aa-88dd-be481eabbd68', '44997a74-c08b-467a-b3c9-7492a6bde261']","['participant', 'participant']","['stop-sign', 'dent-square']","['hsla(154, 54%, 56%, 1.0)', 'hsla(114, 51%, 63%, 1.0)']","[[1.0, 0.08473032069970846], [0.08473032069970846, 1.0]]","{0: '', 1: 'A', 2: 'B'}",,2,after,"[True, True]","{'max': 21, 'min': 21, 'avg': 21.0, 'root': 12}","[-10, -10]","[132, 124]",sequential,chance,chance,"[1.0, 1.0]","[0.5, 1.0]","[0.5, 1.0]","[0.5, 1.0]","[0.625, 0.0]","[0.375, 0.0]",[[0]],[[1]],[[2]],"(0, 12)","(12, 21)","(12, 21)",{},{},{},"['A', 'B']",[],[],0,0,2,5,5,5,B,,,,,,,A,,,,,"{'rtype': 'select-node', 'rtimedn': 25.804, 'rtimeup': 25.804}",,,,,,,"{'rtype': 'select-node', 'rtimedn': 25.447, 'rtimeup': 25.447}",,,,
,,14,3,16,1733257289,BDG-135-2131,TREE-1.2-0.0-0.0,"['10360ec1-5cca-472f-a34e-f1c438e70709', 'b19d3db0-5631-4177-af52-32b44b4c6ee4']","['participant', 'participant']","['cross', 'cross']","['hsla(114, 90%, 64%, 1.0)', 'hsla(73, 80%, 59%, 1.0)']","[[1.0, 0.08473032069970846], [0.08473032069970846, 1.0]]","{0: '', 1: 'A', 2: 'B'}",,2,after,"[True, True]","{'max': 21, 'min': 21, 'avg': 21.0, 'root': 12}","[-10, -10]","[87, 89]",sequential,chance,chance,"[1.0, 1.0]","[0.5, 1.0]","[0.5, 1.0]","[0.5, 1.0]","[0.375, 0.0]","[0.625, 0.0]",[[0]],[[1]],[[2]],"(0, 12)","(12, 21)","(12, 21)",{},{},{},"['A', 'B']",[],[],0,0,2,1,3,1,B,,,,,,,A,,,,,"{'rtype': , 'rtimedn': 13, 'rtimeup': 13}",,,,,,,"{'rtype': 'select-node', 'rtimedn': 25.709, 'rtimeup': 25.709}",,,,
,,14,4,16,1733257289,BDG-369-3545,TREE-1.2-0.0-0.0,"['4e6fbdd5-31f9-458d-8cc0-2e7ab78019e6', 'eede0c44-416a-4587-96b5-ce08abfb5509']","['participant', 'participant']","['moon', 'flower']","['hsla(123, 55%, 48%, 1.0)', 'hsla(140, 57%, 43%, 1.0)']","[[1.0, 0.03188775510204082], [0.03188775510204082, 1.0]]","{0: '', 1: 'A', 2: 'B'}",,2,after,"[True, True]","{'max': 21, 'min': 21, 'avg': 21.0, 'root': 12}","[-10, -10]","[117, 123]",sequential,chance,chance,"[1.0, 1.0]","[0.5, 1.0]","[0.5, 1.0]","[0.5, 1.0]","[0.625, 0.0]","[0.375, 0.0]",[[0]],[[1]],[[2]],"(0, 12)","(12, 21)","(12, 21)",{},{},{},"['A', 'B']",[],[],0,0,3,5,4,5,B,,,,,,,B,,,,,"{'rtype': 'select-node', 'rtimedn': 25.83, 'rtimeup': 25.83}",,,,,,,"{'rtype': 'select-node', 'rtimedn': 25.447, 'rtimeup': 25.447}",,,,
,,14,5,16,1733257285,BDG-160-2231,TREE-1.2-0.0-0.0,"['a35a2a09-0e5b-4c89-b416-0180cdf67736', 'bf1ced06-3c98-481a-b525-b0ff789e92c2']","['participant', 'participant']","['star-six', 'stop-sign']","['hsla(351, 79%, 51%, 1.0)', 'hsla(77, 55%, 64%, 1.0)']","[[1.0, 0.1716472303206997], [0.1716472303206997, 1.0]]","{0: '', 1: 'A', 2: 'B'}",,2,after,"[True, True]","{'max': 21, 'min': 21, 'avg': 21.0, 'root': 12}","[-10, -10]","[142, 123]",sequential,chance,chance,"[1.0, 1.0]","[0.5, 1.0]","[0.5, 1.0]","[0.5, 1.0]","[0.375, 0.0]","[0.625, 0.0]",[[0]],[[1]],[[2]],"(0, 12)","(12, 21)","(12, 21)",{},{},{},"['A', 'B']",[],[],0,0,2,2,3,1,B,,,,,,,B,,,,,"{'rtype': 'select-node', 'rtimedn': 25.626, 'rtimeup': 25.626}",,,,,,,"{'rtype': 'select-node', 'rtimedn': 25.706, 'rtimeup': 25.706}",,,,
,,15,0,16,1733257300,BDG-090-1441,TREE-1.2-0.0-0.0,"['a35a2a09-0e5b-4c89-b416-0180cdf67736', 'b19d3db0-5631-4177-af52-32b44b4c6ee4']","['participant', 'participant']","['star-six', 'cross']","['hsla(351, 79%, 51%, 1.0)', 'hsla(73, 80%, 59%, 1.0)']","[[1.0, 0.06778425655976676], [0.06778425655976676, 1.0]]","{0: '', 1: 'A', 2: 'B'}",,2,after,"[True, True]","{'max': 21, 'min': 21, 'avg': 21.0, 'root': 12}","[-10, -10]","[142, 89]",sequential,chance,chance,"[1.0, 1.0]","[0.5, 1.0]","[0.5, 1.0]","[0.5, 1.0]","[0.625, 0.0]","[0.375, 0.0]",[[0]],[[1]],[[2]],"(0, 12)","(12, 21)","(12, 21)",{},{},{},"['A', 'B']",[],[],0,0,1,4,4,1,B,,,,,,,A,,,,,"{'rtype': 'select-node', 'rtimedn': 27.005, 'rtimeup': 27.005}",,,,,,,"{'rtype': 'select-node', 'rtimedn': 27.29, 'rtimeup': 27.29}",,,,
,,15,1,16,1733257302,BDG-516-5142,TREE-1.2-0.0-0.0,"['44997a74-c08b-467a-b3c9-7492a6bde261', '4e6fbdd5-31f9-458d-8cc0-2e7ab78019e6']","['participant', 'participant']","['dent-square', 'moon']","['hsla(114, 51%, 63%, 1.0)', 'hsla(123, 55%, 48%, 1.0)']","[[1.0, 0.1716472303206997], [0.1716472303206997, 1.0]]","{0: '', 1: 'A', 2: 'B'}",,1,after,"[True, True]","{'max': 21, 'min': 21, 'avg': 21.0, 'root': 12}","[-10, -10]","[124, 117]",sequential,chance,chance,"[1.0, 1.0]","[0.5, 1.0]","[0.5, 1.0]","[0.5, 1.0]","[0.625, 0.0]","[0.375, 0.0]",[[0]],[[1]],[[2]],"(0, 12)","(12, 21)","(12, 21)",{},{},{},"['A', 'B']",[],[],0,0,5,1,4,2,A,,,,,,,B,,,,,"{'rtype': 'select-node', 'rtimedn': 26.812, 'rtimeup': 26.812}",,,,,,,"{'rtype': 'select-node', 'rtimedn': 27.384, 'rtimeup': 27.384}",,,,
,,15,2,16,1733257299,BDG-205-2421,TREE-1.2-0.0-0.0,"['af883de6-a408-47aa-88dd-be481eabbd68', '10360ec1-5cca-472f-a34e-f1c438e70709']","['participant', 'participant']","['stop-sign', 'cross']","['hsla(154, 54%, 56%, 1.0)', 'hsla(114, 90%, 64%, 1.0)']","[[1.0, 0.09894314868804664], [0.09894314868804664, 1.0]]","{0: '', 1: 'A', 2: 'B'}",,2,after,"[True, True]","{'max': 21, 'min': 21, 'avg': 21.0, 'root': 12}","[-10, -10]","[132, 87]",sequential,chance,chance,"[1.0, 1.0]","[0.5, 1.0]","[0.5, 1.0]","[0.5, 1.0]","[0.625, 0.0]","[0.375, 0.0]",[[0]],[[1]],[[2]],"(0, 12)","(12, 21)","(12, 21)",{},{},{},"['A', 'B']",[],[],0,0,2,4,2,1,B,,,,,,,A,,,,,"{'rtype': 'select-node', 'rtimedn': 27.134, 'rtimeup': 27.134}",,,,,,,"{'rtype': 'select-node', 'rtimedn': 26.956, 'rtimeup': 26.956}",,,,
,,15,3,16,1733257302,BDG-069-1345,TREE-1.2-0.0-0.0,"['ac225116-14bc-429f-b2d5-8c4643505c01', 'eede0c44-416a-4587-96b5-ce08abfb5509']","['participant', 'participant']","['circle', 'flower']","['hsla(8, 54%, 64%, 1.0)', 'hsla(140, 57%, 43%, 1.0)']","[[1.0, 0.15743440233236153], [0.15743440233236153, 1.0]]","{0: '', 1: 'A', 2: 'B'}",,2,after,"[True, True]","{'max': 21, 'min': 21, 'avg': 21.0, 'root': 12}","[-10, -10]","[123, 123]",sequential,chance,chance,"[1.0, 1.0]","[0.5, 1.0]","[0.5, 1.0]","[0.5, 1.0]","[0.375, 0.0]","[0.625, 0.0]",[[0]],[[1]],[[2]],"(0, 12)","(12, 21)","(12, 21)",{},{},{},"['A', 'B']",[],[],0,0,1,3,4,5,B,,,,,,,B,,,,,"{'rtype': 'select-node', 'rtimedn': 26.966, 'rtimeup': 26.966}",,,,,,,"{'rtype': 'select-node', 'rtimedn': 26.801, 'rtimeup': 26.801}",,,,
,,15,4,16,1733257300,BDG-198-2354,TREE-1.2-0.0-0.0,"['56064979-2a1e-4fcf-921e-09debb413eaa', 'bf1ced06-3c98-481a-b525-b0ff789e92c2']","['participant', 'participant']","['circle', 'stop-sign']","['hsla(79, 92%, 65%, 1.0)', 'hsla(77, 55%, 64%, 1.0)']","[[1.0, 0.15743440233236153], [0.15743440233236153, 1.0]]","{0: '', 1: 'A', 2: 'B'}",,2,after,"[True, True]","{'max': 21, 'min': 21, 'avg': 21.0, 'root': 12}","[-10, -10]","[132, 123]",sequential,chance,chance,"[1.0, 1.0]","[0.5, 1.0]","[0.5, 1.0]","[0.5, 1.0]","[0.625, 0.0]","[0.375, 0.0]",[[0]],[[1]],[[2]],"(0, 12)","(12, 21)","(12, 21)",{},{},{},"['A', 'B']",[],[],0,0,2,3,5,4,B,,,,,,,B,,,,,"{'rtype': 'select-node', 'rtimedn': 26.96, 'rtimeup': 26.96}",,,,,,,"{'rtype': 'select-node', 'rtimedn': 27.142, 'rtimeup': 27.142}",,,,
,,15,5,16,1733257299,BDG-497-4553,TREE-1.2-0.0-0.0,"['dc7aa794-aaf0-4594-aa67-6466cf997e02', '6c7c7d0e-9b28-49a3-a8ae-a038288cb0a1']","['participant', 'participant']","['hexagon', 'dent-square']","['hsla(163, 93%, 42%, 1.0)', 'hsla(165, 54%, 40%, 1.0)']","[[1.0, 0.1716472303206997], [0.1716472303206997, 1.0]]","{0: '', 1: 'A', 2: 'B'}",,1,after,"[True, True]","{'max': 21, 'min': 21, 'avg': 21.0, 'root': 12}","[-10, -10]","[137, 125]",sequential,chance,chance,"[1.0, 1.0]","[0.5, 1.0]","[0.5, 1.0]","[0.5, 1.0]","[0.375, 0.0]","[0.625, 0.0]",[[0]],[[1]],[[2]],"(0, 12)","(12, 21)","(12, 21)",{},{},{},"['A', 'B']",[],[],0,0,4,5,5,3,A,,,,,,,A,,,,,"{'rtype': 'select-node', 'rtimedn': 27.091, 'rtimeup': 27.091}",,,,,,,"{'rtype': 'select-node', 'rtimedn': 27.117, 'rtimeup': 27.117}",,,,
,,16,0,16,1733257311,BDG-350-3511,TREE-1.2-0.0-0.0,"['44997a74-c08b-467a-b3c9-7492a6bde261', 'b19d3db0-5631-4177-af52-32b44b4c6ee4']","['participant', 'participant']","['dent-square', 'cross']","['hsla(114, 51%, 63%, 1.0)', 'hsla(73, 80%, 59%, 1.0)']","[[1.0, 0.03152332361516035], [0.03152332361516035, 1.0]]","{0: '', 1: 'A', 2: 'B'}",,2,after,"[True, True]","{'max': 21, 'min': 21, 'avg': 21.0, 'root': 12}","[-10, -10]","[124, 89]",sequential,chance,chance,"[1.0, 1.0]","[0.5, 1.0]","[0.5, 1.0]","[0.5, 1.0]","[0.625, 0.0]","[0.375, 0.0]",[[0]],[[1]],[[2]],"(0, 12)","(12, 21)","(12, 21)",{},{},{},"['A', 'B']",[],[],0,0,3,5,1,1,B,,,,,,,A,,,,,"{'rtype': 'select-node', 'rtimedn': 28.315, 'rtimeup': 28.315}",,,,,,,"{'rtype': 'select-node', 'rtimedn': 28.426, 'rtimeup': 28.426}",,,,
,,16,1,16,1733257311,BDG-141-2142,TREE-1.2-0.0-0.0,"['dc7aa794-aaf0-4594-aa67-6466cf997e02', 'bf1ced06-3c98-481a-b525-b0ff789e92c2']","['participant', 'participant']","['hexagon', 'stop-sign']","['hsla(163, 93%, 42%, 1.0)', 'hsla(77, 55%, 64%, 1.0)']","[[1.0, 0.08473032069970846], [0.08473032069970846, 1.0]]","{0: '', 1: 'A', 2: 'B'}",,2,after,"[True, True]","{'max': 21, 'min': 21, 'avg': 21.0, 'root': 12}","[-10, -10]","[137, 123]",sequential,chance,chance,"[1.0, 1.0]","[0.5, 1.0]","[0.5, 1.0]","[0.5, 1.0]","[0.625, 0.0]","[0.375, 0.0]",[[0]],[[1]],[[2]],"(0, 12)","(12, 21)","(12, 21)",{},{},{},"['A', 'B']",[],[],0,0,2,1,4,2,B,,,,,,,B,,,,,"{'rtype': 'select-node', 'rtimedn': 28.385, 'rtimeup': 28.385}",,,,,,,"{'rtype': 'select-node', 'rtimedn': 28.288, 'rtimeup': 28.288}",,,,
,,16,2,16,1733257315,BDG-518-5144,TREE-1.2-0.0-0.0,"['4e6fbdd5-31f9-458d-8cc0-2e7ab78019e6', '56064979-2a1e-4fcf-921e-09debb413eaa']","['participant', 'participant']","['moon', 'circle']","['hsla(123, 55%, 48%, 1.0)', 'hsla(79, 92%, 65%, 1.0)']","[[1.0, 0.17784256559766765], [0.17784256559766765, 1.0]]","{0: '', 1: 'A', 2: 'B'}",,1,after,"[True, True]","{'max': 21, 'min': 21, 'avg': 21.0, 'root': 12}","[-10, -10]","[117, 132]",sequential,chance,chance,"[1.0, 1.0]","[0.5, 1.0]","[0.5, 1.0]","[0.5, 1.0]","[0.625, 0.0]","[0.375, 0.0]",[[0]],[[1]],[[2]],"(0, 12)","(12, 21)","(12, 21)",{},{},{},"['A', 'B']",[],[],0,0,5,1,4,4,A,,,,,,,B,,,,,"{'rtype': 'select-node', 'rtimedn': 28.625, 'rtimeup': 28.625}",,,,,,,"{'rtype': 'select-node', 'rtimedn': 28.727, 'rtimeup': 28.727}",,,,
,,16,3,16,1733257310,BDG-532-5223,TREE-1.2-0.0-0.0,"['a35a2a09-0e5b-4c89-b416-0180cdf67736', 'af883de6-a408-47aa-88dd-be481eabbd68']","['participant', 'participant']","['star-six', 'stop-sign']","['hsla(351, 79%, 51%, 1.0)', 'hsla(154, 54%, 56%, 1.0)']","[[1.0, 0.15743440233236153], [0.15743440233236153, 1.0]]","{0: '', 1: 'A', 2: 'B'}",,1,after,"[True, True]","{'max': 21, 'min': 21, 'avg': 21.0, 'root': 12}","[-10, -10]","[142, 132]",sequential,chance,chance,"[1.0, 1.0]","[0.5, 1.0]","[0.5, 1.0]","[0.5, 1.0]","[0.375, 0.0]","[0.625, 0.0]",[[0]],[[1]],[[2]],"(0, 12)","(12, 21)","(12, 21)",{},{},{},"['A', 'B']",[],[],0,0,5,2,2,3,A,,,,,,,A,,,,,"{'rtype': 'select-node', 'rtimedn': 28.314, 'rtimeup': 28.314}",,,,,,,"{'rtype': 'select-node', 'rtimedn': 28.27, 'rtimeup': 28.27}",,,,
,,16,4,16,1733257315,BDG-204-2415,TREE-1.2-0.0-0.0,"['eede0c44-416a-4587-96b5-ce08abfb5509', '6c7c7d0e-9b28-49a3-a8ae-a038288cb0a1']","['participant', 'participant']","['flower', 'dent-square']","['hsla(140, 57%, 43%, 1.0)', 'hsla(165, 54%, 40%, 1.0)']","[[1.0, 0.08473032069970846], [0.08473032069970846, 1.0]]","{0: '', 1: 'A', 2: 'B'}",,1,after,"[True, True]","{'max': 21, 'min': 21, 'avg': 21.0, 'root': 12}","[-10, -10]","[123, 125]",sequential,chance,chance,"[1.0, 1.0]","[0.5, 1.0]","[0.5, 1.0]","[0.5, 1.0]","[0.375, 0.0]","[0.625, 0.0]",[[0]],[[1]],[[2]],"(0, 12)","(12, 21)","(12, 21)",{},{},{},"['A', 'B']",[],[],0,0,2,4,1,5,A,,,,,,,A,,,,,"{'rtype': 'select-node', 'rtimedn': 28.118, 'rtimeup': 28.118}",,,,,,,"{'rtype': 'select-node', 'rtimedn': 28.506, 'rtimeup': 28.506}",,,,
,,16,5,16,1733257314,BDG-620-5551,TREE-1.2-0.0-0.0,"['ac225116-14bc-429f-b2d5-8c4643505c01', '10360ec1-5cca-472f-a34e-f1c438e70709']","['participant', 'participant']","['circle', 'cross']","['hsla(8, 54%, 64%, 1.0)', 'hsla(114, 90%, 64%, 1.0)']","[[1.0, 0.04865160349854227], [0.04865160349854227, 1.0]]","{0: '', 1: 'A', 2: 'B'}",,1,after,"[True, True]","{'max': 21, 'min': 21, 'avg': 21.0, 'root': 12}","[-10, -10]","[123, 87]",sequential,chance,chance,"[1.0, 1.0]","[0.5, 1.0]","[0.5, 1.0]","[0.5, 1.0]","[0.625, 0.0]","[0.375, 0.0]",[[0]],[[1]],[[2]],"(0, 12)","(12, 21)","(12, 21)",{},{},{},"['A', 'B']",[],[],0,0,5,5,5,1,A,,,,,,,A,,,,,"{'rtype': 'select-node', 'rtimedn': 28.601, 'rtimeup': 28.601}",,,,,,,"{'rtype': 'select-node', 'rtimedn': 28.296, 'rtimeup': 28.296}",,,,
,,17,0,16,1733257327,BDG-322-3353,TREE-1.2-0.0-0.0,"['bf1ced06-3c98-481a-b525-b0ff789e92c2', 'a35a2a09-0e5b-4c89-b416-0180cdf67736']","['participant', 'participant']","['stop-sign', 'star-six']","['hsla(77, 55%, 64%, 1.0)', 'hsla(351, 79%, 51%, 1.0)']","[[1.0, 0.1716472303206997], [0.1716472303206997, 1.0]]","{0: '', 1: 'A', 2: 'B'}",,1,after,"[True, True]","{'max': 21, 'min': 21, 'avg': 21.0, 'root': 12}","[-10, -10]","[123, 142]",sequential,chance,chance,"[1.0, 1.0]","[0.5, 1.0]","[0.5, 1.0]","[0.5, 1.0]","[0.375, 0.0]","[0.625, 0.0]",[[0]],[[1]],[[2]],"(0, 12)","(12, 21)","(12, 21)",{},{},{},"['A', 'B']",[],[],0,0,3,3,5,3,A,,,,,,,A,,,,,"{'rtype': 'select-node', 'rtimedn': 29.876, 'rtimeup': 29.876}",,,,,,,"{'rtype': 'select-node', 'rtimedn': 29.732, 'rtimeup': 29.732}",,,,
,,17,1,16,1733257326,BDG-528-5214,TREE-1.2-0.0-0.0,"['44997a74-c08b-467a-b3c9-7492a6bde261', '6c7c7d0e-9b28-49a3-a8ae-a038288cb0a1']","['participant', 'participant']","['dent-square', 'dent-square']","['hsla(114, 51%, 63%, 1.0)', 'hsla(165, 54%, 40%, 1.0)']","[[1.0, 0.17784256559766765], [0.17784256559766765, 1.0]]","{0: '', 1: 'A', 2: 'B'}",,2,after,"[True, True]","{'max': 21, 'min': 21, 'avg': 21.0, 'root': 12}","[-10, -10]","[124, 125]",sequential,chance,chance,"[1.0, 1.0]","[0.5, 1.0]","[0.5, 1.0]","[0.5, 1.0]","[0.625, 0.0]","[0.375, 0.0]",[[0]],[[1]],[[2]],"(0, 12)","(12, 21)","(12, 21)",{},{},{},"['A', 'B']",[],[],0,0,5,2,1,4,B,,,,,,,A,,,,,"{'rtype': 'select-node', 'rtimedn': 29.623, 'rtimeup': 29.623}",,,,,,,"{'rtype': 'select-node', 'rtimedn': 29.88, 'rtimeup': 29.88}",,,,
,,17,2,16,1733257327,BDG-169-2245,TREE-1.2-0.0-0.0,"['dc7aa794-aaf0-4594-aa67-6466cf997e02', 'eede0c44-416a-4587-96b5-ce08abfb5509']","['participant', 'participant']","['hexagon', 'flower']","['hsla(163, 93%, 42%, 1.0)', 'hsla(140, 57%, 43%, 1.0)']","[[1.0, 0.03152332361516035], [0.03152332361516035, 1.0]]","{0: '', 1: 'A', 2: 'B'}",,2,after,"[True, True]","{'max': 21, 'min': 21, 'avg': 21.0, 'root': 12}","[-10, -10]","[137, 123]",sequential,chance,chance,"[1.0, 1.0]","[0.5, 1.0]","[0.5, 1.0]","[0.5, 1.0]","[0.625, 0.0]","[0.375, 0.0]",[[0]],[[1]],[[2]],"(0, 12)","(12, 21)","(12, 21)",{},{},{},"['A', 'B']",[],[],0,0,2,2,4,5,B,,,,,,,A,,,,,"{'rtype': 'select-node', 'rtimedn': 29.628, 'rtimeup': 29.628}",,,,,,,"{'rtype': 'select-node', 'rtimedn': 29.281, 'rtimeup': 29.281}",,,,
,,17,3,16,1733257325,BDG-015-1141,TREE-1.2-0.0-0.0,"['b19d3db0-5631-4177-af52-32b44b4c6ee4', '10360ec1-5cca-472f-a34e-f1c438e70709']","['participant', 'participant']","['cross', 'cross']","['hsla(73, 80%, 59%, 1.0)', 'hsla(114, 90%, 64%, 1.0)']","[[1.0, 0.08473032069970846], [0.08473032069970846, 1.0]]","{0: '', 1: 'A', 2: 'B'}",,2,after,"[True, True]","{'max': 21, 'min': 21, 'avg': 21.0, 'root': 12}","[-10, -10]","[89, 87]",sequential,chance,chance,"[1.0, 1.0]","[0.5, 1.0]","[0.5, 1.0]","[0.5, 1.0]","[0.375, 0.0]","[0.625, 0.0]",[[0]],[[1]],[[2]],"(0, 12)","(12, 21)","(12, 21)",{},{},{},"['A', 'B']",[],[],0,0,1,1,4,1,B,,,,,,,A,,,,,"{'rtype': 'select-node', 'rtimedn': 29.56, 'rtimeup': 29.56}",,,,,,,"{'rtype': 'select-node', 'rtimedn': 29.776, 'rtimeup': 29.776}",,,,
,,17,4,16,1733257324,BDG-596-5452,TREE-1.2-0.0-0.0,"['af883de6-a408-47aa-88dd-be481eabbd68', 'ac225116-14bc-429f-b2d5-8c4643505c01']","['participant', 'participant']","['stop-sign', 'circle']","['hsla(154, 54%, 56%, 1.0)', 'hsla(8, 54%, 64%, 1.0)']","[[1.0, 0.06778425655976676], [0.06778425655976676, 1.0]]","{0: '', 1: 'A', 2: 'B'}",,2,after,"[True, True]","{'max': 21, 'min': 21, 'avg': 21.0, 'root': 12}","[-10, -10]","[132, 123]",sequential,chance,chance,"[1.0, 1.0]","[0.5, 1.0]","[0.5, 1.0]","[0.5, 1.0]","[0.625, 0.0]","[0.375, 0.0]",[[0]],[[1]],[[2]],"(0, 12)","(12, 21)","(12, 21)",{},{},{},"['A', 'B']",[],[],0,0,5,4,5,2,B,,,,,,,A,,,,,"{'rtype': 'select-node', 'rtimedn': 29.657, 'rtimeup': 29.657}",,,,,,,"{'rtype': 'select-node', 'rtimedn': 29.538, 'rtimeup': 29.538}",,,,
,,17,5,16,1733257328,BDG-214-2435,TREE-1.2-0.0-0.0,"['56064979-2a1e-4fcf-921e-09debb413eaa', '4e6fbdd5-31f9-458d-8cc0-2e7ab78019e6']","['participant', 'participant']","['circle', 'moon']","['hsla(79, 92%, 65%, 1.0)', 'hsla(123, 55%, 48%, 1.0)']","[[1.0, 0.17784256559766765], [0.17784256559766765, 1.0]]","{0: '', 1: 'A', 2: 'B'}",,2,after,"[True, True]","{'max': 21, 'min': 21, 'avg': 21.0, 'root': 12}","[-10, -10]","[132, 117]",sequential,chance,chance,"[1.0, 1.0]","[0.5, 1.0]","[0.5, 1.0]","[0.5, 1.0]","[0.375, 0.0]","[0.625, 0.0]",[[0]],[[1]],[[2]],"(0, 12)","(12, 21)","(12, 21)",{},{},{},"['A', 'B']",[],[],0,0,2,4,3,5,B,,,,,,,A,,,,,"{'rtype': 'select-node', 'rtimedn': 29.958, 'rtimeup': 29.958}",,,,,,,"{'rtype': 'select-node', 'rtimedn': 30.021, 'rtimeup': 30.021}",,,,
,,18,0,16,1733257338,BDG-443-4344,TREE-1.2-0.0-0.0,"['a35a2a09-0e5b-4c89-b416-0180cdf67736', '10360ec1-5cca-472f-a34e-f1c438e70709']","['participant', 'participant']","['star-six', 'cross']","['hsla(351, 79%, 51%, 1.0)', 'hsla(114, 90%, 64%, 1.0)']","[[1.0, 0.17784256559766765], [0.17784256559766765, 1.0]]","{0: '', 1: 'A', 2: 'B'}",,2,after,"[True, True]","{'max': 21, 'min': 21, 'avg': 21.0, 'root': 12}","[-10, -10]","[142, 87]",sequential,chance,chance,"[1.0, 1.0]","[0.5, 1.0]","[0.5, 1.0]","[0.5, 1.0]","[0.375, 0.0]","[0.625, 0.0]",[[0]],[[1]],[[2]],"(0, 12)","(12, 21)","(12, 21)",{},{},{},"['A', 'B']",[],[],0,0,4,3,4,4,B,,,,,,,B,,,,,"{'rtype': 'select-node', 'rtimedn': 30.925, 'rtimeup': 30.925}",,,,,,,"{'rtype': 'select-node', 'rtimedn': 31.108, 'rtimeup': 31.108}",,,,
,,18,1,16,1733257342,BDG-397-4153,TREE-1.2-0.0-0.0,"['eede0c44-416a-4587-96b5-ce08abfb5509', 'af883de6-a408-47aa-88dd-be481eabbd68']","['participant', 'participant']","['flower', 'stop-sign']","['hsla(140, 57%, 43%, 1.0)', 'hsla(154, 54%, 56%, 1.0)']","[[1.0, 0.1716472303206997], [0.1716472303206997, 1.0]]","{0: '', 1: 'A', 2: 'B'}",,2,after,"[True, True]","{'max': 21, 'min': 21, 'avg': 21.0, 'root': 12}","[-10, -10]","[123, 132]",sequential,chance,chance,"[1.0, 1.0]","[0.5, 1.0]","[0.5, 1.0]","[0.5, 1.0]","[0.625, 0.0]","[0.375, 0.0]",[[0]],[[1]],[[2]],"(0, 12)","(12, 21)","(12, 21)",{},{},{},"['A', 'B']",[],[],0,0,4,1,5,3,B,,,,,,,B,,,,,"{'rtype': 'select-node', 'rtimedn': 30.768, 'rtimeup': 30.768}",,,,,,,"{'rtype': 'select-node', 'rtimedn': 31.046, 'rtimeup': 31.046}",,,,
,,18,2,16,1733257339,BDG-155-2221,TREE-1.2-0.0-0.0,"['ac225116-14bc-429f-b2d5-8c4643505c01', 'b19d3db0-5631-4177-af52-32b44b4c6ee4']","['participant', 'participant']","['circle', 'cross']","['hsla(8, 54%, 64%, 1.0)', 'hsla(73, 80%, 59%, 1.0)']","[[1.0, 0.1716472303206997], [0.1716472303206997, 1.0]]","{0: '', 1: 'A', 2: 'B'}",,1,after,"[True, True]","{'max': 21, 'min': 21, 'avg': 21.0, 'root': 12}","[-10, -10]","[123, 89]",sequential,chance,chance,"[1.0, 1.0]","[0.5, 1.0]","[0.5, 1.0]","[0.5, 1.0]","[0.625, 0.0]","[0.375, 0.0]",[[0]],[[1]],[[2]],"(0, 12)","(12, 21)","(12, 21)",{},{},{},"['A', 'B']",[],[],0,0,2,2,2,1,A,,,,,,,A,,,,,"{'rtype': 'select-node', 'rtimedn': 30.813, 'rtimeup': 30.813}",,,,,,,"{'rtype': 'select-node', 'rtimedn': 31.194, 'rtimeup': 31.194}",,,,
,,18,3,16,1733257337,BDG-306-3322,TREE-1.2-0.0-0.0,"['44997a74-c08b-467a-b3c9-7492a6bde261', '6c7c7d0e-9b28-49a3-a8ae-a038288cb0a1']","['participant', 'participant']","['dent-square', 'dent-square']","['hsla(114, 51%, 63%, 1.0)', 'hsla(165, 54%, 40%, 1.0)']","[[1.0, 0.17784256559766765], [0.17784256559766765, 1.0]]","{0: '', 1: 'A', 2: 'B'}",,2,after,"[True, True]","{'max': 21, 'min': 21, 'avg': 21.0, 'root': 12}","[-10, -10]","[124, 125]",sequential,chance,chance,"[1.0, 1.0]","[0.5, 1.0]","[0.5, 1.0]","[0.5, 1.0]","[0.625, 0.0]","[0.375, 0.0]",[[0]],[[1]],[[2]],"(0, 12)","(12, 21)","(12, 21)",{},{},{},"['A', 'B']",[],[],0,0,3,3,2,2,B,,,,,,,A,,,,,"{'rtype': 'select-node', 'rtimedn': 30.853, 'rtimeup': 30.853}",,,,,,,"{'rtype': 'select-node', 'rtimedn': 30.904, 'rtimeup': 30.904}",,,,
,,18,4,16,1733257337,BDG-271-3152,TREE-1.2-0.0-0.0,"['bf1ced06-3c98-481a-b525-b0ff789e92c2', 'dc7aa794-aaf0-4594-aa67-6466cf997e02']","['participant', 'participant']","['stop-sign', 'hexagon']","['hsla(77, 55%, 64%, 1.0)', 'hsla(163, 93%, 42%, 1.0)']","[[1.0, 0.08473032069970846], [0.08473032069970846, 1.0]]","{0: '', 1: 'A', 2: 'B'}",,2,after,"[True, True]","{'max': 21, 'min': 21, 'avg': 21.0, 'root': 12}","[-10, -10]","[123, 137]",sequential,chance,chance,"[1.0, 1.0]","[0.5, 1.0]","[0.5, 1.0]","[0.5, 1.0]","[0.625, 0.0]","[0.375, 0.0]",[[0]],[[1]],[[2]],"(0, 12)","(12, 21)","(12, 21)",{},{},{},"['A', 'B']",[],[],0,0,3,1,5,2,B,,,,,,,B,,,,,"{'rtype': 'select-node', 'rtimedn': 30.909, 'rtimeup': 30.909}",,,,,,,"{'rtype': 'select-node', 'rtimedn': 30.992, 'rtimeup': 30.992}",,,,
,,18,5,16,1733257342,BDG-137-2133,TREE-1.2-0.0-0.0,"['56064979-2a1e-4fcf-921e-09debb413eaa', '4e6fbdd5-31f9-458d-8cc0-2e7ab78019e6']","['participant', 'participant']","['circle', 'moon']","['hsla(79, 92%, 65%, 1.0)', 'hsla(123, 55%, 48%, 1.0)']","[[1.0, 0.17784256559766765], [0.17784256559766765, 1.0]]","{0: '', 1: 'A', 2: 'B'}",,2,after,"[True, True]","{'max': 21, 'min': 21, 'avg': 21.0, 'root': 12}","[-10, -10]","[132, 117]",sequential,chance,chance,"[1.0, 1.0]","[0.5, 1.0]","[0.5, 1.0]","[0.5, 1.0]","[0.625, 0.0]","[0.375, 0.0]",[[0]],[[1]],[[2]],"(0, 12)","(12, 21)","(12, 21)",{},{},{},"['A', 'B']",[],[],0,0,2,1,3,3,B,,,,,,,A,,,,,"{'rtype': 'select-node', 'rtimedn': 31.101, 'rtimeup': 31.101}",,,,,,,"{'rtype': 'select-node', 'rtimedn': 31.351, 'rtimeup': 31.351}",,,,
,,19,0,16,1733257352,BDG-282-3223,TREE-1.2-0.0-0.0,"['a35a2a09-0e5b-4c89-b416-0180cdf67736', 'bf1ced06-3c98-481a-b525-b0ff789e92c2']","['participant', 'participant']","['star-six', 'stop-sign']","['hsla(351, 79%, 51%, 1.0)', 'hsla(77, 55%, 64%, 1.0)']","[[1.0, 0.1716472303206997], [0.1716472303206997, 1.0]]","{0: '', 1: 'A', 2: 'B'}",,1,after,"[True, True]","{'max': 21, 'min': 21, 'avg': 21.0, 'root': 12}","[-10, -10]","[142, 123]",sequential,chance,chance,"[1.0, 1.0]","[0.5, 1.0]","[0.5, 1.0]","[0.5, 1.0]","[0.375, 0.0]","[0.625, 0.0]",[[0]],[[1]],[[2]],"(0, 12)","(12, 21)","(12, 21)",{},{},{},"['A', 'B']",[],[],0,0,3,2,2,3,A,,,,,,,A,,,,,"{'rtype': 'select-node', 'rtimedn': 32.454, 'rtimeup': 32.454}",,,,,,,"{'rtype': 'select-node', 'rtimedn': 32.256, 'rtimeup': 32.256}",,,,
,,19,1,16,1733257356,BDG-586-5432,TREE-1.2-0.0-0.0,"['af883de6-a408-47aa-88dd-be481eabbd68', 'eede0c44-416a-4587-96b5-ce08abfb5509']","['participant', 'participant']","['stop-sign', 'flower']","['hsla(154, 54%, 56%, 1.0)', 'hsla(140, 57%, 43%, 1.0)']","[[1.0, 0.1716472303206997], [0.1716472303206997, 1.0]]","{0: '', 1: 'A', 2: 'B'}",,1,after,"[True, True]","{'max': 21, 'min': 21, 'avg': 21.0, 'root': 12}","[-10, -10]","[132, 123]",sequential,chance,chance,"[1.0, 1.0]","[0.5, 1.0]","[0.5, 1.0]","[0.5, 1.0]","[0.625, 0.0]","[0.375, 0.0]",[[0]],[[1]],[[2]],"(0, 12)","(12, 21)","(12, 21)",{},{},{},"['A', 'B']",[],[],0,0,5,4,3,2,A,,,,,,,A,,,,,"{'rtype': 'select-node', 'rtimedn': 32.292, 'rtimeup': 32.292}",,,,,,,"{'rtype': 'select-node', 'rtimedn': 32.149, 'rtimeup': 32.149}",,,,
,,19,2,16,1733257352,BDG-503-5114,TREE-1.2-0.0-0.0,"['44997a74-c08b-467a-b3c9-7492a6bde261', '10360ec1-5cca-472f-a34e-f1c438e70709']","['participant', 'participant']","['dent-square', 'cross']","['hsla(114, 51%, 63%, 1.0)', 'hsla(114, 90%, 64%, 1.0)']","[[1.0, 0.15743440233236153], [0.15743440233236153, 1.0]]","{0: '', 1: 'A', 2: 'B'}",,2,after,"[True, True]","{'max': 21, 'min': 21, 'avg': 21.0, 'root': 12}","[-10, -10]","[124, 87]",sequential,chance,chance,"[1.0, 1.0]","[0.5, 1.0]","[0.5, 1.0]","[0.5, 1.0]","[0.375, 0.0]","[0.625, 0.0]",[[0]],[[1]],[[2]],"(0, 12)","(12, 21)","(12, 21)",{},{},{},"['A', 'B']",[],[],0,0,5,1,1,4,B,,,,,,,B,,,,,"{'rtype': 'select-node', 'rtimedn': 32.329, 'rtimeup': 32.329}",,,,,,,"{'rtype': 'select-node', 'rtimedn': 32.263, 'rtimeup': 32.263}",,,,
,,19,3,16,1733257354,BDG-609-5525,TREE-1.2-0.0-0.0,"['dc7aa794-aaf0-4594-aa67-6466cf997e02', '4e6fbdd5-31f9-458d-8cc0-2e7ab78019e6']","['participant', 'participant']","['hexagon', 'moon']","['hsla(163, 93%, 42%, 1.0)', 'hsla(123, 55%, 48%, 1.0)']","[[1.0, 0.15743440233236153], [0.15743440233236153, 1.0]]","{0: '', 1: 'A', 2: 'B'}",,1,after,"[True, True]","{'max': 21, 'min': 21, 'avg': 21.0, 'root': 12}","[-10, -10]","[137, 117]",sequential,chance,chance,"[1.0, 1.0]","[0.5, 1.0]","[0.5, 1.0]","[0.5, 1.0]","[0.625, 0.0]","[0.375, 0.0]",[[0]],[[1]],[[2]],"(0, 12)","(12, 21)","(12, 21)",{},{},{},"['A', 'B']",[],[],0,0,5,5,2,5,A,,,,,,,A,,,,,"{'rtype': 'select-node', 'rtimedn': 32.436, 'rtimeup': 32.436}",,,,,,,"{'rtype': 'select-node', 'rtimedn': 32.613, 'rtimeup': 32.613}",,,,
,,19,4,16,1733257354,BDG-462-4433,TREE-1.2-0.0-0.0,"['ac225116-14bc-429f-b2d5-8c4643505c01', 'b19d3db0-5631-4177-af52-32b44b4c6ee4']","['participant', 'participant']","['circle', 'cross']","['hsla(8, 54%, 64%, 1.0)', 'hsla(73, 80%, 59%, 1.0)']","[[1.0, 0.1716472303206997], [0.1716472303206997, 1.0]]","{0: '', 1: 'A', 2: 'B'}",,1,after,"[True, True]","{'max': 21, 'min': 21, 'avg': 21.0, 'root': 12}","[-10, -10]","[123, 89]",sequential,chance,chance,"[1.0, 1.0]","[0.5, 1.0]","[0.5, 1.0]","[0.5, 1.0]","[0.625, 0.0]","[0.375, 0.0]",[[0]],[[1]],[[2]],"(0, 12)","(12, 21)","(12, 21)",{},{},{},"['A', 'B']",[],[],0,0,4,4,3,3,A,,,,,,,A,,,,,"{'rtype': 'select-node', 'rtimedn': 32.147, 'rtimeup': 32.147}",,,,,,,"{'rtype': 'select-node', 'rtimedn': 32.649, 'rtimeup': 32.649}",,,,
,,19,5,16,1733257352,BDG-415-4241,TREE-1.2-0.0-0.0,"['56064979-2a1e-4fcf-921e-09debb413eaa', '6c7c7d0e-9b28-49a3-a8ae-a038288cb0a1']","['participant', 'participant']","['circle', 'dent-square']","['hsla(79, 92%, 65%, 1.0)', 'hsla(165, 54%, 40%, 1.0)']","[[1.0, 0.09894314868804664], [0.09894314868804664, 1.0]]","{0: '', 1: 'A', 2: 'B'}",,2,after,"[True, True]","{'max': 21, 'min': 21, 'avg': 21.0, 'root': 12}","[-10, -10]","[132, 125]",sequential,chance,chance,"[1.0, 1.0]","[0.5, 1.0]","[0.5, 1.0]","[0.5, 1.0]","[0.375, 0.0]","[0.625, 0.0]",[[0]],[[1]],[[2]],"(0, 12)","(12, 21)","(12, 21)",{},{},{},"['A', 'B']",[],[],0,0,4,2,4,1,B,,,,,,,A,,,,,"{'rtype': 'select-node', 'rtimedn': 32.444, 'rtimeup': 32.444}",,,,,,,"{'rtype': 'select-node', 'rtimedn': 32.327, 'rtimeup': 32.327}",,,,
,,20,0,16,1733257369,BDG-215-2441,TREE-1.2-0.0-0.0,"['44997a74-c08b-467a-b3c9-7492a6bde261', '4e6fbdd5-31f9-458d-8cc0-2e7ab78019e6']","['participant', 'participant']","['dent-square', 'moon']","['hsla(114, 51%, 63%, 1.0)', 'hsla(123, 55%, 48%, 1.0)']","[[1.0, 0.1716472303206997], [0.1716472303206997, 1.0]]","{0: '', 1: 'A', 2: 'B'}",,2,after,"[True, True]","{'max': 21, 'min': 21, 'avg': 21.0, 'root': 12}","[-10, -10]","[124, 117]",sequential,chance,chance,"[1.0, 1.0]","[0.5, 1.0]","[0.5, 1.0]","[0.5, 1.0]","[0.625, 0.0]","[0.375, 0.0]",[[0]],[[1]],[[2]],"(0, 12)","(12, 21)","(12, 21)",{},{},{},"['A', 'B']",[],[],0,0,2,4,4,1,B,,,,,,,B,,,,,"{'rtype': 'select-node', 'rtimedn': 33.609, 'rtimeup': 33.609}",,,,,,,"{'rtype': 'select-node', 'rtimedn': 34.095, 'rtimeup': 34.095}",,,,
,,20,1,16,1733257365,BDG-057-1323,TREE-1.2-0.0-0.0,"['af883de6-a408-47aa-88dd-be481eabbd68', 'bf1ced06-3c98-481a-b525-b0ff789e92c2']","['participant', 'participant']","['stop-sign', 'stop-sign']","['hsla(154, 54%, 56%, 1.0)', 'hsla(77, 55%, 64%, 1.0)']","[[1.0, 0.17784256559766765], [0.17784256559766765, 1.0]]","{0: '', 1: 'A', 2: 'B'}",,2,after,"[True, True]","{'max': 21, 'min': 21, 'avg': 21.0, 'root': 12}","[-10, -10]","[132, 123]",sequential,chance,chance,"[1.0, 1.0]","[0.5, 1.0]","[0.5, 1.0]","[0.5, 1.0]","[0.375, 0.0]","[0.625, 0.0]",[[0]],[[1]],[[2]],"(0, 12)","(12, 21)","(12, 21)",{},{},{},"['A', 'B']",[],[],0,0,1,3,2,3,B,,,,,,,B,,,,,"{'rtype': 'select-node', 'rtimedn': 33.693, 'rtimeup': 33.693}",,,,,,,"{'rtype': 'select-node', 'rtimedn': 33.669, 'rtimeup': 33.669}",,,,
,,20,2,16,1733257365,BDG-081-1422,TREE-1.2-0.0-0.0,"['a35a2a09-0e5b-4c89-b416-0180cdf67736', 'ac225116-14bc-429f-b2d5-8c4643505c01']","['participant', 'participant']","['star-six', 'circle']","['hsla(351, 79%, 51%, 1.0)', 'hsla(8, 54%, 64%, 1.0)']","[[1.0, 0.11825801749271138], [0.11825801749271138, 1.0]]","{0: '', 1: 'A', 2: 'B'}",,2,after,"[True, True]","{'max': 21, 'min': 21, 'avg': 21.0, 'root': 12}","[-10, -10]","[142, 123]",sequential,chance,chance,"[1.0, 1.0]","[0.5, 1.0]","[0.5, 1.0]","[0.5, 1.0]","[0.625, 0.0]","[0.375, 0.0]",[[0]],[[1]],[[2]],"(0, 12)","(12, 21)","(12, 21)",{},{},{},"['A', 'B']",[],[],0,0,1,4,2,2,B,,,,,,,B,,,,,"{'rtype': 'select-node', 'rtimedn': 33.811, 'rtimeup': 33.811}",,,,,,,"{'rtype': 'select-node', 'rtimedn': 33.664, 'rtimeup': 33.664}",,,,
,,20,3,16,1733257366,BDG-230-2521,TREE-1.2-0.0-0.0,"['b19d3db0-5631-4177-af52-32b44b4c6ee4', '56064979-2a1e-4fcf-921e-09debb413eaa']","['participant', 'participant']","['cross', 'circle']","['hsla(73, 80%, 59%, 1.0)', 'hsla(79, 92%, 65%, 1.0)']","[[1.0, 0.11825801749271138], [0.11825801749271138, 1.0]]","{0: '', 1: 'A', 2: 'B'}",,2,after,"[True, True]","{'max': 21, 'min': 21, 'avg': 21.0, 'root': 12}","[-10, -10]","[89, 132]",sequential,chance,chance,"[1.0, 1.0]","[0.5, 1.0]","[0.5, 1.0]","[0.5, 1.0]","[0.375, 0.0]","[0.625, 0.0]",[[0]],[[1]],[[2]],"(0, 12)","(12, 21)","(12, 21)",{},{},{},"['A', 'B']",[],[],0,0,2,5,2,1,B,,,,,,,A,,,,,"{'rtype': 'select-node', 'rtimedn': 33.696, 'rtimeup': 33.696}",,,,,,,"{'rtype': 'select-node', 'rtimedn': 33.873, 'rtimeup': 33.873}",,,,
,,20,4,16,1733257368,BDG-432-4323,TREE-1.2-0.0-0.0,"['6c7c7d0e-9b28-49a3-a8ae-a038288cb0a1', 'eede0c44-416a-4587-96b5-ce08abfb5509']","['participant', 'participant']","['dent-square', 'flower']","['hsla(165, 54%, 40%, 1.0)', 'hsla(140, 57%, 43%, 1.0)']","[[1.0, 0.08473032069970846], [0.08473032069970846, 1.0]]","{0: '', 1: 'A', 2: 'B'}",,1,after,"[True, True]","{'max': 21, 'min': 21, 'avg': 21.0, 'root': 12}","[-10, -10]","[125, 123]",sequential,chance,chance,"[1.0, 1.0]","[0.5, 1.0]","[0.5, 1.0]","[0.5, 1.0]","[0.375, 0.0]","[0.625, 0.0]",[[0]],[[1]],[[2]],"(0, 12)","(12, 21)","(12, 21)",{},{},{},"['A', 'B']",[],[],0,0,4,3,2,3,A,,,,,,,A,,,,,"{'rtype': 'select-node', 'rtimedn': 33.605, 'rtimeup': 33.605}",,,,,,,"{'rtype': 'select-node', 'rtimedn': 33.424, 'rtimeup': 33.424}",,,,
,,20,5,16,1733257365,BDG-490-4541,TREE-1.2-0.0-0.0,"['10360ec1-5cca-472f-a34e-f1c438e70709', 'dc7aa794-aaf0-4594-aa67-6466cf997e02']","['participant', 'participant']","['cross', 'hexagon']","['hsla(114, 90%, 64%, 1.0)', 'hsla(163, 93%, 42%, 1.0)']","[[1.0, 0.011297376093294462], [0.011297376093294462, 1.0]]","{0: '', 1: 'A', 2: 'B'}",,1,after,"[True, True]","{'max': 21, 'min': 21, 'avg': 21.0, 'root': 12}","[-10, -10]","[87, 137]",sequential,chance,chance,"[1.0, 1.0]","[0.5, 1.0]","[0.5, 1.0]","[0.5, 1.0]","[0.625, 0.0]","[0.375, 0.0]",[[0]],[[1]],[[2]],"(0, 12)","(12, 21)","(12, 21)",{},{},{},"['A', 'B']",[],[],0,0,4,5,4,1,A,,,,,,,A,,,,,"{'rtype': 'select-node', 'rtimedn': 33.639, 'rtimeup': 33.639}",,,,,,,"{'rtype': 'select-node', 'rtimedn': 33.713, 'rtimeup': 33.713}",,,,
,,21,0,16,1733257381,BDG-259-3125,TREE-1.2-0.0-0.0,"['ac225116-14bc-429f-b2d5-8c4643505c01', '44997a74-c08b-467a-b3c9-7492a6bde261']","['participant', 'participant']","['circle', 'dent-square']","['hsla(8, 54%, 64%, 1.0)', 'hsla(114, 51%, 63%, 1.0)']","[[1.0, 0.09894314868804664], [0.09894314868804664, 1.0]]","{0: '', 1: 'A', 2: 'B'}",,1,after,"[True, True]","{'max': 21, 'min': 21, 'avg': 21.0, 'root': 12}","[-10, -10]","[123, 124]",sequential,chance,chance,"[1.0, 1.0]","[0.5, 1.0]","[0.5, 1.0]","[0.5, 1.0]","[0.625, 0.0]","[0.375, 0.0]",[[0]],[[1]],[[2]],"(0, 12)","(12, 21)","(12, 21)",{},{},{},"['A', 'B']",[],[],0,0,3,1,2,5,A,,,,,,,B,,,,,"{'rtype': 'select-node', 'rtimedn': 35.161, 'rtimeup': 35.161}",,,,,,,"{'rtype': 'select-node', 'rtimedn': 35.257, 'rtimeup': 35.257}",,,,
,,21,1,16,1733257378,BDG-605-5521,TREE-1.2-0.0-0.0,"['6c7c7d0e-9b28-49a3-a8ae-a038288cb0a1', 'eede0c44-416a-4587-96b5-ce08abfb5509']","['participant', 'participant']","['dent-square', 'flower']","['hsla(165, 54%, 40%, 1.0)', 'hsla(140, 57%, 43%, 1.0)']","[[1.0, 0.08473032069970846], [0.08473032069970846, 1.0]]","{0: '', 1: 'A', 2: 'B'}",,1,after,"[True, True]","{'max': 21, 'min': 21, 'avg': 21.0, 'root': 12}","[-10, -10]","[125, 123]",sequential,chance,chance,"[1.0, 1.0]","[0.5, 1.0]","[0.5, 1.0]","[0.5, 1.0]","[0.375, 0.0]","[0.625, 0.0]",[[0]],[[1]],[[2]],"(0, 12)","(12, 21)","(12, 21)",{},{},{},"['A', 'B']",[],[],0,0,5,5,2,1,A,,,,,,,A,,,,,"{'rtype': 'select-node', 'rtimedn': 34.908, 'rtimeup': 34.908}",,,,,,,"{'rtype': 'select-node', 'rtimedn': 34.403, 'rtimeup': 34.403}",,,,
,,21,2,16,1733257383,BDG-558-5324,TREE-1.2-0.0-0.0,"['56064979-2a1e-4fcf-921e-09debb413eaa', 'b19d3db0-5631-4177-af52-32b44b4c6ee4']","['participant', 'participant']","['circle', 'cross']","['hsla(79, 92%, 65%, 1.0)', 'hsla(73, 80%, 59%, 1.0)']","[[1.0, 0.11825801749271138], [0.11825801749271138, 1.0]]","{0: '', 1: 'A', 2: 'B'}",,1,after,"[True, True]","{'max': 21, 'min': 21, 'avg': 21.0, 'root': 12}","[-10, -10]","[132, 89]",sequential,chance,chance,"[1.0, 1.0]","[0.5, 1.0]","[0.5, 1.0]","[0.5, 1.0]","[0.375, 0.0]","[0.625, 0.0]",[[0]],[[1]],[[2]],"(0, 12)","(12, 21)","(12, 21)",{},{},{},"['A', 'B']",[],[],0,0,5,3,2,4,A,,,,,,,B,,,,,"{'rtype': 'select-node', 'rtimedn': 35.086, 'rtimeup': 35.086}",,,,,,,"{'rtype': 'select-node', 'rtimedn': 35.579, 'rtimeup': 35.579}",,,,
,,21,3,16,1733257379,BDG-431-4322,TREE-1.2-0.0-0.0,"['a35a2a09-0e5b-4c89-b416-0180cdf67736', 'dc7aa794-aaf0-4594-aa67-6466cf997e02']","['participant', 'participant']","['star-six', 'hexagon']","['hsla(351, 79%, 51%, 1.0)', 'hsla(163, 93%, 42%, 1.0)']","[[1.0, 0.03188775510204082], [0.03188775510204082, 1.0]]","{0: '', 1: 'A', 2: 'B'}",,2,after,"[True, True]","{'max': 21, 'min': 21, 'avg': 21.0, 'root': 12}","[-10, -10]","[142, 137]",sequential,chance,chance,"[1.0, 1.0]","[0.5, 1.0]","[0.5, 1.0]","[0.5, 1.0]","[0.375, 0.0]","[0.625, 0.0]",[[0]],[[1]],[[2]],"(0, 12)","(12, 21)","(12, 21)",{},{},{},"['A', 'B']",[],[],0,0,4,3,2,2,B,,,,,,,A,,,,,"{'rtype': 'select-node', 'rtimedn': 35.186, 'rtimeup': 35.186}",,,,,,,"{'rtype': 'select-node', 'rtimedn': 34.979, 'rtimeup': 34.979}",,,,
,,21,4,16,1733257382,BDG-494-4545,TREE-1.2-0.0-0.0,"['4e6fbdd5-31f9-458d-8cc0-2e7ab78019e6', 'bf1ced06-3c98-481a-b525-b0ff789e92c2']","['participant', 'participant']","['moon', 'stop-sign']","['hsla(123, 55%, 48%, 1.0)', 'hsla(77, 55%, 64%, 1.0)']","[[1.0, 0.11825801749271138], [0.11825801749271138, 1.0]]","{0: '', 1: 'A', 2: 'B'}",,2,after,"[True, True]","{'max': 21, 'min': 21, 'avg': 21.0, 'root': 12}","[-10, -10]","[117, 123]",sequential,chance,chance,"[1.0, 1.0]","[0.5, 1.0]","[0.5, 1.0]","[0.5, 1.0]","[0.375, 0.0]","[0.625, 0.0]",[[0]],[[1]],[[2]],"(0, 12)","(12, 21)","(12, 21)",{},{},{},"['A', 'B']",[],[],0,0,4,5,4,5,B,,,,,,,A,,,,,"{'rtype': 'select-node', 'rtimedn': 35.392, 'rtimeup': 35.392}",,,,,,,"{'rtype': 'select-node', 'rtimedn': 34.936, 'rtimeup': 34.936}",,,,
,,21,5,16,1733257378,BDG-405-4221,TREE-1.2-0.0-0.0,"['10360ec1-5cca-472f-a34e-f1c438e70709', 'af883de6-a408-47aa-88dd-be481eabbd68']","['participant', 'participant']","['cross', 'stop-sign']","['hsla(114, 90%, 64%, 1.0)', 'hsla(154, 54%, 56%, 1.0)']","[[1.0, 0.09894314868804664], [0.09894314868804664, 1.0]]","{0: '', 1: 'A', 2: 'B'}",,1,after,"[True, True]","{'max': 21, 'min': 21, 'avg': 21.0, 'root': 12}","[-10, -10]","[87, 132]",sequential,chance,chance,"[1.0, 1.0]","[0.5, 1.0]","[0.5, 1.0]","[0.5, 1.0]","[0.375, 0.0]","[0.625, 0.0]",[[0]],[[1]],[[2]],"(0, 12)","(12, 21)","(12, 21)",{},{},{},"['A', 'B']",[],[],0,0,4,2,2,1,A,,,,,,,A,,,,,"{'rtype': 'select-node', 'rtimedn': 34.901, 'rtimeup': 34.901}",,,,,,,"{'rtype': 'select-node', 'rtimedn': 35.069, 'rtimeup': 35.069}",,,,
,,22,0,16,1733257393,BDG-425-4311,TREE-1.2-0.0-0.0,"['dc7aa794-aaf0-4594-aa67-6466cf997e02', 'b19d3db0-5631-4177-af52-32b44b4c6ee4']","['participant', 'participant']","['hexagon', 'cross']","['hsla(163, 93%, 42%, 1.0)', 'hsla(73, 80%, 59%, 1.0)']","[[1.0, 0.09894314868804664], [0.09894314868804664, 1.0]]","{0: '', 1: 'A', 2: 'B'}",,1,after,"[True, True]","{'max': 21, 'min': 21, 'avg': 21.0, 'root': 12}","[-10, -10]","[137, 89]",sequential,chance,chance,"[1.0, 1.0]","[0.5, 1.0]","[0.5, 1.0]","[0.5, 1.0]","[0.625, 0.0]","[0.375, 0.0]",[[0]],[[1]],[[2]],"(0, 12)","(12, 21)","(12, 21)",{},{},{},"['A', 'B']",[],[],0,0,4,3,1,1,A,,,,,,,A,,,,,"{'rtype': 'select-node', 'rtimedn': 36.405, 'rtimeup': 36.405}",,,,,,,"{'rtype': 'select-node', 'rtimedn': 36.579, 'rtimeup': 36.579}",,,,
,,22,1,16,1733257392,BDG-468-4444,TREE-1.2-0.0-0.0,"['af883de6-a408-47aa-88dd-be481eabbd68', '6c7c7d0e-9b28-49a3-a8ae-a038288cb0a1']","['participant', 'participant']","['stop-sign', 'dent-square']","['hsla(154, 54%, 56%, 1.0)', 'hsla(165, 54%, 40%, 1.0)']","[[1.0, 0.11825801749271138], [0.11825801749271138, 1.0]]","{0: '', 1: 'A', 2: 'B'}",,1,after,"[True, True]","{'max': 21, 'min': 21, 'avg': 21.0, 'root': 12}","[-10, -10]","[132, 125]",sequential,chance,chance,"[1.0, 1.0]","[0.5, 1.0]","[0.5, 1.0]","[0.5, 1.0]","[0.375, 0.0]","[0.625, 0.0]",[[0]],[[1]],[[2]],"(0, 12)","(12, 21)","(12, 21)",{},{},{},"['A', 'B']",[],[],0,0,4,4,4,4,A,,,,,,,A,,,,,"{'rtype': 'select-node', 'rtimedn': 36.428, 'rtimeup': 36.428}",,,,,,,"{'rtype': 'select-node', 'rtimedn': 36.458, 'rtimeup': 36.458}",,,,
,,22,2,16,1733257394,BDG-470-4451,TREE-1.2-0.0-0.0,"['bf1ced06-3c98-481a-b525-b0ff789e92c2', 'ac225116-14bc-429f-b2d5-8c4643505c01']","['participant', 'participant']","['stop-sign', 'circle']","['hsla(77, 55%, 64%, 1.0)', 'hsla(8, 54%, 64%, 1.0)']","[[1.0, 0.03188775510204082], [0.03188775510204082, 1.0]]","{0: '', 1: 'A', 2: 'B'}",,1,after,"[True, True]","{'max': 21, 'min': 21, 'avg': 21.0, 'root': 12}","[-10, -10]","[123, 123]",sequential,chance,chance,"[1.0, 1.0]","[0.5, 1.0]","[0.5, 1.0]","[0.5, 1.0]","[0.375, 0.0]","[0.625, 0.0]",[[0]],[[1]],[[2]],"(0, 12)","(12, 21)","(12, 21)",{},{},{},"['A', 'B']",[],[],0,0,4,4,5,1,A,,,,,,,A,,,,,"{'rtype': 'select-node', 'rtimedn': 36.588, 'rtimeup': 36.588}",,,,,,,"{'rtype': 'select-node', 'rtimedn': 36.562, 'rtimeup': 36.562}",,,,
,,22,3,16,1733257396,BDG-210-2431,TREE-1.2-0.0-0.0,"['4e6fbdd5-31f9-458d-8cc0-2e7ab78019e6', '10360ec1-5cca-472f-a34e-f1c438e70709']","['participant', 'participant']","['moon', 'cross']","['hsla(123, 55%, 48%, 1.0)', 'hsla(114, 90%, 64%, 1.0)']","[[1.0, 0.06778425655976676], [0.06778425655976676, 1.0]]","{0: '', 1: 'A', 2: 'B'}",,1,after,"[True, True]","{'max': 21, 'min': 21, 'avg': 21.0, 'root': 12}","[-10, -10]","[117, 87]",sequential,chance,chance,"[1.0, 1.0]","[0.5, 1.0]","[0.5, 1.0]","[0.5, 1.0]","[0.375, 0.0]","[0.625, 0.0]",[[0]],[[1]],[[2]],"(0, 12)","(12, 21)","(12, 21)",{},{},{},"['A', 'B']",[],[],0,0,2,4,3,1,A,,,,,,,A,,,,,"{'rtype': 'select-node', 'rtimedn': 36.761, 'rtimeup': 36.761}",,,,,,,"{'rtype': 'select-node', 'rtimedn': 36.395, 'rtimeup': 36.395}",,,,
,,22,4,16,1733257394,BDG-495-4551,TREE-1.2-0.0-0.0,"['44997a74-c08b-467a-b3c9-7492a6bde261', 'eede0c44-416a-4587-96b5-ce08abfb5509']","['participant', 'participant']","['dent-square', 'flower']","['hsla(114, 51%, 63%, 1.0)', 'hsla(140, 57%, 43%, 1.0)']","[[1.0, 0.06778425655976676], [0.06778425655976676, 1.0]]","{0: '', 1: 'A', 2: 'B'}",,2,after,"[True, True]","{'max': 21, 'min': 21, 'avg': 21.0, 'root': 12}","[-10, -10]","[124, 123]",sequential,chance,chance,"[1.0, 1.0]","[0.5, 1.0]","[0.5, 1.0]","[0.5, 1.0]","[0.625, 0.0]","[0.375, 0.0]",[[0]],[[1]],[[2]],"(0, 12)","(12, 21)","(12, 21)",{},{},{},"['A', 'B']",[],[],0,0,4,5,5,1,B,,,,,,,A,,,,,"{'rtype': 'select-node', 'rtimedn': 36.167, 'rtimeup': 36.167}",,,,,,,"{'rtype': 'select-node', 'rtimedn': 36.034, 'rtimeup': 36.034}",,,,
,,22,5,16,1733257393,BDG-421-4252,TREE-1.2-0.0-0.0,"['56064979-2a1e-4fcf-921e-09debb413eaa', 'a35a2a09-0e5b-4c89-b416-0180cdf67736']","['participant', 'participant']","['circle', 'star-six']","['hsla(79, 92%, 65%, 1.0)', 'hsla(351, 79%, 51%, 1.0)']","[[1.0, 0.08473032069970846], [0.08473032069970846, 1.0]]","{0: '', 1: 'A', 2: 'B'}",,2,after,"[True, True]","{'max': 21, 'min': 21, 'avg': 21.0, 'root': 12}","[-10, -10]","[132, 142]",sequential,chance,chance,"[1.0, 1.0]","[0.5, 1.0]","[0.5, 1.0]","[0.5, 1.0]","[0.375, 0.0]","[0.625, 0.0]",[[0]],[[1]],[[2]],"(0, 12)","(12, 21)","(12, 21)",{},{},{},"['A', 'B']",[],[],0,0,4,2,5,2,B,,,,,,,B,,,,,"{'rtype': 'select-node', 'rtimedn': 36.576, 'rtimeup': 36.576}",,,,,,,"{'rtype': 'select-node', 'rtimedn': 36.581, 'rtimeup': 36.581}",,,,
,,23,0,16,1733257405,BDG-419-4245,TREE-1.2-0.0-0.0,"['44997a74-c08b-467a-b3c9-7492a6bde261', '10360ec1-5cca-472f-a34e-f1c438e70709']","['participant', 'participant']","['dent-square', 'cross']","['hsla(114, 51%, 63%, 1.0)', 'hsla(114, 90%, 64%, 1.0)']","[[1.0, 0.15743440233236153], [0.15743440233236153, 1.0]]","{0: '', 1: 'A', 2: 'B'}",,1,after,"[True, True]","{'max': 21, 'min': 21, 'avg': 21.0, 'root': 12}","[-10, -10]","[124, 87]",sequential,chance,chance,"[1.0, 1.0]","[0.5, 1.0]","[0.5, 1.0]","[0.5, 1.0]","[0.625, 0.0]","[0.375, 0.0]",[[0]],[[1]],[[2]],"(0, 12)","(12, 21)","(12, 21)",{},{},{},"['A', 'B']",[],[],0,0,4,2,4,5,A,,,,,,,B,,,,,"{'rtype': 'select-node', 'rtimedn': 37.707, 'rtimeup': 37.707}",,,,,,,"{'rtype': 'select-node', 'rtimedn': 37.578, 'rtimeup': 37.578}",,,,
,,23,1,16,1733257409,BDG-513-5134,TREE-1.2-0.0-0.0,"['ac225116-14bc-429f-b2d5-8c4643505c01', '4e6fbdd5-31f9-458d-8cc0-2e7ab78019e6']","['participant', 'participant']","['circle', 'moon']","['hsla(8, 54%, 64%, 1.0)', 'hsla(123, 55%, 48%, 1.0)']","[[1.0, 0.08473032069970846], [0.08473032069970846, 1.0]]","{0: '', 1: 'A', 2: 'B'}",,2,after,"[True, True]","{'max': 21, 'min': 21, 'avg': 21.0, 'root': 12}","[-10, -10]","[123, 117]",sequential,chance,chance,"[1.0, 1.0]","[0.5, 1.0]","[0.5, 1.0]","[0.5, 1.0]","[0.625, 0.0]","[0.375, 0.0]",[[0]],[[1]],[[2]],"(0, 12)","(12, 21)","(12, 21)",{},{},{},"['A', 'B']",[],[],0,0,5,1,3,4,B,,,,,,,B,,,,,"{'rtype': 'select-node', 'rtimedn': 37.725, 'rtimeup': 37.725}",,,,,,,"{'rtype': 'select-node', 'rtimedn': 38.046, 'rtimeup': 38.046}",,,,
,,23,2,16,1733257407,BDG-081-1422,TREE-1.2-0.0-0.0,"['56064979-2a1e-4fcf-921e-09debb413eaa', 'b19d3db0-5631-4177-af52-32b44b4c6ee4']","['participant', 'participant']","['circle', 'cross']","['hsla(79, 92%, 65%, 1.0)', 'hsla(73, 80%, 59%, 1.0)']","[[1.0, 0.11825801749271138], [0.11825801749271138, 1.0]]","{0: '', 1: 'A', 2: 'B'}",,2,after,"[True, True]","{'max': 21, 'min': 21, 'avg': 21.0, 'root': 12}","[-10, -10]","[132, 89]",sequential,chance,chance,"[1.0, 1.0]","[0.5, 1.0]","[0.5, 1.0]","[0.5, 1.0]","[0.625, 0.0]","[0.375, 0.0]",[[0]],[[1]],[[2]],"(0, 12)","(12, 21)","(12, 21)",{},{},{},"['A', 'B']",[],[],0,0,1,4,2,2,B,,,,,,,B,,,,,"{'rtype': 'select-node', 'rtimedn': 37.86, 'rtimeup': 37.86}",,,,,,,"{'rtype': 'select-node', 'rtimedn': 37.97, 'rtimeup': 37.97}",,,,
,,23,3,16,1733257408,BDG-509-5125,TREE-1.2-0.0-0.0,"['6c7c7d0e-9b28-49a3-a8ae-a038288cb0a1', 'eede0c44-416a-4587-96b5-ce08abfb5509']","['participant', 'participant']","['dent-square', 'flower']","['hsla(165, 54%, 40%, 1.0)', 'hsla(140, 57%, 43%, 1.0)']","[[1.0, 0.08473032069970846], [0.08473032069970846, 1.0]]","{0: '', 1: 'A', 2: 'B'}",,2,after,"[True, True]","{'max': 21, 'min': 21, 'avg': 21.0, 'root': 12}","[-10, -10]","[125, 123]",sequential,chance,chance,"[1.0, 1.0]","[0.5, 1.0]","[0.5, 1.0]","[0.5, 1.0]","[0.625, 0.0]","[0.375, 0.0]",[[0]],[[1]],[[2]],"(0, 12)","(12, 21)","(12, 21)",{},{},{},"['A', 'B']",[],[],0,0,5,1,2,5,B,,,,,,,A,,,,,"{'rtype': 'select-node', 'rtimedn': 37.775, 'rtimeup': 37.775}",,,,,,,"{'rtype': 'select-node', 'rtimedn': 37.34, 'rtimeup': 37.34}",,,,
,,23,4,16,1733257406,BDG-382-4123,TREE-1.2-0.0-0.0,"['bf1ced06-3c98-481a-b525-b0ff789e92c2', 'dc7aa794-aaf0-4594-aa67-6466cf997e02']","['participant', 'participant']","['stop-sign', 'hexagon']","['hsla(77, 55%, 64%, 1.0)', 'hsla(163, 93%, 42%, 1.0)']","[[1.0, 0.08473032069970846], [0.08473032069970846, 1.0]]","{0: '', 1: 'A', 2: 'B'}",,2,after,"[True, True]","{'max': 21, 'min': 21, 'avg': 21.0, 'root': 12}","[-10, -10]","[123, 137]",sequential,chance,chance,"[1.0, 1.0]","[0.5, 1.0]","[0.5, 1.0]","[0.5, 1.0]","[0.625, 0.0]","[0.375, 0.0]",[[0]],[[1]],[[2]],"(0, 12)","(12, 21)","(12, 21)",{},{},{},"['A', 'B']",[],[],0,0,4,1,2,3,B,,,,,,,A,,,,,"{'rtype': 'select-node', 'rtimedn': 37.81, 'rtimeup': 37.81}",,,,,,,"{'rtype': 'select-node', 'rtimedn': 37.709, 'rtimeup': 37.709}",,,,
,,23,5,16,1733257407,BDG-497-4553,TREE-1.2-0.0-0.0,"['af883de6-a408-47aa-88dd-be481eabbd68', 'a35a2a09-0e5b-4c89-b416-0180cdf67736']","['participant', 'participant']","['stop-sign', 'star-six']","['hsla(154, 54%, 56%, 1.0)', 'hsla(351, 79%, 51%, 1.0)']","[[1.0, 0.15743440233236153], [0.15743440233236153, 1.0]]","{0: '', 1: 'A', 2: 'B'}",,2,after,"[True, True]","{'max': 21, 'min': 21, 'avg': 21.0, 'root': 12}","[-10, -10]","[132, 142]",sequential,chance,chance,"[1.0, 1.0]","[0.5, 1.0]","[0.5, 1.0]","[0.5, 1.0]","[0.375, 0.0]","[0.625, 0.0]",[[0]],[[1]],[[2]],"(0, 12)","(12, 21)","(12, 21)",{},{},{},"['A', 'B']",[],[],0,0,4,5,5,3,B,,,,,,,B,,,,,"{'rtype': 'select-node', 'rtimedn': 37.797, 'rtimeup': 37.797}",,,,,,,"{'rtype': 'select-node', 'rtimedn': 37.936, 'rtimeup': 37.936}",,,,
,,24,0,16,1733257417,BDG-421-4252,TREE-1.2-0.0-0.0,"['a35a2a09-0e5b-4c89-b416-0180cdf67736', 'af883de6-a408-47aa-88dd-be481eabbd68']","['participant', 'participant']","['star-six', 'stop-sign']","['hsla(351, 79%, 51%, 1.0)', 'hsla(154, 54%, 56%, 1.0)']","[[1.0, 0.15743440233236153], [0.15743440233236153, 1.0]]","{0: '', 1: 'A', 2: 'B'}",,2,after,"[True, True]","{'max': 21, 'min': 21, 'avg': 21.0, 'root': 12}","[-10, -10]","[142, 132]",sequential,chance,chance,"[1.0, 1.0]","[0.5, 1.0]","[0.5, 1.0]","[0.5, 1.0]","[0.375, 0.0]","[0.625, 0.0]",[[0]],[[1]],[[2]],"(0, 12)","(12, 21)","(12, 21)",{},{},{},"['A', 'B']",[],[],0,0,4,2,5,2,B,,,,,,,B,,,,,"{'rtype': 'select-node', 'rtimedn': 38.935, 'rtimeup': 38.935}",,,,,,,"{'rtype': 'select-node', 'rtimedn': 38.935, 'rtimeup': 38.935}",,,,
,,24,1,16,1733257417,BDG-617-5543,TREE-1.2-0.0-0.0,"['dc7aa794-aaf0-4594-aa67-6466cf997e02', 'ac225116-14bc-429f-b2d5-8c4643505c01']","['participant', 'participant']","['hexagon', 'circle']","['hsla(163, 93%, 42%, 1.0)', 'hsla(8, 54%, 64%, 1.0)']","[[1.0, 0.17784256559766765], [0.17784256559766765, 1.0]]","{0: '', 1: 'A', 2: 'B'}",,1,after,"[True, True]","{'max': 21, 'min': 21, 'avg': 21.0, 'root': 12}","[-10, -10]","[137, 123]",sequential,chance,chance,"[1.0, 1.0]","[0.5, 1.0]","[0.5, 1.0]","[0.5, 1.0]","[0.625, 0.0]","[0.375, 0.0]",[[0]],[[1]],[[2]],"(0, 12)","(12, 21)","(12, 21)",{},{},{},"['A', 'B']",[],[],0,0,5,5,4,3,A,,,,,,,A,,,,,"{'rtype': 'select-node', 'rtimedn': 38.875, 'rtimeup': 38.875}",,,,,,,"{'rtype': 'select-node', 'rtimedn': 38.872, 'rtimeup': 38.872}",,,,
,,24,2,16,1733257420,BDG-261-3132,TREE-1.2-0.0-0.0,"['b19d3db0-5631-4177-af52-32b44b4c6ee4', '6c7c7d0e-9b28-49a3-a8ae-a038288cb0a1']","['participant', 'participant']","['cross', 'dent-square']","['hsla(73, 80%, 59%, 1.0)', 'hsla(165, 54%, 40%, 1.0)']","[[1.0, 0.15743440233236153], [0.15743440233236153, 1.0]]","{0: '', 1: 'A', 2: 'B'}",,2,after,"[True, True]","{'max': 21, 'min': 21, 'avg': 21.0, 'root': 12}","[-10, -10]","[89, 125]",sequential,chance,chance,"[1.0, 1.0]","[0.5, 1.0]","[0.5, 1.0]","[0.5, 1.0]","[0.625, 0.0]","[0.375, 0.0]",[[0]],[[1]],[[2]],"(0, 12)","(12, 21)","(12, 21)",{},{},{},"['A', 'B']",[],[],0,0,3,1,3,2,B,,,,,,,B,,,,,"{'rtype': 'select-node', 'rtimedn': 39.276, 'rtimeup': 39.276}",,,,,,,"{'rtype': 'select-node', 'rtimedn': 38.953, 'rtimeup': 38.953}",,,,
,,24,3,16,1733257420,BDG-572-5353,TREE-1.2-0.0-0.0,"['eede0c44-416a-4587-96b5-ce08abfb5509', '10360ec1-5cca-472f-a34e-f1c438e70709']","['participant', 'participant']","['flower', 'cross']","['hsla(140, 57%, 43%, 1.0)', 'hsla(114, 90%, 64%, 1.0)']","[[1.0, 0.11825801749271138], [0.11825801749271138, 1.0]]","{0: '', 1: 'A', 2: 'B'}",,1,after,"[True, True]","{'max': 21, 'min': 21, 'avg': 21.0, 'root': 12}","[-10, -10]","[123, 87]",sequential,chance,chance,"[1.0, 1.0]","[0.5, 1.0]","[0.5, 1.0]","[0.5, 1.0]","[0.625, 0.0]","[0.375, 0.0]",[[0]],[[1]],[[2]],"(0, 12)","(12, 21)","(12, 21)",{},{},{},"['A', 'B']",[],[],0,0,5,3,5,3,A,,,,,,,A,,,,,"{'rtype': 'select-node', 'rtimedn': 38.552, 'rtimeup': 38.552}",,,,,,,"{'rtype': 'select-node', 'rtimedn': 39.18, 'rtimeup': 39.18}",,,,
,,24,4,16,1733257422,BDG-209-2425,TREE-1.2-0.0-0.0,"['56064979-2a1e-4fcf-921e-09debb413eaa', '4e6fbdd5-31f9-458d-8cc0-2e7ab78019e6']","['participant', 'participant']","['circle', 'moon']","['hsla(79, 92%, 65%, 1.0)', 'hsla(123, 55%, 48%, 1.0)']","[[1.0, 0.17784256559766765], [0.17784256559766765, 1.0]]","{0: '', 1: 'A', 2: 'B'}",,1,after,"[True, True]","{'max': 21, 'min': 21, 'avg': 21.0, 'root': 12}","[-10, -10]","[132, 117]",sequential,chance,chance,"[1.0, 1.0]","[0.5, 1.0]","[0.5, 1.0]","[0.5, 1.0]","[0.375, 0.0]","[0.625, 0.0]",[[0]],[[1]],[[2]],"(0, 12)","(12, 21)","(12, 21)",{},{},{},"['A', 'B']",[],[],0,0,2,4,2,5,A,,,,,,,A,,,,,"{'rtype': 'select-node', 'rtimedn': 39.078, 'rtimeup': 39.078}",,,,,,,"{'rtype': 'select-node', 'rtimedn': 39.393, 'rtimeup': 39.393}",,,,
,,24,5,16,1733257419,BDG-249-2555,TREE-1.2-0.0-0.0,"['44997a74-c08b-467a-b3c9-7492a6bde261', 'bf1ced06-3c98-481a-b525-b0ff789e92c2']","['participant', 'participant']","['dent-square', 'stop-sign']","['hsla(114, 51%, 63%, 1.0)', 'hsla(77, 55%, 64%, 1.0)']","[[1.0, 0.011297376093294462], [0.011297376093294462, 1.0]]","{0: '', 1: 'A', 2: 'B'}",,1,after,"[True, True]","{'max': 21, 'min': 21, 'avg': 21.0, 'root': 12}","[-10, -10]","[124, 123]",sequential,chance,chance,"[1.0, 1.0]","[0.5, 1.0]","[0.5, 1.0]","[0.5, 1.0]","[0.625, 0.0]","[0.375, 0.0]",[[0]],[[1]],[[2]],"(0, 12)","(12, 21)","(12, 21)",{},{},{},"['A', 'B']",[],[],0,0,2,5,5,5,A,,,,,,,B,,,,,"{'rtype': 'select-node', 'rtimedn': 39.041, 'rtimeup': 39.041}",,,,,,,"{'rtype': 'select-node', 'rtimedn': 38.814, 'rtimeup': 38.814}",,,,
,,25,0,16,1733257435,BDG-277-3213,TREE-1.2-0.0-0.0,"['4e6fbdd5-31f9-458d-8cc0-2e7ab78019e6', 'ac225116-14bc-429f-b2d5-8c4643505c01']","['participant', 'participant']","['moon', 'circle']","['hsla(123, 55%, 48%, 1.0)', 'hsla(8, 54%, 64%, 1.0)']","[[1.0, 0.08473032069970846], [0.08473032069970846, 1.0]]","{0: '', 1: 'A', 2: 'B'}",,2,after,"[True, True]","{'max': 21, 'min': 21, 'avg': 21.0, 'root': 12}","[-10, -10]","[117, 123]",sequential,chance,chance,"[1.0, 1.0]","[0.5, 1.0]","[0.5, 1.0]","[0.5, 1.0]","[0.375, 0.0]","[0.625, 0.0]",[[0]],[[1]],[[2]],"(0, 12)","(12, 21)","(12, 21)",{},{},{},"['A', 'B']",[],[],0,0,3,2,1,3,B,,,,,,,A,,,,,"{'rtype': 'select-node', 'rtimedn': 40.644, 'rtimeup': 40.644}",,,,,,,"{'rtype': 'select-node', 'rtimedn': 40.269, 'rtimeup': 40.269}",,,,
,,25,1,16,1733257434,BDG-260-3131,TREE-1.2-0.0-0.0,"['dc7aa794-aaf0-4594-aa67-6466cf997e02', 'b19d3db0-5631-4177-af52-32b44b4c6ee4']","['participant', 'participant']","['hexagon', 'cross']","['hsla(163, 93%, 42%, 1.0)', 'hsla(73, 80%, 59%, 1.0)']","[[1.0, 0.09894314868804664], [0.09894314868804664, 1.0]]","{0: '', 1: 'A', 2: 'B'}",,1,after,"[True, True]","{'max': 21, 'min': 21, 'avg': 21.0, 'root': 12}","[-10, -10]","[137, 89]",sequential,chance,chance,"[1.0, 1.0]","[0.5, 1.0]","[0.5, 1.0]","[0.5, 1.0]","[0.375, 0.0]","[0.625, 0.0]",[[0]],[[1]],[[2]],"(0, 12)","(12, 21)","(12, 21)",{},{},{},"['A', 'B']",[],[],0,0,3,1,3,1,A,,,,,,,A,,,,,"{'rtype': 'select-node', 'rtimedn': 40.53, 'rtimeup': 40.53}",,,,,,,"{'rtype': 'select-node', 'rtimedn': 40.679, 'rtimeup': 40.679}",,,,
,,25,2,16,1733257434,BDG-483-4524,TREE-1.2-0.0-0.0,"['eede0c44-416a-4587-96b5-ce08abfb5509', 'af883de6-a408-47aa-88dd-be481eabbd68']","['participant', 'participant']","['flower', 'stop-sign']","['hsla(140, 57%, 43%, 1.0)', 'hsla(154, 54%, 56%, 1.0)']","[[1.0, 0.1716472303206997], [0.1716472303206997, 1.0]]","{0: '', 1: 'A', 2: 'B'}",,1,after,"[True, True]","{'max': 21, 'min': 21, 'avg': 21.0, 'root': 12}","[-10, -10]","[123, 132]",sequential,chance,chance,"[1.0, 1.0]","[0.5, 1.0]","[0.5, 1.0]","[0.5, 1.0]","[0.625, 0.0]","[0.375, 0.0]",[[0]],[[1]],[[2]],"(0, 12)","(12, 21)","(12, 21)",{},{},{},"['A', 'B']",[],[],0,0,4,5,2,4,A,,,,,,,A,,,,,"{'rtype': 'select-node', 'rtimedn': 39.985, 'rtimeup': 39.985}",,,,,,,"{'rtype': 'select-node', 'rtimedn': 40.515, 'rtimeup': 40.515}",,,,
,,25,3,16,1733257431,BDG-167-2243,TREE-1.2-0.0-0.0,"['56064979-2a1e-4fcf-921e-09debb413eaa', '6c7c7d0e-9b28-49a3-a8ae-a038288cb0a1']","['participant', 'participant']","['circle', 'dent-square']","['hsla(79, 92%, 65%, 1.0)', 'hsla(165, 54%, 40%, 1.0)']","[[1.0, 0.09894314868804664], [0.09894314868804664, 1.0]]","{0: '', 1: 'A', 2: 'B'}",,2,after,"[True, True]","{'max': 21, 'min': 21, 'avg': 21.0, 'root': 12}","[-10, -10]","[132, 125]",sequential,chance,chance,"[1.0, 1.0]","[0.5, 1.0]","[0.5, 1.0]","[0.5, 1.0]","[0.625, 0.0]","[0.375, 0.0]",[[0]],[[1]],[[2]],"(0, 12)","(12, 21)","(12, 21)",{},{},{},"['A', 'B']",[],[],0,0,2,2,4,3,B,,,,,,,B,,,,,"{'rtype': 'select-node', 'rtimedn': 40.265, 'rtimeup': 40.265}",,,,,,,"{'rtype': 'select-node', 'rtimedn': 40.32, 'rtimeup': 40.32}",,,,
,,25,4,16,1733257433,BDG-160-2231,TREE-1.2-0.0-0.0,"['a35a2a09-0e5b-4c89-b416-0180cdf67736', '10360ec1-5cca-472f-a34e-f1c438e70709']","['participant', 'participant']","['star-six', 'cross']","['hsla(351, 79%, 51%, 1.0)', 'hsla(114, 90%, 64%, 1.0)']","[[1.0, 0.17784256559766765], [0.17784256559766765, 1.0]]","{0: '', 1: 'A', 2: 'B'}",,2,after,"[True, True]","{'max': 21, 'min': 21, 'avg': 21.0, 'root': 12}","[-10, -10]","[142, 87]",sequential,chance,chance,"[1.0, 1.0]","[0.5, 1.0]","[0.5, 1.0]","[0.5, 1.0]","[0.375, 0.0]","[0.625, 0.0]",[[0]],[[1]],[[2]],"(0, 12)","(12, 21)","(12, 21)",{},{},{},"['A', 'B']",[],[],0,0,2,2,3,1,B,,,,,,,A,,,,,"{'rtype': 'select-node', 'rtimedn': 40.265, 'rtimeup': 40.265}",,,,,,,"{'rtype': 'select-node', 'rtimedn': 40.58, 'rtimeup': 40.58}",,,,
,,25,5,16,1733257431,BDG-502-5113,TREE-1.2-0.0-0.0,"['44997a74-c08b-467a-b3c9-7492a6bde261', 'bf1ced06-3c98-481a-b525-b0ff789e92c2']","['participant', 'participant']","['dent-square', 'stop-sign']","['hsla(114, 51%, 63%, 1.0)', 'hsla(77, 55%, 64%, 1.0)']","[[1.0, 0.011297376093294462], [0.011297376093294462, 1.0]]","{0: '', 1: 'A', 2: 'B'}",,1,after,"[True, True]","{'max': 21, 'min': 21, 'avg': 21.0, 'root': 12}","[-10, -10]","[124, 123]",sequential,chance,chance,"[1.0, 1.0]","[0.5, 1.0]","[0.5, 1.0]","[0.5, 1.0]","[0.625, 0.0]","[0.375, 0.0]",[[0]],[[1]],[[2]],"(0, 12)","(12, 21)","(12, 21)",{},{},{},"['A', 'B']",[],[],0,0,5,1,1,3,A,,,,,,,A,,,,,"{'rtype': 'select-node', 'rtimedn': 40.12, 'rtimeup': 40.12}",,,,,,,"{'rtype': 'select-node', 'rtimedn': 40.268, 'rtimeup': 40.268}",,,,
,,26,0,16,1733257447,BDG-089-1435,TREE-1.2-0.0-0.0,"['eede0c44-416a-4587-96b5-ce08abfb5509', '44997a74-c08b-467a-b3c9-7492a6bde261']","['participant', 'participant']","['flower', 'dent-square']","['hsla(140, 57%, 43%, 1.0)', 'hsla(114, 51%, 63%, 1.0)']","[[1.0, 0.06778425655976676], [0.06778425655976676, 1.0]]","{0: '', 1: 'A', 2: 'B'}",,2,after,"[True, True]","{'max': 21, 'min': 21, 'avg': 21.0, 'root': 12}","[-10, -10]","[123, 124]",sequential,chance,chance,"[1.0, 1.0]","[0.5, 1.0]","[0.5, 1.0]","[0.5, 1.0]","[0.625, 0.0]","[0.375, 0.0]",[[0]],[[1]],[[2]],"(0, 12)","(12, 21)","(12, 21)",{},{},{},"['A', 'B']",[],[],0,0,1,4,3,5,B,,,,,,,A,,,,,"{'rtype': 'select-node', 'rtimedn': 41.276, 'rtimeup': 41.276}",,,,,,,"{'rtype': 'select-node', 'rtimedn': 41.635, 'rtimeup': 41.635}",,,,
,,26,1,16,1733257449,BDG-413-4234,TREE-1.2-0.0-0.0,"['56064979-2a1e-4fcf-921e-09debb413eaa', '4e6fbdd5-31f9-458d-8cc0-2e7ab78019e6']","['participant', 'participant']","['circle', 'moon']","['hsla(79, 92%, 65%, 1.0)', 'hsla(123, 55%, 48%, 1.0)']","[[1.0, 0.17784256559766765], [0.17784256559766765, 1.0]]","{0: '', 1: 'A', 2: 'B'}",,1,after,"[True, True]","{'max': 21, 'min': 21, 'avg': 21.0, 'root': 12}","[-10, -10]","[132, 117]",sequential,chance,chance,"[1.0, 1.0]","[0.5, 1.0]","[0.5, 1.0]","[0.5, 1.0]","[0.625, 0.0]","[0.375, 0.0]",[[0]],[[1]],[[2]],"(0, 12)","(12, 21)","(12, 21)",{},{},{},"['A', 'B']",[],[],0,0,4,2,3,4,A,,,,,,,A,,,,,"{'rtype': 'select-node', 'rtimedn': 41.922, 'rtimeup': 41.922}",,,,,,,"{'rtype': 'select-node', 'rtimedn': 42.049, 'rtimeup': 42.049}",,,,
,,26,2,16,1733257445,BDG-330-3421,TREE-1.2-0.0-0.0,"['bf1ced06-3c98-481a-b525-b0ff789e92c2', 'dc7aa794-aaf0-4594-aa67-6466cf997e02']","['participant', 'participant']","['stop-sign', 'hexagon']","['hsla(77, 55%, 64%, 1.0)', 'hsla(163, 93%, 42%, 1.0)']","[[1.0, 0.08473032069970846], [0.08473032069970846, 1.0]]","{0: '', 1: 'A', 2: 'B'}",,1,after,"[True, True]","{'max': 21, 'min': 21, 'avg': 21.0, 'root': 12}","[-10, -10]","[123, 137]",sequential,chance,chance,"[1.0, 1.0]","[0.5, 1.0]","[0.5, 1.0]","[0.5, 1.0]","[0.625, 0.0]","[0.375, 0.0]",[[0]],[[1]],[[2]],"(0, 12)","(12, 21)","(12, 21)",{},{},{},"['A', 'B']",[],[],0,0,3,4,2,1,A,,,,,,,A,,,,,"{'rtype': 'select-node', 'rtimedn': 41.646, 'rtimeup': 41.646}",,,,,,,"{'rtype': 'select-node', 'rtimedn': 41.583, 'rtimeup': 41.583}",,,,
,,26,3,16,1733257445,BDG-517-5143,TREE-1.2-0.0-0.0,"['b19d3db0-5631-4177-af52-32b44b4c6ee4', 'ac225116-14bc-429f-b2d5-8c4643505c01']","['participant', 'participant']","['cross', 'circle']","['hsla(73, 80%, 59%, 1.0)', 'hsla(8, 54%, 64%, 1.0)']","[[1.0, 0.1716472303206997], [0.1716472303206997, 1.0]]","{0: '', 1: 'A', 2: 'B'}",,2,after,"[True, True]","{'max': 21, 'min': 21, 'avg': 21.0, 'root': 12}","[-10, -10]","[89, 123]",sequential,chance,chance,"[1.0, 1.0]","[0.5, 1.0]","[0.5, 1.0]","[0.5, 1.0]","[0.625, 0.0]","[0.375, 0.0]",[[0]],[[1]],[[2]],"(0, 12)","(12, 21)","(12, 21)",{},{},{},"['A', 'B']",[],[],0,0,5,1,4,3,B,,,,,,,B,,,,,"{'rtype': 'select-node', 'rtimedn': 41.768, 'rtimeup': 41.768}",,,,,,,"{'rtype': 'select-node', 'rtimedn': 41.6, 'rtimeup': 41.6}",,,,
,,26,4,16,1733257450,BDG-540-5241,TREE-1.2-0.0-0.0,"['a35a2a09-0e5b-4c89-b416-0180cdf67736', '10360ec1-5cca-472f-a34e-f1c438e70709']","['participant', 'participant']","['star-six', 'cross']","['hsla(351, 79%, 51%, 1.0)', 'hsla(114, 90%, 64%, 1.0)']","[[1.0, 0.17784256559766765], [0.17784256559766765, 1.0]]","{0: '', 1: 'A', 2: 'B'}",,1,after,"[True, True]","{'max': 21, 'min': 21, 'avg': 21.0, 'root': 12}","[-10, -10]","[142, 87]",sequential,chance,chance,"[1.0, 1.0]","[0.5, 1.0]","[0.5, 1.0]","[0.5, 1.0]","[0.625, 0.0]","[0.375, 0.0]",[[0]],[[1]],[[2]],"(0, 12)","(12, 21)","(12, 21)",{},{},{},"['A', 'B']",[],[],0,0,5,2,4,1,A,,,,,,,A,,,,,"{'rtype': 'select-node', 'rtimedn': 41.57, 'rtimeup': 41.57}",,,,,,,"{'rtype': , 'rtimedn': 13, 'rtimeup': 13}",,,,
,,26,5,16,1733257444,BDG-601-5512,TREE-1.2-0.0-0.0,"['6c7c7d0e-9b28-49a3-a8ae-a038288cb0a1', 'af883de6-a408-47aa-88dd-be481eabbd68']","['participant', 'participant']","['dent-square', 'stop-sign']","['hsla(165, 54%, 40%, 1.0)', 'hsla(154, 54%, 56%, 1.0)']","[[1.0, 0.11825801749271138], [0.11825801749271138, 1.0]]","{0: '', 1: 'A', 2: 'B'}",,1,after,"[True, True]","{'max': 21, 'min': 21, 'avg': 21.0, 'root': 12}","[-10, -10]","[125, 132]",sequential,chance,chance,"[1.0, 1.0]","[0.5, 1.0]","[0.5, 1.0]","[0.5, 1.0]","[0.375, 0.0]","[0.625, 0.0]",[[0]],[[1]],[[2]],"(0, 12)","(12, 21)","(12, 21)",{},{},{},"['A', 'B']",[],[],0,0,5,5,1,2,A,,,,,,,B,,,,,"{'rtype': 'select-node', 'rtimedn': 41.603, 'rtimeup': 41.603}",,,,,,,"{'rtype': 'select-node', 'rtimedn': 41.523, 'rtimeup': 41.523}",,,,
,,27,0,16,1733257461,BDG-488-4534,TREE-1.2-0.0-0.0,"['af883de6-a408-47aa-88dd-be481eabbd68', 'eede0c44-416a-4587-96b5-ce08abfb5509']","['participant', 'participant']","['stop-sign', 'flower']","['hsla(154, 54%, 56%, 1.0)', 'hsla(140, 57%, 43%, 1.0)']","[[1.0, 0.1716472303206997], [0.1716472303206997, 1.0]]","{0: '', 1: 'A', 2: 'B'}",,1,after,"[True, True]","{'max': 21, 'min': 21, 'avg': 21.0, 'root': 12}","[-10, -10]","[132, 123]",sequential,chance,chance,"[1.0, 1.0]","[0.5, 1.0]","[0.5, 1.0]","[0.5, 1.0]","[0.625, 0.0]","[0.375, 0.0]",[[0]],[[1]],[[2]],"(0, 12)","(12, 21)","(12, 21)",{},{},{},"['A', 'B']",[],[],0,0,4,5,3,4,A,,,,,,,A,,,,,"{'rtype': 'select-node', 'rtimedn': 43.161, 'rtimeup': 43.161}",,,,,,,"{'rtype': 'select-node', 'rtimedn': 42.725, 'rtimeup': 42.725}",,,,
,,27,1,16,1733257460,BDG-398-4154,TREE-1.2-0.0-0.0,"['a35a2a09-0e5b-4c89-b416-0180cdf67736', '10360ec1-5cca-472f-a34e-f1c438e70709']","['participant', 'participant']","['star-six', 'cross']","['hsla(351, 79%, 51%, 1.0)', 'hsla(114, 90%, 64%, 1.0)']","[[1.0, 0.17784256559766765], [0.17784256559766765, 1.0]]","{0: '', 1: 'A', 2: 'B'}",,2,after,"[True, True]","{'max': 21, 'min': 21, 'avg': 21.0, 'root': 12}","[-10, -10]","[142, 87]",sequential,chance,chance,"[1.0, 1.0]","[0.5, 1.0]","[0.5, 1.0]","[0.5, 1.0]","[0.625, 0.0]","[0.375, 0.0]",[[0]],[[1]],[[2]],"(0, 12)","(12, 21)","(12, 21)",{},{},{},"['A', 'B']",[],[],0,0,4,1,5,4,B,,,,,,,B,,,,,"{'rtype': 'select-node', 'rtimedn': 43.072, 'rtimeup': 43.072}",,,,,,,"{'rtype': 'select-node', 'rtimedn': 43.299, 'rtimeup': 43.299}",,,,
,,27,2,16,1733257464,BDG-335-3431,TREE-1.2-0.0-0.0,"['4e6fbdd5-31f9-458d-8cc0-2e7ab78019e6', 'dc7aa794-aaf0-4594-aa67-6466cf997e02']","['participant', 'participant']","['moon', 'hexagon']","['hsla(123, 55%, 48%, 1.0)', 'hsla(163, 93%, 42%, 1.0)']","[[1.0, 0.15743440233236153], [0.15743440233236153, 1.0]]","{0: '', 1: 'A', 2: 'B'}",,1,after,"[True, True]","{'max': 21, 'min': 21, 'avg': 21.0, 'root': 12}","[-10, -10]","[117, 137]",sequential,chance,chance,"[1.0, 1.0]","[0.5, 1.0]","[0.5, 1.0]","[0.5, 1.0]","[0.625, 0.0]","[0.375, 0.0]",[[0]],[[1]],[[2]],"(0, 12)","(12, 21)","(12, 21)",{},{},{},"['A', 'B']",[],[],0,0,3,4,3,1,A,,,,,,,A,,,,,"{'rtype': 'select-node', 'rtimedn': 43.617, 'rtimeup': 43.617}",,,,,,,"{'rtype': 'select-node', 'rtimedn': 42.999, 'rtimeup': 42.999}",,,,
,,27,3,16,1733257460,BDG-010-1131,TREE-1.2-0.0-0.0,"['44997a74-c08b-467a-b3c9-7492a6bde261', 'ac225116-14bc-429f-b2d5-8c4643505c01']","['participant', 'participant']","['dent-square', 'circle']","['hsla(114, 51%, 63%, 1.0)', 'hsla(8, 54%, 64%, 1.0)']","[[1.0, 0.09894314868804664], [0.09894314868804664, 1.0]]","{0: '', 1: 'A', 2: 'B'}",,1,after,"[True, True]","{'max': 21, 'min': 21, 'avg': 21.0, 'root': 12}","[-10, -10]","[124, 123]",sequential,chance,chance,"[1.0, 1.0]","[0.5, 1.0]","[0.5, 1.0]","[0.5, 1.0]","[0.625, 0.0]","[0.375, 0.0]",[[0]],[[1]],[[2]],"(0, 12)","(12, 21)","(12, 21)",{},{},{},"['A', 'B']",[],[],0,0,1,1,3,1,A,,,,,,,B,,,,,"{'rtype': 'select-node', 'rtimedn': 43.073, 'rtimeup': 43.073}",,,,,,,"{'rtype': 'select-node', 'rtimedn': 43.115, 'rtimeup': 43.115}",,,,
,,27,4,16,1733257464,BDG-476-4512,TREE-1.2-0.0-0.0,"['b19d3db0-5631-4177-af52-32b44b4c6ee4', 'bf1ced06-3c98-481a-b525-b0ff789e92c2']","['participant', 'participant']","['cross', 'stop-sign']","['hsla(73, 80%, 59%, 1.0)', 'hsla(77, 55%, 64%, 1.0)']","[[1.0, 0.04865160349854227], [0.04865160349854227, 1.0]]","{0: '', 1: 'A', 2: 'B'}",,1,after,"[True, True]","{'max': 21, 'min': 21, 'avg': 21.0, 'root': 12}","[-10, -10]","[89, 123]",sequential,chance,chance,"[1.0, 1.0]","[0.5, 1.0]","[0.5, 1.0]","[0.5, 1.0]","[0.375, 0.0]","[0.625, 0.0]",[[0]],[[1]],[[2]],"(0, 12)","(12, 21)","(12, 21)",{},{},{},"['A', 'B']",[],[],0,0,4,5,1,2,A,,,,,,,A,,,,,"{'rtype': 'select-node', 'rtimedn': 43.453, 'rtimeup': 43.453}",,,,,,,"{'rtype': 'select-node', 'rtimedn': 43.539, 'rtimeup': 43.539}",,,,
,,27,5,16,1733257460,BDG-255-3121,TREE-1.2-0.0-0.0,"['56064979-2a1e-4fcf-921e-09debb413eaa', '6c7c7d0e-9b28-49a3-a8ae-a038288cb0a1']","['participant', 'participant']","['circle', 'dent-square']","['hsla(79, 92%, 65%, 1.0)', 'hsla(165, 54%, 40%, 1.0)']","[[1.0, 0.09894314868804664], [0.09894314868804664, 1.0]]","{0: '', 1: 'A', 2: 'B'}",,1,after,"[True, True]","{'max': 21, 'min': 21, 'avg': 21.0, 'root': 12}","[-10, -10]","[132, 125]",sequential,chance,chance,"[1.0, 1.0]","[0.5, 1.0]","[0.5, 1.0]","[0.5, 1.0]","[0.625, 0.0]","[0.375, 0.0]",[[0]],[[1]],[[2]],"(0, 12)","(12, 21)","(12, 21)",{},{},{},"['A', 'B']",[],[],0,0,3,1,2,1,A,,,,,,,A,,,,,"{'rtype': 'select-node', 'rtimedn': 43.267, 'rtimeup': 43.267}",,,,,,,"{'rtype': 'select-node', 'rtimedn': 43.088, 'rtimeup': 43.088}",,,,
,,28,0,16,1733257479,BDG-191-2342,TREE-1.2-0.0-0.0,"['b19d3db0-5631-4177-af52-32b44b4c6ee4', '56064979-2a1e-4fcf-921e-09debb413eaa']","['participant', 'participant']","['cross', 'circle']","['hsla(73, 80%, 59%, 1.0)', 'hsla(79, 92%, 65%, 1.0)']","[[1.0, 0.11825801749271138], [0.11825801749271138, 1.0]]","{0: '', 1: 'A', 2: 'B'}",,2,after,"[True, True]","{'max': 21, 'min': 21, 'avg': 21.0, 'root': 12}","[-10, -10]","[89, 132]",sequential,chance,chance,"[1.0, 1.0]","[0.5, 1.0]","[0.5, 1.0]","[0.5, 1.0]","[0.625, 0.0]","[0.375, 0.0]",[[0]],[[1]],[[2]],"(0, 12)","(12, 21)","(12, 21)",{},{},{},"['A', 'B']",[],[],0,0,2,3,4,2,B,,,,,,,A,,,,,"{'rtype': , 'rtimedn': 13, 'rtimeup': 13}",,,,,,,"{'rtype': 'select-node', 'rtimedn': 44.717, 'rtimeup': 44.717}",,,,
,,28,1,16,1733257476,BDG-060-1331,TREE-1.2-0.0-0.0,"['10360ec1-5cca-472f-a34e-f1c438e70709', 'eede0c44-416a-4587-96b5-ce08abfb5509']","['participant', 'participant']","['cross', 'flower']","['hsla(114, 90%, 64%, 1.0)', 'hsla(140, 57%, 43%, 1.0)']","[[1.0, 0.11825801749271138], [0.11825801749271138, 1.0]]","{0: '', 1: 'A', 2: 'B'}",,1,after,"[True, True]","{'max': 21, 'min': 21, 'avg': 21.0, 'root': 12}","[-10, -10]","[87, 123]",sequential,chance,chance,"[1.0, 1.0]","[0.5, 1.0]","[0.5, 1.0]","[0.5, 1.0]","[0.625, 0.0]","[0.375, 0.0]",[[0]],[[1]],[[2]],"(0, 12)","(12, 21)","(12, 21)",{},{},{},"['A', 'B']",[],[],0,0,1,3,3,1,A,,,,,,,B,,,,,"{'rtype': 'select-node', 'rtimedn': 44.458, 'rtimeup': 44.458}",,,,,,,"{'rtype': 'select-node', 'rtimedn': 44.215, 'rtimeup': 44.215}",,,,
,,28,2,16,1733257473,BDG-474-4455,TREE-1.2-0.0-0.0,"['bf1ced06-3c98-481a-b525-b0ff789e92c2', 'a35a2a09-0e5b-4c89-b416-0180cdf67736']","['participant', 'participant']","['stop-sign', 'star-six']","['hsla(77, 55%, 64%, 1.0)', 'hsla(351, 79%, 51%, 1.0)']","[[1.0, 0.1716472303206997], [0.1716472303206997, 1.0]]","{0: '', 1: 'A', 2: 'B'}",,2,after,"[True, True]","{'max': 21, 'min': 21, 'avg': 21.0, 'root': 12}","[-10, -10]","[123, 142]",sequential,chance,chance,"[1.0, 1.0]","[0.5, 1.0]","[0.5, 1.0]","[0.5, 1.0]","[0.625, 0.0]","[0.375, 0.0]",[[0]],[[1]],[[2]],"(0, 12)","(12, 21)","(12, 21)",{},{},{},"['A', 'B']",[],[],0,0,4,4,5,5,B,,,,,,,B,,,,,"{'rtype': 'select-node', 'rtimedn': 44.36, 'rtimeup': 44.36}",,,,,,,"{'rtype': 'select-node', 'rtimedn': 44.606, 'rtimeup': 44.606}",,,,
,,28,3,16,1733257475,BDG-238-2534,TREE-1.2-0.0-0.0,"['dc7aa794-aaf0-4594-aa67-6466cf997e02', '6c7c7d0e-9b28-49a3-a8ae-a038288cb0a1']","['participant', 'participant']","['hexagon', 'dent-square']","['hsla(163, 93%, 42%, 1.0)', 'hsla(165, 54%, 40%, 1.0)']","[[1.0, 0.1716472303206997], [0.1716472303206997, 1.0]]","{0: '', 1: 'A', 2: 'B'}",,2,after,"[True, True]","{'max': 21, 'min': 21, 'avg': 21.0, 'root': 12}","[-10, -10]","[137, 125]",sequential,chance,chance,"[1.0, 1.0]","[0.5, 1.0]","[0.5, 1.0]","[0.5, 1.0]","[0.375, 0.0]","[0.625, 0.0]",[[0]],[[1]],[[2]],"(0, 12)","(12, 21)","(12, 21)",{},{},{},"['A', 'B']",[],[],0,0,2,5,3,4,B,,,,,,,A,,,,,"{'rtype': 'select-node', 'rtimedn': 44.598, 'rtimeup': 44.598}",,,,,,,"{'rtype': 'select-node', 'rtimedn': 44.712, 'rtimeup': 44.712}",,,,
,,28,4,16,1733257473,BDG-344-3445,TREE-1.2-0.0-0.0,"['af883de6-a408-47aa-88dd-be481eabbd68', 'ac225116-14bc-429f-b2d5-8c4643505c01']","['participant', 'participant']","['stop-sign', 'circle']","['hsla(154, 54%, 56%, 1.0)', 'hsla(8, 54%, 64%, 1.0)']","[[1.0, 0.06778425655976676], [0.06778425655976676, 1.0]]","{0: '', 1: 'A', 2: 'B'}",,2,after,"[True, True]","{'max': 21, 'min': 21, 'avg': 21.0, 'root': 12}","[-10, -10]","[132, 123]",sequential,chance,chance,"[1.0, 1.0]","[0.5, 1.0]","[0.5, 1.0]","[0.5, 1.0]","[0.375, 0.0]","[0.625, 0.0]",[[0]],[[1]],[[2]],"(0, 12)","(12, 21)","(12, 21)",{},{},{},"['A', 'B']",[],[],0,0,3,4,4,5,B,,,,,,,B,,,,,"{'rtype': 'select-node', 'rtimedn': 44.616, 'rtimeup': 44.616}",,,,,,,"{'rtype': 'select-node', 'rtimedn': 44.426, 'rtimeup': 44.426}",,,,
,,28,5,16,1733257479,BDG-042-1243,TREE-1.2-0.0-0.0,"['4e6fbdd5-31f9-458d-8cc0-2e7ab78019e6', '44997a74-c08b-467a-b3c9-7492a6bde261']","['participant', 'participant']","['moon', 'dent-square']","['hsla(123, 55%, 48%, 1.0)', 'hsla(114, 51%, 63%, 1.0)']","[[1.0, 0.1716472303206997], [0.1716472303206997, 1.0]]","{0: '', 1: 'A', 2: 'B'}",,1,after,"[True, True]","{'max': 21, 'min': 21, 'avg': 21.0, 'root': 12}","[-10, -10]","[117, 124]",sequential,chance,chance,"[1.0, 1.0]","[0.5, 1.0]","[0.5, 1.0]","[0.5, 1.0]","[0.375, 0.0]","[0.625, 0.0]",[[0]],[[1]],[[2]],"(0, 12)","(12, 21)","(12, 21)",{},{},{},"['A', 'B']",[],[],0,0,1,2,4,3,A,,,,,,,B,,,,,"{'rtype': 'select-node', 'rtimedn': 45.065, 'rtimeup': 45.065}",,,,,,,"{'rtype': 'select-node', 'rtimedn': 45.051, 'rtimeup': 45.051}",,,,
,,29,0,16,1733257493,BDG-236-2532,TREE-1.2-0.0-0.0,"['56064979-2a1e-4fcf-921e-09debb413eaa', '10360ec1-5cca-472f-a34e-f1c438e70709']","['participant', 'participant']","['circle', 'cross']","['hsla(79, 92%, 65%, 1.0)', 'hsla(114, 90%, 64%, 1.0)']","[[1.0, 0.1716472303206997], [0.1716472303206997, 1.0]]","{0: '', 1: 'A', 2: 'B'}",,2,after,"[True, True]","{'max': 21, 'min': 21, 'avg': 21.0, 'root': 12}","[-10, -10]","[132, 87]",sequential,chance,chance,"[1.0, 1.0]","[0.5, 1.0]","[0.5, 1.0]","[0.5, 1.0]","[0.375, 0.0]","[0.625, 0.0]",[[0]],[[1]],[[2]],"(0, 12)","(12, 21)","(12, 21)",{},{},{},"['A', 'B']",[],[],0,0,2,5,3,2,B,,,,,,,A,,,,,"{'rtype': 'select-node', 'rtimedn': 46.126, 'rtimeup': 46.126}",,,,,,,"{'rtype': 'select-node', 'rtimedn': 46.622, 'rtimeup': 46.622}",,,,
,,29,1,16,1733257492,BDG-378-4114,TREE-1.2-0.0-0.0,"['dc7aa794-aaf0-4594-aa67-6466cf997e02', '6c7c7d0e-9b28-49a3-a8ae-a038288cb0a1']","['participant', 'participant']","['hexagon', 'dent-square']","['hsla(163, 93%, 42%, 1.0)', 'hsla(165, 54%, 40%, 1.0)']","[[1.0, 0.1716472303206997], [0.1716472303206997, 1.0]]","{0: '', 1: 'A', 2: 'B'}",,1,after,"[True, True]","{'max': 21, 'min': 21, 'avg': 21.0, 'root': 12}","[-10, -10]","[137, 125]",sequential,chance,chance,"[1.0, 1.0]","[0.5, 1.0]","[0.5, 1.0]","[0.5, 1.0]","[0.375, 0.0]","[0.625, 0.0]",[[0]],[[1]],[[2]],"(0, 12)","(12, 21)","(12, 21)",{},{},{},"['A', 'B']",[],[],0,0,4,1,1,4,A,,,,,,,A,,,,,"{'rtype': 'select-node', 'rtimedn': 46.034, 'rtimeup': 46.034}",,,,,,,"{'rtype': 'select-node', 'rtimedn': 46.431, 'rtimeup': 46.431}",,,,
,,29,2,16,1733257488,BDG-572-5353,TREE-1.2-0.0-0.0,"['a35a2a09-0e5b-4c89-b416-0180cdf67736', 'af883de6-a408-47aa-88dd-be481eabbd68']","['participant', 'participant']","['star-six', 'stop-sign']","['hsla(351, 79%, 51%, 1.0)', 'hsla(154, 54%, 56%, 1.0)']","[[1.0, 0.15743440233236153], [0.15743440233236153, 1.0]]","{0: '', 1: 'A', 2: 'B'}",,2,after,"[True, True]","{'max': 21, 'min': 21, 'avg': 21.0, 'root': 12}","[-10, -10]","[142, 132]",sequential,chance,chance,"[1.0, 1.0]","[0.5, 1.0]","[0.5, 1.0]","[0.5, 1.0]","[0.625, 0.0]","[0.375, 0.0]",[[0]],[[1]],[[2]],"(0, 12)","(12, 21)","(12, 21)",{},{},{},"['A', 'B']",[],[],0,0,5,3,5,3,B,,,,,,,A,,,,,"{'rtype': 'select-node', 'rtimedn': 46.041, 'rtimeup': 46.041}",,,,,,,"{'rtype': 'select-node', 'rtimedn': 46.075, 'rtimeup': 46.075}",,,,
,,29,3,16,1733257491,BDG-385-4131,TREE-1.2-0.0-0.0,"['eede0c44-416a-4587-96b5-ce08abfb5509', 'b19d3db0-5631-4177-af52-32b44b4c6ee4']","['participant', 'participant']","['flower', 'cross']","['hsla(140, 57%, 43%, 1.0)', 'hsla(73, 80%, 59%, 1.0)']","[[1.0, 0.17784256559766765], [0.17784256559766765, 1.0]]","{0: '', 1: 'A', 2: 'B'}",,1,after,"[True, True]","{'max': 21, 'min': 21, 'avg': 21.0, 'root': 12}","[-10, -10]","[123, 89]",sequential,chance,chance,"[1.0, 1.0]","[0.5, 1.0]","[0.5, 1.0]","[0.5, 1.0]","[0.375, 0.0]","[0.625, 0.0]",[[0]],[[1]],[[2]],"(0, 12)","(12, 21)","(12, 21)",{},{},{},"['A', 'B']",[],[],0,0,4,1,3,1,A,,,,,,,B,,,,,"{'rtype': 'select-node', 'rtimedn': 45.704, 'rtimeup': 45.704}",,,,,,,"{'rtype': 'select-node', 'rtimedn': 46.239, 'rtimeup': 46.239}",,,,
,,29,4,16,1733257491,BDG-577-5413,TREE-1.2-0.0-0.0,"['bf1ced06-3c98-481a-b525-b0ff789e92c2', 'ac225116-14bc-429f-b2d5-8c4643505c01']","['participant', 'participant']","['stop-sign', 'circle']","['hsla(77, 55%, 64%, 1.0)', 'hsla(8, 54%, 64%, 1.0)']","[[1.0, 0.03188775510204082], [0.03188775510204082, 1.0]]","{0: '', 1: 'A', 2: 'B'}",,1,after,"[True, True]","{'max': 21, 'min': 21, 'avg': 21.0, 'root': 12}","[-10, -10]","[123, 123]",sequential,chance,chance,"[1.0, 1.0]","[0.5, 1.0]","[0.5, 1.0]","[0.5, 1.0]","[0.625, 0.0]","[0.375, 0.0]",[[0]],[[1]],[[2]],"(0, 12)","(12, 21)","(12, 21)",{},{},{},"['A', 'B']",[],[],0,0,5,4,1,3,A,,,,,,,A,,,,,"{'rtype': 'select-node', 'rtimedn': 46.311, 'rtimeup': 46.311}",,,,,,,"{'rtype': 'select-node', 'rtimedn': 45.931, 'rtimeup': 45.931}",,,,
,,29,5,16,1733257494,BDG-599-5455,TREE-1.2-0.0-0.0,"['44997a74-c08b-467a-b3c9-7492a6bde261', '4e6fbdd5-31f9-458d-8cc0-2e7ab78019e6']","['participant', 'participant']","['dent-square', 'moon']","['hsla(114, 51%, 63%, 1.0)', 'hsla(123, 55%, 48%, 1.0)']","[[1.0, 0.1716472303206997], [0.1716472303206997, 1.0]]","{0: '', 1: 'A', 2: 'B'}",,2,after,"[True, True]","{'max': 21, 'min': 21, 'avg': 21.0, 'root': 12}","[-10, -10]","[124, 117]",sequential,chance,chance,"[1.0, 1.0]","[0.5, 1.0]","[0.5, 1.0]","[0.5, 1.0]","[0.625, 0.0]","[0.375, 0.0]",[[0]],[[1]],[[2]],"(0, 12)","(12, 21)","(12, 21)",{},{},{},"['A', 'B']",[],[],0,0,5,4,5,5,B,,,,,,,B,,,,,"{'rtype': 'select-node', 'rtimedn': 46.423, 'rtimeup': 46.423}",,,,,,,"{'rtype': , 'rtimedn': 13, 'rtimeup': 13}",,,,
,,30,0,16,1733257508,BDG-142-2143,TREE-1.2-0.0-0.0,"['eede0c44-416a-4587-96b5-ce08abfb5509', 'bf1ced06-3c98-481a-b525-b0ff789e92c2']","['participant', 'participant']","['flower', 'stop-sign']","['hsla(140, 57%, 43%, 1.0)', 'hsla(77, 55%, 64%, 1.0)']","[[1.0, 0.09894314868804664], [0.09894314868804664, 1.0]]","{0: '', 1: 'A', 2: 'B'}",,2,after,"[True, True]","{'max': 21, 'min': 21, 'avg': 21.0, 'root': 12}","[-10, -10]","[123, 123]",sequential,chance,chance,"[1.0, 1.0]","[0.5, 1.0]","[0.5, 1.0]","[0.5, 1.0]","[0.375, 0.0]","[0.625, 0.0]",[[0]],[[1]],[[2]],"(0, 12)","(12, 21)","(12, 21)",{},{},{},"['A', 'B']",[],[],0,0,2,1,4,3,B,,,,,,,B,,,,,"{'rtype': 'select-node', 'rtimedn': 47.384, 'rtimeup': 47.384}",,,,,,,"{'rtype': 'select-node', 'rtimedn': 47.386, 'rtimeup': 47.386}",,,,
,,30,1,16,1733257505,BDG-568-5344,TREE-1.2-0.0-0.0,"['6c7c7d0e-9b28-49a3-a8ae-a038288cb0a1', 'af883de6-a408-47aa-88dd-be481eabbd68']","['participant', 'participant']","['dent-square', 'stop-sign']","['hsla(165, 54%, 40%, 1.0)', 'hsla(154, 54%, 56%, 1.0)']","[[1.0, 0.11825801749271138], [0.11825801749271138, 1.0]]","{0: '', 1: 'A', 2: 'B'}",,1,after,"[True, True]","{'max': 21, 'min': 21, 'avg': 21.0, 'root': 12}","[-10, -10]","[125, 132]",sequential,chance,chance,"[1.0, 1.0]","[0.5, 1.0]","[0.5, 1.0]","[0.5, 1.0]","[0.375, 0.0]","[0.625, 0.0]",[[0]],[[1]],[[2]],"(0, 12)","(12, 21)","(12, 21)",{},{},{},"['A', 'B']",[],[],0,0,5,3,4,4,A,,,,,,,B,,,,,"{'rtype': 'select-node', 'rtimedn': 47.69, 'rtimeup': 47.69}",,,,,,,"{'rtype': 'select-node', 'rtimedn': 47.624, 'rtimeup': 47.624}",,,,
,,30,2,16,1733257505,BDG-126-2112,TREE-1.2-0.0-0.0,"['dc7aa794-aaf0-4594-aa67-6466cf997e02', 'ac225116-14bc-429f-b2d5-8c4643505c01']","['participant', 'participant']","['hexagon', 'circle']","['hsla(163, 93%, 42%, 1.0)', 'hsla(8, 54%, 64%, 1.0)']","[[1.0, 0.17784256559766765], [0.17784256559766765, 1.0]]","{0: '', 1: 'A', 2: 'B'}",,1,after,"[True, True]","{'max': 21, 'min': 21, 'avg': 21.0, 'root': 12}","[-10, -10]","[137, 123]",sequential,chance,chance,"[1.0, 1.0]","[0.5, 1.0]","[0.5, 1.0]","[0.5, 1.0]","[0.375, 0.0]","[0.625, 0.0]",[[0]],[[1]],[[2]],"(0, 12)","(12, 21)","(12, 21)",{},{},{},"['A', 'B']",[],[],0,0,2,1,1,2,A,,,,,,,B,,,,,"{'rtype': 'select-node', 'rtimedn': 47.542, 'rtimeup': 47.542}",,,,,,,"{'rtype': 'select-node', 'rtimedn': 47.633, 'rtimeup': 47.633}",,,,
,,30,3,16,1733257507,BDG-039-1235,TREE-1.2-0.0-0.0,"['44997a74-c08b-467a-b3c9-7492a6bde261', '4e6fbdd5-31f9-458d-8cc0-2e7ab78019e6']","['participant', 'participant']","['dent-square', 'moon']","['hsla(114, 51%, 63%, 1.0)', 'hsla(123, 55%, 48%, 1.0)']","[[1.0, 0.1716472303206997], [0.1716472303206997, 1.0]]","{0: '', 1: 'A', 2: 'B'}",,2,after,"[True, True]","{'max': 21, 'min': 21, 'avg': 21.0, 'root': 12}","[-10, -10]","[124, 117]",sequential,chance,chance,"[1.0, 1.0]","[0.5, 1.0]","[0.5, 1.0]","[0.5, 1.0]","[0.375, 0.0]","[0.625, 0.0]",[[0]],[[1]],[[2]],"(0, 12)","(12, 21)","(12, 21)",{},{},{},"['A', 'B']",[],[],0,0,1,2,3,5,B,,,,,,,A,,,,,"{'rtype': 'select-node', 'rtimedn': 47.883, 'rtimeup': 47.883}",,,,,,,"{'rtype': 'select-node', 'rtimedn': 47.801, 'rtimeup': 47.801}",,,,
,,30,4,16,1733257503,BDG-372-3553,TREE-1.2-0.0-0.0,"['a35a2a09-0e5b-4c89-b416-0180cdf67736', '10360ec1-5cca-472f-a34e-f1c438e70709']","['participant', 'participant']","['star-six', 'cross']","['hsla(351, 79%, 51%, 1.0)', 'hsla(114, 90%, 64%, 1.0)']","[[1.0, 0.17784256559766765], [0.17784256559766765, 1.0]]","{0: '', 1: 'A', 2: 'B'}",,2,after,"[True, True]","{'max': 21, 'min': 21, 'avg': 21.0, 'root': 12}","[-10, -10]","[142, 87]",sequential,chance,chance,"[1.0, 1.0]","[0.5, 1.0]","[0.5, 1.0]","[0.5, 1.0]","[0.625, 0.0]","[0.375, 0.0]",[[0]],[[1]],[[2]],"(0, 12)","(12, 21)","(12, 21)",{},{},{},"['A', 'B']",[],[],0,0,3,5,5,3,B,,,,,,,A,,,,,"{'rtype': 'select-node', 'rtimedn': 47.519, 'rtimeup': 47.519}",,,,,,,"{'rtype': 'select-node', 'rtimedn': 47.542, 'rtimeup': 47.542}",,,,
,,30,5,16,1733257503,BDG-198-2354,TREE-1.2-0.0-0.0,"['b19d3db0-5631-4177-af52-32b44b4c6ee4', '56064979-2a1e-4fcf-921e-09debb413eaa']","['participant', 'participant']","['cross', 'circle']","['hsla(73, 80%, 59%, 1.0)', 'hsla(79, 92%, 65%, 1.0)']","[[1.0, 0.11825801749271138], [0.11825801749271138, 1.0]]","{0: '', 1: 'A', 2: 'B'}",,2,after,"[True, True]","{'max': 21, 'min': 21, 'avg': 21.0, 'root': 12}","[-10, -10]","[89, 132]",sequential,chance,chance,"[1.0, 1.0]","[0.5, 1.0]","[0.5, 1.0]","[0.5, 1.0]","[0.625, 0.0]","[0.375, 0.0]",[[0]],[[1]],[[2]],"(0, 12)","(12, 21)","(12, 21)",{},{},{},"['A', 'B']",[],[],0,0,2,3,5,4,B,,,,,,,B,,,,,"{'rtype': 'select-node', 'rtimedn': 47.51, 'rtimeup': 47.51}",,,,,,,"{'rtype': 'select-node', 'rtimedn': 47.55, 'rtimeup': 47.55}",,,,
,,31,0,16,1733257519,BDG-273-3154,TREE-1.2-0.0-0.0,"['44997a74-c08b-467a-b3c9-7492a6bde261', 'ac225116-14bc-429f-b2d5-8c4643505c01']","['participant', 'participant']","['dent-square', 'circle']","['hsla(114, 51%, 63%, 1.0)', 'hsla(8, 54%, 64%, 1.0)']","[[1.0, 0.09894314868804664], [0.09894314868804664, 1.0]]","{0: '', 1: 'A', 2: 'B'}",,2,after,"[True, True]","{'max': 21, 'min': 21, 'avg': 21.0, 'root': 12}","[-10, -10]","[124, 123]",sequential,chance,chance,"[1.0, 1.0]","[0.5, 1.0]","[0.5, 1.0]","[0.5, 1.0]","[0.625, 0.0]","[0.375, 0.0]",[[0]],[[1]],[[2]],"(0, 12)","(12, 21)","(12, 21)",{},{},{},"['A', 'B']",[],[],0,0,3,1,5,4,B,,,,,,,B,,,,,"{'rtype': 'select-node', 'rtimedn': 49.028, 'rtimeup': 49.028}",,,,,,,"{'rtype': 'select-node', 'rtimedn': 48.795, 'rtimeup': 48.795}",,,,
,,31,1,16,1733257520,BDG-076-1412,TREE-1.2-0.0-0.0,"['eede0c44-416a-4587-96b5-ce08abfb5509', '6c7c7d0e-9b28-49a3-a8ae-a038288cb0a1']","['participant', 'participant']","['flower', 'dent-square']","['hsla(140, 57%, 43%, 1.0)', 'hsla(165, 54%, 40%, 1.0)']","[[1.0, 0.08473032069970846], [0.08473032069970846, 1.0]]","{0: '', 1: 'A', 2: 'B'}",,2,after,"[True, True]","{'max': 21, 'min': 21, 'avg': 21.0, 'root': 12}","[-10, -10]","[123, 125]",sequential,chance,chance,"[1.0, 1.0]","[0.5, 1.0]","[0.5, 1.0]","[0.5, 1.0]","[0.375, 0.0]","[0.625, 0.0]",[[0]],[[1]],[[2]],"(0, 12)","(12, 21)","(12, 21)",{},{},{},"['A', 'B']",[],[],0,0,1,4,1,2,B,,,,,,,A,,,,,"{'rtype': 'select-node', 'rtimedn': 48.63, 'rtimeup': 48.63}",,,,,,,"{'rtype': 'select-node', 'rtimedn': 49.044, 'rtimeup': 49.044}",,,,
,,31,2,16,1733257523,BDG-224-2455,TREE-1.2-0.0-0.0,"['a35a2a09-0e5b-4c89-b416-0180cdf67736', 'af883de6-a408-47aa-88dd-be481eabbd68']","['participant', 'participant']","['star-six', 'stop-sign']","['hsla(351, 79%, 51%, 1.0)', 'hsla(154, 54%, 56%, 1.0)']","[[1.0, 0.15743440233236153], [0.15743440233236153, 1.0]]","{0: '', 1: 'A', 2: 'B'}",,2,after,"[True, True]","{'max': 21, 'min': 21, 'avg': 21.0, 'root': 12}","[-10, -10]","[142, 132]",sequential,chance,chance,"[1.0, 1.0]","[0.5, 1.0]","[0.5, 1.0]","[0.5, 1.0]","[0.625, 0.0]","[0.375, 0.0]",[[0]],[[1]],[[2]],"(0, 12)","(12, 21)","(12, 21)",{},{},{},"['A', 'B']",[],[],0,0,2,4,5,5,B,,,,,,,A,,,,,"{'rtype': 'select-node', 'rtimedn': 48.913, 'rtimeup': 48.913}",,,,,,,"{'rtype': , 'rtimedn': 13, 'rtimeup': 13}",,,,
,,31,3,16,1733257518,BDG-303-3314,TREE-1.2-0.0-0.0,"['56064979-2a1e-4fcf-921e-09debb413eaa', '10360ec1-5cca-472f-a34e-f1c438e70709']","['participant', 'participant']","['circle', 'cross']","['hsla(79, 92%, 65%, 1.0)', 'hsla(114, 90%, 64%, 1.0)']","[[1.0, 0.1716472303206997], [0.1716472303206997, 1.0]]","{0: '', 1: 'A', 2: 'B'}",,1,after,"[True, True]","{'max': 21, 'min': 21, 'avg': 21.0, 'root': 12}","[-10, -10]","[132, 87]",sequential,chance,chance,"[1.0, 1.0]","[0.5, 1.0]","[0.5, 1.0]","[0.5, 1.0]","[0.625, 0.0]","[0.375, 0.0]",[[0]],[[1]],[[2]],"(0, 12)","(12, 21)","(12, 21)",{},{},{},"['A', 'B']",[],[],0,0,3,3,1,4,A,,,,,,,B,,,,,"{'rtype': 'select-node', 'rtimedn': 48.97, 'rtimeup': 48.97}",,,,,,,"{'rtype': 'select-node', 'rtimedn': 49.098, 'rtimeup': 49.098}",,,,
,,31,4,16,1733257521,BDG-284-3225,TREE-1.2-0.0-0.0,"['dc7aa794-aaf0-4594-aa67-6466cf997e02', '4e6fbdd5-31f9-458d-8cc0-2e7ab78019e6']","['participant', 'participant']","['hexagon', 'moon']","['hsla(163, 93%, 42%, 1.0)', 'hsla(123, 55%, 48%, 1.0)']","[[1.0, 0.15743440233236153], [0.15743440233236153, 1.0]]","{0: '', 1: 'A', 2: 'B'}",,2,after,"[True, True]","{'max': 21, 'min': 21, 'avg': 21.0, 'root': 12}","[-10, -10]","[137, 117]",sequential,chance,chance,"[1.0, 1.0]","[0.5, 1.0]","[0.5, 1.0]","[0.5, 1.0]","[0.375, 0.0]","[0.625, 0.0]",[[0]],[[1]],[[2]],"(0, 12)","(12, 21)","(12, 21)",{},{},{},"['A', 'B']",[],[],0,0,3,2,2,5,B,,,,,,,B,,,,,"{'rtype': 'select-node', 'rtimedn': 48.96, 'rtimeup': 48.96}",,,,,,,"{'rtype': 'select-node', 'rtimedn': 49.261, 'rtimeup': 49.261}",,,,
,,31,5,16,1733257521,BDG-201-2412,TREE-1.2-0.0-0.0,"['b19d3db0-5631-4177-af52-32b44b4c6ee4', 'bf1ced06-3c98-481a-b525-b0ff789e92c2']","['participant', 'participant']","['cross', 'stop-sign']","['hsla(73, 80%, 59%, 1.0)', 'hsla(77, 55%, 64%, 1.0)']","[[1.0, 0.04865160349854227], [0.04865160349854227, 1.0]]","{0: '', 1: 'A', 2: 'B'}",,1,after,"[True, True]","{'max': 21, 'min': 21, 'avg': 21.0, 'root': 12}","[-10, -10]","[89, 123]",sequential,chance,chance,"[1.0, 1.0]","[0.5, 1.0]","[0.5, 1.0]","[0.5, 1.0]","[0.375, 0.0]","[0.625, 0.0]",[[0]],[[1]],[[2]],"(0, 12)","(12, 21)","(12, 21)",{},{},{},"['A', 'B']",[],[],0,0,2,4,1,2,A,,,,,,,B,,,,,"{'rtype': 'select-node', 'rtimedn': 49.315, 'rtimeup': 49.315}",,,,,,,"{'rtype': 'select-node', 'rtimedn': 49.277, 'rtimeup': 49.277}",,,,
,,32,0,16,1733257533,BDG-275-3211,TREE-1.2-0.0-0.0,"['6c7c7d0e-9b28-49a3-a8ae-a038288cb0a1', 'b19d3db0-5631-4177-af52-32b44b4c6ee4']","['participant', 'participant']","['dent-square', 'cross']","['hsla(165, 54%, 40%, 1.0)', 'hsla(73, 80%, 59%, 1.0)']","[[1.0, 0.15743440233236153], [0.15743440233236153, 1.0]]","{0: '', 1: 'A', 2: 'B'}",,1,after,"[True, True]","{'max': 21, 'min': 21, 'avg': 21.0, 'root': 12}","[-10, -10]","[125, 89]",sequential,chance,chance,"[1.0, 1.0]","[0.5, 1.0]","[0.5, 1.0]","[0.5, 1.0]","[0.625, 0.0]","[0.375, 0.0]",[[0]],[[1]],[[2]],"(0, 12)","(12, 21)","(12, 21)",{},{},{},"['A', 'B']",[],[],0,0,3,2,1,1,A,,,,,,,A,,,,,"{'rtype': 'select-node', 'rtimedn': 50.531, 'rtimeup': 50.531}",,,,,,,"{'rtype': 'select-node', 'rtimedn': 50.64, 'rtimeup': 50.64}",,,,
,,32,1,16,1733257532,BDG-087-1433,TREE-1.2-0.0-0.0,"['56064979-2a1e-4fcf-921e-09debb413eaa', 'a35a2a09-0e5b-4c89-b416-0180cdf67736']","['participant', 'participant']","['circle', 'star-six']","['hsla(79, 92%, 65%, 1.0)', 'hsla(351, 79%, 51%, 1.0)']","[[1.0, 0.08473032069970846], [0.08473032069970846, 1.0]]","{0: '', 1: 'A', 2: 'B'}",,2,after,"[True, True]","{'max': 21, 'min': 21, 'avg': 21.0, 'root': 12}","[-10, -10]","[132, 142]",sequential,chance,chance,"[1.0, 1.0]","[0.5, 1.0]","[0.5, 1.0]","[0.5, 1.0]","[0.375, 0.0]","[0.625, 0.0]",[[0]],[[1]],[[2]],"(0, 12)","(12, 21)","(12, 21)",{},{},{},"['A', 'B']",[],[],0,0,1,4,3,3,B,,,,,,,B,,,,,"{'rtype': 'select-node', 'rtimedn': 50.334, 'rtimeup': 50.334}",,,,,,,"{'rtype': 'select-node', 'rtimedn': 50.508, 'rtimeup': 50.508}",,,,
,,32,2,16,1733257536,BDG-550-5311,TREE-1.2-0.0-0.0,"['eede0c44-416a-4587-96b5-ce08abfb5509', 'af883de6-a408-47aa-88dd-be481eabbd68']","['participant', 'participant']","['flower', 'stop-sign']","['hsla(140, 57%, 43%, 1.0)', 'hsla(154, 54%, 56%, 1.0)']","[[1.0, 0.1716472303206997], [0.1716472303206997, 1.0]]","{0: '', 1: 'A', 2: 'B'}",,2,after,"[True, True]","{'max': 21, 'min': 21, 'avg': 21.0, 'root': 12}","[-10, -10]","[123, 132]",sequential,chance,chance,"[1.0, 1.0]","[0.5, 1.0]","[0.5, 1.0]","[0.5, 1.0]","[0.625, 0.0]","[0.375, 0.0]",[[0]],[[1]],[[2]],"(0, 12)","(12, 21)","(12, 21)",{},{},{},"['A', 'B']",[],[],0,0,5,3,1,1,B,,,,,,,A,,,,,"{'rtype': 'select-node', 'rtimedn': 50.142, 'rtimeup': 50.142}",,,,,,,"{'rtype': 'select-node', 'rtimedn': 50.449, 'rtimeup': 50.449}",,,,
,,32,3,16,1733257534,BDG-352-3513,TREE-1.2-0.0-0.0,"['44997a74-c08b-467a-b3c9-7492a6bde261', '10360ec1-5cca-472f-a34e-f1c438e70709']","['participant', 'participant']","['dent-square', 'cross']","['hsla(114, 51%, 63%, 1.0)', 'hsla(114, 90%, 64%, 1.0)']","[[1.0, 0.15743440233236153], [0.15743440233236153, 1.0]]","{0: '', 1: 'A', 2: 'B'}",,1,after,"[True, True]","{'max': 21, 'min': 21, 'avg': 21.0, 'root': 12}","[-10, -10]","[124, 87]",sequential,chance,chance,"[1.0, 1.0]","[0.5, 1.0]","[0.5, 1.0]","[0.5, 1.0]","[0.375, 0.0]","[0.625, 0.0]",[[0]],[[1]],[[2]],"(0, 12)","(12, 21)","(12, 21)",{},{},{},"['A', 'B']",[],[],0,0,3,5,1,3,A,,,,,,,A,,,,,"{'rtype': 'select-node', 'rtimedn': 50.409, 'rtimeup': 50.409}",,,,,,,"{'rtype': 'select-node', 'rtimedn': 50.637, 'rtimeup': 50.637}",,,,
,,32,4,16,1733257535,BDG-435-4331,TREE-1.2-0.0-0.0,"['4e6fbdd5-31f9-458d-8cc0-2e7ab78019e6', 'dc7aa794-aaf0-4594-aa67-6466cf997e02']","['participant', 'participant']","['moon', 'hexagon']","['hsla(123, 55%, 48%, 1.0)', 'hsla(163, 93%, 42%, 1.0)']","[[1.0, 0.15743440233236153], [0.15743440233236153, 1.0]]","{0: '', 1: 'A', 2: 'B'}",,2,after,"[True, True]","{'max': 21, 'min': 21, 'avg': 21.0, 'root': 12}","[-10, -10]","[117, 137]",sequential,chance,chance,"[1.0, 1.0]","[0.5, 1.0]","[0.5, 1.0]","[0.5, 1.0]","[0.375, 0.0]","[0.625, 0.0]",[[0]],[[1]],[[2]],"(0, 12)","(12, 21)","(12, 21)",{},{},{},"['A', 'B']",[],[],0,0,4,3,3,1,B,,,,,,,A,,,,,"{'rtype': 'select-node', 'rtimedn': 50.686, 'rtimeup': 50.686}",,,,,,,"{'rtype': 'select-node', 'rtimedn': 50.487, 'rtimeup': 50.487}",,,,
,,32,5,16,1733257533,BDG-013-1134,TREE-1.2-0.0-0.0,"['bf1ced06-3c98-481a-b525-b0ff789e92c2', 'ac225116-14bc-429f-b2d5-8c4643505c01']","['participant', 'participant']","['stop-sign', 'circle']","['hsla(77, 55%, 64%, 1.0)', 'hsla(8, 54%, 64%, 1.0)']","[[1.0, 0.03188775510204082], [0.03188775510204082, 1.0]]","{0: '', 1: 'A', 2: 'B'}",,2,after,"[True, True]","{'max': 21, 'min': 21, 'avg': 21.0, 'root': 12}","[-10, -10]","[123, 123]",sequential,chance,chance,"[1.0, 1.0]","[0.5, 1.0]","[0.5, 1.0]","[0.5, 1.0]","[0.625, 0.0]","[0.375, 0.0]",[[0]],[[1]],[[2]],"(0, 12)","(12, 21)","(12, 21)",{},{},{},"['A', 'B']",[],[],0,0,1,1,3,4,B,,,,,,,A,,,,,"{'rtype': 'select-node', 'rtimedn': 50.467, 'rtimeup': 50.467}",,,,,,,"{'rtype': 'select-node', 'rtimedn': 50.393, 'rtimeup': 50.393}",,,,
,,33,0,16,1733257548,BDG-148-2154,TREE-1.2-0.0-0.0,"['4e6fbdd5-31f9-458d-8cc0-2e7ab78019e6', '56064979-2a1e-4fcf-921e-09debb413eaa']","['participant', 'participant']","['moon', 'circle']","['hsla(123, 55%, 48%, 1.0)', 'hsla(79, 92%, 65%, 1.0)']","[[1.0, 0.17784256559766765], [0.17784256559766765, 1.0]]","{0: '', 1: 'A', 2: 'B'}",,1,after,"[True, True]","{'max': 21, 'min': 21, 'avg': 21.0, 'root': 12}","[-10, -10]","[117, 132]",sequential,chance,chance,"[1.0, 1.0]","[0.5, 1.0]","[0.5, 1.0]","[0.5, 1.0]","[0.625, 0.0]","[0.375, 0.0]",[[0]],[[1]],[[2]],"(0, 12)","(12, 21)","(12, 21)",{},{},{},"['A', 'B']",[],[],0,0,2,1,5,4,A,,,,,,,B,,,,,"{'rtype': 'select-node', 'rtimedn': 51.94, 'rtimeup': 51.94}",,,,,,,"{'rtype': 'select-node', 'rtimedn': 51.556, 'rtimeup': 51.556}",,,,
,,33,1,16,1733257545,BDG-614-5535,TREE-1.2-0.0-0.0,"['dc7aa794-aaf0-4594-aa67-6466cf997e02', '6c7c7d0e-9b28-49a3-a8ae-a038288cb0a1']","['participant', 'participant']","['hexagon', 'dent-square']","['hsla(163, 93%, 42%, 1.0)', 'hsla(165, 54%, 40%, 1.0)']","[[1.0, 0.1716472303206997], [0.1716472303206997, 1.0]]","{0: '', 1: 'A', 2: 'B'}",,1,after,"[True, True]","{'max': 21, 'min': 21, 'avg': 21.0, 'root': 12}","[-10, -10]","[137, 125]",sequential,chance,chance,"[1.0, 1.0]","[0.5, 1.0]","[0.5, 1.0]","[0.5, 1.0]","[0.375, 0.0]","[0.625, 0.0]",[[0]],[[1]],[[2]],"(0, 12)","(12, 21)","(12, 21)",{},{},{},"['A', 'B']",[],[],0,0,5,5,3,5,A,,,,,,,A,,,,,"{'rtype': 'select-node', 'rtimedn': 51.654, 'rtimeup': 51.654}",,,,,,,"{'rtype': 'select-node', 'rtimedn': 51.778, 'rtimeup': 51.778}",,,,
,,33,2,16,1733257549,BDG-562-5333,TREE-1.2-0.0-0.0,"['eede0c44-416a-4587-96b5-ce08abfb5509', 'b19d3db0-5631-4177-af52-32b44b4c6ee4']","['participant', 'participant']","['flower', 'cross']","['hsla(140, 57%, 43%, 1.0)', 'hsla(73, 80%, 59%, 1.0)']","[[1.0, 0.17784256559766765], [0.17784256559766765, 1.0]]","{0: '', 1: 'A', 2: 'B'}",,2,after,"[True, True]","{'max': 21, 'min': 21, 'avg': 21.0, 'root': 12}","[-10, -10]","[123, 89]",sequential,chance,chance,"[1.0, 1.0]","[0.5, 1.0]","[0.5, 1.0]","[0.5, 1.0]","[0.625, 0.0]","[0.375, 0.0]",[[0]],[[1]],[[2]],"(0, 12)","(12, 21)","(12, 21)",{},{},{},"['A', 'B']",[],[],0,0,5,3,3,3,B,,,,,,,B,,,,,"{'rtype': 'select-node', 'rtimedn': 51.535, 'rtimeup': 51.535}",,,,,,,"{'rtype': 'select-node', 'rtimedn': 51.779, 'rtimeup': 51.779}",,,,
,,33,3,16,1733257547,BDG-241-2542,TREE-1.2-0.0-0.0,"['44997a74-c08b-467a-b3c9-7492a6bde261', '10360ec1-5cca-472f-a34e-f1c438e70709']","['participant', 'participant']","['dent-square', 'cross']","['hsla(114, 51%, 63%, 1.0)', 'hsla(114, 90%, 64%, 1.0)']","[[1.0, 0.15743440233236153], [0.15743440233236153, 1.0]]","{0: '', 1: 'A', 2: 'B'}",,2,after,"[True, True]","{'max': 21, 'min': 21, 'avg': 21.0, 'root': 12}","[-10, -10]","[124, 87]",sequential,chance,chance,"[1.0, 1.0]","[0.5, 1.0]","[0.5, 1.0]","[0.5, 1.0]","[0.375, 0.0]","[0.625, 0.0]",[[0]],[[1]],[[2]],"(0, 12)","(12, 21)","(12, 21)",{},{},{},"['A', 'B']",[],[],0,0,2,5,4,2,B,,,,,,,A,,,,,"{'rtype': 'select-node', 'rtimedn': 51.9, 'rtimeup': 51.9}",,,,,,,"{'rtype': 'select-node', 'rtimedn': 51.838, 'rtimeup': 51.838}",,,,
,,33,4,16,1733257545,BDG-443-4344,TREE-1.2-0.0-0.0,"['a35a2a09-0e5b-4c89-b416-0180cdf67736', 'af883de6-a408-47aa-88dd-be481eabbd68']","['participant', 'participant']","['star-six', 'stop-sign']","['hsla(351, 79%, 51%, 1.0)', 'hsla(154, 54%, 56%, 1.0)']","[[1.0, 0.15743440233236153], [0.15743440233236153, 1.0]]","{0: '', 1: 'A', 2: 'B'}",,2,after,"[True, True]","{'max': 21, 'min': 21, 'avg': 21.0, 'root': 12}","[-10, -10]","[142, 132]",sequential,chance,chance,"[1.0, 1.0]","[0.5, 1.0]","[0.5, 1.0]","[0.5, 1.0]","[0.375, 0.0]","[0.625, 0.0]",[[0]],[[1]],[[2]],"(0, 12)","(12, 21)","(12, 21)",{},{},{},"['A', 'B']",[],[],0,0,4,3,4,4,B,,,,,,,B,,,,,"{'rtype': 'select-node', 'rtimedn': 51.809, 'rtimeup': 51.809}",,,,,,,"{'rtype': 'select-node', 'rtimedn': 51.609, 'rtimeup': 51.609}",,,,
,,33,5,16,1733257546,BDG-259-3125,TREE-1.2-0.0-0.0,"['ac225116-14bc-429f-b2d5-8c4643505c01', 'bf1ced06-3c98-481a-b525-b0ff789e92c2']","['participant', 'participant']","['circle', 'stop-sign']","['hsla(8, 54%, 64%, 1.0)', 'hsla(77, 55%, 64%, 1.0)']","[[1.0, 0.03188775510204082], [0.03188775510204082, 1.0]]","{0: '', 1: 'A', 2: 'B'}",,1,after,"[True, True]","{'max': 21, 'min': 21, 'avg': 21.0, 'root': 12}","[-10, -10]","[123, 123]",sequential,chance,chance,"[1.0, 1.0]","[0.5, 1.0]","[0.5, 1.0]","[0.5, 1.0]","[0.625, 0.0]","[0.375, 0.0]",[[0]],[[1]],[[2]],"(0, 12)","(12, 21)","(12, 21)",{},{},{},"['A', 'B']",[],[],0,0,3,1,2,5,A,,,,,,,A,,,,,"{'rtype': 'select-node', 'rtimedn': 51.631, 'rtimeup': 51.631}",,,,,,,"{'rtype': 'select-node', 'rtimedn': 51.734, 'rtimeup': 51.734}",,,,
,,34,0,16,1733257558,BDG-043-1244,TREE-1.2-0.0-0.0,"['eede0c44-416a-4587-96b5-ce08abfb5509', 'af883de6-a408-47aa-88dd-be481eabbd68']","['participant', 'participant']","['flower', 'stop-sign']","['hsla(140, 57%, 43%, 1.0)', 'hsla(154, 54%, 56%, 1.0)']","[[1.0, 0.1716472303206997], [0.1716472303206997, 1.0]]","{0: '', 1: 'A', 2: 'B'}",,2,after,"[True, True]","{'max': 21, 'min': 21, 'avg': 21.0, 'root': 12}","[-10, -10]","[123, 132]",sequential,chance,chance,"[1.0, 1.0]","[0.5, 1.0]","[0.5, 1.0]","[0.5, 1.0]","[0.625, 0.0]","[0.375, 0.0]",[[0]],[[1]],[[2]],"(0, 12)","(12, 21)","(12, 21)",{},{},{},"['A', 'B']",[],[],0,0,1,2,4,4,B,,,,,,,B,,,,,"{'rtype': 'select-node', 'rtimedn': 52.395, 'rtimeup': 52.395}",,,,,,,"{'rtype': 'select-node', 'rtimedn': 52.959, 'rtimeup': 52.959}",,,,
,,34,1,16,1733257560,BDG-278-3214,TREE-1.2-0.0-0.0,"['4e6fbdd5-31f9-458d-8cc0-2e7ab78019e6', 'a35a2a09-0e5b-4c89-b416-0180cdf67736']","['participant', 'participant']","['moon', 'star-six']","['hsla(123, 55%, 48%, 1.0)', 'hsla(351, 79%, 51%, 1.0)']","[[1.0, 0.09894314868804664], [0.09894314868804664, 1.0]]","{0: '', 1: 'A', 2: 'B'}",,1,after,"[True, True]","{'max': 21, 'min': 21, 'avg': 21.0, 'root': 12}","[-10, -10]","[117, 142]",sequential,chance,chance,"[1.0, 1.0]","[0.5, 1.0]","[0.5, 1.0]","[0.5, 1.0]","[0.375, 0.0]","[0.625, 0.0]",[[0]],[[1]],[[2]],"(0, 12)","(12, 21)","(12, 21)",{},{},{},"['A', 'B']",[],[],0,0,3,2,1,4,A,,,,,,,A,,,,,"{'rtype': 'select-node', 'rtimedn': 53.226, 'rtimeup': 53.226}",,,,,,,"{'rtype': 'select-node', 'rtimedn': 53.191, 'rtimeup': 53.191}",,,,
,,34,2,16,1733257560,BDG-044-1245,TREE-1.2-0.0-0.0,"['44997a74-c08b-467a-b3c9-7492a6bde261', 'dc7aa794-aaf0-4594-aa67-6466cf997e02']","['participant', 'participant']","['dent-square', 'hexagon']","['hsla(114, 51%, 63%, 1.0)', 'hsla(163, 93%, 42%, 1.0)']","[[1.0, 0.11825801749271138], [0.11825801749271138, 1.0]]","{0: '', 1: 'A', 2: 'B'}",,2,after,"[True, True]","{'max': 21, 'min': 21, 'avg': 21.0, 'root': 12}","[-10, -10]","[124, 137]",sequential,chance,chance,"[1.0, 1.0]","[0.5, 1.0]","[0.5, 1.0]","[0.5, 1.0]","[0.375, 0.0]","[0.625, 0.0]",[[0]],[[1]],[[2]],"(0, 12)","(12, 21)","(12, 21)",{},{},{},"['A', 'B']",[],[],0,0,1,2,4,5,B,,,,,,,B,,,,,"{'rtype': 'select-node', 'rtimedn': 53.144, 'rtimeup': 53.144}",,,,,,,"{'rtype': 'select-node', 'rtimedn': 53.055, 'rtimeup': 53.055}",,,,
,,34,3,16,1733257560,BDG-309-3325,TREE-1.2-0.0-0.0,"['b19d3db0-5631-4177-af52-32b44b4c6ee4', 'ac225116-14bc-429f-b2d5-8c4643505c01']","['participant', 'participant']","['cross', 'circle']","['hsla(73, 80%, 59%, 1.0)', 'hsla(8, 54%, 64%, 1.0)']","[[1.0, 0.1716472303206997], [0.1716472303206997, 1.0]]","{0: '', 1: 'A', 2: 'B'}",,1,after,"[True, True]","{'max': 21, 'min': 21, 'avg': 21.0, 'root': 12}","[-10, -10]","[89, 123]",sequential,chance,chance,"[1.0, 1.0]","[0.5, 1.0]","[0.5, 1.0]","[0.5, 1.0]","[0.625, 0.0]","[0.375, 0.0]",[[0]],[[1]],[[2]],"(0, 12)","(12, 21)","(12, 21)",{},{},{},"['A', 'B']",[],[],0,0,3,3,2,5,A,,,,,,,A,,,,,"{'rtype': 'select-node', 'rtimedn': 53.251, 'rtimeup': 53.251}",,,,,,,"{'rtype': 'select-node', 'rtimedn': 52.974, 'rtimeup': 52.974}",,,,
,,34,4,16,1733257561,BDG-554-5315,TREE-1.2-0.0-0.0,"['bf1ced06-3c98-481a-b525-b0ff789e92c2', '6c7c7d0e-9b28-49a3-a8ae-a038288cb0a1']","['participant', 'participant']","['stop-sign', 'dent-square']","['hsla(77, 55%, 64%, 1.0)', 'hsla(165, 54%, 40%, 1.0)']","[[1.0, 0.06778425655976676], [0.06778425655976676, 1.0]]","{0: '', 1: 'A', 2: 'B'}",,2,after,"[True, True]","{'max': 21, 'min': 21, 'avg': 21.0, 'root': 12}","[-10, -10]","[123, 125]",sequential,chance,chance,"[1.0, 1.0]","[0.5, 1.0]","[0.5, 1.0]","[0.5, 1.0]","[0.375, 0.0]","[0.625, 0.0]",[[0]],[[1]],[[2]],"(0, 12)","(12, 21)","(12, 21)",{},{},{},"['A', 'B']",[],[],0,0,5,3,1,5,B,,,,,,,A,,,,,"{'rtype': 'select-node', 'rtimedn': 53.212, 'rtimeup': 53.212}",,,,,,,"{'rtype': 'select-node', 'rtimedn': 53.361, 'rtimeup': 53.361}",,,,
,,34,5,16,1733257561,BDG-084-1425,TREE-1.2-0.0-0.0,"['10360ec1-5cca-472f-a34e-f1c438e70709', '56064979-2a1e-4fcf-921e-09debb413eaa']","['participant', 'participant']","['cross', 'circle']","['hsla(114, 90%, 64%, 1.0)', 'hsla(79, 92%, 65%, 1.0)']","[[1.0, 0.1716472303206997], [0.1716472303206997, 1.0]]","{0: '', 1: 'A', 2: 'B'}",,2,after,"[True, True]","{'max': 21, 'min': 21, 'avg': 21.0, 'root': 12}","[-10, -10]","[87, 132]",sequential,chance,chance,"[1.0, 1.0]","[0.5, 1.0]","[0.5, 1.0]","[0.5, 1.0]","[0.375, 0.0]","[0.625, 0.0]",[[0]],[[1]],[[2]],"(0, 12)","(12, 21)","(12, 21)",{},{},{},"['A', 'B']",[],[],0,0,1,4,2,5,B,,,,,,,B,,,,,"{'rtype': 'select-node', 'rtimedn': 53.351, 'rtimeup': 53.351}",,,,,,,"{'rtype': 'select-node', 'rtimedn': 53.014, 'rtimeup': 53.014}",,,,
,,35,0,16,1733257573,BDG-601-5512,TREE-1.2-0.0-0.0,"['44997a74-c08b-467a-b3c9-7492a6bde261', '6c7c7d0e-9b28-49a3-a8ae-a038288cb0a1']","['participant', 'participant']","['dent-square', 'dent-square']","['hsla(114, 51%, 63%, 1.0)', 'hsla(165, 54%, 40%, 1.0)']","[[1.0, 0.17784256559766765], [0.17784256559766765, 1.0]]","{0: '', 1: 'A', 2: 'B'}",,1,after,"[True, True]","{'max': 21, 'min': 21, 'avg': 21.0, 'root': 12}","[-10, -10]","[124, 125]",sequential,chance,chance,"[1.0, 1.0]","[0.5, 1.0]","[0.5, 1.0]","[0.5, 1.0]","[0.375, 0.0]","[0.625, 0.0]",[[0]],[[1]],[[2]],"(0, 12)","(12, 21)","(12, 21)",{},{},{},"['A', 'B']",[],[],0,0,5,5,1,2,A,,,,,,,A,,,,,"{'rtype': 'select-node', 'rtimedn': 54.485, 'rtimeup': 54.485}",,,,,,,"{'rtype': 'select-node', 'rtimedn': 54.317, 'rtimeup': 54.317}",,,,
,,35,1,16,1733257574,BDG-248-2554,TREE-1.2-0.0-0.0,"['eede0c44-416a-4587-96b5-ce08abfb5509', 'af883de6-a408-47aa-88dd-be481eabbd68']","['participant', 'participant']","['flower', 'stop-sign']","['hsla(140, 57%, 43%, 1.0)', 'hsla(154, 54%, 56%, 1.0)']","[[1.0, 0.1716472303206997], [0.1716472303206997, 1.0]]","{0: '', 1: 'A', 2: 'B'}",,2,after,"[True, True]","{'max': 21, 'min': 21, 'avg': 21.0, 'root': 12}","[-10, -10]","[123, 132]",sequential,chance,chance,"[1.0, 1.0]","[0.5, 1.0]","[0.5, 1.0]","[0.5, 1.0]","[0.625, 0.0]","[0.375, 0.0]",[[0]],[[1]],[[2]],"(0, 12)","(12, 21)","(12, 21)",{},{},{},"['A', 'B']",[],[],0,0,2,5,5,4,B,,,,,,,A,,,,,"{'rtype': 'select-node', 'rtimedn': 53.947, 'rtimeup': 53.947}",,,,,,,"{'rtype': 'select-node', 'rtimedn': 54.431, 'rtimeup': 54.431}",,,,
,,35,2,16,1733257572,BDG-040-1241,TREE-1.2-0.0-0.0,"['ac225116-14bc-429f-b2d5-8c4643505c01', 'a35a2a09-0e5b-4c89-b416-0180cdf67736']","['participant', 'participant']","['circle', 'star-six']","['hsla(8, 54%, 64%, 1.0)', 'hsla(351, 79%, 51%, 1.0)']","[[1.0, 0.11825801749271138], [0.11825801749271138, 1.0]]","{0: '', 1: 'A', 2: 'B'}",,2,after,"[True, True]","{'max': 21, 'min': 21, 'avg': 21.0, 'root': 12}","[-10, -10]","[123, 142]",sequential,chance,chance,"[1.0, 1.0]","[0.5, 1.0]","[0.5, 1.0]","[0.5, 1.0]","[0.625, 0.0]","[0.375, 0.0]",[[0]],[[1]],[[2]],"(0, 12)","(12, 21)","(12, 21)",{},{},{},"['A', 'B']",[],[],0,0,1,2,4,1,B,,,,,,,A,,,,,"{'rtype': 'select-node', 'rtimedn': 54.242, 'rtimeup': 54.242}",,,,,,,"{'rtype': 'select-node', 'rtimedn': 54.482, 'rtimeup': 54.482}",,,,
,,35,3,16,1733257575,BDG-594-5445,TREE-1.2-0.0-0.0,"['56064979-2a1e-4fcf-921e-09debb413eaa', '4e6fbdd5-31f9-458d-8cc0-2e7ab78019e6']","['participant', 'participant']","['circle', 'moon']","['hsla(79, 92%, 65%, 1.0)', 'hsla(123, 55%, 48%, 1.0)']","[[1.0, 0.17784256559766765], [0.17784256559766765, 1.0]]","{0: '', 1: 'A', 2: 'B'}",,1,after,"[True, True]","{'max': 21, 'min': 21, 'avg': 21.0, 'root': 12}","[-10, -10]","[132, 117]",sequential,chance,chance,"[1.0, 1.0]","[0.5, 1.0]","[0.5, 1.0]","[0.5, 1.0]","[0.625, 0.0]","[0.375, 0.0]",[[0]],[[1]],[[2]],"(0, 12)","(12, 21)","(12, 21)",{},{},{},"['A', 'B']",[],[],0,0,5,4,4,5,A,,,,,,,B,,,,,"{'rtype': 'select-node', 'rtimedn': 54.156, 'rtimeup': 54.156}",,,,,,,"{'rtype': 'select-node', 'rtimedn': 54.695, 'rtimeup': 54.695}",,,,
,,35,4,16,1733257573,BDG-541-5242,TREE-1.2-0.0-0.0,"['dc7aa794-aaf0-4594-aa67-6466cf997e02', 'b19d3db0-5631-4177-af52-32b44b4c6ee4']","['participant', 'participant']","['hexagon', 'cross']","['hsla(163, 93%, 42%, 1.0)', 'hsla(73, 80%, 59%, 1.0)']","[[1.0, 0.09894314868804664], [0.09894314868804664, 1.0]]","{0: '', 1: 'A', 2: 'B'}",,1,after,"[True, True]","{'max': 21, 'min': 21, 'avg': 21.0, 'root': 12}","[-10, -10]","[137, 89]",sequential,chance,chance,"[1.0, 1.0]","[0.5, 1.0]","[0.5, 1.0]","[0.5, 1.0]","[0.625, 0.0]","[0.375, 0.0]",[[0]],[[1]],[[2]],"(0, 12)","(12, 21)","(12, 21)",{},{},{},"['A', 'B']",[],[],0,0,5,2,4,2,A,,,,,,,B,,,,,"{'rtype': 'select-node', 'rtimedn': 54.261, 'rtimeup': 54.261}",,,,,,,"{'rtype': 'select-node', 'rtimedn': 54.561, 'rtimeup': 54.561}",,,,
,,35,5,16,1733257570,BDG-349-3455,TREE-1.2-0.0-0.0,"['10360ec1-5cca-472f-a34e-f1c438e70709', 'bf1ced06-3c98-481a-b525-b0ff789e92c2']","['participant', 'participant']","['cross', 'stop-sign']","['hsla(114, 90%, 64%, 1.0)', 'hsla(77, 55%, 64%, 1.0)']","[[1.0, 0.03152332361516035], [0.03152332361516035, 1.0]]","{0: '', 1: 'A', 2: 'B'}",,2,after,"[True, True]","{'max': 21, 'min': 21, 'avg': 21.0, 'root': 12}","[-10, -10]","[87, 123]",sequential,chance,chance,"[1.0, 1.0]","[0.5, 1.0]","[0.5, 1.0]","[0.5, 1.0]","[0.375, 0.0]","[0.625, 0.0]",[[0]],[[1]],[[2]],"(0, 12)","(12, 21)","(12, 21)",{},{},{},"['A', 'B']",[],[],0,0,3,4,5,5,B,,,,,,,B,,,,,"{'rtype': 'select-node', 'rtimedn': 54.29, 'rtimeup': 54.29}",,,,,,,"{'rtype': 'select-node', 'rtimedn': 54.147, 'rtimeup': 54.147}",,,,
,,36,0,16,1733257588,BDG-426-4312,TREE-1.2-0.0-0.0,"['44997a74-c08b-467a-b3c9-7492a6bde261', '4e6fbdd5-31f9-458d-8cc0-2e7ab78019e6']","['participant', 'participant']","['dent-square', 'moon']","['hsla(114, 51%, 63%, 1.0)', 'hsla(123, 55%, 48%, 1.0)']","[[1.0, 0.1716472303206997], [0.1716472303206997, 1.0]]","{0: '', 1: 'A', 2: 'B'}",,1,after,"[True, True]","{'max': 21, 'min': 21, 'avg': 21.0, 'root': 12}","[-10, -10]","[124, 117]",sequential,chance,chance,"[1.0, 1.0]","[0.5, 1.0]","[0.5, 1.0]","[0.5, 1.0]","[0.625, 0.0]","[0.375, 0.0]",[[0]],[[1]],[[2]],"(0, 12)","(12, 21)","(12, 21)",{},{},{},"['A', 'B']",[],[],0,0,4,3,1,2,A,,,,,,,A,,,,,"{'rtype': 'select-node', 'rtimedn': 55.561, 'rtimeup': 55.561}",,,,,,,"{'rtype': 'select-node', 'rtimedn': 55.98, 'rtimeup': 55.98}",,,,
,,36,1,16,1733257584,BDG-466-4442,TREE-1.2-0.0-0.0,"['b19d3db0-5631-4177-af52-32b44b4c6ee4', '10360ec1-5cca-472f-a34e-f1c438e70709']","['participant', 'participant']","['cross', 'cross']","['hsla(73, 80%, 59%, 1.0)', 'hsla(114, 90%, 64%, 1.0)']","[[1.0, 0.08473032069970846], [0.08473032069970846, 1.0]]","{0: '', 1: 'A', 2: 'B'}",,1,after,"[True, True]","{'max': 21, 'min': 21, 'avg': 21.0, 'root': 12}","[-10, -10]","[89, 87]",sequential,chance,chance,"[1.0, 1.0]","[0.5, 1.0]","[0.5, 1.0]","[0.5, 1.0]","[0.625, 0.0]","[0.375, 0.0]",[[0]],[[1]],[[2]],"(0, 12)","(12, 21)","(12, 21)",{},{},{},"['A', 'B']",[],[],0,0,4,4,4,2,A,,,,,,,A,,,,,"{'rtype': 'select-node', 'rtimedn': 55.605, 'rtimeup': 55.605}",,,,,,,"{'rtype': 'select-node', 'rtimedn': 55.689, 'rtimeup': 55.689}",,,,
,,36,2,16,1733257588,BDG-177-2313,TREE-1.2-0.0-0.0,"['6c7c7d0e-9b28-49a3-a8ae-a038288cb0a1', 'eede0c44-416a-4587-96b5-ce08abfb5509']","['participant', 'participant']","['dent-square', 'flower']","['hsla(165, 54%, 40%, 1.0)', 'hsla(140, 57%, 43%, 1.0)']","[[1.0, 0.08473032069970846], [0.08473032069970846, 1.0]]","{0: '', 1: 'A', 2: 'B'}",,1,after,"[True, True]","{'max': 21, 'min': 21, 'avg': 21.0, 'root': 12}","[-10, -10]","[125, 123]",sequential,chance,chance,"[1.0, 1.0]","[0.5, 1.0]","[0.5, 1.0]","[0.5, 1.0]","[0.625, 0.0]","[0.375, 0.0]",[[0]],[[1]],[[2]],"(0, 12)","(12, 21)","(12, 21)",{},{},{},"['A', 'B']",[],[],0,0,2,3,1,3,A,,,,,,,A,,,,,"{'rtype': 'select-node', 'rtimedn': 55.577, 'rtimeup': 55.577}",,,,,,,"{'rtype': 'select-node', 'rtimedn': 55.359, 'rtimeup': 55.359}",,,,
,,36,3,16,1733257583,BDG-363-3534,TREE-1.2-0.0-0.0,"['ac225116-14bc-429f-b2d5-8c4643505c01', 'af883de6-a408-47aa-88dd-be481eabbd68']","['participant', 'participant']","['circle', 'stop-sign']","['hsla(8, 54%, 64%, 1.0)', 'hsla(154, 54%, 56%, 1.0)']","[[1.0, 0.06778425655976676], [0.06778425655976676, 1.0]]","{0: '', 1: 'A', 2: 'B'}",,2,after,"[True, True]","{'max': 21, 'min': 21, 'avg': 21.0, 'root': 12}","[-10, -10]","[123, 132]",sequential,chance,chance,"[1.0, 1.0]","[0.5, 1.0]","[0.5, 1.0]","[0.5, 1.0]","[0.625, 0.0]","[0.375, 0.0]",[[0]],[[1]],[[2]],"(0, 12)","(12, 21)","(12, 21)",{},{},{},"['A', 'B']",[],[],0,0,3,5,3,4,B,,,,,,,A,,,,,"{'rtype': 'select-node', 'rtimedn': 55.477, 'rtimeup': 55.477}",,,,,,,"{'rtype': 'select-node', 'rtimedn': 55.564, 'rtimeup': 55.564}",,,,
,,36,4,16,1733257587,BDG-332-3423,TREE-1.2-0.0-0.0,"['56064979-2a1e-4fcf-921e-09debb413eaa', 'bf1ced06-3c98-481a-b525-b0ff789e92c2']","['participant', 'participant']","['circle', 'stop-sign']","['hsla(79, 92%, 65%, 1.0)', 'hsla(77, 55%, 64%, 1.0)']","[[1.0, 0.15743440233236153], [0.15743440233236153, 1.0]]","{0: '', 1: 'A', 2: 'B'}",,1,after,"[True, True]","{'max': 21, 'min': 21, 'avg': 21.0, 'root': 12}","[-10, -10]","[132, 123]",sequential,chance,chance,"[1.0, 1.0]","[0.5, 1.0]","[0.5, 1.0]","[0.5, 1.0]","[0.625, 0.0]","[0.375, 0.0]",[[0]],[[1]],[[2]],"(0, 12)","(12, 21)","(12, 21)",{},{},{},"['A', 'B']",[],[],0,0,3,4,2,3,A,,,,,,,A,,,,,"{'rtype': 'select-node', 'rtimedn': 55.535, 'rtimeup': 55.535}",,,,,,,"{'rtype': 'select-node', 'rtimedn': 55.837, 'rtimeup': 55.837}",,,,
,,36,5,16,1733257585,BDG-064-1335,TREE-1.2-0.0-0.0,"['dc7aa794-aaf0-4594-aa67-6466cf997e02', 'a35a2a09-0e5b-4c89-b416-0180cdf67736']","['participant', 'participant']","['hexagon', 'star-six']","['hsla(163, 93%, 42%, 1.0)', 'hsla(351, 79%, 51%, 1.0)']","[[1.0, 0.03188775510204082], [0.03188775510204082, 1.0]]","{0: '', 1: 'A', 2: 'B'}",,2,after,"[True, True]","{'max': 21, 'min': 21, 'avg': 21.0, 'root': 12}","[-10, -10]","[137, 142]",sequential,chance,chance,"[1.0, 1.0]","[0.5, 1.0]","[0.5, 1.0]","[0.5, 1.0]","[0.625, 0.0]","[0.375, 0.0]",[[0]],[[1]],[[2]],"(0, 12)","(12, 21)","(12, 21)",{},{},{},"['A', 'B']",[],[],0,0,1,3,3,5,B,,,,,,,B,,,,,"{'rtype': 'select-node', 'rtimedn': 55.662, 'rtimeup': 55.662}",,,,,,,"{'rtype': 'select-node', 'rtimedn': 55.787, 'rtimeup': 55.787}",,,,
,,37,0,16,1733257600,BDG-023-1154,TREE-1.2-0.0-0.0,"['bf1ced06-3c98-481a-b525-b0ff789e92c2', 'a35a2a09-0e5b-4c89-b416-0180cdf67736']","['participant', 'participant']","['stop-sign', 'star-six']","['hsla(77, 55%, 64%, 1.0)', 'hsla(351, 79%, 51%, 1.0)']","[[1.0, 0.1716472303206997], [0.1716472303206997, 1.0]]","{0: '', 1: 'A', 2: 'B'}",,2,after,"[True, True]","{'max': 21, 'min': 21, 'avg': 21.0, 'root': 12}","[-10, -10]","[123, 142]",sequential,chance,chance,"[1.0, 1.0]","[0.5, 1.0]","[0.5, 1.0]","[0.5, 1.0]","[0.375, 0.0]","[0.625, 0.0]",[[0]],[[1]],[[2]],"(0, 12)","(12, 21)","(12, 21)",{},{},{},"['A', 'B']",[],[],0,0,1,1,5,4,B,,,,,,,B,,,,,"{'rtype': 'select-node', 'rtimedn': 57.159, 'rtimeup': 57.159}",,,,,,,"{'rtype': 'select-node', 'rtimedn': 57.032, 'rtimeup': 57.032}",,,,
,,37,1,16,1733257599,BDG-295-3251,TREE-1.2-0.0-0.0,"['dc7aa794-aaf0-4594-aa67-6466cf997e02', '6c7c7d0e-9b28-49a3-a8ae-a038288cb0a1']","['participant', 'participant']","['hexagon', 'dent-square']","['hsla(163, 93%, 42%, 1.0)', 'hsla(165, 54%, 40%, 1.0)']","[[1.0, 0.1716472303206997], [0.1716472303206997, 1.0]]","{0: '', 1: 'A', 2: 'B'}",,1,after,"[True, True]","{'max': 21, 'min': 21, 'avg': 21.0, 'root': 12}","[-10, -10]","[137, 125]",sequential,chance,chance,"[1.0, 1.0]","[0.5, 1.0]","[0.5, 1.0]","[0.5, 1.0]","[0.375, 0.0]","[0.625, 0.0]",[[0]],[[1]],[[2]],"(0, 12)","(12, 21)","(12, 21)",{},{},{},"['A', 'B']",[],[],0,0,3,2,5,1,A,,,,,,,A,,,,,"{'rtype': 'select-node', 'rtimedn': 57.182, 'rtimeup': 57.182}",,,,,,,"{'rtype': 'select-node', 'rtimedn': 57.134, 'rtimeup': 57.134}",,,,
,,37,2,16,1733257600,BDG-122-1553,TREE-1.2-0.0-0.0,"['4e6fbdd5-31f9-458d-8cc0-2e7ab78019e6', '10360ec1-5cca-472f-a34e-f1c438e70709']","['participant', 'participant']","['moon', 'cross']","['hsla(123, 55%, 48%, 1.0)', 'hsla(114, 90%, 64%, 1.0)']","[[1.0, 0.06778425655976676], [0.06778425655976676, 1.0]]","{0: '', 1: 'A', 2: 'B'}",,2,after,"[True, True]","{'max': 21, 'min': 21, 'avg': 21.0, 'root': 12}","[-10, -10]","[117, 87]",sequential,chance,chance,"[1.0, 1.0]","[0.5, 1.0]","[0.5, 1.0]","[0.5, 1.0]","[0.625, 0.0]","[0.375, 0.0]",[[0]],[[1]],[[2]],"(0, 12)","(12, 21)","(12, 21)",{},{},{},"['A', 'B']",[],[],0,0,1,5,5,3,B,,,,,,,A,,,,,"{'rtype': 'select-node', 'rtimedn': 57.233, 'rtimeup': 57.233}",,,,,,,"{'rtype': 'select-node', 'rtimedn': 56.951, 'rtimeup': 56.951}",,,,
,,37,3,16,1733257597,BDG-546-5252,TREE-1.2-0.0-0.0,"['eede0c44-416a-4587-96b5-ce08abfb5509', 'af883de6-a408-47aa-88dd-be481eabbd68']","['participant', 'participant']","['flower', 'stop-sign']","['hsla(140, 57%, 43%, 1.0)', 'hsla(154, 54%, 56%, 1.0)']","[[1.0, 0.1716472303206997], [0.1716472303206997, 1.0]]","{0: '', 1: 'A', 2: 'B'}",,1,after,"[True, True]","{'max': 21, 'min': 21, 'avg': 21.0, 'root': 12}","[-10, -10]","[123, 132]",sequential,chance,chance,"[1.0, 1.0]","[0.5, 1.0]","[0.5, 1.0]","[0.5, 1.0]","[0.625, 0.0]","[0.375, 0.0]",[[0]],[[1]],[[2]],"(0, 12)","(12, 21)","(12, 21)",{},{},{},"['A', 'B']",[],[],0,0,5,2,5,2,A,,,,,,,A,,,,,"{'rtype': 'select-node', 'rtimedn': 56.253, 'rtimeup': 56.253}",,,,,,,"{'rtype': 'select-node', 'rtimedn': 56.979, 'rtimeup': 56.979}",,,,
,,37,4,16,1733257599,BDG-260-3131,TREE-1.2-0.0-0.0,"['b19d3db0-5631-4177-af52-32b44b4c6ee4', '56064979-2a1e-4fcf-921e-09debb413eaa']","['participant', 'participant']","['cross', 'circle']","['hsla(73, 80%, 59%, 1.0)', 'hsla(79, 92%, 65%, 1.0)']","[[1.0, 0.11825801749271138], [0.11825801749271138, 1.0]]","{0: '', 1: 'A', 2: 'B'}",,1,after,"[True, True]","{'max': 21, 'min': 21, 'avg': 21.0, 'root': 12}","[-10, -10]","[89, 132]",sequential,chance,chance,"[1.0, 1.0]","[0.5, 1.0]","[0.5, 1.0]","[0.5, 1.0]","[0.375, 0.0]","[0.625, 0.0]",[[0]],[[1]],[[2]],"(0, 12)","(12, 21)","(12, 21)",{},{},{},"['A', 'B']",[],[],0,0,3,1,3,1,A,,,,,,,A,,,,,"{'rtype': 'select-node', 'rtimedn': 57.163, 'rtimeup': 57.163}",,,,,,,"{'rtype': 'select-node', 'rtimedn': 56.839, 'rtimeup': 56.839}",,,,
,,37,5,16,1733257597,BDG-574-5355,TREE-1.2-0.0-0.0,"['ac225116-14bc-429f-b2d5-8c4643505c01', '44997a74-c08b-467a-b3c9-7492a6bde261']","['participant', 'participant']","['circle', 'dent-square']","['hsla(8, 54%, 64%, 1.0)', 'hsla(114, 51%, 63%, 1.0)']","[[1.0, 0.09894314868804664], [0.09894314868804664, 1.0]]","{0: '', 1: 'A', 2: 'B'}",,2,after,"[True, True]","{'max': 21, 'min': 21, 'avg': 21.0, 'root': 12}","[-10, -10]","[123, 124]",sequential,chance,chance,"[1.0, 1.0]","[0.5, 1.0]","[0.5, 1.0]","[0.5, 1.0]","[0.375, 0.0]","[0.625, 0.0]",[[0]],[[1]],[[2]],"(0, 12)","(12, 21)","(12, 21)",{},{},{},"['A', 'B']",[],[],0,0,5,3,5,5,B,,,,,,,B,,,,,"{'rtype': 'select-node', 'rtimedn': 56.727, 'rtimeup': 56.727}",,,,,,,"{'rtype': 'select-node', 'rtimedn': 56.86, 'rtimeup': 56.86}",,,,
,,38,0,16,1733257611,BDG-223-2454,TREE-1.2-0.0-0.0,"['56064979-2a1e-4fcf-921e-09debb413eaa', '6c7c7d0e-9b28-49a3-a8ae-a038288cb0a1']","['participant', 'participant']","['circle', 'dent-square']","['hsla(79, 92%, 65%, 1.0)', 'hsla(165, 54%, 40%, 1.0)']","[[1.0, 0.09894314868804664], [0.09894314868804664, 1.0]]","{0: '', 1: 'A', 2: 'B'}",,2,after,"[True, True]","{'max': 21, 'min': 21, 'avg': 21.0, 'root': 12}","[-10, -10]","[132, 125]",sequential,chance,chance,"[1.0, 1.0]","[0.5, 1.0]","[0.5, 1.0]","[0.5, 1.0]","[0.375, 0.0]","[0.625, 0.0]",[[0]],[[1]],[[2]],"(0, 12)","(12, 21)","(12, 21)",{},{},{},"['A', 'B']",[],[],0,0,2,4,5,4,B,,,,,,,B,,,,,"{'rtype': 'select-node', 'rtimedn': 58.13, 'rtimeup': 58.13}",,,,,,,"{'rtype': 'select-node', 'rtimedn': 58.344, 'rtimeup': 58.344}",,,,
,,38,1,16,1733257611,BDG-458-4424,TREE-1.2-0.0-0.0,"['eede0c44-416a-4587-96b5-ce08abfb5509', 'bf1ced06-3c98-481a-b525-b0ff789e92c2']","['participant', 'participant']","['flower', 'stop-sign']","['hsla(140, 57%, 43%, 1.0)', 'hsla(77, 55%, 64%, 1.0)']","[[1.0, 0.09894314868804664], [0.09894314868804664, 1.0]]","{0: '', 1: 'A', 2: 'B'}",,1,after,"[True, True]","{'max': 21, 'min': 21, 'avg': 21.0, 'root': 12}","[-10, -10]","[123, 123]",sequential,chance,chance,"[1.0, 1.0]","[0.5, 1.0]","[0.5, 1.0]","[0.5, 1.0]","[0.375, 0.0]","[0.625, 0.0]",[[0]],[[1]],[[2]],"(0, 12)","(12, 21)","(12, 21)",{},{},{},"['A', 'B']",[],[],0,0,4,4,2,4,A,,,,,,,A,,,,,"{'rtype': 'select-node', 'rtimedn': 57.491, 'rtimeup': 57.491}",,,,,,,"{'rtype': 'select-node', 'rtimedn': 58.299, 'rtimeup': 58.299}",,,,
,,38,2,16,1733257610,BDG-243-2544,TREE-1.2-0.0-0.0,"['b19d3db0-5631-4177-af52-32b44b4c6ee4', 'af883de6-a408-47aa-88dd-be481eabbd68']","['participant', 'participant']","['cross', 'stop-sign']","['hsla(73, 80%, 59%, 1.0)', 'hsla(154, 54%, 56%, 1.0)']","[[1.0, 0.03188775510204082], [0.03188775510204082, 1.0]]","{0: '', 1: 'A', 2: 'B'}",,2,after,"[True, True]","{'max': 21, 'min': 21, 'avg': 21.0, 'root': 12}","[-10, -10]","[89, 132]",sequential,chance,chance,"[1.0, 1.0]","[0.5, 1.0]","[0.5, 1.0]","[0.5, 1.0]","[0.625, 0.0]","[0.375, 0.0]",[[0]],[[1]],[[2]],"(0, 12)","(12, 21)","(12, 21)",{},{},{},"['A', 'B']",[],[],0,0,2,5,4,4,B,,,,,,,B,,,,,"{'rtype': 'select-node', 'rtimedn': 58.289, 'rtimeup': 58.289}",,,,,,,"{'rtype': 'select-node', 'rtimedn': 58.189, 'rtimeup': 58.189}",,,,
,,38,3,16,1733257610,BDG-359-3525,TREE-1.2-0.0-0.0,"['ac225116-14bc-429f-b2d5-8c4643505c01', 'dc7aa794-aaf0-4594-aa67-6466cf997e02']","['participant', 'participant']","['circle', 'hexagon']","['hsla(8, 54%, 64%, 1.0)', 'hsla(163, 93%, 42%, 1.0)']","[[1.0, 0.17784256559766765], [0.17784256559766765, 1.0]]","{0: '', 1: 'A', 2: 'B'}",,1,after,"[True, True]","{'max': 21, 'min': 21, 'avg': 21.0, 'root': 12}","[-10, -10]","[123, 137]",sequential,chance,chance,"[1.0, 1.0]","[0.5, 1.0]","[0.5, 1.0]","[0.5, 1.0]","[0.375, 0.0]","[0.625, 0.0]",[[0]],[[1]],[[2]],"(0, 12)","(12, 21)","(12, 21)",{},{},{},"['A', 'B']",[],[],0,0,3,5,2,5,A,,,,,,,A,,,,,"{'rtype': 'select-node', 'rtimedn': 58.188, 'rtimeup': 58.188}",,,,,,,"{'rtype': 'select-node', 'rtimedn': 58.243, 'rtimeup': 58.243}",,,,
,,38,4,16,1733257613,BDG-053-1314,TREE-1.2-0.0-0.0,"['4e6fbdd5-31f9-458d-8cc0-2e7ab78019e6', '10360ec1-5cca-472f-a34e-f1c438e70709']","['participant', 'participant']","['moon', 'cross']","['hsla(123, 55%, 48%, 1.0)', 'hsla(114, 90%, 64%, 1.0)']","[[1.0, 0.06778425655976676], [0.06778425655976676, 1.0]]","{0: '', 1: 'A', 2: 'B'}",,2,after,"[True, True]","{'max': 21, 'min': 21, 'avg': 21.0, 'root': 12}","[-10, -10]","[117, 87]",sequential,chance,chance,"[1.0, 1.0]","[0.5, 1.0]","[0.5, 1.0]","[0.5, 1.0]","[0.625, 0.0]","[0.375, 0.0]",[[0]],[[1]],[[2]],"(0, 12)","(12, 21)","(12, 21)",{},{},{},"['A', 'B']",[],[],0,0,1,3,1,4,B,,,,,,,B,,,,,"{'rtype': 'select-node', 'rtimedn': 58.519, 'rtimeup': 58.519}",,,,,,,"{'rtype': 'select-node', 'rtimedn': 58.518, 'rtimeup': 58.518}",,,,
,,38,5,16,1733257610,BDG-570-5351,TREE-1.2-0.0-0.0,"['a35a2a09-0e5b-4c89-b416-0180cdf67736', '44997a74-c08b-467a-b3c9-7492a6bde261']","['participant', 'participant']","['star-six', 'dent-square']","['hsla(351, 79%, 51%, 1.0)', 'hsla(114, 51%, 63%, 1.0)']","[[1.0, 0.04865160349854227], [0.04865160349854227, 1.0]]","{0: '', 1: 'A', 2: 'B'}",,2,after,"[True, True]","{'max': 21, 'min': 21, 'avg': 21.0, 'root': 12}","[-10, -10]","[142, 124]",sequential,chance,chance,"[1.0, 1.0]","[0.5, 1.0]","[0.5, 1.0]","[0.5, 1.0]","[0.375, 0.0]","[0.625, 0.0]",[[0]],[[1]],[[2]],"(0, 12)","(12, 21)","(12, 21)",{},{},{},"['A', 'B']",[],[],0,0,5,3,5,1,B,,,,,,,A,,,,,"{'rtype': 'select-node', 'rtimedn': 58.237, 'rtimeup': 58.237}",,,,,,,"{'rtype': 'select-node', 'rtimedn': 58.218, 'rtimeup': 58.218}",,,,
,,39,0,16,1733257623,BDG-373-3554,TREE-1.2-0.0-0.0,"['ac225116-14bc-429f-b2d5-8c4643505c01', '56064979-2a1e-4fcf-921e-09debb413eaa']","['participant', 'participant']","['circle', 'circle']","['hsla(8, 54%, 64%, 1.0)', 'hsla(79, 92%, 65%, 1.0)']","[[1.0, 0.03152332361516035], [0.03152332361516035, 1.0]]","{0: '', 1: 'A', 2: 'B'}",,2,after,"[True, True]","{'max': 21, 'min': 21, 'avg': 21.0, 'root': 12}","[-10, -10]","[123, 132]",sequential,chance,chance,"[1.0, 1.0]","[0.5, 1.0]","[0.5, 1.0]","[0.5, 1.0]","[0.625, 0.0]","[0.375, 0.0]",[[0]],[[1]],[[2]],"(0, 12)","(12, 21)","(12, 21)",{},{},{},"['A', 'B']",[],[],0,0,3,5,5,4,B,,,,,,,A,,,,,"{'rtype': 'select-node', 'rtimedn': 59.467, 'rtimeup': 59.467}",,,,,,,"{'rtype': 'select-node', 'rtimedn': 59.529, 'rtimeup': 59.529}",,,,
,,39,1,16,1733257626,BDG-259-3125,TREE-1.2-0.0-0.0,"['44997a74-c08b-467a-b3c9-7492a6bde261', '10360ec1-5cca-472f-a34e-f1c438e70709']","['participant', 'participant']","['dent-square', 'cross']","['hsla(114, 51%, 63%, 1.0)', 'hsla(114, 90%, 64%, 1.0)']","[[1.0, 0.15743440233236153], [0.15743440233236153, 1.0]]","{0: '', 1: 'A', 2: 'B'}",,1,after,"[True, True]","{'max': 21, 'min': 21, 'avg': 21.0, 'root': 12}","[-10, -10]","[124, 87]",sequential,chance,chance,"[1.0, 1.0]","[0.5, 1.0]","[0.5, 1.0]","[0.5, 1.0]","[0.625, 0.0]","[0.375, 0.0]",[[0]],[[1]],[[2]],"(0, 12)","(12, 21)","(12, 21)",{},{},{},"['A', 'B']",[],[],0,0,3,1,2,5,A,,,,,,,B,,,,,"{'rtype': 'select-node', 'rtimedn': 59.68, 'rtimeup': 59.68}",,,,,,,"{'rtype': 'select-node', 'rtimedn': 59.859, 'rtimeup': 59.859}",,,,
,,39,2,16,1733257628,BDG-316-3342,TREE-1.2-0.0-0.0,"['4e6fbdd5-31f9-458d-8cc0-2e7ab78019e6', 'b19d3db0-5631-4177-af52-32b44b4c6ee4']","['participant', 'participant']","['moon', 'cross']","['hsla(123, 55%, 48%, 1.0)', 'hsla(73, 80%, 59%, 1.0)']","[[1.0, 0.011297376093294462], [0.011297376093294462, 1.0]]","{0: '', 1: 'A', 2: 'B'}",,1,after,"[True, True]","{'max': 21, 'min': 21, 'avg': 21.0, 'root': 12}","[-10, -10]","[117, 89]",sequential,chance,chance,"[1.0, 1.0]","[0.5, 1.0]","[0.5, 1.0]","[0.5, 1.0]","[0.625, 0.0]","[0.375, 0.0]",[[0]],[[1]],[[2]],"(0, 12)","(12, 21)","(12, 21)",{},{},{},"['A', 'B']",[],[],0,0,3,3,4,2,A,,,,,,,A,,,,,"{'rtype': 'select-node', 'rtimedn': 59.701, 'rtimeup': 59.701}",,,,,,,"{'rtype': 'select-node', 'rtimedn': 60.112, 'rtimeup': 60.112}",,,,
,,39,3,16,1733257622,BDG-575-5411,TREE-1.2-0.0-0.0,"['dc7aa794-aaf0-4594-aa67-6466cf997e02', '6c7c7d0e-9b28-49a3-a8ae-a038288cb0a1']","['participant', 'participant']","['hexagon', 'dent-square']","['hsla(163, 93%, 42%, 1.0)', 'hsla(165, 54%, 40%, 1.0)']","[[1.0, 0.1716472303206997], [0.1716472303206997, 1.0]]","{0: '', 1: 'A', 2: 'B'}",,1,after,"[True, True]","{'max': 21, 'min': 21, 'avg': 21.0, 'root': 12}","[-10, -10]","[137, 125]",sequential,chance,chance,"[1.0, 1.0]","[0.5, 1.0]","[0.5, 1.0]","[0.5, 1.0]","[0.375, 0.0]","[0.625, 0.0]",[[0]],[[1]],[[2]],"(0, 12)","(12, 21)","(12, 21)",{},{},{},"['A', 'B']",[],[],0,0,5,4,1,1,A,,,,,,,A,,,,,"{'rtype': 'select-node', 'rtimedn': 59.416, 'rtimeup': 59.416}",,,,,,,"{'rtype': 'select-node', 'rtimedn': 59.46, 'rtimeup': 59.46}",,,,
,,39,4,16,1733257623,BDG-372-3553,TREE-1.2-0.0-0.0,"['af883de6-a408-47aa-88dd-be481eabbd68', 'a35a2a09-0e5b-4c89-b416-0180cdf67736']","['participant', 'participant']","['stop-sign', 'star-six']","['hsla(154, 54%, 56%, 1.0)', 'hsla(351, 79%, 51%, 1.0)']","[[1.0, 0.15743440233236153], [0.15743440233236153, 1.0]]","{0: '', 1: 'A', 2: 'B'}",,2,after,"[True, True]","{'max': 21, 'min': 21, 'avg': 21.0, 'root': 12}","[-10, -10]","[132, 142]",sequential,chance,chance,"[1.0, 1.0]","[0.5, 1.0]","[0.5, 1.0]","[0.5, 1.0]","[0.625, 0.0]","[0.375, 0.0]",[[0]],[[1]],[[2]],"(0, 12)","(12, 21)","(12, 21)",{},{},{},"['A', 'B']",[],[],0,0,3,5,5,3,B,,,,,,,B,,,,,"{'rtype': 'select-node', 'rtimedn': 59.402, 'rtimeup': 59.402}",,,,,,,"{'rtype': 'select-node', 'rtimedn': 59.535, 'rtimeup': 59.535}",,,,
,,39,5,16,1733257624,BDG-598-5454,TREE-1.2-0.0-0.0,"['bf1ced06-3c98-481a-b525-b0ff789e92c2', 'eede0c44-416a-4587-96b5-ce08abfb5509']","['participant', 'participant']","['stop-sign', 'flower']","['hsla(77, 55%, 64%, 1.0)', 'hsla(140, 57%, 43%, 1.0)']","[[1.0, 0.09894314868804664], [0.09894314868804664, 1.0]]","{0: '', 1: 'A', 2: 'B'}",,2,after,"[True, True]","{'max': 21, 'min': 21, 'avg': 21.0, 'root': 12}","[-10, -10]","[123, 123]",sequential,chance,chance,"[1.0, 1.0]","[0.5, 1.0]","[0.5, 1.0]","[0.5, 1.0]","[0.625, 0.0]","[0.375, 0.0]",[[0]],[[1]],[[2]],"(0, 12)","(12, 21)","(12, 21)",{},{},{},"['A', 'B']",[],[],0,0,5,4,5,4,B,,,,,,,A,,,,,"{'rtype': 'select-node', 'rtimedn': 59.54, 'rtimeup': 59.54}",,,,,,,"{'rtype': 'select-node', 'rtimedn': 58.893, 'rtimeup': 58.893}",,,,
