experiment_setting_keys,experiment_setting_values,round,room,batch,timestamp,title,tree_tag,player_uuids,player_types,avatar_shapes,avatar_colors,adjacency_matrix,idnum_label_map,perspective_of_player,final_node,tree_status,players_abdicated,durations,cumulative_payoffs_tree,cumulative_payoffs_experiment,choice_type_,choice_type_A,choice_type_B,probability_,probability_A,probability_B,positionxy_,positionxy_A,positionxy_B,info_set_,info_set_A,info_set_B,time_,time_A,time_B,beliefs_,beliefs_A,beliefs_B,options_,options_A,options_B,payoffs__p0,payoffs__p1,payoffs_A_p0,payoffs_A_p1,payoffs_B_p0,payoffs_B_p1,choice__p0,choice__p1,choice_A_p0,choice_A_p1,choice_B_p0,choice_B_p1,prediction__p0,prediction__p1,prediction_A_p0,prediction_A_p1,prediction_B_p0,prediction_B_p1,choice_data__p0,choice_data__p1,choice_data_A_p0,choice_data_A_p1,choice_data_B_p0,choice_data_B_p1,prediction_data__p0,prediction_data__p1,prediction_data_A_p0,prediction_data_A_p1,prediction_data_B_p0,prediction_data_B_p1
rounds,"{'apply': True, 'distribution_type': 'sigmoid', 'interval': [0, 200], 'coefficients': [1, 40]}",0,0,34,1733362261,BDG-440-4341,TREE-1.2-0.0-0.0,"['bbbae001-3deb-4cbd-bbf8-7bd5418ef05c', '76580d50-ff14-4de9-9ed1-c2783f23e0e6']","['participant', 'participant']","['stop-sign', 'hour-glass']","['hsla(185, 84%, 64%, 1.0)', 'hsla(17, 54%, 38%, 1.0)']","[[1.0, 0.18243243243243246], [0.18243243243243246, 1.0]]","{0: '', 1: 'A', 2: 'B'}",,1,after,"[False, False]","{'max': 21, 'min': 21, 'avg': 21.0, 'root': 12}","[0, 0]","[106, 123]",sequential,chance,chance,"[1.0, 1.0]","[0.5, 1.0]","[0.5, 1.0]","[0.5, 1.0]","[0.375, 0.0]","[0.625, 0.0]",[[0]],[[1]],[[2]],"(0, 12)","(12, 21)","(12, 21)",{},{},{},"['A', 'B']",[],[],0,0,4,3,4,1,A,,,,,,,A,,,,,"{'rtype': 'select-node', 'rtimedn': 7.061, 'rtimeup': 7.061}",,,,,,,"{'rtype': 'select-node', 'rtimedn': 7.491, 'rtimeup': 7.491}",,,,
time_horizon,"{'apply': True, 'interval': [0, 1], 'distribution_type': 'linear', 'coefficients': [0, 1]}",0,1,34,1733362259,BDG-485-4531,TREE-1.2-0.0-0.0,"['7de4ef96-172a-4085-b149-88c19285b153', '72e39ba0-5883-4127-9a92-751fa5bdeb21']","['participant', 'participant']","['round-square', 'pentagon']","['hsla(29, 82%, 51%, 1.0)', 'hsla(69, 84%, 47%, 1.0)']","[[1.0, 0.18243243243243246], [0.18243243243243246, 1.0]]","{0: '', 1: 'A', 2: 'B'}",,1,after,"[False, False]","{'max': 21, 'min': 21, 'avg': 21.0, 'root': 12}","[0, 0]","[139, 143]",sequential,chance,chance,"[1.0, 1.0]","[0.5, 1.0]","[0.5, 1.0]","[0.5, 1.0]","[0.625, 0.0]","[0.375, 0.0]",[[0]],[[1]],[[2]],"(0, 12)","(12, 21)","(12, 21)",{},{},{},"['A', 'B']",[],[],0,0,4,5,3,1,A,,,,,,,A,,,,,"{'rtype': 'select-node', 'rtimedn': 5.158, 'rtimeup': 5.158}",,,,,,,"{'rtype': 'select-node', 'rtimedn': 7.404, 'rtimeup': 7.404}",,,,
payoff_dimensions,"{'SSD': {'apply': True, 'distribution_type': 'uniform', 'interval': [0, 1], 'coefficients': [1, 1]}, 'OOD': {'apply': True, 'distribution_type': 'uniform', 'interval': [0, 1], 'coefficients': [1, 1]}, 'SOD': {'apply': True, 'distribution_type': 'uniform', 'interval': [0, 1], 'coefficients': [1, 1]}, 'abdication_penalty': 10, 'payoff_values': [1, 9], 'cents_per_payoff': 0}",0,2,34,1733362260,BDG-336-3432,TREE-1.2-0.0-0.0,"['21b845c3-a442-4b4c-93cb-0a0ba2341d7c', '8248f477-cfc2-4ef4-99c5-11826574317e']","['robot', 'participant']","['cross', 'moon']","['hsla(331, 72%, 38%, 1.0)', 'hsla(124, 52%, 49%, 1.0)']","[[1.0, 0.18243243243243246], [0.18243243243243246, 1.0]]","{0: '', 1: 'A', 2: 'B'}",,1,after,"[False, False]","{'max': 21, 'min': 21, 'avg': 21.0, 'root': 12}","[0, 0]","[143, 135]",sequential,chance,chance,"[1.0, 1.0]","[0.5, 1.0]","[0.5, 1.0]","[0.5, 1.0]","[0.625, 0.0]","[0.375, 0.0]",[[0]],[[1]],[[2]],"(0, 12)","(12, 21)","(12, 21)",{},{},{},"['A', 'B']",[],[],0,0,3,4,3,2,A,,,,,,,A,,,,,"{'rtype': 'a', 'rtimedn': 4.429, 'rtimeup': 6.053}",,,,,,,"{'rtype': 'select-node', 'rtimedn': 7.445, 'rtimeup': 7.445}",,,,
players,"{'n_humans': 6, 'n_robots': 2, 'can_join_late': False, 'proportion_over_number': True, 'start_when_enough_humans': True, 'exclude_researchers': False}",0,3,34,1733362266,BDG-421-4252,TREE-1.2-0.0-0.0,"['ba89ee93-22db-46a7-843b-82800ff2fce2', 'a7129ad1-6672-400a-ac03-bb3bf99deb5c']","['participant', 'robot']","['two-triangle', 'stop-sign']","['hsla(321, 65%, 53%, 1.0)', 'hsla(153, 85%, 54%, 1.0)']","[[1.0, 0.18243243243243246], [0.18243243243243246, 1.0]]","{0: '', 1: 'A', 2: 'B'}",,1,after,"[False, False]","{'max': 21, 'min': 21, 'avg': 21.0, 'root': 12}","[0, 0]","[118, 120]",sequential,chance,chance,"[1.0, 1.0]","[0.5, 1.0]","[0.5, 1.0]","[0.5, 1.0]","[0.375, 0.0]","[0.625, 0.0]",[[0]],[[1]],[[2]],"(0, 12)","(12, 21)","(12, 21)",{},{},{},"['A', 'B']",[],[],0,0,4,2,5,2,A,,,,,,,B,,,,,"{'rtype': 'select-node', 'rtimedn': 7.164, 'rtimeup': 7.164}",,,,,,,"{'rtype': 'a', 'rtimedn': 8.188, 'rtimeup': 9.116}",,,,
game_speed,"{'seconds_per_node': 9, 'seconds_per_descendant': 1, 'buffer_between_levels': 0}",1,0,34,1733362275,BDG-492-4543,TREE-1.2-0.0-0.0,"['a7129ad1-6672-400a-ac03-bb3bf99deb5c', 'bbbae001-3deb-4cbd-bbf8-7bd5418ef05c']","['robot', 'participant']","['stop-sign', 'stop-sign']","['hsla(153, 85%, 54%, 1.0)', 'hsla(185, 84%, 64%, 1.0)']","[[1.0, 0.21235521235521237], [0.21235521235521237, 1.0]]","{0: '', 1: 'A', 2: 'B'}",,2,after,"[False, False]","{'max': 21, 'min': 21, 'avg': 21.0, 'root': 12}","[0, 0]","[120, 106]",sequential,chance,chance,"[1.0, 1.0]","[0.5, 1.0]","[0.5, 1.0]","[0.5, 1.0]","[0.625, 0.0]","[0.375, 0.0]",[[0]],[[1]],[[2]],"(0, 12)","(12, 21)","(12, 21)",{},{},{},"['A', 'B']",[],[],0,0,4,5,4,3,B,,,,,,,A,,,,,"{'rtype': 'a', 'rtimedn': 1.411, 'rtimeup': 1.466}",,,,,,,"{'rtype': 'select-node', 'rtimedn': 8.739, 'rtimeup': 8.739}",,,,
game_trees,"{'preselected': True, 'trees_list': ['BDG-000-1111', 'BDG-001-1112', 'BDG-002-1113', 'BDG-003-1114', 'BDG-004-1115', 'BDG-005-1121', 'BDG-006-1122', 'BDG-007-1123', 'BDG-008-1124', 'BDG-009-1125', 'BDG-010-1131', 'BDG-011-1132', 'BDG-012-1133', 'BDG-013-1134', 'BDG-014-1135', 'BDG-015-1141', 'BDG-016-1142', 'BDG-017-1143', 'BDG-018-1144', 'BDG-019-1145', 'BDG-020-1151', 'BDG-021-1152', 'BDG-022-1153', 'BDG-023-1154', 'BDG-024-1155', 'BDG-025-1211', 'BDG-026-1212', 'BDG-027-1213', 'BDG-028-1214', 'BDG-029-1215', 'BDG-030-1221', 'BDG-031-1222', 'BDG-032-1223', 'BDG-033-1224', 'BDG-034-1225', 'BDG-035-1231', 'BDG-036-1232', 'BDG-037-1233', 'BDG-038-1234', 'BDG-039-1235', 'BDG-040-1241', 'BDG-041-1242', 'BDG-042-1243', 'BDG-043-1244', 'BDG-044-1245', 'BDG-045-1251', 'BDG-046-1252', 'BDG-047-1253', 'BDG-048-1254', 'BDG-049-1255', 'BDG-050-1311', 'BDG-051-1312', 'BDG-052-1313', 'BDG-053-1314', 'BDG-054-1315', 'BDG-055-1321', 'BDG-056-1322', 'BDG-057-1323', 'BDG-058-1324', 'BDG-059-1325', 'BDG-060-1331', 'BDG-061-1332', 'BDG-062-1333', 'BDG-063-1334', 'BDG-064-1335', 'BDG-065-1341', 'BDG-066-1342', 'BDG-067-1343', 'BDG-068-1344', 'BDG-069-1345', 'BDG-070-1351', 'BDG-071-1352', 'BDG-072-1353', 'BDG-073-1354', 'BDG-074-1355', 'BDG-075-1411', 'BDG-076-1412', 'BDG-077-1413', 'BDG-078-1414', 'BDG-079-1415', 'BDG-080-1421', 'BDG-081-1422', 'BDG-082-1423', 'BDG-083-1424', 'BDG-084-1425', 'BDG-085-1431', 'BDG-086-1432', 'BDG-087-1433', 'BDG-088-1434', 'BDG-089-1435', 'BDG-090-1441', 'BDG-091-1442', 'BDG-092-1443', 'BDG-093-1444', 'BDG-094-1445', 'BDG-095-1451', 'BDG-096-1452', 'BDG-097-1453', 'BDG-098-1454', 'BDG-099-1455', 'BDG-100-1511', 'BDG-101-1512', 'BDG-102-1513', 'BDG-103-1514', 'BDG-104-1515', 'BDG-105-1521', 'BDG-106-1522', 'BDG-107-1523', 'BDG-108-1524', 'BDG-109-1525', 'BDG-110-1531', 'BDG-111-1532', 'BDG-112-1533', 'BDG-113-1534', 'BDG-114-1535', 'BDG-115-1541', 'BDG-116-1542', 'BDG-117-1543', 'BDG-118-1544', 'BDG-119-1545', 'BDG-120-1551', 'BDG-121-1552', 'BDG-122-1553', 'BDG-123-1554', 'BDG-124-1555', 'BDG-125-2111', 'BDG-126-2112', 'BDG-127-2113', 'BDG-128-2114', 'BDG-129-2115', 'BDG-130-2121', 'BDG-131-2122', 'BDG-132-2123', 'BDG-133-2124', 'BDG-134-2125', 'BDG-135-2131', 'BDG-136-2132', 'BDG-137-2133', 'BDG-138-2134', 'BDG-139-2135', 'BDG-140-2141', 'BDG-141-2142', 'BDG-142-2143', 'BDG-143-2144', 'BDG-144-2145', 'BDG-145-2151', 'BDG-146-2152', 'BDG-147-2153', 'BDG-148-2154', 'BDG-149-2155', 'BDG-150-2211', 'BDG-151-2212', 'BDG-152-2213', 'BDG-153-2214', 'BDG-154-2215', 'BDG-155-2221', 'BDG-156-2222', 'BDG-157-2223', 'BDG-158-2224', 'BDG-159-2225', 'BDG-160-2231', 'BDG-161-2232', 'BDG-162-2233', 'BDG-163-2234', 'BDG-164-2235', 'BDG-165-2241', 'BDG-166-2242', 'BDG-167-2243', 'BDG-168-2244', 'BDG-169-2245', 'BDG-170-2251', 'BDG-171-2252', 'BDG-172-2253', 'BDG-173-2254', 'BDG-174-2255', 'BDG-175-2311', 'BDG-176-2312', 'BDG-177-2313', 'BDG-178-2314', 'BDG-179-2315', 'BDG-180-2321', 'BDG-181-2322', 'BDG-182-2323', 'BDG-183-2324', 'BDG-184-2325', 'BDG-185-2331', 'BDG-186-2332', 'BDG-187-2333', 'BDG-188-2334', 'BDG-189-2335', 'BDG-190-2341', 'BDG-191-2342', 'BDG-192-2343', 'BDG-193-2344', 'BDG-194-2345', 'BDG-195-2351', 'BDG-196-2352', 'BDG-197-2353', 'BDG-198-2354', 'BDG-199-2355', 'BDG-200-2411', 'BDG-201-2412', 'BDG-202-2413', 'BDG-203-2414', 'BDG-204-2415', 'BDG-205-2421', 'BDG-206-2422', 'BDG-207-2423', 'BDG-208-2424', 'BDG-209-2425', 'BDG-210-2431', 'BDG-211-2432', 'BDG-212-2433', 'BDG-213-2434', 'BDG-214-2435', 'BDG-215-2441', 'BDG-216-2442', 'BDG-217-2443', 'BDG-218-2444', 'BDG-219-2445', 'BDG-220-2451', 'BDG-221-2452', 'BDG-222-2453', 'BDG-223-2454', 'BDG-224-2455', 'BDG-225-2511', 'BDG-226-2512', 'BDG-227-2513', 'BDG-228-2514', 'BDG-229-2515', 'BDG-230-2521', 'BDG-231-2522', 'BDG-232-2523', 'BDG-233-2524', 'BDG-234-2525', 'BDG-235-2531', 'BDG-236-2532', 'BDG-237-2533', 'BDG-238-2534', 'BDG-239-2535', 'BDG-240-2541', 'BDG-241-2542', 'BDG-242-2543', 'BDG-243-2544', 'BDG-244-2545', 'BDG-245-2551', 'BDG-246-2552', 'BDG-247-2553', 'BDG-248-2554', 'BDG-249-2555', 'BDG-250-3111', 'BDG-251-3112', 'BDG-252-3113', 'BDG-253-3114', 'BDG-254-3115', 'BDG-255-3121', 'BDG-256-3122', 'BDG-257-3123', 'BDG-258-3124', 'BDG-259-3125', 'BDG-260-3131', 'BDG-261-3132', 'BDG-262-3133', 'BDG-263-3134', 'BDG-264-3135', 'BDG-265-3141', 'BDG-266-3142', 'BDG-267-3143', 'BDG-268-3144', 'BDG-269-3145', 'BDG-270-3151', 'BDG-271-3152', 'BDG-272-3153', 'BDG-273-3154', 'BDG-274-3155', 'BDG-275-3211', 'BDG-276-3212', 'BDG-277-3213', 'BDG-278-3214', 'BDG-279-3215', 'BDG-280-3221', 'BDG-281-3222', 'BDG-282-3223', 'BDG-283-3224', 'BDG-284-3225', 'BDG-285-3231', 'BDG-286-3232', 'BDG-287-3233', 'BDG-288-3234', 'BDG-289-3235', 'BDG-290-3241', 'BDG-291-3242', 'BDG-292-3243', 'BDG-293-3244', 'BDG-294-3245', 'BDG-295-3251', 'BDG-296-3252', 'BDG-297-3253', 'BDG-298-3254', 'BDG-299-3255', 'BDG-300-3311', 'BDG-301-3312', 'BDG-302-3313', 'BDG-303-3314', 'BDG-304-3315', 'BDG-305-3321', 'BDG-306-3322', 'BDG-307-3323', 'BDG-308-3324', 'BDG-309-3325', 'BDG-310-3331', 'BDG-311-3332', 'BDG-312-3333', 'BDG-313-3334', 'BDG-314-3335', 'BDG-315-3341', 'BDG-316-3342', 'BDG-317-3343', 'BDG-318-3344', 'BDG-319-3345', 'BDG-320-3351', 'BDG-321-3352', 'BDG-322-3353', 'BDG-323-3354', 'BDG-324-3355', 'BDG-325-3411', 'BDG-326-3412', 'BDG-327-3413', 'BDG-328-3414', 'BDG-329-3415', 'BDG-330-3421', 'BDG-331-3422', 'BDG-332-3423', 'BDG-333-3424', 'BDG-334-3425', 'BDG-335-3431', 'BDG-336-3432', 'BDG-337-3433', 'BDG-338-3434', 'BDG-339-3435', 'BDG-340-3441', 'BDG-341-3442', 'BDG-342-3443', 'BDG-343-3444', 'BDG-344-3445', 'BDG-345-3451', 'BDG-346-3452', 'BDG-347-3453', 'BDG-348-3454', 'BDG-349-3455', 'BDG-350-3511', 'BDG-351-3512', 'BDG-352-3513', 'BDG-353-3514', 'BDG-354-3515', 'BDG-355-3521', 'BDG-356-3522', 'BDG-357-3523', 'BDG-358-3524', 'BDG-359-3525', 'BDG-360-3531', 'BDG-361-3532', 'BDG-362-3533', 'BDG-363-3534', 'BDG-364-3535', 'BDG-365-3541', 'BDG-366-3542', 'BDG-367-3543', 'BDG-368-3544', 'BDG-369-3545', 'BDG-370-3551', 'BDG-371-3552', 'BDG-372-3553', 'BDG-373-3554', 'BDG-374-3555', 'BDG-375-4111', 'BDG-376-4112', 'BDG-377-4113', 'BDG-378-4114', 'BDG-379-4115', 'BDG-380-4121', 'BDG-381-4122', 'BDG-382-4123', 'BDG-383-4124', 'BDG-384-4125', 'BDG-385-4131', 'BDG-386-4132', 'BDG-387-4133', 'BDG-388-4134', 'BDG-389-4135', 'BDG-390-4141', 'BDG-391-4142', 'BDG-392-4143', 'BDG-393-4144', 'BDG-394-4145', 'BDG-395-4151', 'BDG-396-4152', 'BDG-397-4153', 'BDG-398-4154', 'BDG-399-4155', 'BDG-400-4211', 'BDG-401-4212', 'BDG-402-4213', 'BDG-403-4214', 'BDG-404-4215', 'BDG-405-4221', 'BDG-406-4222', 'BDG-407-4223', 'BDG-408-4224', 'BDG-409-4225', 'BDG-410-4231', 'BDG-411-4232', 'BDG-412-4233', 'BDG-413-4234', 'BDG-414-4235', 'BDG-415-4241', 'BDG-416-4242', 'BDG-417-4243', 'BDG-418-4244', 'BDG-419-4245', 'BDG-420-4251', 'BDG-421-4252', 'BDG-422-4253', 'BDG-423-4254', 'BDG-424-4255', 'BDG-425-4311', 'BDG-426-4312', 'BDG-427-4313', 'BDG-428-4314', 'BDG-429-4315', 'BDG-430-4321', 'BDG-431-4322', 'BDG-432-4323', 'BDG-433-4324', 'BDG-434-4325', 'BDG-435-4331', 'BDG-436-4332', 'BDG-437-4333', 'BDG-438-4334', 'BDG-439-4335', 'BDG-440-4341', 'BDG-441-4342', 'BDG-442-4343', 'BDG-443-4344', 'BDG-444-4345', 'BDG-445-4351', 'BDG-446-4352', 'BDG-447-4353', 'BDG-448-4354', 'BDG-449-4355', 'BDG-450-4411', 'BDG-451-4412', 'BDG-452-4413', 'BDG-453-4414', 'BDG-454-4415', 'BDG-455-4421', 'BDG-456-4422', 'BDG-457-4423', 'BDG-458-4424', 'BDG-459-4425', 'BDG-460-4431', 'BDG-461-4432', 'BDG-462-4433', 'BDG-463-4434', 'BDG-464-4435', 'BDG-465-4441', 'BDG-466-4442', 'BDG-467-4443', 'BDG-468-4444', 'BDG-469-4445', 'BDG-470-4451', 'BDG-471-4452', 'BDG-472-4453', 'BDG-473-4454', 'BDG-474-4455', 'BDG-475-4511', 'BDG-476-4512', 'BDG-477-4513', 'BDG-478-4514', 'BDG-479-4515', 'BDG-480-4521', 'BDG-481-4522', 'BDG-482-4523', 'BDG-483-4524', 'BDG-484-4525', 'BDG-485-4531', 'BDG-486-4532', 'BDG-487-4533', 'BDG-488-4534', 'BDG-489-4535', 'BDG-490-4541', 'BDG-491-4542', 'BDG-492-4543', 'BDG-493-4544', 'BDG-494-4545', 'BDG-495-4551', 'BDG-496-4552', 'BDG-497-4553', 'BDG-498-4554', 'BDG-499-4555', 'BDG-500-5111', 'BDG-501-5112', 'BDG-502-5113', 'BDG-503-5114', 'BDG-504-5115', 'BDG-505-5121', 'BDG-506-5122', 'BDG-507-5123', 'BDG-508-5124', 'BDG-509-5125', 'BDG-510-5131', 'BDG-511-5132', 'BDG-512-5133', 'BDG-513-5134', 'BDG-514-5135', 'BDG-515-5141', 'BDG-516-5142', 'BDG-517-5143', 'BDG-518-5144', 'BDG-519-5145', 'BDG-520-5151', 'BDG-521-5152', 'BDG-522-5153', 'BDG-523-5154', 'BDG-524-5155', 'BDG-525-5211', 'BDG-526-5212', 'BDG-527-5213', 'BDG-528-5214', 'BDG-529-5215', 'BDG-530-5221', 'BDG-531-5222', 'BDG-532-5223', 'BDG-533-5224', 'BDG-534-5225', 'BDG-535-5231', 'BDG-536-5232', 'BDG-537-5233', 'BDG-538-5234', 'BDG-539-5235', 'BDG-540-5241', 'BDG-541-5242', 'BDG-542-5243', 'BDG-543-5244', 'BDG-544-5245', 'BDG-545-5251', 'BDG-546-5252', 'BDG-547-5253', 'BDG-548-5254', 'BDG-549-5255', 'BDG-550-5311', 'BDG-551-5312', 'BDG-552-5313', 'BDG-553-5314', 'BDG-554-5315', 'BDG-555-5321', 'BDG-556-5322', 'BDG-557-5323', 'BDG-558-5324', 'BDG-559-5325', 'BDG-560-5331', 'BDG-561-5332', 'BDG-562-5333', 'BDG-563-5334', 'BDG-564-5335', 'BDG-565-5341', 'BDG-566-5342', 'BDG-567-5343', 'BDG-568-5344', 'BDG-569-5345', 'BDG-570-5351', 'BDG-571-5352', 'BDG-572-5353', 'BDG-573-5354', 'BDG-574-5355', 'BDG-575-5411', 'BDG-576-5412', 'BDG-577-5413', 'BDG-578-5414', 'BDG-579-5415', 'BDG-580-5421', 'BDG-581-5422', 'BDG-582-5423', 'BDG-583-5424', 'BDG-584-5425', 'BDG-585-5431', 'BDG-586-5432', 'BDG-587-5433', 'BDG-588-5434', 'BDG-589-5435', 'BDG-590-5441', 'BDG-591-5442', 'BDG-592-5443', 'BDG-593-5444', 'BDG-594-5445', 'BDG-595-5451', 'BDG-596-5452', 'BDG-597-5453', 'BDG-598-5454', 'BDG-599-5455', 'BDG-600-5511', 'BDG-601-5512', 'BDG-602-5513', 'BDG-603-5514', 'BDG-604-5515', 'BDG-605-5521', 'BDG-606-5522', 'BDG-607-5523', 'BDG-608-5524', 'BDG-609-5525', 'BDG-610-5531', 'BDG-611-5532', 'BDG-612-5533', 'BDG-613-5534', 'BDG-614-5535', 'BDG-615-5541', 'BDG-616-5542', 'BDG-617-5543', 'BDG-618-5544', 'BDG-619-5545', 'BDG-620-5551', 'BDG-621-5552', 'BDG-622-5553', 'BDG-623-5554', 'BDG-624-5555']}",1,1,34,1733362277,BDG-096-1452,TREE-1.2-0.0-0.0,"['8248f477-cfc2-4ef4-99c5-11826574317e', 'ba89ee93-22db-46a7-843b-82800ff2fce2']","['participant', 'participant']","['moon', 'two-triangle']","['hsla(124, 52%, 49%, 1.0)', 'hsla(321, 65%, 53%, 1.0)']","[[1.0, 0.21235521235521237], [0.21235521235521237, 1.0]]","{0: '', 1: 'A', 2: 'B'}",,2,after,"[False, False]","{'max': 21, 'min': 21, 'avg': 21.0, 'root': 12}","[0, 0]","[135, 118]",sequential,chance,chance,"[1.0, 1.0]","[0.5, 1.0]","[0.5, 1.0]","[0.5, 1.0]","[0.625, 0.0]","[0.375, 0.0]",[[0]],[[1]],[[2]],"(0, 12)","(12, 21)","(12, 21)",{},{},{},"['A', 'B']",[],[],0,0,1,4,5,2,B,,,,,,,B,,,,,"{'rtype': 'select-node', 'rtimedn': 9.148, 'rtimeup': 9.148}",,,,,,,"{'rtype': 'select-node', 'rtimedn': 7.843, 'rtimeup': 7.843}",,,,
group_size,"{'distribution': [0, 1, 0, 0], 'apply': True}",1,2,34,1733362276,BDG-286-3232,TREE-1.2-0.0-0.0,"['72e39ba0-5883-4127-9a92-751fa5bdeb21', '76580d50-ff14-4de9-9ed1-c2783f23e0e6']","['participant', 'participant']","['pentagon', 'hour-glass']","['hsla(69, 84%, 47%, 1.0)', 'hsla(17, 54%, 38%, 1.0)']","[[1.0, 0.21235521235521237], [0.21235521235521237, 1.0]]","{0: '', 1: 'A', 2: 'B'}",,1,after,"[False, False]","{'max': 21, 'min': 21, 'avg': 21.0, 'root': 12}","[0, 0]","[143, 123]",sequential,chance,chance,"[1.0, 1.0]","[0.5, 1.0]","[0.5, 1.0]","[0.5, 1.0]","[0.375, 0.0]","[0.625, 0.0]",[[0]],[[1]],[[2]],"(0, 12)","(12, 21)","(12, 21)",{},{},{},"['A', 'B']",[],[],0,0,3,2,3,2,A,,,,,,,A,,,,,"{'rtype': 'select-node', 'rtimedn': 8.772, 'rtimeup': 8.772}",,,,,,,"{'rtype': 'select-node', 'rtimedn': 9.039, 'rtimeup': 9.039}",,,,
robots,"{'self_value': {'apply': True, 'distribution_type': 'point', 'interval': [1, 1], 'coefficients': [1, 1]}, 'other_value': {'apply': True, 'distribution_type': 'point', 'interval': [0, 0], 'coefficients': [0, 1]}, 'normal_envy': {'apply': True, 'distribution_type': 'point', 'interval': [0, 0], 'coefficients': [0, 1]}, 'reverse_envy': {'apply': True, 'distribution_type': 'point', 'interval': [0, 0], 'coefficients': [0, 1]}, 'risk_preference': {'apply': True, 'distribution_type': 'point', 'interval': [0, 0], 'coefficients': [0, 1]}, 'loss_preference': {'apply': True, 'distribution_type': 'point', 'interval': [0, 0], 'coefficients': [0, 1]}, 'reasoning_depth': {'apply': True, 'distribution_type': 'point', 'interval': [3, 3], 'coefficients': [3, 1]}, 'time_discount': {'apply': True, 'distribution_type': 'point', 'interval': [0, 0], 'coefficients': [0, 1]}, 'reaction_time': {'apply': True, 'distribution_type': 'uniform', 'interval': [0, 1], 'coefficients': [1, 1]}}",1,3,34,1733362273,BDG-555-5321,TREE-1.2-0.0-0.0,"['7de4ef96-172a-4085-b149-88c19285b153', '21b845c3-a442-4b4c-93cb-0a0ba2341d7c']","['participant', 'robot']","['round-square', 'cross']","['hsla(29, 82%, 51%, 1.0)', 'hsla(331, 72%, 38%, 1.0)']","[[1.0, 0.21235521235521237], [0.21235521235521237, 1.0]]","{0: '', 1: 'A', 2: 'B'}",,1,after,"[False, False]","{'max': 21, 'min': 21, 'avg': 21.0, 'root': 12}","[0, 0]","[139, 143]",sequential,chance,chance,"[1.0, 1.0]","[0.5, 1.0]","[0.5, 1.0]","[0.5, 1.0]","[0.375, 0.0]","[0.625, 0.0]",[[0]],[[1]],[[2]],"(0, 12)","(12, 21)","(12, 21)",{},{},{},"['A', 'B']",[],[],0,0,5,3,2,1,A,,,,,,,A,,,,,"{'rtype': 'select-node', 'rtimedn': 6.694, 'rtimeup': 6.694}",,,,,,,"{'rtype': 'd', 'rtimedn': 4.99, 'rtimeup': 5.142}",,,,
truthfulness,"{'apply': True, 'distribution_type': 'uniform', 'interval': [0, 1], 'coefficients': [1, 1]}",2,0,34,1733362292,BDG-412-4233,TREE-1.2-0.0-0.0,"['76580d50-ff14-4de9-9ed1-c2783f23e0e6', '72e39ba0-5883-4127-9a92-751fa5bdeb21']","['participant', 'participant']","['hour-glass', 'pentagon']","['hsla(17, 54%, 38%, 1.0)', 'hsla(69, 84%, 47%, 1.0)']","[[1.0, 0.21235521235521237], [0.21235521235521237, 1.0]]","{0: '', 1: 'A', 2: 'B'}",,2,after,"[True, False]","{'max': 21, 'min': 21, 'avg': 21.0, 'root': 12}","[-10, 0]","[123, 143]",sequential,chance,chance,"[1.0, 1.0]","[0.5, 1.0]","[0.5, 1.0]","[0.5, 1.0]","[0.625, 0.0]","[0.375, 0.0]",[[0]],[[1]],[[2]],"(0, 12)","(12, 21)","(12, 21)",{},{},{},"['A', 'B']",[],[],0,0,4,2,3,3,B,,,,,,,B,,,,,"{'rtype': None, 'rtimedn': 13, 'rtimeup': 13}",,,,,,,"{'rtype': 'select-node', 'rtimedn': 10.025, 'rtimeup': 10.025}",,,,
complexity,"{'apply': True, 'distribution_type': 'uniform', 'interval': [0, 1], 'coefficients': [1, 1]}",2,1,34,1733362289,BDG-547-5253,TREE-1.2-0.0-0.0,"['8248f477-cfc2-4ef4-99c5-11826574317e', 'ba89ee93-22db-46a7-843b-82800ff2fce2']","['participant', 'participant']","['moon', 'two-triangle']","['hsla(124, 52%, 49%, 1.0)', 'hsla(321, 65%, 53%, 1.0)']","[[1.0, 0.21235521235521237], [0.21235521235521237, 1.0]]","{0: '', 1: 'A', 2: 'B'}",,2,after,"[False, False]","{'max': 21, 'min': 21, 'avg': 21.0, 'root': 12}","[0, 0]","[135, 118]",sequential,chance,chance,"[1.0, 1.0]","[0.5, 1.0]","[0.5, 1.0]","[0.5, 1.0]","[0.375, 0.0]","[0.625, 0.0]",[[0]],[[1]],[[2]],"(0, 12)","(12, 21)","(12, 21)",{},{},{},"['A', 'B']",[],[],0,0,5,2,5,3,B,,,,,,,B,,,,,"{'rtype': 'select-node', 'rtimedn': 9.969, 'rtimeup': 9.969}",,,,,,,"{'rtype': 'select-node', 'rtimedn': 9.443, 'rtimeup': 9.443}",,,,
agency,"{'apply': True, 'distribution_type': 'uniform', 'interval': [0, 1], 'coefficients': [1, 1]}",2,2,34,1733362286,BDG-193-2344,TREE-1.2-0.0-0.0,"['21b845c3-a442-4b4c-93cb-0a0ba2341d7c', '7de4ef96-172a-4085-b149-88c19285b153']","['robot', 'participant']","['cross', 'round-square']","['hsla(331, 72%, 38%, 1.0)', 'hsla(29, 82%, 51%, 1.0)']","[[1.0, 0.21235521235521237], [0.21235521235521237, 1.0]]","{0: '', 1: 'A', 2: 'B'}",,2,after,"[False, False]","{'max': 21, 'min': 21, 'avg': 21.0, 'root': 12}","[0, 0]","[143, 139]",sequential,chance,chance,"[1.0, 1.0]","[0.5, 1.0]","[0.5, 1.0]","[0.5, 1.0]","[0.375, 0.0]","[0.625, 0.0]",[[0]],[[1]],[[2]],"(0, 12)","(12, 21)","(12, 21)",{},{},{},"['A', 'B']",[],[],0,0,2,3,4,4,B,,,,,,,B,,,,,"{'rtype': 'a', 'rtimedn': 6.228, 'rtimeup': 7.771}",,,,,,,"{'rtype': 'select-node', 'rtimedn': 8.003, 'rtimeup': 8.003}",,,,
base_url,https://yourschool.sona-systems.com/webstudy_credit.aspx,2,3,34,1733362292,BDG-049-1255,TREE-1.2-0.0-0.0,"['a7129ad1-6672-400a-ac03-bb3bf99deb5c', 'bbbae001-3deb-4cbd-bbf8-7bd5418ef05c']","['robot', 'participant']","['stop-sign', 'stop-sign']","['hsla(153, 85%, 54%, 1.0)', 'hsla(185, 84%, 64%, 1.0)']","[[1.0, 0.21235521235521237], [0.21235521235521237, 1.0]]","{0: '', 1: 'A', 2: 'B'}",,1,after,"[False, True]","{'max': 21, 'min': 21, 'avg': 21.0, 'root': 12}","[0, -10]","[120, 106]",sequential,chance,chance,"[1.0, 1.0]","[0.5, 1.0]","[0.5, 1.0]","[0.5, 1.0]","[0.625, 0.0]","[0.375, 0.0]",[[0]],[[1]],[[2]],"(0, 12)","(12, 21)","(12, 21)",{},{},{},"['A', 'B']",[],[],0,0,1,2,5,5,A,,,,,,,A,,,,,"{'rtype': 'd', 'rtimedn': 7.744, 'rtimeup': 9.35}",,,,,,,"{'rtype': None, 'rtimedn': 13, 'rtimeup': 13}",,,,
instructions,['No additional instructions.'],3,0,34,1733362303,BDG-384-4125,TREE-1.2-0.0-0.0,"['8248f477-cfc2-4ef4-99c5-11826574317e', 'a7129ad1-6672-400a-ac03-bb3bf99deb5c']","['participant', 'robot']","['moon', 'stop-sign']","['hsla(124, 52%, 49%, 1.0)', 'hsla(153, 85%, 54%, 1.0)']","[[1.0, 0.16216216216216214], [0.16216216216216214, 1.0]]","{0: '', 1: 'A', 2: 'B'}",,2,after,"[False, False]","{'max': 21, 'min': 21, 'avg': 21.0, 'root': 12}","[0, 0]","[135, 120]",sequential,chance,chance,"[1.0, 1.0]","[0.5, 1.0]","[0.5, 1.0]","[0.5, 1.0]","[0.375, 0.0]","[0.625, 0.0]",[[0]],[[1]],[[2]],"(0, 12)","(12, 21)","(12, 21)",{},{},{},"['A', 'B']",[],[],0,0,4,1,2,5,B,,,,,,,A,,,,,"{'rtype': 'select-node', 'rtimedn': 11.696, 'rtimeup': 11.696}",,,,,,,"{'rtype': 'a', 'rtimedn': 1.873, 'rtimeup': 2.303}",,,,
consent,"['UNIVERSITY OF MICHIGAN', 'CONSENT TO BE PART OF A RESEARCH STUDY HUM00243214', 'Platform Title: The Morality Game', 'Platform Creator: Gregory Stanley, Ph.D. Candidate, University of Michigan', 'Faculty Advisor: Jun Zhang, Professor of Psychology, University of Michigan', 'Thank you for your interest in participating in this experiment.  This is an unpaid experiment.  You will receive credit for 1 hour of Subject Pool participation.  Please be ready for 1 hour of continuous participation.  If you are inactive for over 2 minutes, the system will automatically eject you from the experiment.  Your counterparts are human participants, unless they drop out of the experiment, in which case they will be replaced by artificial agents.  Please feel free to contact me, Greg, at (714) 454-0435 if you have any questions.  All other information relevant to your consent was covered by the platform general-consent form in the tutorial.  You must be 18 years of age or older to participate in this study.', '']",3,1,34,1733362302,BDG-016-1142,TREE-1.2-0.0-0.0,"['ba89ee93-22db-46a7-843b-82800ff2fce2', 'bbbae001-3deb-4cbd-bbf8-7bd5418ef05c']","['participant', 'participant']","['two-triangle', 'stop-sign']","['hsla(321, 65%, 53%, 1.0)', 'hsla(185, 84%, 64%, 1.0)']","[[1.0, 0.12234555984555985], [0.12234555984555985, 1.0]]","{0: '', 1: 'A', 2: 'B'}",,2,after,"[False, False]","{'max': 21, 'min': 21, 'avg': 21.0, 'root': 12}","[0, 0]","[118, 106]",sequential,chance,chance,"[1.0, 1.0]","[0.5, 1.0]","[0.5, 1.0]","[0.5, 1.0]","[0.625, 0.0]","[0.375, 0.0]",[[0]],[[1]],[[2]],"(0, 12)","(12, 21)","(12, 21)",{},{},{},"['A', 'B']",[],[],0,0,1,1,4,2,B,,,,,,,B,,,,,"{'rtype': 'select-node', 'rtimedn': 10.436, 'rtimeup': 10.436}",,,,,,,"{'rtype': 'select-node', 'rtimedn': 11.357, 'rtimeup': 11.357}",,,,
experiment_code,eGfzR5QoOZLq,3,2,34,1733362301,BDG-261-3132,TREE-1.2-0.0-0.0,"['7de4ef96-172a-4085-b149-88c19285b153', '21b845c3-a442-4b4c-93cb-0a0ba2341d7c']","['participant', 'robot']","['round-square', 'cross']","['hsla(29, 82%, 51%, 1.0)', 'hsla(331, 72%, 38%, 1.0)']","[[1.0, 0.21235521235521237], [0.21235521235521237, 1.0]]","{0: '', 1: 'A', 2: 'B'}",,2,after,"[False, False]","{'max': 21, 'min': 21, 'avg': 21.0, 'root': 12}","[0, 0]","[139, 143]",sequential,chance,chance,"[1.0, 1.0]","[0.5, 1.0]","[0.5, 1.0]","[0.5, 1.0]","[0.625, 0.0]","[0.375, 0.0]",[[0]],[[1]],[[2]],"(0, 12)","(12, 21)","(12, 21)",{},{},{},"['A', 'B']",[],[],0,0,3,1,3,2,B,,,,,,,B,,,,,"{'rtype': 'select-node', 'rtimedn': 9.492, 'rtimeup': 9.492}",,,,,,,"{'rtype': 'a', 'rtimedn': 6.604, 'rtimeup': 6.733}",,,,
experiment_type,pilot,3,3,34,1733362299,BDG-546-5252,TREE-1.2-0.0-0.0,"['72e39ba0-5883-4127-9a92-751fa5bdeb21', '76580d50-ff14-4de9-9ed1-c2783f23e0e6']","['participant', 'participant']","['pentagon', 'hour-glass']","['hsla(69, 84%, 47%, 1.0)', 'hsla(17, 54%, 38%, 1.0)']","[[1.0, 0.21235521235521237], [0.21235521235521237, 1.0]]","{0: '', 1: 'A', 2: 'B'}",,2,after,"[False, False]","{'max': 21, 'min': 21, 'avg': 21.0, 'root': 12}","[0, 0]","[143, 123]",sequential,chance,chance,"[1.0, 1.0]","[0.5, 1.0]","[0.5, 1.0]","[0.5, 1.0]","[0.625, 0.0]","[0.375, 0.0]",[[0]],[[1]],[[2]],"(0, 12)","(12, 21)","(12, 21)",{},{},{},"['A', 'B']",[],[],0,0,5,2,5,2,B,,,,,,,A,,,,,"{'rtype': 'select-node', 'rtimedn': 11.386, 'rtimeup': 11.386}",,,,,,,"{'rtype': 'select-node', 'rtimedn': 11.293, 'rtimeup': 11.293}",,,,
status,open,4,0,34,1733362312,BDG-139-2135,TREE-1.2-0.0-0.0,"['a7129ad1-6672-400a-ac03-bb3bf99deb5c', 'ba89ee93-22db-46a7-843b-82800ff2fce2']","['robot', 'participant']","['stop-sign', 'two-triangle']","['hsla(153, 85%, 54%, 1.0)', 'hsla(321, 65%, 53%, 1.0)']","[[1.0, 0.18243243243243246], [0.18243243243243246, 1.0]]","{0: '', 1: 'A', 2: 'B'}",,2,after,"[False, False]","{'max': 21, 'min': 21, 'avg': 21.0, 'root': 12}","[0, 0]","[120, 118]",sequential,chance,chance,"[1.0, 1.0]","[0.5, 1.0]","[0.5, 1.0]","[0.5, 1.0]","[0.625, 0.0]","[0.375, 0.0]",[[0]],[[1]],[[2]],"(0, 12)","(12, 21)","(12, 21)",{},{},{},"['A', 'B']",[],[],0,0,2,1,3,5,B,,,,,,,A,,,,,"{'rtype': 'a', 'rtimedn': 2.586, 'rtimeup': 3.96}",,,,,,,"{'rtype': 'select-node', 'rtimedn': 11.752, 'rtimeup': 11.752}",,,,
start_date,2024-12-04-20:14,4,1,34,1733362314,BDG-589-5435,TREE-1.2-0.0-0.0,"['7de4ef96-172a-4085-b149-88c19285b153', '72e39ba0-5883-4127-9a92-751fa5bdeb21']","['participant', 'participant']","['round-square', 'pentagon']","['hsla(29, 82%, 51%, 1.0)', 'hsla(69, 84%, 47%, 1.0)']","[[1.0, 0.18243243243243246], [0.18243243243243246, 1.0]]","{0: '', 1: 'A', 2: 'B'}",,1,after,"[False, True]","{'max': 21, 'min': 21, 'avg': 21.0, 'root': 12}","[0, -10]","[139, 143]",sequential,chance,chance,"[1.0, 1.0]","[0.5, 1.0]","[0.5, 1.0]","[0.5, 1.0]","[0.625, 0.0]","[0.375, 0.0]",[[0]],[[1]],[[2]],"(0, 12)","(12, 21)","(12, 21)",{},{},{},"['A', 'B']",[],[],0,0,5,4,3,5,A,,,,,,,A,,,,,"{'rtype': 'select-node', 'rtimedn': 10.807, 'rtimeup': 10.807}",,,,,,,"{'rtype': 'select-node', 'rtimedn': 12.654, 'rtimeup': 12.654}",,,,
experimenter_uuid,90427df1-2b1e-4653-9e04-f86c9e4bfa2c,4,2,34,1733362314,BDG-206-2422,TREE-1.2-0.0-0.0,"['76580d50-ff14-4de9-9ed1-c2783f23e0e6', '21b845c3-a442-4b4c-93cb-0a0ba2341d7c']","['participant', 'robot']","['hour-glass', 'cross']","['hsla(17, 54%, 38%, 1.0)', 'hsla(331, 72%, 38%, 1.0)']","[[1.0, 0.16216216216216214], [0.16216216216216214, 1.0]]","{0: '', 1: 'A', 2: 'B'}",,1,after,"[True, False]","{'max': 21, 'min': 21, 'avg': 21.0, 'root': 12}","[-10, 0]","[123, 143]",sequential,chance,chance,"[1.0, 1.0]","[0.5, 1.0]","[0.5, 1.0]","[0.5, 1.0]","[0.625, 0.0]","[0.375, 0.0]",[[0]],[[1]],[[2]],"(0, 12)","(12, 21)","(12, 21)",{},{},{},"['A', 'B']",[],[],0,0,2,4,2,2,A,,,,,,,A,,,,,"{'rtype': 'select-node', 'rtimedn': 12.755, 'rtimeup': 12.755}",,,,,,,"{'rtype': 'd', 'rtimedn': 9.243, 'rtimeup': 11.281}",,,,
batches,"{'completed': 120, 'batch_study': True}",4,3,34,1733362316,BDG-526-5212,TREE-1.2-0.0-0.0,"['8248f477-cfc2-4ef4-99c5-11826574317e', 'bbbae001-3deb-4cbd-bbf8-7bd5418ef05c']","['participant', 'participant']","['moon', 'stop-sign']","['hsla(124, 52%, 49%, 1.0)', 'hsla(185, 84%, 64%, 1.0)']","[[1.0, 0.009893822393822393], [0.009893822393822393, 1.0]]","{0: '', 1: 'A', 2: 'B'}",,1,after,"[True, True]","{'max': 21, 'min': 21, 'avg': 21.0, 'root': 12}","[-10, -10]","[135, 106]",sequential,chance,chance,"[1.0, 1.0]","[0.5, 1.0]","[0.5, 1.0]","[0.5, 1.0]","[0.375, 0.0]","[0.625, 0.0]",[[0]],[[1]],[[2]],"(0, 12)","(12, 21)","(12, 21)",{},{},{},"['A', 'B']",[],[],0,0,5,2,1,2,A,,,,,,,A,,,,,"{'rtype': 'select-node', 'rtimedn': 12.482, 'rtimeup': 12.482}",,,,,,,"{'rtype': 'select-node', 'rtimedn': 12.768, 'rtimeup': 12.768}",,,,
predetermined_trials,,5,0,34,1733362324,BDG-455-4421,TREE-1.2-0.0-0.0,"['7de4ef96-172a-4085-b149-88c19285b153', 'a7129ad1-6672-400a-ac03-bb3bf99deb5c']","['participant', 'robot']","['round-square', 'stop-sign']","['hsla(29, 82%, 51%, 1.0)', 'hsla(153, 85%, 54%, 1.0)']","[[1.0, 0.009893822393822393], [0.009893822393822393, 1.0]]","{0: '', 1: 'A', 2: 'B'}",,1,after,"[False, False]","{'max': 21, 'min': 21, 'avg': 21.0, 'root': 12}","[0, 0]","[139, 120]",sequential,chance,chance,"[1.0, 1.0]","[0.5, 1.0]","[0.5, 1.0]","[0.5, 1.0]","[0.375, 0.0]","[0.625, 0.0]",[[0]],[[1]],[[2]],"(0, 12)","(12, 21)","(12, 21)",{},{},{},"['A', 'B']",[],[],0,0,4,4,2,1,A,,,,,,,A,,,,,"{'rtype': 'select-node', 'rtimedn': 11.771, 'rtimeup': 11.771}",,,,,,,"{'rtype': 'a', 'rtimedn': 4.672, 'rtimeup': 8.443}",,,,
,,5,1,34,1733362324,BDG-566-5342,TREE-1.2-0.0-0.0,"['bbbae001-3deb-4cbd-bbf8-7bd5418ef05c', '21b845c3-a442-4b4c-93cb-0a0ba2341d7c']","['participant', 'robot']","['stop-sign', 'cross']","['hsla(185, 84%, 64%, 1.0)', 'hsla(331, 72%, 38%, 1.0)']","[[1.0, 0.11124517374517374], [0.11124517374517374, 1.0]]","{0: '', 1: 'A', 2: 'B'}",,1,after,"[True, False]","{'max': 21, 'min': 21, 'avg': 21.0, 'root': 12}","[-10, 0]","[106, 143]",sequential,chance,chance,"[1.0, 1.0]","[0.5, 1.0]","[0.5, 1.0]","[0.5, 1.0]","[0.625, 0.0]","[0.375, 0.0]",[[0]],[[1]],[[2]],"(0, 12)","(12, 21)","(12, 21)",{},{},{},"['A', 'B']",[],[],0,0,5,3,4,2,A,,,,,,,A,,,,,"{'rtype': 'select-node', 'rtimedn': 13.617, 'rtimeup': 13.617}",,,,,,,"{'rtype': 'a', 'rtimedn': 4.337, 'rtimeup': 5.291}",,,,
,,5,2,34,1733362328,BDG-382-4123,TREE-1.2-0.0-0.0,"['72e39ba0-5883-4127-9a92-751fa5bdeb21', '8248f477-cfc2-4ef4-99c5-11826574317e']","['participant', 'participant']","['pentagon', 'moon']","['hsla(69, 84%, 47%, 1.0)', 'hsla(124, 52%, 49%, 1.0)']","[[1.0, 0.12234555984555985], [0.12234555984555985, 1.0]]","{0: '', 1: 'A', 2: 'B'}",,1,after,"[True, True]","{'max': 21, 'min': 21, 'avg': 21.0, 'root': 12}","[-10, -10]","[143, 135]",sequential,chance,chance,"[1.0, 1.0]","[0.5, 1.0]","[0.5, 1.0]","[0.5, 1.0]","[0.625, 0.0]","[0.375, 0.0]",[[0]],[[1]],[[2]],"(0, 12)","(12, 21)","(12, 21)",{},{},{},"['A', 'B']",[],[],0,0,4,1,2,3,A,,,,,,,B,,,,,"{'rtype': 'select-node', 'rtimedn': 13.923, 'rtimeup': 13.923}",,,,,,,"{'rtype': 'select-node', 'rtimedn': 14.223, 'rtimeup': 14.223}",,,,
,,5,3,34,1733362325,BDG-237-2533,TREE-1.2-0.0-0.0,"['ba89ee93-22db-46a7-843b-82800ff2fce2', '76580d50-ff14-4de9-9ed1-c2783f23e0e6']","['participant', 'participant']","['two-triangle', 'hour-glass']","['hsla(321, 65%, 53%, 1.0)', 'hsla(17, 54%, 38%, 1.0)']","[[1.0, 0.009893822393822393], [0.009893822393822393, 1.0]]","{0: '', 1: 'A', 2: 'B'}",,1,after,"[True, True]","{'max': 21, 'min': 21, 'avg': 21.0, 'root': 12}","[-10, -10]","[118, 123]",sequential,chance,chance,"[1.0, 1.0]","[0.5, 1.0]","[0.5, 1.0]","[0.5, 1.0]","[0.625, 0.0]","[0.375, 0.0]",[[0]],[[1]],[[2]],"(0, 12)","(12, 21)","(12, 21)",{},{},{},"['A', 'B']",[],[],0,0,2,5,3,3,A,,,,,,,A,,,,,"{'rtype': 'select-node', 'rtimedn': 12.813, 'rtimeup': 12.813}",,,,,,,"{'rtype': 'select-node', 'rtimedn': 13.845, 'rtimeup': 13.845}",,,,
,,6,0,34,1733362336,BDG-174-2255,TREE-1.2-0.0-0.0,"['a7129ad1-6672-400a-ac03-bb3bf99deb5c', 'bbbae001-3deb-4cbd-bbf8-7bd5418ef05c']","['robot', 'participant']","['stop-sign', 'stop-sign']","['hsla(153, 85%, 54%, 1.0)', 'hsla(185, 84%, 64%, 1.0)']","[[1.0, 0.21235521235521237], [0.21235521235521237, 1.0]]","{0: '', 1: 'A', 2: 'B'}",,2,after,"[False, True]","{'max': 21, 'min': 21, 'avg': 21.0, 'root': 12}","[0, -10]","[120, 106]",sequential,chance,chance,"[1.0, 1.0]","[0.5, 1.0]","[0.5, 1.0]","[0.5, 1.0]","[0.625, 0.0]","[0.375, 0.0]",[[0]],[[1]],[[2]],"(0, 12)","(12, 21)","(12, 21)",{},{},{},"['A', 'B']",[],[],0,0,2,2,5,5,B,,,,,,,B,,,,,"{'rtype': 'd', 'rtimedn': 4.19, 'rtimeup': 4.969}",,,,,,,"{'rtype': 'select-node', 'rtimedn': 14.756, 'rtimeup': 14.756}",,,,
,,6,1,34,1733362335,BDG-488-4534,TREE-1.2-0.0-0.0,"['7de4ef96-172a-4085-b149-88c19285b153', '21b845c3-a442-4b4c-93cb-0a0ba2341d7c']","['participant', 'robot']","['round-square', 'cross']","['hsla(29, 82%, 51%, 1.0)', 'hsla(331, 72%, 38%, 1.0)']","[[1.0, 0.21235521235521237], [0.21235521235521237, 1.0]]","{0: '', 1: 'A', 2: 'B'}",,1,after,"[True, False]","{'max': 21, 'min': 21, 'avg': 21.0, 'root': 12}","[-10, 0]","[139, 143]",sequential,chance,chance,"[1.0, 1.0]","[0.5, 1.0]","[0.5, 1.0]","[0.5, 1.0]","[0.625, 0.0]","[0.375, 0.0]",[[0]],[[1]],[[2]],"(0, 12)","(12, 21)","(12, 21)",{},{},{},"['A', 'B']",[],[],0,0,4,5,3,4,A,,,,,,,A,,,,,"{'rtype': 'select-node', 'rtimedn': 12.904, 'rtimeup': 12.904}",,,,,,,"{'rtype': 'a', 'rtimedn': 3.775, 'rtimeup': 5.268}",,,,
,,6,2,34,1733362339,BDG-445-4351,TREE-1.2-0.0-0.0,"['8248f477-cfc2-4ef4-99c5-11826574317e', '76580d50-ff14-4de9-9ed1-c2783f23e0e6']","['participant', 'participant']","['moon', 'hour-glass']","['hsla(124, 52%, 49%, 1.0)', 'hsla(17, 54%, 38%, 1.0)']","[[1.0, 0.19956563706563707], [0.19956563706563707, 1.0]]","{0: '', 1: 'A', 2: 'B'}",,1,after,"[True, True]","{'max': 21, 'min': 21, 'avg': 21.0, 'root': 12}","[-10, -10]","[135, 123]",sequential,chance,chance,"[1.0, 1.0]","[0.5, 1.0]","[0.5, 1.0]","[0.5, 1.0]","[0.625, 0.0]","[0.375, 0.0]",[[0]],[[1]],[[2]],"(0, 12)","(12, 21)","(12, 21)",{},{},{},"['A', 'B']",[],[],0,0,4,3,5,1,A,,,,,,,B,,,,,"{'rtype': 'select-node', 'rtimedn': 15.383, 'rtimeup': 15.383}",,,,,,,"{'rtype': 'select-node', 'rtimedn': 15.118, 'rtimeup': 15.118}",,,,
,,6,3,34,1733362336,BDG-096-1452,TREE-1.2-0.0-0.0,"['ba89ee93-22db-46a7-843b-82800ff2fce2', '72e39ba0-5883-4127-9a92-751fa5bdeb21']","['participant', 'participant']","['two-triangle', 'pentagon']","['hsla(321, 65%, 53%, 1.0)', 'hsla(69, 84%, 47%, 1.0)']","[[1.0, 0.11124517374517374], [0.11124517374517374, 1.0]]","{0: '', 1: 'A', 2: 'B'}",,1,after,"[True, True]","{'max': 21, 'min': 21, 'avg': 21.0, 'root': 12}","[-10, -10]","[118, 143]",sequential,chance,chance,"[1.0, 1.0]","[0.5, 1.0]","[0.5, 1.0]","[0.5, 1.0]","[0.625, 0.0]","[0.375, 0.0]",[[0]],[[1]],[[2]],"(0, 12)","(12, 21)","(12, 21)",{},{},{},"['A', 'B']",[],[],0,0,1,4,5,2,A,,,,,,,B,,,,,"{'rtype': 'select-node', 'rtimedn': 14.005, 'rtimeup': 14.005}",,,,,,,"{'rtype': 'select-node', 'rtimedn': 15.032, 'rtimeup': 15.032}",,,,
,,7,0,34,1733362347,BDG-519-5145,TREE-1.2-0.0-0.0,"['7de4ef96-172a-4085-b149-88c19285b153', '21b845c3-a442-4b4c-93cb-0a0ba2341d7c']","['participant', 'robot']","['round-square', 'cross']","['hsla(29, 82%, 51%, 1.0)', 'hsla(331, 72%, 38%, 1.0)']","[[1.0, 0.21235521235521237], [0.21235521235521237, 1.0]]","{0: '', 1: 'A', 2: 'B'}",,2,after,"[True, False]","{'max': 21, 'min': 21, 'avg': 21.0, 'root': 12}","[-10, 0]","[139, 143]",sequential,chance,chance,"[1.0, 1.0]","[0.5, 1.0]","[0.5, 1.0]","[0.5, 1.0]","[0.625, 0.0]","[0.375, 0.0]",[[0]],[[1]],[[2]],"(0, 12)","(12, 21)","(12, 21)",{},{},{},"['A', 'B']",[],[],0,0,5,1,4,5,B,,,,,,,B,,,,,"{'rtype': 'select-node', 'rtimedn': 14.112, 'rtimeup': 14.112}",,,,,,,"{'rtype': 'd', 'rtimedn': 1.988, 'rtimeup': 4.332}",,,,
,,7,1,34,1733362351,BDG-481-4522,TREE-1.2-0.0-0.0,"['8248f477-cfc2-4ef4-99c5-11826574317e', '76580d50-ff14-4de9-9ed1-c2783f23e0e6']","['participant', 'participant']","['moon', 'hour-glass']","['hsla(124, 52%, 49%, 1.0)', 'hsla(17, 54%, 38%, 1.0)']","[[1.0, 0.19956563706563707], [0.19956563706563707, 1.0]]","{0: '', 1: 'A', 2: 'B'}",,1,after,"[True, True]","{'max': 21, 'min': 21, 'avg': 21.0, 'root': 12}","[-10, -10]","[135, 123]",sequential,chance,chance,"[1.0, 1.0]","[0.5, 1.0]","[0.5, 1.0]","[0.5, 1.0]","[0.375, 0.0]","[0.625, 0.0]",[[0]],[[1]],[[2]],"(0, 12)","(12, 21)","(12, 21)",{},{},{},"['A', 'B']",[],[],0,0,4,5,2,2,A,,,,,,,A,,,,,"{'rtype': 'select-node', 'rtimedn': 16.314, 'rtimeup': 16.314}",,,,,,,"{'rtype': 'select-node', 'rtimedn': 16.492, 'rtimeup': 16.492}",,,,
,,7,2,34,1733362348,BDG-146-2152,TREE-1.2-0.0-0.0,"['bbbae001-3deb-4cbd-bbf8-7bd5418ef05c', '72e39ba0-5883-4127-9a92-751fa5bdeb21']","['participant', 'participant']","['stop-sign', 'pentagon']","['hsla(185, 84%, 64%, 1.0)', 'hsla(69, 84%, 47%, 1.0)']","[[1.0, 0.16216216216216214], [0.16216216216216214, 1.0]]","{0: '', 1: 'A', 2: 'B'}",,2,after,"[True, True]","{'max': 21, 'min': 21, 'avg': 21.0, 'root': 12}","[-10, -10]","[106, 143]",sequential,chance,chance,"[1.0, 1.0]","[0.5, 1.0]","[0.5, 1.0]","[0.5, 1.0]","[0.625, 0.0]","[0.375, 0.0]",[[0]],[[1]],[[2]],"(0, 12)","(12, 21)","(12, 21)",{},{},{},"['A', 'B']",[],[],0,0,2,1,5,2,B,,,,,,,B,,,,,"{'rtype': 'select-node', 'rtimedn': 16.024, 'rtimeup': 16.024}",,,,,,,"{'rtype': 'select-node', 'rtimedn': 16.16, 'rtimeup': 16.16}",,,,
,,7,3,34,1733362353,BDG-206-2422,TREE-1.2-0.0-0.0,"['a7129ad1-6672-400a-ac03-bb3bf99deb5c', 'ba89ee93-22db-46a7-843b-82800ff2fce2']","['robot', 'participant']","['stop-sign', 'two-triangle']","['hsla(153, 85%, 54%, 1.0)', 'hsla(321, 65%, 53%, 1.0)']","[[1.0, 0.18243243243243246], [0.18243243243243246, 1.0]]","{0: '', 1: 'A', 2: 'B'}",,2,after,"[False, True]","{'max': 21, 'min': 21, 'avg': 21.0, 'root': 12}","[0, -10]","[120, 118]",sequential,chance,chance,"[1.0, 1.0]","[0.5, 1.0]","[0.5, 1.0]","[0.5, 1.0]","[0.625, 0.0]","[0.375, 0.0]",[[0]],[[1]],[[2]],"(0, 12)","(12, 21)","(12, 21)",{},{},{},"['A', 'B']",[],[],0,0,2,4,2,2,B,,,,,,,B,,,,,"{'rtype': 'a', 'rtimedn': 2.619, 'rtimeup': 2.809}",,,,,,,"{'rtype': 'select-node', 'rtimedn': 15.89, 'rtimeup': 15.89}",,,,
,,8,0,34,1733362361,BDG-475-4511,TREE-1.2-0.0-0.0,"['bbbae001-3deb-4cbd-bbf8-7bd5418ef05c', '21b845c3-a442-4b4c-93cb-0a0ba2341d7c']","['participant', 'robot']","['stop-sign', 'cross']","['hsla(185, 84%, 64%, 1.0)', 'hsla(331, 72%, 38%, 1.0)']","[[1.0, 0.11124517374517374], [0.11124517374517374, 1.0]]","{0: '', 1: 'A', 2: 'B'}",,1,after,"[True, True]","{'max': 21, 'min': 21, 'avg': 21.0, 'root': 12}","[-10, -10]","[106, 143]",sequential,chance,chance,"[1.0, 1.0]","[0.5, 1.0]","[0.5, 1.0]","[0.5, 1.0]","[0.375, 0.0]","[0.625, 0.0]",[[0]],[[1]],[[2]],"(0, 12)","(12, 21)","(12, 21)",{},{},{},"['A', 'B']",[],[],0,0,4,5,1,1,A,,,,,,,A,,,,,"{'rtype': 'select-node', 'rtimedn': 17.255, 'rtimeup': 17.255}",,,,,,,"{'rtype': 'a', 'rtimedn': 11.258, 'rtimeup': 12.166}",,,,
,,8,1,34,1733362362,BDG-231-2522,TREE-1.2-0.0-0.0,"['7de4ef96-172a-4085-b149-88c19285b153', '76580d50-ff14-4de9-9ed1-c2783f23e0e6']","['participant', 'participant']","['round-square', 'hour-glass']","['hsla(29, 82%, 51%, 1.0)', 'hsla(17, 54%, 38%, 1.0)']","[[1.0, 0.12234555984555985], [0.12234555984555985, 1.0]]","{0: '', 1: 'A', 2: 'B'}",,1,after,"[True, True]","{'max': 21, 'min': 21, 'avg': 21.0, 'root': 12}","[-10, -10]","[139, 123]",sequential,chance,chance,"[1.0, 1.0]","[0.5, 1.0]","[0.5, 1.0]","[0.5, 1.0]","[0.625, 0.0]","[0.375, 0.0]",[[0]],[[1]],[[2]],"(0, 12)","(12, 21)","(12, 21)",{},{},{},"['A', 'B']",[],[],0,0,2,5,2,2,A,,,,,,,A,,,,,"{'rtype': 'select-node', 'rtimedn': 15.459, 'rtimeup': 15.459}",,,,,,,"{'rtype': 'select-node', 'rtimedn': 17.615, 'rtimeup': 17.615}",,,,
,,8,2,34,1733362361,BDG-032-1223,TREE-1.2-0.0-0.0,"['a7129ad1-6672-400a-ac03-bb3bf99deb5c', '8248f477-cfc2-4ef4-99c5-11826574317e']","['robot', 'participant']","['stop-sign', 'moon']","['hsla(153, 85%, 54%, 1.0)', 'hsla(124, 52%, 49%, 1.0)']","[[1.0, 0.16216216216216214], [0.16216216216216214, 1.0]]","{0: '', 1: 'A', 2: 'B'}",,1,after,"[False, True]","{'max': 21, 'min': 21, 'avg': 21.0, 'root': 12}","[0, -10]","[120, 135]",sequential,chance,chance,"[1.0, 1.0]","[0.5, 1.0]","[0.5, 1.0]","[0.5, 1.0]","[0.625, 0.0]","[0.375, 0.0]",[[0]],[[1]],[[2]],"(0, 12)","(12, 21)","(12, 21)",{},{},{},"['A', 'B']",[],[],0,0,1,2,2,3,A,,,,,,,B,,,,,"{'rtype': 'a', 'rtimedn': 0.257, 'rtimeup': 0.804}",,,,,,,"{'rtype': 'select-node', 'rtimedn': 17.569, 'rtimeup': 17.569}",,,,
,,8,3,34,1733362364,BDG-415-4241,TREE-1.2-0.0-0.0,"['72e39ba0-5883-4127-9a92-751fa5bdeb21', 'ba89ee93-22db-46a7-843b-82800ff2fce2']","['participant', 'participant']","['pentagon', 'two-triangle']","['hsla(69, 84%, 47%, 1.0)', 'hsla(321, 65%, 53%, 1.0)']","[[1.0, 0.11124517374517374], [0.11124517374517374, 1.0]]","{0: '', 1: 'A', 2: 'B'}",,1,after,"[True, True]","{'max': 21, 'min': 21, 'avg': 21.0, 'root': 12}","[-10, -10]","[143, 118]",sequential,chance,chance,"[1.0, 1.0]","[0.5, 1.0]","[0.5, 1.0]","[0.5, 1.0]","[0.375, 0.0]","[0.625, 0.0]",[[0]],[[1]],[[2]],"(0, 12)","(12, 21)","(12, 21)",{},{},{},"['A', 'B']",[],[],0,0,4,2,4,1,A,,,,,,,B,,,,,"{'rtype': 'select-node', 'rtimedn': 17.532, 'rtimeup': 17.532}",,,,,,,"{'rtype': 'select-node', 'rtimedn': 16.971, 'rtimeup': 16.971}",,,,
,,9,0,34,1733362375,BDG-254-3115,TREE-1.2-0.0-0.0,"['bbbae001-3deb-4cbd-bbf8-7bd5418ef05c', '72e39ba0-5883-4127-9a92-751fa5bdeb21']","['participant', 'participant']","['stop-sign', 'pentagon']","['hsla(185, 84%, 64%, 1.0)', 'hsla(69, 84%, 47%, 1.0)']","[[1.0, 0.16216216216216214], [0.16216216216216214, 1.0]]","{0: '', 1: 'A', 2: 'B'}",,1,after,"[True, True]","{'max': 21, 'min': 21, 'avg': 21.0, 'root': 12}","[-10, -10]","[106, 143]",sequential,chance,chance,"[1.0, 1.0]","[0.5, 1.0]","[0.5, 1.0]","[0.5, 1.0]","[0.375, 0.0]","[0.625, 0.0]",[[0]],[[1]],[[2]],"(0, 12)","(12, 21)","(12, 21)",{},{},{},"['A', 'B']",[],[],0,0,3,1,1,5,A,,,,,,,A,,,,,"{'rtype': 'select-node', 'rtimedn': 18.315, 'rtimeup': 18.315}",,,,,,,"{'rtype': 'select-node', 'rtimedn': 18.947, 'rtimeup': 18.947}",,,,
,,9,1,34,1733362375,BDG-351-3512,TREE-1.2-0.0-0.0,"['ba89ee93-22db-46a7-843b-82800ff2fce2', 'a7129ad1-6672-400a-ac03-bb3bf99deb5c']","['participant', 'robot']","['two-triangle', 'stop-sign']","['hsla(321, 65%, 53%, 1.0)', 'hsla(153, 85%, 54%, 1.0)']","[[1.0, 0.18243243243243246], [0.18243243243243246, 1.0]]","{0: '', 1: 'A', 2: 'B'}",,2,after,"[True, False]","{'max': 21, 'min': 21, 'avg': 21.0, 'root': 12}","[-10, 0]","[118, 120]",sequential,chance,chance,"[1.0, 1.0]","[0.5, 1.0]","[0.5, 1.0]","[0.5, 1.0]","[0.375, 0.0]","[0.625, 0.0]",[[0]],[[1]],[[2]],"(0, 12)","(12, 21)","(12, 21)",{},{},{},"['A', 'B']",[],[],0,0,3,5,1,2,B,,,,,,,A,,,,,"{'rtype': 'select-node', 'rtimedn': 18.053, 'rtimeup': 18.053}",,,,,,,"{'rtype': 'a', 'rtimedn': 1.992, 'rtimeup': 3.055}",,,,
,,9,2,34,1733362376,BDG-049-1255,TREE-1.2-0.0-0.0,"['21b845c3-a442-4b4c-93cb-0a0ba2341d7c', '76580d50-ff14-4de9-9ed1-c2783f23e0e6']","['robot', 'participant']","['cross', 'hour-glass']","['hsla(331, 72%, 38%, 1.0)', 'hsla(17, 54%, 38%, 1.0)']","[[1.0, 0.16216216216216214], [0.16216216216216214, 1.0]]","{0: '', 1: 'A', 2: 'B'}",,1,after,"[False, True]","{'max': 21, 'min': 21, 'avg': 21.0, 'root': 12}","[0, -10]","[143, 123]",sequential,chance,chance,"[1.0, 1.0]","[0.5, 1.0]","[0.5, 1.0]","[0.5, 1.0]","[0.625, 0.0]","[0.375, 0.0]",[[0]],[[1]],[[2]],"(0, 12)","(12, 21)","(12, 21)",{},{},{},"['A', 'B']",[],[],0,0,1,2,5,5,A,,,,,,,A,,,,,"{'rtype': 'a', 'rtimedn': 3.515, 'rtimeup': 4.121}",,,,,,,"{'rtype': 'select-node', 'rtimedn': 19.026, 'rtimeup': 19.026}",,,,
,,9,3,34,1733362372,BDG-599-5455,TREE-1.2-0.0-0.0,"['8248f477-cfc2-4ef4-99c5-11826574317e', '7de4ef96-172a-4085-b149-88c19285b153']","['participant', 'participant']","['moon', 'round-square']","['hsla(124, 52%, 49%, 1.0)', 'hsla(29, 82%, 51%, 1.0)']","[[1.0, 0.11124517374517374], [0.11124517374517374, 1.0]]","{0: '', 1: 'A', 2: 'B'}",,2,after,"[True, True]","{'max': 21, 'min': 21, 'avg': 21.0, 'root': 12}","[-10, -10]","[135, 139]",sequential,chance,chance,"[1.0, 1.0]","[0.5, 1.0]","[0.5, 1.0]","[0.5, 1.0]","[0.625, 0.0]","[0.375, 0.0]",[[0]],[[1]],[[2]],"(0, 12)","(12, 21)","(12, 21)",{},{},{},"['A', 'B']",[],[],0,0,5,4,5,5,B,,,,,,,B,,,,,"{'rtype': 'select-node', 'rtimedn': 18.636, 'rtimeup': 18.636}",,,,,,,"{'rtype': 'select-node', 'rtimedn': 16.616, 'rtimeup': 16.616}",,,,
,,10,0,34,1733362384,BDG-106-1522,TREE-1.2-0.0-0.0,"['76580d50-ff14-4de9-9ed1-c2783f23e0e6', '21b845c3-a442-4b4c-93cb-0a0ba2341d7c']","['participant', 'robot']","['hour-glass', 'cross']","['hsla(17, 54%, 38%, 1.0)', 'hsla(331, 72%, 38%, 1.0)']","[[1.0, 0.16216216216216214], [0.16216216216216214, 1.0]]","{0: '', 1: 'A', 2: 'B'}",,1,after,"[True, False]","{'max': 21, 'min': 21, 'avg': 21.0, 'root': 12}","[-10, 0]","[123, 143]",sequential,chance,chance,"[1.0, 1.0]","[0.5, 1.0]","[0.5, 1.0]","[0.5, 1.0]","[0.375, 0.0]","[0.625, 0.0]",[[0]],[[1]],[[2]],"(0, 12)","(12, 21)","(12, 21)",{},{},{},"['A', 'B']",[],[],0,0,1,5,2,2,A,,,,,,,B,,,,,"{'rtype': 'select-node', 'rtimedn': 19.792, 'rtimeup': 19.792}",,,,,,,"{'rtype': 'a', 'rtimedn': 0.491, 'rtimeup': 3.547}",,,,
,,10,1,34,1733362388,BDG-312-3333,TREE-1.2-0.0-0.0,"['bbbae001-3deb-4cbd-bbf8-7bd5418ef05c', 'ba89ee93-22db-46a7-843b-82800ff2fce2']","['participant', 'participant']","['stop-sign', 'two-triangle']","['hsla(185, 84%, 64%, 1.0)', 'hsla(321, 65%, 53%, 1.0)']","[[1.0, 0.12234555984555985], [0.12234555984555985, 1.0]]","{0: '', 1: 'A', 2: 'B'}",,2,after,"[True, True]","{'max': 21, 'min': 21, 'avg': 21.0, 'root': 12}","[-10, -10]","[106, 118]",sequential,chance,chance,"[1.0, 1.0]","[0.5, 1.0]","[0.5, 1.0]","[0.5, 1.0]","[0.375, 0.0]","[0.625, 0.0]",[[0]],[[1]],[[2]],"(0, 12)","(12, 21)","(12, 21)",{},{},{},"['A', 'B']",[],[],0,0,3,3,3,3,B,,,,,,,A,,,,,"{'rtype': 'select-node', 'rtimedn': 19.568, 'rtimeup': 19.568}",,,,,,,"{'rtype': 'select-node', 'rtimedn': 19.413, 'rtimeup': 19.413}",,,,
,,10,2,34,1733362385,BDG-535-5231,TREE-1.2-0.0-0.0,"['7de4ef96-172a-4085-b149-88c19285b153', '72e39ba0-5883-4127-9a92-751fa5bdeb21']","['participant', 'participant']","['round-square', 'pentagon']","['hsla(29, 82%, 51%, 1.0)', 'hsla(69, 84%, 47%, 1.0)']","[[1.0, 0.18243243243243246], [0.18243243243243246, 1.0]]","{0: '', 1: 'A', 2: 'B'}",,1,after,"[True, True]","{'max': 21, 'min': 21, 'avg': 21.0, 'root': 12}","[-10, -10]","[139, 143]",sequential,chance,chance,"[1.0, 1.0]","[0.5, 1.0]","[0.5, 1.0]","[0.5, 1.0]","[0.625, 0.0]","[0.375, 0.0]",[[0]],[[1]],[[2]],"(0, 12)","(12, 21)","(12, 21)",{},{},{},"['A', 'B']",[],[],0,0,5,2,3,1,A,,,,,,,A,,,,,"{'rtype': 'select-node', 'rtimedn': 17.79, 'rtimeup': 17.79}",,,,,,,"{'rtype': 'select-node', 'rtimedn': 19.963, 'rtimeup': 19.963}",,,,
,,10,3,34,1733362387,BDG-374-3555,TREE-1.2-0.0-0.0,"['a7129ad1-6672-400a-ac03-bb3bf99deb5c', '8248f477-cfc2-4ef4-99c5-11826574317e']","['robot', 'participant']","['stop-sign', 'moon']","['hsla(153, 85%, 54%, 1.0)', 'hsla(124, 52%, 49%, 1.0)']","[[1.0, 0.16216216216216214], [0.16216216216216214, 1.0]]","{0: '', 1: 'A', 2: 'B'}",,2,after,"[False, True]","{'max': 21, 'min': 21, 'avg': 21.0, 'root': 12}","[0, -10]","[120, 135]",sequential,chance,chance,"[1.0, 1.0]","[0.5, 1.0]","[0.5, 1.0]","[0.5, 1.0]","[0.625, 0.0]","[0.375, 0.0]",[[0]],[[1]],[[2]],"(0, 12)","(12, 21)","(12, 21)",{},{},{},"['A', 'B']",[],[],0,0,3,5,5,5,B,,,,,,,B,,,,,"{'rtype': 'a', 'rtimedn': 0.433, 'rtimeup': 2.336}",,,,,,,"{'rtype': 'select-node', 'rtimedn': 20.129, 'rtimeup': 20.129}",,,,
,,11,0,34,1733362400,BDG-111-1532,TREE-1.2-0.0-0.0,"['8248f477-cfc2-4ef4-99c5-11826574317e', 'ba89ee93-22db-46a7-843b-82800ff2fce2']","['participant', 'participant']","['moon', 'two-triangle']","['hsla(124, 52%, 49%, 1.0)', 'hsla(321, 65%, 53%, 1.0)']","[[1.0, 0.21235521235521237], [0.21235521235521237, 1.0]]","{0: '', 1: 'A', 2: 'B'}",,2,after,"[True, True]","{'max': 21, 'min': 21, 'avg': 21.0, 'root': 12}","[-10, -10]","[135, 118]",sequential,chance,chance,"[1.0, 1.0]","[0.5, 1.0]","[0.5, 1.0]","[0.5, 1.0]","[0.625, 0.0]","[0.375, 0.0]",[[0]],[[1]],[[2]],"(0, 12)","(12, 21)","(12, 21)",{},{},{},"['A', 'B']",[],[],0,0,1,5,3,2,B,,,,,,,A,,,,,"{'rtype': 'select-node', 'rtimedn': 21.391, 'rtimeup': 21.391}",,,,,,,"{'rtype': 'select-node', 'rtimedn': 20.399, 'rtimeup': 20.399}",,,,
,,11,1,34,1733362396,BDG-441-4342,TREE-1.2-0.0-0.0,"['21b845c3-a442-4b4c-93cb-0a0ba2341d7c', '7de4ef96-172a-4085-b149-88c19285b153']","['robot', 'participant']","['cross', 'round-square']","['hsla(331, 72%, 38%, 1.0)', 'hsla(29, 82%, 51%, 1.0)']","[[1.0, 0.21235521235521237], [0.21235521235521237, 1.0]]","{0: '', 1: 'A', 2: 'B'}",,2,after,"[False, True]","{'max': 21, 'min': 21, 'avg': 21.0, 'root': 12}","[0, -10]","[143, 139]",sequential,chance,chance,"[1.0, 1.0]","[0.5, 1.0]","[0.5, 1.0]","[0.5, 1.0]","[0.625, 0.0]","[0.375, 0.0]",[[0]],[[1]],[[2]],"(0, 12)","(12, 21)","(12, 21)",{},{},{},"['A', 'B']",[],[],0,0,4,3,4,2,B,,,,,,,A,,,,,"{'rtype': 'a', 'rtimedn': 0.283, 'rtimeup': 1.045}",,,,,,,"{'rtype': 'select-node', 'rtimedn': 19.046, 'rtimeup': 19.046}",,,,
,,11,2,34,1733362399,BDG-332-3423,TREE-1.2-0.0-0.0,"['bbbae001-3deb-4cbd-bbf8-7bd5418ef05c', '76580d50-ff14-4de9-9ed1-c2783f23e0e6']","['participant', 'participant']","['stop-sign', 'hour-glass']","['hsla(185, 84%, 64%, 1.0)', 'hsla(17, 54%, 38%, 1.0)']","[[1.0, 0.18243243243243246], [0.18243243243243246, 1.0]]","{0: '', 1: 'A', 2: 'B'}",,1,after,"[True, True]","{'max': 21, 'min': 21, 'avg': 21.0, 'root': 12}","[-10, -10]","[106, 123]",sequential,chance,chance,"[1.0, 1.0]","[0.5, 1.0]","[0.5, 1.0]","[0.5, 1.0]","[0.625, 0.0]","[0.375, 0.0]",[[0]],[[1]],[[2]],"(0, 12)","(12, 21)","(12, 21)",{},{},{},"['A', 'B']",[],[],0,0,3,4,2,3,A,,,,,,,A,,,,,"{'rtype': 'select-node', 'rtimedn': 20.905, 'rtimeup': 20.905}",,,,,,,"{'rtype': 'select-node', 'rtimedn': 21.335, 'rtimeup': 21.335}",,,,
,,11,3,34,1733362395,BDG-466-4442,TREE-1.2-0.0-0.0,"['72e39ba0-5883-4127-9a92-751fa5bdeb21', 'a7129ad1-6672-400a-ac03-bb3bf99deb5c']","['participant', 'robot']","['pentagon', 'stop-sign']","['hsla(69, 84%, 47%, 1.0)', 'hsla(153, 85%, 54%, 1.0)']","[[1.0, 0.19956563706563707], [0.19956563706563707, 1.0]]","{0: '', 1: 'A', 2: 'B'}",,1,after,"[True, False]","{'max': 21, 'min': 21, 'avg': 21.0, 'root': 12}","[-10, 0]","[143, 120]",sequential,chance,chance,"[1.0, 1.0]","[0.5, 1.0]","[0.5, 1.0]","[0.5, 1.0]","[0.625, 0.0]","[0.375, 0.0]",[[0]],[[1]],[[2]],"(0, 12)","(12, 21)","(12, 21)",{},{},{},"['A', 'B']",[],[],0,0,4,4,4,2,A,,,,,,,A,,,,,"{'rtype': 'select-node', 'rtimedn': 20.989, 'rtimeup': 20.989}",,,,,,,"{'rtype': 'd', 'rtimedn': 0.06, 'rtimeup': 3.199}",,,,
,,12,0,34,1733362412,BDG-364-3535,TREE-1.2-0.0-0.0,"['8248f477-cfc2-4ef4-99c5-11826574317e', 'ba89ee93-22db-46a7-843b-82800ff2fce2']","['participant', 'participant']","['moon', 'two-triangle']","['hsla(124, 52%, 49%, 1.0)', 'hsla(321, 65%, 53%, 1.0)']","[[1.0, 0.21235521235521237], [0.21235521235521237, 1.0]]","{0: '', 1: 'A', 2: 'B'}",,1,after,"[True, True]","{'max': 21, 'min': 21, 'avg': 21.0, 'root': 12}","[-10, -10]","[135, 118]",sequential,chance,chance,"[1.0, 1.0]","[0.5, 1.0]","[0.5, 1.0]","[0.5, 1.0]","[0.375, 0.0]","[0.625, 0.0]",[[0]],[[1]],[[2]],"(0, 12)","(12, 21)","(12, 21)",{},{},{},"['A', 'B']",[],[],0,0,3,5,3,5,A,,,,,,,B,,,,,"{'rtype': 'select-node', 'rtimedn': 22.582, 'rtimeup': 22.582}",,,,,,,"{'rtype': 'select-node', 'rtimedn': 21.265, 'rtimeup': 21.265}",,,,
,,12,1,34,1733362408,BDG-494-4545,TREE-1.2-0.0-0.0,"['72e39ba0-5883-4127-9a92-751fa5bdeb21', '7de4ef96-172a-4085-b149-88c19285b153']","['participant', 'participant']","['pentagon', 'round-square']","['hsla(69, 84%, 47%, 1.0)', 'hsla(29, 82%, 51%, 1.0)']","[[1.0, 0.18243243243243246], [0.18243243243243246, 1.0]]","{0: '', 1: 'A', 2: 'B'}",,1,after,"[True, True]","{'max': 21, 'min': 21, 'avg': 21.0, 'root': 12}","[-10, -10]","[143, 139]",sequential,chance,chance,"[1.0, 1.0]","[0.5, 1.0]","[0.5, 1.0]","[0.5, 1.0]","[0.375, 0.0]","[0.625, 0.0]",[[0]],[[1]],[[2]],"(0, 12)","(12, 21)","(12, 21)",{},{},{},"['A', 'B']",[],[],0,0,4,5,4,5,A,,,,,,,A,,,,,"{'rtype': 'select-node', 'rtimedn': 22.167, 'rtimeup': 22.167}",,,,,,,"{'rtype': 'select-node', 'rtimedn': 20.227, 'rtimeup': 20.227}",,,,
,,12,2,34,1733362408,BDG-111-1532,TREE-1.2-0.0-0.0,"['21b845c3-a442-4b4c-93cb-0a0ba2341d7c', 'bbbae001-3deb-4cbd-bbf8-7bd5418ef05c']","['robot', 'participant']","['cross', 'stop-sign']","['hsla(331, 72%, 38%, 1.0)', 'hsla(185, 84%, 64%, 1.0)']","[[1.0, 0.11124517374517374], [0.11124517374517374, 1.0]]","{0: '', 1: 'A', 2: 'B'}",,1,after,"[False, True]","{'max': 21, 'min': 21, 'avg': 21.0, 'root': 12}","[0, -10]","[143, 106]",sequential,chance,chance,"[1.0, 1.0]","[0.5, 1.0]","[0.5, 1.0]","[0.5, 1.0]","[0.625, 0.0]","[0.375, 0.0]",[[0]],[[1]],[[2]],"(0, 12)","(12, 21)","(12, 21)",{},{},{},"['A', 'B']",[],[],0,0,1,5,3,2,A,,,,,,,A,,,,,"{'rtype': 'd', 'rtimedn': 0.739, 'rtimeup': 1.87}",,,,,,,"{'rtype': 'select-node', 'rtimedn': 22.019, 'rtimeup': 22.019}",,,,
,,12,3,34,1733362409,BDG-530-5221,TREE-1.2-0.0-0.0,"['76580d50-ff14-4de9-9ed1-c2783f23e0e6', 'a7129ad1-6672-400a-ac03-bb3bf99deb5c']","['participant', 'robot']","['hour-glass', 'stop-sign']","['hsla(17, 54%, 38%, 1.0)', 'hsla(153, 85%, 54%, 1.0)']","[[1.0, 0.11124517374517374], [0.11124517374517374, 1.0]]","{0: '', 1: 'A', 2: 'B'}",,1,after,"[True, False]","{'max': 21, 'min': 21, 'avg': 21.0, 'root': 12}","[-10, 0]","[123, 120]",sequential,chance,chance,"[1.0, 1.0]","[0.5, 1.0]","[0.5, 1.0]","[0.5, 1.0]","[0.625, 0.0]","[0.375, 0.0]",[[0]],[[1]],[[2]],"(0, 12)","(12, 21)","(12, 21)",{},{},{},"['A', 'B']",[],[],0,0,5,2,2,1,A,,,,,,,A,,,,,"{'rtype': 'select-node', 'rtimedn': 22.256, 'rtimeup': 22.256}",,,,,,,"{'rtype': 'd', 'rtimedn': 4.631, 'rtimeup': 7.01}",,,,
,,13,0,34,1733362421,BDG-407-4223,TREE-1.2-0.0-0.0,"['21b845c3-a442-4b4c-93cb-0a0ba2341d7c', '76580d50-ff14-4de9-9ed1-c2783f23e0e6']","['robot', 'participant']","['cross', 'hour-glass']","['hsla(331, 72%, 38%, 1.0)', 'hsla(17, 54%, 38%, 1.0)']","[[1.0, 0.16216216216216214], [0.16216216216216214, 1.0]]","{0: '', 1: 'A', 2: 'B'}",,2,after,"[False, True]","{'max': 21, 'min': 21, 'avg': 21.0, 'root': 12}","[0, -10]","[143, 123]",sequential,chance,chance,"[1.0, 1.0]","[0.5, 1.0]","[0.5, 1.0]","[0.5, 1.0]","[0.625, 0.0]","[0.375, 0.0]",[[0]],[[1]],[[2]],"(0, 12)","(12, 21)","(12, 21)",{},{},{},"['A', 'B']",[],[],0,0,4,2,2,3,B,,,,,,,B,,,,,"{'rtype': 'a', 'rtimedn': 2.041, 'rtimeup': 2.852}",,,,,,,"{'rtype': 'select-node', 'rtimedn': 23.497, 'rtimeup': 23.497}",,,,
,,13,1,34,1733362420,BDG-081-1422,TREE-1.2-0.0-0.0,"['a7129ad1-6672-400a-ac03-bb3bf99deb5c', 'bbbae001-3deb-4cbd-bbf8-7bd5418ef05c']","['robot', 'participant']","['stop-sign', 'stop-sign']","['hsla(153, 85%, 54%, 1.0)', 'hsla(185, 84%, 64%, 1.0)']","[[1.0, 0.21235521235521237], [0.21235521235521237, 1.0]]","{0: '', 1: 'A', 2: 'B'}",,1,after,"[False, True]","{'max': 21, 'min': 21, 'avg': 21.0, 'root': 12}","[0, -10]","[120, 106]",sequential,chance,chance,"[1.0, 1.0]","[0.5, 1.0]","[0.5, 1.0]","[0.5, 1.0]","[0.625, 0.0]","[0.375, 0.0]",[[0]],[[1]],[[2]],"(0, 12)","(12, 21)","(12, 21)",{},{},{},"['A', 'B']",[],[],0,0,1,4,2,2,A,,,,,,,B,,,,,"{'rtype': 'd', 'rtimedn': 1.43, 'rtimeup': 1.663}",,,,,,,"{'rtype': 'select-node', 'rtimedn': 23.237, 'rtimeup': 23.237}",,,,
,,13,2,34,1733362420,BDG-556-5322,TREE-1.2-0.0-0.0,"['72e39ba0-5883-4127-9a92-751fa5bdeb21', 'ba89ee93-22db-46a7-843b-82800ff2fce2']","['participant', 'participant']","['pentagon', 'two-triangle']","['hsla(69, 84%, 47%, 1.0)', 'hsla(321, 65%, 53%, 1.0)']","[[1.0, 0.11124517374517374], [0.11124517374517374, 1.0]]","{0: '', 1: 'A', 2: 'B'}",,1,after,"[True, True]","{'max': 21, 'min': 21, 'avg': 21.0, 'root': 12}","[-10, -10]","[143, 118]",sequential,chance,chance,"[1.0, 1.0]","[0.5, 1.0]","[0.5, 1.0]","[0.5, 1.0]","[0.625, 0.0]","[0.375, 0.0]",[[0]],[[1]],[[2]],"(0, 12)","(12, 21)","(12, 21)",{},{},{},"['A', 'B']",[],[],0,0,5,3,2,2,A,,,,,,,B,,,,,"{'rtype': 'select-node', 'rtimedn': 23.424, 'rtimeup': 23.424}",,,,,,,"{'rtype': 'select-node', 'rtimedn': 22.387, 'rtimeup': 22.387}",,,,
,,13,3,34,1733362421,BDG-332-3423,TREE-1.2-0.0-0.0,"['8248f477-cfc2-4ef4-99c5-11826574317e', '7de4ef96-172a-4085-b149-88c19285b153']","['participant', 'participant']","['moon', 'round-square']","['hsla(124, 52%, 49%, 1.0)', 'hsla(29, 82%, 51%, 1.0)']","[[1.0, 0.11124517374517374], [0.11124517374517374, 1.0]]","{0: '', 1: 'A', 2: 'B'}",,1,after,"[True, True]","{'max': 21, 'min': 21, 'avg': 21.0, 'root': 12}","[-10, -10]","[135, 139]",sequential,chance,chance,"[1.0, 1.0]","[0.5, 1.0]","[0.5, 1.0]","[0.5, 1.0]","[0.625, 0.0]","[0.375, 0.0]",[[0]],[[1]],[[2]],"(0, 12)","(12, 21)","(12, 21)",{},{},{},"['A', 'B']",[],[],0,0,3,4,2,3,A,,,,,,,A,,,,,"{'rtype': 'select-node', 'rtimedn': 23.506, 'rtimeup': 23.506}",,,,,,,"{'rtype': 'select-node', 'rtimedn': 21.285, 'rtimeup': 21.285}",,,,
,,14,0,34,1733362430,BDG-538-5234,TREE-1.2-0.0-0.0,"['8248f477-cfc2-4ef4-99c5-11826574317e', 'ba89ee93-22db-46a7-843b-82800ff2fce2']","['participant', 'participant']","['moon', 'two-triangle']","['hsla(124, 52%, 49%, 1.0)', 'hsla(321, 65%, 53%, 1.0)']","[[1.0, 0.21235521235521237], [0.21235521235521237, 1.0]]","{0: '', 1: 'A', 2: 'B'}",,1,after,"[True, True]","{'max': 21, 'min': 21, 'avg': 21.0, 'root': 12}","[-10, -10]","[135, 118]",sequential,chance,chance,"[1.0, 1.0]","[0.5, 1.0]","[0.5, 1.0]","[0.5, 1.0]","[0.375, 0.0]","[0.625, 0.0]",[[0]],[[1]],[[2]],"(0, 12)","(12, 21)","(12, 21)",{},{},{},"['A', 'B']",[],[],0,0,5,2,3,4,A,,,,,,,B,,,,,"{'rtype': 'select-node', 'rtimedn': 24.451, 'rtimeup': 24.451}",,,,,,,"{'rtype': 'select-node', 'rtimedn': 23.394, 'rtimeup': 23.394}",,,,
,,14,1,34,1733362430,BDG-311-3332,TREE-1.2-0.0-0.0,"['a7129ad1-6672-400a-ac03-bb3bf99deb5c', 'bbbae001-3deb-4cbd-bbf8-7bd5418ef05c']","['robot', 'participant']","['stop-sign', 'stop-sign']","['hsla(153, 85%, 54%, 1.0)', 'hsla(185, 84%, 64%, 1.0)']","[[1.0, 0.21235521235521237], [0.21235521235521237, 1.0]]","{0: '', 1: 'A', 2: 'B'}",,1,after,"[False, True]","{'max': 21, 'min': 21, 'avg': 21.0, 'root': 12}","[0, -10]","[120, 106]",sequential,chance,chance,"[1.0, 1.0]","[0.5, 1.0]","[0.5, 1.0]","[0.5, 1.0]","[0.625, 0.0]","[0.375, 0.0]",[[0]],[[1]],[[2]],"(0, 12)","(12, 21)","(12, 21)",{},{},{},"['A', 'B']",[],[],0,0,3,3,3,2,A,,,,,,,A,,,,,"{'rtype': 'd', 'rtimedn': 0.835, 'rtimeup': 1.148}",,,,,,,"{'rtype': 'select-node', 'rtimedn': 24.176, 'rtimeup': 24.176}",,,,
,,14,2,34,1733362431,BDG-216-2442,TREE-1.2-0.0-0.0,"['21b845c3-a442-4b4c-93cb-0a0ba2341d7c', '76580d50-ff14-4de9-9ed1-c2783f23e0e6']","['robot', 'participant']","['cross', 'hour-glass']","['hsla(331, 72%, 38%, 1.0)', 'hsla(17, 54%, 38%, 1.0)']","[[1.0, 0.16216216216216214], [0.16216216216216214, 1.0]]","{0: '', 1: 'A', 2: 'B'}",,2,after,"[False, True]","{'max': 21, 'min': 21, 'avg': 21.0, 'root': 12}","[0, -10]","[143, 123]",sequential,chance,chance,"[1.0, 1.0]","[0.5, 1.0]","[0.5, 1.0]","[0.5, 1.0]","[0.375, 0.0]","[0.625, 0.0]",[[0]],[[1]],[[2]],"(0, 12)","(12, 21)","(12, 21)",{},{},{},"['A', 'B']",[],[],0,0,2,4,4,2,B,,,,,,,B,,,,,"{'rtype': 'a', 'rtimedn': 1.042, 'rtimeup': 2.584}",,,,,,,"{'rtype': 'select-node', 'rtimedn': 24.461, 'rtimeup': 24.461}",,,,
,,14,3,34,1733362428,BDG-523-5154,TREE-1.2-0.0-0.0,"['7de4ef96-172a-4085-b149-88c19285b153', '72e39ba0-5883-4127-9a92-751fa5bdeb21']","['participant', 'participant']","['round-square', 'pentagon']","['hsla(29, 82%, 51%, 1.0)', 'hsla(69, 84%, 47%, 1.0)']","[[1.0, 0.18243243243243246], [0.18243243243243246, 1.0]]","{0: '', 1: 'A', 2: 'B'}",,2,after,"[True, True]","{'max': 21, 'min': 21, 'avg': 21.0, 'root': 12}","[-10, -10]","[139, 143]",sequential,chance,chance,"[1.0, 1.0]","[0.5, 1.0]","[0.5, 1.0]","[0.5, 1.0]","[0.625, 0.0]","[0.375, 0.0]",[[0]],[[1]],[[2]],"(0, 12)","(12, 21)","(12, 21)",{},{},{},"['A', 'B']",[],[],0,0,5,1,5,4,B,,,,,,,B,,,,,"{'rtype': 'select-node', 'rtimedn': 22.251, 'rtimeup': 22.251}",,,,,,,"{'rtype': 'select-node', 'rtimedn': 24.319, 'rtimeup': 24.319}",,,,
,,15,0,34,1733362440,BDG-048-1254,TREE-1.2-0.0-0.0,"['7de4ef96-172a-4085-b149-88c19285b153', '21b845c3-a442-4b4c-93cb-0a0ba2341d7c']","['participant', 'robot']","['round-square', 'cross']","['hsla(29, 82%, 51%, 1.0)', 'hsla(331, 72%, 38%, 1.0)']","[[1.0, 0.21235521235521237], [0.21235521235521237, 1.0]]","{0: '', 1: 'A', 2: 'B'}",,2,after,"[True, False]","{'max': 21, 'min': 21, 'avg': 21.0, 'root': 12}","[-10, 0]","[139, 143]",sequential,chance,chance,"[1.0, 1.0]","[0.5, 1.0]","[0.5, 1.0]","[0.5, 1.0]","[0.375, 0.0]","[0.625, 0.0]",[[0]],[[1]],[[2]],"(0, 12)","(12, 21)","(12, 21)",{},{},{},"['A', 'B']",[],[],0,0,1,2,5,4,B,,,,,,,B,,,,,"{'rtype': 'select-node', 'rtimedn': 23.395, 'rtimeup': 23.395}",,,,,,,"{'rtype': 'd', 'rtimedn': 5.177, 'rtimeup': 5.69}",,,,
,,15,1,34,1733362439,BDG-589-5435,TREE-1.2-0.0-0.0,"['76580d50-ff14-4de9-9ed1-c2783f23e0e6', '72e39ba0-5883-4127-9a92-751fa5bdeb21']","['participant', 'participant']","['hour-glass', 'pentagon']","['hsla(17, 54%, 38%, 1.0)', 'hsla(69, 84%, 47%, 1.0)']","[[1.0, 0.21235521235521237], [0.21235521235521237, 1.0]]","{0: '', 1: 'A', 2: 'B'}",,1,after,"[True, True]","{'max': 21, 'min': 21, 'avg': 21.0, 'root': 12}","[-10, -10]","[123, 143]",sequential,chance,chance,"[1.0, 1.0]","[0.5, 1.0]","[0.5, 1.0]","[0.5, 1.0]","[0.625, 0.0]","[0.375, 0.0]",[[0]],[[1]],[[2]],"(0, 12)","(12, 21)","(12, 21)",{},{},{},"['A', 'B']",[],[],0,0,5,4,3,5,A,,,,,,,A,,,,,"{'rtype': 'select-node', 'rtimedn': 25.305, 'rtimeup': 25.305}",,,,,,,"{'rtype': 'select-node', 'rtimedn': 25.374, 'rtimeup': 25.374}",,,,
,,15,2,34,1733362437,BDG-358-3524,TREE-1.2-0.0-0.0,"['ba89ee93-22db-46a7-843b-82800ff2fce2', 'a7129ad1-6672-400a-ac03-bb3bf99deb5c']","['participant', 'robot']","['two-triangle', 'stop-sign']","['hsla(321, 65%, 53%, 1.0)', 'hsla(153, 85%, 54%, 1.0)']","[[1.0, 0.18243243243243246], [0.18243243243243246, 1.0]]","{0: '', 1: 'A', 2: 'B'}",,2,after,"[True, False]","{'max': 21, 'min': 21, 'avg': 21.0, 'root': 12}","[-10, 0]","[118, 120]",sequential,chance,chance,"[1.0, 1.0]","[0.5, 1.0]","[0.5, 1.0]","[0.5, 1.0]","[0.375, 0.0]","[0.625, 0.0]",[[0]],[[1]],[[2]],"(0, 12)","(12, 21)","(12, 21)",{},{},{},"['A', 'B']",[],[],0,0,3,5,2,4,B,,,,,,,A,,,,,"{'rtype': 'select-node', 'rtimedn': 24.309, 'rtimeup': 24.309}",,,,,,,"{'rtype': 'a', 'rtimedn': 3.514, 'rtimeup': 4.258}",,,,
,,15,3,34,1733362442,BDG-290-3241,TREE-1.2-0.0-0.0,"['bbbae001-3deb-4cbd-bbf8-7bd5418ef05c', '8248f477-cfc2-4ef4-99c5-11826574317e']","['participant', 'participant']","['stop-sign', 'moon']","['hsla(185, 84%, 64%, 1.0)', 'hsla(124, 52%, 49%, 1.0)']","[[1.0, 0.009893822393822393], [0.009893822393822393, 1.0]]","{0: '', 1: 'A', 2: 'B'}",,2,after,"[True, True]","{'max': 21, 'min': 21, 'avg': 21.0, 'root': 12}","[-10, -10]","[106, 135]",sequential,chance,chance,"[1.0, 1.0]","[0.5, 1.0]","[0.5, 1.0]","[0.5, 1.0]","[0.375, 0.0]","[0.625, 0.0]",[[0]],[[1]],[[2]],"(0, 12)","(12, 21)","(12, 21)",{},{},{},"['A', 'B']",[],[],0,0,3,2,4,1,B,,,,,,,B,,,,,"{'rtype': 'select-node', 'rtimedn': 25.192, 'rtimeup': 25.192}",,,,,,,"{'rtype': 'select-node', 'rtimedn': 25.603, 'rtimeup': 25.603}",,,,
,,16,0,34,1733362450,BDG-418-4244,TREE-1.2-0.0-0.0,"['7de4ef96-172a-4085-b149-88c19285b153', '21b845c3-a442-4b4c-93cb-0a0ba2341d7c']","['participant', 'robot']","['round-square', 'cross']","['hsla(29, 82%, 51%, 1.0)', 'hsla(331, 72%, 38%, 1.0)']","[[1.0, 0.21235521235521237], [0.21235521235521237, 1.0]]","{0: '', 1: 'A', 2: 'B'}",,2,after,"[True, False]","{'max': 21, 'min': 21, 'avg': 21.0, 'root': 12}","[-10, 0]","[139, 143]",sequential,chance,chance,"[1.0, 1.0]","[0.5, 1.0]","[0.5, 1.0]","[0.5, 1.0]","[0.375, 0.0]","[0.625, 0.0]",[[0]],[[1]],[[2]],"(0, 12)","(12, 21)","(12, 21)",{},{},{},"['A', 'B']",[],[],0,0,4,2,4,4,B,,,,,,,B,,,,,"{'rtype': 'select-node', 'rtimedn': 24.381, 'rtimeup': 24.381}",,,,,,,"{'rtype': 'a', 'rtimedn': 0.255, 'rtimeup': 3.215}",,,,
,,16,1,34,1733362453,BDG-289-3235,TREE-1.2-0.0-0.0,"['8248f477-cfc2-4ef4-99c5-11826574317e', 'ba89ee93-22db-46a7-843b-82800ff2fce2']","['participant', 'participant']","['moon', 'two-triangle']","['hsla(124, 52%, 49%, 1.0)', 'hsla(321, 65%, 53%, 1.0)']","[[1.0, 0.21235521235521237], [0.21235521235521237, 1.0]]","{0: '', 1: 'A', 2: 'B'}",,2,after,"[True, True]","{'max': 21, 'min': 21, 'avg': 21.0, 'root': 12}","[-10, -10]","[135, 118]",sequential,chance,chance,"[1.0, 1.0]","[0.5, 1.0]","[0.5, 1.0]","[0.5, 1.0]","[0.625, 0.0]","[0.375, 0.0]",[[0]],[[1]],[[2]],"(0, 12)","(12, 21)","(12, 21)",{},{},{},"['A', 'B']",[],[],0,0,3,2,3,5,B,,,,,,,B,,,,,"{'rtype': 'select-node', 'rtimedn': 26.465, 'rtimeup': 26.465}",,,,,,,"{'rtype': 'select-node', 'rtimedn': 25.916, 'rtimeup': 25.916}",,,,
,,16,2,34,1733362450,BDG-149-2155,TREE-1.2-0.0-0.0,"['72e39ba0-5883-4127-9a92-751fa5bdeb21', '76580d50-ff14-4de9-9ed1-c2783f23e0e6']","['participant', 'participant']","['pentagon', 'hour-glass']","['hsla(69, 84%, 47%, 1.0)', 'hsla(17, 54%, 38%, 1.0)']","[[1.0, 0.21235521235521237], [0.21235521235521237, 1.0]]","{0: '', 1: 'A', 2: 'B'}",,2,after,"[True, True]","{'max': 21, 'min': 21, 'avg': 21.0, 'root': 12}","[-10, -10]","[143, 123]",sequential,chance,chance,"[1.0, 1.0]","[0.5, 1.0]","[0.5, 1.0]","[0.5, 1.0]","[0.625, 0.0]","[0.375, 0.0]",[[0]],[[1]],[[2]],"(0, 12)","(12, 21)","(12, 21)",{},{},{},"['A', 'B']",[],[],0,0,2,1,5,5,B,,,,,,,B,,,,,"{'rtype': 'select-node', 'rtimedn': 26.42, 'rtimeup': 26.42}",,,,,,,"{'rtype': 'select-node', 'rtimedn': 26.424, 'rtimeup': 26.424}",,,,
,,16,3,34,1733362450,BDG-356-3522,TREE-1.2-0.0-0.0,"['a7129ad1-6672-400a-ac03-bb3bf99deb5c', 'bbbae001-3deb-4cbd-bbf8-7bd5418ef05c']","['robot', 'participant']","['stop-sign', 'stop-sign']","['hsla(153, 85%, 54%, 1.0)', 'hsla(185, 84%, 64%, 1.0)']","[[1.0, 0.21235521235521237], [0.21235521235521237, 1.0]]","{0: '', 1: 'A', 2: 'B'}",,1,after,"[False, True]","{'max': 21, 'min': 21, 'avg': 21.0, 'root': 12}","[0, -10]","[120, 106]",sequential,chance,chance,"[1.0, 1.0]","[0.5, 1.0]","[0.5, 1.0]","[0.5, 1.0]","[0.625, 0.0]","[0.375, 0.0]",[[0]],[[1]],[[2]],"(0, 12)","(12, 21)","(12, 21)",{},{},{},"['A', 'B']",[],[],0,0,3,5,2,2,A,,,,,,,A,,,,,"{'rtype': 'a', 'rtimedn': 0.558, 'rtimeup': 0.811}",,,,,,,"{'rtype': 'select-node', 'rtimedn': 26.154, 'rtimeup': 26.154}",,,,
,,17,0,34,1733362461,BDG-619-5545,TREE-1.2-0.0-0.0,"['8248f477-cfc2-4ef4-99c5-11826574317e', '7de4ef96-172a-4085-b149-88c19285b153']","['participant', 'participant']","['moon', 'round-square']","['hsla(124, 52%, 49%, 1.0)', 'hsla(29, 82%, 51%, 1.0)']","[[1.0, 0.11124517374517374], [0.11124517374517374, 1.0]]","{0: '', 1: 'A', 2: 'B'}",,1,after,"[True, True]","{'max': 21, 'min': 21, 'avg': 21.0, 'root': 12}","[-10, -10]","[135, 139]",sequential,chance,chance,"[1.0, 1.0]","[0.5, 1.0]","[0.5, 1.0]","[0.5, 1.0]","[0.625, 0.0]","[0.375, 0.0]",[[0]],[[1]],[[2]],"(0, 12)","(12, 21)","(12, 21)",{},{},{},"['A', 'B']",[],[],0,0,5,5,4,5,A,,,,,,,A,,,,,"{'rtype': 'select-node', 'rtimedn': 27.556, 'rtimeup': 27.556}",,,,,,,"{'rtype': 'select-node', 'rtimedn': 25.52, 'rtimeup': 25.52}",,,,
,,17,1,34,1733362462,BDG-291-3242,TREE-1.2-0.0-0.0,"['ba89ee93-22db-46a7-843b-82800ff2fce2', 'a7129ad1-6672-400a-ac03-bb3bf99deb5c']","['participant', 'robot']","['two-triangle', 'stop-sign']","['hsla(321, 65%, 53%, 1.0)', 'hsla(153, 85%, 54%, 1.0)']","[[1.0, 0.18243243243243246], [0.18243243243243246, 1.0]]","{0: '', 1: 'A', 2: 'B'}",,2,after,"[True, False]","{'max': 21, 'min': 21, 'avg': 21.0, 'root': 12}","[-10, 0]","[118, 120]",sequential,chance,chance,"[1.0, 1.0]","[0.5, 1.0]","[0.5, 1.0]","[0.5, 1.0]","[0.375, 0.0]","[0.625, 0.0]",[[0]],[[1]],[[2]],"(0, 12)","(12, 21)","(12, 21)",{},{},{},"['A', 'B']",[],[],0,0,3,2,4,2,B,,,,,,,B,,,,,"{'rtype': 'select-node', 'rtimedn': 26.822, 'rtimeup': 26.822}",,,,,,,"{'rtype': 'd', 'rtimedn': 1.858, 'rtimeup': 2.066}",,,,
,,17,2,34,1733362461,BDG-064-1335,TREE-1.2-0.0-0.0,"['bbbae001-3deb-4cbd-bbf8-7bd5418ef05c', '21b845c3-a442-4b4c-93cb-0a0ba2341d7c']","['participant', 'robot']","['stop-sign', 'cross']","['hsla(185, 84%, 64%, 1.0)', 'hsla(331, 72%, 38%, 1.0)']","[[1.0, 0.11124517374517374], [0.11124517374517374, 1.0]]","{0: '', 1: 'A', 2: 'B'}",,2,after,"[True, False]","{'max': 21, 'min': 21, 'avg': 21.0, 'root': 12}","[-10, 0]","[106, 143]",sequential,chance,chance,"[1.0, 1.0]","[0.5, 1.0]","[0.5, 1.0]","[0.5, 1.0]","[0.625, 0.0]","[0.375, 0.0]",[[0]],[[1]],[[2]],"(0, 12)","(12, 21)","(12, 21)",{},{},{},"['A', 'B']",[],[],0,0,1,3,3,5,B,,,,,,,B,,,,,"{'rtype': 'select-node', 'rtimedn': 27.265, 'rtimeup': 27.265}",,,,,,,"{'rtype': 'a', 'rtimedn': 3.549, 'rtimeup': 5.347}",,,,
,,17,3,34,1733362462,BDG-142-2143,TREE-1.2-0.0-0.0,"['76580d50-ff14-4de9-9ed1-c2783f23e0e6', '72e39ba0-5883-4127-9a92-751fa5bdeb21']","['participant', 'participant']","['hour-glass', 'pentagon']","['hsla(17, 54%, 38%, 1.0)', 'hsla(69, 84%, 47%, 1.0)']","[[1.0, 0.21235521235521237], [0.21235521235521237, 1.0]]","{0: '', 1: 'A', 2: 'B'}",,2,after,"[True, True]","{'max': 21, 'min': 21, 'avg': 21.0, 'root': 12}","[-10, -10]","[123, 143]",sequential,chance,chance,"[1.0, 1.0]","[0.5, 1.0]","[0.5, 1.0]","[0.5, 1.0]","[0.375, 0.0]","[0.625, 0.0]",[[0]],[[1]],[[2]],"(0, 12)","(12, 21)","(12, 21)",{},{},{},"['A', 'B']",[],[],0,0,2,1,4,3,B,,,,,,,B,,,,,"{'rtype': 'select-node', 'rtimedn': 27.611, 'rtimeup': 27.611}",,,,,,,"{'rtype': 'select-node', 'rtimedn': 27.563, 'rtimeup': 27.563}",,,,
,,18,0,34,1733362472,BDG-429-4315,TREE-1.2-0.0-0.0,"['bbbae001-3deb-4cbd-bbf8-7bd5418ef05c', '76580d50-ff14-4de9-9ed1-c2783f23e0e6']","['participant', 'participant']","['stop-sign', 'hour-glass']","['hsla(185, 84%, 64%, 1.0)', 'hsla(17, 54%, 38%, 1.0)']","[[1.0, 0.18243243243243246], [0.18243243243243246, 1.0]]","{0: '', 1: 'A', 2: 'B'}",,1,after,"[True, True]","{'max': 21, 'min': 21, 'avg': 21.0, 'root': 12}","[-10, -10]","[106, 123]",sequential,chance,chance,"[1.0, 1.0]","[0.5, 1.0]","[0.5, 1.0]","[0.5, 1.0]","[0.625, 0.0]","[0.375, 0.0]",[[0]],[[1]],[[2]],"(0, 12)","(12, 21)","(12, 21)",{},{},{},"['A', 'B']",[],[],0,0,4,3,1,5,A,,,,,,,B,,,,,"{'rtype': 'select-node', 'rtimedn': 28.208, 'rtimeup': 28.208}",,,,,,,"{'rtype': 'select-node', 'rtimedn': 28.55, 'rtimeup': 28.55}",,,,
,,18,1,34,1733362472,BDG-431-4322,TREE-1.2-0.0-0.0,"['ba89ee93-22db-46a7-843b-82800ff2fce2', '72e39ba0-5883-4127-9a92-751fa5bdeb21']","['participant', 'participant']","['two-triangle', 'pentagon']","['hsla(321, 65%, 53%, 1.0)', 'hsla(69, 84%, 47%, 1.0)']","[[1.0, 0.11124517374517374], [0.11124517374517374, 1.0]]","{0: '', 1: 'A', 2: 'B'}",,2,after,"[True, True]","{'max': 21, 'min': 21, 'avg': 21.0, 'root': 12}","[-10, -10]","[118, 143]",sequential,chance,chance,"[1.0, 1.0]","[0.5, 1.0]","[0.5, 1.0]","[0.5, 1.0]","[0.375, 0.0]","[0.625, 0.0]",[[0]],[[1]],[[2]],"(0, 12)","(12, 21)","(12, 21)",{},{},{},"['A', 'B']",[],[],0,0,4,3,2,2,B,,,,,,,A,,,,,"{'rtype': 'select-node', 'rtimedn': 27.833, 'rtimeup': 27.833}",,,,,,,"{'rtype': 'select-node', 'rtimedn': 28.594, 'rtimeup': 28.594}",,,,
,,18,2,34,1733362470,BDG-447-4353,TREE-1.2-0.0-0.0,"['a7129ad1-6672-400a-ac03-bb3bf99deb5c', '8248f477-cfc2-4ef4-99c5-11826574317e']","['robot', 'participant']","['stop-sign', 'moon']","['hsla(153, 85%, 54%, 1.0)', 'hsla(124, 52%, 49%, 1.0)']","[[1.0, 0.16216216216216214], [0.16216216216216214, 1.0]]","{0: '', 1: 'A', 2: 'B'}",,1,after,"[False, True]","{'max': 21, 'min': 21, 'avg': 21.0, 'root': 12}","[0, -10]","[120, 135]",sequential,chance,chance,"[1.0, 1.0]","[0.5, 1.0]","[0.5, 1.0]","[0.5, 1.0]","[0.625, 0.0]","[0.375, 0.0]",[[0]],[[1]],[[2]],"(0, 12)","(12, 21)","(12, 21)",{},{},{},"['A', 'B']",[],[],0,0,4,3,5,3,A,,,,,,,B,,,,,"{'rtype': 'd', 'rtimedn': 6.299, 'rtimeup': 8.376}",,,,,,,"{'rtype': 'select-node', 'rtimedn': 28.476, 'rtimeup': 28.476}",,,,
,,18,3,34,1733362470,BDG-330-3421,TREE-1.2-0.0-0.0,"['7de4ef96-172a-4085-b149-88c19285b153', '21b845c3-a442-4b4c-93cb-0a0ba2341d7c']","['participant', 'robot']","['round-square', 'cross']","['hsla(29, 82%, 51%, 1.0)', 'hsla(331, 72%, 38%, 1.0)']","[[1.0, 0.21235521235521237], [0.21235521235521237, 1.0]]","{0: '', 1: 'A', 2: 'B'}",,1,after,"[True, False]","{'max': 21, 'min': 21, 'avg': 21.0, 'root': 12}","[-10, 0]","[139, 143]",sequential,chance,chance,"[1.0, 1.0]","[0.5, 1.0]","[0.5, 1.0]","[0.5, 1.0]","[0.625, 0.0]","[0.375, 0.0]",[[0]],[[1]],[[2]],"(0, 12)","(12, 21)","(12, 21)",{},{},{},"['A', 'B']",[],[],0,0,3,4,2,1,A,,,,,,,A,,,,,"{'rtype': 'select-node', 'rtimedn': 26.424, 'rtimeup': 26.424}",,,,,,,"{'rtype': 'a', 'rtimedn': 1.203, 'rtimeup': 2.608}",,,,
,,19,0,34,1733362480,BDG-393-4144,TREE-1.2-0.0-0.0,"['bbbae001-3deb-4cbd-bbf8-7bd5418ef05c', '7de4ef96-172a-4085-b149-88c19285b153']","['participant', 'participant']","['stop-sign', 'round-square']","['hsla(185, 84%, 64%, 1.0)', 'hsla(29, 82%, 51%, 1.0)']","[[1.0, 0.19956563706563707], [0.19956563706563707, 1.0]]","{0: '', 1: 'A', 2: 'B'}",,2,after,"[True, True]","{'max': 21, 'min': 21, 'avg': 21.0, 'root': 12}","[-10, -10]","[106, 139]",sequential,chance,chance,"[1.0, 1.0]","[0.5, 1.0]","[0.5, 1.0]","[0.5, 1.0]","[0.625, 0.0]","[0.375, 0.0]",[[0]],[[1]],[[2]],"(0, 12)","(12, 21)","(12, 21)",{},{},{},"['A', 'B']",[],[],0,0,4,1,4,4,B,,,,,,,B,,,,,"{'rtype': 'select-node', 'rtimedn': 29.196, 'rtimeup': 29.196}",,,,,,,"{'rtype': 'select-node', 'rtimedn': 27.436, 'rtimeup': 27.436}",,,,
,,19,1,34,1733362482,BDG-491-4542,TREE-1.2-0.0-0.0,"['76580d50-ff14-4de9-9ed1-c2783f23e0e6', '21b845c3-a442-4b4c-93cb-0a0ba2341d7c']","['participant', 'robot']","['hour-glass', 'cross']","['hsla(17, 54%, 38%, 1.0)', 'hsla(331, 72%, 38%, 1.0)']","[[1.0, 0.16216216216216214], [0.16216216216216214, 1.0]]","{0: '', 1: 'A', 2: 'B'}",,1,after,"[True, False]","{'max': 21, 'min': 21, 'avg': 21.0, 'root': 12}","[-10, 0]","[123, 143]",sequential,chance,chance,"[1.0, 1.0]","[0.5, 1.0]","[0.5, 1.0]","[0.5, 1.0]","[0.375, 0.0]","[0.625, 0.0]",[[0]],[[1]],[[2]],"(0, 12)","(12, 21)","(12, 21)",{},{},{},"['A', 'B']",[],[],0,0,4,5,4,2,A,,,,,,,A,,,,,"{'rtype': 'select-node', 'rtimedn': 29.564, 'rtimeup': 29.564}",,,,,,,"{'rtype': 'a', 'rtimedn': 2.016, 'rtimeup': 2.849}",,,,
,,19,2,34,1733362484,BDG-082-1423,TREE-1.2-0.0-0.0,"['72e39ba0-5883-4127-9a92-751fa5bdeb21', 'ba89ee93-22db-46a7-843b-82800ff2fce2']","['participant', 'participant']","['pentagon', 'two-triangle']","['hsla(69, 84%, 47%, 1.0)', 'hsla(321, 65%, 53%, 1.0)']","[[1.0, 0.11124517374517374], [0.11124517374517374, 1.0]]","{0: '', 1: 'A', 2: 'B'}",,2,after,"[True, True]","{'max': 21, 'min': 21, 'avg': 21.0, 'root': 12}","[-10, -10]","[143, 118]",sequential,chance,chance,"[1.0, 1.0]","[0.5, 1.0]","[0.5, 1.0]","[0.5, 1.0]","[0.625, 0.0]","[0.375, 0.0]",[[0]],[[1]],[[2]],"(0, 12)","(12, 21)","(12, 21)",{},{},{},"['A', 'B']",[],[],0,0,1,4,2,3,B,,,,,,,B,,,,,"{'rtype': 'select-node', 'rtimedn': 29.479, 'rtimeup': 29.479}",,,,,,,"{'rtype': 'select-node', 'rtimedn': 29.035, 'rtimeup': 29.035}",,,,
,,19,3,34,1733362481,BDG-191-2342,TREE-1.2-0.0-0.0,"['8248f477-cfc2-4ef4-99c5-11826574317e', 'a7129ad1-6672-400a-ac03-bb3bf99deb5c']","['participant', 'robot']","['moon', 'stop-sign']","['hsla(124, 52%, 49%, 1.0)', 'hsla(153, 85%, 54%, 1.0)']","[[1.0, 0.16216216216216214], [0.16216216216216214, 1.0]]","{0: '', 1: 'A', 2: 'B'}",,2,after,"[True, False]","{'max': 21, 'min': 21, 'avg': 21.0, 'root': 12}","[-10, 0]","[135, 120]",sequential,chance,chance,"[1.0, 1.0]","[0.5, 1.0]","[0.5, 1.0]","[0.5, 1.0]","[0.625, 0.0]","[0.375, 0.0]",[[0]],[[1]],[[2]],"(0, 12)","(12, 21)","(12, 21)",{},{},{},"['A', 'B']",[],[],0,0,2,3,4,2,B,,,,,,,B,,,,,"{'rtype': 'select-node', 'rtimedn': 29.578, 'rtimeup': 29.578}",,,,,,,"{'rtype': 'd', 'rtimedn': 6.542, 'rtimeup': 7.929}",,,,
,,20,0,34,1733362493,BDG-242-2543,TREE-1.2-0.0-0.0,"['76580d50-ff14-4de9-9ed1-c2783f23e0e6', '7de4ef96-172a-4085-b149-88c19285b153']","['participant', 'participant']","['hour-glass', 'round-square']","['hsla(17, 54%, 38%, 1.0)', 'hsla(29, 82%, 51%, 1.0)']","[[1.0, 0.12234555984555985], [0.12234555984555985, 1.0]]","{0: '', 1: 'A', 2: 'B'}",,2,after,"[True, True]","{'max': 21, 'min': 21, 'avg': 21.0, 'root': 12}","[-10, -10]","[123, 139]",sequential,chance,chance,"[1.0, 1.0]","[0.5, 1.0]","[0.5, 1.0]","[0.5, 1.0]","[0.625, 0.0]","[0.375, 0.0]",[[0]],[[1]],[[2]],"(0, 12)","(12, 21)","(12, 21)",{},{},{},"['A', 'B']",[],[],0,0,2,5,4,3,B,,,,,,,A,,,,,"{'rtype': 'select-node', 'rtimedn': 30.646, 'rtimeup': 30.646}",,,,,,,"{'rtype': 'select-node', 'rtimedn': 28.682, 'rtimeup': 28.682}",,,,
,,20,1,34,1733362487,BDG-496-4552,TREE-1.2-0.0-0.0,"['21b845c3-a442-4b4c-93cb-0a0ba2341d7c', 'a7129ad1-6672-400a-ac03-bb3bf99deb5c']","['robot', 'robot']","['cross', 'stop-sign']","['hsla(331, 72%, 38%, 1.0)', 'hsla(153, 85%, 54%, 1.0)']","[[1.0, 0.12234555984555985], [0.12234555984555985, 1.0]]","{0: '', 1: 'A', 2: 'B'}",,2,after,"[False, False]","{'max': 21, 'min': 21, 'avg': 21.0, 'root': 12}","[0, 0]","[143, 120]",sequential,chance,chance,"[1.0, 1.0]","[0.5, 1.0]","[0.5, 1.0]","[0.5, 1.0]","[0.625, 0.0]","[0.375, 0.0]",[[0]],[[1]],[[2]],"(0, 12)","(12, 21)","(12, 21)",{},{},{},"['A', 'B']",[],[],0,0,4,5,5,2,B,,,,,,,B,,,,,"{'rtype': 'd', 'rtimedn': 2.399, 'rtimeup': 3.534}",,,,,,,"{'rtype': 'a', 'rtimedn': 0.238, 'rtimeup': 1.589}",,,,
,,20,2,34,1733362495,BDG-031-1222,TREE-1.2-0.0-0.0,"['8248f477-cfc2-4ef4-99c5-11826574317e', 'ba89ee93-22db-46a7-843b-82800ff2fce2']","['participant', 'participant']","['moon', 'two-triangle']","['hsla(124, 52%, 49%, 1.0)', 'hsla(321, 65%, 53%, 1.0)']","[[1.0, 0.21235521235521237], [0.21235521235521237, 1.0]]","{0: '', 1: 'A', 2: 'B'}",,2,after,"[True, True]","{'max': 21, 'min': 21, 'avg': 21.0, 'root': 12}","[-10, -10]","[135, 118]",sequential,chance,chance,"[1.0, 1.0]","[0.5, 1.0]","[0.5, 1.0]","[0.5, 1.0]","[0.625, 0.0]","[0.375, 0.0]",[[0]],[[1]],[[2]],"(0, 12)","(12, 21)","(12, 21)",{},{},{},"['A', 'B']",[],[],0,0,1,2,2,2,B,,,,,,,B,,,,,"{'rtype': 'select-node', 'rtimedn': 30.944, 'rtimeup': 30.944}",,,,,,,"{'rtype': 'select-node', 'rtimedn': 30.032, 'rtimeup': 30.032}",,,,
,,20,3,34,1733362494,BDG-180-2321,TREE-1.2-0.0-0.0,"['bbbae001-3deb-4cbd-bbf8-7bd5418ef05c', '72e39ba0-5883-4127-9a92-751fa5bdeb21']","['participant', 'participant']","['stop-sign', 'pentagon']","['hsla(185, 84%, 64%, 1.0)', 'hsla(69, 84%, 47%, 1.0)']","[[1.0, 0.16216216216216214], [0.16216216216216214, 1.0]]","{0: '', 1: 'A', 2: 'B'}",,2,after,"[True, True]","{'max': 21, 'min': 21, 'avg': 21.0, 'root': 12}","[-10, -10]","[106, 143]",sequential,chance,chance,"[1.0, 1.0]","[0.5, 1.0]","[0.5, 1.0]","[0.5, 1.0]","[0.375, 0.0]","[0.625, 0.0]",[[0]],[[1]],[[2]],"(0, 12)","(12, 21)","(12, 21)",{},{},{},"['A', 'B']",[],[],0,0,2,3,2,1,B,,,,,,,A,,,,,"{'rtype': 'select-node', 'rtimedn': 30.568, 'rtimeup': 30.568}",,,,,,,"{'rtype': 'select-node', 'rtimedn': 30.692, 'rtimeup': 30.692}",,,,
,,21,0,34,1733362502,BDG-524-5155,TREE-1.2-0.0-0.0,"['a7129ad1-6672-400a-ac03-bb3bf99deb5c', '72e39ba0-5883-4127-9a92-751fa5bdeb21']","['robot', 'participant']","['stop-sign', 'pentagon']","['hsla(153, 85%, 54%, 1.0)', 'hsla(69, 84%, 47%, 1.0)']","[[1.0, 0.19956563706563707], [0.19956563706563707, 1.0]]","{0: '', 1: 'A', 2: 'B'}",,2,after,"[False, True]","{'max': 21, 'min': 21, 'avg': 21.0, 'root': 12}","[0, -10]","[120, 143]",sequential,chance,chance,"[1.0, 1.0]","[0.5, 1.0]","[0.5, 1.0]","[0.5, 1.0]","[0.625, 0.0]","[0.375, 0.0]",[[0]],[[1]],[[2]],"(0, 12)","(12, 21)","(12, 21)",{},{},{},"['A', 'B']",[],[],0,0,5,1,5,5,B,,,,,,,B,,,,,"{'rtype': 'd', 'rtimedn': 1.395, 'rtimeup': 1.998}",,,,,,,"{'rtype': 'select-node', 'rtimedn': 31.673, 'rtimeup': 31.673}",,,,
,,21,1,34,1733362505,BDG-155-2221,TREE-1.2-0.0-0.0,"['76580d50-ff14-4de9-9ed1-c2783f23e0e6', '8248f477-cfc2-4ef4-99c5-11826574317e']","['participant', 'participant']","['hour-glass', 'moon']","['hsla(17, 54%, 38%, 1.0)', 'hsla(124, 52%, 49%, 1.0)']","[[1.0, 0.19956563706563707], [0.19956563706563707, 1.0]]","{0: '', 1: 'A', 2: 'B'}",,2,after,"[True, True]","{'max': 21, 'min': 21, 'avg': 21.0, 'root': 12}","[-10, -10]","[123, 135]",sequential,chance,chance,"[1.0, 1.0]","[0.5, 1.0]","[0.5, 1.0]","[0.5, 1.0]","[0.625, 0.0]","[0.375, 0.0]",[[0]],[[1]],[[2]],"(0, 12)","(12, 21)","(12, 21)",{},{},{},"['A', 'B']",[],[],0,0,2,2,2,1,B,,,,,,,A,,,,,"{'rtype': 'select-node', 'rtimedn': 31.872, 'rtimeup': 31.872}",,,,,,,"{'rtype': 'select-node', 'rtimedn': 31.686, 'rtimeup': 31.686}",,,,
,,21,2,34,1733362502,BDG-272-3153,TREE-1.2-0.0-0.0,"['21b845c3-a442-4b4c-93cb-0a0ba2341d7c', '7de4ef96-172a-4085-b149-88c19285b153']","['robot', 'participant']","['cross', 'round-square']","['hsla(331, 72%, 38%, 1.0)', 'hsla(29, 82%, 51%, 1.0)']","[[1.0, 0.21235521235521237], [0.21235521235521237, 1.0]]","{0: '', 1: 'A', 2: 'B'}",,1,after,"[False, True]","{'max': 21, 'min': 21, 'avg': 21.0, 'root': 12}","[0, -10]","[143, 139]",sequential,chance,chance,"[1.0, 1.0]","[0.5, 1.0]","[0.5, 1.0]","[0.5, 1.0]","[0.375, 0.0]","[0.625, 0.0]",[[0]],[[1]],[[2]],"(0, 12)","(12, 21)","(12, 21)",{},{},{},"['A', 'B']",[],[],0,0,3,1,5,3,A,,,,,,,B,,,,,"{'rtype': 'd', 'rtimedn': 0.108, 'rtimeup': 0.711}",,,,,,,"{'rtype': 'select-node', 'rtimedn': 29.666, 'rtimeup': 29.666}",,,,
,,21,3,34,1733362504,BDG-045-1251,TREE-1.2-0.0-0.0,"['ba89ee93-22db-46a7-843b-82800ff2fce2', 'bbbae001-3deb-4cbd-bbf8-7bd5418ef05c']","['participant', 'participant']","['two-triangle', 'stop-sign']","['hsla(321, 65%, 53%, 1.0)', 'hsla(185, 84%, 64%, 1.0)']","[[1.0, 0.12234555984555985], [0.12234555984555985, 1.0]]","{0: '', 1: 'A', 2: 'B'}",,1,after,"[True, True]","{'max': 21, 'min': 21, 'avg': 21.0, 'root': 12}","[-10, -10]","[118, 106]",sequential,chance,chance,"[1.0, 1.0]","[0.5, 1.0]","[0.5, 1.0]","[0.5, 1.0]","[0.375, 0.0]","[0.625, 0.0]",[[0]],[[1]],[[2]],"(0, 12)","(12, 21)","(12, 21)",{},{},{},"['A', 'B']",[],[],0,0,1,2,5,1,A,,,,,,,A,,,,,"{'rtype': 'select-node', 'rtimedn': 30.884, 'rtimeup': 30.884}",,,,,,,"{'rtype': 'select-node', 'rtimedn': 31.574, 'rtimeup': 31.574}",,,,
,,22,0,34,1733362515,BDG-535-5231,TREE-1.2-0.0-0.0,"['a7129ad1-6672-400a-ac03-bb3bf99deb5c', 'bbbae001-3deb-4cbd-bbf8-7bd5418ef05c']","['robot', 'participant']","['stop-sign', 'stop-sign']","['hsla(153, 85%, 54%, 1.0)', 'hsla(185, 84%, 64%, 1.0)']","[[1.0, 0.21235521235521237], [0.21235521235521237, 1.0]]","{0: '', 1: 'A', 2: 'B'}",,2,after,"[False, True]","{'max': 21, 'min': 21, 'avg': 21.0, 'root': 12}","[0, -10]","[120, 106]",sequential,chance,chance,"[1.0, 1.0]","[0.5, 1.0]","[0.5, 1.0]","[0.5, 1.0]","[0.625, 0.0]","[0.375, 0.0]",[[0]],[[1]],[[2]],"(0, 12)","(12, 21)","(12, 21)",{},{},{},"['A', 'B']",[],[],0,0,5,2,3,1,B,,,,,,,A,,,,,"{'rtype': 'd', 'rtimedn': 2.456, 'rtimeup': 2.714}",,,,,,,"{'rtype': 'select-node', 'rtimedn': 32.698, 'rtimeup': 32.698}",,,,
,,22,1,34,1733362518,BDG-592-5443,TREE-1.2-0.0-0.0,"['76580d50-ff14-4de9-9ed1-c2783f23e0e6', '8248f477-cfc2-4ef4-99c5-11826574317e']","['participant', 'participant']","['hour-glass', 'moon']","['hsla(17, 54%, 38%, 1.0)', 'hsla(124, 52%, 49%, 1.0)']","[[1.0, 0.19956563706563707], [0.19956563706563707, 1.0]]","{0: '', 1: 'A', 2: 'B'}",,2,after,"[True, True]","{'max': 21, 'min': 21, 'avg': 21.0, 'root': 12}","[-10, -10]","[123, 135]",sequential,chance,chance,"[1.0, 1.0]","[0.5, 1.0]","[0.5, 1.0]","[0.5, 1.0]","[0.625, 0.0]","[0.375, 0.0]",[[0]],[[1]],[[2]],"(0, 12)","(12, 21)","(12, 21)",{},{},{},"['A', 'B']",[],[],0,0,5,4,4,3,B,,,,,,,A,,,,,"{'rtype': 'select-node', 'rtimedn': 33.169, 'rtimeup': 33.169}",,,,,,,"{'rtype': 'select-node', 'rtimedn': 32.844, 'rtimeup': 32.844}",,,,
,,22,2,34,1733362514,BDG-358-3524,TREE-1.2-0.0-0.0,"['72e39ba0-5883-4127-9a92-751fa5bdeb21', 'ba89ee93-22db-46a7-843b-82800ff2fce2']","['participant', 'participant']","['pentagon', 'two-triangle']","['hsla(69, 84%, 47%, 1.0)', 'hsla(321, 65%, 53%, 1.0)']","[[1.0, 0.11124517374517374], [0.11124517374517374, 1.0]]","{0: '', 1: 'A', 2: 'B'}",,1,after,"[True, True]","{'max': 21, 'min': 21, 'avg': 21.0, 'root': 12}","[-10, -10]","[143, 118]",sequential,chance,chance,"[1.0, 1.0]","[0.5, 1.0]","[0.5, 1.0]","[0.5, 1.0]","[0.375, 0.0]","[0.625, 0.0]",[[0]],[[1]],[[2]],"(0, 12)","(12, 21)","(12, 21)",{},{},{},"['A', 'B']",[],[],0,0,3,5,2,4,A,,,,,,,A,,,,,"{'rtype': 'select-node', 'rtimedn': 32.691, 'rtimeup': 32.691}",,,,,,,"{'rtype': 'select-node', 'rtimedn': 32.016, 'rtimeup': 32.016}",,,,
,,22,3,34,1733362513,BDG-092-1443,TREE-1.2-0.0-0.0,"['21b845c3-a442-4b4c-93cb-0a0ba2341d7c', '7de4ef96-172a-4085-b149-88c19285b153']","['robot', 'participant']","['cross', 'round-square']","['hsla(331, 72%, 38%, 1.0)', 'hsla(29, 82%, 51%, 1.0)']","[[1.0, 0.21235521235521237], [0.21235521235521237, 1.0]]","{0: '', 1: 'A', 2: 'B'}",,2,after,"[False, True]","{'max': 21, 'min': 21, 'avg': 21.0, 'root': 12}","[0, -10]","[143, 139]",sequential,chance,chance,"[1.0, 1.0]","[0.5, 1.0]","[0.5, 1.0]","[0.5, 1.0]","[0.625, 0.0]","[0.375, 0.0]",[[0]],[[1]],[[2]],"(0, 12)","(12, 21)","(12, 21)",{},{},{},"['A', 'B']",[],[],0,0,1,4,4,3,B,,,,,,,B,,,,,"{'rtype': 'd', 'rtimedn': 4.094, 'rtimeup': 6.212}",,,,,,,"{'rtype': 'select-node', 'rtimedn': 30.761, 'rtimeup': 30.761}",,,,
,,23,0,34,1733362527,BDG-360-3531,TREE-1.2-0.0-0.0,"['8248f477-cfc2-4ef4-99c5-11826574317e', 'ba89ee93-22db-46a7-843b-82800ff2fce2']","['participant', 'participant']","['moon', 'two-triangle']","['hsla(124, 52%, 49%, 1.0)', 'hsla(321, 65%, 53%, 1.0)']","[[1.0, 0.21235521235521237], [0.21235521235521237, 1.0]]","{0: '', 1: 'A', 2: 'B'}",,1,after,"[True, True]","{'max': 21, 'min': 21, 'avg': 21.0, 'root': 12}","[-10, -10]","[135, 118]",sequential,chance,chance,"[1.0, 1.0]","[0.5, 1.0]","[0.5, 1.0]","[0.5, 1.0]","[0.625, 0.0]","[0.375, 0.0]",[[0]],[[1]],[[2]],"(0, 12)","(12, 21)","(12, 21)",{},{},{},"['A', 'B']",[],[],0,0,3,5,3,1,A,,,,,,,B,,,,,"{'rtype': 'select-node', 'rtimedn': 34.1, 'rtimeup': 34.1}",,,,,,,"{'rtype': 'select-node', 'rtimedn': 33.122, 'rtimeup': 33.122}",,,,
,,23,1,34,1733362527,BDG-428-4314,TREE-1.2-0.0-0.0,"['a7129ad1-6672-400a-ac03-bb3bf99deb5c', 'bbbae001-3deb-4cbd-bbf8-7bd5418ef05c']","['robot', 'participant']","['stop-sign', 'stop-sign']","['hsla(153, 85%, 54%, 1.0)', 'hsla(185, 84%, 64%, 1.0)']","[[1.0, 0.21235521235521237], [0.21235521235521237, 1.0]]","{0: '', 1: 'A', 2: 'B'}",,1,after,"[False, True]","{'max': 21, 'min': 21, 'avg': 21.0, 'root': 12}","[0, -10]","[120, 106]",sequential,chance,chance,"[1.0, 1.0]","[0.5, 1.0]","[0.5, 1.0]","[0.5, 1.0]","[0.625, 0.0]","[0.375, 0.0]",[[0]],[[1]],[[2]],"(0, 12)","(12, 21)","(12, 21)",{},{},{},"['A', 'B']",[],[],0,0,4,3,1,4,A,,,,,,,A,,,,,"{'rtype': 'd', 'rtimedn': 4.658, 'rtimeup': 5.236}",,,,,,,"{'rtype': 'select-node', 'rtimedn': 33.938, 'rtimeup': 33.938}",,,,
,,23,2,34,1733362528,BDG-262-3133,TREE-1.2-0.0-0.0,"['76580d50-ff14-4de9-9ed1-c2783f23e0e6', '7de4ef96-172a-4085-b149-88c19285b153']","['participant', 'participant']","['hour-glass', 'round-square']","['hsla(17, 54%, 38%, 1.0)', 'hsla(29, 82%, 51%, 1.0)']","[[1.0, 0.12234555984555985], [0.12234555984555985, 1.0]]","{0: '', 1: 'A', 2: 'B'}",,1,after,"[True, True]","{'max': 21, 'min': 21, 'avg': 21.0, 'root': 12}","[-10, -10]","[123, 139]",sequential,chance,chance,"[1.0, 1.0]","[0.5, 1.0]","[0.5, 1.0]","[0.5, 1.0]","[0.625, 0.0]","[0.375, 0.0]",[[0]],[[1]],[[2]],"(0, 12)","(12, 21)","(12, 21)",{},{},{},"['A', 'B']",[],[],0,0,3,1,3,3,A,,,,,,,A,,,,,"{'rtype': 'select-node', 'rtimedn': 34.061, 'rtimeup': 34.061}",,,,,,,"{'rtype': 'select-node', 'rtimedn': 32.174, 'rtimeup': 32.174}",,,,
,,23,3,34,1733362525,BDG-620-5551,TREE-1.2-0.0-0.0,"['72e39ba0-5883-4127-9a92-751fa5bdeb21', '21b845c3-a442-4b4c-93cb-0a0ba2341d7c']","['participant', 'robot']","['pentagon', 'cross']","['hsla(69, 84%, 47%, 1.0)', 'hsla(331, 72%, 38%, 1.0)']","[[1.0, 0.009893822393822393], [0.009893822393822393, 1.0]]","{0: '', 1: 'A', 2: 'B'}",,1,after,"[True, False]","{'max': 21, 'min': 21, 'avg': 21.0, 'root': 12}","[-10, 0]","[143, 143]",sequential,chance,chance,"[1.0, 1.0]","[0.5, 1.0]","[0.5, 1.0]","[0.5, 1.0]","[0.625, 0.0]","[0.375, 0.0]",[[0]],[[1]],[[2]],"(0, 12)","(12, 21)","(12, 21)",{},{},{},"['A', 'B']",[],[],0,0,5,5,5,1,A,,,,,,,A,,,,,"{'rtype': 'select-node', 'rtimedn': 33.969, 'rtimeup': 33.969}",,,,,,,"{'rtype': 'a', 'rtimedn': 6.662, 'rtimeup': 7.602}",,,,
,,24,0,34,1733362539,BDG-502-5113,TREE-1.2-0.0-0.0,"['21b845c3-a442-4b4c-93cb-0a0ba2341d7c', 'bbbae001-3deb-4cbd-bbf8-7bd5418ef05c']","['robot', 'participant']","['cross', 'stop-sign']","['hsla(331, 72%, 38%, 1.0)', 'hsla(185, 84%, 64%, 1.0)']","[[1.0, 0.11124517374517374], [0.11124517374517374, 1.0]]","{0: '', 1: 'A', 2: 'B'}",,1,after,"[False, True]","{'max': 21, 'min': 21, 'avg': 21.0, 'root': 12}","[0, -10]","[143, 106]",sequential,chance,chance,"[1.0, 1.0]","[0.5, 1.0]","[0.5, 1.0]","[0.5, 1.0]","[0.625, 0.0]","[0.375, 0.0]",[[0]],[[1]],[[2]],"(0, 12)","(12, 21)","(12, 21)",{},{},{},"['A', 'B']",[],[],0,0,5,1,1,3,A,,,,,,,B,,,,,"{'rtype': 'd', 'rtimedn': 4.084, 'rtimeup': 4.136}",,,,,,,"{'rtype': 'select-node', 'rtimedn': 35.043, 'rtimeup': 35.043}",,,,
,,24,1,34,1733362537,BDG-241-2542,TREE-1.2-0.0-0.0,"['8248f477-cfc2-4ef4-99c5-11826574317e', 'ba89ee93-22db-46a7-843b-82800ff2fce2']","['participant', 'participant']","['moon', 'two-triangle']","['hsla(124, 52%, 49%, 1.0)', 'hsla(321, 65%, 53%, 1.0)']","[[1.0, 0.21235521235521237], [0.21235521235521237, 1.0]]","{0: '', 1: 'A', 2: 'B'}",,2,after,"[True, True]","{'max': 21, 'min': 21, 'avg': 21.0, 'root': 12}","[-10, -10]","[135, 118]",sequential,chance,chance,"[1.0, 1.0]","[0.5, 1.0]","[0.5, 1.0]","[0.5, 1.0]","[0.375, 0.0]","[0.625, 0.0]",[[0]],[[1]],[[2]],"(0, 12)","(12, 21)","(12, 21)",{},{},{},"['A', 'B']",[],[],0,0,2,5,4,2,B,,,,,,,A,,,,,"{'rtype': 'select-node', 'rtimedn': 35.181, 'rtimeup': 35.181}",,,,,,,"{'rtype': 'select-node', 'rtimedn': 34.132, 'rtimeup': 34.132}",,,,
,,24,2,34,1733362535,BDG-050-1311,TREE-1.2-0.0-0.0,"['72e39ba0-5883-4127-9a92-751fa5bdeb21', '7de4ef96-172a-4085-b149-88c19285b153']","['participant', 'participant']","['pentagon', 'round-square']","['hsla(69, 84%, 47%, 1.0)', 'hsla(29, 82%, 51%, 1.0)']","[[1.0, 0.18243243243243246], [0.18243243243243246, 1.0]]","{0: '', 1: 'A', 2: 'B'}",,1,after,"[True, True]","{'max': 21, 'min': 21, 'avg': 21.0, 'root': 12}","[-10, -10]","[143, 139]",sequential,chance,chance,"[1.0, 1.0]","[0.5, 1.0]","[0.5, 1.0]","[0.5, 1.0]","[0.375, 0.0]","[0.625, 0.0]",[[0]],[[1]],[[2]],"(0, 12)","(12, 21)","(12, 21)",{},{},{},"['A', 'B']",[],[],0,0,1,3,1,1,A,,,,,,,A,,,,,"{'rtype': 'select-node', 'rtimedn': 35.003, 'rtimeup': 35.003}",,,,,,,"{'rtype': 'select-node', 'rtimedn': 32.939, 'rtimeup': 32.939}",,,,
,,24,3,34,1733362537,BDG-606-5522,TREE-1.2-0.0-0.0,"['a7129ad1-6672-400a-ac03-bb3bf99deb5c', '76580d50-ff14-4de9-9ed1-c2783f23e0e6']","['robot', 'participant']","['stop-sign', 'hour-glass']","['hsla(153, 85%, 54%, 1.0)', 'hsla(17, 54%, 38%, 1.0)']","[[1.0, 0.11124517374517374], [0.11124517374517374, 1.0]]","{0: '', 1: 'A', 2: 'B'}",,2,after,"[False, True]","{'max': 21, 'min': 21, 'avg': 21.0, 'root': 12}","[0, -10]","[120, 123]",sequential,chance,chance,"[1.0, 1.0]","[0.5, 1.0]","[0.5, 1.0]","[0.5, 1.0]","[0.375, 0.0]","[0.625, 0.0]",[[0]],[[1]],[[2]],"(0, 12)","(12, 21)","(12, 21)",{},{},{},"['A', 'B']",[],[],0,0,5,5,2,2,B,,,,,,,A,,,,,"{'rtype': 'd', 'rtimedn': 2.315, 'rtimeup': 3.783}",,,,,,,"{'rtype': 'select-node', 'rtimedn': 35.093, 'rtimeup': 35.093}",,,,
,,25,0,34,1733362549,BDG-456-4422,TREE-1.2-0.0-0.0,"['76580d50-ff14-4de9-9ed1-c2783f23e0e6', '8248f477-cfc2-4ef4-99c5-11826574317e']","['participant', 'participant']","['hour-glass', 'moon']","['hsla(17, 54%, 38%, 1.0)', 'hsla(124, 52%, 49%, 1.0)']","[[1.0, 0.19956563706563707], [0.19956563706563707, 1.0]]","{0: '', 1: 'A', 2: 'B'}",,1,after,"[True, True]","{'max': 21, 'min': 21, 'avg': 21.0, 'root': 12}","[-10, -10]","[123, 135]",sequential,chance,chance,"[1.0, 1.0]","[0.5, 1.0]","[0.5, 1.0]","[0.5, 1.0]","[0.375, 0.0]","[0.625, 0.0]",[[0]],[[1]],[[2]],"(0, 12)","(12, 21)","(12, 21)",{},{},{},"['A', 'B']",[],[],0,0,4,4,2,2,A,,,,,,,A,,,,,"{'rtype': 'select-node', 'rtimedn': 36.262, 'rtimeup': 36.262}",,,,,,,"{'rtype': 'select-node', 'rtimedn': 36.099, 'rtimeup': 36.099}",,,,
,,25,1,34,1733362548,BDG-578-5414,TREE-1.2-0.0-0.0,"['ba89ee93-22db-46a7-843b-82800ff2fce2', 'bbbae001-3deb-4cbd-bbf8-7bd5418ef05c']","['participant', 'participant']","['two-triangle', 'stop-sign']","['hsla(321, 65%, 53%, 1.0)', 'hsla(185, 84%, 64%, 1.0)']","[[1.0, 0.12234555984555985], [0.12234555984555985, 1.0]]","{0: '', 1: 'A', 2: 'B'}",,1,after,"[True, True]","{'max': 21, 'min': 21, 'avg': 21.0, 'root': 12}","[-10, -10]","[118, 106]",sequential,chance,chance,"[1.0, 1.0]","[0.5, 1.0]","[0.5, 1.0]","[0.5, 1.0]","[0.375, 0.0]","[0.625, 0.0]",[[0]],[[1]],[[2]],"(0, 12)","(12, 21)","(12, 21)",{},{},{},"['A', 'B']",[],[],0,0,5,4,1,4,A,,,,,,,A,,,,,"{'rtype': 'select-node', 'rtimedn': 35.249, 'rtimeup': 35.249}",,,,,,,"{'rtype': 'select-node', 'rtimedn': 35.972, 'rtimeup': 35.972}",,,,
,,25,2,34,1733362550,BDG-297-3253,TREE-1.2-0.0-0.0,"['21b845c3-a442-4b4c-93cb-0a0ba2341d7c', '7de4ef96-172a-4085-b149-88c19285b153']","['robot', 'participant']","['cross', 'round-square']","['hsla(331, 72%, 38%, 1.0)', 'hsla(29, 82%, 51%, 1.0)']","[[1.0, 0.21235521235521237], [0.21235521235521237, 1.0]]","{0: '', 1: 'A', 2: 'B'}",,2,after,"[False, True]","{'max': 21, 'min': 21, 'avg': 21.0, 'root': 12}","[0, -10]","[143, 139]",sequential,chance,chance,"[1.0, 1.0]","[0.5, 1.0]","[0.5, 1.0]","[0.5, 1.0]","[0.375, 0.0]","[0.625, 0.0]",[[0]],[[1]],[[2]],"(0, 12)","(12, 21)","(12, 21)",{},{},{},"['A', 'B']",[],[],0,0,3,2,5,3,B,,,,,,,B,,,,,"{'rtype': 'a', 'rtimedn': 1.684, 'rtimeup': 1.895}",,,,,,,"{'rtype': 'select-node', 'rtimedn': 34.394, 'rtimeup': 34.394}",,,,
,,25,3,34,1733362546,BDG-296-3252,TREE-1.2-0.0-0.0,"['72e39ba0-5883-4127-9a92-751fa5bdeb21', 'a7129ad1-6672-400a-ac03-bb3bf99deb5c']","['participant', 'robot']","['pentagon', 'stop-sign']","['hsla(69, 84%, 47%, 1.0)', 'hsla(153, 85%, 54%, 1.0)']","[[1.0, 0.19956563706563707], [0.19956563706563707, 1.0]]","{0: '', 1: 'A', 2: 'B'}",,2,after,"[True, False]","{'max': 21, 'min': 21, 'avg': 21.0, 'root': 12}","[-10, 0]","[143, 120]",sequential,chance,chance,"[1.0, 1.0]","[0.5, 1.0]","[0.5, 1.0]","[0.5, 1.0]","[0.625, 0.0]","[0.375, 0.0]",[[0]],[[1]],[[2]],"(0, 12)","(12, 21)","(12, 21)",{},{},{},"['A', 'B']",[],[],0,0,3,2,5,2,B,,,,,,,B,,,,,"{'rtype': 'select-node', 'rtimedn': 36.036, 'rtimeup': 36.036}",,,,,,,"{'rtype': 'd', 'rtimedn': 4.313, 'rtimeup': 5.048}",,,,
,,26,0,34,1733362557,BDG-567-5343,TREE-1.2-0.0-0.0,"['a7129ad1-6672-400a-ac03-bb3bf99deb5c', '72e39ba0-5883-4127-9a92-751fa5bdeb21']","['robot', 'participant']","['stop-sign', 'pentagon']","['hsla(153, 85%, 54%, 1.0)', 'hsla(69, 84%, 47%, 1.0)']","[[1.0, 0.19956563706563707], [0.19956563706563707, 1.0]]","{0: '', 1: 'A', 2: 'B'}",,1,after,"[False, True]","{'max': 21, 'min': 21, 'avg': 21.0, 'root': 12}","[0, -10]","[120, 143]",sequential,chance,chance,"[1.0, 1.0]","[0.5, 1.0]","[0.5, 1.0]","[0.5, 1.0]","[0.375, 0.0]","[0.625, 0.0]",[[0]],[[1]],[[2]],"(0, 12)","(12, 21)","(12, 21)",{},{},{},"['A', 'B']",[],[],0,0,5,3,4,3,A,,,,,,,A,,,,,"{'rtype': 'd', 'rtimedn': 4.774, 'rtimeup': 6.4}",,,,,,,"{'rtype': 'select-node', 'rtimedn': 37.204, 'rtimeup': 37.204}",,,,
,,26,1,34,1733362558,BDG-600-5511,TREE-1.2-0.0-0.0,"['21b845c3-a442-4b4c-93cb-0a0ba2341d7c', '8248f477-cfc2-4ef4-99c5-11826574317e']","['robot', 'participant']","['cross', 'moon']","['hsla(331, 72%, 38%, 1.0)', 'hsla(124, 52%, 49%, 1.0)']","[[1.0, 0.18243243243243246], [0.18243243243243246, 1.0]]","{0: '', 1: 'A', 2: 'B'}",,1,after,"[False, True]","{'max': 21, 'min': 21, 'avg': 21.0, 'root': 12}","[0, -10]","[143, 135]",sequential,chance,chance,"[1.0, 1.0]","[0.5, 1.0]","[0.5, 1.0]","[0.5, 1.0]","[0.375, 0.0]","[0.625, 0.0]",[[0]],[[1]],[[2]],"(0, 12)","(12, 21)","(12, 21)",{},{},{},"['A', 'B']",[],[],0,0,5,5,1,1,A,,,,,,,A,,,,,"{'rtype': 'd', 'rtimedn': 3.063, 'rtimeup': 3.956}",,,,,,,"{'rtype': 'select-node', 'rtimedn': 37.186, 'rtimeup': 37.186}",,,,
,,26,2,34,1733362558,BDG-576-5412,TREE-1.2-0.0-0.0,"['bbbae001-3deb-4cbd-bbf8-7bd5418ef05c', 'ba89ee93-22db-46a7-843b-82800ff2fce2']","['participant', 'participant']","['stop-sign', 'two-triangle']","['hsla(185, 84%, 64%, 1.0)', 'hsla(321, 65%, 53%, 1.0)']","[[1.0, 0.12234555984555985], [0.12234555984555985, 1.0]]","{0: '', 1: 'A', 2: 'B'}",,2,after,"[True, True]","{'max': 21, 'min': 21, 'avg': 21.0, 'root': 12}","[-10, -10]","[106, 118]",sequential,chance,chance,"[1.0, 1.0]","[0.5, 1.0]","[0.5, 1.0]","[0.5, 1.0]","[0.625, 0.0]","[0.375, 0.0]",[[0]],[[1]],[[2]],"(0, 12)","(12, 21)","(12, 21)",{},{},{},"['A', 'B']",[],[],0,0,5,4,1,2,B,,,,,,,A,,,,,"{'rtype': 'select-node', 'rtimedn': 36.953, 'rtimeup': 36.953}",,,,,,,"{'rtype': 'select-node', 'rtimedn': 36.259, 'rtimeup': 36.259}",,,,
,,26,3,34,1733362559,BDG-415-4241,TREE-1.2-0.0-0.0,"['76580d50-ff14-4de9-9ed1-c2783f23e0e6', '7de4ef96-172a-4085-b149-88c19285b153']","['participant', 'participant']","['hour-glass', 'round-square']","['hsla(17, 54%, 38%, 1.0)', 'hsla(29, 82%, 51%, 1.0)']","[[1.0, 0.12234555984555985], [0.12234555984555985, 1.0]]","{0: '', 1: 'A', 2: 'B'}",,2,after,"[True, True]","{'max': 21, 'min': 21, 'avg': 21.0, 'root': 12}","[-10, -10]","[123, 139]",sequential,chance,chance,"[1.0, 1.0]","[0.5, 1.0]","[0.5, 1.0]","[0.5, 1.0]","[0.375, 0.0]","[0.625, 0.0]",[[0]],[[1]],[[2]],"(0, 12)","(12, 21)","(12, 21)",{},{},{},"['A', 'B']",[],[],0,0,4,2,4,1,B,,,,,,,B,,,,,"{'rtype': 'select-node', 'rtimedn': 37.313, 'rtimeup': 37.313}",,,,,,,"{'rtype': 'select-node', 'rtimedn': 35.342, 'rtimeup': 35.342}",,,,
,,27,0,34,1733362569,BDG-062-1333,TREE-1.2-0.0-0.0,"['76580d50-ff14-4de9-9ed1-c2783f23e0e6', '72e39ba0-5883-4127-9a92-751fa5bdeb21']","['participant', 'participant']","['hour-glass', 'pentagon']","['hsla(17, 54%, 38%, 1.0)', 'hsla(69, 84%, 47%, 1.0)']","[[1.0, 0.21235521235521237], [0.21235521235521237, 1.0]]","{0: '', 1: 'A', 2: 'B'}",,2,after,"[True, True]","{'max': 21, 'min': 21, 'avg': 21.0, 'root': 12}","[-10, -10]","[123, 143]",sequential,chance,chance,"[1.0, 1.0]","[0.5, 1.0]","[0.5, 1.0]","[0.5, 1.0]","[0.375, 0.0]","[0.625, 0.0]",[[0]],[[1]],[[2]],"(0, 12)","(12, 21)","(12, 21)",{},{},{},"['A', 'B']",[],[],0,0,1,3,3,3,B,,,,,,,B,,,,,"{'rtype': 'select-node', 'rtimedn': 38.312, 'rtimeup': 38.312}",,,,,,,"{'rtype': 'select-node', 'rtimedn': 38.169, 'rtimeup': 38.169}",,,,
,,27,1,34,1733362567,BDG-130-2121,TREE-1.2-0.0-0.0,"['bbbae001-3deb-4cbd-bbf8-7bd5418ef05c', '21b845c3-a442-4b4c-93cb-0a0ba2341d7c']","['participant', 'robot']","['stop-sign', 'cross']","['hsla(185, 84%, 64%, 1.0)', 'hsla(331, 72%, 38%, 1.0)']","[[1.0, 0.11124517374517374], [0.11124517374517374, 1.0]]","{0: '', 1: 'A', 2: 'B'}",,2,after,"[True, False]","{'max': 21, 'min': 21, 'avg': 21.0, 'root': 12}","[-10, 0]","[106, 143]",sequential,chance,chance,"[1.0, 1.0]","[0.5, 1.0]","[0.5, 1.0]","[0.5, 1.0]","[0.375, 0.0]","[0.625, 0.0]",[[0]],[[1]],[[2]],"(0, 12)","(12, 21)","(12, 21)",{},{},{},"['A', 'B']",[],[],0,0,2,1,2,1,B,,,,,,,B,,,,,"{'rtype': 'select-node', 'rtimedn': 37.915, 'rtimeup': 37.915}",,,,,,,"{'rtype': 'a', 'rtimedn': 5.162, 'rtimeup': 6.24}",,,,
,,27,2,34,1733362567,BDG-544-5245,TREE-1.2-0.0-0.0,"['ba89ee93-22db-46a7-843b-82800ff2fce2', '7de4ef96-172a-4085-b149-88c19285b153']","['participant', 'participant']","['two-triangle', 'round-square']","['hsla(321, 65%, 53%, 1.0)', 'hsla(29, 82%, 51%, 1.0)']","[[1.0, 0.16216216216216214], [0.16216216216216214, 1.0]]","{0: '', 1: 'A', 2: 'B'}",,1,after,"[True, True]","{'max': 21, 'min': 21, 'avg': 21.0, 'root': 12}","[-10, -10]","[118, 139]",sequential,chance,chance,"[1.0, 1.0]","[0.5, 1.0]","[0.5, 1.0]","[0.5, 1.0]","[0.625, 0.0]","[0.375, 0.0]",[[0]],[[1]],[[2]],"(0, 12)","(12, 21)","(12, 21)",{},{},{},"['A', 'B']",[],[],0,0,5,2,4,5,A,,,,,,,B,,,,,"{'rtype': 'select-node', 'rtimedn': 37.192, 'rtimeup': 37.192}",,,,,,,"{'rtype': 'select-node', 'rtimedn': 36.13, 'rtimeup': 36.13}",,,,
,,27,3,34,1733362568,BDG-125-2111,TREE-1.2-0.0-0.0,"['8248f477-cfc2-4ef4-99c5-11826574317e', 'a7129ad1-6672-400a-ac03-bb3bf99deb5c']","['participant', 'robot']","['moon', 'stop-sign']","['hsla(124, 52%, 49%, 1.0)', 'hsla(153, 85%, 54%, 1.0)']","[[1.0, 0.16216216216216214], [0.16216216216216214, 1.0]]","{0: '', 1: 'A', 2: 'B'}",,1,after,"[True, False]","{'max': 21, 'min': 21, 'avg': 21.0, 'root': 12}","[-10, 0]","[135, 120]",sequential,chance,chance,"[1.0, 1.0]","[0.5, 1.0]","[0.5, 1.0]","[0.5, 1.0]","[0.625, 0.0]","[0.375, 0.0]",[[0]],[[1]],[[2]],"(0, 12)","(12, 21)","(12, 21)",{},{},{},"['A', 'B']",[],[],0,0,2,1,1,1,A,,,,,,,A,,,,,"{'rtype': 'select-node', 'rtimedn': 38.194, 'rtimeup': 38.194}",,,,,,,"{'rtype': 'a', 'rtimedn': 1.968, 'rtimeup': 2.928}",,,,
,,28,0,34,1733362580,BDG-224-2455,TREE-1.2-0.0-0.0,"['8248f477-cfc2-4ef4-99c5-11826574317e', '76580d50-ff14-4de9-9ed1-c2783f23e0e6']","['participant', 'participant']","['moon', 'hour-glass']","['hsla(124, 52%, 49%, 1.0)', 'hsla(17, 54%, 38%, 1.0)']","[[1.0, 0.19956563706563707], [0.19956563706563707, 1.0]]","{0: '', 1: 'A', 2: 'B'}",,2,after,"[True, True]","{'max': 21, 'min': 21, 'avg': 21.0, 'root': 12}","[-10, -10]","[135, 123]",sequential,chance,chance,"[1.0, 1.0]","[0.5, 1.0]","[0.5, 1.0]","[0.5, 1.0]","[0.625, 0.0]","[0.375, 0.0]",[[0]],[[1]],[[2]],"(0, 12)","(12, 21)","(12, 21)",{},{},{},"['A', 'B']",[],[],0,0,2,4,5,5,B,,,,,,,A,,,,,"{'rtype': 'select-node', 'rtimedn': 39.113, 'rtimeup': 39.113}",,,,,,,"{'rtype': 'select-node', 'rtimedn': 39.376, 'rtimeup': 39.376}",,,,
,,28,1,34,1733362577,BDG-210-2431,TREE-1.2-0.0-0.0,"['7de4ef96-172a-4085-b149-88c19285b153', 'a7129ad1-6672-400a-ac03-bb3bf99deb5c']","['participant', 'robot']","['round-square', 'stop-sign']","['hsla(29, 82%, 51%, 1.0)', 'hsla(153, 85%, 54%, 1.0)']","[[1.0, 0.009893822393822393], [0.009893822393822393, 1.0]]","{0: '', 1: 'A', 2: 'B'}",,1,after,"[True, False]","{'max': 21, 'min': 21, 'avg': 21.0, 'root': 12}","[-10, 0]","[139, 120]",sequential,chance,chance,"[1.0, 1.0]","[0.5, 1.0]","[0.5, 1.0]","[0.5, 1.0]","[0.375, 0.0]","[0.625, 0.0]",[[0]],[[1]],[[2]],"(0, 12)","(12, 21)","(12, 21)",{},{},{},"['A', 'B']",[],[],0,0,2,4,3,1,A,,,,,,,B,,,,,"{'rtype': 'select-node', 'rtimedn': 37.164, 'rtimeup': 37.164}",,,,,,,"{'rtype': 'd', 'rtimedn': 0.793, 'rtimeup': 2.929}",,,,
,,28,2,34,1733362579,BDG-097-1453,TREE-1.2-0.0-0.0,"['21b845c3-a442-4b4c-93cb-0a0ba2341d7c', 'bbbae001-3deb-4cbd-bbf8-7bd5418ef05c']","['robot', 'participant']","['cross', 'stop-sign']","['hsla(331, 72%, 38%, 1.0)', 'hsla(185, 84%, 64%, 1.0)']","[[1.0, 0.11124517374517374], [0.11124517374517374, 1.0]]","{0: '', 1: 'A', 2: 'B'}",,1,after,"[False, True]","{'max': 21, 'min': 21, 'avg': 21.0, 'root': 12}","[0, -10]","[143, 106]",sequential,chance,chance,"[1.0, 1.0]","[0.5, 1.0]","[0.5, 1.0]","[0.5, 1.0]","[0.375, 0.0]","[0.625, 0.0]",[[0]],[[1]],[[2]],"(0, 12)","(12, 21)","(12, 21)",{},{},{},"['A', 'B']",[],[],0,0,1,4,5,3,A,,,,,,,A,,,,,"{'rtype': 'a', 'rtimedn': 4.846, 'rtimeup': 6.157}",,,,,,,"{'rtype': 'select-node', 'rtimedn': 39.044, 'rtimeup': 39.044}",,,,
,,28,3,34,1733362577,BDG-489-4535,TREE-1.2-0.0-0.0,"['72e39ba0-5883-4127-9a92-751fa5bdeb21', 'ba89ee93-22db-46a7-843b-82800ff2fce2']","['participant', 'participant']","['pentagon', 'two-triangle']","['hsla(69, 84%, 47%, 1.0)', 'hsla(321, 65%, 53%, 1.0)']","[[1.0, 0.11124517374517374], [0.11124517374517374, 1.0]]","{0: '', 1: 'A', 2: 'B'}",,1,after,"[True, True]","{'max': 21, 'min': 21, 'avg': 21.0, 'root': 12}","[-10, -10]","[143, 118]",sequential,chance,chance,"[1.0, 1.0]","[0.5, 1.0]","[0.5, 1.0]","[0.5, 1.0]","[0.375, 0.0]","[0.625, 0.0]",[[0]],[[1]],[[2]],"(0, 12)","(12, 21)","(12, 21)",{},{},{},"['A', 'B']",[],[],0,0,4,5,3,5,A,,,,,,,A,,,,,"{'rtype': 'select-node', 'rtimedn': 39.163, 'rtimeup': 39.163}",,,,,,,"{'rtype': 'select-node', 'rtimedn': 38.223, 'rtimeup': 38.223}",,,,
,,29,0,34,1733362583,BDG-320-3351,TREE-1.2-0.0-0.0,"['a7129ad1-6672-400a-ac03-bb3bf99deb5c', '21b845c3-a442-4b4c-93cb-0a0ba2341d7c']","['robot', 'robot']","['stop-sign', 'cross']","['hsla(153, 85%, 54%, 1.0)', 'hsla(331, 72%, 38%, 1.0)']","[[1.0, 0.12234555984555985], [0.12234555984555985, 1.0]]","{0: '', 1: 'A', 2: 'B'}",,1,after,"[False, False]","{'max': 21, 'min': 21, 'avg': 21.0, 'root': 12}","[0, 0]","[120, 143]",sequential,chance,chance,"[1.0, 1.0]","[0.5, 1.0]","[0.5, 1.0]","[0.5, 1.0]","[0.375, 0.0]","[0.625, 0.0]",[[0]],[[1]],[[2]],"(0, 12)","(12, 21)","(12, 21)",{},{},{},"['A', 'B']",[],[],0,0,3,3,5,1,A,,,,,,,A,,,,,"{'rtype': 'd', 'rtimedn': 2.804, 'rtimeup': 3.304}",,,,,,,"{'rtype': 'd', 'rtimedn': 4.527, 'rtimeup': 5.962}",,,,
,,29,1,34,1733362589,BDG-434-4325,TREE-1.2-0.0-0.0,"['bbbae001-3deb-4cbd-bbf8-7bd5418ef05c', '72e39ba0-5883-4127-9a92-751fa5bdeb21']","['participant', 'participant']","['stop-sign', 'pentagon']","['hsla(185, 84%, 64%, 1.0)', 'hsla(69, 84%, 47%, 1.0)']","[[1.0, 0.16216216216216214], [0.16216216216216214, 1.0]]","{0: '', 1: 'A', 2: 'B'}",,2,after,"[True, True]","{'max': 21, 'min': 21, 'avg': 21.0, 'root': 12}","[-10, -10]","[106, 143]",sequential,chance,chance,"[1.0, 1.0]","[0.5, 1.0]","[0.5, 1.0]","[0.5, 1.0]","[0.375, 0.0]","[0.625, 0.0]",[[0]],[[1]],[[2]],"(0, 12)","(12, 21)","(12, 21)",{},{},{},"['A', 'B']",[],[],0,0,4,3,2,5,B,,,,,,,A,,,,,"{'rtype': 'select-node', 'rtimedn': 40.03, 'rtimeup': 40.03}",,,,,,,"{'rtype': 'select-node', 'rtimedn': 40.329, 'rtimeup': 40.329}",,,,
,,29,2,34,1733362591,BDG-229-2515,TREE-1.2-0.0-0.0,"['76580d50-ff14-4de9-9ed1-c2783f23e0e6', '8248f477-cfc2-4ef4-99c5-11826574317e']","['participant', 'participant']","['hour-glass', 'moon']","['hsla(17, 54%, 38%, 1.0)', 'hsla(124, 52%, 49%, 1.0)']","[[1.0, 0.19956563706563707], [0.19956563706563707, 1.0]]","{0: '', 1: 'A', 2: 'B'}",,1,after,"[True, True]","{'max': 21, 'min': 21, 'avg': 21.0, 'root': 12}","[-10, -10]","[123, 135]",sequential,chance,chance,"[1.0, 1.0]","[0.5, 1.0]","[0.5, 1.0]","[0.5, 1.0]","[0.625, 0.0]","[0.375, 0.0]",[[0]],[[1]],[[2]],"(0, 12)","(12, 21)","(12, 21)",{},{},{},"['A', 'B']",[],[],0,0,2,5,1,5,A,,,,,,,A,,,,,"{'rtype': 'select-node', 'rtimedn': 40.518, 'rtimeup': 40.518}",,,,,,,"{'rtype': 'select-node', 'rtimedn': 40.267, 'rtimeup': 40.267}",,,,
,,29,3,34,1733362587,BDG-481-4522,TREE-1.2-0.0-0.0,"['ba89ee93-22db-46a7-843b-82800ff2fce2', '7de4ef96-172a-4085-b149-88c19285b153']","['participant', 'participant']","['two-triangle', 'round-square']","['hsla(321, 65%, 53%, 1.0)', 'hsla(29, 82%, 51%, 1.0)']","[[1.0, 0.16216216216216214], [0.16216216216216214, 1.0]]","{0: '', 1: 'A', 2: 'B'}",,2,after,"[True, True]","{'max': 21, 'min': 21, 'avg': 21.0, 'root': 12}","[-10, -10]","[118, 139]",sequential,chance,chance,"[1.0, 1.0]","[0.5, 1.0]","[0.5, 1.0]","[0.5, 1.0]","[0.375, 0.0]","[0.625, 0.0]",[[0]],[[1]],[[2]],"(0, 12)","(12, 21)","(12, 21)",{},{},{},"['A', 'B']",[],[],0,0,4,5,2,2,B,,,,,,,A,,,,,"{'rtype': 'select-node', 'rtimedn': 39.254, 'rtimeup': 39.254}",,,,,,,"{'rtype': 'select-node', 'rtimedn': 38.123, 'rtimeup': 38.123}",,,,
,,30,0,34,1733362599,BDG-357-3523,TREE-1.2-0.0-0.0,"['21b845c3-a442-4b4c-93cb-0a0ba2341d7c', '8248f477-cfc2-4ef4-99c5-11826574317e']","['robot', 'participant']","['cross', 'moon']","['hsla(331, 72%, 38%, 1.0)', 'hsla(124, 52%, 49%, 1.0)']","[[1.0, 0.18243243243243246], [0.18243243243243246, 1.0]]","{0: '', 1: 'A', 2: 'B'}",,1,after,"[False, True]","{'max': 21, 'min': 21, 'avg': 21.0, 'root': 12}","[0, -10]","[143, 135]",sequential,chance,chance,"[1.0, 1.0]","[0.5, 1.0]","[0.5, 1.0]","[0.5, 1.0]","[0.375, 0.0]","[0.625, 0.0]",[[0]],[[1]],[[2]],"(0, 12)","(12, 21)","(12, 21)",{},{},{},"['A', 'B']",[],[],0,0,3,5,2,3,A,,,,,,,A,,,,,"{'rtype': 'a', 'rtimedn': 2.059, 'rtimeup': 4.67}",,,,,,,"{'rtype': 'select-node', 'rtimedn': 41.368, 'rtimeup': 41.368}",,,,
,,30,1,34,1733362599,BDG-022-1153,TREE-1.2-0.0-0.0,"['ba89ee93-22db-46a7-843b-82800ff2fce2', 'bbbae001-3deb-4cbd-bbf8-7bd5418ef05c']","['participant', 'participant']","['two-triangle', 'stop-sign']","['hsla(321, 65%, 53%, 1.0)', 'hsla(185, 84%, 64%, 1.0)']","[[1.0, 0.12234555984555985], [0.12234555984555985, 1.0]]","{0: '', 1: 'A', 2: 'B'}",,1,after,"[True, True]","{'max': 21, 'min': 21, 'avg': 21.0, 'root': 12}","[-10, -10]","[118, 106]",sequential,chance,chance,"[1.0, 1.0]","[0.5, 1.0]","[0.5, 1.0]","[0.5, 1.0]","[0.375, 0.0]","[0.625, 0.0]",[[0]],[[1]],[[2]],"(0, 12)","(12, 21)","(12, 21)",{},{},{},"['A', 'B']",[],[],0,0,1,1,5,3,A,,,,,,,A,,,,,"{'rtype': 'select-node', 'rtimedn': 40.532, 'rtimeup': 40.532}",,,,,,,"{'rtype': 'select-node', 'rtimedn': 41.087, 'rtimeup': 41.087}",,,,
,,30,2,34,1733362603,BDG-470-4451,TREE-1.2-0.0-0.0,"['72e39ba0-5883-4127-9a92-751fa5bdeb21', '76580d50-ff14-4de9-9ed1-c2783f23e0e6']","['participant', 'participant']","['pentagon', 'hour-glass']","['hsla(69, 84%, 47%, 1.0)', 'hsla(17, 54%, 38%, 1.0)']","[[1.0, 0.21235521235521237], [0.21235521235521237, 1.0]]","{0: '', 1: 'A', 2: 'B'}",,1,after,"[True, True]","{'max': 21, 'min': 21, 'avg': 21.0, 'root': 12}","[-10, -10]","[143, 123]",sequential,chance,chance,"[1.0, 1.0]","[0.5, 1.0]","[0.5, 1.0]","[0.5, 1.0]","[0.375, 0.0]","[0.625, 0.0]",[[0]],[[1]],[[2]],"(0, 12)","(12, 21)","(12, 21)",{},{},{},"['A', 'B']",[],[],0,0,4,4,5,1,A,,,,,,,A,,,,,"{'rtype': 'select-node', 'rtimedn': 41.378, 'rtimeup': 41.378}",,,,,,,"{'rtype': 'select-node', 'rtimedn': 41.675, 'rtimeup': 41.675}",,,,
,,30,3,34,1733362599,BDG-250-3111,TREE-1.2-0.0-0.0,"['7de4ef96-172a-4085-b149-88c19285b153', 'a7129ad1-6672-400a-ac03-bb3bf99deb5c']","['participant', 'robot']","['round-square', 'stop-sign']","['hsla(29, 82%, 51%, 1.0)', 'hsla(153, 85%, 54%, 1.0)']","[[1.0, 0.009893822393822393], [0.009893822393822393, 1.0]]","{0: '', 1: 'A', 2: 'B'}",,1,after,"[True, False]","{'max': 21, 'min': 21, 'avg': 21.0, 'root': 12}","[-10, 0]","[139, 120]",sequential,chance,chance,"[1.0, 1.0]","[0.5, 1.0]","[0.5, 1.0]","[0.5, 1.0]","[0.625, 0.0]","[0.375, 0.0]",[[0]],[[1]],[[2]],"(0, 12)","(12, 21)","(12, 21)",{},{},{},"['A', 'B']",[],[],0,0,3,1,1,1,A,,,,,,,A,,,,,"{'rtype': 'select-node', 'rtimedn': 39.293, 'rtimeup': 39.293}",,,,,,,"{'rtype': 'a', 'rtimedn': 0.084, 'rtimeup': 0.123}",,,,
,,31,0,34,1733362610,BDG-472-4453,TREE-1.2-0.0-0.0,"['a7129ad1-6672-400a-ac03-bb3bf99deb5c', 'ba89ee93-22db-46a7-843b-82800ff2fce2']","['robot', 'participant']","['stop-sign', 'two-triangle']","['hsla(153, 85%, 54%, 1.0)', 'hsla(321, 65%, 53%, 1.0)']","[[1.0, 0.18243243243243246], [0.18243243243243246, 1.0]]","{0: '', 1: 'A', 2: 'B'}",,2,after,"[False, True]","{'max': 21, 'min': 21, 'avg': 21.0, 'root': 12}","[0, -10]","[120, 118]",sequential,chance,chance,"[1.0, 1.0]","[0.5, 1.0]","[0.5, 1.0]","[0.5, 1.0]","[0.375, 0.0]","[0.625, 0.0]",[[0]],[[1]],[[2]],"(0, 12)","(12, 21)","(12, 21)",{},{},{},"['A', 'B']",[],[],0,0,4,4,5,3,B,,,,,,,A,,,,,"{'rtype': 'a', 'rtimedn': 3.362, 'rtimeup': 4.599}",,,,,,,"{'rtype': 'select-node', 'rtimedn': 41.565, 'rtimeup': 41.565}",,,,
,,31,1,34,1733362612,BDG-620-5551,TREE-1.2-0.0-0.0,"['21b845c3-a442-4b4c-93cb-0a0ba2341d7c', '76580d50-ff14-4de9-9ed1-c2783f23e0e6']","['robot', 'participant']","['cross', 'hour-glass']","['hsla(331, 72%, 38%, 1.0)', 'hsla(17, 54%, 38%, 1.0)']","[[1.0, 0.16216216216216214], [0.16216216216216214, 1.0]]","{0: '', 1: 'A', 2: 'B'}",,1,after,"[False, True]","{'max': 21, 'min': 21, 'avg': 21.0, 'root': 12}","[0, -10]","[143, 123]",sequential,chance,chance,"[1.0, 1.0]","[0.5, 1.0]","[0.5, 1.0]","[0.5, 1.0]","[0.625, 0.0]","[0.375, 0.0]",[[0]],[[1]],[[2]],"(0, 12)","(12, 21)","(12, 21)",{},{},{},"['A', 'B']",[],[],0,0,5,5,5,1,A,,,,,,,A,,,,,"{'rtype': 'd', 'rtimedn': 5.342, 'rtimeup': 6.269}",,,,,,,"{'rtype': 'select-node', 'rtimedn': 42.574, 'rtimeup': 42.574}",,,,
,,31,2,34,1733362611,BDG-526-5212,TREE-1.2-0.0-0.0,"['bbbae001-3deb-4cbd-bbf8-7bd5418ef05c', '7de4ef96-172a-4085-b149-88c19285b153']","['participant', 'participant']","['stop-sign', 'round-square']","['hsla(185, 84%, 64%, 1.0)', 'hsla(29, 82%, 51%, 1.0)']","[[1.0, 0.19956563706563707], [0.19956563706563707, 1.0]]","{0: '', 1: 'A', 2: 'B'}",,1,after,"[True, True]","{'max': 21, 'min': 21, 'avg': 21.0, 'root': 12}","[-10, -10]","[106, 139]",sequential,chance,chance,"[1.0, 1.0]","[0.5, 1.0]","[0.5, 1.0]","[0.5, 1.0]","[0.375, 0.0]","[0.625, 0.0]",[[0]],[[1]],[[2]],"(0, 12)","(12, 21)","(12, 21)",{},{},{},"['A', 'B']",[],[],0,0,5,2,1,2,A,,,,,,,A,,,,,"{'rtype': 'select-node', 'rtimedn': 42.327, 'rtimeup': 42.327}",,,,,,,"{'rtype': 'select-node', 'rtimedn': 40.505, 'rtimeup': 40.505}",,,,
,,31,3,34,1733362614,BDG-264-3135,TREE-1.2-0.0-0.0,"['8248f477-cfc2-4ef4-99c5-11826574317e', '72e39ba0-5883-4127-9a92-751fa5bdeb21']","['participant', 'participant']","['moon', 'pentagon']","['hsla(124, 52%, 49%, 1.0)', 'hsla(69, 84%, 47%, 1.0)']","[[1.0, 0.12234555984555985], [0.12234555984555985, 1.0]]","{0: '', 1: 'A', 2: 'B'}",,2,after,"[True, True]","{'max': 21, 'min': 21, 'avg': 21.0, 'root': 12}","[-10, -10]","[135, 143]",sequential,chance,chance,"[1.0, 1.0]","[0.5, 1.0]","[0.5, 1.0]","[0.5, 1.0]","[0.375, 0.0]","[0.625, 0.0]",[[0]],[[1]],[[2]],"(0, 12)","(12, 21)","(12, 21)",{},{},{},"['A', 'B']",[],[],0,0,3,1,3,5,B,,,,,,,B,,,,,"{'rtype': 'select-node', 'rtimedn': 42.846, 'rtimeup': 42.846}",,,,,,,"{'rtype': 'select-node', 'rtimedn': 42.692, 'rtimeup': 42.692}",,,,
,,32,0,34,1733362624,BDG-265-3141,TREE-1.2-0.0-0.0,"['ba89ee93-22db-46a7-843b-82800ff2fce2', 'bbbae001-3deb-4cbd-bbf8-7bd5418ef05c']","['participant', 'participant']","['two-triangle', 'stop-sign']","['hsla(321, 65%, 53%, 1.0)', 'hsla(185, 84%, 64%, 1.0)']","[[1.0, 0.12234555984555985], [0.12234555984555985, 1.0]]","{0: '', 1: 'A', 2: 'B'}",,1,after,"[True, True]","{'max': 21, 'min': 21, 'avg': 21.0, 'root': 12}","[-10, -10]","[118, 106]",sequential,chance,chance,"[1.0, 1.0]","[0.5, 1.0]","[0.5, 1.0]","[0.5, 1.0]","[0.375, 0.0]","[0.625, 0.0]",[[0]],[[1]],[[2]],"(0, 12)","(12, 21)","(12, 21)",{},{},{},"['A', 'B']",[],[],0,0,3,1,4,1,A,,,,,,,B,,,,,"{'rtype': 'select-node', 'rtimedn': 42.634, 'rtimeup': 42.634}",,,,,,,"{'rtype': 'select-node', 'rtimedn': 43.633, 'rtimeup': 43.633}",,,,
,,32,1,34,1733362617,BDG-209-2425,TREE-1.2-0.0-0.0,"['21b845c3-a442-4b4c-93cb-0a0ba2341d7c', 'a7129ad1-6672-400a-ac03-bb3bf99deb5c']","['robot', 'robot']","['cross', 'stop-sign']","['hsla(331, 72%, 38%, 1.0)', 'hsla(153, 85%, 54%, 1.0)']","[[1.0, 0.12234555984555985], [0.12234555984555985, 1.0]]","{0: '', 1: 'A', 2: 'B'}",,2,after,"[False, False]","{'max': 21, 'min': 21, 'avg': 21.0, 'root': 12}","[0, 0]","[143, 120]",sequential,chance,chance,"[1.0, 1.0]","[0.5, 1.0]","[0.5, 1.0]","[0.5, 1.0]","[0.375, 0.0]","[0.625, 0.0]",[[0]],[[1]],[[2]],"(0, 12)","(12, 21)","(12, 21)",{},{},{},"['A', 'B']",[],[],0,0,2,4,2,5,B,,,,,,,B,,,,,"{'rtype': 'a', 'rtimedn': 1.697, 'rtimeup': 2.158}",,,,,,,"{'rtype': 'd', 'rtimedn': 1.909, 'rtimeup': 3.801}",,,,
,,32,2,34,1733362624,BDG-147-2153,TREE-1.2-0.0-0.0,"['72e39ba0-5883-4127-9a92-751fa5bdeb21', '8248f477-cfc2-4ef4-99c5-11826574317e']","['participant', 'participant']","['pentagon', 'moon']","['hsla(69, 84%, 47%, 1.0)', 'hsla(124, 52%, 49%, 1.0)']","[[1.0, 0.12234555984555985], [0.12234555984555985, 1.0]]","{0: '', 1: 'A', 2: 'B'}",,2,after,"[True, True]","{'max': 21, 'min': 21, 'avg': 21.0, 'root': 12}","[-10, -10]","[143, 135]",sequential,chance,chance,"[1.0, 1.0]","[0.5, 1.0]","[0.5, 1.0]","[0.5, 1.0]","[0.375, 0.0]","[0.625, 0.0]",[[0]],[[1]],[[2]],"(0, 12)","(12, 21)","(12, 21)",{},{},{},"['A', 'B']",[],[],0,0,2,1,5,3,B,,,,,,,B,,,,,"{'rtype': 'select-node', 'rtimedn': 43.573, 'rtimeup': 43.573}",,,,,,,"{'rtype': 'select-node', 'rtimedn': 43.847, 'rtimeup': 43.847}",,,,
,,32,3,34,1733362623,BDG-260-3131,TREE-1.2-0.0-0.0,"['7de4ef96-172a-4085-b149-88c19285b153', '76580d50-ff14-4de9-9ed1-c2783f23e0e6']","['participant', 'participant']","['round-square', 'hour-glass']","['hsla(29, 82%, 51%, 1.0)', 'hsla(17, 54%, 38%, 1.0)']","[[1.0, 0.12234555984555985], [0.12234555984555985, 1.0]]","{0: '', 1: 'A', 2: 'B'}",,1,after,"[True, True]","{'max': 21, 'min': 21, 'avg': 21.0, 'root': 12}","[-10, -10]","[139, 123]",sequential,chance,chance,"[1.0, 1.0]","[0.5, 1.0]","[0.5, 1.0]","[0.5, 1.0]","[0.375, 0.0]","[0.625, 0.0]",[[0]],[[1]],[[2]],"(0, 12)","(12, 21)","(12, 21)",{},{},{},"['A', 'B']",[],[],0,0,3,1,3,1,A,,,,,,,B,,,,,"{'rtype': 'select-node', 'rtimedn': 41.547, 'rtimeup': 41.547}",,,,,,,"{'rtype': 'select-node', 'rtimedn': 43.652, 'rtimeup': 43.652}",,,,
,,33,0,34,1733362637,BDG-122-1553,TREE-1.2-0.0-0.0,"['bbbae001-3deb-4cbd-bbf8-7bd5418ef05c', '7de4ef96-172a-4085-b149-88c19285b153']","['participant', 'participant']","['stop-sign', 'round-square']","['hsla(185, 84%, 64%, 1.0)', 'hsla(29, 82%, 51%, 1.0)']","[[1.0, 0.19956563706563707], [0.19956563706563707, 1.0]]","{0: '', 1: 'A', 2: 'B'}",,1,after,"[True, True]","{'max': 21, 'min': 21, 'avg': 21.0, 'root': 12}","[-10, -10]","[106, 139]",sequential,chance,chance,"[1.0, 1.0]","[0.5, 1.0]","[0.5, 1.0]","[0.5, 1.0]","[0.625, 0.0]","[0.375, 0.0]",[[0]],[[1]],[[2]],"(0, 12)","(12, 21)","(12, 21)",{},{},{},"['A', 'B']",[],[],0,0,1,5,5,3,A,,,,,,,B,,,,,"{'rtype': 'select-node', 'rtimedn': 44.913, 'rtimeup': 44.913}",,,,,,,"{'rtype': 'select-node', 'rtimedn': 42.884, 'rtimeup': 42.884}",,,,
,,33,1,34,1733362634,BDG-413-4234,TREE-1.2-0.0-0.0,"['8248f477-cfc2-4ef4-99c5-11826574317e', '72e39ba0-5883-4127-9a92-751fa5bdeb21']","['participant', 'participant']","['moon', 'pentagon']","['hsla(124, 52%, 49%, 1.0)', 'hsla(69, 84%, 47%, 1.0)']","[[1.0, 0.12234555984555985], [0.12234555984555985, 1.0]]","{0: '', 1: 'A', 2: 'B'}",,2,after,"[True, True]","{'max': 21, 'min': 21, 'avg': 21.0, 'root': 12}","[-10, -10]","[135, 143]",sequential,chance,chance,"[1.0, 1.0]","[0.5, 1.0]","[0.5, 1.0]","[0.5, 1.0]","[0.625, 0.0]","[0.375, 0.0]",[[0]],[[1]],[[2]],"(0, 12)","(12, 21)","(12, 21)",{},{},{},"['A', 'B']",[],[],0,0,4,2,3,4,B,,,,,,,A,,,,,"{'rtype': 'select-node', 'rtimedn': 44.798, 'rtimeup': 44.798}",,,,,,,"{'rtype': 'select-node', 'rtimedn': 44.697, 'rtimeup': 44.697}",,,,
,,33,2,34,1733362631,BDG-404-4215,TREE-1.2-0.0-0.0,"['ba89ee93-22db-46a7-843b-82800ff2fce2', '21b845c3-a442-4b4c-93cb-0a0ba2341d7c']","['participant', 'robot']","['two-triangle', 'cross']","['hsla(321, 65%, 53%, 1.0)', 'hsla(331, 72%, 38%, 1.0)']","[[1.0, 0.19956563706563707], [0.19956563706563707, 1.0]]","{0: '', 1: 'A', 2: 'B'}",,2,after,"[True, False]","{'max': 21, 'min': 21, 'avg': 21.0, 'root': 12}","[-10, 0]","[118, 143]",sequential,chance,chance,"[1.0, 1.0]","[0.5, 1.0]","[0.5, 1.0]","[0.5, 1.0]","[0.625, 0.0]","[0.375, 0.0]",[[0]],[[1]],[[2]],"(0, 12)","(12, 21)","(12, 21)",{},{},{},"['A', 'B']",[],[],0,0,4,2,1,5,B,,,,,,,A,,,,,"{'rtype': 'select-node', 'rtimedn': 43.738, 'rtimeup': 43.738}",,,,,,,"{'rtype': 'd', 'rtimedn': 3.504, 'rtimeup': 4.442}",,,,
,,33,3,34,1733362634,BDG-549-5255,TREE-1.2-0.0-0.0,"['a7129ad1-6672-400a-ac03-bb3bf99deb5c', '76580d50-ff14-4de9-9ed1-c2783f23e0e6']","['robot', 'participant']","['stop-sign', 'hour-glass']","['hsla(153, 85%, 54%, 1.0)', 'hsla(17, 54%, 38%, 1.0)']","[[1.0, 0.11124517374517374], [0.11124517374517374, 1.0]]","{0: '', 1: 'A', 2: 'B'}",,2,after,"[False, True]","{'max': 21, 'min': 21, 'avg': 21.0, 'root': 12}","[0, -10]","[120, 123]",sequential,chance,chance,"[1.0, 1.0]","[0.5, 1.0]","[0.5, 1.0]","[0.5, 1.0]","[0.375, 0.0]","[0.625, 0.0]",[[0]],[[1]],[[2]],"(0, 12)","(12, 21)","(12, 21)",{},{},{},"['A', 'B']",[],[],0,0,5,2,5,5,B,,,,,,,B,,,,,"{'rtype': 'a', 'rtimedn': 1.994, 'rtimeup': 3.697}",,,,,,,"{'rtype': 'select-node', 'rtimedn': 44.776, 'rtimeup': 44.776}",,,,
,,34,0,34,1733362651,BDG-565-5341,TREE-1.2-0.0-0.0,"['7de4ef96-172a-4085-b149-88c19285b153', 'ba89ee93-22db-46a7-843b-82800ff2fce2']","['participant', 'participant']","['round-square', 'two-triangle']","['hsla(29, 82%, 51%, 1.0)', 'hsla(321, 65%, 53%, 1.0)']","[[1.0, 0.16216216216216214], [0.16216216216216214, 1.0]]","{0: '', 1: 'A', 2: 'B'}",,1,after,"[True, True]","{'max': 21, 'min': 21, 'avg': 21.0, 'root': 12}","[-10, -10]","[139, 118]",sequential,chance,chance,"[1.0, 1.0]","[0.5, 1.0]","[0.5, 1.0]","[0.5, 1.0]","[0.625, 0.0]","[0.375, 0.0]",[[0]],[[1]],[[2]],"(0, 12)","(12, 21)","(12, 21)",{},{},{},"['A', 'B']",[],[],0,0,5,3,4,1,A,,,,,,,B,,,,,"{'rtype': 'select-node', 'rtimedn': 44.487, 'rtimeup': 44.487}",,,,,,,"{'rtype': 'select-node', 'rtimedn': 45.279, 'rtimeup': 45.279}",,,,
,,34,1,34,1733362646,BDG-084-1425,TREE-1.2-0.0-0.0,"['8248f477-cfc2-4ef4-99c5-11826574317e', '21b845c3-a442-4b4c-93cb-0a0ba2341d7c']","['participant', 'robot']","['moon', 'cross']","['hsla(124, 52%, 49%, 1.0)', 'hsla(331, 72%, 38%, 1.0)']","[[1.0, 0.18243243243243246], [0.18243243243243246, 1.0]]","{0: '', 1: 'A', 2: 'B'}",,2,after,"[True, False]","{'max': 21, 'min': 21, 'avg': 21.0, 'root': 12}","[-10, 0]","[135, 143]",sequential,chance,chance,"[1.0, 1.0]","[0.5, 1.0]","[0.5, 1.0]","[0.5, 1.0]","[0.375, 0.0]","[0.625, 0.0]",[[0]],[[1]],[[2]],"(0, 12)","(12, 21)","(12, 21)",{},{},{},"['A', 'B']",[],[],0,0,1,4,2,5,B,,,,,,,B,,,,,"{'rtype': 'select-node', 'rtimedn': 45.986, 'rtimeup': 45.986}",,,,,,,"{'rtype': 'a', 'rtimedn': 4.048, 'rtimeup': 4.709}",,,,
,,34,2,34,1733362645,BDG-526-5212,TREE-1.2-0.0-0.0,"['bbbae001-3deb-4cbd-bbf8-7bd5418ef05c', '72e39ba0-5883-4127-9a92-751fa5bdeb21']","['participant', 'participant']","['stop-sign', 'pentagon']","['hsla(185, 84%, 64%, 1.0)', 'hsla(69, 84%, 47%, 1.0)']","[[1.0, 0.16216216216216214], [0.16216216216216214, 1.0]]","{0: '', 1: 'A', 2: 'B'}",,2,after,"[True, True]","{'max': 21, 'min': 21, 'avg': 21.0, 'root': 12}","[-10, -10]","[106, 143]",sequential,chance,chance,"[1.0, 1.0]","[0.5, 1.0]","[0.5, 1.0]","[0.5, 1.0]","[0.375, 0.0]","[0.625, 0.0]",[[0]],[[1]],[[2]],"(0, 12)","(12, 21)","(12, 21)",{},{},{},"['A', 'B']",[],[],0,0,5,2,1,2,B,,,,,,,A,,,,,"{'rtype': 'select-node', 'rtimedn': 45.622, 'rtimeup': 45.622}",,,,,,,"{'rtype': 'select-node', 'rtimedn': 45.977, 'rtimeup': 45.977}",,,,
,,34,3,34,1733362647,BDG-479-4515,TREE-1.2-0.0-0.0,"['a7129ad1-6672-400a-ac03-bb3bf99deb5c', '76580d50-ff14-4de9-9ed1-c2783f23e0e6']","['robot', 'participant']","['stop-sign', 'hour-glass']","['hsla(153, 85%, 54%, 1.0)', 'hsla(17, 54%, 38%, 1.0)']","[[1.0, 0.11124517374517374], [0.11124517374517374, 1.0]]","{0: '', 1: 'A', 2: 'B'}",,2,after,"[False, True]","{'max': 21, 'min': 21, 'avg': 21.0, 'root': 12}","[0, -10]","[120, 123]",sequential,chance,chance,"[1.0, 1.0]","[0.5, 1.0]","[0.5, 1.0]","[0.5, 1.0]","[0.625, 0.0]","[0.375, 0.0]",[[0]],[[1]],[[2]],"(0, 12)","(12, 21)","(12, 21)",{},{},{},"['A', 'B']",[],[],0,0,4,5,1,5,B,,,,,,,A,,,,,"{'rtype': 'a', 'rtimedn': 0.945, 'rtimeup': 1.491}",,,,,,,"{'rtype': 'select-node', 'rtimedn': 46.047, 'rtimeup': 46.047}",,,,
,,35,0,34,1733362659,BDG-038-1234,TREE-1.2-0.0-0.0,"['bbbae001-3deb-4cbd-bbf8-7bd5418ef05c', '76580d50-ff14-4de9-9ed1-c2783f23e0e6']","['participant', 'participant']","['stop-sign', 'hour-glass']","['hsla(185, 84%, 64%, 1.0)', 'hsla(17, 54%, 38%, 1.0)']","[[1.0, 0.18243243243243246], [0.18243243243243246, 1.0]]","{0: '', 1: 'A', 2: 'B'}",,1,after,"[True, True]","{'max': 21, 'min': 21, 'avg': 21.0, 'root': 12}","[-10, -10]","[106, 123]",sequential,chance,chance,"[1.0, 1.0]","[0.5, 1.0]","[0.5, 1.0]","[0.5, 1.0]","[0.625, 0.0]","[0.375, 0.0]",[[0]],[[1]],[[2]],"(0, 12)","(12, 21)","(12, 21)",{},{},{},"['A', 'B']",[],[],0,0,1,2,3,4,A,,,,,,,B,,,,,"{'rtype': 'select-node', 'rtimedn': 46.947, 'rtimeup': 46.947}",,,,,,,"{'rtype': 'select-node', 'rtimedn': 47.297, 'rtimeup': 47.297}",,,,
,,35,1,34,1733362659,BDG-177-2313,TREE-1.2-0.0-0.0,"['ba89ee93-22db-46a7-843b-82800ff2fce2', '21b845c3-a442-4b4c-93cb-0a0ba2341d7c']","['participant', 'robot']","['two-triangle', 'cross']","['hsla(321, 65%, 53%, 1.0)', 'hsla(331, 72%, 38%, 1.0)']","[[1.0, 0.19956563706563707], [0.19956563706563707, 1.0]]","{0: '', 1: 'A', 2: 'B'}",,1,after,"[True, False]","{'max': 21, 'min': 21, 'avg': 21.0, 'root': 12}","[-10, 0]","[118, 143]",sequential,chance,chance,"[1.0, 1.0]","[0.5, 1.0]","[0.5, 1.0]","[0.5, 1.0]","[0.625, 0.0]","[0.375, 0.0]",[[0]],[[1]],[[2]],"(0, 12)","(12, 21)","(12, 21)",{},{},{},"['A', 'B']",[],[],0,0,2,3,1,3,A,,,,,,,A,,,,,"{'rtype': 'select-node', 'rtimedn': 46.518, 'rtimeup': 46.518}",,,,,,,"{'rtype': 'd', 'rtimedn': 0.31, 'rtimeup': 0.339}",,,,
,,35,2,34,1733362659,BDG-173-2254,TREE-1.2-0.0-0.0,"['a7129ad1-6672-400a-ac03-bb3bf99deb5c', '72e39ba0-5883-4127-9a92-751fa5bdeb21']","['robot', 'participant']","['stop-sign', 'pentagon']","['hsla(153, 85%, 54%, 1.0)', 'hsla(69, 84%, 47%, 1.0)']","[[1.0, 0.19956563706563707], [0.19956563706563707, 1.0]]","{0: '', 1: 'A', 2: 'B'}",,2,after,"[False, True]","{'max': 21, 'min': 21, 'avg': 21.0, 'root': 12}","[0, -10]","[120, 143]",sequential,chance,chance,"[1.0, 1.0]","[0.5, 1.0]","[0.5, 1.0]","[0.5, 1.0]","[0.625, 0.0]","[0.375, 0.0]",[[0]],[[1]],[[2]],"(0, 12)","(12, 21)","(12, 21)",{},{},{},"['A', 'B']",[],[],0,0,2,2,5,4,B,,,,,,,B,,,,,"{'rtype': 'd', 'rtimedn': 8.752, 'rtimeup': 9.551}",,,,,,,"{'rtype': 'select-node', 'rtimedn': 47.328, 'rtimeup': 47.328}",,,,
,,35,3,34,1733362659,BDG-617-5543,TREE-1.2-0.0-0.0,"['7de4ef96-172a-4085-b149-88c19285b153', '8248f477-cfc2-4ef4-99c5-11826574317e']","['participant', 'participant']","['round-square', 'moon']","['hsla(29, 82%, 51%, 1.0)', 'hsla(124, 52%, 49%, 1.0)']","[[1.0, 0.11124517374517374], [0.11124517374517374, 1.0]]","{0: '', 1: 'A', 2: 'B'}",,1,after,"[True, True]","{'max': 21, 'min': 21, 'avg': 21.0, 'root': 12}","[-10, -10]","[139, 135]",sequential,chance,chance,"[1.0, 1.0]","[0.5, 1.0]","[0.5, 1.0]","[0.5, 1.0]","[0.625, 0.0]","[0.375, 0.0]",[[0]],[[1]],[[2]],"(0, 12)","(12, 21)","(12, 21)",{},{},{},"['A', 'B']",[],[],0,0,5,5,4,3,A,,,,,,,A,,,,,"{'rtype': 'select-node', 'rtimedn': 45.314, 'rtimeup': 45.314}",,,,,,,"{'rtype': 'select-node', 'rtimedn': 47.31, 'rtimeup': 47.31}",,,,
,,36,0,34,1733362672,BDG-258-3124,TREE-1.2-0.0-0.0,"['8248f477-cfc2-4ef4-99c5-11826574317e', 'ba89ee93-22db-46a7-843b-82800ff2fce2']","['participant', 'participant']","['moon', 'two-triangle']","['hsla(124, 52%, 49%, 1.0)', 'hsla(321, 65%, 53%, 1.0)']","[[1.0, 0.21235521235521237], [0.21235521235521237, 1.0]]","{0: '', 1: 'A', 2: 'B'}",,2,after,"[True, True]","{'max': 21, 'min': 21, 'avg': 21.0, 'root': 12}","[-10, -10]","[135, 118]",sequential,chance,chance,"[1.0, 1.0]","[0.5, 1.0]","[0.5, 1.0]","[0.5, 1.0]","[0.375, 0.0]","[0.625, 0.0]",[[0]],[[1]],[[2]],"(0, 12)","(12, 21)","(12, 21)",{},{},{},"['A', 'B']",[],[],0,0,3,1,2,4,B,,,,,,,A,,,,,"{'rtype': 'select-node', 'rtimedn': 48.486, 'rtimeup': 48.486}",,,,,,,"{'rtype': 'select-node', 'rtimedn': 47.746, 'rtimeup': 47.746}",,,,
,,36,1,34,1733362672,BDG-195-2351,TREE-1.2-0.0-0.0,"['76580d50-ff14-4de9-9ed1-c2783f23e0e6', '7de4ef96-172a-4085-b149-88c19285b153']","['participant', 'participant']","['hour-glass', 'round-square']","['hsla(17, 54%, 38%, 1.0)', 'hsla(29, 82%, 51%, 1.0)']","[[1.0, 0.12234555984555985], [0.12234555984555985, 1.0]]","{0: '', 1: 'A', 2: 'B'}",,1,after,"[True, True]","{'max': 21, 'min': 21, 'avg': 21.0, 'root': 12}","[-10, -10]","[123, 139]",sequential,chance,chance,"[1.0, 1.0]","[0.5, 1.0]","[0.5, 1.0]","[0.5, 1.0]","[0.625, 0.0]","[0.375, 0.0]",[[0]],[[1]],[[2]],"(0, 12)","(12, 21)","(12, 21)",{},{},{},"['A', 'B']",[],[],0,0,2,3,5,1,A,,,,,,,B,,,,,"{'rtype': 'select-node', 'rtimedn': 48.23, 'rtimeup': 48.23}",,,,,,,"{'rtype': 'select-node', 'rtimedn': 46.666, 'rtimeup': 46.666}",,,,
,,36,2,34,1733362667,BDG-012-1133,TREE-1.2-0.0-0.0,"['bbbae001-3deb-4cbd-bbf8-7bd5418ef05c', '21b845c3-a442-4b4c-93cb-0a0ba2341d7c']","['participant', 'robot']","['stop-sign', 'cross']","['hsla(185, 84%, 64%, 1.0)', 'hsla(331, 72%, 38%, 1.0)']","[[1.0, 0.11124517374517374], [0.11124517374517374, 1.0]]","{0: '', 1: 'A', 2: 'B'}",,2,after,"[True, False]","{'max': 21, 'min': 21, 'avg': 21.0, 'root': 12}","[-10, 0]","[106, 143]",sequential,chance,chance,"[1.0, 1.0]","[0.5, 1.0]","[0.5, 1.0]","[0.5, 1.0]","[0.625, 0.0]","[0.375, 0.0]",[[0]],[[1]],[[2]],"(0, 12)","(12, 21)","(12, 21)",{},{},{},"['A', 'B']",[],[],0,0,1,1,3,3,B,,,,,,,B,,,,,"{'rtype': 'select-node', 'rtimedn': 47.905, 'rtimeup': 47.905}",,,,,,,"{'rtype': 'a', 'rtimedn': 3.285, 'rtimeup': 3.38}",,,,
,,36,3,34,1733362667,BDG-010-1131,TREE-1.2-0.0-0.0,"['72e39ba0-5883-4127-9a92-751fa5bdeb21', 'a7129ad1-6672-400a-ac03-bb3bf99deb5c']","['participant', 'robot']","['pentagon', 'stop-sign']","['hsla(69, 84%, 47%, 1.0)', 'hsla(153, 85%, 54%, 1.0)']","[[1.0, 0.19956563706563707], [0.19956563706563707, 1.0]]","{0: '', 1: 'A', 2: 'B'}",,2,after,"[True, False]","{'max': 21, 'min': 21, 'avg': 21.0, 'root': 12}","[-10, 0]","[143, 120]",sequential,chance,chance,"[1.0, 1.0]","[0.5, 1.0]","[0.5, 1.0]","[0.5, 1.0]","[0.625, 0.0]","[0.375, 0.0]",[[0]],[[1]],[[2]],"(0, 12)","(12, 21)","(12, 21)",{},{},{},"['A', 'B']",[],[],0,0,1,1,3,1,B,,,,,,,B,,,,,"{'rtype': 'select-node', 'rtimedn': 48.121, 'rtimeup': 48.121}",,,,,,,"{'rtype': 'd', 'rtimedn': 1.22, 'rtimeup': 2.143}",,,,
,,37,0,34,1733362684,BDG-015-1141,TREE-1.2-0.0-0.0,"['76580d50-ff14-4de9-9ed1-c2783f23e0e6', 'bbbae001-3deb-4cbd-bbf8-7bd5418ef05c']","['participant', 'participant']","['hour-glass', 'stop-sign']","['hsla(17, 54%, 38%, 1.0)', 'hsla(185, 84%, 64%, 1.0)']","[[1.0, 0.18243243243243246], [0.18243243243243246, 1.0]]","{0: '', 1: 'A', 2: 'B'}",,2,after,"[True, True]","{'max': 21, 'min': 21, 'avg': 21.0, 'root': 12}","[-10, -10]","[123, 106]",sequential,chance,chance,"[1.0, 1.0]","[0.5, 1.0]","[0.5, 1.0]","[0.5, 1.0]","[0.375, 0.0]","[0.625, 0.0]",[[0]],[[1]],[[2]],"(0, 12)","(12, 21)","(12, 21)",{},{},{},"['A', 'B']",[],[],0,0,1,1,4,1,B,,,,,,,B,,,,,"{'rtype': 'select-node', 'rtimedn': 49.467, 'rtimeup': 49.467}",,,,,,,"{'rtype': 'select-node', 'rtimedn': 49.622, 'rtimeup': 49.622}",,,,
,,37,1,34,1733362683,BDG-087-1433,TREE-1.2-0.0-0.0,"['ba89ee93-22db-46a7-843b-82800ff2fce2', 'a7129ad1-6672-400a-ac03-bb3bf99deb5c']","['participant', 'robot']","['two-triangle', 'stop-sign']","['hsla(321, 65%, 53%, 1.0)', 'hsla(153, 85%, 54%, 1.0)']","[[1.0, 0.18243243243243246], [0.18243243243243246, 1.0]]","{0: '', 1: 'A', 2: 'B'}",,2,after,"[True, False]","{'max': 21, 'min': 21, 'avg': 21.0, 'root': 12}","[-10, 0]","[118, 120]",sequential,chance,chance,"[1.0, 1.0]","[0.5, 1.0]","[0.5, 1.0]","[0.5, 1.0]","[0.375, 0.0]","[0.625, 0.0]",[[0]],[[1]],[[2]],"(0, 12)","(12, 21)","(12, 21)",{},{},{},"['A', 'B']",[],[],0,0,1,4,3,3,B,,,,,,,B,,,,,"{'rtype': 'select-node', 'rtimedn': 48.862, 'rtimeup': 48.862}",,,,,,,"{'rtype': 'a', 'rtimedn': 4.796, 'rtimeup': 7.041}",,,,
,,37,2,34,1733362680,BDG-175-2311,TREE-1.2-0.0-0.0,"['8248f477-cfc2-4ef4-99c5-11826574317e', '21b845c3-a442-4b4c-93cb-0a0ba2341d7c']","['participant', 'robot']","['moon', 'cross']","['hsla(124, 52%, 49%, 1.0)', 'hsla(331, 72%, 38%, 1.0)']","[[1.0, 0.18243243243243246], [0.18243243243243246, 1.0]]","{0: '', 1: 'A', 2: 'B'}",,1,after,"[True, False]","{'max': 21, 'min': 21, 'avg': 21.0, 'root': 12}","[-10, 0]","[135, 143]",sequential,chance,chance,"[1.0, 1.0]","[0.5, 1.0]","[0.5, 1.0]","[0.5, 1.0]","[0.375, 0.0]","[0.625, 0.0]",[[0]],[[1]],[[2]],"(0, 12)","(12, 21)","(12, 21)",{},{},{},"['A', 'B']",[],[],0,0,2,3,1,1,A,,,,,,,A,,,,,"{'rtype': 'select-node', 'rtimedn': 49.448, 'rtimeup': 49.448}",,,,,,,"{'rtype': 'a', 'rtimedn': 8.177, 'rtimeup': 10.309}",,,,
,,37,3,34,1733362681,BDG-280-3221,TREE-1.2-0.0-0.0,"['72e39ba0-5883-4127-9a92-751fa5bdeb21', '7de4ef96-172a-4085-b149-88c19285b153']","['participant', 'participant']","['pentagon', 'round-square']","['hsla(69, 84%, 47%, 1.0)', 'hsla(29, 82%, 51%, 1.0)']","[[1.0, 0.18243243243243246], [0.18243243243243246, 1.0]]","{0: '', 1: 'A', 2: 'B'}",,1,after,"[True, True]","{'max': 21, 'min': 21, 'avg': 21.0, 'root': 12}","[-10, -10]","[143, 139]",sequential,chance,chance,"[1.0, 1.0]","[0.5, 1.0]","[0.5, 1.0]","[0.5, 1.0]","[0.625, 0.0]","[0.375, 0.0]",[[0]],[[1]],[[2]],"(0, 12)","(12, 21)","(12, 21)",{},{},{},"['A', 'B']",[],[],0,0,3,2,2,1,A,,,,,,,A,,,,,"{'rtype': 'select-node', 'rtimedn': 49.521, 'rtimeup': 49.521}",,,,,,,"{'rtype': 'select-node', 'rtimedn': 47.42, 'rtimeup': 47.42}",,,,
,,38,0,34,1733362692,BDG-419-4245,TREE-1.2-0.0-0.0,"['bbbae001-3deb-4cbd-bbf8-7bd5418ef05c', '21b845c3-a442-4b4c-93cb-0a0ba2341d7c']","['participant', 'robot']","['stop-sign', 'cross']","['hsla(185, 84%, 64%, 1.0)', 'hsla(331, 72%, 38%, 1.0)']","[[1.0, 0.11124517374517374], [0.11124517374517374, 1.0]]","{0: '', 1: 'A', 2: 'B'}",,1,after,"[True, True]","{'max': 21, 'min': 21, 'avg': 21.0, 'root': 12}","[-10, -10]","[106, 143]",sequential,chance,chance,"[1.0, 1.0]","[0.5, 1.0]","[0.5, 1.0]","[0.5, 1.0]","[0.625, 0.0]","[0.375, 0.0]",[[0]],[[1]],[[2]],"(0, 12)","(12, 21)","(12, 21)",{},{},{},"['A', 'B']",[],[],0,0,4,2,4,5,A,,,,,,,B,,,,,"{'rtype': 'select-node', 'rtimedn': 50.366, 'rtimeup': 50.366}",,,,,,,"{'rtype': 'a', 'rtimedn': 13.869, 'rtimeup': 14.03}",,,,
,,38,1,34,1733362693,BDG-001-1112,TREE-1.2-0.0-0.0,"['a7129ad1-6672-400a-ac03-bb3bf99deb5c', '8248f477-cfc2-4ef4-99c5-11826574317e']","['robot', 'participant']","['stop-sign', 'moon']","['hsla(153, 85%, 54%, 1.0)', 'hsla(124, 52%, 49%, 1.0)']","[[1.0, 0.16216216216216214], [0.16216216216216214, 1.0]]","{0: '', 1: 'A', 2: 'B'}",,2,after,"[False, True]","{'max': 21, 'min': 21, 'avg': 21.0, 'root': 12}","[0, -10]","[120, 135]",sequential,chance,chance,"[1.0, 1.0]","[0.5, 1.0]","[0.5, 1.0]","[0.5, 1.0]","[0.375, 0.0]","[0.625, 0.0]",[[0]],[[1]],[[2]],"(0, 12)","(12, 21)","(12, 21)",{},{},{},"['A', 'B']",[],[],0,0,1,1,1,2,B,,,,,,,B,,,,,"{'rtype': 'a', 'rtimedn': 1.748, 'rtimeup': 3.635}",,,,,,,"{'rtype': 'select-node', 'rtimedn': 50.763, 'rtimeup': 50.763}",,,,
,,38,2,34,1733362691,BDG-425-4311,TREE-1.2-0.0-0.0,"['72e39ba0-5883-4127-9a92-751fa5bdeb21', '7de4ef96-172a-4085-b149-88c19285b153']","['participant', 'participant']","['pentagon', 'round-square']","['hsla(69, 84%, 47%, 1.0)', 'hsla(29, 82%, 51%, 1.0)']","[[1.0, 0.18243243243243246], [0.18243243243243246, 1.0]]","{0: '', 1: 'A', 2: 'B'}",,1,after,"[True, True]","{'max': 21, 'min': 21, 'avg': 21.0, 'root': 12}","[-10, -10]","[143, 139]",sequential,chance,chance,"[1.0, 1.0]","[0.5, 1.0]","[0.5, 1.0]","[0.5, 1.0]","[0.625, 0.0]","[0.375, 0.0]",[[0]],[[1]],[[2]],"(0, 12)","(12, 21)","(12, 21)",{},{},{},"['A', 'B']",[],[],0,0,4,3,1,1,A,,,,,,,A,,,,,"{'rtype': 'select-node', 'rtimedn': 50.602, 'rtimeup': 50.602}",,,,,,,"{'rtype': 'select-node', 'rtimedn': 48.539, 'rtimeup': 48.539}",,,,
,,38,3,34,1733362697,BDG-214-2435,TREE-1.2-0.0-0.0,"['76580d50-ff14-4de9-9ed1-c2783f23e0e6', 'ba89ee93-22db-46a7-843b-82800ff2fce2']","['participant', 'participant']","['hour-glass', 'two-triangle']","['hsla(17, 54%, 38%, 1.0)', 'hsla(321, 65%, 53%, 1.0)']","[[1.0, 0.009893822393822393], [0.009893822393822393, 1.0]]","{0: '', 1: 'A', 2: 'B'}",,1,after,"[True, True]","{'max': 21, 'min': 21, 'avg': 21.0, 'root': 12}","[-10, -10]","[123, 118]",sequential,chance,chance,"[1.0, 1.0]","[0.5, 1.0]","[0.5, 1.0]","[0.5, 1.0]","[0.375, 0.0]","[0.625, 0.0]",[[0]],[[1]],[[2]],"(0, 12)","(12, 21)","(12, 21)",{},{},{},"['A', 'B']",[],[],0,0,2,4,3,5,A,,,,,,,B,,,,,"{'rtype': 'select-node', 'rtimedn': 51.066, 'rtimeup': 51.066}",,,,,,,"{'rtype': 'select-node', 'rtimedn': 49.949, 'rtimeup': 49.949}",,,,
,,39,0,34,1733362707,BDG-107-1523,TREE-1.2-0.0-0.0,"['76580d50-ff14-4de9-9ed1-c2783f23e0e6', 'a7129ad1-6672-400a-ac03-bb3bf99deb5c']","['participant', 'robot']","['hour-glass', 'stop-sign']","['hsla(17, 54%, 38%, 1.0)', 'hsla(153, 85%, 54%, 1.0)']","[[1.0, 0.11124517374517374], [0.11124517374517374, 1.0]]","{0: '', 1: 'A', 2: 'B'}",,2,after,"[True, False]","{'max': 21, 'min': 21, 'avg': 21.0, 'root': 12}","[-10, 0]","[123, 120]",sequential,chance,chance,"[1.0, 1.0]","[0.5, 1.0]","[0.5, 1.0]","[0.5, 1.0]","[0.625, 0.0]","[0.375, 0.0]",[[0]],[[1]],[[2]],"(0, 12)","(12, 21)","(12, 21)",{},{},{},"['A', 'B']",[],[],0,0,1,5,2,3,B,,,,,,,B,,,,,"{'rtype': 'select-node', 'rtimedn': 52.123, 'rtimeup': 52.123}",,,,,,,"{'rtype': 'a', 'rtimedn': 2.006, 'rtimeup': 2.651}",,,,
,,39,1,34,1733362709,BDG-195-2351,TREE-1.2-0.0-0.0,"['8248f477-cfc2-4ef4-99c5-11826574317e', 'ba89ee93-22db-46a7-843b-82800ff2fce2']","['participant', 'participant']","['moon', 'two-triangle']","['hsla(124, 52%, 49%, 1.0)', 'hsla(321, 65%, 53%, 1.0)']","[[1.0, 0.21235521235521237], [0.21235521235521237, 1.0]]","{0: '', 1: 'A', 2: 'B'}",,1,after,"[True, True]","{'max': 21, 'min': 21, 'avg': 21.0, 'root': 12}","[-10, -10]","[135, 118]",sequential,chance,chance,"[1.0, 1.0]","[0.5, 1.0]","[0.5, 1.0]","[0.5, 1.0]","[0.625, 0.0]","[0.375, 0.0]",[[0]],[[1]],[[2]],"(0, 12)","(12, 21)","(12, 21)",{},{},{},"['A', 'B']",[],[],0,0,2,3,5,1,A,,,,,,,A,,,,,"{'rtype': 'select-node', 'rtimedn': 52.285, 'rtimeup': 52.285}",,,,,,,"{'rtype': 'select-node', 'rtimedn': 50.934, 'rtimeup': 50.934}",,,,
,,39,2,34,1733362705,BDG-561-5332,TREE-1.2-0.0-0.0,"['7de4ef96-172a-4085-b149-88c19285b153', 'bbbae001-3deb-4cbd-bbf8-7bd5418ef05c']","['participant', 'participant']","['round-square', 'stop-sign']","['hsla(29, 82%, 51%, 1.0)', 'hsla(185, 84%, 64%, 1.0)']","[[1.0, 0.19956563706563707], [0.19956563706563707, 1.0]]","{0: '', 1: 'A', 2: 'B'}",,1,after,"[True, True]","{'max': 21, 'min': 21, 'avg': 21.0, 'root': 12}","[-10, -10]","[139, 106]",sequential,chance,chance,"[1.0, 1.0]","[0.5, 1.0]","[0.5, 1.0]","[0.5, 1.0]","[0.375, 0.0]","[0.625, 0.0]",[[0]],[[1]],[[2]],"(0, 12)","(12, 21)","(12, 21)",{},{},{},"['A', 'B']",[],[],0,0,5,3,3,2,A,,,,,,,B,,,,,"{'rtype': 'select-node', 'rtimedn': 49.829, 'rtimeup': 49.829}",,,,,,,"{'rtype': 'select-node', 'rtimedn': 51.726, 'rtimeup': 51.726}",,,,
,,39,3,34,1733362704,BDG-083-1424,TREE-1.2-0.0-0.0,"['21b845c3-a442-4b4c-93cb-0a0ba2341d7c', '72e39ba0-5883-4127-9a92-751fa5bdeb21']","['robot', 'participant']","['cross', 'pentagon']","['hsla(331, 72%, 38%, 1.0)', 'hsla(69, 84%, 47%, 1.0)']","[[1.0, 0.009893822393822393], [0.009893822393822393, 1.0]]","{0: '', 1: 'A', 2: 'B'}",,2,after,"[False, True]","{'max': 21, 'min': 21, 'avg': 21.0, 'root': 12}","[0, -10]","[143, 143]",sequential,chance,chance,"[1.0, 1.0]","[0.5, 1.0]","[0.5, 1.0]","[0.5, 1.0]","[0.375, 0.0]","[0.625, 0.0]",[[0]],[[1]],[[2]],"(0, 12)","(12, 21)","(12, 21)",{},{},{},"['A', 'B']",[],[],0,0,1,4,2,4,B,,,,,,,B,,,,,"{'rtype': 'a', 'rtimedn': 2.343, 'rtimeup': 3.045}",,,,,,,"{'rtype': 'select-node', 'rtimedn': 51.91, 'rtimeup': 51.91}",,,,
