experiment_setting_keys,experiment_setting_values,round,room,batch,timestamp,title,tree_tag,player_uuids,player_types,avatar_shapes,avatar_colors,adjacency_matrix,idnum_label_map,perspective_of_player,final_node,tree_status,players_abdicated,durations,cumulative_payoffs_tree,cumulative_payoffs_experiment,choice_type_,choice_type_A,choice_type_B,probability_,probability_A,probability_B,positionxy_,positionxy_A,positionxy_B,info_set_,info_set_A,info_set_B,time_,time_A,time_B,beliefs_,beliefs_A,beliefs_B,options_,options_A,options_B,payoffs__p0,payoffs__p1,payoffs_A_p0,payoffs_A_p1,payoffs_B_p0,payoffs_B_p1,choice__p0,choice__p1,choice_A_p0,choice_A_p1,choice_B_p0,choice_B_p1,prediction__p0,prediction__p1,prediction_A_p0,prediction_A_p1,prediction_B_p0,prediction_B_p1,choice_data__p0,choice_data__p1,choice_data_A_p0,choice_data_A_p1,choice_data_B_p0,choice_data_B_p1,prediction_data__p0,prediction_data__p1,prediction_data_A_p0,prediction_data_A_p1,prediction_data_B_p0,prediction_data_B_p1
rounds,"{'apply': True, 'distribution_type': 'sigmoid', 'interval': [0, 200], 'coefficients': [1, 40]}",0,0,9,1733248105,BDG-252-3113,TREE-1.2-0.0-0.0,"['a4108716-78db-4322-84e0-c54f5e34e8e9', '343c5729-33c1-4072-84bc-ed3729393070']","['participant', 'participant']","['two-triangle', 'flower']","['hsla(2, 98%, 38%, 1.0)', 'hsla(345, 94%, 48%, 1.0)']","[[1.0, 0.054769511638521215], [0.054769511638521215, 1.0]]","{0: '', 1: 'A', 2: 'B'}",,1,after,"[False, False]","{'max': 21, 'min': 21, 'avg': 21.0, 'root': 12}","[0, 0]","[136, 139]",sequential,chance,chance,"[1.0, 1.0]","[0.5, 1.0]","[0.5, 1.0]","[0.5, 1.0]","[0.375, 0.0]","[0.625, 0.0]",[[0]],[[1]],[[2]],"(0, 12)","(12, 21)","(12, 21)",{},{},{},"['A', 'B']",[],[],0,0,3,1,1,3,A,,,,,,,B,,,,,"{'rtype': 'select-node', 'rtimedn': 4.781, 'rtimeup': 4.781}",,,,,,,"{'rtype': 'select-node', 'rtimedn': 4.843, 'rtimeup': 4.843}",,,,
time_horizon,"{'apply': True, 'interval': [0, 1], 'distribution_type': 'linear', 'coefficients': [0, 1]}",0,1,9,1733248108,BDG-233-2524,TREE-1.2-0.0-0.0,"['15704bf5-2929-4750-876d-7445e0ee839c', '0b1c531d-63c5-4791-847a-c3aae2cc6407']","['participant', 'participant']","['hour-glass', 'teardrop']","['hsla(190, 68%, 42%, 1.0)', 'hsla(82, 100%, 37%, 1.0)']","[[1.0, 0.054769511638521215], [0.054769511638521215, 1.0]]","{0: '', 1: 'A', 2: 'B'}",,2,after,"[False, False]","{'max': 21, 'min': 21, 'avg': 21.0, 'root': 12}","[0, 0]","[2, 139]",sequential,chance,chance,"[1.0, 1.0]","[0.5, 1.0]","[0.5, 1.0]","[0.5, 1.0]","[0.625, 0.0]","[0.375, 0.0]",[[0]],[[1]],[[2]],"(0, 12)","(12, 21)","(12, 21)",{},{},{},"['A', 'B']",[],[],0,0,2,5,2,4,B,,,,,,,A,,,,,"{'rtype': 'select-node', 'rtimedn': 4.835, 'rtimeup': 4.835}",,,,,,,"{'rtype': 'select-node', 'rtimedn': 5.19, 'rtimeup': 5.19}",,,,
payoff_dimensions,"{'SSD': {'apply': True, 'distribution_type': 'uniform', 'interval': [0, 1], 'coefficients': [1, 1]}, 'OOD': {'apply': True, 'distribution_type': 'uniform', 'interval': [0, 1], 'coefficients': [1, 1]}, 'SOD': {'apply': True, 'distribution_type': 'uniform', 'interval': [0, 1], 'coefficients': [1, 1]}, 'abdication_penalty': 10, 'payoff_values': [1, 9], 'cents_per_payoff': 0}",0,2,9,1733248113,BDG-314-3335,TREE-1.2-0.0-0.0,"['43ee29ea-4b55-4cdc-b2a0-40d4d7d8f141', 'ae0f18e3-bbc9-412b-9d3b-37f49ff99550']","['participant', 'participant']","['stop-sign', 'moon']","['hsla(50, 96%, 59%, 1.0)', 'hsla(256, 55%, 43%, 1.0)']","[[1.0, 0.186444545869466], [0.186444545869466, 1.0]]","{0: '', 1: 'A', 2: 'B'}",,2,after,"[False, False]","{'max': 21, 'min': 21, 'avg': 21.0, 'root': 12}","[0, 0]","[108, 125]",sequential,chance,chance,"[1.0, 1.0]","[0.5, 1.0]","[0.5, 1.0]","[0.5, 1.0]","[0.625, 0.0]","[0.375, 0.0]",[[0]],[[1]],[[2]],"(0, 12)","(12, 21)","(12, 21)",{},{},{},"['A', 'B']",[],[],0,0,3,3,3,5,B,,,,,,,B,,,,,"{'rtype': 'select-node', 'rtimedn': 5, 'rtimeup': 5}",,,,,,,"{'rtype': 'select-node', 'rtimedn': 5.44, 'rtimeup': 5.44}",,,,
players,"{'n_humans': 10, 'n_robots': 0, 'can_join_late': False, 'proportion_over_number': True, 'start_when_enough_humans': True, 'exclude_researchers': False}",0,3,9,1733248106,BDG-113-1534,TREE-1.2-0.0-0.0,"['370e65e8-1c1d-4aa8-a2b1-c3033e2d6bc5', '4e5b71b2-e421-4f67-bb5b-eff1c81af7c7']","['participant', 'participant']","['cross', 'hexagon']","['hsla(200, 87%, 49%, 1.0)', 'hsla(6, 79%, 39%, 1.0)']","[[1.0, 0.054769511638521215], [0.054769511638521215, 1.0]]","{0: '', 1: 'A', 2: 'B'}",,2,after,"[False, False]","{'max': 21, 'min': 21, 'avg': 21.0, 'root': 12}","[0, 0]","[136, 128]",sequential,chance,chance,"[1.0, 1.0]","[0.5, 1.0]","[0.5, 1.0]","[0.5, 1.0]","[0.375, 0.0]","[0.625, 0.0]",[[0]],[[1]],[[2]],"(0, 12)","(12, 21)","(12, 21)",{},{},{},"['A', 'B']",[],[],0,0,1,5,3,4,B,,,,,,,B,,,,,"{'rtype': 'select-node', 'rtimedn': 3.541, 'rtimeup': 3.541}",,,,,,,"{'rtype': 'select-node', 'rtimedn': 5, 'rtimeup': 5}",,,,
game_speed,"{'seconds_per_node': 9, 'seconds_per_descendant': 1, 'buffer_between_levels': 0}",0,4,9,1733248112,BDG-246-2552,TREE-1.2-0.0-0.0,"['db7d9540-da55-477e-8ad5-2be5182831db', '217d2378-37bb-4c23-8bf4-9ba78d98057c']","['participant', 'participant']","['dodecagon', 'lemon']","['hsla(143, 75%, 49%, 1.0)', 'hsla(259, 59%, 64%, 1.0)']","[[1.0, 0.186444545869466], [0.186444545869466, 1.0]]","{0: '', 1: 'A', 2: 'B'}",,2,after,"[False, False]","{'max': 21, 'min': 21, 'avg': 21.0, 'root': 12}","[0, 0]","[150, 143]",sequential,chance,chance,"[1.0, 1.0]","[0.5, 1.0]","[0.5, 1.0]","[0.5, 1.0]","[0.625, 0.0]","[0.375, 0.0]",[[0]],[[1]],[[2]],"(0, 12)","(12, 21)","(12, 21)",{},{},{},"['A', 'B']",[],[],0,0,2,5,5,2,B,,,,,,,A,,,,,"{'rtype': 'select-node', 'rtimedn': 5.474, 'rtimeup': 5.474}",,,,,,,"{'rtype': 'select-node', 'rtimedn': 4.803, 'rtimeup': 4.803}",,,,
game_trees,"{'preselected': True, 'trees_list': ['BDG-000-1111', 'BDG-001-1112', 'BDG-002-1113', 'BDG-003-1114', 'BDG-004-1115', 'BDG-005-1121', 'BDG-006-1122', 'BDG-007-1123', 'BDG-008-1124', 'BDG-009-1125', 'BDG-010-1131', 'BDG-011-1132', 'BDG-012-1133', 'BDG-013-1134', 'BDG-014-1135', 'BDG-015-1141', 'BDG-016-1142', 'BDG-017-1143', 'BDG-018-1144', 'BDG-019-1145', 'BDG-020-1151', 'BDG-021-1152', 'BDG-022-1153', 'BDG-023-1154', 'BDG-024-1155', 'BDG-025-1211', 'BDG-026-1212', 'BDG-027-1213', 'BDG-028-1214', 'BDG-029-1215', 'BDG-030-1221', 'BDG-031-1222', 'BDG-032-1223', 'BDG-033-1224', 'BDG-034-1225', 'BDG-035-1231', 'BDG-036-1232', 'BDG-037-1233', 'BDG-038-1234', 'BDG-039-1235', 'BDG-040-1241', 'BDG-041-1242', 'BDG-042-1243', 'BDG-043-1244', 'BDG-044-1245', 'BDG-045-1251', 'BDG-046-1252', 'BDG-047-1253', 'BDG-048-1254', 'BDG-049-1255', 'BDG-050-1311', 'BDG-051-1312', 'BDG-052-1313', 'BDG-053-1314', 'BDG-054-1315', 'BDG-055-1321', 'BDG-056-1322', 'BDG-057-1323', 'BDG-058-1324', 'BDG-059-1325', 'BDG-060-1331', 'BDG-061-1332', 'BDG-062-1333', 'BDG-063-1334', 'BDG-064-1335', 'BDG-065-1341', 'BDG-066-1342', 'BDG-067-1343', 'BDG-068-1344', 'BDG-069-1345', 'BDG-070-1351', 'BDG-071-1352', 'BDG-072-1353', 'BDG-073-1354', 'BDG-074-1355', 'BDG-075-1411', 'BDG-076-1412', 'BDG-077-1413', 'BDG-078-1414', 'BDG-079-1415', 'BDG-080-1421', 'BDG-081-1422', 'BDG-082-1423', 'BDG-083-1424', 'BDG-084-1425', 'BDG-085-1431', 'BDG-086-1432', 'BDG-087-1433', 'BDG-088-1434', 'BDG-089-1435', 'BDG-090-1441', 'BDG-091-1442', 'BDG-092-1443', 'BDG-093-1444', 'BDG-094-1445', 'BDG-095-1451', 'BDG-096-1452', 'BDG-097-1453', 'BDG-098-1454', 'BDG-099-1455', 'BDG-100-1511', 'BDG-101-1512', 'BDG-102-1513', 'BDG-103-1514', 'BDG-104-1515', 'BDG-105-1521', 'BDG-106-1522', 'BDG-107-1523', 'BDG-108-1524', 'BDG-109-1525', 'BDG-110-1531', 'BDG-111-1532', 'BDG-112-1533', 'BDG-113-1534', 'BDG-114-1535', 'BDG-115-1541', 'BDG-116-1542', 'BDG-117-1543', 'BDG-118-1544', 'BDG-119-1545', 'BDG-120-1551', 'BDG-121-1552', 'BDG-122-1553', 'BDG-123-1554', 'BDG-124-1555', 'BDG-125-2111', 'BDG-126-2112', 'BDG-127-2113', 'BDG-128-2114', 'BDG-129-2115', 'BDG-130-2121', 'BDG-131-2122', 'BDG-132-2123', 'BDG-133-2124', 'BDG-134-2125', 'BDG-135-2131', 'BDG-136-2132', 'BDG-137-2133', 'BDG-138-2134', 'BDG-139-2135', 'BDG-140-2141', 'BDG-141-2142', 'BDG-142-2143', 'BDG-143-2144', 'BDG-144-2145', 'BDG-145-2151', 'BDG-146-2152', 'BDG-147-2153', 'BDG-148-2154', 'BDG-149-2155', 'BDG-150-2211', 'BDG-151-2212', 'BDG-152-2213', 'BDG-153-2214', 'BDG-154-2215', 'BDG-155-2221', 'BDG-156-2222', 'BDG-157-2223', 'BDG-158-2224', 'BDG-159-2225', 'BDG-160-2231', 'BDG-161-2232', 'BDG-162-2233', 'BDG-163-2234', 'BDG-164-2235', 'BDG-165-2241', 'BDG-166-2242', 'BDG-167-2243', 'BDG-168-2244', 'BDG-169-2245', 'BDG-170-2251', 'BDG-171-2252', 'BDG-172-2253', 'BDG-173-2254', 'BDG-174-2255', 'BDG-175-2311', 'BDG-176-2312', 'BDG-177-2313', 'BDG-178-2314', 'BDG-179-2315', 'BDG-180-2321', 'BDG-181-2322', 'BDG-182-2323', 'BDG-183-2324', 'BDG-184-2325', 'BDG-185-2331', 'BDG-186-2332', 'BDG-187-2333', 'BDG-188-2334', 'BDG-189-2335', 'BDG-190-2341', 'BDG-191-2342', 'BDG-192-2343', 'BDG-193-2344', 'BDG-194-2345', 'BDG-195-2351', 'BDG-196-2352', 'BDG-197-2353', 'BDG-198-2354', 'BDG-199-2355', 'BDG-200-2411', 'BDG-201-2412', 'BDG-202-2413', 'BDG-203-2414', 'BDG-204-2415', 'BDG-205-2421', 'BDG-206-2422', 'BDG-207-2423', 'BDG-208-2424', 'BDG-209-2425', 'BDG-210-2431', 'BDG-211-2432', 'BDG-212-2433', 'BDG-213-2434', 'BDG-214-2435', 'BDG-215-2441', 'BDG-216-2442', 'BDG-217-2443', 'BDG-218-2444', 'BDG-219-2445', 'BDG-220-2451', 'BDG-221-2452', 'BDG-222-2453', 'BDG-223-2454', 'BDG-224-2455', 'BDG-225-2511', 'BDG-226-2512', 'BDG-227-2513', 'BDG-228-2514', 'BDG-229-2515', 'BDG-230-2521', 'BDG-231-2522', 'BDG-232-2523', 'BDG-233-2524', 'BDG-234-2525', 'BDG-235-2531', 'BDG-236-2532', 'BDG-237-2533', 'BDG-238-2534', 'BDG-239-2535', 'BDG-240-2541', 'BDG-241-2542', 'BDG-242-2543', 'BDG-243-2544', 'BDG-244-2545', 'BDG-245-2551', 'BDG-246-2552', 'BDG-247-2553', 'BDG-248-2554', 'BDG-249-2555', 'BDG-250-3111', 'BDG-251-3112', 'BDG-252-3113', 'BDG-253-3114', 'BDG-254-3115', 'BDG-255-3121', 'BDG-256-3122', 'BDG-257-3123', 'BDG-258-3124', 'BDG-259-3125', 'BDG-260-3131', 'BDG-261-3132', 'BDG-262-3133', 'BDG-263-3134', 'BDG-264-3135', 'BDG-265-3141', 'BDG-266-3142', 'BDG-267-3143', 'BDG-268-3144', 'BDG-269-3145', 'BDG-270-3151', 'BDG-271-3152', 'BDG-272-3153', 'BDG-273-3154', 'BDG-274-3155', 'BDG-275-3211', 'BDG-276-3212', 'BDG-277-3213', 'BDG-278-3214', 'BDG-279-3215', 'BDG-280-3221', 'BDG-281-3222', 'BDG-282-3223', 'BDG-283-3224', 'BDG-284-3225', 'BDG-285-3231', 'BDG-286-3232', 'BDG-287-3233', 'BDG-288-3234', 'BDG-289-3235', 'BDG-290-3241', 'BDG-291-3242', 'BDG-292-3243', 'BDG-293-3244', 'BDG-294-3245', 'BDG-295-3251', 'BDG-296-3252', 'BDG-297-3253', 'BDG-298-3254', 'BDG-299-3255', 'BDG-300-3311', 'BDG-301-3312', 'BDG-302-3313', 'BDG-303-3314', 'BDG-304-3315', 'BDG-305-3321', 'BDG-306-3322', 'BDG-307-3323', 'BDG-308-3324', 'BDG-309-3325', 'BDG-310-3331', 'BDG-311-3332', 'BDG-312-3333', 'BDG-313-3334', 'BDG-314-3335', 'BDG-315-3341', 'BDG-316-3342', 'BDG-317-3343', 'BDG-318-3344', 'BDG-319-3345', 'BDG-320-3351', 'BDG-321-3352', 'BDG-322-3353', 'BDG-323-3354', 'BDG-324-3355', 'BDG-325-3411', 'BDG-326-3412', 'BDG-327-3413', 'BDG-328-3414', 'BDG-329-3415', 'BDG-330-3421', 'BDG-331-3422', 'BDG-332-3423', 'BDG-333-3424', 'BDG-334-3425', 'BDG-335-3431', 'BDG-336-3432', 'BDG-337-3433', 'BDG-338-3434', 'BDG-339-3435', 'BDG-340-3441', 'BDG-341-3442', 'BDG-342-3443', 'BDG-343-3444', 'BDG-344-3445', 'BDG-345-3451', 'BDG-346-3452', 'BDG-347-3453', 'BDG-348-3454', 'BDG-349-3455', 'BDG-350-3511', 'BDG-351-3512', 'BDG-352-3513', 'BDG-353-3514', 'BDG-354-3515', 'BDG-355-3521', 'BDG-356-3522', 'BDG-357-3523', 'BDG-358-3524', 'BDG-359-3525', 'BDG-360-3531', 'BDG-361-3532', 'BDG-362-3533', 'BDG-363-3534', 'BDG-364-3535', 'BDG-365-3541', 'BDG-366-3542', 'BDG-367-3543', 'BDG-368-3544', 'BDG-369-3545', 'BDG-370-3551', 'BDG-371-3552', 'BDG-372-3553', 'BDG-373-3554', 'BDG-374-3555', 'BDG-375-4111', 'BDG-376-4112', 'BDG-377-4113', 'BDG-378-4114', 'BDG-379-4115', 'BDG-380-4121', 'BDG-381-4122', 'BDG-382-4123', 'BDG-383-4124', 'BDG-384-4125', 'BDG-385-4131', 'BDG-386-4132', 'BDG-387-4133', 'BDG-388-4134', 'BDG-389-4135', 'BDG-390-4141', 'BDG-391-4142', 'BDG-392-4143', 'BDG-393-4144', 'BDG-394-4145', 'BDG-395-4151', 'BDG-396-4152', 'BDG-397-4153', 'BDG-398-4154', 'BDG-399-4155', 'BDG-400-4211', 'BDG-401-4212', 'BDG-402-4213', 'BDG-403-4214', 'BDG-404-4215', 'BDG-405-4221', 'BDG-406-4222', 'BDG-407-4223', 'BDG-408-4224', 'BDG-409-4225', 'BDG-410-4231', 'BDG-411-4232', 'BDG-412-4233', 'BDG-413-4234', 'BDG-414-4235', 'BDG-415-4241', 'BDG-416-4242', 'BDG-417-4243', 'BDG-418-4244', 'BDG-419-4245', 'BDG-420-4251', 'BDG-421-4252', 'BDG-422-4253', 'BDG-423-4254', 'BDG-424-4255', 'BDG-425-4311', 'BDG-426-4312', 'BDG-427-4313', 'BDG-428-4314', 'BDG-429-4315', 'BDG-430-4321', 'BDG-431-4322', 'BDG-432-4323', 'BDG-433-4324', 'BDG-434-4325', 'BDG-435-4331', 'BDG-436-4332', 'BDG-437-4333', 'BDG-438-4334', 'BDG-439-4335', 'BDG-440-4341', 'BDG-441-4342', 'BDG-442-4343', 'BDG-443-4344', 'BDG-444-4345', 'BDG-445-4351', 'BDG-446-4352', 'BDG-447-4353', 'BDG-448-4354', 'BDG-449-4355', 'BDG-450-4411', 'BDG-451-4412', 'BDG-452-4413', 'BDG-453-4414', 'BDG-454-4415', 'BDG-455-4421', 'BDG-456-4422', 'BDG-457-4423', 'BDG-458-4424', 'BDG-459-4425', 'BDG-460-4431', 'BDG-461-4432', 'BDG-462-4433', 'BDG-463-4434', 'BDG-464-4435', 'BDG-465-4441', 'BDG-466-4442', 'BDG-467-4443', 'BDG-468-4444', 'BDG-469-4445', 'BDG-470-4451', 'BDG-471-4452', 'BDG-472-4453', 'BDG-473-4454', 'BDG-474-4455', 'BDG-475-4511', 'BDG-476-4512', 'BDG-477-4513', 'BDG-478-4514', 'BDG-479-4515', 'BDG-480-4521', 'BDG-481-4522', 'BDG-482-4523', 'BDG-483-4524', 'BDG-484-4525', 'BDG-485-4531', 'BDG-486-4532', 'BDG-487-4533', 'BDG-488-4534', 'BDG-489-4535', 'BDG-490-4541', 'BDG-491-4542', 'BDG-492-4543', 'BDG-493-4544', 'BDG-494-4545', 'BDG-495-4551', 'BDG-496-4552', 'BDG-497-4553', 'BDG-498-4554', 'BDG-499-4555', 'BDG-500-5111', 'BDG-501-5112', 'BDG-502-5113', 'BDG-503-5114', 'BDG-504-5115', 'BDG-505-5121', 'BDG-506-5122', 'BDG-507-5123', 'BDG-508-5124', 'BDG-509-5125', 'BDG-510-5131', 'BDG-511-5132', 'BDG-512-5133', 'BDG-513-5134', 'BDG-514-5135', 'BDG-515-5141', 'BDG-516-5142', 'BDG-517-5143', 'BDG-518-5144', 'BDG-519-5145', 'BDG-520-5151', 'BDG-521-5152', 'BDG-522-5153', 'BDG-523-5154', 'BDG-524-5155', 'BDG-525-5211', 'BDG-526-5212', 'BDG-527-5213', 'BDG-528-5214', 'BDG-529-5215', 'BDG-530-5221', 'BDG-531-5222', 'BDG-532-5223', 'BDG-533-5224', 'BDG-534-5225', 'BDG-535-5231', 'BDG-536-5232', 'BDG-537-5233', 'BDG-538-5234', 'BDG-539-5235', 'BDG-540-5241', 'BDG-541-5242', 'BDG-542-5243', 'BDG-543-5244', 'BDG-544-5245', 'BDG-545-5251', 'BDG-546-5252', 'BDG-547-5253', 'BDG-548-5254', 'BDG-549-5255', 'BDG-550-5311', 'BDG-551-5312', 'BDG-552-5313', 'BDG-553-5314', 'BDG-554-5315', 'BDG-555-5321', 'BDG-556-5322', 'BDG-557-5323', 'BDG-558-5324', 'BDG-559-5325', 'BDG-560-5331', 'BDG-561-5332', 'BDG-562-5333', 'BDG-563-5334', 'BDG-564-5335', 'BDG-565-5341', 'BDG-566-5342', 'BDG-567-5343', 'BDG-568-5344', 'BDG-569-5345', 'BDG-570-5351', 'BDG-571-5352', 'BDG-572-5353', 'BDG-573-5354', 'BDG-574-5355', 'BDG-575-5411', 'BDG-576-5412', 'BDG-577-5413', 'BDG-578-5414', 'BDG-579-5415', 'BDG-580-5421', 'BDG-581-5422', 'BDG-582-5423', 'BDG-583-5424', 'BDG-584-5425', 'BDG-585-5431', 'BDG-586-5432', 'BDG-587-5433', 'BDG-588-5434', 'BDG-589-5435', 'BDG-590-5441', 'BDG-591-5442', 'BDG-592-5443', 'BDG-593-5444', 'BDG-594-5445', 'BDG-595-5451', 'BDG-596-5452', 'BDG-597-5453', 'BDG-598-5454', 'BDG-599-5455', 'BDG-600-5511', 'BDG-601-5512', 'BDG-602-5513', 'BDG-603-5514', 'BDG-604-5515', 'BDG-605-5521', 'BDG-606-5522', 'BDG-607-5523', 'BDG-608-5524', 'BDG-609-5525', 'BDG-610-5531', 'BDG-611-5532', 'BDG-612-5533', 'BDG-613-5534', 'BDG-614-5535', 'BDG-615-5541', 'BDG-616-5542', 'BDG-617-5543', 'BDG-618-5544', 'BDG-619-5545', 'BDG-620-5551', 'BDG-621-5552', 'BDG-622-5553', 'BDG-623-5554', 'BDG-624-5555']}",1,0,9,1733248123,BDG-577-5413,TREE-1.2-0.0-0.0,"['43ee29ea-4b55-4cdc-b2a0-40d4d7d8f141', '370e65e8-1c1d-4aa8-a2b1-c3033e2d6bc5']","['participant', 'participant']","['stop-sign', 'cross']","['hsla(50, 96%, 59%, 1.0)', 'hsla(200, 87%, 49%, 1.0)']","[[1.0, 0.127110908261068], [0.127110908261068, 1.0]]","{0: '', 1: 'A', 2: 'B'}",,1,after,"[False, False]","{'max': 21, 'min': 21, 'avg': 21.0, 'root': 12}","[0, 0]","[108, 136]",sequential,chance,chance,"[1.0, 1.0]","[0.5, 1.0]","[0.5, 1.0]","[0.5, 1.0]","[0.625, 0.0]","[0.375, 0.0]",[[0]],[[1]],[[2]],"(0, 12)","(12, 21)","(12, 21)",{},{},{},"['A', 'B']",[],[],0,0,5,4,1,3,A,,,,,,,A,,,,,"{'rtype': 'select-node', 'rtimedn': 6.713, 'rtimeup': 6.713}",,,,,,,"{'rtype': 'select-node', 'rtimedn': 5.184, 'rtimeup': 5.184}",,,,
group_size,"{'distribution': [0, 1, 0, 0], 'apply': True}",1,1,9,1733248122,BDG-532-5223,TREE-1.2-0.0-0.0,"['4e5b71b2-e421-4f67-bb5b-eff1c81af7c7', 'ae0f18e3-bbc9-412b-9d3b-37f49ff99550']","['participant', 'participant']","['hexagon', 'moon']","['hsla(6, 79%, 39%, 1.0)', 'hsla(256, 55%, 43%, 1.0)']","[[1.0, 0.025559105431309903], [0.025559105431309903, 1.0]]","{0: '', 1: 'A', 2: 'B'}",,1,after,"[False, False]","{'max': 21, 'min': 21, 'avg': 21.0, 'root': 12}","[0, 0]","[128, 125]",sequential,chance,chance,"[1.0, 1.0]","[0.5, 1.0]","[0.5, 1.0]","[0.5, 1.0]","[0.375, 0.0]","[0.625, 0.0]",[[0]],[[1]],[[2]],"(0, 12)","(12, 21)","(12, 21)",{},{},{},"['A', 'B']",[],[],0,0,5,2,2,3,A,,,,,,,A,,,,,"{'rtype': 'select-node', 'rtimedn': 6.571, 'rtimeup': 6.571}",,,,,,,"{'rtype': 'select-node', 'rtimedn': 6.175, 'rtimeup': 6.175}",,,,
robots,"{'self_value': {'apply': True, 'distribution_type': 'point', 'interval': [1, 1], 'coefficients': [1, 1]}, 'other_value': {'apply': True, 'distribution_type': 'point', 'interval': [0, 0], 'coefficients': [0, 1]}, 'normal_envy': {'apply': True, 'distribution_type': 'point', 'interval': [0, 0], 'coefficients': [0, 1]}, 'reverse_envy': {'apply': True, 'distribution_type': 'point', 'interval': [0, 0], 'coefficients': [0, 1]}, 'risk_preference': {'apply': True, 'distribution_type': 'point', 'interval': [0, 0], 'coefficients': [0, 1]}, 'loss_preference': {'apply': True, 'distribution_type': 'point', 'interval': [0, 0], 'coefficients': [0, 1]}, 'reasoning_depth': {'apply': True, 'distribution_type': 'point', 'interval': [3, 3], 'coefficients': [3, 1]}, 'time_discount': {'apply': True, 'distribution_type': 'point', 'interval': [0, 0], 'coefficients': [0, 1]}, 'reaction_time': {'apply': True, 'distribution_type': 'uniform', 'interval': [0, 1], 'coefficients': [1, 1]}}",1,2,9,1733248121,BDG-112-1533,TREE-1.2-0.0-0.0,"['15704bf5-2929-4750-876d-7445e0ee839c', '217d2378-37bb-4c23-8bf4-9ba78d98057c']","['participant', 'participant']","['hour-glass', 'lemon']","['hsla(189, 68%, 42%, 1.0)', 'hsla(259, 59%, 64%, 1.0)']","[[1.0, 0.16293929712460062], [0.16293929712460062, 1.0]]","{0: '', 1: 'A', 2: 'B'}",,2,after,"[False, False]","{'max': 21, 'min': 21, 'avg': 21.0, 'root': 12}","[0, 0]","[104, 143]",sequential,chance,chance,"[1.0, 1.0]","[0.5, 1.0]","[0.5, 1.0]","[0.5, 1.0]","[0.375, 0.0]","[0.625, 0.0]",[[0]],[[1]],[[2]],"(0, 12)","(12, 21)","(12, 21)",{},{},{},"['A', 'B']",[],[],0,0,1,5,3,3,B,,,,,,,B,,,,,"{'rtype': 'select-node', 'rtimedn': 6.206, 'rtimeup': 6.206}",,,,,,,"{'rtype': 'select-node', 'rtimedn': 6.452, 'rtimeup': 6.452}",,,,
truthfulness,"{'apply': True, 'distribution_type': 'uniform', 'interval': [0, 1], 'coefficients': [1, 1]}",1,3,9,1733248122,BDG-225-2511,TREE-1.2-0.0-0.0,"['a4108716-78db-4322-84e0-c54f5e34e8e9', '0b1c531d-63c5-4791-847a-c3aae2cc6407']","['participant', 'participant']","['two-triangle', 'teardrop']","['hsla(2, 98%, 38%, 1.0)', 'hsla(82, 100%, 37%, 1.0)']","[[1.0, 0.20698311273391143], [0.20698311273391143, 1.0]]","{0: '', 1: 'A', 2: 'B'}",,1,after,"[False, False]","{'max': 21, 'min': 21, 'avg': 21.0, 'root': 12}","[0, 0]","[136, 139]",sequential,chance,chance,"[1.0, 1.0]","[0.5, 1.0]","[0.5, 1.0]","[0.5, 1.0]","[0.375, 0.0]","[0.625, 0.0]",[[0]],[[1]],[[2]],"(0, 12)","(12, 21)","(12, 21)",{},{},{},"['A', 'B']",[],[],0,0,2,5,1,1,A,,,,,,,B,,,,,"{'rtype': 'select-node', 'rtimedn': 6.452, 'rtimeup': 6.452}",,,,,,,"{'rtype': 'select-node', 'rtimedn': 6.372, 'rtimeup': 6.372}",,,,
complexity,"{'apply': True, 'distribution_type': 'uniform', 'interval': [0, 1], 'coefficients': [1, 1]}",1,4,9,1733248121,BDG-160-2231,TREE-1.2-0.0-0.0,"['db7d9540-da55-477e-8ad5-2be5182831db', '343c5729-33c1-4072-84bc-ed3729393070']","['participant', 'participant']","['dodecagon', 'flower']","['hsla(143, 75%, 49%, 1.0)', 'hsla(345, 94%, 48%, 1.0)']","[[1.0, 0.10634413509812869], [0.10634413509812869, 1.0]]","{0: '', 1: 'A', 2: 'B'}",,2,after,"[False, False]","{'max': 21, 'min': 21, 'avg': 21.0, 'root': 12}","[0, 0]","[150, 139]",sequential,chance,chance,"[1.0, 1.0]","[0.5, 1.0]","[0.5, 1.0]","[0.5, 1.0]","[0.375, 0.0]","[0.625, 0.0]",[[0]],[[1]],[[2]],"(0, 12)","(12, 21)","(12, 21)",{},{},{},"['A', 'B']",[],[],0,0,2,2,3,1,B,,,,,,,A,,,,,"{'rtype': 'select-node', 'rtimedn': 6.312, 'rtimeup': 6.312}",,,,,,,"{'rtype': 'select-node', 'rtimedn': 6.393, 'rtimeup': 6.393}",,,,
agency,"{'apply': True, 'distribution_type': 'uniform', 'interval': [0, 1], 'coefficients': [1, 1]}",2,0,9,1733248136,BDG-552-5313,TREE-1.2-0.0-0.0,"['217d2378-37bb-4c23-8bf4-9ba78d98057c', 'a4108716-78db-4322-84e0-c54f5e34e8e9']","['participant', 'participant']","['lemon', 'two-triangle']","['hsla(259, 59%, 64%, 1.0)', 'hsla(2, 98%, 38%, 1.0)']","[[1.0, 0.127110908261068], [0.127110908261068, 1.0]]","{0: '', 1: 'A', 2: 'B'}",,1,after,"[False, False]","{'max': 21, 'min': 21, 'avg': 21.0, 'root': 12}","[0, 0]","[143, 136]",sequential,chance,chance,"[1.0, 1.0]","[0.5, 1.0]","[0.5, 1.0]","[0.5, 1.0]","[0.375, 0.0]","[0.625, 0.0]",[[0]],[[1]],[[2]],"(0, 12)","(12, 21)","(12, 21)",{},{},{},"['A', 'B']",[],[],0,0,5,3,1,3,A,,,,,,,A,,,,,"{'rtype': 'select-node', 'rtimedn': 7.413, 'rtimeup': 7.413}",,,,,,,"{'rtype': 'select-node', 'rtimedn': 7.827, 'rtimeup': 7.827}",,,,
base_url,https://yourschool.sona-systems.com/webstudy_credit.aspx,2,1,9,1733248137,BDG-082-1423,TREE-1.2-0.0-0.0,"['15704bf5-2929-4750-876d-7445e0ee839c', '4e5b71b2-e421-4f67-bb5b-eff1c81af7c7']","['participant', 'participant']","['hour-glass', 'hexagon']","['hsla(189, 68%, 42%, 1.0)', 'hsla(6, 79%, 39%, 1.0)']","[[1.0, 0.20698311273391143], [0.20698311273391143, 1.0]]","{0: '', 1: 'A', 2: 'B'}",,1,after,"[True, False]","{'max': 21, 'min': 21, 'avg': 21.0, 'root': 12}","[-10, 0]","[104, 128]",sequential,chance,chance,"[1.0, 1.0]","[0.5, 1.0]","[0.5, 1.0]","[0.5, 1.0]","[0.625, 0.0]","[0.375, 0.0]",[[0]],[[1]],[[2]],"(0, 12)","(12, 21)","(12, 21)",{},{},{},"['A', 'B']",[],[],0,0,1,4,2,3,A,,,,,,,B,,,,,"{'rtype': None, 'rtimedn': 13, 'rtimeup': 13}",,,,,,,"{'rtype': 'select-node', 'rtimedn': 8.085, 'rtimeup': 8.085}",,,,
instructions,['No additional instructions.'],2,2,9,1733248130,BDG-346-3452,TREE-1.2-0.0-0.0,"['43ee29ea-4b55-4cdc-b2a0-40d4d7d8f141', '0b1c531d-63c5-4791-847a-c3aae2cc6407']","['participant', 'participant']","['stop-sign', 'teardrop']","['hsla(50, 96%, 59%, 1.0)', 'hsla(82, 100%, 37%, 1.0)']","[[1.0, 0.025559105431309903], [0.025559105431309903, 1.0]]","{0: '', 1: 'A', 2: 'B'}",,2,after,"[False, False]","{'max': 21, 'min': 21, 'avg': 21.0, 'root': 12}","[0, 0]","[108, 139]",sequential,chance,chance,"[1.0, 1.0]","[0.5, 1.0]","[0.5, 1.0]","[0.5, 1.0]","[0.375, 0.0]","[0.625, 0.0]",[[0]],[[1]],[[2]],"(0, 12)","(12, 21)","(12, 21)",{},{},{},"['A', 'B']",[],[],0,0,3,4,5,2,B,,,,,,,A,,,,,"{'rtype': 'select-node', 'rtimedn': 7.467, 'rtimeup': 7.467}",,,,,,,"{'rtype': 'select-node', 'rtimedn': 7.383, 'rtimeup': 7.383}",,,,
consent,"['UNIVERSITY OF MICHIGAN', 'CONSENT TO BE PART OF A RESEARCH STUDY HUM00243214', 'Platform Title: The Morality Game', 'Platform Creator: Gregory Stanley, Ph.D. Candidate, University of Michigan', 'Faculty Advisor: Jun Zhang, Professor of Psychology, University of Michigan', 'Thank you for your interest in participating in this experiment.  This is an unpaid experiment.  You will receive credit for 1 hour of Subject Pool participation.  Please be ready for 1 hour of continuous participation.  If you are inactive for over 2 minutes, the system will automatically eject you from the experiment.  Your counterparts are human participants, unless they drop out of the experiment, in which case they will be replaced by artificial agents.  Please feel free to contact me, Greg, at (714) 454-0435 if you have any questions.  All other information relevant to your consent was covered by the platform general-consent form in the tutorial.  You must be 18 years of age or older to participate in this study.', '']",2,3,9,1733248133,BDG-406-4222,TREE-1.2-0.0-0.0,"['db7d9540-da55-477e-8ad5-2be5182831db', '370e65e8-1c1d-4aa8-a2b1-c3033e2d6bc5']","['participant', 'participant']","['dodecagon', 'cross']","['hsla(143, 75%, 49%, 1.0)', 'hsla(200, 87%, 49%, 1.0)']","[[1.0, 0.0778183477863989], [0.0778183477863989, 1.0]]","{0: '', 1: 'A', 2: 'B'}",,1,after,"[False, False]","{'max': 21, 'min': 21, 'avg': 21.0, 'root': 12}","[0, 0]","[150, 136]",sequential,chance,chance,"[1.0, 1.0]","[0.5, 1.0]","[0.5, 1.0]","[0.5, 1.0]","[0.375, 0.0]","[0.625, 0.0]",[[0]],[[1]],[[2]],"(0, 12)","(12, 21)","(12, 21)",{},{},{},"['A', 'B']",[],[],0,0,4,2,2,2,A,,,,,,,A,,,,,"{'rtype': 'select-node', 'rtimedn': 7.235, 'rtimeup': 7.235}",,,,,,,"{'rtype': 'select-node', 'rtimedn': 6.461, 'rtimeup': 6.461}",,,,
experiment_code,eGfzR5QoOZLq,2,4,9,1733248133,BDG-075-1411,TREE-1.2-0.0-0.0,"['343c5729-33c1-4072-84bc-ed3729393070', 'ae0f18e3-bbc9-412b-9d3b-37f49ff99550']","['participant', 'participant']","['flower', 'moon']","['hsla(345, 94%, 48%, 1.0)', 'hsla(256, 55%, 43%, 1.0)']","[[1.0, 0.052031036056595155], [0.052031036056595155, 1.0]]","{0: '', 1: 'A', 2: 'B'}",,2,after,"[False, False]","{'max': 21, 'min': 21, 'avg': 21.0, 'root': 12}","[0, 0]","[139, 125]",sequential,chance,chance,"[1.0, 1.0]","[0.5, 1.0]","[0.5, 1.0]","[0.5, 1.0]","[0.375, 0.0]","[0.625, 0.0]",[[0]],[[1]],[[2]],"(0, 12)","(12, 21)","(12, 21)",{},{},{},"['A', 'B']",[],[],0,0,1,4,1,1,B,,,,,,,A,,,,,"{'rtype': 'select-node', 'rtimedn': 7.707, 'rtimeup': 7.707}",,,,,,,"{'rtype': 'select-node', 'rtimedn': 7.171, 'rtimeup': 7.171}",,,,
experiment_type,pilot,3,0,9,1733248146,BDG-414-4235,TREE-1.2-0.0-0.0,"['43ee29ea-4b55-4cdc-b2a0-40d4d7d8f141', 'ae0f18e3-bbc9-412b-9d3b-37f49ff99550']","['participant', 'participant']","['stop-sign', 'moon']","['hsla(50, 96%, 59%, 1.0)', 'hsla(256, 55%, 43%, 1.0)']","[[1.0, 0.186444545869466], [0.186444545869466, 1.0]]","{0: '', 1: 'A', 2: 'B'}",,2,after,"[False, False]","{'max': 21, 'min': 21, 'avg': 21.0, 'root': 12}","[0, 0]","[108, 125]",sequential,chance,chance,"[1.0, 1.0]","[0.5, 1.0]","[0.5, 1.0]","[0.5, 1.0]","[0.625, 0.0]","[0.375, 0.0]",[[0]],[[1]],[[2]],"(0, 12)","(12, 21)","(12, 21)",{},{},{},"['A', 'B']",[],[],0,0,4,2,3,5,B,,,,,,,A,,,,,"{'rtype': 'select-node', 'rtimedn': 8.973, 'rtimeup': 8.973}",,,,,,,"{'rtype': 'select-node', 'rtimedn': 8.581, 'rtimeup': 8.581}",,,,
status,open,3,1,9,1733248146,BDG-348-3454,TREE-1.2-0.0-0.0,"['15704bf5-2929-4750-876d-7445e0ee839c', '217d2378-37bb-4c23-8bf4-9ba78d98057c']","['participant', 'participant']","['hour-glass', 'lemon']","['hsla(189, 68%, 42%, 1.0)', 'hsla(259, 59%, 64%, 1.0)']","[[1.0, 0.16293929712460062], [0.16293929712460062, 1.0]]","{0: '', 1: 'A', 2: 'B'}",,2,after,"[False, False]","{'max': 21, 'min': 21, 'avg': 21.0, 'root': 12}","[0, 0]","[104, 143]",sequential,chance,chance,"[1.0, 1.0]","[0.5, 1.0]","[0.5, 1.0]","[0.5, 1.0]","[0.625, 0.0]","[0.375, 0.0]",[[0]],[[1]],[[2]],"(0, 12)","(12, 21)","(12, 21)",{},{},{},"['A', 'B']",[],[],0,0,3,4,5,4,B,,,,,,,B,,,,,"{'rtype': 'select-node', 'rtimedn': 8.726, 'rtimeup': 8.726}",,,,,,,"{'rtype': 'select-node', 'rtimedn': 8.943, 'rtimeup': 8.943}",,,,
start_date,2024-12-03-12:31,3,2,9,1733248146,BDG-354-3515,TREE-1.2-0.0-0.0,"['db7d9540-da55-477e-8ad5-2be5182831db', '343c5729-33c1-4072-84bc-ed3729393070']","['participant', 'participant']","['dodecagon', 'flower']","['hsla(143, 75%, 49%, 1.0)', 'hsla(345, 94%, 48%, 1.0)']","[[1.0, 0.10634413509812869], [0.10634413509812869, 1.0]]","{0: '', 1: 'A', 2: 'B'}",,1,after,"[False, False]","{'max': 21, 'min': 21, 'avg': 21.0, 'root': 12}","[0, 0]","[150, 139]",sequential,chance,chance,"[1.0, 1.0]","[0.5, 1.0]","[0.5, 1.0]","[0.5, 1.0]","[0.375, 0.0]","[0.625, 0.0]",[[0]],[[1]],[[2]],"(0, 12)","(12, 21)","(12, 21)",{},{},{},"['A', 'B']",[],[],0,0,3,5,1,5,A,,,,,,,A,,,,,"{'rtype': 'select-node', 'rtimedn': 8.752, 'rtimeup': 8.752}",,,,,,,"{'rtype': 'select-node', 'rtimedn': 8.972, 'rtimeup': 8.972}",,,,
experimenter_uuid,90427df1-2b1e-4653-9e04-f86c9e4bfa2c,3,3,9,1733248148,BDG-187-2333,TREE-1.2-0.0-0.0,"['4e5b71b2-e421-4f67-bb5b-eff1c81af7c7', 'a4108716-78db-4322-84e0-c54f5e34e8e9']","['participant', 'participant']","['hexagon', 'two-triangle']","['hsla(6, 79%, 39%, 1.0)', 'hsla(2, 98%, 38%, 1.0)']","[[1.0, 0.186444545869466], [0.186444545869466, 1.0]]","{0: '', 1: 'A', 2: 'B'}",,2,after,"[False, False]","{'max': 21, 'min': 21, 'avg': 21.0, 'root': 12}","[0, 0]","[128, 136]",sequential,chance,chance,"[1.0, 1.0]","[0.5, 1.0]","[0.5, 1.0]","[0.5, 1.0]","[0.375, 0.0]","[0.625, 0.0]",[[0]],[[1]],[[2]],"(0, 12)","(12, 21)","(12, 21)",{},{},{},"['A', 'B']",[],[],0,0,2,3,3,3,B,,,,,,,A,,,,,"{'rtype': 'select-node', 'rtimedn': 9.148, 'rtimeup': 9.148}",,,,,,,"{'rtype': 'select-node', 'rtimedn': 8.998, 'rtimeup': 8.998}",,,,
batches,"{'completed': 97, 'batch_study': True}",3,4,9,1733248146,BDG-529-5215,TREE-1.2-0.0-0.0,"['0b1c531d-63c5-4791-847a-c3aae2cc6407', '370e65e8-1c1d-4aa8-a2b1-c3033e2d6bc5']","['participant', 'participant']","['teardrop', 'cross']","['hsla(82, 100%, 37%, 1.0)', 'hsla(200, 87%, 49%, 1.0)']","[[1.0, 0.186444545869466], [0.186444545869466, 1.0]]","{0: '', 1: 'A', 2: 'B'}",,1,after,"[False, False]","{'max': 21, 'min': 21, 'avg': 21.0, 'root': 12}","[0, 0]","[139, 136]",sequential,chance,chance,"[1.0, 1.0]","[0.5, 1.0]","[0.5, 1.0]","[0.5, 1.0]","[0.375, 0.0]","[0.625, 0.0]",[[0]],[[1]],[[2]],"(0, 12)","(12, 21)","(12, 21)",{},{},{},"['A', 'B']",[],[],0,0,5,2,1,5,A,,,,,,,A,,,,,"{'rtype': 'select-node', 'rtimedn': 8.99, 'rtimeup': 8.99}",,,,,,,"{'rtype': 'select-node', 'rtimedn': 7.629, 'rtimeup': 7.629}",,,,
predetermined_trials,,4,0,9,1733248156,BDG-267-3143,TREE-1.2-0.0-0.0,"['343c5729-33c1-4072-84bc-ed3729393070', '0b1c531d-63c5-4791-847a-c3aae2cc6407']","['participant', 'participant']","['flower', 'teardrop']","['hsla(345, 94%, 48%, 1.0)', 'hsla(82, 100%, 37%, 1.0)']","[[1.0, 0.16293929712460062], [0.16293929712460062, 1.0]]","{0: '', 1: 'A', 2: 'B'}",,2,after,"[False, False]","{'max': 21, 'min': 21, 'avg': 21.0, 'root': 12}","[0, 0]","[139, 139]",sequential,chance,chance,"[1.0, 1.0]","[0.5, 1.0]","[0.5, 1.0]","[0.5, 1.0]","[0.375, 0.0]","[0.625, 0.0]",[[0]],[[1]],[[2]],"(0, 12)","(12, 21)","(12, 21)",{},{},{},"['A', 'B']",[],[],0,0,3,1,4,3,B,,,,,,,B,,,,,"{'rtype': 'select-node', 'rtimedn': 10.029, 'rtimeup': 10.029}",,,,,,,"{'rtype': 'select-node', 'rtimedn': 9.947, 'rtimeup': 9.947}",,,,
,,4,1,9,1733248157,BDG-131-2122,TREE-1.2-0.0-0.0,"['15704bf5-2929-4750-876d-7445e0ee839c', 'db7d9540-da55-477e-8ad5-2be5182831db']","['participant', 'participant']","['hour-glass', 'dodecagon']","['hsla(189, 68%, 42%, 1.0)', 'hsla(143, 75%, 49%, 1.0)']","[[1.0, 0.052031036056595155], [0.052031036056595155, 1.0]]","{0: '', 1: 'A', 2: 'B'}",,2,after,"[False, False]","{'max': 21, 'min': 21, 'avg': 21.0, 'root': 12}","[0, 0]","[104, 150]",sequential,chance,chance,"[1.0, 1.0]","[0.5, 1.0]","[0.5, 1.0]","[0.5, 1.0]","[0.625, 0.0]","[0.375, 0.0]",[[0]],[[1]],[[2]],"(0, 12)","(12, 21)","(12, 21)",{},{},{},"['A', 'B']",[],[],0,0,2,1,2,2,B,,,,,,,B,,,,,"{'rtype': 'select-node', 'rtimedn': 9.834, 'rtimeup': 9.834}",,,,,,,"{'rtype': 'select-node', 'rtimedn': 9.934, 'rtimeup': 9.934}",,,,
,,4,2,9,1733248160,BDG-337-3433,TREE-1.2-0.0-0.0,"['370e65e8-1c1d-4aa8-a2b1-c3033e2d6bc5', '4e5b71b2-e421-4f67-bb5b-eff1c81af7c7']","['participant', 'participant']","['cross', 'hexagon']","['hsla(200, 87%, 49%, 1.0)', 'hsla(6, 79%, 39%, 1.0)']","[[1.0, 0.054769511638521215], [0.054769511638521215, 1.0]]","{0: '', 1: 'A', 2: 'B'}",,1,after,"[False, False]","{'max': 21, 'min': 21, 'avg': 21.0, 'root': 12}","[0, 0]","[136, 128]",sequential,chance,chance,"[1.0, 1.0]","[0.5, 1.0]","[0.5, 1.0]","[0.5, 1.0]","[0.625, 0.0]","[0.375, 0.0]",[[0]],[[1]],[[2]],"(0, 12)","(12, 21)","(12, 21)",{},{},{},"['A', 'B']",[],[],0,0,3,4,3,3,A,,,,,,,A,,,,,"{'rtype': 'select-node', 'rtimedn': 9.11, 'rtimeup': 9.11}",,,,,,,"{'rtype': 'select-node', 'rtimedn': 10.119, 'rtimeup': 10.119}",,,,
,,4,3,9,1733248156,BDG-462-4433,TREE-1.2-0.0-0.0,"['a4108716-78db-4322-84e0-c54f5e34e8e9', 'ae0f18e3-bbc9-412b-9d3b-37f49ff99550']","['participant', 'participant']","['two-triangle', 'moon']","['hsla(2, 98%, 38%, 1.0)', 'hsla(256, 55%, 43%, 1.0)']","[[1.0, 0.10634413509812869], [0.10634413509812869, 1.0]]","{0: '', 1: 'A', 2: 'B'}",,1,after,"[False, False]","{'max': 21, 'min': 21, 'avg': 21.0, 'root': 12}","[0, 0]","[136, 125]",sequential,chance,chance,"[1.0, 1.0]","[0.5, 1.0]","[0.5, 1.0]","[0.5, 1.0]","[0.625, 0.0]","[0.375, 0.0]",[[0]],[[1]],[[2]],"(0, 12)","(12, 21)","(12, 21)",{},{},{},"['A', 'B']",[],[],0,0,4,4,3,3,A,,,,,,,A,,,,,"{'rtype': 'select-node', 'rtimedn': 9.852, 'rtimeup': 9.852}",,,,,,,"{'rtype': 'select-node', 'rtimedn': 9.703, 'rtimeup': 9.703}",,,,
,,4,4,9,1733248159,BDG-142-2143,TREE-1.2-0.0-0.0,"['43ee29ea-4b55-4cdc-b2a0-40d4d7d8f141', '217d2378-37bb-4c23-8bf4-9ba78d98057c']","['participant', 'participant']","['stop-sign', 'lemon']","['hsla(50, 96%, 59%, 1.0)', 'hsla(259, 59%, 64%, 1.0)']","[[1.0, 0.20698311273391143], [0.20698311273391143, 1.0]]","{0: '', 1: 'A', 2: 'B'}",,2,after,"[False, False]","{'max': 21, 'min': 21, 'avg': 21.0, 'root': 12}","[0, 0]","[108, 143]",sequential,chance,chance,"[1.0, 1.0]","[0.5, 1.0]","[0.5, 1.0]","[0.5, 1.0]","[0.375, 0.0]","[0.625, 0.0]",[[0]],[[1]],[[2]],"(0, 12)","(12, 21)","(12, 21)",{},{},{},"['A', 'B']",[],[],0,0,2,1,4,3,B,,,,,,,B,,,,,"{'rtype': 'select-node', 'rtimedn': 9.904, 'rtimeup': 9.904}",,,,,,,"{'rtype': 'select-node', 'rtimedn': 10.216, 'rtimeup': 10.216}",,,,
,,5,0,9,1733248170,BDG-040-1241,TREE-1.2-0.0-0.0,"['a4108716-78db-4322-84e0-c54f5e34e8e9', '4e5b71b2-e421-4f67-bb5b-eff1c81af7c7']","['participant', 'participant']","['two-triangle', 'hexagon']","['hsla(2, 98%, 38%, 1.0)', 'hsla(6, 79%, 39%, 1.0)']","[[1.0, 0.186444545869466], [0.186444545869466, 1.0]]","{0: '', 1: 'A', 2: 'B'}",,2,after,"[False, False]","{'max': 21, 'min': 21, 'avg': 21.0, 'root': 12}","[0, 0]","[136, 128]",sequential,chance,chance,"[1.0, 1.0]","[0.5, 1.0]","[0.5, 1.0]","[0.5, 1.0]","[0.625, 0.0]","[0.375, 0.0]",[[0]],[[1]],[[2]],"(0, 12)","(12, 21)","(12, 21)",{},{},{},"['A', 'B']",[],[],0,0,1,2,4,1,B,,,,,,,B,,,,,"{'rtype': 'select-node', 'rtimedn': 11.064, 'rtimeup': 11.064}",,,,,,,"{'rtype': 'select-node', 'rtimedn': 11.451, 'rtimeup': 11.451}",,,,
,,5,1,9,1733248171,BDG-104-1515,TREE-1.2-0.0-0.0,"['0b1c531d-63c5-4791-847a-c3aae2cc6407', 'db7d9540-da55-477e-8ad5-2be5182831db']","['participant', 'participant']","['teardrop', 'dodecagon']","['hsla(82, 100%, 37%, 1.0)', 'hsla(143, 75%, 49%, 1.0)']","[[1.0, 0.127110908261068], [0.127110908261068, 1.0]]","{0: '', 1: 'A', 2: 'B'}",,1,after,"[False, False]","{'max': 21, 'min': 21, 'avg': 21.0, 'root': 12}","[0, 0]","[139, 150]",sequential,chance,chance,"[1.0, 1.0]","[0.5, 1.0]","[0.5, 1.0]","[0.5, 1.0]","[0.625, 0.0]","[0.375, 0.0]",[[0]],[[1]],[[2]],"(0, 12)","(12, 21)","(12, 21)",{},{},{},"['A', 'B']",[],[],0,0,1,5,1,5,A,,,,,,,A,,,,,"{'rtype': 'select-node', 'rtimedn': 11.276, 'rtimeup': 11.276}",,,,,,,"{'rtype': 'select-node', 'rtimedn': 11.314, 'rtimeup': 11.314}",,,,
,,5,2,9,1733248169,BDG-320-3351,TREE-1.2-0.0-0.0,"['370e65e8-1c1d-4aa8-a2b1-c3033e2d6bc5', '43ee29ea-4b55-4cdc-b2a0-40d4d7d8f141']","['participant', 'participant']","['cross', 'stop-sign']","['hsla(200, 87%, 49%, 1.0)', 'hsla(50, 96%, 59%, 1.0)']","[[1.0, 0.127110908261068], [0.127110908261068, 1.0]]","{0: '', 1: 'A', 2: 'B'}",,2,after,"[False, False]","{'max': 21, 'min': 21, 'avg': 21.0, 'root': 12}","[0, 0]","[136, 108]",sequential,chance,chance,"[1.0, 1.0]","[0.5, 1.0]","[0.5, 1.0]","[0.5, 1.0]","[0.375, 0.0]","[0.625, 0.0]",[[0]],[[1]],[[2]],"(0, 12)","(12, 21)","(12, 21)",{},{},{},"['A', 'B']",[],[],0,0,3,3,5,1,B,,,,,,,A,,,,,"{'rtype': 'select-node', 'rtimedn': 9.963, 'rtimeup': 9.963}",,,,,,,"{'rtype': 'select-node', 'rtimedn': 11.359, 'rtimeup': 11.359}",,,,
,,5,3,9,1733248168,BDG-008-1124,TREE-1.2-0.0-0.0,"['ae0f18e3-bbc9-412b-9d3b-37f49ff99550', '15704bf5-2929-4750-876d-7445e0ee839c']","['participant', 'participant']","['moon', 'hour-glass']","['hsla(256, 55%, 43%, 1.0)', 'hsla(189, 68%, 42%, 1.0)']","[[1.0, 0.127110908261068], [0.127110908261068, 1.0]]","{0: '', 1: 'A', 2: 'B'}",,2,after,"[False, False]","{'max': 21, 'min': 21, 'avg': 21.0, 'root': 12}","[0, 0]","[125, 104]",sequential,chance,chance,"[1.0, 1.0]","[0.5, 1.0]","[0.5, 1.0]","[0.5, 1.0]","[0.625, 0.0]","[0.375, 0.0]",[[0]],[[1]],[[2]],"(0, 12)","(12, 21)","(12, 21)",{},{},{},"['A', 'B']",[],[],0,0,1,1,2,4,B,,,,,,,B,,,,,"{'rtype': 'select-node', 'rtimedn': 10.908, 'rtimeup': 10.908}",,,,,,,"{'rtype': 'select-node', 'rtimedn': 10.988, 'rtimeup': 10.988}",,,,
,,5,4,9,1733248169,BDG-248-2554,TREE-1.2-0.0-0.0,"['217d2378-37bb-4c23-8bf4-9ba78d98057c', '343c5729-33c1-4072-84bc-ed3729393070']","['participant', 'participant']","['lemon', 'flower']","['hsla(259, 59%, 64%, 1.0)', 'hsla(345, 94%, 48%, 1.0)']","[[1.0, 0.025559105431309903], [0.025559105431309903, 1.0]]","{0: '', 1: 'A', 2: 'B'}",,2,after,"[False, False]","{'max': 21, 'min': 21, 'avg': 21.0, 'root': 12}","[0, 0]","[143, 139]",sequential,chance,chance,"[1.0, 1.0]","[0.5, 1.0]","[0.5, 1.0]","[0.5, 1.0]","[0.625, 0.0]","[0.375, 0.0]",[[0]],[[1]],[[2]],"(0, 12)","(12, 21)","(12, 21)",{},{},{},"['A', 'B']",[],[],0,0,2,5,5,4,B,,,,,,,A,,,,,"{'rtype': 'select-node', 'rtimedn': 11.175, 'rtimeup': 11.175}",,,,,,,"{'rtype': 'select-node', 'rtimedn': 11.342, 'rtimeup': 11.342}",,,,
,,6,0,9,1733248180,BDG-420-4251,TREE-1.2-0.0-0.0,"['15704bf5-2929-4750-876d-7445e0ee839c', 'a4108716-78db-4322-84e0-c54f5e34e8e9']","['participant', 'participant']","['hour-glass', 'two-triangle']","['hsla(189, 68%, 42%, 1.0)', 'hsla(2, 98%, 38%, 1.0)']","[[1.0, 0.0778183477863989], [0.0778183477863989, 1.0]]","{0: '', 1: 'A', 2: 'B'}",,2,after,"[True, True]","{'max': 21, 'min': 21, 'avg': 21.0, 'root': 12}","[-10, -10]","[104, 136]",sequential,chance,chance,"[1.0, 1.0]","[0.5, 1.0]","[0.5, 1.0]","[0.5, 1.0]","[0.625, 0.0]","[0.375, 0.0]",[[0]],[[1]],[[2]],"(0, 12)","(12, 21)","(12, 21)",{},{},{},"['A', 'B']",[],[],0,0,4,2,5,1,B,,,,,,,B,,,,,"{'rtype': 'select-node', 'rtimedn': 12.067, 'rtimeup': 12.067}",,,,,,,"{'rtype': 'select-node', 'rtimedn': 12.217, 'rtimeup': 12.217}",,,,
,,6,1,9,1733248180,BDG-085-1431,TREE-1.2-0.0-0.0,"['0b1c531d-63c5-4791-847a-c3aae2cc6407', '4e5b71b2-e421-4f67-bb5b-eff1c81af7c7']","['participant', 'participant']","['teardrop', 'hexagon']","['hsla(82, 100%, 37%, 1.0)', 'hsla(6, 79%, 39%, 1.0)']","[[1.0, 0.10634413509812869], [0.10634413509812869, 1.0]]","{0: '', 1: 'A', 2: 'B'}",,2,after,"[True, True]","{'max': 21, 'min': 21, 'avg': 21.0, 'root': 12}","[-10, -10]","[139, 128]",sequential,chance,chance,"[1.0, 1.0]","[0.5, 1.0]","[0.5, 1.0]","[0.5, 1.0]","[0.625, 0.0]","[0.375, 0.0]",[[0]],[[1]],[[2]],"(0, 12)","(12, 21)","(12, 21)",{},{},{},"['A', 'B']",[],[],0,0,1,4,3,1,B,,,,,,,B,,,,,"{'rtype': 'select-node', 'rtimedn': 12.22, 'rtimeup': 12.22}",,,,,,,"{'rtype': 'select-node', 'rtimedn': 12.39, 'rtimeup': 12.39}",,,,
,,6,2,9,1733248180,BDG-583-5424,TREE-1.2-0.0-0.0,"['ae0f18e3-bbc9-412b-9d3b-37f49ff99550', 'db7d9540-da55-477e-8ad5-2be5182831db']","['participant', 'participant']","['moon', 'dodecagon']","['hsla(256, 55%, 43%, 1.0)', 'hsla(143, 75%, 49%, 1.0)']","[[1.0, 0.20698311273391143], [0.20698311273391143, 1.0]]","{0: '', 1: 'A', 2: 'B'}",,1,after,"[True, True]","{'max': 21, 'min': 21, 'avg': 21.0, 'root': 12}","[-10, -10]","[125, 150]",sequential,chance,chance,"[1.0, 1.0]","[0.5, 1.0]","[0.5, 1.0]","[0.5, 1.0]","[0.375, 0.0]","[0.625, 0.0]",[[0]],[[1]],[[2]],"(0, 12)","(12, 21)","(12, 21)",{},{},{},"['A', 'B']",[],[],0,0,5,4,2,4,A,,,,,,,A,,,,,"{'rtype': 'select-node', 'rtimedn': 12.139, 'rtimeup': 12.139}",,,,,,,"{'rtype': 'select-node', 'rtimedn': 12.249, 'rtimeup': 12.249}",,,,
,,6,3,9,1733248181,BDG-292-3243,TREE-1.2-0.0-0.0,"['370e65e8-1c1d-4aa8-a2b1-c3033e2d6bc5', '217d2378-37bb-4c23-8bf4-9ba78d98057c']","['participant', 'participant']","['cross', 'lemon']","['hsla(200, 87%, 49%, 1.0)', 'hsla(259, 59%, 64%, 1.0)']","[[1.0, 0.10634413509812869], [0.10634413509812869, 1.0]]","{0: '', 1: 'A', 2: 'B'}",,2,after,"[False, True]","{'max': 21, 'min': 21, 'avg': 21.0, 'root': 12}","[0, -10]","[136, 143]",sequential,chance,chance,"[1.0, 1.0]","[0.5, 1.0]","[0.5, 1.0]","[0.5, 1.0]","[0.625, 0.0]","[0.375, 0.0]",[[0]],[[1]],[[2]],"(0, 12)","(12, 21)","(12, 21)",{},{},{},"['A', 'B']",[],[],0,0,3,2,4,3,B,,,,,,,B,,,,,"{'rtype': 'select-node', 'rtimedn': 10.958, 'rtimeup': 10.958}",,,,,,,"{'rtype': 'select-node', 'rtimedn': 12.401, 'rtimeup': 12.401}",,,,
,,6,4,9,1733248180,BDG-487-4533,TREE-1.2-0.0-0.0,"['343c5729-33c1-4072-84bc-ed3729393070', '43ee29ea-4b55-4cdc-b2a0-40d4d7d8f141']","['participant', 'participant']","['flower', 'stop-sign']","['hsla(345, 94%, 48%, 1.0)', 'hsla(50, 96%, 59%, 1.0)']","[[1.0, 0.0778183477863989], [0.0778183477863989, 1.0]]","{0: '', 1: 'A', 2: 'B'}",,1,after,"[True, True]","{'max': 21, 'min': 21, 'avg': 21.0, 'root': 12}","[-10, -10]","[139, 108]",sequential,chance,chance,"[1.0, 1.0]","[0.5, 1.0]","[0.5, 1.0]","[0.5, 1.0]","[0.625, 0.0]","[0.375, 0.0]",[[0]],[[1]],[[2]],"(0, 12)","(12, 21)","(12, 21)",{},{},{},"['A', 'B']",[],[],0,0,4,5,3,3,A,,,,,,,A,,,,,"{'rtype': 'select-node', 'rtimedn': 12.452, 'rtimeup': 12.452}",,,,,,,"{'rtype': 'select-node', 'rtimedn': 12.244, 'rtimeup': 12.244}",,,,
,,7,0,9,1733248191,BDG-274-3155,TREE-1.2-0.0-0.0,"['43ee29ea-4b55-4cdc-b2a0-40d4d7d8f141', 'ae0f18e3-bbc9-412b-9d3b-37f49ff99550']","['participant', 'participant']","['stop-sign', 'moon']","['hsla(50, 96%, 59%, 1.0)', 'hsla(256, 55%, 43%, 1.0)']","[[1.0, 0.186444545869466], [0.186444545869466, 1.0]]","{0: '', 1: 'A', 2: 'B'}",,2,after,"[True, True]","{'max': 21, 'min': 21, 'avg': 21.0, 'root': 12}","[-10, -10]","[108, 125]",sequential,chance,chance,"[1.0, 1.0]","[0.5, 1.0]","[0.5, 1.0]","[0.5, 1.0]","[0.375, 0.0]","[0.625, 0.0]",[[0]],[[1]],[[2]],"(0, 12)","(12, 21)","(12, 21)",{},{},{},"['A', 'B']",[],[],0,0,3,1,5,5,B,,,,,,,A,,,,,"{'rtype': 'select-node', 'rtimedn': 13.285, 'rtimeup': 13.285}",,,,,,,"{'rtype': 'select-node', 'rtimedn': 13.24, 'rtimeup': 13.24}",,,,
,,7,1,9,1733248190,BDG-192-2343,TREE-1.2-0.0-0.0,"['370e65e8-1c1d-4aa8-a2b1-c3033e2d6bc5', '217d2378-37bb-4c23-8bf4-9ba78d98057c']","['participant', 'participant']","['cross', 'lemon']","['hsla(200, 87%, 49%, 1.0)', 'hsla(259, 59%, 64%, 1.0)']","[[1.0, 0.10634413509812869], [0.10634413509812869, 1.0]]","{0: '', 1: 'A', 2: 'B'}",,2,after,"[True, True]","{'max': 21, 'min': 21, 'avg': 21.0, 'root': 12}","[-10, -10]","[136, 143]",sequential,chance,chance,"[1.0, 1.0]","[0.5, 1.0]","[0.5, 1.0]","[0.5, 1.0]","[0.375, 0.0]","[0.625, 0.0]",[[0]],[[1]],[[2]],"(0, 12)","(12, 21)","(12, 21)",{},{},{},"['A', 'B']",[],[],0,0,2,3,4,3,B,,,,,,,B,,,,,"{'rtype': 'select-node', 'rtimedn': 12.121, 'rtimeup': 12.121}",,,,,,,"{'rtype': 'select-node', 'rtimedn': 13.267, 'rtimeup': 13.267}",,,,
,,7,2,9,1733248193,BDG-444-4345,TREE-1.2-0.0-0.0,"['4e5b71b2-e421-4f67-bb5b-eff1c81af7c7', 'db7d9540-da55-477e-8ad5-2be5182831db']","['participant', 'participant']","['hexagon', 'dodecagon']","['hsla(6, 79%, 39%, 1.0)', 'hsla(143, 75%, 49%, 1.0)']","[[1.0, 0.16293929712460062], [0.16293929712460062, 1.0]]","{0: '', 1: 'A', 2: 'B'}",,2,after,"[True, True]","{'max': 21, 'min': 21, 'avg': 21.0, 'root': 12}","[-10, -10]","[128, 150]",sequential,chance,chance,"[1.0, 1.0]","[0.5, 1.0]","[0.5, 1.0]","[0.5, 1.0]","[0.625, 0.0]","[0.375, 0.0]",[[0]],[[1]],[[2]],"(0, 12)","(12, 21)","(12, 21)",{},{},{},"['A', 'B']",[],[],0,0,4,3,4,5,B,,,,,,,B,,,,,"{'rtype': 'select-node', 'rtimedn': 13.683, 'rtimeup': 13.683}",,,,,,,"{'rtype': 'select-node', 'rtimedn': 13.252, 'rtimeup': 13.252}",,,,
,,7,3,9,1733248192,BDG-232-2523,TREE-1.2-0.0-0.0,"['a4108716-78db-4322-84e0-c54f5e34e8e9', '343c5729-33c1-4072-84bc-ed3729393070']","['participant', 'participant']","['two-triangle', 'flower']","['hsla(2, 98%, 38%, 1.0)', 'hsla(345, 94%, 48%, 1.0)']","[[1.0, 0.054769511638521215], [0.054769511638521215, 1.0]]","{0: '', 1: 'A', 2: 'B'}",,2,after,"[True, True]","{'max': 21, 'min': 21, 'avg': 21.0, 'root': 12}","[-10, -10]","[136, 139]",sequential,chance,chance,"[1.0, 1.0]","[0.5, 1.0]","[0.5, 1.0]","[0.5, 1.0]","[0.375, 0.0]","[0.625, 0.0]",[[0]],[[1]],[[2]],"(0, 12)","(12, 21)","(12, 21)",{},{},{},"['A', 'B']",[],[],0,0,2,5,2,3,B,,,,,,,A,,,,,"{'rtype': 'select-node', 'rtimedn': 13.396, 'rtimeup': 13.396}",,,,,,,"{'rtype': 'select-node', 'rtimedn': 13.243, 'rtimeup': 13.243}",,,,
,,7,4,9,1733248195,BDG-516-5142,TREE-1.2-0.0-0.0,"['0b1c531d-63c5-4791-847a-c3aae2cc6407', '15704bf5-2929-4750-876d-7445e0ee839c']","['participant', 'participant']","['teardrop', 'hour-glass']","['hsla(82, 100%, 37%, 1.0)', 'hsla(189, 68%, 42%, 1.0)']","[[1.0, 0.054769511638521215], [0.054769511638521215, 1.0]]","{0: '', 1: 'A', 2: 'B'}",,2,after,"[True, True]","{'max': 21, 'min': 21, 'avg': 21.0, 'root': 12}","[-10, -10]","[139, 104]",sequential,chance,chance,"[1.0, 1.0]","[0.5, 1.0]","[0.5, 1.0]","[0.5, 1.0]","[0.625, 0.0]","[0.375, 0.0]",[[0]],[[1]],[[2]],"(0, 12)","(12, 21)","(12, 21)",{},{},{},"['A', 'B']",[],[],0,0,5,1,4,2,B,,,,,,,A,,,,,"{'rtype': 'select-node', 'rtimedn': 13.184, 'rtimeup': 13.184}",,,,,,,"{'rtype': None, 'rtimedn': 13, 'rtimeup': 13}",,,,
,,8,0,9,1733248204,BDG-143-2144,TREE-1.2-0.0-0.0,"['43ee29ea-4b55-4cdc-b2a0-40d4d7d8f141', '15704bf5-2929-4750-876d-7445e0ee839c']","['participant', 'participant']","['stop-sign', 'hour-glass']","['hsla(50, 96%, 59%, 1.0)', 'hsla(189, 68%, 42%, 1.0)']","[[1.0, 0.10634413509812869], [0.10634413509812869, 1.0]]","{0: '', 1: 'A', 2: 'B'}",,2,after,"[True, True]","{'max': 21, 'min': 21, 'avg': 21.0, 'root': 12}","[-10, -10]","[108, 104]",sequential,chance,chance,"[1.0, 1.0]","[0.5, 1.0]","[0.5, 1.0]","[0.5, 1.0]","[0.375, 0.0]","[0.625, 0.0]",[[0]],[[1]],[[2]],"(0, 12)","(12, 21)","(12, 21)",{},{},{},"['A', 'B']",[],[],0,0,2,1,4,4,B,,,,,,,A,,,,,"{'rtype': 'select-node', 'rtimedn': 14.69, 'rtimeup': 14.69}",,,,,,,"{'rtype': 'select-node', 'rtimedn': 14.631, 'rtimeup': 14.631}",,,,
,,8,1,9,1733248203,BDG-375-4111,TREE-1.2-0.0-0.0,"['217d2378-37bb-4c23-8bf4-9ba78d98057c', 'db7d9540-da55-477e-8ad5-2be5182831db']","['participant', 'participant']","['lemon', 'dodecagon']","['hsla(259, 59%, 64%, 1.0)', 'hsla(143, 75%, 49%, 1.0)']","[[1.0, 0.186444545869466], [0.186444545869466, 1.0]]","{0: '', 1: 'A', 2: 'B'}",,1,after,"[True, True]","{'max': 21, 'min': 21, 'avg': 21.0, 'root': 12}","[-10, -10]","[143, 150]",sequential,chance,chance,"[1.0, 1.0]","[0.5, 1.0]","[0.5, 1.0]","[0.5, 1.0]","[0.375, 0.0]","[0.625, 0.0]",[[0]],[[1]],[[2]],"(0, 12)","(12, 21)","(12, 21)",{},{},{},"['A', 'B']",[],[],0,0,4,1,1,1,A,,,,,,,A,,,,,"{'rtype': 'select-node', 'rtimedn': 14.614, 'rtimeup': 14.614}",,,,,,,"{'rtype': 'select-node', 'rtimedn': 14.533, 'rtimeup': 14.533}",,,,
,,8,2,9,1733248203,BDG-601-5512,TREE-1.2-0.0-0.0,"['370e65e8-1c1d-4aa8-a2b1-c3033e2d6bc5', 'ae0f18e3-bbc9-412b-9d3b-37f49ff99550']","['participant', 'participant']","['cross', 'moon']","['hsla(200, 87%, 49%, 1.0)', 'hsla(256, 55%, 43%, 1.0)']","[[1.0, 0.16293929712460062], [0.16293929712460062, 1.0]]","{0: '', 1: 'A', 2: 'B'}",,1,after,"[True, True]","{'max': 21, 'min': 21, 'avg': 21.0, 'root': 12}","[-10, -10]","[136, 125]",sequential,chance,chance,"[1.0, 1.0]","[0.5, 1.0]","[0.5, 1.0]","[0.5, 1.0]","[0.375, 0.0]","[0.625, 0.0]",[[0]],[[1]],[[2]],"(0, 12)","(12, 21)","(12, 21)",{},{},{},"['A', 'B']",[],[],0,0,5,5,1,2,A,,,,,,,A,,,,,"{'rtype': 'select-node', 'rtimedn': 13.43, 'rtimeup': 13.43}",,,,,,,"{'rtype': 'select-node', 'rtimedn': 14.488, 'rtimeup': 14.488}",,,,
,,8,3,9,1733248205,BDG-404-4215,TREE-1.2-0.0-0.0,"['4e5b71b2-e421-4f67-bb5b-eff1c81af7c7', '343c5729-33c1-4072-84bc-ed3729393070']","['participant', 'participant']","['hexagon', 'flower']","['hsla(6, 79%, 39%, 1.0)', 'hsla(345, 94%, 48%, 1.0)']","[[1.0, 0.127110908261068], [0.127110908261068, 1.0]]","{0: '', 1: 'A', 2: 'B'}",,1,after,"[True, True]","{'max': 21, 'min': 21, 'avg': 21.0, 'root': 12}","[-10, -10]","[128, 139]",sequential,chance,chance,"[1.0, 1.0]","[0.5, 1.0]","[0.5, 1.0]","[0.5, 1.0]","[0.625, 0.0]","[0.375, 0.0]",[[0]],[[1]],[[2]],"(0, 12)","(12, 21)","(12, 21)",{},{},{},"['A', 'B']",[],[],0,0,4,2,1,5,A,,,,,,,B,,,,,"{'rtype': 'select-node', 'rtimedn': 14.963, 'rtimeup': 14.963}",,,,,,,"{'rtype': 'select-node', 'rtimedn': 14.894, 'rtimeup': 14.894}",,,,
,,8,4,9,1733248204,BDG-604-5515,TREE-1.2-0.0-0.0,"['a4108716-78db-4322-84e0-c54f5e34e8e9', '0b1c531d-63c5-4791-847a-c3aae2cc6407']","['participant', 'participant']","['two-triangle', 'teardrop']","['hsla(2, 98%, 38%, 1.0)', 'hsla(82, 100%, 37%, 1.0)']","[[1.0, 0.20698311273391143], [0.20698311273391143, 1.0]]","{0: '', 1: 'A', 2: 'B'}",,1,after,"[True, True]","{'max': 21, 'min': 21, 'avg': 21.0, 'root': 12}","[-10, -10]","[136, 139]",sequential,chance,chance,"[1.0, 1.0]","[0.5, 1.0]","[0.5, 1.0]","[0.5, 1.0]","[0.375, 0.0]","[0.625, 0.0]",[[0]],[[1]],[[2]],"(0, 12)","(12, 21)","(12, 21)",{},{},{},"['A', 'B']",[],[],0,0,5,5,1,5,A,,,,,,,A,,,,,"{'rtype': 'select-node', 'rtimedn': 14.665, 'rtimeup': 14.665}",,,,,,,"{'rtype': 'select-node', 'rtimedn': 14.806, 'rtimeup': 14.806}",,,,
,,9,0,9,1733248215,BDG-530-5221,TREE-1.2-0.0-0.0,"['db7d9540-da55-477e-8ad5-2be5182831db', '370e65e8-1c1d-4aa8-a2b1-c3033e2d6bc5']","['participant', 'participant']","['dodecagon', 'cross']","['hsla(143, 75%, 49%, 1.0)', 'hsla(200, 87%, 49%, 1.0)']","[[1.0, 0.0778183477863989], [0.0778183477863989, 1.0]]","{0: '', 1: 'A', 2: 'B'}",,1,after,"[True, True]","{'max': 21, 'min': 21, 'avg': 21.0, 'root': 12}","[-10, -10]","[150, 136]",sequential,chance,chance,"[1.0, 1.0]","[0.5, 1.0]","[0.5, 1.0]","[0.5, 1.0]","[0.625, 0.0]","[0.375, 0.0]",[[0]],[[1]],[[2]],"(0, 12)","(12, 21)","(12, 21)",{},{},{},"['A', 'B']",[],[],0,0,5,2,2,1,A,,,,,,,A,,,,,"{'rtype': 'select-node', 'rtimedn': 15.765, 'rtimeup': 15.765}",,,,,,,"{'rtype': 'select-node', 'rtimedn': 14.476, 'rtimeup': 14.476}",,,,
,,9,1,9,1733248214,BDG-252-3113,TREE-1.2-0.0-0.0,"['a4108716-78db-4322-84e0-c54f5e34e8e9', '0b1c531d-63c5-4791-847a-c3aae2cc6407']","['participant', 'participant']","['two-triangle', 'teardrop']","['hsla(2, 98%, 38%, 1.0)', 'hsla(82, 100%, 37%, 1.0)']","[[1.0, 0.20698311273391143], [0.20698311273391143, 1.0]]","{0: '', 1: 'A', 2: 'B'}",,1,after,"[True, True]","{'max': 21, 'min': 21, 'avg': 21.0, 'root': 12}","[-10, -10]","[136, 139]",sequential,chance,chance,"[1.0, 1.0]","[0.5, 1.0]","[0.5, 1.0]","[0.5, 1.0]","[0.375, 0.0]","[0.625, 0.0]",[[0]],[[1]],[[2]],"(0, 12)","(12, 21)","(12, 21)",{},{},{},"['A', 'B']",[],[],0,0,3,1,1,3,A,,,,,,,A,,,,,"{'rtype': 'select-node', 'rtimedn': 15.644, 'rtimeup': 15.644}",,,,,,,"{'rtype': 'select-node', 'rtimedn': 15.824, 'rtimeup': 15.824}",,,,
,,9,2,9,1733248215,BDG-396-4152,TREE-1.2-0.0-0.0,"['217d2378-37bb-4c23-8bf4-9ba78d98057c', '43ee29ea-4b55-4cdc-b2a0-40d4d7d8f141']","['participant', 'participant']","['lemon', 'stop-sign']","['hsla(259, 59%, 64%, 1.0)', 'hsla(50, 96%, 59%, 1.0)']","[[1.0, 0.20698311273391143], [0.20698311273391143, 1.0]]","{0: '', 1: 'A', 2: 'B'}",,2,after,"[True, True]","{'max': 21, 'min': 21, 'avg': 21.0, 'root': 12}","[-10, -10]","[143, 108]",sequential,chance,chance,"[1.0, 1.0]","[0.5, 1.0]","[0.5, 1.0]","[0.5, 1.0]","[0.375, 0.0]","[0.625, 0.0]",[[0]],[[1]],[[2]],"(0, 12)","(12, 21)","(12, 21)",{},{},{},"['A', 'B']",[],[],0,0,4,1,5,2,B,,,,,,,B,,,,,"{'rtype': 'select-node', 'rtimedn': 15.807, 'rtimeup': 15.807}",,,,,,,"{'rtype': 'select-node', 'rtimedn': 15.764, 'rtimeup': 15.764}",,,,
,,9,3,9,1733248216,BDG-500-5111,TREE-1.2-0.0-0.0,"['343c5729-33c1-4072-84bc-ed3729393070', '4e5b71b2-e421-4f67-bb5b-eff1c81af7c7']","['participant', 'participant']","['flower', 'hexagon']","['hsla(345, 94%, 48%, 1.0)', 'hsla(6, 79%, 39%, 1.0)']","[[1.0, 0.127110908261068], [0.127110908261068, 1.0]]","{0: '', 1: 'A', 2: 'B'}",,1,after,"[True, True]","{'max': 21, 'min': 21, 'avg': 21.0, 'root': 12}","[-10, -10]","[139, 128]",sequential,chance,chance,"[1.0, 1.0]","[0.5, 1.0]","[0.5, 1.0]","[0.5, 1.0]","[0.375, 0.0]","[0.625, 0.0]",[[0]],[[1]],[[2]],"(0, 12)","(12, 21)","(12, 21)",{},{},{},"['A', 'B']",[],[],0,0,5,1,1,1,A,,,,,,,A,,,,,"{'rtype': 'select-node', 'rtimedn': 15.732, 'rtimeup': 15.732}",,,,,,,"{'rtype': 'select-node', 'rtimedn': 15.965, 'rtimeup': 15.965}",,,,
,,9,4,9,1733248215,BDG-135-2131,TREE-1.2-0.0-0.0,"['ae0f18e3-bbc9-412b-9d3b-37f49ff99550', '15704bf5-2929-4750-876d-7445e0ee839c']","['participant', 'participant']","['moon', 'hour-glass']","['hsla(256, 55%, 43%, 1.0)', 'hsla(189, 68%, 42%, 1.0)']","[[1.0, 0.127110908261068], [0.127110908261068, 1.0]]","{0: '', 1: 'A', 2: 'B'}",,1,after,"[True, True]","{'max': 21, 'min': 21, 'avg': 21.0, 'root': 12}","[-10, -10]","[125, 104]",sequential,chance,chance,"[1.0, 1.0]","[0.5, 1.0]","[0.5, 1.0]","[0.5, 1.0]","[0.375, 0.0]","[0.625, 0.0]",[[0]],[[1]],[[2]],"(0, 12)","(12, 21)","(12, 21)",{},{},{},"['A', 'B']",[],[],0,0,2,1,3,1,A,,,,,,,B,,,,,"{'rtype': 'select-node', 'rtimedn': 15.413, 'rtimeup': 15.413}",,,,,,,"{'rtype': 'select-node', 'rtimedn': 15.716, 'rtimeup': 15.716}",,,,
,,10,0,9,1733248229,BDG-044-1245,TREE-1.2-0.0-0.0,"['43ee29ea-4b55-4cdc-b2a0-40d4d7d8f141', '217d2378-37bb-4c23-8bf4-9ba78d98057c']","['participant', 'participant']","['stop-sign', 'lemon']","['hsla(50, 96%, 59%, 1.0)', 'hsla(259, 59%, 64%, 1.0)']","[[1.0, 0.20698311273391143], [0.20698311273391143, 1.0]]","{0: '', 1: 'A', 2: 'B'}",,2,after,"[True, True]","{'max': 21, 'min': 21, 'avg': 21.0, 'root': 12}","[-10, -10]","[108, 143]",sequential,chance,chance,"[1.0, 1.0]","[0.5, 1.0]","[0.5, 1.0]","[0.5, 1.0]","[0.375, 0.0]","[0.625, 0.0]",[[0]],[[1]],[[2]],"(0, 12)","(12, 21)","(12, 21)",{},{},{},"['A', 'B']",[],[],0,0,1,2,4,5,B,,,,,,,B,,,,,"{'rtype': 'select-node', 'rtimedn': 17.339, 'rtimeup': 17.339}",,,,,,,"{'rtype': 'select-node', 'rtimedn': 16.863, 'rtimeup': 16.863}",,,,
,,10,1,9,1733248225,BDG-388-4134,TREE-1.2-0.0-0.0,"['15704bf5-2929-4750-876d-7445e0ee839c', '0b1c531d-63c5-4791-847a-c3aae2cc6407']","['participant', 'participant']","['hour-glass', 'teardrop']","['hsla(189, 68%, 42%, 1.0)', 'hsla(82, 100%, 37%, 1.0)']","[[1.0, 0.054769511638521215], [0.054769511638521215, 1.0]]","{0: '', 1: 'A', 2: 'B'}",,1,after,"[True, True]","{'max': 21, 'min': 21, 'avg': 21.0, 'root': 12}","[-10, -10]","[104, 139]",sequential,chance,chance,"[1.0, 1.0]","[0.5, 1.0]","[0.5, 1.0]","[0.5, 1.0]","[0.625, 0.0]","[0.375, 0.0]",[[0]],[[1]],[[2]],"(0, 12)","(12, 21)","(12, 21)",{},{},{},"['A', 'B']",[],[],0,0,4,1,3,4,A,,,,,,,B,,,,,"{'rtype': 'select-node', 'rtimedn': 16.771, 'rtimeup': 16.771}",,,,,,,"{'rtype': 'select-node', 'rtimedn': 16.719, 'rtimeup': 16.719}",,,,
,,10,2,9,1733248230,BDG-531-5222,TREE-1.2-0.0-0.0,"['343c5729-33c1-4072-84bc-ed3729393070', '370e65e8-1c1d-4aa8-a2b1-c3033e2d6bc5']","['participant', 'participant']","['flower', 'cross']","['hsla(345, 94%, 48%, 1.0)', 'hsla(200, 87%, 49%, 1.0)']","[[1.0, 0.20698311273391143], [0.20698311273391143, 1.0]]","{0: '', 1: 'A', 2: 'B'}",,1,after,"[True, True]","{'max': 21, 'min': 21, 'avg': 21.0, 'root': 12}","[-10, -10]","[139, 136]",sequential,chance,chance,"[1.0, 1.0]","[0.5, 1.0]","[0.5, 1.0]","[0.5, 1.0]","[0.375, 0.0]","[0.625, 0.0]",[[0]],[[1]],[[2]],"(0, 12)","(12, 21)","(12, 21)",{},{},{},"['A', 'B']",[],[],0,0,5,2,2,2,A,,,,,,,B,,,,,"{'rtype': 'select-node', 'rtimedn': 16.679, 'rtimeup': 16.679}",,,,,,,"{'rtype': None, 'rtimedn': 13, 'rtimeup': 13}",,,,
,,10,3,9,1733248229,BDG-050-1311,TREE-1.2-0.0-0.0,"['4e5b71b2-e421-4f67-bb5b-eff1c81af7c7', 'a4108716-78db-4322-84e0-c54f5e34e8e9']","['participant', 'participant']","['hexagon', 'two-triangle']","['hsla(6, 79%, 39%, 1.0)', 'hsla(2, 98%, 38%, 1.0)']","[[1.0, 0.186444545869466], [0.186444545869466, 1.0]]","{0: '', 1: 'A', 2: 'B'}",,1,after,"[True, True]","{'max': 21, 'min': 21, 'avg': 21.0, 'root': 12}","[-10, -10]","[128, 136]",sequential,chance,chance,"[1.0, 1.0]","[0.5, 1.0]","[0.5, 1.0]","[0.5, 1.0]","[0.375, 0.0]","[0.625, 0.0]",[[0]],[[1]],[[2]],"(0, 12)","(12, 21)","(12, 21)",{},{},{},"['A', 'B']",[],[],0,0,1,3,1,1,A,,,,,,,B,,,,,"{'rtype': 'select-node', 'rtimedn': 16.966, 'rtimeup': 16.966}",,,,,,,"{'rtype': 'select-node', 'rtimedn': 17.107, 'rtimeup': 17.107}",,,,
,,10,4,9,1733248228,BDG-199-2355,TREE-1.2-0.0-0.0,"['db7d9540-da55-477e-8ad5-2be5182831db', 'ae0f18e3-bbc9-412b-9d3b-37f49ff99550']","['participant', 'participant']","['dodecagon', 'moon']","['hsla(143, 75%, 49%, 1.0)', 'hsla(256, 55%, 43%, 1.0)']","[[1.0, 0.20698311273391143], [0.20698311273391143, 1.0]]","{0: '', 1: 'A', 2: 'B'}",,2,after,"[True, True]","{'max': 21, 'min': 21, 'avg': 21.0, 'root': 12}","[-10, -10]","[150, 125]",sequential,chance,chance,"[1.0, 1.0]","[0.5, 1.0]","[0.5, 1.0]","[0.5, 1.0]","[0.625, 0.0]","[0.375, 0.0]",[[0]],[[1]],[[2]],"(0, 12)","(12, 21)","(12, 21)",{},{},{},"['A', 'B']",[],[],0,0,2,3,5,5,B,,,,,,,B,,,,,"{'rtype': 'select-node', 'rtimedn': 17.039, 'rtimeup': 17.039}",,,,,,,"{'rtype': 'select-node', 'rtimedn': 16.851, 'rtimeup': 16.851}",,,,
,,11,0,9,1733248240,BDG-621-5552,TREE-1.2-0.0-0.0,"['370e65e8-1c1d-4aa8-a2b1-c3033e2d6bc5', 'ae0f18e3-bbc9-412b-9d3b-37f49ff99550']","['participant', 'participant']","['cross', 'moon']","['hsla(200, 87%, 49%, 1.0)', 'hsla(256, 55%, 43%, 1.0)']","[[1.0, 0.16293929712460062], [0.16293929712460062, 1.0]]","{0: '', 1: 'A', 2: 'B'}",,1,after,"[True, True]","{'max': 21, 'min': 21, 'avg': 21.0, 'root': 12}","[-10, -10]","[136, 125]",sequential,chance,chance,"[1.0, 1.0]","[0.5, 1.0]","[0.5, 1.0]","[0.5, 1.0]","[0.625, 0.0]","[0.375, 0.0]",[[0]],[[1]],[[2]],"(0, 12)","(12, 21)","(12, 21)",{},{},{},"['A', 'B']",[],[],0,0,5,5,5,2,A,,,,,,,A,,,,,"{'rtype': 'select-node', 'rtimedn': 17.186, 'rtimeup': 17.186}",,,,,,,"{'rtype': 'select-node', 'rtimedn': 17.966, 'rtimeup': 17.966}",,,,
,,11,1,9,1733248238,BDG-198-2354,TREE-1.2-0.0-0.0,"['343c5729-33c1-4072-84bc-ed3729393070', '43ee29ea-4b55-4cdc-b2a0-40d4d7d8f141']","['participant', 'participant']","['flower', 'stop-sign']","['hsla(345, 94%, 48%, 1.0)', 'hsla(50, 96%, 59%, 1.0)']","[[1.0, 0.0778183477863989], [0.0778183477863989, 1.0]]","{0: '', 1: 'A', 2: 'B'}",,2,after,"[True, True]","{'max': 21, 'min': 21, 'avg': 21.0, 'root': 12}","[-10, -10]","[139, 108]",sequential,chance,chance,"[1.0, 1.0]","[0.5, 1.0]","[0.5, 1.0]","[0.5, 1.0]","[0.625, 0.0]","[0.375, 0.0]",[[0]],[[1]],[[2]],"(0, 12)","(12, 21)","(12, 21)",{},{},{},"['A', 'B']",[],[],0,0,2,3,5,4,B,,,,,,,B,,,,,"{'rtype': 'select-node', 'rtimedn': 18.207, 'rtimeup': 18.207}",,,,,,,"{'rtype': 'select-node', 'rtimedn': 18.157, 'rtimeup': 18.157}",,,,
,,11,2,9,1733248239,BDG-247-2553,TREE-1.2-0.0-0.0,"['4e5b71b2-e421-4f67-bb5b-eff1c81af7c7', 'db7d9540-da55-477e-8ad5-2be5182831db']","['participant', 'participant']","['hexagon', 'dodecagon']","['hsla(6, 79%, 39%, 1.0)', 'hsla(143, 75%, 49%, 1.0)']","[[1.0, 0.16293929712460062], [0.16293929712460062, 1.0]]","{0: '', 1: 'A', 2: 'B'}",,2,after,"[True, True]","{'max': 21, 'min': 21, 'avg': 21.0, 'root': 12}","[-10, -10]","[128, 150]",sequential,chance,chance,"[1.0, 1.0]","[0.5, 1.0]","[0.5, 1.0]","[0.5, 1.0]","[0.375, 0.0]","[0.625, 0.0]",[[0]],[[1]],[[2]],"(0, 12)","(12, 21)","(12, 21)",{},{},{},"['A', 'B']",[],[],0,0,2,5,5,3,B,,,,,,,B,,,,,"{'rtype': 'select-node', 'rtimedn': 18.298, 'rtimeup': 18.298}",,,,,,,"{'rtype': 'select-node', 'rtimedn': 18.094, 'rtimeup': 18.094}",,,,
,,11,3,9,1733248240,BDG-040-1241,TREE-1.2-0.0-0.0,"['15704bf5-2929-4750-876d-7445e0ee839c', '217d2378-37bb-4c23-8bf4-9ba78d98057c']","['participant', 'participant']","['hour-glass', 'lemon']","['hsla(189, 68%, 42%, 1.0)', 'hsla(259, 59%, 64%, 1.0)']","[[1.0, 0.16293929712460062], [0.16293929712460062, 1.0]]","{0: '', 1: 'A', 2: 'B'}",,2,after,"[True, True]","{'max': 21, 'min': 21, 'avg': 21.0, 'root': 12}","[-10, -10]","[104, 143]",sequential,chance,chance,"[1.0, 1.0]","[0.5, 1.0]","[0.5, 1.0]","[0.5, 1.0]","[0.625, 0.0]","[0.375, 0.0]",[[0]],[[1]],[[2]],"(0, 12)","(12, 21)","(12, 21)",{},{},{},"['A', 'B']",[],[],0,0,1,2,4,1,B,,,,,,,B,,,,,"{'rtype': 'select-node', 'rtimedn': 18.12, 'rtimeup': 18.12}",,,,,,,"{'rtype': 'select-node', 'rtimedn': 18.331, 'rtimeup': 18.331}",,,,
,,11,4,9,1733248242,BDG-413-4234,TREE-1.2-0.0-0.0,"['a4108716-78db-4322-84e0-c54f5e34e8e9', '0b1c531d-63c5-4791-847a-c3aae2cc6407']","['participant', 'participant']","['two-triangle', 'teardrop']","['hsla(2, 98%, 38%, 1.0)', 'hsla(82, 100%, 37%, 1.0)']","[[1.0, 0.20698311273391143], [0.20698311273391143, 1.0]]","{0: '', 1: 'A', 2: 'B'}",,1,after,"[True, True]","{'max': 21, 'min': 21, 'avg': 21.0, 'root': 12}","[-10, -10]","[136, 139]",sequential,chance,chance,"[1.0, 1.0]","[0.5, 1.0]","[0.5, 1.0]","[0.5, 1.0]","[0.625, 0.0]","[0.375, 0.0]",[[0]],[[1]],[[2]],"(0, 12)","(12, 21)","(12, 21)",{},{},{},"['A', 'B']",[],[],0,0,4,2,3,4,A,,,,,,,A,,,,,"{'rtype': 'select-node', 'rtimedn': 18.397, 'rtimeup': 18.397}",,,,,,,"{'rtype': 'select-node', 'rtimedn': 18.302, 'rtimeup': 18.302}",,,,
,,12,0,9,1733248251,BDG-355-3521,TREE-1.2-0.0-0.0,"['a4108716-78db-4322-84e0-c54f5e34e8e9', '370e65e8-1c1d-4aa8-a2b1-c3033e2d6bc5']","['participant', 'participant']","['two-triangle', 'cross']","['hsla(2, 98%, 38%, 1.0)', 'hsla(200, 87%, 49%, 1.0)']","[[1.0, 0.052031036056595155], [0.052031036056595155, 1.0]]","{0: '', 1: 'A', 2: 'B'}",,1,after,"[True, True]","{'max': 21, 'min': 21, 'avg': 21.0, 'root': 12}","[-10, -10]","[136, 136]",sequential,chance,chance,"[1.0, 1.0]","[0.5, 1.0]","[0.5, 1.0]","[0.5, 1.0]","[0.625, 0.0]","[0.375, 0.0]",[[0]],[[1]],[[2]],"(0, 12)","(12, 21)","(12, 21)",{},{},{},"['A', 'B']",[],[],0,0,3,5,2,1,A,,,,,,,A,,,,,"{'rtype': 'select-node', 'rtimedn': 19.374, 'rtimeup': 19.374}",,,,,,,"{'rtype': 'select-node', 'rtimedn': 18.043, 'rtimeup': 18.043}",,,,
,,12,1,9,1733248251,BDG-053-1314,TREE-1.2-0.0-0.0,"['db7d9540-da55-477e-8ad5-2be5182831db', '217d2378-37bb-4c23-8bf4-9ba78d98057c']","['participant', 'participant']","['dodecagon', 'lemon']","['hsla(143, 75%, 49%, 1.0)', 'hsla(259, 59%, 64%, 1.0)']","[[1.0, 0.186444545869466], [0.186444545869466, 1.0]]","{0: '', 1: 'A', 2: 'B'}",,2,after,"[True, True]","{'max': 21, 'min': 21, 'avg': 21.0, 'root': 12}","[-10, -10]","[150, 143]",sequential,chance,chance,"[1.0, 1.0]","[0.5, 1.0]","[0.5, 1.0]","[0.5, 1.0]","[0.625, 0.0]","[0.375, 0.0]",[[0]],[[1]],[[2]],"(0, 12)","(12, 21)","(12, 21)",{},{},{},"['A', 'B']",[],[],0,0,1,3,1,4,B,,,,,,,B,,,,,"{'rtype': 'select-node', 'rtimedn': 19.203, 'rtimeup': 19.203}",,,,,,,"{'rtype': 'select-node', 'rtimedn': 19.379, 'rtimeup': 19.379}",,,,
,,12,2,9,1733248252,BDG-230-2521,TREE-1.2-0.0-0.0,"['15704bf5-2929-4750-876d-7445e0ee839c', '343c5729-33c1-4072-84bc-ed3729393070']","['participant', 'participant']","['hour-glass', 'flower']","['hsla(189, 68%, 42%, 1.0)', 'hsla(345, 94%, 48%, 1.0)']","[[1.0, 0.186444545869466], [0.186444545869466, 1.0]]","{0: '', 1: 'A', 2: 'B'}",,1,after,"[True, True]","{'max': 21, 'min': 21, 'avg': 21.0, 'root': 12}","[-10, -10]","[104, 139]",sequential,chance,chance,"[1.0, 1.0]","[0.5, 1.0]","[0.5, 1.0]","[0.5, 1.0]","[0.375, 0.0]","[0.625, 0.0]",[[0]],[[1]],[[2]],"(0, 12)","(12, 21)","(12, 21)",{},{},{},"['A', 'B']",[],[],0,0,2,5,2,1,A,,,,,,,A,,,,,"{'rtype': 'select-node', 'rtimedn': 19.396, 'rtimeup': 19.396}",,,,,,,"{'rtype': 'select-node', 'rtimedn': 19.304, 'rtimeup': 19.304}",,,,
,,12,3,9,1733248252,BDG-379-4115,TREE-1.2-0.0-0.0,"['ae0f18e3-bbc9-412b-9d3b-37f49ff99550', '4e5b71b2-e421-4f67-bb5b-eff1c81af7c7']","['participant', 'participant']","['moon', 'hexagon']","['hsla(256, 55%, 43%, 1.0)', 'hsla(6, 79%, 39%, 1.0)']","[[1.0, 0.025559105431309903], [0.025559105431309903, 1.0]]","{0: '', 1: 'A', 2: 'B'}",,1,after,"[True, True]","{'max': 21, 'min': 21, 'avg': 21.0, 'root': 12}","[-10, -10]","[125, 128]",sequential,chance,chance,"[1.0, 1.0]","[0.5, 1.0]","[0.5, 1.0]","[0.5, 1.0]","[0.625, 0.0]","[0.375, 0.0]",[[0]],[[1]],[[2]],"(0, 12)","(12, 21)","(12, 21)",{},{},{},"['A', 'B']",[],[],0,0,4,1,1,5,A,,,,,,,A,,,,,"{'rtype': 'select-node', 'rtimedn': 19.406, 'rtimeup': 19.406}",,,,,,,"{'rtype': 'select-node', 'rtimedn': 19.417, 'rtimeup': 19.417}",,,,
,,12,4,9,1733248253,BDG-546-5252,TREE-1.2-0.0-0.0,"['43ee29ea-4b55-4cdc-b2a0-40d4d7d8f141', '0b1c531d-63c5-4791-847a-c3aae2cc6407']","['participant', 'participant']","['stop-sign', 'teardrop']","['hsla(50, 96%, 59%, 1.0)', 'hsla(82, 100%, 37%, 1.0)']","[[1.0, 0.025559105431309903], [0.025559105431309903, 1.0]]","{0: '', 1: 'A', 2: 'B'}",,1,after,"[True, True]","{'max': 21, 'min': 21, 'avg': 21.0, 'root': 12}","[-10, -10]","[108, 139]",sequential,chance,chance,"[1.0, 1.0]","[0.5, 1.0]","[0.5, 1.0]","[0.5, 1.0]","[0.625, 0.0]","[0.375, 0.0]",[[0]],[[1]],[[2]],"(0, 12)","(12, 21)","(12, 21)",{},{},{},"['A', 'B']",[],[],0,0,5,2,5,2,A,,,,,,,B,,,,,"{'rtype': 'select-node', 'rtimedn': 19.724, 'rtimeup': 19.724}",,,,,,,"{'rtype': 'select-node', 'rtimedn': 19.51, 'rtimeup': 19.51}",,,,
,,13,0,9,1733248266,BDG-441-4342,TREE-1.2-0.0-0.0,"['ae0f18e3-bbc9-412b-9d3b-37f49ff99550', '43ee29ea-4b55-4cdc-b2a0-40d4d7d8f141']","['participant', 'participant']","['moon', 'stop-sign']","['hsla(256, 55%, 43%, 1.0)', 'hsla(50, 96%, 59%, 1.0)']","[[1.0, 0.186444545869466], [0.186444545869466, 1.0]]","{0: '', 1: 'A', 2: 'B'}",,2,after,"[True, True]","{'max': 21, 'min': 21, 'avg': 21.0, 'root': 12}","[-10, -10]","[125, 108]",sequential,chance,chance,"[1.0, 1.0]","[0.5, 1.0]","[0.5, 1.0]","[0.5, 1.0]","[0.625, 0.0]","[0.375, 0.0]",[[0]],[[1]],[[2]],"(0, 12)","(12, 21)","(12, 21)",{},{},{},"['A', 'B']",[],[],0,0,4,3,4,2,B,,,,,,,A,,,,,"{'rtype': 'select-node', 'rtimedn': 20.316, 'rtimeup': 20.316}",,,,,,,"{'rtype': 'select-node', 'rtimedn': 20.982, 'rtimeup': 20.982}",,,,
,,13,1,9,1733248260,BDG-374-3555,TREE-1.2-0.0-0.0,"['343c5729-33c1-4072-84bc-ed3729393070', 'db7d9540-da55-477e-8ad5-2be5182831db']","['participant', 'participant']","['flower', 'dodecagon']","['hsla(345, 94%, 48%, 1.0)', 'hsla(143, 75%, 49%, 1.0)']","[[1.0, 0.10634413509812869], [0.10634413509812869, 1.0]]","{0: '', 1: 'A', 2: 'B'}",,2,after,"[True, True]","{'max': 21, 'min': 21, 'avg': 21.0, 'root': 12}","[-10, -10]","[139, 150]",sequential,chance,chance,"[1.0, 1.0]","[0.5, 1.0]","[0.5, 1.0]","[0.5, 1.0]","[0.625, 0.0]","[0.375, 0.0]",[[0]],[[1]],[[2]],"(0, 12)","(12, 21)","(12, 21)",{},{},{},"['A', 'B']",[],[],0,0,3,5,5,5,B,,,,,,,B,,,,,"{'rtype': 'select-node', 'rtimedn': 20.418, 'rtimeup': 20.418}",,,,,,,"{'rtype': 'select-node', 'rtimedn': 20.27, 'rtimeup': 20.27}",,,,
,,13,2,9,1733248265,BDG-561-5332,TREE-1.2-0.0-0.0,"['0b1c531d-63c5-4791-847a-c3aae2cc6407', '370e65e8-1c1d-4aa8-a2b1-c3033e2d6bc5']","['participant', 'participant']","['teardrop', 'cross']","['hsla(82, 100%, 37%, 1.0)', 'hsla(200, 87%, 49%, 1.0)']","[[1.0, 0.186444545869466], [0.186444545869466, 1.0]]","{0: '', 1: 'A', 2: 'B'}",,1,after,"[True, True]","{'max': 21, 'min': 21, 'avg': 21.0, 'root': 12}","[-10, -10]","[139, 136]",sequential,chance,chance,"[1.0, 1.0]","[0.5, 1.0]","[0.5, 1.0]","[0.5, 1.0]","[0.375, 0.0]","[0.625, 0.0]",[[0]],[[1]],[[2]],"(0, 12)","(12, 21)","(12, 21)",{},{},{},"['A', 'B']",[],[],0,0,5,3,3,2,A,,,,,,,A,,,,,"{'rtype': 'select-node', 'rtimedn': 20.59, 'rtimeup': 20.59}",,,,,,,"{'rtype': 'select-node', 'rtimedn': 19.65, 'rtimeup': 19.65}",,,,
,,13,3,9,1733248263,BDG-314-3335,TREE-1.2-0.0-0.0,"['217d2378-37bb-4c23-8bf4-9ba78d98057c', '15704bf5-2929-4750-876d-7445e0ee839c']","['participant', 'participant']","['lemon', 'hour-glass']","['hsla(259, 59%, 64%, 1.0)', 'hsla(189, 68%, 42%, 1.0)']","[[1.0, 0.16293929712460062], [0.16293929712460062, 1.0]]","{0: '', 1: 'A', 2: 'B'}",,2,after,"[True, True]","{'max': 21, 'min': 21, 'avg': 21.0, 'root': 12}","[-10, -10]","[143, 104]",sequential,chance,chance,"[1.0, 1.0]","[0.5, 1.0]","[0.5, 1.0]","[0.5, 1.0]","[0.625, 0.0]","[0.375, 0.0]",[[0]],[[1]],[[2]],"(0, 12)","(12, 21)","(12, 21)",{},{},{},"['A', 'B']",[],[],0,0,3,3,3,5,B,,,,,,,B,,,,,"{'rtype': 'select-node', 'rtimedn': 20.565, 'rtimeup': 20.565}",,,,,,,"{'rtype': 'select-node', 'rtimedn': 20.483, 'rtimeup': 20.483}",,,,
,,13,4,9,1733248265,BDG-308-3324,TREE-1.2-0.0-0.0,"['a4108716-78db-4322-84e0-c54f5e34e8e9', '4e5b71b2-e421-4f67-bb5b-eff1c81af7c7']","['participant', 'participant']","['two-triangle', 'hexagon']","['hsla(2, 98%, 38%, 1.0)', 'hsla(6, 79%, 39%, 1.0)']","[[1.0, 0.186444545869466], [0.186444545869466, 1.0]]","{0: '', 1: 'A', 2: 'B'}",,1,after,"[True, True]","{'max': 21, 'min': 21, 'avg': 21.0, 'root': 12}","[-10, -10]","[136, 128]",sequential,chance,chance,"[1.0, 1.0]","[0.5, 1.0]","[0.5, 1.0]","[0.5, 1.0]","[0.625, 0.0]","[0.375, 0.0]",[[0]],[[1]],[[2]],"(0, 12)","(12, 21)","(12, 21)",{},{},{},"['A', 'B']",[],[],0,0,3,3,2,4,A,,,,,,,B,,,,,"{'rtype': 'select-node', 'rtimedn': 20.518, 'rtimeup': 20.518}",,,,,,,"{'rtype': 'select-node', 'rtimedn': 20.948, 'rtimeup': 20.948}",,,,
,,14,0,9,1733248275,BDG-386-4132,TREE-1.2-0.0-0.0,"['43ee29ea-4b55-4cdc-b2a0-40d4d7d8f141', 'a4108716-78db-4322-84e0-c54f5e34e8e9']","['participant', 'participant']","['stop-sign', 'two-triangle']","['hsla(50, 96%, 59%, 1.0)', 'hsla(2, 98%, 38%, 1.0)']","[[1.0, 0.16293929712460062], [0.16293929712460062, 1.0]]","{0: '', 1: 'A', 2: 'B'}",,2,after,"[True, True]","{'max': 21, 'min': 21, 'avg': 21.0, 'root': 12}","[-10, -10]","[108, 136]",sequential,chance,chance,"[1.0, 1.0]","[0.5, 1.0]","[0.5, 1.0]","[0.5, 1.0]","[0.375, 0.0]","[0.625, 0.0]",[[0]],[[1]],[[2]],"(0, 12)","(12, 21)","(12, 21)",{},{},{},"['A', 'B']",[],[],0,0,4,1,3,2,B,,,,,,,A,,,,,"{'rtype': 'select-node', 'rtimedn': 21.825, 'rtimeup': 21.825}",,,,,,,"{'rtype': 'select-node', 'rtimedn': 21.765, 'rtimeup': 21.765}",,,,
,,14,1,9,1733248280,BDG-140-2141,TREE-1.2-0.0-0.0,"['ae0f18e3-bbc9-412b-9d3b-37f49ff99550', '370e65e8-1c1d-4aa8-a2b1-c3033e2d6bc5']","['participant', 'participant']","['moon', 'cross']","['hsla(256, 55%, 43%, 1.0)', 'hsla(200, 87%, 49%, 1.0)']","[[1.0, 0.16293929712460062], [0.16293929712460062, 1.0]]","{0: '', 1: 'A', 2: 'B'}",,1,after,"[True, True]","{'max': 21, 'min': 21, 'avg': 21.0, 'root': 12}","[-10, -10]","[125, 136]",sequential,chance,chance,"[1.0, 1.0]","[0.5, 1.0]","[0.5, 1.0]","[0.5, 1.0]","[0.625, 0.0]","[0.375, 0.0]",[[0]],[[1]],[[2]],"(0, 12)","(12, 21)","(12, 21)",{},{},{},"['A', 'B']",[],[],0,0,2,1,4,1,A,,,,,,,B,,,,,"{'rtype': 'select-node', 'rtimedn': 22.181, 'rtimeup': 22.181}",,,,,,,"{'rtype': 'select-node', 'rtimedn': 20.547, 'rtimeup': 20.547}",,,,
,,14,2,9,1733248277,BDG-035-1231,TREE-1.2-0.0-0.0,"['db7d9540-da55-477e-8ad5-2be5182831db', '4e5b71b2-e421-4f67-bb5b-eff1c81af7c7']","['participant', 'participant']","['dodecagon', 'hexagon']","['hsla(143, 75%, 49%, 1.0)', 'hsla(6, 79%, 39%, 1.0)']","[[1.0, 0.16293929712460062], [0.16293929712460062, 1.0]]","{0: '', 1: 'A', 2: 'B'}",,2,after,"[True, True]","{'max': 21, 'min': 21, 'avg': 21.0, 'root': 12}","[-10, -10]","[150, 128]",sequential,chance,chance,"[1.0, 1.0]","[0.5, 1.0]","[0.5, 1.0]","[0.5, 1.0]","[0.625, 0.0]","[0.375, 0.0]",[[0]],[[1]],[[2]],"(0, 12)","(12, 21)","(12, 21)",{},{},{},"['A', 'B']",[],[],0,0,1,2,3,1,B,,,,,,,B,,,,,"{'rtype': 'select-node', 'rtimedn': 21.908, 'rtimeup': 21.908}",,,,,,,"{'rtype': 'select-node', 'rtimedn': 21.899, 'rtimeup': 21.899}",,,,
,,14,3,9,1733248274,BDG-184-2325,TREE-1.2-0.0-0.0,"['343c5729-33c1-4072-84bc-ed3729393070', '15704bf5-2929-4750-876d-7445e0ee839c']","['participant', 'participant']","['flower', 'hour-glass']","['hsla(345, 94%, 48%, 1.0)', 'hsla(189, 68%, 42%, 1.0)']","[[1.0, 0.186444545869466], [0.186444545869466, 1.0]]","{0: '', 1: 'A', 2: 'B'}",,2,after,"[True, True]","{'max': 21, 'min': 21, 'avg': 21.0, 'root': 12}","[-10, -10]","[139, 104]",sequential,chance,chance,"[1.0, 1.0]","[0.5, 1.0]","[0.5, 1.0]","[0.5, 1.0]","[0.625, 0.0]","[0.375, 0.0]",[[0]],[[1]],[[2]],"(0, 12)","(12, 21)","(12, 21)",{},{},{},"['A', 'B']",[],[],0,0,2,3,2,5,B,,,,,,,B,,,,,"{'rtype': 'select-node', 'rtimedn': 21.711, 'rtimeup': 21.711}",,,,,,,"{'rtype': 'select-node', 'rtimedn': 21.576, 'rtimeup': 21.576}",,,,
,,14,4,9,1733248275,BDG-314-3335,TREE-1.2-0.0-0.0,"['217d2378-37bb-4c23-8bf4-9ba78d98057c', '0b1c531d-63c5-4791-847a-c3aae2cc6407']","['participant', 'participant']","['lemon', 'teardrop']","['hsla(259, 59%, 64%, 1.0)', 'hsla(82, 100%, 37%, 1.0)']","[[1.0, 0.052031036056595155], [0.052031036056595155, 1.0]]","{0: '', 1: 'A', 2: 'B'}",,2,after,"[True, True]","{'max': 21, 'min': 21, 'avg': 21.0, 'root': 12}","[-10, -10]","[143, 139]",sequential,chance,chance,"[1.0, 1.0]","[0.5, 1.0]","[0.5, 1.0]","[0.5, 1.0]","[0.625, 0.0]","[0.375, 0.0]",[[0]],[[1]],[[2]],"(0, 12)","(12, 21)","(12, 21)",{},{},{},"['A', 'B']",[],[],0,0,3,3,3,5,B,,,,,,,B,,,,,"{'rtype': 'select-node', 'rtimedn': 21.773, 'rtimeup': 21.773}",,,,,,,"{'rtype': 'select-node', 'rtimedn': 21.898, 'rtimeup': 21.898}",,,,
,,15,0,9,1733248288,BDG-117-1543,TREE-1.2-0.0-0.0,"['43ee29ea-4b55-4cdc-b2a0-40d4d7d8f141', '217d2378-37bb-4c23-8bf4-9ba78d98057c']","['participant', 'participant']","['stop-sign', 'lemon']","['hsla(50, 96%, 59%, 1.0)', 'hsla(259, 59%, 64%, 1.0)']","[[1.0, 0.20698311273391143], [0.20698311273391143, 1.0]]","{0: '', 1: 'A', 2: 'B'}",,2,after,"[True, True]","{'max': 21, 'min': 21, 'avg': 21.0, 'root': 12}","[-10, -10]","[108, 143]",sequential,chance,chance,"[1.0, 1.0]","[0.5, 1.0]","[0.5, 1.0]","[0.5, 1.0]","[0.375, 0.0]","[0.625, 0.0]",[[0]],[[1]],[[2]],"(0, 12)","(12, 21)","(12, 21)",{},{},{},"['A', 'B']",[],[],0,0,1,5,4,3,B,,,,,,,B,,,,,"{'rtype': 'select-node', 'rtimedn': 23.187, 'rtimeup': 23.187}",,,,,,,"{'rtype': 'select-node', 'rtimedn': 23.134, 'rtimeup': 23.134}",,,,
,,15,1,9,1733248293,BDG-368-3544,TREE-1.2-0.0-0.0,"['15704bf5-2929-4750-876d-7445e0ee839c', 'a4108716-78db-4322-84e0-c54f5e34e8e9']","['participant', 'participant']","['hour-glass', 'two-triangle']","['hsla(189, 68%, 42%, 1.0)', 'hsla(2, 98%, 38%, 1.0)']","[[1.0, 0.0778183477863989], [0.0778183477863989, 1.0]]","{0: '', 1: 'A', 2: 'B'}",,2,after,"[True, True]","{'max': 21, 'min': 21, 'avg': 21.0, 'root': 12}","[-10, -10]","[104, 136]",sequential,chance,chance,"[1.0, 1.0]","[0.5, 1.0]","[0.5, 1.0]","[0.5, 1.0]","[0.625, 0.0]","[0.375, 0.0]",[[0]],[[1]],[[2]],"(0, 12)","(12, 21)","(12, 21)",{},{},{},"['A', 'B']",[],[],0,0,3,5,4,4,B,,,,,,,B,,,,,"{'rtype': 'select-node', 'rtimedn': 23.537, 'rtimeup': 23.537}",,,,,,,"{'rtype': 'select-node', 'rtimedn': 23.015, 'rtimeup': 23.015}",,,,
,,15,2,9,1733248289,BDG-568-5344,TREE-1.2-0.0-0.0,"['0b1c531d-63c5-4791-847a-c3aae2cc6407', '343c5729-33c1-4072-84bc-ed3729393070']","['participant', 'participant']","['teardrop', 'flower']","['hsla(82, 100%, 37%, 1.0)', 'hsla(345, 94%, 48%, 1.0)']","[[1.0, 0.16293929712460062], [0.16293929712460062, 1.0]]","{0: '', 1: 'A', 2: 'B'}",,1,after,"[True, True]","{'max': 21, 'min': 21, 'avg': 21.0, 'root': 12}","[-10, -10]","[139, 139]",sequential,chance,chance,"[1.0, 1.0]","[0.5, 1.0]","[0.5, 1.0]","[0.5, 1.0]","[0.375, 0.0]","[0.625, 0.0]",[[0]],[[1]],[[2]],"(0, 12)","(12, 21)","(12, 21)",{},{},{},"['A', 'B']",[],[],0,0,5,3,4,4,A,,,,,,,B,,,,,"{'rtype': 'select-node', 'rtimedn': 23.29, 'rtimeup': 23.29}",,,,,,,"{'rtype': 'select-node', 'rtimedn': 23.241, 'rtimeup': 23.241}",,,,
,,15,3,9,1733248290,BDG-554-5315,TREE-1.2-0.0-0.0,"['370e65e8-1c1d-4aa8-a2b1-c3033e2d6bc5', '4e5b71b2-e421-4f67-bb5b-eff1c81af7c7']","['participant', 'participant']","['cross', 'hexagon']","['hsla(200, 87%, 49%, 1.0)', 'hsla(6, 79%, 39%, 1.0)']","[[1.0, 0.054769511638521215], [0.054769511638521215, 1.0]]","{0: '', 1: 'A', 2: 'B'}",,1,after,"[True, True]","{'max': 21, 'min': 21, 'avg': 21.0, 'root': 12}","[-10, -10]","[136, 128]",sequential,chance,chance,"[1.0, 1.0]","[0.5, 1.0]","[0.5, 1.0]","[0.5, 1.0]","[0.375, 0.0]","[0.625, 0.0]",[[0]],[[1]],[[2]],"(0, 12)","(12, 21)","(12, 21)",{},{},{},"['A', 'B']",[],[],0,0,5,3,1,5,A,,,,,,,A,,,,,"{'rtype': 'select-node', 'rtimedn': 21.884, 'rtimeup': 21.884}",,,,,,,"{'rtype': 'select-node', 'rtimedn': 23.381, 'rtimeup': 23.381}",,,,
,,15,4,9,1733248291,BDG-080-1421,TREE-1.2-0.0-0.0,"['db7d9540-da55-477e-8ad5-2be5182831db', 'ae0f18e3-bbc9-412b-9d3b-37f49ff99550']","['participant', 'participant']","['dodecagon', 'moon']","['hsla(143, 75%, 49%, 1.0)', 'hsla(256, 55%, 43%, 1.0)']","[[1.0, 0.20698311273391143], [0.20698311273391143, 1.0]]","{0: '', 1: 'A', 2: 'B'}",,1,after,"[True, True]","{'max': 21, 'min': 21, 'avg': 21.0, 'root': 12}","[-10, -10]","[150, 125]",sequential,chance,chance,"[1.0, 1.0]","[0.5, 1.0]","[0.5, 1.0]","[0.5, 1.0]","[0.625, 0.0]","[0.375, 0.0]",[[0]],[[1]],[[2]],"(0, 12)","(12, 21)","(12, 21)",{},{},{},"['A', 'B']",[],[],0,0,1,4,2,1,A,,,,,,,A,,,,,"{'rtype': 'select-node', 'rtimedn': 23.333, 'rtimeup': 23.333}",,,,,,,"{'rtype': 'select-node', 'rtimedn': 23.28, 'rtimeup': 23.28}",,,,
,,16,0,9,1733248306,BDG-505-5121,TREE-1.2-0.0-0.0,"['15704bf5-2929-4750-876d-7445e0ee839c', 'ae0f18e3-bbc9-412b-9d3b-37f49ff99550']","['participant', 'participant']","['hour-glass', 'moon']","['hsla(189, 68%, 42%, 1.0)', 'hsla(256, 55%, 43%, 1.0)']","[[1.0, 0.127110908261068], [0.127110908261068, 1.0]]","{0: '', 1: 'A', 2: 'B'}",,1,after,"[True, True]","{'max': 21, 'min': 21, 'avg': 21.0, 'root': 12}","[-10, -10]","[104, 125]",sequential,chance,chance,"[1.0, 1.0]","[0.5, 1.0]","[0.5, 1.0]","[0.5, 1.0]","[0.625, 0.0]","[0.375, 0.0]",[[0]],[[1]],[[2]],"(0, 12)","(12, 21)","(12, 21)",{},{},{},"['A', 'B']",[],[],0,0,5,1,2,1,A,,,,,,,A,,,,,"{'rtype': 'select-node', 'rtimedn': 24.536, 'rtimeup': 24.536}",,,,,,,"{'rtype': 'select-node', 'rtimedn': 24.738, 'rtimeup': 24.738}",,,,
,,16,1,9,1733248302,BDG-360-3531,TREE-1.2-0.0-0.0,"['343c5729-33c1-4072-84bc-ed3729393070', '370e65e8-1c1d-4aa8-a2b1-c3033e2d6bc5']","['participant', 'participant']","['flower', 'cross']","['hsla(345, 94%, 48%, 1.0)', 'hsla(200, 87%, 49%, 1.0)']","[[1.0, 0.20698311273391143], [0.20698311273391143, 1.0]]","{0: '', 1: 'A', 2: 'B'}",,1,after,"[True, True]","{'max': 21, 'min': 21, 'avg': 21.0, 'root': 12}","[-10, -10]","[139, 136]",sequential,chance,chance,"[1.0, 1.0]","[0.5, 1.0]","[0.5, 1.0]","[0.5, 1.0]","[0.625, 0.0]","[0.375, 0.0]",[[0]],[[1]],[[2]],"(0, 12)","(12, 21)","(12, 21)",{},{},{},"['A', 'B']",[],[],0,0,3,5,3,1,A,,,,,,,A,,,,,"{'rtype': 'select-node', 'rtimedn': 24.477, 'rtimeup': 24.477}",,,,,,,"{'rtype': 'select-node', 'rtimedn': 23.341, 'rtimeup': 23.341}",,,,
,,16,2,9,1733248305,BDG-328-3414,TREE-1.2-0.0-0.0,"['a4108716-78db-4322-84e0-c54f5e34e8e9', '0b1c531d-63c5-4791-847a-c3aae2cc6407']","['participant', 'participant']","['two-triangle', 'teardrop']","['hsla(2, 98%, 38%, 1.0)', 'hsla(82, 100%, 37%, 1.0)']","[[1.0, 0.20698311273391143], [0.20698311273391143, 1.0]]","{0: '', 1: 'A', 2: 'B'}",,1,after,"[True, True]","{'max': 21, 'min': 21, 'avg': 21.0, 'root': 12}","[-10, -10]","[136, 139]",sequential,chance,chance,"[1.0, 1.0]","[0.5, 1.0]","[0.5, 1.0]","[0.5, 1.0]","[0.375, 0.0]","[0.625, 0.0]",[[0]],[[1]],[[2]],"(0, 12)","(12, 21)","(12, 21)",{},{},{},"['A', 'B']",[],[],0,0,3,4,1,4,A,,,,,,,A,,,,,"{'rtype': 'select-node', 'rtimedn': 24.425, 'rtimeup': 24.425}",,,,,,,"{'rtype': 'select-node', 'rtimedn': 24.866, 'rtimeup': 24.866}",,,,
,,16,3,9,1733248301,BDG-527-5213,TREE-1.2-0.0-0.0,"['43ee29ea-4b55-4cdc-b2a0-40d4d7d8f141', '217d2378-37bb-4c23-8bf4-9ba78d98057c']","['participant', 'participant']","['stop-sign', 'lemon']","['hsla(50, 96%, 59%, 1.0)', 'hsla(259, 59%, 64%, 1.0)']","[[1.0, 0.20698311273391143], [0.20698311273391143, 1.0]]","{0: '', 1: 'A', 2: 'B'}",,1,after,"[True, True]","{'max': 21, 'min': 21, 'avg': 21.0, 'root': 12}","[-10, -10]","[108, 143]",sequential,chance,chance,"[1.0, 1.0]","[0.5, 1.0]","[0.5, 1.0]","[0.5, 1.0]","[0.625, 0.0]","[0.375, 0.0]",[[0]],[[1]],[[2]],"(0, 12)","(12, 21)","(12, 21)",{},{},{},"['A', 'B']",[],[],0,0,5,2,1,3,A,,,,,,,A,,,,,"{'rtype': 'select-node', 'rtimedn': 24.453, 'rtimeup': 24.453}",,,,,,,"{'rtype': 'select-node', 'rtimedn': 24.453, 'rtimeup': 24.453}",,,,
,,16,4,9,1733248302,BDG-472-4453,TREE-1.2-0.0-0.0,"['db7d9540-da55-477e-8ad5-2be5182831db', '4e5b71b2-e421-4f67-bb5b-eff1c81af7c7']","['participant', 'participant']","['dodecagon', 'hexagon']","['hsla(143, 75%, 49%, 1.0)', 'hsla(6, 79%, 39%, 1.0)']","[[1.0, 0.16293929712460062], [0.16293929712460062, 1.0]]","{0: '', 1: 'A', 2: 'B'}",,2,after,"[True, True]","{'max': 21, 'min': 21, 'avg': 21.0, 'root': 12}","[-10, -10]","[150, 128]",sequential,chance,chance,"[1.0, 1.0]","[0.5, 1.0]","[0.5, 1.0]","[0.5, 1.0]","[0.375, 0.0]","[0.625, 0.0]",[[0]],[[1]],[[2]],"(0, 12)","(12, 21)","(12, 21)",{},{},{},"['A', 'B']",[],[],0,0,4,4,5,3,B,,,,,,,B,,,,,"{'rtype': 'select-node', 'rtimedn': 24.356, 'rtimeup': 24.356}",,,,,,,"{'rtype': 'select-node', 'rtimedn': 24.586, 'rtimeup': 24.586}",,,,
,,17,0,9,1733248316,BDG-042-1243,TREE-1.2-0.0-0.0,"['370e65e8-1c1d-4aa8-a2b1-c3033e2d6bc5', 'a4108716-78db-4322-84e0-c54f5e34e8e9']","['participant', 'participant']","['cross', 'two-triangle']","['hsla(200, 87%, 49%, 1.0)', 'hsla(2, 98%, 38%, 1.0)']","[[1.0, 0.052031036056595155], [0.052031036056595155, 1.0]]","{0: '', 1: 'A', 2: 'B'}",,2,after,"[True, True]","{'max': 21, 'min': 21, 'avg': 21.0, 'root': 12}","[-10, -10]","[136, 136]",sequential,chance,chance,"[1.0, 1.0]","[0.5, 1.0]","[0.5, 1.0]","[0.5, 1.0]","[0.375, 0.0]","[0.625, 0.0]",[[0]],[[1]],[[2]],"(0, 12)","(12, 21)","(12, 21)",{},{},{},"['A', 'B']",[],[],0,0,1,2,4,3,B,,,,,,,B,,,,,"{'rtype': 'select-node', 'rtimedn': 24.376, 'rtimeup': 24.376}",,,,,,,"{'rtype': 'select-node', 'rtimedn': 25.862, 'rtimeup': 25.862}",,,,
,,17,1,9,1733248318,BDG-525-5211,TREE-1.2-0.0-0.0,"['db7d9540-da55-477e-8ad5-2be5182831db', '4e5b71b2-e421-4f67-bb5b-eff1c81af7c7']","['participant', 'participant']","['dodecagon', 'hexagon']","['hsla(143, 75%, 49%, 1.0)', 'hsla(6, 79%, 39%, 1.0)']","[[1.0, 0.16293929712460062], [0.16293929712460062, 1.0]]","{0: '', 1: 'A', 2: 'B'}",,1,after,"[True, True]","{'max': 21, 'min': 21, 'avg': 21.0, 'root': 12}","[-10, -10]","[150, 128]",sequential,chance,chance,"[1.0, 1.0]","[0.5, 1.0]","[0.5, 1.0]","[0.5, 1.0]","[0.375, 0.0]","[0.625, 0.0]",[[0]],[[1]],[[2]],"(0, 12)","(12, 21)","(12, 21)",{},{},{},"['A', 'B']",[],[],0,0,5,2,1,1,A,,,,,,,A,,,,,"{'rtype': 'select-node', 'rtimedn': 26.003, 'rtimeup': 26.003}",,,,,,,"{'rtype': 'select-node', 'rtimedn': 25.762, 'rtimeup': 25.762}",,,,
,,17,2,9,1733248316,BDG-341-3442,TREE-1.2-0.0-0.0,"['43ee29ea-4b55-4cdc-b2a0-40d4d7d8f141', 'ae0f18e3-bbc9-412b-9d3b-37f49ff99550']","['participant', 'participant']","['stop-sign', 'moon']","['hsla(50, 96%, 59%, 1.0)', 'hsla(256, 55%, 43%, 1.0)']","[[1.0, 0.186444545869466], [0.186444545869466, 1.0]]","{0: '', 1: 'A', 2: 'B'}",,1,after,"[True, True]","{'max': 21, 'min': 21, 'avg': 21.0, 'root': 12}","[-10, -10]","[108, 125]",sequential,chance,chance,"[1.0, 1.0]","[0.5, 1.0]","[0.5, 1.0]","[0.5, 1.0]","[0.625, 0.0]","[0.375, 0.0]",[[0]],[[1]],[[2]],"(0, 12)","(12, 21)","(12, 21)",{},{},{},"['A', 'B']",[],[],0,0,3,4,4,2,A,,,,,,,A,,,,,"{'rtype': 'select-node', 'rtimedn': 26.033, 'rtimeup': 26.033}",,,,,,,"{'rtype': 'select-node', 'rtimedn': 25.667, 'rtimeup': 25.667}",,,,
,,17,3,9,1733248314,BDG-174-2255,TREE-1.2-0.0-0.0,"['0b1c531d-63c5-4791-847a-c3aae2cc6407', '343c5729-33c1-4072-84bc-ed3729393070']","['participant', 'participant']","['teardrop', 'flower']","['hsla(82, 100%, 37%, 1.0)', 'hsla(345, 94%, 48%, 1.0)']","[[1.0, 0.16293929712460062], [0.16293929712460062, 1.0]]","{0: '', 1: 'A', 2: 'B'}",,2,after,"[True, True]","{'max': 21, 'min': 21, 'avg': 21.0, 'root': 12}","[-10, -10]","[139, 139]",sequential,chance,chance,"[1.0, 1.0]","[0.5, 1.0]","[0.5, 1.0]","[0.5, 1.0]","[0.625, 0.0]","[0.375, 0.0]",[[0]],[[1]],[[2]],"(0, 12)","(12, 21)","(12, 21)",{},{},{},"['A', 'B']",[],[],0,0,2,2,5,5,B,,,,,,,B,,,,,"{'rtype': 'select-node', 'rtimedn': 25.776, 'rtimeup': 25.776}",,,,,,,"{'rtype': 'select-node', 'rtimedn': 25.69, 'rtimeup': 25.69}",,,,
,,17,4,9,1733248314,BDG-169-2245,TREE-1.2-0.0-0.0,"['217d2378-37bb-4c23-8bf4-9ba78d98057c', '15704bf5-2929-4750-876d-7445e0ee839c']","['participant', 'participant']","['lemon', 'hour-glass']","['hsla(259, 59%, 64%, 1.0)', 'hsla(189, 68%, 42%, 1.0)']","[[1.0, 0.16293929712460062], [0.16293929712460062, 1.0]]","{0: '', 1: 'A', 2: 'B'}",,2,after,"[True, True]","{'max': 21, 'min': 21, 'avg': 21.0, 'root': 12}","[-10, -10]","[143, 104]",sequential,chance,chance,"[1.0, 1.0]","[0.5, 1.0]","[0.5, 1.0]","[0.5, 1.0]","[0.625, 0.0]","[0.375, 0.0]",[[0]],[[1]],[[2]],"(0, 12)","(12, 21)","(12, 21)",{},{},{},"['A', 'B']",[],[],0,0,2,2,4,5,B,,,,,,,B,,,,,"{'rtype': 'select-node', 'rtimedn': 25.735, 'rtimeup': 25.735}",,,,,,,"{'rtype': 'select-node', 'rtimedn': 25.621, 'rtimeup': 25.621}",,,,
,,18,0,9,1733248329,BDG-552-5313,TREE-1.2-0.0-0.0,"['db7d9540-da55-477e-8ad5-2be5182831db', '217d2378-37bb-4c23-8bf4-9ba78d98057c']","['participant', 'participant']","['dodecagon', 'lemon']","['hsla(143, 75%, 49%, 1.0)', 'hsla(259, 59%, 64%, 1.0)']","[[1.0, 0.186444545869466], [0.186444545869466, 1.0]]","{0: '', 1: 'A', 2: 'B'}",,1,after,"[True, True]","{'max': 21, 'min': 21, 'avg': 21.0, 'root': 12}","[-10, -10]","[150, 143]",sequential,chance,chance,"[1.0, 1.0]","[0.5, 1.0]","[0.5, 1.0]","[0.5, 1.0]","[0.375, 0.0]","[0.625, 0.0]",[[0]],[[1]],[[2]],"(0, 12)","(12, 21)","(12, 21)",{},{},{},"['A', 'B']",[],[],0,0,5,3,1,3,A,,,,,,,B,,,,,"{'rtype': 'select-node', 'rtimedn': 27.121, 'rtimeup': 27.121}",,,,,,,"{'rtype': 'select-node', 'rtimedn': 27.185, 'rtimeup': 27.185}",,,,
,,18,1,9,1733248329,BDG-135-2131,TREE-1.2-0.0-0.0,"['a4108716-78db-4322-84e0-c54f5e34e8e9', 'ae0f18e3-bbc9-412b-9d3b-37f49ff99550']","['participant', 'participant']","['two-triangle', 'moon']","['hsla(2, 98%, 38%, 1.0)', 'hsla(256, 55%, 43%, 1.0)']","[[1.0, 0.10634413509812869], [0.10634413509812869, 1.0]]","{0: '', 1: 'A', 2: 'B'}",,1,after,"[True, True]","{'max': 21, 'min': 21, 'avg': 21.0, 'root': 12}","[-10, -10]","[136, 125]",sequential,chance,chance,"[1.0, 1.0]","[0.5, 1.0]","[0.5, 1.0]","[0.5, 1.0]","[0.375, 0.0]","[0.625, 0.0]",[[0]],[[1]],[[2]],"(0, 12)","(12, 21)","(12, 21)",{},{},{},"['A', 'B']",[],[],0,0,2,1,3,1,A,,,,,,,B,,,,,"{'rtype': 'select-node', 'rtimedn': 27.194, 'rtimeup': 27.194}",,,,,,,"{'rtype': 'select-node', 'rtimedn': 26.779, 'rtimeup': 26.779}",,,,
,,18,2,9,1733248331,BDG-139-2135,TREE-1.2-0.0-0.0,"['43ee29ea-4b55-4cdc-b2a0-40d4d7d8f141', '15704bf5-2929-4750-876d-7445e0ee839c']","['participant', 'participant']","['stop-sign', 'hour-glass']","['hsla(50, 96%, 59%, 1.0)', 'hsla(189, 68%, 42%, 1.0)']","[[1.0, 0.10634413509812869], [0.10634413509812869, 1.0]]","{0: '', 1: 'A', 2: 'B'}",,2,after,"[True, True]","{'max': 21, 'min': 21, 'avg': 21.0, 'root': 12}","[-10, -10]","[108, 104]",sequential,chance,chance,"[1.0, 1.0]","[0.5, 1.0]","[0.5, 1.0]","[0.5, 1.0]","[0.625, 0.0]","[0.375, 0.0]",[[0]],[[1]],[[2]],"(0, 12)","(12, 21)","(12, 21)",{},{},{},"['A', 'B']",[],[],0,0,2,1,3,5,B,,,,,,,B,,,,,"{'rtype': 'select-node', 'rtimedn': 27.507, 'rtimeup': 27.507}",,,,,,,"{'rtype': 'select-node', 'rtimedn': 26.766, 'rtimeup': 26.766}",,,,
,,18,3,9,1733248327,BDG-320-3351,TREE-1.2-0.0-0.0,"['370e65e8-1c1d-4aa8-a2b1-c3033e2d6bc5', '0b1c531d-63c5-4791-847a-c3aae2cc6407']","['participant', 'participant']","['cross', 'teardrop']","['hsla(200, 87%, 49%, 1.0)', 'hsla(82, 100%, 37%, 1.0)']","[[1.0, 0.186444545869466], [0.186444545869466, 1.0]]","{0: '', 1: 'A', 2: 'B'}",,2,after,"[True, True]","{'max': 21, 'min': 21, 'avg': 21.0, 'root': 12}","[-10, -10]","[136, 139]",sequential,chance,chance,"[1.0, 1.0]","[0.5, 1.0]","[0.5, 1.0]","[0.5, 1.0]","[0.375, 0.0]","[0.625, 0.0]",[[0]],[[1]],[[2]],"(0, 12)","(12, 21)","(12, 21)",{},{},{},"['A', 'B']",[],[],0,0,3,3,5,1,B,,,,,,,A,,,,,"{'rtype': 'select-node', 'rtimedn': 25.809, 'rtimeup': 25.809}",,,,,,,"{'rtype': 'select-node', 'rtimedn': 26.927, 'rtimeup': 26.927}",,,,
,,18,4,9,1733248326,BDG-513-5134,TREE-1.2-0.0-0.0,"['4e5b71b2-e421-4f67-bb5b-eff1c81af7c7', '343c5729-33c1-4072-84bc-ed3729393070']","['participant', 'participant']","['hexagon', 'flower']","['hsla(6, 79%, 39%, 1.0)', 'hsla(345, 94%, 48%, 1.0)']","[[1.0, 0.127110908261068], [0.127110908261068, 1.0]]","{0: '', 1: 'A', 2: 'B'}",,1,after,"[True, True]","{'max': 21, 'min': 21, 'avg': 21.0, 'root': 12}","[-10, -10]","[128, 139]",sequential,chance,chance,"[1.0, 1.0]","[0.5, 1.0]","[0.5, 1.0]","[0.5, 1.0]","[0.625, 0.0]","[0.375, 0.0]",[[0]],[[1]],[[2]],"(0, 12)","(12, 21)","(12, 21)",{},{},{},"['A', 'B']",[],[],0,0,5,1,3,4,A,,,,,,,B,,,,,"{'rtype': 'select-node', 'rtimedn': 27.031, 'rtimeup': 27.031}",,,,,,,"{'rtype': 'select-node', 'rtimedn': 26.915, 'rtimeup': 26.915}",,,,
,,19,0,9,1733248341,BDG-215-2441,TREE-1.2-0.0-0.0,"['0b1c531d-63c5-4791-847a-c3aae2cc6407', 'ae0f18e3-bbc9-412b-9d3b-37f49ff99550']","['participant', 'participant']","['teardrop', 'moon']","['hsla(82, 100%, 37%, 1.0)', 'hsla(256, 55%, 43%, 1.0)']","[[1.0, 0.0778183477863989], [0.0778183477863989, 1.0]]","{0: '', 1: 'A', 2: 'B'}",,2,after,"[True, True]","{'max': 21, 'min': 21, 'avg': 21.0, 'root': 12}","[-10, -10]","[139, 125]",sequential,chance,chance,"[1.0, 1.0]","[0.5, 1.0]","[0.5, 1.0]","[0.5, 1.0]","[0.625, 0.0]","[0.375, 0.0]",[[0]],[[1]],[[2]],"(0, 12)","(12, 21)","(12, 21)",{},{},{},"['A', 'B']",[],[],0,0,2,4,4,1,B,,,,,,,B,,,,,"{'rtype': 'select-node', 'rtimedn': 28.521, 'rtimeup': 28.521}",,,,,,,"{'rtype': 'select-node', 'rtimedn': 27.889, 'rtimeup': 27.889}",,,,
,,19,1,9,1733248341,BDG-129-2115,TREE-1.2-0.0-0.0,"['43ee29ea-4b55-4cdc-b2a0-40d4d7d8f141', 'a4108716-78db-4322-84e0-c54f5e34e8e9']","['participant', 'participant']","['stop-sign', 'two-triangle']","['hsla(50, 96%, 59%, 1.0)', 'hsla(2, 98%, 38%, 1.0)']","[[1.0, 0.16293929712460062], [0.16293929712460062, 1.0]]","{0: '', 1: 'A', 2: 'B'}",,2,after,"[True, True]","{'max': 21, 'min': 21, 'avg': 21.0, 'root': 12}","[-10, -10]","[108, 136]",sequential,chance,chance,"[1.0, 1.0]","[0.5, 1.0]","[0.5, 1.0]","[0.5, 1.0]","[0.375, 0.0]","[0.625, 0.0]",[[0]],[[1]],[[2]],"(0, 12)","(12, 21)","(12, 21)",{},{},{},"['A', 'B']",[],[],0,0,2,1,1,5,B,,,,,,,A,,,,,"{'rtype': 'select-node', 'rtimedn': 28.407, 'rtimeup': 28.407}",,,,,,,"{'rtype': 'select-node', 'rtimedn': 28.34, 'rtimeup': 28.34}",,,,
,,19,2,9,1733248341,BDG-128-2114,TREE-1.2-0.0-0.0,"['4e5b71b2-e421-4f67-bb5b-eff1c81af7c7', '15704bf5-2929-4750-876d-7445e0ee839c']","['participant', 'participant']","['hexagon', 'hour-glass']","['hsla(6, 79%, 39%, 1.0)', 'hsla(189, 68%, 42%, 1.0)']","[[1.0, 0.20698311273391143], [0.20698311273391143, 1.0]]","{0: '', 1: 'A', 2: 'B'}",,1,after,"[True, True]","{'max': 21, 'min': 21, 'avg': 21.0, 'root': 12}","[-10, -10]","[128, 104]",sequential,chance,chance,"[1.0, 1.0]","[0.5, 1.0]","[0.5, 1.0]","[0.5, 1.0]","[0.375, 0.0]","[0.625, 0.0]",[[0]],[[1]],[[2]],"(0, 12)","(12, 21)","(12, 21)",{},{},{},"['A', 'B']",[],[],0,0,2,1,1,4,A,,,,,,,A,,,,,"{'rtype': 'select-node', 'rtimedn': 28.52, 'rtimeup': 28.52}",,,,,,,"{'rtype': 'select-node', 'rtimedn': 28.05, 'rtimeup': 28.05}",,,,
,,19,3,9,1733248344,BDG-355-3521,TREE-1.2-0.0-0.0,"['db7d9540-da55-477e-8ad5-2be5182831db', '370e65e8-1c1d-4aa8-a2b1-c3033e2d6bc5']","['participant', 'participant']","['dodecagon', 'cross']","['hsla(143, 75%, 49%, 1.0)', 'hsla(200, 87%, 49%, 1.0)']","[[1.0, 0.0778183477863989], [0.0778183477863989, 1.0]]","{0: '', 1: 'A', 2: 'B'}",,1,after,"[True, True]","{'max': 21, 'min': 21, 'avg': 21.0, 'root': 12}","[-10, -10]","[150, 136]",sequential,chance,chance,"[1.0, 1.0]","[0.5, 1.0]","[0.5, 1.0]","[0.5, 1.0]","[0.625, 0.0]","[0.375, 0.0]",[[0]],[[1]],[[2]],"(0, 12)","(12, 21)","(12, 21)",{},{},{},"['A', 'B']",[],[],0,0,3,5,2,1,A,,,,,,,A,,,,,"{'rtype': 'select-node', 'rtimedn': 28.12, 'rtimeup': 28.12}",,,,,,,"{'rtype': 'select-node', 'rtimedn': 27.528, 'rtimeup': 27.528}",,,,
,,19,4,9,1733248339,BDG-468-4444,TREE-1.2-0.0-0.0,"['343c5729-33c1-4072-84bc-ed3729393070', '217d2378-37bb-4c23-8bf4-9ba78d98057c']","['participant', 'participant']","['flower', 'lemon']","['hsla(345, 94%, 48%, 1.0)', 'hsla(259, 59%, 64%, 1.0)']","[[1.0, 0.025559105431309903], [0.025559105431309903, 1.0]]","{0: '', 1: 'A', 2: 'B'}",,2,after,"[True, True]","{'max': 21, 'min': 21, 'avg': 21.0, 'root': 12}","[-10, -10]","[139, 143]",sequential,chance,chance,"[1.0, 1.0]","[0.5, 1.0]","[0.5, 1.0]","[0.5, 1.0]","[0.375, 0.0]","[0.625, 0.0]",[[0]],[[1]],[[2]],"(0, 12)","(12, 21)","(12, 21)",{},{},{},"['A', 'B']",[],[],0,0,4,4,4,4,B,,,,,,,B,,,,,"{'rtype': 'select-node', 'rtimedn': 28.206, 'rtimeup': 28.206}",,,,,,,"{'rtype': 'select-node', 'rtimedn': 28.222, 'rtimeup': 28.222}",,,,
,,20,0,9,1733248358,BDG-086-1432,TREE-1.2-0.0-0.0,"['43ee29ea-4b55-4cdc-b2a0-40d4d7d8f141', 'db7d9540-da55-477e-8ad5-2be5182831db']","['participant', 'participant']","['stop-sign', 'dodecagon']","['hsla(50, 96%, 59%, 1.0)', 'hsla(143, 75%, 49%, 1.0)']","[[1.0, 0.054769511638521215], [0.054769511638521215, 1.0]]","{0: '', 1: 'A', 2: 'B'}",,2,after,"[True, True]","{'max': 21, 'min': 21, 'avg': 21.0, 'root': 12}","[-10, -10]","[108, 150]",sequential,chance,chance,"[1.0, 1.0]","[0.5, 1.0]","[0.5, 1.0]","[0.5, 1.0]","[0.625, 0.0]","[0.375, 0.0]",[[0]],[[1]],[[2]],"(0, 12)","(12, 21)","(12, 21)",{},{},{},"['A', 'B']",[],[],0,0,1,4,3,2,B,,,,,,,B,,,,,"{'rtype': 'select-node', 'rtimedn': 30.227, 'rtimeup': 30.227}",,,,,,,"{'rtype': 'select-node', 'rtimedn': 29.43, 'rtimeup': 29.43}",,,,
,,20,1,9,1733248352,BDG-525-5211,TREE-1.2-0.0-0.0,"['370e65e8-1c1d-4aa8-a2b1-c3033e2d6bc5', '343c5729-33c1-4072-84bc-ed3729393070']","['participant', 'participant']","['cross', 'flower']","['hsla(200, 87%, 49%, 1.0)', 'hsla(345, 94%, 48%, 1.0)']","[[1.0, 0.20698311273391143], [0.20698311273391143, 1.0]]","{0: '', 1: 'A', 2: 'B'}",,1,after,"[True, True]","{'max': 21, 'min': 21, 'avg': 21.0, 'root': 12}","[-10, -10]","[136, 139]",sequential,chance,chance,"[1.0, 1.0]","[0.5, 1.0]","[0.5, 1.0]","[0.5, 1.0]","[0.375, 0.0]","[0.625, 0.0]",[[0]],[[1]],[[2]],"(0, 12)","(12, 21)","(12, 21)",{},{},{},"['A', 'B']",[],[],0,0,5,2,1,1,A,,,,,,,B,,,,,"{'rtype': 'select-node', 'rtimedn': 28.337, 'rtimeup': 28.337}",,,,,,,"{'rtype': 'select-node', 'rtimedn': 29.656, 'rtimeup': 29.656}",,,,
,,20,2,9,1733248354,BDG-481-4522,TREE-1.2-0.0-0.0,"['0b1c531d-63c5-4791-847a-c3aae2cc6407', '4e5b71b2-e421-4f67-bb5b-eff1c81af7c7']","['participant', 'participant']","['teardrop', 'hexagon']","['hsla(82, 100%, 37%, 1.0)', 'hsla(6, 79%, 39%, 1.0)']","[[1.0, 0.10634413509812869], [0.10634413509812869, 1.0]]","{0: '', 1: 'A', 2: 'B'}",,1,after,"[True, True]","{'max': 21, 'min': 21, 'avg': 21.0, 'root': 12}","[-10, -10]","[139, 128]",sequential,chance,chance,"[1.0, 1.0]","[0.5, 1.0]","[0.5, 1.0]","[0.5, 1.0]","[0.375, 0.0]","[0.625, 0.0]",[[0]],[[1]],[[2]],"(0, 12)","(12, 21)","(12, 21)",{},{},{},"['A', 'B']",[],[],0,0,4,5,2,2,A,,,,,,,A,,,,,"{'rtype': 'select-node', 'rtimedn': 29.84, 'rtimeup': 29.84}",,,,,,,"{'rtype': 'select-node', 'rtimedn': 29.74, 'rtimeup': 29.74}",,,,
,,20,3,9,1733248359,BDG-038-1234,TREE-1.2-0.0-0.0,"['ae0f18e3-bbc9-412b-9d3b-37f49ff99550', '15704bf5-2929-4750-876d-7445e0ee839c']","['participant', 'participant']","['moon', 'hour-glass']","['hsla(256, 55%, 43%, 1.0)', 'hsla(189, 68%, 42%, 1.0)']","[[1.0, 0.127110908261068], [0.127110908261068, 1.0]]","{0: '', 1: 'A', 2: 'B'}",,2,after,"[True, True]","{'max': 21, 'min': 21, 'avg': 21.0, 'root': 12}","[-10, -10]","[125, 104]",sequential,chance,chance,"[1.0, 1.0]","[0.5, 1.0]","[0.5, 1.0]","[0.5, 1.0]","[0.625, 0.0]","[0.375, 0.0]",[[0]],[[1]],[[2]],"(0, 12)","(12, 21)","(12, 21)",{},{},{},"['A', 'B']",[],[],0,0,1,2,3,4,B,,,,,,,A,,,,,"{'rtype': 'select-node', 'rtimedn': 29.514, 'rtimeup': 29.514}",,,,,,,"{'rtype': None, 'rtimedn': 13, 'rtimeup': 13}",,,,
,,20,4,9,1733248354,BDG-528-5214,TREE-1.2-0.0-0.0,"['a4108716-78db-4322-84e0-c54f5e34e8e9', '217d2378-37bb-4c23-8bf4-9ba78d98057c']","['participant', 'participant']","['two-triangle', 'lemon']","['hsla(2, 98%, 38%, 1.0)', 'hsla(259, 59%, 64%, 1.0)']","[[1.0, 0.127110908261068], [0.127110908261068, 1.0]]","{0: '', 1: 'A', 2: 'B'}",,1,after,"[True, True]","{'max': 21, 'min': 21, 'avg': 21.0, 'root': 12}","[-10, -10]","[136, 143]",sequential,chance,chance,"[1.0, 1.0]","[0.5, 1.0]","[0.5, 1.0]","[0.5, 1.0]","[0.625, 0.0]","[0.375, 0.0]",[[0]],[[1]],[[2]],"(0, 12)","(12, 21)","(12, 21)",{},{},{},"['A', 'B']",[],[],0,0,5,2,1,4,A,,,,,,,A,,,,,"{'rtype': 'select-node', 'rtimedn': 29.497, 'rtimeup': 29.497}",,,,,,,"{'rtype': 'select-node', 'rtimedn': 29.732, 'rtimeup': 29.732}",,,,
,,21,0,9,1733248370,BDG-332-3423,TREE-1.2-0.0-0.0,"['343c5729-33c1-4072-84bc-ed3729393070', '217d2378-37bb-4c23-8bf4-9ba78d98057c']","['participant', 'participant']","['flower', 'lemon']","['hsla(345, 94%, 48%, 1.0)', 'hsla(259, 59%, 64%, 1.0)']","[[1.0, 0.025559105431309903], [0.025559105431309903, 1.0]]","{0: '', 1: 'A', 2: 'B'}",,1,after,"[True, True]","{'max': 21, 'min': 21, 'avg': 21.0, 'root': 12}","[-10, -10]","[139, 143]",sequential,chance,chance,"[1.0, 1.0]","[0.5, 1.0]","[0.5, 1.0]","[0.5, 1.0]","[0.625, 0.0]","[0.375, 0.0]",[[0]],[[1]],[[2]],"(0, 12)","(12, 21)","(12, 21)",{},{},{},"['A', 'B']",[],[],0,0,3,4,2,3,A,,,,,,,A,,,,,"{'rtype': 'select-node', 'rtimedn': 31.096, 'rtimeup': 31.096}",,,,,,,"{'rtype': 'select-node', 'rtimedn': 31.302, 'rtimeup': 31.302}",,,,
,,21,1,9,1733248372,BDG-534-5225,TREE-1.2-0.0-0.0,"['ae0f18e3-bbc9-412b-9d3b-37f49ff99550', '370e65e8-1c1d-4aa8-a2b1-c3033e2d6bc5']","['participant', 'participant']","['moon', 'cross']","['hsla(256, 55%, 43%, 1.0)', 'hsla(200, 87%, 49%, 1.0)']","[[1.0, 0.16293929712460062], [0.16293929712460062, 1.0]]","{0: '', 1: 'A', 2: 'B'}",,1,after,"[True, True]","{'max': 21, 'min': 21, 'avg': 21.0, 'root': 12}","[-10, -10]","[125, 136]",sequential,chance,chance,"[1.0, 1.0]","[0.5, 1.0]","[0.5, 1.0]","[0.5, 1.0]","[0.375, 0.0]","[0.625, 0.0]",[[0]],[[1]],[[2]],"(0, 12)","(12, 21)","(12, 21)",{},{},{},"['A', 'B']",[],[],0,0,5,2,2,5,A,,,,,,,A,,,,,"{'rtype': 'select-node', 'rtimedn': 30.937, 'rtimeup': 30.937}",,,,,,,"{'rtype': 'select-node', 'rtimedn': 30.331, 'rtimeup': 30.331}",,,,
,,21,2,9,1733248369,BDG-546-5252,TREE-1.2-0.0-0.0,"['4e5b71b2-e421-4f67-bb5b-eff1c81af7c7', '15704bf5-2929-4750-876d-7445e0ee839c']","['participant', 'participant']","['hexagon', 'hour-glass']","['hsla(6, 79%, 39%, 1.0)', 'hsla(189, 68%, 42%, 1.0)']","[[1.0, 0.20698311273391143], [0.20698311273391143, 1.0]]","{0: '', 1: 'A', 2: 'B'}",,1,after,"[True, True]","{'max': 21, 'min': 21, 'avg': 21.0, 'root': 12}","[-10, -10]","[128, 104]",sequential,chance,chance,"[1.0, 1.0]","[0.5, 1.0]","[0.5, 1.0]","[0.5, 1.0]","[0.625, 0.0]","[0.375, 0.0]",[[0]],[[1]],[[2]],"(0, 12)","(12, 21)","(12, 21)",{},{},{},"['A', 'B']",[],[],0,0,5,2,5,2,A,,,,,,,B,,,,,"{'rtype': 'select-node', 'rtimedn': 31.196, 'rtimeup': 31.196}",,,,,,,"{'rtype': 'select-node', 'rtimedn': 31.084, 'rtimeup': 31.084}",,,,
,,21,3,9,1733248374,BDG-496-4552,TREE-1.2-0.0-0.0,"['a4108716-78db-4322-84e0-c54f5e34e8e9', '0b1c531d-63c5-4791-847a-c3aae2cc6407']","['participant', 'participant']","['two-triangle', 'teardrop']","['hsla(2, 98%, 38%, 1.0)', 'hsla(82, 100%, 37%, 1.0)']","[[1.0, 0.20698311273391143], [0.20698311273391143, 1.0]]","{0: '', 1: 'A', 2: 'B'}",,1,after,"[True, True]","{'max': 21, 'min': 21, 'avg': 21.0, 'root': 12}","[-10, -10]","[136, 139]",sequential,chance,chance,"[1.0, 1.0]","[0.5, 1.0]","[0.5, 1.0]","[0.5, 1.0]","[0.625, 0.0]","[0.375, 0.0]",[[0]],[[1]],[[2]],"(0, 12)","(12, 21)","(12, 21)",{},{},{},"['A', 'B']",[],[],0,0,4,5,5,2,A,,,,,,,A,,,,,"{'rtype': None, 'rtimedn': 13, 'rtimeup': 13}",,,,,,,"{'rtype': 'select-node', 'rtimedn': 31.078, 'rtimeup': 31.078}",,,,
,,21,4,9,1733248372,BDG-532-5223,TREE-1.2-0.0-0.0,"['db7d9540-da55-477e-8ad5-2be5182831db', '43ee29ea-4b55-4cdc-b2a0-40d4d7d8f141']","['participant', 'participant']","['dodecagon', 'stop-sign']","['hsla(143, 75%, 49%, 1.0)', 'hsla(50, 96%, 59%, 1.0)']","[[1.0, 0.054769511638521215], [0.054769511638521215, 1.0]]","{0: '', 1: 'A', 2: 'B'}",,1,after,"[True, True]","{'max': 21, 'min': 21, 'avg': 21.0, 'root': 12}","[-10, -10]","[150, 108]",sequential,chance,chance,"[1.0, 1.0]","[0.5, 1.0]","[0.5, 1.0]","[0.5, 1.0]","[0.375, 0.0]","[0.625, 0.0]",[[0]],[[1]],[[2]],"(0, 12)","(12, 21)","(12, 21)",{},{},{},"['A', 'B']",[],[],0,0,5,2,2,3,A,,,,,,,A,,,,,"{'rtype': 'select-node', 'rtimedn': 31.277, 'rtimeup': 31.277}",,,,,,,"{'rtype': 'select-node', 'rtimedn': 31.594, 'rtimeup': 31.594}",,,,
,,22,0,9,1733248384,BDG-477-4513,TREE-1.2-0.0-0.0,"['217d2378-37bb-4c23-8bf4-9ba78d98057c', '15704bf5-2929-4750-876d-7445e0ee839c']","['participant', 'participant']","['lemon', 'hour-glass']","['hsla(259, 59%, 64%, 1.0)', 'hsla(189, 68%, 42%, 1.0)']","[[1.0, 0.16293929712460062], [0.16293929712460062, 1.0]]","{0: '', 1: 'A', 2: 'B'}",,1,after,"[True, True]","{'max': 21, 'min': 21, 'avg': 21.0, 'root': 12}","[-10, -10]","[143, 104]",sequential,chance,chance,"[1.0, 1.0]","[0.5, 1.0]","[0.5, 1.0]","[0.5, 1.0]","[0.625, 0.0]","[0.375, 0.0]",[[0]],[[1]],[[2]],"(0, 12)","(12, 21)","(12, 21)",{},{},{},"['A', 'B']",[],[],0,0,4,5,1,3,A,,,,,,,B,,,,,"{'rtype': 'select-node', 'rtimedn': 32.767, 'rtimeup': 32.767}",,,,,,,"{'rtype': 'select-node', 'rtimedn': 32.457, 'rtimeup': 32.457}",,,,
,,22,1,9,1733248387,BDG-096-1452,TREE-1.2-0.0-0.0,"['ae0f18e3-bbc9-412b-9d3b-37f49ff99550', '0b1c531d-63c5-4791-847a-c3aae2cc6407']","['participant', 'participant']","['moon', 'teardrop']","['hsla(256, 55%, 43%, 1.0)', 'hsla(82, 100%, 37%, 1.0)']","[[1.0, 0.0778183477863989], [0.0778183477863989, 1.0]]","{0: '', 1: 'A', 2: 'B'}",,2,after,"[True, True]","{'max': 21, 'min': 21, 'avg': 21.0, 'root': 12}","[-10, -10]","[125, 139]",sequential,chance,chance,"[1.0, 1.0]","[0.5, 1.0]","[0.5, 1.0]","[0.5, 1.0]","[0.625, 0.0]","[0.375, 0.0]",[[0]],[[1]],[[2]],"(0, 12)","(12, 21)","(12, 21)",{},{},{},"['A', 'B']",[],[],0,0,1,4,5,2,B,,,,,,,A,,,,,"{'rtype': 'select-node', 'rtimedn': 32.873, 'rtimeup': 32.873}",,,,,,,"{'rtype': 'select-node', 'rtimedn': 32.639, 'rtimeup': 32.639}",,,,
,,22,2,9,1733248382,BDG-188-2334,TREE-1.2-0.0-0.0,"['a4108716-78db-4322-84e0-c54f5e34e8e9', '4e5b71b2-e421-4f67-bb5b-eff1c81af7c7']","['participant', 'participant']","['two-triangle', 'hexagon']","['hsla(2, 98%, 38%, 1.0)', 'hsla(6, 79%, 39%, 1.0)']","[[1.0, 0.186444545869466], [0.186444545869466, 1.0]]","{0: '', 1: 'A', 2: 'B'}",,2,after,"[True, True]","{'max': 21, 'min': 21, 'avg': 21.0, 'root': 12}","[-10, -10]","[136, 128]",sequential,chance,chance,"[1.0, 1.0]","[0.5, 1.0]","[0.5, 1.0]","[0.5, 1.0]","[0.625, 0.0]","[0.375, 0.0]",[[0]],[[1]],[[2]],"(0, 12)","(12, 21)","(12, 21)",{},{},{},"['A', 'B']",[],[],0,0,2,3,3,4,B,,,,,,,B,,,,,"{'rtype': 'select-node', 'rtimedn': 32.437, 'rtimeup': 32.437}",,,,,,,"{'rtype': 'select-node', 'rtimedn': 32.656, 'rtimeup': 32.656}",,,,
,,22,3,9,1733248384,BDG-624-5555,TREE-1.2-0.0-0.0,"['db7d9540-da55-477e-8ad5-2be5182831db', '343c5729-33c1-4072-84bc-ed3729393070']","['participant', 'participant']","['dodecagon', 'flower']","['hsla(143, 75%, 49%, 1.0)', 'hsla(345, 94%, 48%, 1.0)']","[[1.0, 0.10634413509812869], [0.10634413509812869, 1.0]]","{0: '', 1: 'A', 2: 'B'}",,2,after,"[True, True]","{'max': 21, 'min': 21, 'avg': 21.0, 'root': 12}","[-10, -10]","[150, 139]",sequential,chance,chance,"[1.0, 1.0]","[0.5, 1.0]","[0.5, 1.0]","[0.5, 1.0]","[0.375, 0.0]","[0.625, 0.0]",[[0]],[[1]],[[2]],"(0, 12)","(12, 21)","(12, 21)",{},{},{},"['A', 'B']",[],[],0,0,5,5,5,5,B,,,,,,,A,,,,,"{'rtype': 'select-node', 'rtimedn': 32.395, 'rtimeup': 32.395}",,,,,,,"{'rtype': 'select-node', 'rtimedn': 32.784, 'rtimeup': 32.784}",,,,
,,22,4,9,1733248386,BDG-201-2412,TREE-1.2-0.0-0.0,"['43ee29ea-4b55-4cdc-b2a0-40d4d7d8f141', '370e65e8-1c1d-4aa8-a2b1-c3033e2d6bc5']","['participant', 'participant']","['stop-sign', 'cross']","['hsla(50, 96%, 59%, 1.0)', 'hsla(200, 87%, 49%, 1.0)']","[[1.0, 0.127110908261068], [0.127110908261068, 1.0]]","{0: '', 1: 'A', 2: 'B'}",,1,after,"[True, True]","{'max': 21, 'min': 21, 'avg': 21.0, 'root': 12}","[-10, -10]","[108, 136]",sequential,chance,chance,"[1.0, 1.0]","[0.5, 1.0]","[0.5, 1.0]","[0.5, 1.0]","[0.375, 0.0]","[0.625, 0.0]",[[0]],[[1]],[[2]],"(0, 12)","(12, 21)","(12, 21)",{},{},{},"['A', 'B']",[],[],0,0,2,4,1,2,A,,,,,,,A,,,,,"{'rtype': 'select-node', 'rtimedn': 32.979, 'rtimeup': 32.979}",,,,,,,"{'rtype': 'select-node', 'rtimedn': 31.242, 'rtimeup': 31.242}",,,,
,,23,0,9,1733248396,BDG-267-3143,TREE-1.2-0.0-0.0,"['4e5b71b2-e421-4f67-bb5b-eff1c81af7c7', '0b1c531d-63c5-4791-847a-c3aae2cc6407']","['participant', 'participant']","['hexagon', 'teardrop']","['hsla(6, 79%, 39%, 1.0)', 'hsla(82, 100%, 37%, 1.0)']","[[1.0, 0.10634413509812869], [0.10634413509812869, 1.0]]","{0: '', 1: 'A', 2: 'B'}",,2,after,"[True, True]","{'max': 21, 'min': 21, 'avg': 21.0, 'root': 12}","[-10, -10]","[128, 139]",sequential,chance,chance,"[1.0, 1.0]","[0.5, 1.0]","[0.5, 1.0]","[0.5, 1.0]","[0.375, 0.0]","[0.625, 0.0]",[[0]],[[1]],[[2]],"(0, 12)","(12, 21)","(12, 21)",{},{},{},"['A', 'B']",[],[],0,0,3,1,4,3,B,,,,,,,B,,,,,"{'rtype': 'select-node', 'rtimedn': 33.988, 'rtimeup': 33.988}",,,,,,,"{'rtype': 'select-node', 'rtimedn': 33.839, 'rtimeup': 33.839}",,,,
,,23,1,9,1733248397,BDG-145-2151,TREE-1.2-0.0-0.0,"['db7d9540-da55-477e-8ad5-2be5182831db', 'ae0f18e3-bbc9-412b-9d3b-37f49ff99550']","['participant', 'participant']","['dodecagon', 'moon']","['hsla(143, 75%, 49%, 1.0)', 'hsla(256, 55%, 43%, 1.0)']","[[1.0, 0.20698311273391143], [0.20698311273391143, 1.0]]","{0: '', 1: 'A', 2: 'B'}",,2,after,"[True, True]","{'max': 21, 'min': 21, 'avg': 21.0, 'root': 12}","[-10, -10]","[150, 125]",sequential,chance,chance,"[1.0, 1.0]","[0.5, 1.0]","[0.5, 1.0]","[0.5, 1.0]","[0.625, 0.0]","[0.375, 0.0]",[[0]],[[1]],[[2]],"(0, 12)","(12, 21)","(12, 21)",{},{},{},"['A', 'B']",[],[],0,0,2,1,5,1,B,,,,,,,B,,,,,"{'rtype': 'select-node', 'rtimedn': 33.774, 'rtimeup': 33.774}",,,,,,,"{'rtype': 'select-node', 'rtimedn': 33.92, 'rtimeup': 33.92}",,,,
,,23,2,9,1733248395,BDG-210-2431,TREE-1.2-0.0-0.0,"['43ee29ea-4b55-4cdc-b2a0-40d4d7d8f141', '15704bf5-2929-4750-876d-7445e0ee839c']","['participant', 'participant']","['stop-sign', 'hour-glass']","['hsla(50, 96%, 59%, 1.0)', 'hsla(189, 68%, 42%, 1.0)']","[[1.0, 0.10634413509812869], [0.10634413509812869, 1.0]]","{0: '', 1: 'A', 2: 'B'}",,1,after,"[True, True]","{'max': 21, 'min': 21, 'avg': 21.0, 'root': 12}","[-10, -10]","[108, 104]",sequential,chance,chance,"[1.0, 1.0]","[0.5, 1.0]","[0.5, 1.0]","[0.5, 1.0]","[0.375, 0.0]","[0.625, 0.0]",[[0]],[[1]],[[2]],"(0, 12)","(12, 21)","(12, 21)",{},{},{},"['A', 'B']",[],[],0,0,2,4,3,1,A,,,,,,,A,,,,,"{'rtype': 'select-node', 'rtimedn': 33.891, 'rtimeup': 33.891}",,,,,,,"{'rtype': 'select-node', 'rtimedn': 33.765, 'rtimeup': 33.765}",,,,
,,23,3,9,1733248396,BDG-308-3324,TREE-1.2-0.0-0.0,"['343c5729-33c1-4072-84bc-ed3729393070', '370e65e8-1c1d-4aa8-a2b1-c3033e2d6bc5']","['participant', 'participant']","['flower', 'cross']","['hsla(345, 94%, 48%, 1.0)', 'hsla(200, 87%, 49%, 1.0)']","[[1.0, 0.20698311273391143], [0.20698311273391143, 1.0]]","{0: '', 1: 'A', 2: 'B'}",,1,after,"[True, True]","{'max': 21, 'min': 21, 'avg': 21.0, 'root': 12}","[-10, -10]","[139, 136]",sequential,chance,chance,"[1.0, 1.0]","[0.5, 1.0]","[0.5, 1.0]","[0.5, 1.0]","[0.625, 0.0]","[0.375, 0.0]",[[0]],[[1]],[[2]],"(0, 12)","(12, 21)","(12, 21)",{},{},{},"['A', 'B']",[],[],0,0,3,3,2,4,A,,,,,,,B,,,,,"{'rtype': 'select-node', 'rtimedn': 33.999, 'rtimeup': 33.999}",,,,,,,"{'rtype': 'select-node', 'rtimedn': 32.767, 'rtimeup': 32.767}",,,,
,,23,4,9,1733248395,BDG-512-5133,TREE-1.2-0.0-0.0,"['a4108716-78db-4322-84e0-c54f5e34e8e9', '217d2378-37bb-4c23-8bf4-9ba78d98057c']","['participant', 'participant']","['two-triangle', 'lemon']","['hsla(2, 98%, 38%, 1.0)', 'hsla(259, 59%, 64%, 1.0)']","[[1.0, 0.127110908261068], [0.127110908261068, 1.0]]","{0: '', 1: 'A', 2: 'B'}",,1,after,"[True, True]","{'max': 21, 'min': 21, 'avg': 21.0, 'root': 12}","[-10, -10]","[136, 143]",sequential,chance,chance,"[1.0, 1.0]","[0.5, 1.0]","[0.5, 1.0]","[0.5, 1.0]","[0.375, 0.0]","[0.625, 0.0]",[[0]],[[1]],[[2]],"(0, 12)","(12, 21)","(12, 21)",{},{},{},"['A', 'B']",[],[],0,0,5,1,3,3,A,,,,,,,A,,,,,"{'rtype': 'select-node', 'rtimedn': 33.789, 'rtimeup': 33.789}",,,,,,,"{'rtype': 'select-node', 'rtimedn': 33.859, 'rtimeup': 33.859}",,,,
,,24,0,9,1733248405,BDG-619-5545,TREE-1.2-0.0-0.0,"['343c5729-33c1-4072-84bc-ed3729393070', '43ee29ea-4b55-4cdc-b2a0-40d4d7d8f141']","['participant', 'participant']","['flower', 'stop-sign']","['hsla(345, 94%, 48%, 1.0)', 'hsla(50, 96%, 59%, 1.0)']","[[1.0, 0.0778183477863989], [0.0778183477863989, 1.0]]","{0: '', 1: 'A', 2: 'B'}",,1,after,"[True, True]","{'max': 21, 'min': 21, 'avg': 21.0, 'root': 12}","[-10, -10]","[139, 108]",sequential,chance,chance,"[1.0, 1.0]","[0.5, 1.0]","[0.5, 1.0]","[0.5, 1.0]","[0.625, 0.0]","[0.375, 0.0]",[[0]],[[1]],[[2]],"(0, 12)","(12, 21)","(12, 21)",{},{},{},"['A', 'B']",[],[],0,0,5,5,4,5,A,,,,,,,A,,,,,"{'rtype': 'select-node', 'rtimedn': 34.839, 'rtimeup': 34.839}",,,,,,,"{'rtype': 'select-node', 'rtimedn': 34.938, 'rtimeup': 34.938}",,,,
,,24,1,9,1733248411,BDG-069-1345,TREE-1.2-0.0-0.0,"['0b1c531d-63c5-4791-847a-c3aae2cc6407', '370e65e8-1c1d-4aa8-a2b1-c3033e2d6bc5']","['participant', 'participant']","['teardrop', 'cross']","['hsla(82, 100%, 37%, 1.0)', 'hsla(200, 87%, 49%, 1.0)']","[[1.0, 0.186444545869466], [0.186444545869466, 1.0]]","{0: '', 1: 'A', 2: 'B'}",,2,after,"[True, True]","{'max': 21, 'min': 21, 'avg': 21.0, 'root': 12}","[-10, -10]","[139, 136]",sequential,chance,chance,"[1.0, 1.0]","[0.5, 1.0]","[0.5, 1.0]","[0.5, 1.0]","[0.375, 0.0]","[0.625, 0.0]",[[0]],[[1]],[[2]],"(0, 12)","(12, 21)","(12, 21)",{},{},{},"['A', 'B']",[],[],0,0,1,3,4,5,B,,,,,,,B,,,,,"{'rtype': 'select-node', 'rtimedn': 34.897, 'rtimeup': 34.897}",,,,,,,"{'rtype': 'select-node', 'rtimedn': 34.229, 'rtimeup': 34.229}",,,,
,,24,2,9,1733248405,BDG-275-3211,TREE-1.2-0.0-0.0,"['db7d9540-da55-477e-8ad5-2be5182831db', '4e5b71b2-e421-4f67-bb5b-eff1c81af7c7']","['participant', 'participant']","['dodecagon', 'hexagon']","['hsla(143, 75%, 49%, 1.0)', 'hsla(6, 79%, 39%, 1.0)']","[[1.0, 0.16293929712460062], [0.16293929712460062, 1.0]]","{0: '', 1: 'A', 2: 'B'}",,1,after,"[True, True]","{'max': 21, 'min': 21, 'avg': 21.0, 'root': 12}","[-10, -10]","[150, 128]",sequential,chance,chance,"[1.0, 1.0]","[0.5, 1.0]","[0.5, 1.0]","[0.5, 1.0]","[0.625, 0.0]","[0.375, 0.0]",[[0]],[[1]],[[2]],"(0, 12)","(12, 21)","(12, 21)",{},{},{},"['A', 'B']",[],[],0,0,3,2,1,1,A,,,,,,,A,,,,,"{'rtype': 'select-node', 'rtimedn': 34.778, 'rtimeup': 34.778}",,,,,,,"{'rtype': 'select-node', 'rtimedn': 34.965, 'rtimeup': 34.965}",,,,
,,24,3,9,1733248407,BDG-442-4343,TREE-1.2-0.0-0.0,"['15704bf5-2929-4750-876d-7445e0ee839c', '217d2378-37bb-4c23-8bf4-9ba78d98057c']","['participant', 'participant']","['hour-glass', 'lemon']","['hsla(189, 68%, 42%, 1.0)', 'hsla(259, 59%, 64%, 1.0)']","[[1.0, 0.16293929712460062], [0.16293929712460062, 1.0]]","{0: '', 1: 'A', 2: 'B'}",,1,after,"[True, True]","{'max': 21, 'min': 21, 'avg': 21.0, 'root': 12}","[-10, -10]","[104, 143]",sequential,chance,chance,"[1.0, 1.0]","[0.5, 1.0]","[0.5, 1.0]","[0.5, 1.0]","[0.375, 0.0]","[0.625, 0.0]",[[0]],[[1]],[[2]],"(0, 12)","(12, 21)","(12, 21)",{},{},{},"['A', 'B']",[],[],0,0,4,3,4,3,A,,,,,,,B,,,,,"{'rtype': 'select-node', 'rtimedn': 34.719, 'rtimeup': 34.719}",,,,,,,"{'rtype': 'select-node', 'rtimedn': 35.022, 'rtimeup': 35.022}",,,,
,,24,4,9,1733248407,BDG-330-3421,TREE-1.2-0.0-0.0,"['ae0f18e3-bbc9-412b-9d3b-37f49ff99550', 'a4108716-78db-4322-84e0-c54f5e34e8e9']","['participant', 'participant']","['moon', 'two-triangle']","['hsla(256, 55%, 43%, 1.0)', 'hsla(2, 98%, 38%, 1.0)']","[[1.0, 0.10634413509812869], [0.10634413509812869, 1.0]]","{0: '', 1: 'A', 2: 'B'}",,1,after,"[True, True]","{'max': 21, 'min': 21, 'avg': 21.0, 'root': 12}","[-10, -10]","[125, 136]",sequential,chance,chance,"[1.0, 1.0]","[0.5, 1.0]","[0.5, 1.0]","[0.5, 1.0]","[0.625, 0.0]","[0.375, 0.0]",[[0]],[[1]],[[2]],"(0, 12)","(12, 21)","(12, 21)",{},{},{},"['A', 'B']",[],[],0,0,3,4,2,1,A,,,,,,,B,,,,,"{'rtype': 'select-node', 'rtimedn': 34.822, 'rtimeup': 34.822}",,,,,,,"{'rtype': 'select-node', 'rtimedn': 34.964, 'rtimeup': 34.964}",,,,
,,25,0,9,1733248420,BDG-101-1512,TREE-1.2-0.0-0.0,"['15704bf5-2929-4750-876d-7445e0ee839c', '4e5b71b2-e421-4f67-bb5b-eff1c81af7c7']","['participant', 'participant']","['hour-glass', 'hexagon']","['hsla(189, 68%, 42%, 1.0)', 'hsla(6, 79%, 39%, 1.0)']","[[1.0, 0.20698311273391143], [0.20698311273391143, 1.0]]","{0: '', 1: 'A', 2: 'B'}",,1,after,"[True, True]","{'max': 21, 'min': 21, 'avg': 21.0, 'root': 12}","[-10, -10]","[104, 128]",sequential,chance,chance,"[1.0, 1.0]","[0.5, 1.0]","[0.5, 1.0]","[0.5, 1.0]","[0.375, 0.0]","[0.625, 0.0]",[[0]],[[1]],[[2]],"(0, 12)","(12, 21)","(12, 21)",{},{},{},"['A', 'B']",[],[],0,0,1,5,1,2,A,,,,,,,A,,,,,"{'rtype': 'select-node', 'rtimedn': 36.175, 'rtimeup': 36.175}",,,,,,,"{'rtype': 'select-node', 'rtimedn': 36.412, 'rtimeup': 36.412}",,,,
,,25,1,9,1733248421,BDG-103-1514,TREE-1.2-0.0-0.0,"['343c5729-33c1-4072-84bc-ed3729393070', '217d2378-37bb-4c23-8bf4-9ba78d98057c']","['participant', 'participant']","['flower', 'lemon']","['hsla(345, 94%, 48%, 1.0)', 'hsla(259, 59%, 64%, 1.0)']","[[1.0, 0.025559105431309903], [0.025559105431309903, 1.0]]","{0: '', 1: 'A', 2: 'B'}",,2,after,"[True, True]","{'max': 21, 'min': 21, 'avg': 21.0, 'root': 12}","[-10, -10]","[139, 143]",sequential,chance,chance,"[1.0, 1.0]","[0.5, 1.0]","[0.5, 1.0]","[0.5, 1.0]","[0.625, 0.0]","[0.375, 0.0]",[[0]],[[1]],[[2]],"(0, 12)","(12, 21)","(12, 21)",{},{},{},"['A', 'B']",[],[],0,0,1,5,1,4,B,,,,,,,A,,,,,"{'rtype': 'select-node', 'rtimedn': 36.506, 'rtimeup': 36.506}",,,,,,,"{'rtype': 'select-node', 'rtimedn': 36.218, 'rtimeup': 36.218}",,,,
,,25,2,9,1733248420,BDG-538-5234,TREE-1.2-0.0-0.0,"['ae0f18e3-bbc9-412b-9d3b-37f49ff99550', '0b1c531d-63c5-4791-847a-c3aae2cc6407']","['participant', 'participant']","['moon', 'teardrop']","['hsla(256, 55%, 43%, 1.0)', 'hsla(82, 100%, 37%, 1.0)']","[[1.0, 0.0778183477863989], [0.0778183477863989, 1.0]]","{0: '', 1: 'A', 2: 'B'}",,2,after,"[True, True]","{'max': 21, 'min': 21, 'avg': 21.0, 'root': 12}","[-10, -10]","[125, 139]",sequential,chance,chance,"[1.0, 1.0]","[0.5, 1.0]","[0.5, 1.0]","[0.5, 1.0]","[0.375, 0.0]","[0.625, 0.0]",[[0]],[[1]],[[2]],"(0, 12)","(12, 21)","(12, 21)",{},{},{},"['A', 'B']",[],[],0,0,5,2,3,4,B,,,,,,,B,,,,,"{'rtype': 'select-node', 'rtimedn': 35.982, 'rtimeup': 35.982}",,,,,,,"{'rtype': 'select-node', 'rtimedn': 36.371, 'rtimeup': 36.371}",,,,
,,25,3,9,1733248421,BDG-572-5353,TREE-1.2-0.0-0.0,"['db7d9540-da55-477e-8ad5-2be5182831db', '370e65e8-1c1d-4aa8-a2b1-c3033e2d6bc5']","['participant', 'participant']","['dodecagon', 'cross']","['hsla(143, 75%, 49%, 1.0)', 'hsla(200, 87%, 49%, 1.0)']","[[1.0, 0.0778183477863989], [0.0778183477863989, 1.0]]","{0: '', 1: 'A', 2: 'B'}",,2,after,"[True, True]","{'max': 21, 'min': 21, 'avg': 21.0, 'root': 12}","[-10, -10]","[150, 136]",sequential,chance,chance,"[1.0, 1.0]","[0.5, 1.0]","[0.5, 1.0]","[0.5, 1.0]","[0.625, 0.0]","[0.375, 0.0]",[[0]],[[1]],[[2]],"(0, 12)","(12, 21)","(12, 21)",{},{},{},"['A', 'B']",[],[],0,0,5,3,5,3,B,,,,,,,B,,,,,"{'rtype': 'select-node', 'rtimedn': 36.078, 'rtimeup': 36.078}",,,,,,,"{'rtype': 'select-node', 'rtimedn': 35.253, 'rtimeup': 35.253}",,,,
,,25,4,9,1733248422,BDG-086-1432,TREE-1.2-0.0-0.0,"['a4108716-78db-4322-84e0-c54f5e34e8e9', '43ee29ea-4b55-4cdc-b2a0-40d4d7d8f141']","['participant', 'participant']","['two-triangle', 'stop-sign']","['hsla(2, 98%, 38%, 1.0)', 'hsla(50, 96%, 59%, 1.0)']","[[1.0, 0.16293929712460062], [0.16293929712460062, 1.0]]","{0: '', 1: 'A', 2: 'B'}",,2,after,"[True, True]","{'max': 21, 'min': 21, 'avg': 21.0, 'root': 12}","[-10, -10]","[136, 108]",sequential,chance,chance,"[1.0, 1.0]","[0.5, 1.0]","[0.5, 1.0]","[0.5, 1.0]","[0.625, 0.0]","[0.375, 0.0]",[[0]],[[1]],[[2]],"(0, 12)","(12, 21)","(12, 21)",{},{},{},"['A', 'B']",[],[],0,0,1,4,3,2,B,,,,,,,B,,,,,"{'rtype': 'select-node', 'rtimedn': 36.424, 'rtimeup': 36.424}",,,,,,,"{'rtype': 'select-node', 'rtimedn': 36.393, 'rtimeup': 36.393}",,,,
,,26,0,9,1733248432,BDG-206-2422,TREE-1.2-0.0-0.0,"['db7d9540-da55-477e-8ad5-2be5182831db', 'ae0f18e3-bbc9-412b-9d3b-37f49ff99550']","['participant', 'participant']","['dodecagon', 'moon']","['hsla(143, 75%, 49%, 1.0)', 'hsla(256, 55%, 43%, 1.0)']","[[1.0, 0.20698311273391143], [0.20698311273391143, 1.0]]","{0: '', 1: 'A', 2: 'B'}",,1,after,"[True, True]","{'max': 21, 'min': 21, 'avg': 21.0, 'root': 12}","[-10, -10]","[150, 125]",sequential,chance,chance,"[1.0, 1.0]","[0.5, 1.0]","[0.5, 1.0]","[0.5, 1.0]","[0.625, 0.0]","[0.375, 0.0]",[[0]],[[1]],[[2]],"(0, 12)","(12, 21)","(12, 21)",{},{},{},"['A', 'B']",[],[],0,0,2,4,2,2,A,,,,,,,A,,,,,"{'rtype': 'select-node', 'rtimedn': 37.425, 'rtimeup': 37.425}",,,,,,,"{'rtype': 'select-node', 'rtimedn': 37.179, 'rtimeup': 37.179}",,,,
,,26,1,9,1733248431,BDG-243-2544,TREE-1.2-0.0-0.0,"['a4108716-78db-4322-84e0-c54f5e34e8e9', '4e5b71b2-e421-4f67-bb5b-eff1c81af7c7']","['participant', 'participant']","['two-triangle', 'hexagon']","['hsla(2, 98%, 38%, 1.0)', 'hsla(6, 79%, 39%, 1.0)']","[[1.0, 0.186444545869466], [0.186444545869466, 1.0]]","{0: '', 1: 'A', 2: 'B'}",,2,after,"[True, True]","{'max': 21, 'min': 21, 'avg': 21.0, 'root': 12}","[-10, -10]","[136, 128]",sequential,chance,chance,"[1.0, 1.0]","[0.5, 1.0]","[0.5, 1.0]","[0.5, 1.0]","[0.625, 0.0]","[0.375, 0.0]",[[0]],[[1]],[[2]],"(0, 12)","(12, 21)","(12, 21)",{},{},{},"['A', 'B']",[],[],0,0,2,5,4,4,B,,,,,,,A,,,,,"{'rtype': 'select-node', 'rtimedn': 37.23, 'rtimeup': 37.23}",,,,,,,"{'rtype': 'select-node', 'rtimedn': 37.5, 'rtimeup': 37.5}",,,,
,,26,2,9,1733248435,BDG-263-3134,TREE-1.2-0.0-0.0,"['0b1c531d-63c5-4791-847a-c3aae2cc6407', '15704bf5-2929-4750-876d-7445e0ee839c']","['participant', 'participant']","['teardrop', 'hour-glass']","['hsla(82, 100%, 37%, 1.0)', 'hsla(189, 68%, 42%, 1.0)']","[[1.0, 0.054769511638521215], [0.054769511638521215, 1.0]]","{0: '', 1: 'A', 2: 'B'}",,1,after,"[True, True]","{'max': 21, 'min': 21, 'avg': 21.0, 'root': 12}","[-10, -10]","[139, 104]",sequential,chance,chance,"[1.0, 1.0]","[0.5, 1.0]","[0.5, 1.0]","[0.5, 1.0]","[0.375, 0.0]","[0.625, 0.0]",[[0]],[[1]],[[2]],"(0, 12)","(12, 21)","(12, 21)",{},{},{},"['A', 'B']",[],[],0,0,3,1,3,4,A,,,,,,,A,,,,,"{'rtype': 'select-node', 'rtimedn': 37.337, 'rtimeup': 37.337}",,,,,,,"{'rtype': 'select-node', 'rtimedn': 37.721, 'rtimeup': 37.721}",,,,
,,26,3,9,1733248437,BDG-171-2252,TREE-1.2-0.0-0.0,"['217d2378-37bb-4c23-8bf4-9ba78d98057c', '43ee29ea-4b55-4cdc-b2a0-40d4d7d8f141']","['participant', 'participant']","['lemon', 'stop-sign']","['hsla(259, 59%, 64%, 1.0)', 'hsla(50, 96%, 59%, 1.0)']","[[1.0, 0.20698311273391143], [0.20698311273391143, 1.0]]","{0: '', 1: 'A', 2: 'B'}",,2,after,"[True, True]","{'max': 21, 'min': 21, 'avg': 21.0, 'root': 12}","[-10, -10]","[143, 108]",sequential,chance,chance,"[1.0, 1.0]","[0.5, 1.0]","[0.5, 1.0]","[0.5, 1.0]","[0.625, 0.0]","[0.375, 0.0]",[[0]],[[1]],[[2]],"(0, 12)","(12, 21)","(12, 21)",{},{},{},"['A', 'B']",[],[],0,0,2,2,5,2,B,,,,,,,A,,,,,"{'rtype': 'select-node', 'rtimedn': 37.495, 'rtimeup': 37.495}",,,,,,,"{'rtype': None, 'rtimedn': 13, 'rtimeup': 13}",,,,
,,26,4,9,1733248432,BDG-602-5513,TREE-1.2-0.0-0.0,"['370e65e8-1c1d-4aa8-a2b1-c3033e2d6bc5', '343c5729-33c1-4072-84bc-ed3729393070']","['participant', 'participant']","['cross', 'flower']","['hsla(200, 87%, 49%, 1.0)', 'hsla(345, 94%, 48%, 1.0)']","[[1.0, 0.20698311273391143], [0.20698311273391143, 1.0]]","{0: '', 1: 'A', 2: 'B'}",,1,after,"[True, True]","{'max': 21, 'min': 21, 'avg': 21.0, 'root': 12}","[-10, -10]","[136, 139]",sequential,chance,chance,"[1.0, 1.0]","[0.5, 1.0]","[0.5, 1.0]","[0.5, 1.0]","[0.625, 0.0]","[0.375, 0.0]",[[0]],[[1]],[[2]],"(0, 12)","(12, 21)","(12, 21)",{},{},{},"['A', 'B']",[],[],0,0,5,5,1,3,A,,,,,,,A,,,,,"{'rtype': 'select-node', 'rtimedn': 36.004, 'rtimeup': 36.004}",,,,,,,"{'rtype': 'select-node', 'rtimedn': 37.594, 'rtimeup': 37.594}",,,,
,,27,0,9,1733248445,BDG-040-1241,TREE-1.2-0.0-0.0,"['43ee29ea-4b55-4cdc-b2a0-40d4d7d8f141', '343c5729-33c1-4072-84bc-ed3729393070']","['participant', 'participant']","['stop-sign', 'flower']","['hsla(50, 96%, 59%, 1.0)', 'hsla(345, 94%, 48%, 1.0)']","[[1.0, 0.0778183477863989], [0.0778183477863989, 1.0]]","{0: '', 1: 'A', 2: 'B'}",,2,after,"[True, True]","{'max': 21, 'min': 21, 'avg': 21.0, 'root': 12}","[-10, -10]","[108, 139]",sequential,chance,chance,"[1.0, 1.0]","[0.5, 1.0]","[0.5, 1.0]","[0.5, 1.0]","[0.625, 0.0]","[0.375, 0.0]",[[0]],[[1]],[[2]],"(0, 12)","(12, 21)","(12, 21)",{},{},{},"['A', 'B']",[],[],0,0,1,2,4,1,B,,,,,,,A,,,,,"{'rtype': 'select-node', 'rtimedn': 38.797, 'rtimeup': 38.797}",,,,,,,"{'rtype': 'select-node', 'rtimedn': 38.903, 'rtimeup': 38.903}",,,,
,,27,1,9,1733248447,BDG-464-4435,TREE-1.2-0.0-0.0,"['370e65e8-1c1d-4aa8-a2b1-c3033e2d6bc5', '217d2378-37bb-4c23-8bf4-9ba78d98057c']","['participant', 'participant']","['cross', 'lemon']","['hsla(200, 87%, 49%, 1.0)', 'hsla(259, 59%, 64%, 1.0)']","[[1.0, 0.10634413509812869], [0.10634413509812869, 1.0]]","{0: '', 1: 'A', 2: 'B'}",,1,after,"[True, True]","{'max': 21, 'min': 21, 'avg': 21.0, 'root': 12}","[-10, -10]","[136, 143]",sequential,chance,chance,"[1.0, 1.0]","[0.5, 1.0]","[0.5, 1.0]","[0.5, 1.0]","[0.625, 0.0]","[0.375, 0.0]",[[0]],[[1]],[[2]],"(0, 12)","(12, 21)","(12, 21)",{},{},{},"['A', 'B']",[],[],0,0,4,4,3,5,A,,,,,,,B,,,,,"{'rtype': 'select-node', 'rtimedn': 37.832, 'rtimeup': 37.832}",,,,,,,"{'rtype': 'select-node', 'rtimedn': 38.741, 'rtimeup': 38.741}",,,,
,,27,2,9,1733248446,BDG-619-5545,TREE-1.2-0.0-0.0,"['0b1c531d-63c5-4791-847a-c3aae2cc6407', '4e5b71b2-e421-4f67-bb5b-eff1c81af7c7']","['participant', 'participant']","['teardrop', 'hexagon']","['hsla(82, 100%, 37%, 1.0)', 'hsla(6, 79%, 39%, 1.0)']","[[1.0, 0.10634413509812869], [0.10634413509812869, 1.0]]","{0: '', 1: 'A', 2: 'B'}",,1,after,"[True, True]","{'max': 21, 'min': 21, 'avg': 21.0, 'root': 12}","[-10, -10]","[139, 128]",sequential,chance,chance,"[1.0, 1.0]","[0.5, 1.0]","[0.5, 1.0]","[0.5, 1.0]","[0.625, 0.0]","[0.375, 0.0]",[[0]],[[1]],[[2]],"(0, 12)","(12, 21)","(12, 21)",{},{},{},"['A', 'B']",[],[],0,0,5,5,4,5,A,,,,,,,A,,,,,"{'rtype': 'select-node', 'rtimedn': 38.777, 'rtimeup': 38.777}",,,,,,,"{'rtype': 'select-node', 'rtimedn': 39.033, 'rtimeup': 39.033}",,,,
,,27,3,9,1733248444,BDG-211-2432,TREE-1.2-0.0-0.0,"['db7d9540-da55-477e-8ad5-2be5182831db', 'ae0f18e3-bbc9-412b-9d3b-37f49ff99550']","['participant', 'participant']","['dodecagon', 'moon']","['hsla(143, 75%, 49%, 1.0)', 'hsla(256, 55%, 43%, 1.0)']","[[1.0, 0.20698311273391143], [0.20698311273391143, 1.0]]","{0: '', 1: 'A', 2: 'B'}",,1,after,"[True, True]","{'max': 21, 'min': 21, 'avg': 21.0, 'root': 12}","[-10, -10]","[150, 125]",sequential,chance,chance,"[1.0, 1.0]","[0.5, 1.0]","[0.5, 1.0]","[0.5, 1.0]","[0.375, 0.0]","[0.625, 0.0]",[[0]],[[1]],[[2]],"(0, 12)","(12, 21)","(12, 21)",{},{},{},"['A', 'B']",[],[],0,0,2,4,3,2,A,,,,,,,A,,,,,"{'rtype': 'select-node', 'rtimedn': 38.685, 'rtimeup': 38.685}",,,,,,,"{'rtype': 'select-node', 'rtimedn': 38.557, 'rtimeup': 38.557}",,,,
,,27,4,9,1733248447,BDG-352-3513,TREE-1.2-0.0-0.0,"['a4108716-78db-4322-84e0-c54f5e34e8e9', '15704bf5-2929-4750-876d-7445e0ee839c']","['participant', 'participant']","['two-triangle', 'hour-glass']","['hsla(2, 98%, 38%, 1.0)', 'hsla(189, 68%, 42%, 1.0)']","[[1.0, 0.0778183477863989], [0.0778183477863989, 1.0]]","{0: '', 1: 'A', 2: 'B'}",,1,after,"[True, True]","{'max': 21, 'min': 21, 'avg': 21.0, 'root': 12}","[-10, -10]","[136, 104]",sequential,chance,chance,"[1.0, 1.0]","[0.5, 1.0]","[0.5, 1.0]","[0.5, 1.0]","[0.375, 0.0]","[0.625, 0.0]",[[0]],[[1]],[[2]],"(0, 12)","(12, 21)","(12, 21)",{},{},{},"['A', 'B']",[],[],0,0,3,5,1,3,A,,,,,,,A,,,,,"{'rtype': 'select-node', 'rtimedn': 38.785, 'rtimeup': 38.785}",,,,,,,"{'rtype': 'select-node', 'rtimedn': 38.908, 'rtimeup': 38.908}",,,,
,,28,0,9,1733248457,BDG-292-3243,TREE-1.2-0.0-0.0,"['4e5b71b2-e421-4f67-bb5b-eff1c81af7c7', '15704bf5-2929-4750-876d-7445e0ee839c']","['participant', 'participant']","['hexagon', 'hour-glass']","['hsla(6, 79%, 39%, 1.0)', 'hsla(189, 68%, 42%, 1.0)']","[[1.0, 0.20698311273391143], [0.20698311273391143, 1.0]]","{0: '', 1: 'A', 2: 'B'}",,2,after,"[True, True]","{'max': 21, 'min': 21, 'avg': 21.0, 'root': 12}","[-10, -10]","[128, 104]",sequential,chance,chance,"[1.0, 1.0]","[0.5, 1.0]","[0.5, 1.0]","[0.5, 1.0]","[0.625, 0.0]","[0.375, 0.0]",[[0]],[[1]],[[2]],"(0, 12)","(12, 21)","(12, 21)",{},{},{},"['A', 'B']",[],[],0,0,3,2,4,3,B,,,,,,,B,,,,,"{'rtype': 'select-node', 'rtimedn': 40.133, 'rtimeup': 40.133}",,,,,,,"{'rtype': 'select-node', 'rtimedn': 39.837, 'rtimeup': 39.837}",,,,
,,28,1,9,1733248456,BDG-051-1312,TREE-1.2-0.0-0.0,"['ae0f18e3-bbc9-412b-9d3b-37f49ff99550', '43ee29ea-4b55-4cdc-b2a0-40d4d7d8f141']","['participant', 'participant']","['moon', 'stop-sign']","['hsla(256, 55%, 43%, 1.0)', 'hsla(50, 96%, 59%, 1.0)']","[[1.0, 0.186444545869466], [0.186444545869466, 1.0]]","{0: '', 1: 'A', 2: 'B'}",,2,after,"[True, True]","{'max': 21, 'min': 21, 'avg': 21.0, 'root': 12}","[-10, -10]","[125, 108]",sequential,chance,chance,"[1.0, 1.0]","[0.5, 1.0]","[0.5, 1.0]","[0.5, 1.0]","[0.375, 0.0]","[0.625, 0.0]",[[0]],[[1]],[[2]],"(0, 12)","(12, 21)","(12, 21)",{},{},{},"['A', 'B']",[],[],0,0,1,3,1,2,B,,,,,,,A,,,,,"{'rtype': 'select-node', 'rtimedn': 39.62, 'rtimeup': 39.62}",,,,,,,"{'rtype': 'select-node', 'rtimedn': 40.054, 'rtimeup': 40.054}",,,,
,,28,2,9,1733248456,BDG-422-4253,TREE-1.2-0.0-0.0,"['a4108716-78db-4322-84e0-c54f5e34e8e9', '0b1c531d-63c5-4791-847a-c3aae2cc6407']","['participant', 'participant']","['two-triangle', 'teardrop']","['hsla(2, 98%, 38%, 1.0)', 'hsla(82, 100%, 37%, 1.0)']","[[1.0, 0.20698311273391143], [0.20698311273391143, 1.0]]","{0: '', 1: 'A', 2: 'B'}",,2,after,"[True, True]","{'max': 21, 'min': 21, 'avg': 21.0, 'root': 12}","[-10, -10]","[136, 139]",sequential,chance,chance,"[1.0, 1.0]","[0.5, 1.0]","[0.5, 1.0]","[0.5, 1.0]","[0.625, 0.0]","[0.375, 0.0]",[[0]],[[1]],[[2]],"(0, 12)","(12, 21)","(12, 21)",{},{},{},"['A', 'B']",[],[],0,0,4,2,5,3,B,,,,,,,B,,,,,"{'rtype': 'select-node', 'rtimedn': 39.847, 'rtimeup': 39.847}",,,,,,,"{'rtype': 'select-node', 'rtimedn': 39.867, 'rtimeup': 39.867}",,,,
,,28,3,9,1733248456,BDG-544-5245,TREE-1.2-0.0-0.0,"['db7d9540-da55-477e-8ad5-2be5182831db', '217d2378-37bb-4c23-8bf4-9ba78d98057c']","['participant', 'participant']","['dodecagon', 'lemon']","['hsla(143, 75%, 49%, 1.0)', 'hsla(259, 59%, 64%, 1.0)']","[[1.0, 0.186444545869466], [0.186444545869466, 1.0]]","{0: '', 1: 'A', 2: 'B'}",,1,after,"[True, True]","{'max': 21, 'min': 21, 'avg': 21.0, 'root': 12}","[-10, -10]","[150, 143]",sequential,chance,chance,"[1.0, 1.0]","[0.5, 1.0]","[0.5, 1.0]","[0.5, 1.0]","[0.625, 0.0]","[0.375, 0.0]",[[0]],[[1]],[[2]],"(0, 12)","(12, 21)","(12, 21)",{},{},{},"['A', 'B']",[],[],0,0,5,2,4,5,A,,,,,,,B,,,,,"{'rtype': 'select-node', 'rtimedn': 39.71, 'rtimeup': 39.71}",,,,,,,"{'rtype': 'select-node', 'rtimedn': 39.93, 'rtimeup': 39.93}",,,,
,,28,4,9,1733248456,BDG-109-1525,TREE-1.2-0.0-0.0,"['370e65e8-1c1d-4aa8-a2b1-c3033e2d6bc5', '343c5729-33c1-4072-84bc-ed3729393070']","['participant', 'participant']","['cross', 'flower']","['hsla(200, 87%, 49%, 1.0)', 'hsla(345, 94%, 48%, 1.0)']","[[1.0, 0.20698311273391143], [0.20698311273391143, 1.0]]","{0: '', 1: 'A', 2: 'B'}",,2,after,"[True, True]","{'max': 21, 'min': 21, 'avg': 21.0, 'root': 12}","[-10, -10]","[136, 139]",sequential,chance,chance,"[1.0, 1.0]","[0.5, 1.0]","[0.5, 1.0]","[0.5, 1.0]","[0.625, 0.0]","[0.375, 0.0]",[[0]],[[1]],[[2]],"(0, 12)","(12, 21)","(12, 21)",{},{},{},"['A', 'B']",[],[],0,0,1,5,2,5,B,,,,,,,A,,,,,"{'rtype': 'select-node', 'rtimedn': 38.558, 'rtimeup': 38.558}",,,,,,,"{'rtype': 'select-node', 'rtimedn': 40.006, 'rtimeup': 40.006}",,,,
,,29,0,9,1733248468,BDG-584-5425,TREE-1.2-0.0-0.0,"['15704bf5-2929-4750-876d-7445e0ee839c', '4e5b71b2-e421-4f67-bb5b-eff1c81af7c7']","['participant', 'participant']","['hour-glass', 'hexagon']","['hsla(189, 68%, 42%, 1.0)', 'hsla(6, 79%, 39%, 1.0)']","[[1.0, 0.20698311273391143], [0.20698311273391143, 1.0]]","{0: '', 1: 'A', 2: 'B'}",,1,after,"[True, True]","{'max': 21, 'min': 21, 'avg': 21.0, 'root': 12}","[-10, -10]","[104, 128]",sequential,chance,chance,"[1.0, 1.0]","[0.5, 1.0]","[0.5, 1.0]","[0.5, 1.0]","[0.375, 0.0]","[0.625, 0.0]",[[0]],[[1]],[[2]],"(0, 12)","(12, 21)","(12, 21)",{},{},{},"['A', 'B']",[],[],0,0,5,4,2,5,A,,,,,,,A,,,,,"{'rtype': 'select-node', 'rtimedn': 41.063, 'rtimeup': 41.063}",,,,,,,"{'rtype': 'select-node', 'rtimedn': 40.985, 'rtimeup': 40.985}",,,,
,,29,1,9,1733248466,BDG-363-3534,TREE-1.2-0.0-0.0,"['370e65e8-1c1d-4aa8-a2b1-c3033e2d6bc5', '0b1c531d-63c5-4791-847a-c3aae2cc6407']","['participant', 'participant']","['cross', 'teardrop']","['hsla(200, 87%, 49%, 1.0)', 'hsla(82, 100%, 37%, 1.0)']","[[1.0, 0.186444545869466], [0.186444545869466, 1.0]]","{0: '', 1: 'A', 2: 'B'}",,1,after,"[True, True]","{'max': 21, 'min': 21, 'avg': 21.0, 'root': 12}","[-10, -10]","[136, 139]",sequential,chance,chance,"[1.0, 1.0]","[0.5, 1.0]","[0.5, 1.0]","[0.5, 1.0]","[0.625, 0.0]","[0.375, 0.0]",[[0]],[[1]],[[2]],"(0, 12)","(12, 21)","(12, 21)",{},{},{},"['A', 'B']",[],[],0,0,3,5,3,4,A,,,,,,,A,,,,,"{'rtype': 'select-node', 'rtimedn': 39.696, 'rtimeup': 39.696}",,,,,,,"{'rtype': 'select-node', 'rtimedn': 41.051, 'rtimeup': 41.051}",,,,
,,29,2,9,1733248467,BDG-184-2325,TREE-1.2-0.0-0.0,"['ae0f18e3-bbc9-412b-9d3b-37f49ff99550', 'a4108716-78db-4322-84e0-c54f5e34e8e9']","['participant', 'participant']","['moon', 'two-triangle']","['hsla(256, 55%, 43%, 1.0)', 'hsla(2, 98%, 38%, 1.0)']","[[1.0, 0.10634413509812869], [0.10634413509812869, 1.0]]","{0: '', 1: 'A', 2: 'B'}",,2,after,"[True, True]","{'max': 21, 'min': 21, 'avg': 21.0, 'root': 12}","[-10, -10]","[125, 136]",sequential,chance,chance,"[1.0, 1.0]","[0.5, 1.0]","[0.5, 1.0]","[0.5, 1.0]","[0.625, 0.0]","[0.375, 0.0]",[[0]],[[1]],[[2]],"(0, 12)","(12, 21)","(12, 21)",{},{},{},"['A', 'B']",[],[],0,0,2,3,2,5,B,,,,,,,B,,,,,"{'rtype': 'select-node', 'rtimedn': 40.633, 'rtimeup': 40.633}",,,,,,,"{'rtype': 'select-node', 'rtimedn': 40.922, 'rtimeup': 40.922}",,,,
,,29,3,9,1733248469,BDG-491-4542,TREE-1.2-0.0-0.0,"['db7d9540-da55-477e-8ad5-2be5182831db', '217d2378-37bb-4c23-8bf4-9ba78d98057c']","['participant', 'participant']","['dodecagon', 'lemon']","['hsla(143, 75%, 49%, 1.0)', 'hsla(259, 59%, 64%, 1.0)']","[[1.0, 0.186444545869466], [0.186444545869466, 1.0]]","{0: '', 1: 'A', 2: 'B'}",,1,after,"[True, True]","{'max': 21, 'min': 21, 'avg': 21.0, 'root': 12}","[-10, -10]","[150, 143]",sequential,chance,chance,"[1.0, 1.0]","[0.5, 1.0]","[0.5, 1.0]","[0.5, 1.0]","[0.375, 0.0]","[0.625, 0.0]",[[0]],[[1]],[[2]],"(0, 12)","(12, 21)","(12, 21)",{},{},{},"['A', 'B']",[],[],0,0,4,5,4,2,A,,,,,,,A,,,,,"{'rtype': 'select-node', 'rtimedn': 41.132, 'rtimeup': 41.132}",,,,,,,"{'rtype': 'select-node', 'rtimedn': 40.887, 'rtimeup': 40.887}",,,,
,,29,4,9,1733248467,BDG-215-2441,TREE-1.2-0.0-0.0,"['343c5729-33c1-4072-84bc-ed3729393070', '43ee29ea-4b55-4cdc-b2a0-40d4d7d8f141']","['participant', 'participant']","['flower', 'stop-sign']","['hsla(345, 94%, 48%, 1.0)', 'hsla(50, 96%, 59%, 1.0)']","[[1.0, 0.0778183477863989], [0.0778183477863989, 1.0]]","{0: '', 1: 'A', 2: 'B'}",,2,after,"[True, True]","{'max': 21, 'min': 21, 'avg': 21.0, 'root': 12}","[-10, -10]","[139, 108]",sequential,chance,chance,"[1.0, 1.0]","[0.5, 1.0]","[0.5, 1.0]","[0.5, 1.0]","[0.625, 0.0]","[0.375, 0.0]",[[0]],[[1]],[[2]],"(0, 12)","(12, 21)","(12, 21)",{},{},{},"['A', 'B']",[],[],0,0,2,4,4,1,B,,,,,,,A,,,,,"{'rtype': 'select-node', 'rtimedn': 41.002, 'rtimeup': 41.002}",,,,,,,"{'rtype': 'select-node', 'rtimedn': 41.165, 'rtimeup': 41.165}",,,,
,,30,0,9,1733248477,BDG-243-2544,TREE-1.2-0.0-0.0,"['370e65e8-1c1d-4aa8-a2b1-c3033e2d6bc5', '43ee29ea-4b55-4cdc-b2a0-40d4d7d8f141']","['participant', 'participant']","['cross', 'stop-sign']","['hsla(200, 87%, 49%, 1.0)', 'hsla(50, 96%, 59%, 1.0)']","[[1.0, 0.127110908261068], [0.127110908261068, 1.0]]","{0: '', 1: 'A', 2: 'B'}",,2,after,"[True, True]","{'max': 21, 'min': 21, 'avg': 21.0, 'root': 12}","[-10, -10]","[136, 108]",sequential,chance,chance,"[1.0, 1.0]","[0.5, 1.0]","[0.5, 1.0]","[0.5, 1.0]","[0.625, 0.0]","[0.375, 0.0]",[[0]],[[1]],[[2]],"(0, 12)","(12, 21)","(12, 21)",{},{},{},"['A', 'B']",[],[],0,0,2,5,4,4,B,,,,,,,B,,,,,"{'rtype': 'select-node', 'rtimedn': 40.755, 'rtimeup': 40.755}",,,,,,,"{'rtype': 'select-node', 'rtimedn': 42.083, 'rtimeup': 42.083}",,,,
,,30,1,9,1733248478,BDG-481-4522,TREE-1.2-0.0-0.0,"['0b1c531d-63c5-4791-847a-c3aae2cc6407', '343c5729-33c1-4072-84bc-ed3729393070']","['participant', 'participant']","['teardrop', 'flower']","['hsla(82, 100%, 37%, 1.0)', 'hsla(345, 94%, 48%, 1.0)']","[[1.0, 0.16293929712460062], [0.16293929712460062, 1.0]]","{0: '', 1: 'A', 2: 'B'}",,1,after,"[True, True]","{'max': 21, 'min': 21, 'avg': 21.0, 'root': 12}","[-10, -10]","[139, 139]",sequential,chance,chance,"[1.0, 1.0]","[0.5, 1.0]","[0.5, 1.0]","[0.5, 1.0]","[0.375, 0.0]","[0.625, 0.0]",[[0]],[[1]],[[2]],"(0, 12)","(12, 21)","(12, 21)",{},{},{},"['A', 'B']",[],[],0,0,4,5,2,2,A,,,,,,,A,,,,,"{'rtype': 'select-node', 'rtimedn': 42.12, 'rtimeup': 42.12}",,,,,,,"{'rtype': 'select-node', 'rtimedn': 42.177, 'rtimeup': 42.177}",,,,
,,30,2,9,1733248479,BDG-422-4253,TREE-1.2-0.0-0.0,"['a4108716-78db-4322-84e0-c54f5e34e8e9', '4e5b71b2-e421-4f67-bb5b-eff1c81af7c7']","['participant', 'participant']","['two-triangle', 'hexagon']","['hsla(2, 98%, 38%, 1.0)', 'hsla(6, 79%, 39%, 1.0)']","[[1.0, 0.186444545869466], [0.186444545869466, 1.0]]","{0: '', 1: 'A', 2: 'B'}",,2,after,"[True, True]","{'max': 21, 'min': 21, 'avg': 21.0, 'root': 12}","[-10, -10]","[136, 128]",sequential,chance,chance,"[1.0, 1.0]","[0.5, 1.0]","[0.5, 1.0]","[0.5, 1.0]","[0.625, 0.0]","[0.375, 0.0]",[[0]],[[1]],[[2]],"(0, 12)","(12, 21)","(12, 21)",{},{},{},"['A', 'B']",[],[],0,0,4,2,5,3,B,,,,,,,B,,,,,"{'rtype': 'select-node', 'rtimedn': 42.161, 'rtimeup': 42.161}",,,,,,,"{'rtype': 'select-node', 'rtimedn': 42.198, 'rtimeup': 42.198}",,,,
,,30,3,9,1733248484,BDG-233-2524,TREE-1.2-0.0-0.0,"['ae0f18e3-bbc9-412b-9d3b-37f49ff99550', '217d2378-37bb-4c23-8bf4-9ba78d98057c']","['participant', 'participant']","['moon', 'lemon']","['hsla(256, 55%, 43%, 1.0)', 'hsla(259, 59%, 64%, 1.0)']","[[1.0, 0.054769511638521215], [0.054769511638521215, 1.0]]","{0: '', 1: 'A', 2: 'B'}",,2,after,"[True, True]","{'max': 21, 'min': 21, 'avg': 21.0, 'root': 12}","[-10, -10]","[125, 143]",sequential,chance,chance,"[1.0, 1.0]","[0.5, 1.0]","[0.5, 1.0]","[0.5, 1.0]","[0.625, 0.0]","[0.375, 0.0]",[[0]],[[1]],[[2]],"(0, 12)","(12, 21)","(12, 21)",{},{},{},"['A', 'B']",[],[],0,0,2,5,2,4,B,,,,,,,B,,,,,"{'rtype': None, 'rtimedn': 13, 'rtimeup': 13}",,,,,,,"{'rtype': 'select-node', 'rtimedn': 41.96, 'rtimeup': 41.96}",,,,
,,30,4,9,1733248480,BDG-514-5135,TREE-1.2-0.0-0.0,"['db7d9540-da55-477e-8ad5-2be5182831db', '15704bf5-2929-4750-876d-7445e0ee839c']","['participant', 'participant']","['dodecagon', 'hour-glass']","['hsla(143, 75%, 49%, 1.0)', 'hsla(189, 68%, 42%, 1.0)']","[[1.0, 0.052031036056595155], [0.052031036056595155, 1.0]]","{0: '', 1: 'A', 2: 'B'}",,2,after,"[True, True]","{'max': 21, 'min': 21, 'avg': 21.0, 'root': 12}","[-10, -10]","[150, 104]",sequential,chance,chance,"[1.0, 1.0]","[0.5, 1.0]","[0.5, 1.0]","[0.5, 1.0]","[0.375, 0.0]","[0.625, 0.0]",[[0]],[[1]],[[2]],"(0, 12)","(12, 21)","(12, 21)",{},{},{},"['A', 'B']",[],[],0,0,5,1,3,5,B,,,,,,,A,,,,,"{'rtype': 'select-node', 'rtimedn': 42.258, 'rtimeup': 42.258}",,,,,,,"{'rtype': 'select-node', 'rtimedn': 42.002, 'rtimeup': 42.002}",,,,
,,31,0,9,1733248491,BDG-600-5511,TREE-1.2-0.0-0.0,"['43ee29ea-4b55-4cdc-b2a0-40d4d7d8f141', 'ae0f18e3-bbc9-412b-9d3b-37f49ff99550']","['participant', 'participant']","['stop-sign', 'moon']","['hsla(50, 96%, 59%, 1.0)', 'hsla(256, 55%, 43%, 1.0)']","[[1.0, 0.186444545869466], [0.186444545869466, 1.0]]","{0: '', 1: 'A', 2: 'B'}",,1,after,"[True, True]","{'max': 21, 'min': 21, 'avg': 21.0, 'root': 12}","[-10, -10]","[108, 125]",sequential,chance,chance,"[1.0, 1.0]","[0.5, 1.0]","[0.5, 1.0]","[0.5, 1.0]","[0.375, 0.0]","[0.625, 0.0]",[[0]],[[1]],[[2]],"(0, 12)","(12, 21)","(12, 21)",{},{},{},"['A', 'B']",[],[],0,0,5,5,1,1,A,,,,,,,B,,,,,"{'rtype': 'select-node', 'rtimedn': 43.476, 'rtimeup': 43.476}",,,,,,,"{'rtype': 'select-node', 'rtimedn': 43.246, 'rtimeup': 43.246}",,,,
,,31,1,9,1733248494,BDG-082-1423,TREE-1.2-0.0-0.0,"['a4108716-78db-4322-84e0-c54f5e34e8e9', '4e5b71b2-e421-4f67-bb5b-eff1c81af7c7']","['participant', 'participant']","['two-triangle', 'hexagon']","['hsla(2, 98%, 38%, 1.0)', 'hsla(6, 79%, 39%, 1.0)']","[[1.0, 0.186444545869466], [0.186444545869466, 1.0]]","{0: '', 1: 'A', 2: 'B'}",,2,after,"[True, True]","{'max': 21, 'min': 21, 'avg': 21.0, 'root': 12}","[-10, -10]","[136, 128]",sequential,chance,chance,"[1.0, 1.0]","[0.5, 1.0]","[0.5, 1.0]","[0.5, 1.0]","[0.625, 0.0]","[0.375, 0.0]",[[0]],[[1]],[[2]],"(0, 12)","(12, 21)","(12, 21)",{},{},{},"['A', 'B']",[],[],0,0,1,4,2,3,B,,,,,,,B,,,,,"{'rtype': 'select-node', 'rtimedn': 43.383, 'rtimeup': 43.383}",,,,,,,"{'rtype': 'select-node', 'rtimedn': 43.82, 'rtimeup': 43.82}",,,,
,,31,2,9,1733248491,BDG-089-1435,TREE-1.2-0.0-0.0,"['370e65e8-1c1d-4aa8-a2b1-c3033e2d6bc5', '217d2378-37bb-4c23-8bf4-9ba78d98057c']","['participant', 'participant']","['cross', 'lemon']","['hsla(200, 87%, 49%, 1.0)', 'hsla(259, 59%, 64%, 1.0)']","[[1.0, 0.10634413509812869], [0.10634413509812869, 1.0]]","{0: '', 1: 'A', 2: 'B'}",,2,after,"[True, True]","{'max': 21, 'min': 21, 'avg': 21.0, 'root': 12}","[-10, -10]","[136, 143]",sequential,chance,chance,"[1.0, 1.0]","[0.5, 1.0]","[0.5, 1.0]","[0.5, 1.0]","[0.625, 0.0]","[0.375, 0.0]",[[0]],[[1]],[[2]],"(0, 12)","(12, 21)","(12, 21)",{},{},{},"['A', 'B']",[],[],0,0,1,4,3,5,B,,,,,,,B,,,,,"{'rtype': 'select-node', 'rtimedn': 42.238, 'rtimeup': 42.238}",,,,,,,"{'rtype': 'select-node', 'rtimedn': 43.45, 'rtimeup': 43.45}",,,,
,,31,3,9,1733248492,BDG-099-1455,TREE-1.2-0.0-0.0,"['0b1c531d-63c5-4791-847a-c3aae2cc6407', '343c5729-33c1-4072-84bc-ed3729393070']","['participant', 'participant']","['teardrop', 'flower']","['hsla(82, 100%, 37%, 1.0)', 'hsla(345, 94%, 48%, 1.0)']","[[1.0, 0.16293929712460062], [0.16293929712460062, 1.0]]","{0: '', 1: 'A', 2: 'B'}",,2,after,"[True, True]","{'max': 21, 'min': 21, 'avg': 21.0, 'root': 12}","[-10, -10]","[139, 139]",sequential,chance,chance,"[1.0, 1.0]","[0.5, 1.0]","[0.5, 1.0]","[0.5, 1.0]","[0.375, 0.0]","[0.625, 0.0]",[[0]],[[1]],[[2]],"(0, 12)","(12, 21)","(12, 21)",{},{},{},"['A', 'B']",[],[],0,0,1,4,5,5,B,,,,,,,B,,,,,"{'rtype': 'select-node', 'rtimedn': 43.632, 'rtimeup': 43.632}",,,,,,,"{'rtype': 'select-node', 'rtimedn': 43.561, 'rtimeup': 43.561}",,,,
,,31,4,9,1733248491,BDG-504-5115,TREE-1.2-0.0-0.0,"['db7d9540-da55-477e-8ad5-2be5182831db', '15704bf5-2929-4750-876d-7445e0ee839c']","['participant', 'participant']","['dodecagon', 'hour-glass']","['hsla(143, 75%, 49%, 1.0)', 'hsla(189, 68%, 42%, 1.0)']","[[1.0, 0.052031036056595155], [0.052031036056595155, 1.0]]","{0: '', 1: 'A', 2: 'B'}",,1,after,"[True, True]","{'max': 21, 'min': 21, 'avg': 21.0, 'root': 12}","[-10, -10]","[150, 104]",sequential,chance,chance,"[1.0, 1.0]","[0.5, 1.0]","[0.5, 1.0]","[0.5, 1.0]","[0.375, 0.0]","[0.625, 0.0]",[[0]],[[1]],[[2]],"(0, 12)","(12, 21)","(12, 21)",{},{},{},"['A', 'B']",[],[],0,0,5,1,1,5,A,,,,,,,A,,,,,"{'rtype': 'select-node', 'rtimedn': 43.36, 'rtimeup': 43.36}",,,,,,,"{'rtype': 'select-node', 'rtimedn': 43.224, 'rtimeup': 43.224}",,,,
,,32,0,9,1733248505,BDG-051-1312,TREE-1.2-0.0-0.0,"['0b1c531d-63c5-4791-847a-c3aae2cc6407', 'db7d9540-da55-477e-8ad5-2be5182831db']","['participant', 'participant']","['teardrop', 'dodecagon']","['hsla(82, 100%, 37%, 1.0)', 'hsla(143, 75%, 49%, 1.0)']","[[1.0, 0.127110908261068], [0.127110908261068, 1.0]]","{0: '', 1: 'A', 2: 'B'}",,1,after,"[True, True]","{'max': 21, 'min': 21, 'avg': 21.0, 'root': 12}","[-10, -10]","[139, 150]",sequential,chance,chance,"[1.0, 1.0]","[0.5, 1.0]","[0.5, 1.0]","[0.5, 1.0]","[0.375, 0.0]","[0.625, 0.0]",[[0]],[[1]],[[2]],"(0, 12)","(12, 21)","(12, 21)",{},{},{},"['A', 'B']",[],[],0,0,1,3,1,2,A,,,,,,,A,,,,,"{'rtype': 'select-node', 'rtimedn': 44.571, 'rtimeup': 44.571}",,,,,,,"{'rtype': 'select-node', 'rtimedn': 44.741, 'rtimeup': 44.741}",,,,
,,32,1,9,1733248506,BDG-003-1114,TREE-1.2-0.0-0.0,"['4e5b71b2-e421-4f67-bb5b-eff1c81af7c7', '217d2378-37bb-4c23-8bf4-9ba78d98057c']","['participant', 'participant']","['hexagon', 'lemon']","['hsla(6, 79%, 39%, 1.0)', 'hsla(259, 59%, 64%, 1.0)']","[[1.0, 0.0778183477863989], [0.0778183477863989, 1.0]]","{0: '', 1: 'A', 2: 'B'}",,2,after,"[True, True]","{'max': 21, 'min': 21, 'avg': 21.0, 'root': 12}","[-10, -10]","[128, 143]",sequential,chance,chance,"[1.0, 1.0]","[0.5, 1.0]","[0.5, 1.0]","[0.5, 1.0]","[0.375, 0.0]","[0.625, 0.0]",[[0]],[[1]],[[2]],"(0, 12)","(12, 21)","(12, 21)",{},{},{},"['A', 'B']",[],[],0,0,1,1,1,4,B,,,,,,,B,,,,,"{'rtype': 'select-node', 'rtimedn': 44.729, 'rtimeup': 44.729}",,,,,,,"{'rtype': 'select-node', 'rtimedn': 44.888, 'rtimeup': 44.888}",,,,
,,32,2,9,1733248502,BDG-325-3411,TREE-1.2-0.0-0.0,"['ae0f18e3-bbc9-412b-9d3b-37f49ff99550', '15704bf5-2929-4750-876d-7445e0ee839c']","['participant', 'participant']","['moon', 'hour-glass']","['hsla(256, 55%, 43%, 1.0)', 'hsla(189, 68%, 42%, 1.0)']","[[1.0, 0.127110908261068], [0.127110908261068, 1.0]]","{0: '', 1: 'A', 2: 'B'}",,1,after,"[True, True]","{'max': 21, 'min': 21, 'avg': 21.0, 'root': 12}","[-10, -10]","[125, 104]",sequential,chance,chance,"[1.0, 1.0]","[0.5, 1.0]","[0.5, 1.0]","[0.5, 1.0]","[0.375, 0.0]","[0.625, 0.0]",[[0]],[[1]],[[2]],"(0, 12)","(12, 21)","(12, 21)",{},{},{},"['A', 'B']",[],[],0,0,3,4,1,1,A,,,,,,,A,,,,,"{'rtype': 'select-node', 'rtimedn': 44.329, 'rtimeup': 44.329}",,,,,,,"{'rtype': 'select-node', 'rtimedn': 44.442, 'rtimeup': 44.442}",,,,
,,32,3,9,1733248507,BDG-402-4213,TREE-1.2-0.0-0.0,"['a4108716-78db-4322-84e0-c54f5e34e8e9', '43ee29ea-4b55-4cdc-b2a0-40d4d7d8f141']","['participant', 'participant']","['two-triangle', 'stop-sign']","['hsla(2, 98%, 38%, 1.0)', 'hsla(50, 96%, 59%, 1.0)']","[[1.0, 0.16293929712460062], [0.16293929712460062, 1.0]]","{0: '', 1: 'A', 2: 'B'}",,1,after,"[True, True]","{'max': 21, 'min': 21, 'avg': 21.0, 'root': 12}","[-10, -10]","[136, 108]",sequential,chance,chance,"[1.0, 1.0]","[0.5, 1.0]","[0.5, 1.0]","[0.5, 1.0]","[0.375, 0.0]","[0.625, 0.0]",[[0]],[[1]],[[2]],"(0, 12)","(12, 21)","(12, 21)",{},{},{},"['A', 'B']",[],[],0,0,4,2,1,3,A,,,,,,,A,,,,,"{'rtype': 'select-node', 'rtimedn': 44.392, 'rtimeup': 44.392}",,,,,,,"{'rtype': 'select-node', 'rtimedn': 45.095, 'rtimeup': 45.095}",,,,
,,32,4,9,1733248502,BDG-400-4211,TREE-1.2-0.0-0.0,"['343c5729-33c1-4072-84bc-ed3729393070', '370e65e8-1c1d-4aa8-a2b1-c3033e2d6bc5']","['participant', 'participant']","['flower', 'cross']","['hsla(345, 94%, 48%, 1.0)', 'hsla(200, 87%, 49%, 1.0)']","[[1.0, 0.20698311273391143], [0.20698311273391143, 1.0]]","{0: '', 1: 'A', 2: 'B'}",,1,after,"[True, True]","{'max': 21, 'min': 21, 'avg': 21.0, 'root': 12}","[-10, -10]","[139, 136]",sequential,chance,chance,"[1.0, 1.0]","[0.5, 1.0]","[0.5, 1.0]","[0.5, 1.0]","[0.625, 0.0]","[0.375, 0.0]",[[0]],[[1]],[[2]],"(0, 12)","(12, 21)","(12, 21)",{},{},{},"['A', 'B']",[],[],0,0,4,2,1,1,A,,,,,,,A,,,,,"{'rtype': 'select-node', 'rtimedn': 44.64, 'rtimeup': 44.64}",,,,,,,"{'rtype': 'select-node', 'rtimedn': 43.279, 'rtimeup': 43.279}",,,,
,,33,0,9,1733248516,BDG-367-3543,TREE-1.2-0.0-0.0,"['ae0f18e3-bbc9-412b-9d3b-37f49ff99550', 'db7d9540-da55-477e-8ad5-2be5182831db']","['participant', 'participant']","['moon', 'dodecagon']","['hsla(256, 55%, 43%, 1.0)', 'hsla(143, 75%, 49%, 1.0)']","[[1.0, 0.20698311273391143], [0.20698311273391143, 1.0]]","{0: '', 1: 'A', 2: 'B'}",,1,after,"[True, True]","{'max': 21, 'min': 21, 'avg': 21.0, 'root': 12}","[-10, -10]","[125, 150]",sequential,chance,chance,"[1.0, 1.0]","[0.5, 1.0]","[0.5, 1.0]","[0.5, 1.0]","[0.375, 0.0]","[0.625, 0.0]",[[0]],[[1]],[[2]],"(0, 12)","(12, 21)","(12, 21)",{},{},{},"['A', 'B']",[],[],0,0,3,5,4,3,A,,,,,,,A,,,,,"{'rtype': 'select-node', 'rtimedn': 45.549, 'rtimeup': 45.549}",,,,,,,"{'rtype': 'select-node', 'rtimedn': 45.844, 'rtimeup': 45.844}",,,,
,,33,1,9,1733248517,BDG-485-4531,TREE-1.2-0.0-0.0,"['15704bf5-2929-4750-876d-7445e0ee839c', '343c5729-33c1-4072-84bc-ed3729393070']","['participant', 'participant']","['hour-glass', 'flower']","['hsla(189, 68%, 42%, 1.0)', 'hsla(345, 94%, 48%, 1.0)']","[[1.0, 0.186444545869466], [0.186444545869466, 1.0]]","{0: '', 1: 'A', 2: 'B'}",,1,after,"[True, True]","{'max': 21, 'min': 21, 'avg': 21.0, 'root': 12}","[-10, -10]","[104, 139]",sequential,chance,chance,"[1.0, 1.0]","[0.5, 1.0]","[0.5, 1.0]","[0.5, 1.0]","[0.625, 0.0]","[0.375, 0.0]",[[0]],[[1]],[[2]],"(0, 12)","(12, 21)","(12, 21)",{},{},{},"['A', 'B']",[],[],0,0,4,5,3,1,A,,,,,,,A,,,,,"{'rtype': 'select-node', 'rtimedn': 45.915, 'rtimeup': 45.915}",,,,,,,"{'rtype': 'select-node', 'rtimedn': 45.849, 'rtimeup': 45.849}",,,,
,,33,2,9,1733248517,BDG-616-5542,TREE-1.2-0.0-0.0,"['a4108716-78db-4322-84e0-c54f5e34e8e9', '0b1c531d-63c5-4791-847a-c3aae2cc6407']","['participant', 'participant']","['two-triangle', 'teardrop']","['hsla(2, 98%, 38%, 1.0)', 'hsla(82, 100%, 37%, 1.0)']","[[1.0, 0.20698311273391143], [0.20698311273391143, 1.0]]","{0: '', 1: 'A', 2: 'B'}",,1,after,"[True, True]","{'max': 21, 'min': 21, 'avg': 21.0, 'root': 12}","[-10, -10]","[136, 139]",sequential,chance,chance,"[1.0, 1.0]","[0.5, 1.0]","[0.5, 1.0]","[0.5, 1.0]","[0.625, 0.0]","[0.375, 0.0]",[[0]],[[1]],[[2]],"(0, 12)","(12, 21)","(12, 21)",{},{},{},"['A', 'B']",[],[],0,0,5,5,4,2,A,,,,,,,B,,,,,"{'rtype': 'select-node', 'rtimedn': 45.751, 'rtimeup': 45.751}",,,,,,,"{'rtype': 'select-node', 'rtimedn': 46.116, 'rtimeup': 46.116}",,,,
,,33,3,9,1733248516,BDG-617-5543,TREE-1.2-0.0-0.0,"['370e65e8-1c1d-4aa8-a2b1-c3033e2d6bc5', '4e5b71b2-e421-4f67-bb5b-eff1c81af7c7']","['participant', 'participant']","['cross', 'hexagon']","['hsla(200, 87%, 49%, 1.0)', 'hsla(6, 79%, 39%, 1.0)']","[[1.0, 0.054769511638521215], [0.054769511638521215, 1.0]]","{0: '', 1: 'A', 2: 'B'}",,1,after,"[True, True]","{'max': 21, 'min': 21, 'avg': 21.0, 'root': 12}","[-10, -10]","[136, 128]",sequential,chance,chance,"[1.0, 1.0]","[0.5, 1.0]","[0.5, 1.0]","[0.5, 1.0]","[0.625, 0.0]","[0.375, 0.0]",[[0]],[[1]],[[2]],"(0, 12)","(12, 21)","(12, 21)",{},{},{},"['A', 'B']",[],[],0,0,5,5,4,3,A,,,,,,,A,,,,,"{'rtype': 'select-node', 'rtimedn': 44.65, 'rtimeup': 44.65}",,,,,,,"{'rtype': 'select-node', 'rtimedn': 46.002, 'rtimeup': 46.002}",,,,
,,33,4,9,1733248516,BDG-117-1543,TREE-1.2-0.0-0.0,"['217d2378-37bb-4c23-8bf4-9ba78d98057c', '43ee29ea-4b55-4cdc-b2a0-40d4d7d8f141']","['participant', 'participant']","['lemon', 'stop-sign']","['hsla(259, 59%, 64%, 1.0)', 'hsla(50, 96%, 59%, 1.0)']","[[1.0, 0.20698311273391143], [0.20698311273391143, 1.0]]","{0: '', 1: 'A', 2: 'B'}",,2,after,"[True, True]","{'max': 21, 'min': 21, 'avg': 21.0, 'root': 12}","[-10, -10]","[143, 108]",sequential,chance,chance,"[1.0, 1.0]","[0.5, 1.0]","[0.5, 1.0]","[0.5, 1.0]","[0.375, 0.0]","[0.625, 0.0]",[[0]],[[1]],[[2]],"(0, 12)","(12, 21)","(12, 21)",{},{},{},"['A', 'B']",[],[],0,0,1,5,4,3,B,,,,,,,B,,,,,"{'rtype': 'select-node', 'rtimedn': 45.896, 'rtimeup': 45.896}",,,,,,,"{'rtype': 'select-node', 'rtimedn': 45.872, 'rtimeup': 45.872}",,,,
,,34,0,9,1733248529,BDG-264-3135,TREE-1.2-0.0-0.0,"['43ee29ea-4b55-4cdc-b2a0-40d4d7d8f141', '0b1c531d-63c5-4791-847a-c3aae2cc6407']","['participant', 'participant']","['stop-sign', 'teardrop']","['hsla(50, 96%, 59%, 1.0)', 'hsla(82, 100%, 37%, 1.0)']","[[1.0, 0.025559105431309903], [0.025559105431309903, 1.0]]","{0: '', 1: 'A', 2: 'B'}",,2,after,"[True, True]","{'max': 21, 'min': 21, 'avg': 21.0, 'root': 12}","[-10, -10]","[108, 139]",sequential,chance,chance,"[1.0, 1.0]","[0.5, 1.0]","[0.5, 1.0]","[0.5, 1.0]","[0.375, 0.0]","[0.625, 0.0]",[[0]],[[1]],[[2]],"(0, 12)","(12, 21)","(12, 21)",{},{},{},"['A', 'B']",[],[],0,0,3,1,3,5,B,,,,,,,B,,,,,"{'rtype': 'select-node', 'rtimedn': 47.33, 'rtimeup': 47.33}",,,,,,,"{'rtype': 'select-node', 'rtimedn': 47.039, 'rtimeup': 47.039}",,,,
,,34,1,9,1733248527,BDG-573-5354,TREE-1.2-0.0-0.0,"['4e5b71b2-e421-4f67-bb5b-eff1c81af7c7', 'db7d9540-da55-477e-8ad5-2be5182831db']","['participant', 'participant']","['hexagon', 'dodecagon']","['hsla(6, 79%, 39%, 1.0)', 'hsla(143, 75%, 49%, 1.0)']","[[1.0, 0.16293929712460062], [0.16293929712460062, 1.0]]","{0: '', 1: 'A', 2: 'B'}",,2,after,"[True, True]","{'max': 21, 'min': 21, 'avg': 21.0, 'root': 12}","[-10, -10]","[128, 150]",sequential,chance,chance,"[1.0, 1.0]","[0.5, 1.0]","[0.5, 1.0]","[0.5, 1.0]","[0.625, 0.0]","[0.375, 0.0]",[[0]],[[1]],[[2]],"(0, 12)","(12, 21)","(12, 21)",{},{},{},"['A', 'B']",[],[],0,0,5,3,5,4,B,,,,,,,B,,,,,"{'rtype': 'select-node', 'rtimedn': 47.142, 'rtimeup': 47.142}",,,,,,,"{'rtype': 'select-node', 'rtimedn': 46.991, 'rtimeup': 46.991}",,,,
,,34,2,9,1733248526,BDG-602-5513,TREE-1.2-0.0-0.0,"['a4108716-78db-4322-84e0-c54f5e34e8e9', '217d2378-37bb-4c23-8bf4-9ba78d98057c']","['participant', 'participant']","['two-triangle', 'lemon']","['hsla(2, 98%, 38%, 1.0)', 'hsla(259, 59%, 64%, 1.0)']","[[1.0, 0.127110908261068], [0.127110908261068, 1.0]]","{0: '', 1: 'A', 2: 'B'}",,1,after,"[True, True]","{'max': 21, 'min': 21, 'avg': 21.0, 'root': 12}","[-10, -10]","[136, 143]",sequential,chance,chance,"[1.0, 1.0]","[0.5, 1.0]","[0.5, 1.0]","[0.5, 1.0]","[0.625, 0.0]","[0.375, 0.0]",[[0]],[[1]],[[2]],"(0, 12)","(12, 21)","(12, 21)",{},{},{},"['A', 'B']",[],[],0,0,5,5,1,3,A,,,,,,,A,,,,,"{'rtype': 'select-node', 'rtimedn': 46.843, 'rtimeup': 46.843}",,,,,,,"{'rtype': 'select-node', 'rtimedn': 46.954, 'rtimeup': 46.954}",,,,
,,34,3,9,1733248527,BDG-096-1452,TREE-1.2-0.0-0.0,"['370e65e8-1c1d-4aa8-a2b1-c3033e2d6bc5', 'ae0f18e3-bbc9-412b-9d3b-37f49ff99550']","['participant', 'participant']","['cross', 'moon']","['hsla(200, 87%, 49%, 1.0)', 'hsla(256, 55%, 43%, 1.0)']","[[1.0, 0.16293929712460062], [0.16293929712460062, 1.0]]","{0: '', 1: 'A', 2: 'B'}",,2,after,"[True, True]","{'max': 21, 'min': 21, 'avg': 21.0, 'root': 12}","[-10, -10]","[136, 125]",sequential,chance,chance,"[1.0, 1.0]","[0.5, 1.0]","[0.5, 1.0]","[0.5, 1.0]","[0.625, 0.0]","[0.375, 0.0]",[[0]],[[1]],[[2]],"(0, 12)","(12, 21)","(12, 21)",{},{},{},"['A', 'B']",[],[],0,0,1,4,5,2,B,,,,,,,B,,,,,"{'rtype': 'select-node', 'rtimedn': 45.794, 'rtimeup': 45.794}",,,,,,,"{'rtype': 'select-node', 'rtimedn': 46.594, 'rtimeup': 46.594}",,,,
,,34,4,9,1733248528,BDG-055-1321,TREE-1.2-0.0-0.0,"['343c5729-33c1-4072-84bc-ed3729393070', '15704bf5-2929-4750-876d-7445e0ee839c']","['participant', 'participant']","['flower', 'hour-glass']","['hsla(345, 94%, 48%, 1.0)', 'hsla(189, 68%, 42%, 1.0)']","[[1.0, 0.186444545869466], [0.186444545869466, 1.0]]","{0: '', 1: 'A', 2: 'B'}",,2,after,"[True, True]","{'max': 21, 'min': 21, 'avg': 21.0, 'root': 12}","[-10, -10]","[139, 104]",sequential,chance,chance,"[1.0, 1.0]","[0.5, 1.0]","[0.5, 1.0]","[0.5, 1.0]","[0.375, 0.0]","[0.625, 0.0]",[[0]],[[1]],[[2]],"(0, 12)","(12, 21)","(12, 21)",{},{},{},"['A', 'B']",[],[],0,0,1,3,2,1,B,,,,,,,A,,,,,"{'rtype': 'select-node', 'rtimedn': 47.14, 'rtimeup': 47.14}",,,,,,,"{'rtype': 'select-node', 'rtimedn': 46.98, 'rtimeup': 46.98}",,,,
,,35,0,9,1733248539,BDG-424-4255,TREE-1.2-0.0-0.0,"['a4108716-78db-4322-84e0-c54f5e34e8e9', '0b1c531d-63c5-4791-847a-c3aae2cc6407']","['participant', 'participant']","['two-triangle', 'teardrop']","['hsla(2, 98%, 38%, 1.0)', 'hsla(82, 100%, 37%, 1.0)']","[[1.0, 0.20698311273391143], [0.20698311273391143, 1.0]]","{0: '', 1: 'A', 2: 'B'}",,2,after,"[True, True]","{'max': 21, 'min': 21, 'avg': 21.0, 'root': 12}","[-10, -10]","[136, 139]",sequential,chance,chance,"[1.0, 1.0]","[0.5, 1.0]","[0.5, 1.0]","[0.5, 1.0]","[0.375, 0.0]","[0.625, 0.0]",[[0]],[[1]],[[2]],"(0, 12)","(12, 21)","(12, 21)",{},{},{},"['A', 'B']",[],[],0,0,4,2,5,5,B,,,,,,,B,,,,,"{'rtype': 'select-node', 'rtimedn': 48.168, 'rtimeup': 48.168}",,,,,,,"{'rtype': 'select-node', 'rtimedn': 48.244, 'rtimeup': 48.244}",,,,
,,35,1,9,1733248539,BDG-048-1254,TREE-1.2-0.0-0.0,"['ae0f18e3-bbc9-412b-9d3b-37f49ff99550', 'db7d9540-da55-477e-8ad5-2be5182831db']","['participant', 'participant']","['moon', 'dodecagon']","['hsla(256, 55%, 43%, 1.0)', 'hsla(143, 75%, 49%, 1.0)']","[[1.0, 0.20698311273391143], [0.20698311273391143, 1.0]]","{0: '', 1: 'A', 2: 'B'}",,2,after,"[True, True]","{'max': 21, 'min': 21, 'avg': 21.0, 'root': 12}","[-10, -10]","[125, 150]",sequential,chance,chance,"[1.0, 1.0]","[0.5, 1.0]","[0.5, 1.0]","[0.5, 1.0]","[0.375, 0.0]","[0.625, 0.0]",[[0]],[[1]],[[2]],"(0, 12)","(12, 21)","(12, 21)",{},{},{},"['A', 'B']",[],[],0,0,1,2,5,4,B,,,,,,,B,,,,,"{'rtype': 'select-node', 'rtimedn': 47.764, 'rtimeup': 47.764}",,,,,,,"{'rtype': 'select-node', 'rtimedn': 48.113, 'rtimeup': 48.113}",,,,
,,35,2,9,1733248539,BDG-488-4534,TREE-1.2-0.0-0.0,"['343c5729-33c1-4072-84bc-ed3729393070', '370e65e8-1c1d-4aa8-a2b1-c3033e2d6bc5']","['participant', 'participant']","['flower', 'cross']","['hsla(345, 94%, 48%, 1.0)', 'hsla(200, 87%, 49%, 1.0)']","[[1.0, 0.20698311273391143], [0.20698311273391143, 1.0]]","{0: '', 1: 'A', 2: 'B'}",,1,after,"[True, True]","{'max': 21, 'min': 21, 'avg': 21.0, 'root': 12}","[-10, -10]","[139, 136]",sequential,chance,chance,"[1.0, 1.0]","[0.5, 1.0]","[0.5, 1.0]","[0.5, 1.0]","[0.625, 0.0]","[0.375, 0.0]",[[0]],[[1]],[[2]],"(0, 12)","(12, 21)","(12, 21)",{},{},{},"['A', 'B']",[],[],0,0,4,5,3,4,A,,,,,,,A,,,,,"{'rtype': 'select-node', 'rtimedn': 48.325, 'rtimeup': 48.325}",,,,,,,"{'rtype': 'select-node', 'rtimedn': 46.92, 'rtimeup': 46.92}",,,,
,,35,3,9,1733248542,BDG-225-2511,TREE-1.2-0.0-0.0,"['4e5b71b2-e421-4f67-bb5b-eff1c81af7c7', '15704bf5-2929-4750-876d-7445e0ee839c']","['participant', 'participant']","['hexagon', 'hour-glass']","['hsla(6, 79%, 39%, 1.0)', 'hsla(189, 68%, 42%, 1.0)']","[[1.0, 0.20698311273391143], [0.20698311273391143, 1.0]]","{0: '', 1: 'A', 2: 'B'}",,1,after,"[True, True]","{'max': 21, 'min': 21, 'avg': 21.0, 'root': 12}","[-10, -10]","[128, 104]",sequential,chance,chance,"[1.0, 1.0]","[0.5, 1.0]","[0.5, 1.0]","[0.5, 1.0]","[0.375, 0.0]","[0.625, 0.0]",[[0]],[[1]],[[2]],"(0, 12)","(12, 21)","(12, 21)",{},{},{},"['A', 'B']",[],[],0,0,2,5,1,1,A,,,,,,,B,,,,,"{'rtype': 'select-node', 'rtimedn': 48.241, 'rtimeup': 48.241}",,,,,,,"{'rtype': 'select-node', 'rtimedn': 48.439, 'rtimeup': 48.439}",,,,
,,35,4,9,1733248539,BDG-394-4145,TREE-1.2-0.0-0.0,"['43ee29ea-4b55-4cdc-b2a0-40d4d7d8f141', '217d2378-37bb-4c23-8bf4-9ba78d98057c']","['participant', 'participant']","['stop-sign', 'lemon']","['hsla(50, 96%, 59%, 1.0)', 'hsla(259, 59%, 64%, 1.0)']","[[1.0, 0.20698311273391143], [0.20698311273391143, 1.0]]","{0: '', 1: 'A', 2: 'B'}",,1,after,"[True, True]","{'max': 21, 'min': 21, 'avg': 21.0, 'root': 12}","[-10, -10]","[108, 143]",sequential,chance,chance,"[1.0, 1.0]","[0.5, 1.0]","[0.5, 1.0]","[0.5, 1.0]","[0.625, 0.0]","[0.375, 0.0]",[[0]],[[1]],[[2]],"(0, 12)","(12, 21)","(12, 21)",{},{},{},"['A', 'B']",[],[],0,0,4,1,4,5,A,,,,,,,B,,,,,"{'rtype': 'select-node', 'rtimedn': 48.346, 'rtimeup': 48.346}",,,,,,,"{'rtype': 'select-node', 'rtimedn': 48.159, 'rtimeup': 48.159}",,,,
,,36,0,9,1733248552,BDG-168-2244,TREE-1.2-0.0-0.0,"['ae0f18e3-bbc9-412b-9d3b-37f49ff99550', 'a4108716-78db-4322-84e0-c54f5e34e8e9']","['participant', 'participant']","['moon', 'two-triangle']","['hsla(256, 55%, 43%, 1.0)', 'hsla(2, 98%, 38%, 1.0)']","[[1.0, 0.10634413509812869], [0.10634413509812869, 1.0]]","{0: '', 1: 'A', 2: 'B'}",,2,after,"[True, True]","{'max': 21, 'min': 21, 'avg': 21.0, 'root': 12}","[-10, -10]","[125, 136]",sequential,chance,chance,"[1.0, 1.0]","[0.5, 1.0]","[0.5, 1.0]","[0.5, 1.0]","[0.375, 0.0]","[0.625, 0.0]",[[0]],[[1]],[[2]],"(0, 12)","(12, 21)","(12, 21)",{},{},{},"['A', 'B']",[],[],0,0,2,2,4,4,B,,,,,,,B,,,,,"{'rtype': 'select-node', 'rtimedn': 49.346, 'rtimeup': 49.346}",,,,,,,"{'rtype': 'select-node', 'rtimedn': 49.358, 'rtimeup': 49.358}",,,,
,,36,1,9,1733248555,BDG-494-4545,TREE-1.2-0.0-0.0,"['4e5b71b2-e421-4f67-bb5b-eff1c81af7c7', '15704bf5-2929-4750-876d-7445e0ee839c']","['participant', 'participant']","['hexagon', 'hour-glass']","['hsla(6, 79%, 39%, 1.0)', 'hsla(189, 68%, 42%, 1.0)']","[[1.0, 0.20698311273391143], [0.20698311273391143, 1.0]]","{0: '', 1: 'A', 2: 'B'}",,1,after,"[True, True]","{'max': 21, 'min': 21, 'avg': 21.0, 'root': 12}","[-10, -10]","[128, 104]",sequential,chance,chance,"[1.0, 1.0]","[0.5, 1.0]","[0.5, 1.0]","[0.5, 1.0]","[0.375, 0.0]","[0.625, 0.0]",[[0]],[[1]],[[2]],"(0, 12)","(12, 21)","(12, 21)",{},{},{},"['A', 'B']",[],[],0,0,4,5,4,5,A,,,,,,,A,,,,,"{'rtype': 'select-node', 'rtimedn': 49.554, 'rtimeup': 49.554}",,,,,,,"{'rtype': 'select-node', 'rtimedn': 49.734, 'rtimeup': 49.734}",,,,
,,36,2,9,1733248551,BDG-420-4251,TREE-1.2-0.0-0.0,"['217d2378-37bb-4c23-8bf4-9ba78d98057c', '343c5729-33c1-4072-84bc-ed3729393070']","['participant', 'participant']","['lemon', 'flower']","['hsla(259, 59%, 64%, 1.0)', 'hsla(345, 94%, 48%, 1.0)']","[[1.0, 0.025559105431309903], [0.025559105431309903, 1.0]]","{0: '', 1: 'A', 2: 'B'}",,1,after,"[True, True]","{'max': 21, 'min': 21, 'avg': 21.0, 'root': 12}","[-10, -10]","[143, 139]",sequential,chance,chance,"[1.0, 1.0]","[0.5, 1.0]","[0.5, 1.0]","[0.5, 1.0]","[0.625, 0.0]","[0.375, 0.0]",[[0]],[[1]],[[2]],"(0, 12)","(12, 21)","(12, 21)",{},{},{},"['A', 'B']",[],[],0,0,4,2,5,1,A,,,,,,,A,,,,,"{'rtype': 'select-node', 'rtimedn': 49.352, 'rtimeup': 49.352}",,,,,,,"{'rtype': 'select-node', 'rtimedn': 49.518, 'rtimeup': 49.518}",,,,
,,36,3,9,1733248552,BDG-065-1341,TREE-1.2-0.0-0.0,"['43ee29ea-4b55-4cdc-b2a0-40d4d7d8f141', 'db7d9540-da55-477e-8ad5-2be5182831db']","['participant', 'participant']","['stop-sign', 'dodecagon']","['hsla(50, 96%, 59%, 1.0)', 'hsla(143, 75%, 49%, 1.0)']","[[1.0, 0.054769511638521215], [0.054769511638521215, 1.0]]","{0: '', 1: 'A', 2: 'B'}",,2,after,"[True, True]","{'max': 21, 'min': 21, 'avg': 21.0, 'root': 12}","[-10, -10]","[108, 150]",sequential,chance,chance,"[1.0, 1.0]","[0.5, 1.0]","[0.5, 1.0]","[0.5, 1.0]","[0.375, 0.0]","[0.625, 0.0]",[[0]],[[1]],[[2]],"(0, 12)","(12, 21)","(12, 21)",{},{},{},"['A', 'B']",[],[],0,0,1,3,4,1,B,,,,,,,B,,,,,"{'rtype': 'select-node', 'rtimedn': 49.467, 'rtimeup': 49.467}",,,,,,,"{'rtype': 'select-node', 'rtimedn': 49.414, 'rtimeup': 49.414}",,,,
,,36,4,9,1733248552,BDG-284-3225,TREE-1.2-0.0-0.0,"['370e65e8-1c1d-4aa8-a2b1-c3033e2d6bc5', '0b1c531d-63c5-4791-847a-c3aae2cc6407']","['participant', 'participant']","['cross', 'teardrop']","['hsla(200, 87%, 49%, 1.0)', 'hsla(82, 100%, 37%, 1.0)']","[[1.0, 0.186444545869466], [0.186444545869466, 1.0]]","{0: '', 1: 'A', 2: 'B'}",,1,after,"[True, True]","{'max': 21, 'min': 21, 'avg': 21.0, 'root': 12}","[-10, -10]","[136, 139]",sequential,chance,chance,"[1.0, 1.0]","[0.5, 1.0]","[0.5, 1.0]","[0.5, 1.0]","[0.375, 0.0]","[0.625, 0.0]",[[0]],[[1]],[[2]],"(0, 12)","(12, 21)","(12, 21)",{},{},{},"['A', 'B']",[],[],0,0,3,2,2,5,A,,,,,,,B,,,,,"{'rtype': 'select-node', 'rtimedn': 48.166, 'rtimeup': 48.166}",,,,,,,"{'rtype': 'select-node', 'rtimedn': 49.613, 'rtimeup': 49.613}",,,,
,,37,0,9,1733248565,BDG-296-3252,TREE-1.2-0.0-0.0,"['217d2378-37bb-4c23-8bf4-9ba78d98057c', '370e65e8-1c1d-4aa8-a2b1-c3033e2d6bc5']","['participant', 'participant']","['lemon', 'cross']","['hsla(259, 59%, 64%, 1.0)', 'hsla(200, 87%, 49%, 1.0)']","[[1.0, 0.10634413509812869], [0.10634413509812869, 1.0]]","{0: '', 1: 'A', 2: 'B'}",,2,after,"[True, True]","{'max': 21, 'min': 21, 'avg': 21.0, 'root': 12}","[-10, -10]","[143, 136]",sequential,chance,chance,"[1.0, 1.0]","[0.5, 1.0]","[0.5, 1.0]","[0.5, 1.0]","[0.625, 0.0]","[0.375, 0.0]",[[0]],[[1]],[[2]],"(0, 12)","(12, 21)","(12, 21)",{},{},{},"['A', 'B']",[],[],0,0,3,2,5,2,B,,,,,,,B,,,,,"{'rtype': 'select-node', 'rtimedn': 50.852, 'rtimeup': 50.852}",,,,,,,"{'rtype': 'select-node', 'rtimedn': 49.387, 'rtimeup': 49.387}",,,,
,,37,1,9,1733248563,BDG-038-1234,TREE-1.2-0.0-0.0,"['343c5729-33c1-4072-84bc-ed3729393070', 'db7d9540-da55-477e-8ad5-2be5182831db']","['participant', 'participant']","['flower', 'dodecagon']","['hsla(345, 94%, 48%, 1.0)', 'hsla(143, 75%, 49%, 1.0)']","[[1.0, 0.10634413509812869], [0.10634413509812869, 1.0]]","{0: '', 1: 'A', 2: 'B'}",,2,after,"[True, True]","{'max': 21, 'min': 21, 'avg': 21.0, 'root': 12}","[-10, -10]","[139, 150]",sequential,chance,chance,"[1.0, 1.0]","[0.5, 1.0]","[0.5, 1.0]","[0.5, 1.0]","[0.625, 0.0]","[0.375, 0.0]",[[0]],[[1]],[[2]],"(0, 12)","(12, 21)","(12, 21)",{},{},{},"['A', 'B']",[],[],0,0,1,2,3,4,B,,,,,,,B,,,,,"{'rtype': 'select-node', 'rtimedn': 50.713, 'rtimeup': 50.713}",,,,,,,"{'rtype': 'select-node', 'rtimedn': 50.497, 'rtimeup': 50.497}",,,,
,,37,2,9,1733248570,BDG-504-5115,TREE-1.2-0.0-0.0,"['ae0f18e3-bbc9-412b-9d3b-37f49ff99550', '43ee29ea-4b55-4cdc-b2a0-40d4d7d8f141']","['participant', 'participant']","['moon', 'stop-sign']","['hsla(256, 55%, 43%, 1.0)', 'hsla(50, 96%, 59%, 1.0)']","[[1.0, 0.186444545869466], [0.186444545869466, 1.0]]","{0: '', 1: 'A', 2: 'B'}",,1,after,"[True, True]","{'max': 21, 'min': 21, 'avg': 21.0, 'root': 12}","[-10, -10]","[125, 108]",sequential,chance,chance,"[1.0, 1.0]","[0.5, 1.0]","[0.5, 1.0]","[0.5, 1.0]","[0.375, 0.0]","[0.625, 0.0]",[[0]],[[1]],[[2]],"(0, 12)","(12, 21)","(12, 21)",{},{},{},"['A', 'B']",[],[],0,0,5,1,1,5,A,,,,,,,A,,,,,"{'rtype': 'select-node', 'rtimedn': 50.443, 'rtimeup': 50.443}",,,,,,,"{'rtype': None, 'rtimedn': 13, 'rtimeup': 13}",,,,
,,37,3,9,1733248564,BDG-594-5445,TREE-1.2-0.0-0.0,"['a4108716-78db-4322-84e0-c54f5e34e8e9', '0b1c531d-63c5-4791-847a-c3aae2cc6407']","['participant', 'participant']","['two-triangle', 'teardrop']","['hsla(2, 98%, 38%, 1.0)', 'hsla(82, 100%, 37%, 1.0)']","[[1.0, 0.20698311273391143], [0.20698311273391143, 1.0]]","{0: '', 1: 'A', 2: 'B'}",,1,after,"[True, True]","{'max': 21, 'min': 21, 'avg': 21.0, 'root': 12}","[-10, -10]","[136, 139]",sequential,chance,chance,"[1.0, 1.0]","[0.5, 1.0]","[0.5, 1.0]","[0.5, 1.0]","[0.625, 0.0]","[0.375, 0.0]",[[0]],[[1]],[[2]],"(0, 12)","(12, 21)","(12, 21)",{},{},{},"['A', 'B']",[],[],0,0,5,4,4,5,A,,,,,,,A,,,,,"{'rtype': 'select-node', 'rtimedn': 50.64, 'rtimeup': 50.64}",,,,,,,"{'rtype': 'select-node', 'rtimedn': 50.656, 'rtimeup': 50.656}",,,,
,,37,4,9,1733248567,BDG-000-1111,TREE-1.2-0.0-0.0,"['15704bf5-2929-4750-876d-7445e0ee839c', '4e5b71b2-e421-4f67-bb5b-eff1c81af7c7']","['participant', 'participant']","['hour-glass', 'hexagon']","['hsla(189, 68%, 42%, 1.0)', 'hsla(6, 79%, 39%, 1.0)']","[[1.0, 0.20698311273391143], [0.20698311273391143, 1.0]]","{0: '', 1: 'A', 2: 'B'}",,2,after,"[True, True]","{'max': 21, 'min': 21, 'avg': 21.0, 'root': 12}","[-10, -10]","[104, 128]",sequential,chance,chance,"[1.0, 1.0]","[0.5, 1.0]","[0.5, 1.0]","[0.5, 1.0]","[0.375, 0.0]","[0.625, 0.0]",[[0]],[[1]],[[2]],"(0, 12)","(12, 21)","(12, 21)",{},{},{},"['A', 'B']",[],[],0,0,1,1,1,1,B,,,,,,,B,,,,,"{'rtype': 'select-node', 'rtimedn': 50.909, 'rtimeup': 50.909}",,,,,,,"{'rtype': 'select-node', 'rtimedn': 50.723, 'rtimeup': 50.723}",,,,
,,38,0,9,1733248579,BDG-454-4415,TREE-1.2-0.0-0.0,"['4e5b71b2-e421-4f67-bb5b-eff1c81af7c7', 'ae0f18e3-bbc9-412b-9d3b-37f49ff99550']","['participant', 'participant']","['hexagon', 'moon']","['hsla(6, 79%, 39%, 1.0)', 'hsla(256, 55%, 43%, 1.0)']","[[1.0, 0.025559105431309903], [0.025559105431309903, 1.0]]","{0: '', 1: 'A', 2: 'B'}",,1,after,"[True, True]","{'max': 21, 'min': 21, 'avg': 21.0, 'root': 12}","[-10, -10]","[128, 125]",sequential,chance,chance,"[1.0, 1.0]","[0.5, 1.0]","[0.5, 1.0]","[0.5, 1.0]","[0.625, 0.0]","[0.375, 0.0]",[[0]],[[1]],[[2]],"(0, 12)","(12, 21)","(12, 21)",{},{},{},"['A', 'B']",[],[],0,0,4,4,1,5,A,,,,,,,B,,,,,"{'rtype': 'select-node', 'rtimedn': 52.293, 'rtimeup': 52.293}",,,,,,,"{'rtype': 'select-node', 'rtimedn': 51.943, 'rtimeup': 51.943}",,,,
,,38,1,9,1733248578,BDG-014-1135,TREE-1.2-0.0-0.0,"['343c5729-33c1-4072-84bc-ed3729393070', 'db7d9540-da55-477e-8ad5-2be5182831db']","['participant', 'participant']","['flower', 'dodecagon']","['hsla(345, 94%, 48%, 1.0)', 'hsla(143, 75%, 49%, 1.0)']","[[1.0, 0.10634413509812869], [0.10634413509812869, 1.0]]","{0: '', 1: 'A', 2: 'B'}",,2,after,"[True, True]","{'max': 21, 'min': 21, 'avg': 21.0, 'root': 12}","[-10, -10]","[139, 150]",sequential,chance,chance,"[1.0, 1.0]","[0.5, 1.0]","[0.5, 1.0]","[0.5, 1.0]","[0.625, 0.0]","[0.375, 0.0]",[[0]],[[1]],[[2]],"(0, 12)","(12, 21)","(12, 21)",{},{},{},"['A', 'B']",[],[],0,0,1,1,3,5,B,,,,,,,B,,,,,"{'rtype': 'select-node', 'rtimedn': 52.189, 'rtimeup': 52.189}",,,,,,,"{'rtype': 'select-node', 'rtimedn': 52.054, 'rtimeup': 52.054}",,,,
,,38,2,9,1733248581,BDG-555-5321,TREE-1.2-0.0-0.0,"['15704bf5-2929-4750-876d-7445e0ee839c', '217d2378-37bb-4c23-8bf4-9ba78d98057c']","['participant', 'participant']","['hour-glass', 'lemon']","['hsla(189, 68%, 42%, 1.0)', 'hsla(259, 59%, 64%, 1.0)']","[[1.0, 0.16293929712460062], [0.16293929712460062, 1.0]]","{0: '', 1: 'A', 2: 'B'}",,1,after,"[True, True]","{'max': 21, 'min': 21, 'avg': 21.0, 'root': 12}","[-10, -10]","[104, 143]",sequential,chance,chance,"[1.0, 1.0]","[0.5, 1.0]","[0.5, 1.0]","[0.5, 1.0]","[0.375, 0.0]","[0.625, 0.0]",[[0]],[[1]],[[2]],"(0, 12)","(12, 21)","(12, 21)",{},{},{},"['A', 'B']",[],[],0,0,5,3,2,1,A,,,,,,,A,,,,,"{'rtype': 'select-node', 'rtimedn': 51.898, 'rtimeup': 51.898}",,,,,,,"{'rtype': 'select-node', 'rtimedn': 52.393, 'rtimeup': 52.393}",,,,
,,38,3,9,1733248578,BDG-504-5115,TREE-1.2-0.0-0.0,"['370e65e8-1c1d-4aa8-a2b1-c3033e2d6bc5', '0b1c531d-63c5-4791-847a-c3aae2cc6407']","['participant', 'participant']","['cross', 'teardrop']","['hsla(200, 87%, 49%, 1.0)', 'hsla(82, 100%, 37%, 1.0)']","[[1.0, 0.186444545869466], [0.186444545869466, 1.0]]","{0: '', 1: 'A', 2: 'B'}",,1,after,"[True, True]","{'max': 21, 'min': 21, 'avg': 21.0, 'root': 12}","[-10, -10]","[136, 139]",sequential,chance,chance,"[1.0, 1.0]","[0.5, 1.0]","[0.5, 1.0]","[0.5, 1.0]","[0.375, 0.0]","[0.625, 0.0]",[[0]],[[1]],[[2]],"(0, 12)","(12, 21)","(12, 21)",{},{},{},"['A', 'B']",[],[],0,0,5,1,1,5,A,,,,,,,A,,,,,"{'rtype': 'select-node', 'rtimedn': 50.882, 'rtimeup': 50.882}",,,,,,,"{'rtype': 'select-node', 'rtimedn': 52.192, 'rtimeup': 52.192}",,,,
,,38,4,9,1733248578,BDG-260-3131,TREE-1.2-0.0-0.0,"['a4108716-78db-4322-84e0-c54f5e34e8e9', '43ee29ea-4b55-4cdc-b2a0-40d4d7d8f141']","['participant', 'participant']","['two-triangle', 'stop-sign']","['hsla(2, 98%, 38%, 1.0)', 'hsla(50, 96%, 59%, 1.0)']","[[1.0, 0.16293929712460062], [0.16293929712460062, 1.0]]","{0: '', 1: 'A', 2: 'B'}",,1,after,"[True, True]","{'max': 21, 'min': 21, 'avg': 21.0, 'root': 12}","[-10, -10]","[136, 108]",sequential,chance,chance,"[1.0, 1.0]","[0.5, 1.0]","[0.5, 1.0]","[0.5, 1.0]","[0.375, 0.0]","[0.625, 0.0]",[[0]],[[1]],[[2]],"(0, 12)","(12, 21)","(12, 21)",{},{},{},"['A', 'B']",[],[],0,0,3,1,3,1,A,,,,,,,B,,,,,"{'rtype': 'select-node', 'rtimedn': 52.038, 'rtimeup': 52.038}",,,,,,,"{'rtype': 'select-node', 'rtimedn': 52.149, 'rtimeup': 52.149}",,,,
,,39,0,9,1733248590,BDG-147-2153,TREE-1.2-0.0-0.0,"['15704bf5-2929-4750-876d-7445e0ee839c', '4e5b71b2-e421-4f67-bb5b-eff1c81af7c7']","['participant', 'participant']","['hour-glass', 'hexagon']","['hsla(189, 68%, 42%, 1.0)', 'hsla(6, 79%, 39%, 1.0)']","[[1.0, 0.20698311273391143], [0.20698311273391143, 1.0]]","{0: '', 1: 'A', 2: 'B'}",,1,after,"[True, True]","{'max': 21, 'min': 21, 'avg': 21.0, 'root': 12}","[-10, -10]","[104, 128]",sequential,chance,chance,"[1.0, 1.0]","[0.5, 1.0]","[0.5, 1.0]","[0.5, 1.0]","[0.375, 0.0]","[0.625, 0.0]",[[0]],[[1]],[[2]],"(0, 12)","(12, 21)","(12, 21)",{},{},{},"['A', 'B']",[],[],0,0,2,1,5,3,A,,,,,,,B,,,,,"{'rtype': 'select-node', 'rtimedn': 52.981, 'rtimeup': 52.981}",,,,,,,"{'rtype': 'select-node', 'rtimedn': 53.381, 'rtimeup': 53.381}",,,,
,,39,1,9,1733248588,BDG-098-1454,TREE-1.2-0.0-0.0,"['43ee29ea-4b55-4cdc-b2a0-40d4d7d8f141', 'ae0f18e3-bbc9-412b-9d3b-37f49ff99550']","['participant', 'participant']","['stop-sign', 'moon']","['hsla(50, 96%, 59%, 1.0)', 'hsla(256, 55%, 43%, 1.0)']","[[1.0, 0.186444545869466], [0.186444545869466, 1.0]]","{0: '', 1: 'A', 2: 'B'}",,2,after,"[True, True]","{'max': 21, 'min': 21, 'avg': 21.0, 'root': 12}","[-10, -10]","[108, 125]",sequential,chance,chance,"[1.0, 1.0]","[0.5, 1.0]","[0.5, 1.0]","[0.5, 1.0]","[0.375, 0.0]","[0.625, 0.0]",[[0]],[[1]],[[2]],"(0, 12)","(12, 21)","(12, 21)",{},{},{},"['A', 'B']",[],[],0,0,1,4,5,4,B,,,,,,,B,,,,,"{'rtype': 'select-node', 'rtimedn': 53.212, 'rtimeup': 53.212}",,,,,,,"{'rtype': 'select-node', 'rtimedn': 53.019, 'rtimeup': 53.019}",,,,
,,39,2,9,1733248589,BDG-525-5211,TREE-1.2-0.0-0.0,"['a4108716-78db-4322-84e0-c54f5e34e8e9', '0b1c531d-63c5-4791-847a-c3aae2cc6407']","['participant', 'participant']","['two-triangle', 'teardrop']","['hsla(2, 98%, 38%, 1.0)', 'hsla(82, 100%, 37%, 1.0)']","[[1.0, 0.20698311273391143], [0.20698311273391143, 1.0]]","{0: '', 1: 'A', 2: 'B'}",,1,after,"[True, True]","{'max': 21, 'min': 21, 'avg': 21.0, 'root': 12}","[-10, -10]","[136, 139]",sequential,chance,chance,"[1.0, 1.0]","[0.5, 1.0]","[0.5, 1.0]","[0.5, 1.0]","[0.375, 0.0]","[0.625, 0.0]",[[0]],[[1]],[[2]],"(0, 12)","(12, 21)","(12, 21)",{},{},{},"['A', 'B']",[],[],0,0,5,2,1,1,A,,,,,,,A,,,,,"{'rtype': 'select-node', 'rtimedn': 53.054, 'rtimeup': 53.054}",,,,,,,"{'rtype': 'select-node', 'rtimedn': 53.273, 'rtimeup': 53.273}",,,,
,,39,3,9,1733248591,BDG-474-4455,TREE-1.2-0.0-0.0,"['217d2378-37bb-4c23-8bf4-9ba78d98057c', 'db7d9540-da55-477e-8ad5-2be5182831db']","['participant', 'participant']","['lemon', 'dodecagon']","['hsla(259, 59%, 64%, 1.0)', 'hsla(143, 75%, 49%, 1.0)']","[[1.0, 0.186444545869466], [0.186444545869466, 1.0]]","{0: '', 1: 'A', 2: 'B'}",,2,after,"[True, True]","{'max': 21, 'min': 21, 'avg': 21.0, 'root': 12}","[-10, -10]","[143, 150]",sequential,chance,chance,"[1.0, 1.0]","[0.5, 1.0]","[0.5, 1.0]","[0.5, 1.0]","[0.625, 0.0]","[0.375, 0.0]",[[0]],[[1]],[[2]],"(0, 12)","(12, 21)","(12, 21)",{},{},{},"['A', 'B']",[],[],0,0,4,4,5,5,B,,,,,,,B,,,,,"{'rtype': 'select-node', 'rtimedn': 53.184, 'rtimeup': 53.184}",,,,,,,"{'rtype': 'select-node', 'rtimedn': 53.35, 'rtimeup': 53.35}",,,,
,,39,4,9,1733248591,BDG-616-5542,TREE-1.2-0.0-0.0,"['343c5729-33c1-4072-84bc-ed3729393070', '370e65e8-1c1d-4aa8-a2b1-c3033e2d6bc5']","['participant', 'participant']","['flower', 'cross']","['hsla(345, 94%, 48%, 1.0)', 'hsla(200, 87%, 49%, 1.0)']","[[1.0, 0.20698311273391143], [0.20698311273391143, 1.0]]","{0: '', 1: 'A', 2: 'B'}",,2,after,"[True, True]","{'max': 21, 'min': 21, 'avg': 21.0, 'root': 12}","[-10, -10]","[139, 136]",sequential,chance,chance,"[1.0, 1.0]","[0.5, 1.0]","[0.5, 1.0]","[0.5, 1.0]","[0.625, 0.0]","[0.375, 0.0]",[[0]],[[1]],[[2]],"(0, 12)","(12, 21)","(12, 21)",{},{},{},"['A', 'B']",[],[],0,0,5,5,4,2,B,,,,,,,B,,,,,"{'rtype': 'select-node', 'rtimedn': 53.474, 'rtimeup': 53.474}",,,,,,,"{'rtype': 'select-node', 'rtimedn': 51.961, 'rtimeup': 51.961}",,,,
