experiment_setting_keys,experiment_setting_values,round,room,batch,timestamp,title,tree_tag,player_uuids,player_types,avatar_shapes,avatar_colors,adjacency_matrix,idnum_label_map,perspective_of_player,final_node,tree_status,players_abdicated,durations,cumulative_payoffs_tree,cumulative_payoffs_experiment,choice_type_,choice_type_A,choice_type_B,probability_,probability_A,probability_B,positionxy_,positionxy_A,positionxy_B,info_set_,info_set_A,info_set_B,time_,time_A,time_B,beliefs_,beliefs_A,beliefs_B,options_,options_A,options_B,payoffs__p0,payoffs__p1,payoffs_A_p0,payoffs_A_p1,payoffs_B_p0,payoffs_B_p1,choice__p0,choice__p1,choice_A_p0,choice_A_p1,choice_B_p0,choice_B_p1,prediction__p0,prediction__p1,prediction_A_p0,prediction_A_p1,prediction_B_p0,prediction_B_p1,choice_data__p0,choice_data__p1,choice_data_A_p0,choice_data_A_p1,choice_data_B_p0,choice_data_B_p1,prediction_data__p0,prediction_data__p1,prediction_data_A_p0,prediction_data_A_p1,prediction_data_B_p0,prediction_data_B_p1
rounds,"{'apply': True, 'distribution_type': 'sigmoid', 'interval': [0, 200], 'coefficients': [1, 40]}",0,0,19,1733260811,BDG-460-4431,TREE-1.2-0.0-0.0,"['47171824-3af8-4ebd-987d-3eb88573ab8e', 'f7c97106-afa2-4709-b205-ea7ffd67ec68']","['robot', 'participant']","['teardrop', 'squash']","['hsla(298, 63%, 45%, 1.0)', 'hsla(1, 54%, 56%, 1.0)']","[[1.0, 0.2456964006259781], [0.2456964006259781, 1.0]]","{0: '', 1: 'A', 2: 'B'}",,2,after,"[True, False]","{'max': 21, 'min': 21, 'avg': 21.0, 'root': 12}","[-10, 0]","[103, 110]",sequential,chance,chance,"[1.0, 1.0]","[0.5, 1.0]","[0.5, 1.0]","[0.5, 1.0]","[0.375, 0.0]","[0.625, 0.0]",[[0]],[[1]],[[2]],"(0, 12)","(12, 21)","(12, 21)",{},{},{},"['A', 'B']",[],[],0,0,4,4,3,1,B,,,,,,,A,,,,,"{'rtype': None, 'rtimedn': 13, 'rtimeup': 13}",,,,,,,"{'rtype': 'select-node', 'rtimedn': 8.02, 'rtimeup': 8.02}",,,,
time_horizon,"{'apply': True, 'interval': [0, 1], 'distribution_type': 'linear', 'coefficients': [0, 1]}",0,1,19,1733260811,BDG-524-5155,TREE-1.2-0.0-0.0,"['948c936f-74c4-4f6e-9c84-8d05a39d3da9', 'd46081e5-af46-4b37-b1de-79015b143ff4']","['robot', 'participant']","['cross', 'flame']","['hsla(262, 66%, 39%, 1.0)', 'hsla(232, 64%, 44%, 1.0)']","[[1.0, 0.1797078768909755], [0.1797078768909755, 1.0]]","{0: '', 1: 'A', 2: 'B'}",,1,after,"[True, False]","{'max': 21, 'min': 21, 'avg': 21.0, 'root': 12}","[-10, 0]","[-51, 106]",sequential,chance,chance,"[1.0, 1.0]","[0.5, 1.0]","[0.5, 1.0]","[0.5, 1.0]","[0.625, 0.0]","[0.375, 0.0]",[[0]],[[1]],[[2]],"(0, 12)","(12, 21)","(12, 21)",{},{},{},"['A', 'B']",[],[],0,0,5,1,5,5,A,,,,,,,B,,,,,"{'rtype': None, 'rtimedn': 13, 'rtimeup': 13}",,,,,,,"{'rtype': 'select-node', 'rtimedn': 6.06, 'rtimeup': 6.06}",,,,
payoff_dimensions,"{'SSD': {'apply': True, 'distribution_type': 'uniform', 'interval': [0, 1], 'coefficients': [1, 1]}, 'OOD': {'apply': True, 'distribution_type': 'uniform', 'interval': [0, 1], 'coefficients': [1, 1]}, 'SOD': {'apply': True, 'distribution_type': 'uniform', 'interval': [0, 1], 'coefficients': [1, 1]}, 'abdication_penalty': 10, 'payoff_values': [1, 9], 'cents_per_payoff': 0}",0,2,19,1733260807,BDG-456-4422,TREE-1.2-0.0-0.0,"['56db9ffc-32e9-471f-abd4-5ee41d33f84d', 'd383d0be-6c2c-4b5a-9fae-b7bd10e621a3']","['robot', 'participant']","['bowtie', 'arrow-head']","['hsla(66, 70%, 54%, 1.0)', 'hsla(221, 81%, 45%, 1.0)']","[[1.0, 0.08581116327595202], [0.08581116327595202, 1.0]]","{0: '', 1: 'A', 2: 'B'}",,2,after,"[False, False]","{'max': 21, 'min': 21, 'avg': 21.0, 'root': 12}","[0, 0]","[112, 150]",sequential,chance,chance,"[1.0, 1.0]","[0.5, 1.0]","[0.5, 1.0]","[0.5, 1.0]","[0.375, 0.0]","[0.625, 0.0]",[[0]],[[1]],[[2]],"(0, 12)","(12, 21)","(12, 21)",{},{},{},"['A', 'B']",[],[],0,0,4,4,2,2,B,,,,,,,A,,,,,"{'rtype': 'a', 'rtimedn': 2.152, 'rtimeup': 4.643}",,,,,,,"{'rtype': 'select-node', 'rtimedn': 7.634, 'rtimeup': 7.634}",,,,
players,"{'n_humans': 8, 'n_robots': 2, 'can_join_late': False, 'proportion_over_number': True, 'start_when_enough_humans': True, 'exclude_researchers': False}",0,3,19,1733260810,BDG-209-2425,TREE-1.2-0.0-0.0,"['f7862b18-f9f6-4c7d-bc9b-5f8c15cca4e7', '01b850cc-9ba8-4d0b-8eba-bec734ed8847']","['participant', 'participant']","['stop-sign', 'star-six']","['hsla(222, 51%, 54%, 1.0)', 'hsla(321, 79%, 65%, 1.0)']","[[1.0, 0.1797078768909755], [0.1797078768909755, 1.0]]","{0: '', 1: 'A', 2: 'B'}",,1,after,"[False, False]","{'max': 21, 'min': 21, 'avg': 21.0, 'root': 12}","[0, 0]","[121, 103]",sequential,chance,chance,"[1.0, 1.0]","[0.5, 1.0]","[0.5, 1.0]","[0.5, 1.0]","[0.375, 0.0]","[0.625, 0.0]",[[0]],[[1]],[[2]],"(0, 12)","(12, 21)","(12, 21)",{},{},{},"['A', 'B']",[],[],0,0,2,4,2,5,A,,,,,,,B,,,,,"{'rtype': 'select-node', 'rtimedn': 8.894, 'rtimeup': 8.894}",,,,,,,"{'rtype': 'select-node', 'rtimedn': 7.224, 'rtimeup': 7.224}",,,,
game_speed,"{'seconds_per_node': 9, 'seconds_per_descendant': 1, 'buffer_between_levels': 0}",0,4,19,1733260811,BDG-249-2555,TREE-1.2-0.0-0.0,"['d85e7c87-2722-4952-a4b7-8cf7805dac37', 'd8c5d3eb-c11c-4209-aa4d-8fa881c9e2ce']","['robot', 'participant']","['dodecagon', 'arrow-head']","['hsla(76, 53%, 46%, 1.0)', 'hsla(330, 87%, 38%, 1.0)']","[[1.0, 0.056077203964527915], [0.056077203964527915, 1.0]]","{0: '', 1: 'A', 2: 'B'}",,1,after,"[False, True]","{'max': 21, 'min': 21, 'avg': 21.0, 'root': 12}","[0, -10]","[130, 107]",sequential,chance,chance,"[1.0, 1.0]","[0.5, 1.0]","[0.5, 1.0]","[0.5, 1.0]","[0.625, 0.0]","[0.375, 0.0]",[[0]],[[1]],[[2]],"(0, 12)","(12, 21)","(12, 21)",{},{},{},"['A', 'B']",[],[],0,0,2,5,5,5,A,,,,,,,A,,,,,"{'rtype': 'a', 'rtimedn': 9.235, 'rtimeup': 10.177}",,,,,,,"{'rtype': None, 'rtimedn': 13, 'rtimeup': 13}",,,,
game_trees,"{'preselected': True, 'trees_list': ['BDG-000-1111', 'BDG-001-1112', 'BDG-002-1113', 'BDG-003-1114', 'BDG-004-1115', 'BDG-005-1121', 'BDG-006-1122', 'BDG-007-1123', 'BDG-008-1124', 'BDG-009-1125', 'BDG-010-1131', 'BDG-011-1132', 'BDG-012-1133', 'BDG-013-1134', 'BDG-014-1135', 'BDG-015-1141', 'BDG-016-1142', 'BDG-017-1143', 'BDG-018-1144', 'BDG-019-1145', 'BDG-020-1151', 'BDG-021-1152', 'BDG-022-1153', 'BDG-023-1154', 'BDG-024-1155', 'BDG-025-1211', 'BDG-026-1212', 'BDG-027-1213', 'BDG-028-1214', 'BDG-029-1215', 'BDG-030-1221', 'BDG-031-1222', 'BDG-032-1223', 'BDG-033-1224', 'BDG-034-1225', 'BDG-035-1231', 'BDG-036-1232', 'BDG-037-1233', 'BDG-038-1234', 'BDG-039-1235', 'BDG-040-1241', 'BDG-041-1242', 'BDG-042-1243', 'BDG-043-1244', 'BDG-044-1245', 'BDG-045-1251', 'BDG-046-1252', 'BDG-047-1253', 'BDG-048-1254', 'BDG-049-1255', 'BDG-050-1311', 'BDG-051-1312', 'BDG-052-1313', 'BDG-053-1314', 'BDG-054-1315', 'BDG-055-1321', 'BDG-056-1322', 'BDG-057-1323', 'BDG-058-1324', 'BDG-059-1325', 'BDG-060-1331', 'BDG-061-1332', 'BDG-062-1333', 'BDG-063-1334', 'BDG-064-1335', 'BDG-065-1341', 'BDG-066-1342', 'BDG-067-1343', 'BDG-068-1344', 'BDG-069-1345', 'BDG-070-1351', 'BDG-071-1352', 'BDG-072-1353', 'BDG-073-1354', 'BDG-074-1355', 'BDG-075-1411', 'BDG-076-1412', 'BDG-077-1413', 'BDG-078-1414', 'BDG-079-1415', 'BDG-080-1421', 'BDG-081-1422', 'BDG-082-1423', 'BDG-083-1424', 'BDG-084-1425', 'BDG-085-1431', 'BDG-086-1432', 'BDG-087-1433', 'BDG-088-1434', 'BDG-089-1435', 'BDG-090-1441', 'BDG-091-1442', 'BDG-092-1443', 'BDG-093-1444', 'BDG-094-1445', 'BDG-095-1451', 'BDG-096-1452', 'BDG-097-1453', 'BDG-098-1454', 'BDG-099-1455', 'BDG-100-1511', 'BDG-101-1512', 'BDG-102-1513', 'BDG-103-1514', 'BDG-104-1515', 'BDG-105-1521', 'BDG-106-1522', 'BDG-107-1523', 'BDG-108-1524', 'BDG-109-1525', 'BDG-110-1531', 'BDG-111-1532', 'BDG-112-1533', 'BDG-113-1534', 'BDG-114-1535', 'BDG-115-1541', 'BDG-116-1542', 'BDG-117-1543', 'BDG-118-1544', 'BDG-119-1545', 'BDG-120-1551', 'BDG-121-1552', 'BDG-122-1553', 'BDG-123-1554', 'BDG-124-1555', 'BDG-125-2111', 'BDG-126-2112', 'BDG-127-2113', 'BDG-128-2114', 'BDG-129-2115', 'BDG-130-2121', 'BDG-131-2122', 'BDG-132-2123', 'BDG-133-2124', 'BDG-134-2125', 'BDG-135-2131', 'BDG-136-2132', 'BDG-137-2133', 'BDG-138-2134', 'BDG-139-2135', 'BDG-140-2141', 'BDG-141-2142', 'BDG-142-2143', 'BDG-143-2144', 'BDG-144-2145', 'BDG-145-2151', 'BDG-146-2152', 'BDG-147-2153', 'BDG-148-2154', 'BDG-149-2155', 'BDG-150-2211', 'BDG-151-2212', 'BDG-152-2213', 'BDG-153-2214', 'BDG-154-2215', 'BDG-155-2221', 'BDG-156-2222', 'BDG-157-2223', 'BDG-158-2224', 'BDG-159-2225', 'BDG-160-2231', 'BDG-161-2232', 'BDG-162-2233', 'BDG-163-2234', 'BDG-164-2235', 'BDG-165-2241', 'BDG-166-2242', 'BDG-167-2243', 'BDG-168-2244', 'BDG-169-2245', 'BDG-170-2251', 'BDG-171-2252', 'BDG-172-2253', 'BDG-173-2254', 'BDG-174-2255', 'BDG-175-2311', 'BDG-176-2312', 'BDG-177-2313', 'BDG-178-2314', 'BDG-179-2315', 'BDG-180-2321', 'BDG-181-2322', 'BDG-182-2323', 'BDG-183-2324', 'BDG-184-2325', 'BDG-185-2331', 'BDG-186-2332', 'BDG-187-2333', 'BDG-188-2334', 'BDG-189-2335', 'BDG-190-2341', 'BDG-191-2342', 'BDG-192-2343', 'BDG-193-2344', 'BDG-194-2345', 'BDG-195-2351', 'BDG-196-2352', 'BDG-197-2353', 'BDG-198-2354', 'BDG-199-2355', 'BDG-200-2411', 'BDG-201-2412', 'BDG-202-2413', 'BDG-203-2414', 'BDG-204-2415', 'BDG-205-2421', 'BDG-206-2422', 'BDG-207-2423', 'BDG-208-2424', 'BDG-209-2425', 'BDG-210-2431', 'BDG-211-2432', 'BDG-212-2433', 'BDG-213-2434', 'BDG-214-2435', 'BDG-215-2441', 'BDG-216-2442', 'BDG-217-2443', 'BDG-218-2444', 'BDG-219-2445', 'BDG-220-2451', 'BDG-221-2452', 'BDG-222-2453', 'BDG-223-2454', 'BDG-224-2455', 'BDG-225-2511', 'BDG-226-2512', 'BDG-227-2513', 'BDG-228-2514', 'BDG-229-2515', 'BDG-230-2521', 'BDG-231-2522', 'BDG-232-2523', 'BDG-233-2524', 'BDG-234-2525', 'BDG-235-2531', 'BDG-236-2532', 'BDG-237-2533', 'BDG-238-2534', 'BDG-239-2535', 'BDG-240-2541', 'BDG-241-2542', 'BDG-242-2543', 'BDG-243-2544', 'BDG-244-2545', 'BDG-245-2551', 'BDG-246-2552', 'BDG-247-2553', 'BDG-248-2554', 'BDG-249-2555', 'BDG-250-3111', 'BDG-251-3112', 'BDG-252-3113', 'BDG-253-3114', 'BDG-254-3115', 'BDG-255-3121', 'BDG-256-3122', 'BDG-257-3123', 'BDG-258-3124', 'BDG-259-3125', 'BDG-260-3131', 'BDG-261-3132', 'BDG-262-3133', 'BDG-263-3134', 'BDG-264-3135', 'BDG-265-3141', 'BDG-266-3142', 'BDG-267-3143', 'BDG-268-3144', 'BDG-269-3145', 'BDG-270-3151', 'BDG-271-3152', 'BDG-272-3153', 'BDG-273-3154', 'BDG-274-3155', 'BDG-275-3211', 'BDG-276-3212', 'BDG-277-3213', 'BDG-278-3214', 'BDG-279-3215', 'BDG-280-3221', 'BDG-281-3222', 'BDG-282-3223', 'BDG-283-3224', 'BDG-284-3225', 'BDG-285-3231', 'BDG-286-3232', 'BDG-287-3233', 'BDG-288-3234', 'BDG-289-3235', 'BDG-290-3241', 'BDG-291-3242', 'BDG-292-3243', 'BDG-293-3244', 'BDG-294-3245', 'BDG-295-3251', 'BDG-296-3252', 'BDG-297-3253', 'BDG-298-3254', 'BDG-299-3255', 'BDG-300-3311', 'BDG-301-3312', 'BDG-302-3313', 'BDG-303-3314', 'BDG-304-3315', 'BDG-305-3321', 'BDG-306-3322', 'BDG-307-3323', 'BDG-308-3324', 'BDG-309-3325', 'BDG-310-3331', 'BDG-311-3332', 'BDG-312-3333', 'BDG-313-3334', 'BDG-314-3335', 'BDG-315-3341', 'BDG-316-3342', 'BDG-317-3343', 'BDG-318-3344', 'BDG-319-3345', 'BDG-320-3351', 'BDG-321-3352', 'BDG-322-3353', 'BDG-323-3354', 'BDG-324-3355', 'BDG-325-3411', 'BDG-326-3412', 'BDG-327-3413', 'BDG-328-3414', 'BDG-329-3415', 'BDG-330-3421', 'BDG-331-3422', 'BDG-332-3423', 'BDG-333-3424', 'BDG-334-3425', 'BDG-335-3431', 'BDG-336-3432', 'BDG-337-3433', 'BDG-338-3434', 'BDG-339-3435', 'BDG-340-3441', 'BDG-341-3442', 'BDG-342-3443', 'BDG-343-3444', 'BDG-344-3445', 'BDG-345-3451', 'BDG-346-3452', 'BDG-347-3453', 'BDG-348-3454', 'BDG-349-3455', 'BDG-350-3511', 'BDG-351-3512', 'BDG-352-3513', 'BDG-353-3514', 'BDG-354-3515', 'BDG-355-3521', 'BDG-356-3522', 'BDG-357-3523', 'BDG-358-3524', 'BDG-359-3525', 'BDG-360-3531', 'BDG-361-3532', 'BDG-362-3533', 'BDG-363-3534', 'BDG-364-3535', 'BDG-365-3541', 'BDG-366-3542', 'BDG-367-3543', 'BDG-368-3544', 'BDG-369-3545', 'BDG-370-3551', 'BDG-371-3552', 'BDG-372-3553', 'BDG-373-3554', 'BDG-374-3555', 'BDG-375-4111', 'BDG-376-4112', 'BDG-377-4113', 'BDG-378-4114', 'BDG-379-4115', 'BDG-380-4121', 'BDG-381-4122', 'BDG-382-4123', 'BDG-383-4124', 'BDG-384-4125', 'BDG-385-4131', 'BDG-386-4132', 'BDG-387-4133', 'BDG-388-4134', 'BDG-389-4135', 'BDG-390-4141', 'BDG-391-4142', 'BDG-392-4143', 'BDG-393-4144', 'BDG-394-4145', 'BDG-395-4151', 'BDG-396-4152', 'BDG-397-4153', 'BDG-398-4154', 'BDG-399-4155', 'BDG-400-4211', 'BDG-401-4212', 'BDG-402-4213', 'BDG-403-4214', 'BDG-404-4215', 'BDG-405-4221', 'BDG-406-4222', 'BDG-407-4223', 'BDG-408-4224', 'BDG-409-4225', 'BDG-410-4231', 'BDG-411-4232', 'BDG-412-4233', 'BDG-413-4234', 'BDG-414-4235', 'BDG-415-4241', 'BDG-416-4242', 'BDG-417-4243', 'BDG-418-4244', 'BDG-419-4245', 'BDG-420-4251', 'BDG-421-4252', 'BDG-422-4253', 'BDG-423-4254', 'BDG-424-4255', 'BDG-425-4311', 'BDG-426-4312', 'BDG-427-4313', 'BDG-428-4314', 'BDG-429-4315', 'BDG-430-4321', 'BDG-431-4322', 'BDG-432-4323', 'BDG-433-4324', 'BDG-434-4325', 'BDG-435-4331', 'BDG-436-4332', 'BDG-437-4333', 'BDG-438-4334', 'BDG-439-4335', 'BDG-440-4341', 'BDG-441-4342', 'BDG-442-4343', 'BDG-443-4344', 'BDG-444-4345', 'BDG-445-4351', 'BDG-446-4352', 'BDG-447-4353', 'BDG-448-4354', 'BDG-449-4355', 'BDG-450-4411', 'BDG-451-4412', 'BDG-452-4413', 'BDG-453-4414', 'BDG-454-4415', 'BDG-455-4421', 'BDG-456-4422', 'BDG-457-4423', 'BDG-458-4424', 'BDG-459-4425', 'BDG-460-4431', 'BDG-461-4432', 'BDG-462-4433', 'BDG-463-4434', 'BDG-464-4435', 'BDG-465-4441', 'BDG-466-4442', 'BDG-467-4443', 'BDG-468-4444', 'BDG-469-4445', 'BDG-470-4451', 'BDG-471-4452', 'BDG-472-4453', 'BDG-473-4454', 'BDG-474-4455', 'BDG-475-4511', 'BDG-476-4512', 'BDG-477-4513', 'BDG-478-4514', 'BDG-479-4515', 'BDG-480-4521', 'BDG-481-4522', 'BDG-482-4523', 'BDG-483-4524', 'BDG-484-4525', 'BDG-485-4531', 'BDG-486-4532', 'BDG-487-4533', 'BDG-488-4534', 'BDG-489-4535', 'BDG-490-4541', 'BDG-491-4542', 'BDG-492-4543', 'BDG-493-4544', 'BDG-494-4545', 'BDG-495-4551', 'BDG-496-4552', 'BDG-497-4553', 'BDG-498-4554', 'BDG-499-4555', 'BDG-500-5111', 'BDG-501-5112', 'BDG-502-5113', 'BDG-503-5114', 'BDG-504-5115', 'BDG-505-5121', 'BDG-506-5122', 'BDG-507-5123', 'BDG-508-5124', 'BDG-509-5125', 'BDG-510-5131', 'BDG-511-5132', 'BDG-512-5133', 'BDG-513-5134', 'BDG-514-5135', 'BDG-515-5141', 'BDG-516-5142', 'BDG-517-5143', 'BDG-518-5144', 'BDG-519-5145', 'BDG-520-5151', 'BDG-521-5152', 'BDG-522-5153', 'BDG-523-5154', 'BDG-524-5155', 'BDG-525-5211', 'BDG-526-5212', 'BDG-527-5213', 'BDG-528-5214', 'BDG-529-5215', 'BDG-530-5221', 'BDG-531-5222', 'BDG-532-5223', 'BDG-533-5224', 'BDG-534-5225', 'BDG-535-5231', 'BDG-536-5232', 'BDG-537-5233', 'BDG-538-5234', 'BDG-539-5235', 'BDG-540-5241', 'BDG-541-5242', 'BDG-542-5243', 'BDG-543-5244', 'BDG-544-5245', 'BDG-545-5251', 'BDG-546-5252', 'BDG-547-5253', 'BDG-548-5254', 'BDG-549-5255', 'BDG-550-5311', 'BDG-551-5312', 'BDG-552-5313', 'BDG-553-5314', 'BDG-554-5315', 'BDG-555-5321', 'BDG-556-5322', 'BDG-557-5323', 'BDG-558-5324', 'BDG-559-5325', 'BDG-560-5331', 'BDG-561-5332', 'BDG-562-5333', 'BDG-563-5334', 'BDG-564-5335', 'BDG-565-5341', 'BDG-566-5342', 'BDG-567-5343', 'BDG-568-5344', 'BDG-569-5345', 'BDG-570-5351', 'BDG-571-5352', 'BDG-572-5353', 'BDG-573-5354', 'BDG-574-5355', 'BDG-575-5411', 'BDG-576-5412', 'BDG-577-5413', 'BDG-578-5414', 'BDG-579-5415', 'BDG-580-5421', 'BDG-581-5422', 'BDG-582-5423', 'BDG-583-5424', 'BDG-584-5425', 'BDG-585-5431', 'BDG-586-5432', 'BDG-587-5433', 'BDG-588-5434', 'BDG-589-5435', 'BDG-590-5441', 'BDG-591-5442', 'BDG-592-5443', 'BDG-593-5444', 'BDG-594-5445', 'BDG-595-5451', 'BDG-596-5452', 'BDG-597-5453', 'BDG-598-5454', 'BDG-599-5455', 'BDG-600-5511', 'BDG-601-5512', 'BDG-602-5513', 'BDG-603-5514', 'BDG-604-5515', 'BDG-605-5521', 'BDG-606-5522', 'BDG-607-5523', 'BDG-608-5524', 'BDG-609-5525', 'BDG-610-5531', 'BDG-611-5532', 'BDG-612-5533', 'BDG-613-5534', 'BDG-614-5535', 'BDG-615-5541', 'BDG-616-5542', 'BDG-617-5543', 'BDG-618-5544', 'BDG-619-5545', 'BDG-620-5551', 'BDG-621-5552', 'BDG-622-5553', 'BDG-623-5554', 'BDG-624-5555']}",1,0,19,1733260821,BDG-622-5553,TREE-1.2-0.0-0.0,"['d383d0be-6c2c-4b5a-9fae-b7bd10e621a3', 'f7c97106-afa2-4709-b205-ea7ffd67ec68']","['participant', 'participant']","['arrow-head', 'squash']","['hsla(221, 81%, 45%, 1.0)', 'hsla(1, 54%, 56%, 1.0)']","[[1.0, 0.1797078768909755], [0.1797078768909755, 1.0]]","{0: '', 1: 'A', 2: 'B'}",,1,after,"[False, False]","{'max': 21, 'min': 21, 'avg': 21.0, 'root': 12}","[0, 0]","[150, 110]",sequential,chance,chance,"[1.0, 1.0]","[0.5, 1.0]","[0.5, 1.0]","[0.5, 1.0]","[0.375, 0.0]","[0.625, 0.0]",[[0]],[[1]],[[2]],"(0, 12)","(12, 21)","(12, 21)",{},{},{},"['A', 'B']",[],[],0,0,5,5,5,3,A,,,,,,,A,,,,,"{'rtype': 'select-node', 'rtimedn': 8.957, 'rtimeup': 8.957}",,,,,,,"{'rtype': 'select-node', 'rtimedn': 9.805, 'rtimeup': 9.805}",,,,
group_size,"{'distribution': [0, 1, 0, 0], 'apply': True}",1,1,19,1733260825,BDG-093-1444,TREE-1.2-0.0-0.0,"['f7862b18-f9f6-4c7d-bc9b-5f8c15cca4e7', 'd46081e5-af46-4b37-b1de-79015b143ff4']","['participant', 'participant']","['stop-sign', 'flame']","['hsla(222, 51%, 54%, 1.0)', 'hsla(232, 64%, 44%, 1.0)']","[[1.0, 0.056077203964527915], [0.056077203964527915, 1.0]]","{0: '', 1: 'A', 2: 'B'}",,2,after,"[False, True]","{'max': 21, 'min': 21, 'avg': 21.0, 'root': 12}","[0, -10]","[121, 106]",sequential,chance,chance,"[1.0, 1.0]","[0.5, 1.0]","[0.5, 1.0]","[0.5, 1.0]","[0.625, 0.0]","[0.375, 0.0]",[[0]],[[1]],[[2]],"(0, 12)","(12, 21)","(12, 21)",{},{},{},"['A', 'B']",[],[],0,0,1,4,4,4,B,,,,,,,B,,,,,"{'rtype': 'select-node', 'rtimedn': 10.381, 'rtimeup': 10.381}",,,,,,,"{'rtype': None, 'rtimedn': 13, 'rtimeup': 13}",,,,
robots,"{'self_value': {'apply': True, 'distribution_type': 'point', 'interval': [1, 1], 'coefficients': [1, 1]}, 'other_value': {'apply': True, 'distribution_type': 'point', 'interval': [0, 0], 'coefficients': [0, 1]}, 'normal_envy': {'apply': True, 'distribution_type': 'point', 'interval': [0, 0], 'coefficients': [0, 1]}, 'reverse_envy': {'apply': True, 'distribution_type': 'point', 'interval': [0, 0], 'coefficients': [0, 1]}, 'risk_preference': {'apply': True, 'distribution_type': 'point', 'interval': [0, 0], 'coefficients': [0, 1]}, 'loss_preference': {'apply': True, 'distribution_type': 'point', 'interval': [0, 0], 'coefficients': [0, 1]}, 'reasoning_depth': {'apply': True, 'distribution_type': 'point', 'interval': [3, 3], 'coefficients': [3, 1]}, 'time_discount': {'apply': True, 'distribution_type': 'point', 'interval': [0, 0], 'coefficients': [0, 1]}, 'reaction_time': {'apply': True, 'distribution_type': 'uniform', 'interval': [0, 1], 'coefficients': [1, 1]}}",1,2,19,1733260823,BDG-166-2242,TREE-1.2-0.0-0.0,"['d8c5d3eb-c11c-4209-aa4d-8fa881c9e2ce', '47171824-3af8-4ebd-987d-3eb88573ab8e']","['participant', 'robot']","['arrow-head', 'teardrop']","['hsla(330, 87%, 38%, 1.0)', 'hsla(298, 63%, 45%, 1.0)']","[[1.0, 0.1797078768909755], [0.1797078768909755, 1.0]]","{0: '', 1: 'A', 2: 'B'}",,2,after,"[False, False]","{'max': 21, 'min': 21, 'avg': 21.0, 'root': 12}","[0, 0]","[107, 103]",sequential,chance,chance,"[1.0, 1.0]","[0.5, 1.0]","[0.5, 1.0]","[0.5, 1.0]","[0.625, 0.0]","[0.375, 0.0]",[[0]],[[1]],[[2]],"(0, 12)","(12, 21)","(12, 21)",{},{},{},"['A', 'B']",[],[],0,0,2,2,4,2,B,,,,,,,B,,,,,"{'rtype': 'select-node', 'rtimedn': 9.974, 'rtimeup': 9.974}",,,,,,,"{'rtype': 'select-node', 'rtimedn': 9.256, 'rtimeup': 9.256}",,,,
truthfulness,"{'apply': True, 'distribution_type': 'uniform', 'interval': [0, 1], 'coefficients': [1, 1]}",1,3,19,1733260819,BDG-072-1353,TREE-1.2-0.0-0.0,"['01b850cc-9ba8-4d0b-8eba-bec734ed8847', '56db9ffc-32e9-471f-abd4-5ee41d33f84d']","['participant', 'robot']","['star-six', 'bowtie']","['hsla(321, 79%, 65%, 1.0)', 'hsla(66, 70%, 54%, 1.0)']","[[1.0, 0.2456964006259781], [0.2456964006259781, 1.0]]","{0: '', 1: 'A', 2: 'B'}",,1,after,"[False, False]","{'max': 21, 'min': 21, 'avg': 21.0, 'root': 12}","[0, 0]","[103, 112]",sequential,chance,chance,"[1.0, 1.0]","[0.5, 1.0]","[0.5, 1.0]","[0.5, 1.0]","[0.375, 0.0]","[0.625, 0.0]",[[0]],[[1]],[[2]],"(0, 12)","(12, 21)","(12, 21)",{},{},{},"['A', 'B']",[],[],0,0,1,3,5,3,A,,,,,,,B,,,,,"{'rtype': 'select-node', 'rtimedn': 8.31, 'rtimeup': 8.31}",,,,,,,"{'rtype': 'a', 'rtimedn': 4.647, 'rtimeup': 6.121}",,,,
complexity,"{'apply': True, 'distribution_type': 'uniform', 'interval': [0, 1], 'coefficients': [1, 1]}",1,4,19,1733260825,BDG-009-1125,TREE-1.2-0.0-0.0,"['948c936f-74c4-4f6e-9c84-8d05a39d3da9', 'd85e7c87-2722-4952-a4b7-8cf7805dac37']","['robot', 'robot']","['cross', 'dodecagon']","['hsla(262, 66%, 39%, 1.0)', 'hsla(76, 53%, 46%, 1.0)']","[[1.0, 0.0187793427230047], [0.0187793427230047, 1.0]]","{0: '', 1: 'A', 2: 'B'}",,2,after,"[True, False]","{'max': 21, 'min': 21, 'avg': 21.0, 'root': 12}","[-10, 0]","[-51, 130]",sequential,chance,chance,"[1.0, 1.0]","[0.5, 1.0]","[0.5, 1.0]","[0.5, 1.0]","[0.625, 0.0]","[0.375, 0.0]",[[0]],[[1]],[[2]],"(0, 12)","(12, 21)","(12, 21)",{},{},{},"['A', 'B']",[],[],0,0,1,1,2,5,B,,,,,,,B,,,,,"{'rtype': None, 'rtimedn': 13, 'rtimeup': 13}",,,,,,,"{'rtype': 'd', 'rtimedn': 2.28, 'rtimeup': 2.545}",,,,
agency,"{'apply': True, 'distribution_type': 'uniform', 'interval': [0, 1], 'coefficients': [1, 1]}",2,0,19,1733260837,BDG-264-3135,TREE-1.2-0.0-0.0,"['56db9ffc-32e9-471f-abd4-5ee41d33f84d', '47171824-3af8-4ebd-987d-3eb88573ab8e']","['robot', 'robot']","['bowtie', 'teardrop']","['hsla(66, 70%, 54%, 1.0)', 'hsla(298, 63%, 45%, 1.0)']","[[1.0, 0.23004694835680753], [0.23004694835680753, 1.0]]","{0: '', 1: 'A', 2: 'B'}",,1,after,"[False, False]","{'max': 21, 'min': 21, 'avg': 21.0, 'root': 12}","[0, 0]","[112, 103]",sequential,chance,chance,"[1.0, 1.0]","[0.5, 1.0]","[0.5, 1.0]","[0.5, 1.0]","[0.375, 0.0]","[0.625, 0.0]",[[0]],[[1]],[[2]],"(0, 12)","(12, 21)","(12, 21)",{},{},{},"['A', 'B']",[],[],0,0,3,1,3,5,A,,,,,,,A,,,,,"{'rtype': 'a', 'rtimedn': 2.362, 'rtimeup': 5.476}",,,,,,,"{'rtype': 'select-node', 'rtimedn': 10.634, 'rtimeup': 10.634}",,,,
base_url,https://yourschool.sona-systems.com/webstudy_credit.aspx,2,1,19,1733260835,BDG-619-5545,TREE-1.2-0.0-0.0,"['d85e7c87-2722-4952-a4b7-8cf7805dac37', 'f7c97106-afa2-4709-b205-ea7ffd67ec68']","['robot', 'participant']","['dodecagon', 'squash']","['hsla(76, 53%, 46%, 1.0)', 'hsla(1, 54%, 56%, 1.0)']","[[1.0, 0.23004694835680753], [0.23004694835680753, 1.0]]","{0: '', 1: 'A', 2: 'B'}",,2,after,"[True, False]","{'max': 21, 'min': 21, 'avg': 21.0, 'root': 12}","[-10, 0]","[130, 110]",sequential,chance,chance,"[1.0, 1.0]","[0.5, 1.0]","[0.5, 1.0]","[0.5, 1.0]","[0.625, 0.0]","[0.375, 0.0]",[[0]],[[1]],[[2]],"(0, 12)","(12, 21)","(12, 21)",{},{},{},"['A', 'B']",[],[],0,0,5,5,4,5,B,,,,,,,A,,,,,"{'rtype': 'a', 'rtimedn': 14.535, 'rtimeup': 15.723}",,,,,,,"{'rtype': 'select-node', 'rtimedn': 11.209, 'rtimeup': 11.209}",,,,
instructions,['No additional instructions.'],2,2,19,1733260837,BDG-113-1534,TREE-1.2-0.0-0.0,"['d383d0be-6c2c-4b5a-9fae-b7bd10e621a3', 'd8c5d3eb-c11c-4209-aa4d-8fa881c9e2ce']","['participant', 'participant']","['arrow-head', 'arrow-head']","['hsla(221, 81%, 45%, 1.0)', 'hsla(330, 87%, 38%, 1.0)']","[[1.0, 0.2456964006259781], [0.2456964006259781, 1.0]]","{0: '', 1: 'A', 2: 'B'}",,2,after,"[False, False]","{'max': 21, 'min': 21, 'avg': 21.0, 'root': 12}","[0, 0]","[150, 107]",sequential,chance,chance,"[1.0, 1.0]","[0.5, 1.0]","[0.5, 1.0]","[0.5, 1.0]","[0.375, 0.0]","[0.625, 0.0]",[[0]],[[1]],[[2]],"(0, 12)","(12, 21)","(12, 21)",{},{},{},"['A', 'B']",[],[],0,0,1,5,3,4,B,,,,,,,B,,,,,"{'rtype': 'select-node', 'rtimedn': 10.307, 'rtimeup': 10.307}",,,,,,,"{'rtype': 'select-node', 'rtimedn': 11.511, 'rtimeup': 11.511}",,,,
consent,"['UNIVERSITY OF MICHIGAN', 'CONSENT TO BE PART OF A RESEARCH STUDY HUM00243214', 'Platform Title: The Morality Game', 'Platform Creator: Gregory Stanley, Ph.D. Candidate, University of Michigan', 'Faculty Advisor: Jun Zhang, Professor of Psychology, University of Michigan', 'Thank you for your interest in participating in this experiment.  This is an unpaid experiment.  You will receive credit for 1 hour of Subject Pool participation.  Please be ready for 1 hour of continuous participation.  If you are inactive for over 2 minutes, the system will automatically eject you from the experiment.  Your counterparts are human participants, unless they drop out of the experiment, in which case they will be replaced by artificial agents.  Please feel free to contact me, Greg, at (714) 454-0435 if you have any questions.  All other information relevant to your consent was covered by the platform general-consent form in the tutorial.  You must be 18 years of age or older to participate in this study.', '']",2,3,19,1733260840,BDG-614-5535,TREE-1.2-0.0-0.0,"['948c936f-74c4-4f6e-9c84-8d05a39d3da9', 'f7862b18-f9f6-4c7d-bc9b-5f8c15cca4e7']","['robot', 'participant']","['cross', 'stop-sign']","['hsla(262, 66%, 39%, 1.0)', 'hsla(222, 51%, 54%, 1.0)']","[[1.0, 0.2456964006259781], [0.2456964006259781, 1.0]]","{0: '', 1: 'A', 2: 'B'}",,2,after,"[True, False]","{'max': 21, 'min': 21, 'avg': 21.0, 'root': 12}","[-10, 0]","[-51, 121]",sequential,chance,chance,"[1.0, 1.0]","[0.5, 1.0]","[0.5, 1.0]","[0.5, 1.0]","[0.375, 0.0]","[0.625, 0.0]",[[0]],[[1]],[[2]],"(0, 12)","(12, 21)","(12, 21)",{},{},{},"['A', 'B']",[],[],0,0,5,5,3,5,B,,,,,,,A,,,,,"{'rtype': None, 'rtimedn': 13, 'rtimeup': 13}",,,,,,,"{'rtype': 'select-node', 'rtimedn': 11.609, 'rtimeup': 11.609}",,,,
experiment_code,eGfzR5QoOZLq,2,4,19,1733260839,BDG-592-5443,TREE-1.2-0.0-0.0,"['d46081e5-af46-4b37-b1de-79015b143ff4', '01b850cc-9ba8-4d0b-8eba-bec734ed8847']","['participant', 'participant']","['flame', 'star-six']","['hsla(232, 64%, 44%, 1.0)', 'hsla(321, 79%, 65%, 1.0)']","[[1.0, 0.10693792383933232], [0.10693792383933232, 1.0]]","{0: '', 1: 'A', 2: 'B'}",,1,after,"[False, False]","{'max': 21, 'min': 21, 'avg': 21.0, 'root': 12}","[0, 0]","[106, 103]",sequential,chance,chance,"[1.0, 1.0]","[0.5, 1.0]","[0.5, 1.0]","[0.5, 1.0]","[0.625, 0.0]","[0.375, 0.0]",[[0]],[[1]],[[2]],"(0, 12)","(12, 21)","(12, 21)",{},{},{},"['A', 'B']",[],[],0,0,5,4,4,3,A,,,,,,,A,,,,,"{'rtype': 'select-node', 'rtimedn': 9.081, 'rtimeup': 9.081}",,,,,,,"{'rtype': 'select-node', 'rtimedn': 9.828, 'rtimeup': 9.828}",,,,
experiment_type,pilot,3,0,19,1733260855,BDG-467-4443,TREE-1.2-0.0-0.0,"['47171824-3af8-4ebd-987d-3eb88573ab8e', 'd8c5d3eb-c11c-4209-aa4d-8fa881c9e2ce']","['robot', 'participant']","['teardrop', 'arrow-head']","['hsla(298, 63%, 45%, 1.0)', 'hsla(330, 87%, 38%, 1.0)']","[[1.0, 0.1797078768909755], [0.1797078768909755, 1.0]]","{0: '', 1: 'A', 2: 'B'}",,2,after,"[True, True]","{'max': 21, 'min': 21, 'avg': 21.0, 'root': 12}","[-10, -10]","[103, 107]",sequential,chance,chance,"[1.0, 1.0]","[0.5, 1.0]","[0.5, 1.0]","[0.5, 1.0]","[0.625, 0.0]","[0.375, 0.0]",[[0]],[[1]],[[2]],"(0, 12)","(12, 21)","(12, 21)",{},{},{},"['A', 'B']",[],[],0,0,4,4,4,3,B,,,,,,,A,,,,,"{'rtype': 'select-node', 'rtimedn': 12.046, 'rtimeup': 12.046}",,,,,,,"{'rtype': None, 'rtimedn': 13, 'rtimeup': 13}",,,,
status,open,3,1,19,1733260852,BDG-582-5423,TREE-1.2-0.0-0.0,"['f7862b18-f9f6-4c7d-bc9b-5f8c15cca4e7', 'd383d0be-6c2c-4b5a-9fae-b7bd10e621a3']","['participant', 'participant']","['stop-sign', 'arrow-head']","['hsla(222, 51%, 54%, 1.0)', 'hsla(221, 81%, 45%, 1.0)']","[[1.0, 0.23004694835680753], [0.23004694835680753, 1.0]]","{0: '', 1: 'A', 2: 'B'}",,2,after,"[True, False]","{'max': 21, 'min': 21, 'avg': 21.0, 'root': 12}","[-10, 0]","[121, 150]",sequential,chance,chance,"[1.0, 1.0]","[0.5, 1.0]","[0.5, 1.0]","[0.5, 1.0]","[0.375, 0.0]","[0.625, 0.0]",[[0]],[[1]],[[2]],"(0, 12)","(12, 21)","(12, 21)",{},{},{},"['A', 'B']",[],[],0,0,5,4,2,3,B,,,,,,,A,,,,,"{'rtype': 'select-node', 'rtimedn': 13.028, 'rtimeup': 13.028}",,,,,,,"{'rtype': 'select-node', 'rtimedn': 11.803, 'rtimeup': 11.803}",,,,
start_date,2024-12-03-16:14,3,2,19,1733260855,BDG-311-3332,TREE-1.2-0.0-0.0,"['01b850cc-9ba8-4d0b-8eba-bec734ed8847', 'd46081e5-af46-4b37-b1de-79015b143ff4']","['participant', 'participant']","['star-six', 'flame']","['hsla(321, 79%, 65%, 1.0)', 'hsla(232, 64%, 44%, 1.0)']","[[1.0, 0.10693792383933232], [0.10693792383933232, 1.0]]","{0: '', 1: 'A', 2: 'B'}",,2,after,"[False, True]","{'max': 21, 'min': 21, 'avg': 21.0, 'root': 12}","[0, -10]","[103, 106]",sequential,chance,chance,"[1.0, 1.0]","[0.5, 1.0]","[0.5, 1.0]","[0.5, 1.0]","[0.625, 0.0]","[0.375, 0.0]",[[0]],[[1]],[[2]],"(0, 12)","(12, 21)","(12, 21)",{},{},{},"['A', 'B']",[],[],0,0,3,3,3,2,B,,,,,,,A,,,,,"{'rtype': 'select-node', 'rtimedn': 11.299, 'rtimeup': 11.299}",,,,,,,"{'rtype': None, 'rtimedn': 13, 'rtimeup': 13}",,,,
experimenter_uuid,90427df1-2b1e-4653-9e04-f86c9e4bfa2c,3,3,19,1733260850,BDG-501-5112,TREE-1.2-0.0-0.0,"['d85e7c87-2722-4952-a4b7-8cf7805dac37', 'f7c97106-afa2-4709-b205-ea7ffd67ec68']","['robot', 'participant']","['dodecagon', 'squash']","['hsla(76, 53%, 46%, 1.0)', 'hsla(1, 54%, 56%, 1.0)']","[[1.0, 0.23004694835680753], [0.23004694835680753, 1.0]]","{0: '', 1: 'A', 2: 'B'}",,1,after,"[False, True]","{'max': 21, 'min': 21, 'avg': 21.0, 'root': 12}","[0, -10]","[130, 110]",sequential,chance,chance,"[1.0, 1.0]","[0.5, 1.0]","[0.5, 1.0]","[0.5, 1.0]","[0.625, 0.0]","[0.375, 0.0]",[[0]],[[1]],[[2]],"(0, 12)","(12, 21)","(12, 21)",{},{},{},"['A', 'B']",[],[],0,0,5,1,1,2,A,,,,,,,A,,,,,"{'rtype': 'd', 'rtimedn': 1.299, 'rtimeup': 5.021}",,,,,,,"{'rtype': 'select-node', 'rtimedn': 12.77, 'rtimeup': 12.77}",,,,
batches,"{'completed': 104, 'batch_study': True}",3,4,19,1733260855,BDG-451-4412,TREE-1.2-0.0-0.0,"['56db9ffc-32e9-471f-abd4-5ee41d33f84d', '948c936f-74c4-4f6e-9c84-8d05a39d3da9']","['robot', 'robot']","['bowtie', 'cross']","['hsla(66, 70%, 54%, 1.0)', 'hsla(262, 66%, 39%, 1.0)']","[[1.0, 0.10693792383933232], [0.10693792383933232, 1.0]]","{0: '', 1: 'A', 2: 'B'}",,1,after,"[False, True]","{'max': 21, 'min': 21, 'avg': 21.0, 'root': 12}","[0, -10]","[112, -51]",sequential,chance,chance,"[1.0, 1.0]","[0.5, 1.0]","[0.5, 1.0]","[0.5, 1.0]","[0.625, 0.0]","[0.375, 0.0]",[[0]],[[1]],[[2]],"(0, 12)","(12, 21)","(12, 21)",{},{},{},"['A', 'B']",[],[],0,0,4,4,1,2,A,,,,,,,B,,,,,"{'rtype': 'd', 'rtimedn': 6.501, 'rtimeup': 6.98}",,,,,,,"{'rtype': None, 'rtimedn': 13, 'rtimeup': 13}",,,,
predetermined_trials,,4,0,19,1733260864,BDG-094-1445,TREE-1.2-0.0-0.0,"['d383d0be-6c2c-4b5a-9fae-b7bd10e621a3', 'f7862b18-f9f6-4c7d-bc9b-5f8c15cca4e7']","['participant', 'participant']","['arrow-head', 'stop-sign']","['hsla(221, 81%, 45%, 1.0)', 'hsla(222, 51%, 54%, 1.0)']","[[1.0, 0.23004694835680753], [0.23004694835680753, 1.0]]","{0: '', 1: 'A', 2: 'B'}",,2,after,"[True, True]","{'max': 21, 'min': 21, 'avg': 21.0, 'root': 12}","[-10, -10]","[150, 121]",sequential,chance,chance,"[1.0, 1.0]","[0.5, 1.0]","[0.5, 1.0]","[0.5, 1.0]","[0.375, 0.0]","[0.625, 0.0]",[[0]],[[1]],[[2]],"(0, 12)","(12, 21)","(12, 21)",{},{},{},"['A', 'B']",[],[],0,0,1,4,4,5,B,,,,,,,A,,,,,"{'rtype': 'select-node', 'rtimedn': 13.247, 'rtimeup': 13.247}",,,,,,,"{'rtype': 'select-node', 'rtimedn': 14.224, 'rtimeup': 14.224}",,,,
,,4,1,19,1733260870,BDG-335-3431,TREE-1.2-0.0-0.0,"['47171824-3af8-4ebd-987d-3eb88573ab8e', 'd8c5d3eb-c11c-4209-aa4d-8fa881c9e2ce']","['robot', 'participant']","['teardrop', 'arrow-head']","['hsla(298, 63%, 45%, 1.0)', 'hsla(330, 87%, 38%, 1.0)']","[[1.0, 0.1797078768909755], [0.1797078768909755, 1.0]]","{0: '', 1: 'A', 2: 'B'}",,2,after,"[True, True]","{'max': 21, 'min': 21, 'avg': 21.0, 'root': 12}","[-10, -10]","[103, 107]",sequential,chance,chance,"[1.0, 1.0]","[0.5, 1.0]","[0.5, 1.0]","[0.5, 1.0]","[0.625, 0.0]","[0.375, 0.0]",[[0]],[[1]],[[2]],"(0, 12)","(12, 21)","(12, 21)",{},{},{},"['A', 'B']",[],[],0,0,3,4,3,1,B,,,,,,,B,,,,,"{'rtype': 'select-node', 'rtimedn': 13.27, 'rtimeup': 13.27}",,,,,,,"{'rtype': None, 'rtimedn': 13, 'rtimeup': 13}",,,,
,,4,2,19,1733260870,BDG-572-5353,TREE-1.2-0.0-0.0,"['948c936f-74c4-4f6e-9c84-8d05a39d3da9', 'd46081e5-af46-4b37-b1de-79015b143ff4']","['robot', 'participant']","['cross', 'flame']","['hsla(262, 66%, 39%, 1.0)', 'hsla(232, 64%, 44%, 1.0)']","[[1.0, 0.1797078768909755], [0.1797078768909755, 1.0]]","{0: '', 1: 'A', 2: 'B'}",,2,after,"[True, True]","{'max': 21, 'min': 21, 'avg': 21.0, 'root': 12}","[-10, -10]","[-51, 106]",sequential,chance,chance,"[1.0, 1.0]","[0.5, 1.0]","[0.5, 1.0]","[0.5, 1.0]","[0.625, 0.0]","[0.375, 0.0]",[[0]],[[1]],[[2]],"(0, 12)","(12, 21)","(12, 21)",{},{},{},"['A', 'B']",[],[],0,0,5,3,5,3,B,,,,,,,A,,,,,"{'rtype': None, 'rtimedn': 13, 'rtimeup': 13}",,,,,,,"{'rtype': None, 'rtimedn': 13, 'rtimeup': 13}",,,,
,,4,3,19,1733260858,BDG-342-3443,TREE-1.2-0.0-0.0,"['d85e7c87-2722-4952-a4b7-8cf7805dac37', '56db9ffc-32e9-471f-abd4-5ee41d33f84d']","['robot', 'robot']","['dodecagon', 'bowtie']","['hsla(76, 53%, 46%, 1.0)', 'hsla(66, 70%, 54%, 1.0)']","[[1.0, 0.1797078768909755], [0.1797078768909755, 1.0]]","{0: '', 1: 'A', 2: 'B'}",,2,after,"[False, False]","{'max': 21, 'min': 21, 'avg': 21.0, 'root': 12}","[0, 0]","[130, 112]",sequential,chance,chance,"[1.0, 1.0]","[0.5, 1.0]","[0.5, 1.0]","[0.5, 1.0]","[0.625, 0.0]","[0.375, 0.0]",[[0]],[[1]],[[2]],"(0, 12)","(12, 21)","(12, 21)",{},{},{},"['A', 'B']",[],[],0,0,3,4,4,3,B,,,,,,,B,,,,,"{'rtype': 'a', 'rtimedn': 9.073, 'rtimeup': 10.069}",,,,,,,"{'rtype': 'a', 'rtimedn': 3.154, 'rtimeup': 4.141}",,,,
,,4,4,19,1733260867,BDG-485-4531,TREE-1.2-0.0-0.0,"['f7c97106-afa2-4709-b205-ea7ffd67ec68', '01b850cc-9ba8-4d0b-8eba-bec734ed8847']","['participant', 'participant']","['squash', 'star-six']","['hsla(1, 54%, 56%, 1.0)', 'hsla(321, 79%, 65%, 1.0)']","[[1.0, 0.0187793427230047], [0.0187793427230047, 1.0]]","{0: '', 1: 'A', 2: 'B'}",,1,after,"[True, True]","{'max': 21, 'min': 21, 'avg': 21.0, 'root': 12}","[-10, -10]","[110, 103]",sequential,chance,chance,"[1.0, 1.0]","[0.5, 1.0]","[0.5, 1.0]","[0.5, 1.0]","[0.625, 0.0]","[0.375, 0.0]",[[0]],[[1]],[[2]],"(0, 12)","(12, 21)","(12, 21)",{},{},{},"['A', 'B']",[],[],0,0,4,5,3,1,A,,,,,,,B,,,,,"{'rtype': 'select-node', 'rtimedn': 14.156, 'rtimeup': 14.156}",,,,,,,"{'rtype': 'select-node', 'rtimedn': 13.148, 'rtimeup': 13.148}",,,,
,,5,0,19,1733260881,BDG-417-4243,TREE-1.2-0.0-0.0,"['47171824-3af8-4ebd-987d-3eb88573ab8e', '56db9ffc-32e9-471f-abd4-5ee41d33f84d']","['robot', 'robot']","['teardrop', 'bowtie']","['hsla(298, 63%, 45%, 1.0)', 'hsla(66, 70%, 54%, 1.0)']","[[1.0, 0.23004694835680753], [0.23004694835680753, 1.0]]","{0: '', 1: 'A', 2: 'B'}",,1,after,"[True, False]","{'max': 21, 'min': 21, 'avg': 21.0, 'root': 12}","[-10, 0]","[103, 112]",sequential,chance,chance,"[1.0, 1.0]","[0.5, 1.0]","[0.5, 1.0]","[0.5, 1.0]","[0.625, 0.0]","[0.375, 0.0]",[[0]],[[1]],[[2]],"(0, 12)","(12, 21)","(12, 21)",{},{},{},"['A', 'B']",[],[],0,0,4,2,4,3,A,,,,,,,B,,,,,"{'rtype': 'select-node', 'rtimedn': 14.971, 'rtimeup': 14.971}",,,,,,,"{'rtype': 'd', 'rtimedn': 1.979, 'rtimeup': 3.346}",,,,
,,5,1,19,1733260884,BDG-556-5322,TREE-1.2-0.0-0.0,"['948c936f-74c4-4f6e-9c84-8d05a39d3da9', 'd85e7c87-2722-4952-a4b7-8cf7805dac37']","['robot', 'robot']","['cross', 'dodecagon']","['hsla(262, 66%, 39%, 1.0)', 'hsla(76, 53%, 46%, 1.0)']","[[1.0, 0.0187793427230047], [0.0187793427230047, 1.0]]","{0: '', 1: 'A', 2: 'B'}",,2,after,"[True, False]","{'max': 21, 'min': 21, 'avg': 21.0, 'root': 12}","[-10, 0]","[-51, 130]",sequential,chance,chance,"[1.0, 1.0]","[0.5, 1.0]","[0.5, 1.0]","[0.5, 1.0]","[0.625, 0.0]","[0.375, 0.0]",[[0]],[[1]],[[2]],"(0, 12)","(12, 21)","(12, 21)",{},{},{},"['A', 'B']",[],[],0,0,5,3,2,2,B,,,,,,,A,,,,,"{'rtype': None, 'rtimedn': 13, 'rtimeup': 13}",,,,,,,"{'rtype': 'd', 'rtimedn': 1.822, 'rtimeup': 3.539}",,,,
,,5,2,19,1733260877,BDG-291-3242,TREE-1.2-0.0-0.0,"['d46081e5-af46-4b37-b1de-79015b143ff4', '01b850cc-9ba8-4d0b-8eba-bec734ed8847']","['participant', 'participant']","['flame', 'star-six']","['hsla(232, 64%, 44%, 1.0)', 'hsla(321, 79%, 65%, 1.0)']","[[1.0, 0.10693792383933232], [0.10693792383933232, 1.0]]","{0: '', 1: 'A', 2: 'B'}",,1,after,"[True, True]","{'max': 21, 'min': 21, 'avg': 21.0, 'root': 12}","[-10, -10]","[106, 103]",sequential,chance,chance,"[1.0, 1.0]","[0.5, 1.0]","[0.5, 1.0]","[0.5, 1.0]","[0.375, 0.0]","[0.625, 0.0]",[[0]],[[1]],[[2]],"(0, 12)","(12, 21)","(12, 21)",{},{},{},"['A', 'B']",[],[],0,0,3,2,4,2,A,,,,,,,B,,,,,"{'rtype': 'select-node', 'rtimedn': 12.793, 'rtimeup': 12.793}",,,,,,,"{'rtype': 'select-node', 'rtimedn': 14.132, 'rtimeup': 14.132}",,,,
,,5,3,19,1733260884,BDG-480-4521,TREE-1.2-0.0-0.0,"['d8c5d3eb-c11c-4209-aa4d-8fa881c9e2ce', 'f7862b18-f9f6-4c7d-bc9b-5f8c15cca4e7']","['participant', 'participant']","['arrow-head', 'stop-sign']","['hsla(330, 87%, 38%, 1.0)', 'hsla(222, 51%, 54%, 1.0)']","[[1.0, 0.08581116327595202], [0.08581116327595202, 1.0]]","{0: '', 1: 'A', 2: 'B'}",,2,after,"[True, True]","{'max': 21, 'min': 21, 'avg': 21.0, 'root': 12}","[-10, -10]","[107, 121]",sequential,chance,chance,"[1.0, 1.0]","[0.5, 1.0]","[0.5, 1.0]","[0.5, 1.0]","[0.375, 0.0]","[0.625, 0.0]",[[0]],[[1]],[[2]],"(0, 12)","(12, 21)","(12, 21)",{},{},{},"['A', 'B']",[],[],0,0,4,5,2,1,B,,,,,,,B,,,,,"{'rtype': 'select-node', 'rtimedn': 16.209, 'rtimeup': 16.209}",,,,,,,"{'rtype': 'select-node', 'rtimedn': 15.903, 'rtimeup': 15.903}",,,,
,,5,4,19,1733260877,BDG-122-1553,TREE-1.2-0.0-0.0,"['d383d0be-6c2c-4b5a-9fae-b7bd10e621a3', 'f7c97106-afa2-4709-b205-ea7ffd67ec68']","['participant', 'participant']","['arrow-head', 'squash']","['hsla(221, 81%, 45%, 1.0)', 'hsla(1, 54%, 56%, 1.0)']","[[1.0, 0.1797078768909755], [0.1797078768909755, 1.0]]","{0: '', 1: 'A', 2: 'B'}",,2,after,"[True, True]","{'max': 21, 'min': 21, 'avg': 21.0, 'root': 12}","[-10, -10]","[150, 110]",sequential,chance,chance,"[1.0, 1.0]","[0.5, 1.0]","[0.5, 1.0]","[0.5, 1.0]","[0.625, 0.0]","[0.375, 0.0]",[[0]],[[1]],[[2]],"(0, 12)","(12, 21)","(12, 21)",{},{},{},"['A', 'B']",[],[],0,0,1,5,5,3,B,,,,,,,B,,,,,"{'rtype': 'select-node', 'rtimedn': 14.573, 'rtimeup': 14.573}",,,,,,,"{'rtype': 'select-node', 'rtimedn': 15.414, 'rtimeup': 15.414}",,,,
,,6,0,19,1733260893,BDG-102-1513,TREE-1.2-0.0-0.0,"['d8c5d3eb-c11c-4209-aa4d-8fa881c9e2ce', 'd46081e5-af46-4b37-b1de-79015b143ff4']","['participant', 'participant']","['arrow-head', 'flame']","['hsla(330, 87%, 38%, 1.0)', 'hsla(232, 64%, 44%, 1.0)']","[[1.0, 0.23004694835680753], [0.23004694835680753, 1.0]]","{0: '', 1: 'A', 2: 'B'}",,1,after,"[True, True]","{'max': 21, 'min': 21, 'avg': 21.0, 'root': 12}","[-10, -10]","[107, 106]",sequential,chance,chance,"[1.0, 1.0]","[0.5, 1.0]","[0.5, 1.0]","[0.5, 1.0]","[0.625, 0.0]","[0.375, 0.0]",[[0]],[[1]],[[2]],"(0, 12)","(12, 21)","(12, 21)",{},{},{},"['A', 'B']",[],[],0,0,1,5,1,3,A,,,,,,,A,,,,,"{'rtype': 'select-node', 'rtimedn': 17.167, 'rtimeup': 17.167}",,,,,,,"{'rtype': 'select-node', 'rtimedn': 14.273, 'rtimeup': 14.273}",,,,
,,6,1,19,1733260894,BDG-404-4215,TREE-1.2-0.0-0.0,"['56db9ffc-32e9-471f-abd4-5ee41d33f84d', 'd383d0be-6c2c-4b5a-9fae-b7bd10e621a3']","['robot', 'participant']","['bowtie', 'arrow-head']","['hsla(66, 70%, 54%, 1.0)', 'hsla(221, 81%, 45%, 1.0)']","[[1.0, 0.08581116327595202], [0.08581116327595202, 1.0]]","{0: '', 1: 'A', 2: 'B'}",,1,after,"[False, True]","{'max': 21, 'min': 21, 'avg': 21.0, 'root': 12}","[0, -10]","[112, 150]",sequential,chance,chance,"[1.0, 1.0]","[0.5, 1.0]","[0.5, 1.0]","[0.5, 1.0]","[0.625, 0.0]","[0.375, 0.0]",[[0]],[[1]],[[2]],"(0, 12)","(12, 21)","(12, 21)",{},{},{},"['A', 'B']",[],[],0,0,4,2,1,5,A,,,,,,,A,,,,,"{'rtype': 'd', 'rtimedn': 3.543, 'rtimeup': 5.37}",,,,,,,"{'rtype': 'select-node', 'rtimedn': 16.359, 'rtimeup': 16.359}",,,,
,,6,2,19,1733260899,BDG-267-3143,TREE-1.2-0.0-0.0,"['948c936f-74c4-4f6e-9c84-8d05a39d3da9', '47171824-3af8-4ebd-987d-3eb88573ab8e']","['robot', 'robot']","['cross', 'teardrop']","['hsla(262, 66%, 39%, 1.0)', 'hsla(298, 63%, 45%, 1.0)']","[[1.0, 0.056077203964527915], [0.056077203964527915, 1.0]]","{0: '', 1: 'A', 2: 'B'}",,1,after,"[True, True]","{'max': 21, 'min': 21, 'avg': 21.0, 'root': 12}","[-10, -10]","[-51, 103]",sequential,chance,chance,"[1.0, 1.0]","[0.5, 1.0]","[0.5, 1.0]","[0.5, 1.0]","[0.375, 0.0]","[0.625, 0.0]",[[0]],[[1]],[[2]],"(0, 12)","(12, 21)","(12, 21)",{},{},{},"['A', 'B']",[],[],0,0,3,1,4,3,A,,,,,,,A,,,,,"{'rtype': None, 'rtimedn': 13, 'rtimeup': 13}",,,,,,,"{'rtype': None, 'rtimedn': 13, 'rtimeup': 13}",,,,
,,6,3,19,1733260893,BDG-030-1221,TREE-1.2-0.0-0.0,"['01b850cc-9ba8-4d0b-8eba-bec734ed8847', 'f7862b18-f9f6-4c7d-bc9b-5f8c15cca4e7']","['participant', 'participant']","['star-six', 'stop-sign']","['hsla(321, 79%, 65%, 1.0)', 'hsla(222, 51%, 54%, 1.0)']","[[1.0, 0.1797078768909755], [0.1797078768909755, 1.0]]","{0: '', 1: 'A', 2: 'B'}",,1,after,"[True, True]","{'max': 21, 'min': 21, 'avg': 21.0, 'root': 12}","[-10, -10]","[103, 121]",sequential,chance,chance,"[1.0, 1.0]","[0.5, 1.0]","[0.5, 1.0]","[0.5, 1.0]","[0.625, 0.0]","[0.375, 0.0]",[[0]],[[1]],[[2]],"(0, 12)","(12, 21)","(12, 21)",{},{},{},"['A', 'B']",[],[],0,0,1,2,2,1,A,,,,,,,B,,,,,"{'rtype': 'select-node', 'rtimedn': 15.653, 'rtimeup': 15.653}",,,,,,,"{'rtype': 'select-node', 'rtimedn': 17.105, 'rtimeup': 17.105}",,,,
,,6,4,19,1733260893,BDG-514-5135,TREE-1.2-0.0-0.0,"['d85e7c87-2722-4952-a4b7-8cf7805dac37', 'f7c97106-afa2-4709-b205-ea7ffd67ec68']","['robot', 'participant']","['dodecagon', 'squash']","['hsla(76, 53%, 46%, 1.0)', 'hsla(1, 54%, 56%, 1.0)']","[[1.0, 0.23004694835680753], [0.23004694835680753, 1.0]]","{0: '', 1: 'A', 2: 'B'}",,2,after,"[False, True]","{'max': 21, 'min': 21, 'avg': 21.0, 'root': 12}","[0, -10]","[130, 110]",sequential,chance,chance,"[1.0, 1.0]","[0.5, 1.0]","[0.5, 1.0]","[0.5, 1.0]","[0.375, 0.0]","[0.625, 0.0]",[[0]],[[1]],[[2]],"(0, 12)","(12, 21)","(12, 21)",{},{},{},"['A', 'B']",[],[],0,0,5,1,3,5,B,,,,,,,A,,,,,"{'rtype': 'd', 'rtimedn': 8.668, 'rtimeup': 8.784}",,,,,,,"{'rtype': 'select-node', 'rtimedn': 17.024, 'rtimeup': 17.024}",,,,
,,7,0,19,1733260902,BDG-544-5245,TREE-1.2-0.0-0.0,"['56db9ffc-32e9-471f-abd4-5ee41d33f84d', 'd85e7c87-2722-4952-a4b7-8cf7805dac37']","['robot', 'robot']","['bowtie', 'dodecagon']","['hsla(66, 70%, 54%, 1.0)', 'hsla(76, 53%, 46%, 1.0)']","[[1.0, 0.1797078768909755], [0.1797078768909755, 1.0]]","{0: '', 1: 'A', 2: 'B'}",,1,after,"[False, False]","{'max': 21, 'min': 21, 'avg': 21.0, 'root': 12}","[0, 0]","[112, 130]",sequential,chance,chance,"[1.0, 1.0]","[0.5, 1.0]","[0.5, 1.0]","[0.5, 1.0]","[0.625, 0.0]","[0.375, 0.0]",[[0]],[[1]],[[2]],"(0, 12)","(12, 21)","(12, 21)",{},{},{},"['A', 'B']",[],[],0,0,5,2,4,5,A,,,,,,,B,,,,,"{'rtype': 'd', 'rtimedn': 4.042, 'rtimeup': 5.551}",,,,,,,"{'rtype': 'a', 'rtimedn': 2.43, 'rtimeup': 3.244}",,,,
,,7,1,19,1733260914,BDG-565-5341,TREE-1.2-0.0-0.0,"['948c936f-74c4-4f6e-9c84-8d05a39d3da9', '47171824-3af8-4ebd-987d-3eb88573ab8e']","['robot', 'robot']","['cross', 'teardrop']","['hsla(262, 66%, 39%, 1.0)', 'hsla(298, 63%, 45%, 1.0)']","[[1.0, 0.056077203964527915], [0.056077203964527915, 1.0]]","{0: '', 1: 'A', 2: 'B'}",,2,after,"[True, True]","{'max': 21, 'min': 21, 'avg': 21.0, 'root': 12}","[-10, -10]","[-51, 103]",sequential,chance,chance,"[1.0, 1.0]","[0.5, 1.0]","[0.5, 1.0]","[0.5, 1.0]","[0.625, 0.0]","[0.375, 0.0]",[[0]],[[1]],[[2]],"(0, 12)","(12, 21)","(12, 21)",{},{},{},"['A', 'B']",[],[],0,0,5,3,4,1,B,,,,,,,A,,,,,"{'rtype': None, 'rtimedn': 13, 'rtimeup': 13}",,,,,,,"{'rtype': 'select-node', 'rtimedn': 17.737, 'rtimeup': 17.737}",,,,
,,7,2,19,1733260912,BDG-126-2112,TREE-1.2-0.0-0.0,"['d8c5d3eb-c11c-4209-aa4d-8fa881c9e2ce', 'd46081e5-af46-4b37-b1de-79015b143ff4']","['participant', 'participant']","['arrow-head', 'flame']","['hsla(330, 87%, 38%, 1.0)', 'hsla(232, 64%, 44%, 1.0)']","[[1.0, 0.23004694835680753], [0.23004694835680753, 1.0]]","{0: '', 1: 'A', 2: 'B'}",,1,after,"[True, True]","{'max': 21, 'min': 21, 'avg': 21.0, 'root': 12}","[-10, -10]","[107, 106]",sequential,chance,chance,"[1.0, 1.0]","[0.5, 1.0]","[0.5, 1.0]","[0.5, 1.0]","[0.375, 0.0]","[0.625, 0.0]",[[0]],[[1]],[[2]],"(0, 12)","(12, 21)","(12, 21)",{},{},{},"['A', 'B']",[],[],0,0,2,1,1,2,A,,,,,,,B,,,,,"{'rtype': 'select-node', 'rtimedn': 19.005, 'rtimeup': 19.005}",,,,,,,"{'rtype': 'select-node', 'rtimedn': 15.708, 'rtimeup': 15.708}",,,,
,,7,3,19,1733260912,BDG-168-2244,TREE-1.2-0.0-0.0,"['01b850cc-9ba8-4d0b-8eba-bec734ed8847', 'f7862b18-f9f6-4c7d-bc9b-5f8c15cca4e7']","['participant', 'participant']","['star-six', 'stop-sign']","['hsla(321, 79%, 65%, 1.0)', 'hsla(222, 51%, 54%, 1.0)']","[[1.0, 0.1797078768909755], [0.1797078768909755, 1.0]]","{0: '', 1: 'A', 2: 'B'}",,1,after,"[True, True]","{'max': 21, 'min': 21, 'avg': 21.0, 'root': 12}","[-10, -10]","[103, 121]",sequential,chance,chance,"[1.0, 1.0]","[0.5, 1.0]","[0.5, 1.0]","[0.5, 1.0]","[0.375, 0.0]","[0.625, 0.0]",[[0]],[[1]],[[2]],"(0, 12)","(12, 21)","(12, 21)",{},{},{},"['A', 'B']",[],[],0,0,2,2,4,4,A,,,,,,,A,,,,,"{'rtype': 'select-node', 'rtimedn': 17.318, 'rtimeup': 17.318}",,,,,,,"{'rtype': 'select-node', 'rtimedn': 19.078, 'rtimeup': 19.078}",,,,
,,7,4,19,1733260913,BDG-130-2121,TREE-1.2-0.0-0.0,"['d383d0be-6c2c-4b5a-9fae-b7bd10e621a3', 'f7c97106-afa2-4709-b205-ea7ffd67ec68']","['participant', 'participant']","['arrow-head', 'squash']","['hsla(221, 81%, 45%, 1.0)', 'hsla(1, 54%, 56%, 1.0)']","[[1.0, 0.1797078768909755], [0.1797078768909755, 1.0]]","{0: '', 1: 'A', 2: 'B'}",,2,after,"[True, True]","{'max': 21, 'min': 21, 'avg': 21.0, 'root': 12}","[-10, -10]","[150, 110]",sequential,chance,chance,"[1.0, 1.0]","[0.5, 1.0]","[0.5, 1.0]","[0.5, 1.0]","[0.375, 0.0]","[0.625, 0.0]",[[0]],[[1]],[[2]],"(0, 12)","(12, 21)","(12, 21)",{},{},{},"['A', 'B']",[],[],0,0,2,1,2,1,B,,,,,,,A,,,,,"{'rtype': 'select-node', 'rtimedn': 17.65, 'rtimeup': 17.65}",,,,,,,"{'rtype': 'select-node', 'rtimedn': 19.005, 'rtimeup': 19.005}",,,,
,,8,0,19,1733260925,BDG-401-4212,TREE-1.2-0.0-0.0,"['47171824-3af8-4ebd-987d-3eb88573ab8e', 'd8c5d3eb-c11c-4209-aa4d-8fa881c9e2ce']","['robot', 'participant']","['teardrop', 'arrow-head']","['hsla(298, 63%, 45%, 1.0)', 'hsla(330, 87%, 38%, 1.0)']","[[1.0, 0.1797078768909755], [0.1797078768909755, 1.0]]","{0: '', 1: 'A', 2: 'B'}",,1,after,"[True, True]","{'max': 21, 'min': 21, 'avg': 21.0, 'root': 12}","[-10, -10]","[103, 107]",sequential,chance,chance,"[1.0, 1.0]","[0.5, 1.0]","[0.5, 1.0]","[0.5, 1.0]","[0.625, 0.0]","[0.375, 0.0]",[[0]],[[1]],[[2]],"(0, 12)","(12, 21)","(12, 21)",{},{},{},"['A', 'B']",[],[],0,0,4,2,1,2,A,,,,,,,A,,,,,"{'rtype': 'select-node', 'rtimedn': 19.273, 'rtimeup': 19.273}",,,,,,,"{'rtype': 'select-node', 'rtimedn': 20.293, 'rtimeup': 20.293}",,,,
,,8,1,19,1733260917,BDG-517-5143,TREE-1.2-0.0-0.0,"['d85e7c87-2722-4952-a4b7-8cf7805dac37', '56db9ffc-32e9-471f-abd4-5ee41d33f84d']","['robot', 'robot']","['dodecagon', 'bowtie']","['hsla(76, 53%, 46%, 1.0)', 'hsla(66, 70%, 54%, 1.0)']","[[1.0, 0.1797078768909755], [0.1797078768909755, 1.0]]","{0: '', 1: 'A', 2: 'B'}",,2,after,"[False, False]","{'max': 21, 'min': 21, 'avg': 21.0, 'root': 12}","[0, 0]","[130, 112]",sequential,chance,chance,"[1.0, 1.0]","[0.5, 1.0]","[0.5, 1.0]","[0.5, 1.0]","[0.625, 0.0]","[0.375, 0.0]",[[0]],[[1]],[[2]],"(0, 12)","(12, 21)","(12, 21)",{},{},{},"['A', 'B']",[],[],0,0,5,1,4,3,B,,,,,,,B,,,,,"{'rtype': 'a', 'rtimedn': 2.342, 'rtimeup': 4.245}",,,,,,,"{'rtype': 'd', 'rtimedn': 0.573, 'rtimeup': 4.668}",,,,
,,8,2,19,1733260923,BDG-363-3534,TREE-1.2-0.0-0.0,"['f7862b18-f9f6-4c7d-bc9b-5f8c15cca4e7', 'd383d0be-6c2c-4b5a-9fae-b7bd10e621a3']","['participant', 'participant']","['stop-sign', 'arrow-head']","['hsla(222, 51%, 54%, 1.0)', 'hsla(221, 81%, 45%, 1.0)']","[[1.0, 0.23004694835680753], [0.23004694835680753, 1.0]]","{0: '', 1: 'A', 2: 'B'}",,1,after,"[True, True]","{'max': 21, 'min': 21, 'avg': 21.0, 'root': 12}","[-10, -10]","[121, 150]",sequential,chance,chance,"[1.0, 1.0]","[0.5, 1.0]","[0.5, 1.0]","[0.5, 1.0]","[0.625, 0.0]","[0.375, 0.0]",[[0]],[[1]],[[2]],"(0, 12)","(12, 21)","(12, 21)",{},{},{},"['A', 'B']",[],[],0,0,3,5,3,4,A,,,,,,,A,,,,,"{'rtype': 'select-node', 'rtimedn': 20.146, 'rtimeup': 20.146}",,,,,,,"{'rtype': 'select-node', 'rtimedn': 19.241, 'rtimeup': 19.241}",,,,
,,8,3,19,1733260929,BDG-215-2441,TREE-1.2-0.0-0.0,"['948c936f-74c4-4f6e-9c84-8d05a39d3da9', '01b850cc-9ba8-4d0b-8eba-bec734ed8847']","['robot', 'participant']","['cross', 'star-six']","['hsla(262, 66%, 39%, 1.0)', 'hsla(321, 79%, 65%, 1.0)']","[[1.0, 0.23004694835680753], [0.23004694835680753, 1.0]]","{0: '', 1: 'A', 2: 'B'}",,1,after,"[True, True]","{'max': 21, 'min': 21, 'avg': 21.0, 'root': 12}","[-10, -10]","[-51, 103]",sequential,chance,chance,"[1.0, 1.0]","[0.5, 1.0]","[0.5, 1.0]","[0.5, 1.0]","[0.625, 0.0]","[0.375, 0.0]",[[0]],[[1]],[[2]],"(0, 12)","(12, 21)","(12, 21)",{},{},{},"['A', 'B']",[],[],0,0,2,4,4,1,A,,,,,,,A,,,,,"{'rtype': None, 'rtimedn': 13, 'rtimeup': 13}",,,,,,,"{'rtype': 'select-node', 'rtimedn': 18.934, 'rtimeup': 18.934}",,,,
,,8,4,19,1733260924,BDG-532-5223,TREE-1.2-0.0-0.0,"['d46081e5-af46-4b37-b1de-79015b143ff4', 'f7c97106-afa2-4709-b205-ea7ffd67ec68']","['participant', 'participant']","['flame', 'squash']","['hsla(232, 64%, 44%, 1.0)', 'hsla(1, 54%, 56%, 1.0)']","[[1.0, 0.07537819509650497], [0.07537819509650497, 1.0]]","{0: '', 1: 'A', 2: 'B'}",,1,after,"[True, True]","{'max': 21, 'min': 21, 'avg': 21.0, 'root': 12}","[-10, -10]","[106, 110]",sequential,chance,chance,"[1.0, 1.0]","[0.5, 1.0]","[0.5, 1.0]","[0.5, 1.0]","[0.375, 0.0]","[0.625, 0.0]",[[0]],[[1]],[[2]],"(0, 12)","(12, 21)","(12, 21)",{},{},{},"['A', 'B']",[],[],0,0,5,2,2,3,A,,,,,,,A,,,,,"{'rtype': 'select-node', 'rtimedn': 17.363, 'rtimeup': 17.363}",,,,,,,"{'rtype': 'select-node', 'rtimedn': 20.096, 'rtimeup': 20.096}",,,,
,,9,0,19,1733260931,BDG-374-3555,TREE-1.2-0.0-0.0,"['56db9ffc-32e9-471f-abd4-5ee41d33f84d', 'd85e7c87-2722-4952-a4b7-8cf7805dac37']","['robot', 'robot']","['bowtie', 'dodecagon']","['hsla(66, 70%, 54%, 1.0)', 'hsla(76, 53%, 46%, 1.0)']","[[1.0, 0.1797078768909755], [0.1797078768909755, 1.0]]","{0: '', 1: 'A', 2: 'B'}",,1,after,"[False, False]","{'max': 21, 'min': 21, 'avg': 21.0, 'root': 12}","[0, 0]","[112, 130]",sequential,chance,chance,"[1.0, 1.0]","[0.5, 1.0]","[0.5, 1.0]","[0.5, 1.0]","[0.625, 0.0]","[0.375, 0.0]",[[0]],[[1]],[[2]],"(0, 12)","(12, 21)","(12, 21)",{},{},{},"['A', 'B']",[],[],0,0,3,5,5,5,A,,,,,,,A,,,,,"{'rtype': 'a', 'rtimedn': 4.505, 'rtimeup': 5.608}",,,,,,,"{'rtype': 'd', 'rtimedn': 1.472, 'rtimeup': 3.146}",,,,
,,9,1,19,1733260940,BDG-379-4115,TREE-1.2-0.0-0.0,"['01b850cc-9ba8-4d0b-8eba-bec734ed8847', 'd46081e5-af46-4b37-b1de-79015b143ff4']","['participant', 'participant']","['star-six', 'flame']","['hsla(321, 79%, 65%, 1.0)', 'hsla(232, 64%, 44%, 1.0)']","[[1.0, 0.10693792383933232], [0.10693792383933232, 1.0]]","{0: '', 1: 'A', 2: 'B'}",,2,after,"[True, True]","{'max': 21, 'min': 21, 'avg': 21.0, 'root': 12}","[-10, -10]","[103, 106]",sequential,chance,chance,"[1.0, 1.0]","[0.5, 1.0]","[0.5, 1.0]","[0.5, 1.0]","[0.625, 0.0]","[0.375, 0.0]",[[0]],[[1]],[[2]],"(0, 12)","(12, 21)","(12, 21)",{},{},{},"['A', 'B']",[],[],0,0,4,1,1,5,B,,,,,,,A,,,,,"{'rtype': 'select-node', 'rtimedn': 20.386, 'rtimeup': 20.386}",,,,,,,"{'rtype': 'select-node', 'rtimedn': 18.915, 'rtimeup': 18.915}",,,,
,,9,2,19,1733260943,BDG-567-5343,TREE-1.2-0.0-0.0,"['f7862b18-f9f6-4c7d-bc9b-5f8c15cca4e7', '948c936f-74c4-4f6e-9c84-8d05a39d3da9']","['participant', 'robot']","['stop-sign', 'cross']","['hsla(222, 51%, 54%, 1.0)', 'hsla(262, 66%, 39%, 1.0)']","[[1.0, 0.2456964006259781], [0.2456964006259781, 1.0]]","{0: '', 1: 'A', 2: 'B'}",,1,after,"[True, True]","{'max': 21, 'min': 21, 'avg': 21.0, 'root': 12}","[-10, -10]","[121, -51]",sequential,chance,chance,"[1.0, 1.0]","[0.5, 1.0]","[0.5, 1.0]","[0.5, 1.0]","[0.375, 0.0]","[0.625, 0.0]",[[0]],[[1]],[[2]],"(0, 12)","(12, 21)","(12, 21)",{},{},{},"['A', 'B']",[],[],0,0,5,3,4,3,A,,,,,,,B,,,,,"{'rtype': 'select-node', 'rtimedn': 21.665, 'rtimeup': 21.665}",,,,,,,"{'rtype': None, 'rtimedn': 13, 'rtimeup': 13}",,,,
,,9,3,19,1733260940,BDG-179-2315,TREE-1.2-0.0-0.0,"['f7c97106-afa2-4709-b205-ea7ffd67ec68', '47171824-3af8-4ebd-987d-3eb88573ab8e']","['participant', 'robot']","['squash', 'teardrop']","['hsla(1, 54%, 56%, 1.0)', 'hsla(298, 63%, 45%, 1.0)']","[[1.0, 0.2456964006259781], [0.2456964006259781, 1.0]]","{0: '', 1: 'A', 2: 'B'}",,1,after,"[True, True]","{'max': 21, 'min': 21, 'avg': 21.0, 'root': 12}","[-10, -10]","[110, 103]",sequential,chance,chance,"[1.0, 1.0]","[0.5, 1.0]","[0.5, 1.0]","[0.5, 1.0]","[0.625, 0.0]","[0.375, 0.0]",[[0]],[[1]],[[2]],"(0, 12)","(12, 21)","(12, 21)",{},{},{},"['A', 'B']",[],[],0,0,2,3,1,5,A,,,,,,,A,,,,,"{'rtype': 'select-node', 'rtimedn': 21.705, 'rtimeup': 21.705}",,,,,,,"{'rtype': 'select-node', 'rtimedn': 20.679, 'rtimeup': 20.679}",,,,
,,9,4,19,1733260943,BDG-109-1525,TREE-1.2-0.0-0.0,"['d8c5d3eb-c11c-4209-aa4d-8fa881c9e2ce', 'd383d0be-6c2c-4b5a-9fae-b7bd10e621a3']","['participant', 'participant']","['arrow-head', 'arrow-head']","['hsla(330, 87%, 38%, 1.0)', 'hsla(221, 81%, 45%, 1.0)']","[[1.0, 0.2456964006259781], [0.2456964006259781, 1.0]]","{0: '', 1: 'A', 2: 'B'}",,1,after,"[True, True]","{'max': 21, 'min': 21, 'avg': 21.0, 'root': 12}","[-10, -10]","[107, 150]",sequential,chance,chance,"[1.0, 1.0]","[0.5, 1.0]","[0.5, 1.0]","[0.5, 1.0]","[0.625, 0.0]","[0.375, 0.0]",[[0]],[[1]],[[2]],"(0, 12)","(12, 21)","(12, 21)",{},{},{},"['A', 'B']",[],[],0,0,1,5,2,5,A,,,,,,,B,,,,,"{'rtype': 'select-node', 'rtimedn': 22.149, 'rtimeup': 22.149}",,,,,,,"{'rtype': 'select-node', 'rtimedn': 20.623, 'rtimeup': 20.623}",,,,
,,10,0,19,1733260952,BDG-568-5344,TREE-1.2-0.0-0.0,"['f7c97106-afa2-4709-b205-ea7ffd67ec68', 'd85e7c87-2722-4952-a4b7-8cf7805dac37']","['participant', 'robot']","['squash', 'dodecagon']","['hsla(1, 54%, 56%, 1.0)', 'hsla(76, 53%, 46%, 1.0)']","[[1.0, 0.23004694835680753], [0.23004694835680753, 1.0]]","{0: '', 1: 'A', 2: 'B'}",,2,after,"[True, False]","{'max': 21, 'min': 21, 'avg': 21.0, 'root': 12}","[-10, 0]","[110, 130]",sequential,chance,chance,"[1.0, 1.0]","[0.5, 1.0]","[0.5, 1.0]","[0.5, 1.0]","[0.375, 0.0]","[0.625, 0.0]",[[0]],[[1]],[[2]],"(0, 12)","(12, 21)","(12, 21)",{},{},{},"['A', 'B']",[],[],0,0,5,3,4,4,B,,,,,,,A,,,,,"{'rtype': 'select-node', 'rtimedn': 22.912, 'rtimeup': 22.912}",,,,,,,"{'rtype': 'd', 'rtimedn': 1.263, 'rtimeup': 1.468}",,,,
,,10,1,19,1733260957,BDG-462-4433,TREE-1.2-0.0-0.0,"['d8c5d3eb-c11c-4209-aa4d-8fa881c9e2ce', 'd383d0be-6c2c-4b5a-9fae-b7bd10e621a3']","['participant', 'participant']","['arrow-head', 'arrow-head']","['hsla(330, 87%, 38%, 1.0)', 'hsla(221, 81%, 45%, 1.0)']","[[1.0, 0.2456964006259781], [0.2456964006259781, 1.0]]","{0: '', 1: 'A', 2: 'B'}",,2,after,"[True, True]","{'max': 21, 'min': 21, 'avg': 21.0, 'root': 12}","[-10, -10]","[107, 150]",sequential,chance,chance,"[1.0, 1.0]","[0.5, 1.0]","[0.5, 1.0]","[0.5, 1.0]","[0.625, 0.0]","[0.375, 0.0]",[[0]],[[1]],[[2]],"(0, 12)","(12, 21)","(12, 21)",{},{},{},"['A', 'B']",[],[],0,0,4,4,3,3,B,,,,,,,A,,,,,"{'rtype': 'select-node', 'rtimedn': 23.573, 'rtimeup': 23.573}",,,,,,,"{'rtype': 'select-node', 'rtimedn': 22.073, 'rtimeup': 22.073}",,,,
,,10,2,19,1733260958,BDG-402-4213,TREE-1.2-0.0-0.0,"['948c936f-74c4-4f6e-9c84-8d05a39d3da9', 'd46081e5-af46-4b37-b1de-79015b143ff4']","['robot', 'participant']","['cross', 'flame']","['hsla(262, 66%, 39%, 1.0)', 'hsla(232, 64%, 44%, 1.0)']","[[1.0, 0.1797078768909755], [0.1797078768909755, 1.0]]","{0: '', 1: 'A', 2: 'B'}",,1,after,"[True, True]","{'max': 21, 'min': 21, 'avg': 21.0, 'root': 12}","[-10, -10]","[-51, 106]",sequential,chance,chance,"[1.0, 1.0]","[0.5, 1.0]","[0.5, 1.0]","[0.5, 1.0]","[0.375, 0.0]","[0.625, 0.0]",[[0]],[[1]],[[2]],"(0, 12)","(12, 21)","(12, 21)",{},{},{},"['A', 'B']",[],[],0,0,4,2,1,3,A,,,,,,,A,,,,,"{'rtype': None, 'rtimedn': 13, 'rtimeup': 13}",,,,,,,"{'rtype': 'select-node', 'rtimedn': 20.466, 'rtimeup': 20.466}",,,,
,,10,3,19,1733260952,BDG-172-2253,TREE-1.2-0.0-0.0,"['01b850cc-9ba8-4d0b-8eba-bec734ed8847', '47171824-3af8-4ebd-987d-3eb88573ab8e']","['participant', 'robot']","['star-six', 'teardrop']","['hsla(321, 79%, 65%, 1.0)', 'hsla(298, 63%, 45%, 1.0)']","[[1.0, 0.07537819509650497], [0.07537819509650497, 1.0]]","{0: '', 1: 'A', 2: 'B'}",,1,after,"[True, True]","{'max': 21, 'min': 21, 'avg': 21.0, 'root': 12}","[-10, -10]","[103, 103]",sequential,chance,chance,"[1.0, 1.0]","[0.5, 1.0]","[0.5, 1.0]","[0.5, 1.0]","[0.375, 0.0]","[0.625, 0.0]",[[0]],[[1]],[[2]],"(0, 12)","(12, 21)","(12, 21)",{},{},{},"['A', 'B']",[],[],0,0,2,2,5,3,A,,,,,,,B,,,,,"{'rtype': 'select-node', 'rtimedn': 21.658, 'rtimeup': 21.658}",,,,,,,"{'rtype': 'select-node', 'rtimedn': 22.047, 'rtimeup': 22.047}",,,,
,,10,4,19,1733260953,BDG-612-5533,TREE-1.2-0.0-0.0,"['56db9ffc-32e9-471f-abd4-5ee41d33f84d', 'f7862b18-f9f6-4c7d-bc9b-5f8c15cca4e7']","['robot', 'participant']","['bowtie', 'stop-sign']","['hsla(66, 70%, 54%, 1.0)', 'hsla(222, 51%, 54%, 1.0)']","[[1.0, 0.07537819509650497], [0.07537819509650497, 1.0]]","{0: '', 1: 'A', 2: 'B'}",,1,after,"[False, True]","{'max': 21, 'min': 21, 'avg': 21.0, 'root': 12}","[0, -10]","[112, 121]",sequential,chance,chance,"[1.0, 1.0]","[0.5, 1.0]","[0.5, 1.0]","[0.5, 1.0]","[0.375, 0.0]","[0.625, 0.0]",[[0]],[[1]],[[2]],"(0, 12)","(12, 21)","(12, 21)",{},{},{},"['A', 'B']",[],[],0,0,5,5,3,3,A,,,,,,,B,,,,,"{'rtype': 'a', 'rtimedn': 5.342, 'rtimeup': 7.911}",,,,,,,"{'rtype': 'select-node', 'rtimedn': 23.102, 'rtimeup': 23.102}",,,,
,,11,0,19,1733260973,BDG-425-4311,TREE-1.2-0.0-0.0,"['d383d0be-6c2c-4b5a-9fae-b7bd10e621a3', '47171824-3af8-4ebd-987d-3eb88573ab8e']","['participant', 'robot']","['arrow-head', 'teardrop']","['hsla(221, 81%, 45%, 1.0)', 'hsla(298, 63%, 45%, 1.0)']","[[1.0, 0.10693792383933232], [0.10693792383933232, 1.0]]","{0: '', 1: 'A', 2: 'B'}",,1,after,"[True, True]","{'max': 21, 'min': 21, 'avg': 21.0, 'root': 12}","[-10, -10]","[150, 103]",sequential,chance,chance,"[1.0, 1.0]","[0.5, 1.0]","[0.5, 1.0]","[0.5, 1.0]","[0.625, 0.0]","[0.375, 0.0]",[[0]],[[1]],[[2]],"(0, 12)","(12, 21)","(12, 21)",{},{},{},"['A', 'B']",[],[],0,0,4,3,1,1,A,,,,,,,B,,,,,"{'rtype': 'select-node', 'rtimedn': 23.497, 'rtimeup': 23.497}",,,,,,,"{'rtype': None, 'rtimedn': 13, 'rtimeup': 13}",,,,
,,11,1,19,1733260973,BDG-505-5121,TREE-1.2-0.0-0.0,"['948c936f-74c4-4f6e-9c84-8d05a39d3da9', 'f7c97106-afa2-4709-b205-ea7ffd67ec68']","['robot', 'participant']","['cross', 'squash']","['hsla(262, 66%, 39%, 1.0)', 'hsla(1, 54%, 56%, 1.0)']","[[1.0, 0.08581116327595202], [0.08581116327595202, 1.0]]","{0: '', 1: 'A', 2: 'B'}",,1,after,"[True, True]","{'max': 21, 'min': 21, 'avg': 21.0, 'root': 12}","[-10, -10]","[-51, 110]",sequential,chance,chance,"[1.0, 1.0]","[0.5, 1.0]","[0.5, 1.0]","[0.5, 1.0]","[0.625, 0.0]","[0.375, 0.0]",[[0]],[[1]],[[2]],"(0, 12)","(12, 21)","(12, 21)",{},{},{},"['A', 'B']",[],[],0,0,5,1,2,1,A,,,,,,,A,,,,,"{'rtype': None, 'rtimedn': 13, 'rtimeup': 13}",,,,,,,"{'rtype': 'select-node', 'rtimedn': 24.469, 'rtimeup': 24.469}",,,,
,,11,2,19,1733260961,BDG-318-3344,TREE-1.2-0.0-0.0,"['56db9ffc-32e9-471f-abd4-5ee41d33f84d', 'd85e7c87-2722-4952-a4b7-8cf7805dac37']","['robot', 'robot']","['bowtie', 'dodecagon']","['hsla(66, 70%, 54%, 1.0)', 'hsla(76, 53%, 46%, 1.0)']","[[1.0, 0.1797078768909755], [0.1797078768909755, 1.0]]","{0: '', 1: 'A', 2: 'B'}",,2,after,"[False, False]","{'max': 21, 'min': 21, 'avg': 21.0, 'root': 12}","[0, 0]","[112, 130]",sequential,chance,chance,"[1.0, 1.0]","[0.5, 1.0]","[0.5, 1.0]","[0.5, 1.0]","[0.375, 0.0]","[0.625, 0.0]",[[0]],[[1]],[[2]],"(0, 12)","(12, 21)","(12, 21)",{},{},{},"['A', 'B']",[],[],0,0,3,3,4,4,B,,,,,,,A,,,,,"{'rtype': 'd', 'rtimedn': 0.304, 'rtimeup': 1.985}",,,,,,,"{'rtype': 'a', 'rtimedn': 3.589, 'rtimeup': 3.962}",,,,
,,11,3,19,1733260967,BDG-171-2252,TREE-1.2-0.0-0.0,"['d46081e5-af46-4b37-b1de-79015b143ff4', '01b850cc-9ba8-4d0b-8eba-bec734ed8847']","['participant', 'participant']","['flame', 'star-six']","['hsla(232, 64%, 44%, 1.0)', 'hsla(321, 79%, 65%, 1.0)']","[[1.0, 0.10693792383933232], [0.10693792383933232, 1.0]]","{0: '', 1: 'A', 2: 'B'}",,2,after,"[True, True]","{'max': 21, 'min': 21, 'avg': 21.0, 'root': 12}","[-10, -10]","[106, 103]",sequential,chance,chance,"[1.0, 1.0]","[0.5, 1.0]","[0.5, 1.0]","[0.5, 1.0]","[0.625, 0.0]","[0.375, 0.0]",[[0]],[[1]],[[2]],"(0, 12)","(12, 21)","(12, 21)",{},{},{},"['A', 'B']",[],[],0,0,2,2,5,2,B,,,,,,,A,,,,,"{'rtype': 'select-node', 'rtimedn': 21.7, 'rtimeup': 21.7}",,,,,,,"{'rtype': 'select-node', 'rtimedn': 23.166, 'rtimeup': 23.166}",,,,
,,11,4,19,1733260971,BDG-476-4512,TREE-1.2-0.0-0.0,"['d8c5d3eb-c11c-4209-aa4d-8fa881c9e2ce', 'f7862b18-f9f6-4c7d-bc9b-5f8c15cca4e7']","['participant', 'participant']","['arrow-head', 'stop-sign']","['hsla(330, 87%, 38%, 1.0)', 'hsla(222, 51%, 54%, 1.0)']","[[1.0, 0.08581116327595202], [0.08581116327595202, 1.0]]","{0: '', 1: 'A', 2: 'B'}",,1,after,"[True, True]","{'max': 21, 'min': 21, 'avg': 21.0, 'root': 12}","[-10, -10]","[107, 121]",sequential,chance,chance,"[1.0, 1.0]","[0.5, 1.0]","[0.5, 1.0]","[0.5, 1.0]","[0.375, 0.0]","[0.625, 0.0]",[[0]],[[1]],[[2]],"(0, 12)","(12, 21)","(12, 21)",{},{},{},"['A', 'B']",[],[],0,0,4,5,1,2,A,,,,,,,A,,,,,"{'rtype': 'select-node', 'rtimedn': 24.849, 'rtimeup': 24.849}",,,,,,,"{'rtype': 'select-node', 'rtimedn': 24.93, 'rtimeup': 24.93}",,,,
,,12,0,19,1733260988,BDG-100-1511,TREE-1.2-0.0-0.0,"['f7862b18-f9f6-4c7d-bc9b-5f8c15cca4e7', '948c936f-74c4-4f6e-9c84-8d05a39d3da9']","['participant', 'robot']","['stop-sign', 'cross']","['hsla(222, 51%, 54%, 1.0)', 'hsla(262, 66%, 39%, 1.0)']","[[1.0, 0.2456964006259781], [0.2456964006259781, 1.0]]","{0: '', 1: 'A', 2: 'B'}",,2,after,"[True, True]","{'max': 21, 'min': 21, 'avg': 21.0, 'root': 12}","[-10, -10]","[121, -51]",sequential,chance,chance,"[1.0, 1.0]","[0.5, 1.0]","[0.5, 1.0]","[0.5, 1.0]","[0.625, 0.0]","[0.375, 0.0]",[[0]],[[1]],[[2]],"(0, 12)","(12, 21)","(12, 21)",{},{},{},"['A', 'B']",[],[],0,0,1,5,1,1,B,,,,,,,A,,,,,"{'rtype': 'select-node', 'rtimedn': 26.54, 'rtimeup': 26.54}",,,,,,,"{'rtype': None, 'rtimedn': 13, 'rtimeup': 13}",,,,
,,12,1,19,1733260982,BDG-509-5125,TREE-1.2-0.0-0.0,"['47171824-3af8-4ebd-987d-3eb88573ab8e', '01b850cc-9ba8-4d0b-8eba-bec734ed8847']","['robot', 'participant']","['teardrop', 'star-six']","['hsla(298, 63%, 45%, 1.0)', 'hsla(321, 79%, 65%, 1.0)']","[[1.0, 0.07537819509650497], [0.07537819509650497, 1.0]]","{0: '', 1: 'A', 2: 'B'}",,1,after,"[False, True]","{'max': 21, 'min': 21, 'avg': 21.0, 'root': 12}","[0, -10]","[103, 103]",sequential,chance,chance,"[1.0, 1.0]","[0.5, 1.0]","[0.5, 1.0]","[0.5, 1.0]","[0.625, 0.0]","[0.375, 0.0]",[[0]],[[1]],[[2]],"(0, 12)","(12, 21)","(12, 21)",{},{},{},"['A', 'B']",[],[],0,0,5,1,2,5,A,,,,,,,A,,,,,"{'rtype': 'd', 'rtimedn': 2.417, 'rtimeup': 4.017}",,,,,,,"{'rtype': 'select-node', 'rtimedn': 24.644, 'rtimeup': 24.644}",,,,
,,12,2,19,1733260983,BDG-413-4234,TREE-1.2-0.0-0.0,"['d8c5d3eb-c11c-4209-aa4d-8fa881c9e2ce', 'd383d0be-6c2c-4b5a-9fae-b7bd10e621a3']","['participant', 'participant']","['arrow-head', 'arrow-head']","['hsla(330, 87%, 38%, 1.0)', 'hsla(221, 81%, 45%, 1.0)']","[[1.0, 0.2456964006259781], [0.2456964006259781, 1.0]]","{0: '', 1: 'A', 2: 'B'}",,1,after,"[True, True]","{'max': 21, 'min': 21, 'avg': 21.0, 'root': 12}","[-10, -10]","[107, 150]",sequential,chance,chance,"[1.0, 1.0]","[0.5, 1.0]","[0.5, 1.0]","[0.5, 1.0]","[0.625, 0.0]","[0.375, 0.0]",[[0]],[[1]],[[2]],"(0, 12)","(12, 21)","(12, 21)",{},{},{},"['A', 'B']",[],[],0,0,4,2,3,4,A,,,,,,,B,,,,,"{'rtype': 'select-node', 'rtimedn': 26.149, 'rtimeup': 26.149}",,,,,,,"{'rtype': 'select-node', 'rtimedn': 25.212, 'rtimeup': 25.212}",,,,
,,12,3,19,1733260976,BDG-407-4223,TREE-1.2-0.0-0.0,"['d85e7c87-2722-4952-a4b7-8cf7805dac37', '56db9ffc-32e9-471f-abd4-5ee41d33f84d']","['robot', 'robot']","['dodecagon', 'bowtie']","['hsla(76, 53%, 46%, 1.0)', 'hsla(66, 70%, 54%, 1.0)']","[[1.0, 0.1797078768909755], [0.1797078768909755, 1.0]]","{0: '', 1: 'A', 2: 'B'}",,1,after,"[False, False]","{'max': 21, 'min': 21, 'avg': 21.0, 'root': 12}","[0, 0]","[130, 112]",sequential,chance,chance,"[1.0, 1.0]","[0.5, 1.0]","[0.5, 1.0]","[0.5, 1.0]","[0.625, 0.0]","[0.375, 0.0]",[[0]],[[1]],[[2]],"(0, 12)","(12, 21)","(12, 21)",{},{},{},"['A', 'B']",[],[],0,0,4,2,2,3,A,,,,,,,A,,,,,"{'rtype': 'a', 'rtimedn': 2.09, 'rtimeup': 2.655}",,,,,,,"{'rtype': 'a', 'rtimedn': 6.836, 'rtimeup': 8.726}",,,,
,,12,4,19,1733260985,BDG-516-5142,TREE-1.2-0.0-0.0,"['d46081e5-af46-4b37-b1de-79015b143ff4', 'f7c97106-afa2-4709-b205-ea7ffd67ec68']","['participant', 'participant']","['flame', 'squash']","['hsla(232, 64%, 44%, 1.0)', 'hsla(1, 54%, 56%, 1.0)']","[[1.0, 0.07537819509650497], [0.07537819509650497, 1.0]]","{0: '', 1: 'A', 2: 'B'}",,1,after,"[True, True]","{'max': 21, 'min': 21, 'avg': 21.0, 'root': 12}","[-10, -10]","[106, 110]",sequential,chance,chance,"[1.0, 1.0]","[0.5, 1.0]","[0.5, 1.0]","[0.5, 1.0]","[0.625, 0.0]","[0.375, 0.0]",[[0]],[[1]],[[2]],"(0, 12)","(12, 21)","(12, 21)",{},{},{},"['A', 'B']",[],[],0,0,5,1,4,2,A,,,,,,,B,,,,,"{'rtype': 'select-node', 'rtimedn': 23.296, 'rtimeup': 23.296}",,,,,,,"{'rtype': 'select-node', 'rtimedn': 26.216, 'rtimeup': 26.216}",,,,
,,13,0,19,1733261000,BDG-163-2234,TREE-1.2-0.0-0.0,"['d85e7c87-2722-4952-a4b7-8cf7805dac37', '01b850cc-9ba8-4d0b-8eba-bec734ed8847']","['robot', 'participant']","['dodecagon', 'star-six']","['hsla(76, 53%, 46%, 1.0)', 'hsla(321, 79%, 65%, 1.0)']","[[1.0, 0.08581116327595202], [0.08581116327595202, 1.0]]","{0: '', 1: 'A', 2: 'B'}",,1,after,"[False, True]","{'max': 21, 'min': 21, 'avg': 21.0, 'root': 12}","[0, -10]","[130, 103]",sequential,chance,chance,"[1.0, 1.0]","[0.5, 1.0]","[0.5, 1.0]","[0.5, 1.0]","[0.375, 0.0]","[0.625, 0.0]",[[0]],[[1]],[[2]],"(0, 12)","(12, 21)","(12, 21)",{},{},{},"['A', 'B']",[],[],0,0,2,2,3,4,A,,,,,,,A,,,,,"{'rtype': 'd', 'rtimedn': 5.153, 'rtimeup': 7.231}",,,,,,,"{'rtype': 'select-node', 'rtimedn': 26.391, 'rtimeup': 26.391}",,,,
,,13,1,19,1733260995,BDG-591-5442,TREE-1.2-0.0-0.0,"['47171824-3af8-4ebd-987d-3eb88573ab8e', 'd383d0be-6c2c-4b5a-9fae-b7bd10e621a3']","['robot', 'participant']","['teardrop', 'arrow-head']","['hsla(298, 63%, 45%, 1.0)', 'hsla(221, 81%, 45%, 1.0)']","[[1.0, 0.10693792383933232], [0.10693792383933232, 1.0]]","{0: '', 1: 'A', 2: 'B'}",,1,after,"[False, True]","{'max': 21, 'min': 21, 'avg': 21.0, 'root': 12}","[0, -10]","[103, 150]",sequential,chance,chance,"[1.0, 1.0]","[0.5, 1.0]","[0.5, 1.0]","[0.5, 1.0]","[0.375, 0.0]","[0.625, 0.0]",[[0]],[[1]],[[2]],"(0, 12)","(12, 21)","(12, 21)",{},{},{},"['A', 'B']",[],[],0,0,5,4,4,2,A,,,,,,,A,,,,,"{'rtype': 'a', 'rtimedn': 1.932, 'rtimeup': 2.491}",,,,,,,"{'rtype': 'select-node', 'rtimedn': 26.436, 'rtimeup': 26.436}",,,,
,,13,2,19,1733260999,BDG-083-1424,TREE-1.2-0.0-0.0,"['f7862b18-f9f6-4c7d-bc9b-5f8c15cca4e7', 'd46081e5-af46-4b37-b1de-79015b143ff4']","['participant', 'participant']","['stop-sign', 'flame']","['hsla(222, 51%, 54%, 1.0)', 'hsla(232, 64%, 44%, 1.0)']","[[1.0, 0.056077203964527915], [0.056077203964527915, 1.0]]","{0: '', 1: 'A', 2: 'B'}",,2,after,"[True, True]","{'max': 21, 'min': 21, 'avg': 21.0, 'root': 12}","[-10, -10]","[121, 106]",sequential,chance,chance,"[1.0, 1.0]","[0.5, 1.0]","[0.5, 1.0]","[0.5, 1.0]","[0.375, 0.0]","[0.625, 0.0]",[[0]],[[1]],[[2]],"(0, 12)","(12, 21)","(12, 21)",{},{},{},"['A', 'B']",[],[],0,0,1,4,2,4,B,,,,,,,A,,,,,"{'rtype': 'select-node', 'rtimedn': 27.701, 'rtimeup': 27.701}",,,,,,,"{'rtype': 'select-node', 'rtimedn': 24.73, 'rtimeup': 24.73}",,,,
,,13,3,19,1733261002,BDG-298-3254,TREE-1.2-0.0-0.0,"['f7c97106-afa2-4709-b205-ea7ffd67ec68', '948c936f-74c4-4f6e-9c84-8d05a39d3da9']","['participant', 'robot']","['squash', 'cross']","['hsla(1, 54%, 56%, 1.0)', 'hsla(262, 66%, 39%, 1.0)']","[[1.0, 0.08581116327595202], [0.08581116327595202, 1.0]]","{0: '', 1: 'A', 2: 'B'}",,2,after,"[True, True]","{'max': 21, 'min': 21, 'avg': 21.0, 'root': 12}","[-10, -10]","[110, -51]",sequential,chance,chance,"[1.0, 1.0]","[0.5, 1.0]","[0.5, 1.0]","[0.5, 1.0]","[0.625, 0.0]","[0.375, 0.0]",[[0]],[[1]],[[2]],"(0, 12)","(12, 21)","(12, 21)",{},{},{},"['A', 'B']",[],[],0,0,3,2,5,4,B,,,,,,,B,,,,,"{'rtype': 'select-node', 'rtimedn': 27.582, 'rtimeup': 27.582}",,,,,,,"{'rtype': None, 'rtimedn': 13, 'rtimeup': 13}",,,,
,,13,4,19,1733260999,BDG-399-4155,TREE-1.2-0.0-0.0,"['d8c5d3eb-c11c-4209-aa4d-8fa881c9e2ce', '56db9ffc-32e9-471f-abd4-5ee41d33f84d']","['participant', 'robot']","['arrow-head', 'bowtie']","['hsla(330, 87%, 38%, 1.0)', 'hsla(66, 70%, 54%, 1.0)']","[[1.0, 0.0187793427230047], [0.0187793427230047, 1.0]]","{0: '', 1: 'A', 2: 'B'}",,2,after,"[True, False]","{'max': 21, 'min': 21, 'avg': 21.0, 'root': 12}","[-10, 0]","[107, 112]",sequential,chance,chance,"[1.0, 1.0]","[0.5, 1.0]","[0.5, 1.0]","[0.5, 1.0]","[0.625, 0.0]","[0.375, 0.0]",[[0]],[[1]],[[2]],"(0, 12)","(12, 21)","(12, 21)",{},{},{},"['A', 'B']",[],[],0,0,4,1,5,5,B,,,,,,,B,,,,,"{'rtype': 'select-node', 'rtimedn': 27.713, 'rtimeup': 27.713}",,,,,,,"{'rtype': 'd', 'rtimedn': 7.228, 'rtimeup': 11.428}",,,,
,,14,0,19,1733261013,BDG-614-5535,TREE-1.2-0.0-0.0,"['f7c97106-afa2-4709-b205-ea7ffd67ec68', 'd8c5d3eb-c11c-4209-aa4d-8fa881c9e2ce']","['participant', 'participant']","['squash', 'arrow-head']","['hsla(1, 54%, 56%, 1.0)', 'hsla(330, 87%, 38%, 1.0)']","[[1.0, 0.10693792383933232], [0.10693792383933232, 1.0]]","{0: '', 1: 'A', 2: 'B'}",,1,after,"[True, True]","{'max': 21, 'min': 21, 'avg': 21.0, 'root': 12}","[-10, -10]","[110, 107]",sequential,chance,chance,"[1.0, 1.0]","[0.5, 1.0]","[0.5, 1.0]","[0.5, 1.0]","[0.375, 0.0]","[0.625, 0.0]",[[0]],[[1]],[[2]],"(0, 12)","(12, 21)","(12, 21)",{},{},{},"['A', 'B']",[],[],0,0,5,5,3,5,A,,,,,,,A,,,,,"{'rtype': 'select-node', 'rtimedn': 28.742, 'rtimeup': 28.742}",,,,,,,"{'rtype': 'select-node', 'rtimedn': 29.115, 'rtimeup': 29.115}",,,,
,,14,1,19,1733261013,BDG-231-2522,TREE-1.2-0.0-0.0,"['f7862b18-f9f6-4c7d-bc9b-5f8c15cca4e7', 'd383d0be-6c2c-4b5a-9fae-b7bd10e621a3']","['participant', 'participant']","['stop-sign', 'arrow-head']","['hsla(222, 51%, 54%, 1.0)', 'hsla(221, 81%, 45%, 1.0)']","[[1.0, 0.23004694835680753], [0.23004694835680753, 1.0]]","{0: '', 1: 'A', 2: 'B'}",,2,after,"[True, True]","{'max': 21, 'min': 21, 'avg': 21.0, 'root': 12}","[-10, -10]","[121, 150]",sequential,chance,chance,"[1.0, 1.0]","[0.5, 1.0]","[0.5, 1.0]","[0.5, 1.0]","[0.625, 0.0]","[0.375, 0.0]",[[0]],[[1]],[[2]],"(0, 12)","(12, 21)","(12, 21)",{},{},{},"['A', 'B']",[],[],0,0,2,5,2,2,B,,,,,,,B,,,,,"{'rtype': 'select-node', 'rtimedn': 29.099, 'rtimeup': 29.099}",,,,,,,"{'rtype': 'select-node', 'rtimedn': 27.926, 'rtimeup': 27.926}",,,,
,,14,2,19,1733261013,BDG-485-4531,TREE-1.2-0.0-0.0,"['d46081e5-af46-4b37-b1de-79015b143ff4', '01b850cc-9ba8-4d0b-8eba-bec734ed8847']","['participant', 'participant']","['flame', 'star-six']","['hsla(232, 64%, 44%, 1.0)', 'hsla(321, 79%, 65%, 1.0)']","[[1.0, 0.10693792383933232], [0.10693792383933232, 1.0]]","{0: '', 1: 'A', 2: 'B'}",,1,after,"[True, True]","{'max': 21, 'min': 21, 'avg': 21.0, 'root': 12}","[-10, -10]","[106, 103]",sequential,chance,chance,"[1.0, 1.0]","[0.5, 1.0]","[0.5, 1.0]","[0.5, 1.0]","[0.625, 0.0]","[0.375, 0.0]",[[0]],[[1]],[[2]],"(0, 12)","(12, 21)","(12, 21)",{},{},{},"['A', 'B']",[],[],0,0,4,5,3,1,A,,,,,,,A,,,,,"{'rtype': 'select-node', 'rtimedn': 26.171, 'rtimeup': 26.171}",,,,,,,"{'rtype': 'select-node', 'rtimedn': 27.711, 'rtimeup': 27.711}",,,,
,,14,3,19,1733261017,BDG-063-1334,TREE-1.2-0.0-0.0,"['47171824-3af8-4ebd-987d-3eb88573ab8e', '948c936f-74c4-4f6e-9c84-8d05a39d3da9']","['robot', 'robot']","['teardrop', 'cross']","['hsla(298, 63%, 45%, 1.0)', 'hsla(262, 66%, 39%, 1.0)']","[[1.0, 0.056077203964527915], [0.056077203964527915, 1.0]]","{0: '', 1: 'A', 2: 'B'}",,2,after,"[False, True]","{'max': 21, 'min': 21, 'avg': 21.0, 'root': 12}","[0, -10]","[103, -51]",sequential,chance,chance,"[1.0, 1.0]","[0.5, 1.0]","[0.5, 1.0]","[0.5, 1.0]","[0.625, 0.0]","[0.375, 0.0]",[[0]],[[1]],[[2]],"(0, 12)","(12, 21)","(12, 21)",{},{},{},"['A', 'B']",[],[],0,0,1,3,3,4,B,,,,,,,A,,,,,"{'rtype': 'd', 'rtimedn': 0.298, 'rtimeup': 2.479}",,,,,,,"{'rtype': None, 'rtimedn': 13, 'rtimeup': 13}",,,,
,,14,4,19,1733261005,BDG-250-3111,TREE-1.2-0.0-0.0,"['d85e7c87-2722-4952-a4b7-8cf7805dac37', '56db9ffc-32e9-471f-abd4-5ee41d33f84d']","['robot', 'robot']","['dodecagon', 'bowtie']","['hsla(76, 53%, 46%, 1.0)', 'hsla(66, 70%, 54%, 1.0)']","[[1.0, 0.1797078768909755], [0.1797078768909755, 1.0]]","{0: '', 1: 'A', 2: 'B'}",,1,after,"[False, False]","{'max': 21, 'min': 21, 'avg': 21.0, 'root': 12}","[0, 0]","[130, 112]",sequential,chance,chance,"[1.0, 1.0]","[0.5, 1.0]","[0.5, 1.0]","[0.5, 1.0]","[0.625, 0.0]","[0.375, 0.0]",[[0]],[[1]],[[2]],"(0, 12)","(12, 21)","(12, 21)",{},{},{},"['A', 'B']",[],[],0,0,3,1,1,1,A,,,,,,,A,,,,,"{'rtype': 'a', 'rtimedn': 1.413, 'rtimeup': 2.996}",,,,,,,"{'rtype': 'd', 'rtimedn': 0.3, 'rtimeup': 0.586}",,,,
,,15,0,19,1733261032,BDG-010-1131,TREE-1.2-0.0-0.0,"['f7c97106-afa2-4709-b205-ea7ffd67ec68', '948c936f-74c4-4f6e-9c84-8d05a39d3da9']","['participant', 'robot']","['squash', 'cross']","['hsla(1, 54%, 56%, 1.0)', 'hsla(262, 66%, 39%, 1.0)']","[[1.0, 0.08581116327595202], [0.08581116327595202, 1.0]]","{0: '', 1: 'A', 2: 'B'}",,1,after,"[True, True]","{'max': 21, 'min': 21, 'avg': 21.0, 'root': 12}","[-10, -10]","[110, -51]",sequential,chance,chance,"[1.0, 1.0]","[0.5, 1.0]","[0.5, 1.0]","[0.5, 1.0]","[0.625, 0.0]","[0.375, 0.0]",[[0]],[[1]],[[2]],"(0, 12)","(12, 21)","(12, 21)",{},{},{},"['A', 'B']",[],[],0,0,1,1,3,1,A,,,,,,,B,,,,,"{'rtype': 'select-node', 'rtimedn': 30.285, 'rtimeup': 30.285}",,,,,,,"{'rtype': None, 'rtimedn': 13, 'rtimeup': 13}",,,,
,,15,1,19,1733261030,BDG-573-5354,TREE-1.2-0.0-0.0,"['56db9ffc-32e9-471f-abd4-5ee41d33f84d', '01b850cc-9ba8-4d0b-8eba-bec734ed8847']","['robot', 'participant']","['bowtie', 'star-six']","['hsla(66, 70%, 54%, 1.0)', 'hsla(321, 79%, 65%, 1.0)']","[[1.0, 0.2456964006259781], [0.2456964006259781, 1.0]]","{0: '', 1: 'A', 2: 'B'}",,1,after,"[False, True]","{'max': 21, 'min': 21, 'avg': 21.0, 'root': 12}","[0, -10]","[112, 103]",sequential,chance,chance,"[1.0, 1.0]","[0.5, 1.0]","[0.5, 1.0]","[0.5, 1.0]","[0.625, 0.0]","[0.375, 0.0]",[[0]],[[1]],[[2]],"(0, 12)","(12, 21)","(12, 21)",{},{},{},"['A', 'B']",[],[],0,0,5,3,5,4,A,,,,,,,B,,,,,"{'rtype': 'a', 'rtimedn': 3.8, 'rtimeup': 5.313}",,,,,,,"{'rtype': 'select-node', 'rtimedn': 29.417, 'rtimeup': 29.417}",,,,
,,15,2,19,1733261027,BDG-596-5452,TREE-1.2-0.0-0.0,"['d8c5d3eb-c11c-4209-aa4d-8fa881c9e2ce', 'd85e7c87-2722-4952-a4b7-8cf7805dac37']","['participant', 'robot']","['arrow-head', 'dodecagon']","['hsla(330, 87%, 38%, 1.0)', 'hsla(76, 53%, 46%, 1.0)']","[[1.0, 0.056077203964527915], [0.056077203964527915, 1.0]]","{0: '', 1: 'A', 2: 'B'}",,1,after,"[True, False]","{'max': 21, 'min': 21, 'avg': 21.0, 'root': 12}","[-10, 0]","[107, 130]",sequential,chance,chance,"[1.0, 1.0]","[0.5, 1.0]","[0.5, 1.0]","[0.5, 1.0]","[0.625, 0.0]","[0.375, 0.0]",[[0]],[[1]],[[2]],"(0, 12)","(12, 21)","(12, 21)",{},{},{},"['A', 'B']",[],[],0,0,5,4,5,2,A,,,,,,,A,,,,,"{'rtype': 'select-node', 'rtimedn': 30.571, 'rtimeup': 30.571}",,,,,,,"{'rtype': 'a', 'rtimedn': 4.471, 'rtimeup': 6.215}",,,,
,,15,3,19,1733261027,BDG-337-3433,TREE-1.2-0.0-0.0,"['f7862b18-f9f6-4c7d-bc9b-5f8c15cca4e7', 'd383d0be-6c2c-4b5a-9fae-b7bd10e621a3']","['participant', 'participant']","['stop-sign', 'arrow-head']","['hsla(222, 51%, 54%, 1.0)', 'hsla(221, 81%, 45%, 1.0)']","[[1.0, 0.23004694835680753], [0.23004694835680753, 1.0]]","{0: '', 1: 'A', 2: 'B'}",,1,after,"[True, True]","{'max': 21, 'min': 21, 'avg': 21.0, 'root': 12}","[-10, -10]","[121, 150]",sequential,chance,chance,"[1.0, 1.0]","[0.5, 1.0]","[0.5, 1.0]","[0.5, 1.0]","[0.625, 0.0]","[0.375, 0.0]",[[0]],[[1]],[[2]],"(0, 12)","(12, 21)","(12, 21)",{},{},{},"['A', 'B']",[],[],0,0,3,4,3,3,A,,,,,,,A,,,,,"{'rtype': 'select-node', 'rtimedn': 30.545, 'rtimeup': 30.545}",,,,,,,"{'rtype': 'select-node', 'rtimedn': 29.499, 'rtimeup': 29.499}",,,,
,,15,4,19,1733261025,BDG-283-3224,TREE-1.2-0.0-0.0,"['d46081e5-af46-4b37-b1de-79015b143ff4', '47171824-3af8-4ebd-987d-3eb88573ab8e']","['participant', 'robot']","['flame', 'teardrop']","['hsla(232, 64%, 44%, 1.0)', 'hsla(298, 63%, 45%, 1.0)']","[[1.0, 0.08581116327595202], [0.08581116327595202, 1.0]]","{0: '', 1: 'A', 2: 'B'}",,1,after,"[True, False]","{'max': 21, 'min': 21, 'avg': 21.0, 'root': 12}","[-10, 0]","[106, 103]",sequential,chance,chance,"[1.0, 1.0]","[0.5, 1.0]","[0.5, 1.0]","[0.5, 1.0]","[0.625, 0.0]","[0.375, 0.0]",[[0]],[[1]],[[2]],"(0, 12)","(12, 21)","(12, 21)",{},{},{},"['A', 'B']",[],[],0,0,3,2,2,4,A,,,,,,,A,,,,,"{'rtype': 'select-node', 'rtimedn': 27.635, 'rtimeup': 27.635}",,,,,,,"{'rtype': 'd', 'rtimedn': 5.796, 'rtimeup': 7.093}",,,,
,,16,0,19,1733261042,BDG-310-3331,TREE-1.2-0.0-0.0,"['d46081e5-af46-4b37-b1de-79015b143ff4', 'd8c5d3eb-c11c-4209-aa4d-8fa881c9e2ce']","['participant', 'participant']","['flame', 'arrow-head']","['hsla(232, 64%, 44%, 1.0)', 'hsla(330, 87%, 38%, 1.0)']","[[1.0, 0.23004694835680753], [0.23004694835680753, 1.0]]","{0: '', 1: 'A', 2: 'B'}",,1,after,"[True, True]","{'max': 21, 'min': 21, 'avg': 21.0, 'root': 12}","[-10, -10]","[106, 107]",sequential,chance,chance,"[1.0, 1.0]","[0.5, 1.0]","[0.5, 1.0]","[0.5, 1.0]","[0.625, 0.0]","[0.375, 0.0]",[[0]],[[1]],[[2]],"(0, 12)","(12, 21)","(12, 21)",{},{},{},"['A', 'B']",[],[],0,0,3,3,3,1,A,,,,,,,A,,,,,"{'rtype': 'select-node', 'rtimedn': 29.109, 'rtimeup': 29.109}",,,,,,,"{'rtype': 'select-node', 'rtimedn': 32.063, 'rtimeup': 32.063}",,,,
,,16,1,19,1733261041,BDG-085-1431,TREE-1.2-0.0-0.0,"['d383d0be-6c2c-4b5a-9fae-b7bd10e621a3', 'd85e7c87-2722-4952-a4b7-8cf7805dac37']","['participant', 'robot']","['arrow-head', 'dodecagon']","['hsla(221, 81%, 45%, 1.0)', 'hsla(76, 53%, 46%, 1.0)']","[[1.0, 0.07537819509650497], [0.07537819509650497, 1.0]]","{0: '', 1: 'A', 2: 'B'}",,2,after,"[True, False]","{'max': 21, 'min': 21, 'avg': 21.0, 'root': 12}","[-10, 0]","[150, 130]",sequential,chance,chance,"[1.0, 1.0]","[0.5, 1.0]","[0.5, 1.0]","[0.5, 1.0]","[0.625, 0.0]","[0.375, 0.0]",[[0]],[[1]],[[2]],"(0, 12)","(12, 21)","(12, 21)",{},{},{},"['A', 'B']",[],[],0,0,1,4,3,1,B,,,,,,,B,,,,,"{'rtype': 'select-node', 'rtimedn': 31.029, 'rtimeup': 31.029}",,,,,,,"{'rtype': 'd', 'rtimedn': 2.566, 'rtimeup': 5.799}",,,,
,,16,2,19,1733261047,BDG-077-1413,TREE-1.2-0.0-0.0,"['948c936f-74c4-4f6e-9c84-8d05a39d3da9', '56db9ffc-32e9-471f-abd4-5ee41d33f84d']","['robot', 'robot']","['cross', 'bowtie']","['hsla(262, 66%, 39%, 1.0)', 'hsla(66, 70%, 54%, 1.0)']","[[1.0, 0.10693792383933232], [0.10693792383933232, 1.0]]","{0: '', 1: 'A', 2: 'B'}",,1,after,"[True, False]","{'max': 21, 'min': 21, 'avg': 21.0, 'root': 12}","[-10, 0]","[-51, 112]",sequential,chance,chance,"[1.0, 1.0]","[0.5, 1.0]","[0.5, 1.0]","[0.5, 1.0]","[0.625, 0.0]","[0.375, 0.0]",[[0]],[[1]],[[2]],"(0, 12)","(12, 21)","(12, 21)",{},{},{},"['A', 'B']",[],[],0,0,1,4,1,3,A,,,,,,,A,,,,,"{'rtype': None, 'rtimedn': 13, 'rtimeup': 13}",,,,,,,"{'rtype': 'a', 'rtimedn': 2.361, 'rtimeup': 4.682}",,,,
,,16,3,19,1733261043,BDG-019-1145,TREE-1.2-0.0-0.0,"['01b850cc-9ba8-4d0b-8eba-bec734ed8847', 'f7862b18-f9f6-4c7d-bc9b-5f8c15cca4e7']","['participant', 'participant']","['star-six', 'stop-sign']","['hsla(321, 79%, 65%, 1.0)', 'hsla(222, 51%, 54%, 1.0)']","[[1.0, 0.1797078768909755], [0.1797078768909755, 1.0]]","{0: '', 1: 'A', 2: 'B'}",,1,after,"[True, True]","{'max': 21, 'min': 21, 'avg': 21.0, 'root': 12}","[-10, -10]","[103, 121]",sequential,chance,chance,"[1.0, 1.0]","[0.5, 1.0]","[0.5, 1.0]","[0.5, 1.0]","[0.375, 0.0]","[0.625, 0.0]",[[0]],[[1]],[[2]],"(0, 12)","(12, 21)","(12, 21)",{},{},{},"['A', 'B']",[],[],0,0,1,1,4,5,A,,,,,,,A,,,,,"{'rtype': 'select-node', 'rtimedn': 30.736, 'rtimeup': 30.736}",,,,,,,"{'rtype': 'select-node', 'rtimedn': 32.129, 'rtimeup': 32.129}",,,,
,,16,4,19,1733261042,BDG-360-3531,TREE-1.2-0.0-0.0,"['f7c97106-afa2-4709-b205-ea7ffd67ec68', '47171824-3af8-4ebd-987d-3eb88573ab8e']","['participant', 'robot']","['squash', 'teardrop']","['hsla(1, 54%, 56%, 1.0)', 'hsla(298, 63%, 45%, 1.0)']","[[1.0, 0.2456964006259781], [0.2456964006259781, 1.0]]","{0: '', 1: 'A', 2: 'B'}",,2,after,"[True, False]","{'max': 21, 'min': 21, 'avg': 21.0, 'root': 12}","[-10, 0]","[110, 103]",sequential,chance,chance,"[1.0, 1.0]","[0.5, 1.0]","[0.5, 1.0]","[0.5, 1.0]","[0.625, 0.0]","[0.375, 0.0]",[[0]],[[1]],[[2]],"(0, 12)","(12, 21)","(12, 21)",{},{},{},"['A', 'B']",[],[],0,0,3,5,3,1,B,,,,,,,A,,,,,"{'rtype': 'select-node', 'rtimedn': 31.956, 'rtimeup': 31.956}",,,,,,,"{'rtype': 'a', 'rtimedn': 1.338, 'rtimeup': 2.54}",,,,
,,17,0,19,1733261055,BDG-481-4522,TREE-1.2-0.0-0.0,"['f7c97106-afa2-4709-b205-ea7ffd67ec68', 'd85e7c87-2722-4952-a4b7-8cf7805dac37']","['participant', 'robot']","['squash', 'dodecagon']","['hsla(1, 54%, 56%, 1.0)', 'hsla(76, 53%, 46%, 1.0)']","[[1.0, 0.23004694835680753], [0.23004694835680753, 1.0]]","{0: '', 1: 'A', 2: 'B'}",,1,after,"[True, False]","{'max': 21, 'min': 21, 'avg': 21.0, 'root': 12}","[-10, 0]","[110, 130]",sequential,chance,chance,"[1.0, 1.0]","[0.5, 1.0]","[0.5, 1.0]","[0.5, 1.0]","[0.375, 0.0]","[0.625, 0.0]",[[0]],[[1]],[[2]],"(0, 12)","(12, 21)","(12, 21)",{},{},{},"['A', 'B']",[],[],0,0,4,5,2,2,A,,,,,,,A,,,,,"{'rtype': 'select-node', 'rtimedn': 33.216, 'rtimeup': 33.216}",,,,,,,"{'rtype': 'a', 'rtimedn': 0.688, 'rtimeup': 1.313}",,,,
,,17,1,19,1733261058,BDG-264-3135,TREE-1.2-0.0-0.0,"['f7862b18-f9f6-4c7d-bc9b-5f8c15cca4e7', 'd383d0be-6c2c-4b5a-9fae-b7bd10e621a3']","['participant', 'participant']","['stop-sign', 'arrow-head']","['hsla(222, 51%, 54%, 1.0)', 'hsla(221, 81%, 45%, 1.0)']","[[1.0, 0.23004694835680753], [0.23004694835680753, 1.0]]","{0: '', 1: 'A', 2: 'B'}",,2,after,"[True, True]","{'max': 21, 'min': 21, 'avg': 21.0, 'root': 12}","[-10, -10]","[121, 150]",sequential,chance,chance,"[1.0, 1.0]","[0.5, 1.0]","[0.5, 1.0]","[0.5, 1.0]","[0.375, 0.0]","[0.625, 0.0]",[[0]],[[1]],[[2]],"(0, 12)","(12, 21)","(12, 21)",{},{},{},"['A', 'B']",[],[],0,0,3,1,3,5,B,,,,,,,B,,,,,"{'rtype': 'select-node', 'rtimedn': 33.596, 'rtimeup': 33.596}",,,,,,,"{'rtype': 'select-node', 'rtimedn': 32.55, 'rtimeup': 32.55}",,,,
,,17,2,19,1733261061,BDG-337-3433,TREE-1.2-0.0-0.0,"['01b850cc-9ba8-4d0b-8eba-bec734ed8847', '948c936f-74c4-4f6e-9c84-8d05a39d3da9']","['participant', 'robot']","['star-six', 'cross']","['hsla(321, 79%, 65%, 1.0)', 'hsla(262, 66%, 39%, 1.0)']","[[1.0, 0.23004694835680753], [0.23004694835680753, 1.0]]","{0: '', 1: 'A', 2: 'B'}",,2,after,"[True, True]","{'max': 21, 'min': 21, 'avg': 21.0, 'root': 12}","[-10, -10]","[103, -51]",sequential,chance,chance,"[1.0, 1.0]","[0.5, 1.0]","[0.5, 1.0]","[0.5, 1.0]","[0.625, 0.0]","[0.375, 0.0]",[[0]],[[1]],[[2]],"(0, 12)","(12, 21)","(12, 21)",{},{},{},"['A', 'B']",[],[],0,0,3,4,3,3,B,,,,,,,B,,,,,"{'rtype': 'select-node', 'rtimedn': 32.073, 'rtimeup': 32.073}",,,,,,,"{'rtype': None, 'rtimedn': 13, 'rtimeup': 13}",,,,
,,17,3,19,1733261058,BDG-185-2331,TREE-1.2-0.0-0.0,"['d46081e5-af46-4b37-b1de-79015b143ff4', 'd8c5d3eb-c11c-4209-aa4d-8fa881c9e2ce']","['participant', 'participant']","['flame', 'arrow-head']","['hsla(232, 64%, 44%, 1.0)', 'hsla(330, 87%, 38%, 1.0)']","[[1.0, 0.23004694835680753], [0.23004694835680753, 1.0]]","{0: '', 1: 'A', 2: 'B'}",,2,after,"[True, True]","{'max': 21, 'min': 21, 'avg': 21.0, 'root': 12}","[-10, -10]","[106, 107]",sequential,chance,chance,"[1.0, 1.0]","[0.5, 1.0]","[0.5, 1.0]","[0.5, 1.0]","[0.625, 0.0]","[0.375, 0.0]",[[0]],[[1]],[[2]],"(0, 12)","(12, 21)","(12, 21)",{},{},{},"['A', 'B']",[],[],0,0,2,3,3,1,B,,,,,,,B,,,,,"{'rtype': 'select-node', 'rtimedn': 30.616, 'rtimeup': 30.616}",,,,,,,"{'rtype': 'select-node', 'rtimedn': 33.635, 'rtimeup': 33.635}",,,,
,,17,4,19,1733261049,BDG-346-3452,TREE-1.2-0.0-0.0,"['56db9ffc-32e9-471f-abd4-5ee41d33f84d', '47171824-3af8-4ebd-987d-3eb88573ab8e']","['robot', 'robot']","['bowtie', 'teardrop']","['hsla(66, 70%, 54%, 1.0)', 'hsla(298, 63%, 45%, 1.0)']","[[1.0, 0.23004694835680753], [0.23004694835680753, 1.0]]","{0: '', 1: 'A', 2: 'B'}",,1,after,"[False, False]","{'max': 21, 'min': 21, 'avg': 21.0, 'root': 12}","[0, 0]","[112, 103]",sequential,chance,chance,"[1.0, 1.0]","[0.5, 1.0]","[0.5, 1.0]","[0.5, 1.0]","[0.375, 0.0]","[0.625, 0.0]",[[0]],[[1]],[[2]],"(0, 12)","(12, 21)","(12, 21)",{},{},{},"['A', 'B']",[],[],0,0,3,4,5,2,A,,,,,,,A,,,,,"{'rtype': 'd', 'rtimedn': 0.442, 'rtimeup': 1.261}",,,,,,,"{'rtype': 'd', 'rtimedn': 5.269, 'rtimeup': 6.943}",,,,
,,18,0,19,1733261072,BDG-587-5433,TREE-1.2-0.0-0.0,"['948c936f-74c4-4f6e-9c84-8d05a39d3da9', 'f7862b18-f9f6-4c7d-bc9b-5f8c15cca4e7']","['robot', 'participant']","['cross', 'stop-sign']","['hsla(262, 66%, 39%, 1.0)', 'hsla(222, 51%, 54%, 1.0)']","[[1.0, 0.2456964006259781], [0.2456964006259781, 1.0]]","{0: '', 1: 'A', 2: 'B'}",,1,after,"[False, True]","{'max': 21, 'min': 21, 'avg': 21.0, 'root': 12}","[0, -10]","[-51, 121]",sequential,chance,chance,"[1.0, 1.0]","[0.5, 1.0]","[0.5, 1.0]","[0.5, 1.0]","[0.375, 0.0]","[0.625, 0.0]",[[0]],[[1]],[[2]],"(0, 12)","(12, 21)","(12, 21)",{},{},{},"['A', 'B']",[],[],0,0,5,4,3,3,A,,,,,,,B,,,,,"{'rtype': 'a', 'rtimedn': 0.319, 'rtimeup': 0.771}",,,,,,,"{'rtype': 'select-node', 'rtimedn': 35.002, 'rtimeup': 35.002}",,,,
,,18,1,19,1733261071,BDG-386-4132,TREE-1.2-0.0-0.0,"['d383d0be-6c2c-4b5a-9fae-b7bd10e621a3', 'd8c5d3eb-c11c-4209-aa4d-8fa881c9e2ce']","['participant', 'participant']","['arrow-head', 'arrow-head']","['hsla(221, 81%, 45%, 1.0)', 'hsla(330, 87%, 38%, 1.0)']","[[1.0, 0.2456964006259781], [0.2456964006259781, 1.0]]","{0: '', 1: 'A', 2: 'B'}",,1,after,"[True, True]","{'max': 21, 'min': 21, 'avg': 21.0, 'root': 12}","[-10, -10]","[150, 107]",sequential,chance,chance,"[1.0, 1.0]","[0.5, 1.0]","[0.5, 1.0]","[0.5, 1.0]","[0.375, 0.0]","[0.625, 0.0]",[[0]],[[1]],[[2]],"(0, 12)","(12, 21)","(12, 21)",{},{},{},"['A', 'B']",[],[],0,0,4,1,3,2,A,,,,,,,A,,,,,"{'rtype': 'select-node', 'rtimedn': 34.012, 'rtimeup': 34.012}",,,,,,,"{'rtype': 'select-node', 'rtimedn': 34.92, 'rtimeup': 34.92}",,,,
,,18,2,19,1733261064,BDG-061-1332,TREE-1.2-0.0-0.0,"['47171824-3af8-4ebd-987d-3eb88573ab8e', '56db9ffc-32e9-471f-abd4-5ee41d33f84d']","['robot', 'robot']","['teardrop', 'bowtie']","['hsla(298, 63%, 45%, 1.0)', 'hsla(66, 70%, 54%, 1.0)']","[[1.0, 0.23004694835680753], [0.23004694835680753, 1.0]]","{0: '', 1: 'A', 2: 'B'}",,2,after,"[False, False]","{'max': 21, 'min': 21, 'avg': 21.0, 'root': 12}","[0, 0]","[103, 112]",sequential,chance,chance,"[1.0, 1.0]","[0.5, 1.0]","[0.5, 1.0]","[0.5, 1.0]","[0.375, 0.0]","[0.625, 0.0]",[[0]],[[1]],[[2]],"(0, 12)","(12, 21)","(12, 21)",{},{},{},"['A', 'B']",[],[],0,0,1,3,3,2,B,,,,,,,B,,,,,"{'rtype': 'd', 'rtimedn': 0.842, 'rtimeup': 0.857}",,,,,,,"{'rtype': 'a', 'rtimedn': 3.608, 'rtimeup': 4.859}",,,,
,,18,3,19,1733261070,BDG-499-4555,TREE-1.2-0.0-0.0,"['d46081e5-af46-4b37-b1de-79015b143ff4', 'd85e7c87-2722-4952-a4b7-8cf7805dac37']","['participant', 'robot']","['flame', 'dodecagon']","['hsla(232, 64%, 44%, 1.0)', 'hsla(76, 53%, 46%, 1.0)']","[[1.0, 0.2456964006259781], [0.2456964006259781, 1.0]]","{0: '', 1: 'A', 2: 'B'}",,1,after,"[True, False]","{'max': 21, 'min': 21, 'avg': 21.0, 'root': 12}","[-10, 0]","[106, 130]",sequential,chance,chance,"[1.0, 1.0]","[0.5, 1.0]","[0.5, 1.0]","[0.5, 1.0]","[0.625, 0.0]","[0.375, 0.0]",[[0]],[[1]],[[2]],"(0, 12)","(12, 21)","(12, 21)",{},{},{},"['A', 'B']",[],[],0,0,4,5,5,5,A,,,,,,,B,,,,,"{'rtype': 'select-node', 'rtimedn': 32.046, 'rtimeup': 32.046}",,,,,,,"{'rtype': 'a', 'rtimedn': 6.58, 'rtimeup': 7.937}",,,,
,,18,4,19,1733261072,BDG-119-1545,TREE-1.2-0.0-0.0,"['01b850cc-9ba8-4d0b-8eba-bec734ed8847', 'f7c97106-afa2-4709-b205-ea7ffd67ec68']","['participant', 'participant']","['star-six', 'squash']","['hsla(321, 79%, 65%, 1.0)', 'hsla(1, 54%, 56%, 1.0)']","[[1.0, 0.0187793427230047], [0.0187793427230047, 1.0]]","{0: '', 1: 'A', 2: 'B'}",,2,after,"[True, True]","{'max': 21, 'min': 21, 'avg': 21.0, 'root': 12}","[-10, -10]","[103, 110]",sequential,chance,chance,"[1.0, 1.0]","[0.5, 1.0]","[0.5, 1.0]","[0.5, 1.0]","[0.625, 0.0]","[0.375, 0.0]",[[0]],[[1]],[[2]],"(0, 12)","(12, 21)","(12, 21)",{},{},{},"['A', 'B']",[],[],0,0,1,5,4,5,B,,,,,,,B,,,,,"{'rtype': 'select-node', 'rtimedn': 33.659, 'rtimeup': 33.659}",,,,,,,"{'rtype': 'select-node', 'rtimedn': 34.973, 'rtimeup': 34.973}",,,,
,,19,0,19,1733261083,BDG-593-5444,TREE-1.2-0.0-0.0,"['f7862b18-f9f6-4c7d-bc9b-5f8c15cca4e7', '01b850cc-9ba8-4d0b-8eba-bec734ed8847']","['participant', 'participant']","['stop-sign', 'star-six']","['hsla(222, 51%, 54%, 1.0)', 'hsla(321, 79%, 65%, 1.0)']","[[1.0, 0.1797078768909755], [0.1797078768909755, 1.0]]","{0: '', 1: 'A', 2: 'B'}",,2,after,"[True, True]","{'max': 21, 'min': 21, 'avg': 21.0, 'root': 12}","[-10, -10]","[121, 103]",sequential,chance,chance,"[1.0, 1.0]","[0.5, 1.0]","[0.5, 1.0]","[0.5, 1.0]","[0.625, 0.0]","[0.375, 0.0]",[[0]],[[1]],[[2]],"(0, 12)","(12, 21)","(12, 21)",{},{},{},"['A', 'B']",[],[],0,0,5,4,4,4,B,,,,,,,A,,,,,"{'rtype': 'select-node', 'rtimedn': 36.105, 'rtimeup': 36.105}",,,,,,,"{'rtype': 'select-node', 'rtimedn': 34.608, 'rtimeup': 34.608}",,,,
,,19,1,19,1733261087,BDG-496-4552,TREE-1.2-0.0-0.0,"['f7c97106-afa2-4709-b205-ea7ffd67ec68', 'd85e7c87-2722-4952-a4b7-8cf7805dac37']","['participant', 'robot']","['squash', 'dodecagon']","['hsla(1, 54%, 56%, 1.0)', 'hsla(76, 53%, 46%, 1.0)']","[[1.0, 0.23004694835680753], [0.23004694835680753, 1.0]]","{0: '', 1: 'A', 2: 'B'}",,1,after,"[True, False]","{'max': 21, 'min': 21, 'avg': 21.0, 'root': 12}","[-10, 0]","[110, 130]",sequential,chance,chance,"[1.0, 1.0]","[0.5, 1.0]","[0.5, 1.0]","[0.5, 1.0]","[0.625, 0.0]","[0.375, 0.0]",[[0]],[[1]],[[2]],"(0, 12)","(12, 21)","(12, 21)",{},{},{},"['A', 'B']",[],[],0,0,4,5,5,2,A,,,,,,,B,,,,,"{'rtype': None, 'rtimedn': 13, 'rtimeup': 13}",,,,,,,"{'rtype': 'd', 'rtimedn': 1.446, 'rtimeup': 2.442}",,,,
,,19,2,19,1733261082,BDG-124-1555,TREE-1.2-0.0-0.0,"['47171824-3af8-4ebd-987d-3eb88573ab8e', 'd8c5d3eb-c11c-4209-aa4d-8fa881c9e2ce']","['robot', 'participant']","['teardrop', 'arrow-head']","['hsla(298, 63%, 45%, 1.0)', 'hsla(330, 87%, 38%, 1.0)']","[[1.0, 0.1797078768909755], [0.1797078768909755, 1.0]]","{0: '', 1: 'A', 2: 'B'}",,2,after,"[False, True]","{'max': 21, 'min': 21, 'avg': 21.0, 'root': 12}","[0, -10]","[103, 107]",sequential,chance,chance,"[1.0, 1.0]","[0.5, 1.0]","[0.5, 1.0]","[0.5, 1.0]","[0.375, 0.0]","[0.625, 0.0]",[[0]],[[1]],[[2]],"(0, 12)","(12, 21)","(12, 21)",{},{},{},"['A', 'B']",[],[],0,0,1,5,5,5,B,,,,,,,B,,,,,"{'rtype': 'd', 'rtimedn': 4.69, 'rtimeup': 6.13}",,,,,,,"{'rtype': 'select-node', 'rtimedn': 36.036, 'rtimeup': 36.036}",,,,
,,19,3,19,1733261081,BDG-170-2251,TREE-1.2-0.0-0.0,"['d383d0be-6c2c-4b5a-9fae-b7bd10e621a3', '56db9ffc-32e9-471f-abd4-5ee41d33f84d']","['participant', 'robot']","['arrow-head', 'bowtie']","['hsla(221, 81%, 45%, 1.0)', 'hsla(66, 70%, 54%, 1.0)']","[[1.0, 0.08581116327595202], [0.08581116327595202, 1.0]]","{0: '', 1: 'A', 2: 'B'}",,2,after,"[True, False]","{'max': 21, 'min': 21, 'avg': 21.0, 'root': 12}","[-10, 0]","[150, 112]",sequential,chance,chance,"[1.0, 1.0]","[0.5, 1.0]","[0.5, 1.0]","[0.5, 1.0]","[0.625, 0.0]","[0.375, 0.0]",[[0]],[[1]],[[2]],"(0, 12)","(12, 21)","(12, 21)",{},{},{},"['A', 'B']",[],[],0,0,2,2,5,1,B,,,,,,,B,,,,,"{'rtype': 'select-node', 'rtimedn': 35.055, 'rtimeup': 35.055}",,,,,,,"{'rtype': 'a', 'rtimedn': 4.766, 'rtimeup': 5.485}",,,,
,,19,4,19,1733261081,BDG-432-4323,TREE-1.2-0.0-0.0,"['d46081e5-af46-4b37-b1de-79015b143ff4', '948c936f-74c4-4f6e-9c84-8d05a39d3da9']","['participant', 'robot']","['flame', 'cross']","['hsla(232, 64%, 44%, 1.0)', 'hsla(262, 66%, 39%, 1.0)']","[[1.0, 0.1797078768909755], [0.1797078768909755, 1.0]]","{0: '', 1: 'A', 2: 'B'}",,1,after,"[True, False]","{'max': 21, 'min': 21, 'avg': 21.0, 'root': 12}","[-10, 0]","[106, -51]",sequential,chance,chance,"[1.0, 1.0]","[0.5, 1.0]","[0.5, 1.0]","[0.5, 1.0]","[0.375, 0.0]","[0.625, 0.0]",[[0]],[[1]],[[2]],"(0, 12)","(12, 21)","(12, 21)",{},{},{},"['A', 'B']",[],[],0,0,4,3,2,3,A,,,,,,,A,,,,,"{'rtype': 'select-node', 'rtimedn': 33.228, 'rtimeup': 33.228}",,,,,,,"{'rtype': 'a', 'rtimedn': 1.857, 'rtimeup': 2.97}",,,,
,,20,0,19,1733261096,BDG-546-5252,TREE-1.2-0.0-0.0,"['d383d0be-6c2c-4b5a-9fae-b7bd10e621a3', '56db9ffc-32e9-471f-abd4-5ee41d33f84d']","['participant', 'robot']","['arrow-head', 'bowtie']","['hsla(221, 81%, 45%, 1.0)', 'hsla(66, 70%, 54%, 1.0)']","[[1.0, 0.08581116327595202], [0.08581116327595202, 1.0]]","{0: '', 1: 'A', 2: 'B'}",,2,after,"[True, False]","{'max': 21, 'min': 21, 'avg': 21.0, 'root': 12}","[-10, 0]","[150, 112]",sequential,chance,chance,"[1.0, 1.0]","[0.5, 1.0]","[0.5, 1.0]","[0.5, 1.0]","[0.625, 0.0]","[0.375, 0.0]",[[0]],[[1]],[[2]],"(0, 12)","(12, 21)","(12, 21)",{},{},{},"['A', 'B']",[],[],0,0,5,2,5,2,B,,,,,,,A,,,,,"{'rtype': 'select-node', 'rtimedn': 36.499, 'rtimeup': 36.499}",,,,,,,"{'rtype': 'a', 'rtimedn': 2.328, 'rtimeup': 5.153}",,,,
,,20,1,19,1733261096,BDG-279-3215,TREE-1.2-0.0-0.0,"['948c936f-74c4-4f6e-9c84-8d05a39d3da9', 'f7c97106-afa2-4709-b205-ea7ffd67ec68']","['robot', 'participant']","['cross', 'squash']","['hsla(262, 66%, 39%, 1.0)', 'hsla(1, 54%, 56%, 1.0)']","[[1.0, 0.08581116327595202], [0.08581116327595202, 1.0]]","{0: '', 1: 'A', 2: 'B'}",,1,after,"[False, True]","{'max': 21, 'min': 21, 'avg': 21.0, 'root': 12}","[0, -10]","[-51, 110]",sequential,chance,chance,"[1.0, 1.0]","[0.5, 1.0]","[0.5, 1.0]","[0.5, 1.0]","[0.625, 0.0]","[0.375, 0.0]",[[0]],[[1]],[[2]],"(0, 12)","(12, 21)","(12, 21)",{},{},{},"['A', 'B']",[],[],0,0,3,2,1,5,A,,,,,,,A,,,,,"{'rtype': 'a', 'rtimedn': 1.309, 'rtimeup': 1.86}",,,,,,,"{'rtype': 'select-node', 'rtimedn': 37.279, 'rtimeup': 37.279}",,,,
,,20,2,19,1733261096,BDG-353-3514,TREE-1.2-0.0-0.0,"['47171824-3af8-4ebd-987d-3eb88573ab8e', 'd46081e5-af46-4b37-b1de-79015b143ff4']","['robot', 'participant']","['teardrop', 'flame']","['hsla(298, 63%, 45%, 1.0)', 'hsla(232, 64%, 44%, 1.0)']","[[1.0, 0.08581116327595202], [0.08581116327595202, 1.0]]","{0: '', 1: 'A', 2: 'B'}",,1,after,"[False, True]","{'max': 21, 'min': 21, 'avg': 21.0, 'root': 12}","[0, -10]","[103, 106]",sequential,chance,chance,"[1.0, 1.0]","[0.5, 1.0]","[0.5, 1.0]","[0.5, 1.0]","[0.625, 0.0]","[0.375, 0.0]",[[0]],[[1]],[[2]],"(0, 12)","(12, 21)","(12, 21)",{},{},{},"['A', 'B']",[],[],0,0,3,5,1,4,A,,,,,,,A,,,,,"{'rtype': 'a', 'rtimedn': 9.255, 'rtimeup': 11.057}",,,,,,,"{'rtype': 'select-node', 'rtimedn': 34.733, 'rtimeup': 34.733}",,,,
,,20,3,19,1733261099,BDG-125-2111,TREE-1.2-0.0-0.0,"['f7862b18-f9f6-4c7d-bc9b-5f8c15cca4e7', 'd8c5d3eb-c11c-4209-aa4d-8fa881c9e2ce']","['participant', 'participant']","['stop-sign', 'arrow-head']","['hsla(222, 51%, 54%, 1.0)', 'hsla(330, 87%, 38%, 1.0)']","[[1.0, 0.08581116327595202], [0.08581116327595202, 1.0]]","{0: '', 1: 'A', 2: 'B'}",,1,after,"[True, True]","{'max': 21, 'min': 21, 'avg': 21.0, 'root': 12}","[-10, -10]","[121, 107]",sequential,chance,chance,"[1.0, 1.0]","[0.5, 1.0]","[0.5, 1.0]","[0.5, 1.0]","[0.625, 0.0]","[0.375, 0.0]",[[0]],[[1]],[[2]],"(0, 12)","(12, 21)","(12, 21)",{},{},{},"['A', 'B']",[],[],0,0,2,1,1,1,A,,,,,,,A,,,,,"{'rtype': 'select-node', 'rtimedn': 37.583, 'rtimeup': 37.583}",,,,,,,"{'rtype': 'select-node', 'rtimedn': 37.742, 'rtimeup': 37.742}",,,,
,,20,4,19,1733261095,BDG-020-1151,TREE-1.2-0.0-0.0,"['01b850cc-9ba8-4d0b-8eba-bec734ed8847', 'd85e7c87-2722-4952-a4b7-8cf7805dac37']","['participant', 'robot']","['star-six', 'dodecagon']","['hsla(321, 79%, 65%, 1.0)', 'hsla(76, 53%, 46%, 1.0)']","[[1.0, 0.08581116327595202], [0.08581116327595202, 1.0]]","{0: '', 1: 'A', 2: 'B'}",,1,after,"[True, False]","{'max': 21, 'min': 21, 'avg': 21.0, 'root': 12}","[-10, 0]","[103, 130]",sequential,chance,chance,"[1.0, 1.0]","[0.5, 1.0]","[0.5, 1.0]","[0.5, 1.0]","[0.625, 0.0]","[0.375, 0.0]",[[0]],[[1]],[[2]],"(0, 12)","(12, 21)","(12, 21)",{},{},{},"['A', 'B']",[],[],0,0,1,1,5,1,A,,,,,,,B,,,,,"{'rtype': 'select-node', 'rtimedn': 35.873, 'rtimeup': 35.873}",,,,,,,"{'rtype': 'd', 'rtimedn': 5.096, 'rtimeup': 7.633}",,,,
,,21,0,19,1733261107,BDG-063-1334,TREE-1.2-0.0-0.0,"['01b850cc-9ba8-4d0b-8eba-bec734ed8847', '47171824-3af8-4ebd-987d-3eb88573ab8e']","['participant', 'robot']","['star-six', 'teardrop']","['hsla(321, 79%, 65%, 1.0)', 'hsla(298, 63%, 45%, 1.0)']","[[1.0, 0.07537819509650497], [0.07537819509650497, 1.0]]","{0: '', 1: 'A', 2: 'B'}",,1,after,"[True, False]","{'max': 21, 'min': 21, 'avg': 21.0, 'root': 12}","[-10, 0]","[103, 103]",sequential,chance,chance,"[1.0, 1.0]","[0.5, 1.0]","[0.5, 1.0]","[0.5, 1.0]","[0.625, 0.0]","[0.375, 0.0]",[[0]],[[1]],[[2]],"(0, 12)","(12, 21)","(12, 21)",{},{},{},"['A', 'B']",[],[],0,0,1,3,3,4,A,,,,,,,B,,,,,"{'rtype': 'select-node', 'rtimedn': 37.156, 'rtimeup': 37.156}",,,,,,,"{'rtype': 'a', 'rtimedn': 6.501, 'rtimeup': 9.111}",,,,
,,21,1,19,1733261107,BDG-192-2343,TREE-1.2-0.0-0.0,"['d383d0be-6c2c-4b5a-9fae-b7bd10e621a3', 'f7c97106-afa2-4709-b205-ea7ffd67ec68']","['participant', 'participant']","['arrow-head', 'squash']","['hsla(221, 81%, 45%, 1.0)', 'hsla(1, 54%, 56%, 1.0)']","[[1.0, 0.1797078768909755], [0.1797078768909755, 1.0]]","{0: '', 1: 'A', 2: 'B'}",,2,after,"[True, True]","{'max': 21, 'min': 21, 'avg': 21.0, 'root': 12}","[-10, -10]","[150, 110]",sequential,chance,chance,"[1.0, 1.0]","[0.5, 1.0]","[0.5, 1.0]","[0.5, 1.0]","[0.375, 0.0]","[0.625, 0.0]",[[0]],[[1]],[[2]],"(0, 12)","(12, 21)","(12, 21)",{},{},{},"['A', 'B']",[],[],0,0,2,3,4,3,B,,,,,,,B,,,,,"{'rtype': 'select-node', 'rtimedn': 37.593, 'rtimeup': 37.593}",,,,,,,"{'rtype': 'select-node', 'rtimedn': 38.445, 'rtimeup': 38.445}",,,,
,,21,2,19,1733261111,BDG-490-4541,TREE-1.2-0.0-0.0,"['948c936f-74c4-4f6e-9c84-8d05a39d3da9', 'f7862b18-f9f6-4c7d-bc9b-5f8c15cca4e7']","['robot', 'participant']","['cross', 'stop-sign']","['hsla(262, 66%, 39%, 1.0)', 'hsla(222, 51%, 54%, 1.0)']","[[1.0, 0.2456964006259781], [0.2456964006259781, 1.0]]","{0: '', 1: 'A', 2: 'B'}",,1,after,"[False, True]","{'max': 21, 'min': 21, 'avg': 21.0, 'root': 12}","[0, -10]","[-51, 121]",sequential,chance,chance,"[1.0, 1.0]","[0.5, 1.0]","[0.5, 1.0]","[0.5, 1.0]","[0.625, 0.0]","[0.375, 0.0]",[[0]],[[1]],[[2]],"(0, 12)","(12, 21)","(12, 21)",{},{},{},"['A', 'B']",[],[],0,0,4,5,4,1,A,,,,,,,A,,,,,"{'rtype': 'a', 'rtimedn': 10.438, 'rtimeup': 10.558}",,,,,,,"{'rtype': 'select-node', 'rtimedn': 38.956, 'rtimeup': 38.956}",,,,
,,21,3,19,1733261108,BDG-032-1223,TREE-1.2-0.0-0.0,"['d8c5d3eb-c11c-4209-aa4d-8fa881c9e2ce', 'd46081e5-af46-4b37-b1de-79015b143ff4']","['participant', 'participant']","['arrow-head', 'flame']","['hsla(330, 87%, 38%, 1.0)', 'hsla(232, 64%, 44%, 1.0)']","[[1.0, 0.23004694835680753], [0.23004694835680753, 1.0]]","{0: '', 1: 'A', 2: 'B'}",,2,after,"[True, True]","{'max': 21, 'min': 21, 'avg': 21.0, 'root': 12}","[-10, -10]","[107, 106]",sequential,chance,chance,"[1.0, 1.0]","[0.5, 1.0]","[0.5, 1.0]","[0.5, 1.0]","[0.625, 0.0]","[0.375, 0.0]",[[0]],[[1]],[[2]],"(0, 12)","(12, 21)","(12, 21)",{},{},{},"['A', 'B']",[],[],0,0,1,2,2,3,B,,,,,,,B,,,,,"{'rtype': 'select-node', 'rtimedn': 38.657, 'rtimeup': 38.657}",,,,,,,"{'rtype': 'select-node', 'rtimedn': 36.008, 'rtimeup': 36.008}",,,,
,,21,4,19,1733261102,BDG-288-3234,TREE-1.2-0.0-0.0,"['d85e7c87-2722-4952-a4b7-8cf7805dac37', '56db9ffc-32e9-471f-abd4-5ee41d33f84d']","['robot', 'robot']","['dodecagon', 'bowtie']","['hsla(76, 53%, 46%, 1.0)', 'hsla(66, 70%, 54%, 1.0)']","[[1.0, 0.1797078768909755], [0.1797078768909755, 1.0]]","{0: '', 1: 'A', 2: 'B'}",,1,after,"[False, False]","{'max': 21, 'min': 21, 'avg': 21.0, 'root': 12}","[0, 0]","[130, 112]",sequential,chance,chance,"[1.0, 1.0]","[0.5, 1.0]","[0.5, 1.0]","[0.5, 1.0]","[0.625, 0.0]","[0.375, 0.0]",[[0]],[[1]],[[2]],"(0, 12)","(12, 21)","(12, 21)",{},{},{},"['A', 'B']",[],[],0,0,3,2,3,4,A,,,,,,,A,,,,,"{'rtype': 'd', 'rtimedn': 0.937, 'rtimeup': 1.208}",,,,,,,"{'rtype': 'd', 'rtimedn': 0.647, 'rtimeup': 1.382}",,,,
,,22,0,19,1733261119,BDG-327-3413,TREE-1.2-0.0-0.0,"['d383d0be-6c2c-4b5a-9fae-b7bd10e621a3', '47171824-3af8-4ebd-987d-3eb88573ab8e']","['participant', 'robot']","['arrow-head', 'teardrop']","['hsla(221, 81%, 45%, 1.0)', 'hsla(298, 63%, 45%, 1.0)']","[[1.0, 0.10693792383933232], [0.10693792383933232, 1.0]]","{0: '', 1: 'A', 2: 'B'}",,1,after,"[True, False]","{'max': 21, 'min': 21, 'avg': 21.0, 'root': 12}","[-10, 0]","[150, 103]",sequential,chance,chance,"[1.0, 1.0]","[0.5, 1.0]","[0.5, 1.0]","[0.5, 1.0]","[0.625, 0.0]","[0.375, 0.0]",[[0]],[[1]],[[2]],"(0, 12)","(12, 21)","(12, 21)",{},{},{},"['A', 'B']",[],[],0,0,3,4,1,3,A,,,,,,,A,,,,,"{'rtype': 'select-node', 'rtimedn': 38.804, 'rtimeup': 38.804}",,,,,,,"{'rtype': 'a', 'rtimedn': 4.871, 'rtimeup': 6.5}",,,,
,,22,1,19,1733261119,BDG-216-2442,TREE-1.2-0.0-0.0,"['01b850cc-9ba8-4d0b-8eba-bec734ed8847', '948c936f-74c4-4f6e-9c84-8d05a39d3da9']","['participant', 'robot']","['star-six', 'cross']","['hsla(321, 79%, 65%, 1.0)', 'hsla(262, 66%, 39%, 1.0)']","[[1.0, 0.23004694835680753], [0.23004694835680753, 1.0]]","{0: '', 1: 'A', 2: 'B'}",,2,after,"[True, False]","{'max': 21, 'min': 21, 'avg': 21.0, 'root': 12}","[-10, 0]","[103, -51]",sequential,chance,chance,"[1.0, 1.0]","[0.5, 1.0]","[0.5, 1.0]","[0.5, 1.0]","[0.375, 0.0]","[0.625, 0.0]",[[0]],[[1]],[[2]],"(0, 12)","(12, 21)","(12, 21)",{},{},{},"['A', 'B']",[],[],0,0,2,4,4,2,B,,,,,,,B,,,,,"{'rtype': 'select-node', 'rtimedn': 38.334, 'rtimeup': 38.334}",,,,,,,"{'rtype': 'd', 'rtimedn': 7.393, 'rtimeup': 8.769}",,,,
,,22,2,19,1733261119,BDG-305-3321,TREE-1.2-0.0-0.0,"['d46081e5-af46-4b37-b1de-79015b143ff4', '56db9ffc-32e9-471f-abd4-5ee41d33f84d']","['participant', 'robot']","['flame', 'bowtie']","['hsla(232, 64%, 44%, 1.0)', 'hsla(66, 70%, 54%, 1.0)']","[[1.0, 0.0015649452269170582], [0.0015649452269170582, 1.0]]","{0: '', 1: 'A', 2: 'B'}",,1,after,"[True, False]","{'max': 21, 'min': 21, 'avg': 21.0, 'root': 12}","[-10, 0]","[106, 112]",sequential,chance,chance,"[1.0, 1.0]","[0.5, 1.0]","[0.5, 1.0]","[0.5, 1.0]","[0.375, 0.0]","[0.625, 0.0]",[[0]],[[1]],[[2]],"(0, 12)","(12, 21)","(12, 21)",{},{},{},"['A', 'B']",[],[],0,0,3,3,2,1,A,,,,,,,A,,,,,"{'rtype': 'select-node', 'rtimedn': 37.024, 'rtimeup': 37.024}",,,,,,,"{'rtype': 'a', 'rtimedn': 2.474, 'rtimeup': 5.047}",,,,
,,22,3,19,1733261122,BDG-132-2123,TREE-1.2-0.0-0.0,"['d8c5d3eb-c11c-4209-aa4d-8fa881c9e2ce', 'f7862b18-f9f6-4c7d-bc9b-5f8c15cca4e7']","['participant', 'participant']","['arrow-head', 'stop-sign']","['hsla(330, 87%, 38%, 1.0)', 'hsla(222, 51%, 54%, 1.0)']","[[1.0, 0.08581116327595202], [0.08581116327595202, 1.0]]","{0: '', 1: 'A', 2: 'B'}",,2,after,"[True, True]","{'max': 21, 'min': 21, 'avg': 21.0, 'root': 12}","[-10, -10]","[107, 121]",sequential,chance,chance,"[1.0, 1.0]","[0.5, 1.0]","[0.5, 1.0]","[0.5, 1.0]","[0.625, 0.0]","[0.375, 0.0]",[[0]],[[1]],[[2]],"(0, 12)","(12, 21)","(12, 21)",{},{},{},"['A', 'B']",[],[],0,0,2,1,2,3,B,,,,,,,B,,,,,"{'rtype': 'select-node', 'rtimedn': 39.899, 'rtimeup': 39.899}",,,,,,,"{'rtype': 'select-node', 'rtimedn': 40.023, 'rtimeup': 40.023}",,,,
,,22,4,19,1733261120,BDG-584-5425,TREE-1.2-0.0-0.0,"['f7c97106-afa2-4709-b205-ea7ffd67ec68', 'd85e7c87-2722-4952-a4b7-8cf7805dac37']","['participant', 'robot']","['squash', 'dodecagon']","['hsla(1, 54%, 56%, 1.0)', 'hsla(76, 53%, 46%, 1.0)']","[[1.0, 0.23004694835680753], [0.23004694835680753, 1.0]]","{0: '', 1: 'A', 2: 'B'}",,2,after,"[True, False]","{'max': 21, 'min': 21, 'avg': 21.0, 'root': 12}","[-10, 0]","[110, 130]",sequential,chance,chance,"[1.0, 1.0]","[0.5, 1.0]","[0.5, 1.0]","[0.5, 1.0]","[0.375, 0.0]","[0.625, 0.0]",[[0]],[[1]],[[2]],"(0, 12)","(12, 21)","(12, 21)",{},{},{},"['A', 'B']",[],[],0,0,5,4,2,5,B,,,,,,,A,,,,,"{'rtype': 'select-node', 'rtimedn': 39.701, 'rtimeup': 39.701}",,,,,,,"{'rtype': 'a', 'rtimedn': 4.616, 'rtimeup': 5.073}",,,,
,,23,0,19,1733261132,BDG-584-5425,TREE-1.2-0.0-0.0,"['f7862b18-f9f6-4c7d-bc9b-5f8c15cca4e7', '01b850cc-9ba8-4d0b-8eba-bec734ed8847']","['participant', 'participant']","['stop-sign', 'star-six']","['hsla(222, 51%, 54%, 1.0)', 'hsla(321, 79%, 65%, 1.0)']","[[1.0, 0.1797078768909755], [0.1797078768909755, 1.0]]","{0: '', 1: 'A', 2: 'B'}",,1,after,"[True, True]","{'max': 21, 'min': 21, 'avg': 21.0, 'root': 12}","[-10, -10]","[121, 103]",sequential,chance,chance,"[1.0, 1.0]","[0.5, 1.0]","[0.5, 1.0]","[0.5, 1.0]","[0.375, 0.0]","[0.625, 0.0]",[[0]],[[1]],[[2]],"(0, 12)","(12, 21)","(12, 21)",{},{},{},"['A', 'B']",[],[],0,0,5,4,2,5,A,,,,,,,A,,,,,"{'rtype': 'select-node', 'rtimedn': 41.032, 'rtimeup': 41.032}",,,,,,,"{'rtype': 'select-node', 'rtimedn': 39.372, 'rtimeup': 39.372}",,,,
,,23,1,19,1733261135,BDG-502-5113,TREE-1.2-0.0-0.0,"['d8c5d3eb-c11c-4209-aa4d-8fa881c9e2ce', 'd383d0be-6c2c-4b5a-9fae-b7bd10e621a3']","['participant', 'participant']","['arrow-head', 'arrow-head']","['hsla(330, 87%, 38%, 1.0)', 'hsla(221, 81%, 45%, 1.0)']","[[1.0, 0.2456964006259781], [0.2456964006259781, 1.0]]","{0: '', 1: 'A', 2: 'B'}",,1,after,"[True, True]","{'max': 21, 'min': 21, 'avg': 21.0, 'root': 12}","[-10, -10]","[107, 150]",sequential,chance,chance,"[1.0, 1.0]","[0.5, 1.0]","[0.5, 1.0]","[0.5, 1.0]","[0.625, 0.0]","[0.375, 0.0]",[[0]],[[1]],[[2]],"(0, 12)","(12, 21)","(12, 21)",{},{},{},"['A', 'B']",[],[],0,0,5,1,1,3,A,,,,,,,A,,,,,"{'rtype': 'select-node', 'rtimedn': 40.815, 'rtimeup': 40.815}",,,,,,,"{'rtype': 'select-node', 'rtimedn': 40.372, 'rtimeup': 40.372}",,,,
,,23,2,19,1733261131,BDG-327-3413,TREE-1.2-0.0-0.0,"['d46081e5-af46-4b37-b1de-79015b143ff4', '47171824-3af8-4ebd-987d-3eb88573ab8e']","['participant', 'robot']","['flame', 'teardrop']","['hsla(232, 64%, 44%, 1.0)', 'hsla(298, 63%, 45%, 1.0)']","[[1.0, 0.08581116327595202], [0.08581116327595202, 1.0]]","{0: '', 1: 'A', 2: 'B'}",,2,after,"[True, False]","{'max': 21, 'min': 21, 'avg': 21.0, 'root': 12}","[-10, 0]","[106, 103]",sequential,chance,chance,"[1.0, 1.0]","[0.5, 1.0]","[0.5, 1.0]","[0.5, 1.0]","[0.625, 0.0]","[0.375, 0.0]",[[0]],[[1]],[[2]],"(0, 12)","(12, 21)","(12, 21)",{},{},{},"['A', 'B']",[],[],0,0,3,4,1,3,B,,,,,,,A,,,,,"{'rtype': 'select-node', 'rtimedn': 38.289, 'rtimeup': 38.289}",,,,,,,"{'rtype': 'a', 'rtimedn': 11.485, 'rtimeup': 11.75}",,,,
,,23,3,19,1733261125,BDG-260-3131,TREE-1.2-0.0-0.0,"['56db9ffc-32e9-471f-abd4-5ee41d33f84d', 'd85e7c87-2722-4952-a4b7-8cf7805dac37']","['robot', 'robot']","['bowtie', 'dodecagon']","['hsla(66, 70%, 54%, 1.0)', 'hsla(76, 53%, 46%, 1.0)']","[[1.0, 0.1797078768909755], [0.1797078768909755, 1.0]]","{0: '', 1: 'A', 2: 'B'}",,1,after,"[False, False]","{'max': 21, 'min': 21, 'avg': 21.0, 'root': 12}","[0, 0]","[112, 130]",sequential,chance,chance,"[1.0, 1.0]","[0.5, 1.0]","[0.5, 1.0]","[0.5, 1.0]","[0.375, 0.0]","[0.625, 0.0]",[[0]],[[1]],[[2]],"(0, 12)","(12, 21)","(12, 21)",{},{},{},"['A', 'B']",[],[],0,0,3,1,3,1,A,,,,,,,B,,,,,"{'rtype': 'd', 'rtimedn': 3.171, 'rtimeup': 5.006}",,,,,,,"{'rtype': 'a', 'rtimedn': 5.718, 'rtimeup': 6.124}",,,,
,,23,4,19,1733261131,BDG-569-5345,TREE-1.2-0.0-0.0,"['948c936f-74c4-4f6e-9c84-8d05a39d3da9', 'f7c97106-afa2-4709-b205-ea7ffd67ec68']","['robot', 'participant']","['cross', 'squash']","['hsla(262, 66%, 39%, 1.0)', 'hsla(1, 54%, 56%, 1.0)']","[[1.0, 0.08581116327595202], [0.08581116327595202, 1.0]]","{0: '', 1: 'A', 2: 'B'}",,1,after,"[False, True]","{'max': 21, 'min': 21, 'avg': 21.0, 'root': 12}","[0, -10]","[-51, 110]",sequential,chance,chance,"[1.0, 1.0]","[0.5, 1.0]","[0.5, 1.0]","[0.5, 1.0]","[0.625, 0.0]","[0.375, 0.0]",[[0]],[[1]],[[2]],"(0, 12)","(12, 21)","(12, 21)",{},{},{},"['A', 'B']",[],[],0,0,5,3,4,5,A,,,,,,,A,,,,,"{'rtype': 'd', 'rtimedn': 0.385, 'rtimeup': 1.393}",,,,,,,"{'rtype': 'select-node', 'rtimedn': 40.811, 'rtimeup': 40.811}",,,,
,,24,0,19,1733261143,BDG-010-1131,TREE-1.2-0.0-0.0,"['56db9ffc-32e9-471f-abd4-5ee41d33f84d', 'd383d0be-6c2c-4b5a-9fae-b7bd10e621a3']","['robot', 'participant']","['bowtie', 'arrow-head']","['hsla(66, 70%, 54%, 1.0)', 'hsla(221, 81%, 45%, 1.0)']","[[1.0, 0.08581116327595202], [0.08581116327595202, 1.0]]","{0: '', 1: 'A', 2: 'B'}",,1,after,"[False, True]","{'max': 21, 'min': 21, 'avg': 21.0, 'root': 12}","[0, -10]","[112, 150]",sequential,chance,chance,"[1.0, 1.0]","[0.5, 1.0]","[0.5, 1.0]","[0.5, 1.0]","[0.625, 0.0]","[0.375, 0.0]",[[0]],[[1]],[[2]],"(0, 12)","(12, 21)","(12, 21)",{},{},{},"['A', 'B']",[],[],0,0,1,1,3,1,A,,,,,,,B,,,,,"{'rtype': 'd', 'rtimedn': 6.488, 'rtimeup': 7.021}",,,,,,,"{'rtype': 'select-node', 'rtimedn': 41.235, 'rtimeup': 41.235}",,,,
,,24,1,19,1733261149,BDG-294-3245,TREE-1.2-0.0-0.0,"['f7862b18-f9f6-4c7d-bc9b-5f8c15cca4e7', '948c936f-74c4-4f6e-9c84-8d05a39d3da9']","['participant', 'robot']","['stop-sign', 'cross']","['hsla(222, 51%, 54%, 1.0)', 'hsla(262, 66%, 39%, 1.0)']","[[1.0, 0.2456964006259781], [0.2456964006259781, 1.0]]","{0: '', 1: 'A', 2: 'B'}",,1,after,"[True, False]","{'max': 21, 'min': 21, 'avg': 21.0, 'root': 12}","[-10, 0]","[121, -51]",sequential,chance,chance,"[1.0, 1.0]","[0.5, 1.0]","[0.5, 1.0]","[0.5, 1.0]","[0.625, 0.0]","[0.375, 0.0]",[[0]],[[1]],[[2]],"(0, 12)","(12, 21)","(12, 21)",{},{},{},"['A', 'B']",[],[],0,0,3,2,4,5,A,,,,,,,B,,,,,"{'rtype': 'select-node', 'rtimedn': 42.71, 'rtimeup': 42.71}",,,,,,,"{'rtype': 'a', 'rtimedn': 10.92, 'rtimeup': 11.316}",,,,
,,24,2,19,1733261145,BDG-568-5344,TREE-1.2-0.0-0.0,"['d85e7c87-2722-4952-a4b7-8cf7805dac37', 'd46081e5-af46-4b37-b1de-79015b143ff4']","['robot', 'participant']","['dodecagon', 'flame']","['hsla(76, 53%, 46%, 1.0)', 'hsla(232, 64%, 44%, 1.0)']","[[1.0, 0.2456964006259781], [0.2456964006259781, 1.0]]","{0: '', 1: 'A', 2: 'B'}",,2,after,"[False, True]","{'max': 21, 'min': 21, 'avg': 21.0, 'root': 12}","[0, -10]","[130, 106]",sequential,chance,chance,"[1.0, 1.0]","[0.5, 1.0]","[0.5, 1.0]","[0.5, 1.0]","[0.375, 0.0]","[0.625, 0.0]",[[0]],[[1]],[[2]],"(0, 12)","(12, 21)","(12, 21)",{},{},{},"['A', 'B']",[],[],0,0,5,3,4,4,B,,,,,,,B,,,,,"{'rtype': 'd', 'rtimedn': 3.291, 'rtimeup': 6.776}",,,,,,,"{'rtype': 'select-node', 'rtimedn': 39.708, 'rtimeup': 39.708}",,,,
,,24,3,19,1733261144,BDG-142-2143,TREE-1.2-0.0-0.0,"['47171824-3af8-4ebd-987d-3eb88573ab8e', 'f7c97106-afa2-4709-b205-ea7ffd67ec68']","['robot', 'participant']","['teardrop', 'squash']","['hsla(298, 63%, 45%, 1.0)', 'hsla(1, 54%, 56%, 1.0)']","[[1.0, 0.2456964006259781], [0.2456964006259781, 1.0]]","{0: '', 1: 'A', 2: 'B'}",,2,after,"[False, True]","{'max': 21, 'min': 21, 'avg': 21.0, 'root': 12}","[0, -10]","[103, 110]",sequential,chance,chance,"[1.0, 1.0]","[0.5, 1.0]","[0.5, 1.0]","[0.5, 1.0]","[0.375, 0.0]","[0.625, 0.0]",[[0]],[[1]],[[2]],"(0, 12)","(12, 21)","(12, 21)",{},{},{},"['A', 'B']",[],[],0,0,2,1,4,3,B,,,,,,,B,,,,,"{'rtype': 'd', 'rtimedn': 2.555, 'rtimeup': 2.734}",,,,,,,"{'rtype': 'select-node', 'rtimedn': 42.089, 'rtimeup': 42.089}",,,,
,,24,4,19,1733261145,BDG-223-2454,TREE-1.2-0.0-0.0,"['d8c5d3eb-c11c-4209-aa4d-8fa881c9e2ce', '01b850cc-9ba8-4d0b-8eba-bec734ed8847']","['participant', 'participant']","['arrow-head', 'star-six']","['hsla(330, 87%, 38%, 1.0)', 'hsla(321, 79%, 65%, 1.0)']","[[1.0, 0.0015649452269170582], [0.0015649452269170582, 1.0]]","{0: '', 1: 'A', 2: 'B'}",,2,after,"[True, True]","{'max': 21, 'min': 21, 'avg': 21.0, 'root': 12}","[-10, -10]","[107, 103]",sequential,chance,chance,"[1.0, 1.0]","[0.5, 1.0]","[0.5, 1.0]","[0.5, 1.0]","[0.375, 0.0]","[0.625, 0.0]",[[0]],[[1]],[[2]],"(0, 12)","(12, 21)","(12, 21)",{},{},{},"['A', 'B']",[],[],0,0,2,4,5,4,B,,,,,,,B,,,,,"{'rtype': 'select-node', 'rtimedn': 42.292, 'rtimeup': 42.292}",,,,,,,"{'rtype': 'select-node', 'rtimedn': 40.691, 'rtimeup': 40.691}",,,,
,,25,0,19,1733261161,BDG-019-1145,TREE-1.2-0.0-0.0,"['948c936f-74c4-4f6e-9c84-8d05a39d3da9', 'f7862b18-f9f6-4c7d-bc9b-5f8c15cca4e7']","['robot', 'participant']","['cross', 'stop-sign']","['hsla(262, 66%, 39%, 1.0)', 'hsla(222, 51%, 54%, 1.0)']","[[1.0, 0.2456964006259781], [0.2456964006259781, 1.0]]","{0: '', 1: 'A', 2: 'B'}",,2,after,"[False, True]","{'max': 21, 'min': 21, 'avg': 21.0, 'root': 12}","[0, -10]","[-51, 121]",sequential,chance,chance,"[1.0, 1.0]","[0.5, 1.0]","[0.5, 1.0]","[0.5, 1.0]","[0.375, 0.0]","[0.625, 0.0]",[[0]],[[1]],[[2]],"(0, 12)","(12, 21)","(12, 21)",{},{},{},"['A', 'B']",[],[],0,0,1,1,4,5,B,,,,,,,B,,,,,"{'rtype': 'a', 'rtimedn': 1.956, 'rtimeup': 3.011}",,,,,,,"{'rtype': 'select-node', 'rtimedn': 43.912, 'rtimeup': 43.912}",,,,
,,25,1,19,1733261163,BDG-431-4322,TREE-1.2-0.0-0.0,"['f7c97106-afa2-4709-b205-ea7ffd67ec68', '01b850cc-9ba8-4d0b-8eba-bec734ed8847']","['participant', 'participant']","['squash', 'star-six']","['hsla(1, 54%, 56%, 1.0)', 'hsla(321, 79%, 65%, 1.0)']","[[1.0, 0.0187793427230047], [0.0187793427230047, 1.0]]","{0: '', 1: 'A', 2: 'B'}",,2,after,"[True, True]","{'max': 21, 'min': 21, 'avg': 21.0, 'root': 12}","[-10, -10]","[110, 103]",sequential,chance,chance,"[1.0, 1.0]","[0.5, 1.0]","[0.5, 1.0]","[0.5, 1.0]","[0.375, 0.0]","[0.625, 0.0]",[[0]],[[1]],[[2]],"(0, 12)","(12, 21)","(12, 21)",{},{},{},"['A', 'B']",[],[],0,0,4,3,2,2,B,,,,,,,A,,,,,"{'rtype': 'select-node', 'rtimedn': 43.383, 'rtimeup': 43.383}",,,,,,,"{'rtype': None, 'rtimedn': 13, 'rtimeup': 13}",,,,
,,25,2,19,1733261158,BDG-575-5411,TREE-1.2-0.0-0.0,"['d8c5d3eb-c11c-4209-aa4d-8fa881c9e2ce', 'd85e7c87-2722-4952-a4b7-8cf7805dac37']","['participant', 'robot']","['arrow-head', 'dodecagon']","['hsla(330, 87%, 38%, 1.0)', 'hsla(76, 53%, 46%, 1.0)']","[[1.0, 0.056077203964527915], [0.056077203964527915, 1.0]]","{0: '', 1: 'A', 2: 'B'}",,1,after,"[True, False]","{'max': 21, 'min': 21, 'avg': 21.0, 'root': 12}","[-10, 0]","[107, 130]",sequential,chance,chance,"[1.0, 1.0]","[0.5, 1.0]","[0.5, 1.0]","[0.5, 1.0]","[0.375, 0.0]","[0.625, 0.0]",[[0]],[[1]],[[2]],"(0, 12)","(12, 21)","(12, 21)",{},{},{},"['A', 'B']",[],[],0,0,5,4,1,1,A,,,,,,,A,,,,,"{'rtype': 'select-node', 'rtimedn': 43.58, 'rtimeup': 43.58}",,,,,,,"{'rtype': 'd', 'rtimedn': 5.267, 'rtimeup': 6.907}",,,,
,,25,3,19,1733261156,BDG-601-5512,TREE-1.2-0.0-0.0,"['d383d0be-6c2c-4b5a-9fae-b7bd10e621a3', '47171824-3af8-4ebd-987d-3eb88573ab8e']","['participant', 'robot']","['arrow-head', 'teardrop']","['hsla(221, 81%, 45%, 1.0)', 'hsla(298, 63%, 45%, 1.0)']","[[1.0, 0.10693792383933232], [0.10693792383933232, 1.0]]","{0: '', 1: 'A', 2: 'B'}",,1,after,"[True, False]","{'max': 21, 'min': 21, 'avg': 21.0, 'root': 12}","[-10, 0]","[150, 103]",sequential,chance,chance,"[1.0, 1.0]","[0.5, 1.0]","[0.5, 1.0]","[0.5, 1.0]","[0.375, 0.0]","[0.625, 0.0]",[[0]],[[1]],[[2]],"(0, 12)","(12, 21)","(12, 21)",{},{},{},"['A', 'B']",[],[],0,0,5,5,1,2,A,,,,,,,A,,,,,"{'rtype': 'select-node', 'rtimedn': 42.549, 'rtimeup': 42.549}",,,,,,,"{'rtype': 'a', 'rtimedn': 1.032, 'rtimeup': 2.839}",,,,
,,25,4,19,1733261163,BDG-473-4454,TREE-1.2-0.0-0.0,"['d46081e5-af46-4b37-b1de-79015b143ff4', '56db9ffc-32e9-471f-abd4-5ee41d33f84d']","['participant', 'robot']","['flame', 'bowtie']","['hsla(232, 64%, 44%, 1.0)', 'hsla(66, 70%, 54%, 1.0)']","[[1.0, 0.0015649452269170582], [0.0015649452269170582, 1.0]]","{0: '', 1: 'A', 2: 'B'}",,1,after,"[True, False]","{'max': 21, 'min': 21, 'avg': 21.0, 'root': 12}","[-10, 0]","[106, 112]",sequential,chance,chance,"[1.0, 1.0]","[0.5, 1.0]","[0.5, 1.0]","[0.5, 1.0]","[0.625, 0.0]","[0.375, 0.0]",[[0]],[[1]],[[2]],"(0, 12)","(12, 21)","(12, 21)",{},{},{},"['A', 'B']",[],[],0,0,4,4,5,4,A,,,,,,,B,,,,,"{'rtype': 'select-node', 'rtimedn': 41.501, 'rtimeup': 41.501}",,,,,,,"{'rtype': 'd', 'rtimedn': 3.814, 'rtimeup': 6.537}",,,,
,,26,0,19,1733261174,BDG-047-1253,TREE-1.2-0.0-0.0,"['01b850cc-9ba8-4d0b-8eba-bec734ed8847', 'd383d0be-6c2c-4b5a-9fae-b7bd10e621a3']","['participant', 'participant']","['star-six', 'arrow-head']","['hsla(321, 79%, 65%, 1.0)', 'hsla(221, 81%, 45%, 1.0)']","[[1.0, 0.056077203964527915], [0.056077203964527915, 1.0]]","{0: '', 1: 'A', 2: 'B'}",,2,after,"[True, True]","{'max': 21, 'min': 21, 'avg': 21.0, 'root': 12}","[-10, -10]","[103, 150]",sequential,chance,chance,"[1.0, 1.0]","[0.5, 1.0]","[0.5, 1.0]","[0.5, 1.0]","[0.375, 0.0]","[0.625, 0.0]",[[0]],[[1]],[[2]],"(0, 12)","(12, 21)","(12, 21)",{},{},{},"['A', 'B']",[],[],0,0,1,2,5,3,B,,,,,,,B,,,,,"{'rtype': 'select-node', 'rtimedn': 43.819, 'rtimeup': 43.819}",,,,,,,"{'rtype': 'select-node', 'rtimedn': 44.067, 'rtimeup': 44.067}",,,,
,,26,1,19,1733261173,BDG-312-3333,TREE-1.2-0.0-0.0,"['f7c97106-afa2-4709-b205-ea7ffd67ec68', 'd85e7c87-2722-4952-a4b7-8cf7805dac37']","['participant', 'robot']","['squash', 'dodecagon']","['hsla(1, 54%, 56%, 1.0)', 'hsla(76, 53%, 46%, 1.0)']","[[1.0, 0.23004694835680753], [0.23004694835680753, 1.0]]","{0: '', 1: 'A', 2: 'B'}",,2,after,"[True, False]","{'max': 21, 'min': 21, 'avg': 21.0, 'root': 12}","[-10, 0]","[110, 130]",sequential,chance,chance,"[1.0, 1.0]","[0.5, 1.0]","[0.5, 1.0]","[0.5, 1.0]","[0.375, 0.0]","[0.625, 0.0]",[[0]],[[1]],[[2]],"(0, 12)","(12, 21)","(12, 21)",{},{},{},"['A', 'B']",[],[],0,0,3,3,3,3,B,,,,,,,B,,,,,"{'rtype': 'select-node', 'rtimedn': 45.028, 'rtimeup': 45.028}",,,,,,,"{'rtype': 'd', 'rtimedn': 1.037, 'rtimeup': 1.29}",,,,
,,26,2,19,1733261166,BDG-268-3144,TREE-1.2-0.0-0.0,"['948c936f-74c4-4f6e-9c84-8d05a39d3da9', '56db9ffc-32e9-471f-abd4-5ee41d33f84d']","['robot', 'robot']","['cross', 'bowtie']","['hsla(262, 66%, 39%, 1.0)', 'hsla(66, 70%, 54%, 1.0)']","[[1.0, 0.10693792383933232], [0.10693792383933232, 1.0]]","{0: '', 1: 'A', 2: 'B'}",,2,after,"[False, False]","{'max': 21, 'min': 21, 'avg': 21.0, 'root': 12}","[0, 0]","[-51, 112]",sequential,chance,chance,"[1.0, 1.0]","[0.5, 1.0]","[0.5, 1.0]","[0.5, 1.0]","[0.375, 0.0]","[0.625, 0.0]",[[0]],[[1]],[[2]],"(0, 12)","(12, 21)","(12, 21)",{},{},{},"['A', 'B']",[],[],0,0,3,1,4,4,B,,,,,,,B,,,,,"{'rtype': 'a', 'rtimedn': 5.779, 'rtimeup': 7.597}",,,,,,,"{'rtype': 'd', 'rtimedn': 4.875, 'rtimeup': 7.459}",,,,
,,26,3,19,1733261175,BDG-099-1455,TREE-1.2-0.0-0.0,"['d46081e5-af46-4b37-b1de-79015b143ff4', 'f7862b18-f9f6-4c7d-bc9b-5f8c15cca4e7']","['participant', 'participant']","['flame', 'stop-sign']","['hsla(232, 64%, 44%, 1.0)', 'hsla(222, 51%, 54%, 1.0)']","[[1.0, 0.056077203964527915], [0.056077203964527915, 1.0]]","{0: '', 1: 'A', 2: 'B'}",,2,after,"[True, True]","{'max': 21, 'min': 21, 'avg': 21.0, 'root': 12}","[-10, -10]","[106, 121]",sequential,chance,chance,"[1.0, 1.0]","[0.5, 1.0]","[0.5, 1.0]","[0.5, 1.0]","[0.375, 0.0]","[0.625, 0.0]",[[0]],[[1]],[[2]],"(0, 12)","(12, 21)","(12, 21)",{},{},{},"['A', 'B']",[],[],0,0,1,4,5,5,B,,,,,,,A,,,,,"{'rtype': 'select-node', 'rtimedn': 42.636, 'rtimeup': 42.636}",,,,,,,"{'rtype': 'select-node', 'rtimedn': 44.951, 'rtimeup': 44.951}",,,,
,,26,4,19,1733261172,BDG-562-5333,TREE-1.2-0.0-0.0,"['47171824-3af8-4ebd-987d-3eb88573ab8e', 'd8c5d3eb-c11c-4209-aa4d-8fa881c9e2ce']","['robot', 'participant']","['teardrop', 'arrow-head']","['hsla(298, 63%, 45%, 1.0)', 'hsla(330, 87%, 38%, 1.0)']","[[1.0, 0.1797078768909755], [0.1797078768909755, 1.0]]","{0: '', 1: 'A', 2: 'B'}",,1,after,"[False, True]","{'max': 21, 'min': 21, 'avg': 21.0, 'root': 12}","[0, -10]","[103, 107]",sequential,chance,chance,"[1.0, 1.0]","[0.5, 1.0]","[0.5, 1.0]","[0.5, 1.0]","[0.625, 0.0]","[0.375, 0.0]",[[0]],[[1]],[[2]],"(0, 12)","(12, 21)","(12, 21)",{},{},{},"['A', 'B']",[],[],0,0,5,3,3,3,A,,,,,,,A,,,,,"{'rtype': 'a', 'rtimedn': 5.638, 'rtimeup': 6.848}",,,,,,,"{'rtype': 'select-node', 'rtimedn': 45.05, 'rtimeup': 45.05}",,,,
,,27,0,19,1733261188,BDG-428-4314,TREE-1.2-0.0-0.0,"['f7862b18-f9f6-4c7d-bc9b-5f8c15cca4e7', '01b850cc-9ba8-4d0b-8eba-bec734ed8847']","['participant', 'participant']","['stop-sign', 'star-six']","['hsla(222, 51%, 54%, 1.0)', 'hsla(321, 79%, 65%, 1.0)']","[[1.0, 0.1797078768909755], [0.1797078768909755, 1.0]]","{0: '', 1: 'A', 2: 'B'}",,2,after,"[True, True]","{'max': 21, 'min': 21, 'avg': 21.0, 'root': 12}","[-10, -10]","[121, 103]",sequential,chance,chance,"[1.0, 1.0]","[0.5, 1.0]","[0.5, 1.0]","[0.5, 1.0]","[0.625, 0.0]","[0.375, 0.0]",[[0]],[[1]],[[2]],"(0, 12)","(12, 21)","(12, 21)",{},{},{},"['A', 'B']",[],[],0,0,4,3,1,4,B,,,,,,,B,,,,,"{'rtype': 'select-node', 'rtimedn': 46.659, 'rtimeup': 46.659}",,,,,,,"{'rtype': 'select-node', 'rtimedn': 44.777, 'rtimeup': 44.777}",,,,
,,27,1,19,1733261185,BDG-559-5325,TREE-1.2-0.0-0.0,"['47171824-3af8-4ebd-987d-3eb88573ab8e', 'f7c97106-afa2-4709-b205-ea7ffd67ec68']","['robot', 'participant']","['teardrop', 'squash']","['hsla(298, 63%, 45%, 1.0)', 'hsla(1, 54%, 56%, 1.0)']","[[1.0, 0.2456964006259781], [0.2456964006259781, 1.0]]","{0: '', 1: 'A', 2: 'B'}",,1,after,"[False, True]","{'max': 21, 'min': 21, 'avg': 21.0, 'root': 12}","[0, -10]","[103, 110]",sequential,chance,chance,"[1.0, 1.0]","[0.5, 1.0]","[0.5, 1.0]","[0.5, 1.0]","[0.375, 0.0]","[0.625, 0.0]",[[0]],[[1]],[[2]],"(0, 12)","(12, 21)","(12, 21)",{},{},{},"['A', 'B']",[],[],0,0,5,3,2,5,A,,,,,,,A,,,,,"{'rtype': 'd', 'rtimedn': 5.755, 'rtimeup': 6.013}",,,,,,,"{'rtype': 'select-node', 'rtimedn': 46.268, 'rtimeup': 46.268}",,,,
,,27,2,19,1733261188,BDG-591-5442,TREE-1.2-0.0-0.0,"['d8c5d3eb-c11c-4209-aa4d-8fa881c9e2ce', 'd46081e5-af46-4b37-b1de-79015b143ff4']","['participant', 'participant']","['arrow-head', 'flame']","['hsla(330, 87%, 38%, 1.0)', 'hsla(232, 64%, 44%, 1.0)']","[[1.0, 0.23004694835680753], [0.23004694835680753, 1.0]]","{0: '', 1: 'A', 2: 'B'}",,1,after,"[True, True]","{'max': 21, 'min': 21, 'avg': 21.0, 'root': 12}","[-10, -10]","[107, 106]",sequential,chance,chance,"[1.0, 1.0]","[0.5, 1.0]","[0.5, 1.0]","[0.5, 1.0]","[0.375, 0.0]","[0.625, 0.0]",[[0]],[[1]],[[2]],"(0, 12)","(12, 21)","(12, 21)",{},{},{},"['A', 'B']",[],[],0,0,5,4,4,2,A,,,,,,,B,,,,,"{'rtype': 'select-node', 'rtimedn': 46.238, 'rtimeup': 46.238}",,,,,,,"{'rtype': 'select-node', 'rtimedn': 43.953, 'rtimeup': 43.953}",,,,
,,27,3,19,1733261177,BDG-395-4151,TREE-1.2-0.0-0.0,"['948c936f-74c4-4f6e-9c84-8d05a39d3da9', '56db9ffc-32e9-471f-abd4-5ee41d33f84d']","['robot', 'robot']","['cross', 'bowtie']","['hsla(262, 66%, 39%, 1.0)', 'hsla(66, 70%, 54%, 1.0)']","[[1.0, 0.10693792383933232], [0.10693792383933232, 1.0]]","{0: '', 1: 'A', 2: 'B'}",,2,after,"[False, False]","{'max': 21, 'min': 21, 'avg': 21.0, 'root': 12}","[0, 0]","[-51, 112]",sequential,chance,chance,"[1.0, 1.0]","[0.5, 1.0]","[0.5, 1.0]","[0.5, 1.0]","[0.625, 0.0]","[0.375, 0.0]",[[0]],[[1]],[[2]],"(0, 12)","(12, 21)","(12, 21)",{},{},{},"['A', 'B']",[],[],0,0,4,1,5,1,B,,,,,,,B,,,,,"{'rtype': 'a', 'rtimedn': 2.15, 'rtimeup': 4.478}",,,,,,,"{'rtype': 'd', 'rtimedn': 3.076, 'rtimeup': 4.054}",,,,
,,27,4,19,1733261182,BDG-397-4153,TREE-1.2-0.0-0.0,"['d383d0be-6c2c-4b5a-9fae-b7bd10e621a3', 'd85e7c87-2722-4952-a4b7-8cf7805dac37']","['participant', 'robot']","['arrow-head', 'dodecagon']","['hsla(221, 81%, 45%, 1.0)', 'hsla(76, 53%, 46%, 1.0)']","[[1.0, 0.07537819509650497], [0.07537819509650497, 1.0]]","{0: '', 1: 'A', 2: 'B'}",,2,after,"[True, False]","{'max': 21, 'min': 21, 'avg': 21.0, 'root': 12}","[-10, 0]","[150, 130]",sequential,chance,chance,"[1.0, 1.0]","[0.5, 1.0]","[0.5, 1.0]","[0.5, 1.0]","[0.625, 0.0]","[0.375, 0.0]",[[0]],[[1]],[[2]],"(0, 12)","(12, 21)","(12, 21)",{},{},{},"['A', 'B']",[],[],0,0,4,1,5,3,B,,,,,,,B,,,,,"{'rtype': 'select-node', 'rtimedn': 45.144, 'rtimeup': 45.144}",,,,,,,"{'rtype': 'd', 'rtimedn': 8.256, 'rtimeup': 8.867}",,,,
,,28,0,19,1733261199,BDG-143-2144,TREE-1.2-0.0-0.0,"['f7862b18-f9f6-4c7d-bc9b-5f8c15cca4e7', 'd8c5d3eb-c11c-4209-aa4d-8fa881c9e2ce']","['participant', 'participant']","['stop-sign', 'arrow-head']","['hsla(222, 51%, 54%, 1.0)', 'hsla(330, 87%, 38%, 1.0)']","[[1.0, 0.08581116327595202], [0.08581116327595202, 1.0]]","{0: '', 1: 'A', 2: 'B'}",,2,after,"[True, True]","{'max': 21, 'min': 21, 'avg': 21.0, 'root': 12}","[-10, -10]","[121, 107]",sequential,chance,chance,"[1.0, 1.0]","[0.5, 1.0]","[0.5, 1.0]","[0.5, 1.0]","[0.375, 0.0]","[0.625, 0.0]",[[0]],[[1]],[[2]],"(0, 12)","(12, 21)","(12, 21)",{},{},{},"['A', 'B']",[],[],0,0,2,1,4,4,B,,,,,,,B,,,,,"{'rtype': 'select-node', 'rtimedn': 47.755, 'rtimeup': 47.755}",,,,,,,"{'rtype': 'select-node', 'rtimedn': 47.438, 'rtimeup': 47.438}",,,,
,,28,1,19,1733261191,BDG-258-3124,TREE-1.2-0.0-0.0,"['56db9ffc-32e9-471f-abd4-5ee41d33f84d', '47171824-3af8-4ebd-987d-3eb88573ab8e']","['robot', 'robot']","['bowtie', 'teardrop']","['hsla(66, 70%, 54%, 1.0)', 'hsla(298, 63%, 45%, 1.0)']","[[1.0, 0.23004694835680753], [0.23004694835680753, 1.0]]","{0: '', 1: 'A', 2: 'B'}",,2,after,"[False, False]","{'max': 21, 'min': 21, 'avg': 21.0, 'root': 12}","[0, 0]","[112, 103]",sequential,chance,chance,"[1.0, 1.0]","[0.5, 1.0]","[0.5, 1.0]","[0.5, 1.0]","[0.375, 0.0]","[0.625, 0.0]",[[0]],[[1]],[[2]],"(0, 12)","(12, 21)","(12, 21)",{},{},{},"['A', 'B']",[],[],0,0,3,1,2,4,B,,,,,,,B,,,,,"{'rtype': 'a', 'rtimedn': 0.674, 'rtimeup': 4.189}",,,,,,,"{'rtype': 'd', 'rtimedn': 1.086, 'rtimeup': 1.134}",,,,
,,28,2,19,1733261198,BDG-109-1525,TREE-1.2-0.0-0.0,"['d85e7c87-2722-4952-a4b7-8cf7805dac37', 'd46081e5-af46-4b37-b1de-79015b143ff4']","['robot', 'participant']","['dodecagon', 'flame']","['hsla(76, 53%, 46%, 1.0)', 'hsla(232, 64%, 44%, 1.0)']","[[1.0, 0.2456964006259781], [0.2456964006259781, 1.0]]","{0: '', 1: 'A', 2: 'B'}",,2,after,"[False, True]","{'max': 21, 'min': 21, 'avg': 21.0, 'root': 12}","[0, -10]","[130, 106]",sequential,chance,chance,"[1.0, 1.0]","[0.5, 1.0]","[0.5, 1.0]","[0.5, 1.0]","[0.625, 0.0]","[0.375, 0.0]",[[0]],[[1]],[[2]],"(0, 12)","(12, 21)","(12, 21)",{},{},{},"['A', 'B']",[],[],0,0,1,5,2,5,B,,,,,,,A,,,,,"{'rtype': 'a', 'rtimedn': 1.82, 'rtimeup': 5.148}",,,,,,,"{'rtype': 'select-node', 'rtimedn': 45.008, 'rtimeup': 45.008}",,,,
,,28,3,19,1733261197,BDG-000-1111,TREE-1.2-0.0-0.0,"['948c936f-74c4-4f6e-9c84-8d05a39d3da9', 'f7c97106-afa2-4709-b205-ea7ffd67ec68']","['robot', 'participant']","['cross', 'squash']","['hsla(262, 66%, 39%, 1.0)', 'hsla(1, 54%, 56%, 1.0)']","[[1.0, 0.08581116327595202], [0.08581116327595202, 1.0]]","{0: '', 1: 'A', 2: 'B'}",,2,after,"[False, True]","{'max': 21, 'min': 21, 'avg': 21.0, 'root': 12}","[0, -10]","[-51, 110]",sequential,chance,chance,"[1.0, 1.0]","[0.5, 1.0]","[0.5, 1.0]","[0.5, 1.0]","[0.375, 0.0]","[0.625, 0.0]",[[0]],[[1]],[[2]],"(0, 12)","(12, 21)","(12, 21)",{},{},{},"['A', 'B']",[],[],0,0,1,1,1,1,B,,,,,,,A,,,,,"{'rtype': 'd', 'rtimedn': 3.191, 'rtimeup': 5.946}",,,,,,,"{'rtype': 'select-node', 'rtimedn': 47.454, 'rtimeup': 47.454}",,,,
,,28,4,19,1733261199,BDG-558-5324,TREE-1.2-0.0-0.0,"['d383d0be-6c2c-4b5a-9fae-b7bd10e621a3', '01b850cc-9ba8-4d0b-8eba-bec734ed8847']","['participant', 'participant']","['arrow-head', 'star-six']","['hsla(221, 81%, 45%, 1.0)', 'hsla(321, 79%, 65%, 1.0)']","[[1.0, 0.056077203964527915], [0.056077203964527915, 1.0]]","{0: '', 1: 'A', 2: 'B'}",,1,after,"[True, True]","{'max': 21, 'min': 21, 'avg': 21.0, 'root': 12}","[-10, -10]","[150, 103]",sequential,chance,chance,"[1.0, 1.0]","[0.5, 1.0]","[0.5, 1.0]","[0.5, 1.0]","[0.375, 0.0]","[0.625, 0.0]",[[0]],[[1]],[[2]],"(0, 12)","(12, 21)","(12, 21)",{},{},{},"['A', 'B']",[],[],0,0,5,3,2,4,A,,,,,,,A,,,,,"{'rtype': 'select-node', 'rtimedn': 46.484, 'rtimeup': 46.484}",,,,,,,"{'rtype': 'select-node', 'rtimedn': 46.283, 'rtimeup': 46.283}",,,,
,,29,0,19,1733261207,BDG-168-2244,TREE-1.2-0.0-0.0,"['56db9ffc-32e9-471f-abd4-5ee41d33f84d', 'f7862b18-f9f6-4c7d-bc9b-5f8c15cca4e7']","['robot', 'participant']","['bowtie', 'stop-sign']","['hsla(66, 70%, 54%, 1.0)', 'hsla(222, 51%, 54%, 1.0)']","[[1.0, 0.07537819509650497], [0.07537819509650497, 1.0]]","{0: '', 1: 'A', 2: 'B'}",,2,after,"[False, True]","{'max': 21, 'min': 21, 'avg': 21.0, 'root': 12}","[0, -10]","[112, 121]",sequential,chance,chance,"[1.0, 1.0]","[0.5, 1.0]","[0.5, 1.0]","[0.5, 1.0]","[0.375, 0.0]","[0.625, 0.0]",[[0]],[[1]],[[2]],"(0, 12)","(12, 21)","(12, 21)",{},{},{},"['A', 'B']",[],[],0,0,2,2,4,4,B,,,,,,,A,,,,,"{'rtype': 'd', 'rtimedn': 1.576, 'rtimeup': 3.503}",,,,,,,"{'rtype': 'select-node', 'rtimedn': 48.562, 'rtimeup': 48.562}",,,,
,,29,1,19,1733261208,BDG-323-3354,TREE-1.2-0.0-0.0,"['d383d0be-6c2c-4b5a-9fae-b7bd10e621a3', 'd8c5d3eb-c11c-4209-aa4d-8fa881c9e2ce']","['participant', 'participant']","['arrow-head', 'arrow-head']","['hsla(221, 81%, 45%, 1.0)', 'hsla(330, 87%, 38%, 1.0)']","[[1.0, 0.2456964006259781], [0.2456964006259781, 1.0]]","{0: '', 1: 'A', 2: 'B'}",,2,after,"[True, True]","{'max': 21, 'min': 21, 'avg': 21.0, 'root': 12}","[-10, -10]","[150, 107]",sequential,chance,chance,"[1.0, 1.0]","[0.5, 1.0]","[0.5, 1.0]","[0.5, 1.0]","[0.375, 0.0]","[0.625, 0.0]",[[0]],[[1]],[[2]],"(0, 12)","(12, 21)","(12, 21)",{},{},{},"['A', 'B']",[],[],0,0,3,3,5,4,B,,,,,,,B,,,,,"{'rtype': 'select-node', 'rtimedn': 47.624, 'rtimeup': 47.624}",,,,,,,"{'rtype': 'select-node', 'rtimedn': 48.652, 'rtimeup': 48.652}",,,,
,,29,2,19,1733261208,BDG-620-5551,TREE-1.2-0.0-0.0,"['01b850cc-9ba8-4d0b-8eba-bec734ed8847', '47171824-3af8-4ebd-987d-3eb88573ab8e']","['participant', 'robot']","['star-six', 'teardrop']","['hsla(321, 79%, 65%, 1.0)', 'hsla(298, 63%, 45%, 1.0)']","[[1.0, 0.07537819509650497], [0.07537819509650497, 1.0]]","{0: '', 1: 'A', 2: 'B'}",,2,after,"[True, False]","{'max': 21, 'min': 21, 'avg': 21.0, 'root': 12}","[-10, 0]","[103, 103]",sequential,chance,chance,"[1.0, 1.0]","[0.5, 1.0]","[0.5, 1.0]","[0.5, 1.0]","[0.625, 0.0]","[0.375, 0.0]",[[0]],[[1]],[[2]],"(0, 12)","(12, 21)","(12, 21)",{},{},{},"['A', 'B']",[],[],0,0,5,5,5,1,B,,,,,,,A,,,,,"{'rtype': 'select-node', 'rtimedn': 47.224, 'rtimeup': 47.224}",,,,,,,"{'rtype': 'd', 'rtimedn': 4.901, 'rtimeup': 6.633}",,,,
,,29,3,19,1733261209,BDG-597-5453,TREE-1.2-0.0-0.0,"['d85e7c87-2722-4952-a4b7-8cf7805dac37', 'd46081e5-af46-4b37-b1de-79015b143ff4']","['robot', 'participant']","['dodecagon', 'flame']","['hsla(76, 53%, 46%, 1.0)', 'hsla(232, 64%, 44%, 1.0)']","[[1.0, 0.2456964006259781], [0.2456964006259781, 1.0]]","{0: '', 1: 'A', 2: 'B'}",,1,after,"[False, True]","{'max': 21, 'min': 21, 'avg': 21.0, 'root': 12}","[0, -10]","[130, 106]",sequential,chance,chance,"[1.0, 1.0]","[0.5, 1.0]","[0.5, 1.0]","[0.5, 1.0]","[0.625, 0.0]","[0.375, 0.0]",[[0]],[[1]],[[2]],"(0, 12)","(12, 21)","(12, 21)",{},{},{},"['A', 'B']",[],[],0,0,5,4,5,3,A,,,,,,,A,,,,,"{'rtype': 'a', 'rtimedn': 6.169, 'rtimeup': 7.254}",,,,,,,"{'rtype': 'select-node', 'rtimedn': 46.076, 'rtimeup': 46.076}",,,,
,,29,4,19,1733261208,BDG-134-2125,TREE-1.2-0.0-0.0,"['948c936f-74c4-4f6e-9c84-8d05a39d3da9', 'f7c97106-afa2-4709-b205-ea7ffd67ec68']","['robot', 'participant']","['cross', 'squash']","['hsla(262, 66%, 39%, 1.0)', 'hsla(1, 54%, 56%, 1.0)']","[[1.0, 0.08581116327595202], [0.08581116327595202, 1.0]]","{0: '', 1: 'A', 2: 'B'}",,2,after,"[False, True]","{'max': 21, 'min': 21, 'avg': 21.0, 'root': 12}","[0, -10]","[-51, 110]",sequential,chance,chance,"[1.0, 1.0]","[0.5, 1.0]","[0.5, 1.0]","[0.5, 1.0]","[0.625, 0.0]","[0.375, 0.0]",[[0]],[[1]],[[2]],"(0, 12)","(12, 21)","(12, 21)",{},{},{},"['A', 'B']",[],[],0,0,2,1,2,5,B,,,,,,,A,,,,,"{'rtype': 'd', 'rtimedn': 6.349, 'rtimeup': 8.563}",,,,,,,"{'rtype': 'select-node', 'rtimedn': 48.523, 'rtimeup': 48.523}",,,,
,,30,0,19,1733261217,BDG-025-1211,TREE-1.2-0.0-0.0,"['f7c97106-afa2-4709-b205-ea7ffd67ec68', '56db9ffc-32e9-471f-abd4-5ee41d33f84d']","['participant', 'robot']","['squash', 'bowtie']","['hsla(1, 54%, 56%, 1.0)', 'hsla(66, 70%, 54%, 1.0)']","[[1.0, 0.056077203964527915], [0.056077203964527915, 1.0]]","{0: '', 1: 'A', 2: 'B'}",,2,after,"[True, False]","{'max': 21, 'min': 21, 'avg': 21.0, 'root': 12}","[-10, 0]","[110, 112]",sequential,chance,chance,"[1.0, 1.0]","[0.5, 1.0]","[0.5, 1.0]","[0.5, 1.0]","[0.375, 0.0]","[0.625, 0.0]",[[0]],[[1]],[[2]],"(0, 12)","(12, 21)","(12, 21)",{},{},{},"['A', 'B']",[],[],0,0,1,2,1,1,B,,,,,,,A,,,,,"{'rtype': 'select-node', 'rtimedn': 49.43, 'rtimeup': 49.43}",,,,,,,"{'rtype': 'a', 'rtimedn': 4.842, 'rtimeup': 7.439}",,,,
,,30,1,19,1733261220,BDG-547-5253,TREE-1.2-0.0-0.0,"['d85e7c87-2722-4952-a4b7-8cf7805dac37', 'd46081e5-af46-4b37-b1de-79015b143ff4']","['robot', 'participant']","['dodecagon', 'flame']","['hsla(76, 53%, 46%, 1.0)', 'hsla(232, 64%, 44%, 1.0)']","[[1.0, 0.2456964006259781], [0.2456964006259781, 1.0]]","{0: '', 1: 'A', 2: 'B'}",,1,after,"[False, True]","{'max': 21, 'min': 21, 'avg': 21.0, 'root': 12}","[0, -10]","[130, 106]",sequential,chance,chance,"[1.0, 1.0]","[0.5, 1.0]","[0.5, 1.0]","[0.5, 1.0]","[0.375, 0.0]","[0.625, 0.0]",[[0]],[[1]],[[2]],"(0, 12)","(12, 21)","(12, 21)",{},{},{},"['A', 'B']",[],[],0,0,5,2,5,3,A,,,,,,,A,,,,,"{'rtype': 'd', 'rtimedn': 0.555, 'rtimeup': 1.339}",,,,,,,"{'rtype': 'select-node', 'rtimedn': 47.181, 'rtimeup': 47.181}",,,,
,,30,2,19,1733261219,BDG-380-4121,TREE-1.2-0.0-0.0,"['f7862b18-f9f6-4c7d-bc9b-5f8c15cca4e7', '01b850cc-9ba8-4d0b-8eba-bec734ed8847']","['participant', 'participant']","['stop-sign', 'star-six']","['hsla(222, 51%, 54%, 1.0)', 'hsla(321, 79%, 65%, 1.0)']","[[1.0, 0.1797078768909755], [0.1797078768909755, 1.0]]","{0: '', 1: 'A', 2: 'B'}",,2,after,"[True, True]","{'max': 21, 'min': 21, 'avg': 21.0, 'root': 12}","[-10, -10]","[121, 103]",sequential,chance,chance,"[1.0, 1.0]","[0.5, 1.0]","[0.5, 1.0]","[0.5, 1.0]","[0.375, 0.0]","[0.625, 0.0]",[[0]],[[1]],[[2]],"(0, 12)","(12, 21)","(12, 21)",{},{},{},"['A', 'B']",[],[],0,0,4,1,2,1,B,,,,,,,B,,,,,"{'rtype': 'select-node', 'rtimedn': 49.777, 'rtimeup': 49.777}",,,,,,,"{'rtype': 'select-node', 'rtimedn': 48.217, 'rtimeup': 48.217}",,,,
,,30,3,19,1733261217,BDG-545-5251,TREE-1.2-0.0-0.0,"['d383d0be-6c2c-4b5a-9fae-b7bd10e621a3', '47171824-3af8-4ebd-987d-3eb88573ab8e']","['participant', 'robot']","['arrow-head', 'teardrop']","['hsla(221, 81%, 45%, 1.0)', 'hsla(298, 63%, 45%, 1.0)']","[[1.0, 0.10693792383933232], [0.10693792383933232, 1.0]]","{0: '', 1: 'A', 2: 'B'}",,1,after,"[True, False]","{'max': 21, 'min': 21, 'avg': 21.0, 'root': 12}","[-10, 0]","[150, 103]",sequential,chance,chance,"[1.0, 1.0]","[0.5, 1.0]","[0.5, 1.0]","[0.5, 1.0]","[0.625, 0.0]","[0.375, 0.0]",[[0]],[[1]],[[2]],"(0, 12)","(12, 21)","(12, 21)",{},{},{},"['A', 'B']",[],[],0,0,5,2,5,1,A,,,,,,,A,,,,,"{'rtype': 'select-node', 'rtimedn': 48.636, 'rtimeup': 48.636}",,,,,,,"{'rtype': 'a', 'rtimedn': 5.855, 'rtimeup': 7.713}",,,,
,,30,4,19,1733261221,BDG-109-1525,TREE-1.2-0.0-0.0,"['948c936f-74c4-4f6e-9c84-8d05a39d3da9', 'd8c5d3eb-c11c-4209-aa4d-8fa881c9e2ce']","['robot', 'participant']","['cross', 'arrow-head']","['hsla(262, 66%, 39%, 1.0)', 'hsla(330, 87%, 38%, 1.0)']","[[1.0, 0.07537819509650497], [0.07537819509650497, 1.0]]","{0: '', 1: 'A', 2: 'B'}",,2,after,"[False, True]","{'max': 21, 'min': 21, 'avg': 21.0, 'root': 12}","[0, -10]","[-51, 107]",sequential,chance,chance,"[1.0, 1.0]","[0.5, 1.0]","[0.5, 1.0]","[0.5, 1.0]","[0.625, 0.0]","[0.375, 0.0]",[[0]],[[1]],[[2]],"(0, 12)","(12, 21)","(12, 21)",{},{},{},"['A', 'B']",[],[],0,0,1,5,2,5,B,,,,,,,B,,,,,"{'rtype': 'a', 'rtimedn': 3.388, 'rtimeup': 4.628}",,,,,,,"{'rtype': 'select-node', 'rtimedn': 49.945, 'rtimeup': 49.945}",,,,
,,31,0,19,1733261231,BDG-039-1235,TREE-1.2-0.0-0.0,"['01b850cc-9ba8-4d0b-8eba-bec734ed8847', '948c936f-74c4-4f6e-9c84-8d05a39d3da9']","['participant', 'robot']","['star-six', 'cross']","['hsla(321, 79%, 65%, 1.0)', 'hsla(262, 66%, 39%, 1.0)']","[[1.0, 0.23004694835680753], [0.23004694835680753, 1.0]]","{0: '', 1: 'A', 2: 'B'}",,1,after,"[True, False]","{'max': 21, 'min': 21, 'avg': 21.0, 'root': 12}","[-10, 0]","[103, -51]",sequential,chance,chance,"[1.0, 1.0]","[0.5, 1.0]","[0.5, 1.0]","[0.5, 1.0]","[0.375, 0.0]","[0.625, 0.0]",[[0]],[[1]],[[2]],"(0, 12)","(12, 21)","(12, 21)",{},{},{},"['A', 'B']",[],[],0,0,1,2,3,5,A,,,,,,,B,,,,,"{'rtype': 'select-node', 'rtimedn': 49.538, 'rtimeup': 49.538}",,,,,,,"{'rtype': 'a', 'rtimedn': 2.018, 'rtimeup': 5.631}",,,,
,,31,1,19,1733261236,BDG-141-2142,TREE-1.2-0.0-0.0,"['f7862b18-f9f6-4c7d-bc9b-5f8c15cca4e7', 'f7c97106-afa2-4709-b205-ea7ffd67ec68']","['participant', 'participant']","['stop-sign', 'squash']","['hsla(222, 51%, 54%, 1.0)', 'hsla(1, 54%, 56%, 1.0)']","[[1.0, 0.0015649452269170582], [0.0015649452269170582, 1.0]]","{0: '', 1: 'A', 2: 'B'}",,2,after,"[True, True]","{'max': 21, 'min': 21, 'avg': 21.0, 'root': 12}","[-10, -10]","[121, 110]",sequential,chance,chance,"[1.0, 1.0]","[0.5, 1.0]","[0.5, 1.0]","[0.5, 1.0]","[0.625, 0.0]","[0.375, 0.0]",[[0]],[[1]],[[2]],"(0, 12)","(12, 21)","(12, 21)",{},{},{},"['A', 'B']",[],[],0,0,2,1,4,2,B,,,,,,,A,,,,,"{'rtype': None, 'rtimedn': 13, 'rtimeup': 13}",,,,,,,"{'rtype': 'select-node', 'rtimedn': 50.846, 'rtimeup': 50.846}",,,,
,,31,2,19,1733261224,BDG-128-2114,TREE-1.2-0.0-0.0,"['56db9ffc-32e9-471f-abd4-5ee41d33f84d', 'd85e7c87-2722-4952-a4b7-8cf7805dac37']","['robot', 'robot']","['bowtie', 'dodecagon']","['hsla(66, 70%, 54%, 1.0)', 'hsla(76, 53%, 46%, 1.0)']","[[1.0, 0.1797078768909755], [0.1797078768909755, 1.0]]","{0: '', 1: 'A', 2: 'B'}",,2,after,"[False, False]","{'max': 21, 'min': 21, 'avg': 21.0, 'root': 12}","[0, 0]","[112, 130]",sequential,chance,chance,"[1.0, 1.0]","[0.5, 1.0]","[0.5, 1.0]","[0.5, 1.0]","[0.375, 0.0]","[0.625, 0.0]",[[0]],[[1]],[[2]],"(0, 12)","(12, 21)","(12, 21)",{},{},{},"['A', 'B']",[],[],0,0,2,1,1,4,B,,,,,,,A,,,,,"{'rtype': 'd', 'rtimedn': 7.461, 'rtimeup': 8.404}",,,,,,,"{'rtype': 'd', 'rtimedn': 2.405, 'rtimeup': 3.076}",,,,
,,31,3,19,1733261233,BDG-598-5454,TREE-1.2-0.0-0.0,"['d8c5d3eb-c11c-4209-aa4d-8fa881c9e2ce', 'd383d0be-6c2c-4b5a-9fae-b7bd10e621a3']","['participant', 'participant']","['arrow-head', 'arrow-head']","['hsla(330, 87%, 38%, 1.0)', 'hsla(221, 81%, 45%, 1.0)']","[[1.0, 0.2456964006259781], [0.2456964006259781, 1.0]]","{0: '', 1: 'A', 2: 'B'}",,1,after,"[True, True]","{'max': 21, 'min': 21, 'avg': 21.0, 'root': 12}","[-10, -10]","[107, 150]",sequential,chance,chance,"[1.0, 1.0]","[0.5, 1.0]","[0.5, 1.0]","[0.5, 1.0]","[0.625, 0.0]","[0.375, 0.0]",[[0]],[[1]],[[2]],"(0, 12)","(12, 21)","(12, 21)",{},{},{},"['A', 'B']",[],[],0,0,5,4,5,4,A,,,,,,,A,,,,,"{'rtype': 'select-node', 'rtimedn': 51.077, 'rtimeup': 51.077}",,,,,,,"{'rtype': 'select-node', 'rtimedn': 49.977, 'rtimeup': 49.977}",,,,
,,31,4,19,1733261231,BDG-401-4212,TREE-1.2-0.0-0.0,"['47171824-3af8-4ebd-987d-3eb88573ab8e', 'd46081e5-af46-4b37-b1de-79015b143ff4']","['robot', 'participant']","['teardrop', 'flame']","['hsla(298, 63%, 45%, 1.0)', 'hsla(232, 64%, 44%, 1.0)']","[[1.0, 0.08581116327595202], [0.08581116327595202, 1.0]]","{0: '', 1: 'A', 2: 'B'}",,1,after,"[False, True]","{'max': 21, 'min': 21, 'avg': 21.0, 'root': 12}","[0, -10]","[103, 106]",sequential,chance,chance,"[1.0, 1.0]","[0.5, 1.0]","[0.5, 1.0]","[0.5, 1.0]","[0.625, 0.0]","[0.375, 0.0]",[[0]],[[1]],[[2]],"(0, 12)","(12, 21)","(12, 21)",{},{},{},"['A', 'B']",[],[],0,0,4,2,1,2,A,,,,,,,B,,,,,"{'rtype': 'a', 'rtimedn': 6.863, 'rtimeup': 9.682}",,,,,,,"{'rtype': 'select-node', 'rtimedn': 48.319, 'rtimeup': 48.319}",,,,
,,32,0,19,1733261250,BDG-599-5455,TREE-1.2-0.0-0.0,"['d8c5d3eb-c11c-4209-aa4d-8fa881c9e2ce', '01b850cc-9ba8-4d0b-8eba-bec734ed8847']","['participant', 'participant']","['arrow-head', 'star-six']","['hsla(330, 87%, 38%, 1.0)', 'hsla(321, 79%, 65%, 1.0)']","[[1.0, 0.0015649452269170582], [0.0015649452269170582, 1.0]]","{0: '', 1: 'A', 2: 'B'}",,2,after,"[True, True]","{'max': 21, 'min': 21, 'avg': 21.0, 'root': 12}","[-10, -10]","[107, 103]",sequential,chance,chance,"[1.0, 1.0]","[0.5, 1.0]","[0.5, 1.0]","[0.5, 1.0]","[0.625, 0.0]","[0.375, 0.0]",[[0]],[[1]],[[2]],"(0, 12)","(12, 21)","(12, 21)",{},{},{},"['A', 'B']",[],[],0,0,5,4,5,5,B,,,,,,,B,,,,,"{'rtype': 'select-node', 'rtimedn': 52.218, 'rtimeup': 52.218}",,,,,,,"{'rtype': 'select-node', 'rtimedn': 51.412, 'rtimeup': 51.412}",,,,
,,32,1,19,1733261244,BDG-048-1254,TREE-1.2-0.0-0.0,"['f7862b18-f9f6-4c7d-bc9b-5f8c15cca4e7', '948c936f-74c4-4f6e-9c84-8d05a39d3da9']","['participant', 'robot']","['stop-sign', 'cross']","['hsla(222, 51%, 54%, 1.0)', 'hsla(262, 66%, 39%, 1.0)']","[[1.0, 0.2456964006259781], [0.2456964006259781, 1.0]]","{0: '', 1: 'A', 2: 'B'}",,2,after,"[True, False]","{'max': 21, 'min': 21, 'avg': 21.0, 'root': 12}","[-10, 0]","[121, -51]",sequential,chance,chance,"[1.0, 1.0]","[0.5, 1.0]","[0.5, 1.0]","[0.5, 1.0]","[0.375, 0.0]","[0.625, 0.0]",[[0]],[[1]],[[2]],"(0, 12)","(12, 21)","(12, 21)",{},{},{},"['A', 'B']",[],[],0,0,1,2,5,4,B,,,,,,,B,,,,,"{'rtype': 'select-node', 'rtimedn': 52.216, 'rtimeup': 52.216}",,,,,,,"{'rtype': 'd', 'rtimedn': 5.989, 'rtimeup': 8.59}",,,,
,,32,2,19,1733261248,BDG-544-5245,TREE-1.2-0.0-0.0,"['d46081e5-af46-4b37-b1de-79015b143ff4', '47171824-3af8-4ebd-987d-3eb88573ab8e']","['participant', 'robot']","['flame', 'teardrop']","['hsla(232, 64%, 44%, 1.0)', 'hsla(298, 63%, 45%, 1.0)']","[[1.0, 0.08581116327595202], [0.08581116327595202, 1.0]]","{0: '', 1: 'A', 2: 'B'}",,2,after,"[True, False]","{'max': 21, 'min': 21, 'avg': 21.0, 'root': 12}","[-10, 0]","[106, 103]",sequential,chance,chance,"[1.0, 1.0]","[0.5, 1.0]","[0.5, 1.0]","[0.5, 1.0]","[0.625, 0.0]","[0.375, 0.0]",[[0]],[[1]],[[2]],"(0, 12)","(12, 21)","(12, 21)",{},{},{},"['A', 'B']",[],[],0,0,5,2,4,5,B,,,,,,,A,,,,,"{'rtype': 'select-node', 'rtimedn': 49.985, 'rtimeup': 49.985}",,,,,,,"{'rtype': 'd', 'rtimedn': 2.865, 'rtimeup': 3.064}",,,,
,,32,3,19,1733261244,BDG-599-5455,TREE-1.2-0.0-0.0,"['56db9ffc-32e9-471f-abd4-5ee41d33f84d', 'd383d0be-6c2c-4b5a-9fae-b7bd10e621a3']","['robot', 'participant']","['bowtie', 'arrow-head']","['hsla(66, 70%, 54%, 1.0)', 'hsla(221, 81%, 45%, 1.0)']","[[1.0, 0.08581116327595202], [0.08581116327595202, 1.0]]","{0: '', 1: 'A', 2: 'B'}",,2,after,"[False, True]","{'max': 21, 'min': 21, 'avg': 21.0, 'root': 12}","[0, -10]","[112, 150]",sequential,chance,chance,"[1.0, 1.0]","[0.5, 1.0]","[0.5, 1.0]","[0.5, 1.0]","[0.625, 0.0]","[0.375, 0.0]",[[0]],[[1]],[[2]],"(0, 12)","(12, 21)","(12, 21)",{},{},{},"['A', 'B']",[],[],0,0,5,4,5,5,B,,,,,,,B,,,,,"{'rtype': 'd', 'rtimedn': 5.989, 'rtimeup': 7.574}",,,,,,,"{'rtype': 'select-node', 'rtimedn': 51.278, 'rtimeup': 51.278}",,,,
,,32,4,19,1733261245,BDG-006-1122,TREE-1.2-0.0-0.0,"['d85e7c87-2722-4952-a4b7-8cf7805dac37', 'f7c97106-afa2-4709-b205-ea7ffd67ec68']","['robot', 'participant']","['dodecagon', 'squash']","['hsla(76, 53%, 46%, 1.0)', 'hsla(1, 54%, 56%, 1.0)']","[[1.0, 0.23004694835680753], [0.23004694835680753, 1.0]]","{0: '', 1: 'A', 2: 'B'}",,1,after,"[False, True]","{'max': 21, 'min': 21, 'avg': 21.0, 'root': 12}","[0, -10]","[130, 110]",sequential,chance,chance,"[1.0, 1.0]","[0.5, 1.0]","[0.5, 1.0]","[0.5, 1.0]","[0.375, 0.0]","[0.625, 0.0]",[[0]],[[1]],[[2]],"(0, 12)","(12, 21)","(12, 21)",{},{},{},"['A', 'B']",[],[],0,0,1,1,2,2,A,,,,,,,B,,,,,"{'rtype': 'a', 'rtimedn': 7.828, 'rtimeup': 8.18}",,,,,,,"{'rtype': 'select-node', 'rtimedn': 52.183, 'rtimeup': 52.183}",,,,
,,33,0,19,1733261259,BDG-040-1241,TREE-1.2-0.0-0.0,"['948c936f-74c4-4f6e-9c84-8d05a39d3da9', 'd46081e5-af46-4b37-b1de-79015b143ff4']","['robot', 'participant']","['cross', 'flame']","['hsla(262, 66%, 39%, 1.0)', 'hsla(232, 64%, 44%, 1.0)']","[[1.0, 0.1797078768909755], [0.1797078768909755, 1.0]]","{0: '', 1: 'A', 2: 'B'}",,2,after,"[False, True]","{'max': 21, 'min': 21, 'avg': 21.0, 'root': 12}","[0, -10]","[-51, 106]",sequential,chance,chance,"[1.0, 1.0]","[0.5, 1.0]","[0.5, 1.0]","[0.5, 1.0]","[0.625, 0.0]","[0.375, 0.0]",[[0]],[[1]],[[2]],"(0, 12)","(12, 21)","(12, 21)",{},{},{},"['A', 'B']",[],[],0,0,1,2,4,1,B,,,,,,,B,,,,,"{'rtype': 'a', 'rtimedn': 0.662, 'rtimeup': 3.288}",,,,,,,"{'rtype': 'select-node', 'rtimedn': 51.023, 'rtimeup': 51.023}",,,,
,,33,1,19,1733261262,BDG-564-5335,TREE-1.2-0.0-0.0,"['d8c5d3eb-c11c-4209-aa4d-8fa881c9e2ce', 'f7862b18-f9f6-4c7d-bc9b-5f8c15cca4e7']","['participant', 'participant']","['arrow-head', 'stop-sign']","['hsla(330, 87%, 38%, 1.0)', 'hsla(222, 51%, 54%, 1.0)']","[[1.0, 0.08581116327595202], [0.08581116327595202, 1.0]]","{0: '', 1: 'A', 2: 'B'}",,1,after,"[True, True]","{'max': 21, 'min': 21, 'avg': 21.0, 'root': 12}","[-10, -10]","[107, 121]",sequential,chance,chance,"[1.0, 1.0]","[0.5, 1.0]","[0.5, 1.0]","[0.5, 1.0]","[0.375, 0.0]","[0.625, 0.0]",[[0]],[[1]],[[2]],"(0, 12)","(12, 21)","(12, 21)",{},{},{},"['A', 'B']",[],[],0,0,5,3,3,5,A,,,,,,,A,,,,,"{'rtype': 'select-node', 'rtimedn': 54.061, 'rtimeup': 54.061}",,,,,,,"{'rtype': 'select-node', 'rtimedn': 53.692, 'rtimeup': 53.692}",,,,
,,33,2,19,1733261258,BDG-067-1343,TREE-1.2-0.0-0.0,"['d383d0be-6c2c-4b5a-9fae-b7bd10e621a3', 'd85e7c87-2722-4952-a4b7-8cf7805dac37']","['participant', 'robot']","['arrow-head', 'dodecagon']","['hsla(221, 81%, 45%, 1.0)', 'hsla(76, 53%, 46%, 1.0)']","[[1.0, 0.07537819509650497], [0.07537819509650497, 1.0]]","{0: '', 1: 'A', 2: 'B'}",,2,after,"[True, False]","{'max': 21, 'min': 21, 'avg': 21.0, 'root': 12}","[-10, 0]","[150, 130]",sequential,chance,chance,"[1.0, 1.0]","[0.5, 1.0]","[0.5, 1.0]","[0.5, 1.0]","[0.375, 0.0]","[0.625, 0.0]",[[0]],[[1]],[[2]],"(0, 12)","(12, 21)","(12, 21)",{},{},{},"['A', 'B']",[],[],0,0,1,3,4,3,B,,,,,,,B,,,,,"{'rtype': 'select-node', 'rtimedn': 52.679, 'rtimeup': 52.679}",,,,,,,"{'rtype': 'a', 'rtimedn': 6.259, 'rtimeup': 6.888}",,,,
,,33,3,19,1733261259,BDG-275-3211,TREE-1.2-0.0-0.0,"['01b850cc-9ba8-4d0b-8eba-bec734ed8847', '47171824-3af8-4ebd-987d-3eb88573ab8e']","['participant', 'robot']","['star-six', 'teardrop']","['hsla(321, 79%, 65%, 1.0)', 'hsla(298, 63%, 45%, 1.0)']","[[1.0, 0.07537819509650497], [0.07537819509650497, 1.0]]","{0: '', 1: 'A', 2: 'B'}",,1,after,"[True, False]","{'max': 21, 'min': 21, 'avg': 21.0, 'root': 12}","[-10, 0]","[103, 103]",sequential,chance,chance,"[1.0, 1.0]","[0.5, 1.0]","[0.5, 1.0]","[0.5, 1.0]","[0.625, 0.0]","[0.375, 0.0]",[[0]],[[1]],[[2]],"(0, 12)","(12, 21)","(12, 21)",{},{},{},"['A', 'B']",[],[],0,0,3,2,1,1,A,,,,,,,A,,,,,"{'rtype': 'select-node', 'rtimedn': 52.359, 'rtimeup': 52.359}",,,,,,,"{'rtype': 'a', 'rtimedn': 6.077, 'rtimeup': 7.518}",,,,
,,33,4,19,1733261259,BDG-521-5152,TREE-1.2-0.0-0.0,"['f7c97106-afa2-4709-b205-ea7ffd67ec68', '56db9ffc-32e9-471f-abd4-5ee41d33f84d']","['participant', 'robot']","['squash', 'bowtie']","['hsla(1, 54%, 56%, 1.0)', 'hsla(66, 70%, 54%, 1.0)']","[[1.0, 0.056077203964527915], [0.056077203964527915, 1.0]]","{0: '', 1: 'A', 2: 'B'}",,2,after,"[True, False]","{'max': 21, 'min': 21, 'avg': 21.0, 'root': 12}","[-10, 0]","[110, 112]",sequential,chance,chance,"[1.0, 1.0]","[0.5, 1.0]","[0.5, 1.0]","[0.5, 1.0]","[0.625, 0.0]","[0.375, 0.0]",[[0]],[[1]],[[2]],"(0, 12)","(12, 21)","(12, 21)",{},{},{},"['A', 'B']",[],[],0,0,5,1,5,2,B,,,,,,,B,,,,,"{'rtype': 'select-node', 'rtimedn': 53.661, 'rtimeup': 53.661}",,,,,,,"{'rtype': 'd', 'rtimedn': 6.518, 'rtimeup': 7.85}",,,,
,,34,0,19,1733261274,BDG-333-3424,TREE-1.2-0.0-0.0,"['f7c97106-afa2-4709-b205-ea7ffd67ec68', 'd383d0be-6c2c-4b5a-9fae-b7bd10e621a3']","['participant', 'participant']","['squash', 'arrow-head']","['hsla(1, 54%, 56%, 1.0)', 'hsla(221, 81%, 45%, 1.0)']","[[1.0, 0.1797078768909755], [0.1797078768909755, 1.0]]","{0: '', 1: 'A', 2: 'B'}",,1,after,"[True, True]","{'max': 21, 'min': 21, 'avg': 21.0, 'root': 12}","[-10, -10]","[110, 150]",sequential,chance,chance,"[1.0, 1.0]","[0.5, 1.0]","[0.5, 1.0]","[0.5, 1.0]","[0.625, 0.0]","[0.375, 0.0]",[[0]],[[1]],[[2]],"(0, 12)","(12, 21)","(12, 21)",{},{},{},"['A', 'B']",[],[],0,0,3,4,2,4,A,,,,,,,A,,,,,"{'rtype': 'select-node', 'rtimedn': 55.128, 'rtimeup': 55.128}",,,,,,,"{'rtype': 'select-node', 'rtimedn': 54.027, 'rtimeup': 54.027}",,,,
,,34,1,19,1733261265,BDG-033-1224,TREE-1.2-0.0-0.0,"['d85e7c87-2722-4952-a4b7-8cf7805dac37', '56db9ffc-32e9-471f-abd4-5ee41d33f84d']","['robot', 'robot']","['dodecagon', 'bowtie']","['hsla(76, 53%, 46%, 1.0)', 'hsla(66, 70%, 54%, 1.0)']","[[1.0, 0.1797078768909755], [0.1797078768909755, 1.0]]","{0: '', 1: 'A', 2: 'B'}",,1,after,"[False, False]","{'max': 21, 'min': 21, 'avg': 21.0, 'root': 12}","[0, 0]","[130, 112]",sequential,chance,chance,"[1.0, 1.0]","[0.5, 1.0]","[0.5, 1.0]","[0.5, 1.0]","[0.375, 0.0]","[0.625, 0.0]",[[0]],[[1]],[[2]],"(0, 12)","(12, 21)","(12, 21)",{},{},{},"['A', 'B']",[],[],0,0,1,2,2,4,A,,,,,,,B,,,,,"{'rtype': 'a', 'rtimedn': 1.84, 'rtimeup': 2.336}",,,,,,,"{'rtype': 'd', 'rtimedn': 9.646, 'rtimeup': 10.226}",,,,
,,34,2,19,1733261270,BDG-161-2232,TREE-1.2-0.0-0.0,"['47171824-3af8-4ebd-987d-3eb88573ab8e', 'd8c5d3eb-c11c-4209-aa4d-8fa881c9e2ce']","['robot', 'participant']","['teardrop', 'arrow-head']","['hsla(298, 63%, 45%, 1.0)', 'hsla(330, 87%, 38%, 1.0)']","[[1.0, 0.1797078768909755], [0.1797078768909755, 1.0]]","{0: '', 1: 'A', 2: 'B'}",,2,after,"[False, True]","{'max': 21, 'min': 21, 'avg': 21.0, 'root': 12}","[0, -10]","[103, 107]",sequential,chance,chance,"[1.0, 1.0]","[0.5, 1.0]","[0.5, 1.0]","[0.5, 1.0]","[0.625, 0.0]","[0.375, 0.0]",[[0]],[[1]],[[2]],"(0, 12)","(12, 21)","(12, 21)",{},{},{},"['A', 'B']",[],[],0,0,2,2,3,2,B,,,,,,,B,,,,,"{'rtype': 'd', 'rtimedn': 3.204, 'rtimeup': 4.874}",,,,,,,"{'rtype': 'select-node', 'rtimedn': 54.853, 'rtimeup': 54.853}",,,,
,,34,3,19,1733261275,BDG-392-4143,TREE-1.2-0.0-0.0,"['948c936f-74c4-4f6e-9c84-8d05a39d3da9', 'd46081e5-af46-4b37-b1de-79015b143ff4']","['robot', 'participant']","['cross', 'flame']","['hsla(262, 66%, 39%, 1.0)', 'hsla(232, 64%, 44%, 1.0)']","[[1.0, 0.1797078768909755], [0.1797078768909755, 1.0]]","{0: '', 1: 'A', 2: 'B'}",,2,after,"[False, True]","{'max': 21, 'min': 21, 'avg': 21.0, 'root': 12}","[0, -10]","[-51, 106]",sequential,chance,chance,"[1.0, 1.0]","[0.5, 1.0]","[0.5, 1.0]","[0.5, 1.0]","[0.375, 0.0]","[0.625, 0.0]",[[0]],[[1]],[[2]],"(0, 12)","(12, 21)","(12, 21)",{},{},{},"['A', 'B']",[],[],0,0,4,1,4,3,B,,,,,,,B,,,,,"{'rtype': 'd', 'rtimedn': 9.44, 'rtimeup': 9.602}",,,,,,,"{'rtype': 'select-node', 'rtimedn': 52.631, 'rtimeup': 52.631}",,,,
,,34,4,19,1733261272,BDG-480-4521,TREE-1.2-0.0-0.0,"['f7862b18-f9f6-4c7d-bc9b-5f8c15cca4e7', '01b850cc-9ba8-4d0b-8eba-bec734ed8847']","['participant', 'participant']","['stop-sign', 'star-six']","['hsla(222, 51%, 54%, 1.0)', 'hsla(321, 79%, 65%, 1.0)']","[[1.0, 0.1797078768909755], [0.1797078768909755, 1.0]]","{0: '', 1: 'A', 2: 'B'}",,2,after,"[True, True]","{'max': 21, 'min': 21, 'avg': 21.0, 'root': 12}","[-10, -10]","[121, 103]",sequential,chance,chance,"[1.0, 1.0]","[0.5, 1.0]","[0.5, 1.0]","[0.5, 1.0]","[0.375, 0.0]","[0.625, 0.0]",[[0]],[[1]],[[2]],"(0, 12)","(12, 21)","(12, 21)",{},{},{},"['A', 'B']",[],[],0,0,4,5,2,1,B,,,,,,,A,,,,,"{'rtype': 'select-node', 'rtimedn': 55.021, 'rtimeup': 55.021}",,,,,,,"{'rtype': 'select-node', 'rtimedn': 53.622, 'rtimeup': 53.622}",,,,
,,35,0,19,1733261285,BDG-151-2212,TREE-1.2-0.0-0.0,"['56db9ffc-32e9-471f-abd4-5ee41d33f84d', '01b850cc-9ba8-4d0b-8eba-bec734ed8847']","['robot', 'participant']","['bowtie', 'star-six']","['hsla(66, 70%, 54%, 1.0)', 'hsla(321, 79%, 65%, 1.0)']","[[1.0, 0.2456964006259781], [0.2456964006259781, 1.0]]","{0: '', 1: 'A', 2: 'B'}",,1,after,"[False, True]","{'max': 21, 'min': 21, 'avg': 21.0, 'root': 12}","[0, -10]","[112, 103]",sequential,chance,chance,"[1.0, 1.0]","[0.5, 1.0]","[0.5, 1.0]","[0.5, 1.0]","[0.625, 0.0]","[0.375, 0.0]",[[0]],[[1]],[[2]],"(0, 12)","(12, 21)","(12, 21)",{},{},{},"['A', 'B']",[],[],0,0,2,2,1,2,A,,,,,,,B,,,,,"{'rtype': 'd', 'rtimedn': 9.01, 'rtimeup': 9.983}",,,,,,,"{'rtype': 'select-node', 'rtimedn': 54.882, 'rtimeup': 54.882}",,,,
,,35,1,19,1733261285,BDG-472-4453,TREE-1.2-0.0-0.0,"['f7862b18-f9f6-4c7d-bc9b-5f8c15cca4e7', 'd383d0be-6c2c-4b5a-9fae-b7bd10e621a3']","['participant', 'participant']","['stop-sign', 'arrow-head']","['hsla(222, 51%, 54%, 1.0)', 'hsla(221, 81%, 45%, 1.0)']","[[1.0, 0.23004694835680753], [0.23004694835680753, 1.0]]","{0: '', 1: 'A', 2: 'B'}",,1,after,"[True, True]","{'max': 21, 'min': 21, 'avg': 21.0, 'root': 12}","[-10, -10]","[121, 150]",sequential,chance,chance,"[1.0, 1.0]","[0.5, 1.0]","[0.5, 1.0]","[0.5, 1.0]","[0.375, 0.0]","[0.625, 0.0]",[[0]],[[1]],[[2]],"(0, 12)","(12, 21)","(12, 21)",{},{},{},"['A', 'B']",[],[],0,0,4,4,5,3,A,,,,,,,B,,,,,"{'rtype': 'select-node', 'rtimedn': 56.279, 'rtimeup': 56.279}",,,,,,,"{'rtype': 'select-node', 'rtimedn': 55.427, 'rtimeup': 55.427}",,,,
,,35,2,19,1733261284,BDG-422-4253,TREE-1.2-0.0-0.0,"['948c936f-74c4-4f6e-9c84-8d05a39d3da9', 'f7c97106-afa2-4709-b205-ea7ffd67ec68']","['robot', 'participant']","['cross', 'squash']","['hsla(262, 66%, 39%, 1.0)', 'hsla(1, 54%, 56%, 1.0)']","[[1.0, 0.08581116327595202], [0.08581116327595202, 1.0]]","{0: '', 1: 'A', 2: 'B'}",,2,after,"[False, True]","{'max': 21, 'min': 21, 'avg': 21.0, 'root': 12}","[0, -10]","[-51, 110]",sequential,chance,chance,"[1.0, 1.0]","[0.5, 1.0]","[0.5, 1.0]","[0.5, 1.0]","[0.625, 0.0]","[0.375, 0.0]",[[0]],[[1]],[[2]],"(0, 12)","(12, 21)","(12, 21)",{},{},{},"['A', 'B']",[],[],0,0,4,2,5,3,B,,,,,,,A,,,,,"{'rtype': 'd', 'rtimedn': 4.458, 'rtimeup': 6.18}",,,,,,,"{'rtype': 'select-node', 'rtimedn': 56.089, 'rtimeup': 56.089}",,,,
,,35,3,19,1733261282,BDG-448-4354,TREE-1.2-0.0-0.0,"['d85e7c87-2722-4952-a4b7-8cf7805dac37', 'd8c5d3eb-c11c-4209-aa4d-8fa881c9e2ce']","['robot', 'participant']","['dodecagon', 'arrow-head']","['hsla(76, 53%, 46%, 1.0)', 'hsla(330, 87%, 38%, 1.0)']","[[1.0, 0.056077203964527915], [0.056077203964527915, 1.0]]","{0: '', 1: 'A', 2: 'B'}",,1,after,"[False, True]","{'max': 21, 'min': 21, 'avg': 21.0, 'root': 12}","[0, -10]","[130, 107]",sequential,chance,chance,"[1.0, 1.0]","[0.5, 1.0]","[0.5, 1.0]","[0.5, 1.0]","[0.375, 0.0]","[0.625, 0.0]",[[0]],[[1]],[[2]],"(0, 12)","(12, 21)","(12, 21)",{},{},{},"['A', 'B']",[],[],0,0,4,3,5,4,A,,,,,,,B,,,,,"{'rtype': 'd', 'rtimedn': 1.609, 'rtimeup': 2.845}",,,,,,,"{'rtype': 'select-node', 'rtimedn': 56.064, 'rtimeup': 56.064}",,,,
,,35,4,19,1733261285,BDG-572-5353,TREE-1.2-0.0-0.0,"['d46081e5-af46-4b37-b1de-79015b143ff4', '47171824-3af8-4ebd-987d-3eb88573ab8e']","['participant', 'robot']","['flame', 'teardrop']","['hsla(232, 64%, 44%, 1.0)', 'hsla(298, 63%, 45%, 1.0)']","[[1.0, 0.08581116327595202], [0.08581116327595202, 1.0]]","{0: '', 1: 'A', 2: 'B'}",,1,after,"[True, False]","{'max': 21, 'min': 21, 'avg': 21.0, 'root': 12}","[-10, 0]","[106, 103]",sequential,chance,chance,"[1.0, 1.0]","[0.5, 1.0]","[0.5, 1.0]","[0.5, 1.0]","[0.625, 0.0]","[0.375, 0.0]",[[0]],[[1]],[[2]],"(0, 12)","(12, 21)","(12, 21)",{},{},{},"['A', 'B']",[],[],0,0,5,3,5,3,A,,,,,,,A,,,,,"{'rtype': 'select-node', 'rtimedn': 53.664, 'rtimeup': 53.664}",,,,,,,"{'rtype': 'a', 'rtimedn': 4.336, 'rtimeup': 4.427}",,,,
,,36,0,19,1733261288,BDG-041-1242,TREE-1.2-0.0-0.0,"['d85e7c87-2722-4952-a4b7-8cf7805dac37', '56db9ffc-32e9-471f-abd4-5ee41d33f84d']","['robot', 'robot']","['dodecagon', 'bowtie']","['hsla(76, 53%, 46%, 1.0)', 'hsla(66, 70%, 54%, 1.0)']","[[1.0, 0.1797078768909755], [0.1797078768909755, 1.0]]","{0: '', 1: 'A', 2: 'B'}",,1,after,"[False, False]","{'max': 21, 'min': 21, 'avg': 21.0, 'root': 12}","[0, 0]","[130, 112]",sequential,chance,chance,"[1.0, 1.0]","[0.5, 1.0]","[0.5, 1.0]","[0.5, 1.0]","[0.375, 0.0]","[0.625, 0.0]",[[0]],[[1]],[[2]],"(0, 12)","(12, 21)","(12, 21)",{},{},{},"['A', 'B']",[],[],0,0,1,2,4,2,A,,,,,,,A,,,,,"{'rtype': 'd', 'rtimedn': 1.723, 'rtimeup': 2.061}",,,,,,,"{'rtype': 'a', 'rtimedn': 2.616, 'rtimeup': 4.64}",,,,
,,36,1,19,1733261294,BDG-270-3151,TREE-1.2-0.0-0.0,"['01b850cc-9ba8-4d0b-8eba-bec734ed8847', '948c936f-74c4-4f6e-9c84-8d05a39d3da9']","['participant', 'robot']","['star-six', 'cross']","['hsla(321, 79%, 65%, 1.0)', 'hsla(262, 66%, 39%, 1.0)']","[[1.0, 0.23004694835680753], [0.23004694835680753, 1.0]]","{0: '', 1: 'A', 2: 'B'}",,2,after,"[True, False]","{'max': 21, 'min': 21, 'avg': 21.0, 'root': 12}","[-10, 0]","[103, -51]",sequential,chance,chance,"[1.0, 1.0]","[0.5, 1.0]","[0.5, 1.0]","[0.5, 1.0]","[0.625, 0.0]","[0.375, 0.0]",[[0]],[[1]],[[2]],"(0, 12)","(12, 21)","(12, 21)",{},{},{},"['A', 'B']",[],[],0,0,3,1,5,1,B,,,,,,,B,,,,,"{'rtype': 'select-node', 'rtimedn': 55.866, 'rtimeup': 55.866}",,,,,,,"{'rtype': 'd', 'rtimedn': 5.367, 'rtimeup': 7.213}",,,,
,,36,2,19,1733261294,BDG-551-5312,TREE-1.2-0.0-0.0,"['d8c5d3eb-c11c-4209-aa4d-8fa881c9e2ce', 'f7c97106-afa2-4709-b205-ea7ffd67ec68']","['participant', 'participant']","['arrow-head', 'squash']","['hsla(330, 87%, 38%, 1.0)', 'hsla(1, 54%, 56%, 1.0)']","[[1.0, 0.10693792383933232], [0.10693792383933232, 1.0]]","{0: '', 1: 'A', 2: 'B'}",,1,after,"[True, True]","{'max': 21, 'min': 21, 'avg': 21.0, 'root': 12}","[-10, -10]","[107, 110]",sequential,chance,chance,"[1.0, 1.0]","[0.5, 1.0]","[0.5, 1.0]","[0.5, 1.0]","[0.625, 0.0]","[0.375, 0.0]",[[0]],[[1]],[[2]],"(0, 12)","(12, 21)","(12, 21)",{},{},{},"['A', 'B']",[],[],0,0,5,3,1,2,A,,,,,,,B,,,,,"{'rtype': 'select-node', 'rtimedn': 57.117, 'rtimeup': 57.117}",,,,,,,"{'rtype': 'select-node', 'rtimedn': 57.08, 'rtimeup': 57.08}",,,,
,,36,3,19,1733261294,BDG-260-3131,TREE-1.2-0.0-0.0,"['d383d0be-6c2c-4b5a-9fae-b7bd10e621a3', 'd46081e5-af46-4b37-b1de-79015b143ff4']","['participant', 'participant']","['arrow-head', 'flame']","['hsla(221, 81%, 45%, 1.0)', 'hsla(232, 64%, 44%, 1.0)']","[[1.0, 0.0187793427230047], [0.0187793427230047, 1.0]]","{0: '', 1: 'A', 2: 'B'}",,1,after,"[True, True]","{'max': 21, 'min': 21, 'avg': 21.0, 'root': 12}","[-10, -10]","[150, 106]",sequential,chance,chance,"[1.0, 1.0]","[0.5, 1.0]","[0.5, 1.0]","[0.5, 1.0]","[0.375, 0.0]","[0.625, 0.0]",[[0]],[[1]],[[2]],"(0, 12)","(12, 21)","(12, 21)",{},{},{},"['A', 'B']",[],[],0,0,3,1,3,1,A,,,,,,,B,,,,,"{'rtype': 'select-node', 'rtimedn': 56.208, 'rtimeup': 56.208}",,,,,,,"{'rtype': 'select-node', 'rtimedn': 54.548, 'rtimeup': 54.548}",,,,
,,36,4,19,1733261298,BDG-505-5121,TREE-1.2-0.0-0.0,"['47171824-3af8-4ebd-987d-3eb88573ab8e', 'f7862b18-f9f6-4c7d-bc9b-5f8c15cca4e7']","['robot', 'participant']","['teardrop', 'stop-sign']","['hsla(298, 63%, 45%, 1.0)', 'hsla(222, 51%, 54%, 1.0)']","[[1.0, 0.0187793427230047], [0.0187793427230047, 1.0]]","{0: '', 1: 'A', 2: 'B'}",,1,after,"[False, True]","{'max': 21, 'min': 21, 'avg': 21.0, 'root': 12}","[0, -10]","[103, 121]",sequential,chance,chance,"[1.0, 1.0]","[0.5, 1.0]","[0.5, 1.0]","[0.5, 1.0]","[0.625, 0.0]","[0.375, 0.0]",[[0]],[[1]],[[2]],"(0, 12)","(12, 21)","(12, 21)",{},{},{},"['A', 'B']",[],[],0,0,5,1,2,1,A,,,,,,,B,,,,,"{'rtype': 'd', 'rtimedn': 6.993, 'rtimeup': 8.453}",,,,,,,"{'rtype': 'select-node', 'rtimedn': 57.647, 'rtimeup': 57.647}",,,,
,,37,0,19,1733261301,BDG-420-4251,TREE-1.2-0.0-0.0,"['47171824-3af8-4ebd-987d-3eb88573ab8e', '56db9ffc-32e9-471f-abd4-5ee41d33f84d']","['robot', 'robot']","['teardrop', 'bowtie']","['hsla(298, 63%, 45%, 1.0)', 'hsla(66, 70%, 54%, 1.0)']","[[1.0, 0.23004694835680753], [0.23004694835680753, 1.0]]","{0: '', 1: 'A', 2: 'B'}",,2,after,"[False, False]","{'max': 21, 'min': 21, 'avg': 21.0, 'root': 12}","[0, 0]","[103, 112]",sequential,chance,chance,"[1.0, 1.0]","[0.5, 1.0]","[0.5, 1.0]","[0.5, 1.0]","[0.625, 0.0]","[0.375, 0.0]",[[0]],[[1]],[[2]],"(0, 12)","(12, 21)","(12, 21)",{},{},{},"['A', 'B']",[],[],0,0,4,2,5,1,B,,,,,,,B,,,,,"{'rtype': 'd', 'rtimedn': 5.63, 'rtimeup': 7.638}",,,,,,,"{'rtype': 'd', 'rtimedn': 4.753, 'rtimeup': 7.995}",,,,
,,37,1,19,1733261306,BDG-142-2143,TREE-1.2-0.0-0.0,"['d46081e5-af46-4b37-b1de-79015b143ff4', 'd85e7c87-2722-4952-a4b7-8cf7805dac37']","['participant', 'robot']","['flame', 'dodecagon']","['hsla(232, 64%, 44%, 1.0)', 'hsla(76, 53%, 46%, 1.0)']","[[1.0, 0.2456964006259781], [0.2456964006259781, 1.0]]","{0: '', 1: 'A', 2: 'B'}",,1,after,"[True, False]","{'max': 21, 'min': 21, 'avg': 21.0, 'root': 12}","[-10, 0]","[106, 130]",sequential,chance,chance,"[1.0, 1.0]","[0.5, 1.0]","[0.5, 1.0]","[0.5, 1.0]","[0.375, 0.0]","[0.625, 0.0]",[[0]],[[1]],[[2]],"(0, 12)","(12, 21)","(12, 21)",{},{},{},"['A', 'B']",[],[],0,0,2,1,4,3,A,,,,,,,B,,,,,"{'rtype': 'select-node', 'rtimedn': 55.741, 'rtimeup': 55.741}",,,,,,,"{'rtype': 'a', 'rtimedn': 9.822, 'rtimeup': 11.234}",,,,
,,37,2,19,1733261310,BDG-541-5242,TREE-1.2-0.0-0.0,"['948c936f-74c4-4f6e-9c84-8d05a39d3da9', 'f7862b18-f9f6-4c7d-bc9b-5f8c15cca4e7']","['robot', 'participant']","['cross', 'stop-sign']","['hsla(262, 66%, 39%, 1.0)', 'hsla(222, 51%, 54%, 1.0)']","[[1.0, 0.2456964006259781], [0.2456964006259781, 1.0]]","{0: '', 1: 'A', 2: 'B'}",,1,after,"[False, True]","{'max': 21, 'min': 21, 'avg': 21.0, 'root': 12}","[0, -10]","[-51, 121]",sequential,chance,chance,"[1.0, 1.0]","[0.5, 1.0]","[0.5, 1.0]","[0.5, 1.0]","[0.625, 0.0]","[0.375, 0.0]",[[0]],[[1]],[[2]],"(0, 12)","(12, 21)","(12, 21)",{},{},{},"['A', 'B']",[],[],0,0,5,2,4,2,A,,,,,,,B,,,,,"{'rtype': 'a', 'rtimedn': 1.151, 'rtimeup': 2.126}",,,,,,,"{'rtype': 'select-node', 'rtimedn': 58.887, 'rtimeup': 58.887}",,,,
,,37,3,19,1733261307,BDG-456-4422,TREE-1.2-0.0-0.0,"['01b850cc-9ba8-4d0b-8eba-bec734ed8847', 'd383d0be-6c2c-4b5a-9fae-b7bd10e621a3']","['participant', 'participant']","['star-six', 'arrow-head']","['hsla(321, 79%, 65%, 1.0)', 'hsla(221, 81%, 45%, 1.0)']","[[1.0, 0.056077203964527915], [0.056077203964527915, 1.0]]","{0: '', 1: 'A', 2: 'B'}",,1,after,"[True, True]","{'max': 21, 'min': 21, 'avg': 21.0, 'root': 12}","[-10, -10]","[103, 150]",sequential,chance,chance,"[1.0, 1.0]","[0.5, 1.0]","[0.5, 1.0]","[0.5, 1.0]","[0.375, 0.0]","[0.625, 0.0]",[[0]],[[1]],[[2]],"(0, 12)","(12, 21)","(12, 21)",{},{},{},"['A', 'B']",[],[],0,0,4,4,2,2,A,,,,,,,A,,,,,"{'rtype': 'select-node', 'rtimedn': 57.092, 'rtimeup': 57.092}",,,,,,,"{'rtype': 'select-node', 'rtimedn': 57.543, 'rtimeup': 57.543}",,,,
,,37,4,19,1733261308,BDG-071-1352,TREE-1.2-0.0-0.0,"['f7c97106-afa2-4709-b205-ea7ffd67ec68', 'd8c5d3eb-c11c-4209-aa4d-8fa881c9e2ce']","['participant', 'participant']","['squash', 'arrow-head']","['hsla(1, 54%, 56%, 1.0)', 'hsla(330, 87%, 38%, 1.0)']","[[1.0, 0.10693792383933232], [0.10693792383933232, 1.0]]","{0: '', 1: 'A', 2: 'B'}",,2,after,"[True, True]","{'max': 21, 'min': 21, 'avg': 21.0, 'root': 12}","[-10, -10]","[110, 107]",sequential,chance,chance,"[1.0, 1.0]","[0.5, 1.0]","[0.5, 1.0]","[0.5, 1.0]","[0.375, 0.0]","[0.625, 0.0]",[[0]],[[1]],[[2]],"(0, 12)","(12, 21)","(12, 21)",{},{},{},"['A', 'B']",[],[],0,0,1,3,5,2,B,,,,,,,B,,,,,"{'rtype': 'select-node', 'rtimedn': 58.503, 'rtimeup': 58.503}",,,,,,,"{'rtype': 'select-node', 'rtimedn': 58.626, 'rtimeup': 58.626}",,,,
,,38,0,19,1733261318,BDG-359-3525,TREE-1.2-0.0-0.0,"['948c936f-74c4-4f6e-9c84-8d05a39d3da9', 'f7862b18-f9f6-4c7d-bc9b-5f8c15cca4e7']","['robot', 'participant']","['cross', 'stop-sign']","['hsla(262, 66%, 39%, 1.0)', 'hsla(222, 51%, 54%, 1.0)']","[[1.0, 0.2456964006259781], [0.2456964006259781, 1.0]]","{0: '', 1: 'A', 2: 'B'}",,1,after,"[False, True]","{'max': 21, 'min': 21, 'avg': 21.0, 'root': 12}","[0, -10]","[-51, 121]",sequential,chance,chance,"[1.0, 1.0]","[0.5, 1.0]","[0.5, 1.0]","[0.5, 1.0]","[0.375, 0.0]","[0.625, 0.0]",[[0]],[[1]],[[2]],"(0, 12)","(12, 21)","(12, 21)",{},{},{},"['A', 'B']",[],[],0,0,3,5,2,5,A,,,,,,,B,,,,,"{'rtype': 'a', 'rtimedn': 8.198, 'rtimeup': 9.641}",,,,,,,"{'rtype': 'select-node', 'rtimedn': 59.674, 'rtimeup': 59.674}",,,,
,,38,1,19,1733261321,BDG-437-4333,TREE-1.2-0.0-0.0,"['f7c97106-afa2-4709-b205-ea7ffd67ec68', 'd383d0be-6c2c-4b5a-9fae-b7bd10e621a3']","['participant', 'participant']","['squash', 'arrow-head']","['hsla(1, 54%, 56%, 1.0)', 'hsla(221, 81%, 45%, 1.0)']","[[1.0, 0.1797078768909755], [0.1797078768909755, 1.0]]","{0: '', 1: 'A', 2: 'B'}",,2,after,"[True, True]","{'max': 21, 'min': 21, 'avg': 21.0, 'root': 12}","[-10, -10]","[110, 150]",sequential,chance,chance,"[1.0, 1.0]","[0.5, 1.0]","[0.5, 1.0]","[0.5, 1.0]","[0.625, 0.0]","[0.375, 0.0]",[[0]],[[1]],[[2]],"(0, 12)","(12, 21)","(12, 21)",{},{},{},"['A', 'B']",[],[],0,0,4,3,3,3,B,,,,,,,A,,,,,"{'rtype': 'select-node', 'rtimedn': 59.806, 'rtimeup': 59.806}",,,,,,,"{'rtype': 'select-node', 'rtimedn': 58.937, 'rtimeup': 58.937}",,,,
,,38,2,19,1733261319,BDG-006-1122,TREE-1.2-0.0-0.0,"['01b850cc-9ba8-4d0b-8eba-bec734ed8847', '56db9ffc-32e9-471f-abd4-5ee41d33f84d']","['participant', 'robot']","['star-six', 'bowtie']","['hsla(321, 79%, 65%, 1.0)', 'hsla(66, 70%, 54%, 1.0)']","[[1.0, 0.2456964006259781], [0.2456964006259781, 1.0]]","{0: '', 1: 'A', 2: 'B'}",,2,after,"[True, False]","{'max': 21, 'min': 21, 'avg': 21.0, 'root': 12}","[-10, 0]","[103, 112]",sequential,chance,chance,"[1.0, 1.0]","[0.5, 1.0]","[0.5, 1.0]","[0.5, 1.0]","[0.375, 0.0]","[0.625, 0.0]",[[0]],[[1]],[[2]],"(0, 12)","(12, 21)","(12, 21)",{},{},{},"['A', 'B']",[],[],0,0,1,1,2,2,B,,,,,,,B,,,,,"{'rtype': 'select-node', 'rtimedn': 58.361, 'rtimeup': 58.361}",,,,,,,"{'rtype': 'a', 'rtimedn': 6.537, 'rtimeup': 9.772}",,,,
,,38,3,19,1733261324,BDG-262-3133,TREE-1.2-0.0-0.0,"['d8c5d3eb-c11c-4209-aa4d-8fa881c9e2ce', '47171824-3af8-4ebd-987d-3eb88573ab8e']","['participant', 'robot']","['arrow-head', 'teardrop']","['hsla(330, 87%, 38%, 1.0)', 'hsla(298, 63%, 45%, 1.0)']","[[1.0, 0.1797078768909755], [0.1797078768909755, 1.0]]","{0: '', 1: 'A', 2: 'B'}",,2,after,"[True, True]","{'max': 21, 'min': 21, 'avg': 21.0, 'root': 12}","[-10, -10]","[107, 103]",sequential,chance,chance,"[1.0, 1.0]","[0.5, 1.0]","[0.5, 1.0]","[0.5, 1.0]","[0.625, 0.0]","[0.375, 0.0]",[[0]],[[1]],[[2]],"(0, 12)","(12, 21)","(12, 21)",{},{},{},"['A', 'B']",[],[],0,0,3,1,3,3,B,,,,,,,B,,,,,"{'rtype': 'select-node', 'rtimedn': 60.226, 'rtimeup': 60.226}",,,,,,,"{'rtype': 'd', 'rtimedn': 11.168, 'rtimeup': 14.938}",,,,
,,38,4,19,1733261319,BDG-602-5513,TREE-1.2-0.0-0.0,"['d85e7c87-2722-4952-a4b7-8cf7805dac37', 'd46081e5-af46-4b37-b1de-79015b143ff4']","['robot', 'participant']","['dodecagon', 'flame']","['hsla(76, 53%, 46%, 1.0)', 'hsla(232, 64%, 44%, 1.0)']","[[1.0, 0.2456964006259781], [0.2456964006259781, 1.0]]","{0: '', 1: 'A', 2: 'B'}",,1,after,"[False, True]","{'max': 21, 'min': 21, 'avg': 21.0, 'root': 12}","[0, -10]","[130, 106]",sequential,chance,chance,"[1.0, 1.0]","[0.5, 1.0]","[0.5, 1.0]","[0.5, 1.0]","[0.625, 0.0]","[0.375, 0.0]",[[0]],[[1]],[[2]],"(0, 12)","(12, 21)","(12, 21)",{},{},{},"['A', 'B']",[],[],0,0,5,5,1,3,A,,,,,,,A,,,,,"{'rtype': 'd', 'rtimedn': 7.211, 'rtimeup': 9.281}",,,,,,,"{'rtype': 'select-node', 'rtimedn': 57.116, 'rtimeup': 57.116}",,,,
,,39,0,19,1733261334,BDG-079-1415,TREE-1.2-0.0-0.0,"['d85e7c87-2722-4952-a4b7-8cf7805dac37', 'f7c97106-afa2-4709-b205-ea7ffd67ec68']","['robot', 'participant']","['dodecagon', 'squash']","['hsla(76, 53%, 46%, 1.0)', 'hsla(1, 54%, 56%, 1.0)']","[[1.0, 0.23004694835680753], [0.23004694835680753, 1.0]]","{0: '', 1: 'A', 2: 'B'}",,2,after,"[False, True]","{'max': 21, 'min': 21, 'avg': 21.0, 'root': 12}","[0, -10]","[130, 110]",sequential,chance,chance,"[1.0, 1.0]","[0.5, 1.0]","[0.5, 1.0]","[0.5, 1.0]","[0.375, 0.0]","[0.625, 0.0]",[[0]],[[1]],[[2]],"(0, 12)","(12, 21)","(12, 21)",{},{},{},"['A', 'B']",[],[],0,0,1,4,1,5,B,,,,,,,A,,,,,"{'rtype': 'd', 'rtimedn': 0.246, 'rtimeup': 0.9}",,,,,,,"{'rtype': 'select-node', 'rtimedn': 61.106, 'rtimeup': 61.106}",,,,
,,39,1,19,1733261334,BDG-226-2512,TREE-1.2-0.0-0.0,"['d46081e5-af46-4b37-b1de-79015b143ff4', 'd8c5d3eb-c11c-4209-aa4d-8fa881c9e2ce']","['participant', 'participant']","['flame', 'arrow-head']","['hsla(232, 64%, 44%, 1.0)', 'hsla(330, 87%, 38%, 1.0)']","[[1.0, 0.23004694835680753], [0.23004694835680753, 1.0]]","{0: '', 1: 'A', 2: 'B'}",,1,after,"[True, True]","{'max': 21, 'min': 21, 'avg': 21.0, 'root': 12}","[-10, -10]","[106, 107]",sequential,chance,chance,"[1.0, 1.0]","[0.5, 1.0]","[0.5, 1.0]","[0.5, 1.0]","[0.625, 0.0]","[0.375, 0.0]",[[0]],[[1]],[[2]],"(0, 12)","(12, 21)","(12, 21)",{},{},{},"['A', 'B']",[],[],0,0,2,5,1,2,A,,,,,,,A,,,,,"{'rtype': 'select-node', 'rtimedn': 58.526, 'rtimeup': 58.526}",,,,,,,"{'rtype': 'select-node', 'rtimedn': 61.092, 'rtimeup': 61.092}",,,,
,,39,2,19,1733261333,BDG-554-5315,TREE-1.2-0.0-0.0,"['f7862b18-f9f6-4c7d-bc9b-5f8c15cca4e7', '948c936f-74c4-4f6e-9c84-8d05a39d3da9']","['participant', 'robot']","['stop-sign', 'cross']","['hsla(222, 51%, 54%, 1.0)', 'hsla(262, 66%, 39%, 1.0)']","[[1.0, 0.2456964006259781], [0.2456964006259781, 1.0]]","{0: '', 1: 'A', 2: 'B'}",,1,after,"[True, False]","{'max': 21, 'min': 21, 'avg': 21.0, 'root': 12}","[-10, 0]","[121, -51]",sequential,chance,chance,"[1.0, 1.0]","[0.5, 1.0]","[0.5, 1.0]","[0.5, 1.0]","[0.375, 0.0]","[0.625, 0.0]",[[0]],[[1]],[[2]],"(0, 12)","(12, 21)","(12, 21)",{},{},{},"['A', 'B']",[],[],0,0,5,3,1,5,A,,,,,,,A,,,,,"{'rtype': 'select-node', 'rtimedn': 61.151, 'rtimeup': 61.151}",,,,,,,"{'rtype': 'd', 'rtimedn': 1.443, 'rtimeup': 4.566}",,,,
,,39,3,19,1733261333,BDG-495-4551,TREE-1.2-0.0-0.0,"['56db9ffc-32e9-471f-abd4-5ee41d33f84d', 'd383d0be-6c2c-4b5a-9fae-b7bd10e621a3']","['robot', 'participant']","['bowtie', 'arrow-head']","['hsla(66, 70%, 54%, 1.0)', 'hsla(221, 81%, 45%, 1.0)']","[[1.0, 0.08581116327595202], [0.08581116327595202, 1.0]]","{0: '', 1: 'A', 2: 'B'}",,1,after,"[False, True]","{'max': 21, 'min': 21, 'avg': 21.0, 'root': 12}","[0, -10]","[112, 150]",sequential,chance,chance,"[1.0, 1.0]","[0.5, 1.0]","[0.5, 1.0]","[0.5, 1.0]","[0.625, 0.0]","[0.375, 0.0]",[[0]],[[1]],[[2]],"(0, 12)","(12, 21)","(12, 21)",{},{},{},"['A', 'B']",[],[],0,0,4,5,5,1,A,,,,,,,A,,,,,"{'rtype': 'a', 'rtimedn': 4.264, 'rtimeup': 4.574}",,,,,,,"{'rtype': 'select-node', 'rtimedn': 60.177, 'rtimeup': 60.177}",,,,
,,39,4,19,1733261332,BDG-545-5251,TREE-1.2-0.0-0.0,"['47171824-3af8-4ebd-987d-3eb88573ab8e', '01b850cc-9ba8-4d0b-8eba-bec734ed8847']","['robot', 'participant']","['teardrop', 'star-six']","['hsla(298, 63%, 45%, 1.0)', 'hsla(321, 79%, 65%, 1.0)']","[[1.0, 0.07537819509650497], [0.07537819509650497, 1.0]]","{0: '', 1: 'A', 2: 'B'}",,1,after,"[False, True]","{'max': 21, 'min': 21, 'avg': 21.0, 'root': 12}","[0, -10]","[103, 103]",sequential,chance,chance,"[1.0, 1.0]","[0.5, 1.0]","[0.5, 1.0]","[0.5, 1.0]","[0.625, 0.0]","[0.375, 0.0]",[[0]],[[1]],[[2]],"(0, 12)","(12, 21)","(12, 21)",{},{},{},"['A', 'B']",[],[],0,0,5,2,5,1,A,,,,,,,A,,,,,"{'rtype': 'a', 'rtimedn': 0.563, 'rtimeup': 1.429}",,,,,,,"{'rtype': 'select-node', 'rtimedn': 59.628, 'rtimeup': 59.628}",,,,
