experiment_setting_keys,experiment_setting_values,round,room,batch,timestamp,title,tree_tag,player_uuids,player_types,avatar_shapes,avatar_colors,adjacency_matrix,idnum_label_map,perspective_of_player,final_node,tree_status,players_abdicated,durations,cumulative_payoffs_tree,cumulative_payoffs_experiment,choice_type_,choice_type_A,choice_type_B,probability_,probability_A,probability_B,positionxy_,positionxy_A,positionxy_B,info_set_,info_set_A,info_set_B,time_,time_A,time_B,beliefs_,beliefs_A,beliefs_B,options_,options_A,options_B,payoffs__p0,payoffs__p1,payoffs_A_p0,payoffs_A_p1,payoffs_B_p0,payoffs_B_p1,choice__p0,choice__p1,choice_A_p0,choice_A_p1,choice_B_p0,choice_B_p1,prediction__p0,prediction__p1,prediction_A_p0,prediction_A_p1,prediction_B_p0,prediction_B_p1,choice_data__p0,choice_data__p1,choice_data_A_p0,choice_data_A_p1,choice_data_B_p0,choice_data_B_p1,prediction_data__p0,prediction_data__p1,prediction_data_A_p0,prediction_data_A_p1,prediction_data_B_p0,prediction_data_B_p1
rounds,"{'apply': True, 'distribution_type': 'sigmoid', 'interval': [0, 200], 'coefficients': [1, 40]}",0,0,12,1733251209,BDG-386-4132,TREE-1.2-0.0-0.0,"['9c620637-9e65-4bc5-9b31-6c412bf03294', 'af7365d7-bf9f-4f1b-a07c-fe9639bb7735']","['participant', 'robot']","['dodecagon', 'dent-square']","['hsla(95, 77%, 54%, 1.0)', 'hsla(143, 94%, 62%, 1.0)']","[[1.0, 0.2523162445954293], [0.2523162445954293, 1.0]]","{0: '', 1: 'A', 2: 'B'}",,2,after,"[True, False]","{'max': 21, 'min': 21, 'avg': 21.0, 'root': 12}","[-10, 0]","[110, 117]",sequential,chance,chance,"[1.0, 1.0]","[0.5, 1.0]","[0.5, 1.0]","[0.5, 1.0]","[0.375, 0.0]","[0.625, 0.0]",[[0]],[[1]],[[2]],"(0, 12)","(12, 21)","(12, 21)",{},{},{},"['A', 'B']",[],[],0,0,4,1,3,2,B,,,,,,,A,,,,,"{'rtype': 'select-node', 'rtimedn': 28.972, 'rtimeup': 28.972}",,,,,,,"{'rtype': 'a', 'rtimedn': 3.445, 'rtimeup': 3.675}",,,,
time_horizon,"{'apply': True, 'interval': [0, 1], 'distribution_type': 'linear', 'coefficients': [0, 1]}",0,1,12,1733251213,BDG-121-1552,TREE-1.2-0.0-0.0,"['465cf7c4-e12a-4092-8dbe-d9da0578db63', 'ab497966-2b5f-49be-b99b-c5665902d78d']","['participant', 'participant']","['jagged-sun', 'flower']","['hsla(194, 64%, 63%, 1.0)', 'hsla(17, 90%, 46%, 1.0)']","[[1.0, 0.16213712168004946], [0.16213712168004946, 1.0]]","{0: '', 1: 'A', 2: 'B'}",,2,after,"[True, True]","{'max': 21, 'min': 21, 'avg': 21.0, 'root': 12}","[-10, -10]","[126, 148]",sequential,chance,chance,"[1.0, 1.0]","[0.5, 1.0]","[0.5, 1.0]","[0.5, 1.0]","[0.375, 0.0]","[0.625, 0.0]",[[0]],[[1]],[[2]],"(0, 12)","(12, 21)","(12, 21)",{},{},{},"['A', 'B']",[],[],0,0,1,5,5,2,B,,,,,,,B,,,,,"{'rtype': 'select-node', 'rtimedn': 29.987, 'rtimeup': 29.987}",,,,,,,"{'rtype': 'select-node', 'rtimedn': 28.943, 'rtimeup': 28.943}",,,,
payoff_dimensions,"{'SSD': {'apply': True, 'distribution_type': 'uniform', 'interval': [0, 1], 'coefficients': [1, 1]}, 'OOD': {'apply': True, 'distribution_type': 'uniform', 'interval': [0, 1], 'coefficients': [1, 1]}, 'SOD': {'apply': True, 'distribution_type': 'uniform', 'interval': [0, 1], 'coefficients': [1, 1]}, 'abdication_penalty': 10, 'payoff_values': [1, 9], 'cents_per_payoff': 0}",0,2,12,1733251210,BDG-150-2211,TREE-1.2-0.0-0.0,"['65a66864-4e73-4e0b-81f3-d96191245fdb', 'ad7f710d-dc9b-456e-8980-ec62de2a1005']","['participant', 'participant']","['flower', 'dent-square']","['hsla(225, 90%, 44%, 1.0)', 'hsla(140, 73%, 56%, 1.0)']","[[1.0, 0.2523162445954293], [0.2523162445954293, 1.0]]","{0: '', 1: 'A', 2: 'B'}",,1,after,"[False, True]","{'max': 21, 'min': 21, 'avg': 21.0, 'root': 12}","[0, -10]","[108, 120]",sequential,chance,chance,"[1.0, 1.0]","[0.5, 1.0]","[0.5, 1.0]","[0.5, 1.0]","[0.625, 0.0]","[0.375, 0.0]",[[0]],[[1]],[[2]],"(0, 12)","(12, 21)","(12, 21)",{},{},{},"['A', 'B']",[],[],0,0,2,2,1,1,A,,,,,,,A,,,,,"{'rtype': 'select-node', 'rtimedn': 7.161, 'rtimeup': 7.161}",,,,,,,"{'rtype': 'select-node', 'rtimedn': 29.5, 'rtimeup': 29.5}",,,,
players,"{'n_humans': 7, 'n_robots': 1, 'can_join_late': False, 'proportion_over_number': True, 'start_when_enough_humans': True, 'exclude_researchers': False}",0,3,12,1733251215,BDG-095-1451,TREE-1.2-0.0-0.0,"['831b4607-e88d-4b93-9fbf-81dde8a6737d', '59de595f-b530-4657-8c64-5f4a011bedca']","['participant', 'participant']","['teardrop', 'hour-glass']","['hsla(178, 98%, 43%, 1.0)', 'hsla(1, 69%, 63%, 1.0)']","[[1.0, 0.008647313156269303], [0.008647313156269303, 1.0]]","{0: '', 1: 'A', 2: 'B'}",,2,after,"[True, True]","{'max': 21, 'min': 21, 'avg': 21.0, 'root': 12}","[-10, -10]","[132, 142]",sequential,chance,chance,"[1.0, 1.0]","[0.5, 1.0]","[0.5, 1.0]","[0.5, 1.0]","[0.375, 0.0]","[0.625, 0.0]",[[0]],[[1]],[[2]],"(0, 12)","(12, 21)","(12, 21)",{},{},{},"['A', 'B']",[],[],0,0,1,4,5,1,B,,,,,,,B,,,,,"{'rtype': 'select-node', 'rtimedn': 28.902, 'rtimeup': 28.902}",,,,,,,"{'rtype': 'select-node', 'rtimedn': 30.859, 'rtimeup': 30.859}",,,,
game_speed,"{'seconds_per_node': 9, 'seconds_per_descendant': 1, 'buffer_between_levels': 0}",1,0,12,1733251224,BDG-075-1411,TREE-1.2-0.0-0.0,"['831b4607-e88d-4b93-9fbf-81dde8a6737d', 'ab497966-2b5f-49be-b99b-c5665902d78d']","['participant', 'participant']","['teardrop', 'flower']","['hsla(178, 98%, 43%, 1.0)', 'hsla(17, 90%, 46%, 1.0)']","[[1.0, 0.2523162445954293], [0.2523162445954293, 1.0]]","{0: '', 1: 'A', 2: 'B'}",,1,after,"[True, True]","{'max': 21, 'min': 21, 'avg': 21.0, 'root': 12}","[-10, -10]","[132, 148]",sequential,chance,chance,"[1.0, 1.0]","[0.5, 1.0]","[0.5, 1.0]","[0.5, 1.0]","[0.375, 0.0]","[0.625, 0.0]",[[0]],[[1]],[[2]],"(0, 12)","(12, 21)","(12, 21)",{},{},{},"['A', 'B']",[],[],0,0,1,4,1,1,A,,,,,,,A,,,,,"{'rtype': 'select-node', 'rtimedn': 30.222, 'rtimeup': 30.222}",,,,,,,"{'rtype': 'select-node', 'rtimedn': 30.288, 'rtimeup': 30.288}",,,,
game_trees,"{'preselected': True, 'trees_list': ['BDG-000-1111', 'BDG-001-1112', 'BDG-002-1113', 'BDG-003-1114', 'BDG-004-1115', 'BDG-005-1121', 'BDG-006-1122', 'BDG-007-1123', 'BDG-008-1124', 'BDG-009-1125', 'BDG-010-1131', 'BDG-011-1132', 'BDG-012-1133', 'BDG-013-1134', 'BDG-014-1135', 'BDG-015-1141', 'BDG-016-1142', 'BDG-017-1143', 'BDG-018-1144', 'BDG-019-1145', 'BDG-020-1151', 'BDG-021-1152', 'BDG-022-1153', 'BDG-023-1154', 'BDG-024-1155', 'BDG-025-1211', 'BDG-026-1212', 'BDG-027-1213', 'BDG-028-1214', 'BDG-029-1215', 'BDG-030-1221', 'BDG-031-1222', 'BDG-032-1223', 'BDG-033-1224', 'BDG-034-1225', 'BDG-035-1231', 'BDG-036-1232', 'BDG-037-1233', 'BDG-038-1234', 'BDG-039-1235', 'BDG-040-1241', 'BDG-041-1242', 'BDG-042-1243', 'BDG-043-1244', 'BDG-044-1245', 'BDG-045-1251', 'BDG-046-1252', 'BDG-047-1253', 'BDG-048-1254', 'BDG-049-1255', 'BDG-050-1311', 'BDG-051-1312', 'BDG-052-1313', 'BDG-053-1314', 'BDG-054-1315', 'BDG-055-1321', 'BDG-056-1322', 'BDG-057-1323', 'BDG-058-1324', 'BDG-059-1325', 'BDG-060-1331', 'BDG-061-1332', 'BDG-062-1333', 'BDG-063-1334', 'BDG-064-1335', 'BDG-065-1341', 'BDG-066-1342', 'BDG-067-1343', 'BDG-068-1344', 'BDG-069-1345', 'BDG-070-1351', 'BDG-071-1352', 'BDG-072-1353', 'BDG-073-1354', 'BDG-074-1355', 'BDG-075-1411', 'BDG-076-1412', 'BDG-077-1413', 'BDG-078-1414', 'BDG-079-1415', 'BDG-080-1421', 'BDG-081-1422', 'BDG-082-1423', 'BDG-083-1424', 'BDG-084-1425', 'BDG-085-1431', 'BDG-086-1432', 'BDG-087-1433', 'BDG-088-1434', 'BDG-089-1435', 'BDG-090-1441', 'BDG-091-1442', 'BDG-092-1443', 'BDG-093-1444', 'BDG-094-1445', 'BDG-095-1451', 'BDG-096-1452', 'BDG-097-1453', 'BDG-098-1454', 'BDG-099-1455', 'BDG-100-1511', 'BDG-101-1512', 'BDG-102-1513', 'BDG-103-1514', 'BDG-104-1515', 'BDG-105-1521', 'BDG-106-1522', 'BDG-107-1523', 'BDG-108-1524', 'BDG-109-1525', 'BDG-110-1531', 'BDG-111-1532', 'BDG-112-1533', 'BDG-113-1534', 'BDG-114-1535', 'BDG-115-1541', 'BDG-116-1542', 'BDG-117-1543', 'BDG-118-1544', 'BDG-119-1545', 'BDG-120-1551', 'BDG-121-1552', 'BDG-122-1553', 'BDG-123-1554', 'BDG-124-1555', 'BDG-125-2111', 'BDG-126-2112', 'BDG-127-2113', 'BDG-128-2114', 'BDG-129-2115', 'BDG-130-2121', 'BDG-131-2122', 'BDG-132-2123', 'BDG-133-2124', 'BDG-134-2125', 'BDG-135-2131', 'BDG-136-2132', 'BDG-137-2133', 'BDG-138-2134', 'BDG-139-2135', 'BDG-140-2141', 'BDG-141-2142', 'BDG-142-2143', 'BDG-143-2144', 'BDG-144-2145', 'BDG-145-2151', 'BDG-146-2152', 'BDG-147-2153', 'BDG-148-2154', 'BDG-149-2155', 'BDG-150-2211', 'BDG-151-2212', 'BDG-152-2213', 'BDG-153-2214', 'BDG-154-2215', 'BDG-155-2221', 'BDG-156-2222', 'BDG-157-2223', 'BDG-158-2224', 'BDG-159-2225', 'BDG-160-2231', 'BDG-161-2232', 'BDG-162-2233', 'BDG-163-2234', 'BDG-164-2235', 'BDG-165-2241', 'BDG-166-2242', 'BDG-167-2243', 'BDG-168-2244', 'BDG-169-2245', 'BDG-170-2251', 'BDG-171-2252', 'BDG-172-2253', 'BDG-173-2254', 'BDG-174-2255', 'BDG-175-2311', 'BDG-176-2312', 'BDG-177-2313', 'BDG-178-2314', 'BDG-179-2315', 'BDG-180-2321', 'BDG-181-2322', 'BDG-182-2323', 'BDG-183-2324', 'BDG-184-2325', 'BDG-185-2331', 'BDG-186-2332', 'BDG-187-2333', 'BDG-188-2334', 'BDG-189-2335', 'BDG-190-2341', 'BDG-191-2342', 'BDG-192-2343', 'BDG-193-2344', 'BDG-194-2345', 'BDG-195-2351', 'BDG-196-2352', 'BDG-197-2353', 'BDG-198-2354', 'BDG-199-2355', 'BDG-200-2411', 'BDG-201-2412', 'BDG-202-2413', 'BDG-203-2414', 'BDG-204-2415', 'BDG-205-2421', 'BDG-206-2422', 'BDG-207-2423', 'BDG-208-2424', 'BDG-209-2425', 'BDG-210-2431', 'BDG-211-2432', 'BDG-212-2433', 'BDG-213-2434', 'BDG-214-2435', 'BDG-215-2441', 'BDG-216-2442', 'BDG-217-2443', 'BDG-218-2444', 'BDG-219-2445', 'BDG-220-2451', 'BDG-221-2452', 'BDG-222-2453', 'BDG-223-2454', 'BDG-224-2455', 'BDG-225-2511', 'BDG-226-2512', 'BDG-227-2513', 'BDG-228-2514', 'BDG-229-2515', 'BDG-230-2521', 'BDG-231-2522', 'BDG-232-2523', 'BDG-233-2524', 'BDG-234-2525', 'BDG-235-2531', 'BDG-236-2532', 'BDG-237-2533', 'BDG-238-2534', 'BDG-239-2535', 'BDG-240-2541', 'BDG-241-2542', 'BDG-242-2543', 'BDG-243-2544', 'BDG-244-2545', 'BDG-245-2551', 'BDG-246-2552', 'BDG-247-2553', 'BDG-248-2554', 'BDG-249-2555', 'BDG-250-3111', 'BDG-251-3112', 'BDG-252-3113', 'BDG-253-3114', 'BDG-254-3115', 'BDG-255-3121', 'BDG-256-3122', 'BDG-257-3123', 'BDG-258-3124', 'BDG-259-3125', 'BDG-260-3131', 'BDG-261-3132', 'BDG-262-3133', 'BDG-263-3134', 'BDG-264-3135', 'BDG-265-3141', 'BDG-266-3142', 'BDG-267-3143', 'BDG-268-3144', 'BDG-269-3145', 'BDG-270-3151', 'BDG-271-3152', 'BDG-272-3153', 'BDG-273-3154', 'BDG-274-3155', 'BDG-275-3211', 'BDG-276-3212', 'BDG-277-3213', 'BDG-278-3214', 'BDG-279-3215', 'BDG-280-3221', 'BDG-281-3222', 'BDG-282-3223', 'BDG-283-3224', 'BDG-284-3225', 'BDG-285-3231', 'BDG-286-3232', 'BDG-287-3233', 'BDG-288-3234', 'BDG-289-3235', 'BDG-290-3241', 'BDG-291-3242', 'BDG-292-3243', 'BDG-293-3244', 'BDG-294-3245', 'BDG-295-3251', 'BDG-296-3252', 'BDG-297-3253', 'BDG-298-3254', 'BDG-299-3255', 'BDG-300-3311', 'BDG-301-3312', 'BDG-302-3313', 'BDG-303-3314', 'BDG-304-3315', 'BDG-305-3321', 'BDG-306-3322', 'BDG-307-3323', 'BDG-308-3324', 'BDG-309-3325', 'BDG-310-3331', 'BDG-311-3332', 'BDG-312-3333', 'BDG-313-3334', 'BDG-314-3335', 'BDG-315-3341', 'BDG-316-3342', 'BDG-317-3343', 'BDG-318-3344', 'BDG-319-3345', 'BDG-320-3351', 'BDG-321-3352', 'BDG-322-3353', 'BDG-323-3354', 'BDG-324-3355', 'BDG-325-3411', 'BDG-326-3412', 'BDG-327-3413', 'BDG-328-3414', 'BDG-329-3415', 'BDG-330-3421', 'BDG-331-3422', 'BDG-332-3423', 'BDG-333-3424', 'BDG-334-3425', 'BDG-335-3431', 'BDG-336-3432', 'BDG-337-3433', 'BDG-338-3434', 'BDG-339-3435', 'BDG-340-3441', 'BDG-341-3442', 'BDG-342-3443', 'BDG-343-3444', 'BDG-344-3445', 'BDG-345-3451', 'BDG-346-3452', 'BDG-347-3453', 'BDG-348-3454', 'BDG-349-3455', 'BDG-350-3511', 'BDG-351-3512', 'BDG-352-3513', 'BDG-353-3514', 'BDG-354-3515', 'BDG-355-3521', 'BDG-356-3522', 'BDG-357-3523', 'BDG-358-3524', 'BDG-359-3525', 'BDG-360-3531', 'BDG-361-3532', 'BDG-362-3533', 'BDG-363-3534', 'BDG-364-3535', 'BDG-365-3541', 'BDG-366-3542', 'BDG-367-3543', 'BDG-368-3544', 'BDG-369-3545', 'BDG-370-3551', 'BDG-371-3552', 'BDG-372-3553', 'BDG-373-3554', 'BDG-374-3555', 'BDG-375-4111', 'BDG-376-4112', 'BDG-377-4113', 'BDG-378-4114', 'BDG-379-4115', 'BDG-380-4121', 'BDG-381-4122', 'BDG-382-4123', 'BDG-383-4124', 'BDG-384-4125', 'BDG-385-4131', 'BDG-386-4132', 'BDG-387-4133', 'BDG-388-4134', 'BDG-389-4135', 'BDG-390-4141', 'BDG-391-4142', 'BDG-392-4143', 'BDG-393-4144', 'BDG-394-4145', 'BDG-395-4151', 'BDG-396-4152', 'BDG-397-4153', 'BDG-398-4154', 'BDG-399-4155', 'BDG-400-4211', 'BDG-401-4212', 'BDG-402-4213', 'BDG-403-4214', 'BDG-404-4215', 'BDG-405-4221', 'BDG-406-4222', 'BDG-407-4223', 'BDG-408-4224', 'BDG-409-4225', 'BDG-410-4231', 'BDG-411-4232', 'BDG-412-4233', 'BDG-413-4234', 'BDG-414-4235', 'BDG-415-4241', 'BDG-416-4242', 'BDG-417-4243', 'BDG-418-4244', 'BDG-419-4245', 'BDG-420-4251', 'BDG-421-4252', 'BDG-422-4253', 'BDG-423-4254', 'BDG-424-4255', 'BDG-425-4311', 'BDG-426-4312', 'BDG-427-4313', 'BDG-428-4314', 'BDG-429-4315', 'BDG-430-4321', 'BDG-431-4322', 'BDG-432-4323', 'BDG-433-4324', 'BDG-434-4325', 'BDG-435-4331', 'BDG-436-4332', 'BDG-437-4333', 'BDG-438-4334', 'BDG-439-4335', 'BDG-440-4341', 'BDG-441-4342', 'BDG-442-4343', 'BDG-443-4344', 'BDG-444-4345', 'BDG-445-4351', 'BDG-446-4352', 'BDG-447-4353', 'BDG-448-4354', 'BDG-449-4355', 'BDG-450-4411', 'BDG-451-4412', 'BDG-452-4413', 'BDG-453-4414', 'BDG-454-4415', 'BDG-455-4421', 'BDG-456-4422', 'BDG-457-4423', 'BDG-458-4424', 'BDG-459-4425', 'BDG-460-4431', 'BDG-461-4432', 'BDG-462-4433', 'BDG-463-4434', 'BDG-464-4435', 'BDG-465-4441', 'BDG-466-4442', 'BDG-467-4443', 'BDG-468-4444', 'BDG-469-4445', 'BDG-470-4451', 'BDG-471-4452', 'BDG-472-4453', 'BDG-473-4454', 'BDG-474-4455', 'BDG-475-4511', 'BDG-476-4512', 'BDG-477-4513', 'BDG-478-4514', 'BDG-479-4515', 'BDG-480-4521', 'BDG-481-4522', 'BDG-482-4523', 'BDG-483-4524', 'BDG-484-4525', 'BDG-485-4531', 'BDG-486-4532', 'BDG-487-4533', 'BDG-488-4534', 'BDG-489-4535', 'BDG-490-4541', 'BDG-491-4542', 'BDG-492-4543', 'BDG-493-4544', 'BDG-494-4545', 'BDG-495-4551', 'BDG-496-4552', 'BDG-497-4553', 'BDG-498-4554', 'BDG-499-4555', 'BDG-500-5111', 'BDG-501-5112', 'BDG-502-5113', 'BDG-503-5114', 'BDG-504-5115', 'BDG-505-5121', 'BDG-506-5122', 'BDG-507-5123', 'BDG-508-5124', 'BDG-509-5125', 'BDG-510-5131', 'BDG-511-5132', 'BDG-512-5133', 'BDG-513-5134', 'BDG-514-5135', 'BDG-515-5141', 'BDG-516-5142', 'BDG-517-5143', 'BDG-518-5144', 'BDG-519-5145', 'BDG-520-5151', 'BDG-521-5152', 'BDG-522-5153', 'BDG-523-5154', 'BDG-524-5155', 'BDG-525-5211', 'BDG-526-5212', 'BDG-527-5213', 'BDG-528-5214', 'BDG-529-5215', 'BDG-530-5221', 'BDG-531-5222', 'BDG-532-5223', 'BDG-533-5224', 'BDG-534-5225', 'BDG-535-5231', 'BDG-536-5232', 'BDG-537-5233', 'BDG-538-5234', 'BDG-539-5235', 'BDG-540-5241', 'BDG-541-5242', 'BDG-542-5243', 'BDG-543-5244', 'BDG-544-5245', 'BDG-545-5251', 'BDG-546-5252', 'BDG-547-5253', 'BDG-548-5254', 'BDG-549-5255', 'BDG-550-5311', 'BDG-551-5312', 'BDG-552-5313', 'BDG-553-5314', 'BDG-554-5315', 'BDG-555-5321', 'BDG-556-5322', 'BDG-557-5323', 'BDG-558-5324', 'BDG-559-5325', 'BDG-560-5331', 'BDG-561-5332', 'BDG-562-5333', 'BDG-563-5334', 'BDG-564-5335', 'BDG-565-5341', 'BDG-566-5342', 'BDG-567-5343', 'BDG-568-5344', 'BDG-569-5345', 'BDG-570-5351', 'BDG-571-5352', 'BDG-572-5353', 'BDG-573-5354', 'BDG-574-5355', 'BDG-575-5411', 'BDG-576-5412', 'BDG-577-5413', 'BDG-578-5414', 'BDG-579-5415', 'BDG-580-5421', 'BDG-581-5422', 'BDG-582-5423', 'BDG-583-5424', 'BDG-584-5425', 'BDG-585-5431', 'BDG-586-5432', 'BDG-587-5433', 'BDG-588-5434', 'BDG-589-5435', 'BDG-590-5441', 'BDG-591-5442', 'BDG-592-5443', 'BDG-593-5444', 'BDG-594-5445', 'BDG-595-5451', 'BDG-596-5452', 'BDG-597-5453', 'BDG-598-5454', 'BDG-599-5455', 'BDG-600-5511', 'BDG-601-5512', 'BDG-602-5513', 'BDG-603-5514', 'BDG-604-5515', 'BDG-605-5521', 'BDG-606-5522', 'BDG-607-5523', 'BDG-608-5524', 'BDG-609-5525', 'BDG-610-5531', 'BDG-611-5532', 'BDG-612-5533', 'BDG-613-5534', 'BDG-614-5535', 'BDG-615-5541', 'BDG-616-5542', 'BDG-617-5543', 'BDG-618-5544', 'BDG-619-5545', 'BDG-620-5551', 'BDG-621-5552', 'BDG-622-5553', 'BDG-623-5554', 'BDG-624-5555']}",1,1,12,1733251222,BDG-468-4444,TREE-1.2-0.0-0.0,"['af7365d7-bf9f-4f1b-a07c-fe9639bb7735', '465cf7c4-e12a-4092-8dbe-d9da0578db63']","['robot', 'participant']","['dent-square', 'jagged-sun']","['hsla(143, 94%, 62%, 1.0)', 'hsla(194, 64%, 63%, 1.0)']","[[1.0, 0.08554663372452133], [0.08554663372452133, 1.0]]","{0: '', 1: 'A', 2: 'B'}",,1,after,"[False, True]","{'max': 21, 'min': 21, 'avg': 21.0, 'root': 12}","[0, -10]","[117, 126]",sequential,chance,chance,"[1.0, 1.0]","[0.5, 1.0]","[0.5, 1.0]","[0.5, 1.0]","[0.375, 0.0]","[0.625, 0.0]",[[0]],[[1]],[[2]],"(0, 12)","(12, 21)","(12, 21)",{},{},{},"['A', 'B']",[],[],0,0,4,4,4,4,A,,,,,,,B,,,,,"{'rtype': 'a', 'rtimedn': 0.583, 'rtimeup': 1.012}",,,,,,,"{'rtype': 'select-node', 'rtimedn': 30.879, 'rtimeup': 30.879}",,,,
group_size,"{'distribution': [0, 1, 0, 0], 'apply': True}",1,2,12,1733251225,BDG-031-1222,TREE-1.2-0.0-0.0,"['65a66864-4e73-4e0b-81f3-d96191245fdb', 'ad7f710d-dc9b-456e-8980-ec62de2a1005']","['participant', 'participant']","['flower', 'dent-square']","['hsla(225, 90%, 44%, 1.0)', 'hsla(140, 73%, 56%, 1.0)']","[[1.0, 0.2523162445954293], [0.2523162445954293, 1.0]]","{0: '', 1: 'A', 2: 'B'}",,2,after,"[False, True]","{'max': 21, 'min': 21, 'avg': 21.0, 'root': 12}","[0, -10]","[108, 120]",sequential,chance,chance,"[1.0, 1.0]","[0.5, 1.0]","[0.5, 1.0]","[0.5, 1.0]","[0.625, 0.0]","[0.375, 0.0]",[[0]],[[1]],[[2]],"(0, 12)","(12, 21)","(12, 21)",{},{},{},"['A', 'B']",[],[],0,0,1,2,2,2,B,,,,,,,B,,,,,"{'rtype': 'select-node', 'rtimedn': 8.95, 'rtimeup': 8.95}",,,,,,,"{'rtype': 'select-node', 'rtimedn': 30.891, 'rtimeup': 30.891}",,,,
robots,"{'self_value': {'apply': True, 'distribution_type': 'point', 'interval': [1, 1], 'coefficients': [1, 1]}, 'other_value': {'apply': True, 'distribution_type': 'point', 'interval': [0, 0], 'coefficients': [0, 1]}, 'normal_envy': {'apply': True, 'distribution_type': 'point', 'interval': [0, 0], 'coefficients': [0, 1]}, 'reverse_envy': {'apply': True, 'distribution_type': 'point', 'interval': [0, 0], 'coefficients': [0, 1]}, 'risk_preference': {'apply': True, 'distribution_type': 'point', 'interval': [0, 0], 'coefficients': [0, 1]}, 'loss_preference': {'apply': True, 'distribution_type': 'point', 'interval': [0, 0], 'coefficients': [0, 1]}, 'reasoning_depth': {'apply': True, 'distribution_type': 'point', 'interval': [3, 3], 'coefficients': [3, 1]}, 'time_discount': {'apply': True, 'distribution_type': 'point', 'interval': [0, 0], 'coefficients': [0, 1]}, 'reaction_time': {'apply': True, 'distribution_type': 'uniform', 'interval': [0, 1], 'coefficients': [1, 1]}}",1,3,12,1733251226,BDG-072-1353,TREE-1.2-0.0-0.0,"['9c620637-9e65-4bc5-9b31-6c412bf03294', '59de595f-b530-4657-8c64-5f4a011bedca']","['participant', 'participant']","['dodecagon', 'hour-glass']","['hsla(95, 77%, 54%, 1.0)', 'hsla(1, 69%, 63%, 1.0)']","[[1.0, 0.16213712168004946], [0.16213712168004946, 1.0]]","{0: '', 1: 'A', 2: 'B'}",,2,after,"[True, True]","{'max': 21, 'min': 21, 'avg': 21.0, 'root': 12}","[-10, -10]","[110, 142]",sequential,chance,chance,"[1.0, 1.0]","[0.5, 1.0]","[0.5, 1.0]","[0.5, 1.0]","[0.375, 0.0]","[0.625, 0.0]",[[0]],[[1]],[[2]],"(0, 12)","(12, 21)","(12, 21)",{},{},{},"['A', 'B']",[],[],0,0,1,3,5,3,B,,,,,,,B,,,,,"{'rtype': 'select-node', 'rtimedn': 30.367, 'rtimeup': 30.367}",,,,,,,"{'rtype': 'select-node', 'rtimedn': 31.918, 'rtimeup': 31.918}",,,,
truthfulness,"{'apply': True, 'distribution_type': 'uniform', 'interval': [0, 1], 'coefficients': [1, 1]}",2,0,12,1733251235,BDG-316-3342,TREE-1.2-0.0-0.0,"['9c620637-9e65-4bc5-9b31-6c412bf03294', 'ad7f710d-dc9b-456e-8980-ec62de2a1005']","['participant', 'participant']","['dodecagon', 'dent-square']","['hsla(95, 77%, 54%, 1.0)', 'hsla(140, 73%, 56%, 1.0)']","[[1.0, 0.2195799876466955], [0.2195799876466955, 1.0]]","{0: '', 1: 'A', 2: 'B'}",,2,after,"[True, True]","{'max': 21, 'min': 21, 'avg': 21.0, 'root': 12}","[-10, -10]","[110, 120]",sequential,chance,chance,"[1.0, 1.0]","[0.5, 1.0]","[0.5, 1.0]","[0.5, 1.0]","[0.625, 0.0]","[0.375, 0.0]",[[0]],[[1]],[[2]],"(0, 12)","(12, 21)","(12, 21)",{},{},{},"['A', 'B']",[],[],0,0,3,3,4,2,B,,,,,,,A,,,,,"{'rtype': 'select-node', 'rtimedn': 31.449, 'rtimeup': 31.449}",,,,,,,"{'rtype': 'select-node', 'rtimedn': 31.996, 'rtimeup': 31.996}",,,,
complexity,"{'apply': True, 'distribution_type': 'uniform', 'interval': [0, 1], 'coefficients': [1, 1]}",2,1,12,1733251235,BDG-532-5223,TREE-1.2-0.0-0.0,"['ab497966-2b5f-49be-b99b-c5665902d78d', '465cf7c4-e12a-4092-8dbe-d9da0578db63']","['participant', 'participant']","['flower', 'jagged-sun']","['hsla(17, 90%, 46%, 1.0)', 'hsla(194, 64%, 63%, 1.0)']","[[1.0, 0.16213712168004946], [0.16213712168004946, 1.0]]","{0: '', 1: 'A', 2: 'B'}",,1,after,"[True, True]","{'max': 21, 'min': 21, 'avg': 21.0, 'root': 12}","[-10, -10]","[148, 126]",sequential,chance,chance,"[1.0, 1.0]","[0.5, 1.0]","[0.5, 1.0]","[0.5, 1.0]","[0.375, 0.0]","[0.625, 0.0]",[[0]],[[1]],[[2]],"(0, 12)","(12, 21)","(12, 21)",{},{},{},"['A', 'B']",[],[],0,0,5,2,2,3,A,,,,,,,A,,,,,"{'rtype': 'select-node', 'rtimedn': 31.35, 'rtimeup': 31.35}",,,,,,,"{'rtype': 'select-node', 'rtimedn': 32.051, 'rtimeup': 32.051}",,,,
agency,"{'apply': True, 'distribution_type': 'uniform', 'interval': [0, 1], 'coefficients': [1, 1]}",2,2,12,1733251236,BDG-291-3242,TREE-1.2-0.0-0.0,"['831b4607-e88d-4b93-9fbf-81dde8a6737d', '65a66864-4e73-4e0b-81f3-d96191245fdb']","['participant', 'participant']","['teardrop', 'flower']","['hsla(178, 98%, 43%, 1.0)', 'hsla(225, 90%, 44%, 1.0)']","[[1.0, 0.16213712168004946], [0.16213712168004946, 1.0]]","{0: '', 1: 'A', 2: 'B'}",,2,after,"[True, False]","{'max': 21, 'min': 21, 'avg': 21.0, 'root': 12}","[-10, 0]","[132, 108]",sequential,chance,chance,"[1.0, 1.0]","[0.5, 1.0]","[0.5, 1.0]","[0.5, 1.0]","[0.375, 0.0]","[0.625, 0.0]",[[0]],[[1]],[[2]],"(0, 12)","(12, 21)","(12, 21)",{},{},{},"['A', 'B']",[],[],0,0,3,2,4,2,B,,,,,,,B,,,,,"{'rtype': 'select-node', 'rtimedn': 31.29, 'rtimeup': 31.29}",,,,,,,"{'rtype': 'select-node', 'rtimedn': 10.011, 'rtimeup': 10.011}",,,,
base_url,https://yourschool.sona-systems.com/webstudy_credit.aspx,2,3,12,1733251233,BDG-005-1121,TREE-1.2-0.0-0.0,"['59de595f-b530-4657-8c64-5f4a011bedca', 'af7365d7-bf9f-4f1b-a07c-fe9639bb7735']","['participant', 'robot']","['hour-glass', 'dent-square']","['hsla(1, 69%, 63%, 1.0)', 'hsla(143, 94%, 62%, 1.0)']","[[1.0, 0.12600370599135272], [0.12600370599135272, 1.0]]","{0: '', 1: 'A', 2: 'B'}",,2,after,"[True, False]","{'max': 21, 'min': 21, 'avg': 21.0, 'root': 12}","[-10, 0]","[142, 117]",sequential,chance,chance,"[1.0, 1.0]","[0.5, 1.0]","[0.5, 1.0]","[0.5, 1.0]","[0.625, 0.0]","[0.375, 0.0]",[[0]],[[1]],[[2]],"(0, 12)","(12, 21)","(12, 21)",{},{},{},"['A', 'B']",[],[],0,0,1,1,2,1,B,,,,,,,B,,,,,"{'rtype': 'select-node', 'rtimedn': 32.647, 'rtimeup': 32.647}",,,,,,,"{'rtype': 'd', 'rtimedn': 4.499, 'rtimeup': 4.673}",,,,
instructions,['No additional instructions.'],3,0,12,1733251244,BDG-416-4242,TREE-1.2-0.0-0.0,"['465cf7c4-e12a-4092-8dbe-d9da0578db63', 'ad7f710d-dc9b-456e-8980-ec62de2a1005']","['participant', 'participant']","['jagged-sun', 'dent-square']","['hsla(194, 64%, 63%, 1.0)', 'hsla(140, 73%, 56%, 1.0)']","[[1.0, 0.14576899320568254], [0.14576899320568254, 1.0]]","{0: '', 1: 'A', 2: 'B'}",,1,after,"[True, True]","{'max': 21, 'min': 21, 'avg': 21.0, 'root': 12}","[-10, -10]","[126, 120]",sequential,chance,chance,"[1.0, 1.0]","[0.5, 1.0]","[0.5, 1.0]","[0.5, 1.0]","[0.375, 0.0]","[0.625, 0.0]",[[0]],[[1]],[[2]],"(0, 12)","(12, 21)","(12, 21)",{},{},{},"['A', 'B']",[],[],0,0,4,2,4,2,A,,,,,,,B,,,,,"{'rtype': 'select-node', 'rtimedn': 32.922, 'rtimeup': 32.922}",,,,,,,"{'rtype': 'select-node', 'rtimedn': 32.912, 'rtimeup': 32.912}",,,,
consent,"['UNIVERSITY OF MICHIGAN', 'CONSENT TO BE PART OF A RESEARCH STUDY HUM00243214', 'Platform Title: The Morality Game', 'Platform Creator: Gregory Stanley, Ph.D. Candidate, University of Michigan', 'Faculty Advisor: Jun Zhang, Professor of Psychology, University of Michigan', 'Thank you for your interest in participating in this experiment.  This is an unpaid experiment.  You will receive credit for 1 hour of Subject Pool participation.  Please be ready for 1 hour of continuous participation.  If you are inactive for over 2 minutes, the system will automatically eject you from the experiment.  Your counterparts are human participants, unless they drop out of the experiment, in which case they will be replaced by artificial agents.  Please feel free to contact me, Greg, at (714) 454-0435 if you have any questions.  All other information relevant to your consent was covered by the platform general-consent form in the tutorial.  You must be 18 years of age or older to participate in this study.', '']",3,1,12,1733251244,BDG-300-3311,TREE-1.2-0.0-0.0,"['831b4607-e88d-4b93-9fbf-81dde8a6737d', 'af7365d7-bf9f-4f1b-a07c-fe9639bb7735']","['participant', 'robot']","['teardrop', 'dent-square']","['hsla(178, 98%, 43%, 1.0)', 'hsla(143, 94%, 62%, 1.0)']","[[1.0, 0.14576899320568254], [0.14576899320568254, 1.0]]","{0: '', 1: 'A', 2: 'B'}",,1,after,"[True, False]","{'max': 21, 'min': 21, 'avg': 21.0, 'root': 12}","[-10, 0]","[132, 117]",sequential,chance,chance,"[1.0, 1.0]","[0.5, 1.0]","[0.5, 1.0]","[0.5, 1.0]","[0.375, 0.0]","[0.625, 0.0]",[[0]],[[1]],[[2]],"(0, 12)","(12, 21)","(12, 21)",{},{},{},"['A', 'B']",[],[],0,0,3,3,1,1,A,,,,,,,A,,,,,"{'rtype': 'select-node', 'rtimedn': 32.355, 'rtimeup': 32.355}",,,,,,,"{'rtype': 'd', 'rtimedn': 1.39, 'rtimeup': 1.986}",,,,
experiment_code,eGfzR5QoOZLq,3,2,12,1733251246,BDG-386-4132,TREE-1.2-0.0-0.0,"['65a66864-4e73-4e0b-81f3-d96191245fdb', '9c620637-9e65-4bc5-9b31-6c412bf03294']","['participant', 'participant']","['flower', 'dodecagon']","['hsla(225, 90%, 44%, 1.0)', 'hsla(95, 77%, 54%, 1.0)']","[[1.0, 0.14576899320568254], [0.14576899320568254, 1.0]]","{0: '', 1: 'A', 2: 'B'}",,1,after,"[False, True]","{'max': 21, 'min': 21, 'avg': 21.0, 'root': 12}","[0, -10]","[108, 110]",sequential,chance,chance,"[1.0, 1.0]","[0.5, 1.0]","[0.5, 1.0]","[0.5, 1.0]","[0.375, 0.0]","[0.625, 0.0]",[[0]],[[1]],[[2]],"(0, 12)","(12, 21)","(12, 21)",{},{},{},"['A', 'B']",[],[],0,0,4,1,3,2,A,,,,,,,B,,,,,"{'rtype': 'select-node', 'rtimedn': 11.082, 'rtimeup': 11.082}",,,,,,,"{'rtype': 'select-node', 'rtimedn': 32.472, 'rtimeup': 32.472}",,,,
experiment_type,pilot,3,3,12,1733251245,BDG-266-3142,TREE-1.2-0.0-0.0,"['ab497966-2b5f-49be-b99b-c5665902d78d', '59de595f-b530-4657-8c64-5f4a011bedca']","['participant', 'participant']","['flower', 'hour-glass']","['hsla(17, 90%, 46%, 1.0)', 'hsla(1, 69%, 63%, 1.0)']","[[1.0, 0.14576899320568254], [0.14576899320568254, 1.0]]","{0: '', 1: 'A', 2: 'B'}",,2,after,"[True, True]","{'max': 21, 'min': 21, 'avg': 21.0, 'root': 12}","[-10, -10]","[148, 142]",sequential,chance,chance,"[1.0, 1.0]","[0.5, 1.0]","[0.5, 1.0]","[0.5, 1.0]","[0.625, 0.0]","[0.375, 0.0]",[[0]],[[1]],[[2]],"(0, 12)","(12, 21)","(12, 21)",{},{},{},"['A', 'B']",[],[],0,0,3,1,4,2,B,,,,,,,B,,,,,"{'rtype': 'select-node', 'rtimedn': 32.332, 'rtimeup': 32.332}",,,,,,,"{'rtype': 'select-node', 'rtimedn': 33.735, 'rtimeup': 33.735}",,,,
status,open,4,0,12,1733251256,BDG-044-1245,TREE-1.2-0.0-0.0,"['ad7f710d-dc9b-456e-8980-ec62de2a1005', '9c620637-9e65-4bc5-9b31-6c412bf03294']","['participant', 'participant']","['dent-square', 'dodecagon']","['hsla(140, 73%, 56%, 1.0)', 'hsla(95, 77%, 54%, 1.0)']","[[1.0, 0.2195799876466955], [0.2195799876466955, 1.0]]","{0: '', 1: 'A', 2: 'B'}",,2,after,"[True, True]","{'max': 21, 'min': 21, 'avg': 21.0, 'root': 12}","[-10, -10]","[120, 110]",sequential,chance,chance,"[1.0, 1.0]","[0.5, 1.0]","[0.5, 1.0]","[0.5, 1.0]","[0.375, 0.0]","[0.625, 0.0]",[[0]],[[1]],[[2]],"(0, 12)","(12, 21)","(12, 21)",{},{},{},"['A', 'B']",[],[],0,0,1,2,4,5,B,,,,,,,B,,,,,"{'rtype': 'select-node', 'rtimedn': 33.866, 'rtimeup': 33.866}",,,,,,,"{'rtype': 'select-node', 'rtimedn': 33.564, 'rtimeup': 33.564}",,,,
start_date,2024-12-03-13:10,4,1,12,1733251256,BDG-484-4525,TREE-1.2-0.0-0.0,"['ab497966-2b5f-49be-b99b-c5665902d78d', '831b4607-e88d-4b93-9fbf-81dde8a6737d']","['participant', 'participant']","['flower', 'teardrop']","['hsla(17, 90%, 46%, 1.0)', 'hsla(178, 98%, 43%, 1.0)']","[[1.0, 0.2523162445954293], [0.2523162445954293, 1.0]]","{0: '', 1: 'A', 2: 'B'}",,1,after,"[True, True]","{'max': 21, 'min': 21, 'avg': 21.0, 'root': 12}","[-10, -10]","[148, 132]",sequential,chance,chance,"[1.0, 1.0]","[0.5, 1.0]","[0.5, 1.0]","[0.5, 1.0]","[0.375, 0.0]","[0.625, 0.0]",[[0]],[[1]],[[2]],"(0, 12)","(12, 21)","(12, 21)",{},{},{},"['A', 'B']",[],[],0,0,4,5,2,5,A,,,,,,,B,,,,,"{'rtype': 'select-node', 'rtimedn': 33.383, 'rtimeup': 33.383}",,,,,,,"{'rtype': 'select-node', 'rtimedn': 33.511, 'rtimeup': 33.511}",,,,
experimenter_uuid,90427df1-2b1e-4653-9e04-f86c9e4bfa2c,4,2,12,1733251255,BDG-596-5452,TREE-1.2-0.0-0.0,"['465cf7c4-e12a-4092-8dbe-d9da0578db63', '59de595f-b530-4657-8c64-5f4a011bedca']","['participant', 'participant']","['jagged-sun', 'hour-glass']","['hsla(194, 64%, 63%, 1.0)', 'hsla(1, 69%, 63%, 1.0)']","[[1.0, 0.2523162445954293], [0.2523162445954293, 1.0]]","{0: '', 1: 'A', 2: 'B'}",,1,after,"[True, True]","{'max': 21, 'min': 21, 'avg': 21.0, 'root': 12}","[-10, -10]","[126, 142]",sequential,chance,chance,"[1.0, 1.0]","[0.5, 1.0]","[0.5, 1.0]","[0.5, 1.0]","[0.625, 0.0]","[0.375, 0.0]",[[0]],[[1]],[[2]],"(0, 12)","(12, 21)","(12, 21)",{},{},{},"['A', 'B']",[],[],0,0,5,4,5,2,A,,,,,,,A,,,,,"{'rtype': 'select-node', 'rtimedn': 33.974, 'rtimeup': 33.974}",,,,,,,"{'rtype': 'select-node', 'rtimedn': 34.816, 'rtimeup': 34.816}",,,,
batches,"{'completed': 99, 'batch_study': True}",4,3,12,1733251254,BDG-428-4314,TREE-1.2-0.0-0.0,"['af7365d7-bf9f-4f1b-a07c-fe9639bb7735', '65a66864-4e73-4e0b-81f3-d96191245fdb']","['robot', 'participant']","['dent-square', 'flower']","['hsla(143, 94%, 62%, 1.0)', 'hsla(225, 90%, 44%, 1.0)']","[[1.0, 0.008647313156269303], [0.008647313156269303, 1.0]]","{0: '', 1: 'A', 2: 'B'}",,2,after,"[False, False]","{'max': 21, 'min': 21, 'avg': 21.0, 'root': 12}","[0, 0]","[117, 108]",sequential,chance,chance,"[1.0, 1.0]","[0.5, 1.0]","[0.5, 1.0]","[0.5, 1.0]","[0.625, 0.0]","[0.375, 0.0]",[[0]],[[1]],[[2]],"(0, 12)","(12, 21)","(12, 21)",{},{},{},"['A', 'B']",[],[],0,0,4,3,1,4,B,,,,,,,A,,,,,"{'rtype': 'a', 'rtimedn': 7.196, 'rtimeup': 8.679}",,,,,,,"{'rtype': 'select-node', 'rtimedn': 11.881, 'rtimeup': 11.881}",,,,
predetermined_trials,,5,0,12,1733251265,BDG-609-5525,TREE-1.2-0.0-0.0,"['465cf7c4-e12a-4092-8dbe-d9da0578db63', '65a66864-4e73-4e0b-81f3-d96191245fdb']","['participant', 'participant']","['jagged-sun', 'flower']","['hsla(194, 64%, 63%, 1.0)', 'hsla(225, 90%, 44%, 1.0)']","[[1.0, 0.12600370599135272], [0.12600370599135272, 1.0]]","{0: '', 1: 'A', 2: 'B'}",,1,after,"[True, True]","{'max': 21, 'min': 21, 'avg': 21.0, 'root': 12}","[-10, -10]","[126, 108]",sequential,chance,chance,"[1.0, 1.0]","[0.5, 1.0]","[0.5, 1.0]","[0.5, 1.0]","[0.625, 0.0]","[0.375, 0.0]",[[0]],[[1]],[[2]],"(0, 12)","(12, 21)","(12, 21)",{},{},{},"['A', 'B']",[],[],0,0,5,5,2,5,A,,,,,,,A,,,,,"{'rtype': 'select-node', 'rtimedn': 34.931, 'rtimeup': 34.931}",,,,,,,"{'rtype': 'select-node', 'rtimedn': 12.89, 'rtimeup': 12.89}",,,,
,,5,1,12,1733251264,BDG-468-4444,TREE-1.2-0.0-0.0,"['9c620637-9e65-4bc5-9b31-6c412bf03294', 'ab497966-2b5f-49be-b99b-c5665902d78d']","['participant', 'participant']","['dodecagon', 'flower']","['hsla(95, 77%, 54%, 1.0)', 'hsla(17, 90%, 46%, 1.0)']","[[1.0, 0.12600370599135272], [0.12600370599135272, 1.0]]","{0: '', 1: 'A', 2: 'B'}",,2,after,"[True, True]","{'max': 21, 'min': 21, 'avg': 21.0, 'root': 12}","[-10, -10]","[110, 148]",sequential,chance,chance,"[1.0, 1.0]","[0.5, 1.0]","[0.5, 1.0]","[0.5, 1.0]","[0.375, 0.0]","[0.625, 0.0]",[[0]],[[1]],[[2]],"(0, 12)","(12, 21)","(12, 21)",{},{},{},"['A', 'B']",[],[],0,0,4,4,4,4,B,,,,,,,A,,,,,"{'rtype': 'select-node', 'rtimedn': 34.396, 'rtimeup': 34.396}",,,,,,,"{'rtype': 'select-node', 'rtimedn': 34.204, 'rtimeup': 34.204}",,,,
,,5,2,12,1733251266,BDG-081-1422,TREE-1.2-0.0-0.0,"['831b4607-e88d-4b93-9fbf-81dde8a6737d', 'ad7f710d-dc9b-456e-8980-ec62de2a1005']","['participant', 'participant']","['teardrop', 'dent-square']","['hsla(178, 98%, 43%, 1.0)', 'hsla(140, 73%, 56%, 1.0)']","[[1.0, 0.12600370599135272], [0.12600370599135272, 1.0]]","{0: '', 1: 'A', 2: 'B'}",,2,after,"[True, True]","{'max': 21, 'min': 21, 'avg': 21.0, 'root': 12}","[-10, -10]","[132, 120]",sequential,chance,chance,"[1.0, 1.0]","[0.5, 1.0]","[0.5, 1.0]","[0.5, 1.0]","[0.625, 0.0]","[0.375, 0.0]",[[0]],[[1]],[[2]],"(0, 12)","(12, 21)","(12, 21)",{},{},{},"['A', 'B']",[],[],0,0,1,4,2,2,B,,,,,,,B,,,,,"{'rtype': 'select-node', 'rtimedn': 34.365, 'rtimeup': 34.365}",,,,,,,"{'rtype': 'select-node', 'rtimedn': 35.069, 'rtimeup': 35.069}",,,,
,,5,3,12,1733251264,BDG-008-1124,TREE-1.2-0.0-0.0,"['af7365d7-bf9f-4f1b-a07c-fe9639bb7735', '59de595f-b530-4657-8c64-5f4a011bedca']","['robot', 'participant']","['dent-square', 'hour-glass']","['hsla(143, 94%, 62%, 1.0)', 'hsla(1, 69%, 63%, 1.0)']","[[1.0, 0.12600370599135272], [0.12600370599135272, 1.0]]","{0: '', 1: 'A', 2: 'B'}",,1,after,"[False, True]","{'max': 21, 'min': 21, 'avg': 21.0, 'root': 12}","[0, -10]","[117, 142]",sequential,chance,chance,"[1.0, 1.0]","[0.5, 1.0]","[0.5, 1.0]","[0.5, 1.0]","[0.625, 0.0]","[0.375, 0.0]",[[0]],[[1]],[[2]],"(0, 12)","(12, 21)","(12, 21)",{},{},{},"['A', 'B']",[],[],0,0,1,1,2,4,A,,,,,,,B,,,,,"{'rtype': 'd', 'rtimedn': 7.732, 'rtimeup': 7.816}",,,,,,,"{'rtype': 'select-node', 'rtimedn': 35.757, 'rtimeup': 35.757}",,,,
,,6,0,12,1733251273,BDG-197-2353,TREE-1.2-0.0-0.0,"['465cf7c4-e12a-4092-8dbe-d9da0578db63', 'ad7f710d-dc9b-456e-8980-ec62de2a1005']","['participant', 'participant']","['jagged-sun', 'dent-square']","['hsla(194, 64%, 63%, 1.0)', 'hsla(140, 73%, 56%, 1.0)']","[[1.0, 0.14576899320568254], [0.14576899320568254, 1.0]]","{0: '', 1: 'A', 2: 'B'}",,2,after,"[True, True]","{'max': 21, 'min': 21, 'avg': 21.0, 'root': 12}","[-10, -10]","[126, 120]",sequential,chance,chance,"[1.0, 1.0]","[0.5, 1.0]","[0.5, 1.0]","[0.5, 1.0]","[0.375, 0.0]","[0.625, 0.0]",[[0]],[[1]],[[2]],"(0, 12)","(12, 21)","(12, 21)",{},{},{},"['A', 'B']",[],[],0,0,2,3,5,3,B,,,,,,,B,,,,,"{'rtype': 'select-node', 'rtimedn': 35.954, 'rtimeup': 35.954}",,,,,,,"{'rtype': 'select-node', 'rtimedn': 35.818, 'rtimeup': 35.818}",,,,
,,6,1,12,1733251274,BDG-285-3231,TREE-1.2-0.0-0.0,"['af7365d7-bf9f-4f1b-a07c-fe9639bb7735', 'ab497966-2b5f-49be-b99b-c5665902d78d']","['robot', 'participant']","['dent-square', 'flower']","['hsla(143, 94%, 62%, 1.0)', 'hsla(17, 90%, 46%, 1.0)']","[[1.0, 0.2195799876466955], [0.2195799876466955, 1.0]]","{0: '', 1: 'A', 2: 'B'}",,1,after,"[False, True]","{'max': 21, 'min': 21, 'avg': 21.0, 'root': 12}","[0, -10]","[117, 148]",sequential,chance,chance,"[1.0, 1.0]","[0.5, 1.0]","[0.5, 1.0]","[0.5, 1.0]","[0.375, 0.0]","[0.625, 0.0]",[[0]],[[1]],[[2]],"(0, 12)","(12, 21)","(12, 21)",{},{},{},"['A', 'B']",[],[],0,0,3,2,3,1,A,,,,,,,A,,,,,"{'rtype': 'd', 'rtimedn': 3.956, 'rtimeup': 5.376}",,,,,,,"{'rtype': 'select-node', 'rtimedn': 35.311, 'rtimeup': 35.311}",,,,
,,6,2,12,1733251275,BDG-579-5415,TREE-1.2-0.0-0.0,"['65a66864-4e73-4e0b-81f3-d96191245fdb', '9c620637-9e65-4bc5-9b31-6c412bf03294']","['participant', 'participant']","['flower', 'dodecagon']","['hsla(225, 90%, 44%, 1.0)', 'hsla(95, 77%, 54%, 1.0)']","[[1.0, 0.14576899320568254], [0.14576899320568254, 1.0]]","{0: '', 1: 'A', 2: 'B'}",,2,after,"[True, True]","{'max': 21, 'min': 21, 'avg': 21.0, 'root': 12}","[-10, -10]","[108, 110]",sequential,chance,chance,"[1.0, 1.0]","[0.5, 1.0]","[0.5, 1.0]","[0.5, 1.0]","[0.375, 0.0]","[0.625, 0.0]",[[0]],[[1]],[[2]],"(0, 12)","(12, 21)","(12, 21)",{},{},{},"['A', 'B']",[],[],0,0,5,4,1,5,B,,,,,,,B,,,,,"{'rtype': 'select-node', 'rtimedn': 13.981, 'rtimeup': 13.981}",,,,,,,"{'rtype': 'select-node', 'rtimedn': 35.246, 'rtimeup': 35.246}",,,,
,,6,3,12,1733251274,BDG-011-1132,TREE-1.2-0.0-0.0,"['831b4607-e88d-4b93-9fbf-81dde8a6737d', '59de595f-b530-4657-8c64-5f4a011bedca']","['participant', 'participant']","['teardrop', 'hour-glass']","['hsla(178, 98%, 43%, 1.0)', 'hsla(1, 69%, 63%, 1.0)']","[[1.0, 0.008647313156269303], [0.008647313156269303, 1.0]]","{0: '', 1: 'A', 2: 'B'}",,2,after,"[True, True]","{'max': 21, 'min': 21, 'avg': 21.0, 'root': 12}","[-10, -10]","[132, 142]",sequential,chance,chance,"[1.0, 1.0]","[0.5, 1.0]","[0.5, 1.0]","[0.5, 1.0]","[0.375, 0.0]","[0.625, 0.0]",[[0]],[[1]],[[2]],"(0, 12)","(12, 21)","(12, 21)",{},{},{},"['A', 'B']",[],[],0,0,1,1,3,2,B,,,,,,,B,,,,,"{'rtype': 'select-node', 'rtimedn': 35.358, 'rtimeup': 35.358}",,,,,,,"{'rtype': 'select-node', 'rtimedn': 36.705, 'rtimeup': 36.705}",,,,
,,7,0,12,1733251283,BDG-192-2343,TREE-1.2-0.0-0.0,"['59de595f-b530-4657-8c64-5f4a011bedca', '465cf7c4-e12a-4092-8dbe-d9da0578db63']","['participant', 'participant']","['hour-glass', 'jagged-sun']","['hsla(1, 69%, 63%, 1.0)', 'hsla(194, 64%, 63%, 1.0)']","[[1.0, 0.2523162445954293], [0.2523162445954293, 1.0]]","{0: '', 1: 'A', 2: 'B'}",,2,after,"[True, True]","{'max': 21, 'min': 21, 'avg': 21.0, 'root': 12}","[-10, -10]","[142, 126]",sequential,chance,chance,"[1.0, 1.0]","[0.5, 1.0]","[0.5, 1.0]","[0.5, 1.0]","[0.375, 0.0]","[0.625, 0.0]",[[0]],[[1]],[[2]],"(0, 12)","(12, 21)","(12, 21)",{},{},{},"['A', 'B']",[],[],0,0,2,3,4,3,B,,,,,,,A,,,,,"{'rtype': 'select-node', 'rtimedn': 37.666, 'rtimeup': 37.666}",,,,,,,"{'rtype': 'select-node', 'rtimedn': 36.899, 'rtimeup': 36.899}",,,,
,,7,1,12,1733251284,BDG-157-2223,TREE-1.2-0.0-0.0,"['831b4607-e88d-4b93-9fbf-81dde8a6737d', 'ab497966-2b5f-49be-b99b-c5665902d78d']","['participant', 'participant']","['teardrop', 'flower']","['hsla(178, 98%, 43%, 1.0)', 'hsla(17, 90%, 46%, 1.0)']","[[1.0, 0.2523162445954293], [0.2523162445954293, 1.0]]","{0: '', 1: 'A', 2: 'B'}",,2,after,"[True, True]","{'max': 21, 'min': 21, 'avg': 21.0, 'root': 12}","[-10, -10]","[132, 148]",sequential,chance,chance,"[1.0, 1.0]","[0.5, 1.0]","[0.5, 1.0]","[0.5, 1.0]","[0.625, 0.0]","[0.375, 0.0]",[[0]],[[1]],[[2]],"(0, 12)","(12, 21)","(12, 21)",{},{},{},"['A', 'B']",[],[],0,0,2,2,2,3,B,,,,,,,B,,,,,"{'rtype': 'select-node', 'rtimedn': 36.234, 'rtimeup': 36.234}",,,,,,,"{'rtype': 'select-node', 'rtimedn': 36.258, 'rtimeup': 36.258}",,,,
,,7,2,12,1733251286,BDG-480-4521,TREE-1.2-0.0-0.0,"['9c620637-9e65-4bc5-9b31-6c412bf03294', '65a66864-4e73-4e0b-81f3-d96191245fdb']","['participant', 'participant']","['dodecagon', 'flower']","['hsla(95, 77%, 54%, 1.0)', 'hsla(225, 90%, 44%, 1.0)']","[[1.0, 0.14576899320568254], [0.14576899320568254, 1.0]]","{0: '', 1: 'A', 2: 'B'}",,2,after,"[True, True]","{'max': 21, 'min': 21, 'avg': 21.0, 'root': 12}","[-10, -10]","[110, 108]",sequential,chance,chance,"[1.0, 1.0]","[0.5, 1.0]","[0.5, 1.0]","[0.5, 1.0]","[0.375, 0.0]","[0.625, 0.0]",[[0]],[[1]],[[2]],"(0, 12)","(12, 21)","(12, 21)",{},{},{},"['A', 'B']",[],[],0,0,4,5,2,1,B,,,,,,,A,,,,,"{'rtype': 'select-node', 'rtimedn': 36.247, 'rtimeup': 36.247}",,,,,,,"{'rtype': 'select-node', 'rtimedn': 15.087, 'rtimeup': 15.087}",,,,
,,7,3,12,1733251283,BDG-071-1352,TREE-1.2-0.0-0.0,"['af7365d7-bf9f-4f1b-a07c-fe9639bb7735', 'ad7f710d-dc9b-456e-8980-ec62de2a1005']","['robot', 'participant']","['dent-square', 'dent-square']","['hsla(143, 94%, 62%, 1.0)', 'hsla(140, 73%, 56%, 1.0)']","[[1.0, 0.16213712168004946], [0.16213712168004946, 1.0]]","{0: '', 1: 'A', 2: 'B'}",,1,after,"[False, True]","{'max': 21, 'min': 21, 'avg': 21.0, 'root': 12}","[0, -10]","[117, 120]",sequential,chance,chance,"[1.0, 1.0]","[0.5, 1.0]","[0.5, 1.0]","[0.5, 1.0]","[0.375, 0.0]","[0.625, 0.0]",[[0]],[[1]],[[2]],"(0, 12)","(12, 21)","(12, 21)",{},{},{},"['A', 'B']",[],[],0,0,1,3,5,2,A,,,,,,,B,,,,,"{'rtype': 'd', 'rtimedn': 3.541, 'rtimeup': 5.407}",,,,,,,"{'rtype': 'select-node', 'rtimedn': 36.82, 'rtimeup': 36.82}",,,,
,,8,0,12,1733251294,BDG-084-1425,TREE-1.2-0.0-0.0,"['465cf7c4-e12a-4092-8dbe-d9da0578db63', 'af7365d7-bf9f-4f1b-a07c-fe9639bb7735']","['participant', 'robot']","['jagged-sun', 'dent-square']","['hsla(194, 64%, 63%, 1.0)', 'hsla(143, 94%, 62%, 1.0)']","[[1.0, 0.08554663372452133], [0.08554663372452133, 1.0]]","{0: '', 1: 'A', 2: 'B'}",,2,after,"[True, False]","{'max': 21, 'min': 21, 'avg': 21.0, 'root': 12}","[-10, 0]","[126, 117]",sequential,chance,chance,"[1.0, 1.0]","[0.5, 1.0]","[0.5, 1.0]","[0.5, 1.0]","[0.375, 0.0]","[0.625, 0.0]",[[0]],[[1]],[[2]],"(0, 12)","(12, 21)","(12, 21)",{},{},{},"['A', 'B']",[],[],0,0,1,4,2,5,B,,,,,,,B,,,,,"{'rtype': 'select-node', 'rtimedn': 38.031, 'rtimeup': 38.031}",,,,,,,"{'rtype': 'a', 'rtimedn': 4.346, 'rtimeup': 4.992}",,,,
,,8,1,12,1733251295,BDG-567-5343,TREE-1.2-0.0-0.0,"['9c620637-9e65-4bc5-9b31-6c412bf03294', 'ad7f710d-dc9b-456e-8980-ec62de2a1005']","['participant', 'participant']","['dodecagon', 'dent-square']","['hsla(95, 77%, 54%, 1.0)', 'hsla(140, 73%, 56%, 1.0)']","[[1.0, 0.2195799876466955], [0.2195799876466955, 1.0]]","{0: '', 1: 'A', 2: 'B'}",,1,after,"[True, True]","{'max': 21, 'min': 21, 'avg': 21.0, 'root': 12}","[-10, -10]","[110, 120]",sequential,chance,chance,"[1.0, 1.0]","[0.5, 1.0]","[0.5, 1.0]","[0.5, 1.0]","[0.375, 0.0]","[0.625, 0.0]",[[0]],[[1]],[[2]],"(0, 12)","(12, 21)","(12, 21)",{},{},{},"['A', 'B']",[],[],0,0,5,3,4,3,A,,,,,,,A,,,,,"{'rtype': 'select-node', 'rtimedn': 37.484, 'rtimeup': 37.484}",,,,,,,"{'rtype': 'select-node', 'rtimedn': 37.968, 'rtimeup': 37.968}",,,,
,,8,2,12,1733251295,BDG-513-5134,TREE-1.2-0.0-0.0,"['ab497966-2b5f-49be-b99b-c5665902d78d', '831b4607-e88d-4b93-9fbf-81dde8a6737d']","['participant', 'participant']","['flower', 'teardrop']","['hsla(17, 90%, 46%, 1.0)', 'hsla(178, 98%, 43%, 1.0)']","[[1.0, 0.2523162445954293], [0.2523162445954293, 1.0]]","{0: '', 1: 'A', 2: 'B'}",,1,after,"[True, True]","{'max': 21, 'min': 21, 'avg': 21.0, 'root': 12}","[-10, -10]","[148, 132]",sequential,chance,chance,"[1.0, 1.0]","[0.5, 1.0]","[0.5, 1.0]","[0.5, 1.0]","[0.625, 0.0]","[0.375, 0.0]",[[0]],[[1]],[[2]],"(0, 12)","(12, 21)","(12, 21)",{},{},{},"['A', 'B']",[],[],0,0,5,1,3,4,A,,,,,,,B,,,,,"{'rtype': 'select-node', 'rtimedn': 37.237, 'rtimeup': 37.237}",,,,,,,"{'rtype': 'select-node', 'rtimedn': 37.405, 'rtimeup': 37.405}",,,,
,,8,3,12,1733251295,BDG-137-2133,TREE-1.2-0.0-0.0,"['59de595f-b530-4657-8c64-5f4a011bedca', '65a66864-4e73-4e0b-81f3-d96191245fdb']","['participant', 'participant']","['hour-glass', 'flower']","['hsla(1, 69%, 63%, 1.0)', 'hsla(225, 90%, 44%, 1.0)']","[[1.0, 0.2195799876466955], [0.2195799876466955, 1.0]]","{0: '', 1: 'A', 2: 'B'}",,2,after,"[True, True]","{'max': 21, 'min': 21, 'avg': 21.0, 'root': 12}","[-10, -10]","[142, 108]",sequential,chance,chance,"[1.0, 1.0]","[0.5, 1.0]","[0.5, 1.0]","[0.5, 1.0]","[0.625, 0.0]","[0.375, 0.0]",[[0]],[[1]],[[2]],"(0, 12)","(12, 21)","(12, 21)",{},{},{},"['A', 'B']",[],[],0,0,2,1,3,3,B,,,,,,,B,,,,,"{'rtype': 'select-node', 'rtimedn': 38.755, 'rtimeup': 38.755}",,,,,,,"{'rtype': 'select-node', 'rtimedn': 15.903, 'rtimeup': 15.903}",,,,
,,9,0,12,1733251308,BDG-118-1544,TREE-1.2-0.0-0.0,"['af7365d7-bf9f-4f1b-a07c-fe9639bb7735', 'ad7f710d-dc9b-456e-8980-ec62de2a1005']","['robot', 'participant']","['dent-square', 'dent-square']","['hsla(143, 94%, 62%, 1.0)', 'hsla(140, 73%, 56%, 1.0)']","[[1.0, 0.16213712168004946], [0.16213712168004946, 1.0]]","{0: '', 1: 'A', 2: 'B'}",,1,after,"[False, True]","{'max': 21, 'min': 21, 'avg': 21.0, 'root': 12}","[0, -10]","[117, 120]",sequential,chance,chance,"[1.0, 1.0]","[0.5, 1.0]","[0.5, 1.0]","[0.5, 1.0]","[0.375, 0.0]","[0.625, 0.0]",[[0]],[[1]],[[2]],"(0, 12)","(12, 21)","(12, 21)",{},{},{},"['A', 'B']",[],[],0,0,1,5,4,4,A,,,,,,,B,,,,,"{'rtype': 'd', 'rtimedn': 0.899, 'rtimeup': 3.294}",,,,,,,"{'rtype': 'select-node', 'rtimedn': 39.273, 'rtimeup': 39.273}",,,,
,,9,1,12,1733251303,BDG-399-4155,TREE-1.2-0.0-0.0,"['59de595f-b530-4657-8c64-5f4a011bedca', 'ab497966-2b5f-49be-b99b-c5665902d78d']","['participant', 'participant']","['hour-glass', 'flower']","['hsla(1, 69%, 63%, 1.0)', 'hsla(17, 90%, 46%, 1.0)']","[[1.0, 0.14576899320568254], [0.14576899320568254, 1.0]]","{0: '', 1: 'A', 2: 'B'}",,2,after,"[True, True]","{'max': 21, 'min': 21, 'avg': 21.0, 'root': 12}","[-10, -10]","[142, 148]",sequential,chance,chance,"[1.0, 1.0]","[0.5, 1.0]","[0.5, 1.0]","[0.5, 1.0]","[0.625, 0.0]","[0.375, 0.0]",[[0]],[[1]],[[2]],"(0, 12)","(12, 21)","(12, 21)",{},{},{},"['A', 'B']",[],[],0,0,4,1,5,5,B,,,,,,,B,,,,,"{'rtype': 'select-node', 'rtimedn': 39.515, 'rtimeup': 39.515}",,,,,,,"{'rtype': 'select-node', 'rtimedn': 38.16, 'rtimeup': 38.16}",,,,
,,9,2,12,1733251304,BDG-051-1312,TREE-1.2-0.0-0.0,"['9c620637-9e65-4bc5-9b31-6c412bf03294', '65a66864-4e73-4e0b-81f3-d96191245fdb']","['participant', 'participant']","['dodecagon', 'flower']","['hsla(95, 77%, 54%, 1.0)', 'hsla(225, 90%, 44%, 1.0)']","[[1.0, 0.14576899320568254], [0.14576899320568254, 1.0]]","{0: '', 1: 'A', 2: 'B'}",,2,after,"[True, True]","{'max': 21, 'min': 21, 'avg': 21.0, 'root': 12}","[-10, -10]","[110, 108]",sequential,chance,chance,"[1.0, 1.0]","[0.5, 1.0]","[0.5, 1.0]","[0.5, 1.0]","[0.375, 0.0]","[0.625, 0.0]",[[0]],[[1]],[[2]],"(0, 12)","(12, 21)","(12, 21)",{},{},{},"['A', 'B']",[],[],0,0,1,3,1,2,B,,,,,,,B,,,,,"{'rtype': 'select-node', 'rtimedn': 38.319, 'rtimeup': 38.319}",,,,,,,"{'rtype': 'select-node', 'rtimedn': 16.827, 'rtimeup': 16.827}",,,,
,,9,3,12,1733251304,BDG-251-3112,TREE-1.2-0.0-0.0,"['465cf7c4-e12a-4092-8dbe-d9da0578db63', '831b4607-e88d-4b93-9fbf-81dde8a6737d']","['participant', 'participant']","['jagged-sun', 'teardrop']","['hsla(194, 64%, 63%, 1.0)', 'hsla(178, 98%, 43%, 1.0)']","[[1.0, 0.2195799876466955], [0.2195799876466955, 1.0]]","{0: '', 1: 'A', 2: 'B'}",,1,after,"[True, True]","{'max': 21, 'min': 21, 'avg': 21.0, 'root': 12}","[-10, -10]","[126, 132]",sequential,chance,chance,"[1.0, 1.0]","[0.5, 1.0]","[0.5, 1.0]","[0.5, 1.0]","[0.625, 0.0]","[0.375, 0.0]",[[0]],[[1]],[[2]],"(0, 12)","(12, 21)","(12, 21)",{},{},{},"['A', 'B']",[],[],0,0,3,1,1,2,A,,,,,,,B,,,,,"{'rtype': 'select-node', 'rtimedn': 38.852, 'rtimeup': 38.852}",,,,,,,"{'rtype': 'select-node', 'rtimedn': 38.374, 'rtimeup': 38.374}",,,,
,,10,0,12,1733251316,BDG-138-2134,TREE-1.2-0.0-0.0,"['831b4607-e88d-4b93-9fbf-81dde8a6737d', 'ab497966-2b5f-49be-b99b-c5665902d78d']","['participant', 'participant']","['teardrop', 'flower']","['hsla(178, 98%, 43%, 1.0)', 'hsla(17, 90%, 46%, 1.0)']","[[1.0, 0.2523162445954293], [0.2523162445954293, 1.0]]","{0: '', 1: 'A', 2: 'B'}",,2,after,"[True, True]","{'max': 21, 'min': 21, 'avg': 21.0, 'root': 12}","[-10, -10]","[132, 148]",sequential,chance,chance,"[1.0, 1.0]","[0.5, 1.0]","[0.5, 1.0]","[0.5, 1.0]","[0.375, 0.0]","[0.625, 0.0]",[[0]],[[1]],[[2]],"(0, 12)","(12, 21)","(12, 21)",{},{},{},"['A', 'B']",[],[],0,0,2,1,3,4,B,,,,,,,B,,,,,"{'rtype': 'select-node', 'rtimedn': 39.469, 'rtimeup': 39.469}",,,,,,,"{'rtype': 'select-node', 'rtimedn': 39.463, 'rtimeup': 39.463}",,,,
,,10,1,12,1733251318,BDG-285-3231,TREE-1.2-0.0-0.0,"['ad7f710d-dc9b-456e-8980-ec62de2a1005', '59de595f-b530-4657-8c64-5f4a011bedca']","['participant', 'participant']","['dent-square', 'hour-glass']","['hsla(140, 73%, 56%, 1.0)', 'hsla(1, 69%, 63%, 1.0)']","[[1.0, 0.08554663372452133], [0.08554663372452133, 1.0]]","{0: '', 1: 'A', 2: 'B'}",,1,after,"[True, True]","{'max': 21, 'min': 21, 'avg': 21.0, 'root': 12}","[-10, -10]","[120, 142]",sequential,chance,chance,"[1.0, 1.0]","[0.5, 1.0]","[0.5, 1.0]","[0.5, 1.0]","[0.375, 0.0]","[0.625, 0.0]",[[0]],[[1]],[[2]],"(0, 12)","(12, 21)","(12, 21)",{},{},{},"['A', 'B']",[],[],0,0,3,2,3,1,A,,,,,,,A,,,,,"{'rtype': 'select-node', 'rtimedn': 40.269, 'rtimeup': 40.269}",,,,,,,"{'rtype': 'select-node', 'rtimedn': 41.12, 'rtimeup': 41.12}",,,,
,,10,2,12,1733251319,BDG-046-1252,TREE-1.2-0.0-0.0,"['9c620637-9e65-4bc5-9b31-6c412bf03294', '65a66864-4e73-4e0b-81f3-d96191245fdb']","['participant', 'participant']","['dodecagon', 'flower']","['hsla(95, 77%, 54%, 1.0)', 'hsla(225, 90%, 44%, 1.0)']","[[1.0, 0.14576899320568254], [0.14576899320568254, 1.0]]","{0: '', 1: 'A', 2: 'B'}",,1,after,"[True, True]","{'max': 21, 'min': 21, 'avg': 21.0, 'root': 12}","[-10, -10]","[110, 108]",sequential,chance,chance,"[1.0, 1.0]","[0.5, 1.0]","[0.5, 1.0]","[0.5, 1.0]","[0.375, 0.0]","[0.625, 0.0]",[[0]],[[1]],[[2]],"(0, 12)","(12, 21)","(12, 21)",{},{},{},"['A', 'B']",[],[],0,0,1,2,5,2,A,,,,,,,B,,,,,"{'rtype': 'select-node', 'rtimedn': 39.919, 'rtimeup': 39.919}",,,,,,,"{'rtype': 'select-node', 'rtimedn': 18.214, 'rtimeup': 18.214}",,,,
,,10,3,12,1733251317,BDG-035-1231,TREE-1.2-0.0-0.0,"['af7365d7-bf9f-4f1b-a07c-fe9639bb7735', '465cf7c4-e12a-4092-8dbe-d9da0578db63']","['robot', 'participant']","['dent-square', 'jagged-sun']","['hsla(143, 94%, 62%, 1.0)', 'hsla(194, 64%, 63%, 1.0)']","[[1.0, 0.08554663372452133], [0.08554663372452133, 1.0]]","{0: '', 1: 'A', 2: 'B'}",,1,after,"[False, True]","{'max': 21, 'min': 21, 'avg': 21.0, 'root': 12}","[0, -10]","[117, 126]",sequential,chance,chance,"[1.0, 1.0]","[0.5, 1.0]","[0.5, 1.0]","[0.5, 1.0]","[0.625, 0.0]","[0.375, 0.0]",[[0]],[[1]],[[2]],"(0, 12)","(12, 21)","(12, 21)",{},{},{},"['A', 'B']",[],[],0,0,1,2,3,1,A,,,,,,,B,,,,,"{'rtype': 'd', 'rtimedn': 6.154, 'rtimeup': 6.401}",,,,,,,"{'rtype': 'select-node', 'rtimedn': 40.345, 'rtimeup': 40.345}",,,,
,,11,0,12,1733251329,BDG-139-2135,TREE-1.2-0.0-0.0,"['65a66864-4e73-4e0b-81f3-d96191245fdb', '465cf7c4-e12a-4092-8dbe-d9da0578db63']","['participant', 'participant']","['flower', 'jagged-sun']","['hsla(225, 90%, 44%, 1.0)', 'hsla(194, 64%, 63%, 1.0)']","[[1.0, 0.12600370599135272], [0.12600370599135272, 1.0]]","{0: '', 1: 'A', 2: 'B'}",,1,after,"[True, True]","{'max': 21, 'min': 21, 'avg': 21.0, 'root': 12}","[-10, -10]","[108, 126]",sequential,chance,chance,"[1.0, 1.0]","[0.5, 1.0]","[0.5, 1.0]","[0.5, 1.0]","[0.625, 0.0]","[0.375, 0.0]",[[0]],[[1]],[[2]],"(0, 12)","(12, 21)","(12, 21)",{},{},{},"['A', 'B']",[],[],0,0,2,1,3,5,A,,,,,,,B,,,,,"{'rtype': 'select-node', 'rtimedn': 19.337, 'rtimeup': 19.337}",,,,,,,"{'rtype': 'select-node', 'rtimedn': 41.312, 'rtimeup': 41.312}",,,,
,,11,1,12,1733251329,BDG-197-2353,TREE-1.2-0.0-0.0,"['af7365d7-bf9f-4f1b-a07c-fe9639bb7735', '59de595f-b530-4657-8c64-5f4a011bedca']","['robot', 'participant']","['dent-square', 'hour-glass']","['hsla(143, 94%, 62%, 1.0)', 'hsla(1, 69%, 63%, 1.0)']","[[1.0, 0.12600370599135272], [0.12600370599135272, 1.0]]","{0: '', 1: 'A', 2: 'B'}",,2,after,"[False, True]","{'max': 21, 'min': 21, 'avg': 21.0, 'root': 12}","[0, -10]","[117, 142]",sequential,chance,chance,"[1.0, 1.0]","[0.5, 1.0]","[0.5, 1.0]","[0.5, 1.0]","[0.375, 0.0]","[0.625, 0.0]",[[0]],[[1]],[[2]],"(0, 12)","(12, 21)","(12, 21)",{},{},{},"['A', 'B']",[],[],0,0,2,3,5,3,B,,,,,,,B,,,,,"{'rtype': 'a', 'rtimedn': 5.341, 'rtimeup': 5.6}",,,,,,,"{'rtype': 'select-node', 'rtimedn': 42.227, 'rtimeup': 42.227}",,,,
,,11,2,12,1733251329,BDG-204-2415,TREE-1.2-0.0-0.0,"['9c620637-9e65-4bc5-9b31-6c412bf03294', 'ab497966-2b5f-49be-b99b-c5665902d78d']","['participant', 'participant']","['dodecagon', 'flower']","['hsla(95, 77%, 54%, 1.0)', 'hsla(17, 90%, 46%, 1.0)']","[[1.0, 0.12600370599135272], [0.12600370599135272, 1.0]]","{0: '', 1: 'A', 2: 'B'}",,1,after,"[True, True]","{'max': 21, 'min': 21, 'avg': 21.0, 'root': 12}","[-10, -10]","[110, 148]",sequential,chance,chance,"[1.0, 1.0]","[0.5, 1.0]","[0.5, 1.0]","[0.5, 1.0]","[0.375, 0.0]","[0.625, 0.0]",[[0]],[[1]],[[2]],"(0, 12)","(12, 21)","(12, 21)",{},{},{},"['A', 'B']",[],[],0,0,2,4,1,5,A,,,,,,,A,,,,,"{'rtype': 'select-node', 'rtimedn': 40.741, 'rtimeup': 40.741}",,,,,,,"{'rtype': 'select-node', 'rtimedn': 40.761, 'rtimeup': 40.761}",,,,
,,11,3,12,1733251327,BDG-563-5334,TREE-1.2-0.0-0.0,"['831b4607-e88d-4b93-9fbf-81dde8a6737d', 'ad7f710d-dc9b-456e-8980-ec62de2a1005']","['participant', 'participant']","['teardrop', 'dent-square']","['hsla(178, 98%, 43%, 1.0)', 'hsla(140, 73%, 56%, 1.0)']","[[1.0, 0.12600370599135272], [0.12600370599135272, 1.0]]","{0: '', 1: 'A', 2: 'B'}",,1,after,"[True, True]","{'max': 21, 'min': 21, 'avg': 21.0, 'root': 12}","[-10, -10]","[132, 120]",sequential,chance,chance,"[1.0, 1.0]","[0.5, 1.0]","[0.5, 1.0]","[0.5, 1.0]","[0.375, 0.0]","[0.625, 0.0]",[[0]],[[1]],[[2]],"(0, 12)","(12, 21)","(12, 21)",{},{},{},"['A', 'B']",[],[],0,0,5,3,3,4,A,,,,,,,A,,,,,"{'rtype': 'select-node', 'rtimedn': 40.68, 'rtimeup': 40.68}",,,,,,,"{'rtype': 'select-node', 'rtimedn': 41.214, 'rtimeup': 41.214}",,,,
,,12,0,12,1733251340,BDG-261-3132,TREE-1.2-0.0-0.0,"['af7365d7-bf9f-4f1b-a07c-fe9639bb7735', '9c620637-9e65-4bc5-9b31-6c412bf03294']","['robot', 'participant']","['dent-square', 'dodecagon']","['hsla(143, 94%, 62%, 1.0)', 'hsla(95, 77%, 54%, 1.0)']","[[1.0, 0.2523162445954293], [0.2523162445954293, 1.0]]","{0: '', 1: 'A', 2: 'B'}",,1,after,"[False, True]","{'max': 21, 'min': 21, 'avg': 21.0, 'root': 12}","[0, -10]","[117, 110]",sequential,chance,chance,"[1.0, 1.0]","[0.5, 1.0]","[0.5, 1.0]","[0.5, 1.0]","[0.625, 0.0]","[0.375, 0.0]",[[0]],[[1]],[[2]],"(0, 12)","(12, 21)","(12, 21)",{},{},{},"['A', 'B']",[],[],0,0,3,1,3,2,A,,,,,,,A,,,,,"{'rtype': 'a', 'rtimedn': 9.038, 'rtimeup': 10.599}",,,,,,,"{'rtype': 'select-node', 'rtimedn': 41.987, 'rtimeup': 41.987}",,,,
,,12,1,12,1733251339,BDG-157-2223,TREE-1.2-0.0-0.0,"['65a66864-4e73-4e0b-81f3-d96191245fdb', '59de595f-b530-4657-8c64-5f4a011bedca']","['participant', 'participant']","['flower', 'hour-glass']","['hsla(225, 90%, 44%, 1.0)', 'hsla(1, 69%, 63%, 1.0)']","[[1.0, 0.2195799876466955], [0.2195799876466955, 1.0]]","{0: '', 1: 'A', 2: 'B'}",,1,after,"[True, True]","{'max': 21, 'min': 21, 'avg': 21.0, 'root': 12}","[-10, -10]","[108, 142]",sequential,chance,chance,"[1.0, 1.0]","[0.5, 1.0]","[0.5, 1.0]","[0.5, 1.0]","[0.625, 0.0]","[0.375, 0.0]",[[0]],[[1]],[[2]],"(0, 12)","(12, 21)","(12, 21)",{},{},{},"['A', 'B']",[],[],0,0,2,2,2,3,A,,,,,,,B,,,,,"{'rtype': 'select-node', 'rtimedn': 20.364, 'rtimeup': 20.364}",,,,,,,"{'rtype': 'select-node', 'rtimedn': 43.064, 'rtimeup': 43.064}",,,,
,,12,2,12,1733251338,BDG-116-1542,TREE-1.2-0.0-0.0,"['831b4607-e88d-4b93-9fbf-81dde8a6737d', 'ab497966-2b5f-49be-b99b-c5665902d78d']","['participant', 'participant']","['teardrop', 'flower']","['hsla(178, 98%, 43%, 1.0)', 'hsla(17, 90%, 46%, 1.0)']","[[1.0, 0.2523162445954293], [0.2523162445954293, 1.0]]","{0: '', 1: 'A', 2: 'B'}",,2,after,"[True, True]","{'max': 21, 'min': 21, 'avg': 21.0, 'root': 12}","[-10, -10]","[132, 148]",sequential,chance,chance,"[1.0, 1.0]","[0.5, 1.0]","[0.5, 1.0]","[0.5, 1.0]","[0.375, 0.0]","[0.625, 0.0]",[[0]],[[1]],[[2]],"(0, 12)","(12, 21)","(12, 21)",{},{},{},"['A', 'B']",[],[],0,0,1,5,4,2,B,,,,,,,B,,,,,"{'rtype': 'select-node', 'rtimedn': 41.739, 'rtimeup': 41.739}",,,,,,,"{'rtype': 'select-node', 'rtimedn': 41.627, 'rtimeup': 41.627}",,,,
,,12,3,12,1733251338,BDG-379-4115,TREE-1.2-0.0-0.0,"['ad7f710d-dc9b-456e-8980-ec62de2a1005', '465cf7c4-e12a-4092-8dbe-d9da0578db63']","['participant', 'participant']","['dent-square', 'jagged-sun']","['hsla(140, 73%, 56%, 1.0)', 'hsla(194, 64%, 63%, 1.0)']","[[1.0, 0.14576899320568254], [0.14576899320568254, 1.0]]","{0: '', 1: 'A', 2: 'B'}",,1,after,"[True, True]","{'max': 21, 'min': 21, 'avg': 21.0, 'root': 12}","[-10, -10]","[120, 126]",sequential,chance,chance,"[1.0, 1.0]","[0.5, 1.0]","[0.5, 1.0]","[0.5, 1.0]","[0.625, 0.0]","[0.375, 0.0]",[[0]],[[1]],[[2]],"(0, 12)","(12, 21)","(12, 21)",{},{},{},"['A', 'B']",[],[],0,0,4,1,1,5,A,,,,,,,B,,,,,"{'rtype': 'select-node', 'rtimedn': 42.316, 'rtimeup': 42.316}",,,,,,,"{'rtype': 'select-node', 'rtimedn': 42.404, 'rtimeup': 42.404}",,,,
,,13,0,12,1733251348,BDG-096-1452,TREE-1.2-0.0-0.0,"['831b4607-e88d-4b93-9fbf-81dde8a6737d', '65a66864-4e73-4e0b-81f3-d96191245fdb']","['participant', 'participant']","['teardrop', 'flower']","['hsla(178, 98%, 43%, 1.0)', 'hsla(225, 90%, 44%, 1.0)']","[[1.0, 0.16213712168004946], [0.16213712168004946, 1.0]]","{0: '', 1: 'A', 2: 'B'}",,2,after,"[True, True]","{'max': 21, 'min': 21, 'avg': 21.0, 'root': 12}","[-10, -10]","[132, 108]",sequential,chance,chance,"[1.0, 1.0]","[0.5, 1.0]","[0.5, 1.0]","[0.5, 1.0]","[0.625, 0.0]","[0.375, 0.0]",[[0]],[[1]],[[2]],"(0, 12)","(12, 21)","(12, 21)",{},{},{},"['A', 'B']",[],[],0,0,1,4,5,2,B,,,,,,,B,,,,,"{'rtype': 'select-node', 'rtimedn': 42.758, 'rtimeup': 42.758}",,,,,,,"{'rtype': 'select-node', 'rtimedn': 21.191, 'rtimeup': 21.191}",,,,
,,13,1,12,1733251348,BDG-254-3115,TREE-1.2-0.0-0.0,"['9c620637-9e65-4bc5-9b31-6c412bf03294', 'af7365d7-bf9f-4f1b-a07c-fe9639bb7735']","['participant', 'robot']","['dodecagon', 'dent-square']","['hsla(95, 77%, 54%, 1.0)', 'hsla(143, 94%, 62%, 1.0)']","[[1.0, 0.2523162445954293], [0.2523162445954293, 1.0]]","{0: '', 1: 'A', 2: 'B'}",,2,after,"[True, False]","{'max': 21, 'min': 21, 'avg': 21.0, 'root': 12}","[-10, 0]","[110, 117]",sequential,chance,chance,"[1.0, 1.0]","[0.5, 1.0]","[0.5, 1.0]","[0.5, 1.0]","[0.375, 0.0]","[0.625, 0.0]",[[0]],[[1]],[[2]],"(0, 12)","(12, 21)","(12, 21)",{},{},{},"['A', 'B']",[],[],0,0,3,1,1,5,B,,,,,,,A,,,,,"{'rtype': 'select-node', 'rtimedn': 42.854, 'rtimeup': 42.854}",,,,,,,"{'rtype': 'a', 'rtimedn': 1.579, 'rtimeup': 4.045}",,,,
,,13,2,12,1733251348,BDG-590-5441,TREE-1.2-0.0-0.0,"['465cf7c4-e12a-4092-8dbe-d9da0578db63', 'ad7f710d-dc9b-456e-8980-ec62de2a1005']","['participant', 'participant']","['jagged-sun', 'dent-square']","['hsla(194, 64%, 63%, 1.0)', 'hsla(140, 73%, 56%, 1.0)']","[[1.0, 0.14576899320568254], [0.14576899320568254, 1.0]]","{0: '', 1: 'A', 2: 'B'}",,1,after,"[True, True]","{'max': 21, 'min': 21, 'avg': 21.0, 'root': 12}","[-10, -10]","[126, 120]",sequential,chance,chance,"[1.0, 1.0]","[0.5, 1.0]","[0.5, 1.0]","[0.5, 1.0]","[0.625, 0.0]","[0.375, 0.0]",[[0]],[[1]],[[2]],"(0, 12)","(12, 21)","(12, 21)",{},{},{},"['A', 'B']",[],[],0,0,5,4,4,1,A,,,,,,,A,,,,,"{'rtype': 'select-node', 'rtimedn': 43.433, 'rtimeup': 43.433}",,,,,,,"{'rtype': 'select-node', 'rtimedn': 43.306, 'rtimeup': 43.306}",,,,
,,13,3,12,1733251348,BDG-362-3533,TREE-1.2-0.0-0.0,"['59de595f-b530-4657-8c64-5f4a011bedca', 'ab497966-2b5f-49be-b99b-c5665902d78d']","['participant', 'participant']","['hour-glass', 'flower']","['hsla(1, 69%, 63%, 1.0)', 'hsla(17, 90%, 46%, 1.0)']","[[1.0, 0.14576899320568254], [0.14576899320568254, 1.0]]","{0: '', 1: 'A', 2: 'B'}",,1,after,"[True, True]","{'max': 21, 'min': 21, 'avg': 21.0, 'root': 12}","[-10, -10]","[142, 148]",sequential,chance,chance,"[1.0, 1.0]","[0.5, 1.0]","[0.5, 1.0]","[0.5, 1.0]","[0.625, 0.0]","[0.375, 0.0]",[[0]],[[1]],[[2]],"(0, 12)","(12, 21)","(12, 21)",{},{},{},"['A', 'B']",[],[],0,0,3,5,3,3,A,,,,,,,A,,,,,"{'rtype': 'select-node', 'rtimedn': 44.075, 'rtimeup': 44.075}",,,,,,,"{'rtype': 'select-node', 'rtimedn': 42.687, 'rtimeup': 42.687}",,,,
,,14,0,12,1733251357,BDG-393-4144,TREE-1.2-0.0-0.0,"['465cf7c4-e12a-4092-8dbe-d9da0578db63', '65a66864-4e73-4e0b-81f3-d96191245fdb']","['participant', 'participant']","['jagged-sun', 'flower']","['hsla(194, 64%, 63%, 1.0)', 'hsla(225, 90%, 44%, 1.0)']","[[1.0, 0.12600370599135272], [0.12600370599135272, 1.0]]","{0: '', 1: 'A', 2: 'B'}",,2,after,"[True, True]","{'max': 21, 'min': 21, 'avg': 21.0, 'root': 12}","[-10, -10]","[126, 108]",sequential,chance,chance,"[1.0, 1.0]","[0.5, 1.0]","[0.5, 1.0]","[0.5, 1.0]","[0.625, 0.0]","[0.375, 0.0]",[[0]],[[1]],[[2]],"(0, 12)","(12, 21)","(12, 21)",{},{},{},"['A', 'B']",[],[],0,0,4,1,4,4,B,,,,,,,A,,,,,"{'rtype': 'select-node', 'rtimedn': 44.223, 'rtimeup': 44.223}",,,,,,,"{'rtype': 'select-node', 'rtimedn': 22.174, 'rtimeup': 22.174}",,,,
,,14,1,12,1733251359,BDG-530-5221,TREE-1.2-0.0-0.0,"['af7365d7-bf9f-4f1b-a07c-fe9639bb7735', '9c620637-9e65-4bc5-9b31-6c412bf03294']","['robot', 'participant']","['dent-square', 'dodecagon']","['hsla(143, 94%, 62%, 1.0)', 'hsla(95, 77%, 54%, 1.0)']","[[1.0, 0.2523162445954293], [0.2523162445954293, 1.0]]","{0: '', 1: 'A', 2: 'B'}",,1,after,"[False, True]","{'max': 21, 'min': 21, 'avg': 21.0, 'root': 12}","[0, -10]","[117, 110]",sequential,chance,chance,"[1.0, 1.0]","[0.5, 1.0]","[0.5, 1.0]","[0.5, 1.0]","[0.625, 0.0]","[0.375, 0.0]",[[0]],[[1]],[[2]],"(0, 12)","(12, 21)","(12, 21)",{},{},{},"['A', 'B']",[],[],0,0,5,2,2,1,A,,,,,,,B,,,,,"{'rtype': 'a', 'rtimedn': 0.112, 'rtimeup': 0.964}",,,,,,,"{'rtype': 'select-node', 'rtimedn': 43.904, 'rtimeup': 43.904}",,,,
,,14,2,12,1733251356,BDG-453-4414,TREE-1.2-0.0-0.0,"['831b4607-e88d-4b93-9fbf-81dde8a6737d', 'ab497966-2b5f-49be-b99b-c5665902d78d']","['participant', 'participant']","['teardrop', 'flower']","['hsla(178, 98%, 43%, 1.0)', 'hsla(17, 90%, 46%, 1.0)']","[[1.0, 0.2523162445954293], [0.2523162445954293, 1.0]]","{0: '', 1: 'A', 2: 'B'}",,1,after,"[True, True]","{'max': 21, 'min': 21, 'avg': 21.0, 'root': 12}","[-10, -10]","[132, 148]",sequential,chance,chance,"[1.0, 1.0]","[0.5, 1.0]","[0.5, 1.0]","[0.5, 1.0]","[0.375, 0.0]","[0.625, 0.0]",[[0]],[[1]],[[2]],"(0, 12)","(12, 21)","(12, 21)",{},{},{},"['A', 'B']",[],[],0,0,4,4,1,4,A,,,,,,,A,,,,,"{'rtype': 'select-node', 'rtimedn': 43.509, 'rtimeup': 43.509}",,,,,,,"{'rtype': 'select-node', 'rtimedn': 43.438, 'rtimeup': 43.438}",,,,
,,14,3,12,1733251356,BDG-587-5433,TREE-1.2-0.0-0.0,"['59de595f-b530-4657-8c64-5f4a011bedca', 'ad7f710d-dc9b-456e-8980-ec62de2a1005']","['participant', 'participant']","['hour-glass', 'dent-square']","['hsla(1, 69%, 63%, 1.0)', 'hsla(140, 73%, 56%, 1.0)']","[[1.0, 0.08554663372452133], [0.08554663372452133, 1.0]]","{0: '', 1: 'A', 2: 'B'}",,1,after,"[True, True]","{'max': 21, 'min': 21, 'avg': 21.0, 'root': 12}","[-10, -10]","[142, 120]",sequential,chance,chance,"[1.0, 1.0]","[0.5, 1.0]","[0.5, 1.0]","[0.5, 1.0]","[0.375, 0.0]","[0.625, 0.0]",[[0]],[[1]],[[2]],"(0, 12)","(12, 21)","(12, 21)",{},{},{},"['A', 'B']",[],[],0,0,5,4,3,3,A,,,,,,,A,,,,,"{'rtype': 'select-node', 'rtimedn': 44.98, 'rtimeup': 44.98}",,,,,,,"{'rtype': 'select-node', 'rtimedn': 44.046, 'rtimeup': 44.046}",,,,
,,15,0,12,1733251368,BDG-128-2114,TREE-1.2-0.0-0.0,"['ab497966-2b5f-49be-b99b-c5665902d78d', '65a66864-4e73-4e0b-81f3-d96191245fdb']","['participant', 'participant']","['flower', 'flower']","['hsla(17, 90%, 46%, 1.0)', 'hsla(225, 90%, 44%, 1.0)']","[[1.0, 0.08554663372452133], [0.08554663372452133, 1.0]]","{0: '', 1: 'A', 2: 'B'}",,1,after,"[True, True]","{'max': 21, 'min': 21, 'avg': 21.0, 'root': 12}","[-10, -10]","[148, 108]",sequential,chance,chance,"[1.0, 1.0]","[0.5, 1.0]","[0.5, 1.0]","[0.5, 1.0]","[0.375, 0.0]","[0.625, 0.0]",[[0]],[[1]],[[2]],"(0, 12)","(12, 21)","(12, 21)",{},{},{},"['A', 'B']",[],[],0,0,2,1,1,4,A,,,,,,,B,,,,,"{'rtype': 'select-node', 'rtimedn': 44.698, 'rtimeup': 44.698}",,,,,,,"{'rtype': 'select-node', 'rtimedn': 23.168, 'rtimeup': 23.168}",,,,
,,15,1,12,1733251369,BDG-085-1431,TREE-1.2-0.0-0.0,"['ad7f710d-dc9b-456e-8980-ec62de2a1005', '831b4607-e88d-4b93-9fbf-81dde8a6737d']","['participant', 'participant']","['dent-square', 'teardrop']","['hsla(140, 73%, 56%, 1.0)', 'hsla(178, 98%, 43%, 1.0)']","[[1.0, 0.12600370599135272], [0.12600370599135272, 1.0]]","{0: '', 1: 'A', 2: 'B'}",,2,after,"[True, True]","{'max': 21, 'min': 21, 'avg': 21.0, 'root': 12}","[-10, -10]","[120, 132]",sequential,chance,chance,"[1.0, 1.0]","[0.5, 1.0]","[0.5, 1.0]","[0.5, 1.0]","[0.625, 0.0]","[0.375, 0.0]",[[0]],[[1]],[[2]],"(0, 12)","(12, 21)","(12, 21)",{},{},{},"['A', 'B']",[],[],0,0,1,4,3,1,B,,,,,,,B,,,,,"{'rtype': 'select-node', 'rtimedn': 45.398, 'rtimeup': 45.398}",,,,,,,"{'rtype': 'select-node', 'rtimedn': 44.605, 'rtimeup': 44.605}",,,,
,,15,2,12,1733251369,BDG-372-3553,TREE-1.2-0.0-0.0,"['af7365d7-bf9f-4f1b-a07c-fe9639bb7735', '9c620637-9e65-4bc5-9b31-6c412bf03294']","['robot', 'participant']","['dent-square', 'dodecagon']","['hsla(143, 94%, 62%, 1.0)', 'hsla(95, 77%, 54%, 1.0)']","[[1.0, 0.2523162445954293], [0.2523162445954293, 1.0]]","{0: '', 1: 'A', 2: 'B'}",,2,after,"[False, True]","{'max': 21, 'min': 21, 'avg': 21.0, 'root': 12}","[0, -10]","[117, 110]",sequential,chance,chance,"[1.0, 1.0]","[0.5, 1.0]","[0.5, 1.0]","[0.5, 1.0]","[0.625, 0.0]","[0.375, 0.0]",[[0]],[[1]],[[2]],"(0, 12)","(12, 21)","(12, 21)",{},{},{},"['A', 'B']",[],[],0,0,3,5,5,3,B,,,,,,,A,,,,,"{'rtype': 'd', 'rtimedn': 4.928, 'rtimeup': 5.988}",,,,,,,"{'rtype': 'select-node', 'rtimedn': 44.876, 'rtimeup': 44.876}",,,,
,,15,3,12,1733251367,BDG-487-4533,TREE-1.2-0.0-0.0,"['465cf7c4-e12a-4092-8dbe-d9da0578db63', '59de595f-b530-4657-8c64-5f4a011bedca']","['participant', 'participant']","['jagged-sun', 'hour-glass']","['hsla(194, 64%, 63%, 1.0)', 'hsla(1, 69%, 63%, 1.0)']","[[1.0, 0.2523162445954293], [0.2523162445954293, 1.0]]","{0: '', 1: 'A', 2: 'B'}",,1,after,"[True, True]","{'max': 21, 'min': 21, 'avg': 21.0, 'root': 12}","[-10, -10]","[126, 142]",sequential,chance,chance,"[1.0, 1.0]","[0.5, 1.0]","[0.5, 1.0]","[0.5, 1.0]","[0.625, 0.0]","[0.375, 0.0]",[[0]],[[1]],[[2]],"(0, 12)","(12, 21)","(12, 21)",{},{},{},"['A', 'B']",[],[],0,0,4,5,3,3,A,,,,,,,A,,,,,"{'rtype': 'select-node', 'rtimedn': 45.329, 'rtimeup': 45.329}",,,,,,,"{'rtype': 'select-node', 'rtimedn': 46.013, 'rtimeup': 46.013}",,,,
,,16,0,12,1733251380,BDG-619-5545,TREE-1.2-0.0-0.0,"['59de595f-b530-4657-8c64-5f4a011bedca', '9c620637-9e65-4bc5-9b31-6c412bf03294']","['participant', 'participant']","['hour-glass', 'dodecagon']","['hsla(1, 69%, 63%, 1.0)', 'hsla(95, 77%, 54%, 1.0)']","[[1.0, 0.16213712168004946], [0.16213712168004946, 1.0]]","{0: '', 1: 'A', 2: 'B'}",,1,after,"[True, True]","{'max': 21, 'min': 21, 'avg': 21.0, 'root': 12}","[-10, -10]","[142, 110]",sequential,chance,chance,"[1.0, 1.0]","[0.5, 1.0]","[0.5, 1.0]","[0.5, 1.0]","[0.625, 0.0]","[0.375, 0.0]",[[0]],[[1]],[[2]],"(0, 12)","(12, 21)","(12, 21)",{},{},{},"['A', 'B']",[],[],0,0,5,5,4,5,A,,,,,,,B,,,,,"{'rtype': 'select-node', 'rtimedn': 46.98, 'rtimeup': 46.98}",,,,,,,"{'rtype': 'select-node', 'rtimedn': 45.989, 'rtimeup': 45.989}",,,,
,,16,1,12,1733251377,BDG-012-1133,TREE-1.2-0.0-0.0,"['465cf7c4-e12a-4092-8dbe-d9da0578db63', '65a66864-4e73-4e0b-81f3-d96191245fdb']","['participant', 'participant']","['jagged-sun', 'flower']","['hsla(194, 64%, 63%, 1.0)', 'hsla(225, 90%, 44%, 1.0)']","[[1.0, 0.12600370599135272], [0.12600370599135272, 1.0]]","{0: '', 1: 'A', 2: 'B'}",,2,after,"[True, True]","{'max': 21, 'min': 21, 'avg': 21.0, 'root': 12}","[-10, -10]","[126, 108]",sequential,chance,chance,"[1.0, 1.0]","[0.5, 1.0]","[0.5, 1.0]","[0.5, 1.0]","[0.625, 0.0]","[0.375, 0.0]",[[0]],[[1]],[[2]],"(0, 12)","(12, 21)","(12, 21)",{},{},{},"['A', 'B']",[],[],0,0,1,1,3,3,B,,,,,,,B,,,,,"{'rtype': 'select-node', 'rtimedn': 46.343, 'rtimeup': 46.343}",,,,,,,"{'rtype': 'select-node', 'rtimedn': 24.089, 'rtimeup': 24.089}",,,,
,,16,2,12,1733251377,BDG-193-2344,TREE-1.2-0.0-0.0,"['ab497966-2b5f-49be-b99b-c5665902d78d', 'af7365d7-bf9f-4f1b-a07c-fe9639bb7735']","['participant', 'robot']","['flower', 'dent-square']","['hsla(17, 90%, 46%, 1.0)', 'hsla(143, 94%, 62%, 1.0)']","[[1.0, 0.2195799876466955], [0.2195799876466955, 1.0]]","{0: '', 1: 'A', 2: 'B'}",,2,after,"[True, False]","{'max': 21, 'min': 21, 'avg': 21.0, 'root': 12}","[-10, 0]","[148, 117]",sequential,chance,chance,"[1.0, 1.0]","[0.5, 1.0]","[0.5, 1.0]","[0.5, 1.0]","[0.375, 0.0]","[0.625, 0.0]",[[0]],[[1]],[[2]],"(0, 12)","(12, 21)","(12, 21)",{},{},{},"['A', 'B']",[],[],0,0,2,3,4,4,B,,,,,,,B,,,,,"{'rtype': 'select-node', 'rtimedn': 45.534, 'rtimeup': 45.534}",,,,,,,"{'rtype': 'a', 'rtimedn': 0.58, 'rtimeup': 1.326}",,,,
,,16,3,12,1733251377,BDG-171-2252,TREE-1.2-0.0-0.0,"['831b4607-e88d-4b93-9fbf-81dde8a6737d', 'ad7f710d-dc9b-456e-8980-ec62de2a1005']","['participant', 'participant']","['teardrop', 'dent-square']","['hsla(178, 98%, 43%, 1.0)', 'hsla(140, 73%, 56%, 1.0)']","[[1.0, 0.12600370599135272], [0.12600370599135272, 1.0]]","{0: '', 1: 'A', 2: 'B'}",,2,after,"[True, True]","{'max': 21, 'min': 21, 'avg': 21.0, 'root': 12}","[-10, -10]","[132, 120]",sequential,chance,chance,"[1.0, 1.0]","[0.5, 1.0]","[0.5, 1.0]","[0.5, 1.0]","[0.625, 0.0]","[0.375, 0.0]",[[0]],[[1]],[[2]],"(0, 12)","(12, 21)","(12, 21)",{},{},{},"['A', 'B']",[],[],0,0,2,2,5,2,B,,,,,,,B,,,,,"{'rtype': 'select-node', 'rtimedn': 45.644, 'rtimeup': 45.644}",,,,,,,"{'rtype': 'select-node', 'rtimedn': 46.216, 'rtimeup': 46.216}",,,,
,,17,0,12,1733251390,BDG-434-4325,TREE-1.2-0.0-0.0,"['ab497966-2b5f-49be-b99b-c5665902d78d', '65a66864-4e73-4e0b-81f3-d96191245fdb']","['participant', 'participant']","['flower', 'flower']","['hsla(17, 90%, 46%, 1.0)', 'hsla(225, 90%, 44%, 1.0)']","[[1.0, 0.08554663372452133], [0.08554663372452133, 1.0]]","{0: '', 1: 'A', 2: 'B'}",,1,after,"[True, True]","{'max': 21, 'min': 21, 'avg': 21.0, 'root': 12}","[-10, -10]","[148, 108]",sequential,chance,chance,"[1.0, 1.0]","[0.5, 1.0]","[0.5, 1.0]","[0.5, 1.0]","[0.375, 0.0]","[0.625, 0.0]",[[0]],[[1]],[[2]],"(0, 12)","(12, 21)","(12, 21)",{},{},{},"['A', 'B']",[],[],0,0,4,3,2,5,A,,,,,,,A,,,,,"{'rtype': 'select-node', 'rtimedn': 46.675, 'rtimeup': 46.675}",,,,,,,"{'rtype': 'select-node', 'rtimedn': 25.482, 'rtimeup': 25.482}",,,,
,,17,1,12,1733251388,BDG-385-4131,TREE-1.2-0.0-0.0,"['831b4607-e88d-4b93-9fbf-81dde8a6737d', 'ad7f710d-dc9b-456e-8980-ec62de2a1005']","['participant', 'participant']","['teardrop', 'dent-square']","['hsla(178, 98%, 43%, 1.0)', 'hsla(140, 73%, 56%, 1.0)']","[[1.0, 0.12600370599135272], [0.12600370599135272, 1.0]]","{0: '', 1: 'A', 2: 'B'}",,1,after,"[True, True]","{'max': 21, 'min': 21, 'avg': 21.0, 'root': 12}","[-10, -10]","[132, 120]",sequential,chance,chance,"[1.0, 1.0]","[0.5, 1.0]","[0.5, 1.0]","[0.5, 1.0]","[0.375, 0.0]","[0.625, 0.0]",[[0]],[[1]],[[2]],"(0, 12)","(12, 21)","(12, 21)",{},{},{},"['A', 'B']",[],[],0,0,4,1,3,1,A,,,,,,,A,,,,,"{'rtype': 'select-node', 'rtimedn': 46.71, 'rtimeup': 46.71}",,,,,,,"{'rtype': 'select-node', 'rtimedn': 47.339, 'rtimeup': 47.339}",,,,
,,17,2,12,1733251389,BDG-591-5442,TREE-1.2-0.0-0.0,"['465cf7c4-e12a-4092-8dbe-d9da0578db63', '59de595f-b530-4657-8c64-5f4a011bedca']","['participant', 'participant']","['jagged-sun', 'hour-glass']","['hsla(194, 64%, 63%, 1.0)', 'hsla(1, 69%, 63%, 1.0)']","[[1.0, 0.2523162445954293], [0.2523162445954293, 1.0]]","{0: '', 1: 'A', 2: 'B'}",,1,after,"[True, True]","{'max': 21, 'min': 21, 'avg': 21.0, 'root': 12}","[-10, -10]","[126, 142]",sequential,chance,chance,"[1.0, 1.0]","[0.5, 1.0]","[0.5, 1.0]","[0.5, 1.0]","[0.375, 0.0]","[0.625, 0.0]",[[0]],[[1]],[[2]],"(0, 12)","(12, 21)","(12, 21)",{},{},{},"['A', 'B']",[],[],0,0,5,4,4,2,A,,,,,,,A,,,,,"{'rtype': 'select-node', 'rtimedn': 47.345, 'rtimeup': 47.345}",,,,,,,"{'rtype': 'select-node', 'rtimedn': 48.19, 'rtimeup': 48.19}",,,,
,,17,3,12,1733251387,BDG-063-1334,TREE-1.2-0.0-0.0,"['9c620637-9e65-4bc5-9b31-6c412bf03294', 'af7365d7-bf9f-4f1b-a07c-fe9639bb7735']","['participant', 'robot']","['dodecagon', 'dent-square']","['hsla(95, 77%, 54%, 1.0)', 'hsla(143, 94%, 62%, 1.0)']","[[1.0, 0.2523162445954293], [0.2523162445954293, 1.0]]","{0: '', 1: 'A', 2: 'B'}",,1,after,"[True, False]","{'max': 21, 'min': 21, 'avg': 21.0, 'root': 12}","[-10, 0]","[110, 117]",sequential,chance,chance,"[1.0, 1.0]","[0.5, 1.0]","[0.5, 1.0]","[0.5, 1.0]","[0.625, 0.0]","[0.375, 0.0]",[[0]],[[1]],[[2]],"(0, 12)","(12, 21)","(12, 21)",{},{},{},"['A', 'B']",[],[],0,0,1,3,3,4,A,,,,,,,B,,,,,"{'rtype': 'select-node', 'rtimedn': 46.713, 'rtimeup': 46.713}",,,,,,,"{'rtype': 'd', 'rtimedn': 2.089, 'rtimeup': 4.464}",,,,
,,18,0,12,1733251399,BDG-523-5154,TREE-1.2-0.0-0.0,"['465cf7c4-e12a-4092-8dbe-d9da0578db63', '831b4607-e88d-4b93-9fbf-81dde8a6737d']","['participant', 'participant']","['jagged-sun', 'teardrop']","['hsla(194, 64%, 63%, 1.0)', 'hsla(178, 98%, 43%, 1.0)']","[[1.0, 0.2195799876466955], [0.2195799876466955, 1.0]]","{0: '', 1: 'A', 2: 'B'}",,2,after,"[True, True]","{'max': 21, 'min': 21, 'avg': 21.0, 'root': 12}","[-10, -10]","[126, 132]",sequential,chance,chance,"[1.0, 1.0]","[0.5, 1.0]","[0.5, 1.0]","[0.5, 1.0]","[0.625, 0.0]","[0.375, 0.0]",[[0]],[[1]],[[2]],"(0, 12)","(12, 21)","(12, 21)",{},{},{},"['A', 'B']",[],[],0,0,5,1,5,4,B,,,,,,,B,,,,,"{'rtype': 'select-node', 'rtimedn': 48.454, 'rtimeup': 48.454}",,,,,,,"{'rtype': 'select-node', 'rtimedn': 47.822, 'rtimeup': 47.822}",,,,
,,18,1,12,1733251398,BDG-531-5222,TREE-1.2-0.0-0.0,"['9c620637-9e65-4bc5-9b31-6c412bf03294', 'af7365d7-bf9f-4f1b-a07c-fe9639bb7735']","['participant', 'robot']","['dodecagon', 'dent-square']","['hsla(95, 77%, 54%, 1.0)', 'hsla(143, 94%, 62%, 1.0)']","[[1.0, 0.2523162445954293], [0.2523162445954293, 1.0]]","{0: '', 1: 'A', 2: 'B'}",,2,after,"[True, False]","{'max': 21, 'min': 21, 'avg': 21.0, 'root': 12}","[-10, 0]","[110, 117]",sequential,chance,chance,"[1.0, 1.0]","[0.5, 1.0]","[0.5, 1.0]","[0.5, 1.0]","[0.375, 0.0]","[0.625, 0.0]",[[0]],[[1]],[[2]],"(0, 12)","(12, 21)","(12, 21)",{},{},{},"['A', 'B']",[],[],0,0,5,2,2,2,B,,,,,,,A,,,,,"{'rtype': 'select-node', 'rtimedn': 47.789, 'rtimeup': 47.789}",,,,,,,"{'rtype': 'd', 'rtimedn': 4.584, 'rtimeup': 6.97}",,,,
,,18,2,12,1733251399,BDG-361-3532,TREE-1.2-0.0-0.0,"['59de595f-b530-4657-8c64-5f4a011bedca', 'ab497966-2b5f-49be-b99b-c5665902d78d']","['participant', 'participant']","['hour-glass', 'flower']","['hsla(1, 69%, 63%, 1.0)', 'hsla(17, 90%, 46%, 1.0)']","[[1.0, 0.14576899320568254], [0.14576899320568254, 1.0]]","{0: '', 1: 'A', 2: 'B'}",,1,after,"[True, True]","{'max': 21, 'min': 21, 'avg': 21.0, 'root': 12}","[-10, -10]","[142, 148]",sequential,chance,chance,"[1.0, 1.0]","[0.5, 1.0]","[0.5, 1.0]","[0.5, 1.0]","[0.375, 0.0]","[0.625, 0.0]",[[0]],[[1]],[[2]],"(0, 12)","(12, 21)","(12, 21)",{},{},{},"['A', 'B']",[],[],0,0,3,5,3,2,A,,,,,,,A,,,,,"{'rtype': 'select-node', 'rtimedn': 49.247, 'rtimeup': 49.247}",,,,,,,"{'rtype': 'select-node', 'rtimedn': 47.743, 'rtimeup': 47.743}",,,,
,,18,3,12,1733251398,BDG-273-3154,TREE-1.2-0.0-0.0,"['65a66864-4e73-4e0b-81f3-d96191245fdb', 'ad7f710d-dc9b-456e-8980-ec62de2a1005']","['participant', 'participant']","['flower', 'dent-square']","['hsla(225, 90%, 44%, 1.0)', 'hsla(140, 73%, 56%, 1.0)']","[[1.0, 0.2523162445954293], [0.2523162445954293, 1.0]]","{0: '', 1: 'A', 2: 'B'}",,2,after,"[True, True]","{'max': 21, 'min': 21, 'avg': 21.0, 'root': 12}","[-10, -10]","[108, 120]",sequential,chance,chance,"[1.0, 1.0]","[0.5, 1.0]","[0.5, 1.0]","[0.5, 1.0]","[0.625, 0.0]","[0.375, 0.0]",[[0]],[[1]],[[2]],"(0, 12)","(12, 21)","(12, 21)",{},{},{},"['A', 'B']",[],[],0,0,3,1,5,4,B,,,,,,,B,,,,,"{'rtype': 'select-node', 'rtimedn': 26.268, 'rtimeup': 26.268}",,,,,,,"{'rtype': 'select-node', 'rtimedn': 48.294, 'rtimeup': 48.294}",,,,
,,19,0,12,1733251410,BDG-526-5212,TREE-1.2-0.0-0.0,"['ad7f710d-dc9b-456e-8980-ec62de2a1005', '831b4607-e88d-4b93-9fbf-81dde8a6737d']","['participant', 'participant']","['dent-square', 'teardrop']","['hsla(140, 73%, 56%, 1.0)', 'hsla(178, 98%, 43%, 1.0)']","[[1.0, 0.12600370599135272], [0.12600370599135272, 1.0]]","{0: '', 1: 'A', 2: 'B'}",,1,after,"[True, True]","{'max': 21, 'min': 21, 'avg': 21.0, 'root': 12}","[-10, -10]","[120, 132]",sequential,chance,chance,"[1.0, 1.0]","[0.5, 1.0]","[0.5, 1.0]","[0.5, 1.0]","[0.375, 0.0]","[0.625, 0.0]",[[0]],[[1]],[[2]],"(0, 12)","(12, 21)","(12, 21)",{},{},{},"['A', 'B']",[],[],0,0,5,2,1,2,A,,,,,,,B,,,,,"{'rtype': 'select-node', 'rtimedn': 49.235, 'rtimeup': 49.235}",,,,,,,"{'rtype': 'select-node', 'rtimedn': 48.965, 'rtimeup': 48.965}",,,,
,,19,1,12,1733251408,BDG-223-2454,TREE-1.2-0.0-0.0,"['9c620637-9e65-4bc5-9b31-6c412bf03294', '59de595f-b530-4657-8c64-5f4a011bedca']","['participant', 'participant']","['dodecagon', 'hour-glass']","['hsla(95, 77%, 54%, 1.0)', 'hsla(1, 69%, 63%, 1.0)']","[[1.0, 0.16213712168004946], [0.16213712168004946, 1.0]]","{0: '', 1: 'A', 2: 'B'}",,1,after,"[True, True]","{'max': 21, 'min': 21, 'avg': 21.0, 'root': 12}","[-10, -10]","[110, 142]",sequential,chance,chance,"[1.0, 1.0]","[0.5, 1.0]","[0.5, 1.0]","[0.5, 1.0]","[0.375, 0.0]","[0.625, 0.0]",[[0]],[[1]],[[2]],"(0, 12)","(12, 21)","(12, 21)",{},{},{},"['A', 'B']",[],[],0,0,2,4,5,4,A,,,,,,,B,,,,,"{'rtype': 'select-node', 'rtimedn': 48.744, 'rtimeup': 48.744}",,,,,,,"{'rtype': 'select-node', 'rtimedn': 50.142, 'rtimeup': 50.142}",,,,
,,19,2,12,1733251409,BDG-057-1323,TREE-1.2-0.0-0.0,"['465cf7c4-e12a-4092-8dbe-d9da0578db63', 'ab497966-2b5f-49be-b99b-c5665902d78d']","['participant', 'participant']","['jagged-sun', 'flower']","['hsla(194, 64%, 63%, 1.0)', 'hsla(17, 90%, 46%, 1.0)']","[[1.0, 0.16213712168004946], [0.16213712168004946, 1.0]]","{0: '', 1: 'A', 2: 'B'}",,2,after,"[True, True]","{'max': 21, 'min': 21, 'avg': 21.0, 'root': 12}","[-10, -10]","[126, 148]",sequential,chance,chance,"[1.0, 1.0]","[0.5, 1.0]","[0.5, 1.0]","[0.5, 1.0]","[0.375, 0.0]","[0.625, 0.0]",[[0]],[[1]],[[2]],"(0, 12)","(12, 21)","(12, 21)",{},{},{},"['A', 'B']",[],[],0,0,1,3,2,3,B,,,,,,,B,,,,,"{'rtype': 'select-node', 'rtimedn': 49.313, 'rtimeup': 49.313}",,,,,,,"{'rtype': 'select-node', 'rtimedn': 48.776, 'rtimeup': 48.776}",,,,
,,19,3,12,1733251407,BDG-144-2145,TREE-1.2-0.0-0.0,"['af7365d7-bf9f-4f1b-a07c-fe9639bb7735', '65a66864-4e73-4e0b-81f3-d96191245fdb']","['robot', 'participant']","['dent-square', 'flower']","['hsla(143, 94%, 62%, 1.0)', 'hsla(225, 90%, 44%, 1.0)']","[[1.0, 0.008647313156269303], [0.008647313156269303, 1.0]]","{0: '', 1: 'A', 2: 'B'}",,1,after,"[False, True]","{'max': 21, 'min': 21, 'avg': 21.0, 'root': 12}","[0, -10]","[117, 108]",sequential,chance,chance,"[1.0, 1.0]","[0.5, 1.0]","[0.5, 1.0]","[0.5, 1.0]","[0.625, 0.0]","[0.375, 0.0]",[[0]],[[1]],[[2]],"(0, 12)","(12, 21)","(12, 21)",{},{},{},"['A', 'B']",[],[],0,0,2,1,4,5,A,,,,,,,B,,,,,"{'rtype': 'd', 'rtimedn': 4.504, 'rtimeup': 4.81}",,,,,,,"{'rtype': 'select-node', 'rtimedn': 27.105, 'rtimeup': 27.105}",,,,
,,20,0,12,1733251419,BDG-102-1513,TREE-1.2-0.0-0.0,"['af7365d7-bf9f-4f1b-a07c-fe9639bb7735', 'ad7f710d-dc9b-456e-8980-ec62de2a1005']","['robot', 'participant']","['dent-square', 'dent-square']","['hsla(143, 94%, 62%, 1.0)', 'hsla(140, 73%, 56%, 1.0)']","[[1.0, 0.16213712168004946], [0.16213712168004946, 1.0]]","{0: '', 1: 'A', 2: 'B'}",,2,after,"[False, True]","{'max': 21, 'min': 21, 'avg': 21.0, 'root': 12}","[0, -10]","[117, 120]",sequential,chance,chance,"[1.0, 1.0]","[0.5, 1.0]","[0.5, 1.0]","[0.5, 1.0]","[0.625, 0.0]","[0.375, 0.0]",[[0]],[[1]],[[2]],"(0, 12)","(12, 21)","(12, 21)",{},{},{},"['A', 'B']",[],[],0,0,1,5,1,3,B,,,,,,,A,,,,,"{'rtype': 'a', 'rtimedn': 0.554, 'rtimeup': 2.044}",,,,,,,"{'rtype': 'select-node', 'rtimedn': 50.435, 'rtimeup': 50.435}",,,,
,,20,1,12,1733251418,BDG-455-4421,TREE-1.2-0.0-0.0,"['59de595f-b530-4657-8c64-5f4a011bedca', '65a66864-4e73-4e0b-81f3-d96191245fdb']","['participant', 'participant']","['hour-glass', 'flower']","['hsla(1, 69%, 63%, 1.0)', 'hsla(225, 90%, 44%, 1.0)']","[[1.0, 0.2195799876466955], [0.2195799876466955, 1.0]]","{0: '', 1: 'A', 2: 'B'}",,1,after,"[True, True]","{'max': 21, 'min': 21, 'avg': 21.0, 'root': 12}","[-10, -10]","[142, 108]",sequential,chance,chance,"[1.0, 1.0]","[0.5, 1.0]","[0.5, 1.0]","[0.5, 1.0]","[0.375, 0.0]","[0.625, 0.0]",[[0]],[[1]],[[2]],"(0, 12)","(12, 21)","(12, 21)",{},{},{},"['A', 'B']",[],[],0,0,4,4,2,1,A,,,,,,,A,,,,,"{'rtype': 'select-node', 'rtimedn': 51.148, 'rtimeup': 51.148}",,,,,,,"{'rtype': 'select-node', 'rtimedn': 28.26, 'rtimeup': 28.26}",,,,
,,20,2,12,1733251418,BDG-375-4111,TREE-1.2-0.0-0.0,"['831b4607-e88d-4b93-9fbf-81dde8a6737d', 'ab497966-2b5f-49be-b99b-c5665902d78d']","['participant', 'participant']","['teardrop', 'flower']","['hsla(178, 98%, 43%, 1.0)', 'hsla(17, 90%, 46%, 1.0)']","[[1.0, 0.2523162445954293], [0.2523162445954293, 1.0]]","{0: '', 1: 'A', 2: 'B'}",,1,after,"[True, True]","{'max': 21, 'min': 21, 'avg': 21.0, 'root': 12}","[-10, -10]","[132, 148]",sequential,chance,chance,"[1.0, 1.0]","[0.5, 1.0]","[0.5, 1.0]","[0.5, 1.0]","[0.375, 0.0]","[0.625, 0.0]",[[0]],[[1]],[[2]],"(0, 12)","(12, 21)","(12, 21)",{},{},{},"['A', 'B']",[],[],0,0,4,1,1,1,A,,,,,,,A,,,,,"{'rtype': 'select-node', 'rtimedn': 49.777, 'rtimeup': 49.777}",,,,,,,"{'rtype': 'select-node', 'rtimedn': 49.65, 'rtimeup': 49.65}",,,,
,,20,3,12,1733251419,BDG-203-2414,TREE-1.2-0.0-0.0,"['9c620637-9e65-4bc5-9b31-6c412bf03294', '465cf7c4-e12a-4092-8dbe-d9da0578db63']","['participant', 'participant']","['dodecagon', 'jagged-sun']","['hsla(95, 77%, 54%, 1.0)', 'hsla(194, 64%, 63%, 1.0)']","[[1.0, 0.008647313156269303], [0.008647313156269303, 1.0]]","{0: '', 1: 'A', 2: 'B'}",,2,after,"[True, True]","{'max': 21, 'min': 21, 'avg': 21.0, 'root': 12}","[-10, -10]","[110, 126]",sequential,chance,chance,"[1.0, 1.0]","[0.5, 1.0]","[0.5, 1.0]","[0.5, 1.0]","[0.375, 0.0]","[0.625, 0.0]",[[0]],[[1]],[[2]],"(0, 12)","(12, 21)","(12, 21)",{},{},{},"['A', 'B']",[],[],0,0,2,4,1,4,B,,,,,,,A,,,,,"{'rtype': 'select-node', 'rtimedn': 49.89, 'rtimeup': 49.89}",,,,,,,"{'rtype': 'select-node', 'rtimedn': 50.448, 'rtimeup': 50.448}",,,,
,,21,0,12,1733251431,BDG-003-1114,TREE-1.2-0.0-0.0,"['65a66864-4e73-4e0b-81f3-d96191245fdb', '9c620637-9e65-4bc5-9b31-6c412bf03294']","['participant', 'participant']","['flower', 'dodecagon']","['hsla(225, 90%, 44%, 1.0)', 'hsla(95, 77%, 54%, 1.0)']","[[1.0, 0.14576899320568254], [0.14576899320568254, 1.0]]","{0: '', 1: 'A', 2: 'B'}",,1,after,"[True, True]","{'max': 21, 'min': 21, 'avg': 21.0, 'root': 12}","[-10, -10]","[108, 110]",sequential,chance,chance,"[1.0, 1.0]","[0.5, 1.0]","[0.5, 1.0]","[0.5, 1.0]","[0.375, 0.0]","[0.625, 0.0]",[[0]],[[1]],[[2]],"(0, 12)","(12, 21)","(12, 21)",{},{},{},"['A', 'B']",[],[],0,0,1,1,1,4,A,,,,,,,B,,,,,"{'rtype': 'select-node', 'rtimedn': 29.52, 'rtimeup': 29.52}",,,,,,,"{'rtype': 'select-node', 'rtimedn': 50.723, 'rtimeup': 50.723}",,,,
,,21,1,12,1733251429,BDG-191-2342,TREE-1.2-0.0-0.0,"['ad7f710d-dc9b-456e-8980-ec62de2a1005', '831b4607-e88d-4b93-9fbf-81dde8a6737d']","['participant', 'participant']","['dent-square', 'teardrop']","['hsla(140, 73%, 56%, 1.0)', 'hsla(178, 98%, 43%, 1.0)']","[[1.0, 0.12600370599135272], [0.12600370599135272, 1.0]]","{0: '', 1: 'A', 2: 'B'}",,2,after,"[True, True]","{'max': 21, 'min': 21, 'avg': 21.0, 'root': 12}","[-10, -10]","[120, 132]",sequential,chance,chance,"[1.0, 1.0]","[0.5, 1.0]","[0.5, 1.0]","[0.5, 1.0]","[0.625, 0.0]","[0.375, 0.0]",[[0]],[[1]],[[2]],"(0, 12)","(12, 21)","(12, 21)",{},{},{},"['A', 'B']",[],[],0,0,2,3,4,2,B,,,,,,,B,,,,,"{'rtype': 'select-node', 'rtimedn': 51.386, 'rtimeup': 51.386}",,,,,,,"{'rtype': 'select-node', 'rtimedn': 50.847, 'rtimeup': 50.847}",,,,
,,21,2,12,1733251427,BDG-556-5322,TREE-1.2-0.0-0.0,"['59de595f-b530-4657-8c64-5f4a011bedca', 'ab497966-2b5f-49be-b99b-c5665902d78d']","['participant', 'participant']","['hour-glass', 'flower']","['hsla(1, 69%, 63%, 1.0)', 'hsla(17, 90%, 46%, 1.0)']","[[1.0, 0.14576899320568254], [0.14576899320568254, 1.0]]","{0: '', 1: 'A', 2: 'B'}",,1,after,"[True, True]","{'max': 21, 'min': 21, 'avg': 21.0, 'root': 12}","[-10, -10]","[142, 148]",sequential,chance,chance,"[1.0, 1.0]","[0.5, 1.0]","[0.5, 1.0]","[0.5, 1.0]","[0.625, 0.0]","[0.375, 0.0]",[[0]],[[1]],[[2]],"(0, 12)","(12, 21)","(12, 21)",{},{},{},"['A', 'B']",[],[],0,0,5,3,2,2,A,,,,,,,A,,,,,"{'rtype': 'select-node', 'rtimedn': 52.032, 'rtimeup': 52.032}",,,,,,,"{'rtype': 'select-node', 'rtimedn': 50.572, 'rtimeup': 50.572}",,,,
,,21,3,12,1733251428,BDG-238-2534,TREE-1.2-0.0-0.0,"['465cf7c4-e12a-4092-8dbe-d9da0578db63', 'af7365d7-bf9f-4f1b-a07c-fe9639bb7735']","['participant', 'robot']","['jagged-sun', 'dent-square']","['hsla(194, 64%, 63%, 1.0)', 'hsla(143, 94%, 62%, 1.0)']","[[1.0, 0.08554663372452133], [0.08554663372452133, 1.0]]","{0: '', 1: 'A', 2: 'B'}",,2,after,"[True, False]","{'max': 21, 'min': 21, 'avg': 21.0, 'root': 12}","[-10, 0]","[126, 117]",sequential,chance,chance,"[1.0, 1.0]","[0.5, 1.0]","[0.5, 1.0]","[0.5, 1.0]","[0.375, 0.0]","[0.625, 0.0]",[[0]],[[1]],[[2]],"(0, 12)","(12, 21)","(12, 21)",{},{},{},"['A', 'B']",[],[],0,0,2,5,3,4,B,,,,,,,B,,,,,"{'rtype': 'select-node', 'rtimedn': 51.484, 'rtimeup': 51.484}",,,,,,,"{'rtype': 'a', 'rtimedn': 6.125, 'rtimeup': 7.692}",,,,
,,22,0,12,1733251445,BDG-206-2422,TREE-1.2-0.0-0.0,"['65a66864-4e73-4e0b-81f3-d96191245fdb', '59de595f-b530-4657-8c64-5f4a011bedca']","['participant', 'participant']","['flower', 'hour-glass']","['hsla(225, 90%, 44%, 1.0)', 'hsla(1, 69%, 63%, 1.0)']","[[1.0, 0.2195799876466955], [0.2195799876466955, 1.0]]","{0: '', 1: 'A', 2: 'B'}",,1,after,"[True, True]","{'max': 21, 'min': 21, 'avg': 21.0, 'root': 12}","[-10, -10]","[108, 142]",sequential,chance,chance,"[1.0, 1.0]","[0.5, 1.0]","[0.5, 1.0]","[0.5, 1.0]","[0.625, 0.0]","[0.375, 0.0]",[[0]],[[1]],[[2]],"(0, 12)","(12, 21)","(12, 21)",{},{},{},"['A', 'B']",[],[],0,0,2,4,2,2,A,,,,,,,A,,,,,"{'rtype': 'select-node', 'rtimedn': 30.936, 'rtimeup': 30.936}",,,,,,,"{'rtype': 'select-node', 'rtimedn': 53.217, 'rtimeup': 53.217}",,,,
,,22,1,12,1733251439,BDG-473-4454,TREE-1.2-0.0-0.0,"['af7365d7-bf9f-4f1b-a07c-fe9639bb7735', 'ab497966-2b5f-49be-b99b-c5665902d78d']","['robot', 'participant']","['dent-square', 'flower']","['hsla(143, 94%, 62%, 1.0)', 'hsla(17, 90%, 46%, 1.0)']","[[1.0, 0.2195799876466955], [0.2195799876466955, 1.0]]","{0: '', 1: 'A', 2: 'B'}",,1,after,"[False, True]","{'max': 21, 'min': 21, 'avg': 21.0, 'root': 12}","[0, -10]","[117, 148]",sequential,chance,chance,"[1.0, 1.0]","[0.5, 1.0]","[0.5, 1.0]","[0.5, 1.0]","[0.625, 0.0]","[0.375, 0.0]",[[0]],[[1]],[[2]],"(0, 12)","(12, 21)","(12, 21)",{},{},{},"['A', 'B']",[],[],0,0,4,4,5,4,A,,,,,,,B,,,,,"{'rtype': 'a', 'rtimedn': 5.321, 'rtimeup': 8.44}",,,,,,,"{'rtype': 'select-node', 'rtimedn': 51.733, 'rtimeup': 51.733}",,,,
,,22,2,12,1733251439,BDG-285-3231,TREE-1.2-0.0-0.0,"['465cf7c4-e12a-4092-8dbe-d9da0578db63', 'ad7f710d-dc9b-456e-8980-ec62de2a1005']","['participant', 'participant']","['jagged-sun', 'dent-square']","['hsla(194, 64%, 63%, 1.0)', 'hsla(140, 73%, 56%, 1.0)']","[[1.0, 0.14576899320568254], [0.14576899320568254, 1.0]]","{0: '', 1: 'A', 2: 'B'}",,1,after,"[True, True]","{'max': 21, 'min': 21, 'avg': 21.0, 'root': 12}","[-10, -10]","[126, 120]",sequential,chance,chance,"[1.0, 1.0]","[0.5, 1.0]","[0.5, 1.0]","[0.5, 1.0]","[0.375, 0.0]","[0.625, 0.0]",[[0]],[[1]],[[2]],"(0, 12)","(12, 21)","(12, 21)",{},{},{},"['A', 'B']",[],[],0,0,3,2,3,1,A,,,,,,,A,,,,,"{'rtype': 'select-node', 'rtimedn': 52.493, 'rtimeup': 52.493}",,,,,,,"{'rtype': 'select-node', 'rtimedn': 52.383, 'rtimeup': 52.383}",,,,
,,22,3,12,1733251443,BDG-258-3124,TREE-1.2-0.0-0.0,"['831b4607-e88d-4b93-9fbf-81dde8a6737d', '9c620637-9e65-4bc5-9b31-6c412bf03294']","['participant', 'participant']","['teardrop', 'dodecagon']","['hsla(178, 98%, 43%, 1.0)', 'hsla(95, 77%, 54%, 1.0)']","[[1.0, 0.08554663372452133], [0.08554663372452133, 1.0]]","{0: '', 1: 'A', 2: 'B'}",,1,after,"[True, True]","{'max': 21, 'min': 21, 'avg': 21.0, 'root': 12}","[-10, -10]","[132, 110]",sequential,chance,chance,"[1.0, 1.0]","[0.5, 1.0]","[0.5, 1.0]","[0.5, 1.0]","[0.375, 0.0]","[0.625, 0.0]",[[0]],[[1]],[[2]],"(0, 12)","(12, 21)","(12, 21)",{},{},{},"['A', 'B']",[],[],0,0,3,1,2,4,A,,,,,,,A,,,,,"{'rtype': 'select-node', 'rtimedn': 51.869, 'rtimeup': 51.869}",,,,,,,"{'rtype': 'select-node', 'rtimedn': 52.339, 'rtimeup': 52.339}",,,,
,,23,0,12,1733251454,BDG-595-5451,TREE-1.2-0.0-0.0,"['9c620637-9e65-4bc5-9b31-6c412bf03294', 'ad7f710d-dc9b-456e-8980-ec62de2a1005']","['participant', 'participant']","['dodecagon', 'dent-square']","['hsla(95, 77%, 54%, 1.0)', 'hsla(140, 73%, 56%, 1.0)']","[[1.0, 0.2195799876466955], [0.2195799876466955, 1.0]]","{0: '', 1: 'A', 2: 'B'}",,2,after,"[True, True]","{'max': 21, 'min': 21, 'avg': 21.0, 'root': 12}","[-10, -10]","[110, 120]",sequential,chance,chance,"[1.0, 1.0]","[0.5, 1.0]","[0.5, 1.0]","[0.5, 1.0]","[0.625, 0.0]","[0.375, 0.0]",[[0]],[[1]],[[2]],"(0, 12)","(12, 21)","(12, 21)",{},{},{},"['A', 'B']",[],[],0,0,5,4,5,1,B,,,,,,,A,,,,,"{'rtype': 'select-node', 'rtimedn': 53.407, 'rtimeup': 53.407}",,,,,,,"{'rtype': 'select-node', 'rtimedn': 53.945, 'rtimeup': 53.945}",,,,
,,23,1,12,1733251453,BDG-013-1134,TREE-1.2-0.0-0.0,"['65a66864-4e73-4e0b-81f3-d96191245fdb', '831b4607-e88d-4b93-9fbf-81dde8a6737d']","['participant', 'participant']","['flower', 'teardrop']","['hsla(225, 90%, 44%, 1.0)', 'hsla(178, 98%, 43%, 1.0)']","[[1.0, 0.16213712168004946], [0.16213712168004946, 1.0]]","{0: '', 1: 'A', 2: 'B'}",,2,after,"[True, True]","{'max': 21, 'min': 21, 'avg': 21.0, 'root': 12}","[-10, -10]","[108, 132]",sequential,chance,chance,"[1.0, 1.0]","[0.5, 1.0]","[0.5, 1.0]","[0.5, 1.0]","[0.625, 0.0]","[0.375, 0.0]",[[0]],[[1]],[[2]],"(0, 12)","(12, 21)","(12, 21)",{},{},{},"['A', 'B']",[],[],0,0,1,1,3,4,B,,,,,,,B,,,,,"{'rtype': 'select-node', 'rtimedn': 31.654, 'rtimeup': 31.654}",,,,,,,"{'rtype': 'select-node', 'rtimedn': 53.268, 'rtimeup': 53.268}",,,,
,,23,2,12,1733251453,BDG-396-4152,TREE-1.2-0.0-0.0,"['59de595f-b530-4657-8c64-5f4a011bedca', '465cf7c4-e12a-4092-8dbe-d9da0578db63']","['participant', 'participant']","['hour-glass', 'jagged-sun']","['hsla(1, 69%, 63%, 1.0)', 'hsla(194, 64%, 63%, 1.0)']","[[1.0, 0.2523162445954293], [0.2523162445954293, 1.0]]","{0: '', 1: 'A', 2: 'B'}",,2,after,"[True, True]","{'max': 21, 'min': 21, 'avg': 21.0, 'root': 12}","[-10, -10]","[142, 126]",sequential,chance,chance,"[1.0, 1.0]","[0.5, 1.0]","[0.5, 1.0]","[0.5, 1.0]","[0.375, 0.0]","[0.625, 0.0]",[[0]],[[1]],[[2]],"(0, 12)","(12, 21)","(12, 21)",{},{},{},"['A', 'B']",[],[],0,0,4,1,5,2,B,,,,,,,B,,,,,"{'rtype': 'select-node', 'rtimedn': 54.581, 'rtimeup': 54.581}",,,,,,,"{'rtype': 'select-node', 'rtimedn': 53.936, 'rtimeup': 53.936}",,,,
,,23,3,12,1733251453,BDG-126-2112,TREE-1.2-0.0-0.0,"['ab497966-2b5f-49be-b99b-c5665902d78d', 'af7365d7-bf9f-4f1b-a07c-fe9639bb7735']","['participant', 'robot']","['flower', 'dent-square']","['hsla(17, 90%, 46%, 1.0)', 'hsla(143, 94%, 62%, 1.0)']","[[1.0, 0.2195799876466955], [0.2195799876466955, 1.0]]","{0: '', 1: 'A', 2: 'B'}",,1,after,"[True, False]","{'max': 21, 'min': 21, 'avg': 21.0, 'root': 12}","[-10, 0]","[148, 117]",sequential,chance,chance,"[1.0, 1.0]","[0.5, 1.0]","[0.5, 1.0]","[0.5, 1.0]","[0.375, 0.0]","[0.625, 0.0]",[[0]],[[1]],[[2]],"(0, 12)","(12, 21)","(12, 21)",{},{},{},"['A', 'B']",[],[],0,0,2,1,1,2,A,,,,,,,A,,,,,"{'rtype': 'select-node', 'rtimedn': 53.192, 'rtimeup': 53.192}",,,,,,,"{'rtype': 'd', 'rtimedn': 8.605, 'rtimeup': 9.631}",,,,
,,24,0,12,1733251464,BDG-280-3221,TREE-1.2-0.0-0.0,"['af7365d7-bf9f-4f1b-a07c-fe9639bb7735', '831b4607-e88d-4b93-9fbf-81dde8a6737d']","['robot', 'participant']","['dent-square', 'teardrop']","['hsla(143, 94%, 62%, 1.0)', 'hsla(178, 98%, 43%, 1.0)']","[[1.0, 0.14576899320568254], [0.14576899320568254, 1.0]]","{0: '', 1: 'A', 2: 'B'}",,2,after,"[False, True]","{'max': 21, 'min': 21, 'avg': 21.0, 'root': 12}","[0, -10]","[117, 132]",sequential,chance,chance,"[1.0, 1.0]","[0.5, 1.0]","[0.5, 1.0]","[0.5, 1.0]","[0.625, 0.0]","[0.375, 0.0]",[[0]],[[1]],[[2]],"(0, 12)","(12, 21)","(12, 21)",{},{},{},"['A', 'B']",[],[],0,0,3,2,2,1,B,,,,,,,A,,,,,"{'rtype': 'd', 'rtimedn': 1.059, 'rtimeup': 1.574}",,,,,,,"{'rtype': 'select-node', 'rtimedn': 54.348, 'rtimeup': 54.348}",,,,
,,24,1,12,1733251462,BDG-244-2545,TREE-1.2-0.0-0.0,"['65a66864-4e73-4e0b-81f3-d96191245fdb', '59de595f-b530-4657-8c64-5f4a011bedca']","['participant', 'participant']","['flower', 'hour-glass']","['hsla(225, 90%, 44%, 1.0)', 'hsla(1, 69%, 63%, 1.0)']","[[1.0, 0.2195799876466955], [0.2195799876466955, 1.0]]","{0: '', 1: 'A', 2: 'B'}",,1,after,"[True, True]","{'max': 21, 'min': 21, 'avg': 21.0, 'root': 12}","[-10, -10]","[108, 142]",sequential,chance,chance,"[1.0, 1.0]","[0.5, 1.0]","[0.5, 1.0]","[0.5, 1.0]","[0.625, 0.0]","[0.375, 0.0]",[[0]],[[1]],[[2]],"(0, 12)","(12, 21)","(12, 21)",{},{},{},"['A', 'B']",[],[],0,0,2,5,4,5,A,,,,,,,A,,,,,"{'rtype': 'select-node', 'rtimedn': 32.682, 'rtimeup': 32.682}",,,,,,,"{'rtype': 'select-node', 'rtimedn': 55.467, 'rtimeup': 55.467}",,,,
,,24,2,12,1733251469,BDG-315-3341,TREE-1.2-0.0-0.0,"['ab497966-2b5f-49be-b99b-c5665902d78d', '9c620637-9e65-4bc5-9b31-6c412bf03294']","['participant', 'participant']","['flower', 'dodecagon']","['hsla(17, 90%, 46%, 1.0)', 'hsla(95, 77%, 54%, 1.0)']","[[1.0, 0.12600370599135272], [0.12600370599135272, 1.0]]","{0: '', 1: 'A', 2: 'B'}",,2,after,"[True, True]","{'max': 21, 'min': 21, 'avg': 21.0, 'root': 12}","[-10, -10]","[148, 110]",sequential,chance,chance,"[1.0, 1.0]","[0.5, 1.0]","[0.5, 1.0]","[0.5, 1.0]","[0.625, 0.0]","[0.375, 0.0]",[[0]],[[1]],[[2]],"(0, 12)","(12, 21)","(12, 21)",{},{},{},"['A', 'B']",[],[],0,0,3,3,4,1,B,,,,,,,A,,,,,"{'rtype': 'select-node', 'rtimedn': 54.059, 'rtimeup': 54.059}",,,,,,,"{'rtype': 'select-node', 'rtimedn': 54.858, 'rtimeup': 54.858}",,,,
,,24,3,12,1733251468,BDG-418-4244,TREE-1.2-0.0-0.0,"['ad7f710d-dc9b-456e-8980-ec62de2a1005', '465cf7c4-e12a-4092-8dbe-d9da0578db63']","['participant', 'participant']","['dent-square', 'jagged-sun']","['hsla(140, 73%, 56%, 1.0)', 'hsla(194, 64%, 63%, 1.0)']","[[1.0, 0.14576899320568254], [0.14576899320568254, 1.0]]","{0: '', 1: 'A', 2: 'B'}",,2,after,"[True, True]","{'max': 21, 'min': 21, 'avg': 21.0, 'root': 12}","[-10, -10]","[120, 126]",sequential,chance,chance,"[1.0, 1.0]","[0.5, 1.0]","[0.5, 1.0]","[0.5, 1.0]","[0.375, 0.0]","[0.625, 0.0]",[[0]],[[1]],[[2]],"(0, 12)","(12, 21)","(12, 21)",{},{},{},"['A', 'B']",[],[],0,0,4,2,4,4,B,,,,,,,A,,,,,"{'rtype': 'select-node', 'rtimedn': 54.711, 'rtimeup': 54.711}",,,,,,,"{'rtype': 'select-node', 'rtimedn': 55.512, 'rtimeup': 55.512}",,,,
,,25,0,12,1733251477,BDG-072-1353,TREE-1.2-0.0-0.0,"['831b4607-e88d-4b93-9fbf-81dde8a6737d', 'ab497966-2b5f-49be-b99b-c5665902d78d']","['participant', 'participant']","['teardrop', 'flower']","['hsla(178, 98%, 43%, 1.0)', 'hsla(17, 90%, 46%, 1.0)']","[[1.0, 0.2523162445954293], [0.2523162445954293, 1.0]]","{0: '', 1: 'A', 2: 'B'}",,2,after,"[True, True]","{'max': 21, 'min': 21, 'avg': 21.0, 'root': 12}","[-10, -10]","[132, 148]",sequential,chance,chance,"[1.0, 1.0]","[0.5, 1.0]","[0.5, 1.0]","[0.5, 1.0]","[0.375, 0.0]","[0.625, 0.0]",[[0]],[[1]],[[2]],"(0, 12)","(12, 21)","(12, 21)",{},{},{},"['A', 'B']",[],[],0,0,1,3,5,3,B,,,,,,,B,,,,,"{'rtype': 'select-node', 'rtimedn': 55.62, 'rtimeup': 55.62}",,,,,,,"{'rtype': 'select-node', 'rtimedn': 55.484, 'rtimeup': 55.484}",,,,
,,25,1,12,1733251478,BDG-025-1211,TREE-1.2-0.0-0.0,"['465cf7c4-e12a-4092-8dbe-d9da0578db63', '59de595f-b530-4657-8c64-5f4a011bedca']","['participant', 'participant']","['jagged-sun', 'hour-glass']","['hsla(194, 64%, 63%, 1.0)', 'hsla(1, 69%, 63%, 1.0)']","[[1.0, 0.2523162445954293], [0.2523162445954293, 1.0]]","{0: '', 1: 'A', 2: 'B'}",,1,after,"[True, True]","{'max': 21, 'min': 21, 'avg': 21.0, 'root': 12}","[-10, -10]","[126, 142]",sequential,chance,chance,"[1.0, 1.0]","[0.5, 1.0]","[0.5, 1.0]","[0.5, 1.0]","[0.375, 0.0]","[0.625, 0.0]",[[0]],[[1]],[[2]],"(0, 12)","(12, 21)","(12, 21)",{},{},{},"['A', 'B']",[],[],0,0,1,2,1,1,A,,,,,,,A,,,,,"{'rtype': 'select-node', 'rtimedn': 56.417, 'rtimeup': 56.417}",,,,,,,"{'rtype': 'select-node', 'rtimedn': 57.077, 'rtimeup': 57.077}",,,,
,,25,2,12,1733251478,BDG-192-2343,TREE-1.2-0.0-0.0,"['ad7f710d-dc9b-456e-8980-ec62de2a1005', '9c620637-9e65-4bc5-9b31-6c412bf03294']","['participant', 'participant']","['dent-square', 'dodecagon']","['hsla(140, 73%, 56%, 1.0)', 'hsla(95, 77%, 54%, 1.0)']","[[1.0, 0.2195799876466955], [0.2195799876466955, 1.0]]","{0: '', 1: 'A', 2: 'B'}",,2,after,"[True, True]","{'max': 21, 'min': 21, 'avg': 21.0, 'root': 12}","[-10, -10]","[120, 110]",sequential,chance,chance,"[1.0, 1.0]","[0.5, 1.0]","[0.5, 1.0]","[0.5, 1.0]","[0.375, 0.0]","[0.625, 0.0]",[[0]],[[1]],[[2]],"(0, 12)","(12, 21)","(12, 21)",{},{},{},"['A', 'B']",[],[],0,0,2,3,4,3,B,,,,,,,A,,,,,"{'rtype': 'select-node', 'rtimedn': 56.189, 'rtimeup': 56.189}",,,,,,,"{'rtype': 'select-node', 'rtimedn': 55.853, 'rtimeup': 55.853}",,,,
,,25,3,12,1733251475,BDG-247-2553,TREE-1.2-0.0-0.0,"['65a66864-4e73-4e0b-81f3-d96191245fdb', 'af7365d7-bf9f-4f1b-a07c-fe9639bb7735']","['participant', 'robot']","['flower', 'dent-square']","['hsla(225, 90%, 44%, 1.0)', 'hsla(143, 94%, 62%, 1.0)']","[[1.0, 0.008647313156269303], [0.008647313156269303, 1.0]]","{0: '', 1: 'A', 2: 'B'}",,1,after,"[True, False]","{'max': 21, 'min': 21, 'avg': 21.0, 'root': 12}","[-10, 0]","[108, 117]",sequential,chance,chance,"[1.0, 1.0]","[0.5, 1.0]","[0.5, 1.0]","[0.5, 1.0]","[0.375, 0.0]","[0.625, 0.0]",[[0]],[[1]],[[2]],"(0, 12)","(12, 21)","(12, 21)",{},{},{},"['A', 'B']",[],[],0,0,2,5,5,3,A,,,,,,,B,,,,,"{'rtype': 'select-node', 'rtimedn': 33.959, 'rtimeup': 33.959}",,,,,,,"{'rtype': 'd', 'rtimedn': 1.977, 'rtimeup': 3.94}",,,,
,,26,0,12,1733251487,BDG-286-3232,TREE-1.2-0.0-0.0,"['af7365d7-bf9f-4f1b-a07c-fe9639bb7735', '465cf7c4-e12a-4092-8dbe-d9da0578db63']","['robot', 'participant']","['dent-square', 'jagged-sun']","['hsla(143, 94%, 62%, 1.0)', 'hsla(194, 64%, 63%, 1.0)']","[[1.0, 0.08554663372452133], [0.08554663372452133, 1.0]]","{0: '', 1: 'A', 2: 'B'}",,2,after,"[False, True]","{'max': 21, 'min': 21, 'avg': 21.0, 'root': 12}","[0, -10]","[117, 126]",sequential,chance,chance,"[1.0, 1.0]","[0.5, 1.0]","[0.5, 1.0]","[0.5, 1.0]","[0.375, 0.0]","[0.625, 0.0]",[[0]],[[1]],[[2]],"(0, 12)","(12, 21)","(12, 21)",{},{},{},"['A', 'B']",[],[],0,0,3,2,3,2,B,,,,,,,A,,,,,"{'rtype': 'a', 'rtimedn': 1.594, 'rtimeup': 2.062}",,,,,,,"{'rtype': 'select-node', 'rtimedn': 57.351, 'rtimeup': 57.351}",,,,
,,26,1,12,1733251488,BDG-188-2334,TREE-1.2-0.0-0.0,"['ad7f710d-dc9b-456e-8980-ec62de2a1005', '65a66864-4e73-4e0b-81f3-d96191245fdb']","['participant', 'participant']","['dent-square', 'flower']","['hsla(140, 73%, 56%, 1.0)', 'hsla(225, 90%, 44%, 1.0)']","[[1.0, 0.2523162445954293], [0.2523162445954293, 1.0]]","{0: '', 1: 'A', 2: 'B'}",,2,after,"[True, True]","{'max': 21, 'min': 21, 'avg': 21.0, 'root': 12}","[-10, -10]","[120, 108]",sequential,chance,chance,"[1.0, 1.0]","[0.5, 1.0]","[0.5, 1.0]","[0.5, 1.0]","[0.625, 0.0]","[0.375, 0.0]",[[0]],[[1]],[[2]],"(0, 12)","(12, 21)","(12, 21)",{},{},{},"['A', 'B']",[],[],0,0,2,3,3,4,B,,,,,,,B,,,,,"{'rtype': 'select-node', 'rtimedn': 57.198, 'rtimeup': 57.198}",,,,,,,"{'rtype': 'select-node', 'rtimedn': 35.208, 'rtimeup': 35.208}",,,,
,,26,2,12,1733251488,BDG-101-1512,TREE-1.2-0.0-0.0,"['9c620637-9e65-4bc5-9b31-6c412bf03294', 'ab497966-2b5f-49be-b99b-c5665902d78d']","['participant', 'participant']","['dodecagon', 'flower']","['hsla(95, 77%, 54%, 1.0)', 'hsla(17, 90%, 46%, 1.0)']","[[1.0, 0.12600370599135272], [0.12600370599135272, 1.0]]","{0: '', 1: 'A', 2: 'B'}",,1,after,"[True, True]","{'max': 21, 'min': 21, 'avg': 21.0, 'root': 12}","[-10, -10]","[110, 148]",sequential,chance,chance,"[1.0, 1.0]","[0.5, 1.0]","[0.5, 1.0]","[0.5, 1.0]","[0.375, 0.0]","[0.625, 0.0]",[[0]],[[1]],[[2]],"(0, 12)","(12, 21)","(12, 21)",{},{},{},"['A', 'B']",[],[],0,0,1,5,1,2,A,,,,,,,A,,,,,"{'rtype': 'select-node', 'rtimedn': 56.767, 'rtimeup': 56.767}",,,,,,,"{'rtype': 'select-node', 'rtimedn': 56.624, 'rtimeup': 56.624}",,,,
,,26,3,12,1733251488,BDG-623-5554,TREE-1.2-0.0-0.0,"['59de595f-b530-4657-8c64-5f4a011bedca', '831b4607-e88d-4b93-9fbf-81dde8a6737d']","['participant', 'participant']","['hour-glass', 'teardrop']","['hsla(1, 69%, 63%, 1.0)', 'hsla(178, 98%, 43%, 1.0)']","[[1.0, 0.008647313156269303], [0.008647313156269303, 1.0]]","{0: '', 1: 'A', 2: 'B'}",,1,after,"[True, True]","{'max': 21, 'min': 21, 'avg': 21.0, 'root': 12}","[-10, -10]","[142, 132]",sequential,chance,chance,"[1.0, 1.0]","[0.5, 1.0]","[0.5, 1.0]","[0.5, 1.0]","[0.375, 0.0]","[0.625, 0.0]",[[0]],[[1]],[[2]],"(0, 12)","(12, 21)","(12, 21)",{},{},{},"['A', 'B']",[],[],0,0,5,5,5,4,A,,,,,,,A,,,,,"{'rtype': 'select-node', 'rtimedn': 58.097, 'rtimeup': 58.097}",,,,,,,"{'rtype': 'select-node', 'rtimedn': 56.652, 'rtimeup': 56.652}",,,,
,,27,0,12,1733251496,BDG-144-2145,TREE-1.2-0.0-0.0,"['465cf7c4-e12a-4092-8dbe-d9da0578db63', '59de595f-b530-4657-8c64-5f4a011bedca']","['participant', 'participant']","['jagged-sun', 'hour-glass']","['hsla(194, 64%, 63%, 1.0)', 'hsla(1, 69%, 63%, 1.0)']","[[1.0, 0.2523162445954293], [0.2523162445954293, 1.0]]","{0: '', 1: 'A', 2: 'B'}",,2,after,"[True, True]","{'max': 21, 'min': 21, 'avg': 21.0, 'root': 12}","[-10, -10]","[126, 142]",sequential,chance,chance,"[1.0, 1.0]","[0.5, 1.0]","[0.5, 1.0]","[0.5, 1.0]","[0.625, 0.0]","[0.375, 0.0]",[[0]],[[1]],[[2]],"(0, 12)","(12, 21)","(12, 21)",{},{},{},"['A', 'B']",[],[],0,0,2,1,4,5,B,,,,,,,B,,,,,"{'rtype': 'select-node', 'rtimedn': 58.3, 'rtimeup': 58.3}",,,,,,,"{'rtype': 'select-node', 'rtimedn': 58.912, 'rtimeup': 58.912}",,,,
,,27,1,12,1733251499,BDG-466-4442,TREE-1.2-0.0-0.0,"['af7365d7-bf9f-4f1b-a07c-fe9639bb7735', '9c620637-9e65-4bc5-9b31-6c412bf03294']","['robot', 'participant']","['dent-square', 'dodecagon']","['hsla(143, 94%, 62%, 1.0)', 'hsla(95, 77%, 54%, 1.0)']","[[1.0, 0.2523162445954293], [0.2523162445954293, 1.0]]","{0: '', 1: 'A', 2: 'B'}",,2,after,"[False, True]","{'max': 21, 'min': 21, 'avg': 21.0, 'root': 12}","[0, -10]","[117, 110]",sequential,chance,chance,"[1.0, 1.0]","[0.5, 1.0]","[0.5, 1.0]","[0.5, 1.0]","[0.625, 0.0]","[0.375, 0.0]",[[0]],[[1]],[[2]],"(0, 12)","(12, 21)","(12, 21)",{},{},{},"['A', 'B']",[],[],0,0,4,4,4,2,B,,,,,,,A,,,,,"{'rtype': 'd', 'rtimedn': 8.02, 'rtimeup': 8.869}",,,,,,,"{'rtype': 'select-node', 'rtimedn': 57.893, 'rtimeup': 57.893}",,,,
,,27,2,12,1733251497,BDG-372-3553,TREE-1.2-0.0-0.0,"['ad7f710d-dc9b-456e-8980-ec62de2a1005', '65a66864-4e73-4e0b-81f3-d96191245fdb']","['participant', 'participant']","['dent-square', 'flower']","['hsla(140, 73%, 56%, 1.0)', 'hsla(225, 90%, 44%, 1.0)']","[[1.0, 0.2523162445954293], [0.2523162445954293, 1.0]]","{0: '', 1: 'A', 2: 'B'}",,2,after,"[True, True]","{'max': 21, 'min': 21, 'avg': 21.0, 'root': 12}","[-10, -10]","[120, 108]",sequential,chance,chance,"[1.0, 1.0]","[0.5, 1.0]","[0.5, 1.0]","[0.5, 1.0]","[0.625, 0.0]","[0.375, 0.0]",[[0]],[[1]],[[2]],"(0, 12)","(12, 21)","(12, 21)",{},{},{},"['A', 'B']",[],[],0,0,3,5,5,3,B,,,,,,,B,,,,,"{'rtype': 'select-node', 'rtimedn': 58.224, 'rtimeup': 58.224}",,,,,,,"{'rtype': 'select-node', 'rtimedn': 36.018, 'rtimeup': 36.018}",,,,
,,27,3,12,1733251499,BDG-118-1544,TREE-1.2-0.0-0.0,"['ab497966-2b5f-49be-b99b-c5665902d78d', '831b4607-e88d-4b93-9fbf-81dde8a6737d']","['participant', 'participant']","['flower', 'teardrop']","['hsla(17, 90%, 46%, 1.0)', 'hsla(178, 98%, 43%, 1.0)']","[[1.0, 0.2523162445954293], [0.2523162445954293, 1.0]]","{0: '', 1: 'A', 2: 'B'}",,2,after,"[True, True]","{'max': 21, 'min': 21, 'avg': 21.0, 'root': 12}","[-10, -10]","[148, 132]",sequential,chance,chance,"[1.0, 1.0]","[0.5, 1.0]","[0.5, 1.0]","[0.5, 1.0]","[0.375, 0.0]","[0.625, 0.0]",[[0]],[[1]],[[2]],"(0, 12)","(12, 21)","(12, 21)",{},{},{},"['A', 'B']",[],[],0,0,1,5,4,4,B,,,,,,,A,,,,,"{'rtype': 'select-node', 'rtimedn': 57.447, 'rtimeup': 57.447}",,,,,,,"{'rtype': 'select-node', 'rtimedn': 57.821, 'rtimeup': 57.821}",,,,
,,28,0,12,1733251506,BDG-092-1443,TREE-1.2-0.0-0.0,"['af7365d7-bf9f-4f1b-a07c-fe9639bb7735', '465cf7c4-e12a-4092-8dbe-d9da0578db63']","['robot', 'participant']","['dent-square', 'jagged-sun']","['hsla(143, 94%, 62%, 1.0)', 'hsla(194, 64%, 63%, 1.0)']","[[1.0, 0.08554663372452133], [0.08554663372452133, 1.0]]","{0: '', 1: 'A', 2: 'B'}",,1,after,"[False, True]","{'max': 21, 'min': 21, 'avg': 21.0, 'root': 12}","[0, -10]","[117, 126]",sequential,chance,chance,"[1.0, 1.0]","[0.5, 1.0]","[0.5, 1.0]","[0.5, 1.0]","[0.625, 0.0]","[0.375, 0.0]",[[0]],[[1]],[[2]],"(0, 12)","(12, 21)","(12, 21)",{},{},{},"['A', 'B']",[],[],0,0,1,4,4,3,A,,,,,,,A,,,,,"{'rtype': 'd', 'rtimedn': 1.458, 'rtimeup': 4.594}",,,,,,,"{'rtype': 'select-node', 'rtimedn': 59.288, 'rtimeup': 59.288}",,,,
,,28,1,12,1733251507,BDG-353-3514,TREE-1.2-0.0-0.0,"['831b4607-e88d-4b93-9fbf-81dde8a6737d', '9c620637-9e65-4bc5-9b31-6c412bf03294']","['participant', 'participant']","['teardrop', 'dodecagon']","['hsla(178, 98%, 43%, 1.0)', 'hsla(95, 77%, 54%, 1.0)']","[[1.0, 0.08554663372452133], [0.08554663372452133, 1.0]]","{0: '', 1: 'A', 2: 'B'}",,1,after,"[True, True]","{'max': 21, 'min': 21, 'avg': 21.0, 'root': 12}","[-10, -10]","[132, 110]",sequential,chance,chance,"[1.0, 1.0]","[0.5, 1.0]","[0.5, 1.0]","[0.5, 1.0]","[0.625, 0.0]","[0.375, 0.0]",[[0]],[[1]],[[2]],"(0, 12)","(12, 21)","(12, 21)",{},{},{},"['A', 'B']",[],[],0,0,3,5,1,4,A,,,,,,,B,,,,,"{'rtype': 'select-node', 'rtimedn': 58.551, 'rtimeup': 58.551}",,,,,,,"{'rtype': 'select-node', 'rtimedn': 58.733, 'rtimeup': 58.733}",,,,
,,28,2,12,1733251507,BDG-544-5245,TREE-1.2-0.0-0.0,"['59de595f-b530-4657-8c64-5f4a011bedca', 'ab497966-2b5f-49be-b99b-c5665902d78d']","['participant', 'participant']","['hour-glass', 'flower']","['hsla(1, 69%, 63%, 1.0)', 'hsla(17, 90%, 46%, 1.0)']","[[1.0, 0.14576899320568254], [0.14576899320568254, 1.0]]","{0: '', 1: 'A', 2: 'B'}",,2,after,"[True, True]","{'max': 21, 'min': 21, 'avg': 21.0, 'root': 12}","[-10, -10]","[142, 148]",sequential,chance,chance,"[1.0, 1.0]","[0.5, 1.0]","[0.5, 1.0]","[0.5, 1.0]","[0.625, 0.0]","[0.375, 0.0]",[[0]],[[1]],[[2]],"(0, 12)","(12, 21)","(12, 21)",{},{},{},"['A', 'B']",[],[],0,0,5,2,4,5,B,,,,,,,A,,,,,"{'rtype': 'select-node', 'rtimedn': 60.052, 'rtimeup': 60.052}",,,,,,,"{'rtype': 'select-node', 'rtimedn': 58.532, 'rtimeup': 58.532}",,,,
,,28,3,12,1733251508,BDG-372-3553,TREE-1.2-0.0-0.0,"['65a66864-4e73-4e0b-81f3-d96191245fdb', 'ad7f710d-dc9b-456e-8980-ec62de2a1005']","['participant', 'participant']","['flower', 'dent-square']","['hsla(225, 90%, 44%, 1.0)', 'hsla(140, 73%, 56%, 1.0)']","[[1.0, 0.2523162445954293], [0.2523162445954293, 1.0]]","{0: '', 1: 'A', 2: 'B'}",,2,after,"[True, True]","{'max': 21, 'min': 21, 'avg': 21.0, 'root': 12}","[-10, -10]","[108, 120]",sequential,chance,chance,"[1.0, 1.0]","[0.5, 1.0]","[0.5, 1.0]","[0.5, 1.0]","[0.625, 0.0]","[0.375, 0.0]",[[0]],[[1]],[[2]],"(0, 12)","(12, 21)","(12, 21)",{},{},{},"['A', 'B']",[],[],0,0,3,5,5,3,B,,,,,,,B,,,,,"{'rtype': 'select-node', 'rtimedn': 37.11, 'rtimeup': 37.11}",,,,,,,"{'rtype': 'select-node', 'rtimedn': 59.303, 'rtimeup': 59.303}",,,,
,,29,0,12,1733251517,BDG-342-3443,TREE-1.2-0.0-0.0,"['59de595f-b530-4657-8c64-5f4a011bedca', 'ad7f710d-dc9b-456e-8980-ec62de2a1005']","['participant', 'participant']","['hour-glass', 'dent-square']","['hsla(1, 69%, 63%, 1.0)', 'hsla(140, 73%, 56%, 1.0)']","[[1.0, 0.08554663372452133], [0.08554663372452133, 1.0]]","{0: '', 1: 'A', 2: 'B'}",,2,after,"[True, True]","{'max': 21, 'min': 21, 'avg': 21.0, 'root': 12}","[-10, -10]","[142, 120]",sequential,chance,chance,"[1.0, 1.0]","[0.5, 1.0]","[0.5, 1.0]","[0.5, 1.0]","[0.625, 0.0]","[0.375, 0.0]",[[0]],[[1]],[[2]],"(0, 12)","(12, 21)","(12, 21)",{},{},{},"['A', 'B']",[],[],0,0,3,4,4,3,B,,,,,,,B,,,,,"{'rtype': 'select-node', 'rtimedn': 60.992, 'rtimeup': 60.992}",,,,,,,"{'rtype': 'select-node', 'rtimedn': 60.099, 'rtimeup': 60.099}",,,,
,,29,1,12,1733251516,BDG-122-1553,TREE-1.2-0.0-0.0,"['af7365d7-bf9f-4f1b-a07c-fe9639bb7735', '9c620637-9e65-4bc5-9b31-6c412bf03294']","['robot', 'participant']","['dent-square', 'dodecagon']","['hsla(143, 94%, 62%, 1.0)', 'hsla(95, 77%, 54%, 1.0)']","[[1.0, 0.2523162445954293], [0.2523162445954293, 1.0]]","{0: '', 1: 'A', 2: 'B'}",,1,after,"[False, True]","{'max': 21, 'min': 21, 'avg': 21.0, 'root': 12}","[0, -10]","[117, 110]",sequential,chance,chance,"[1.0, 1.0]","[0.5, 1.0]","[0.5, 1.0]","[0.5, 1.0]","[0.625, 0.0]","[0.375, 0.0]",[[0]],[[1]],[[2]],"(0, 12)","(12, 21)","(12, 21)",{},{},{},"['A', 'B']",[],[],0,0,1,5,5,3,A,,,,,,,B,,,,,"{'rtype': 'a', 'rtimedn': 0.95, 'rtimeup': 1.577}",,,,,,,"{'rtype': 'select-node', 'rtimedn': 59.655, 'rtimeup': 59.655}",,,,
,,29,2,12,1733251517,BDG-603-5514,TREE-1.2-0.0-0.0,"['831b4607-e88d-4b93-9fbf-81dde8a6737d', 'ab497966-2b5f-49be-b99b-c5665902d78d']","['participant', 'participant']","['teardrop', 'flower']","['hsla(178, 98%, 43%, 1.0)', 'hsla(17, 90%, 46%, 1.0)']","[[1.0, 0.2523162445954293], [0.2523162445954293, 1.0]]","{0: '', 1: 'A', 2: 'B'}",,1,after,"[True, True]","{'max': 21, 'min': 21, 'avg': 21.0, 'root': 12}","[-10, -10]","[132, 148]",sequential,chance,chance,"[1.0, 1.0]","[0.5, 1.0]","[0.5, 1.0]","[0.5, 1.0]","[0.625, 0.0]","[0.375, 0.0]",[[0]],[[1]],[[2]],"(0, 12)","(12, 21)","(12, 21)",{},{},{},"['A', 'B']",[],[],0,0,5,5,1,4,A,,,,,,,A,,,,,"{'rtype': 'select-node', 'rtimedn': 59.598, 'rtimeup': 59.598}",,,,,,,"{'rtype': 'select-node', 'rtimedn': 59.56, 'rtimeup': 59.56}",,,,
,,29,3,12,1733251516,BDG-530-5221,TREE-1.2-0.0-0.0,"['65a66864-4e73-4e0b-81f3-d96191245fdb', '465cf7c4-e12a-4092-8dbe-d9da0578db63']","['participant', 'participant']","['flower', 'jagged-sun']","['hsla(225, 90%, 44%, 1.0)', 'hsla(194, 64%, 63%, 1.0)']","[[1.0, 0.12600370599135272], [0.12600370599135272, 1.0]]","{0: '', 1: 'A', 2: 'B'}",,1,after,"[True, True]","{'max': 21, 'min': 21, 'avg': 21.0, 'root': 12}","[-10, -10]","[108, 126]",sequential,chance,chance,"[1.0, 1.0]","[0.5, 1.0]","[0.5, 1.0]","[0.5, 1.0]","[0.625, 0.0]","[0.375, 0.0]",[[0]],[[1]],[[2]],"(0, 12)","(12, 21)","(12, 21)",{},{},{},"['A', 'B']",[],[],0,0,5,2,2,1,A,,,,,,,A,,,,,"{'rtype': 'select-node', 'rtimedn': 37.984, 'rtimeup': 37.984}",,,,,,,"{'rtype': 'select-node', 'rtimedn': 60.222, 'rtimeup': 60.222}",,,,
,,30,0,12,1733251525,BDG-508-5124,TREE-1.2-0.0-0.0,"['af7365d7-bf9f-4f1b-a07c-fe9639bb7735', '9c620637-9e65-4bc5-9b31-6c412bf03294']","['robot', 'participant']","['dent-square', 'dodecagon']","['hsla(143, 94%, 62%, 1.0)', 'hsla(95, 77%, 54%, 1.0)']","[[1.0, 0.2523162445954293], [0.2523162445954293, 1.0]]","{0: '', 1: 'A', 2: 'B'}",,1,after,"[False, True]","{'max': 21, 'min': 21, 'avg': 21.0, 'root': 12}","[0, -10]","[117, 110]",sequential,chance,chance,"[1.0, 1.0]","[0.5, 1.0]","[0.5, 1.0]","[0.5, 1.0]","[0.625, 0.0]","[0.375, 0.0]",[[0]],[[1]],[[2]],"(0, 12)","(12, 21)","(12, 21)",{},{},{},"['A', 'B']",[],[],0,0,5,1,2,4,A,,,,,,,B,,,,,"{'rtype': 'd', 'rtimedn': 1.379, 'rtimeup': 3.265}",,,,,,,"{'rtype': 'select-node', 'rtimedn': 60.545, 'rtimeup': 60.545}",,,,
,,30,1,12,1733251526,BDG-211-2432,TREE-1.2-0.0-0.0,"['465cf7c4-e12a-4092-8dbe-d9da0578db63', 'ad7f710d-dc9b-456e-8980-ec62de2a1005']","['participant', 'participant']","['jagged-sun', 'dent-square']","['hsla(194, 64%, 63%, 1.0)', 'hsla(140, 73%, 56%, 1.0)']","[[1.0, 0.14576899320568254], [0.14576899320568254, 1.0]]","{0: '', 1: 'A', 2: 'B'}",,2,after,"[True, True]","{'max': 21, 'min': 21, 'avg': 21.0, 'root': 12}","[-10, -10]","[126, 120]",sequential,chance,chance,"[1.0, 1.0]","[0.5, 1.0]","[0.5, 1.0]","[0.5, 1.0]","[0.375, 0.0]","[0.625, 0.0]",[[0]],[[1]],[[2]],"(0, 12)","(12, 21)","(12, 21)",{},{},{},"['A', 'B']",[],[],0,0,2,4,3,2,B,,,,,,,B,,,,,"{'rtype': 'select-node', 'rtimedn': 61.192, 'rtimeup': 61.192}",,,,,,,"{'rtype': 'select-node', 'rtimedn': 61.117, 'rtimeup': 61.117}",,,,
,,30,2,12,1733251526,BDG-028-1214,TREE-1.2-0.0-0.0,"['65a66864-4e73-4e0b-81f3-d96191245fdb', '59de595f-b530-4657-8c64-5f4a011bedca']","['participant', 'participant']","['flower', 'hour-glass']","['hsla(225, 90%, 44%, 1.0)', 'hsla(1, 69%, 63%, 1.0)']","[[1.0, 0.2195799876466955], [0.2195799876466955, 1.0]]","{0: '', 1: 'A', 2: 'B'}",,2,after,"[True, True]","{'max': 21, 'min': 21, 'avg': 21.0, 'root': 12}","[-10, -10]","[108, 142]",sequential,chance,chance,"[1.0, 1.0]","[0.5, 1.0]","[0.5, 1.0]","[0.5, 1.0]","[0.375, 0.0]","[0.625, 0.0]",[[0]],[[1]],[[2]],"(0, 12)","(12, 21)","(12, 21)",{},{},{},"['A', 'B']",[],[],0,0,1,2,1,4,B,,,,,,,B,,,,,"{'rtype': 'select-node', 'rtimedn': 38.878, 'rtimeup': 38.878}",,,,,,,"{'rtype': 'select-node', 'rtimedn': 61.92, 'rtimeup': 61.92}",,,,
,,30,3,12,1733251525,BDG-526-5212,TREE-1.2-0.0-0.0,"['ab497966-2b5f-49be-b99b-c5665902d78d', '831b4607-e88d-4b93-9fbf-81dde8a6737d']","['participant', 'participant']","['flower', 'teardrop']","['hsla(17, 90%, 46%, 1.0)', 'hsla(178, 98%, 43%, 1.0)']","[[1.0, 0.2523162445954293], [0.2523162445954293, 1.0]]","{0: '', 1: 'A', 2: 'B'}",,1,after,"[True, True]","{'max': 21, 'min': 21, 'avg': 21.0, 'root': 12}","[-10, -10]","[148, 132]",sequential,chance,chance,"[1.0, 1.0]","[0.5, 1.0]","[0.5, 1.0]","[0.5, 1.0]","[0.375, 0.0]","[0.625, 0.0]",[[0]],[[1]],[[2]],"(0, 12)","(12, 21)","(12, 21)",{},{},{},"['A', 'B']",[],[],0,0,5,2,1,2,A,,,,,,,A,,,,,"{'rtype': 'select-node', 'rtimedn': 60.353, 'rtimeup': 60.353}",,,,,,,"{'rtype': 'select-node', 'rtimedn': 60.429, 'rtimeup': 60.429}",,,,
,,31,0,12,1733251536,BDG-471-4452,TREE-1.2-0.0-0.0,"['65a66864-4e73-4e0b-81f3-d96191245fdb', '9c620637-9e65-4bc5-9b31-6c412bf03294']","['participant', 'participant']","['flower', 'dodecagon']","['hsla(225, 90%, 44%, 1.0)', 'hsla(95, 77%, 54%, 1.0)']","[[1.0, 0.14576899320568254], [0.14576899320568254, 1.0]]","{0: '', 1: 'A', 2: 'B'}",,2,after,"[True, True]","{'max': 21, 'min': 21, 'avg': 21.0, 'root': 12}","[-10, -10]","[108, 110]",sequential,chance,chance,"[1.0, 1.0]","[0.5, 1.0]","[0.5, 1.0]","[0.5, 1.0]","[0.375, 0.0]","[0.625, 0.0]",[[0]],[[1]],[[2]],"(0, 12)","(12, 21)","(12, 21)",{},{},{},"['A', 'B']",[],[],0,0,4,4,5,2,B,,,,,,,B,,,,,"{'rtype': 'select-node', 'rtimedn': 39.862, 'rtimeup': 39.862}",,,,,,,"{'rtype': 'select-node', 'rtimedn': 61.663, 'rtimeup': 61.663}",,,,
,,31,1,12,1733251534,BDG-576-5412,TREE-1.2-0.0-0.0,"['af7365d7-bf9f-4f1b-a07c-fe9639bb7735', 'ab497966-2b5f-49be-b99b-c5665902d78d']","['robot', 'participant']","['dent-square', 'flower']","['hsla(143, 94%, 62%, 1.0)', 'hsla(17, 90%, 46%, 1.0)']","[[1.0, 0.2195799876466955], [0.2195799876466955, 1.0]]","{0: '', 1: 'A', 2: 'B'}",,1,after,"[False, True]","{'max': 21, 'min': 21, 'avg': 21.0, 'root': 12}","[0, -10]","[117, 148]",sequential,chance,chance,"[1.0, 1.0]","[0.5, 1.0]","[0.5, 1.0]","[0.5, 1.0]","[0.625, 0.0]","[0.375, 0.0]",[[0]],[[1]],[[2]],"(0, 12)","(12, 21)","(12, 21)",{},{},{},"['A', 'B']",[],[],0,0,5,4,1,2,A,,,,,,,A,,,,,"{'rtype': 'a', 'rtimedn': 3.693, 'rtimeup': 7.674}",,,,,,,"{'rtype': 'select-node', 'rtimedn': 61.305, 'rtimeup': 61.305}",,,,
,,31,2,12,1733251535,BDG-353-3514,TREE-1.2-0.0-0.0,"['465cf7c4-e12a-4092-8dbe-d9da0578db63', '59de595f-b530-4657-8c64-5f4a011bedca']","['participant', 'participant']","['jagged-sun', 'hour-glass']","['hsla(194, 64%, 63%, 1.0)', 'hsla(1, 69%, 63%, 1.0)']","[[1.0, 0.2523162445954293], [0.2523162445954293, 1.0]]","{0: '', 1: 'A', 2: 'B'}",,1,after,"[True, True]","{'max': 21, 'min': 21, 'avg': 21.0, 'root': 12}","[-10, -10]","[126, 142]",sequential,chance,chance,"[1.0, 1.0]","[0.5, 1.0]","[0.5, 1.0]","[0.5, 1.0]","[0.625, 0.0]","[0.375, 0.0]",[[0]],[[1]],[[2]],"(0, 12)","(12, 21)","(12, 21)",{},{},{},"['A', 'B']",[],[],0,0,3,5,1,4,A,,,,,,,A,,,,,"{'rtype': 'select-node', 'rtimedn': 62.206, 'rtimeup': 62.206}",,,,,,,"{'rtype': 'select-node', 'rtimedn': 62.787, 'rtimeup': 62.787}",,,,
,,31,3,12,1733251537,BDG-025-1211,TREE-1.2-0.0-0.0,"['ad7f710d-dc9b-456e-8980-ec62de2a1005', '831b4607-e88d-4b93-9fbf-81dde8a6737d']","['participant', 'participant']","['dent-square', 'teardrop']","['hsla(140, 73%, 56%, 1.0)', 'hsla(178, 98%, 43%, 1.0)']","[[1.0, 0.12600370599135272], [0.12600370599135272, 1.0]]","{0: '', 1: 'A', 2: 'B'}",,2,after,"[True, True]","{'max': 21, 'min': 21, 'avg': 21.0, 'root': 12}","[-10, -10]","[120, 132]",sequential,chance,chance,"[1.0, 1.0]","[0.5, 1.0]","[0.5, 1.0]","[0.5, 1.0]","[0.375, 0.0]","[0.625, 0.0]",[[0]],[[1]],[[2]],"(0, 12)","(12, 21)","(12, 21)",{},{},{},"['A', 'B']",[],[],0,0,1,2,1,1,B,,,,,,,A,,,,,"{'rtype': 'select-node', 'rtimedn': 61.993, 'rtimeup': 61.993}",,,,,,,"{'rtype': 'select-node', 'rtimedn': 61.642, 'rtimeup': 61.642}",,,,
,,32,0,12,1733251547,BDG-365-3541,TREE-1.2-0.0-0.0,"['59de595f-b530-4657-8c64-5f4a011bedca', 'ad7f710d-dc9b-456e-8980-ec62de2a1005']","['participant', 'participant']","['hour-glass', 'dent-square']","['hsla(1, 69%, 63%, 1.0)', 'hsla(140, 73%, 56%, 1.0)']","[[1.0, 0.08554663372452133], [0.08554663372452133, 1.0]]","{0: '', 1: 'A', 2: 'B'}",,2,after,"[True, True]","{'max': 21, 'min': 21, 'avg': 21.0, 'root': 12}","[-10, -10]","[142, 120]",sequential,chance,chance,"[1.0, 1.0]","[0.5, 1.0]","[0.5, 1.0]","[0.5, 1.0]","[0.375, 0.0]","[0.625, 0.0]",[[0]],[[1]],[[2]],"(0, 12)","(12, 21)","(12, 21)",{},{},{},"['A', 'B']",[],[],0,0,3,5,4,1,B,,,,,,,A,,,,,"{'rtype': 'select-node', 'rtimedn': 63.908, 'rtimeup': 63.908}",,,,,,,"{'rtype': 'select-node', 'rtimedn': 63.168, 'rtimeup': 63.168}",,,,
,,32,1,12,1733251545,BDG-191-2342,TREE-1.2-0.0-0.0,"['465cf7c4-e12a-4092-8dbe-d9da0578db63', 'ab497966-2b5f-49be-b99b-c5665902d78d']","['participant', 'participant']","['jagged-sun', 'flower']","['hsla(194, 64%, 63%, 1.0)', 'hsla(17, 90%, 46%, 1.0)']","[[1.0, 0.16213712168004946], [0.16213712168004946, 1.0]]","{0: '', 1: 'A', 2: 'B'}",,2,after,"[True, True]","{'max': 21, 'min': 21, 'avg': 21.0, 'root': 12}","[-10, -10]","[126, 148]",sequential,chance,chance,"[1.0, 1.0]","[0.5, 1.0]","[0.5, 1.0]","[0.5, 1.0]","[0.625, 0.0]","[0.375, 0.0]",[[0]],[[1]],[[2]],"(0, 12)","(12, 21)","(12, 21)",{},{},{},"['A', 'B']",[],[],0,0,2,3,4,2,B,,,,,,,B,,,,,"{'rtype': 'select-node', 'rtimedn': 63.128, 'rtimeup': 63.128}",,,,,,,"{'rtype': 'select-node', 'rtimedn': 62.359, 'rtimeup': 62.359}",,,,
,,32,2,12,1733251546,BDG-082-1423,TREE-1.2-0.0-0.0,"['af7365d7-bf9f-4f1b-a07c-fe9639bb7735', '9c620637-9e65-4bc5-9b31-6c412bf03294']","['robot', 'participant']","['dent-square', 'dodecagon']","['hsla(143, 94%, 62%, 1.0)', 'hsla(95, 77%, 54%, 1.0)']","[[1.0, 0.2523162445954293], [0.2523162445954293, 1.0]]","{0: '', 1: 'A', 2: 'B'}",,2,after,"[False, True]","{'max': 21, 'min': 21, 'avg': 21.0, 'root': 12}","[0, -10]","[117, 110]",sequential,chance,chance,"[1.0, 1.0]","[0.5, 1.0]","[0.5, 1.0]","[0.5, 1.0]","[0.625, 0.0]","[0.375, 0.0]",[[0]],[[1]],[[2]],"(0, 12)","(12, 21)","(12, 21)",{},{},{},"['A', 'B']",[],[],0,0,1,4,2,3,B,,,,,,,A,,,,,"{'rtype': 'a', 'rtimedn': 5.35, 'rtimeup': 5.864}",,,,,,,"{'rtype': 'select-node', 'rtimedn': 62.66, 'rtimeup': 62.66}",,,,
,,32,3,12,1733251547,BDG-020-1151,TREE-1.2-0.0-0.0,"['831b4607-e88d-4b93-9fbf-81dde8a6737d', '65a66864-4e73-4e0b-81f3-d96191245fdb']","['participant', 'participant']","['teardrop', 'flower']","['hsla(178, 98%, 43%, 1.0)', 'hsla(225, 90%, 44%, 1.0)']","[[1.0, 0.16213712168004946], [0.16213712168004946, 1.0]]","{0: '', 1: 'A', 2: 'B'}",,2,after,"[True, True]","{'max': 21, 'min': 21, 'avg': 21.0, 'root': 12}","[-10, -10]","[132, 108]",sequential,chance,chance,"[1.0, 1.0]","[0.5, 1.0]","[0.5, 1.0]","[0.5, 1.0]","[0.625, 0.0]","[0.375, 0.0]",[[0]],[[1]],[[2]],"(0, 12)","(12, 21)","(12, 21)",{},{},{},"['A', 'B']",[],[],0,0,1,1,5,1,B,,,,,,,B,,,,,"{'rtype': 'select-node', 'rtimedn': 62.534, 'rtimeup': 62.534}",,,,,,,"{'rtype': 'select-node', 'rtimedn': 41.137, 'rtimeup': 41.137}",,,,
,,33,0,12,1733251556,BDG-486-4532,TREE-1.2-0.0-0.0,"['af7365d7-bf9f-4f1b-a07c-fe9639bb7735', '831b4607-e88d-4b93-9fbf-81dde8a6737d']","['robot', 'participant']","['dent-square', 'teardrop']","['hsla(143, 94%, 62%, 1.0)', 'hsla(178, 98%, 43%, 1.0)']","[[1.0, 0.14576899320568254], [0.14576899320568254, 1.0]]","{0: '', 1: 'A', 2: 'B'}",,2,after,"[False, True]","{'max': 21, 'min': 21, 'avg': 21.0, 'root': 12}","[0, -10]","[117, 132]",sequential,chance,chance,"[1.0, 1.0]","[0.5, 1.0]","[0.5, 1.0]","[0.5, 1.0]","[0.375, 0.0]","[0.625, 0.0]",[[0]],[[1]],[[2]],"(0, 12)","(12, 21)","(12, 21)",{},{},{},"['A', 'B']",[],[],0,0,4,5,3,2,B,,,,,,,A,,,,,"{'rtype': 'a', 'rtimedn': 8.608, 'rtimeup': 9.113}",,,,,,,"{'rtype': 'select-node', 'rtimedn': 63.58, 'rtimeup': 63.58}",,,,
,,33,1,12,1733251557,BDG-029-1215,TREE-1.2-0.0-0.0,"['465cf7c4-e12a-4092-8dbe-d9da0578db63', '59de595f-b530-4657-8c64-5f4a011bedca']","['participant', 'participant']","['jagged-sun', 'hour-glass']","['hsla(194, 64%, 63%, 1.0)', 'hsla(1, 69%, 63%, 1.0)']","[[1.0, 0.2523162445954293], [0.2523162445954293, 1.0]]","{0: '', 1: 'A', 2: 'B'}",,2,after,"[True, True]","{'max': 21, 'min': 21, 'avg': 21.0, 'root': 12}","[-10, -10]","[126, 142]",sequential,chance,chance,"[1.0, 1.0]","[0.5, 1.0]","[0.5, 1.0]","[0.5, 1.0]","[0.375, 0.0]","[0.625, 0.0]",[[0]],[[1]],[[2]],"(0, 12)","(12, 21)","(12, 21)",{},{},{},"['A', 'B']",[],[],0,0,1,2,1,5,B,,,,,,,B,,,,,"{'rtype': 'select-node', 'rtimedn': 64.121, 'rtimeup': 64.121}",,,,,,,"{'rtype': 'select-node', 'rtimedn': 64.997, 'rtimeup': 64.997}",,,,
,,33,2,12,1733251556,BDG-399-4155,TREE-1.2-0.0-0.0,"['65a66864-4e73-4e0b-81f3-d96191245fdb', 'ad7f710d-dc9b-456e-8980-ec62de2a1005']","['participant', 'participant']","['flower', 'dent-square']","['hsla(225, 90%, 44%, 1.0)', 'hsla(140, 73%, 56%, 1.0)']","[[1.0, 0.2523162445954293], [0.2523162445954293, 1.0]]","{0: '', 1: 'A', 2: 'B'}",,2,after,"[True, True]","{'max': 21, 'min': 21, 'avg': 21.0, 'root': 12}","[-10, -10]","[108, 120]",sequential,chance,chance,"[1.0, 1.0]","[0.5, 1.0]","[0.5, 1.0]","[0.5, 1.0]","[0.625, 0.0]","[0.375, 0.0]",[[0]],[[1]],[[2]],"(0, 12)","(12, 21)","(12, 21)",{},{},{},"['A', 'B']",[],[],0,0,4,1,5,5,B,,,,,,,B,,,,,"{'rtype': 'select-node', 'rtimedn': 41.909, 'rtimeup': 41.909}",,,,,,,"{'rtype': 'select-node', 'rtimedn': 64.128, 'rtimeup': 64.128}",,,,
,,33,3,12,1733251556,BDG-542-5243,TREE-1.2-0.0-0.0,"['ab497966-2b5f-49be-b99b-c5665902d78d', '9c620637-9e65-4bc5-9b31-6c412bf03294']","['participant', 'participant']","['flower', 'dodecagon']","['hsla(17, 90%, 46%, 1.0)', 'hsla(95, 77%, 54%, 1.0)']","[[1.0, 0.12600370599135272], [0.12600370599135272, 1.0]]","{0: '', 1: 'A', 2: 'B'}",,1,after,"[True, True]","{'max': 21, 'min': 21, 'avg': 21.0, 'root': 12}","[-10, -10]","[148, 110]",sequential,chance,chance,"[1.0, 1.0]","[0.5, 1.0]","[0.5, 1.0]","[0.5, 1.0]","[0.625, 0.0]","[0.375, 0.0]",[[0]],[[1]],[[2]],"(0, 12)","(12, 21)","(12, 21)",{},{},{},"['A', 'B']",[],[],0,0,5,2,4,3,A,,,,,,,A,,,,,"{'rtype': 'select-node', 'rtimedn': 63.44, 'rtimeup': 63.44}",,,,,,,"{'rtype': 'select-node', 'rtimedn': 63.616, 'rtimeup': 63.616}",,,,
,,34,0,12,1733251565,BDG-505-5121,TREE-1.2-0.0-0.0,"['65a66864-4e73-4e0b-81f3-d96191245fdb', '59de595f-b530-4657-8c64-5f4a011bedca']","['participant', 'participant']","['flower', 'hour-glass']","['hsla(225, 90%, 44%, 1.0)', 'hsla(1, 69%, 63%, 1.0)']","[[1.0, 0.2195799876466955], [0.2195799876466955, 1.0]]","{0: '', 1: 'A', 2: 'B'}",,2,after,"[True, True]","{'max': 21, 'min': 21, 'avg': 21.0, 'root': 12}","[-10, -10]","[108, 142]",sequential,chance,chance,"[1.0, 1.0]","[0.5, 1.0]","[0.5, 1.0]","[0.5, 1.0]","[0.625, 0.0]","[0.375, 0.0]",[[0]],[[1]],[[2]],"(0, 12)","(12, 21)","(12, 21)",{},{},{},"['A', 'B']",[],[],0,0,5,1,2,1,B,,,,,,,A,,,,,"{'rtype': 'select-node', 'rtimedn': 42.939, 'rtimeup': 42.939}",,,,,,,"{'rtype': 'select-node', 'rtimedn': 65.888, 'rtimeup': 65.888}",,,,
,,34,1,12,1733251564,BDG-602-5513,TREE-1.2-0.0-0.0,"['af7365d7-bf9f-4f1b-a07c-fe9639bb7735', 'ad7f710d-dc9b-456e-8980-ec62de2a1005']","['robot', 'participant']","['dent-square', 'dent-square']","['hsla(143, 94%, 62%, 1.0)', 'hsla(140, 73%, 56%, 1.0)']","[[1.0, 0.16213712168004946], [0.16213712168004946, 1.0]]","{0: '', 1: 'A', 2: 'B'}",,1,after,"[False, True]","{'max': 21, 'min': 21, 'avg': 21.0, 'root': 12}","[0, -10]","[117, 120]",sequential,chance,chance,"[1.0, 1.0]","[0.5, 1.0]","[0.5, 1.0]","[0.5, 1.0]","[0.625, 0.0]","[0.375, 0.0]",[[0]],[[1]],[[2]],"(0, 12)","(12, 21)","(12, 21)",{},{},{},"['A', 'B']",[],[],0,0,5,5,1,3,A,,,,,,,A,,,,,"{'rtype': 'a', 'rtimedn': 2.326, 'rtimeup': 2.852}",,,,,,,"{'rtype': 'select-node', 'rtimedn': 64.876, 'rtimeup': 64.876}",,,,
,,34,2,12,1733251565,BDG-105-1521,TREE-1.2-0.0-0.0,"['465cf7c4-e12a-4092-8dbe-d9da0578db63', '831b4607-e88d-4b93-9fbf-81dde8a6737d']","['participant', 'participant']","['jagged-sun', 'teardrop']","['hsla(194, 64%, 63%, 1.0)', 'hsla(178, 98%, 43%, 1.0)']","[[1.0, 0.2195799876466955], [0.2195799876466955, 1.0]]","{0: '', 1: 'A', 2: 'B'}",,1,after,"[True, True]","{'max': 21, 'min': 21, 'avg': 21.0, 'root': 12}","[-10, -10]","[126, 132]",sequential,chance,chance,"[1.0, 1.0]","[0.5, 1.0]","[0.5, 1.0]","[0.5, 1.0]","[0.625, 0.0]","[0.375, 0.0]",[[0]],[[1]],[[2]],"(0, 12)","(12, 21)","(12, 21)",{},{},{},"['A', 'B']",[],[],0,0,1,5,2,1,A,,,,,,,A,,,,,"{'rtype': 'select-node', 'rtimedn': 65.19, 'rtimeup': 65.19}",,,,,,,"{'rtype': 'select-node', 'rtimedn': 64.483, 'rtimeup': 64.483}",,,,
,,34,3,12,1733251566,BDG-424-4255,TREE-1.2-0.0-0.0,"['9c620637-9e65-4bc5-9b31-6c412bf03294', 'ab497966-2b5f-49be-b99b-c5665902d78d']","['participant', 'participant']","['dodecagon', 'flower']","['hsla(95, 77%, 54%, 1.0)', 'hsla(17, 90%, 46%, 1.0)']","[[1.0, 0.12600370599135272], [0.12600370599135272, 1.0]]","{0: '', 1: 'A', 2: 'B'}",,2,after,"[True, True]","{'max': 21, 'min': 21, 'avg': 21.0, 'root': 12}","[-10, -10]","[110, 148]",sequential,chance,chance,"[1.0, 1.0]","[0.5, 1.0]","[0.5, 1.0]","[0.5, 1.0]","[0.375, 0.0]","[0.625, 0.0]",[[0]],[[1]],[[2]],"(0, 12)","(12, 21)","(12, 21)",{},{},{},"['A', 'B']",[],[],0,0,4,2,5,5,B,,,,,,,B,,,,,"{'rtype': 'select-node', 'rtimedn': 64.39, 'rtimeup': 64.39}",,,,,,,"{'rtype': 'select-node', 'rtimedn': 64.428, 'rtimeup': 64.428}",,,,
,,35,0,12,1733251574,BDG-355-3521,TREE-1.2-0.0-0.0,"['ab497966-2b5f-49be-b99b-c5665902d78d', '831b4607-e88d-4b93-9fbf-81dde8a6737d']","['participant', 'participant']","['flower', 'teardrop']","['hsla(17, 90%, 46%, 1.0)', 'hsla(178, 98%, 43%, 1.0)']","[[1.0, 0.2523162445954293], [0.2523162445954293, 1.0]]","{0: '', 1: 'A', 2: 'B'}",,1,after,"[True, True]","{'max': 21, 'min': 21, 'avg': 21.0, 'root': 12}","[-10, -10]","[148, 132]",sequential,chance,chance,"[1.0, 1.0]","[0.5, 1.0]","[0.5, 1.0]","[0.5, 1.0]","[0.625, 0.0]","[0.375, 0.0]",[[0]],[[1]],[[2]],"(0, 12)","(12, 21)","(12, 21)",{},{},{},"['A', 'B']",[],[],0,0,3,5,2,1,A,,,,,,,A,,,,,"{'rtype': 'select-node', 'rtimedn': 65.305, 'rtimeup': 65.305}",,,,,,,"{'rtype': 'select-node', 'rtimedn': 65.336, 'rtimeup': 65.336}",,,,
,,35,1,12,1733251574,BDG-058-1324,TREE-1.2-0.0-0.0,"['af7365d7-bf9f-4f1b-a07c-fe9639bb7735', '59de595f-b530-4657-8c64-5f4a011bedca']","['robot', 'participant']","['dent-square', 'hour-glass']","['hsla(143, 94%, 62%, 1.0)', 'hsla(1, 69%, 63%, 1.0)']","[[1.0, 0.12600370599135272], [0.12600370599135272, 1.0]]","{0: '', 1: 'A', 2: 'B'}",,2,after,"[False, True]","{'max': 21, 'min': 21, 'avg': 21.0, 'root': 12}","[0, -10]","[117, 142]",sequential,chance,chance,"[1.0, 1.0]","[0.5, 1.0]","[0.5, 1.0]","[0.5, 1.0]","[0.375, 0.0]","[0.625, 0.0]",[[0]],[[1]],[[2]],"(0, 12)","(12, 21)","(12, 21)",{},{},{},"['A', 'B']",[],[],0,0,1,3,2,4,B,,,,,,,B,,,,,"{'rtype': 'a', 'rtimedn': 8.129, 'rtimeup': 11.073}",,,,,,,"{'rtype': 'select-node', 'rtimedn': 66.765, 'rtimeup': 66.765}",,,,
,,35,2,12,1733251573,BDG-063-1334,TREE-1.2-0.0-0.0,"['9c620637-9e65-4bc5-9b31-6c412bf03294', 'ad7f710d-dc9b-456e-8980-ec62de2a1005']","['participant', 'participant']","['dodecagon', 'dent-square']","['hsla(95, 77%, 54%, 1.0)', 'hsla(140, 73%, 56%, 1.0)']","[[1.0, 0.2195799876466955], [0.2195799876466955, 1.0]]","{0: '', 1: 'A', 2: 'B'}",,2,after,"[True, True]","{'max': 21, 'min': 21, 'avg': 21.0, 'root': 12}","[-10, -10]","[110, 120]",sequential,chance,chance,"[1.0, 1.0]","[0.5, 1.0]","[0.5, 1.0]","[0.5, 1.0]","[0.625, 0.0]","[0.375, 0.0]",[[0]],[[1]],[[2]],"(0, 12)","(12, 21)","(12, 21)",{},{},{},"['A', 'B']",[],[],0,0,1,3,3,4,B,,,,,,,B,,,,,"{'rtype': 'select-node', 'rtimedn': 65.36, 'rtimeup': 65.36}",,,,,,,"{'rtype': 'select-node', 'rtimedn': 65.831, 'rtimeup': 65.831}",,,,
,,35,3,12,1733251574,BDG-000-1111,TREE-1.2-0.0-0.0,"['65a66864-4e73-4e0b-81f3-d96191245fdb', '465cf7c4-e12a-4092-8dbe-d9da0578db63']","['participant', 'participant']","['flower', 'jagged-sun']","['hsla(225, 90%, 44%, 1.0)', 'hsla(194, 64%, 63%, 1.0)']","[[1.0, 0.12600370599135272], [0.12600370599135272, 1.0]]","{0: '', 1: 'A', 2: 'B'}",,1,after,"[True, True]","{'max': 21, 'min': 21, 'avg': 21.0, 'root': 12}","[-10, -10]","[108, 126]",sequential,chance,chance,"[1.0, 1.0]","[0.5, 1.0]","[0.5, 1.0]","[0.5, 1.0]","[0.375, 0.0]","[0.625, 0.0]",[[0]],[[1]],[[2]],"(0, 12)","(12, 21)","(12, 21)",{},{},{},"['A', 'B']",[],[],0,0,1,1,1,1,A,,,,,,,B,,,,,"{'rtype': 'select-node', 'rtimedn': 43.848, 'rtimeup': 43.848}",,,,,,,"{'rtype': 'select-node', 'rtimedn': 65.927, 'rtimeup': 65.927}",,,,
,,36,0,12,1733251582,BDG-506-5122,TREE-1.2-0.0-0.0,"['465cf7c4-e12a-4092-8dbe-d9da0578db63', 'ad7f710d-dc9b-456e-8980-ec62de2a1005']","['participant', 'participant']","['jagged-sun', 'dent-square']","['hsla(194, 64%, 63%, 1.0)', 'hsla(140, 73%, 56%, 1.0)']","[[1.0, 0.14576899320568254], [0.14576899320568254, 1.0]]","{0: '', 1: 'A', 2: 'B'}",,1,after,"[True, True]","{'max': 21, 'min': 21, 'avg': 21.0, 'root': 12}","[-10, -10]","[126, 120]",sequential,chance,chance,"[1.0, 1.0]","[0.5, 1.0]","[0.5, 1.0]","[0.5, 1.0]","[0.625, 0.0]","[0.375, 0.0]",[[0]],[[1]],[[2]],"(0, 12)","(12, 21)","(12, 21)",{},{},{},"['A', 'B']",[],[],0,0,5,1,2,2,A,,,,,,,A,,,,,"{'rtype': 'select-node', 'rtimedn': 66.838, 'rtimeup': 66.838}",,,,,,,"{'rtype': 'select-node', 'rtimedn': 66.725, 'rtimeup': 66.725}",,,,
,,36,1,12,1733251583,BDG-464-4435,TREE-1.2-0.0-0.0,"['59de595f-b530-4657-8c64-5f4a011bedca', '9c620637-9e65-4bc5-9b31-6c412bf03294']","['participant', 'participant']","['hour-glass', 'dodecagon']","['hsla(1, 69%, 63%, 1.0)', 'hsla(95, 77%, 54%, 1.0)']","[[1.0, 0.16213712168004946], [0.16213712168004946, 1.0]]","{0: '', 1: 'A', 2: 'B'}",,1,after,"[True, True]","{'max': 21, 'min': 21, 'avg': 21.0, 'root': 12}","[-10, -10]","[142, 110]",sequential,chance,chance,"[1.0, 1.0]","[0.5, 1.0]","[0.5, 1.0]","[0.5, 1.0]","[0.625, 0.0]","[0.375, 0.0]",[[0]],[[1]],[[2]],"(0, 12)","(12, 21)","(12, 21)",{},{},{},"['A', 'B']",[],[],0,0,4,4,3,5,A,,,,,,,B,,,,,"{'rtype': 'select-node', 'rtimedn': 67.675, 'rtimeup': 67.675}",,,,,,,"{'rtype': 'select-node', 'rtimedn': 66.345, 'rtimeup': 66.345}",,,,
,,36,2,12,1733251583,BDG-195-2351,TREE-1.2-0.0-0.0,"['831b4607-e88d-4b93-9fbf-81dde8a6737d', 'ab497966-2b5f-49be-b99b-c5665902d78d']","['participant', 'participant']","['teardrop', 'flower']","['hsla(178, 98%, 43%, 1.0)', 'hsla(17, 90%, 46%, 1.0)']","[[1.0, 0.2523162445954293], [0.2523162445954293, 1.0]]","{0: '', 1: 'A', 2: 'B'}",,2,after,"[True, True]","{'max': 21, 'min': 21, 'avg': 21.0, 'root': 12}","[-10, -10]","[132, 148]",sequential,chance,chance,"[1.0, 1.0]","[0.5, 1.0]","[0.5, 1.0]","[0.5, 1.0]","[0.625, 0.0]","[0.375, 0.0]",[[0]],[[1]],[[2]],"(0, 12)","(12, 21)","(12, 21)",{},{},{},"['A', 'B']",[],[],0,0,2,3,5,1,B,,,,,,,B,,,,,"{'rtype': 'select-node', 'rtimedn': 66.244, 'rtimeup': 66.244}",,,,,,,"{'rtype': 'select-node', 'rtimedn': 66.127, 'rtimeup': 66.127}",,,,
,,36,3,12,1733251585,BDG-438-4334,TREE-1.2-0.0-0.0,"['af7365d7-bf9f-4f1b-a07c-fe9639bb7735', '65a66864-4e73-4e0b-81f3-d96191245fdb']","['robot', 'participant']","['dent-square', 'flower']","['hsla(143, 94%, 62%, 1.0)', 'hsla(225, 90%, 44%, 1.0)']","[[1.0, 0.008647313156269303], [0.008647313156269303, 1.0]]","{0: '', 1: 'A', 2: 'B'}",,2,after,"[False, True]","{'max': 21, 'min': 21, 'avg': 21.0, 'root': 12}","[0, -10]","[117, 108]",sequential,chance,chance,"[1.0, 1.0]","[0.5, 1.0]","[0.5, 1.0]","[0.5, 1.0]","[0.625, 0.0]","[0.375, 0.0]",[[0]],[[1]],[[2]],"(0, 12)","(12, 21)","(12, 21)",{},{},{},"['A', 'B']",[],[],0,0,4,3,3,4,B,,,,,,,A,,,,,"{'rtype': 'a', 'rtimedn': 7.423, 'rtimeup': 7.494}",,,,,,,"{'rtype': 'select-node', 'rtimedn': 44.929, 'rtimeup': 44.929}",,,,
,,37,0,12,1733251594,BDG-362-3533,TREE-1.2-0.0-0.0,"['9c620637-9e65-4bc5-9b31-6c412bf03294', 'ab497966-2b5f-49be-b99b-c5665902d78d']","['participant', 'participant']","['dodecagon', 'flower']","['hsla(95, 77%, 54%, 1.0)', 'hsla(17, 90%, 46%, 1.0)']","[[1.0, 0.12600370599135272], [0.12600370599135272, 1.0]]","{0: '', 1: 'A', 2: 'B'}",,2,after,"[True, True]","{'max': 21, 'min': 21, 'avg': 21.0, 'root': 12}","[-10, -10]","[110, 148]",sequential,chance,chance,"[1.0, 1.0]","[0.5, 1.0]","[0.5, 1.0]","[0.5, 1.0]","[0.625, 0.0]","[0.375, 0.0]",[[0]],[[1]],[[2]],"(0, 12)","(12, 21)","(12, 21)",{},{},{},"['A', 'B']",[],[],0,0,3,5,3,3,B,,,,,,,A,,,,,"{'rtype': 'select-node', 'rtimedn': 67.445, 'rtimeup': 67.445}",,,,,,,"{'rtype': 'select-node', 'rtimedn': 67.252, 'rtimeup': 67.252}",,,,
,,37,1,12,1733251594,BDG-557-5323,TREE-1.2-0.0-0.0,"['465cf7c4-e12a-4092-8dbe-d9da0578db63', '59de595f-b530-4657-8c64-5f4a011bedca']","['participant', 'participant']","['jagged-sun', 'hour-glass']","['hsla(194, 64%, 63%, 1.0)', 'hsla(1, 69%, 63%, 1.0)']","[[1.0, 0.2523162445954293], [0.2523162445954293, 1.0]]","{0: '', 1: 'A', 2: 'B'}",,1,after,"[True, True]","{'max': 21, 'min': 21, 'avg': 21.0, 'root': 12}","[-10, -10]","[126, 142]",sequential,chance,chance,"[1.0, 1.0]","[0.5, 1.0]","[0.5, 1.0]","[0.5, 1.0]","[0.625, 0.0]","[0.375, 0.0]",[[0]],[[1]],[[2]],"(0, 12)","(12, 21)","(12, 21)",{},{},{},"['A', 'B']",[],[],0,0,5,3,2,3,A,,,,,,,A,,,,,"{'rtype': 'select-node', 'rtimedn': 67.937, 'rtimeup': 67.937}",,,,,,,"{'rtype': 'select-node', 'rtimedn': 68.7, 'rtimeup': 68.7}",,,,
,,37,2,12,1733251594,BDG-112-1533,TREE-1.2-0.0-0.0,"['831b4607-e88d-4b93-9fbf-81dde8a6737d', 'af7365d7-bf9f-4f1b-a07c-fe9639bb7735']","['participant', 'robot']","['teardrop', 'dent-square']","['hsla(178, 98%, 43%, 1.0)', 'hsla(143, 94%, 62%, 1.0)']","[[1.0, 0.14576899320568254], [0.14576899320568254, 1.0]]","{0: '', 1: 'A', 2: 'B'}",,2,after,"[True, False]","{'max': 21, 'min': 21, 'avg': 21.0, 'root': 12}","[-10, 0]","[132, 117]",sequential,chance,chance,"[1.0, 1.0]","[0.5, 1.0]","[0.5, 1.0]","[0.5, 1.0]","[0.375, 0.0]","[0.625, 0.0]",[[0]],[[1]],[[2]],"(0, 12)","(12, 21)","(12, 21)",{},{},{},"['A', 'B']",[],[],0,0,1,5,3,3,B,,,,,,,B,,,,,"{'rtype': 'select-node', 'rtimedn': 67.336, 'rtimeup': 67.336}",,,,,,,"{'rtype': 'd', 'rtimedn': 3.46, 'rtimeup': 4.263}",,,,
,,37,3,12,1733251595,BDG-408-4224,TREE-1.2-0.0-0.0,"['ad7f710d-dc9b-456e-8980-ec62de2a1005', '65a66864-4e73-4e0b-81f3-d96191245fdb']","['participant', 'participant']","['dent-square', 'flower']","['hsla(140, 73%, 56%, 1.0)', 'hsla(225, 90%, 44%, 1.0)']","[[1.0, 0.2523162445954293], [0.2523162445954293, 1.0]]","{0: '', 1: 'A', 2: 'B'}",,1,after,"[True, True]","{'max': 21, 'min': 21, 'avg': 21.0, 'root': 12}","[-10, -10]","[120, 108]",sequential,chance,chance,"[1.0, 1.0]","[0.5, 1.0]","[0.5, 1.0]","[0.5, 1.0]","[0.375, 0.0]","[0.625, 0.0]",[[0]],[[1]],[[2]],"(0, 12)","(12, 21)","(12, 21)",{},{},{},"['A', 'B']",[],[],0,0,4,2,2,4,A,,,,,,,B,,,,,"{'rtype': 'select-node', 'rtimedn': 67.954, 'rtimeup': 67.954}",,,,,,,"{'rtype': 'select-node', 'rtimedn': 45.72, 'rtimeup': 45.72}",,,,
,,38,0,12,1733251604,BDG-249-2555,TREE-1.2-0.0-0.0,"['9c620637-9e65-4bc5-9b31-6c412bf03294', 'ab497966-2b5f-49be-b99b-c5665902d78d']","['participant', 'participant']","['dodecagon', 'flower']","['hsla(95, 77%, 54%, 1.0)', 'hsla(17, 90%, 46%, 1.0)']","[[1.0, 0.12600370599135272], [0.12600370599135272, 1.0]]","{0: '', 1: 'A', 2: 'B'}",,2,after,"[True, True]","{'max': 21, 'min': 21, 'avg': 21.0, 'root': 12}","[-10, -10]","[110, 148]",sequential,chance,chance,"[1.0, 1.0]","[0.5, 1.0]","[0.5, 1.0]","[0.5, 1.0]","[0.625, 0.0]","[0.375, 0.0]",[[0]],[[1]],[[2]],"(0, 12)","(12, 21)","(12, 21)",{},{},{},"['A', 'B']",[],[],0,0,2,5,5,5,B,,,,,,,B,,,,,"{'rtype': 'select-node', 'rtimedn': 68.46, 'rtimeup': 68.46}",,,,,,,"{'rtype': 'select-node', 'rtimedn': 68.144, 'rtimeup': 68.144}",,,,
,,38,1,12,1733251602,BDG-265-3141,TREE-1.2-0.0-0.0,"['59de595f-b530-4657-8c64-5f4a011bedca', '465cf7c4-e12a-4092-8dbe-d9da0578db63']","['participant', 'participant']","['hour-glass', 'jagged-sun']","['hsla(1, 69%, 63%, 1.0)', 'hsla(194, 64%, 63%, 1.0)']","[[1.0, 0.2523162445954293], [0.2523162445954293, 1.0]]","{0: '', 1: 'A', 2: 'B'}",,2,after,"[True, True]","{'max': 21, 'min': 21, 'avg': 21.0, 'root': 12}","[-10, -10]","[142, 126]",sequential,chance,chance,"[1.0, 1.0]","[0.5, 1.0]","[0.5, 1.0]","[0.5, 1.0]","[0.375, 0.0]","[0.625, 0.0]",[[0]],[[1]],[[2]],"(0, 12)","(12, 21)","(12, 21)",{},{},{},"['A', 'B']",[],[],0,0,3,1,4,1,B,,,,,,,B,,,,,"{'rtype': 'select-node', 'rtimedn': 69.564, 'rtimeup': 69.564}",,,,,,,"{'rtype': 'select-node', 'rtimedn': 68.853, 'rtimeup': 68.853}",,,,
,,38,2,12,1733251603,BDG-236-2532,TREE-1.2-0.0-0.0,"['831b4607-e88d-4b93-9fbf-81dde8a6737d', 'ad7f710d-dc9b-456e-8980-ec62de2a1005']","['participant', 'participant']","['teardrop', 'dent-square']","['hsla(178, 98%, 43%, 1.0)', 'hsla(140, 73%, 56%, 1.0)']","[[1.0, 0.12600370599135272], [0.12600370599135272, 1.0]]","{0: '', 1: 'A', 2: 'B'}",,2,after,"[True, True]","{'max': 21, 'min': 21, 'avg': 21.0, 'root': 12}","[-10, -10]","[132, 120]",sequential,chance,chance,"[1.0, 1.0]","[0.5, 1.0]","[0.5, 1.0]","[0.5, 1.0]","[0.375, 0.0]","[0.625, 0.0]",[[0]],[[1]],[[2]],"(0, 12)","(12, 21)","(12, 21)",{},{},{},"['A', 'B']",[],[],0,0,2,5,3,2,B,,,,,,,B,,,,,"{'rtype': 'select-node', 'rtimedn': 68.212, 'rtimeup': 68.212}",,,,,,,"{'rtype': 'select-node', 'rtimedn': 68.798, 'rtimeup': 68.798}",,,,
,,38,3,12,1733251602,BDG-475-4511,TREE-1.2-0.0-0.0,"['65a66864-4e73-4e0b-81f3-d96191245fdb', 'af7365d7-bf9f-4f1b-a07c-fe9639bb7735']","['participant', 'robot']","['flower', 'dent-square']","['hsla(225, 90%, 44%, 1.0)', 'hsla(143, 94%, 62%, 1.0)']","[[1.0, 0.008647313156269303], [0.008647313156269303, 1.0]]","{0: '', 1: 'A', 2: 'B'}",,1,after,"[True, False]","{'max': 21, 'min': 21, 'avg': 21.0, 'root': 12}","[-10, 0]","[108, 117]",sequential,chance,chance,"[1.0, 1.0]","[0.5, 1.0]","[0.5, 1.0]","[0.5, 1.0]","[0.375, 0.0]","[0.625, 0.0]",[[0]],[[1]],[[2]],"(0, 12)","(12, 21)","(12, 21)",{},{},{},"['A', 'B']",[],[],0,0,4,5,1,1,A,,,,,,,A,,,,,"{'rtype': 'select-node', 'rtimedn': 46.615, 'rtimeup': 46.615}",,,,,,,"{'rtype': 'd', 'rtimedn': 9.698, 'rtimeup': 9.724}",,,,
,,39,0,12,1733251613,BDG-030-1221,TREE-1.2-0.0-0.0,"['59de595f-b530-4657-8c64-5f4a011bedca', '65a66864-4e73-4e0b-81f3-d96191245fdb']","['participant', 'participant']","['hour-glass', 'flower']","['hsla(1, 69%, 63%, 1.0)', 'hsla(225, 90%, 44%, 1.0)']","[[1.0, 0.2195799876466955], [0.2195799876466955, 1.0]]","{0: '', 1: 'A', 2: 'B'}",,2,after,"[True, True]","{'max': 21, 'min': 21, 'avg': 21.0, 'root': 12}","[-10, -10]","[142, 108]",sequential,chance,chance,"[1.0, 1.0]","[0.5, 1.0]","[0.5, 1.0]","[0.5, 1.0]","[0.625, 0.0]","[0.375, 0.0]",[[0]],[[1]],[[2]],"(0, 12)","(12, 21)","(12, 21)",{},{},{},"['A', 'B']",[],[],0,0,1,2,2,1,B,,,,,,,B,,,,,"{'rtype': 'select-node', 'rtimedn': 70.546, 'rtimeup': 70.546}",,,,,,,"{'rtype': 'select-node', 'rtimedn': 47.756, 'rtimeup': 47.756}",,,,
,,39,1,12,1733251612,BDG-251-3112,TREE-1.2-0.0-0.0,"['465cf7c4-e12a-4092-8dbe-d9da0578db63', 'af7365d7-bf9f-4f1b-a07c-fe9639bb7735']","['participant', 'robot']","['jagged-sun', 'dent-square']","['hsla(194, 64%, 63%, 1.0)', 'hsla(143, 94%, 62%, 1.0)']","[[1.0, 0.08554663372452133], [0.08554663372452133, 1.0]]","{0: '', 1: 'A', 2: 'B'}",,1,after,"[True, False]","{'max': 21, 'min': 21, 'avg': 21.0, 'root': 12}","[-10, 0]","[126, 117]",sequential,chance,chance,"[1.0, 1.0]","[0.5, 1.0]","[0.5, 1.0]","[0.5, 1.0]","[0.625, 0.0]","[0.375, 0.0]",[[0]],[[1]],[[2]],"(0, 12)","(12, 21)","(12, 21)",{},{},{},"['A', 'B']",[],[],0,0,3,1,1,2,A,,,,,,,A,,,,,"{'rtype': 'select-node', 'rtimedn': 69.852, 'rtimeup': 69.852}",,,,,,,"{'rtype': 'd', 'rtimedn': 2.445, 'rtimeup': 3.644}",,,,
,,39,2,12,1733251614,BDG-382-4123,TREE-1.2-0.0-0.0,"['ab497966-2b5f-49be-b99b-c5665902d78d', '831b4607-e88d-4b93-9fbf-81dde8a6737d']","['participant', 'participant']","['flower', 'teardrop']","['hsla(17, 90%, 46%, 1.0)', 'hsla(178, 98%, 43%, 1.0)']","[[1.0, 0.2523162445954293], [0.2523162445954293, 1.0]]","{0: '', 1: 'A', 2: 'B'}",,1,after,"[True, True]","{'max': 21, 'min': 21, 'avg': 21.0, 'root': 12}","[-10, -10]","[148, 132]",sequential,chance,chance,"[1.0, 1.0]","[0.5, 1.0]","[0.5, 1.0]","[0.5, 1.0]","[0.625, 0.0]","[0.375, 0.0]",[[0]],[[1]],[[2]],"(0, 12)","(12, 21)","(12, 21)",{},{},{},"['A', 'B']",[],[],0,0,4,1,2,3,A,,,,,,,A,,,,,"{'rtype': 'select-node', 'rtimedn': 69.287, 'rtimeup': 69.287}",,,,,,,"{'rtype': 'select-node', 'rtimedn': 69.251, 'rtimeup': 69.251}",,,,
,,39,3,12,1733251612,BDG-581-5422,TREE-1.2-0.0-0.0,"['9c620637-9e65-4bc5-9b31-6c412bf03294', 'ad7f710d-dc9b-456e-8980-ec62de2a1005']","['participant', 'participant']","['dodecagon', 'dent-square']","['hsla(95, 77%, 54%, 1.0)', 'hsla(140, 73%, 56%, 1.0)']","[[1.0, 0.2195799876466955], [0.2195799876466955, 1.0]]","{0: '', 1: 'A', 2: 'B'}",,2,after,"[True, True]","{'max': 21, 'min': 21, 'avg': 21.0, 'root': 12}","[-10, -10]","[110, 120]",sequential,chance,chance,"[1.0, 1.0]","[0.5, 1.0]","[0.5, 1.0]","[0.5, 1.0]","[0.625, 0.0]","[0.375, 0.0]",[[0]],[[1]],[[2]],"(0, 12)","(12, 21)","(12, 21)",{},{},{},"['A', 'B']",[],[],0,0,5,4,2,2,B,,,,,,,A,,,,,"{'rtype': 'select-node', 'rtimedn': 69.264, 'rtimeup': 69.264}",,,,,,,"{'rtype': 'select-node', 'rtimedn': 69.719, 'rtimeup': 69.719}",,,,
