experiment_setting_keys,experiment_setting_values,round,room,batch,timestamp,title,tree_tag,player_uuids,player_types,avatar_shapes,avatar_colors,adjacency_matrix,idnum_label_map,perspective_of_player,final_node,tree_status,players_abdicated,durations,cumulative_payoffs_tree,cumulative_payoffs_experiment,choice_type_,choice_type_A,choice_type_B,probability_,probability_A,probability_B,positionxy_,positionxy_A,positionxy_B,info_set_,info_set_A,info_set_B,time_,time_A,time_B,beliefs_,beliefs_A,beliefs_B,options_,options_A,options_B,payoffs__p0,payoffs__p1,payoffs_A_p0,payoffs_A_p1,payoffs_B_p0,payoffs_B_p1,choice__p0,choice__p1,choice_A_p0,choice_A_p1,choice_B_p0,choice_B_p1,prediction__p0,prediction__p1,prediction_A_p0,prediction_A_p1,prediction_B_p0,prediction_B_p1,choice_data__p0,choice_data__p1,choice_data_A_p0,choice_data_A_p1,choice_data_B_p0,choice_data_B_p1,prediction_data__p0,prediction_data__p1,prediction_data_A_p0,prediction_data_A_p1,prediction_data_B_p0,prediction_data_B_p1
rounds,"{'apply': True, 'distribution_type': 'sigmoid', 'interval': [0, 200], 'coefficients': [1, 40]}",0,0,24,1733267964,BDG-092-1443,TREE-1.2-0.0-0.0,"['f3a21fc8-4369-4542-8598-2292ed9be343', 'c8fd32a8-bd36-4574-9359-072a968da39f']","['robot', 'participant']","['jagged-sun', 'lemon']","['hsla(237, 95%, 65%, 1.0)', 'hsla(287, 74%, 48%, 1.0)']","[[1.0, 0.1442187108101329], [0.1442187108101329, 1.0]]","{0: '', 1: 'A', 2: 'B'}",,2,after,"[True, False]","{'max': 21, 'min': 21, 'avg': 21.0, 'root': 12}","[-10, 0]","[133, 116]",sequential,chance,chance,"[1.0, 1.0]","[0.5, 1.0]","[0.5, 1.0]","[0.5, 1.0]","[0.625, 0.0]","[0.375, 0.0]",[[0]],[[1]],[[2]],"(0, 12)","(12, 21)","(12, 21)",{},{},{},"['A', 'B']",[],[],0,0,1,4,4,3,B,,,,,,,B,,,,,"{'rtype': None, 'rtimedn': 13, 'rtimeup': 13}",,,,,,,"{'rtype': 'select-node', 'rtimedn': 5.982, 'rtimeup': 5.982}",,,,
time_horizon,"{'apply': True, 'interval': [0, 1], 'distribution_type': 'linear', 'coefficients': [0, 1]}",0,1,24,1733267959,BDG-611-5532,TREE-1.2-0.0-0.0,"['ef055cb1-489a-4c91-bf6d-d2b339e93b4a', '8e19ce2e-c87f-48f0-8bfc-7683d9b2e4dd']","['participant', 'participant']","['dent-square', 'ghost']","['hsla(236, 100%, 59%, 1.0)', 'hsla(85, 94%, 40%, 1.0)']","[[1.0, 0.1442187108101329], [0.1442187108101329, 1.0]]","{0: '', 1: 'A', 2: 'B'}",,1,after,"[True, True]","{'max': 21, 'min': 21, 'avg': 21.0, 'root': 12}","[-10, -10]","[139, 133]",sequential,chance,chance,"[1.0, 1.0]","[0.5, 1.0]","[0.5, 1.0]","[0.5, 1.0]","[0.625, 0.0]","[0.375, 0.0]",[[0]],[[1]],[[2]],"(0, 12)","(12, 21)","(12, 21)",{},{},{},"['A', 'B']",[],[],0,0,5,5,3,2,A,,,,,,,A,,,,,"{'rtype': 'select-node', 'rtimedn': 272.817, 'rtimeup': 272.817}",,,,,,,"{'rtype': 'select-node', 'rtimedn': 121.611, 'rtimeup': 121.611}",,,,
payoff_dimensions,"{'SSD': {'apply': True, 'distribution_type': 'uniform', 'interval': [0, 1], 'coefficients': [1, 1]}, 'OOD': {'apply': True, 'distribution_type': 'uniform', 'interval': [0, 1], 'coefficients': [1, 1]}, 'SOD': {'apply': True, 'distribution_type': 'uniform', 'interval': [0, 1], 'coefficients': [1, 1]}, 'abdication_penalty': 10, 'payoff_values': [1, 9], 'cents_per_payoff': 0}",0,2,24,1733267961,BDG-020-1151,TREE-1.2-0.0-0.0,"['75443486-7234-4f3b-8f58-7b096a872d36', 'b9cad2fe-91ea-4850-9eba-4e5012f57013']","['participant', 'participant']","['dodecagon', 'star-six']","['hsla(97, 75%, 39%, 1.0)', 'hsla(291, 82%, 51%, 1.0)']","[[1.0, 0.1916227740155505], [0.1916227740155505, 1.0]]","{0: '', 1: 'A', 2: 'B'}",,2,after,"[False, False]","{'max': 21, 'min': 21, 'avg': 21.0, 'root': 12}","[0, 0]","[142, 96]",sequential,chance,chance,"[1.0, 1.0]","[0.5, 1.0]","[0.5, 1.0]","[0.5, 1.0]","[0.625, 0.0]","[0.375, 0.0]",[[0]],[[1]],[[2]],"(0, 12)","(12, 21)","(12, 21)",{},{},{},"['A', 'B']",[],[],0,0,1,1,5,1,B,,,,,,,A,,,,,"{'rtype': 'select-node', 'rtimedn': 5.629, 'rtimeup': 5.629}",,,,,,,"{'rtype': 'select-node', 'rtimedn': 3.783, 'rtimeup': 3.783}",,,,
players,"{'n_humans': 10, 'n_robots': 0, 'can_join_late': False, 'proportion_over_number': True, 'start_when_enough_humans': True, 'exclude_researchers': False}",0,3,24,1733267964,BDG-321-3352,TREE-1.2-0.0-0.0,"['0777b594-b926-41c0-a957-8bc1466938d6', '77c58d68-8844-4481-8b54-aaaa442736eb']","['participant', 'robot']","['teardrop', 'arrow-head']","['hsla(92, 85%, 62%, 1.0)', 'hsla(321, 93%, 47%, 1.0)']","[[1.0, 0.1442187108101329], [0.1442187108101329, 1.0]]","{0: '', 1: 'A', 2: 'B'}",,1,after,"[False, True]","{'max': 21, 'min': 21, 'avg': 21.0, 'root': 12}","[0, -10]","[-57, 144]",sequential,chance,chance,"[1.0, 1.0]","[0.5, 1.0]","[0.5, 1.0]","[0.5, 1.0]","[0.625, 0.0]","[0.375, 0.0]",[[0]],[[1]],[[2]],"(0, 12)","(12, 21)","(12, 21)",{},{},{},"['A', 'B']",[],[],0,0,3,3,5,2,A,,,,,,,A,,,,,"{'rtype': 'select-node', 'rtimedn': 3.49, 'rtimeup': 3.49}",,,,,,,"{'rtype': None, 'rtimedn': 13, 'rtimeup': 13}",,,,
game_speed,"{'seconds_per_node': 9, 'seconds_per_descendant': 1, 'buffer_between_levels': 0}",0,4,24,1733267960,BDG-291-3242,TREE-1.2-0.0-0.0,"['5f76705c-6173-4df7-a873-dc0c321186d2', 'ed9b60ed-b3a8-44ac-a0ca-fca1d3647529']","['participant', 'participant']","['hexagon', 'circle']","['hsla(70, 54%, 51%, 1.0)', 'hsla(137, 55%, 54%, 1.0)']","[[1.0, 0.016553799849510907], [0.016553799849510907, 1.0]]","{0: '', 1: 'A', 2: 'B'}",,1,after,"[False, False]","{'max': 21, 'min': 21, 'avg': 21.0, 'root': 12}","[0, 0]","[102, 125]",sequential,chance,chance,"[1.0, 1.0]","[0.5, 1.0]","[0.5, 1.0]","[0.5, 1.0]","[0.375, 0.0]","[0.625, 0.0]",[[0]],[[1]],[[2]],"(0, 12)","(12, 21)","(12, 21)",{},{},{},"['A', 'B']",[],[],0,0,3,2,4,2,A,,,,,,,A,,,,,"{'rtype': 'select-node', 'rtimedn': 5.803, 'rtimeup': 5.803}",,,,,,,"{'rtype': 'select-node', 'rtimedn': 5.883, 'rtimeup': 5.883}",,,,
game_trees,"{'preselected': True, 'trees_list': ['BDG-000-1111', 'BDG-001-1112', 'BDG-002-1113', 'BDG-003-1114', 'BDG-004-1115', 'BDG-005-1121', 'BDG-006-1122', 'BDG-007-1123', 'BDG-008-1124', 'BDG-009-1125', 'BDG-010-1131', 'BDG-011-1132', 'BDG-012-1133', 'BDG-013-1134', 'BDG-014-1135', 'BDG-015-1141', 'BDG-016-1142', 'BDG-017-1143', 'BDG-018-1144', 'BDG-019-1145', 'BDG-020-1151', 'BDG-021-1152', 'BDG-022-1153', 'BDG-023-1154', 'BDG-024-1155', 'BDG-025-1211', 'BDG-026-1212', 'BDG-027-1213', 'BDG-028-1214', 'BDG-029-1215', 'BDG-030-1221', 'BDG-031-1222', 'BDG-032-1223', 'BDG-033-1224', 'BDG-034-1225', 'BDG-035-1231', 'BDG-036-1232', 'BDG-037-1233', 'BDG-038-1234', 'BDG-039-1235', 'BDG-040-1241', 'BDG-041-1242', 'BDG-042-1243', 'BDG-043-1244', 'BDG-044-1245', 'BDG-045-1251', 'BDG-046-1252', 'BDG-047-1253', 'BDG-048-1254', 'BDG-049-1255', 'BDG-050-1311', 'BDG-051-1312', 'BDG-052-1313', 'BDG-053-1314', 'BDG-054-1315', 'BDG-055-1321', 'BDG-056-1322', 'BDG-057-1323', 'BDG-058-1324', 'BDG-059-1325', 'BDG-060-1331', 'BDG-061-1332', 'BDG-062-1333', 'BDG-063-1334', 'BDG-064-1335', 'BDG-065-1341', 'BDG-066-1342', 'BDG-067-1343', 'BDG-068-1344', 'BDG-069-1345', 'BDG-070-1351', 'BDG-071-1352', 'BDG-072-1353', 'BDG-073-1354', 'BDG-074-1355', 'BDG-075-1411', 'BDG-076-1412', 'BDG-077-1413', 'BDG-078-1414', 'BDG-079-1415', 'BDG-080-1421', 'BDG-081-1422', 'BDG-082-1423', 'BDG-083-1424', 'BDG-084-1425', 'BDG-085-1431', 'BDG-086-1432', 'BDG-087-1433', 'BDG-088-1434', 'BDG-089-1435', 'BDG-090-1441', 'BDG-091-1442', 'BDG-092-1443', 'BDG-093-1444', 'BDG-094-1445', 'BDG-095-1451', 'BDG-096-1452', 'BDG-097-1453', 'BDG-098-1454', 'BDG-099-1455', 'BDG-100-1511', 'BDG-101-1512', 'BDG-102-1513', 'BDG-103-1514', 'BDG-104-1515', 'BDG-105-1521', 'BDG-106-1522', 'BDG-107-1523', 'BDG-108-1524', 'BDG-109-1525', 'BDG-110-1531', 'BDG-111-1532', 'BDG-112-1533', 'BDG-113-1534', 'BDG-114-1535', 'BDG-115-1541', 'BDG-116-1542', 'BDG-117-1543', 'BDG-118-1544', 'BDG-119-1545', 'BDG-120-1551', 'BDG-121-1552', 'BDG-122-1553', 'BDG-123-1554', 'BDG-124-1555', 'BDG-125-2111', 'BDG-126-2112', 'BDG-127-2113', 'BDG-128-2114', 'BDG-129-2115', 'BDG-130-2121', 'BDG-131-2122', 'BDG-132-2123', 'BDG-133-2124', 'BDG-134-2125', 'BDG-135-2131', 'BDG-136-2132', 'BDG-137-2133', 'BDG-138-2134', 'BDG-139-2135', 'BDG-140-2141', 'BDG-141-2142', 'BDG-142-2143', 'BDG-143-2144', 'BDG-144-2145', 'BDG-145-2151', 'BDG-146-2152', 'BDG-147-2153', 'BDG-148-2154', 'BDG-149-2155', 'BDG-150-2211', 'BDG-151-2212', 'BDG-152-2213', 'BDG-153-2214', 'BDG-154-2215', 'BDG-155-2221', 'BDG-156-2222', 'BDG-157-2223', 'BDG-158-2224', 'BDG-159-2225', 'BDG-160-2231', 'BDG-161-2232', 'BDG-162-2233', 'BDG-163-2234', 'BDG-164-2235', 'BDG-165-2241', 'BDG-166-2242', 'BDG-167-2243', 'BDG-168-2244', 'BDG-169-2245', 'BDG-170-2251', 'BDG-171-2252', 'BDG-172-2253', 'BDG-173-2254', 'BDG-174-2255', 'BDG-175-2311', 'BDG-176-2312', 'BDG-177-2313', 'BDG-178-2314', 'BDG-179-2315', 'BDG-180-2321', 'BDG-181-2322', 'BDG-182-2323', 'BDG-183-2324', 'BDG-184-2325', 'BDG-185-2331', 'BDG-186-2332', 'BDG-187-2333', 'BDG-188-2334', 'BDG-189-2335', 'BDG-190-2341', 'BDG-191-2342', 'BDG-192-2343', 'BDG-193-2344', 'BDG-194-2345', 'BDG-195-2351', 'BDG-196-2352', 'BDG-197-2353', 'BDG-198-2354', 'BDG-199-2355', 'BDG-200-2411', 'BDG-201-2412', 'BDG-202-2413', 'BDG-203-2414', 'BDG-204-2415', 'BDG-205-2421', 'BDG-206-2422', 'BDG-207-2423', 'BDG-208-2424', 'BDG-209-2425', 'BDG-210-2431', 'BDG-211-2432', 'BDG-212-2433', 'BDG-213-2434', 'BDG-214-2435', 'BDG-215-2441', 'BDG-216-2442', 'BDG-217-2443', 'BDG-218-2444', 'BDG-219-2445', 'BDG-220-2451', 'BDG-221-2452', 'BDG-222-2453', 'BDG-223-2454', 'BDG-224-2455', 'BDG-225-2511', 'BDG-226-2512', 'BDG-227-2513', 'BDG-228-2514', 'BDG-229-2515', 'BDG-230-2521', 'BDG-231-2522', 'BDG-232-2523', 'BDG-233-2524', 'BDG-234-2525', 'BDG-235-2531', 'BDG-236-2532', 'BDG-237-2533', 'BDG-238-2534', 'BDG-239-2535', 'BDG-240-2541', 'BDG-241-2542', 'BDG-242-2543', 'BDG-243-2544', 'BDG-244-2545', 'BDG-245-2551', 'BDG-246-2552', 'BDG-247-2553', 'BDG-248-2554', 'BDG-249-2555', 'BDG-250-3111', 'BDG-251-3112', 'BDG-252-3113', 'BDG-253-3114', 'BDG-254-3115', 'BDG-255-3121', 'BDG-256-3122', 'BDG-257-3123', 'BDG-258-3124', 'BDG-259-3125', 'BDG-260-3131', 'BDG-261-3132', 'BDG-262-3133', 'BDG-263-3134', 'BDG-264-3135', 'BDG-265-3141', 'BDG-266-3142', 'BDG-267-3143', 'BDG-268-3144', 'BDG-269-3145', 'BDG-270-3151', 'BDG-271-3152', 'BDG-272-3153', 'BDG-273-3154', 'BDG-274-3155', 'BDG-275-3211', 'BDG-276-3212', 'BDG-277-3213', 'BDG-278-3214', 'BDG-279-3215', 'BDG-280-3221', 'BDG-281-3222', 'BDG-282-3223', 'BDG-283-3224', 'BDG-284-3225', 'BDG-285-3231', 'BDG-286-3232', 'BDG-287-3233', 'BDG-288-3234', 'BDG-289-3235', 'BDG-290-3241', 'BDG-291-3242', 'BDG-292-3243', 'BDG-293-3244', 'BDG-294-3245', 'BDG-295-3251', 'BDG-296-3252', 'BDG-297-3253', 'BDG-298-3254', 'BDG-299-3255', 'BDG-300-3311', 'BDG-301-3312', 'BDG-302-3313', 'BDG-303-3314', 'BDG-304-3315', 'BDG-305-3321', 'BDG-306-3322', 'BDG-307-3323', 'BDG-308-3324', 'BDG-309-3325', 'BDG-310-3331', 'BDG-311-3332', 'BDG-312-3333', 'BDG-313-3334', 'BDG-314-3335', 'BDG-315-3341', 'BDG-316-3342', 'BDG-317-3343', 'BDG-318-3344', 'BDG-319-3345', 'BDG-320-3351', 'BDG-321-3352', 'BDG-322-3353', 'BDG-323-3354', 'BDG-324-3355', 'BDG-325-3411', 'BDG-326-3412', 'BDG-327-3413', 'BDG-328-3414', 'BDG-329-3415', 'BDG-330-3421', 'BDG-331-3422', 'BDG-332-3423', 'BDG-333-3424', 'BDG-334-3425', 'BDG-335-3431', 'BDG-336-3432', 'BDG-337-3433', 'BDG-338-3434', 'BDG-339-3435', 'BDG-340-3441', 'BDG-341-3442', 'BDG-342-3443', 'BDG-343-3444', 'BDG-344-3445', 'BDG-345-3451', 'BDG-346-3452', 'BDG-347-3453', 'BDG-348-3454', 'BDG-349-3455', 'BDG-350-3511', 'BDG-351-3512', 'BDG-352-3513', 'BDG-353-3514', 'BDG-354-3515', 'BDG-355-3521', 'BDG-356-3522', 'BDG-357-3523', 'BDG-358-3524', 'BDG-359-3525', 'BDG-360-3531', 'BDG-361-3532', 'BDG-362-3533', 'BDG-363-3534', 'BDG-364-3535', 'BDG-365-3541', 'BDG-366-3542', 'BDG-367-3543', 'BDG-368-3544', 'BDG-369-3545', 'BDG-370-3551', 'BDG-371-3552', 'BDG-372-3553', 'BDG-373-3554', 'BDG-374-3555', 'BDG-375-4111', 'BDG-376-4112', 'BDG-377-4113', 'BDG-378-4114', 'BDG-379-4115', 'BDG-380-4121', 'BDG-381-4122', 'BDG-382-4123', 'BDG-383-4124', 'BDG-384-4125', 'BDG-385-4131', 'BDG-386-4132', 'BDG-387-4133', 'BDG-388-4134', 'BDG-389-4135', 'BDG-390-4141', 'BDG-391-4142', 'BDG-392-4143', 'BDG-393-4144', 'BDG-394-4145', 'BDG-395-4151', 'BDG-396-4152', 'BDG-397-4153', 'BDG-398-4154', 'BDG-399-4155', 'BDG-400-4211', 'BDG-401-4212', 'BDG-402-4213', 'BDG-403-4214', 'BDG-404-4215', 'BDG-405-4221', 'BDG-406-4222', 'BDG-407-4223', 'BDG-408-4224', 'BDG-409-4225', 'BDG-410-4231', 'BDG-411-4232', 'BDG-412-4233', 'BDG-413-4234', 'BDG-414-4235', 'BDG-415-4241', 'BDG-416-4242', 'BDG-417-4243', 'BDG-418-4244', 'BDG-419-4245', 'BDG-420-4251', 'BDG-421-4252', 'BDG-422-4253', 'BDG-423-4254', 'BDG-424-4255', 'BDG-425-4311', 'BDG-426-4312', 'BDG-427-4313', 'BDG-428-4314', 'BDG-429-4315', 'BDG-430-4321', 'BDG-431-4322', 'BDG-432-4323', 'BDG-433-4324', 'BDG-434-4325', 'BDG-435-4331', 'BDG-436-4332', 'BDG-437-4333', 'BDG-438-4334', 'BDG-439-4335', 'BDG-440-4341', 'BDG-441-4342', 'BDG-442-4343', 'BDG-443-4344', 'BDG-444-4345', 'BDG-445-4351', 'BDG-446-4352', 'BDG-447-4353', 'BDG-448-4354', 'BDG-449-4355', 'BDG-450-4411', 'BDG-451-4412', 'BDG-452-4413', 'BDG-453-4414', 'BDG-454-4415', 'BDG-455-4421', 'BDG-456-4422', 'BDG-457-4423', 'BDG-458-4424', 'BDG-459-4425', 'BDG-460-4431', 'BDG-461-4432', 'BDG-462-4433', 'BDG-463-4434', 'BDG-464-4435', 'BDG-465-4441', 'BDG-466-4442', 'BDG-467-4443', 'BDG-468-4444', 'BDG-469-4445', 'BDG-470-4451', 'BDG-471-4452', 'BDG-472-4453', 'BDG-473-4454', 'BDG-474-4455', 'BDG-475-4511', 'BDG-476-4512', 'BDG-477-4513', 'BDG-478-4514', 'BDG-479-4515', 'BDG-480-4521', 'BDG-481-4522', 'BDG-482-4523', 'BDG-483-4524', 'BDG-484-4525', 'BDG-485-4531', 'BDG-486-4532', 'BDG-487-4533', 'BDG-488-4534', 'BDG-489-4535', 'BDG-490-4541', 'BDG-491-4542', 'BDG-492-4543', 'BDG-493-4544', 'BDG-494-4545', 'BDG-495-4551', 'BDG-496-4552', 'BDG-497-4553', 'BDG-498-4554', 'BDG-499-4555', 'BDG-500-5111', 'BDG-501-5112', 'BDG-502-5113', 'BDG-503-5114', 'BDG-504-5115', 'BDG-505-5121', 'BDG-506-5122', 'BDG-507-5123', 'BDG-508-5124', 'BDG-509-5125', 'BDG-510-5131', 'BDG-511-5132', 'BDG-512-5133', 'BDG-513-5134', 'BDG-514-5135', 'BDG-515-5141', 'BDG-516-5142', 'BDG-517-5143', 'BDG-518-5144', 'BDG-519-5145', 'BDG-520-5151', 'BDG-521-5152', 'BDG-522-5153', 'BDG-523-5154', 'BDG-524-5155', 'BDG-525-5211', 'BDG-526-5212', 'BDG-527-5213', 'BDG-528-5214', 'BDG-529-5215', 'BDG-530-5221', 'BDG-531-5222', 'BDG-532-5223', 'BDG-533-5224', 'BDG-534-5225', 'BDG-535-5231', 'BDG-536-5232', 'BDG-537-5233', 'BDG-538-5234', 'BDG-539-5235', 'BDG-540-5241', 'BDG-541-5242', 'BDG-542-5243', 'BDG-543-5244', 'BDG-544-5245', 'BDG-545-5251', 'BDG-546-5252', 'BDG-547-5253', 'BDG-548-5254', 'BDG-549-5255', 'BDG-550-5311', 'BDG-551-5312', 'BDG-552-5313', 'BDG-553-5314', 'BDG-554-5315', 'BDG-555-5321', 'BDG-556-5322', 'BDG-557-5323', 'BDG-558-5324', 'BDG-559-5325', 'BDG-560-5331', 'BDG-561-5332', 'BDG-562-5333', 'BDG-563-5334', 'BDG-564-5335', 'BDG-565-5341', 'BDG-566-5342', 'BDG-567-5343', 'BDG-568-5344', 'BDG-569-5345', 'BDG-570-5351', 'BDG-571-5352', 'BDG-572-5353', 'BDG-573-5354', 'BDG-574-5355', 'BDG-575-5411', 'BDG-576-5412', 'BDG-577-5413', 'BDG-578-5414', 'BDG-579-5415', 'BDG-580-5421', 'BDG-581-5422', 'BDG-582-5423', 'BDG-583-5424', 'BDG-584-5425', 'BDG-585-5431', 'BDG-586-5432', 'BDG-587-5433', 'BDG-588-5434', 'BDG-589-5435', 'BDG-590-5441', 'BDG-591-5442', 'BDG-592-5443', 'BDG-593-5444', 'BDG-594-5445', 'BDG-595-5451', 'BDG-596-5452', 'BDG-597-5453', 'BDG-598-5454', 'BDG-599-5455', 'BDG-600-5511', 'BDG-601-5512', 'BDG-602-5513', 'BDG-603-5514', 'BDG-604-5515', 'BDG-605-5521', 'BDG-606-5522', 'BDG-607-5523', 'BDG-608-5524', 'BDG-609-5525', 'BDG-610-5531', 'BDG-611-5532', 'BDG-612-5533', 'BDG-613-5534', 'BDG-614-5535', 'BDG-615-5541', 'BDG-616-5542', 'BDG-617-5543', 'BDG-618-5544', 'BDG-619-5545', 'BDG-620-5551', 'BDG-621-5552', 'BDG-622-5553', 'BDG-623-5554', 'BDG-624-5555']}",1,0,24,1733267978,BDG-446-4352,TREE-1.2-0.0-0.0,"['f3a21fc8-4369-4542-8598-2292ed9be343', 'ef055cb1-489a-4c91-bf6d-d2b339e93b4a']","['robot', 'participant']","['jagged-sun', 'dent-square']","['hsla(237, 95%, 65%, 1.0)', 'hsla(236, 100%, 59%, 1.0)']","[[1.0, 0.1916227740155505], [0.1916227740155505, 1.0]]","{0: '', 1: 'A', 2: 'B'}",,2,after,"[True, True]","{'max': 21, 'min': 21, 'avg': 21.0, 'root': 12}","[-10, -10]","[133, 139]",sequential,chance,chance,"[1.0, 1.0]","[0.5, 1.0]","[0.5, 1.0]","[0.5, 1.0]","[0.375, 0.0]","[0.625, 0.0]",[[0]],[[1]],[[2]],"(0, 12)","(12, 21)","(12, 21)",{},{},{},"['A', 'B']",[],[],0,0,4,3,5,2,B,,,,,,,A,,,,,"{'rtype': 'select-node', 'rtimedn': 99.139, 'rtimeup': 99.139}",,,,,,,"{'rtype': 'select-node', 'rtimedn': 274.751, 'rtimeup': 274.751}",,,,
group_size,"{'distribution': [0, 1, 0, 0], 'apply': True}",1,1,24,1733267974,BDG-531-5222,TREE-1.2-0.0-0.0,"['ed9b60ed-b3a8-44ac-a0ca-fca1d3647529', '77c58d68-8844-4481-8b54-aaaa442736eb']","['participant', 'robot']","['circle', 'arrow-head']","['hsla(137, 55%, 54%, 1.0)', 'hsla(321, 93%, 47%, 1.0)']","[[1.0, 0.22096814647604712], [0.22096814647604712, 1.0]]","{0: '', 1: 'A', 2: 'B'}",,1,after,"[False, True]","{'max': 21, 'min': 21, 'avg': 21.0, 'root': 12}","[0, -10]","[125, 144]",sequential,chance,chance,"[1.0, 1.0]","[0.5, 1.0]","[0.5, 1.0]","[0.5, 1.0]","[0.375, 0.0]","[0.625, 0.0]",[[0]],[[1]],[[2]],"(0, 12)","(12, 21)","(12, 21)",{},{},{},"['A', 'B']",[],[],0,0,5,2,2,2,A,,,,,,,A,,,,,"{'rtype': 'select-node', 'rtimedn': 7.152, 'rtimeup': 7.152}",,,,,,,"{'rtype': 'select-node', 'rtimedn': 63.728, 'rtimeup': 63.728}",,,,
robots,"{'self_value': {'apply': True, 'distribution_type': 'point', 'interval': [1, 1], 'coefficients': [1, 1]}, 'other_value': {'apply': True, 'distribution_type': 'point', 'interval': [0, 0], 'coefficients': [0, 1]}, 'normal_envy': {'apply': True, 'distribution_type': 'point', 'interval': [0, 0], 'coefficients': [0, 1]}, 'reverse_envy': {'apply': True, 'distribution_type': 'point', 'interval': [0, 0], 'coefficients': [0, 1]}, 'risk_preference': {'apply': True, 'distribution_type': 'point', 'interval': [0, 0], 'coefficients': [0, 1]}, 'loss_preference': {'apply': True, 'distribution_type': 'point', 'interval': [0, 0], 'coefficients': [0, 1]}, 'reasoning_depth': {'apply': True, 'distribution_type': 'point', 'interval': [3, 3], 'coefficients': [3, 1]}, 'time_discount': {'apply': True, 'distribution_type': 'point', 'interval': [0, 0], 'coefficients': [0, 1]}, 'reaction_time': {'apply': True, 'distribution_type': 'uniform', 'interval': [0, 1], 'coefficients': [1, 1]}}",1,2,24,1733267979,BDG-082-1423,TREE-1.2-0.0-0.0,"['75443486-7234-4f3b-8f58-7b096a872d36', 'b9cad2fe-91ea-4850-9eba-4e5012f57013']","['participant', 'participant']","['dodecagon', 'star-six']","['hsla(97, 75%, 39%, 1.0)', 'hsla(291, 82%, 51%, 1.0)']","[[1.0, 0.1916227740155505], [0.1916227740155505, 1.0]]","{0: '', 1: 'A', 2: 'B'}",,2,after,"[False, True]","{'max': 21, 'min': 21, 'avg': 21.0, 'root': 12}","[0, -10]","[142, 96]",sequential,chance,chance,"[1.0, 1.0]","[0.5, 1.0]","[0.5, 1.0]","[0.5, 1.0]","[0.625, 0.0]","[0.375, 0.0]",[[0]],[[1]],[[2]],"(0, 12)","(12, 21)","(12, 21)",{},{},{},"['A', 'B']",[],[],0,0,1,4,2,3,B,,,,,,,A,,,,,"{'rtype': 'select-node', 'rtimedn': 7.529, 'rtimeup': 7.529}",,,,,,,"{'rtype': None, 'rtimedn': 13, 'rtimeup': 13}",,,,
truthfulness,"{'apply': True, 'distribution_type': 'uniform', 'interval': [0, 1], 'coefficients': [1, 1]}",1,3,24,1733267979,BDG-570-5351,TREE-1.2-0.0-0.0,"['c8fd32a8-bd36-4574-9359-072a968da39f', '5f76705c-6173-4df7-a873-dc0c321186d2']","['participant', 'participant']","['lemon', 'hexagon']","['hsla(287, 74%, 48%, 1.0)', 'hsla(70, 54%, 51%, 1.0)']","[[1.0, 0.1916227740155505], [0.1916227740155505, 1.0]]","{0: '', 1: 'A', 2: 'B'}",,1,after,"[False, True]","{'max': 21, 'min': 21, 'avg': 21.0, 'root': 12}","[0, -10]","[116, 102]",sequential,chance,chance,"[1.0, 1.0]","[0.5, 1.0]","[0.5, 1.0]","[0.5, 1.0]","[0.375, 0.0]","[0.625, 0.0]",[[0]],[[1]],[[2]],"(0, 12)","(12, 21)","(12, 21)",{},{},{},"['A', 'B']",[],[],0,0,5,3,5,1,A,,,,,,,A,,,,,"{'rtype': 'select-node', 'rtimedn': 7.328, 'rtimeup': 7.328}",,,,,,,"{'rtype': None, 'rtimedn': 13, 'rtimeup': 13}",,,,
complexity,"{'apply': True, 'distribution_type': 'uniform', 'interval': [0, 1], 'coefficients': [1, 1]}",1,4,24,1733267979,BDG-123-1554,TREE-1.2-0.0-0.0,"['0777b594-b926-41c0-a957-8bc1466938d6', '8e19ce2e-c87f-48f0-8bfc-7683d9b2e4dd']","['participant', 'participant']","['teardrop', 'ghost']","['hsla(92, 85%, 62%, 1.0)', 'hsla(85, 94%, 40%, 1.0)']","[[1.0, 0.01805869074492099], [0.01805869074492099, 1.0]]","{0: '', 1: 'A', 2: 'B'}",,2,after,"[True, True]","{'max': 21, 'min': 21, 'avg': 21.0, 'root': 12}","[-10, -10]","[-57, 133]",sequential,chance,chance,"[1.0, 1.0]","[0.5, 1.0]","[0.5, 1.0]","[0.5, 1.0]","[0.375, 0.0]","[0.625, 0.0]",[[0]],[[1]],[[2]],"(0, 12)","(12, 21)","(12, 21)",{},{},{},"['A', 'B']",[],[],0,0,1,5,5,4,B,,,,,,,B,,,,,"{'rtype': None, 'rtimedn': 13, 'rtimeup': 13}",,,,,,,"{'rtype': 'select-node', 'rtimedn': 123.329, 'rtimeup': 123.329}",,,,
agency,"{'apply': True, 'distribution_type': 'uniform', 'interval': [0, 1], 'coefficients': [1, 1]}",2,0,24,1733267989,BDG-392-4143,TREE-1.2-0.0-0.0,"['8e19ce2e-c87f-48f0-8bfc-7683d9b2e4dd', '77c58d68-8844-4481-8b54-aaaa442736eb']","['participant', 'robot']","['ghost', 'arrow-head']","['hsla(85, 94%, 40%, 1.0)', 'hsla(321, 93%, 47%, 1.0)']","[[1.0, 0.1916227740155505], [0.1916227740155505, 1.0]]","{0: '', 1: 'A', 2: 'B'}",,2,after,"[True, True]","{'max': 21, 'min': 21, 'avg': 21.0, 'root': 12}","[-10, -10]","[133, 144]",sequential,chance,chance,"[1.0, 1.0]","[0.5, 1.0]","[0.5, 1.0]","[0.5, 1.0]","[0.375, 0.0]","[0.625, 0.0]",[[0]],[[1]],[[2]],"(0, 12)","(12, 21)","(12, 21)",{},{},{},"['A', 'B']",[],[],0,0,4,1,4,3,B,,,,,,,B,,,,,"{'rtype': 'select-node', 'rtimedn': 124.835, 'rtimeup': 124.835}",,,,,,,"{'rtype': 'select-node', 'rtimedn': 65.195, 'rtimeup': 65.195}",,,,
base_url,https://yourschool.sona-systems.com/webstudy_credit.aspx,2,1,24,1733267991,BDG-097-1453,TREE-1.2-0.0-0.0,"['f3a21fc8-4369-4542-8598-2292ed9be343', 'b9cad2fe-91ea-4850-9eba-4e5012f57013']","['robot', 'participant']","['jagged-sun', 'star-six']","['hsla(237, 95%, 65%, 1.0)', 'hsla(291, 82%, 51%, 1.0)']","[[1.0, 0.22096814647604712], [0.22096814647604712, 1.0]]","{0: '', 1: 'A', 2: 'B'}",,2,after,"[True, False]","{'max': 21, 'min': 21, 'avg': 21.0, 'root': 12}","[-10, 0]","[133, 96]",sequential,chance,chance,"[1.0, 1.0]","[0.5, 1.0]","[0.5, 1.0]","[0.5, 1.0]","[0.375, 0.0]","[0.625, 0.0]",[[0]],[[1]],[[2]],"(0, 12)","(12, 21)","(12, 21)",{},{},{},"['A', 'B']",[],[],0,0,1,4,5,3,B,,,,,,,A,,,,,"{'rtype': 'select-node', 'rtimedn': 100.653, 'rtimeup': 100.653}",,,,,,,"{'rtype': 'select-node', 'rtimedn': 6.505, 'rtimeup': 6.505}",,,,
instructions,['No additional instructions.'],2,2,24,1733267993,BDG-424-4255,TREE-1.2-0.0-0.0,"['75443486-7234-4f3b-8f58-7b096a872d36', 'ef055cb1-489a-4c91-bf6d-d2b339e93b4a']","['participant', 'participant']","['dodecagon', 'dent-square']","['hsla(97, 75%, 39%, 1.0)', 'hsla(236, 100%, 59%, 1.0)']","[[1.0, 0.22096814647604712], [0.22096814647604712, 1.0]]","{0: '', 1: 'A', 2: 'B'}",,2,after,"[False, True]","{'max': 21, 'min': 21, 'avg': 21.0, 'root': 12}","[0, -10]","[142, 139]",sequential,chance,chance,"[1.0, 1.0]","[0.5, 1.0]","[0.5, 1.0]","[0.5, 1.0]","[0.375, 0.0]","[0.625, 0.0]",[[0]],[[1]],[[2]],"(0, 12)","(12, 21)","(12, 21)",{},{},{},"['A', 'B']",[],[],0,0,4,2,5,5,B,,,,,,,A,,,,,"{'rtype': 'select-node', 'rtimedn': 8.648, 'rtimeup': 8.648}",,,,,,,"{'rtype': None, 'rtimedn': 13, 'rtimeup': 13}",,,,
consent,"['UNIVERSITY OF MICHIGAN', 'CONSENT TO BE PART OF A RESEARCH STUDY HUM00243214', 'Platform Title: The Morality Game', 'Platform Creator: Gregory Stanley, Ph.D. Candidate, University of Michigan', 'Faculty Advisor: Jun Zhang, Professor of Psychology, University of Michigan', 'Thank you for your interest in participating in this experiment.  This is an unpaid experiment.  You will receive credit for 1 hour of Subject Pool participation.  Please be ready for 1 hour of continuous participation.  If you are inactive for over 2 minutes, the system will automatically eject you from the experiment.  Your counterparts are human participants, unless they drop out of the experiment, in which case they will be replaced by artificial agents.  Please feel free to contact me, Greg, at (714) 454-0435 if you have any questions.  All other information relevant to your consent was covered by the platform general-consent form in the tutorial.  You must be 18 years of age or older to participate in this study.', '']",2,3,24,1733267988,BDG-087-1433,TREE-1.2-0.0-0.0,"['ed9b60ed-b3a8-44ac-a0ca-fca1d3647529', '0777b594-b926-41c0-a957-8bc1466938d6']","['participant', 'participant']","['circle', 'teardrop']","['hsla(137, 55%, 54%, 1.0)', 'hsla(92, 85%, 62%, 1.0)']","[[1.0, 0.1916227740155505], [0.1916227740155505, 1.0]]","{0: '', 1: 'A', 2: 'B'}",,2,after,"[False, False]","{'max': 21, 'min': 21, 'avg': 21.0, 'root': 12}","[0, 0]","[125, -57]",sequential,chance,chance,"[1.0, 1.0]","[0.5, 1.0]","[0.5, 1.0]","[0.5, 1.0]","[0.375, 0.0]","[0.625, 0.0]",[[0]],[[1]],[[2]],"(0, 12)","(12, 21)","(12, 21)",{},{},{},"['A', 'B']",[],[],0,0,1,4,3,3,B,,,,,,,A,,,,,"{'rtype': 'select-node', 'rtimedn': 8.528, 'rtimeup': 8.528}",,,,,,,"{'rtype': 'select-node', 'rtimedn': 6.457, 'rtimeup': 6.457}",,,,
experiment_code,eGfzR5QoOZLq,2,4,24,1733267989,BDG-396-4152,TREE-1.2-0.0-0.0,"['5f76705c-6173-4df7-a873-dc0c321186d2', 'c8fd32a8-bd36-4574-9359-072a968da39f']","['participant', 'participant']","['hexagon', 'lemon']","['hsla(70, 54%, 51%, 1.0)', 'hsla(287, 74%, 48%, 1.0)']","[[1.0, 0.1916227740155505], [0.1916227740155505, 1.0]]","{0: '', 1: 'A', 2: 'B'}",,2,after,"[False, False]","{'max': 21, 'min': 21, 'avg': 21.0, 'root': 12}","[0, 0]","[102, 116]",sequential,chance,chance,"[1.0, 1.0]","[0.5, 1.0]","[0.5, 1.0]","[0.5, 1.0]","[0.375, 0.0]","[0.625, 0.0]",[[0]],[[1]],[[2]],"(0, 12)","(12, 21)","(12, 21)",{},{},{},"['A', 'B']",[],[],0,0,4,1,5,2,B,,,,,,,B,,,,,"{'rtype': 'select-node', 'rtimedn': 8.642, 'rtimeup': 8.642}",,,,,,,"{'rtype': 'select-node', 'rtimedn': 8.869, 'rtimeup': 8.869}",,,,
experiment_type,pilot,3,0,24,1733268007,BDG-127-2113,TREE-1.2-0.0-0.0,"['b9cad2fe-91ea-4850-9eba-4e5012f57013', 'c8fd32a8-bd36-4574-9359-072a968da39f']","['participant', 'participant']","['star-six', 'lemon']","['hsla(291, 82%, 51%, 1.0)', 'hsla(287, 74%, 48%, 1.0)']","[[1.0, 0.05392525708552796], [0.05392525708552796, 1.0]]","{0: '', 1: 'A', 2: 'B'}",,2,after,"[False, False]","{'max': 21, 'min': 21, 'avg': 21.0, 'root': 12}","[0, 0]","[96, 116]",sequential,chance,chance,"[1.0, 1.0]","[0.5, 1.0]","[0.5, 1.0]","[0.5, 1.0]","[0.375, 0.0]","[0.625, 0.0]",[[0]],[[1]],[[2]],"(0, 12)","(12, 21)","(12, 21)",{},{},{},"['A', 'B']",[],[],0,0,2,1,1,3,B,,,,,,,A,,,,,"{'rtype': 'select-node', 'rtimedn': 8.185, 'rtimeup': 8.185}",,,,,,,"{'rtype': 'select-node', 'rtimedn': 10.663, 'rtimeup': 10.663}",,,,
status,open,3,1,24,1733268004,BDG-385-4131,TREE-1.2-0.0-0.0,"['ed9b60ed-b3a8-44ac-a0ca-fca1d3647529', '8e19ce2e-c87f-48f0-8bfc-7683d9b2e4dd']","['participant', 'participant']","['circle', 'ghost']","['hsla(137, 55%, 54%, 1.0)', 'hsla(85, 94%, 40%, 1.0)']","[[1.0, 0.05392525708552796], [0.05392525708552796, 1.0]]","{0: '', 1: 'A', 2: 'B'}",,2,after,"[False, True]","{'max': 21, 'min': 21, 'avg': 21.0, 'root': 12}","[0, -10]","[125, 133]",sequential,chance,chance,"[1.0, 1.0]","[0.5, 1.0]","[0.5, 1.0]","[0.5, 1.0]","[0.375, 0.0]","[0.625, 0.0]",[[0]],[[1]],[[2]],"(0, 12)","(12, 21)","(12, 21)",{},{},{},"['A', 'B']",[],[],0,0,4,1,3,1,B,,,,,,,B,,,,,"{'rtype': 'select-node', 'rtimedn': 10.285, 'rtimeup': 10.285}",,,,,,,"{'rtype': 'select-node', 'rtimedn': 126.242, 'rtimeup': 126.242}",,,,
start_date,2024-12-03-18:14,3,2,24,1733268004,BDG-014-1135,TREE-1.2-0.0-0.0,"['77c58d68-8844-4481-8b54-aaaa442736eb', 'f3a21fc8-4369-4542-8598-2292ed9be343']","['robot', 'robot']","['arrow-head', 'jagged-sun']","['hsla(321, 93%, 47%, 1.0)', 'hsla(237, 95%, 65%, 1.0)']","[[1.0, 0.14898419864559817], [0.14898419864559817, 1.0]]","{0: '', 1: 'A', 2: 'B'}",,2,after,"[True, True]","{'max': 21, 'min': 21, 'avg': 21.0, 'root': 12}","[-10, -10]","[144, 133]",sequential,chance,chance,"[1.0, 1.0]","[0.5, 1.0]","[0.5, 1.0]","[0.5, 1.0]","[0.625, 0.0]","[0.375, 0.0]",[[0]],[[1]],[[2]],"(0, 12)","(12, 21)","(12, 21)",{},{},{},"['A', 'B']",[],[],0,0,1,1,3,5,B,,,,,,,A,,,,,"{'rtype': 'select-node', 'rtimedn': 66.651, 'rtimeup': 66.651}",,,,,,,"{'rtype': 'select-node', 'rtimedn': 101.708, 'rtimeup': 101.708}",,,,
experimenter_uuid,90427df1-2b1e-4653-9e04-f86c9e4bfa2c,3,3,24,1733268008,BDG-393-4144,TREE-1.2-0.0-0.0,"['5f76705c-6173-4df7-a873-dc0c321186d2', 'ef055cb1-489a-4c91-bf6d-d2b339e93b4a']","['participant', 'participant']","['hexagon', 'dent-square']","['hsla(70, 54%, 51%, 1.0)', 'hsla(236, 100%, 59%, 1.0)']","[[1.0, 0.08251818409831953], [0.08251818409831953, 1.0]]","{0: '', 1: 'A', 2: 'B'}",,2,after,"[False, True]","{'max': 21, 'min': 21, 'avg': 21.0, 'root': 12}","[0, -10]","[102, 139]",sequential,chance,chance,"[1.0, 1.0]","[0.5, 1.0]","[0.5, 1.0]","[0.5, 1.0]","[0.625, 0.0]","[0.375, 0.0]",[[0]],[[1]],[[2]],"(0, 12)","(12, 21)","(12, 21)",{},{},{},"['A', 'B']",[],[],0,0,4,1,4,4,B,,,,,,,B,,,,,"{'rtype': 'select-node', 'rtimedn': 10.597, 'rtimeup': 10.597}",,,,,,,"{'rtype': 'select-node', 'rtimedn': 277.327, 'rtimeup': 277.327}",,,,
batches,"{'completed': 110, 'batch_study': True}",3,4,24,1733268008,BDG-146-2152,TREE-1.2-0.0-0.0,"['0777b594-b926-41c0-a957-8bc1466938d6', '75443486-7234-4f3b-8f58-7b096a872d36']","['participant', 'participant']","['teardrop', 'dodecagon']","['hsla(92, 85%, 62%, 1.0)', 'hsla(97, 75%, 39%, 1.0)']","[[1.0, 0.05392525708552796], [0.05392525708552796, 1.0]]","{0: '', 1: 'A', 2: 'B'}",,1,after,"[True, False]","{'max': 21, 'min': 21, 'avg': 21.0, 'root': 12}","[-10, 0]","[-57, 142]",sequential,chance,chance,"[1.0, 1.0]","[0.5, 1.0]","[0.5, 1.0]","[0.5, 1.0]","[0.625, 0.0]","[0.375, 0.0]",[[0]],[[1]],[[2]],"(0, 12)","(12, 21)","(12, 21)",{},{},{},"['A', 'B']",[],[],0,0,2,1,5,2,A,,,,,,,B,,,,,"{'rtype': None, 'rtimedn': 13, 'rtimeup': 13}",,,,,,,"{'rtype': 'select-node', 'rtimedn': 10.167, 'rtimeup': 10.167}",,,,
predetermined_trials,,4,0,24,1733268023,BDG-383-4124,TREE-1.2-0.0-0.0,"['0777b594-b926-41c0-a957-8bc1466938d6', 'b9cad2fe-91ea-4850-9eba-4e5012f57013']","['participant', 'participant']","['teardrop', 'star-six']","['hsla(92, 85%, 62%, 1.0)', 'hsla(291, 82%, 51%, 1.0)']","[[1.0, 0.12315023827439175], [0.12315023827439175, 1.0]]","{0: '', 1: 'A', 2: 'B'}",,1,after,"[True, False]","{'max': 21, 'min': 21, 'avg': 21.0, 'root': 12}","[-10, 0]","[-57, 96]",sequential,chance,chance,"[1.0, 1.0]","[0.5, 1.0]","[0.5, 1.0]","[0.5, 1.0]","[0.375, 0.0]","[0.625, 0.0]",[[0]],[[1]],[[2]],"(0, 12)","(12, 21)","(12, 21)",{},{},{},"['A', 'B']",[],[],0,0,4,1,2,4,A,,,,,,,A,,,,,"{'rtype': None, 'rtimedn': 13, 'rtimeup': 13}",,,,,,,"{'rtype': 'select-node', 'rtimedn': 9.496, 'rtimeup': 9.496}",,,,
,,4,1,24,1733268018,BDG-602-5513,TREE-1.2-0.0-0.0,"['8e19ce2e-c87f-48f0-8bfc-7683d9b2e4dd', 'c8fd32a8-bd36-4574-9359-072a968da39f']","['participant', 'participant']","['ghost', 'lemon']","['hsla(85, 94%, 40%, 1.0)', 'hsla(287, 74%, 48%, 1.0)']","[[1.0, 0.22096814647604712], [0.22096814647604712, 1.0]]","{0: '', 1: 'A', 2: 'B'}",,1,after,"[True, False]","{'max': 21, 'min': 21, 'avg': 21.0, 'root': 12}","[-10, 0]","[133, 116]",sequential,chance,chance,"[1.0, 1.0]","[0.5, 1.0]","[0.5, 1.0]","[0.5, 1.0]","[0.625, 0.0]","[0.375, 0.0]",[[0]],[[1]],[[2]],"(0, 12)","(12, 21)","(12, 21)",{},{},{},"['A', 'B']",[],[],0,0,5,5,1,3,A,,,,,,,A,,,,,"{'rtype': 'select-node', 'rtimedn': 127.821, 'rtimeup': 127.821}",,,,,,,"{'rtype': 'select-node', 'rtimedn': 11.628, 'rtimeup': 11.628}",,,,
,,4,2,24,1733268017,BDG-606-5522,TREE-1.2-0.0-0.0,"['75443486-7234-4f3b-8f58-7b096a872d36', 'ed9b60ed-b3a8-44ac-a0ca-fca1d3647529']","['participant', 'participant']","['dodecagon', 'circle']","['hsla(97, 75%, 39%, 1.0)', 'hsla(137, 55%, 54%, 1.0)']","[[1.0, 0.08251818409831953], [0.08251818409831953, 1.0]]","{0: '', 1: 'A', 2: 'B'}",,1,after,"[False, False]","{'max': 21, 'min': 21, 'avg': 21.0, 'root': 12}","[0, 0]","[142, 125]",sequential,chance,chance,"[1.0, 1.0]","[0.5, 1.0]","[0.5, 1.0]","[0.5, 1.0]","[0.375, 0.0]","[0.625, 0.0]",[[0]],[[1]],[[2]],"(0, 12)","(12, 21)","(12, 21)",{},{},{},"['A', 'B']",[],[],0,0,5,5,2,2,A,,,,,,,A,,,,,"{'rtype': 'select-node', 'rtimedn': 11.518, 'rtimeup': 11.518}",,,,,,,"{'rtype': 'select-node', 'rtimedn': 11.583, 'rtimeup': 11.583}",,,,
,,4,3,24,1733268018,BDG-585-5431,TREE-1.2-0.0-0.0,"['f3a21fc8-4369-4542-8598-2292ed9be343', '77c58d68-8844-4481-8b54-aaaa442736eb']","['robot', 'robot']","['jagged-sun', 'arrow-head']","['hsla(237, 95%, 65%, 1.0)', 'hsla(321, 93%, 47%, 1.0)']","[[1.0, 0.14898419864559817], [0.14898419864559817, 1.0]]","{0: '', 1: 'A', 2: 'B'}",,1,after,"[True, True]","{'max': 21, 'min': 21, 'avg': 21.0, 'root': 12}","[-10, -10]","[133, 144]",sequential,chance,chance,"[1.0, 1.0]","[0.5, 1.0]","[0.5, 1.0]","[0.5, 1.0]","[0.375, 0.0]","[0.625, 0.0]",[[0]],[[1]],[[2]],"(0, 12)","(12, 21)","(12, 21)",{},{},{},"['A', 'B']",[],[],0,0,5,4,3,1,A,,,,,,,A,,,,,"{'rtype': 'select-node', 'rtimedn': 103.009, 'rtimeup': 103.009}",,,,,,,"{'rtype': 'select-node', 'rtimedn': 68.042, 'rtimeup': 68.042}",,,,
,,4,4,24,1733268022,BDG-528-5214,TREE-1.2-0.0-0.0,"['ef055cb1-489a-4c91-bf6d-d2b339e93b4a', '5f76705c-6173-4df7-a873-dc0c321186d2']","['participant', 'participant']","['dent-square', 'hexagon']","['hsla(236, 100%, 59%, 1.0)', 'hsla(70, 54%, 51%, 1.0)']","[[1.0, 0.08251818409831953], [0.08251818409831953, 1.0]]","{0: '', 1: 'A', 2: 'B'}",,1,after,"[True, False]","{'max': 21, 'min': 21, 'avg': 21.0, 'root': 12}","[-10, 0]","[139, 102]",sequential,chance,chance,"[1.0, 1.0]","[0.5, 1.0]","[0.5, 1.0]","[0.5, 1.0]","[0.625, 0.0]","[0.375, 0.0]",[[0]],[[1]],[[2]],"(0, 12)","(12, 21)","(12, 21)",{},{},{},"['A', 'B']",[],[],0,0,5,2,1,4,A,,,,,,,B,,,,,"{'rtype': 'select-node', 'rtimedn': 278.752, 'rtimeup': 278.752}",,,,,,,"{'rtype': 'select-node', 'rtimedn': 11.968, 'rtimeup': 11.968}",,,,
,,5,0,24,1733268031,BDG-602-5513,TREE-1.2-0.0-0.0,"['77c58d68-8844-4481-8b54-aaaa442736eb', '75443486-7234-4f3b-8f58-7b096a872d36']","['robot', 'participant']","['arrow-head', 'dodecagon']","['hsla(321, 93%, 47%, 1.0)', 'hsla(97, 75%, 39%, 1.0)']","[[1.0, 0.12315023827439175], [0.12315023827439175, 1.0]]","{0: '', 1: 'A', 2: 'B'}",,1,after,"[True, True]","{'max': 21, 'min': 21, 'avg': 21.0, 'root': 12}","[-10, -10]","[144, 142]",sequential,chance,chance,"[1.0, 1.0]","[0.5, 1.0]","[0.5, 1.0]","[0.5, 1.0]","[0.625, 0.0]","[0.375, 0.0]",[[0]],[[1]],[[2]],"(0, 12)","(12, 21)","(12, 21)",{},{},{},"['A', 'B']",[],[],0,0,5,5,1,3,A,,,,,,,A,,,,,"{'rtype': 'select-node', 'rtimedn': 69.38, 'rtimeup': 69.38}",,,,,,,"{'rtype': 'select-node', 'rtimedn': 12.935, 'rtimeup': 12.935}",,,,
,,5,1,24,1733268032,BDG-024-1155,TREE-1.2-0.0-0.0,"['b9cad2fe-91ea-4850-9eba-4e5012f57013', 'ed9b60ed-b3a8-44ac-a0ca-fca1d3647529']","['participant', 'participant']","['star-six', 'circle']","['hsla(291, 82%, 51%, 1.0)', 'hsla(137, 55%, 54%, 1.0)']","[[1.0, 0.1442187108101329], [0.1442187108101329, 1.0]]","{0: '', 1: 'A', 2: 'B'}",,1,after,"[False, True]","{'max': 21, 'min': 21, 'avg': 21.0, 'root': 12}","[0, -10]","[96, 125]",sequential,chance,chance,"[1.0, 1.0]","[0.5, 1.0]","[0.5, 1.0]","[0.5, 1.0]","[0.625, 0.0]","[0.375, 0.0]",[[0]],[[1]],[[2]],"(0, 12)","(12, 21)","(12, 21)",{},{},{},"['A', 'B']",[],[],0,0,1,1,5,5,A,,,,,,,B,,,,,"{'rtype': 'select-node', 'rtimedn': 10.856, 'rtimeup': 10.856}",,,,,,,"{'rtype': 'select-node', 'rtimedn': 12.908, 'rtimeup': 12.908}",,,,
,,5,2,24,1733268037,BDG-129-2115,TREE-1.2-0.0-0.0,"['5f76705c-6173-4df7-a873-dc0c321186d2', '0777b594-b926-41c0-a957-8bc1466938d6']","['participant', 'participant']","['hexagon', 'teardrop']","['hsla(70, 54%, 51%, 1.0)', 'hsla(92, 85%, 62%, 1.0)']","[[1.0, 0.22096814647604712], [0.22096814647604712, 1.0]]","{0: '', 1: 'A', 2: 'B'}",,1,after,"[True, True]","{'max': 21, 'min': 21, 'avg': 21.0, 'root': 12}","[-10, -10]","[102, -57]",sequential,chance,chance,"[1.0, 1.0]","[0.5, 1.0]","[0.5, 1.0]","[0.5, 1.0]","[0.375, 0.0]","[0.625, 0.0]",[[0]],[[1]],[[2]],"(0, 12)","(12, 21)","(12, 21)",{},{},{},"['A', 'B']",[],[],0,0,2,1,1,5,A,,,,,,,B,,,,,"{'rtype': None, 'rtimedn': 13, 'rtimeup': 13}",,,,,,,"{'rtype': None, 'rtimedn': 13, 'rtimeup': 13}",,,,
,,5,3,24,1733268032,BDG-523-5154,TREE-1.2-0.0-0.0,"['ef055cb1-489a-4c91-bf6d-d2b339e93b4a', '8e19ce2e-c87f-48f0-8bfc-7683d9b2e4dd']","['participant', 'participant']","['dent-square', 'ghost']","['hsla(236, 100%, 59%, 1.0)', 'hsla(85, 94%, 40%, 1.0)']","[[1.0, 0.1442187108101329], [0.1442187108101329, 1.0]]","{0: '', 1: 'A', 2: 'B'}",,2,after,"[True, True]","{'max': 21, 'min': 21, 'avg': 21.0, 'root': 12}","[-10, -10]","[139, 133]",sequential,chance,chance,"[1.0, 1.0]","[0.5, 1.0]","[0.5, 1.0]","[0.5, 1.0]","[0.625, 0.0]","[0.375, 0.0]",[[0]],[[1]],[[2]],"(0, 12)","(12, 21)","(12, 21)",{},{},{},"['A', 'B']",[],[],0,0,5,1,5,4,B,,,,,,,B,,,,,"{'rtype': 'select-node', 'rtimedn': 280.097, 'rtimeup': 280.097}",,,,,,,"{'rtype': 'select-node', 'rtimedn': 129.245, 'rtimeup': 129.245}",,,,
,,5,4,24,1733268032,BDG-480-4521,TREE-1.2-0.0-0.0,"['f3a21fc8-4369-4542-8598-2292ed9be343', 'c8fd32a8-bd36-4574-9359-072a968da39f']","['robot', 'participant']","['jagged-sun', 'lemon']","['hsla(237, 95%, 65%, 1.0)', 'hsla(287, 74%, 48%, 1.0)']","[[1.0, 0.1442187108101329], [0.1442187108101329, 1.0]]","{0: '', 1: 'A', 2: 'B'}",,1,after,"[True, True]","{'max': 21, 'min': 21, 'avg': 21.0, 'root': 12}","[-10, -10]","[133, 116]",sequential,chance,chance,"[1.0, 1.0]","[0.5, 1.0]","[0.5, 1.0]","[0.5, 1.0]","[0.375, 0.0]","[0.625, 0.0]",[[0]],[[1]],[[2]],"(0, 12)","(12, 21)","(12, 21)",{},{},{},"['A', 'B']",[],[],0,0,4,5,2,1,A,,,,,,,A,,,,,"{'rtype': 'select-node', 'rtimedn': 104.464, 'rtimeup': 104.464}",,,,,,,"{'rtype': 'select-node', 'rtimedn': 13.152, 'rtimeup': 13.152}",,,,
,,6,0,24,1733268046,BDG-188-2334,TREE-1.2-0.0-0.0,"['77c58d68-8844-4481-8b54-aaaa442736eb', 'ed9b60ed-b3a8-44ac-a0ca-fca1d3647529']","['robot', 'participant']","['arrow-head', 'circle']","['hsla(321, 93%, 47%, 1.0)', 'hsla(137, 55%, 54%, 1.0)']","[[1.0, 0.22096814647604712], [0.22096814647604712, 1.0]]","{0: '', 1: 'A', 2: 'B'}",,2,after,"[True, True]","{'max': 21, 'min': 21, 'avg': 21.0, 'root': 12}","[-10, -10]","[144, 125]",sequential,chance,chance,"[1.0, 1.0]","[0.5, 1.0]","[0.5, 1.0]","[0.5, 1.0]","[0.625, 0.0]","[0.375, 0.0]",[[0]],[[1]],[[2]],"(0, 12)","(12, 21)","(12, 21)",{},{},{},"['A', 'B']",[],[],0,0,2,3,3,4,B,,,,,,,B,,,,,"{'rtype': 'select-node', 'rtimedn': 70.879, 'rtimeup': 70.879}",,,,,,,"{'rtype': 'select-node', 'rtimedn': 14.472, 'rtimeup': 14.472}",,,,
,,6,1,24,1733268049,BDG-557-5323,TREE-1.2-0.0-0.0,"['ef055cb1-489a-4c91-bf6d-d2b339e93b4a', 'f3a21fc8-4369-4542-8598-2292ed9be343']","['participant', 'robot']","['dent-square', 'jagged-sun']","['hsla(236, 100%, 59%, 1.0)', 'hsla(237, 95%, 65%, 1.0)']","[[1.0, 0.1916227740155505], [0.1916227740155505, 1.0]]","{0: '', 1: 'A', 2: 'B'}",,1,after,"[True, True]","{'max': 21, 'min': 21, 'avg': 21.0, 'root': 12}","[-10, -10]","[139, 133]",sequential,chance,chance,"[1.0, 1.0]","[0.5, 1.0]","[0.5, 1.0]","[0.5, 1.0]","[0.625, 0.0]","[0.375, 0.0]",[[0]],[[1]],[[2]],"(0, 12)","(12, 21)","(12, 21)",{},{},{},"['A', 'B']",[],[],0,0,5,3,2,3,A,,,,,,,A,,,,,"{'rtype': 'select-node', 'rtimedn': 281.847, 'rtimeup': 281.847}",,,,,,,"{'rtype': 'select-node', 'rtimedn': 106.004, 'rtimeup': 106.004}",,,,
,,6,2,24,1733268048,BDG-162-2233,TREE-1.2-0.0-0.0,"['b9cad2fe-91ea-4850-9eba-4e5012f57013', '75443486-7234-4f3b-8f58-7b096a872d36']","['participant', 'participant']","['star-six', 'dodecagon']","['hsla(291, 82%, 51%, 1.0)', 'hsla(97, 75%, 39%, 1.0)']","[[1.0, 0.1916227740155505], [0.1916227740155505, 1.0]]","{0: '', 1: 'A', 2: 'B'}",,1,after,"[True, True]","{'max': 21, 'min': 21, 'avg': 21.0, 'root': 12}","[-10, -10]","[96, 142]",sequential,chance,chance,"[1.0, 1.0]","[0.5, 1.0]","[0.5, 1.0]","[0.5, 1.0]","[0.625, 0.0]","[0.375, 0.0]",[[0]],[[1]],[[2]],"(0, 12)","(12, 21)","(12, 21)",{},{},{},"['A', 'B']",[],[],0,0,2,2,3,3,A,,,,,,,B,,,,,"{'rtype': 'select-node', 'rtimedn': 12.436, 'rtimeup': 12.436}",,,,,,,"{'rtype': 'select-node', 'rtimedn': 14.41, 'rtimeup': 14.41}",,,,
,,6,3,24,1733268046,BDG-249-2555,TREE-1.2-0.0-0.0,"['8e19ce2e-c87f-48f0-8bfc-7683d9b2e4dd', 'c8fd32a8-bd36-4574-9359-072a968da39f']","['participant', 'participant']","['ghost', 'lemon']","['hsla(85, 94%, 40%, 1.0)', 'hsla(287, 74%, 48%, 1.0)']","[[1.0, 0.22096814647604712], [0.22096814647604712, 1.0]]","{0: '', 1: 'A', 2: 'B'}",,2,after,"[True, True]","{'max': 21, 'min': 21, 'avg': 21.0, 'root': 12}","[-10, -10]","[133, 116]",sequential,chance,chance,"[1.0, 1.0]","[0.5, 1.0]","[0.5, 1.0]","[0.5, 1.0]","[0.625, 0.0]","[0.375, 0.0]",[[0]],[[1]],[[2]],"(0, 12)","(12, 21)","(12, 21)",{},{},{},"['A', 'B']",[],[],0,0,2,5,5,5,B,,,,,,,B,,,,,"{'rtype': 'select-node', 'rtimedn': 130.56, 'rtimeup': 130.56}",,,,,,,"{'rtype': 'select-node', 'rtimedn': 14.546, 'rtimeup': 14.546}",,,,
,,6,4,24,1733268052,BDG-202-2413,TREE-1.2-0.0-0.0,"['5f76705c-6173-4df7-a873-dc0c321186d2', '0777b594-b926-41c0-a957-8bc1466938d6']","['participant', 'participant']","['hexagon', 'teardrop']","['hsla(70, 54%, 51%, 1.0)', 'hsla(92, 85%, 62%, 1.0)']","[[1.0, 0.22096814647604712], [0.22096814647604712, 1.0]]","{0: '', 1: 'A', 2: 'B'}",,2,after,"[True, True]","{'max': 21, 'min': 21, 'avg': 21.0, 'root': 12}","[-10, -10]","[102, -57]",sequential,chance,chance,"[1.0, 1.0]","[0.5, 1.0]","[0.5, 1.0]","[0.5, 1.0]","[0.625, 0.0]","[0.375, 0.0]",[[0]],[[1]],[[2]],"(0, 12)","(12, 21)","(12, 21)",{},{},{},"['A', 'B']",[],[],0,0,2,4,1,3,B,,,,,,,A,,,,,"{'rtype': 'select-node', 'rtimedn': 14.99, 'rtimeup': 14.99}",,,,,,,"{'rtype': 'select-node', 'rtimedn': 12.049, 'rtimeup': 12.049}",,,,
,,7,0,24,1733268061,BDG-365-3541,TREE-1.2-0.0-0.0,"['ed9b60ed-b3a8-44ac-a0ca-fca1d3647529', 'b9cad2fe-91ea-4850-9eba-4e5012f57013']","['participant', 'participant']","['circle', 'star-six']","['hsla(137, 55%, 54%, 1.0)', 'hsla(291, 82%, 51%, 1.0)']","[[1.0, 0.1442187108101329], [0.1442187108101329, 1.0]]","{0: '', 1: 'A', 2: 'B'}",,2,after,"[True, True]","{'max': 21, 'min': 21, 'avg': 21.0, 'root': 12}","[-10, -10]","[125, 96]",sequential,chance,chance,"[1.0, 1.0]","[0.5, 1.0]","[0.5, 1.0]","[0.5, 1.0]","[0.375, 0.0]","[0.625, 0.0]",[[0]],[[1]],[[2]],"(0, 12)","(12, 21)","(12, 21)",{},{},{},"['A', 'B']",[],[],0,0,3,5,4,1,B,,,,,,,B,,,,,"{'rtype': 'select-node', 'rtimedn': 15.974, 'rtimeup': 15.974}",,,,,,,"{'rtype': 'select-node', 'rtimedn': 13.706, 'rtimeup': 13.706}",,,,
,,7,1,24,1733268062,BDG-022-1153,TREE-1.2-0.0-0.0,"['77c58d68-8844-4481-8b54-aaaa442736eb', '8e19ce2e-c87f-48f0-8bfc-7683d9b2e4dd']","['robot', 'participant']","['arrow-head', 'ghost']","['hsla(321, 93%, 47%, 1.0)', 'hsla(85, 94%, 40%, 1.0)']","[[1.0, 0.1916227740155505], [0.1916227740155505, 1.0]]","{0: '', 1: 'A', 2: 'B'}",,2,after,"[True, True]","{'max': 21, 'min': 21, 'avg': 21.0, 'root': 12}","[-10, -10]","[144, 133]",sequential,chance,chance,"[1.0, 1.0]","[0.5, 1.0]","[0.5, 1.0]","[0.5, 1.0]","[0.375, 0.0]","[0.625, 0.0]",[[0]],[[1]],[[2]],"(0, 12)","(12, 21)","(12, 21)",{},{},{},"['A', 'B']",[],[],0,0,1,1,5,3,B,,,,,,,A,,,,,"{'rtype': 'select-node', 'rtimedn': 72.259, 'rtimeup': 72.259}",,,,,,,"{'rtype': 'select-node', 'rtimedn': 132.183, 'rtimeup': 132.183}",,,,
,,7,2,24,1733268066,BDG-065-1341,TREE-1.2-0.0-0.0,"['5f76705c-6173-4df7-a873-dc0c321186d2', '75443486-7234-4f3b-8f58-7b096a872d36']","['participant', 'participant']","['hexagon', 'dodecagon']","['hsla(70, 54%, 51%, 1.0)', 'hsla(97, 75%, 39%, 1.0)']","[[1.0, 0.1442187108101329], [0.1442187108101329, 1.0]]","{0: '', 1: 'A', 2: 'B'}",,2,after,"[True, True]","{'max': 21, 'min': 21, 'avg': 21.0, 'root': 12}","[-10, -10]","[102, 142]",sequential,chance,chance,"[1.0, 1.0]","[0.5, 1.0]","[0.5, 1.0]","[0.5, 1.0]","[0.375, 0.0]","[0.625, 0.0]",[[0]],[[1]],[[2]],"(0, 12)","(12, 21)","(12, 21)",{},{},{},"['A', 'B']",[],[],0,0,1,3,4,1,B,,,,,,,B,,,,,"{'rtype': 'select-node', 'rtimedn': 16.377, 'rtimeup': 16.377}",,,,,,,"{'rtype': 'select-node', 'rtimedn': 16.11, 'rtimeup': 16.11}",,,,
,,7,3,24,1733268063,BDG-566-5342,TREE-1.2-0.0-0.0,"['f3a21fc8-4369-4542-8598-2292ed9be343', '0777b594-b926-41c0-a957-8bc1466938d6']","['robot', 'participant']","['jagged-sun', 'teardrop']","['hsla(237, 95%, 65%, 1.0)', 'hsla(92, 85%, 62%, 1.0)']","[[1.0, 0.08251818409831953], [0.08251818409831953, 1.0]]","{0: '', 1: 'A', 2: 'B'}",,2,after,"[True, True]","{'max': 21, 'min': 21, 'avg': 21.0, 'root': 12}","[-10, -10]","[133, -57]",sequential,chance,chance,"[1.0, 1.0]","[0.5, 1.0]","[0.5, 1.0]","[0.5, 1.0]","[0.625, 0.0]","[0.375, 0.0]",[[0]],[[1]],[[2]],"(0, 12)","(12, 21)","(12, 21)",{},{},{},"['A', 'B']",[],[],0,0,5,3,4,2,B,,,,,,,A,,,,,"{'rtype': 'select-node', 'rtimedn': 107.657, 'rtimeup': 107.657}",,,,,,,"{'rtype': 'select-node', 'rtimedn': 13.976, 'rtimeup': 13.976}",,,,
,,7,4,24,1733268062,BDG-412-4233,TREE-1.2-0.0-0.0,"['c8fd32a8-bd36-4574-9359-072a968da39f', 'ef055cb1-489a-4c91-bf6d-d2b339e93b4a']","['participant', 'participant']","['lemon', 'dent-square']","['hsla(287, 74%, 48%, 1.0)', 'hsla(236, 100%, 59%, 1.0)']","[[1.0, 0.12315023827439175], [0.12315023827439175, 1.0]]","{0: '', 1: 'A', 2: 'B'}",,2,after,"[True, True]","{'max': 21, 'min': 21, 'avg': 21.0, 'root': 12}","[-10, -10]","[116, 139]",sequential,chance,chance,"[1.0, 1.0]","[0.5, 1.0]","[0.5, 1.0]","[0.5, 1.0]","[0.625, 0.0]","[0.375, 0.0]",[[0]],[[1]],[[2]],"(0, 12)","(12, 21)","(12, 21)",{},{},{},"['A', 'B']",[],[],0,0,4,2,3,3,B,,,,,,,A,,,,,"{'rtype': 'select-node', 'rtimedn': 16.079, 'rtimeup': 16.079}",,,,,,,"{'rtype': 'select-node', 'rtimedn': 283.111, 'rtimeup': 283.111}",,,,
,,8,0,24,1733268076,BDG-124-1555,TREE-1.2-0.0-0.0,"['75443486-7234-4f3b-8f58-7b096a872d36', 'b9cad2fe-91ea-4850-9eba-4e5012f57013']","['participant', 'participant']","['dodecagon', 'star-six']","['hsla(97, 75%, 39%, 1.0)', 'hsla(291, 82%, 51%, 1.0)']","[[1.0, 0.1916227740155505], [0.1916227740155505, 1.0]]","{0: '', 1: 'A', 2: 'B'}",,2,after,"[True, True]","{'max': 21, 'min': 21, 'avg': 21.0, 'root': 12}","[-10, -10]","[142, 96]",sequential,chance,chance,"[1.0, 1.0]","[0.5, 1.0]","[0.5, 1.0]","[0.5, 1.0]","[0.375, 0.0]","[0.625, 0.0]",[[0]],[[1]],[[2]],"(0, 12)","(12, 21)","(12, 21)",{},{},{},"['A', 'B']",[],[],0,0,1,5,5,5,B,,,,,,,B,,,,,"{'rtype': 'select-node', 'rtimedn': 17.257, 'rtimeup': 17.257}",,,,,,,"{'rtype': 'select-node', 'rtimedn': 15.19, 'rtimeup': 15.19}",,,,
,,8,1,24,1733268078,BDG-215-2441,TREE-1.2-0.0-0.0,"['ef055cb1-489a-4c91-bf6d-d2b339e93b4a', 'c8fd32a8-bd36-4574-9359-072a968da39f']","['participant', 'participant']","['dent-square', 'lemon']","['hsla(236, 100%, 59%, 1.0)', 'hsla(287, 74%, 48%, 1.0)']","[[1.0, 0.12315023827439175], [0.12315023827439175, 1.0]]","{0: '', 1: 'A', 2: 'B'}",,2,after,"[True, True]","{'max': 21, 'min': 21, 'avg': 21.0, 'root': 12}","[-10, -10]","[139, 116]",sequential,chance,chance,"[1.0, 1.0]","[0.5, 1.0]","[0.5, 1.0]","[0.5, 1.0]","[0.625, 0.0]","[0.375, 0.0]",[[0]],[[1]],[[2]],"(0, 12)","(12, 21)","(12, 21)",{},{},{},"['A', 'B']",[],[],0,0,2,4,4,1,B,,,,,,,B,,,,,"{'rtype': 'select-node', 'rtimedn': 284.681, 'rtimeup': 284.681}",,,,,,,"{'rtype': 'select-node', 'rtimedn': 17.491, 'rtimeup': 17.491}",,,,
,,8,2,24,1733268080,BDG-438-4334,TREE-1.2-0.0-0.0,"['5f76705c-6173-4df7-a873-dc0c321186d2', 'f3a21fc8-4369-4542-8598-2292ed9be343']","['participant', 'robot']","['hexagon', 'jagged-sun']","['hsla(70, 54%, 51%, 1.0)', 'hsla(237, 95%, 65%, 1.0)']","[[1.0, 0.05392525708552796], [0.05392525708552796, 1.0]]","{0: '', 1: 'A', 2: 'B'}",,1,after,"[True, True]","{'max': 21, 'min': 21, 'avg': 21.0, 'root': 12}","[-10, -10]","[102, 133]",sequential,chance,chance,"[1.0, 1.0]","[0.5, 1.0]","[0.5, 1.0]","[0.5, 1.0]","[0.625, 0.0]","[0.375, 0.0]",[[0]],[[1]],[[2]],"(0, 12)","(12, 21)","(12, 21)",{},{},{},"['A', 'B']",[],[],0,0,4,3,3,4,A,,,,,,,A,,,,,"{'rtype': 'select-node', 'rtimedn': 17.811, 'rtimeup': 17.811}",,,,,,,"{'rtype': 'select-node', 'rtimedn': 108.881, 'rtimeup': 108.881}",,,,
,,8,3,24,1733268080,BDG-378-4114,TREE-1.2-0.0-0.0,"['ed9b60ed-b3a8-44ac-a0ca-fca1d3647529', '0777b594-b926-41c0-a957-8bc1466938d6']","['participant', 'participant']","['circle', 'teardrop']","['hsla(137, 55%, 54%, 1.0)', 'hsla(92, 85%, 62%, 1.0)']","[[1.0, 0.1916227740155505], [0.1916227740155505, 1.0]]","{0: '', 1: 'A', 2: 'B'}",,1,after,"[True, True]","{'max': 21, 'min': 21, 'avg': 21.0, 'root': 12}","[-10, -10]","[125, -57]",sequential,chance,chance,"[1.0, 1.0]","[0.5, 1.0]","[0.5, 1.0]","[0.5, 1.0]","[0.375, 0.0]","[0.625, 0.0]",[[0]],[[1]],[[2]],"(0, 12)","(12, 21)","(12, 21)",{},{},{},"['A', 'B']",[],[],0,0,4,1,1,4,A,,,,,,,A,,,,,"{'rtype': 'select-node', 'rtimedn': 17.223, 'rtimeup': 17.223}",,,,,,,"{'rtype': None, 'rtimedn': 13, 'rtimeup': 13}",,,,
,,8,4,24,1733268075,BDG-509-5125,TREE-1.2-0.0-0.0,"['8e19ce2e-c87f-48f0-8bfc-7683d9b2e4dd', '77c58d68-8844-4481-8b54-aaaa442736eb']","['participant', 'robot']","['ghost', 'arrow-head']","['hsla(85, 94%, 40%, 1.0)', 'hsla(321, 93%, 47%, 1.0)']","[[1.0, 0.1916227740155505], [0.1916227740155505, 1.0]]","{0: '', 1: 'A', 2: 'B'}",,2,after,"[True, True]","{'max': 21, 'min': 21, 'avg': 21.0, 'root': 12}","[-10, -10]","[133, 144]",sequential,chance,chance,"[1.0, 1.0]","[0.5, 1.0]","[0.5, 1.0]","[0.5, 1.0]","[0.625, 0.0]","[0.375, 0.0]",[[0]],[[1]],[[2]],"(0, 12)","(12, 21)","(12, 21)",{},{},{},"['A', 'B']",[],[],0,0,5,1,2,5,B,,,,,,,A,,,,,"{'rtype': 'select-node', 'rtimedn': 133.34, 'rtimeup': 133.34}",,,,,,,"{'rtype': 'select-node', 'rtimedn': 73.738, 'rtimeup': 73.738}",,,,
,,9,0,24,1733268090,BDG-283-3224,TREE-1.2-0.0-0.0,"['8e19ce2e-c87f-48f0-8bfc-7683d9b2e4dd', 'c8fd32a8-bd36-4574-9359-072a968da39f']","['participant', 'participant']","['ghost', 'lemon']","['hsla(85, 94%, 40%, 1.0)', 'hsla(287, 74%, 48%, 1.0)']","[[1.0, 0.22096814647604712], [0.22096814647604712, 1.0]]","{0: '', 1: 'A', 2: 'B'}",,1,after,"[True, True]","{'max': 21, 'min': 21, 'avg': 21.0, 'root': 12}","[-10, -10]","[133, 116]",sequential,chance,chance,"[1.0, 1.0]","[0.5, 1.0]","[0.5, 1.0]","[0.5, 1.0]","[0.625, 0.0]","[0.375, 0.0]",[[0]],[[1]],[[2]],"(0, 12)","(12, 21)","(12, 21)",{},{},{},"['A', 'B']",[],[],0,0,3,2,2,4,A,,,,,,,A,,,,,"{'rtype': 'select-node', 'rtimedn': 134.855, 'rtimeup': 134.855}",,,,,,,"{'rtype': 'select-node', 'rtimedn': 18.966, 'rtimeup': 18.966}",,,,
,,9,1,24,1733268095,BDG-284-3225,TREE-1.2-0.0-0.0,"['f3a21fc8-4369-4542-8598-2292ed9be343', '0777b594-b926-41c0-a957-8bc1466938d6']","['robot', 'participant']","['jagged-sun', 'teardrop']","['hsla(237, 95%, 65%, 1.0)', 'hsla(92, 85%, 62%, 1.0)']","[[1.0, 0.08251818409831953], [0.08251818409831953, 1.0]]","{0: '', 1: 'A', 2: 'B'}",,2,after,"[True, True]","{'max': 21, 'min': 21, 'avg': 21.0, 'root': 12}","[-10, -10]","[133, -57]",sequential,chance,chance,"[1.0, 1.0]","[0.5, 1.0]","[0.5, 1.0]","[0.5, 1.0]","[0.375, 0.0]","[0.625, 0.0]",[[0]],[[1]],[[2]],"(0, 12)","(12, 21)","(12, 21)",{},{},{},"['A', 'B']",[],[],0,0,3,2,2,5,B,,,,,,,B,,,,,"{'rtype': 'select-node', 'rtimedn': 110.851, 'rtimeup': 110.851}",,,,,,,"{'rtype': None, 'rtimedn': 13, 'rtimeup': 13}",,,,
,,9,2,24,1733268089,BDG-607-5523,TREE-1.2-0.0-0.0,"['ed9b60ed-b3a8-44ac-a0ca-fca1d3647529', 'b9cad2fe-91ea-4850-9eba-4e5012f57013']","['participant', 'participant']","['circle', 'star-six']","['hsla(137, 55%, 54%, 1.0)', 'hsla(291, 82%, 51%, 1.0)']","[[1.0, 0.1442187108101329], [0.1442187108101329, 1.0]]","{0: '', 1: 'A', 2: 'B'}",,1,after,"[True, True]","{'max': 21, 'min': 21, 'avg': 21.0, 'root': 12}","[-10, -10]","[125, 96]",sequential,chance,chance,"[1.0, 1.0]","[0.5, 1.0]","[0.5, 1.0]","[0.5, 1.0]","[0.375, 0.0]","[0.625, 0.0]",[[0]],[[1]],[[2]],"(0, 12)","(12, 21)","(12, 21)",{},{},{},"['A', 'B']",[],[],0,0,5,5,2,3,A,,,,,,,A,,,,,"{'rtype': 'select-node', 'rtimedn': 18.678, 'rtimeup': 18.678}",,,,,,,"{'rtype': 'select-node', 'rtimedn': 16.565, 'rtimeup': 16.565}",,,,
,,9,3,24,1733268093,BDG-194-2345,TREE-1.2-0.0-0.0,"['5f76705c-6173-4df7-a873-dc0c321186d2', '75443486-7234-4f3b-8f58-7b096a872d36']","['participant', 'participant']","['hexagon', 'dodecagon']","['hsla(70, 54%, 51%, 1.0)', 'hsla(97, 75%, 39%, 1.0)']","[[1.0, 0.1442187108101329], [0.1442187108101329, 1.0]]","{0: '', 1: 'A', 2: 'B'}",,2,after,"[True, True]","{'max': 21, 'min': 21, 'avg': 21.0, 'root': 12}","[-10, -10]","[102, 142]",sequential,chance,chance,"[1.0, 1.0]","[0.5, 1.0]","[0.5, 1.0]","[0.5, 1.0]","[0.625, 0.0]","[0.375, 0.0]",[[0]],[[1]],[[2]],"(0, 12)","(12, 21)","(12, 21)",{},{},{},"['A', 'B']",[],[],0,0,2,3,4,5,B,,,,,,,B,,,,,"{'rtype': 'select-node', 'rtimedn': 19.135, 'rtimeup': 19.135}",,,,,,,"{'rtype': 'select-node', 'rtimedn': 18.883, 'rtimeup': 18.883}",,,,
,,9,4,24,1733268090,BDG-148-2154,TREE-1.2-0.0-0.0,"['ef055cb1-489a-4c91-bf6d-d2b339e93b4a', '77c58d68-8844-4481-8b54-aaaa442736eb']","['participant', 'robot']","['dent-square', 'arrow-head']","['hsla(236, 100%, 59%, 1.0)', 'hsla(321, 93%, 47%, 1.0)']","[[1.0, 0.05392525708552796], [0.05392525708552796, 1.0]]","{0: '', 1: 'A', 2: 'B'}",,2,after,"[True, True]","{'max': 21, 'min': 21, 'avg': 21.0, 'root': 12}","[-10, -10]","[139, 144]",sequential,chance,chance,"[1.0, 1.0]","[0.5, 1.0]","[0.5, 1.0]","[0.5, 1.0]","[0.625, 0.0]","[0.375, 0.0]",[[0]],[[1]],[[2]],"(0, 12)","(12, 21)","(12, 21)",{},{},{},"['A', 'B']",[],[],0,0,2,1,5,4,B,,,,,,,B,,,,,"{'rtype': 'select-node', 'rtimedn': 285.91, 'rtimeup': 285.91}",,,,,,,"{'rtype': 'select-node', 'rtimedn': 75.226, 'rtimeup': 75.226}",,,,
,,10,0,24,1733268108,BDG-130-2121,TREE-1.2-0.0-0.0,"['77c58d68-8844-4481-8b54-aaaa442736eb', 'ef055cb1-489a-4c91-bf6d-d2b339e93b4a']","['robot', 'participant']","['arrow-head', 'dent-square']","['hsla(321, 93%, 47%, 1.0)', 'hsla(236, 100%, 59%, 1.0)']","[[1.0, 0.05392525708552796], [0.05392525708552796, 1.0]]","{0: '', 1: 'A', 2: 'B'}",,1,after,"[True, True]","{'max': 21, 'min': 21, 'avg': 21.0, 'root': 12}","[-10, -10]","[144, 139]",sequential,chance,chance,"[1.0, 1.0]","[0.5, 1.0]","[0.5, 1.0]","[0.5, 1.0]","[0.375, 0.0]","[0.625, 0.0]",[[0]],[[1]],[[2]],"(0, 12)","(12, 21)","(12, 21)",{},{},{},"['A', 'B']",[],[],0,0,2,1,2,1,A,,,,,,,B,,,,,"{'rtype': 'select-node', 'rtimedn': 76.726, 'rtimeup': 76.726}",,,,,,,"{'rtype': 'select-node', 'rtimedn': 287.706, 'rtimeup': 287.706}",,,,
,,10,1,24,1733268108,BDG-223-2454,TREE-1.2-0.0-0.0,"['b9cad2fe-91ea-4850-9eba-4e5012f57013', 'f3a21fc8-4369-4542-8598-2292ed9be343']","['participant', 'robot']","['star-six', 'jagged-sun']","['hsla(291, 82%, 51%, 1.0)', 'hsla(237, 95%, 65%, 1.0)']","[[1.0, 0.22096814647604712], [0.22096814647604712, 1.0]]","{0: '', 1: 'A', 2: 'B'}",,1,after,"[True, True]","{'max': 21, 'min': 21, 'avg': 21.0, 'root': 12}","[-10, -10]","[96, 133]",sequential,chance,chance,"[1.0, 1.0]","[0.5, 1.0]","[0.5, 1.0]","[0.5, 1.0]","[0.375, 0.0]","[0.625, 0.0]",[[0]],[[1]],[[2]],"(0, 12)","(12, 21)","(12, 21)",{},{},{},"['A', 'B']",[],[],0,0,2,4,5,4,A,,,,,,,A,,,,,"{'rtype': 'select-node', 'rtimedn': 18.013, 'rtimeup': 18.013}",,,,,,,"{'rtype': 'select-node', 'rtimedn': 112.313, 'rtimeup': 112.313}",,,,
,,10,2,24,1733268103,BDG-009-1125,TREE-1.2-0.0-0.0,"['ed9b60ed-b3a8-44ac-a0ca-fca1d3647529', '0777b594-b926-41c0-a957-8bc1466938d6']","['participant', 'participant']","['circle', 'teardrop']","['hsla(137, 55%, 54%, 1.0)', 'hsla(92, 85%, 62%, 1.0)']","[[1.0, 0.1916227740155505], [0.1916227740155505, 1.0]]","{0: '', 1: 'A', 2: 'B'}",,2,after,"[True, True]","{'max': 21, 'min': 21, 'avg': 21.0, 'root': 12}","[-10, -10]","[125, -57]",sequential,chance,chance,"[1.0, 1.0]","[0.5, 1.0]","[0.5, 1.0]","[0.5, 1.0]","[0.625, 0.0]","[0.375, 0.0]",[[0]],[[1]],[[2]],"(0, 12)","(12, 21)","(12, 21)",{},{},{},"['A', 'B']",[],[],0,0,1,1,2,5,B,,,,,,,A,,,,,"{'rtype': 'select-node', 'rtimedn': 20.158, 'rtimeup': 20.158}",,,,,,,"{'rtype': 'select-node', 'rtimedn': 17.866, 'rtimeup': 17.866}",,,,
,,10,3,24,1733268108,BDG-328-3414,TREE-1.2-0.0-0.0,"['75443486-7234-4f3b-8f58-7b096a872d36', '5f76705c-6173-4df7-a873-dc0c321186d2']","['participant', 'participant']","['dodecagon', 'hexagon']","['hsla(97, 75%, 39%, 1.0)', 'hsla(70, 54%, 51%, 1.0)']","[[1.0, 0.1442187108101329], [0.1442187108101329, 1.0]]","{0: '', 1: 'A', 2: 'B'}",,1,after,"[True, True]","{'max': 21, 'min': 21, 'avg': 21.0, 'root': 12}","[-10, -10]","[142, 102]",sequential,chance,chance,"[1.0, 1.0]","[0.5, 1.0]","[0.5, 1.0]","[0.5, 1.0]","[0.375, 0.0]","[0.625, 0.0]",[[0]],[[1]],[[2]],"(0, 12)","(12, 21)","(12, 21)",{},{},{},"['A', 'B']",[],[],0,0,3,4,1,4,A,,,,,,,A,,,,,"{'rtype': 'select-node', 'rtimedn': 20.49, 'rtimeup': 20.49}",,,,,,,"{'rtype': 'select-node', 'rtimedn': 20.625, 'rtimeup': 20.625}",,,,
,,10,4,24,1733268103,BDG-307-3323,TREE-1.2-0.0-0.0,"['8e19ce2e-c87f-48f0-8bfc-7683d9b2e4dd', 'c8fd32a8-bd36-4574-9359-072a968da39f']","['participant', 'participant']","['ghost', 'lemon']","['hsla(85, 94%, 40%, 1.0)', 'hsla(287, 74%, 48%, 1.0)']","[[1.0, 0.22096814647604712], [0.22096814647604712, 1.0]]","{0: '', 1: 'A', 2: 'B'}",,1,after,"[True, True]","{'max': 21, 'min': 21, 'avg': 21.0, 'root': 12}","[-10, -10]","[133, 116]",sequential,chance,chance,"[1.0, 1.0]","[0.5, 1.0]","[0.5, 1.0]","[0.5, 1.0]","[0.625, 0.0]","[0.375, 0.0]",[[0]],[[1]],[[2]],"(0, 12)","(12, 21)","(12, 21)",{},{},{},"['A', 'B']",[],[],0,0,3,3,2,3,A,,,,,,,A,,,,,"{'rtype': 'select-node', 'rtimedn': 136.265, 'rtimeup': 136.265}",,,,,,,"{'rtype': 'select-node', 'rtimedn': 20.204, 'rtimeup': 20.204}",,,,
,,11,0,24,1733268123,BDG-019-1145,TREE-1.2-0.0-0.0,"['0777b594-b926-41c0-a957-8bc1466938d6', 'f3a21fc8-4369-4542-8598-2292ed9be343']","['participant', 'robot']","['teardrop', 'jagged-sun']","['hsla(92, 85%, 62%, 1.0)', 'hsla(237, 95%, 65%, 1.0)']","[[1.0, 0.08251818409831953], [0.08251818409831953, 1.0]]","{0: '', 1: 'A', 2: 'B'}",,1,after,"[True, True]","{'max': 21, 'min': 21, 'avg': 21.0, 'root': 12}","[-10, -10]","[-57, 133]",sequential,chance,chance,"[1.0, 1.0]","[0.5, 1.0]","[0.5, 1.0]","[0.5, 1.0]","[0.375, 0.0]","[0.625, 0.0]",[[0]],[[1]],[[2]],"(0, 12)","(12, 21)","(12, 21)",{},{},{},"['A', 'B']",[],[],0,0,1,1,4,5,A,,,,,,,B,,,,,"{'rtype': None, 'rtimedn': 13, 'rtimeup': 13}",,,,,,,"{'rtype': 'select-node', 'rtimedn': 113.548, 'rtimeup': 113.548}",,,,
,,11,1,24,1733268119,BDG-231-2522,TREE-1.2-0.0-0.0,"['b9cad2fe-91ea-4850-9eba-4e5012f57013', 'ed9b60ed-b3a8-44ac-a0ca-fca1d3647529']","['participant', 'participant']","['star-six', 'circle']","['hsla(291, 82%, 51%, 1.0)', 'hsla(137, 55%, 54%, 1.0)']","[[1.0, 0.1442187108101329], [0.1442187108101329, 1.0]]","{0: '', 1: 'A', 2: 'B'}",,1,after,"[True, True]","{'max': 21, 'min': 21, 'avg': 21.0, 'root': 12}","[-10, -10]","[96, 125]",sequential,chance,chance,"[1.0, 1.0]","[0.5, 1.0]","[0.5, 1.0]","[0.5, 1.0]","[0.625, 0.0]","[0.375, 0.0]",[[0]],[[1]],[[2]],"(0, 12)","(12, 21)","(12, 21)",{},{},{},"['A', 'B']",[],[],0,0,2,5,2,2,A,,,,,,,B,,,,,"{'rtype': 'select-node', 'rtimedn': 19.581, 'rtimeup': 19.581}",,,,,,,"{'rtype': 'select-node', 'rtimedn': 21.686, 'rtimeup': 21.686}",,,,
,,11,2,24,1733268121,BDG-233-2524,TREE-1.2-0.0-0.0,"['ef055cb1-489a-4c91-bf6d-d2b339e93b4a', '75443486-7234-4f3b-8f58-7b096a872d36']","['participant', 'participant']","['dent-square', 'dodecagon']","['hsla(236, 100%, 59%, 1.0)', 'hsla(97, 75%, 39%, 1.0)']","[[1.0, 0.22096814647604712], [0.22096814647604712, 1.0]]","{0: '', 1: 'A', 2: 'B'}",,1,after,"[True, True]","{'max': 21, 'min': 21, 'avg': 21.0, 'root': 12}","[-10, -10]","[139, 142]",sequential,chance,chance,"[1.0, 1.0]","[0.5, 1.0]","[0.5, 1.0]","[0.5, 1.0]","[0.625, 0.0]","[0.375, 0.0]",[[0]],[[1]],[[2]],"(0, 12)","(12, 21)","(12, 21)",{},{},{},"['A', 'B']",[],[],0,0,2,5,2,4,A,,,,,,,A,,,,,"{'rtype': 'select-node', 'rtimedn': 289.005, 'rtimeup': 289.005}",,,,,,,"{'rtype': 'select-node', 'rtimedn': 21.854, 'rtimeup': 21.854}",,,,
,,11,3,24,1733268118,BDG-217-2443,TREE-1.2-0.0-0.0,"['77c58d68-8844-4481-8b54-aaaa442736eb', 'c8fd32a8-bd36-4574-9359-072a968da39f']","['robot', 'participant']","['arrow-head', 'lemon']","['hsla(321, 93%, 47%, 1.0)', 'hsla(287, 74%, 48%, 1.0)']","[[1.0, 0.08251818409831953], [0.08251818409831953, 1.0]]","{0: '', 1: 'A', 2: 'B'}",,2,after,"[True, True]","{'max': 21, 'min': 21, 'avg': 21.0, 'root': 12}","[-10, -10]","[144, 116]",sequential,chance,chance,"[1.0, 1.0]","[0.5, 1.0]","[0.5, 1.0]","[0.5, 1.0]","[0.375, 0.0]","[0.625, 0.0]",[[0]],[[1]],[[2]],"(0, 12)","(12, 21)","(12, 21)",{},{},{},"['A', 'B']",[],[],0,0,2,4,4,3,B,,,,,,,B,,,,,"{'rtype': 'select-node', 'rtimedn': 77.923, 'rtimeup': 77.923}",,,,,,,"{'rtype': 'select-node', 'rtimedn': 21.704, 'rtimeup': 21.704}",,,,
,,11,4,24,1733268122,BDG-506-5122,TREE-1.2-0.0-0.0,"['5f76705c-6173-4df7-a873-dc0c321186d2', '8e19ce2e-c87f-48f0-8bfc-7683d9b2e4dd']","['participant', 'participant']","['hexagon', 'ghost']","['hsla(70, 54%, 51%, 1.0)', 'hsla(85, 94%, 40%, 1.0)']","[[1.0, 0.12315023827439175], [0.12315023827439175, 1.0]]","{0: '', 1: 'A', 2: 'B'}",,2,after,"[True, True]","{'max': 21, 'min': 21, 'avg': 21.0, 'root': 12}","[-10, -10]","[102, 133]",sequential,chance,chance,"[1.0, 1.0]","[0.5, 1.0]","[0.5, 1.0]","[0.5, 1.0]","[0.625, 0.0]","[0.375, 0.0]",[[0]],[[1]],[[2]],"(0, 12)","(12, 21)","(12, 21)",{},{},{},"['A', 'B']",[],[],0,0,5,1,2,2,B,,,,,,,B,,,,,"{'rtype': 'select-node', 'rtimedn': 21.956, 'rtimeup': 21.956}",,,,,,,"{'rtype': 'select-node', 'rtimedn': 138.253, 'rtimeup': 138.253}",,,,
,,12,0,24,1733268134,BDG-327-3413,TREE-1.2-0.0-0.0,"['f3a21fc8-4369-4542-8598-2292ed9be343', 'c8fd32a8-bd36-4574-9359-072a968da39f']","['robot', 'participant']","['jagged-sun', 'lemon']","['hsla(237, 95%, 65%, 1.0)', 'hsla(287, 74%, 48%, 1.0)']","[[1.0, 0.1442187108101329], [0.1442187108101329, 1.0]]","{0: '', 1: 'A', 2: 'B'}",,2,after,"[True, True]","{'max': 21, 'min': 21, 'avg': 21.0, 'root': 12}","[-10, -10]","[133, 116]",sequential,chance,chance,"[1.0, 1.0]","[0.5, 1.0]","[0.5, 1.0]","[0.5, 1.0]","[0.625, 0.0]","[0.375, 0.0]",[[0]],[[1]],[[2]],"(0, 12)","(12, 21)","(12, 21)",{},{},{},"['A', 'B']",[],[],0,0,3,4,1,3,B,,,,,,,A,,,,,"{'rtype': 'select-node', 'rtimedn': 114.915, 'rtimeup': 114.915}",,,,,,,"{'rtype': 'select-node', 'rtimedn': 23.011, 'rtimeup': 23.011}",,,,
,,12,1,24,1733268132,BDG-612-5533,TREE-1.2-0.0-0.0,"['77c58d68-8844-4481-8b54-aaaa442736eb', '8e19ce2e-c87f-48f0-8bfc-7683d9b2e4dd']","['robot', 'participant']","['arrow-head', 'ghost']","['hsla(321, 93%, 47%, 1.0)', 'hsla(85, 94%, 40%, 1.0)']","[[1.0, 0.1916227740155505], [0.1916227740155505, 1.0]]","{0: '', 1: 'A', 2: 'B'}",,1,after,"[True, True]","{'max': 21, 'min': 21, 'avg': 21.0, 'root': 12}","[-10, -10]","[144, 133]",sequential,chance,chance,"[1.0, 1.0]","[0.5, 1.0]","[0.5, 1.0]","[0.5, 1.0]","[0.375, 0.0]","[0.625, 0.0]",[[0]],[[1]],[[2]],"(0, 12)","(12, 21)","(12, 21)",{},{},{},"['A', 'B']",[],[],0,0,5,5,3,3,A,,,,,,,A,,,,,"{'rtype': 'select-node', 'rtimedn': 79.341, 'rtimeup': 79.341}",,,,,,,"{'rtype': 'select-node', 'rtimedn': 139.209, 'rtimeup': 139.209}",,,,
,,12,2,24,1733268138,BDG-300-3311,TREE-1.2-0.0-0.0,"['0777b594-b926-41c0-a957-8bc1466938d6', '5f76705c-6173-4df7-a873-dc0c321186d2']","['participant', 'participant']","['teardrop', 'hexagon']","['hsla(92, 85%, 62%, 1.0)', 'hsla(70, 54%, 51%, 1.0)']","[[1.0, 0.22096814647604712], [0.22096814647604712, 1.0]]","{0: '', 1: 'A', 2: 'B'}",,2,after,"[True, True]","{'max': 21, 'min': 21, 'avg': 21.0, 'root': 12}","[-10, -10]","[-57, 102]",sequential,chance,chance,"[1.0, 1.0]","[0.5, 1.0]","[0.5, 1.0]","[0.5, 1.0]","[0.375, 0.0]","[0.625, 0.0]",[[0]],[[1]],[[2]],"(0, 12)","(12, 21)","(12, 21)",{},{},{},"['A', 'B']",[],[],0,0,3,3,1,1,B,,,,,,,A,,,,,"{'rtype': None, 'rtimedn': 13, 'rtimeup': 13}",,,,,,,"{'rtype': 'select-node', 'rtimedn': 23.542, 'rtimeup': 23.542}",,,,
,,12,3,24,1733268134,BDG-077-1413,TREE-1.2-0.0-0.0,"['ed9b60ed-b3a8-44ac-a0ca-fca1d3647529', 'b9cad2fe-91ea-4850-9eba-4e5012f57013']","['participant', 'participant']","['circle', 'star-six']","['hsla(137, 55%, 54%, 1.0)', 'hsla(291, 82%, 51%, 1.0)']","[[1.0, 0.1442187108101329], [0.1442187108101329, 1.0]]","{0: '', 1: 'A', 2: 'B'}",,2,after,"[True, True]","{'max': 21, 'min': 21, 'avg': 21.0, 'root': 12}","[-10, -10]","[125, 96]",sequential,chance,chance,"[1.0, 1.0]","[0.5, 1.0]","[0.5, 1.0]","[0.5, 1.0]","[0.625, 0.0]","[0.375, 0.0]",[[0]],[[1]],[[2]],"(0, 12)","(12, 21)","(12, 21)",{},{},{},"['A', 'B']",[],[],0,0,1,4,1,3,B,,,,,,,A,,,,,"{'rtype': 'select-node', 'rtimedn': 23.001, 'rtimeup': 23.001}",,,,,,,"{'rtype': 'select-node', 'rtimedn': 21.021, 'rtimeup': 21.021}",,,,
,,12,4,24,1733268134,BDG-195-2351,TREE-1.2-0.0-0.0,"['ef055cb1-489a-4c91-bf6d-d2b339e93b4a', '75443486-7234-4f3b-8f58-7b096a872d36']","['participant', 'participant']","['dent-square', 'dodecagon']","['hsla(236, 100%, 59%, 1.0)', 'hsla(97, 75%, 39%, 1.0)']","[[1.0, 0.22096814647604712], [0.22096814647604712, 1.0]]","{0: '', 1: 'A', 2: 'B'}",,2,after,"[True, True]","{'max': 21, 'min': 21, 'avg': 21.0, 'root': 12}","[-10, -10]","[139, 142]",sequential,chance,chance,"[1.0, 1.0]","[0.5, 1.0]","[0.5, 1.0]","[0.5, 1.0]","[0.625, 0.0]","[0.375, 0.0]",[[0]],[[1]],[[2]],"(0, 12)","(12, 21)","(12, 21)",{},{},{},"['A', 'B']",[],[],0,0,2,3,5,1,B,,,,,,,B,,,,,"{'rtype': 'select-node', 'rtimedn': 290.103, 'rtimeup': 290.103}",,,,,,,"{'rtype': 'select-node', 'rtimedn': 23.262, 'rtimeup': 23.262}",,,,
,,13,0,24,1733268152,BDG-558-5324,TREE-1.2-0.0-0.0,"['0777b594-b926-41c0-a957-8bc1466938d6', '5f76705c-6173-4df7-a873-dc0c321186d2']","['participant', 'participant']","['teardrop', 'hexagon']","['hsla(92, 85%, 62%, 1.0)', 'hsla(70, 54%, 51%, 1.0)']","[[1.0, 0.22096814647604712], [0.22096814647604712, 1.0]]","{0: '', 1: 'A', 2: 'B'}",,2,after,"[True, True]","{'max': 21, 'min': 21, 'avg': 21.0, 'root': 12}","[-10, -10]","[-57, 102]",sequential,chance,chance,"[1.0, 1.0]","[0.5, 1.0]","[0.5, 1.0]","[0.5, 1.0]","[0.375, 0.0]","[0.625, 0.0]",[[0]],[[1]],[[2]],"(0, 12)","(12, 21)","(12, 21)",{},{},{},"['A', 'B']",[],[],0,0,5,3,2,4,B,,,,,,,B,,,,,"{'rtype': 'select-node', 'rtimedn': 22.331, 'rtimeup': 22.331}",,,,,,,"{'rtype': 'select-node', 'rtimedn': 25.048, 'rtimeup': 25.048}",,,,
,,13,1,24,1733268150,BDG-247-2553,TREE-1.2-0.0-0.0,"['77c58d68-8844-4481-8b54-aaaa442736eb', '8e19ce2e-c87f-48f0-8bfc-7683d9b2e4dd']","['robot', 'participant']","['arrow-head', 'ghost']","['hsla(321, 93%, 47%, 1.0)', 'hsla(85, 94%, 40%, 1.0)']","[[1.0, 0.1916227740155505], [0.1916227740155505, 1.0]]","{0: '', 1: 'A', 2: 'B'}",,2,after,"[True, True]","{'max': 21, 'min': 21, 'avg': 21.0, 'root': 12}","[-10, -10]","[144, 133]",sequential,chance,chance,"[1.0, 1.0]","[0.5, 1.0]","[0.5, 1.0]","[0.5, 1.0]","[0.375, 0.0]","[0.625, 0.0]",[[0]],[[1]],[[2]],"(0, 12)","(12, 21)","(12, 21)",{},{},{},"['A', 'B']",[],[],0,0,2,5,5,3,B,,,,,,,A,,,,,"{'rtype': 'select-node', 'rtimedn': 81.3, 'rtimeup': 81.3}",,,,,,,"{'rtype': 'select-node', 'rtimedn': 140.682, 'rtimeup': 140.682}",,,,
,,13,2,24,1733268147,BDG-003-1114,TREE-1.2-0.0-0.0,"['ed9b60ed-b3a8-44ac-a0ca-fca1d3647529', '75443486-7234-4f3b-8f58-7b096a872d36']","['participant', 'participant']","['circle', 'dodecagon']","['hsla(137, 55%, 54%, 1.0)', 'hsla(97, 75%, 39%, 1.0)']","[[1.0, 0.08251818409831953], [0.08251818409831953, 1.0]]","{0: '', 1: 'A', 2: 'B'}",,1,after,"[True, True]","{'max': 21, 'min': 21, 'avg': 21.0, 'root': 12}","[-10, -10]","[125, 142]",sequential,chance,chance,"[1.0, 1.0]","[0.5, 1.0]","[0.5, 1.0]","[0.5, 1.0]","[0.375, 0.0]","[0.625, 0.0]",[[0]],[[1]],[[2]],"(0, 12)","(12, 21)","(12, 21)",{},{},{},"['A', 'B']",[],[],0,0,1,1,1,4,A,,,,,,,B,,,,,"{'rtype': 'select-node', 'rtimedn': 24.471, 'rtimeup': 24.471}",,,,,,,"{'rtype': 'select-node', 'rtimedn': 24.548, 'rtimeup': 24.548}",,,,
,,13,3,24,1733268148,BDG-068-1344,TREE-1.2-0.0-0.0,"['c8fd32a8-bd36-4574-9359-072a968da39f', 'f3a21fc8-4369-4542-8598-2292ed9be343']","['participant', 'robot']","['lemon', 'jagged-sun']","['hsla(287, 74%, 48%, 1.0)', 'hsla(237, 95%, 65%, 1.0)']","[[1.0, 0.1442187108101329], [0.1442187108101329, 1.0]]","{0: '', 1: 'A', 2: 'B'}",,2,after,"[True, True]","{'max': 21, 'min': 21, 'avg': 21.0, 'root': 12}","[-10, -10]","[116, 133]",sequential,chance,chance,"[1.0, 1.0]","[0.5, 1.0]","[0.5, 1.0]","[0.5, 1.0]","[0.625, 0.0]","[0.375, 0.0]",[[0]],[[1]],[[2]],"(0, 12)","(12, 21)","(12, 21)",{},{},{},"['A', 'B']",[],[],0,0,1,3,4,4,B,,,,,,,A,,,,,"{'rtype': 'select-node', 'rtimedn': 24.485, 'rtimeup': 24.485}",,,,,,,"{'rtype': 'select-node', 'rtimedn': 116.287, 'rtimeup': 116.287}",,,,
,,13,4,24,1733268150,BDG-437-4333,TREE-1.2-0.0-0.0,"['ef055cb1-489a-4c91-bf6d-d2b339e93b4a', 'b9cad2fe-91ea-4850-9eba-4e5012f57013']","['participant', 'participant']","['dent-square', 'star-six']","['hsla(236, 100%, 59%, 1.0)', 'hsla(291, 82%, 51%, 1.0)']","[[1.0, 0.01805869074492099], [0.01805869074492099, 1.0]]","{0: '', 1: 'A', 2: 'B'}",,1,after,"[True, True]","{'max': 21, 'min': 21, 'avg': 21.0, 'root': 12}","[-10, -10]","[139, 96]",sequential,chance,chance,"[1.0, 1.0]","[0.5, 1.0]","[0.5, 1.0]","[0.5, 1.0]","[0.625, 0.0]","[0.375, 0.0]",[[0]],[[1]],[[2]],"(0, 12)","(12, 21)","(12, 21)",{},{},{},"['A', 'B']",[],[],0,0,4,3,3,3,A,,,,,,,A,,,,,"{'rtype': 'select-node', 'rtimedn': 291.888, 'rtimeup': 291.888}",,,,,,,"{'rtype': 'select-node', 'rtimedn': 22.306, 'rtimeup': 22.306}",,,,
,,14,0,24,1733268163,BDG-439-4335,TREE-1.2-0.0-0.0,"['ef055cb1-489a-4c91-bf6d-d2b339e93b4a', '8e19ce2e-c87f-48f0-8bfc-7683d9b2e4dd']","['participant', 'participant']","['dent-square', 'ghost']","['hsla(236, 100%, 59%, 1.0)', 'hsla(85, 94%, 40%, 1.0)']","[[1.0, 0.1442187108101329], [0.1442187108101329, 1.0]]","{0: '', 1: 'A', 2: 'B'}",,1,after,"[True, True]","{'max': 21, 'min': 21, 'avg': 21.0, 'root': 12}","[-10, -10]","[139, 133]",sequential,chance,chance,"[1.0, 1.0]","[0.5, 1.0]","[0.5, 1.0]","[0.5, 1.0]","[0.375, 0.0]","[0.625, 0.0]",[[0]],[[1]],[[2]],"(0, 12)","(12, 21)","(12, 21)",{},{},{},"['A', 'B']",[],[],0,0,4,3,3,5,A,,,,,,,B,,,,,"{'rtype': 'select-node', 'rtimedn': 293.235, 'rtimeup': 293.235}",,,,,,,"{'rtype': 'select-node', 'rtimedn': 142.292, 'rtimeup': 142.292}",,,,
,,14,1,24,1733268165,BDG-450-4411,TREE-1.2-0.0-0.0,"['5f76705c-6173-4df7-a873-dc0c321186d2', 'c8fd32a8-bd36-4574-9359-072a968da39f']","['participant', 'participant']","['hexagon', 'lemon']","['hsla(70, 54%, 51%, 1.0)', 'hsla(287, 74%, 48%, 1.0)']","[[1.0, 0.1916227740155505], [0.1916227740155505, 1.0]]","{0: '', 1: 'A', 2: 'B'}",,1,after,"[True, True]","{'max': 21, 'min': 21, 'avg': 21.0, 'root': 12}","[-10, -10]","[102, 116]",sequential,chance,chance,"[1.0, 1.0]","[0.5, 1.0]","[0.5, 1.0]","[0.5, 1.0]","[0.375, 0.0]","[0.625, 0.0]",[[0]],[[1]],[[2]],"(0, 12)","(12, 21)","(12, 21)",{},{},{},"['A', 'B']",[],[],0,0,4,4,1,1,A,,,,,,,A,,,,,"{'rtype': 'select-node', 'rtimedn': 26.341, 'rtimeup': 26.341}",,,,,,,"{'rtype': 'select-node', 'rtimedn': 25.97, 'rtimeup': 25.97}",,,,
,,14,2,24,1733268167,BDG-483-4524,TREE-1.2-0.0-0.0,"['0777b594-b926-41c0-a957-8bc1466938d6', '77c58d68-8844-4481-8b54-aaaa442736eb']","['participant', 'robot']","['teardrop', 'arrow-head']","['hsla(92, 85%, 62%, 1.0)', 'hsla(321, 93%, 47%, 1.0)']","[[1.0, 0.1442187108101329], [0.1442187108101329, 1.0]]","{0: '', 1: 'A', 2: 'B'}",,1,after,"[True, True]","{'max': 21, 'min': 21, 'avg': 21.0, 'root': 12}","[-10, -10]","[-57, 144]",sequential,chance,chance,"[1.0, 1.0]","[0.5, 1.0]","[0.5, 1.0]","[0.5, 1.0]","[0.625, 0.0]","[0.375, 0.0]",[[0]],[[1]],[[2]],"(0, 12)","(12, 21)","(12, 21)",{},{},{},"['A', 'B']",[],[],0,0,4,5,2,4,A,,,,,,,B,,,,,"{'rtype': None, 'rtimedn': 13, 'rtimeup': 13}",,,,,,,"{'rtype': 'select-node', 'rtimedn': 82.281, 'rtimeup': 82.281}",,,,
,,14,3,24,1733268167,BDG-042-1243,TREE-1.2-0.0-0.0,"['b9cad2fe-91ea-4850-9eba-4e5012f57013', 'f3a21fc8-4369-4542-8598-2292ed9be343']","['participant', 'robot']","['star-six', 'jagged-sun']","['hsla(291, 82%, 51%, 1.0)', 'hsla(237, 95%, 65%, 1.0)']","[[1.0, 0.22096814647604712], [0.22096814647604712, 1.0]]","{0: '', 1: 'A', 2: 'B'}",,1,after,"[True, True]","{'max': 21, 'min': 21, 'avg': 21.0, 'root': 12}","[-10, -10]","[96, 133]",sequential,chance,chance,"[1.0, 1.0]","[0.5, 1.0]","[0.5, 1.0]","[0.5, 1.0]","[0.375, 0.0]","[0.625, 0.0]",[[0]],[[1]],[[2]],"(0, 12)","(12, 21)","(12, 21)",{},{},{},"['A', 'B']",[],[],0,0,1,2,4,3,A,,,,,,,A,,,,,"{'rtype': None, 'rtimedn': 13, 'rtimeup': 13}",,,,,,,"{'rtype': 'select-node', 'rtimedn': 117.611, 'rtimeup': 117.611}",,,,
,,14,4,24,1733268162,BDG-539-5235,TREE-1.2-0.0-0.0,"['ed9b60ed-b3a8-44ac-a0ca-fca1d3647529', '75443486-7234-4f3b-8f58-7b096a872d36']","['participant', 'participant']","['circle', 'dodecagon']","['hsla(137, 55%, 54%, 1.0)', 'hsla(97, 75%, 39%, 1.0)']","[[1.0, 0.08251818409831953], [0.08251818409831953, 1.0]]","{0: '', 1: 'A', 2: 'B'}",,1,after,"[True, True]","{'max': 21, 'min': 21, 'avg': 21.0, 'root': 12}","[-10, -10]","[125, 142]",sequential,chance,chance,"[1.0, 1.0]","[0.5, 1.0]","[0.5, 1.0]","[0.5, 1.0]","[0.375, 0.0]","[0.625, 0.0]",[[0]],[[1]],[[2]],"(0, 12)","(12, 21)","(12, 21)",{},{},{},"['A', 'B']",[],[],0,0,5,2,3,5,A,,,,,,,B,,,,,"{'rtype': 'select-node', 'rtimedn': 26.088, 'rtimeup': 26.088}",,,,,,,"{'rtype': 'select-node', 'rtimedn': 26.025, 'rtimeup': 26.025}",,,,
,,15,0,24,1733268181,BDG-191-2342,TREE-1.2-0.0-0.0,"['b9cad2fe-91ea-4850-9eba-4e5012f57013', '5f76705c-6173-4df7-a873-dc0c321186d2']","['participant', 'participant']","['star-six', 'hexagon']","['hsla(291, 82%, 51%, 1.0)', 'hsla(70, 54%, 51%, 1.0)']","[[1.0, 0.14898419864559817], [0.14898419864559817, 1.0]]","{0: '', 1: 'A', 2: 'B'}",,2,after,"[True, True]","{'max': 21, 'min': 21, 'avg': 21.0, 'root': 12}","[-10, -10]","[96, 102]",sequential,chance,chance,"[1.0, 1.0]","[0.5, 1.0]","[0.5, 1.0]","[0.5, 1.0]","[0.625, 0.0]","[0.375, 0.0]",[[0]],[[1]],[[2]],"(0, 12)","(12, 21)","(12, 21)",{},{},{},"['A', 'B']",[],[],0,0,2,3,4,2,B,,,,,,,B,,,,,"{'rtype': 'select-node', 'rtimedn': 25.251, 'rtimeup': 25.251}",,,,,,,"{'rtype': 'select-node', 'rtimedn': 27.867, 'rtimeup': 27.867}",,,,
,,15,1,24,1733268177,BDG-308-3324,TREE-1.2-0.0-0.0,"['77c58d68-8844-4481-8b54-aaaa442736eb', '75443486-7234-4f3b-8f58-7b096a872d36']","['robot', 'participant']","['arrow-head', 'dodecagon']","['hsla(321, 93%, 47%, 1.0)', 'hsla(97, 75%, 39%, 1.0)']","[[1.0, 0.12315023827439175], [0.12315023827439175, 1.0]]","{0: '', 1: 'A', 2: 'B'}",,1,after,"[True, True]","{'max': 21, 'min': 21, 'avg': 21.0, 'root': 12}","[-10, -10]","[144, 142]",sequential,chance,chance,"[1.0, 1.0]","[0.5, 1.0]","[0.5, 1.0]","[0.5, 1.0]","[0.625, 0.0]","[0.375, 0.0]",[[0]],[[1]],[[2]],"(0, 12)","(12, 21)","(12, 21)",{},{},{},"['A', 'B']",[],[],0,0,3,3,2,4,A,,,,,,,A,,,,,"{'rtype': 'select-node', 'rtimedn': 83.787, 'rtimeup': 83.787}",,,,,,,"{'rtype': 'select-node', 'rtimedn': 27.537, 'rtimeup': 27.537}",,,,
,,15,2,24,1733268178,BDG-311-3332,TREE-1.2-0.0-0.0,"['ef055cb1-489a-4c91-bf6d-d2b339e93b4a', 'c8fd32a8-bd36-4574-9359-072a968da39f']","['participant', 'participant']","['dent-square', 'lemon']","['hsla(236, 100%, 59%, 1.0)', 'hsla(287, 74%, 48%, 1.0)']","[[1.0, 0.12315023827439175], [0.12315023827439175, 1.0]]","{0: '', 1: 'A', 2: 'B'}",,1,after,"[True, True]","{'max': 21, 'min': 21, 'avg': 21.0, 'root': 12}","[-10, -10]","[139, 116]",sequential,chance,chance,"[1.0, 1.0]","[0.5, 1.0]","[0.5, 1.0]","[0.5, 1.0]","[0.625, 0.0]","[0.375, 0.0]",[[0]],[[1]],[[2]],"(0, 12)","(12, 21)","(12, 21)",{},{},{},"['A', 'B']",[],[],0,0,3,3,3,2,A,,,,,,,A,,,,,"{'rtype': 'select-node', 'rtimedn': 294.731, 'rtimeup': 294.731}",,,,,,,"{'rtype': 'select-node', 'rtimedn': 27.499, 'rtimeup': 27.499}",,,,
,,15,3,24,1733268182,BDG-359-3525,TREE-1.2-0.0-0.0,"['ed9b60ed-b3a8-44ac-a0ca-fca1d3647529', '0777b594-b926-41c0-a957-8bc1466938d6']","['participant', 'participant']","['circle', 'teardrop']","['hsla(137, 55%, 54%, 1.0)', 'hsla(92, 85%, 62%, 1.0)']","[[1.0, 0.1916227740155505], [0.1916227740155505, 1.0]]","{0: '', 1: 'A', 2: 'B'}",,1,after,"[True, True]","{'max': 21, 'min': 21, 'avg': 21.0, 'root': 12}","[-10, -10]","[125, -57]",sequential,chance,chance,"[1.0, 1.0]","[0.5, 1.0]","[0.5, 1.0]","[0.5, 1.0]","[0.375, 0.0]","[0.625, 0.0]",[[0]],[[1]],[[2]],"(0, 12)","(12, 21)","(12, 21)",{},{},{},"['A', 'B']",[],[],0,0,3,5,2,5,A,,,,,,,B,,,,,"{'rtype': 'select-node', 'rtimedn': 27.437, 'rtimeup': 27.437}",,,,,,,"{'rtype': None, 'rtimedn': 13, 'rtimeup': 13}",,,,
,,15,4,24,1733268178,BDG-360-3531,TREE-1.2-0.0-0.0,"['f3a21fc8-4369-4542-8598-2292ed9be343', '8e19ce2e-c87f-48f0-8bfc-7683d9b2e4dd']","['robot', 'participant']","['jagged-sun', 'ghost']","['hsla(237, 95%, 65%, 1.0)', 'hsla(85, 94%, 40%, 1.0)']","[[1.0, 0.016553799849510907], [0.016553799849510907, 1.0]]","{0: '', 1: 'A', 2: 'B'}",,1,after,"[True, True]","{'max': 21, 'min': 21, 'avg': 21.0, 'root': 12}","[-10, -10]","[133, 133]",sequential,chance,chance,"[1.0, 1.0]","[0.5, 1.0]","[0.5, 1.0]","[0.5, 1.0]","[0.625, 0.0]","[0.375, 0.0]",[[0]],[[1]],[[2]],"(0, 12)","(12, 21)","(12, 21)",{},{},{},"['A', 'B']",[],[],0,0,3,5,3,1,A,,,,,,,A,,,,,"{'rtype': 'select-node', 'rtimedn': 119.237, 'rtimeup': 119.237}",,,,,,,"{'rtype': 'select-node', 'rtimedn': 143.833, 'rtimeup': 143.833}",,,,
,,16,0,24,1733268192,BDG-536-5232,TREE-1.2-0.0-0.0,"['5f76705c-6173-4df7-a873-dc0c321186d2', '0777b594-b926-41c0-a957-8bc1466938d6']","['participant', 'participant']","['hexagon', 'teardrop']","['hsla(70, 54%, 51%, 1.0)', 'hsla(92, 85%, 62%, 1.0)']","[[1.0, 0.22096814647604712], [0.22096814647604712, 1.0]]","{0: '', 1: 'A', 2: 'B'}",,2,after,"[True, True]","{'max': 21, 'min': 21, 'avg': 21.0, 'root': 12}","[-10, -10]","[102, -57]",sequential,chance,chance,"[1.0, 1.0]","[0.5, 1.0]","[0.5, 1.0]","[0.5, 1.0]","[0.625, 0.0]","[0.375, 0.0]",[[0]],[[1]],[[2]],"(0, 12)","(12, 21)","(12, 21)",{},{},{},"['A', 'B']",[],[],0,0,5,2,3,2,B,,,,,,,B,,,,,"{'rtype': 'select-node', 'rtimedn': 28.958, 'rtimeup': 28.958}",,,,,,,"{'rtype': 'select-node', 'rtimedn': 26.547, 'rtimeup': 26.547}",,,,
,,16,1,24,1733268191,BDG-379-4115,TREE-1.2-0.0-0.0,"['f3a21fc8-4369-4542-8598-2292ed9be343', 'b9cad2fe-91ea-4850-9eba-4e5012f57013']","['robot', 'participant']","['jagged-sun', 'star-six']","['hsla(237, 95%, 65%, 1.0)', 'hsla(291, 82%, 51%, 1.0)']","[[1.0, 0.22096814647604712], [0.22096814647604712, 1.0]]","{0: '', 1: 'A', 2: 'B'}",,1,after,"[True, True]","{'max': 21, 'min': 21, 'avg': 21.0, 'root': 12}","[-10, -10]","[133, 96]",sequential,chance,chance,"[1.0, 1.0]","[0.5, 1.0]","[0.5, 1.0]","[0.5, 1.0]","[0.625, 0.0]","[0.375, 0.0]",[[0]],[[1]],[[2]],"(0, 12)","(12, 21)","(12, 21)",{},{},{},"['A', 'B']",[],[],0,0,4,1,1,5,A,,,,,,,A,,,,,"{'rtype': 'select-node', 'rtimedn': 120.58, 'rtimeup': 120.58}",,,,,,,"{'rtype': 'select-node', 'rtimedn': 26.543, 'rtimeup': 26.543}",,,,
,,16,2,24,1733268194,BDG-470-4451,TREE-1.2-0.0-0.0,"['ef055cb1-489a-4c91-bf6d-d2b339e93b4a', '75443486-7234-4f3b-8f58-7b096a872d36']","['participant', 'participant']","['dent-square', 'dodecagon']","['hsla(236, 100%, 59%, 1.0)', 'hsla(97, 75%, 39%, 1.0)']","[[1.0, 0.22096814647604712], [0.22096814647604712, 1.0]]","{0: '', 1: 'A', 2: 'B'}",,2,after,"[True, True]","{'max': 21, 'min': 21, 'avg': 21.0, 'root': 12}","[-10, -10]","[139, 142]",sequential,chance,chance,"[1.0, 1.0]","[0.5, 1.0]","[0.5, 1.0]","[0.5, 1.0]","[0.375, 0.0]","[0.625, 0.0]",[[0]],[[1]],[[2]],"(0, 12)","(12, 21)","(12, 21)",{},{},{},"['A', 'B']",[],[],0,0,4,4,5,1,B,,,,,,,B,,,,,"{'rtype': 'select-node', 'rtimedn': 296.284, 'rtimeup': 296.284}",,,,,,,"{'rtype': 'select-node', 'rtimedn': 29.126, 'rtimeup': 29.126}",,,,
,,16,3,24,1733268191,BDG-573-5354,TREE-1.2-0.0-0.0,"['77c58d68-8844-4481-8b54-aaaa442736eb', 'ed9b60ed-b3a8-44ac-a0ca-fca1d3647529']","['robot', 'participant']","['arrow-head', 'circle']","['hsla(321, 93%, 47%, 1.0)', 'hsla(137, 55%, 54%, 1.0)']","[[1.0, 0.22096814647604712], [0.22096814647604712, 1.0]]","{0: '', 1: 'A', 2: 'B'}",,2,after,"[True, True]","{'max': 21, 'min': 21, 'avg': 21.0, 'root': 12}","[-10, -10]","[144, 125]",sequential,chance,chance,"[1.0, 1.0]","[0.5, 1.0]","[0.5, 1.0]","[0.5, 1.0]","[0.625, 0.0]","[0.375, 0.0]",[[0]],[[1]],[[2]],"(0, 12)","(12, 21)","(12, 21)",{},{},{},"['A', 'B']",[],[],0,0,5,3,5,4,B,,,,,,,B,,,,,"{'rtype': 'select-node', 'rtimedn': 85.333, 'rtimeup': 85.333}",,,,,,,"{'rtype': 'select-node', 'rtimedn': 29.016, 'rtimeup': 29.016}",,,,
,,16,4,24,1733268192,BDG-548-5254,TREE-1.2-0.0-0.0,"['c8fd32a8-bd36-4574-9359-072a968da39f', '8e19ce2e-c87f-48f0-8bfc-7683d9b2e4dd']","['participant', 'participant']","['lemon', 'ghost']","['hsla(287, 74%, 48%, 1.0)', 'hsla(85, 94%, 40%, 1.0)']","[[1.0, 0.22096814647604712], [0.22096814647604712, 1.0]]","{0: '', 1: 'A', 2: 'B'}",,2,after,"[True, True]","{'max': 21, 'min': 21, 'avg': 21.0, 'root': 12}","[-10, -10]","[116, 133]",sequential,chance,chance,"[1.0, 1.0]","[0.5, 1.0]","[0.5, 1.0]","[0.5, 1.0]","[0.625, 0.0]","[0.375, 0.0]",[[0]],[[1]],[[2]],"(0, 12)","(12, 21)","(12, 21)",{},{},{},"['A', 'B']",[],[],0,0,5,2,5,4,B,,,,,,,B,,,,,"{'rtype': 'select-node', 'rtimedn': 28.939, 'rtimeup': 28.939}",,,,,,,"{'rtype': 'select-node', 'rtimedn': 145.251, 'rtimeup': 145.251}",,,,
,,17,0,24,1733268208,BDG-117-1543,TREE-1.2-0.0-0.0,"['5f76705c-6173-4df7-a873-dc0c321186d2', '0777b594-b926-41c0-a957-8bc1466938d6']","['participant', 'participant']","['hexagon', 'teardrop']","['hsla(70, 54%, 51%, 1.0)', 'hsla(92, 85%, 62%, 1.0)']","[[1.0, 0.22096814647604712], [0.22096814647604712, 1.0]]","{0: '', 1: 'A', 2: 'B'}",,2,after,"[True, True]","{'max': 21, 'min': 21, 'avg': 21.0, 'root': 12}","[-10, -10]","[102, -57]",sequential,chance,chance,"[1.0, 1.0]","[0.5, 1.0]","[0.5, 1.0]","[0.5, 1.0]","[0.375, 0.0]","[0.625, 0.0]",[[0]],[[1]],[[2]],"(0, 12)","(12, 21)","(12, 21)",{},{},{},"['A', 'B']",[],[],0,0,1,5,4,3,B,,,,,,,A,,,,,"{'rtype': 'select-node', 'rtimedn': 30.08, 'rtimeup': 30.08}",,,,,,,"{'rtype': None, 'rtimedn': 13, 'rtimeup': 13}",,,,
,,17,1,24,1733268204,BDG-524-5155,TREE-1.2-0.0-0.0,"['ef055cb1-489a-4c91-bf6d-d2b339e93b4a', '77c58d68-8844-4481-8b54-aaaa442736eb']","['participant', 'robot']","['dent-square', 'arrow-head']","['hsla(236, 100%, 59%, 1.0)', 'hsla(321, 93%, 47%, 1.0)']","[[1.0, 0.05392525708552796], [0.05392525708552796, 1.0]]","{0: '', 1: 'A', 2: 'B'}",,2,after,"[True, True]","{'max': 21, 'min': 21, 'avg': 21.0, 'root': 12}","[-10, -10]","[139, 144]",sequential,chance,chance,"[1.0, 1.0]","[0.5, 1.0]","[0.5, 1.0]","[0.5, 1.0]","[0.625, 0.0]","[0.375, 0.0]",[[0]],[[1]],[[2]],"(0, 12)","(12, 21)","(12, 21)",{},{},{},"['A', 'B']",[],[],0,0,5,1,5,5,B,,,,,,,B,,,,,"{'rtype': 'select-node', 'rtimedn': 297.293, 'rtimeup': 297.293}",,,,,,,"{'rtype': 'select-node', 'rtimedn': 86.528, 'rtimeup': 86.528}",,,,
,,17,2,24,1733268201,BDG-429-4315,TREE-1.2-0.0-0.0,"['b9cad2fe-91ea-4850-9eba-4e5012f57013', 'f3a21fc8-4369-4542-8598-2292ed9be343']","['participant', 'robot']","['star-six', 'jagged-sun']","['hsla(291, 82%, 51%, 1.0)', 'hsla(237, 95%, 65%, 1.0)']","[[1.0, 0.22096814647604712], [0.22096814647604712, 1.0]]","{0: '', 1: 'A', 2: 'B'}",,1,after,"[True, True]","{'max': 21, 'min': 21, 'avg': 21.0, 'root': 12}","[-10, -10]","[96, 133]",sequential,chance,chance,"[1.0, 1.0]","[0.5, 1.0]","[0.5, 1.0]","[0.5, 1.0]","[0.625, 0.0]","[0.375, 0.0]",[[0]],[[1]],[[2]],"(0, 12)","(12, 21)","(12, 21)",{},{},{},"['A', 'B']",[],[],0,0,4,3,1,5,A,,,,,,,B,,,,,"{'rtype': 'select-node', 'rtimedn': 27.746, 'rtimeup': 27.746}",,,,,,,"{'rtype': 'select-node', 'rtimedn': 121.665, 'rtimeup': 121.665}",,,,
,,17,3,24,1733268202,BDG-612-5533,TREE-1.2-0.0-0.0,"['75443486-7234-4f3b-8f58-7b096a872d36', 'ed9b60ed-b3a8-44ac-a0ca-fca1d3647529']","['participant', 'participant']","['dodecagon', 'circle']","['hsla(97, 75%, 39%, 1.0)', 'hsla(137, 55%, 54%, 1.0)']","[[1.0, 0.08251818409831953], [0.08251818409831953, 1.0]]","{0: '', 1: 'A', 2: 'B'}",,1,after,"[True, True]","{'max': 21, 'min': 21, 'avg': 21.0, 'root': 12}","[-10, -10]","[142, 125]",sequential,chance,chance,"[1.0, 1.0]","[0.5, 1.0]","[0.5, 1.0]","[0.5, 1.0]","[0.375, 0.0]","[0.625, 0.0]",[[0]],[[1]],[[2]],"(0, 12)","(12, 21)","(12, 21)",{},{},{},"['A', 'B']",[],[],0,0,5,5,3,3,A,,,,,,,A,,,,,"{'rtype': 'select-node', 'rtimedn': 29.979, 'rtimeup': 29.979}",,,,,,,"{'rtype': 'select-node', 'rtimedn': 30.085, 'rtimeup': 30.085}",,,,
,,17,4,24,1733268202,BDG-005-1121,TREE-1.2-0.0-0.0,"['c8fd32a8-bd36-4574-9359-072a968da39f', '8e19ce2e-c87f-48f0-8bfc-7683d9b2e4dd']","['participant', 'participant']","['lemon', 'ghost']","['hsla(287, 74%, 48%, 1.0)', 'hsla(85, 94%, 40%, 1.0)']","[[1.0, 0.22096814647604712], [0.22096814647604712, 1.0]]","{0: '', 1: 'A', 2: 'B'}",,2,after,"[True, True]","{'max': 21, 'min': 21, 'avg': 21.0, 'root': 12}","[-10, -10]","[116, 133]",sequential,chance,chance,"[1.0, 1.0]","[0.5, 1.0]","[0.5, 1.0]","[0.5, 1.0]","[0.625, 0.0]","[0.375, 0.0]",[[0]],[[1]],[[2]],"(0, 12)","(12, 21)","(12, 21)",{},{},{},"['A', 'B']",[],[],0,0,1,1,2,1,B,,,,,,,B,,,,,"{'rtype': 'select-node', 'rtimedn': 30.113, 'rtimeup': 30.113}",,,,,,,"{'rtype': 'select-node', 'rtimedn': 146.221, 'rtimeup': 146.221}",,,,
,,18,0,24,1733268218,BDG-434-4325,TREE-1.2-0.0-0.0,"['75443486-7234-4f3b-8f58-7b096a872d36', 'b9cad2fe-91ea-4850-9eba-4e5012f57013']","['participant', 'participant']","['dodecagon', 'star-six']","['hsla(97, 75%, 39%, 1.0)', 'hsla(291, 82%, 51%, 1.0)']","[[1.0, 0.1916227740155505], [0.1916227740155505, 1.0]]","{0: '', 1: 'A', 2: 'B'}",,1,after,"[True, True]","{'max': 21, 'min': 21, 'avg': 21.0, 'root': 12}","[-10, -10]","[142, 96]",sequential,chance,chance,"[1.0, 1.0]","[0.5, 1.0]","[0.5, 1.0]","[0.5, 1.0]","[0.375, 0.0]","[0.625, 0.0]",[[0]],[[1]],[[2]],"(0, 12)","(12, 21)","(12, 21)",{},{},{},"['A', 'B']",[],[],0,0,4,3,2,5,A,,,,,,,B,,,,,"{'rtype': 'select-node', 'rtimedn': 31.695, 'rtimeup': 31.695}",,,,,,,"{'rtype': 'select-node', 'rtimedn': 29.281, 'rtimeup': 29.281}",,,,
,,18,1,24,1733268221,BDG-196-2352,TREE-1.2-0.0-0.0,"['c8fd32a8-bd36-4574-9359-072a968da39f', '77c58d68-8844-4481-8b54-aaaa442736eb']","['participant', 'robot']","['lemon', 'arrow-head']","['hsla(287, 74%, 48%, 1.0)', 'hsla(321, 93%, 47%, 1.0)']","[[1.0, 0.08251818409831953], [0.08251818409831953, 1.0]]","{0: '', 1: 'A', 2: 'B'}",,2,after,"[True, True]","{'max': 21, 'min': 21, 'avg': 21.0, 'root': 12}","[-10, -10]","[116, 144]",sequential,chance,chance,"[1.0, 1.0]","[0.5, 1.0]","[0.5, 1.0]","[0.5, 1.0]","[0.375, 0.0]","[0.625, 0.0]",[[0]],[[1]],[[2]],"(0, 12)","(12, 21)","(12, 21)",{},{},{},"['A', 'B']",[],[],0,0,2,3,5,2,B,,,,,,,A,,,,,"{'rtype': 'select-node', 'rtimedn': 31.619, 'rtimeup': 31.619}",,,,,,,"{'rtype': 'select-node', 'rtimedn': 88.355, 'rtimeup': 88.355}",,,,
,,18,2,24,1733268220,BDG-454-4415,TREE-1.2-0.0-0.0,"['5f76705c-6173-4df7-a873-dc0c321186d2', 'ef055cb1-489a-4c91-bf6d-d2b339e93b4a']","['participant', 'participant']","['hexagon', 'dent-square']","['hsla(70, 54%, 51%, 1.0)', 'hsla(236, 100%, 59%, 1.0)']","[[1.0, 0.08251818409831953], [0.08251818409831953, 1.0]]","{0: '', 1: 'A', 2: 'B'}",,1,after,"[True, True]","{'max': 21, 'min': 21, 'avg': 21.0, 'root': 12}","[-10, -10]","[102, 139]",sequential,chance,chance,"[1.0, 1.0]","[0.5, 1.0]","[0.5, 1.0]","[0.5, 1.0]","[0.625, 0.0]","[0.375, 0.0]",[[0]],[[1]],[[2]],"(0, 12)","(12, 21)","(12, 21)",{},{},{},"['A', 'B']",[],[],0,0,4,4,1,5,A,,,,,,,A,,,,,"{'rtype': 'select-node', 'rtimedn': 31.517, 'rtimeup': 31.517}",,,,,,,"{'rtype': 'select-node', 'rtimedn': 298.948, 'rtimeup': 298.948}",,,,
,,18,3,24,1733268217,BDG-446-4352,TREE-1.2-0.0-0.0,"['f3a21fc8-4369-4542-8598-2292ed9be343', 'ed9b60ed-b3a8-44ac-a0ca-fca1d3647529']","['robot', 'participant']","['jagged-sun', 'circle']","['hsla(237, 95%, 65%, 1.0)', 'hsla(137, 55%, 54%, 1.0)']","[[1.0, 0.12315023827439175], [0.12315023827439175, 1.0]]","{0: '', 1: 'A', 2: 'B'}",,2,after,"[True, True]","{'max': 21, 'min': 21, 'avg': 21.0, 'root': 12}","[-10, -10]","[133, 125]",sequential,chance,chance,"[1.0, 1.0]","[0.5, 1.0]","[0.5, 1.0]","[0.5, 1.0]","[0.375, 0.0]","[0.625, 0.0]",[[0]],[[1]],[[2]],"(0, 12)","(12, 21)","(12, 21)",{},{},{},"['A', 'B']",[],[],0,0,4,3,5,2,B,,,,,,,B,,,,,"{'rtype': 'select-node', 'rtimedn': 123.17, 'rtimeup': 123.17}",,,,,,,"{'rtype': 'select-node', 'rtimedn': 31.546, 'rtimeup': 31.546}",,,,
,,18,4,24,1733268220,BDG-289-3235,TREE-1.2-0.0-0.0,"['0777b594-b926-41c0-a957-8bc1466938d6', '8e19ce2e-c87f-48f0-8bfc-7683d9b2e4dd']","['participant', 'participant']","['teardrop', 'ghost']","['hsla(92, 85%, 62%, 1.0)', 'hsla(85, 94%, 40%, 1.0)']","[[1.0, 0.01805869074492099], [0.01805869074492099, 1.0]]","{0: '', 1: 'A', 2: 'B'}",,2,after,"[True, True]","{'max': 21, 'min': 21, 'avg': 21.0, 'root': 12}","[-10, -10]","[-57, 133]",sequential,chance,chance,"[1.0, 1.0]","[0.5, 1.0]","[0.5, 1.0]","[0.5, 1.0]","[0.625, 0.0]","[0.375, 0.0]",[[0]],[[1]],[[2]],"(0, 12)","(12, 21)","(12, 21)",{},{},{},"['A', 'B']",[],[],0,0,3,2,3,5,B,,,,,,,B,,,,,"{'rtype': 'select-node', 'rtimedn': 29.169, 'rtimeup': 29.169}",,,,,,,"{'rtype': 'select-node', 'rtimedn': 147.999, 'rtimeup': 147.999}",,,,
,,19,0,24,1733268232,BDG-504-5115,TREE-1.2-0.0-0.0,"['ef055cb1-489a-4c91-bf6d-d2b339e93b4a', '75443486-7234-4f3b-8f58-7b096a872d36']","['participant', 'participant']","['dent-square', 'dodecagon']","['hsla(236, 100%, 59%, 1.0)', 'hsla(97, 75%, 39%, 1.0)']","[[1.0, 0.22096814647604712], [0.22096814647604712, 1.0]]","{0: '', 1: 'A', 2: 'B'}",,1,after,"[True, True]","{'max': 21, 'min': 21, 'avg': 21.0, 'root': 12}","[-10, -10]","[139, 142]",sequential,chance,chance,"[1.0, 1.0]","[0.5, 1.0]","[0.5, 1.0]","[0.5, 1.0]","[0.375, 0.0]","[0.625, 0.0]",[[0]],[[1]],[[2]],"(0, 12)","(12, 21)","(12, 21)",{},{},{},"['A', 'B']",[],[],0,0,5,1,1,5,A,,,,,,,A,,,,,"{'rtype': 'select-node', 'rtimedn': 300.102, 'rtimeup': 300.102}",,,,,,,"{'rtype': 'select-node', 'rtimedn': 32.828, 'rtimeup': 32.828}",,,,
,,19,1,24,1733268229,BDG-461-4432,TREE-1.2-0.0-0.0,"['77c58d68-8844-4481-8b54-aaaa442736eb', '0777b594-b926-41c0-a957-8bc1466938d6']","['robot', 'participant']","['arrow-head', 'teardrop']","['hsla(321, 93%, 47%, 1.0)', 'hsla(92, 85%, 62%, 1.0)']","[[1.0, 0.1442187108101329], [0.1442187108101329, 1.0]]","{0: '', 1: 'A', 2: 'B'}",,1,after,"[True, True]","{'max': 21, 'min': 21, 'avg': 21.0, 'root': 12}","[-10, -10]","[144, -57]",sequential,chance,chance,"[1.0, 1.0]","[0.5, 1.0]","[0.5, 1.0]","[0.5, 1.0]","[0.375, 0.0]","[0.625, 0.0]",[[0]],[[1]],[[2]],"(0, 12)","(12, 21)","(12, 21)",{},{},{},"['A', 'B']",[],[],0,0,4,4,3,2,A,,,,,,,A,,,,,"{'rtype': 'select-node', 'rtimedn': 89.183, 'rtimeup': 89.183}",,,,,,,"{'rtype': 'select-node', 'rtimedn': 30.365, 'rtimeup': 30.365}",,,,
,,19,2,24,1733268232,BDG-088-1434,TREE-1.2-0.0-0.0,"['b9cad2fe-91ea-4850-9eba-4e5012f57013', 'f3a21fc8-4369-4542-8598-2292ed9be343']","['participant', 'robot']","['star-six', 'jagged-sun']","['hsla(291, 82%, 51%, 1.0)', 'hsla(237, 95%, 65%, 1.0)']","[[1.0, 0.22096814647604712], [0.22096814647604712, 1.0]]","{0: '', 1: 'A', 2: 'B'}",,2,after,"[True, True]","{'max': 21, 'min': 21, 'avg': 21.0, 'root': 12}","[-10, -10]","[96, 133]",sequential,chance,chance,"[1.0, 1.0]","[0.5, 1.0]","[0.5, 1.0]","[0.5, 1.0]","[0.625, 0.0]","[0.375, 0.0]",[[0]],[[1]],[[2]],"(0, 12)","(12, 21)","(12, 21)",{},{},{},"['A', 'B']",[],[],0,0,1,4,3,4,B,,,,,,,A,,,,,"{'rtype': 'select-node', 'rtimedn': 30.843, 'rtimeup': 30.843}",,,,,,,"{'rtype': 'select-node', 'rtimedn': 124.311, 'rtimeup': 124.311}",,,,
,,19,3,24,1733268235,BDG-367-3543,TREE-1.2-0.0-0.0,"['5f76705c-6173-4df7-a873-dc0c321186d2', 'c8fd32a8-bd36-4574-9359-072a968da39f']","['participant', 'participant']","['hexagon', 'lemon']","['hsla(70, 54%, 51%, 1.0)', 'hsla(287, 74%, 48%, 1.0)']","[[1.0, 0.1916227740155505], [0.1916227740155505, 1.0]]","{0: '', 1: 'A', 2: 'B'}",,2,after,"[True, True]","{'max': 21, 'min': 21, 'avg': 21.0, 'root': 12}","[-10, -10]","[102, 116]",sequential,chance,chance,"[1.0, 1.0]","[0.5, 1.0]","[0.5, 1.0]","[0.5, 1.0]","[0.375, 0.0]","[0.625, 0.0]",[[0]],[[1]],[[2]],"(0, 12)","(12, 21)","(12, 21)",{},{},{},"['A', 'B']",[],[],0,0,3,5,4,3,B,,,,,,,B,,,,,"{'rtype': 'select-node', 'rtimedn': 33.321, 'rtimeup': 33.321}",,,,,,,"{'rtype': 'select-node', 'rtimedn': 33.001, 'rtimeup': 33.001}",,,,
,,19,4,24,1733268241,BDG-028-1214,TREE-1.2-0.0-0.0,"['ed9b60ed-b3a8-44ac-a0ca-fca1d3647529', '8e19ce2e-c87f-48f0-8bfc-7683d9b2e4dd']","['participant', 'participant']","['circle', 'ghost']","['hsla(137, 55%, 54%, 1.0)', 'hsla(85, 94%, 40%, 1.0)']","[[1.0, 0.05392525708552796], [0.05392525708552796, 1.0]]","{0: '', 1: 'A', 2: 'B'}",,1,after,"[True, True]","{'max': 21, 'min': 21, 'avg': 21.0, 'root': 12}","[-10, -10]","[125, 133]",sequential,chance,chance,"[1.0, 1.0]","[0.5, 1.0]","[0.5, 1.0]","[0.5, 1.0]","[0.375, 0.0]","[0.625, 0.0]",[[0]],[[1]],[[2]],"(0, 12)","(12, 21)","(12, 21)",{},{},{},"['A', 'B']",[],[],0,0,1,2,1,4,A,,,,,,,B,,,,,"{'rtype': None, 'rtimedn': 13, 'rtimeup': 13}",,,,,,,"{'rtype': 'select-node', 'rtimedn': 149.188, 'rtimeup': 149.188}",,,,
,,20,0,24,1733268252,BDG-409-4225,TREE-1.2-0.0-0.0,"['75443486-7234-4f3b-8f58-7b096a872d36', '5f76705c-6173-4df7-a873-dc0c321186d2']","['participant', 'participant']","['dodecagon', 'hexagon']","['hsla(97, 75%, 39%, 1.0)', 'hsla(70, 54%, 51%, 1.0)']","[[1.0, 0.1442187108101329], [0.1442187108101329, 1.0]]","{0: '', 1: 'A', 2: 'B'}",,2,after,"[True, True]","{'max': 21, 'min': 21, 'avg': 21.0, 'root': 12}","[-10, -10]","[142, 102]",sequential,chance,chance,"[1.0, 1.0]","[0.5, 1.0]","[0.5, 1.0]","[0.5, 1.0]","[0.375, 0.0]","[0.625, 0.0]",[[0]],[[1]],[[2]],"(0, 12)","(12, 21)","(12, 21)",{},{},{},"['A', 'B']",[],[],0,0,4,2,2,5,B,,,,,,,A,,,,,"{'rtype': 'select-node', 'rtimedn': 35.08, 'rtimeup': 35.08}",,,,,,,"{'rtype': 'select-node', 'rtimedn': 34.666, 'rtimeup': 34.666}",,,,
,,20,1,24,1733268250,BDG-088-1434,TREE-1.2-0.0-0.0,"['8e19ce2e-c87f-48f0-8bfc-7683d9b2e4dd', 'c8fd32a8-bd36-4574-9359-072a968da39f']","['participant', 'participant']","['ghost', 'lemon']","['hsla(85, 94%, 40%, 1.0)', 'hsla(287, 74%, 48%, 1.0)']","[[1.0, 0.22096814647604712], [0.22096814647604712, 1.0]]","{0: '', 1: 'A', 2: 'B'}",,2,after,"[True, True]","{'max': 21, 'min': 21, 'avg': 21.0, 'root': 12}","[-10, -10]","[133, 116]",sequential,chance,chance,"[1.0, 1.0]","[0.5, 1.0]","[0.5, 1.0]","[0.5, 1.0]","[0.625, 0.0]","[0.375, 0.0]",[[0]],[[1]],[[2]],"(0, 12)","(12, 21)","(12, 21)",{},{},{},"['A', 'B']",[],[],0,0,1,4,3,4,B,,,,,,,B,,,,,"{'rtype': 'select-node', 'rtimedn': 150.897, 'rtimeup': 150.897}",,,,,,,"{'rtype': 'select-node', 'rtimedn': 34.943, 'rtimeup': 34.943}",,,,
,,20,2,24,1733268251,BDG-269-3145,TREE-1.2-0.0-0.0,"['0777b594-b926-41c0-a957-8bc1466938d6', 'f3a21fc8-4369-4542-8598-2292ed9be343']","['participant', 'robot']","['teardrop', 'jagged-sun']","['hsla(92, 85%, 62%, 1.0)', 'hsla(237, 95%, 65%, 1.0)']","[[1.0, 0.08251818409831953], [0.08251818409831953, 1.0]]","{0: '', 1: 'A', 2: 'B'}",,2,after,"[True, False]","{'max': 21, 'min': 21, 'avg': 21.0, 'root': 12}","[-10, 0]","[-57, 133]",sequential,chance,chance,"[1.0, 1.0]","[0.5, 1.0]","[0.5, 1.0]","[0.5, 1.0]","[0.375, 0.0]","[0.625, 0.0]",[[0]],[[1]],[[2]],"(0, 12)","(12, 21)","(12, 21)",{},{},{},"['A', 'B']",[],[],0,0,3,1,4,5,B,,,,,,,B,,,,,"{'rtype': 'select-node', 'rtimedn': 32.705, 'rtimeup': 32.705}",,,,,,,"{'rtype': 'a', 'rtimedn': 5.624, 'rtimeup': 6.424}",,,,
,,20,3,24,1733268252,BDG-420-4251,TREE-1.2-0.0-0.0,"['ed9b60ed-b3a8-44ac-a0ca-fca1d3647529', 'b9cad2fe-91ea-4850-9eba-4e5012f57013']","['participant', 'participant']","['circle', 'star-six']","['hsla(137, 55%, 54%, 1.0)', 'hsla(291, 82%, 51%, 1.0)']","[[1.0, 0.1442187108101329], [0.1442187108101329, 1.0]]","{0: '', 1: 'A', 2: 'B'}",,1,after,"[True, True]","{'max': 21, 'min': 21, 'avg': 21.0, 'root': 12}","[-10, -10]","[125, 96]",sequential,chance,chance,"[1.0, 1.0]","[0.5, 1.0]","[0.5, 1.0]","[0.5, 1.0]","[0.625, 0.0]","[0.375, 0.0]",[[0]],[[1]],[[2]],"(0, 12)","(12, 21)","(12, 21)",{},{},{},"['A', 'B']",[],[],0,0,4,2,5,1,A,,,,,,,A,,,,,"{'rtype': 'select-node', 'rtimedn': 35.104, 'rtimeup': 35.104}",,,,,,,"{'rtype': 'select-node', 'rtimedn': 32.801, 'rtimeup': 32.801}",,,,
,,20,4,24,1733268250,BDG-608-5524,TREE-1.2-0.0-0.0,"['77c58d68-8844-4481-8b54-aaaa442736eb', 'ef055cb1-489a-4c91-bf6d-d2b339e93b4a']","['robot', 'participant']","['arrow-head', 'dent-square']","['hsla(321, 93%, 47%, 1.0)', 'hsla(236, 100%, 59%, 1.0)']","[[1.0, 0.05392525708552796], [0.05392525708552796, 1.0]]","{0: '', 1: 'A', 2: 'B'}",,1,after,"[True, True]","{'max': 21, 'min': 21, 'avg': 21.0, 'root': 12}","[-10, -10]","[144, 139]",sequential,chance,chance,"[1.0, 1.0]","[0.5, 1.0]","[0.5, 1.0]","[0.5, 1.0]","[0.625, 0.0]","[0.375, 0.0]",[[0]],[[1]],[[2]],"(0, 12)","(12, 21)","(12, 21)",{},{},{},"['A', 'B']",[],[],0,0,5,5,2,4,A,,,,,,,A,,,,,"{'rtype': 'select-node', 'rtimedn': 91.22, 'rtimeup': 91.22}",,,,,,,"{'rtype': 'select-node', 'rtimedn': 301.968, 'rtimeup': 301.968}",,,,
,,21,0,24,1733268261,BDG-155-2221,TREE-1.2-0.0-0.0,"['c8fd32a8-bd36-4574-9359-072a968da39f', '8e19ce2e-c87f-48f0-8bfc-7683d9b2e4dd']","['participant', 'participant']","['lemon', 'ghost']","['hsla(287, 74%, 48%, 1.0)', 'hsla(85, 94%, 40%, 1.0)']","[[1.0, 0.22096814647604712], [0.22096814647604712, 1.0]]","{0: '', 1: 'A', 2: 'B'}",,1,after,"[True, True]","{'max': 21, 'min': 21, 'avg': 21.0, 'root': 12}","[-10, -10]","[116, 133]",sequential,chance,chance,"[1.0, 1.0]","[0.5, 1.0]","[0.5, 1.0]","[0.5, 1.0]","[0.625, 0.0]","[0.375, 0.0]",[[0]],[[1]],[[2]],"(0, 12)","(12, 21)","(12, 21)",{},{},{},"['A', 'B']",[],[],0,0,2,2,2,1,A,,,,,,,A,,,,,"{'rtype': 'select-node', 'rtimedn': 35.928, 'rtimeup': 35.928}",,,,,,,"{'rtype': 'select-node', 'rtimedn': 152.114, 'rtimeup': 152.114}",,,,
,,21,1,24,1733268262,BDG-419-4245,TREE-1.2-0.0-0.0,"['f3a21fc8-4369-4542-8598-2292ed9be343', 'b9cad2fe-91ea-4850-9eba-4e5012f57013']","['robot', 'participant']","['jagged-sun', 'star-six']","['hsla(237, 95%, 65%, 1.0)', 'hsla(291, 82%, 51%, 1.0)']","[[1.0, 0.22096814647604712], [0.22096814647604712, 1.0]]","{0: '', 1: 'A', 2: 'B'}",,2,after,"[False, True]","{'max': 21, 'min': 21, 'avg': 21.0, 'root': 12}","[0, -10]","[133, 96]",sequential,chance,chance,"[1.0, 1.0]","[0.5, 1.0]","[0.5, 1.0]","[0.5, 1.0]","[0.625, 0.0]","[0.375, 0.0]",[[0]],[[1]],[[2]],"(0, 12)","(12, 21)","(12, 21)",{},{},{},"['A', 'B']",[],[],0,0,4,2,4,5,B,,,,,,,B,,,,,"{'rtype': 'd', 'rtimedn': 1.243, 'rtimeup': 2.36}",,,,,,,"{'rtype': 'select-node', 'rtimedn': 33.803, 'rtimeup': 33.803}",,,,
,,21,2,24,1733268261,BDG-273-3154,TREE-1.2-0.0-0.0,"['ed9b60ed-b3a8-44ac-a0ca-fca1d3647529', '77c58d68-8844-4481-8b54-aaaa442736eb']","['participant', 'robot']","['circle', 'arrow-head']","['hsla(137, 55%, 54%, 1.0)', 'hsla(321, 93%, 47%, 1.0)']","[[1.0, 0.22096814647604712], [0.22096814647604712, 1.0]]","{0: '', 1: 'A', 2: 'B'}",,1,after,"[True, True]","{'max': 21, 'min': 21, 'avg': 21.0, 'root': 12}","[-10, -10]","[125, 144]",sequential,chance,chance,"[1.0, 1.0]","[0.5, 1.0]","[0.5, 1.0]","[0.5, 1.0]","[0.625, 0.0]","[0.375, 0.0]",[[0]],[[1]],[[2]],"(0, 12)","(12, 21)","(12, 21)",{},{},{},"['A', 'B']",[],[],0,0,3,1,5,4,A,,,,,,,B,,,,,"{'rtype': 'select-node', 'rtimedn': 35.99, 'rtimeup': 35.99}",,,,,,,"{'rtype': 'select-node', 'rtimedn': 92.333, 'rtimeup': 92.333}",,,,
,,21,3,24,1733268262,BDG-043-1244,TREE-1.2-0.0-0.0,"['75443486-7234-4f3b-8f58-7b096a872d36', 'ef055cb1-489a-4c91-bf6d-d2b339e93b4a']","['participant', 'participant']","['dodecagon', 'dent-square']","['hsla(97, 75%, 39%, 1.0)', 'hsla(236, 100%, 59%, 1.0)']","[[1.0, 0.22096814647604712], [0.22096814647604712, 1.0]]","{0: '', 1: 'A', 2: 'B'}",,2,after,"[True, True]","{'max': 21, 'min': 21, 'avg': 21.0, 'root': 12}","[-10, -10]","[142, 139]",sequential,chance,chance,"[1.0, 1.0]","[0.5, 1.0]","[0.5, 1.0]","[0.5, 1.0]","[0.625, 0.0]","[0.375, 0.0]",[[0]],[[1]],[[2]],"(0, 12)","(12, 21)","(12, 21)",{},{},{},"['A', 'B']",[],[],0,0,1,2,4,4,B,,,,,,,B,,,,,"{'rtype': 'select-node', 'rtimedn': 36.063, 'rtimeup': 36.063}",,,,,,,"{'rtype': 'select-node', 'rtimedn': 303.035, 'rtimeup': 303.035}",,,,
,,21,4,24,1733268260,BDG-280-3221,TREE-1.2-0.0-0.0,"['0777b594-b926-41c0-a957-8bc1466938d6', '5f76705c-6173-4df7-a873-dc0c321186d2']","['participant', 'participant']","['teardrop', 'hexagon']","['hsla(92, 85%, 62%, 1.0)', 'hsla(70, 54%, 51%, 1.0)']","[[1.0, 0.22096814647604712], [0.22096814647604712, 1.0]]","{0: '', 1: 'A', 2: 'B'}",,2,after,"[True, True]","{'max': 21, 'min': 21, 'avg': 21.0, 'root': 12}","[-10, -10]","[-57, 102]",sequential,chance,chance,"[1.0, 1.0]","[0.5, 1.0]","[0.5, 1.0]","[0.5, 1.0]","[0.625, 0.0]","[0.375, 0.0]",[[0]],[[1]],[[2]],"(0, 12)","(12, 21)","(12, 21)",{},{},{},"['A', 'B']",[],[],0,0,3,2,2,1,B,,,,,,,B,,,,,"{'rtype': 'select-node', 'rtimedn': 33.596, 'rtimeup': 33.596}",,,,,,,"{'rtype': 'select-node', 'rtimedn': 35.798, 'rtimeup': 35.798}",,,,
,,22,0,24,1733268270,BDG-421-4252,TREE-1.2-0.0-0.0,"['5f76705c-6173-4df7-a873-dc0c321186d2', '0777b594-b926-41c0-a957-8bc1466938d6']","['participant', 'participant']","['hexagon', 'teardrop']","['hsla(70, 54%, 51%, 1.0)', 'hsla(92, 85%, 62%, 1.0)']","[[1.0, 0.22096814647604712], [0.22096814647604712, 1.0]]","{0: '', 1: 'A', 2: 'B'}",,2,after,"[True, True]","{'max': 21, 'min': 21, 'avg': 21.0, 'root': 12}","[-10, -10]","[102, -57]",sequential,chance,chance,"[1.0, 1.0]","[0.5, 1.0]","[0.5, 1.0]","[0.5, 1.0]","[0.375, 0.0]","[0.625, 0.0]",[[0]],[[1]],[[2]],"(0, 12)","(12, 21)","(12, 21)",{},{},{},"['A', 'B']",[],[],0,0,4,2,5,2,B,,,,,,,A,,,,,"{'rtype': 'select-node', 'rtimedn': 36.821, 'rtimeup': 36.821}",,,,,,,"{'rtype': 'select-node', 'rtimedn': 34.573, 'rtimeup': 34.573}",,,,
,,22,1,24,1733268271,BDG-014-1135,TREE-1.2-0.0-0.0,"['8e19ce2e-c87f-48f0-8bfc-7683d9b2e4dd', '75443486-7234-4f3b-8f58-7b096a872d36']","['participant', 'participant']","['ghost', 'dodecagon']","['hsla(85, 94%, 40%, 1.0)', 'hsla(97, 75%, 39%, 1.0)']","[[1.0, 0.14898419864559817], [0.14898419864559817, 1.0]]","{0: '', 1: 'A', 2: 'B'}",,2,after,"[True, True]","{'max': 21, 'min': 21, 'avg': 21.0, 'root': 12}","[-10, -10]","[133, 142]",sequential,chance,chance,"[1.0, 1.0]","[0.5, 1.0]","[0.5, 1.0]","[0.5, 1.0]","[0.625, 0.0]","[0.375, 0.0]",[[0]],[[1]],[[2]],"(0, 12)","(12, 21)","(12, 21)",{},{},{},"['A', 'B']",[],[],0,0,1,1,3,5,B,,,,,,,B,,,,,"{'rtype': 'select-node', 'rtimedn': 153.111, 'rtimeup': 153.111}",,,,,,,"{'rtype': 'select-node', 'rtimedn': 36.887, 'rtimeup': 36.887}",,,,
,,22,2,24,1733268272,BDG-040-1241,TREE-1.2-0.0-0.0,"['f3a21fc8-4369-4542-8598-2292ed9be343', 'ef055cb1-489a-4c91-bf6d-d2b339e93b4a']","['robot', 'participant']","['jagged-sun', 'dent-square']","['hsla(237, 95%, 65%, 1.0)', 'hsla(236, 100%, 59%, 1.0)']","[[1.0, 0.1916227740155505], [0.1916227740155505, 1.0]]","{0: '', 1: 'A', 2: 'B'}",,2,after,"[False, True]","{'max': 21, 'min': 21, 'avg': 21.0, 'root': 12}","[0, -10]","[133, 139]",sequential,chance,chance,"[1.0, 1.0]","[0.5, 1.0]","[0.5, 1.0]","[0.5, 1.0]","[0.625, 0.0]","[0.375, 0.0]",[[0]],[[1]],[[2]],"(0, 12)","(12, 21)","(12, 21)",{},{},{},"['A', 'B']",[],[],0,0,1,2,4,1,B,,,,,,,B,,,,,"{'rtype': 'a', 'rtimedn': 2.04, 'rtimeup': 3.321}",,,,,,,"{'rtype': 'select-node', 'rtimedn': 304.128, 'rtimeup': 304.128}",,,,
,,22,3,24,1733268271,BDG-508-5124,TREE-1.2-0.0-0.0,"['77c58d68-8844-4481-8b54-aaaa442736eb', 'c8fd32a8-bd36-4574-9359-072a968da39f']","['robot', 'participant']","['arrow-head', 'lemon']","['hsla(321, 93%, 47%, 1.0)', 'hsla(287, 74%, 48%, 1.0)']","[[1.0, 0.08251818409831953], [0.08251818409831953, 1.0]]","{0: '', 1: 'A', 2: 'B'}",,1,after,"[True, True]","{'max': 21, 'min': 21, 'avg': 21.0, 'root': 12}","[-10, -10]","[144, 116]",sequential,chance,chance,"[1.0, 1.0]","[0.5, 1.0]","[0.5, 1.0]","[0.5, 1.0]","[0.625, 0.0]","[0.375, 0.0]",[[0]],[[1]],[[2]],"(0, 12)","(12, 21)","(12, 21)",{},{},{},"['A', 'B']",[],[],0,0,5,1,2,4,A,,,,,,,A,,,,,"{'rtype': 'select-node', 'rtimedn': 93.27, 'rtimeup': 93.27}",,,,,,,"{'rtype': 'select-node', 'rtimedn': 37.046, 'rtimeup': 37.046}",,,,
,,22,4,24,1733268271,BDG-095-1451,TREE-1.2-0.0-0.0,"['ed9b60ed-b3a8-44ac-a0ca-fca1d3647529', 'b9cad2fe-91ea-4850-9eba-4e5012f57013']","['participant', 'participant']","['circle', 'star-six']","['hsla(137, 55%, 54%, 1.0)', 'hsla(291, 82%, 51%, 1.0)']","[[1.0, 0.1442187108101329], [0.1442187108101329, 1.0]]","{0: '', 1: 'A', 2: 'B'}",,2,after,"[True, True]","{'max': 21, 'min': 21, 'avg': 21.0, 'root': 12}","[-10, -10]","[125, 96]",sequential,chance,chance,"[1.0, 1.0]","[0.5, 1.0]","[0.5, 1.0]","[0.5, 1.0]","[0.375, 0.0]","[0.625, 0.0]",[[0]],[[1]],[[2]],"(0, 12)","(12, 21)","(12, 21)",{},{},{},"['A', 'B']",[],[],0,0,1,4,5,1,B,,,,,,,B,,,,,"{'rtype': 'select-node', 'rtimedn': 36.962, 'rtimeup': 36.962}",,,,,,,"{'rtype': 'select-node', 'rtimedn': 34.751, 'rtimeup': 34.751}",,,,
,,23,0,24,1733268280,BDG-306-3322,TREE-1.2-0.0-0.0,"['b9cad2fe-91ea-4850-9eba-4e5012f57013', '5f76705c-6173-4df7-a873-dc0c321186d2']","['participant', 'participant']","['star-six', 'hexagon']","['hsla(291, 82%, 51%, 1.0)', 'hsla(70, 54%, 51%, 1.0)']","[[1.0, 0.14898419864559817], [0.14898419864559817, 1.0]]","{0: '', 1: 'A', 2: 'B'}",,1,after,"[True, True]","{'max': 21, 'min': 21, 'avg': 21.0, 'root': 12}","[-10, -10]","[96, 102]",sequential,chance,chance,"[1.0, 1.0]","[0.5, 1.0]","[0.5, 1.0]","[0.5, 1.0]","[0.625, 0.0]","[0.375, 0.0]",[[0]],[[1]],[[2]],"(0, 12)","(12, 21)","(12, 21)",{},{},{},"['A', 'B']",[],[],0,0,3,3,2,2,A,,,,,,,A,,,,,"{'rtype': 'select-node', 'rtimedn': 35.638, 'rtimeup': 35.638}",,,,,,,"{'rtype': 'select-node', 'rtimedn': 37.818, 'rtimeup': 37.818}",,,,
,,23,1,24,1733268287,BDG-224-2455,TREE-1.2-0.0-0.0,"['0777b594-b926-41c0-a957-8bc1466938d6', 'ed9b60ed-b3a8-44ac-a0ca-fca1d3647529']","['participant', 'participant']","['teardrop', 'circle']","['hsla(92, 85%, 62%, 1.0)', 'hsla(137, 55%, 54%, 1.0)']","[[1.0, 0.1916227740155505], [0.1916227740155505, 1.0]]","{0: '', 1: 'A', 2: 'B'}",,2,after,"[True, True]","{'max': 21, 'min': 21, 'avg': 21.0, 'root': 12}","[-10, -10]","[-57, 125]",sequential,chance,chance,"[1.0, 1.0]","[0.5, 1.0]","[0.5, 1.0]","[0.5, 1.0]","[0.625, 0.0]","[0.375, 0.0]",[[0]],[[1]],[[2]],"(0, 12)","(12, 21)","(12, 21)",{},{},{},"['A', 'B']",[],[],0,0,2,4,5,5,B,,,,,,,A,,,,,"{'rtype': None, 'rtimedn': 13, 'rtimeup': 13}",,,,,,,"{'rtype': 'select-node', 'rtimedn': 37.936, 'rtimeup': 37.936}",,,,
,,23,2,24,1733268283,BDG-172-2253,TREE-1.2-0.0-0.0,"['8e19ce2e-c87f-48f0-8bfc-7683d9b2e4dd', 'c8fd32a8-bd36-4574-9359-072a968da39f']","['participant', 'participant']","['ghost', 'lemon']","['hsla(85, 94%, 40%, 1.0)', 'hsla(287, 74%, 48%, 1.0)']","[[1.0, 0.22096814647604712], [0.22096814647604712, 1.0]]","{0: '', 1: 'A', 2: 'B'}",,2,after,"[True, True]","{'max': 21, 'min': 21, 'avg': 21.0, 'root': 12}","[-10, -10]","[133, 116]",sequential,chance,chance,"[1.0, 1.0]","[0.5, 1.0]","[0.5, 1.0]","[0.5, 1.0]","[0.375, 0.0]","[0.625, 0.0]",[[0]],[[1]],[[2]],"(0, 12)","(12, 21)","(12, 21)",{},{},{},"['A', 'B']",[],[],0,0,2,2,5,3,B,,,,,,,B,,,,,"{'rtype': 'select-node', 'rtimedn': 154.287, 'rtimeup': 154.287}",,,,,,,"{'rtype': 'select-node', 'rtimedn': 37.938, 'rtimeup': 37.938}",,,,
,,23,3,24,1733268282,BDG-619-5545,TREE-1.2-0.0-0.0,"['f3a21fc8-4369-4542-8598-2292ed9be343', '75443486-7234-4f3b-8f58-7b096a872d36']","['robot', 'participant']","['jagged-sun', 'dodecagon']","['hsla(237, 95%, 65%, 1.0)', 'hsla(97, 75%, 39%, 1.0)']","[[1.0, 0.01805869074492099], [0.01805869074492099, 1.0]]","{0: '', 1: 'A', 2: 'B'}",,1,after,"[False, True]","{'max': 21, 'min': 21, 'avg': 21.0, 'root': 12}","[0, -10]","[133, 142]",sequential,chance,chance,"[1.0, 1.0]","[0.5, 1.0]","[0.5, 1.0]","[0.5, 1.0]","[0.625, 0.0]","[0.375, 0.0]",[[0]],[[1]],[[2]],"(0, 12)","(12, 21)","(12, 21)",{},{},{},"['A', 'B']",[],[],0,0,5,5,4,5,A,,,,,,,A,,,,,"{'rtype': 'd', 'rtimedn': 6.945, 'rtimeup': 8.407}",,,,,,,"{'rtype': 'select-node', 'rtimedn': 38.041, 'rtimeup': 38.041}",,,,
,,23,4,24,1733268283,BDG-367-3543,TREE-1.2-0.0-0.0,"['77c58d68-8844-4481-8b54-aaaa442736eb', 'ef055cb1-489a-4c91-bf6d-d2b339e93b4a']","['robot', 'participant']","['arrow-head', 'dent-square']","['hsla(321, 93%, 47%, 1.0)', 'hsla(236, 100%, 59%, 1.0)']","[[1.0, 0.05392525708552796], [0.05392525708552796, 1.0]]","{0: '', 1: 'A', 2: 'B'}",,2,after,"[True, True]","{'max': 21, 'min': 21, 'avg': 21.0, 'root': 12}","[-10, -10]","[144, 139]",sequential,chance,chance,"[1.0, 1.0]","[0.5, 1.0]","[0.5, 1.0]","[0.5, 1.0]","[0.375, 0.0]","[0.625, 0.0]",[[0]],[[1]],[[2]],"(0, 12)","(12, 21)","(12, 21)",{},{},{},"['A', 'B']",[],[],0,0,3,5,4,3,B,,,,,,,B,,,,,"{'rtype': 'select-node', 'rtimedn': 94.35, 'rtimeup': 94.35}",,,,,,,"{'rtype': 'select-node', 'rtimedn': 305.209, 'rtimeup': 305.209}",,,,
,,24,0,24,1733268301,BDG-536-5232,TREE-1.2-0.0-0.0,"['77c58d68-8844-4481-8b54-aaaa442736eb', '0777b594-b926-41c0-a957-8bc1466938d6']","['robot', 'participant']","['arrow-head', 'teardrop']","['hsla(321, 93%, 47%, 1.0)', 'hsla(92, 85%, 62%, 1.0)']","[[1.0, 0.1442187108101329], [0.1442187108101329, 1.0]]","{0: '', 1: 'A', 2: 'B'}",,1,after,"[True, True]","{'max': 21, 'min': 21, 'avg': 21.0, 'root': 12}","[-10, -10]","[144, -57]",sequential,chance,chance,"[1.0, 1.0]","[0.5, 1.0]","[0.5, 1.0]","[0.5, 1.0]","[0.625, 0.0]","[0.375, 0.0]",[[0]],[[1]],[[2]],"(0, 12)","(12, 21)","(12, 21)",{},{},{},"['A', 'B']",[],[],0,0,5,2,3,2,A,,,,,,,A,,,,,"{'rtype': 'select-node', 'rtimedn': 95.845, 'rtimeup': 95.845}",,,,,,,"{'rtype': None, 'rtimedn': 13, 'rtimeup': 13}",,,,
,,24,1,24,1733268299,BDG-479-4515,TREE-1.2-0.0-0.0,"['ef055cb1-489a-4c91-bf6d-d2b339e93b4a', 'f3a21fc8-4369-4542-8598-2292ed9be343']","['participant', 'robot']","['dent-square', 'jagged-sun']","['hsla(236, 100%, 59%, 1.0)', 'hsla(237, 95%, 65%, 1.0)']","[[1.0, 0.1916227740155505], [0.1916227740155505, 1.0]]","{0: '', 1: 'A', 2: 'B'}",,1,after,"[True, False]","{'max': 21, 'min': 21, 'avg': 21.0, 'root': 12}","[-10, 0]","[139, 133]",sequential,chance,chance,"[1.0, 1.0]","[0.5, 1.0]","[0.5, 1.0]","[0.5, 1.0]","[0.625, 0.0]","[0.375, 0.0]",[[0]],[[1]],[[2]],"(0, 12)","(12, 21)","(12, 21)",{},{},{},"['A', 'B']",[],[],0,0,4,5,1,5,A,,,,,,,A,,,,,"{'rtype': 'select-node', 'rtimedn': 306.855, 'rtimeup': 306.855}",,,,,,,"{'rtype': 'd', 'rtimedn': 10.819, 'rtimeup': 11.361}",,,,
,,24,2,24,1733268297,BDG-199-2355,TREE-1.2-0.0-0.0,"['ed9b60ed-b3a8-44ac-a0ca-fca1d3647529', '75443486-7234-4f3b-8f58-7b096a872d36']","['participant', 'participant']","['circle', 'dodecagon']","['hsla(137, 55%, 54%, 1.0)', 'hsla(97, 75%, 39%, 1.0)']","[[1.0, 0.08251818409831953], [0.08251818409831953, 1.0]]","{0: '', 1: 'A', 2: 'B'}",,2,after,"[True, True]","{'max': 21, 'min': 21, 'avg': 21.0, 'root': 12}","[-10, -10]","[125, 142]",sequential,chance,chance,"[1.0, 1.0]","[0.5, 1.0]","[0.5, 1.0]","[0.5, 1.0]","[0.625, 0.0]","[0.375, 0.0]",[[0]],[[1]],[[2]],"(0, 12)","(12, 21)","(12, 21)",{},{},{},"['A', 'B']",[],[],0,0,2,3,5,5,B,,,,,,,B,,,,,"{'rtype': 'select-node', 'rtimedn': 39.534, 'rtimeup': 39.534}",,,,,,,"{'rtype': 'select-node', 'rtimedn': 39.573, 'rtimeup': 39.573}",,,,
,,24,3,24,1733268298,BDG-290-3241,TREE-1.2-0.0-0.0,"['5f76705c-6173-4df7-a873-dc0c321186d2', '8e19ce2e-c87f-48f0-8bfc-7683d9b2e4dd']","['participant', 'participant']","['hexagon', 'ghost']","['hsla(70, 54%, 51%, 1.0)', 'hsla(85, 94%, 40%, 1.0)']","[[1.0, 0.12315023827439175], [0.12315023827439175, 1.0]]","{0: '', 1: 'A', 2: 'B'}",,1,after,"[True, True]","{'max': 21, 'min': 21, 'avg': 21.0, 'root': 12}","[-10, -10]","[102, 133]",sequential,chance,chance,"[1.0, 1.0]","[0.5, 1.0]","[0.5, 1.0]","[0.5, 1.0]","[0.375, 0.0]","[0.625, 0.0]",[[0]],[[1]],[[2]],"(0, 12)","(12, 21)","(12, 21)",{},{},{},"['A', 'B']",[],[],0,0,3,2,4,1,A,,,,,,,A,,,,,"{'rtype': 'select-node', 'rtimedn': 39.648, 'rtimeup': 39.648}",,,,,,,"{'rtype': 'select-node', 'rtimedn': 155.47, 'rtimeup': 155.47}",,,,
,,24,4,24,1733268297,BDG-340-3441,TREE-1.2-0.0-0.0,"['c8fd32a8-bd36-4574-9359-072a968da39f', 'b9cad2fe-91ea-4850-9eba-4e5012f57013']","['participant', 'participant']","['lemon', 'star-six']","['hsla(287, 74%, 48%, 1.0)', 'hsla(291, 82%, 51%, 1.0)']","[[1.0, 0.05392525708552796], [0.05392525708552796, 1.0]]","{0: '', 1: 'A', 2: 'B'}",,2,after,"[True, True]","{'max': 21, 'min': 21, 'avg': 21.0, 'root': 12}","[-10, -10]","[116, 96]",sequential,chance,chance,"[1.0, 1.0]","[0.5, 1.0]","[0.5, 1.0]","[0.5, 1.0]","[0.625, 0.0]","[0.375, 0.0]",[[0]],[[1]],[[2]],"(0, 12)","(12, 21)","(12, 21)",{},{},{},"['A', 'B']",[],[],0,0,3,4,4,1,B,,,,,,,B,,,,,"{'rtype': 'select-node', 'rtimedn': 39.583, 'rtimeup': 39.583}",,,,,,,"{'rtype': 'select-node', 'rtimedn': 37.175, 'rtimeup': 37.175}",,,,
,,25,0,24,1733268313,BDG-247-2553,TREE-1.2-0.0-0.0,"['ef055cb1-489a-4c91-bf6d-d2b339e93b4a', '8e19ce2e-c87f-48f0-8bfc-7683d9b2e4dd']","['participant', 'participant']","['dent-square', 'ghost']","['hsla(236, 100%, 59%, 1.0)', 'hsla(85, 94%, 40%, 1.0)']","[[1.0, 0.1442187108101329], [0.1442187108101329, 1.0]]","{0: '', 1: 'A', 2: 'B'}",,2,after,"[True, True]","{'max': 21, 'min': 21, 'avg': 21.0, 'root': 12}","[-10, -10]","[139, 133]",sequential,chance,chance,"[1.0, 1.0]","[0.5, 1.0]","[0.5, 1.0]","[0.5, 1.0]","[0.375, 0.0]","[0.625, 0.0]",[[0]],[[1]],[[2]],"(0, 12)","(12, 21)","(12, 21)",{},{},{},"['A', 'B']",[],[],0,0,2,5,5,3,B,,,,,,,A,,,,,"{'rtype': 'select-node', 'rtimedn': 308.2, 'rtimeup': 308.2}",,,,,,,"{'rtype': 'select-node', 'rtimedn': 157.147, 'rtimeup': 157.147}",,,,
,,25,1,24,1733268312,BDG-433-4324,TREE-1.2-0.0-0.0,"['5f76705c-6173-4df7-a873-dc0c321186d2', '75443486-7234-4f3b-8f58-7b096a872d36']","['participant', 'participant']","['hexagon', 'dodecagon']","['hsla(70, 54%, 51%, 1.0)', 'hsla(97, 75%, 39%, 1.0)']","[[1.0, 0.1442187108101329], [0.1442187108101329, 1.0]]","{0: '', 1: 'A', 2: 'B'}",,2,after,"[True, True]","{'max': 21, 'min': 21, 'avg': 21.0, 'root': 12}","[-10, -10]","[102, 142]",sequential,chance,chance,"[1.0, 1.0]","[0.5, 1.0]","[0.5, 1.0]","[0.5, 1.0]","[0.375, 0.0]","[0.625, 0.0]",[[0]],[[1]],[[2]],"(0, 12)","(12, 21)","(12, 21)",{},{},{},"['A', 'B']",[],[],0,0,4,3,2,4,B,,,,,,,A,,,,,"{'rtype': 'select-node', 'rtimedn': 40.969, 'rtimeup': 40.969}",,,,,,,"{'rtype': 'select-node', 'rtimedn': 40.99, 'rtimeup': 40.99}",,,,
,,25,2,24,1733268309,BDG-120-1551,TREE-1.2-0.0-0.0,"['b9cad2fe-91ea-4850-9eba-4e5012f57013', 'f3a21fc8-4369-4542-8598-2292ed9be343']","['participant', 'robot']","['star-six', 'jagged-sun']","['hsla(291, 82%, 51%, 1.0)', 'hsla(237, 95%, 65%, 1.0)']","[[1.0, 0.22096814647604712], [0.22096814647604712, 1.0]]","{0: '', 1: 'A', 2: 'B'}",,2,after,"[True, False]","{'max': 21, 'min': 21, 'avg': 21.0, 'root': 12}","[-10, 0]","[96, 133]",sequential,chance,chance,"[1.0, 1.0]","[0.5, 1.0]","[0.5, 1.0]","[0.5, 1.0]","[0.625, 0.0]","[0.375, 0.0]",[[0]],[[1]],[[2]],"(0, 12)","(12, 21)","(12, 21)",{},{},{},"['A', 'B']",[],[],0,0,1,5,5,1,B,,,,,,,B,,,,,"{'rtype': 'select-node', 'rtimedn': 38.55, 'rtimeup': 38.55}",,,,,,,"{'rtype': 'd', 'rtimedn': 4.219, 'rtimeup': 5.487}",,,,
,,25,3,24,1733268316,BDG-413-4234,TREE-1.2-0.0-0.0,"['0777b594-b926-41c0-a957-8bc1466938d6', '77c58d68-8844-4481-8b54-aaaa442736eb']","['participant', 'robot']","['teardrop', 'arrow-head']","['hsla(92, 85%, 62%, 1.0)', 'hsla(321, 93%, 47%, 1.0)']","[[1.0, 0.1442187108101329], [0.1442187108101329, 1.0]]","{0: '', 1: 'A', 2: 'B'}",,1,after,"[True, True]","{'max': 21, 'min': 21, 'avg': 21.0, 'root': 12}","[-10, -10]","[-57, 144]",sequential,chance,chance,"[1.0, 1.0]","[0.5, 1.0]","[0.5, 1.0]","[0.5, 1.0]","[0.625, 0.0]","[0.375, 0.0]",[[0]],[[1]],[[2]],"(0, 12)","(12, 21)","(12, 21)",{},{},{},"['A', 'B']",[],[],0,0,4,2,3,4,A,,,,,,,B,,,,,"{'rtype': None, 'rtimedn': 13, 'rtimeup': 13}",,,,,,,"{'rtype': 'select-node', 'rtimedn': 97.173, 'rtimeup': 97.173}",,,,
,,25,4,24,1733268311,BDG-262-3133,TREE-1.2-0.0-0.0,"['ed9b60ed-b3a8-44ac-a0ca-fca1d3647529', 'c8fd32a8-bd36-4574-9359-072a968da39f']","['participant', 'participant']","['circle', 'lemon']","['hsla(137, 55%, 54%, 1.0)', 'hsla(287, 74%, 48%, 1.0)']","[[1.0, 0.01805869074492099], [0.01805869074492099, 1.0]]","{0: '', 1: 'A', 2: 'B'}",,1,after,"[True, True]","{'max': 21, 'min': 21, 'avg': 21.0, 'root': 12}","[-10, -10]","[125, 116]",sequential,chance,chance,"[1.0, 1.0]","[0.5, 1.0]","[0.5, 1.0]","[0.5, 1.0]","[0.625, 0.0]","[0.375, 0.0]",[[0]],[[1]],[[2]],"(0, 12)","(12, 21)","(12, 21)",{},{},{},"['A', 'B']",[],[],0,0,3,1,3,3,A,,,,,,,B,,,,,"{'rtype': 'select-node', 'rtimedn': 40.843, 'rtimeup': 40.843}",,,,,,,"{'rtype': 'select-node', 'rtimedn': 41.005, 'rtimeup': 41.005}",,,,
,,26,0,24,1733268326,BDG-343-3444,TREE-1.2-0.0-0.0,"['77c58d68-8844-4481-8b54-aaaa442736eb', '75443486-7234-4f3b-8f58-7b096a872d36']","['robot', 'participant']","['arrow-head', 'dodecagon']","['hsla(321, 93%, 47%, 1.0)', 'hsla(97, 75%, 39%, 1.0)']","[[1.0, 0.12315023827439175], [0.12315023827439175, 1.0]]","{0: '', 1: 'A', 2: 'B'}",,2,after,"[True, True]","{'max': 21, 'min': 21, 'avg': 21.0, 'root': 12}","[-10, -10]","[144, 142]",sequential,chance,chance,"[1.0, 1.0]","[0.5, 1.0]","[0.5, 1.0]","[0.5, 1.0]","[0.375, 0.0]","[0.625, 0.0]",[[0]],[[1]],[[2]],"(0, 12)","(12, 21)","(12, 21)",{},{},{},"['A', 'B']",[],[],0,0,3,4,4,4,B,,,,,,,B,,,,,"{'rtype': 'select-node', 'rtimedn': 98.689, 'rtimeup': 98.689}",,,,,,,"{'rtype': 'select-node', 'rtimedn': 42.447, 'rtimeup': 42.447}",,,,
,,26,1,24,1733268327,BDG-018-1144,TREE-1.2-0.0-0.0,"['ed9b60ed-b3a8-44ac-a0ca-fca1d3647529', 'c8fd32a8-bd36-4574-9359-072a968da39f']","['participant', 'participant']","['circle', 'lemon']","['hsla(137, 55%, 54%, 1.0)', 'hsla(287, 74%, 48%, 1.0)']","[[1.0, 0.01805869074492099], [0.01805869074492099, 1.0]]","{0: '', 1: 'A', 2: 'B'}",,2,after,"[True, True]","{'max': 21, 'min': 21, 'avg': 21.0, 'root': 12}","[-10, -10]","[125, 116]",sequential,chance,chance,"[1.0, 1.0]","[0.5, 1.0]","[0.5, 1.0]","[0.5, 1.0]","[0.375, 0.0]","[0.625, 0.0]",[[0]],[[1]],[[2]],"(0, 12)","(12, 21)","(12, 21)",{},{},{},"['A', 'B']",[],[],0,0,1,1,4,4,B,,,,,,,B,,,,,"{'rtype': 'select-node', 'rtimedn': 42.633, 'rtimeup': 42.633}",,,,,,,"{'rtype': 'select-node', 'rtimedn': 42.371, 'rtimeup': 42.371}",,,,
,,26,2,24,1733268325,BDG-590-5441,TREE-1.2-0.0-0.0,"['b9cad2fe-91ea-4850-9eba-4e5012f57013', 'f3a21fc8-4369-4542-8598-2292ed9be343']","['participant', 'robot']","['star-six', 'jagged-sun']","['hsla(291, 82%, 51%, 1.0)', 'hsla(237, 95%, 65%, 1.0)']","[[1.0, 0.22096814647604712], [0.22096814647604712, 1.0]]","{0: '', 1: 'A', 2: 'B'}",,1,after,"[True, False]","{'max': 21, 'min': 21, 'avg': 21.0, 'root': 12}","[-10, 0]","[96, 133]",sequential,chance,chance,"[1.0, 1.0]","[0.5, 1.0]","[0.5, 1.0]","[0.5, 1.0]","[0.625, 0.0]","[0.375, 0.0]",[[0]],[[1]],[[2]],"(0, 12)","(12, 21)","(12, 21)",{},{},{},"['A', 'B']",[],[],0,0,5,4,4,1,A,,,,,,,A,,,,,"{'rtype': 'select-node', 'rtimedn': 40.185, 'rtimeup': 40.185}",,,,,,,"{'rtype': 'a', 'rtimedn': 5.372, 'rtimeup': 7.717}",,,,
,,26,3,24,1733268327,BDG-448-4354,TREE-1.2-0.0-0.0,"['8e19ce2e-c87f-48f0-8bfc-7683d9b2e4dd', '0777b594-b926-41c0-a957-8bc1466938d6']","['participant', 'participant']","['ghost', 'teardrop']","['hsla(85, 94%, 40%, 1.0)', 'hsla(92, 85%, 62%, 1.0)']","[[1.0, 0.01805869074492099], [0.01805869074492099, 1.0]]","{0: '', 1: 'A', 2: 'B'}",,2,after,"[True, True]","{'max': 21, 'min': 21, 'avg': 21.0, 'root': 12}","[-10, -10]","[133, -57]",sequential,chance,chance,"[1.0, 1.0]","[0.5, 1.0]","[0.5, 1.0]","[0.5, 1.0]","[0.375, 0.0]","[0.625, 0.0]",[[0]],[[1]],[[2]],"(0, 12)","(12, 21)","(12, 21)",{},{},{},"['A', 'B']",[],[],0,0,4,3,5,4,B,,,,,,,A,,,,,"{'rtype': 'select-node', 'rtimedn': 158.743, 'rtimeup': 158.743}",,,,,,,"{'rtype': 'select-node', 'rtimedn': 39.971, 'rtimeup': 39.971}",,,,
,,26,4,24,1733268329,BDG-489-4535,TREE-1.2-0.0-0.0,"['ef055cb1-489a-4c91-bf6d-d2b339e93b4a', '5f76705c-6173-4df7-a873-dc0c321186d2']","['participant', 'participant']","['dent-square', 'hexagon']","['hsla(236, 100%, 59%, 1.0)', 'hsla(70, 54%, 51%, 1.0)']","[[1.0, 0.08251818409831953], [0.08251818409831953, 1.0]]","{0: '', 1: 'A', 2: 'B'}",,1,after,"[True, True]","{'max': 21, 'min': 21, 'avg': 21.0, 'root': 12}","[-10, -10]","[139, 102]",sequential,chance,chance,"[1.0, 1.0]","[0.5, 1.0]","[0.5, 1.0]","[0.5, 1.0]","[0.375, 0.0]","[0.625, 0.0]",[[0]],[[1]],[[2]],"(0, 12)","(12, 21)","(12, 21)",{},{},{},"['A', 'B']",[],[],0,0,4,5,3,5,A,,,,,,,A,,,,,"{'rtype': 'select-node', 'rtimedn': 309.497, 'rtimeup': 309.497}",,,,,,,"{'rtype': 'select-node', 'rtimedn': 42.756, 'rtimeup': 42.756}",,,,
,,27,0,24,1733268340,BDG-032-1223,TREE-1.2-0.0-0.0,"['77c58d68-8844-4481-8b54-aaaa442736eb', '8e19ce2e-c87f-48f0-8bfc-7683d9b2e4dd']","['robot', 'participant']","['arrow-head', 'ghost']","['hsla(321, 93%, 47%, 1.0)', 'hsla(85, 94%, 40%, 1.0)']","[[1.0, 0.1916227740155505], [0.1916227740155505, 1.0]]","{0: '', 1: 'A', 2: 'B'}",,2,after,"[True, True]","{'max': 21, 'min': 21, 'avg': 21.0, 'root': 12}","[-10, -10]","[144, 133]",sequential,chance,chance,"[1.0, 1.0]","[0.5, 1.0]","[0.5, 1.0]","[0.5, 1.0]","[0.625, 0.0]","[0.375, 0.0]",[[0]],[[1]],[[2]],"(0, 12)","(12, 21)","(12, 21)",{},{},{},"['A', 'B']",[],[],0,0,1,2,2,3,B,,,,,,,B,,,,,"{'rtype': 'select-node', 'rtimedn': 100.014, 'rtimeup': 100.014}",,,,,,,"{'rtype': 'select-node', 'rtimedn': 160.019, 'rtimeup': 160.019}",,,,
,,27,1,24,1733268340,BDG-347-3453,TREE-1.2-0.0-0.0,"['ef055cb1-489a-4c91-bf6d-d2b339e93b4a', '75443486-7234-4f3b-8f58-7b096a872d36']","['participant', 'participant']","['dent-square', 'dodecagon']","['hsla(236, 100%, 59%, 1.0)', 'hsla(97, 75%, 39%, 1.0)']","[[1.0, 0.22096814647604712], [0.22096814647604712, 1.0]]","{0: '', 1: 'A', 2: 'B'}",,2,after,"[True, True]","{'max': 21, 'min': 21, 'avg': 21.0, 'root': 12}","[-10, -10]","[139, 142]",sequential,chance,chance,"[1.0, 1.0]","[0.5, 1.0]","[0.5, 1.0]","[0.5, 1.0]","[0.625, 0.0]","[0.375, 0.0]",[[0]],[[1]],[[2]],"(0, 12)","(12, 21)","(12, 21)",{},{},{},"['A', 'B']",[],[],0,0,3,4,5,3,B,,,,,,,B,,,,,"{'rtype': 'select-node', 'rtimedn': 310.885, 'rtimeup': 310.885}",,,,,,,"{'rtype': 'select-node', 'rtimedn': 43.649, 'rtimeup': 43.649}",,,,
,,27,2,24,1733268347,BDG-242-2543,TREE-1.2-0.0-0.0,"['5f76705c-6173-4df7-a873-dc0c321186d2', 'c8fd32a8-bd36-4574-9359-072a968da39f']","['participant', 'participant']","['hexagon', 'lemon']","['hsla(70, 54%, 51%, 1.0)', 'hsla(287, 74%, 48%, 1.0)']","[[1.0, 0.1916227740155505], [0.1916227740155505, 1.0]]","{0: '', 1: 'A', 2: 'B'}",,1,after,"[True, True]","{'max': 21, 'min': 21, 'avg': 21.0, 'root': 12}","[-10, -10]","[102, 116]",sequential,chance,chance,"[1.0, 1.0]","[0.5, 1.0]","[0.5, 1.0]","[0.5, 1.0]","[0.625, 0.0]","[0.375, 0.0]",[[0]],[[1]],[[2]],"(0, 12)","(12, 21)","(12, 21)",{},{},{},"['A', 'B']",[],[],0,0,2,5,4,3,A,,,,,,,B,,,,,"{'rtype': None, 'rtimedn': 13, 'rtimeup': 13}",,,,,,,"{'rtype': 'select-node', 'rtimedn': 43.824, 'rtimeup': 43.824}",,,,
,,27,3,24,1733268338,BDG-050-1311,TREE-1.2-0.0-0.0,"['b9cad2fe-91ea-4850-9eba-4e5012f57013', 'f3a21fc8-4369-4542-8598-2292ed9be343']","['participant', 'robot']","['star-six', 'jagged-sun']","['hsla(291, 82%, 51%, 1.0)', 'hsla(237, 95%, 65%, 1.0)']","[[1.0, 0.22096814647604712], [0.22096814647604712, 1.0]]","{0: '', 1: 'A', 2: 'B'}",,1,after,"[True, False]","{'max': 21, 'min': 21, 'avg': 21.0, 'root': 12}","[-10, 0]","[96, 133]",sequential,chance,chance,"[1.0, 1.0]","[0.5, 1.0]","[0.5, 1.0]","[0.5, 1.0]","[0.375, 0.0]","[0.625, 0.0]",[[0]],[[1]],[[2]],"(0, 12)","(12, 21)","(12, 21)",{},{},{},"['A', 'B']",[],[],0,0,1,3,1,1,A,,,,,,,A,,,,,"{'rtype': 'select-node', 'rtimedn': 41.423, 'rtimeup': 41.423}",,,,,,,"{'rtype': 'a', 'rtimedn': 4.768, 'rtimeup': 7.734}",,,,
,,27,4,24,1733268339,BDG-380-4121,TREE-1.2-0.0-0.0,"['0777b594-b926-41c0-a957-8bc1466938d6', 'ed9b60ed-b3a8-44ac-a0ca-fca1d3647529']","['participant', 'participant']","['teardrop', 'circle']","['hsla(92, 85%, 62%, 1.0)', 'hsla(137, 55%, 54%, 1.0)']","[[1.0, 0.1916227740155505], [0.1916227740155505, 1.0]]","{0: '', 1: 'A', 2: 'B'}",,2,after,"[True, True]","{'max': 21, 'min': 21, 'avg': 21.0, 'root': 12}","[-10, -10]","[-57, 125]",sequential,chance,chance,"[1.0, 1.0]","[0.5, 1.0]","[0.5, 1.0]","[0.5, 1.0]","[0.375, 0.0]","[0.625, 0.0]",[[0]],[[1]],[[2]],"(0, 12)","(12, 21)","(12, 21)",{},{},{},"['A', 'B']",[],[],0,0,4,1,2,1,B,,,,,,,A,,,,,"{'rtype': 'select-node', 'rtimedn': 41.296, 'rtimeup': 41.296}",,,,,,,"{'rtype': 'select-node', 'rtimedn': 43.794, 'rtimeup': 43.794}",,,,
,,28,0,24,1733268356,BDG-159-2225,TREE-1.2-0.0-0.0,"['77c58d68-8844-4481-8b54-aaaa442736eb', '8e19ce2e-c87f-48f0-8bfc-7683d9b2e4dd']","['robot', 'participant']","['arrow-head', 'ghost']","['hsla(321, 93%, 47%, 1.0)', 'hsla(85, 94%, 40%, 1.0)']","[[1.0, 0.1916227740155505], [0.1916227740155505, 1.0]]","{0: '', 1: 'A', 2: 'B'}",,2,after,"[False, True]","{'max': 21, 'min': 21, 'avg': 21.0, 'root': 12}","[0, -10]","[144, 133]",sequential,chance,chance,"[1.0, 1.0]","[0.5, 1.0]","[0.5, 1.0]","[0.5, 1.0]","[0.625, 0.0]","[0.375, 0.0]",[[0]],[[1]],[[2]],"(0, 12)","(12, 21)","(12, 21)",{},{},{},"['A', 'B']",[],[],0,0,2,2,2,5,B,,,,,,,B,,,,,"{'rtype': 'd', 'rtimedn': 0.292, 'rtimeup': 2.503}",,,,,,,"{'rtype': 'select-node', 'rtimedn': 161.651, 'rtimeup': 161.651}",,,,
,,28,1,24,1733268359,BDG-049-1255,TREE-1.2-0.0-0.0,"['b9cad2fe-91ea-4850-9eba-4e5012f57013', '75443486-7234-4f3b-8f58-7b096a872d36']","['participant', 'participant']","['star-six', 'dodecagon']","['hsla(291, 82%, 51%, 1.0)', 'hsla(97, 75%, 39%, 1.0)']","[[1.0, 0.1916227740155505], [0.1916227740155505, 1.0]]","{0: '', 1: 'A', 2: 'B'}",,2,after,"[True, True]","{'max': 21, 'min': 21, 'avg': 21.0, 'root': 12}","[-10, -10]","[96, 142]",sequential,chance,chance,"[1.0, 1.0]","[0.5, 1.0]","[0.5, 1.0]","[0.5, 1.0]","[0.625, 0.0]","[0.375, 0.0]",[[0]],[[1]],[[2]],"(0, 12)","(12, 21)","(12, 21)",{},{},{},"['A', 'B']",[],[],0,0,1,2,5,5,B,,,,,,,B,,,,,"{'rtype': 'select-node', 'rtimedn': 43.218, 'rtimeup': 43.218}",,,,,,,"{'rtype': 'select-node', 'rtimedn': 45.746, 'rtimeup': 45.746}",,,,
,,28,2,24,1733268356,BDG-312-3333,TREE-1.2-0.0-0.0,"['5f76705c-6173-4df7-a873-dc0c321186d2', 'c8fd32a8-bd36-4574-9359-072a968da39f']","['participant', 'participant']","['hexagon', 'lemon']","['hsla(70, 54%, 51%, 1.0)', 'hsla(287, 74%, 48%, 1.0)']","[[1.0, 0.1916227740155505], [0.1916227740155505, 1.0]]","{0: '', 1: 'A', 2: 'B'}",,1,after,"[True, True]","{'max': 21, 'min': 21, 'avg': 21.0, 'root': 12}","[-10, -10]","[102, 116]",sequential,chance,chance,"[1.0, 1.0]","[0.5, 1.0]","[0.5, 1.0]","[0.5, 1.0]","[0.375, 0.0]","[0.625, 0.0]",[[0]],[[1]],[[2]],"(0, 12)","(12, 21)","(12, 21)",{},{},{},"['A', 'B']",[],[],0,0,3,3,3,3,A,,,,,,,A,,,,,"{'rtype': 'select-node', 'rtimedn': 45.451, 'rtimeup': 45.451}",,,,,,,"{'rtype': 'select-node', 'rtimedn': 45.546, 'rtimeup': 45.546}",,,,
,,28,3,24,1733268356,BDG-467-4443,TREE-1.2-0.0-0.0,"['ed9b60ed-b3a8-44ac-a0ca-fca1d3647529', '0777b594-b926-41c0-a957-8bc1466938d6']","['participant', 'participant']","['circle', 'teardrop']","['hsla(137, 55%, 54%, 1.0)', 'hsla(92, 85%, 62%, 1.0)']","[[1.0, 0.1916227740155505], [0.1916227740155505, 1.0]]","{0: '', 1: 'A', 2: 'B'}",,2,after,"[True, True]","{'max': 21, 'min': 21, 'avg': 21.0, 'root': 12}","[-10, -10]","[125, -57]",sequential,chance,chance,"[1.0, 1.0]","[0.5, 1.0]","[0.5, 1.0]","[0.5, 1.0]","[0.625, 0.0]","[0.375, 0.0]",[[0]],[[1]],[[2]],"(0, 12)","(12, 21)","(12, 21)",{},{},{},"['A', 'B']",[],[],0,0,4,4,4,3,B,,,,,,,A,,,,,"{'rtype': 'select-node', 'rtimedn': 45.468, 'rtimeup': 45.468}",,,,,,,"{'rtype': 'select-node', 'rtimedn': 43.093, 'rtimeup': 43.093}",,,,
,,28,4,24,1733268355,BDG-201-2412,TREE-1.2-0.0-0.0,"['f3a21fc8-4369-4542-8598-2292ed9be343', 'ef055cb1-489a-4c91-bf6d-d2b339e93b4a']","['robot', 'participant']","['jagged-sun', 'dent-square']","['hsla(237, 95%, 65%, 1.0)', 'hsla(236, 100%, 59%, 1.0)']","[[1.0, 0.1916227740155505], [0.1916227740155505, 1.0]]","{0: '', 1: 'A', 2: 'B'}",,1,after,"[False, True]","{'max': 21, 'min': 21, 'avg': 21.0, 'root': 12}","[0, -10]","[133, 139]",sequential,chance,chance,"[1.0, 1.0]","[0.5, 1.0]","[0.5, 1.0]","[0.5, 1.0]","[0.375, 0.0]","[0.625, 0.0]",[[0]],[[1]],[[2]],"(0, 12)","(12, 21)","(12, 21)",{},{},{},"['A', 'B']",[],[],0,0,2,4,1,2,A,,,,,,,B,,,,,"{'rtype': 'd', 'rtimedn': 2.543, 'rtimeup': 4.102}",,,,,,,"{'rtype': 'select-node', 'rtimedn': 312.482, 'rtimeup': 312.482}",,,,
,,29,0,24,1733268367,BDG-515-5141,TREE-1.2-0.0-0.0,"['f3a21fc8-4369-4542-8598-2292ed9be343', 'c8fd32a8-bd36-4574-9359-072a968da39f']","['robot', 'participant']","['jagged-sun', 'lemon']","['hsla(237, 95%, 65%, 1.0)', 'hsla(287, 74%, 48%, 1.0)']","[[1.0, 0.1442187108101329], [0.1442187108101329, 1.0]]","{0: '', 1: 'A', 2: 'B'}",,1,after,"[False, True]","{'max': 21, 'min': 21, 'avg': 21.0, 'root': 12}","[0, -10]","[133, 116]",sequential,chance,chance,"[1.0, 1.0]","[0.5, 1.0]","[0.5, 1.0]","[0.5, 1.0]","[0.625, 0.0]","[0.375, 0.0]",[[0]],[[1]],[[2]],"(0, 12)","(12, 21)","(12, 21)",{},{},{},"['A', 'B']",[],[],0,0,5,1,4,1,A,,,,,,,A,,,,,"{'rtype': 'd', 'rtimedn': 1.62, 'rtimeup': 2.707}",,,,,,,"{'rtype': 'select-node', 'rtimedn': 46.581, 'rtimeup': 46.581}",,,,
,,29,1,24,1733268370,BDG-052-1313,TREE-1.2-0.0-0.0,"['ef055cb1-489a-4c91-bf6d-d2b339e93b4a', 'ed9b60ed-b3a8-44ac-a0ca-fca1d3647529']","['participant', 'participant']","['dent-square', 'circle']","['hsla(236, 100%, 59%, 1.0)', 'hsla(137, 55%, 54%, 1.0)']","[[1.0, 0.14898419864559817], [0.14898419864559817, 1.0]]","{0: '', 1: 'A', 2: 'B'}",,2,after,"[True, True]","{'max': 21, 'min': 21, 'avg': 21.0, 'root': 12}","[-10, -10]","[139, 125]",sequential,chance,chance,"[1.0, 1.0]","[0.5, 1.0]","[0.5, 1.0]","[0.5, 1.0]","[0.375, 0.0]","[0.625, 0.0]",[[0]],[[1]],[[2]],"(0, 12)","(12, 21)","(12, 21)",{},{},{},"['A', 'B']",[],[],0,0,1,3,1,3,B,,,,,,,A,,,,,"{'rtype': 'select-node', 'rtimedn': 313.936, 'rtimeup': 313.936}",,,,,,,"{'rtype': 'select-node', 'rtimedn': 46.684, 'rtimeup': 46.684}",,,,
,,29,2,24,1733268371,BDG-258-3124,TREE-1.2-0.0-0.0,"['5f76705c-6173-4df7-a873-dc0c321186d2', '75443486-7234-4f3b-8f58-7b096a872d36']","['participant', 'participant']","['hexagon', 'dodecagon']","['hsla(70, 54%, 51%, 1.0)', 'hsla(97, 75%, 39%, 1.0)']","[[1.0, 0.1442187108101329], [0.1442187108101329, 1.0]]","{0: '', 1: 'A', 2: 'B'}",,2,after,"[True, True]","{'max': 21, 'min': 21, 'avg': 21.0, 'root': 12}","[-10, -10]","[102, 142]",sequential,chance,chance,"[1.0, 1.0]","[0.5, 1.0]","[0.5, 1.0]","[0.5, 1.0]","[0.375, 0.0]","[0.625, 0.0]",[[0]],[[1]],[[2]],"(0, 12)","(12, 21)","(12, 21)",{},{},{},"['A', 'B']",[],[],0,0,3,1,2,4,B,,,,,,,B,,,,,"{'rtype': 'select-node', 'rtimedn': 46.871, 'rtimeup': 46.871}",,,,,,,"{'rtype': 'select-node', 'rtimedn': 46.86, 'rtimeup': 46.86}",,,,
,,29,3,24,1733268372,BDG-018-1144,TREE-1.2-0.0-0.0,"['77c58d68-8844-4481-8b54-aaaa442736eb', '8e19ce2e-c87f-48f0-8bfc-7683d9b2e4dd']","['robot', 'participant']","['arrow-head', 'ghost']","['hsla(321, 93%, 47%, 1.0)', 'hsla(85, 94%, 40%, 1.0)']","[[1.0, 0.1916227740155505], [0.1916227740155505, 1.0]]","{0: '', 1: 'A', 2: 'B'}",,2,after,"[False, True]","{'max': 21, 'min': 21, 'avg': 21.0, 'root': 12}","[0, -10]","[144, 133]",sequential,chance,chance,"[1.0, 1.0]","[0.5, 1.0]","[0.5, 1.0]","[0.5, 1.0]","[0.375, 0.0]","[0.625, 0.0]",[[0]],[[1]],[[2]],"(0, 12)","(12, 21)","(12, 21)",{},{},{},"['A', 'B']",[],[],0,0,1,1,4,4,B,,,,,,,B,,,,,"{'rtype': 'a', 'rtimedn': 0.643, 'rtimeup': 3.083}",,,,,,,"{'rtype': 'select-node', 'rtimedn': 163.273, 'rtimeup': 163.273}",,,,
,,29,4,24,1733268372,BDG-346-3452,TREE-1.2-0.0-0.0,"['b9cad2fe-91ea-4850-9eba-4e5012f57013', '0777b594-b926-41c0-a957-8bc1466938d6']","['participant', 'participant']","['star-six', 'teardrop']","['hsla(291, 82%, 51%, 1.0)', 'hsla(92, 85%, 62%, 1.0)']","[[1.0, 0.12315023827439175], [0.12315023827439175, 1.0]]","{0: '', 1: 'A', 2: 'B'}",,2,after,"[True, True]","{'max': 21, 'min': 21, 'avg': 21.0, 'root': 12}","[-10, -10]","[96, -57]",sequential,chance,chance,"[1.0, 1.0]","[0.5, 1.0]","[0.5, 1.0]","[0.5, 1.0]","[0.375, 0.0]","[0.625, 0.0]",[[0]],[[1]],[[2]],"(0, 12)","(12, 21)","(12, 21)",{},{},{},"['A', 'B']",[],[],0,0,3,4,5,2,B,,,,,,,B,,,,,"{'rtype': 'select-node', 'rtimedn': 44.338, 'rtimeup': 44.338}",,,,,,,"{'rtype': 'select-node', 'rtimedn': 44.813, 'rtimeup': 44.813}",,,,
,,30,0,24,1733268382,BDG-549-5255,TREE-1.2-0.0-0.0,"['ed9b60ed-b3a8-44ac-a0ca-fca1d3647529', '75443486-7234-4f3b-8f58-7b096a872d36']","['participant', 'participant']","['circle', 'dodecagon']","['hsla(137, 55%, 54%, 1.0)', 'hsla(97, 75%, 39%, 1.0)']","[[1.0, 0.08251818409831953], [0.08251818409831953, 1.0]]","{0: '', 1: 'A', 2: 'B'}",,1,after,"[True, True]","{'max': 21, 'min': 21, 'avg': 21.0, 'root': 12}","[-10, -10]","[125, 142]",sequential,chance,chance,"[1.0, 1.0]","[0.5, 1.0]","[0.5, 1.0]","[0.5, 1.0]","[0.375, 0.0]","[0.625, 0.0]",[[0]],[[1]],[[2]],"(0, 12)","(12, 21)","(12, 21)",{},{},{},"['A', 'B']",[],[],0,0,5,2,5,5,A,,,,,,,B,,,,,"{'rtype': 'select-node', 'rtimedn': 48.053, 'rtimeup': 48.053}",,,,,,,"{'rtype': 'select-node', 'rtimedn': 47.944, 'rtimeup': 47.944}",,,,
,,30,1,24,1733268386,BDG-209-2425,TREE-1.2-0.0-0.0,"['ef055cb1-489a-4c91-bf6d-d2b339e93b4a', 'f3a21fc8-4369-4542-8598-2292ed9be343']","['participant', 'robot']","['dent-square', 'jagged-sun']","['hsla(236, 100%, 59%, 1.0)', 'hsla(237, 95%, 65%, 1.0)']","[[1.0, 0.1916227740155505], [0.1916227740155505, 1.0]]","{0: '', 1: 'A', 2: 'B'}",,2,after,"[True, False]","{'max': 21, 'min': 21, 'avg': 21.0, 'root': 12}","[-10, 0]","[139, 133]",sequential,chance,chance,"[1.0, 1.0]","[0.5, 1.0]","[0.5, 1.0]","[0.5, 1.0]","[0.375, 0.0]","[0.625, 0.0]",[[0]],[[1]],[[2]],"(0, 12)","(12, 21)","(12, 21)",{},{},{},"['A', 'B']",[],[],0,0,2,4,2,5,B,,,,,,,B,,,,,"{'rtype': 'select-node', 'rtimedn': 315.571, 'rtimeup': 315.571}",,,,,,,"{'rtype': 'a', 'rtimedn': 9.386, 'rtimeup': 9.975}",,,,
,,30,2,24,1733268381,BDG-097-1453,TREE-1.2-0.0-0.0,"['77c58d68-8844-4481-8b54-aaaa442736eb', '0777b594-b926-41c0-a957-8bc1466938d6']","['robot', 'participant']","['arrow-head', 'teardrop']","['hsla(321, 93%, 47%, 1.0)', 'hsla(92, 85%, 62%, 1.0)']","[[1.0, 0.1442187108101329], [0.1442187108101329, 1.0]]","{0: '', 1: 'A', 2: 'B'}",,2,after,"[False, True]","{'max': 21, 'min': 21, 'avg': 21.0, 'root': 12}","[0, -10]","[144, -57]",sequential,chance,chance,"[1.0, 1.0]","[0.5, 1.0]","[0.5, 1.0]","[0.5, 1.0]","[0.375, 0.0]","[0.625, 0.0]",[[0]],[[1]],[[2]],"(0, 12)","(12, 21)","(12, 21)",{},{},{},"['A', 'B']",[],[],0,0,1,4,5,3,B,,,,,,,B,,,,,"{'rtype': 'a', 'rtimedn': 3.99, 'rtimeup': 4.339}",,,,,,,"{'rtype': 'select-node', 'rtimedn': 45.687, 'rtimeup': 45.687}",,,,
,,30,3,24,1733268382,BDG-051-1312,TREE-1.2-0.0-0.0,"['c8fd32a8-bd36-4574-9359-072a968da39f', '5f76705c-6173-4df7-a873-dc0c321186d2']","['participant', 'participant']","['lemon', 'hexagon']","['hsla(287, 74%, 48%, 1.0)', 'hsla(70, 54%, 51%, 1.0)']","[[1.0, 0.1916227740155505], [0.1916227740155505, 1.0]]","{0: '', 1: 'A', 2: 'B'}",,1,after,"[True, True]","{'max': 21, 'min': 21, 'avg': 21.0, 'root': 12}","[-10, -10]","[116, 102]",sequential,chance,chance,"[1.0, 1.0]","[0.5, 1.0]","[0.5, 1.0]","[0.5, 1.0]","[0.375, 0.0]","[0.625, 0.0]",[[0]],[[1]],[[2]],"(0, 12)","(12, 21)","(12, 21)",{},{},{},"['A', 'B']",[],[],0,0,1,3,1,2,A,,,,,,,A,,,,,"{'rtype': 'select-node', 'rtimedn': 48.041, 'rtimeup': 48.041}",,,,,,,"{'rtype': 'select-node', 'rtimedn': 47.977, 'rtimeup': 47.977}",,,,
,,30,4,24,1733268386,BDG-409-4225,TREE-1.2-0.0-0.0,"['8e19ce2e-c87f-48f0-8bfc-7683d9b2e4dd', 'b9cad2fe-91ea-4850-9eba-4e5012f57013']","['participant', 'participant']","['ghost', 'star-six']","['hsla(85, 94%, 40%, 1.0)', 'hsla(291, 82%, 51%, 1.0)']","[[1.0, 0.08251818409831953], [0.08251818409831953, 1.0]]","{0: '', 1: 'A', 2: 'B'}",,1,after,"[True, True]","{'max': 21, 'min': 21, 'avg': 21.0, 'root': 12}","[-10, -10]","[133, 96]",sequential,chance,chance,"[1.0, 1.0]","[0.5, 1.0]","[0.5, 1.0]","[0.5, 1.0]","[0.375, 0.0]","[0.625, 0.0]",[[0]],[[1]],[[2]],"(0, 12)","(12, 21)","(12, 21)",{},{},{},"['A', 'B']",[],[],0,0,4,2,2,5,A,,,,,,,B,,,,,"{'rtype': 'select-node', 'rtimedn': 164.605, 'rtimeup': 164.605}",,,,,,,"{'rtype': 'select-node', 'rtimedn': 45.901, 'rtimeup': 45.901}",,,,
,,31,0,24,1733268396,BDG-591-5442,TREE-1.2-0.0-0.0,"['8e19ce2e-c87f-48f0-8bfc-7683d9b2e4dd', '5f76705c-6173-4df7-a873-dc0c321186d2']","['participant', 'participant']","['ghost', 'hexagon']","['hsla(85, 94%, 40%, 1.0)', 'hsla(70, 54%, 51%, 1.0)']","[[1.0, 0.12315023827439175], [0.12315023827439175, 1.0]]","{0: '', 1: 'A', 2: 'B'}",,1,after,"[True, True]","{'max': 21, 'min': 21, 'avg': 21.0, 'root': 12}","[-10, -10]","[133, 102]",sequential,chance,chance,"[1.0, 1.0]","[0.5, 1.0]","[0.5, 1.0]","[0.5, 1.0]","[0.375, 0.0]","[0.625, 0.0]",[[0]],[[1]],[[2]],"(0, 12)","(12, 21)","(12, 21)",{},{},{},"['A', 'B']",[],[],0,0,5,4,4,2,A,,,,,,,B,,,,,"{'rtype': 'select-node', 'rtimedn': 165.671, 'rtimeup': 165.671}",,,,,,,"{'rtype': 'select-node', 'rtimedn': 49.412, 'rtimeup': 49.412}",,,,
,,31,1,24,1733268395,BDG-207-2423,TREE-1.2-0.0-0.0,"['ed9b60ed-b3a8-44ac-a0ca-fca1d3647529', '0777b594-b926-41c0-a957-8bc1466938d6']","['participant', 'participant']","['circle', 'teardrop']","['hsla(137, 55%, 54%, 1.0)', 'hsla(92, 85%, 62%, 1.0)']","[[1.0, 0.1916227740155505], [0.1916227740155505, 1.0]]","{0: '', 1: 'A', 2: 'B'}",,2,after,"[True, True]","{'max': 21, 'min': 21, 'avg': 21.0, 'root': 12}","[-10, -10]","[125, -57]",sequential,chance,chance,"[1.0, 1.0]","[0.5, 1.0]","[0.5, 1.0]","[0.5, 1.0]","[0.625, 0.0]","[0.375, 0.0]",[[0]],[[1]],[[2]],"(0, 12)","(12, 21)","(12, 21)",{},{},{},"['A', 'B']",[],[],0,0,2,4,2,3,B,,,,,,,B,,,,,"{'rtype': 'select-node', 'rtimedn': 49.43, 'rtimeup': 49.43}",,,,,,,"{'rtype': 'select-node', 'rtimedn': 47.076, 'rtimeup': 47.076}",,,,
,,31,2,24,1733268397,BDG-043-1244,TREE-1.2-0.0-0.0,"['ef055cb1-489a-4c91-bf6d-d2b339e93b4a', '75443486-7234-4f3b-8f58-7b096a872d36']","['participant', 'participant']","['dent-square', 'dodecagon']","['hsla(236, 100%, 59%, 1.0)', 'hsla(97, 75%, 39%, 1.0)']","[[1.0, 0.22096814647604712], [0.22096814647604712, 1.0]]","{0: '', 1: 'A', 2: 'B'}",,2,after,"[True, True]","{'max': 21, 'min': 21, 'avg': 21.0, 'root': 12}","[-10, -10]","[139, 142]",sequential,chance,chance,"[1.0, 1.0]","[0.5, 1.0]","[0.5, 1.0]","[0.5, 1.0]","[0.625, 0.0]","[0.375, 0.0]",[[0]],[[1]],[[2]],"(0, 12)","(12, 21)","(12, 21)",{},{},{},"['A', 'B']",[],[],0,0,1,2,4,4,B,,,,,,,B,,,,,"{'rtype': 'select-node', 'rtimedn': 316.636, 'rtimeup': 316.636}",,,,,,,"{'rtype': 'select-node', 'rtimedn': 49.367, 'rtimeup': 49.367}",,,,
,,31,3,24,1733268396,BDG-104-1515,TREE-1.2-0.0-0.0,"['f3a21fc8-4369-4542-8598-2292ed9be343', 'b9cad2fe-91ea-4850-9eba-4e5012f57013']","['robot', 'participant']","['jagged-sun', 'star-six']","['hsla(237, 95%, 65%, 1.0)', 'hsla(291, 82%, 51%, 1.0)']","[[1.0, 0.22096814647604712], [0.22096814647604712, 1.0]]","{0: '', 1: 'A', 2: 'B'}",,2,after,"[False, True]","{'max': 21, 'min': 21, 'avg': 21.0, 'root': 12}","[0, -10]","[133, 96]",sequential,chance,chance,"[1.0, 1.0]","[0.5, 1.0]","[0.5, 1.0]","[0.5, 1.0]","[0.625, 0.0]","[0.375, 0.0]",[[0]],[[1]],[[2]],"(0, 12)","(12, 21)","(12, 21)",{},{},{},"['A', 'B']",[],[],0,0,1,5,1,5,B,,,,,,,B,,,,,"{'rtype': 'd', 'rtimedn': 6.18, 'rtimeup': 9.722}",,,,,,,"{'rtype': 'select-node', 'rtimedn': 47.205, 'rtimeup': 47.205}",,,,
,,31,4,24,1733268395,BDG-537-5233,TREE-1.2-0.0-0.0,"['77c58d68-8844-4481-8b54-aaaa442736eb', 'c8fd32a8-bd36-4574-9359-072a968da39f']","['robot', 'participant']","['arrow-head', 'lemon']","['hsla(321, 93%, 47%, 1.0)', 'hsla(287, 74%, 48%, 1.0)']","[[1.0, 0.08251818409831953], [0.08251818409831953, 1.0]]","{0: '', 1: 'A', 2: 'B'}",,1,after,"[False, True]","{'max': 21, 'min': 21, 'avg': 21.0, 'root': 12}","[0, -10]","[144, 116]",sequential,chance,chance,"[1.0, 1.0]","[0.5, 1.0]","[0.5, 1.0]","[0.5, 1.0]","[0.625, 0.0]","[0.375, 0.0]",[[0]],[[1]],[[2]],"(0, 12)","(12, 21)","(12, 21)",{},{},{},"['A', 'B']",[],[],0,0,5,2,3,3,A,,,,,,,A,,,,,"{'rtype': 'a', 'rtimedn': 5.86, 'rtimeup': 9.248}",,,,,,,"{'rtype': 'select-node', 'rtimedn': 49.384, 'rtimeup': 49.384}",,,,
,,32,0,24,1733268406,BDG-290-3241,TREE-1.2-0.0-0.0,"['f3a21fc8-4369-4542-8598-2292ed9be343', 'c8fd32a8-bd36-4574-9359-072a968da39f']","['robot', 'participant']","['jagged-sun', 'lemon']","['hsla(237, 95%, 65%, 1.0)', 'hsla(287, 74%, 48%, 1.0)']","[[1.0, 0.1442187108101329], [0.1442187108101329, 1.0]]","{0: '', 1: 'A', 2: 'B'}",,2,after,"[False, True]","{'max': 21, 'min': 21, 'avg': 21.0, 'root': 12}","[0, -10]","[133, 116]",sequential,chance,chance,"[1.0, 1.0]","[0.5, 1.0]","[0.5, 1.0]","[0.5, 1.0]","[0.375, 0.0]","[0.625, 0.0]",[[0]],[[1]],[[2]],"(0, 12)","(12, 21)","(12, 21)",{},{},{},"['A', 'B']",[],[],0,0,3,2,4,1,B,,,,,,,B,,,,,"{'rtype': 'a', 'rtimedn': 4.196, 'rtimeup': 4.857}",,,,,,,"{'rtype': 'select-node', 'rtimedn': 50.535, 'rtimeup': 50.535}",,,,
,,32,1,24,1733268407,BDG-352-3513,TREE-1.2-0.0-0.0,"['ed9b60ed-b3a8-44ac-a0ca-fca1d3647529', '77c58d68-8844-4481-8b54-aaaa442736eb']","['participant', 'robot']","['circle', 'arrow-head']","['hsla(137, 55%, 54%, 1.0)', 'hsla(321, 93%, 47%, 1.0)']","[[1.0, 0.22096814647604712], [0.22096814647604712, 1.0]]","{0: '', 1: 'A', 2: 'B'}",,1,after,"[True, False]","{'max': 21, 'min': 21, 'avg': 21.0, 'root': 12}","[-10, 0]","[125, 144]",sequential,chance,chance,"[1.0, 1.0]","[0.5, 1.0]","[0.5, 1.0]","[0.5, 1.0]","[0.375, 0.0]","[0.625, 0.0]",[[0]],[[1]],[[2]],"(0, 12)","(12, 21)","(12, 21)",{},{},{},"['A', 'B']",[],[],0,0,3,5,1,3,A,,,,,,,A,,,,,"{'rtype': 'select-node', 'rtimedn': 50.574, 'rtimeup': 50.574}",,,,,,,"{'rtype': 'd', 'rtimedn': 2.674, 'rtimeup': 2.995}",,,,
,,32,2,24,1733268410,BDG-617-5543,TREE-1.2-0.0-0.0,"['75443486-7234-4f3b-8f58-7b096a872d36', '5f76705c-6173-4df7-a873-dc0c321186d2']","['participant', 'participant']","['dodecagon', 'hexagon']","['hsla(97, 75%, 39%, 1.0)', 'hsla(70, 54%, 51%, 1.0)']","[[1.0, 0.1442187108101329], [0.1442187108101329, 1.0]]","{0: '', 1: 'A', 2: 'B'}",,1,after,"[True, True]","{'max': 21, 'min': 21, 'avg': 21.0, 'root': 12}","[-10, -10]","[142, 102]",sequential,chance,chance,"[1.0, 1.0]","[0.5, 1.0]","[0.5, 1.0]","[0.5, 1.0]","[0.625, 0.0]","[0.375, 0.0]",[[0]],[[1]],[[2]],"(0, 12)","(12, 21)","(12, 21)",{},{},{},"['A', 'B']",[],[],0,0,5,5,4,3,A,,,,,,,A,,,,,"{'rtype': 'select-node', 'rtimedn': 50.87, 'rtimeup': 50.87}",,,,,,,"{'rtype': 'select-node', 'rtimedn': 50.824, 'rtimeup': 50.824}",,,,
,,32,3,24,1733268412,BDG-338-3434,TREE-1.2-0.0-0.0,"['0777b594-b926-41c0-a957-8bc1466938d6', 'ef055cb1-489a-4c91-bf6d-d2b339e93b4a']","['participant', 'participant']","['teardrop', 'dent-square']","['hsla(92, 85%, 62%, 1.0)', 'hsla(236, 100%, 59%, 1.0)']","[[1.0, 0.016553799849510907], [0.016553799849510907, 1.0]]","{0: '', 1: 'A', 2: 'B'}",,2,after,"[True, True]","{'max': 21, 'min': 21, 'avg': 21.0, 'root': 12}","[-10, -10]","[-57, 139]",sequential,chance,chance,"[1.0, 1.0]","[0.5, 1.0]","[0.5, 1.0]","[0.5, 1.0]","[0.375, 0.0]","[0.625, 0.0]",[[0]],[[1]],[[2]],"(0, 12)","(12, 21)","(12, 21)",{},{},{},"['A', 'B']",[],[],0,0,3,4,3,4,B,,,,,,,B,,,,,"{'rtype': None, 'rtimedn': 13, 'rtimeup': 13}",,,,,,,"{'rtype': 'select-node', 'rtimedn': 317.662, 'rtimeup': 317.662}",,,,
,,32,4,24,1733268408,BDG-438-4334,TREE-1.2-0.0-0.0,"['8e19ce2e-c87f-48f0-8bfc-7683d9b2e4dd', 'b9cad2fe-91ea-4850-9eba-4e5012f57013']","['participant', 'participant']","['ghost', 'star-six']","['hsla(85, 94%, 40%, 1.0)', 'hsla(291, 82%, 51%, 1.0)']","[[1.0, 0.08251818409831953], [0.08251818409831953, 1.0]]","{0: '', 1: 'A', 2: 'B'}",,1,after,"[True, True]","{'max': 21, 'min': 21, 'avg': 21.0, 'root': 12}","[-10, -10]","[133, 96]",sequential,chance,chance,"[1.0, 1.0]","[0.5, 1.0]","[0.5, 1.0]","[0.5, 1.0]","[0.625, 0.0]","[0.375, 0.0]",[[0]],[[1]],[[2]],"(0, 12)","(12, 21)","(12, 21)",{},{},{},"['A', 'B']",[],[],0,0,4,3,3,4,A,,,,,,,B,,,,,"{'rtype': 'select-node', 'rtimedn': 166.765, 'rtimeup': 166.765}",,,,,,,"{'rtype': 'select-node', 'rtimedn': 48.405, 'rtimeup': 48.405}",,,,
,,33,0,24,1733268422,BDG-057-1323,TREE-1.2-0.0-0.0,"['ef055cb1-489a-4c91-bf6d-d2b339e93b4a', 'ed9b60ed-b3a8-44ac-a0ca-fca1d3647529']","['participant', 'participant']","['dent-square', 'circle']","['hsla(236, 100%, 59%, 1.0)', 'hsla(137, 55%, 54%, 1.0)']","[[1.0, 0.14898419864559817], [0.14898419864559817, 1.0]]","{0: '', 1: 'A', 2: 'B'}",,2,after,"[True, True]","{'max': 21, 'min': 21, 'avg': 21.0, 'root': 12}","[-10, -10]","[139, 125]",sequential,chance,chance,"[1.0, 1.0]","[0.5, 1.0]","[0.5, 1.0]","[0.5, 1.0]","[0.375, 0.0]","[0.625, 0.0]",[[0]],[[1]],[[2]],"(0, 12)","(12, 21)","(12, 21)",{},{},{},"['A', 'B']",[],[],0,0,1,3,2,3,B,,,,,,,B,,,,,"{'rtype': 'select-node', 'rtimedn': 318.994, 'rtimeup': 318.994}",,,,,,,"{'rtype': 'select-node', 'rtimedn': 52.068, 'rtimeup': 52.068}",,,,
,,33,1,24,1733268422,BDG-221-2452,TREE-1.2-0.0-0.0,"['77c58d68-8844-4481-8b54-aaaa442736eb', '0777b594-b926-41c0-a957-8bc1466938d6']","['robot', 'participant']","['arrow-head', 'teardrop']","['hsla(321, 93%, 47%, 1.0)', 'hsla(92, 85%, 62%, 1.0)']","[[1.0, 0.1442187108101329], [0.1442187108101329, 1.0]]","{0: '', 1: 'A', 2: 'B'}",,2,after,"[False, True]","{'max': 21, 'min': 21, 'avg': 21.0, 'root': 12}","[0, -10]","[144, -57]",sequential,chance,chance,"[1.0, 1.0]","[0.5, 1.0]","[0.5, 1.0]","[0.5, 1.0]","[0.625, 0.0]","[0.375, 0.0]",[[0]],[[1]],[[2]],"(0, 12)","(12, 21)","(12, 21)",{},{},{},"['A', 'B']",[],[],0,0,2,4,5,2,B,,,,,,,B,,,,,"{'rtype': 'a', 'rtimedn': 8.021, 'rtimeup': 10.1}",,,,,,,"{'rtype': 'select-node', 'rtimedn': 49.801, 'rtimeup': 49.801}",,,,
,,33,2,24,1733268421,BDG-617-5543,TREE-1.2-0.0-0.0,"['b9cad2fe-91ea-4850-9eba-4e5012f57013', 'f3a21fc8-4369-4542-8598-2292ed9be343']","['participant', 'robot']","['star-six', 'jagged-sun']","['hsla(291, 82%, 51%, 1.0)', 'hsla(237, 95%, 65%, 1.0)']","[[1.0, 0.22096814647604712], [0.22096814647604712, 1.0]]","{0: '', 1: 'A', 2: 'B'}",,1,after,"[True, False]","{'max': 21, 'min': 21, 'avg': 21.0, 'root': 12}","[-10, 0]","[96, 133]",sequential,chance,chance,"[1.0, 1.0]","[0.5, 1.0]","[0.5, 1.0]","[0.5, 1.0]","[0.625, 0.0]","[0.375, 0.0]",[[0]],[[1]],[[2]],"(0, 12)","(12, 21)","(12, 21)",{},{},{},"['A', 'B']",[],[],0,0,5,5,4,3,A,,,,,,,A,,,,,"{'rtype': 'select-node', 'rtimedn': 49.756, 'rtimeup': 49.756}",,,,,,,"{'rtype': 'd', 'rtimedn': 0.107, 'rtimeup': 0.972}",,,,
,,33,3,24,1733268425,BDG-348-3454,TREE-1.2-0.0-0.0,"['75443486-7234-4f3b-8f58-7b096a872d36', '5f76705c-6173-4df7-a873-dc0c321186d2']","['participant', 'participant']","['dodecagon', 'hexagon']","['hsla(97, 75%, 39%, 1.0)', 'hsla(70, 54%, 51%, 1.0)']","[[1.0, 0.1442187108101329], [0.1442187108101329, 1.0]]","{0: '', 1: 'A', 2: 'B'}",,2,after,"[True, True]","{'max': 21, 'min': 21, 'avg': 21.0, 'root': 12}","[-10, -10]","[142, 102]",sequential,chance,chance,"[1.0, 1.0]","[0.5, 1.0]","[0.5, 1.0]","[0.5, 1.0]","[0.625, 0.0]","[0.375, 0.0]",[[0]],[[1]],[[2]],"(0, 12)","(12, 21)","(12, 21)",{},{},{},"['A', 'B']",[],[],0,0,3,4,5,4,B,,,,,,,B,,,,,"{'rtype': 'select-node', 'rtimedn': 52.197, 'rtimeup': 52.197}",,,,,,,"{'rtype': 'select-node', 'rtimedn': 52.27, 'rtimeup': 52.27}",,,,
,,33,4,24,1733268422,BDG-152-2213,TREE-1.2-0.0-0.0,"['c8fd32a8-bd36-4574-9359-072a968da39f', '8e19ce2e-c87f-48f0-8bfc-7683d9b2e4dd']","['participant', 'participant']","['lemon', 'ghost']","['hsla(287, 74%, 48%, 1.0)', 'hsla(85, 94%, 40%, 1.0)']","[[1.0, 0.22096814647604712], [0.22096814647604712, 1.0]]","{0: '', 1: 'A', 2: 'B'}",,1,after,"[True, True]","{'max': 21, 'min': 21, 'avg': 21.0, 'root': 12}","[-10, -10]","[116, 133]",sequential,chance,chance,"[1.0, 1.0]","[0.5, 1.0]","[0.5, 1.0]","[0.5, 1.0]","[0.625, 0.0]","[0.375, 0.0]",[[0]],[[1]],[[2]],"(0, 12)","(12, 21)","(12, 21)",{},{},{},"['A', 'B']",[],[],0,0,2,2,1,3,A,,,,,,,B,,,,,"{'rtype': 'select-node', 'rtimedn': 52.08, 'rtimeup': 52.08}",,,,,,,"{'rtype': 'select-node', 'rtimedn': 167.987, 'rtimeup': 167.987}",,,,
,,34,0,24,1733268433,BDG-300-3311,TREE-1.2-0.0-0.0,"['77c58d68-8844-4481-8b54-aaaa442736eb', 'ed9b60ed-b3a8-44ac-a0ca-fca1d3647529']","['robot', 'participant']","['arrow-head', 'circle']","['hsla(321, 93%, 47%, 1.0)', 'hsla(137, 55%, 54%, 1.0)']","[[1.0, 0.22096814647604712], [0.22096814647604712, 1.0]]","{0: '', 1: 'A', 2: 'B'}",,1,after,"[False, True]","{'max': 21, 'min': 21, 'avg': 21.0, 'root': 12}","[0, -10]","[144, 125]",sequential,chance,chance,"[1.0, 1.0]","[0.5, 1.0]","[0.5, 1.0]","[0.5, 1.0]","[0.375, 0.0]","[0.625, 0.0]",[[0]],[[1]],[[2]],"(0, 12)","(12, 21)","(12, 21)",{},{},{},"['A', 'B']",[],[],0,0,3,3,1,1,A,,,,,,,A,,,,,"{'rtype': 'd', 'rtimedn': 3.302, 'rtimeup': 4.506}",,,,,,,"{'rtype': 'select-node', 'rtimedn': 53.193, 'rtimeup': 53.193}",,,,
,,34,1,24,1733268433,BDG-560-5331,TREE-1.2-0.0-0.0,"['ef055cb1-489a-4c91-bf6d-d2b339e93b4a', '8e19ce2e-c87f-48f0-8bfc-7683d9b2e4dd']","['participant', 'participant']","['dent-square', 'ghost']","['hsla(236, 100%, 59%, 1.0)', 'hsla(85, 94%, 40%, 1.0)']","[[1.0, 0.1442187108101329], [0.1442187108101329, 1.0]]","{0: '', 1: 'A', 2: 'B'}",,1,after,"[True, True]","{'max': 21, 'min': 21, 'avg': 21.0, 'root': 12}","[-10, -10]","[139, 133]",sequential,chance,chance,"[1.0, 1.0]","[0.5, 1.0]","[0.5, 1.0]","[0.5, 1.0]","[0.625, 0.0]","[0.375, 0.0]",[[0]],[[1]],[[2]],"(0, 12)","(12, 21)","(12, 21)",{},{},{},"['A', 'B']",[],[],0,0,5,3,3,1,A,,,,,,,A,,,,,"{'rtype': 'select-node', 'rtimedn': 320.229, 'rtimeup': 320.229}",,,,,,,"{'rtype': 'select-node', 'rtimedn': 169.285, 'rtimeup': 169.285}",,,,
,,34,2,24,1733268439,BDG-532-5223,TREE-1.2-0.0-0.0,"['b9cad2fe-91ea-4850-9eba-4e5012f57013', '75443486-7234-4f3b-8f58-7b096a872d36']","['participant', 'participant']","['star-six', 'dodecagon']","['hsla(291, 82%, 51%, 1.0)', 'hsla(97, 75%, 39%, 1.0)']","[[1.0, 0.1916227740155505], [0.1916227740155505, 1.0]]","{0: '', 1: 'A', 2: 'B'}",,1,after,"[True, True]","{'max': 21, 'min': 21, 'avg': 21.0, 'root': 12}","[-10, -10]","[96, 142]",sequential,chance,chance,"[1.0, 1.0]","[0.5, 1.0]","[0.5, 1.0]","[0.5, 1.0]","[0.375, 0.0]","[0.625, 0.0]",[[0]],[[1]],[[2]],"(0, 12)","(12, 21)","(12, 21)",{},{},{},"['A', 'B']",[],[],0,0,5,2,2,3,A,,,,,,,A,,,,,"{'rtype': 'select-node', 'rtimedn': 50.961, 'rtimeup': 50.961}",,,,,,,"{'rtype': 'select-node', 'rtimedn': 53.742, 'rtimeup': 53.742}",,,,
,,34,3,24,1733268432,BDG-542-5243,TREE-1.2-0.0-0.0,"['f3a21fc8-4369-4542-8598-2292ed9be343', 'c8fd32a8-bd36-4574-9359-072a968da39f']","['robot', 'participant']","['jagged-sun', 'lemon']","['hsla(237, 95%, 65%, 1.0)', 'hsla(287, 74%, 48%, 1.0)']","[[1.0, 0.1442187108101329], [0.1442187108101329, 1.0]]","{0: '', 1: 'A', 2: 'B'}",,1,after,"[False, True]","{'max': 21, 'min': 21, 'avg': 21.0, 'root': 12}","[0, -10]","[133, 116]",sequential,chance,chance,"[1.0, 1.0]","[0.5, 1.0]","[0.5, 1.0]","[0.5, 1.0]","[0.625, 0.0]","[0.375, 0.0]",[[0]],[[1]],[[2]],"(0, 12)","(12, 21)","(12, 21)",{},{},{},"['A', 'B']",[],[],0,0,5,2,4,3,A,,,,,,,A,,,,,"{'rtype': 'd', 'rtimedn': 6.762, 'rtimeup': 8.781}",,,,,,,"{'rtype': 'select-node', 'rtimedn': 53.148, 'rtimeup': 53.148}",,,,
,,34,4,24,1733268439,BDG-042-1243,TREE-1.2-0.0-0.0,"['0777b594-b926-41c0-a957-8bc1466938d6', '5f76705c-6173-4df7-a873-dc0c321186d2']","['participant', 'participant']","['teardrop', 'hexagon']","['hsla(92, 85%, 62%, 1.0)', 'hsla(70, 54%, 51%, 1.0)']","[[1.0, 0.22096814647604712], [0.22096814647604712, 1.0]]","{0: '', 1: 'A', 2: 'B'}",,1,after,"[True, True]","{'max': 21, 'min': 21, 'avg': 21.0, 'root': 12}","[-10, -10]","[-57, 102]",sequential,chance,chance,"[1.0, 1.0]","[0.5, 1.0]","[0.5, 1.0]","[0.5, 1.0]","[0.375, 0.0]","[0.625, 0.0]",[[0]],[[1]],[[2]],"(0, 12)","(12, 21)","(12, 21)",{},{},{},"['A', 'B']",[],[],0,0,1,2,4,3,A,,,,,,,B,,,,,"{'rtype': None, 'rtimedn': 13, 'rtimeup': 13}",,,,,,,"{'rtype': 'select-node', 'rtimedn': 53.604, 'rtimeup': 53.604}",,,,
,,35,0,24,1733268453,BDG-028-1214,TREE-1.2-0.0-0.0,"['c8fd32a8-bd36-4574-9359-072a968da39f', '5f76705c-6173-4df7-a873-dc0c321186d2']","['participant', 'participant']","['lemon', 'hexagon']","['hsla(287, 74%, 48%, 1.0)', 'hsla(70, 54%, 51%, 1.0)']","[[1.0, 0.1916227740155505], [0.1916227740155505, 1.0]]","{0: '', 1: 'A', 2: 'B'}",,2,after,"[True, True]","{'max': 21, 'min': 21, 'avg': 21.0, 'root': 12}","[-10, -10]","[116, 102]",sequential,chance,chance,"[1.0, 1.0]","[0.5, 1.0]","[0.5, 1.0]","[0.5, 1.0]","[0.375, 0.0]","[0.625, 0.0]",[[0]],[[1]],[[2]],"(0, 12)","(12, 21)","(12, 21)",{},{},{},"['A', 'B']",[],[],0,0,1,2,1,4,B,,,,,,,B,,,,,"{'rtype': 'select-node', 'rtimedn': 54.718, 'rtimeup': 54.718}",,,,,,,"{'rtype': 'select-node', 'rtimedn': 55.131, 'rtimeup': 55.131}",,,,
,,35,1,24,1733268448,BDG-589-5435,TREE-1.2-0.0-0.0,"['75443486-7234-4f3b-8f58-7b096a872d36', 'ed9b60ed-b3a8-44ac-a0ca-fca1d3647529']","['participant', 'participant']","['dodecagon', 'circle']","['hsla(97, 75%, 39%, 1.0)', 'hsla(137, 55%, 54%, 1.0)']","[[1.0, 0.08251818409831953], [0.08251818409831953, 1.0]]","{0: '', 1: 'A', 2: 'B'}",,1,after,"[True, True]","{'max': 21, 'min': 21, 'avg': 21.0, 'root': 12}","[-10, -10]","[142, 125]",sequential,chance,chance,"[1.0, 1.0]","[0.5, 1.0]","[0.5, 1.0]","[0.5, 1.0]","[0.625, 0.0]","[0.375, 0.0]",[[0]],[[1]],[[2]],"(0, 12)","(12, 21)","(12, 21)",{},{},{},"['A', 'B']",[],[],0,0,5,4,3,5,A,,,,,,,B,,,,,"{'rtype': 'select-node', 'rtimedn': 54.664, 'rtimeup': 54.664}",,,,,,,"{'rtype': 'select-node', 'rtimedn': 54.503, 'rtimeup': 54.503}",,,,
,,35,2,24,1733268453,BDG-115-1541,TREE-1.2-0.0-0.0,"['77c58d68-8844-4481-8b54-aaaa442736eb', '8e19ce2e-c87f-48f0-8bfc-7683d9b2e4dd']","['robot', 'participant']","['arrow-head', 'ghost']","['hsla(321, 93%, 47%, 1.0)', 'hsla(85, 94%, 40%, 1.0)']","[[1.0, 0.1916227740155505], [0.1916227740155505, 1.0]]","{0: '', 1: 'A', 2: 'B'}",,2,after,"[False, True]","{'max': 21, 'min': 21, 'avg': 21.0, 'root': 12}","[0, -10]","[144, 133]",sequential,chance,chance,"[1.0, 1.0]","[0.5, 1.0]","[0.5, 1.0]","[0.5, 1.0]","[0.625, 0.0]","[0.375, 0.0]",[[0]],[[1]],[[2]],"(0, 12)","(12, 21)","(12, 21)",{},{},{},"['A', 'B']",[],[],0,0,1,5,4,1,B,,,,,,,B,,,,,"{'rtype': 'd', 'rtimedn': 3.872, 'rtimeup': 7.694}",,,,,,,"{'rtype': 'select-node', 'rtimedn': 171.284, 'rtimeup': 171.284}",,,,
,,35,3,24,1733268448,BDG-350-3511,TREE-1.2-0.0-0.0,"['f3a21fc8-4369-4542-8598-2292ed9be343', 'b9cad2fe-91ea-4850-9eba-4e5012f57013']","['robot', 'participant']","['jagged-sun', 'star-six']","['hsla(237, 95%, 65%, 1.0)', 'hsla(291, 82%, 51%, 1.0)']","[[1.0, 0.22096814647604712], [0.22096814647604712, 1.0]]","{0: '', 1: 'A', 2: 'B'}",,1,after,"[False, True]","{'max': 21, 'min': 21, 'avg': 21.0, 'root': 12}","[0, -10]","[133, 96]",sequential,chance,chance,"[1.0, 1.0]","[0.5, 1.0]","[0.5, 1.0]","[0.5, 1.0]","[0.625, 0.0]","[0.375, 0.0]",[[0]],[[1]],[[2]],"(0, 12)","(12, 21)","(12, 21)",{},{},{},"['A', 'B']",[],[],0,0,3,5,1,1,A,,,,,,,A,,,,,"{'rtype': 'd', 'rtimedn': 3.827, 'rtimeup': 5.49}",,,,,,,"{'rtype': 'select-node', 'rtimedn': 52.458, 'rtimeup': 52.458}",,,,
,,35,4,24,1733268454,BDG-482-4523,TREE-1.2-0.0-0.0,"['ef055cb1-489a-4c91-bf6d-d2b339e93b4a', '0777b594-b926-41c0-a957-8bc1466938d6']","['participant', 'participant']","['dent-square', 'teardrop']","['hsla(236, 100%, 59%, 1.0)', 'hsla(92, 85%, 62%, 1.0)']","[[1.0, 0.016553799849510907], [0.016553799849510907, 1.0]]","{0: '', 1: 'A', 2: 'B'}",,1,after,"[True, True]","{'max': 21, 'min': 21, 'avg': 21.0, 'root': 12}","[-10, -10]","[139, -57]",sequential,chance,chance,"[1.0, 1.0]","[0.5, 1.0]","[0.5, 1.0]","[0.5, 1.0]","[0.625, 0.0]","[0.375, 0.0]",[[0]],[[1]],[[2]],"(0, 12)","(12, 21)","(12, 21)",{},{},{},"['A', 'B']",[],[],0,0,4,5,2,3,A,,,,,,,B,,,,,"{'rtype': 'select-node', 'rtimedn': 321.81, 'rtimeup': 321.81}",,,,,,,"{'rtype': None, 'rtimedn': 13, 'rtimeup': 13}",,,,
,,36,0,24,1733268463,BDG-265-3141,TREE-1.2-0.0-0.0,"['0777b594-b926-41c0-a957-8bc1466938d6', 'b9cad2fe-91ea-4850-9eba-4e5012f57013']","['participant', 'participant']","['teardrop', 'star-six']","['hsla(92, 85%, 62%, 1.0)', 'hsla(291, 82%, 51%, 1.0)']","[[1.0, 0.12315023827439175], [0.12315023827439175, 1.0]]","{0: '', 1: 'A', 2: 'B'}",,2,after,"[True, True]","{'max': 21, 'min': 21, 'avg': 21.0, 'root': 12}","[-10, -10]","[-57, 96]",sequential,chance,chance,"[1.0, 1.0]","[0.5, 1.0]","[0.5, 1.0]","[0.5, 1.0]","[0.375, 0.0]","[0.625, 0.0]",[[0]],[[1]],[[2]],"(0, 12)","(12, 21)","(12, 21)",{},{},{},"['A', 'B']",[],[],0,0,3,1,4,1,B,,,,,,,B,,,,,"{'rtype': 'select-node', 'rtimedn': 53.88, 'rtimeup': 53.88}",,,,,,,"{'rtype': 'select-node', 'rtimedn': 53.951, 'rtimeup': 53.951}",,,,
,,36,1,24,1733268464,BDG-288-3234,TREE-1.2-0.0-0.0,"['ef055cb1-489a-4c91-bf6d-d2b339e93b4a', 'ed9b60ed-b3a8-44ac-a0ca-fca1d3647529']","['participant', 'participant']","['dent-square', 'circle']","['hsla(236, 100%, 59%, 1.0)', 'hsla(137, 55%, 54%, 1.0)']","[[1.0, 0.14898419864559817], [0.14898419864559817, 1.0]]","{0: '', 1: 'A', 2: 'B'}",,2,after,"[True, True]","{'max': 21, 'min': 21, 'avg': 21.0, 'root': 12}","[-10, -10]","[139, 125]",sequential,chance,chance,"[1.0, 1.0]","[0.5, 1.0]","[0.5, 1.0]","[0.5, 1.0]","[0.625, 0.0]","[0.375, 0.0]",[[0]],[[1]],[[2]],"(0, 12)","(12, 21)","(12, 21)",{},{},{},"['A', 'B']",[],[],0,0,3,2,3,4,B,,,,,,,A,,,,,"{'rtype': 'select-node', 'rtimedn': 323.324, 'rtimeup': 323.324}",,,,,,,"{'rtype': 'select-node', 'rtimedn': 56.226, 'rtimeup': 56.226}",,,,
,,36,2,24,1733268466,BDG-560-5331,TREE-1.2-0.0-0.0,"['75443486-7234-4f3b-8f58-7b096a872d36', '8e19ce2e-c87f-48f0-8bfc-7683d9b2e4dd']","['participant', 'participant']","['dodecagon', 'ghost']","['hsla(97, 75%, 39%, 1.0)', 'hsla(85, 94%, 40%, 1.0)']","[[1.0, 0.14898419864559817], [0.14898419864559817, 1.0]]","{0: '', 1: 'A', 2: 'B'}",,1,after,"[True, True]","{'max': 21, 'min': 21, 'avg': 21.0, 'root': 12}","[-10, -10]","[142, 133]",sequential,chance,chance,"[1.0, 1.0]","[0.5, 1.0]","[0.5, 1.0]","[0.5, 1.0]","[0.625, 0.0]","[0.375, 0.0]",[[0]],[[1]],[[2]],"(0, 12)","(12, 21)","(12, 21)",{},{},{},"['A', 'B']",[],[],0,0,5,3,3,1,A,,,,,,,A,,,,,"{'rtype': 'select-node', 'rtimedn': 56.133, 'rtimeup': 56.133}",,,,,,,"{'rtype': 'select-node', 'rtimedn': 172.641, 'rtimeup': 172.641}",,,,
,,36,3,24,1733268457,BDG-141-2142,TREE-1.2-0.0-0.0,"['77c58d68-8844-4481-8b54-aaaa442736eb', 'f3a21fc8-4369-4542-8598-2292ed9be343']","['robot', 'robot']","['arrow-head', 'jagged-sun']","['hsla(321, 93%, 47%, 1.0)', 'hsla(237, 95%, 65%, 1.0)']","[[1.0, 0.14898419864559817], [0.14898419864559817, 1.0]]","{0: '', 1: 'A', 2: 'B'}",,2,after,"[False, False]","{'max': 21, 'min': 21, 'avg': 21.0, 'root': 12}","[0, 0]","[144, 133]",sequential,chance,chance,"[1.0, 1.0]","[0.5, 1.0]","[0.5, 1.0]","[0.5, 1.0]","[0.625, 0.0]","[0.375, 0.0]",[[0]],[[1]],[[2]],"(0, 12)","(12, 21)","(12, 21)",{},{},{},"['A', 'B']",[],[],0,0,2,1,4,2,B,,,,,,,B,,,,,"{'rtype': 'd', 'rtimedn': 6.922, 'rtimeup': 10.349}",,,,,,,"{'rtype': 'd', 'rtimedn': 3.522, 'rtimeup': 6.857}",,,,
,,36,4,24,1733268468,BDG-615-5541,TREE-1.2-0.0-0.0,"['5f76705c-6173-4df7-a873-dc0c321186d2', 'c8fd32a8-bd36-4574-9359-072a968da39f']","['participant', 'participant']","['hexagon', 'lemon']","['hsla(70, 54%, 51%, 1.0)', 'hsla(287, 74%, 48%, 1.0)']","[[1.0, 0.1916227740155505], [0.1916227740155505, 1.0]]","{0: '', 1: 'A', 2: 'B'}",,2,after,"[True, True]","{'max': 21, 'min': 21, 'avg': 21.0, 'root': 12}","[-10, -10]","[102, 116]",sequential,chance,chance,"[1.0, 1.0]","[0.5, 1.0]","[0.5, 1.0]","[0.5, 1.0]","[0.375, 0.0]","[0.625, 0.0]",[[0]],[[1]],[[2]],"(0, 12)","(12, 21)","(12, 21)",{},{},{},"['A', 'B']",[],[],0,0,5,5,4,1,B,,,,,,,A,,,,,"{'rtype': 'select-node', 'rtimedn': 56.596, 'rtimeup': 56.596}",,,,,,,"{'rtype': 'select-node', 'rtimedn': 56.367, 'rtimeup': 56.367}",,,,
,,37,0,24,1733268478,BDG-408-4224,TREE-1.2-0.0-0.0,"['75443486-7234-4f3b-8f58-7b096a872d36', '5f76705c-6173-4df7-a873-dc0c321186d2']","['participant', 'participant']","['dodecagon', 'hexagon']","['hsla(97, 75%, 39%, 1.0)', 'hsla(70, 54%, 51%, 1.0)']","[[1.0, 0.1442187108101329], [0.1442187108101329, 1.0]]","{0: '', 1: 'A', 2: 'B'}",,1,after,"[True, True]","{'max': 21, 'min': 21, 'avg': 21.0, 'root': 12}","[-10, -10]","[142, 102]",sequential,chance,chance,"[1.0, 1.0]","[0.5, 1.0]","[0.5, 1.0]","[0.5, 1.0]","[0.375, 0.0]","[0.625, 0.0]",[[0]],[[1]],[[2]],"(0, 12)","(12, 21)","(12, 21)",{},{},{},"['A', 'B']",[],[],0,0,4,2,2,4,A,,,,,,,A,,,,,"{'rtype': 'select-node', 'rtimedn': 57.709, 'rtimeup': 57.709}",,,,,,,"{'rtype': 'select-node', 'rtimedn': 57.575, 'rtimeup': 57.575}",,,,
,,37,1,24,1733268479,BDG-456-4422,TREE-1.2-0.0-0.0,"['b9cad2fe-91ea-4850-9eba-4e5012f57013', '0777b594-b926-41c0-a957-8bc1466938d6']","['participant', 'participant']","['star-six', 'teardrop']","['hsla(291, 82%, 51%, 1.0)', 'hsla(92, 85%, 62%, 1.0)']","[[1.0, 0.12315023827439175], [0.12315023827439175, 1.0]]","{0: '', 1: 'A', 2: 'B'}",,1,after,"[True, True]","{'max': 21, 'min': 21, 'avg': 21.0, 'root': 12}","[-10, -10]","[96, -57]",sequential,chance,chance,"[1.0, 1.0]","[0.5, 1.0]","[0.5, 1.0]","[0.5, 1.0]","[0.375, 0.0]","[0.625, 0.0]",[[0]],[[1]],[[2]],"(0, 12)","(12, 21)","(12, 21)",{},{},{},"['A', 'B']",[],[],0,0,4,4,2,2,A,,,,,,,A,,,,,"{'rtype': 'select-node', 'rtimedn': 55.206, 'rtimeup': 55.206}",,,,,,,"{'rtype': 'select-node', 'rtimedn': 55.539, 'rtimeup': 55.539}",,,,
,,37,2,24,1733268477,BDG-257-3123,TREE-1.2-0.0-0.0,"['c8fd32a8-bd36-4574-9359-072a968da39f', 'f3a21fc8-4369-4542-8598-2292ed9be343']","['participant', 'robot']","['lemon', 'jagged-sun']","['hsla(287, 74%, 48%, 1.0)', 'hsla(237, 95%, 65%, 1.0)']","[[1.0, 0.1442187108101329], [0.1442187108101329, 1.0]]","{0: '', 1: 'A', 2: 'B'}",,1,after,"[True, False]","{'max': 21, 'min': 21, 'avg': 21.0, 'root': 12}","[-10, 0]","[116, 133]",sequential,chance,chance,"[1.0, 1.0]","[0.5, 1.0]","[0.5, 1.0]","[0.5, 1.0]","[0.625, 0.0]","[0.375, 0.0]",[[0]],[[1]],[[2]],"(0, 12)","(12, 21)","(12, 21)",{},{},{},"['A', 'B']",[],[],0,0,3,1,2,3,A,,,,,,,A,,,,,"{'rtype': 'select-node', 'rtimedn': 57.652, 'rtimeup': 57.652}",,,,,,,"{'rtype': 'd', 'rtimedn': 5.396, 'rtimeup': 6.574}",,,,
,,37,3,24,1733268482,BDG-284-3225,TREE-1.2-0.0-0.0,"['ef055cb1-489a-4c91-bf6d-d2b339e93b4a', '8e19ce2e-c87f-48f0-8bfc-7683d9b2e4dd']","['participant', 'participant']","['dent-square', 'ghost']","['hsla(236, 100%, 59%, 1.0)', 'hsla(85, 94%, 40%, 1.0)']","[[1.0, 0.1442187108101329], [0.1442187108101329, 1.0]]","{0: '', 1: 'A', 2: 'B'}",,1,after,"[True, True]","{'max': 21, 'min': 21, 'avg': 21.0, 'root': 12}","[-10, -10]","[139, 133]",sequential,chance,chance,"[1.0, 1.0]","[0.5, 1.0]","[0.5, 1.0]","[0.5, 1.0]","[0.375, 0.0]","[0.625, 0.0]",[[0]],[[1]],[[2]],"(0, 12)","(12, 21)","(12, 21)",{},{},{},"['A', 'B']",[],[],0,0,3,2,2,5,A,,,,,,,B,,,,,"{'rtype': 'select-node', 'rtimedn': 324.762, 'rtimeup': 324.762}",,,,,,,"{'rtype': 'select-node', 'rtimedn': 174.21, 'rtimeup': 174.21}",,,,
,,37,4,24,1733268476,BDG-027-1213,TREE-1.2-0.0-0.0,"['ed9b60ed-b3a8-44ac-a0ca-fca1d3647529', '77c58d68-8844-4481-8b54-aaaa442736eb']","['participant', 'robot']","['circle', 'arrow-head']","['hsla(137, 55%, 54%, 1.0)', 'hsla(321, 93%, 47%, 1.0)']","[[1.0, 0.22096814647604712], [0.22096814647604712, 1.0]]","{0: '', 1: 'A', 2: 'B'}",,1,after,"[True, False]","{'max': 21, 'min': 21, 'avg': 21.0, 'root': 12}","[-10, 0]","[125, 144]",sequential,chance,chance,"[1.0, 1.0]","[0.5, 1.0]","[0.5, 1.0]","[0.5, 1.0]","[0.625, 0.0]","[0.375, 0.0]",[[0]],[[1]],[[2]],"(0, 12)","(12, 21)","(12, 21)",{},{},{},"['A', 'B']",[],[],0,0,1,2,1,3,A,,,,,,,B,,,,,"{'rtype': 'select-node', 'rtimedn': 57.525, 'rtimeup': 57.525}",,,,,,,"{'rtype': 'a', 'rtimedn': 1.593, 'rtimeup': 2.554}",,,,
,,38,0,24,1733268491,BDG-396-4152,TREE-1.2-0.0-0.0,"['f3a21fc8-4369-4542-8598-2292ed9be343', 'b9cad2fe-91ea-4850-9eba-4e5012f57013']","['robot', 'participant']","['jagged-sun', 'star-six']","['hsla(237, 95%, 65%, 1.0)', 'hsla(291, 82%, 51%, 1.0)']","[[1.0, 0.22096814647604712], [0.22096814647604712, 1.0]]","{0: '', 1: 'A', 2: 'B'}",,2,after,"[False, True]","{'max': 21, 'min': 21, 'avg': 21.0, 'root': 12}","[0, -10]","[133, 96]",sequential,chance,chance,"[1.0, 1.0]","[0.5, 1.0]","[0.5, 1.0]","[0.5, 1.0]","[0.375, 0.0]","[0.625, 0.0]",[[0]],[[1]],[[2]],"(0, 12)","(12, 21)","(12, 21)",{},{},{},"['A', 'B']",[],[],0,0,4,1,5,2,B,,,,,,,B,,,,,"{'rtype': 'a', 'rtimedn': 0.461, 'rtimeup': 1.675}",,,,,,,"{'rtype': 'select-node', 'rtimedn': 56.715, 'rtimeup': 56.715}",,,,
,,38,1,24,1733268490,BDG-265-3141,TREE-1.2-0.0-0.0,"['8e19ce2e-c87f-48f0-8bfc-7683d9b2e4dd', 'c8fd32a8-bd36-4574-9359-072a968da39f']","['participant', 'participant']","['ghost', 'lemon']","['hsla(85, 94%, 40%, 1.0)', 'hsla(287, 74%, 48%, 1.0)']","[[1.0, 0.22096814647604712], [0.22096814647604712, 1.0]]","{0: '', 1: 'A', 2: 'B'}",,2,after,"[True, True]","{'max': 21, 'min': 21, 'avg': 21.0, 'root': 12}","[-10, -10]","[133, 116]",sequential,chance,chance,"[1.0, 1.0]","[0.5, 1.0]","[0.5, 1.0]","[0.5, 1.0]","[0.375, 0.0]","[0.625, 0.0]",[[0]],[[1]],[[2]],"(0, 12)","(12, 21)","(12, 21)",{},{},{},"['A', 'B']",[],[],0,0,3,1,4,1,B,,,,,,,B,,,,,"{'rtype': 'select-node', 'rtimedn': 175.044, 'rtimeup': 175.044}",,,,,,,"{'rtype': 'select-node', 'rtimedn': 58.968, 'rtimeup': 58.968}",,,,
,,38,2,24,1733268491,BDG-505-5121,TREE-1.2-0.0-0.0,"['ed9b60ed-b3a8-44ac-a0ca-fca1d3647529', 'ef055cb1-489a-4c91-bf6d-d2b339e93b4a']","['participant', 'participant']","['circle', 'dent-square']","['hsla(137, 55%, 54%, 1.0)', 'hsla(236, 100%, 59%, 1.0)']","[[1.0, 0.14898419864559817], [0.14898419864559817, 1.0]]","{0: '', 1: 'A', 2: 'B'}",,1,after,"[True, True]","{'max': 21, 'min': 21, 'avg': 21.0, 'root': 12}","[-10, -10]","[125, 139]",sequential,chance,chance,"[1.0, 1.0]","[0.5, 1.0]","[0.5, 1.0]","[0.5, 1.0]","[0.625, 0.0]","[0.375, 0.0]",[[0]],[[1]],[[2]],"(0, 12)","(12, 21)","(12, 21)",{},{},{},"['A', 'B']",[],[],0,0,5,1,2,1,A,,,,,,,A,,,,,"{'rtype': 'select-node', 'rtimedn': 58.853, 'rtimeup': 58.853}",,,,,,,"{'rtype': 'select-node', 'rtimedn': 326.061, 'rtimeup': 326.061}",,,,
,,38,3,24,1733268496,BDG-531-5222,TREE-1.2-0.0-0.0,"['5f76705c-6173-4df7-a873-dc0c321186d2', '75443486-7234-4f3b-8f58-7b096a872d36']","['participant', 'participant']","['hexagon', 'dodecagon']","['hsla(70, 54%, 51%, 1.0)', 'hsla(97, 75%, 39%, 1.0)']","[[1.0, 0.1442187108101329], [0.1442187108101329, 1.0]]","{0: '', 1: 'A', 2: 'B'}",,1,after,"[True, True]","{'max': 21, 'min': 21, 'avg': 21.0, 'root': 12}","[-10, -10]","[102, 142]",sequential,chance,chance,"[1.0, 1.0]","[0.5, 1.0]","[0.5, 1.0]","[0.5, 1.0]","[0.375, 0.0]","[0.625, 0.0]",[[0]],[[1]],[[2]],"(0, 12)","(12, 21)","(12, 21)",{},{},{},"['A', 'B']",[],[],0,0,5,2,2,2,A,,,,,,,A,,,,,"{'rtype': 'select-node', 'rtimedn': 59.011, 'rtimeup': 59.011}",,,,,,,"{'rtype': 'select-node', 'rtimedn': 59.486, 'rtimeup': 59.486}",,,,
,,38,4,24,1733268490,BDG-374-3555,TREE-1.2-0.0-0.0,"['77c58d68-8844-4481-8b54-aaaa442736eb', '0777b594-b926-41c0-a957-8bc1466938d6']","['robot', 'participant']","['arrow-head', 'teardrop']","['hsla(321, 93%, 47%, 1.0)', 'hsla(92, 85%, 62%, 1.0)']","[[1.0, 0.1442187108101329], [0.1442187108101329, 1.0]]","{0: '', 1: 'A', 2: 'B'}",,2,after,"[False, True]","{'max': 21, 'min': 21, 'avg': 21.0, 'root': 12}","[0, -10]","[144, -57]",sequential,chance,chance,"[1.0, 1.0]","[0.5, 1.0]","[0.5, 1.0]","[0.5, 1.0]","[0.625, 0.0]","[0.375, 0.0]",[[0]],[[1]],[[2]],"(0, 12)","(12, 21)","(12, 21)",{},{},{},"['A', 'B']",[],[],0,0,3,5,5,5,B,,,,,,,A,,,,,"{'rtype': 'd', 'rtimedn': 7.349, 'rtimeup': 9.937}",,,,,,,"{'rtype': 'select-node', 'rtimedn': 56.652, 'rtimeup': 56.652}",,,,
,,39,0,24,1733268504,BDG-531-5222,TREE-1.2-0.0-0.0,"['75443486-7234-4f3b-8f58-7b096a872d36', 'b9cad2fe-91ea-4850-9eba-4e5012f57013']","['participant', 'participant']","['dodecagon', 'star-six']","['hsla(97, 75%, 39%, 1.0)', 'hsla(291, 82%, 51%, 1.0)']","[[1.0, 0.1916227740155505], [0.1916227740155505, 1.0]]","{0: '', 1: 'A', 2: 'B'}",,1,after,"[True, True]","{'max': 21, 'min': 21, 'avg': 21.0, 'root': 12}","[-10, -10]","[142, 96]",sequential,chance,chance,"[1.0, 1.0]","[0.5, 1.0]","[0.5, 1.0]","[0.5, 1.0]","[0.375, 0.0]","[0.625, 0.0]",[[0]],[[1]],[[2]],"(0, 12)","(12, 21)","(12, 21)",{},{},{},"['A', 'B']",[],[],0,0,5,2,2,2,A,,,,,,,A,,,,,"{'rtype': 'select-node', 'rtimedn': 60.311, 'rtimeup': 60.311}",,,,,,,"{'rtype': 'select-node', 'rtimedn': 58.061, 'rtimeup': 58.061}",,,,
,,39,1,24,1733268505,BDG-289-3235,TREE-1.2-0.0-0.0,"['f3a21fc8-4369-4542-8598-2292ed9be343', 'c8fd32a8-bd36-4574-9359-072a968da39f']","['robot', 'participant']","['jagged-sun', 'lemon']","['hsla(237, 95%, 65%, 1.0)', 'hsla(287, 74%, 48%, 1.0)']","[[1.0, 0.1442187108101329], [0.1442187108101329, 1.0]]","{0: '', 1: 'A', 2: 'B'}",,2,after,"[False, True]","{'max': 21, 'min': 21, 'avg': 21.0, 'root': 12}","[0, -10]","[133, 116]",sequential,chance,chance,"[1.0, 1.0]","[0.5, 1.0]","[0.5, 1.0]","[0.5, 1.0]","[0.625, 0.0]","[0.375, 0.0]",[[0]],[[1]],[[2]],"(0, 12)","(12, 21)","(12, 21)",{},{},{},"['A', 'B']",[],[],0,0,3,2,3,5,B,,,,,,,A,,,,,"{'rtype': 'a', 'rtimedn': 3.734, 'rtimeup': 4.429}",,,,,,,"{'rtype': 'select-node', 'rtimedn': 60.417, 'rtimeup': 60.417}",,,,
,,39,2,24,1733268511,BDG-043-1244,TREE-1.2-0.0-0.0,"['5f76705c-6173-4df7-a873-dc0c321186d2', '0777b594-b926-41c0-a957-8bc1466938d6']","['participant', 'participant']","['hexagon', 'teardrop']","['hsla(70, 54%, 51%, 1.0)', 'hsla(92, 85%, 62%, 1.0)']","[[1.0, 0.22096814647604712], [0.22096814647604712, 1.0]]","{0: '', 1: 'A', 2: 'B'}",,2,after,"[True, True]","{'max': 21, 'min': 21, 'avg': 21.0, 'root': 12}","[-10, -10]","[102, -57]",sequential,chance,chance,"[1.0, 1.0]","[0.5, 1.0]","[0.5, 1.0]","[0.5, 1.0]","[0.625, 0.0]","[0.375, 0.0]",[[0]],[[1]],[[2]],"(0, 12)","(12, 21)","(12, 21)",{},{},{},"['A', 'B']",[],[],0,0,1,2,4,4,B,,,,,,,A,,,,,"{'rtype': 'select-node', 'rtimedn': 60.217, 'rtimeup': 60.217}",,,,,,,"{'rtype': None, 'rtimedn': 13, 'rtimeup': 13}",,,,
,,39,3,24,1733268506,BDG-088-1434,TREE-1.2-0.0-0.0,"['ed9b60ed-b3a8-44ac-a0ca-fca1d3647529', 'ef055cb1-489a-4c91-bf6d-d2b339e93b4a']","['participant', 'participant']","['circle', 'dent-square']","['hsla(137, 55%, 54%, 1.0)', 'hsla(236, 100%, 59%, 1.0)']","[[1.0, 0.14898419864559817], [0.14898419864559817, 1.0]]","{0: '', 1: 'A', 2: 'B'}",,2,after,"[True, True]","{'max': 21, 'min': 21, 'avg': 21.0, 'root': 12}","[-10, -10]","[125, 139]",sequential,chance,chance,"[1.0, 1.0]","[0.5, 1.0]","[0.5, 1.0]","[0.5, 1.0]","[0.625, 0.0]","[0.375, 0.0]",[[0]],[[1]],[[2]],"(0, 12)","(12, 21)","(12, 21)",{},{},{},"['A', 'B']",[],[],0,0,1,4,3,4,B,,,,,,,B,,,,,"{'rtype': 'select-node', 'rtimedn': 60.335, 'rtimeup': 60.335}",,,,,,,"{'rtype': 'select-node', 'rtimedn': 327.511, 'rtimeup': 327.511}",,,,
,,39,4,24,1733268505,BDG-500-5111,TREE-1.2-0.0-0.0,"['77c58d68-8844-4481-8b54-aaaa442736eb', '8e19ce2e-c87f-48f0-8bfc-7683d9b2e4dd']","['robot', 'participant']","['arrow-head', 'ghost']","['hsla(321, 93%, 47%, 1.0)', 'hsla(85, 94%, 40%, 1.0)']","[[1.0, 0.1916227740155505], [0.1916227740155505, 1.0]]","{0: '', 1: 'A', 2: 'B'}",,1,after,"[False, True]","{'max': 21, 'min': 21, 'avg': 21.0, 'root': 12}","[0, -10]","[144, 133]",sequential,chance,chance,"[1.0, 1.0]","[0.5, 1.0]","[0.5, 1.0]","[0.5, 1.0]","[0.375, 0.0]","[0.625, 0.0]",[[0]],[[1]],[[2]],"(0, 12)","(12, 21)","(12, 21)",{},{},{},"['A', 'B']",[],[],0,0,5,1,1,1,A,,,,,,,B,,,,,"{'rtype': 'd', 'rtimedn': 2.706, 'rtimeup': 4.453}",,,,,,,"{'rtype': 'select-node', 'rtimedn': 176.526, 'rtimeup': 176.526}",,,,
