experiment_setting_keys,experiment_setting_values,round,room,batch,timestamp,title,tree_tag,player_uuids,player_types,avatar_shapes,avatar_colors,adjacency_matrix,idnum_label_map,perspective_of_player,final_node,tree_status,players_abdicated,durations,cumulative_payoffs_tree,cumulative_payoffs_experiment,choice_type_,choice_type_A,choice_type_B,probability_,probability_A,probability_B,positionxy_,positionxy_A,positionxy_B,info_set_,info_set_A,info_set_B,time_,time_A,time_B,beliefs_,beliefs_A,beliefs_B,options_,options_A,options_B,payoffs__p0,payoffs__p1,payoffs_A_p0,payoffs_A_p1,payoffs_B_p0,payoffs_B_p1,choice__p0,choice__p1,choice_A_p0,choice_A_p1,choice_B_p0,choice_B_p1,prediction__p0,prediction__p1,prediction_A_p0,prediction_A_p1,prediction_B_p0,prediction_B_p1,choice_data__p0,choice_data__p1,choice_data_A_p0,choice_data_A_p1,choice_data_B_p0,choice_data_B_p1,prediction_data__p0,prediction_data__p1,prediction_data_A_p0,prediction_data_A_p1,prediction_data_B_p0,prediction_data_B_p1
rounds,"{'apply': True, 'distribution_type': 'sigmoid', 'interval': [0, 200], 'coefficients': [1, 40]}",0,0,17,1733257922,BDG-147-2153,TREE-1.2-0.0-0.0,"['4e6fbdd5-31f9-458d-8cc0-2e7ab78019e6', 'eede0c44-416a-4587-96b5-ce08abfb5509']","['participant', 'participant']","['moon', 'flower']","['hsla(123, 55%, 48%, 1.0)', 'hsla(140, 57%, 43%, 1.0)']","[[1.0, 0.11221507890122734], [0.11221507890122734, 1.0]]","{0: '', 1: 'A', 2: 'B'}",,2,after,"[False, True]","{'max': 21, 'min': 21, 'avg': 21.0, 'root': 12}","[0, -10]","[142, 124]",sequential,chance,chance,"[1.0, 1.0]","[0.5, 1.0]","[0.5, 1.0]","[0.5, 1.0]","[0.375, 0.0]","[0.625, 0.0]",[[0]],[[1]],[[2]],"(0, 12)","(12, 21)","(12, 21)",{},{},{},"['A', 'B']",[],[],0,0,2,1,5,3,B,,,,,,,B,,,,,"{'rtype': 'select-node', 'rtimedn': 10.525, 'rtimeup': 10.525}",,,,,,,"{'rtype': 'select-node', 'rtimedn': 88.712, 'rtimeup': 88.712}",,,,
time_horizon,"{'apply': True, 'interval': [0, 1], 'distribution_type': 'linear', 'coefficients': [0, 1]}",0,1,17,1733257920,BDG-104-1515,TREE-1.2-0.0-0.0,"['6c7c7d0e-9b28-49a3-a8ae-a038288cb0a1', 'bf1ced06-3c98-481a-b525-b0ff789e92c2']","['participant', 'participant']","['dent-square', 'stop-sign']","['hsla(165, 54%, 40%, 1.0)', 'hsla(77, 55%, 64%, 1.0)']","[[1.0, 0.07641729982466393], [0.07641729982466393, 1.0]]","{0: '', 1: 'A', 2: 'B'}",,2,after,"[True, True]","{'max': 21, 'min': 21, 'avg': 21.0, 'root': 12}","[-10, -10]","[133, 127]",sequential,chance,chance,"[1.0, 1.0]","[0.5, 1.0]","[0.5, 1.0]","[0.5, 1.0]","[0.625, 0.0]","[0.375, 0.0]",[[0]],[[1]],[[2]],"(0, 12)","(12, 21)","(12, 21)",{},{},{},"['A', 'B']",[],[],0,0,1,5,1,5,B,,,,,,,A,,,,,"{'rtype': 'select-node', 'rtimedn': 22.385, 'rtimeup': 22.385}",,,,,,,"{'rtype': 'select-node', 'rtimedn': 88.81, 'rtimeup': 88.81}",,,,
payoff_dimensions,"{'SSD': {'apply': True, 'distribution_type': 'uniform', 'interval': [0, 1], 'coefficients': [1, 1]}, 'OOD': {'apply': True, 'distribution_type': 'uniform', 'interval': [0, 1], 'coefficients': [1, 1]}, 'SOD': {'apply': True, 'distribution_type': 'uniform', 'interval': [0, 1], 'coefficients': [1, 1]}, 'abdication_penalty': 10, 'payoff_values': [1, 9], 'cents_per_payoff': 0}",0,2,17,1733257920,BDG-446-4352,TREE-1.2-0.0-0.0,"['b19d3db0-5631-4177-af52-32b44b4c6ee4', 'af883de6-a408-47aa-88dd-be481eabbd68']","['robot', 'participant']","['cross', 'stop-sign']","['hsla(73, 80%, 59%, 1.0)', 'hsla(154, 54%, 56%, 1.0)']","[[1.0, 0.11221507890122734], [0.11221507890122734, 1.0]]","{0: '', 1: 'A', 2: 'B'}",,2,after,"[True, True]","{'max': 21, 'min': 21, 'avg': 21.0, 'root': 12}","[-10, -10]","[140, 135]",sequential,chance,chance,"[1.0, 1.0]","[0.5, 1.0]","[0.5, 1.0]","[0.5, 1.0]","[0.375, 0.0]","[0.625, 0.0]",[[0]],[[1]],[[2]],"(0, 12)","(12, 21)","(12, 21)",{},{},{},"['A', 'B']",[],[],0,0,4,3,5,2,B,,,,,,,A,,,,,"{'rtype': 'd', 'rtimedn': 11.58, 'rtimeup': 14.037}",,,,,,,"{'rtype': 'select-node', 'rtimedn': 19.013, 'rtimeup': 19.013}",,,,
players,"{'n_humans': 11, 'n_robots': 1, 'can_join_late': False, 'proportion_over_number': True, 'start_when_enough_humans': True, 'exclude_researchers': False}",0,3,17,1733257920,BDG-292-3243,TREE-1.2-0.0-0.0,"['44997a74-c08b-467a-b3c9-7492a6bde261', 'dc7aa794-aaf0-4594-aa67-6466cf997e02']","['participant', 'participant']","['dent-square', 'hexagon']","['hsla(114, 51%, 63%, 1.0)', 'hsla(163, 93%, 42%, 1.0)']","[[1.0, 0.10520163646990063], [0.10520163646990063, 1.0]]","{0: '', 1: 'A', 2: 'B'}",,2,after,"[False, False]","{'max': 21, 'min': 21, 'avg': 21.0, 'root': 12}","[0, 0]","[138, 136]",sequential,chance,chance,"[1.0, 1.0]","[0.5, 1.0]","[0.5, 1.0]","[0.5, 1.0]","[0.625, 0.0]","[0.375, 0.0]",[[0]],[[1]],[[2]],"(0, 12)","(12, 21)","(12, 21)",{},{},{},"['A', 'B']",[],[],0,0,3,2,4,3,B,,,,,,,B,,,,,"{'rtype': 'select-node', 'rtimedn': 10.088, 'rtimeup': 10.088}",,,,,,,"{'rtype': 'select-node', 'rtimedn': 10.053, 'rtimeup': 10.053}",,,,
game_speed,"{'seconds_per_node': 9, 'seconds_per_descendant': 1, 'buffer_between_levels': 0}",0,4,17,1733257920,BDG-362-3533,TREE-1.2-0.0-0.0,"['56064979-2a1e-4fcf-921e-09debb413eaa', '4983457d-3147-4672-b739-bdd182435dc3']","['participant', 'robot']","['circle', 'ghost']","['hsla(79, 92%, 65%, 1.0)', 'hsla(332, 75%, 59%, 1.0)']","[[1.0, 0.11221507890122734], [0.11221507890122734, 1.0]]","{0: '', 1: 'A', 2: 'B'}",,2,after,"[False, False]","{'max': 21, 'min': 21, 'avg': 21.0, 'root': 12}","[0, 0]","[127, 122]",sequential,chance,chance,"[1.0, 1.0]","[0.5, 1.0]","[0.5, 1.0]","[0.5, 1.0]","[0.625, 0.0]","[0.375, 0.0]",[[0]],[[1]],[[2]],"(0, 12)","(12, 21)","(12, 21)",{},{},{},"['A', 'B']",[],[],0,0,3,5,3,3,B,,,,,,,A,,,,,"{'rtype': 'select-node', 'rtimedn': 10.321, 'rtimeup': 10.321}",,,,,,,"{'rtype': 'd', 'rtimedn': 2.17, 'rtimeup': 2.293}",,,,
game_trees,"{'preselected': True, 'trees_list': ['BDG-000-1111', 'BDG-001-1112', 'BDG-002-1113', 'BDG-003-1114', 'BDG-004-1115', 'BDG-005-1121', 'BDG-006-1122', 'BDG-007-1123', 'BDG-008-1124', 'BDG-009-1125', 'BDG-010-1131', 'BDG-011-1132', 'BDG-012-1133', 'BDG-013-1134', 'BDG-014-1135', 'BDG-015-1141', 'BDG-016-1142', 'BDG-017-1143', 'BDG-018-1144', 'BDG-019-1145', 'BDG-020-1151', 'BDG-021-1152', 'BDG-022-1153', 'BDG-023-1154', 'BDG-024-1155', 'BDG-025-1211', 'BDG-026-1212', 'BDG-027-1213', 'BDG-028-1214', 'BDG-029-1215', 'BDG-030-1221', 'BDG-031-1222', 'BDG-032-1223', 'BDG-033-1224', 'BDG-034-1225', 'BDG-035-1231', 'BDG-036-1232', 'BDG-037-1233', 'BDG-038-1234', 'BDG-039-1235', 'BDG-040-1241', 'BDG-041-1242', 'BDG-042-1243', 'BDG-043-1244', 'BDG-044-1245', 'BDG-045-1251', 'BDG-046-1252', 'BDG-047-1253', 'BDG-048-1254', 'BDG-049-1255', 'BDG-050-1311', 'BDG-051-1312', 'BDG-052-1313', 'BDG-053-1314', 'BDG-054-1315', 'BDG-055-1321', 'BDG-056-1322', 'BDG-057-1323', 'BDG-058-1324', 'BDG-059-1325', 'BDG-060-1331', 'BDG-061-1332', 'BDG-062-1333', 'BDG-063-1334', 'BDG-064-1335', 'BDG-065-1341', 'BDG-066-1342', 'BDG-067-1343', 'BDG-068-1344', 'BDG-069-1345', 'BDG-070-1351', 'BDG-071-1352', 'BDG-072-1353', 'BDG-073-1354', 'BDG-074-1355', 'BDG-075-1411', 'BDG-076-1412', 'BDG-077-1413', 'BDG-078-1414', 'BDG-079-1415', 'BDG-080-1421', 'BDG-081-1422', 'BDG-082-1423', 'BDG-083-1424', 'BDG-084-1425', 'BDG-085-1431', 'BDG-086-1432', 'BDG-087-1433', 'BDG-088-1434', 'BDG-089-1435', 'BDG-090-1441', 'BDG-091-1442', 'BDG-092-1443', 'BDG-093-1444', 'BDG-094-1445', 'BDG-095-1451', 'BDG-096-1452', 'BDG-097-1453', 'BDG-098-1454', 'BDG-099-1455', 'BDG-100-1511', 'BDG-101-1512', 'BDG-102-1513', 'BDG-103-1514', 'BDG-104-1515', 'BDG-105-1521', 'BDG-106-1522', 'BDG-107-1523', 'BDG-108-1524', 'BDG-109-1525', 'BDG-110-1531', 'BDG-111-1532', 'BDG-112-1533', 'BDG-113-1534', 'BDG-114-1535', 'BDG-115-1541', 'BDG-116-1542', 'BDG-117-1543', 'BDG-118-1544', 'BDG-119-1545', 'BDG-120-1551', 'BDG-121-1552', 'BDG-122-1553', 'BDG-123-1554', 'BDG-124-1555', 'BDG-125-2111', 'BDG-126-2112', 'BDG-127-2113', 'BDG-128-2114', 'BDG-129-2115', 'BDG-130-2121', 'BDG-131-2122', 'BDG-132-2123', 'BDG-133-2124', 'BDG-134-2125', 'BDG-135-2131', 'BDG-136-2132', 'BDG-137-2133', 'BDG-138-2134', 'BDG-139-2135', 'BDG-140-2141', 'BDG-141-2142', 'BDG-142-2143', 'BDG-143-2144', 'BDG-144-2145', 'BDG-145-2151', 'BDG-146-2152', 'BDG-147-2153', 'BDG-148-2154', 'BDG-149-2155', 'BDG-150-2211', 'BDG-151-2212', 'BDG-152-2213', 'BDG-153-2214', 'BDG-154-2215', 'BDG-155-2221', 'BDG-156-2222', 'BDG-157-2223', 'BDG-158-2224', 'BDG-159-2225', 'BDG-160-2231', 'BDG-161-2232', 'BDG-162-2233', 'BDG-163-2234', 'BDG-164-2235', 'BDG-165-2241', 'BDG-166-2242', 'BDG-167-2243', 'BDG-168-2244', 'BDG-169-2245', 'BDG-170-2251', 'BDG-171-2252', 'BDG-172-2253', 'BDG-173-2254', 'BDG-174-2255', 'BDG-175-2311', 'BDG-176-2312', 'BDG-177-2313', 'BDG-178-2314', 'BDG-179-2315', 'BDG-180-2321', 'BDG-181-2322', 'BDG-182-2323', 'BDG-183-2324', 'BDG-184-2325', 'BDG-185-2331', 'BDG-186-2332', 'BDG-187-2333', 'BDG-188-2334', 'BDG-189-2335', 'BDG-190-2341', 'BDG-191-2342', 'BDG-192-2343', 'BDG-193-2344', 'BDG-194-2345', 'BDG-195-2351', 'BDG-196-2352', 'BDG-197-2353', 'BDG-198-2354', 'BDG-199-2355', 'BDG-200-2411', 'BDG-201-2412', 'BDG-202-2413', 'BDG-203-2414', 'BDG-204-2415', 'BDG-205-2421', 'BDG-206-2422', 'BDG-207-2423', 'BDG-208-2424', 'BDG-209-2425', 'BDG-210-2431', 'BDG-211-2432', 'BDG-212-2433', 'BDG-213-2434', 'BDG-214-2435', 'BDG-215-2441', 'BDG-216-2442', 'BDG-217-2443', 'BDG-218-2444', 'BDG-219-2445', 'BDG-220-2451', 'BDG-221-2452', 'BDG-222-2453', 'BDG-223-2454', 'BDG-224-2455', 'BDG-225-2511', 'BDG-226-2512', 'BDG-227-2513', 'BDG-228-2514', 'BDG-229-2515', 'BDG-230-2521', 'BDG-231-2522', 'BDG-232-2523', 'BDG-233-2524', 'BDG-234-2525', 'BDG-235-2531', 'BDG-236-2532', 'BDG-237-2533', 'BDG-238-2534', 'BDG-239-2535', 'BDG-240-2541', 'BDG-241-2542', 'BDG-242-2543', 'BDG-243-2544', 'BDG-244-2545', 'BDG-245-2551', 'BDG-246-2552', 'BDG-247-2553', 'BDG-248-2554', 'BDG-249-2555', 'BDG-250-3111', 'BDG-251-3112', 'BDG-252-3113', 'BDG-253-3114', 'BDG-254-3115', 'BDG-255-3121', 'BDG-256-3122', 'BDG-257-3123', 'BDG-258-3124', 'BDG-259-3125', 'BDG-260-3131', 'BDG-261-3132', 'BDG-262-3133', 'BDG-263-3134', 'BDG-264-3135', 'BDG-265-3141', 'BDG-266-3142', 'BDG-267-3143', 'BDG-268-3144', 'BDG-269-3145', 'BDG-270-3151', 'BDG-271-3152', 'BDG-272-3153', 'BDG-273-3154', 'BDG-274-3155', 'BDG-275-3211', 'BDG-276-3212', 'BDG-277-3213', 'BDG-278-3214', 'BDG-279-3215', 'BDG-280-3221', 'BDG-281-3222', 'BDG-282-3223', 'BDG-283-3224', 'BDG-284-3225', 'BDG-285-3231', 'BDG-286-3232', 'BDG-287-3233', 'BDG-288-3234', 'BDG-289-3235', 'BDG-290-3241', 'BDG-291-3242', 'BDG-292-3243', 'BDG-293-3244', 'BDG-294-3245', 'BDG-295-3251', 'BDG-296-3252', 'BDG-297-3253', 'BDG-298-3254', 'BDG-299-3255', 'BDG-300-3311', 'BDG-301-3312', 'BDG-302-3313', 'BDG-303-3314', 'BDG-304-3315', 'BDG-305-3321', 'BDG-306-3322', 'BDG-307-3323', 'BDG-308-3324', 'BDG-309-3325', 'BDG-310-3331', 'BDG-311-3332', 'BDG-312-3333', 'BDG-313-3334', 'BDG-314-3335', 'BDG-315-3341', 'BDG-316-3342', 'BDG-317-3343', 'BDG-318-3344', 'BDG-319-3345', 'BDG-320-3351', 'BDG-321-3352', 'BDG-322-3353', 'BDG-323-3354', 'BDG-324-3355', 'BDG-325-3411', 'BDG-326-3412', 'BDG-327-3413', 'BDG-328-3414', 'BDG-329-3415', 'BDG-330-3421', 'BDG-331-3422', 'BDG-332-3423', 'BDG-333-3424', 'BDG-334-3425', 'BDG-335-3431', 'BDG-336-3432', 'BDG-337-3433', 'BDG-338-3434', 'BDG-339-3435', 'BDG-340-3441', 'BDG-341-3442', 'BDG-342-3443', 'BDG-343-3444', 'BDG-344-3445', 'BDG-345-3451', 'BDG-346-3452', 'BDG-347-3453', 'BDG-348-3454', 'BDG-349-3455', 'BDG-350-3511', 'BDG-351-3512', 'BDG-352-3513', 'BDG-353-3514', 'BDG-354-3515', 'BDG-355-3521', 'BDG-356-3522', 'BDG-357-3523', 'BDG-358-3524', 'BDG-359-3525', 'BDG-360-3531', 'BDG-361-3532', 'BDG-362-3533', 'BDG-363-3534', 'BDG-364-3535', 'BDG-365-3541', 'BDG-366-3542', 'BDG-367-3543', 'BDG-368-3544', 'BDG-369-3545', 'BDG-370-3551', 'BDG-371-3552', 'BDG-372-3553', 'BDG-373-3554', 'BDG-374-3555', 'BDG-375-4111', 'BDG-376-4112', 'BDG-377-4113', 'BDG-378-4114', 'BDG-379-4115', 'BDG-380-4121', 'BDG-381-4122', 'BDG-382-4123', 'BDG-383-4124', 'BDG-384-4125', 'BDG-385-4131', 'BDG-386-4132', 'BDG-387-4133', 'BDG-388-4134', 'BDG-389-4135', 'BDG-390-4141', 'BDG-391-4142', 'BDG-392-4143', 'BDG-393-4144', 'BDG-394-4145', 'BDG-395-4151', 'BDG-396-4152', 'BDG-397-4153', 'BDG-398-4154', 'BDG-399-4155', 'BDG-400-4211', 'BDG-401-4212', 'BDG-402-4213', 'BDG-403-4214', 'BDG-404-4215', 'BDG-405-4221', 'BDG-406-4222', 'BDG-407-4223', 'BDG-408-4224', 'BDG-409-4225', 'BDG-410-4231', 'BDG-411-4232', 'BDG-412-4233', 'BDG-413-4234', 'BDG-414-4235', 'BDG-415-4241', 'BDG-416-4242', 'BDG-417-4243', 'BDG-418-4244', 'BDG-419-4245', 'BDG-420-4251', 'BDG-421-4252', 'BDG-422-4253', 'BDG-423-4254', 'BDG-424-4255', 'BDG-425-4311', 'BDG-426-4312', 'BDG-427-4313', 'BDG-428-4314', 'BDG-429-4315', 'BDG-430-4321', 'BDG-431-4322', 'BDG-432-4323', 'BDG-433-4324', 'BDG-434-4325', 'BDG-435-4331', 'BDG-436-4332', 'BDG-437-4333', 'BDG-438-4334', 'BDG-439-4335', 'BDG-440-4341', 'BDG-441-4342', 'BDG-442-4343', 'BDG-443-4344', 'BDG-444-4345', 'BDG-445-4351', 'BDG-446-4352', 'BDG-447-4353', 'BDG-448-4354', 'BDG-449-4355', 'BDG-450-4411', 'BDG-451-4412', 'BDG-452-4413', 'BDG-453-4414', 'BDG-454-4415', 'BDG-455-4421', 'BDG-456-4422', 'BDG-457-4423', 'BDG-458-4424', 'BDG-459-4425', 'BDG-460-4431', 'BDG-461-4432', 'BDG-462-4433', 'BDG-463-4434', 'BDG-464-4435', 'BDG-465-4441', 'BDG-466-4442', 'BDG-467-4443', 'BDG-468-4444', 'BDG-469-4445', 'BDG-470-4451', 'BDG-471-4452', 'BDG-472-4453', 'BDG-473-4454', 'BDG-474-4455', 'BDG-475-4511', 'BDG-476-4512', 'BDG-477-4513', 'BDG-478-4514', 'BDG-479-4515', 'BDG-480-4521', 'BDG-481-4522', 'BDG-482-4523', 'BDG-483-4524', 'BDG-484-4525', 'BDG-485-4531', 'BDG-486-4532', 'BDG-487-4533', 'BDG-488-4534', 'BDG-489-4535', 'BDG-490-4541', 'BDG-491-4542', 'BDG-492-4543', 'BDG-493-4544', 'BDG-494-4545', 'BDG-495-4551', 'BDG-496-4552', 'BDG-497-4553', 'BDG-498-4554', 'BDG-499-4555', 'BDG-500-5111', 'BDG-501-5112', 'BDG-502-5113', 'BDG-503-5114', 'BDG-504-5115', 'BDG-505-5121', 'BDG-506-5122', 'BDG-507-5123', 'BDG-508-5124', 'BDG-509-5125', 'BDG-510-5131', 'BDG-511-5132', 'BDG-512-5133', 'BDG-513-5134', 'BDG-514-5135', 'BDG-515-5141', 'BDG-516-5142', 'BDG-517-5143', 'BDG-518-5144', 'BDG-519-5145', 'BDG-520-5151', 'BDG-521-5152', 'BDG-522-5153', 'BDG-523-5154', 'BDG-524-5155', 'BDG-525-5211', 'BDG-526-5212', 'BDG-527-5213', 'BDG-528-5214', 'BDG-529-5215', 'BDG-530-5221', 'BDG-531-5222', 'BDG-532-5223', 'BDG-533-5224', 'BDG-534-5225', 'BDG-535-5231', 'BDG-536-5232', 'BDG-537-5233', 'BDG-538-5234', 'BDG-539-5235', 'BDG-540-5241', 'BDG-541-5242', 'BDG-542-5243', 'BDG-543-5244', 'BDG-544-5245', 'BDG-545-5251', 'BDG-546-5252', 'BDG-547-5253', 'BDG-548-5254', 'BDG-549-5255', 'BDG-550-5311', 'BDG-551-5312', 'BDG-552-5313', 'BDG-553-5314', 'BDG-554-5315', 'BDG-555-5321', 'BDG-556-5322', 'BDG-557-5323', 'BDG-558-5324', 'BDG-559-5325', 'BDG-560-5331', 'BDG-561-5332', 'BDG-562-5333', 'BDG-563-5334', 'BDG-564-5335', 'BDG-565-5341', 'BDG-566-5342', 'BDG-567-5343', 'BDG-568-5344', 'BDG-569-5345', 'BDG-570-5351', 'BDG-571-5352', 'BDG-572-5353', 'BDG-573-5354', 'BDG-574-5355', 'BDG-575-5411', 'BDG-576-5412', 'BDG-577-5413', 'BDG-578-5414', 'BDG-579-5415', 'BDG-580-5421', 'BDG-581-5422', 'BDG-582-5423', 'BDG-583-5424', 'BDG-584-5425', 'BDG-585-5431', 'BDG-586-5432', 'BDG-587-5433', 'BDG-588-5434', 'BDG-589-5435', 'BDG-590-5441', 'BDG-591-5442', 'BDG-592-5443', 'BDG-593-5444', 'BDG-594-5445', 'BDG-595-5451', 'BDG-596-5452', 'BDG-597-5453', 'BDG-598-5454', 'BDG-599-5455', 'BDG-600-5511', 'BDG-601-5512', 'BDG-602-5513', 'BDG-603-5514', 'BDG-604-5515', 'BDG-605-5521', 'BDG-606-5522', 'BDG-607-5523', 'BDG-608-5524', 'BDG-609-5525', 'BDG-610-5531', 'BDG-611-5532', 'BDG-612-5533', 'BDG-613-5534', 'BDG-614-5535', 'BDG-615-5541', 'BDG-616-5542', 'BDG-617-5543', 'BDG-618-5544', 'BDG-619-5545', 'BDG-620-5551', 'BDG-621-5552', 'BDG-622-5553', 'BDG-623-5554', 'BDG-624-5555']}",0,5,17,1733257920,BDG-014-1135,TREE-1.2-0.0-0.0,"['ac225116-14bc-429f-b2d5-8c4643505c01', 'a35a2a09-0e5b-4c89-b416-0180cdf67736']","['participant', 'participant']","['circle', 'star-six']","['hsla(8, 54%, 64%, 1.0)', 'hsla(351, 79%, 51%, 1.0)']","[[1.0, 0.08898305084745763], [0.08898305084745763, 1.0]]","{0: '', 1: 'A', 2: 'B'}",,2,after,"[True, False]","{'max': 21, 'min': 21, 'avg': 21.0, 'root': 12}","[-10, 0]","[129, 151]",sequential,chance,chance,"[1.0, 1.0]","[0.5, 1.0]","[0.5, 1.0]","[0.5, 1.0]","[0.625, 0.0]","[0.375, 0.0]",[[0]],[[1]],[[2]],"(0, 12)","(12, 21)","(12, 21)",{},{},{},"['A', 'B']",[],[],0,0,1,1,3,5,B,,,,,,,B,,,,,"{'rtype': 'select-node', 'rtimedn': 20.234, 'rtimeup': 20.234}",,,,,,,"{'rtype': 'select-node', 'rtimedn': 10.082, 'rtimeup': 10.082}",,,,
group_size,"{'distribution': [0, 1, 0, 0], 'apply': True}",1,0,17,1733257933,BDG-144-2145,TREE-1.2-0.0-0.0,"['4e6fbdd5-31f9-458d-8cc0-2e7ab78019e6', 'a35a2a09-0e5b-4c89-b416-0180cdf67736']","['participant', 'participant']","['moon', 'star-six']","['hsla(123, 55%, 48%, 1.0)', 'hsla(351, 79%, 51%, 1.0)']","[[1.0, 0.09248977206312098], [0.09248977206312098, 1.0]]","{0: '', 1: 'A', 2: 'B'}",,2,after,"[False, False]","{'max': 21, 'min': 21, 'avg': 21.0, 'root': 12}","[0, 0]","[142, 151]",sequential,chance,chance,"[1.0, 1.0]","[0.5, 1.0]","[0.5, 1.0]","[0.5, 1.0]","[0.625, 0.0]","[0.375, 0.0]",[[0]],[[1]],[[2]],"(0, 12)","(12, 21)","(12, 21)",{},{},{},"['A', 'B']",[],[],0,0,2,1,4,5,B,,,,,,,B,,,,,"{'rtype': 'select-node', 'rtimedn': 11.654, 'rtimeup': 11.654}",,,,,,,"{'rtype': 'select-node', 'rtimedn': 11.572, 'rtimeup': 11.572}",,,,
robots,"{'self_value': {'apply': True, 'distribution_type': 'point', 'interval': [1, 1], 'coefficients': [1, 1]}, 'other_value': {'apply': True, 'distribution_type': 'point', 'interval': [0, 0], 'coefficients': [0, 1]}, 'normal_envy': {'apply': True, 'distribution_type': 'point', 'interval': [0, 0], 'coefficients': [0, 1]}, 'reverse_envy': {'apply': True, 'distribution_type': 'point', 'interval': [0, 0], 'coefficients': [0, 1]}, 'risk_preference': {'apply': True, 'distribution_type': 'point', 'interval': [0, 0], 'coefficients': [0, 1]}, 'loss_preference': {'apply': True, 'distribution_type': 'point', 'interval': [0, 0], 'coefficients': [0, 1]}, 'reasoning_depth': {'apply': True, 'distribution_type': 'point', 'interval': [3, 3], 'coefficients': [3, 1]}, 'time_discount': {'apply': True, 'distribution_type': 'point', 'interval': [0, 0], 'coefficients': [0, 1]}, 'reaction_time': {'apply': True, 'distribution_type': 'uniform', 'interval': [0, 1], 'coefficients': [1, 1]}}",1,1,17,1733257930,BDG-331-3422,TREE-1.2-0.0-0.0,"['56064979-2a1e-4fcf-921e-09debb413eaa', '6c7c7d0e-9b28-49a3-a8ae-a038288cb0a1']","['participant', 'participant']","['circle', 'dent-square']","['hsla(79, 92%, 65%, 1.0)', 'hsla(165, 54%, 40%, 1.0)']","[[1.0, 0.09248977206312098], [0.09248977206312098, 1.0]]","{0: '', 1: 'A', 2: 'B'}",,1,after,"[False, True]","{'max': 21, 'min': 21, 'avg': 21.0, 'root': 12}","[0, -10]","[127, 133]",sequential,chance,chance,"[1.0, 1.0]","[0.5, 1.0]","[0.5, 1.0]","[0.5, 1.0]","[0.625, 0.0]","[0.375, 0.0]",[[0]],[[1]],[[2]],"(0, 12)","(12, 21)","(12, 21)",{},{},{},"['A', 'B']",[],[],0,0,3,4,2,2,A,,,,,,,A,,,,,"{'rtype': 'select-node', 'rtimedn': 11.651, 'rtimeup': 11.651}",,,,,,,"{'rtype': 'select-node', 'rtimedn': 23.764, 'rtimeup': 23.764}",,,,
truthfulness,"{'apply': True, 'distribution_type': 'uniform', 'interval': [0, 1], 'coefficients': [1, 1]}",1,2,17,1733257932,BDG-294-3245,TREE-1.2-0.0-0.0,"['4983457d-3147-4672-b739-bdd182435dc3', 'bf1ced06-3c98-481a-b525-b0ff789e92c2']","['robot', 'participant']","['ghost', 'stop-sign']","['hsla(332, 75%, 59%, 1.0)', 'hsla(77, 55%, 64%, 1.0)']","[[1.0, 0.10520163646990063], [0.10520163646990063, 1.0]]","{0: '', 1: 'A', 2: 'B'}",,1,after,"[False, True]","{'max': 21, 'min': 21, 'avg': 21.0, 'root': 12}","[0, -10]","[122, 127]",sequential,chance,chance,"[1.0, 1.0]","[0.5, 1.0]","[0.5, 1.0]","[0.5, 1.0]","[0.625, 0.0]","[0.375, 0.0]",[[0]],[[1]],[[2]],"(0, 12)","(12, 21)","(12, 21)",{},{},{},"['A', 'B']",[],[],0,0,3,2,4,5,A,,,,,,,A,,,,,"{'rtype': 'a', 'rtimedn': 7.356, 'rtimeup': 8.553}",,,,,,,"{'rtype': 'select-node', 'rtimedn': 90.395, 'rtimeup': 90.395}",,,,
complexity,"{'apply': True, 'distribution_type': 'uniform', 'interval': [0, 1], 'coefficients': [1, 1]}",1,3,17,1733257931,BDG-175-2311,TREE-1.2-0.0-0.0,"['44997a74-c08b-467a-b3c9-7492a6bde261', 'dc7aa794-aaf0-4594-aa67-6466cf997e02']","['participant', 'participant']","['dent-square', 'hexagon']","['hsla(114, 51%, 63%, 1.0)', 'hsla(163, 93%, 42%, 1.0)']","[[1.0, 0.10520163646990063], [0.10520163646990063, 1.0]]","{0: '', 1: 'A', 2: 'B'}",,1,after,"[False, False]","{'max': 21, 'min': 21, 'avg': 21.0, 'root': 12}","[0, 0]","[138, 136]",sequential,chance,chance,"[1.0, 1.0]","[0.5, 1.0]","[0.5, 1.0]","[0.5, 1.0]","[0.375, 0.0]","[0.625, 0.0]",[[0]],[[1]],[[2]],"(0, 12)","(12, 21)","(12, 21)",{},{},{},"['A', 'B']",[],[],0,0,2,3,1,1,A,,,,,,,A,,,,,"{'rtype': 'select-node', 'rtimedn': 11.64, 'rtimeup': 11.64}",,,,,,,"{'rtype': 'select-node', 'rtimedn': 11.533, 'rtimeup': 11.533}",,,,
agency,"{'apply': True, 'distribution_type': 'uniform', 'interval': [0, 1], 'coefficients': [1, 1]}",1,4,17,1733257929,BDG-401-4212,TREE-1.2-0.0-0.0,"['af883de6-a408-47aa-88dd-be481eabbd68', 'b19d3db0-5631-4177-af52-32b44b4c6ee4']","['participant', 'robot']","['stop-sign', 'cross']","['hsla(154, 54%, 56%, 1.0)', 'hsla(73, 80%, 59%, 1.0)']","[[1.0, 0.11221507890122734], [0.11221507890122734, 1.0]]","{0: '', 1: 'A', 2: 'B'}",,1,after,"[True, False]","{'max': 21, 'min': 21, 'avg': 21.0, 'root': 12}","[-10, 0]","[135, 140]",sequential,chance,chance,"[1.0, 1.0]","[0.5, 1.0]","[0.5, 1.0]","[0.5, 1.0]","[0.625, 0.0]","[0.375, 0.0]",[[0]],[[1]],[[2]],"(0, 12)","(12, 21)","(12, 21)",{},{},{},"['A', 'B']",[],[],0,0,4,2,1,2,A,,,,,,,A,,,,,"{'rtype': 'select-node', 'rtimedn': 20.149, 'rtimeup': 20.149}",,,,,,,"{'rtype': 'a', 'rtimedn': 0.609, 'rtimeup': 1.271}",,,,
base_url,https://yourschool.sona-systems.com/webstudy_credit.aspx,1,5,17,1733257934,BDG-523-5154,TREE-1.2-0.0-0.0,"['ac225116-14bc-429f-b2d5-8c4643505c01', 'eede0c44-416a-4587-96b5-ce08abfb5509']","['participant', 'participant']","['circle', 'flower']","['hsla(8, 54%, 64%, 1.0)', 'hsla(140, 57%, 43%, 1.0)']","[[1.0, 0.025131502045587374], [0.025131502045587374, 1.0]]","{0: '', 1: 'A', 2: 'B'}",,2,after,"[True, True]","{'max': 21, 'min': 21, 'avg': 21.0, 'root': 12}","[-10, -10]","[129, 124]",sequential,chance,chance,"[1.0, 1.0]","[0.5, 1.0]","[0.5, 1.0]","[0.5, 1.0]","[0.625, 0.0]","[0.375, 0.0]",[[0]],[[1]],[[2]],"(0, 12)","(12, 21)","(12, 21)",{},{},{},"['A', 'B']",[],[],0,0,5,1,5,4,B,,,,,,,B,,,,,"{'rtype': 'select-node', 'rtimedn': 21.702, 'rtimeup': 21.702}",,,,,,,"{'rtype': 'select-node', 'rtimedn': 89.97, 'rtimeup': 89.97}",,,,
instructions,['No additional instructions.'],2,0,17,1733257945,BDG-537-5233,TREE-1.2-0.0-0.0,"['44997a74-c08b-467a-b3c9-7492a6bde261', 'bf1ced06-3c98-481a-b525-b0ff789e92c2']","['participant', 'participant']","['dent-square', 'stop-sign']","['hsla(114, 51%, 63%, 1.0)', 'hsla(77, 55%, 64%, 1.0)']","[[1.0, 0.07773232028053768], [0.07773232028053768, 1.0]]","{0: '', 1: 'A', 2: 'B'}",,1,after,"[True, True]","{'max': 21, 'min': 21, 'avg': 21.0, 'root': 12}","[-10, -10]","[138, 127]",sequential,chance,chance,"[1.0, 1.0]","[0.5, 1.0]","[0.5, 1.0]","[0.5, 1.0]","[0.625, 0.0]","[0.375, 0.0]",[[0]],[[1]],[[2]],"(0, 12)","(12, 21)","(12, 21)",{},{},{},"['A', 'B']",[],[],0,0,5,2,3,3,A,,,,,,,A,,,,,"{'rtype': 'select-node', 'rtimedn': 13.199, 'rtimeup': 13.199}",,,,,,,"{'rtype': 'select-node', 'rtimedn': 91.522, 'rtimeup': 91.522}",,,,
consent,"['UNIVERSITY OF MICHIGAN', 'CONSENT TO BE PART OF A RESEARCH STUDY HUM00243214', 'Platform Title: The Morality Game', 'Platform Creator: Gregory Stanley, Ph.D. Candidate, University of Michigan', 'Faculty Advisor: Jun Zhang, Professor of Psychology, University of Michigan', 'Thank you for your interest in participating in this experiment.  This is an unpaid experiment.  You will receive credit for 1 hour of Subject Pool participation.  Please be ready for 1 hour of continuous participation.  If you are inactive for over 2 minutes, the system will automatically eject you from the experiment.  Your counterparts are human participants, unless they drop out of the experiment, in which case they will be replaced by artificial agents.  Please feel free to contact me, Greg, at (714) 454-0435 if you have any questions.  All other information relevant to your consent was covered by the platform general-consent form in the tutorial.  You must be 18 years of age or older to participate in this study.', '']",2,1,17,1733257942,BDG-521-5152,TREE-1.2-0.0-0.0,"['6c7c7d0e-9b28-49a3-a8ae-a038288cb0a1', 'a35a2a09-0e5b-4c89-b416-0180cdf67736']","['participant', 'participant']","['dent-square', 'star-six']","['hsla(165, 54%, 40%, 1.0)', 'hsla(351, 79%, 51%, 1.0)']","[[1.0, 0.07773232028053768], [0.07773232028053768, 1.0]]","{0: '', 1: 'A', 2: 'B'}",,2,after,"[True, True]","{'max': 21, 'min': 21, 'avg': 21.0, 'root': 12}","[-10, -10]","[133, 151]",sequential,chance,chance,"[1.0, 1.0]","[0.5, 1.0]","[0.5, 1.0]","[0.5, 1.0]","[0.625, 0.0]","[0.375, 0.0]",[[0]],[[1]],[[2]],"(0, 12)","(12, 21)","(12, 21)",{},{},{},"['A', 'B']",[],[],0,0,5,1,5,2,B,,,,,,,A,,,,,"{'rtype': 'select-node', 'rtimedn': 25.024, 'rtimeup': 25.024}",,,,,,,"{'rtype': 'select-node', 'rtimedn': 12.779, 'rtimeup': 12.779}",,,,
experiment_code,eGfzR5QoOZLq,2,2,17,1733257944,BDG-167-2243,TREE-1.2-0.0-0.0,"['dc7aa794-aaf0-4594-aa67-6466cf997e02', 'ac225116-14bc-429f-b2d5-8c4643505c01']","['participant', 'participant']","['hexagon', 'circle']","['hsla(163, 93%, 42%, 1.0)', 'hsla(8, 54%, 64%, 1.0)']","[[1.0, 0.11820572764465223], [0.11820572764465223, 1.0]]","{0: '', 1: 'A', 2: 'B'}",,2,after,"[True, True]","{'max': 21, 'min': 21, 'avg': 21.0, 'root': 12}","[-10, -10]","[136, 129]",sequential,chance,chance,"[1.0, 1.0]","[0.5, 1.0]","[0.5, 1.0]","[0.5, 1.0]","[0.625, 0.0]","[0.375, 0.0]",[[0]],[[1]],[[2]],"(0, 12)","(12, 21)","(12, 21)",{},{},{},"['A', 'B']",[],[],0,0,2,2,4,3,B,,,,,,,B,,,,,"{'rtype': 'select-node', 'rtimedn': 12.842, 'rtimeup': 12.842}",,,,,,,"{'rtype': 'select-node', 'rtimedn': 23.023, 'rtimeup': 23.023}",,,,
experiment_type,pilot,2,3,17,1733257946,BDG-232-2523,TREE-1.2-0.0-0.0,"['56064979-2a1e-4fcf-921e-09debb413eaa', '4e6fbdd5-31f9-458d-8cc0-2e7ab78019e6']","['participant', 'participant']","['circle', 'moon']","['hsla(79, 92%, 65%, 1.0)', 'hsla(123, 55%, 48%, 1.0)']","[[1.0, 0.11820572764465223], [0.11820572764465223, 1.0]]","{0: '', 1: 'A', 2: 'B'}",,2,after,"[True, True]","{'max': 21, 'min': 21, 'avg': 21.0, 'root': 12}","[-10, -10]","[127, 142]",sequential,chance,chance,"[1.0, 1.0]","[0.5, 1.0]","[0.5, 1.0]","[0.5, 1.0]","[0.375, 0.0]","[0.625, 0.0]",[[0]],[[1]],[[2]],"(0, 12)","(12, 21)","(12, 21)",{},{},{},"['A', 'B']",[],[],0,0,2,5,2,3,B,,,,,,,B,,,,,"{'rtype': 'select-node', 'rtimedn': 13.054, 'rtimeup': 13.054}",,,,,,,"{'rtype': 'select-node', 'rtimedn': 12.886, 'rtimeup': 12.886}",,,,
status,open,2,4,17,1733257943,BDG-028-1214,TREE-1.2-0.0-0.0,"['af883de6-a408-47aa-88dd-be481eabbd68', '4983457d-3147-4672-b739-bdd182435dc3']","['participant', 'robot']","['stop-sign', 'ghost']","['hsla(154, 54%, 56%, 1.0)', 'hsla(332, 75%, 59%, 1.0)']","[[1.0, 0.13047925189947399], [0.13047925189947399, 1.0]]","{0: '', 1: 'A', 2: 'B'}",,2,after,"[True, False]","{'max': 21, 'min': 21, 'avg': 21.0, 'root': 12}","[-10, 0]","[135, 122]",sequential,chance,chance,"[1.0, 1.0]","[0.5, 1.0]","[0.5, 1.0]","[0.5, 1.0]","[0.375, 0.0]","[0.625, 0.0]",[[0]],[[1]],[[2]],"(0, 12)","(12, 21)","(12, 21)",{},{},{},"['A', 'B']",[],[],0,0,1,2,1,4,B,,,,,,,B,,,,,"{'rtype': 'select-node', 'rtimedn': 21.478, 'rtimeup': 21.478}",,,,,,,"{'rtype': 'd', 'rtimedn': 4.544, 'rtimeup': 5.132}",,,,
start_date,2024-12-03-14:12,2,5,17,1733257945,BDG-495-4551,TREE-1.2-0.0-0.0,"['eede0c44-416a-4587-96b5-ce08abfb5509', 'b19d3db0-5631-4177-af52-32b44b4c6ee4']","['participant', 'robot']","['flower', 'cross']","['hsla(140, 57%, 43%, 1.0)', 'hsla(73, 80%, 59%, 1.0)']","[[1.0, 0.11820572764465223], [0.11820572764465223, 1.0]]","{0: '', 1: 'A', 2: 'B'}",,1,after,"[True, False]","{'max': 21, 'min': 21, 'avg': 21.0, 'root': 12}","[-10, 0]","[124, 140]",sequential,chance,chance,"[1.0, 1.0]","[0.5, 1.0]","[0.5, 1.0]","[0.5, 1.0]","[0.625, 0.0]","[0.375, 0.0]",[[0]],[[1]],[[2]],"(0, 12)","(12, 21)","(12, 21)",{},{},{},"['A', 'B']",[],[],0,0,4,5,5,1,A,,,,,,,A,,,,,"{'rtype': 'select-node', 'rtimedn': 91.128, 'rtimeup': 91.128}",,,,,,,"{'rtype': 'a', 'rtimedn': 4.303, 'rtimeup': 4.538}",,,,
experimenter_uuid,90427df1-2b1e-4653-9e04-f86c9e4bfa2c,3,0,17,1733257953,BDG-154-2215,TREE-1.2-0.0-0.0,"['b19d3db0-5631-4177-af52-32b44b4c6ee4', '56064979-2a1e-4fcf-921e-09debb413eaa']","['robot', 'participant']","['cross', 'circle']","['hsla(73, 80%, 59%, 1.0)', 'hsla(79, 92%, 65%, 1.0)']","[[1.0, 0.08898305084745763], [0.08898305084745763, 1.0]]","{0: '', 1: 'A', 2: 'B'}",,1,after,"[False, True]","{'max': 21, 'min': 21, 'avg': 21.0, 'root': 12}","[0, -10]","[140, 127]",sequential,chance,chance,"[1.0, 1.0]","[0.5, 1.0]","[0.5, 1.0]","[0.5, 1.0]","[0.625, 0.0]","[0.375, 0.0]",[[0]],[[1]],[[2]],"(0, 12)","(12, 21)","(12, 21)",{},{},{},"['A', 'B']",[],[],0,0,2,2,1,5,A,,,,,,,B,,,,,"{'rtype': 'a', 'rtimedn': 0.93, 'rtimeup': 1.38}",,,,,,,"{'rtype': 'select-node', 'rtimedn': 13.939, 'rtimeup': 13.939}",,,,
batches,"{'completed': 102, 'batch_study': True}",3,1,17,1733257954,BDG-322-3353,TREE-1.2-0.0-0.0,"['44997a74-c08b-467a-b3c9-7492a6bde261', 'af883de6-a408-47aa-88dd-be481eabbd68']","['participant', 'participant']","['dent-square', 'stop-sign']","['hsla(114, 51%, 63%, 1.0)', 'hsla(154, 54%, 56%, 1.0)']","[[1.0, 0.09248977206312098], [0.09248977206312098, 1.0]]","{0: '', 1: 'A', 2: 'B'}",,2,after,"[True, True]","{'max': 21, 'min': 21, 'avg': 21.0, 'root': 12}","[-10, -10]","[138, 135]",sequential,chance,chance,"[1.0, 1.0]","[0.5, 1.0]","[0.5, 1.0]","[0.5, 1.0]","[0.375, 0.0]","[0.625, 0.0]",[[0]],[[1]],[[2]],"(0, 12)","(12, 21)","(12, 21)",{},{},{},"['A', 'B']",[],[],0,0,3,3,5,3,B,,,,,,,B,,,,,"{'rtype': 'select-node', 'rtimedn': 14.02, 'rtimeup': 14.02}",,,,,,,"{'rtype': 'select-node', 'rtimedn': 22.664, 'rtimeup': 22.664}",,,,
predetermined_trials,,3,2,17,1733257955,BDG-423-4254,TREE-1.2-0.0-0.0,"['6c7c7d0e-9b28-49a3-a8ae-a038288cb0a1', 'a35a2a09-0e5b-4c89-b416-0180cdf67736']","['participant', 'participant']","['dent-square', 'star-six']","['hsla(165, 54%, 40%, 1.0)', 'hsla(351, 79%, 51%, 1.0)']","[[1.0, 0.07773232028053768], [0.07773232028053768, 1.0]]","{0: '', 1: 'A', 2: 'B'}",,2,after,"[True, True]","{'max': 21, 'min': 21, 'avg': 21.0, 'root': 12}","[-10, -10]","[133, 151]",sequential,chance,chance,"[1.0, 1.0]","[0.5, 1.0]","[0.5, 1.0]","[0.5, 1.0]","[0.625, 0.0]","[0.375, 0.0]",[[0]],[[1]],[[2]],"(0, 12)","(12, 21)","(12, 21)",{},{},{},"['A', 'B']",[],[],0,0,4,2,5,4,B,,,,,,,B,,,,,"{'rtype': 'select-node', 'rtimedn': 26.261, 'rtimeup': 26.261}",,,,,,,"{'rtype': 'select-node', 'rtimedn': 13.944, 'rtimeup': 13.944}",,,,
,,3,3,17,1733257954,BDG-172-2253,TREE-1.2-0.0-0.0,"['eede0c44-416a-4587-96b5-ce08abfb5509', '4983457d-3147-4672-b739-bdd182435dc3']","['participant', 'robot']","['flower', 'ghost']","['hsla(140, 57%, 43%, 1.0)', 'hsla(332, 75%, 59%, 1.0)']","[[1.0, 0.07641729982466393], [0.07641729982466393, 1.0]]","{0: '', 1: 'A', 2: 'B'}",,1,after,"[True, False]","{'max': 21, 'min': 21, 'avg': 21.0, 'root': 12}","[-10, 0]","[124, 122]",sequential,chance,chance,"[1.0, 1.0]","[0.5, 1.0]","[0.5, 1.0]","[0.5, 1.0]","[0.375, 0.0]","[0.625, 0.0]",[[0]],[[1]],[[2]],"(0, 12)","(12, 21)","(12, 21)",{},{},{},"['A', 'B']",[],[],0,0,2,2,5,3,A,,,,,,,B,,,,,"{'rtype': 'select-node', 'rtimedn': 91.986, 'rtimeup': 91.986}",,,,,,,"{'rtype': 'd', 'rtimedn': 6.545, 'rtimeup': 6.814}",,,,
,,3,4,17,1733257955,BDG-410-4231,TREE-1.2-0.0-0.0,"['ac225116-14bc-429f-b2d5-8c4643505c01', 'dc7aa794-aaf0-4594-aa67-6466cf997e02']","['participant', 'participant']","['circle', 'hexagon']","['hsla(8, 54%, 64%, 1.0)', 'hsla(163, 93%, 42%, 1.0)']","[[1.0, 0.11820572764465223], [0.11820572764465223, 1.0]]","{0: '', 1: 'A', 2: 'B'}",,2,after,"[True, True]","{'max': 21, 'min': 21, 'avg': 21.0, 'root': 12}","[-10, -10]","[129, 136]",sequential,chance,chance,"[1.0, 1.0]","[0.5, 1.0]","[0.5, 1.0]","[0.5, 1.0]","[0.375, 0.0]","[0.625, 0.0]",[[0]],[[1]],[[2]],"(0, 12)","(12, 21)","(12, 21)",{},{},{},"['A', 'B']",[],[],0,0,4,2,3,1,B,,,,,,,A,,,,,"{'rtype': 'select-node', 'rtimedn': 24.088, 'rtimeup': 24.088}",,,,,,,"{'rtype': 'select-node', 'rtimedn': 13.857, 'rtimeup': 13.857}",,,,
,,3,5,17,1733257958,BDG-069-1345,TREE-1.2-0.0-0.0,"['bf1ced06-3c98-481a-b525-b0ff789e92c2', '4e6fbdd5-31f9-458d-8cc0-2e7ab78019e6']","['participant', 'participant']","['stop-sign', 'moon']","['hsla(77, 55%, 64%, 1.0)', 'hsla(123, 55%, 48%, 1.0)']","[[1.0, 0.08898305084745763], [0.08898305084745763, 1.0]]","{0: '', 1: 'A', 2: 'B'}",,2,after,"[True, True]","{'max': 21, 'min': 21, 'avg': 21.0, 'root': 12}","[-10, -10]","[127, 142]",sequential,chance,chance,"[1.0, 1.0]","[0.5, 1.0]","[0.5, 1.0]","[0.5, 1.0]","[0.375, 0.0]","[0.625, 0.0]",[[0]],[[1]],[[2]],"(0, 12)","(12, 21)","(12, 21)",{},{},{},"['A', 'B']",[],[],0,0,1,3,4,5,B,,,,,,,A,,,,,"{'rtype': 'select-node', 'rtimedn': 92.805, 'rtimeup': 92.805}",,,,,,,"{'rtype': 'select-node', 'rtimedn': 14.131, 'rtimeup': 14.131}",,,,
,,4,0,17,1733257970,BDG-168-2244,TREE-1.2-0.0-0.0,"['af883de6-a408-47aa-88dd-be481eabbd68', '4e6fbdd5-31f9-458d-8cc0-2e7ab78019e6']","['participant', 'participant']","['stop-sign', 'moon']","['hsla(154, 54%, 56%, 1.0)', 'hsla(123, 55%, 48%, 1.0)']","[[1.0, 0.07773232028053768], [0.07773232028053768, 1.0]]","{0: '', 1: 'A', 2: 'B'}",,2,after,"[True, True]","{'max': 21, 'min': 21, 'avg': 21.0, 'root': 12}","[-10, -10]","[135, 142]",sequential,chance,chance,"[1.0, 1.0]","[0.5, 1.0]","[0.5, 1.0]","[0.5, 1.0]","[0.375, 0.0]","[0.625, 0.0]",[[0]],[[1]],[[2]],"(0, 12)","(12, 21)","(12, 21)",{},{},{},"['A', 'B']",[],[],0,0,2,2,4,4,B,,,,,,,B,,,,,"{'rtype': 'select-node', 'rtimedn': 23.723, 'rtimeup': 23.723}",,,,,,,"{'rtype': 'select-node', 'rtimedn': 15.28, 'rtimeup': 15.28}",,,,
,,4,1,17,1733257970,BDG-505-5121,TREE-1.2-0.0-0.0,"['b19d3db0-5631-4177-af52-32b44b4c6ee4', '44997a74-c08b-467a-b3c9-7492a6bde261']","['robot', 'participant']","['cross', 'dent-square']","['hsla(73, 80%, 59%, 1.0)', 'hsla(114, 51%, 63%, 1.0)']","[[1.0, 0.13047925189947399], [0.13047925189947399, 1.0]]","{0: '', 1: 'A', 2: 'B'}",,1,after,"[False, True]","{'max': 21, 'min': 21, 'avg': 21.0, 'root': 12}","[0, -10]","[140, 138]",sequential,chance,chance,"[1.0, 1.0]","[0.5, 1.0]","[0.5, 1.0]","[0.5, 1.0]","[0.625, 0.0]","[0.375, 0.0]",[[0]],[[1]],[[2]],"(0, 12)","(12, 21)","(12, 21)",{},{},{},"['A', 'B']",[],[],0,0,5,1,2,1,A,,,,,,,A,,,,,"{'rtype': 'a', 'rtimedn': 3.869, 'rtimeup': 7.49}",,,,,,,"{'rtype': 'select-node', 'rtimedn': 15.629, 'rtimeup': 15.629}",,,,
,,4,2,17,1733257967,BDG-587-5433,TREE-1.2-0.0-0.0,"['eede0c44-416a-4587-96b5-ce08abfb5509', 'a35a2a09-0e5b-4c89-b416-0180cdf67736']","['participant', 'participant']","['flower', 'star-six']","['hsla(140, 57%, 43%, 1.0)', 'hsla(351, 79%, 51%, 1.0)']","[[1.0, 0.10520163646990063], [0.10520163646990063, 1.0]]","{0: '', 1: 'A', 2: 'B'}",,2,after,"[True, True]","{'max': 21, 'min': 21, 'avg': 21.0, 'root': 12}","[-10, -10]","[124, 151]",sequential,chance,chance,"[1.0, 1.0]","[0.5, 1.0]","[0.5, 1.0]","[0.5, 1.0]","[0.375, 0.0]","[0.625, 0.0]",[[0]],[[1]],[[2]],"(0, 12)","(12, 21)","(12, 21)",{},{},{},"['A', 'B']",[],[],0,0,5,4,3,3,B,,,,,,,A,,,,,"{'rtype': 'select-node', 'rtimedn': 93.272, 'rtimeup': 93.272}",,,,,,,"{'rtype': 'select-node', 'rtimedn': 15.131, 'rtimeup': 15.131}",,,,
,,4,3,17,1733257970,BDG-513-5134,TREE-1.2-0.0-0.0,"['4983457d-3147-4672-b739-bdd182435dc3', '56064979-2a1e-4fcf-921e-09debb413eaa']","['robot', 'participant']","['ghost', 'circle']","['hsla(332, 75%, 59%, 1.0)', 'hsla(79, 92%, 65%, 1.0)']","[[1.0, 0.11221507890122734], [0.11221507890122734, 1.0]]","{0: '', 1: 'A', 2: 'B'}",,2,after,"[False, True]","{'max': 21, 'min': 21, 'avg': 21.0, 'root': 12}","[0, -10]","[122, 127]",sequential,chance,chance,"[1.0, 1.0]","[0.5, 1.0]","[0.5, 1.0]","[0.5, 1.0]","[0.625, 0.0]","[0.375, 0.0]",[[0]],[[1]],[[2]],"(0, 12)","(12, 21)","(12, 21)",{},{},{},"['A', 'B']",[],[],0,0,5,1,3,4,B,,,,,,,B,,,,,"{'rtype': 'd', 'rtimedn': 4.126, 'rtimeup': 5.23}",,,,,,,"{'rtype': 'select-node', 'rtimedn': 15.641, 'rtimeup': 15.641}",,,,
,,4,4,17,1733257969,BDG-417-4243,TREE-1.2-0.0-0.0,"['bf1ced06-3c98-481a-b525-b0ff789e92c2', 'ac225116-14bc-429f-b2d5-8c4643505c01']","['participant', 'participant']","['stop-sign', 'circle']","['hsla(77, 55%, 64%, 1.0)', 'hsla(8, 54%, 64%, 1.0)']","[[1.0, 0.11221507890122734], [0.11221507890122734, 1.0]]","{0: '', 1: 'A', 2: 'B'}",,2,after,"[True, True]","{'max': 21, 'min': 21, 'avg': 21.0, 'root': 12}","[-10, -10]","[127, 129]",sequential,chance,chance,"[1.0, 1.0]","[0.5, 1.0]","[0.5, 1.0]","[0.5, 1.0]","[0.625, 0.0]","[0.375, 0.0]",[[0]],[[1]],[[2]],"(0, 12)","(12, 21)","(12, 21)",{},{},{},"['A', 'B']",[],[],0,0,4,2,4,3,B,,,,,,,B,,,,,"{'rtype': 'select-node', 'rtimedn': 94.027, 'rtimeup': 94.027}",,,,,,,"{'rtype': 'select-node', 'rtimedn': 25.22, 'rtimeup': 25.22}",,,,
,,4,5,17,1733257970,BDG-532-5223,TREE-1.2-0.0-0.0,"['dc7aa794-aaf0-4594-aa67-6466cf997e02', '6c7c7d0e-9b28-49a3-a8ae-a038288cb0a1']","['participant', 'participant']","['hexagon', 'dent-square']","['hsla(163, 93%, 42%, 1.0)', 'hsla(165, 54%, 40%, 1.0)']","[[1.0, 0.03112215078901227], [0.03112215078901227, 1.0]]","{0: '', 1: 'A', 2: 'B'}",,1,after,"[True, True]","{'max': 21, 'min': 21, 'avg': 21.0, 'root': 12}","[-10, -10]","[136, 133]",sequential,chance,chance,"[1.0, 1.0]","[0.5, 1.0]","[0.5, 1.0]","[0.5, 1.0]","[0.375, 0.0]","[0.625, 0.0]",[[0]],[[1]],[[2]],"(0, 12)","(12, 21)","(12, 21)",{},{},{},"['A', 'B']",[],[],0,0,5,2,2,3,A,,,,,,,A,,,,,"{'rtype': 'select-node', 'rtimedn': 15.073, 'rtimeup': 15.073}",,,,,,,"{'rtype': 'select-node', 'rtimedn': 27.787, 'rtimeup': 27.787}",,,,
,,5,0,17,1733257982,BDG-333-3424,TREE-1.2-0.0-0.0,"['eede0c44-416a-4587-96b5-ce08abfb5509', '44997a74-c08b-467a-b3c9-7492a6bde261']","['participant', 'participant']","['flower', 'dent-square']","['hsla(140, 57%, 43%, 1.0)', 'hsla(114, 51%, 63%, 1.0)']","[[1.0, 0.08898305084745763], [0.08898305084745763, 1.0]]","{0: '', 1: 'A', 2: 'B'}",,1,after,"[True, True]","{'max': 21, 'min': 21, 'avg': 21.0, 'root': 12}","[-10, -10]","[124, 138]",sequential,chance,chance,"[1.0, 1.0]","[0.5, 1.0]","[0.5, 1.0]","[0.5, 1.0]","[0.625, 0.0]","[0.375, 0.0]",[[0]],[[1]],[[2]],"(0, 12)","(12, 21)","(12, 21)",{},{},{},"['A', 'B']",[],[],0,0,3,4,2,4,A,,,,,,,A,,,,,"{'rtype': 'select-node', 'rtimedn': 94.619, 'rtimeup': 94.619}",,,,,,,"{'rtype': 'select-node', 'rtimedn': 16.903, 'rtimeup': 16.903}",,,,
,,5,1,17,1733257980,BDG-329-3415,TREE-1.2-0.0-0.0,"['56064979-2a1e-4fcf-921e-09debb413eaa', 'dc7aa794-aaf0-4594-aa67-6466cf997e02']","['participant', 'participant']","['circle', 'hexagon']","['hsla(79, 92%, 65%, 1.0)', 'hsla(163, 93%, 42%, 1.0)']","[[1.0, 0.07641729982466393], [0.07641729982466393, 1.0]]","{0: '', 1: 'A', 2: 'B'}",,1,after,"[True, True]","{'max': 21, 'min': 21, 'avg': 21.0, 'root': 12}","[-10, -10]","[127, 136]",sequential,chance,chance,"[1.0, 1.0]","[0.5, 1.0]","[0.5, 1.0]","[0.5, 1.0]","[0.375, 0.0]","[0.625, 0.0]",[[0]],[[1]],[[2]],"(0, 12)","(12, 21)","(12, 21)",{},{},{},"['A', 'B']",[],[],0,0,3,4,1,5,A,,,,,,,A,,,,,"{'rtype': 'select-node', 'rtimedn': 16.651, 'rtimeup': 16.651}",,,,,,,"{'rtype': 'select-node', 'rtimedn': 16.426, 'rtimeup': 16.426}",,,,
,,5,2,17,1733257980,BDG-542-5243,TREE-1.2-0.0-0.0,"['b19d3db0-5631-4177-af52-32b44b4c6ee4', 'bf1ced06-3c98-481a-b525-b0ff789e92c2']","['robot', 'participant']","['cross', 'stop-sign']","['hsla(73, 80%, 59%, 1.0)', 'hsla(77, 55%, 64%, 1.0)']","[[1.0, 0.14202220923436584], [0.14202220923436584, 1.0]]","{0: '', 1: 'A', 2: 'B'}",,1,after,"[False, True]","{'max': 21, 'min': 21, 'avg': 21.0, 'root': 12}","[0, -10]","[140, 127]",sequential,chance,chance,"[1.0, 1.0]","[0.5, 1.0]","[0.5, 1.0]","[0.5, 1.0]","[0.625, 0.0]","[0.375, 0.0]",[[0]],[[1]],[[2]],"(0, 12)","(12, 21)","(12, 21)",{},{},{},"['A', 'B']",[],[],0,0,5,2,4,3,A,,,,,,,B,,,,,"{'rtype': 'a', 'rtimedn': 0.541, 'rtimeup': 0.578}",,,,,,,"{'rtype': 'select-node', 'rtimedn': 95.189, 'rtimeup': 95.189}",,,,
,,5,3,17,1733257981,BDG-301-3312,TREE-1.2-0.0-0.0,"['4983457d-3147-4672-b739-bdd182435dc3', '4e6fbdd5-31f9-458d-8cc0-2e7ab78019e6']","['robot', 'participant']","['ghost', 'moon']","['hsla(332, 75%, 59%, 1.0)', 'hsla(123, 55%, 48%, 1.0)']","[[1.0, 0.03112215078901227], [0.03112215078901227, 1.0]]","{0: '', 1: 'A', 2: 'B'}",,1,after,"[False, True]","{'max': 21, 'min': 21, 'avg': 21.0, 'root': 12}","[0, -10]","[122, 142]",sequential,chance,chance,"[1.0, 1.0]","[0.5, 1.0]","[0.5, 1.0]","[0.5, 1.0]","[0.375, 0.0]","[0.625, 0.0]",[[0]],[[1]],[[2]],"(0, 12)","(12, 21)","(12, 21)",{},{},{},"['A', 'B']",[],[],0,0,3,3,1,2,A,,,,,,,A,,,,,"{'rtype': 'a', 'rtimedn': 2.344, 'rtimeup': 4.323}",,,,,,,"{'rtype': 'select-node', 'rtimedn': 16.481, 'rtimeup': 16.481}",,,,
,,5,4,17,1733257980,BDG-070-1351,TREE-1.2-0.0-0.0,"['6c7c7d0e-9b28-49a3-a8ae-a038288cb0a1', 'af883de6-a408-47aa-88dd-be481eabbd68']","['participant', 'participant']","['dent-square', 'stop-sign']","['hsla(165, 54%, 40%, 1.0)', 'hsla(154, 54%, 56%, 1.0)']","[[1.0, 0.08898305084745763], [0.08898305084745763, 1.0]]","{0: '', 1: 'A', 2: 'B'}",,2,after,"[True, True]","{'max': 21, 'min': 21, 'avg': 21.0, 'root': 12}","[-10, -10]","[133, 135]",sequential,chance,chance,"[1.0, 1.0]","[0.5, 1.0]","[0.5, 1.0]","[0.5, 1.0]","[0.375, 0.0]","[0.625, 0.0]",[[0]],[[1]],[[2]],"(0, 12)","(12, 21)","(12, 21)",{},{},{},"['A', 'B']",[],[],0,0,1,3,5,1,B,,,,,,,B,,,,,"{'rtype': 'select-node', 'rtimedn': 28.804, 'rtimeup': 28.804}",,,,,,,"{'rtype': 'select-node', 'rtimedn': 25.048, 'rtimeup': 25.048}",,,,
,,5,5,17,1733257981,BDG-251-3112,TREE-1.2-0.0-0.0,"['a35a2a09-0e5b-4c89-b416-0180cdf67736', 'ac225116-14bc-429f-b2d5-8c4643505c01']","['participant', 'participant']","['star-six', 'circle']","['hsla(351, 79%, 51%, 1.0)', 'hsla(8, 54%, 64%, 1.0)']","[[1.0, 0.08898305084745763], [0.08898305084745763, 1.0]]","{0: '', 1: 'A', 2: 'B'}",,1,after,"[True, True]","{'max': 21, 'min': 21, 'avg': 21.0, 'root': 12}","[-10, -10]","[151, 129]",sequential,chance,chance,"[1.0, 1.0]","[0.5, 1.0]","[0.5, 1.0]","[0.5, 1.0]","[0.625, 0.0]","[0.375, 0.0]",[[0]],[[1]],[[2]],"(0, 12)","(12, 21)","(12, 21)",{},{},{},"['A', 'B']",[],[],0,0,3,1,1,2,A,,,,,,,A,,,,,"{'rtype': 'select-node', 'rtimedn': 16.583, 'rtimeup': 16.583}",,,,,,,"{'rtype': 'select-node', 'rtimedn': 26.696, 'rtimeup': 26.696}",,,,
,,6,0,17,1733257994,BDG-213-2434,TREE-1.2-0.0-0.0,"['af883de6-a408-47aa-88dd-be481eabbd68', '56064979-2a1e-4fcf-921e-09debb413eaa']","['participant', 'participant']","['stop-sign', 'circle']","['hsla(154, 54%, 56%, 1.0)', 'hsla(79, 92%, 65%, 1.0)']","[[1.0, 0.10520163646990063], [0.10520163646990063, 1.0]]","{0: '', 1: 'A', 2: 'B'}",,2,after,"[True, True]","{'max': 21, 'min': 21, 'avg': 21.0, 'root': 12}","[-10, -10]","[135, 127]",sequential,chance,chance,"[1.0, 1.0]","[0.5, 1.0]","[0.5, 1.0]","[0.5, 1.0]","[0.625, 0.0]","[0.375, 0.0]",[[0]],[[1]],[[2]],"(0, 12)","(12, 21)","(12, 21)",{},{},{},"['A', 'B']",[],[],0,0,2,4,3,4,B,,,,,,,A,,,,,"{'rtype': 'select-node', 'rtimedn': 26.43, 'rtimeup': 26.43}",,,,,,,"{'rtype': 'select-node', 'rtimedn': 17.996, 'rtimeup': 17.996}",,,,
,,6,1,17,1733257993,BDG-322-3353,TREE-1.2-0.0-0.0,"['44997a74-c08b-467a-b3c9-7492a6bde261', 'a35a2a09-0e5b-4c89-b416-0180cdf67736']","['participant', 'participant']","['dent-square', 'star-six']","['hsla(114, 51%, 63%, 1.0)', 'hsla(351, 79%, 51%, 1.0)']","[[1.0, 0.11820572764465223], [0.11820572764465223, 1.0]]","{0: '', 1: 'A', 2: 'B'}",,2,after,"[True, True]","{'max': 21, 'min': 21, 'avg': 21.0, 'root': 12}","[-10, -10]","[138, 151]",sequential,chance,chance,"[1.0, 1.0]","[0.5, 1.0]","[0.5, 1.0]","[0.5, 1.0]","[0.375, 0.0]","[0.625, 0.0]",[[0]],[[1]],[[2]],"(0, 12)","(12, 21)","(12, 21)",{},{},{},"['A', 'B']",[],[],0,0,3,3,5,3,B,,,,,,,B,,,,,"{'rtype': 'select-node', 'rtimedn': 17.98, 'rtimeup': 17.98}",,,,,,,"{'rtype': 'select-node', 'rtimedn': 17.745, 'rtimeup': 17.745}",,,,
,,6,2,17,1733257993,BDG-255-3121,TREE-1.2-0.0-0.0,"['bf1ced06-3c98-481a-b525-b0ff789e92c2', 'dc7aa794-aaf0-4594-aa67-6466cf997e02']","['participant', 'participant']","['stop-sign', 'hexagon']","['hsla(77, 55%, 64%, 1.0)', 'hsla(163, 93%, 42%, 1.0)']","[[1.0, 0.13047925189947399], [0.13047925189947399, 1.0]]","{0: '', 1: 'A', 2: 'B'}",,1,after,"[True, True]","{'max': 21, 'min': 21, 'avg': 21.0, 'root': 12}","[-10, -10]","[127, 136]",sequential,chance,chance,"[1.0, 1.0]","[0.5, 1.0]","[0.5, 1.0]","[0.5, 1.0]","[0.625, 0.0]","[0.375, 0.0]",[[0]],[[1]],[[2]],"(0, 12)","(12, 21)","(12, 21)",{},{},{},"['A', 'B']",[],[],0,0,3,1,2,1,A,,,,,,,A,,,,,"{'rtype': 'select-node', 'rtimedn': 96.451, 'rtimeup': 96.451}",,,,,,,"{'rtype': 'select-node', 'rtimedn': 17.538, 'rtimeup': 17.538}",,,,
,,6,3,17,1733257994,BDG-591-5442,TREE-1.2-0.0-0.0,"['6c7c7d0e-9b28-49a3-a8ae-a038288cb0a1', '4e6fbdd5-31f9-458d-8cc0-2e7ab78019e6']","['participant', 'participant']","['dent-square', 'moon']","['hsla(165, 54%, 40%, 1.0)', 'hsla(123, 55%, 48%, 1.0)']","[[1.0, 0.14202220923436584], [0.14202220923436584, 1.0]]","{0: '', 1: 'A', 2: 'B'}",,1,after,"[True, True]","{'max': 21, 'min': 21, 'avg': 21.0, 'root': 12}","[-10, -10]","[133, 142]",sequential,chance,chance,"[1.0, 1.0]","[0.5, 1.0]","[0.5, 1.0]","[0.5, 1.0]","[0.375, 0.0]","[0.625, 0.0]",[[0]],[[1]],[[2]],"(0, 12)","(12, 21)","(12, 21)",{},{},{},"['A', 'B']",[],[],0,0,5,4,4,2,A,,,,,,,B,,,,,"{'rtype': 'select-node', 'rtimedn': 29.877, 'rtimeup': 29.877}",,,,,,,"{'rtype': 'select-node', 'rtimedn': 17.743, 'rtimeup': 17.743}",,,,
,,6,4,17,1733257994,BDG-107-1523,TREE-1.2-0.0-0.0,"['b19d3db0-5631-4177-af52-32b44b4c6ee4', 'eede0c44-416a-4587-96b5-ce08abfb5509']","['robot', 'participant']","['cross', 'flower']","['hsla(73, 80%, 59%, 1.0)', 'hsla(140, 57%, 43%, 1.0)']","[[1.0, 0.11820572764465223], [0.11820572764465223, 1.0]]","{0: '', 1: 'A', 2: 'B'}",,2,after,"[False, True]","{'max': 21, 'min': 21, 'avg': 21.0, 'root': 12}","[0, -10]","[140, 124]",sequential,chance,chance,"[1.0, 1.0]","[0.5, 1.0]","[0.5, 1.0]","[0.5, 1.0]","[0.625, 0.0]","[0.375, 0.0]",[[0]],[[1]],[[2]],"(0, 12)","(12, 21)","(12, 21)",{},{},{},"['A', 'B']",[],[],0,0,1,5,2,3,B,,,,,,,B,,,,,"{'rtype': 'd', 'rtimedn': 0.215, 'rtimeup': 0.527}",,,,,,,"{'rtype': 'select-node', 'rtimedn': 95.984, 'rtimeup': 95.984}",,,,
,,6,5,17,1733257990,BDG-313-3334,TREE-1.2-0.0-0.0,"['ac225116-14bc-429f-b2d5-8c4643505c01', '4983457d-3147-4672-b739-bdd182435dc3']","['participant', 'robot']","['circle', 'ghost']","['hsla(8, 54%, 64%, 1.0)', 'hsla(332, 75%, 59%, 1.0)']","[[1.0, 0.09248977206312098], [0.09248977206312098, 1.0]]","{0: '', 1: 'A', 2: 'B'}",,1,after,"[True, False]","{'max': 21, 'min': 21, 'avg': 21.0, 'root': 12}","[-10, 0]","[129, 122]",sequential,chance,chance,"[1.0, 1.0]","[0.5, 1.0]","[0.5, 1.0]","[0.5, 1.0]","[0.375, 0.0]","[0.625, 0.0]",[[0]],[[1]],[[2]],"(0, 12)","(12, 21)","(12, 21)",{},{},{},"['A', 'B']",[],[],0,0,3,3,3,4,A,,,,,,,B,,,,,"{'rtype': 'select-node', 'rtimedn': 27.643, 'rtimeup': 27.643}",,,,,,,"{'rtype': 'a', 'rtimedn': 4.811, 'rtimeup': 5.438}",,,,
,,7,0,17,1733258006,BDG-092-1443,TREE-1.2-0.0-0.0,"['bf1ced06-3c98-481a-b525-b0ff789e92c2', 'dc7aa794-aaf0-4594-aa67-6466cf997e02']","['participant', 'participant']","['stop-sign', 'hexagon']","['hsla(77, 55%, 64%, 1.0)', 'hsla(163, 93%, 42%, 1.0)']","[[1.0, 0.13047925189947399], [0.13047925189947399, 1.0]]","{0: '', 1: 'A', 2: 'B'}",,2,after,"[True, True]","{'max': 21, 'min': 21, 'avg': 21.0, 'root': 12}","[-10, -10]","[127, 136]",sequential,chance,chance,"[1.0, 1.0]","[0.5, 1.0]","[0.5, 1.0]","[0.5, 1.0]","[0.625, 0.0]","[0.375, 0.0]",[[0]],[[1]],[[2]],"(0, 12)","(12, 21)","(12, 21)",{},{},{},"['A', 'B']",[],[],0,0,1,4,4,3,B,,,,,,,B,,,,,"{'rtype': 'select-node', 'rtimedn': 97.775, 'rtimeup': 97.775}",,,,,,,"{'rtype': 'select-node', 'rtimedn': 18.795, 'rtimeup': 18.795}",,,,
,,7,1,17,1733258004,BDG-333-3424,TREE-1.2-0.0-0.0,"['56064979-2a1e-4fcf-921e-09debb413eaa', '4983457d-3147-4672-b739-bdd182435dc3']","['participant', 'robot']","['circle', 'ghost']","['hsla(79, 92%, 65%, 1.0)', 'hsla(332, 75%, 59%, 1.0)']","[[1.0, 0.11221507890122734], [0.11221507890122734, 1.0]]","{0: '', 1: 'A', 2: 'B'}",,1,after,"[True, False]","{'max': 21, 'min': 21, 'avg': 21.0, 'root': 12}","[-10, 0]","[127, 122]",sequential,chance,chance,"[1.0, 1.0]","[0.5, 1.0]","[0.5, 1.0]","[0.5, 1.0]","[0.625, 0.0]","[0.375, 0.0]",[[0]],[[1]],[[2]],"(0, 12)","(12, 21)","(12, 21)",{},{},{},"['A', 'B']",[],[],0,0,3,4,2,4,A,,,,,,,A,,,,,"{'rtype': 'select-node', 'rtimedn': 18.966, 'rtimeup': 18.966}",,,,,,,"{'rtype': 'a', 'rtimedn': 6.749, 'rtimeup': 6.937}",,,,
,,7,2,17,1733258006,BDG-564-5335,TREE-1.2-0.0-0.0,"['6c7c7d0e-9b28-49a3-a8ae-a038288cb0a1', 'eede0c44-416a-4587-96b5-ce08abfb5509']","['participant', 'participant']","['dent-square', 'flower']","['hsla(165, 54%, 40%, 1.0)', 'hsla(140, 57%, 43%, 1.0)']","[[1.0, 0.13047925189947399], [0.13047925189947399, 1.0]]","{0: '', 1: 'A', 2: 'B'}",,1,after,"[True, True]","{'max': 21, 'min': 21, 'avg': 21.0, 'root': 12}","[-10, -10]","[133, 124]",sequential,chance,chance,"[1.0, 1.0]","[0.5, 1.0]","[0.5, 1.0]","[0.5, 1.0]","[0.375, 0.0]","[0.625, 0.0]",[[0]],[[1]],[[2]],"(0, 12)","(12, 21)","(12, 21)",{},{},{},"['A', 'B']",[],[],0,0,5,3,3,5,A,,,,,,,B,,,,,"{'rtype': 'select-node', 'rtimedn': 31.034, 'rtimeup': 31.034}",,,,,,,"{'rtype': 'select-node', 'rtimedn': 97.196, 'rtimeup': 97.196}",,,,
,,7,3,17,1733258005,BDG-276-3212,TREE-1.2-0.0-0.0,"['4e6fbdd5-31f9-458d-8cc0-2e7ab78019e6', '44997a74-c08b-467a-b3c9-7492a6bde261']","['participant', 'participant']","['moon', 'dent-square']","['hsla(123, 55%, 48%, 1.0)', 'hsla(114, 51%, 63%, 1.0)']","[[1.0, 0.07641729982466393], [0.07641729982466393, 1.0]]","{0: '', 1: 'A', 2: 'B'}",,1,after,"[True, True]","{'max': 21, 'min': 21, 'avg': 21.0, 'root': 12}","[-10, -10]","[142, 138]",sequential,chance,chance,"[1.0, 1.0]","[0.5, 1.0]","[0.5, 1.0]","[0.5, 1.0]","[0.625, 0.0]","[0.375, 0.0]",[[0]],[[1]],[[2]],"(0, 12)","(12, 21)","(12, 21)",{},{},{},"['A', 'B']",[],[],0,0,3,2,1,2,A,,,,,,,A,,,,,"{'rtype': 'select-node', 'rtimedn': 18.876, 'rtimeup': 18.876}",,,,,,,"{'rtype': 'select-node', 'rtimedn': 18.857, 'rtimeup': 18.857}",,,,
,,7,4,17,1733258004,BDG-077-1413,TREE-1.2-0.0-0.0,"['ac225116-14bc-429f-b2d5-8c4643505c01', 'af883de6-a408-47aa-88dd-be481eabbd68']","['participant', 'participant']","['circle', 'stop-sign']","['hsla(8, 54%, 64%, 1.0)', 'hsla(154, 54%, 56%, 1.0)']","[[1.0, 0.07641729982466393], [0.07641729982466393, 1.0]]","{0: '', 1: 'A', 2: 'B'}",,1,after,"[True, True]","{'max': 21, 'min': 21, 'avg': 21.0, 'root': 12}","[-10, -10]","[129, 135]",sequential,chance,chance,"[1.0, 1.0]","[0.5, 1.0]","[0.5, 1.0]","[0.5, 1.0]","[0.625, 0.0]","[0.375, 0.0]",[[0]],[[1]],[[2]],"(0, 12)","(12, 21)","(12, 21)",{},{},{},"['A', 'B']",[],[],0,0,1,4,1,3,A,,,,,,,A,,,,,"{'rtype': 'select-node', 'rtimedn': 29.022, 'rtimeup': 29.022}",,,,,,,"{'rtype': 'select-node', 'rtimedn': 27.591, 'rtimeup': 27.591}",,,,
,,7,5,17,1733258004,BDG-345-3451,TREE-1.2-0.0-0.0,"['a35a2a09-0e5b-4c89-b416-0180cdf67736', 'b19d3db0-5631-4177-af52-32b44b4c6ee4']","['participant', 'robot']","['star-six', 'cross']","['hsla(351, 79%, 51%, 1.0)', 'hsla(73, 80%, 59%, 1.0)']","[[1.0, 0.07641729982466393], [0.07641729982466393, 1.0]]","{0: '', 1: 'A', 2: 'B'}",,2,after,"[True, False]","{'max': 21, 'min': 21, 'avg': 21.0, 'root': 12}","[-10, 0]","[151, 140]",sequential,chance,chance,"[1.0, 1.0]","[0.5, 1.0]","[0.5, 1.0]","[0.5, 1.0]","[0.625, 0.0]","[0.375, 0.0]",[[0]],[[1]],[[2]],"(0, 12)","(12, 21)","(12, 21)",{},{},{},"['A', 'B']",[],[],0,0,3,4,5,1,B,,,,,,,B,,,,,"{'rtype': 'select-node', 'rtimedn': 18.96, 'rtimeup': 18.96}",,,,,,,"{'rtype': 'd', 'rtimedn': 3.001, 'rtimeup': 3.138}",,,,
,,8,0,17,1733258015,BDG-600-5511,TREE-1.2-0.0-0.0,"['bf1ced06-3c98-481a-b525-b0ff789e92c2', '44997a74-c08b-467a-b3c9-7492a6bde261']","['participant', 'participant']","['stop-sign', 'dent-square']","['hsla(77, 55%, 64%, 1.0)', 'hsla(114, 51%, 63%, 1.0)']","[[1.0, 0.07773232028053768], [0.07773232028053768, 1.0]]","{0: '', 1: 'A', 2: 'B'}",,1,after,"[True, True]","{'max': 21, 'min': 21, 'avg': 21.0, 'root': 12}","[-10, -10]","[127, 138]",sequential,chance,chance,"[1.0, 1.0]","[0.5, 1.0]","[0.5, 1.0]","[0.5, 1.0]","[0.375, 0.0]","[0.625, 0.0]",[[0]],[[1]],[[2]],"(0, 12)","(12, 21)","(12, 21)",{},{},{},"['A', 'B']",[],[],0,0,5,5,1,1,A,,,,,,,A,,,,,"{'rtype': 'select-node', 'rtimedn': 98.616, 'rtimeup': 98.616}",,,,,,,"{'rtype': 'select-node', 'rtimedn': 20.116, 'rtimeup': 20.116}",,,,
,,8,1,17,1733258018,BDG-242-2543,TREE-1.2-0.0-0.0,"['dc7aa794-aaf0-4594-aa67-6466cf997e02', '56064979-2a1e-4fcf-921e-09debb413eaa']","['participant', 'participant']","['hexagon', 'circle']","['hsla(163, 93%, 42%, 1.0)', 'hsla(79, 92%, 65%, 1.0)']","[[1.0, 0.07641729982466393], [0.07641729982466393, 1.0]]","{0: '', 1: 'A', 2: 'B'}",,2,after,"[True, True]","{'max': 21, 'min': 21, 'avg': 21.0, 'root': 12}","[-10, -10]","[136, 127]",sequential,chance,chance,"[1.0, 1.0]","[0.5, 1.0]","[0.5, 1.0]","[0.5, 1.0]","[0.625, 0.0]","[0.375, 0.0]",[[0]],[[1]],[[2]],"(0, 12)","(12, 21)","(12, 21)",{},{},{},"['A', 'B']",[],[],0,0,2,5,4,3,B,,,,,,,A,,,,,"{'rtype': 'select-node', 'rtimedn': 20.297, 'rtimeup': 20.297}",,,,,,,"{'rtype': 'select-node', 'rtimedn': 20.172, 'rtimeup': 20.172}",,,,
,,8,2,17,1733258018,BDG-232-2523,TREE-1.2-0.0-0.0,"['4983457d-3147-4672-b739-bdd182435dc3', 'eede0c44-416a-4587-96b5-ce08abfb5509']","['robot', 'participant']","['ghost', 'flower']","['hsla(332, 75%, 59%, 1.0)', 'hsla(140, 57%, 43%, 1.0)']","[[1.0, 0.07641729982466393], [0.07641729982466393, 1.0]]","{0: '', 1: 'A', 2: 'B'}",,1,after,"[False, True]","{'max': 21, 'min': 21, 'avg': 21.0, 'root': 12}","[0, -10]","[122, 124]",sequential,chance,chance,"[1.0, 1.0]","[0.5, 1.0]","[0.5, 1.0]","[0.5, 1.0]","[0.375, 0.0]","[0.625, 0.0]",[[0]],[[1]],[[2]],"(0, 12)","(12, 21)","(12, 21)",{},{},{},"['A', 'B']",[],[],0,0,2,5,2,3,A,,,,,,,B,,,,,"{'rtype': 'a', 'rtimedn': 2.115, 'rtimeup': 2.508}",,,,,,,"{'rtype': 'select-node', 'rtimedn': 98.361, 'rtimeup': 98.361}",,,,
,,8,3,17,1733258018,BDG-586-5432,TREE-1.2-0.0-0.0,"['4e6fbdd5-31f9-458d-8cc0-2e7ab78019e6', 'ac225116-14bc-429f-b2d5-8c4643505c01']","['participant', 'participant']","['moon', 'circle']","['hsla(123, 55%, 48%, 1.0)', 'hsla(8, 54%, 64%, 1.0)']","[[1.0, 0.13047925189947399], [0.13047925189947399, 1.0]]","{0: '', 1: 'A', 2: 'B'}",,1,after,"[True, True]","{'max': 21, 'min': 21, 'avg': 21.0, 'root': 12}","[-10, -10]","[142, 129]",sequential,chance,chance,"[1.0, 1.0]","[0.5, 1.0]","[0.5, 1.0]","[0.5, 1.0]","[0.625, 0.0]","[0.375, 0.0]",[[0]],[[1]],[[2]],"(0, 12)","(12, 21)","(12, 21)",{},{},{},"['A', 'B']",[],[],0,0,5,4,3,2,A,,,,,,,A,,,,,"{'rtype': 'select-node', 'rtimedn': 20.113, 'rtimeup': 20.113}",,,,,,,"{'rtype': 'select-node', 'rtimedn': 30.068, 'rtimeup': 30.068}",,,,
,,8,4,17,1733258017,BDG-090-1441,TREE-1.2-0.0-0.0,"['af883de6-a408-47aa-88dd-be481eabbd68', 'a35a2a09-0e5b-4c89-b416-0180cdf67736']","['participant', 'participant']","['stop-sign', 'star-six']","['hsla(154, 54%, 56%, 1.0)', 'hsla(351, 79%, 51%, 1.0)']","[[1.0, 0.025131502045587374], [0.025131502045587374, 1.0]]","{0: '', 1: 'A', 2: 'B'}",,2,after,"[True, True]","{'max': 21, 'min': 21, 'avg': 21.0, 'root': 12}","[-10, -10]","[135, 151]",sequential,chance,chance,"[1.0, 1.0]","[0.5, 1.0]","[0.5, 1.0]","[0.5, 1.0]","[0.625, 0.0]","[0.375, 0.0]",[[0]],[[1]],[[2]],"(0, 12)","(12, 21)","(12, 21)",{},{},{},"['A', 'B']",[],[],0,0,1,4,4,1,B,,,,,,,B,,,,,"{'rtype': 'select-node', 'rtimedn': 28.745, 'rtimeup': 28.745}",,,,,,,"{'rtype': 'select-node', 'rtimedn': 20.298, 'rtimeup': 20.298}",,,,
,,8,5,17,1733258015,BDG-381-4122,TREE-1.2-0.0-0.0,"['b19d3db0-5631-4177-af52-32b44b4c6ee4', '6c7c7d0e-9b28-49a3-a8ae-a038288cb0a1']","['robot', 'participant']","['cross', 'dent-square']","['hsla(73, 80%, 59%, 1.0)', 'hsla(165, 54%, 40%, 1.0)']","[[1.0, 0.025131502045587374], [0.025131502045587374, 1.0]]","{0: '', 1: 'A', 2: 'B'}",,1,after,"[False, True]","{'max': 21, 'min': 21, 'avg': 21.0, 'root': 12}","[0, -10]","[140, 133]",sequential,chance,chance,"[1.0, 1.0]","[0.5, 1.0]","[0.5, 1.0]","[0.5, 1.0]","[0.375, 0.0]","[0.625, 0.0]",[[0]],[[1]],[[2]],"(0, 12)","(12, 21)","(12, 21)",{},{},{},"['A', 'B']",[],[],0,0,4,1,2,2,A,,,,,,,B,,,,,"{'rtype': 'd', 'rtimedn': 2.862, 'rtimeup': 6.725}",,,,,,,"{'rtype': 'select-node', 'rtimedn': 32.26, 'rtimeup': 32.26}",,,,
,,9,0,17,1733258027,BDG-482-4523,TREE-1.2-0.0-0.0,"['ac225116-14bc-429f-b2d5-8c4643505c01', '6c7c7d0e-9b28-49a3-a8ae-a038288cb0a1']","['participant', 'participant']","['circle', 'dent-square']","['hsla(8, 54%, 64%, 1.0)', 'hsla(165, 54%, 40%, 1.0)']","[[1.0, 0.10520163646990063], [0.10520163646990063, 1.0]]","{0: '', 1: 'A', 2: 'B'}",,1,after,"[True, True]","{'max': 21, 'min': 21, 'avg': 21.0, 'root': 12}","[-10, -10]","[129, 133]",sequential,chance,chance,"[1.0, 1.0]","[0.5, 1.0]","[0.5, 1.0]","[0.5, 1.0]","[0.625, 0.0]","[0.375, 0.0]",[[0]],[[1]],[[2]],"(0, 12)","(12, 21)","(12, 21)",{},{},{},"['A', 'B']",[],[],0,0,4,5,2,3,A,,,,,,,A,,,,,"{'rtype': 'select-node', 'rtimedn': 31.213, 'rtimeup': 31.213}",,,,,,,"{'rtype': 'select-node', 'rtimedn': 33.435, 'rtimeup': 33.435}",,,,
,,9,1,17,1733258027,BDG-422-4253,TREE-1.2-0.0-0.0,"['af883de6-a408-47aa-88dd-be481eabbd68', 'dc7aa794-aaf0-4594-aa67-6466cf997e02']","['participant', 'participant']","['stop-sign', 'hexagon']","['hsla(154, 54%, 56%, 1.0)', 'hsla(163, 93%, 42%, 1.0)']","[[1.0, 0.14202220923436584], [0.14202220923436584, 1.0]]","{0: '', 1: 'A', 2: 'B'}",,2,after,"[True, True]","{'max': 21, 'min': 21, 'avg': 21.0, 'root': 12}","[-10, -10]","[135, 136]",sequential,chance,chance,"[1.0, 1.0]","[0.5, 1.0]","[0.5, 1.0]","[0.5, 1.0]","[0.625, 0.0]","[0.375, 0.0]",[[0]],[[1]],[[2]],"(0, 12)","(12, 21)","(12, 21)",{},{},{},"['A', 'B']",[],[],0,0,4,2,5,3,B,,,,,,,B,,,,,"{'rtype': 'select-node', 'rtimedn': 29.83, 'rtimeup': 29.83}",,,,,,,"{'rtype': 'select-node', 'rtimedn': 21.146, 'rtimeup': 21.146}",,,,
,,9,2,17,1733258029,BDG-510-5131,TREE-1.2-0.0-0.0,"['44997a74-c08b-467a-b3c9-7492a6bde261', 'eede0c44-416a-4587-96b5-ce08abfb5509']","['participant', 'participant']","['dent-square', 'flower']","['hsla(114, 51%, 63%, 1.0)', 'hsla(140, 57%, 43%, 1.0)']","[[1.0, 0.08898305084745763], [0.08898305084745763, 1.0]]","{0: '', 1: 'A', 2: 'B'}",,1,after,"[True, True]","{'max': 21, 'min': 21, 'avg': 21.0, 'root': 12}","[-10, -10]","[138, 124]",sequential,chance,chance,"[1.0, 1.0]","[0.5, 1.0]","[0.5, 1.0]","[0.5, 1.0]","[0.375, 0.0]","[0.625, 0.0]",[[0]],[[1]],[[2]],"(0, 12)","(12, 21)","(12, 21)",{},{},{},"['A', 'B']",[],[],0,0,5,1,3,1,A,,,,,,,B,,,,,"{'rtype': 'select-node', 'rtimedn': 21.457, 'rtimeup': 21.457}",,,,,,,"{'rtype': 'select-node', 'rtimedn': 99.507, 'rtimeup': 99.507}",,,,
,,9,3,17,1733258026,BDG-311-3332,TREE-1.2-0.0-0.0,"['bf1ced06-3c98-481a-b525-b0ff789e92c2', 'b19d3db0-5631-4177-af52-32b44b4c6ee4']","['participant', 'robot']","['stop-sign', 'cross']","['hsla(77, 55%, 64%, 1.0)', 'hsla(73, 80%, 59%, 1.0)']","[[1.0, 0.14202220923436584], [0.14202220923436584, 1.0]]","{0: '', 1: 'A', 2: 'B'}",,1,after,"[True, False]","{'max': 21, 'min': 21, 'avg': 21.0, 'root': 12}","[-10, 0]","[127, 140]",sequential,chance,chance,"[1.0, 1.0]","[0.5, 1.0]","[0.5, 1.0]","[0.5, 1.0]","[0.625, 0.0]","[0.375, 0.0]",[[0]],[[1]],[[2]],"(0, 12)","(12, 21)","(12, 21)",{},{},{},"['A', 'B']",[],[],0,0,3,3,3,2,A,,,,,,,A,,,,,"{'rtype': 'select-node', 'rtimedn': 99.747, 'rtimeup': 99.747}",,,,,,,"{'rtype': 'a', 'rtimedn': 2.161, 'rtimeup': 3.099}",,,,
,,9,4,17,1733258029,BDG-556-5322,TREE-1.2-0.0-0.0,"['a35a2a09-0e5b-4c89-b416-0180cdf67736', '56064979-2a1e-4fcf-921e-09debb413eaa']","['participant', 'participant']","['star-six', 'circle']","['hsla(351, 79%, 51%, 1.0)', 'hsla(79, 92%, 65%, 1.0)']","[[1.0, 0.13047925189947399], [0.13047925189947399, 1.0]]","{0: '', 1: 'A', 2: 'B'}",,1,after,"[True, True]","{'max': 21, 'min': 21, 'avg': 21.0, 'root': 12}","[-10, -10]","[151, 127]",sequential,chance,chance,"[1.0, 1.0]","[0.5, 1.0]","[0.5, 1.0]","[0.5, 1.0]","[0.625, 0.0]","[0.375, 0.0]",[[0]],[[1]],[[2]],"(0, 12)","(12, 21)","(12, 21)",{},{},{},"['A', 'B']",[],[],0,0,5,3,2,2,A,,,,,,,B,,,,,"{'rtype': 'select-node', 'rtimedn': 21.332, 'rtimeup': 21.332}",,,,,,,"{'rtype': 'select-node', 'rtimedn': 21.482, 'rtimeup': 21.482}",,,,
,,9,5,17,1733258029,BDG-001-1112,TREE-1.2-0.0-0.0,"['4e6fbdd5-31f9-458d-8cc0-2e7ab78019e6', '4983457d-3147-4672-b739-bdd182435dc3']","['participant', 'robot']","['moon', 'ghost']","['hsla(123, 55%, 48%, 1.0)', 'hsla(332, 75%, 59%, 1.0)']","[[1.0, 0.03112215078901227], [0.03112215078901227, 1.0]]","{0: '', 1: 'A', 2: 'B'}",,1,after,"[True, False]","{'max': 21, 'min': 21, 'avg': 21.0, 'root': 12}","[-10, 0]","[142, 122]",sequential,chance,chance,"[1.0, 1.0]","[0.5, 1.0]","[0.5, 1.0]","[0.5, 1.0]","[0.375, 0.0]","[0.625, 0.0]",[[0]],[[1]],[[2]],"(0, 12)","(12, 21)","(12, 21)",{},{},{},"['A', 'B']",[],[],0,0,1,1,1,2,A,,,,,,,B,,,,,"{'rtype': 'select-node', 'rtimedn': 21.223, 'rtimeup': 21.223}",,,,,,,"{'rtype': 'a', 'rtimedn': 2.832, 'rtimeup': 4.183}",,,,
,,10,0,17,1733258039,BDG-290-3241,TREE-1.2-0.0-0.0,"['bf1ced06-3c98-481a-b525-b0ff789e92c2', '6c7c7d0e-9b28-49a3-a8ae-a038288cb0a1']","['participant', 'participant']","['stop-sign', 'dent-square']","['hsla(77, 55%, 64%, 1.0)', 'hsla(165, 54%, 40%, 1.0)']","[[1.0, 0.07641729982466393], [0.07641729982466393, 1.0]]","{0: '', 1: 'A', 2: 'B'}",,1,after,"[True, True]","{'max': 21, 'min': 21, 'avg': 21.0, 'root': 12}","[-10, -10]","[127, 133]",sequential,chance,chance,"[1.0, 1.0]","[0.5, 1.0]","[0.5, 1.0]","[0.5, 1.0]","[0.375, 0.0]","[0.625, 0.0]",[[0]],[[1]],[[2]],"(0, 12)","(12, 21)","(12, 21)",{},{},{},"['A', 'B']",[],[],0,0,3,2,4,1,A,,,,,,,B,,,,,"{'rtype': 'select-node', 'rtimedn': 100.92, 'rtimeup': 100.92}",,,,,,,"{'rtype': 'select-node', 'rtimedn': 34.696, 'rtimeup': 34.696}",,,,
,,10,1,17,1733258040,BDG-527-5213,TREE-1.2-0.0-0.0,"['a35a2a09-0e5b-4c89-b416-0180cdf67736', '56064979-2a1e-4fcf-921e-09debb413eaa']","['participant', 'participant']","['star-six', 'circle']","['hsla(351, 79%, 51%, 1.0)', 'hsla(79, 92%, 65%, 1.0)']","[[1.0, 0.13047925189947399], [0.13047925189947399, 1.0]]","{0: '', 1: 'A', 2: 'B'}",,1,after,"[True, True]","{'max': 21, 'min': 21, 'avg': 21.0, 'root': 12}","[-10, -10]","[151, 127]",sequential,chance,chance,"[1.0, 1.0]","[0.5, 1.0]","[0.5, 1.0]","[0.5, 1.0]","[0.625, 0.0]","[0.375, 0.0]",[[0]],[[1]],[[2]],"(0, 12)","(12, 21)","(12, 21)",{},{},{},"['A', 'B']",[],[],0,0,5,2,1,3,A,,,,,,,B,,,,,"{'rtype': 'select-node', 'rtimedn': 22.3, 'rtimeup': 22.3}",,,,,,,"{'rtype': 'select-node', 'rtimedn': 22.564, 'rtimeup': 22.564}",,,,
,,10,2,17,1733258040,BDG-594-5445,TREE-1.2-0.0-0.0,"['4e6fbdd5-31f9-458d-8cc0-2e7ab78019e6', 'ac225116-14bc-429f-b2d5-8c4643505c01']","['participant', 'participant']","['moon', 'circle']","['hsla(123, 55%, 48%, 1.0)', 'hsla(8, 54%, 64%, 1.0)']","[[1.0, 0.13047925189947399], [0.13047925189947399, 1.0]]","{0: '', 1: 'A', 2: 'B'}",,1,after,"[True, True]","{'max': 21, 'min': 21, 'avg': 21.0, 'root': 12}","[-10, -10]","[142, 129]",sequential,chance,chance,"[1.0, 1.0]","[0.5, 1.0]","[0.5, 1.0]","[0.5, 1.0]","[0.625, 0.0]","[0.375, 0.0]",[[0]],[[1]],[[2]],"(0, 12)","(12, 21)","(12, 21)",{},{},{},"['A', 'B']",[],[],0,0,5,4,4,5,A,,,,,,,B,,,,,"{'rtype': 'select-node', 'rtimedn': 22.35, 'rtimeup': 22.35}",,,,,,,"{'rtype': 'select-node', 'rtimedn': 32.506, 'rtimeup': 32.506}",,,,
,,10,3,17,1733258039,BDG-263-3134,TREE-1.2-0.0-0.0,"['b19d3db0-5631-4177-af52-32b44b4c6ee4', 'dc7aa794-aaf0-4594-aa67-6466cf997e02']","['robot', 'participant']","['cross', 'hexagon']","['hsla(73, 80%, 59%, 1.0)', 'hsla(163, 93%, 42%, 1.0)']","[[1.0, 0.09248977206312098], [0.09248977206312098, 1.0]]","{0: '', 1: 'A', 2: 'B'}",,2,after,"[False, True]","{'max': 21, 'min': 21, 'avg': 21.0, 'root': 12}","[0, -10]","[140, 136]",sequential,chance,chance,"[1.0, 1.0]","[0.5, 1.0]","[0.5, 1.0]","[0.5, 1.0]","[0.375, 0.0]","[0.625, 0.0]",[[0]],[[1]],[[2]],"(0, 12)","(12, 21)","(12, 21)",{},{},{},"['A', 'B']",[],[],0,0,3,1,3,4,B,,,,,,,B,,,,,"{'rtype': 'a', 'rtimedn': 5.226, 'rtimeup': 5.318}",,,,,,,"{'rtype': 'select-node', 'rtimedn': 22.343, 'rtimeup': 22.343}",,,,
,,10,4,17,1733258040,BDG-019-1145,TREE-1.2-0.0-0.0,"['eede0c44-416a-4587-96b5-ce08abfb5509', 'af883de6-a408-47aa-88dd-be481eabbd68']","['participant', 'participant']","['flower', 'stop-sign']","['hsla(140, 57%, 43%, 1.0)', 'hsla(154, 54%, 56%, 1.0)']","[[1.0, 0.03112215078901227], [0.03112215078901227, 1.0]]","{0: '', 1: 'A', 2: 'B'}",,1,after,"[True, True]","{'max': 21, 'min': 21, 'avg': 21.0, 'root': 12}","[-10, -10]","[124, 135]",sequential,chance,chance,"[1.0, 1.0]","[0.5, 1.0]","[0.5, 1.0]","[0.5, 1.0]","[0.375, 0.0]","[0.625, 0.0]",[[0]],[[1]],[[2]],"(0, 12)","(12, 21)","(12, 21)",{},{},{},"['A', 'B']",[],[],0,0,1,1,4,5,A,,,,,,,B,,,,,"{'rtype': 'select-node', 'rtimedn': 100.575, 'rtimeup': 100.575}",,,,,,,"{'rtype': 'select-node', 'rtimedn': 30.899, 'rtimeup': 30.899}",,,,
,,10,5,17,1733258038,BDG-194-2345,TREE-1.2-0.0-0.0,"['44997a74-c08b-467a-b3c9-7492a6bde261', '4983457d-3147-4672-b739-bdd182435dc3']","['participant', 'robot']","['dent-square', 'ghost']","['hsla(114, 51%, 63%, 1.0)', 'hsla(332, 75%, 59%, 1.0)']","[[1.0, 0.025131502045587374], [0.025131502045587374, 1.0]]","{0: '', 1: 'A', 2: 'B'}",,2,after,"[True, False]","{'max': 21, 'min': 21, 'avg': 21.0, 'root': 12}","[-10, 0]","[138, 122]",sequential,chance,chance,"[1.0, 1.0]","[0.5, 1.0]","[0.5, 1.0]","[0.5, 1.0]","[0.625, 0.0]","[0.375, 0.0]",[[0]],[[1]],[[2]],"(0, 12)","(12, 21)","(12, 21)",{},{},{},"['A', 'B']",[],[],0,0,2,3,4,5,B,,,,,,,B,,,,,"{'rtype': 'select-node', 'rtimedn': 22.455, 'rtimeup': 22.455}",,,,,,,"{'rtype': 'a', 'rtimedn': 0.319, 'rtimeup': 0.736}",,,,
,,11,0,17,1733258049,BDG-607-5523,TREE-1.2-0.0-0.0,"['44997a74-c08b-467a-b3c9-7492a6bde261', 'af883de6-a408-47aa-88dd-be481eabbd68']","['participant', 'participant']","['dent-square', 'stop-sign']","['hsla(114, 51%, 63%, 1.0)', 'hsla(154, 54%, 56%, 1.0)']","[[1.0, 0.09248977206312098], [0.09248977206312098, 1.0]]","{0: '', 1: 'A', 2: 'B'}",,1,after,"[True, True]","{'max': 21, 'min': 21, 'avg': 21.0, 'root': 12}","[-10, -10]","[138, 135]",sequential,chance,chance,"[1.0, 1.0]","[0.5, 1.0]","[0.5, 1.0]","[0.5, 1.0]","[0.375, 0.0]","[0.625, 0.0]",[[0]],[[1]],[[2]],"(0, 12)","(12, 21)","(12, 21)",{},{},{},"['A', 'B']",[],[],0,0,5,5,2,3,A,,,,,,,A,,,,,"{'rtype': 'select-node', 'rtimedn': 23.514, 'rtimeup': 23.514}",,,,,,,"{'rtype': 'select-node', 'rtimedn': 31.962, 'rtimeup': 31.962}",,,,
,,11,1,17,1733258049,BDG-386-4132,TREE-1.2-0.0-0.0,"['b19d3db0-5631-4177-af52-32b44b4c6ee4', '56064979-2a1e-4fcf-921e-09debb413eaa']","['robot', 'participant']","['cross', 'circle']","['hsla(73, 80%, 59%, 1.0)', 'hsla(79, 92%, 65%, 1.0)']","[[1.0, 0.08898305084745763], [0.08898305084745763, 1.0]]","{0: '', 1: 'A', 2: 'B'}",,1,after,"[False, True]","{'max': 21, 'min': 21, 'avg': 21.0, 'root': 12}","[0, -10]","[140, 127]",sequential,chance,chance,"[1.0, 1.0]","[0.5, 1.0]","[0.5, 1.0]","[0.5, 1.0]","[0.375, 0.0]","[0.625, 0.0]",[[0]],[[1]],[[2]],"(0, 12)","(12, 21)","(12, 21)",{},{},{},"['A', 'B']",[],[],0,0,4,1,3,2,A,,,,,,,B,,,,,"{'rtype': 'd', 'rtimedn': 3.505, 'rtimeup': 4.198}",,,,,,,"{'rtype': 'select-node', 'rtimedn': 23.486, 'rtimeup': 23.486}",,,,
,,11,2,17,1733258049,BDG-231-2522,TREE-1.2-0.0-0.0,"['a35a2a09-0e5b-4c89-b416-0180cdf67736', '6c7c7d0e-9b28-49a3-a8ae-a038288cb0a1']","['participant', 'participant']","['star-six', 'dent-square']","['hsla(351, 79%, 51%, 1.0)', 'hsla(165, 54%, 40%, 1.0)']","[[1.0, 0.07773232028053768], [0.07773232028053768, 1.0]]","{0: '', 1: 'A', 2: 'B'}",,1,after,"[True, True]","{'max': 21, 'min': 21, 'avg': 21.0, 'root': 12}","[-10, -10]","[151, 133]",sequential,chance,chance,"[1.0, 1.0]","[0.5, 1.0]","[0.5, 1.0]","[0.5, 1.0]","[0.625, 0.0]","[0.375, 0.0]",[[0]],[[1]],[[2]],"(0, 12)","(12, 21)","(12, 21)",{},{},{},"['A', 'B']",[],[],0,0,2,5,2,2,A,,,,,,,A,,,,,"{'rtype': 'select-node', 'rtimedn': 23.483, 'rtimeup': 23.483}",,,,,,,"{'rtype': 'select-node', 'rtimedn': 35.687, 'rtimeup': 35.687}",,,,
,,11,3,17,1733258051,BDG-414-4235,TREE-1.2-0.0-0.0,"['dc7aa794-aaf0-4594-aa67-6466cf997e02', 'ac225116-14bc-429f-b2d5-8c4643505c01']","['participant', 'participant']","['hexagon', 'circle']","['hsla(163, 93%, 42%, 1.0)', 'hsla(8, 54%, 64%, 1.0)']","[[1.0, 0.11820572764465223], [0.11820572764465223, 1.0]]","{0: '', 1: 'A', 2: 'B'}",,2,after,"[True, True]","{'max': 21, 'min': 21, 'avg': 21.0, 'root': 12}","[-10, -10]","[136, 129]",sequential,chance,chance,"[1.0, 1.0]","[0.5, 1.0]","[0.5, 1.0]","[0.5, 1.0]","[0.625, 0.0]","[0.375, 0.0]",[[0]],[[1]],[[2]],"(0, 12)","(12, 21)","(12, 21)",{},{},{},"['A', 'B']",[],[],0,0,4,2,3,5,B,,,,,,,B,,,,,"{'rtype': 'select-node', 'rtimedn': 23.543, 'rtimeup': 23.543}",,,,,,,"{'rtype': 'select-node', 'rtimedn': 33.708, 'rtimeup': 33.708}",,,,
,,11,4,17,1733258048,BDG-044-1245,TREE-1.2-0.0-0.0,"['bf1ced06-3c98-481a-b525-b0ff789e92c2', '4983457d-3147-4672-b739-bdd182435dc3']","['participant', 'robot']","['stop-sign', 'ghost']","['hsla(77, 55%, 64%, 1.0)', 'hsla(332, 75%, 59%, 1.0)']","[[1.0, 0.10520163646990063], [0.10520163646990063, 1.0]]","{0: '', 1: 'A', 2: 'B'}",,2,after,"[True, False]","{'max': 21, 'min': 21, 'avg': 21.0, 'root': 12}","[-10, 0]","[127, 122]",sequential,chance,chance,"[1.0, 1.0]","[0.5, 1.0]","[0.5, 1.0]","[0.5, 1.0]","[0.375, 0.0]","[0.625, 0.0]",[[0]],[[1]],[[2]],"(0, 12)","(12, 21)","(12, 21)",{},{},{},"['A', 'B']",[],[],0,0,1,2,4,5,B,,,,,,,B,,,,,"{'rtype': 'select-node', 'rtimedn': 101.982, 'rtimeup': 101.982}",,,,,,,"{'rtype': 'd', 'rtimedn': 2.291, 'rtimeup': 3.905}",,,,
,,11,5,17,1733258051,BDG-522-5153,TREE-1.2-0.0-0.0,"['4e6fbdd5-31f9-458d-8cc0-2e7ab78019e6', 'eede0c44-416a-4587-96b5-ce08abfb5509']","['participant', 'participant']","['moon', 'flower']","['hsla(123, 55%, 48%, 1.0)', 'hsla(140, 57%, 43%, 1.0)']","[[1.0, 0.11221507890122734], [0.11221507890122734, 1.0]]","{0: '', 1: 'A', 2: 'B'}",,2,after,"[True, True]","{'max': 21, 'min': 21, 'avg': 21.0, 'root': 12}","[-10, -10]","[142, 124]",sequential,chance,chance,"[1.0, 1.0]","[0.5, 1.0]","[0.5, 1.0]","[0.5, 1.0]","[0.625, 0.0]","[0.375, 0.0]",[[0]],[[1]],[[2]],"(0, 12)","(12, 21)","(12, 21)",{},{},{},"['A', 'B']",[],[],0,0,5,1,5,3,B,,,,,,,B,,,,,"{'rtype': 'select-node', 'rtimedn': 23.429, 'rtimeup': 23.429}",,,,,,,"{'rtype': 'select-node', 'rtimedn': 101.705, 'rtimeup': 101.705}",,,,
,,12,0,17,1733258060,BDG-601-5512,TREE-1.2-0.0-0.0,"['eede0c44-416a-4587-96b5-ce08abfb5509', '56064979-2a1e-4fcf-921e-09debb413eaa']","['participant', 'participant']","['flower', 'circle']","['hsla(140, 57%, 43%, 1.0)', 'hsla(79, 92%, 65%, 1.0)']","[[1.0, 0.14202220923436584], [0.14202220923436584, 1.0]]","{0: '', 1: 'A', 2: 'B'}",,1,after,"[True, True]","{'max': 21, 'min': 21, 'avg': 21.0, 'root': 12}","[-10, -10]","[124, 127]",sequential,chance,chance,"[1.0, 1.0]","[0.5, 1.0]","[0.5, 1.0]","[0.5, 1.0]","[0.375, 0.0]","[0.625, 0.0]",[[0]],[[1]],[[2]],"(0, 12)","(12, 21)","(12, 21)",{},{},{},"['A', 'B']",[],[],0,0,5,5,1,2,A,,,,,,,A,,,,,"{'rtype': 'select-node', 'rtimedn': 102.63, 'rtimeup': 102.63}",,,,,,,"{'rtype': 'select-node', 'rtimedn': 24.579, 'rtimeup': 24.579}",,,,
,,12,1,17,1733258064,BDG-292-3243,TREE-1.2-0.0-0.0,"['af883de6-a408-47aa-88dd-be481eabbd68', 'dc7aa794-aaf0-4594-aa67-6466cf997e02']","['participant', 'participant']","['stop-sign', 'hexagon']","['hsla(154, 54%, 56%, 1.0)', 'hsla(163, 93%, 42%, 1.0)']","[[1.0, 0.14202220923436584], [0.14202220923436584, 1.0]]","{0: '', 1: 'A', 2: 'B'}",,2,after,"[True, True]","{'max': 21, 'min': 21, 'avg': 21.0, 'root': 12}","[-10, -10]","[135, 136]",sequential,chance,chance,"[1.0, 1.0]","[0.5, 1.0]","[0.5, 1.0]","[0.5, 1.0]","[0.625, 0.0]","[0.375, 0.0]",[[0]],[[1]],[[2]],"(0, 12)","(12, 21)","(12, 21)",{},{},{},"['A', 'B']",[],[],0,0,3,2,4,3,B,,,,,,,B,,,,,"{'rtype': 'select-node', 'rtimedn': 33.236, 'rtimeup': 33.236}",,,,,,,"{'rtype': 'select-node', 'rtimedn': 24.927, 'rtimeup': 24.927}",,,,
,,12,2,17,1733258062,BDG-612-5533,TREE-1.2-0.0-0.0,"['4983457d-3147-4672-b739-bdd182435dc3', 'a35a2a09-0e5b-4c89-b416-0180cdf67736']","['robot', 'participant']","['ghost', 'star-six']","['hsla(332, 75%, 59%, 1.0)', 'hsla(351, 79%, 51%, 1.0)']","[[1.0, 0.14202220923436584], [0.14202220923436584, 1.0]]","{0: '', 1: 'A', 2: 'B'}",,2,after,"[False, True]","{'max': 21, 'min': 21, 'avg': 21.0, 'root': 12}","[0, -10]","[122, 151]",sequential,chance,chance,"[1.0, 1.0]","[0.5, 1.0]","[0.5, 1.0]","[0.5, 1.0]","[0.375, 0.0]","[0.625, 0.0]",[[0]],[[1]],[[2]],"(0, 12)","(12, 21)","(12, 21)",{},{},{},"['A', 'B']",[],[],0,0,5,5,3,3,B,,,,,,,A,,,,,"{'rtype': 'a', 'rtimedn': 2.024, 'rtimeup': 2.62}",,,,,,,"{'rtype': 'select-node', 'rtimedn': 24.738, 'rtimeup': 24.738}",,,,
,,12,3,17,1733258064,BDG-329-3415,TREE-1.2-0.0-0.0,"['bf1ced06-3c98-481a-b525-b0ff789e92c2', 'b19d3db0-5631-4177-af52-32b44b4c6ee4']","['participant', 'robot']","['stop-sign', 'cross']","['hsla(77, 55%, 64%, 1.0)', 'hsla(73, 80%, 59%, 1.0)']","[[1.0, 0.14202220923436584], [0.14202220923436584, 1.0]]","{0: '', 1: 'A', 2: 'B'}",,1,after,"[True, False]","{'max': 21, 'min': 21, 'avg': 21.0, 'root': 12}","[-10, 0]","[127, 140]",sequential,chance,chance,"[1.0, 1.0]","[0.5, 1.0]","[0.5, 1.0]","[0.5, 1.0]","[0.375, 0.0]","[0.625, 0.0]",[[0]],[[1]],[[2]],"(0, 12)","(12, 21)","(12, 21)",{},{},{},"['A', 'B']",[],[],0,0,3,4,1,5,A,,,,,,,A,,,,,"{'rtype': 'select-node', 'rtimedn': 103.537, 'rtimeup': 103.537}",,,,,,,"{'rtype': 'a', 'rtimedn': 4.448, 'rtimeup': 5.797}",,,,
,,12,4,17,1733258061,BDG-021-1152,TREE-1.2-0.0-0.0,"['44997a74-c08b-467a-b3c9-7492a6bde261', 'ac225116-14bc-429f-b2d5-8c4643505c01']","['participant', 'participant']","['dent-square', 'circle']","['hsla(114, 51%, 63%, 1.0)', 'hsla(8, 54%, 64%, 1.0)']","[[1.0, 0.14202220923436584], [0.14202220923436584, 1.0]]","{0: '', 1: 'A', 2: 'B'}",,2,after,"[True, True]","{'max': 21, 'min': 21, 'avg': 21.0, 'root': 12}","[-10, -10]","[138, 129]",sequential,chance,chance,"[1.0, 1.0]","[0.5, 1.0]","[0.5, 1.0]","[0.5, 1.0]","[0.625, 0.0]","[0.375, 0.0]",[[0]],[[1]],[[2]],"(0, 12)","(12, 21)","(12, 21)",{},{},{},"['A', 'B']",[],[],0,0,1,1,5,2,B,,,,,,,B,,,,,"{'rtype': 'select-node', 'rtimedn': 24.544, 'rtimeup': 24.544}",,,,,,,"{'rtype': 'select-node', 'rtimedn': 34.731, 'rtimeup': 34.731}",,,,
,,12,5,17,1733258064,BDG-444-4345,TREE-1.2-0.0-0.0,"['4e6fbdd5-31f9-458d-8cc0-2e7ab78019e6', '6c7c7d0e-9b28-49a3-a8ae-a038288cb0a1']","['participant', 'participant']","['moon', 'dent-square']","['hsla(123, 55%, 48%, 1.0)', 'hsla(165, 54%, 40%, 1.0)']","[[1.0, 0.14202220923436584], [0.14202220923436584, 1.0]]","{0: '', 1: 'A', 2: 'B'}",,1,after,"[True, True]","{'max': 21, 'min': 21, 'avg': 21.0, 'root': 12}","[-10, -10]","[142, 133]",sequential,chance,chance,"[1.0, 1.0]","[0.5, 1.0]","[0.5, 1.0]","[0.5, 1.0]","[0.625, 0.0]","[0.375, 0.0]",[[0]],[[1]],[[2]],"(0, 12)","(12, 21)","(12, 21)",{},{},{},"['A', 'B']",[],[],0,0,4,3,4,5,A,,,,,,,B,,,,,"{'rtype': 'select-node', 'rtimedn': 24.763, 'rtimeup': 24.763}",,,,,,,"{'rtype': 'select-node', 'rtimedn': 36.816, 'rtimeup': 36.816}",,,,
,,13,0,17,1733258076,BDG-394-4145,TREE-1.2-0.0-0.0,"['eede0c44-416a-4587-96b5-ce08abfb5509', 'dc7aa794-aaf0-4594-aa67-6466cf997e02']","['participant', 'participant']","['flower', 'hexagon']","['hsla(140, 57%, 43%, 1.0)', 'hsla(163, 93%, 42%, 1.0)']","[[1.0, 0.07773232028053768], [0.07773232028053768, 1.0]]","{0: '', 1: 'A', 2: 'B'}",,2,after,"[True, True]","{'max': 21, 'min': 21, 'avg': 21.0, 'root': 12}","[-10, -10]","[124, 136]",sequential,chance,chance,"[1.0, 1.0]","[0.5, 1.0]","[0.5, 1.0]","[0.5, 1.0]","[0.625, 0.0]","[0.375, 0.0]",[[0]],[[1]],[[2]],"(0, 12)","(12, 21)","(12, 21)",{},{},{},"['A', 'B']",[],[],0,0,4,1,4,5,B,,,,,,,B,,,,,"{'rtype': 'select-node', 'rtimedn': 104.203, 'rtimeup': 104.203}",,,,,,,"{'rtype': 'select-node', 'rtimedn': 25.776, 'rtimeup': 25.776}",,,,
,,13,1,17,1733258075,BDG-196-2352,TREE-1.2-0.0-0.0,"['6c7c7d0e-9b28-49a3-a8ae-a038288cb0a1', '56064979-2a1e-4fcf-921e-09debb413eaa']","['participant', 'participant']","['dent-square', 'circle']","['hsla(165, 54%, 40%, 1.0)', 'hsla(79, 92%, 65%, 1.0)']","[[1.0, 0.09248977206312098], [0.09248977206312098, 1.0]]","{0: '', 1: 'A', 2: 'B'}",,2,after,"[True, True]","{'max': 21, 'min': 21, 'avg': 21.0, 'root': 12}","[-10, -10]","[133, 127]",sequential,chance,chance,"[1.0, 1.0]","[0.5, 1.0]","[0.5, 1.0]","[0.5, 1.0]","[0.375, 0.0]","[0.625, 0.0]",[[0]],[[1]],[[2]],"(0, 12)","(12, 21)","(12, 21)",{},{},{},"['A', 'B']",[],[],0,0,2,3,5,2,B,,,,,,,A,,,,,"{'rtype': 'select-node', 'rtimedn': 38.052, 'rtimeup': 38.052}",,,,,,,"{'rtype': 'select-node', 'rtimedn': 26.142, 'rtimeup': 26.142}",,,,
,,13,2,17,1733258073,BDG-553-5314,TREE-1.2-0.0-0.0,"['a35a2a09-0e5b-4c89-b416-0180cdf67736', 'ac225116-14bc-429f-b2d5-8c4643505c01']","['participant', 'participant']","['star-six', 'circle']","['hsla(351, 79%, 51%, 1.0)', 'hsla(8, 54%, 64%, 1.0)']","[[1.0, 0.08898305084745763], [0.08898305084745763, 1.0]]","{0: '', 1: 'A', 2: 'B'}",,1,after,"[True, True]","{'max': 21, 'min': 21, 'avg': 21.0, 'root': 12}","[-10, -10]","[151, 129]",sequential,chance,chance,"[1.0, 1.0]","[0.5, 1.0]","[0.5, 1.0]","[0.5, 1.0]","[0.375, 0.0]","[0.625, 0.0]",[[0]],[[1]],[[2]],"(0, 12)","(12, 21)","(12, 21)",{},{},{},"['A', 'B']",[],[],0,0,5,3,1,4,A,,,,,,,A,,,,,"{'rtype': 'select-node', 'rtimedn': 25.787, 'rtimeup': 25.787}",,,,,,,"{'rtype': 'select-node', 'rtimedn': 35.861, 'rtimeup': 35.861}",,,,
,,13,3,17,1733258076,BDG-496-4552,TREE-1.2-0.0-0.0,"['4e6fbdd5-31f9-458d-8cc0-2e7ab78019e6', 'bf1ced06-3c98-481a-b525-b0ff789e92c2']","['participant', 'participant']","['moon', 'stop-sign']","['hsla(123, 55%, 48%, 1.0)', 'hsla(77, 55%, 64%, 1.0)']","[[1.0, 0.08898305084745763], [0.08898305084745763, 1.0]]","{0: '', 1: 'A', 2: 'B'}",,2,after,"[True, True]","{'max': 21, 'min': 21, 'avg': 21.0, 'root': 12}","[-10, -10]","[142, 127]",sequential,chance,chance,"[1.0, 1.0]","[0.5, 1.0]","[0.5, 1.0]","[0.5, 1.0]","[0.625, 0.0]","[0.375, 0.0]",[[0]],[[1]],[[2]],"(0, 12)","(12, 21)","(12, 21)",{},{},{},"['A', 'B']",[],[],0,0,4,5,5,2,B,,,,,,,B,,,,,"{'rtype': 'select-node', 'rtimedn': 25.916, 'rtimeup': 25.916}",,,,,,,"{'rtype': 'select-node', 'rtimedn': 104.524, 'rtimeup': 104.524}",,,,
,,13,4,17,1733258072,BDG-014-1135,TREE-1.2-0.0-0.0,"['b19d3db0-5631-4177-af52-32b44b4c6ee4', 'af883de6-a408-47aa-88dd-be481eabbd68']","['robot', 'participant']","['cross', 'stop-sign']","['hsla(73, 80%, 59%, 1.0)', 'hsla(154, 54%, 56%, 1.0)']","[[1.0, 0.11221507890122734], [0.11221507890122734, 1.0]]","{0: '', 1: 'A', 2: 'B'}",,2,after,"[False, True]","{'max': 21, 'min': 21, 'avg': 21.0, 'root': 12}","[0, -10]","[140, 135]",sequential,chance,chance,"[1.0, 1.0]","[0.5, 1.0]","[0.5, 1.0]","[0.5, 1.0]","[0.625, 0.0]","[0.375, 0.0]",[[0]],[[1]],[[2]],"(0, 12)","(12, 21)","(12, 21)",{},{},{},"['A', 'B']",[],[],0,0,1,1,3,5,B,,,,,,,B,,,,,"{'rtype': 'd', 'rtimedn': 3.432, 'rtimeup': 4.327}",,,,,,,"{'rtype': 'select-node', 'rtimedn': 34.424, 'rtimeup': 34.424}",,,,
,,13,5,17,1733258073,BDG-287-3233,TREE-1.2-0.0-0.0,"['44997a74-c08b-467a-b3c9-7492a6bde261', '4983457d-3147-4672-b739-bdd182435dc3']","['participant', 'robot']","['dent-square', 'ghost']","['hsla(114, 51%, 63%, 1.0)', 'hsla(332, 75%, 59%, 1.0)']","[[1.0, 0.025131502045587374], [0.025131502045587374, 1.0]]","{0: '', 1: 'A', 2: 'B'}",,2,after,"[True, False]","{'max': 21, 'min': 21, 'avg': 21.0, 'root': 12}","[-10, 0]","[138, 122]",sequential,chance,chance,"[1.0, 1.0]","[0.5, 1.0]","[0.5, 1.0]","[0.5, 1.0]","[0.375, 0.0]","[0.625, 0.0]",[[0]],[[1]],[[2]],"(0, 12)","(12, 21)","(12, 21)",{},{},{},"['A', 'B']",[],[],0,0,3,2,3,3,B,,,,,,,B,,,,,"{'rtype': 'select-node', 'rtimedn': 25.985, 'rtimeup': 25.985}",,,,,,,"{'rtype': 'd', 'rtimedn': 4.864, 'rtimeup': 5.368}",,,,
,,14,0,17,1733258086,BDG-146-2152,TREE-1.2-0.0-0.0,"['a35a2a09-0e5b-4c89-b416-0180cdf67736', 'ac225116-14bc-429f-b2d5-8c4643505c01']","['participant', 'participant']","['star-six', 'circle']","['hsla(351, 79%, 51%, 1.0)', 'hsla(8, 54%, 64%, 1.0)']","[[1.0, 0.08898305084745763], [0.08898305084745763, 1.0]]","{0: '', 1: 'A', 2: 'B'}",,2,after,"[True, True]","{'max': 21, 'min': 21, 'avg': 21.0, 'root': 12}","[-10, -10]","[151, 129]",sequential,chance,chance,"[1.0, 1.0]","[0.5, 1.0]","[0.5, 1.0]","[0.5, 1.0]","[0.625, 0.0]","[0.375, 0.0]",[[0]],[[1]],[[2]],"(0, 12)","(12, 21)","(12, 21)",{},{},{},"['A', 'B']",[],[],0,0,2,1,5,2,B,,,,,,,B,,,,,"{'rtype': 'select-node', 'rtimedn': 27.097, 'rtimeup': 27.097}",,,,,,,"{'rtype': 'select-node', 'rtimedn': 37.243, 'rtimeup': 37.243}",,,,
,,14,1,17,1733258088,BDG-194-2345,TREE-1.2-0.0-0.0,"['dc7aa794-aaf0-4594-aa67-6466cf997e02', 'af883de6-a408-47aa-88dd-be481eabbd68']","['participant', 'participant']","['hexagon', 'stop-sign']","['hsla(163, 93%, 42%, 1.0)', 'hsla(154, 54%, 56%, 1.0)']","[[1.0, 0.14202220923436584], [0.14202220923436584, 1.0]]","{0: '', 1: 'A', 2: 'B'}",,2,after,"[True, True]","{'max': 21, 'min': 21, 'avg': 21.0, 'root': 12}","[-10, -10]","[136, 135]",sequential,chance,chance,"[1.0, 1.0]","[0.5, 1.0]","[0.5, 1.0]","[0.5, 1.0]","[0.625, 0.0]","[0.375, 0.0]",[[0]],[[1]],[[2]],"(0, 12)","(12, 21)","(12, 21)",{},{},{},"['A', 'B']",[],[],0,0,2,3,4,5,B,,,,,,,B,,,,,"{'rtype': 'select-node', 'rtimedn': 27.235, 'rtimeup': 27.235}",,,,,,,"{'rtype': 'select-node', 'rtimedn': 35.844, 'rtimeup': 35.844}",,,,
,,14,2,17,1733258086,BDG-549-5255,TREE-1.2-0.0-0.0,"['bf1ced06-3c98-481a-b525-b0ff789e92c2', '4e6fbdd5-31f9-458d-8cc0-2e7ab78019e6']","['participant', 'participant']","['stop-sign', 'moon']","['hsla(77, 55%, 64%, 1.0)', 'hsla(123, 55%, 48%, 1.0)']","[[1.0, 0.08898305084745763], [0.08898305084745763, 1.0]]","{0: '', 1: 'A', 2: 'B'}",,2,after,"[True, True]","{'max': 21, 'min': 21, 'avg': 21.0, 'root': 12}","[-10, -10]","[127, 142]",sequential,chance,chance,"[1.0, 1.0]","[0.5, 1.0]","[0.5, 1.0]","[0.5, 1.0]","[0.375, 0.0]","[0.625, 0.0]",[[0]],[[1]],[[2]],"(0, 12)","(12, 21)","(12, 21)",{},{},{},"['A', 'B']",[],[],0,0,5,2,5,5,B,,,,,,,B,,,,,"{'rtype': 'select-node', 'rtimedn': 105.709, 'rtimeup': 105.709}",,,,,,,"{'rtype': 'select-node', 'rtimedn': 26.898, 'rtimeup': 26.898}",,,,
,,14,3,17,1733258085,BDG-259-3125,TREE-1.2-0.0-0.0,"['56064979-2a1e-4fcf-921e-09debb413eaa', 'b19d3db0-5631-4177-af52-32b44b4c6ee4']","['participant', 'robot']","['circle', 'cross']","['hsla(79, 92%, 65%, 1.0)', 'hsla(73, 80%, 59%, 1.0)']","[[1.0, 0.08898305084745763], [0.08898305084745763, 1.0]]","{0: '', 1: 'A', 2: 'B'}",,1,after,"[True, False]","{'max': 21, 'min': 21, 'avg': 21.0, 'root': 12}","[-10, 0]","[127, 140]",sequential,chance,chance,"[1.0, 1.0]","[0.5, 1.0]","[0.5, 1.0]","[0.5, 1.0]","[0.625, 0.0]","[0.375, 0.0]",[[0]],[[1]],[[2]],"(0, 12)","(12, 21)","(12, 21)",{},{},{},"['A', 'B']",[],[],0,0,3,1,2,5,A,,,,,,,A,,,,,"{'rtype': 'select-node', 'rtimedn': 27.153, 'rtimeup': 27.153}",,,,,,,"{'rtype': 'a', 'rtimedn': 0.839, 'rtimeup': 2.003}",,,,
,,14,4,17,1733258085,BDG-328-3414,TREE-1.2-0.0-0.0,"['4983457d-3147-4672-b739-bdd182435dc3', '6c7c7d0e-9b28-49a3-a8ae-a038288cb0a1']","['robot', 'participant']","['ghost', 'dent-square']","['hsla(332, 75%, 59%, 1.0)', 'hsla(165, 54%, 40%, 1.0)']","[[1.0, 0.11820572764465223], [0.11820572764465223, 1.0]]","{0: '', 1: 'A', 2: 'B'}",,2,after,"[True, True]","{'max': 21, 'min': 21, 'avg': 21.0, 'root': 12}","[-10, -10]","[122, 133]",sequential,chance,chance,"[1.0, 1.0]","[0.5, 1.0]","[0.5, 1.0]","[0.5, 1.0]","[0.375, 0.0]","[0.625, 0.0]",[[0]],[[1]],[[2]],"(0, 12)","(12, 21)","(12, 21)",{},{},{},"['A', 'B']",[],[],0,0,3,4,1,4,B,,,,,,,A,,,,,"{'rtype': 'a', 'rtimedn': 11.186, 'rtimeup': 13.04}",,,,,,,"{'rtype': 'select-node', 'rtimedn': 39.311, 'rtimeup': 39.311}",,,,
,,14,5,17,1733258084,BDG-600-5511,TREE-1.2-0.0-0.0,"['44997a74-c08b-467a-b3c9-7492a6bde261', 'eede0c44-416a-4587-96b5-ce08abfb5509']","['participant', 'participant']","['dent-square', 'flower']","['hsla(114, 51%, 63%, 1.0)', 'hsla(140, 57%, 43%, 1.0)']","[[1.0, 0.08898305084745763], [0.08898305084745763, 1.0]]","{0: '', 1: 'A', 2: 'B'}",,2,after,"[True, True]","{'max': 21, 'min': 21, 'avg': 21.0, 'root': 12}","[-10, -10]","[138, 124]",sequential,chance,chance,"[1.0, 1.0]","[0.5, 1.0]","[0.5, 1.0]","[0.5, 1.0]","[0.375, 0.0]","[0.625, 0.0]",[[0]],[[1]],[[2]],"(0, 12)","(12, 21)","(12, 21)",{},{},{},"['A', 'B']",[],[],0,0,5,5,1,1,B,,,,,,,A,,,,,"{'rtype': 'select-node', 'rtimedn': 27.046, 'rtimeup': 27.046}",,,,,,,"{'rtype': 'select-node', 'rtimedn': 105.007, 'rtimeup': 105.007}",,,,
,,15,0,17,1733258090,BDG-516-5142,TREE-1.2-0.0-0.0,"['b19d3db0-5631-4177-af52-32b44b4c6ee4', '4983457d-3147-4672-b739-bdd182435dc3']","['robot', 'robot']","['cross', 'ghost']","['hsla(73, 80%, 59%, 1.0)', 'hsla(332, 75%, 59%, 1.0)']","[[1.0, 0.07773232028053768], [0.07773232028053768, 1.0]]","{0: '', 1: 'A', 2: 'B'}",,1,after,"[False, False]","{'max': 21, 'min': 21, 'avg': 21.0, 'root': 12}","[0, 0]","[140, 122]",sequential,chance,chance,"[1.0, 1.0]","[0.5, 1.0]","[0.5, 1.0]","[0.5, 1.0]","[0.625, 0.0]","[0.375, 0.0]",[[0]],[[1]],[[2]],"(0, 12)","(12, 21)","(12, 21)",{},{},{},"['A', 'B']",[],[],0,0,5,1,4,2,A,,,,,,,A,,,,,"{'rtype': 'a', 'rtimedn': 1.823, 'rtimeup': 3.35}",,,,,,,"{'rtype': 'a', 'rtimedn': 0.104, 'rtimeup': 0.531}",,,,
,,15,1,17,1733258101,BDG-089-1435,TREE-1.2-0.0-0.0,"['eede0c44-416a-4587-96b5-ce08abfb5509', 'a35a2a09-0e5b-4c89-b416-0180cdf67736']","['participant', 'participant']","['flower', 'star-six']","['hsla(140, 57%, 43%, 1.0)', 'hsla(351, 79%, 51%, 1.0)']","[[1.0, 0.10520163646990063], [0.10520163646990063, 1.0]]","{0: '', 1: 'A', 2: 'B'}",,2,after,"[True, True]","{'max': 21, 'min': 21, 'avg': 21.0, 'root': 12}","[-10, -10]","[124, 151]",sequential,chance,chance,"[1.0, 1.0]","[0.5, 1.0]","[0.5, 1.0]","[0.5, 1.0]","[0.625, 0.0]","[0.375, 0.0]",[[0]],[[1]],[[2]],"(0, 12)","(12, 21)","(12, 21)",{},{},{},"['A', 'B']",[],[],0,0,1,4,3,5,B,,,,,,,B,,,,,"{'rtype': 'select-node', 'rtimedn': 106.678, 'rtimeup': 106.678}",,,,,,,"{'rtype': 'select-node', 'rtimedn': 28.181, 'rtimeup': 28.181}",,,,
,,15,2,17,1733258101,BDG-227-2513,TREE-1.2-0.0-0.0,"['bf1ced06-3c98-481a-b525-b0ff789e92c2', '44997a74-c08b-467a-b3c9-7492a6bde261']","['participant', 'participant']","['stop-sign', 'dent-square']","['hsla(77, 55%, 64%, 1.0)', 'hsla(114, 51%, 63%, 1.0)']","[[1.0, 0.07773232028053768], [0.07773232028053768, 1.0]]","{0: '', 1: 'A', 2: 'B'}",,1,after,"[True, True]","{'max': 21, 'min': 21, 'avg': 21.0, 'root': 12}","[-10, -10]","[127, 138]",sequential,chance,chance,"[1.0, 1.0]","[0.5, 1.0]","[0.5, 1.0]","[0.5, 1.0]","[0.625, 0.0]","[0.375, 0.0]",[[0]],[[1]],[[2]],"(0, 12)","(12, 21)","(12, 21)",{},{},{},"['A', 'B']",[],[],0,0,2,5,1,3,A,,,,,,,A,,,,,"{'rtype': 'select-node', 'rtimedn': 107.295, 'rtimeup': 107.295}",,,,,,,"{'rtype': 'select-node', 'rtimedn': 28.311, 'rtimeup': 28.311}",,,,
,,15,3,17,1733258097,BDG-225-2511,TREE-1.2-0.0-0.0,"['ac225116-14bc-429f-b2d5-8c4643505c01', 'dc7aa794-aaf0-4594-aa67-6466cf997e02']","['participant', 'participant']","['circle', 'hexagon']","['hsla(8, 54%, 64%, 1.0)', 'hsla(163, 93%, 42%, 1.0)']","[[1.0, 0.11820572764465223], [0.11820572764465223, 1.0]]","{0: '', 1: 'A', 2: 'B'}",,2,after,"[True, True]","{'max': 21, 'min': 21, 'avg': 21.0, 'root': 12}","[-10, -10]","[129, 136]",sequential,chance,chance,"[1.0, 1.0]","[0.5, 1.0]","[0.5, 1.0]","[0.5, 1.0]","[0.375, 0.0]","[0.625, 0.0]",[[0]],[[1]],[[2]],"(0, 12)","(12, 21)","(12, 21)",{},{},{},"['A', 'B']",[],[],0,0,2,5,1,1,B,,,,,,,A,,,,,"{'rtype': 'select-node', 'rtimedn': 38.201, 'rtimeup': 38.201}",,,,,,,"{'rtype': 'select-node', 'rtimedn': 28.186, 'rtimeup': 28.186}",,,,
,,15,4,17,1733258100,BDG-340-3441,TREE-1.2-0.0-0.0,"['4e6fbdd5-31f9-458d-8cc0-2e7ab78019e6', 'af883de6-a408-47aa-88dd-be481eabbd68']","['participant', 'participant']","['moon', 'stop-sign']","['hsla(123, 55%, 48%, 1.0)', 'hsla(154, 54%, 56%, 1.0)']","[[1.0, 0.07773232028053768], [0.07773232028053768, 1.0]]","{0: '', 1: 'A', 2: 'B'}",,2,after,"[True, True]","{'max': 21, 'min': 21, 'avg': 21.0, 'root': 12}","[-10, -10]","[142, 135]",sequential,chance,chance,"[1.0, 1.0]","[0.5, 1.0]","[0.5, 1.0]","[0.5, 1.0]","[0.625, 0.0]","[0.375, 0.0]",[[0]],[[1]],[[2]],"(0, 12)","(12, 21)","(12, 21)",{},{},{},"['A', 'B']",[],[],0,0,3,4,4,1,B,,,,,,,A,,,,,"{'rtype': 'select-node', 'rtimedn': 28.339, 'rtimeup': 28.339}",,,,,,,"{'rtype': 'select-node', 'rtimedn': 36.775, 'rtimeup': 36.775}",,,,
,,15,5,17,1733258097,BDG-621-5552,TREE-1.2-0.0-0.0,"['6c7c7d0e-9b28-49a3-a8ae-a038288cb0a1', '56064979-2a1e-4fcf-921e-09debb413eaa']","['participant', 'participant']","['dent-square', 'circle']","['hsla(165, 54%, 40%, 1.0)', 'hsla(79, 92%, 65%, 1.0)']","[[1.0, 0.09248977206312098], [0.09248977206312098, 1.0]]","{0: '', 1: 'A', 2: 'B'}",,1,after,"[True, True]","{'max': 21, 'min': 21, 'avg': 21.0, 'root': 12}","[-10, -10]","[133, 127]",sequential,chance,chance,"[1.0, 1.0]","[0.5, 1.0]","[0.5, 1.0]","[0.5, 1.0]","[0.625, 0.0]","[0.375, 0.0]",[[0]],[[1]],[[2]],"(0, 12)","(12, 21)","(12, 21)",{},{},{},"['A', 'B']",[],[],0,0,5,5,5,2,A,,,,,,,A,,,,,"{'rtype': 'select-node', 'rtimedn': 40.296, 'rtimeup': 40.296}",,,,,,,"{'rtype': 'select-node', 'rtimedn': 28.315, 'rtimeup': 28.315}",,,,
,,16,0,17,1733258112,BDG-199-2355,TREE-1.2-0.0-0.0,"['af883de6-a408-47aa-88dd-be481eabbd68', '4e6fbdd5-31f9-458d-8cc0-2e7ab78019e6']","['participant', 'participant']","['stop-sign', 'moon']","['hsla(154, 54%, 56%, 1.0)', 'hsla(123, 55%, 48%, 1.0)']","[[1.0, 0.07773232028053768], [0.07773232028053768, 1.0]]","{0: '', 1: 'A', 2: 'B'}",,2,after,"[True, True]","{'max': 21, 'min': 21, 'avg': 21.0, 'root': 12}","[-10, -10]","[135, 142]",sequential,chance,chance,"[1.0, 1.0]","[0.5, 1.0]","[0.5, 1.0]","[0.5, 1.0]","[0.625, 0.0]","[0.375, 0.0]",[[0]],[[1]],[[2]],"(0, 12)","(12, 21)","(12, 21)",{},{},{},"['A', 'B']",[],[],0,0,2,3,5,5,B,,,,,,,B,,,,,"{'rtype': 'select-node', 'rtimedn': 38.394, 'rtimeup': 38.394}",,,,,,,"{'rtype': 'select-node', 'rtimedn': 29.539, 'rtimeup': 29.539}",,,,
,,16,1,17,1733258113,BDG-434-4325,TREE-1.2-0.0-0.0,"['b19d3db0-5631-4177-af52-32b44b4c6ee4', 'eede0c44-416a-4587-96b5-ce08abfb5509']","['robot', 'participant']","['cross', 'flower']","['hsla(73, 80%, 59%, 1.0)', 'hsla(140, 57%, 43%, 1.0)']","[[1.0, 0.11820572764465223], [0.11820572764465223, 1.0]]","{0: '', 1: 'A', 2: 'B'}",,1,after,"[False, True]","{'max': 21, 'min': 21, 'avg': 21.0, 'root': 12}","[0, -10]","[140, 124]",sequential,chance,chance,"[1.0, 1.0]","[0.5, 1.0]","[0.5, 1.0]","[0.5, 1.0]","[0.375, 0.0]","[0.625, 0.0]",[[0]],[[1]],[[2]],"(0, 12)","(12, 21)","(12, 21)",{},{},{},"['A', 'B']",[],[],0,0,4,3,2,5,A,,,,,,,A,,,,,"{'rtype': 'a', 'rtimedn': 5.069, 'rtimeup': 6.771}",,,,,,,"{'rtype': 'select-node', 'rtimedn': 107.85, 'rtimeup': 107.85}",,,,
,,16,2,17,1733258111,BDG-239-2535,TREE-1.2-0.0-0.0,"['44997a74-c08b-467a-b3c9-7492a6bde261', '4983457d-3147-4672-b739-bdd182435dc3']","['participant', 'robot']","['dent-square', 'ghost']","['hsla(114, 51%, 63%, 1.0)', 'hsla(332, 75%, 59%, 1.0)']","[[1.0, 0.025131502045587374], [0.025131502045587374, 1.0]]","{0: '', 1: 'A', 2: 'B'}",,2,after,"[True, False]","{'max': 21, 'min': 21, 'avg': 21.0, 'root': 12}","[-10, 0]","[138, 122]",sequential,chance,chance,"[1.0, 1.0]","[0.5, 1.0]","[0.5, 1.0]","[0.5, 1.0]","[0.625, 0.0]","[0.375, 0.0]",[[0]],[[1]],[[2]],"(0, 12)","(12, 21)","(12, 21)",{},{},{},"['A', 'B']",[],[],0,0,2,5,3,5,B,,,,,,,B,,,,,"{'rtype': 'select-node', 'rtimedn': 29.774, 'rtimeup': 29.774}",,,,,,,"{'rtype': 'd', 'rtimedn': 2.782, 'rtimeup': 3.67}",,,,
,,16,3,17,1733258112,BDG-538-5234,TREE-1.2-0.0-0.0,"['6c7c7d0e-9b28-49a3-a8ae-a038288cb0a1', 'bf1ced06-3c98-481a-b525-b0ff789e92c2']","['participant', 'participant']","['dent-square', 'stop-sign']","['hsla(165, 54%, 40%, 1.0)', 'hsla(77, 55%, 64%, 1.0)']","[[1.0, 0.07641729982466393], [0.07641729982466393, 1.0]]","{0: '', 1: 'A', 2: 'B'}",,1,after,"[True, True]","{'max': 21, 'min': 21, 'avg': 21.0, 'root': 12}","[-10, -10]","[133, 127]",sequential,chance,chance,"[1.0, 1.0]","[0.5, 1.0]","[0.5, 1.0]","[0.5, 1.0]","[0.375, 0.0]","[0.625, 0.0]",[[0]],[[1]],[[2]],"(0, 12)","(12, 21)","(12, 21)",{},{},{},"['A', 'B']",[],[],0,0,5,2,3,4,A,,,,,,,A,,,,,"{'rtype': 'select-node', 'rtimedn': 41.96, 'rtimeup': 41.96}",,,,,,,"{'rtype': 'select-node', 'rtimedn': 108.082, 'rtimeup': 108.082}",,,,
,,16,4,17,1733258112,BDG-574-5355,TREE-1.2-0.0-0.0,"['ac225116-14bc-429f-b2d5-8c4643505c01', '56064979-2a1e-4fcf-921e-09debb413eaa']","['participant', 'participant']","['circle', 'circle']","['hsla(8, 54%, 64%, 1.0)', 'hsla(79, 92%, 65%, 1.0)']","[[1.0, 0.07773232028053768], [0.07773232028053768, 1.0]]","{0: '', 1: 'A', 2: 'B'}",,2,after,"[True, True]","{'max': 21, 'min': 21, 'avg': 21.0, 'root': 12}","[-10, -10]","[129, 127]",sequential,chance,chance,"[1.0, 1.0]","[0.5, 1.0]","[0.5, 1.0]","[0.5, 1.0]","[0.375, 0.0]","[0.625, 0.0]",[[0]],[[1]],[[2]],"(0, 12)","(12, 21)","(12, 21)",{},{},{},"['A', 'B']",[],[],0,0,5,3,5,5,B,,,,,,,B,,,,,"{'rtype': 'select-node', 'rtimedn': 39.559, 'rtimeup': 39.559}",,,,,,,"{'rtype': 'select-node', 'rtimedn': 29.812, 'rtimeup': 29.812}",,,,
,,16,5,17,1733258111,BDG-352-3513,TREE-1.2-0.0-0.0,"['a35a2a09-0e5b-4c89-b416-0180cdf67736', 'dc7aa794-aaf0-4594-aa67-6466cf997e02']","['participant', 'participant']","['star-six', 'hexagon']","['hsla(351, 79%, 51%, 1.0)', 'hsla(163, 93%, 42%, 1.0)']","[[1.0, 0.11221507890122734], [0.11221507890122734, 1.0]]","{0: '', 1: 'A', 2: 'B'}",,1,after,"[True, True]","{'max': 21, 'min': 21, 'avg': 21.0, 'root': 12}","[-10, -10]","[151, 136]",sequential,chance,chance,"[1.0, 1.0]","[0.5, 1.0]","[0.5, 1.0]","[0.5, 1.0]","[0.375, 0.0]","[0.625, 0.0]",[[0]],[[1]],[[2]],"(0, 12)","(12, 21)","(12, 21)",{},{},{},"['A', 'B']",[],[],0,0,3,5,1,3,A,,,,,,,A,,,,,"{'rtype': 'select-node', 'rtimedn': 29.655, 'rtimeup': 29.655}",,,,,,,"{'rtype': 'select-node', 'rtimedn': 29.488, 'rtimeup': 29.488}",,,,
,,17,0,17,1733258121,BDG-547-5253,TREE-1.2-0.0-0.0,"['ac225116-14bc-429f-b2d5-8c4643505c01', 'b19d3db0-5631-4177-af52-32b44b4c6ee4']","['participant', 'robot']","['circle', 'cross']","['hsla(8, 54%, 64%, 1.0)', 'hsla(73, 80%, 59%, 1.0)']","[[1.0, 0.03112215078901227], [0.03112215078901227, 1.0]]","{0: '', 1: 'A', 2: 'B'}",,2,after,"[True, False]","{'max': 21, 'min': 21, 'avg': 21.0, 'root': 12}","[-10, 0]","[129, 140]",sequential,chance,chance,"[1.0, 1.0]","[0.5, 1.0]","[0.5, 1.0]","[0.5, 1.0]","[0.375, 0.0]","[0.625, 0.0]",[[0]],[[1]],[[2]],"(0, 12)","(12, 21)","(12, 21)",{},{},{},"['A', 'B']",[],[],0,0,5,2,5,3,B,,,,,,,B,,,,,"{'rtype': 'select-node', 'rtimedn': 40.667, 'rtimeup': 40.667}",,,,,,,"{'rtype': 'd', 'rtimedn': 1.271, 'rtimeup': 2.608}",,,,
,,17,1,17,1733258121,BDG-306-3322,TREE-1.2-0.0-0.0,"['a35a2a09-0e5b-4c89-b416-0180cdf67736', '6c7c7d0e-9b28-49a3-a8ae-a038288cb0a1']","['participant', 'participant']","['star-six', 'dent-square']","['hsla(351, 79%, 51%, 1.0)', 'hsla(165, 54%, 40%, 1.0)']","[[1.0, 0.07773232028053768], [0.07773232028053768, 1.0]]","{0: '', 1: 'A', 2: 'B'}",,1,after,"[True, True]","{'max': 21, 'min': 21, 'avg': 21.0, 'root': 12}","[-10, -10]","[151, 133]",sequential,chance,chance,"[1.0, 1.0]","[0.5, 1.0]","[0.5, 1.0]","[0.5, 1.0]","[0.625, 0.0]","[0.375, 0.0]",[[0]],[[1]],[[2]],"(0, 12)","(12, 21)","(12, 21)",{},{},{},"['A', 'B']",[],[],0,0,3,3,2,2,A,,,,,,,A,,,,,"{'rtype': 'select-node', 'rtimedn': 30.64, 'rtimeup': 30.64}",,,,,,,"{'rtype': 'select-node', 'rtimedn': 42.883, 'rtimeup': 42.883}",,,,
,,17,2,17,1733258125,BDG-172-2253,TREE-1.2-0.0-0.0,"['44997a74-c08b-467a-b3c9-7492a6bde261', 'eede0c44-416a-4587-96b5-ce08abfb5509']","['participant', 'participant']","['dent-square', 'flower']","['hsla(114, 51%, 63%, 1.0)', 'hsla(140, 57%, 43%, 1.0)']","[[1.0, 0.08898305084745763], [0.08898305084745763, 1.0]]","{0: '', 1: 'A', 2: 'B'}",,2,after,"[True, True]","{'max': 21, 'min': 21, 'avg': 21.0, 'root': 12}","[-10, -10]","[138, 124]",sequential,chance,chance,"[1.0, 1.0]","[0.5, 1.0]","[0.5, 1.0]","[0.5, 1.0]","[0.375, 0.0]","[0.625, 0.0]",[[0]],[[1]],[[2]],"(0, 12)","(12, 21)","(12, 21)",{},{},{},"['A', 'B']",[],[],0,0,2,2,5,3,B,,,,,,,A,,,,,"{'rtype': 'select-node', 'rtimedn': 31.164, 'rtimeup': 31.164}",,,,,,,"{'rtype': 'select-node', 'rtimedn': 108.9, 'rtimeup': 108.9}",,,,
,,17,3,17,1733258122,BDG-073-1354,TREE-1.2-0.0-0.0,"['4983457d-3147-4672-b739-bdd182435dc3', 'dc7aa794-aaf0-4594-aa67-6466cf997e02']","['robot', 'participant']","['ghost', 'hexagon']","['hsla(332, 75%, 59%, 1.0)', 'hsla(163, 93%, 42%, 1.0)']","[[1.0, 0.08898305084745763], [0.08898305084745763, 1.0]]","{0: '', 1: 'A', 2: 'B'}",,2,after,"[False, True]","{'max': 21, 'min': 21, 'avg': 21.0, 'root': 12}","[0, -10]","[122, 136]",sequential,chance,chance,"[1.0, 1.0]","[0.5, 1.0]","[0.5, 1.0]","[0.5, 1.0]","[0.375, 0.0]","[0.625, 0.0]",[[0]],[[1]],[[2]],"(0, 12)","(12, 21)","(12, 21)",{},{},{},"['A', 'B']",[],[],0,0,1,3,5,4,B,,,,,,,B,,,,,"{'rtype': 'd', 'rtimedn': 3.426, 'rtimeup': 3.745}",,,,,,,"{'rtype': 'select-node', 'rtimedn': 30.708, 'rtimeup': 30.708}",,,,
,,17,4,17,1733258122,BDG-181-2322,TREE-1.2-0.0-0.0,"['af883de6-a408-47aa-88dd-be481eabbd68', '56064979-2a1e-4fcf-921e-09debb413eaa']","['participant', 'participant']","['stop-sign', 'circle']","['hsla(154, 54%, 56%, 1.0)', 'hsla(79, 92%, 65%, 1.0)']","[[1.0, 0.10520163646990063], [0.10520163646990063, 1.0]]","{0: '', 1: 'A', 2: 'B'}",,1,after,"[True, True]","{'max': 21, 'min': 21, 'avg': 21.0, 'root': 12}","[-10, -10]","[135, 127]",sequential,chance,chance,"[1.0, 1.0]","[0.5, 1.0]","[0.5, 1.0]","[0.5, 1.0]","[0.375, 0.0]","[0.625, 0.0]",[[0]],[[1]],[[2]],"(0, 12)","(12, 21)","(12, 21)",{},{},{},"['A', 'B']",[],[],0,0,2,3,2,2,A,,,,,,,A,,,,,"{'rtype': 'select-node', 'rtimedn': 39.317, 'rtimeup': 39.317}",,,,,,,"{'rtype': 'select-node', 'rtimedn': 30.842, 'rtimeup': 30.842}",,,,
,,17,5,17,1733258124,BDG-414-4235,TREE-1.2-0.0-0.0,"['4e6fbdd5-31f9-458d-8cc0-2e7ab78019e6', 'bf1ced06-3c98-481a-b525-b0ff789e92c2']","['participant', 'participant']","['moon', 'stop-sign']","['hsla(123, 55%, 48%, 1.0)', 'hsla(77, 55%, 64%, 1.0)']","[[1.0, 0.08898305084745763], [0.08898305084745763, 1.0]]","{0: '', 1: 'A', 2: 'B'}",,2,after,"[True, True]","{'max': 21, 'min': 21, 'avg': 21.0, 'root': 12}","[-10, -10]","[142, 127]",sequential,chance,chance,"[1.0, 1.0]","[0.5, 1.0]","[0.5, 1.0]","[0.5, 1.0]","[0.625, 0.0]","[0.375, 0.0]",[[0]],[[1]],[[2]],"(0, 12)","(12, 21)","(12, 21)",{},{},{},"['A', 'B']",[],[],0,0,4,2,3,5,B,,,,,,,A,,,,,"{'rtype': 'select-node', 'rtimedn': 30.71, 'rtimeup': 30.71}",,,,,,,"{'rtype': 'select-node', 'rtimedn': 109.389, 'rtimeup': 109.389}",,,,
,,18,0,17,1733258136,BDG-028-1214,TREE-1.2-0.0-0.0,"['dc7aa794-aaf0-4594-aa67-6466cf997e02', 'bf1ced06-3c98-481a-b525-b0ff789e92c2']","['participant', 'participant']","['hexagon', 'stop-sign']","['hsla(163, 93%, 42%, 1.0)', 'hsla(77, 55%, 64%, 1.0)']","[[1.0, 0.13047925189947399], [0.13047925189947399, 1.0]]","{0: '', 1: 'A', 2: 'B'}",,2,after,"[True, True]","{'max': 21, 'min': 21, 'avg': 21.0, 'root': 12}","[-10, -10]","[136, 127]",sequential,chance,chance,"[1.0, 1.0]","[0.5, 1.0]","[0.5, 1.0]","[0.5, 1.0]","[0.375, 0.0]","[0.625, 0.0]",[[0]],[[1]],[[2]],"(0, 12)","(12, 21)","(12, 21)",{},{},{},"['A', 'B']",[],[],0,0,1,2,1,4,B,,,,,,,A,,,,,"{'rtype': 'select-node', 'rtimedn': 31.925, 'rtimeup': 31.925}",,,,,,,"{'rtype': 'select-node', 'rtimedn': 110.795, 'rtimeup': 110.795}",,,,
,,18,1,17,1733258138,BDG-069-1345,TREE-1.2-0.0-0.0,"['eede0c44-416a-4587-96b5-ce08abfb5509', '4e6fbdd5-31f9-458d-8cc0-2e7ab78019e6']","['participant', 'participant']","['flower', 'moon']","['hsla(140, 57%, 43%, 1.0)', 'hsla(123, 55%, 48%, 1.0)']","[[1.0, 0.11221507890122734], [0.11221507890122734, 1.0]]","{0: '', 1: 'A', 2: 'B'}",,2,after,"[True, True]","{'max': 21, 'min': 21, 'avg': 21.0, 'root': 12}","[-10, -10]","[124, 142]",sequential,chance,chance,"[1.0, 1.0]","[0.5, 1.0]","[0.5, 1.0]","[0.5, 1.0]","[0.375, 0.0]","[0.625, 0.0]",[[0]],[[1]],[[2]],"(0, 12)","(12, 21)","(12, 21)",{},{},{},"['A', 'B']",[],[],0,0,1,3,4,5,B,,,,,,,B,,,,,"{'rtype': 'select-node', 'rtimedn': 110.086, 'rtimeup': 110.086}",,,,,,,"{'rtype': 'select-node', 'rtimedn': 32.089, 'rtimeup': 32.089}",,,,
,,18,2,17,1733258135,BDG-348-3454,TREE-1.2-0.0-0.0,"['6c7c7d0e-9b28-49a3-a8ae-a038288cb0a1', 'ac225116-14bc-429f-b2d5-8c4643505c01']","['participant', 'participant']","['dent-square', 'circle']","['hsla(165, 54%, 40%, 1.0)', 'hsla(8, 54%, 64%, 1.0)']","[[1.0, 0.10520163646990063], [0.10520163646990063, 1.0]]","{0: '', 1: 'A', 2: 'B'}",,2,after,"[True, True]","{'max': 21, 'min': 21, 'avg': 21.0, 'root': 12}","[-10, -10]","[133, 129]",sequential,chance,chance,"[1.0, 1.0]","[0.5, 1.0]","[0.5, 1.0]","[0.5, 1.0]","[0.625, 0.0]","[0.375, 0.0]",[[0]],[[1]],[[2]],"(0, 12)","(12, 21)","(12, 21)",{},{},{},"['A', 'B']",[],[],0,0,3,4,5,4,B,,,,,,,B,,,,,"{'rtype': 'select-node', 'rtimedn': 44.05, 'rtimeup': 44.05}",,,,,,,"{'rtype': 'select-node', 'rtimedn': 42.095, 'rtimeup': 42.095}",,,,
,,18,3,17,1733258128,BDG-529-5215,TREE-1.2-0.0-0.0,"['b19d3db0-5631-4177-af52-32b44b4c6ee4', '4983457d-3147-4672-b739-bdd182435dc3']","['robot', 'robot']","['cross', 'ghost']","['hsla(73, 80%, 59%, 1.0)', 'hsla(332, 75%, 59%, 1.0)']","[[1.0, 0.07773232028053768], [0.07773232028053768, 1.0]]","{0: '', 1: 'A', 2: 'B'}",,1,after,"[False, False]","{'max': 21, 'min': 21, 'avg': 21.0, 'root': 12}","[0, 0]","[140, 122]",sequential,chance,chance,"[1.0, 1.0]","[0.5, 1.0]","[0.5, 1.0]","[0.5, 1.0]","[0.375, 0.0]","[0.625, 0.0]",[[0]],[[1]],[[2]],"(0, 12)","(12, 21)","(12, 21)",{},{},{},"['A', 'B']",[],[],0,0,5,2,1,5,A,,,,,,,A,,,,,"{'rtype': 'a', 'rtimedn': 0.008, 'rtimeup': 1.942}",,,,,,,"{'rtype': 'd', 'rtimedn': 3.628, 'rtimeup': 4.02}",,,,
,,18,4,17,1733258134,BDG-406-4222,TREE-1.2-0.0-0.0,"['56064979-2a1e-4fcf-921e-09debb413eaa', 'af883de6-a408-47aa-88dd-be481eabbd68']","['participant', 'participant']","['circle', 'stop-sign']","['hsla(79, 92%, 65%, 1.0)', 'hsla(154, 54%, 56%, 1.0)']","[[1.0, 0.10520163646990063], [0.10520163646990063, 1.0]]","{0: '', 1: 'A', 2: 'B'}",,1,after,"[True, True]","{'max': 21, 'min': 21, 'avg': 21.0, 'root': 12}","[-10, -10]","[127, 135]",sequential,chance,chance,"[1.0, 1.0]","[0.5, 1.0]","[0.5, 1.0]","[0.5, 1.0]","[0.375, 0.0]","[0.625, 0.0]",[[0]],[[1]],[[2]],"(0, 12)","(12, 21)","(12, 21)",{},{},{},"['A', 'B']",[],[],0,0,4,2,2,2,A,,,,,,,A,,,,,"{'rtype': 'select-node', 'rtimedn': 32.009, 'rtimeup': 32.009}",,,,,,,"{'rtype': 'select-node', 'rtimedn': 40.55, 'rtimeup': 40.55}",,,,
,,18,5,17,1733258135,BDG-574-5355,TREE-1.2-0.0-0.0,"['a35a2a09-0e5b-4c89-b416-0180cdf67736', '44997a74-c08b-467a-b3c9-7492a6bde261']","['participant', 'participant']","['star-six', 'dent-square']","['hsla(351, 79%, 51%, 1.0)', 'hsla(114, 51%, 63%, 1.0)']","[[1.0, 0.11820572764465223], [0.11820572764465223, 1.0]]","{0: '', 1: 'A', 2: 'B'}",,2,after,"[True, True]","{'max': 21, 'min': 21, 'avg': 21.0, 'root': 12}","[-10, -10]","[151, 138]",sequential,chance,chance,"[1.0, 1.0]","[0.5, 1.0]","[0.5, 1.0]","[0.5, 1.0]","[0.375, 0.0]","[0.625, 0.0]",[[0]],[[1]],[[2]],"(0, 12)","(12, 21)","(12, 21)",{},{},{},"['A', 'B']",[],[],0,0,5,3,5,5,B,,,,,,,B,,,,,"{'rtype': 'select-node', 'rtimedn': 31.814, 'rtimeup': 31.814}",,,,,,,"{'rtype': 'select-node', 'rtimedn': 32.112, 'rtimeup': 32.112}",,,,
,,19,0,17,1733258148,BDG-399-4155,TREE-1.2-0.0-0.0,"['dc7aa794-aaf0-4594-aa67-6466cf997e02', 'bf1ced06-3c98-481a-b525-b0ff789e92c2']","['participant', 'participant']","['hexagon', 'stop-sign']","['hsla(163, 93%, 42%, 1.0)', 'hsla(77, 55%, 64%, 1.0)']","[[1.0, 0.13047925189947399], [0.13047925189947399, 1.0]]","{0: '', 1: 'A', 2: 'B'}",,2,after,"[True, True]","{'max': 21, 'min': 21, 'avg': 21.0, 'root': 12}","[-10, -10]","[136, 127]",sequential,chance,chance,"[1.0, 1.0]","[0.5, 1.0]","[0.5, 1.0]","[0.5, 1.0]","[0.625, 0.0]","[0.375, 0.0]",[[0]],[[1]],[[2]],"(0, 12)","(12, 21)","(12, 21)",{},{},{},"['A', 'B']",[],[],0,0,4,1,5,5,B,,,,,,,B,,,,,"{'rtype': 'select-node', 'rtimedn': 33.094, 'rtimeup': 33.094}",,,,,,,"{'rtype': 'select-node', 'rtimedn': 112.015, 'rtimeup': 112.015}",,,,
,,19,1,17,1733258150,BDG-014-1135,TREE-1.2-0.0-0.0,"['4983457d-3147-4672-b739-bdd182435dc3', 'eede0c44-416a-4587-96b5-ce08abfb5509']","['robot', 'participant']","['ghost', 'flower']","['hsla(332, 75%, 59%, 1.0)', 'hsla(140, 57%, 43%, 1.0)']","[[1.0, 0.07641729982466393], [0.07641729982466393, 1.0]]","{0: '', 1: 'A', 2: 'B'}",,1,after,"[False, True]","{'max': 21, 'min': 21, 'avg': 21.0, 'root': 12}","[0, -10]","[122, 124]",sequential,chance,chance,"[1.0, 1.0]","[0.5, 1.0]","[0.5, 1.0]","[0.5, 1.0]","[0.625, 0.0]","[0.375, 0.0]",[[0]],[[1]],[[2]],"(0, 12)","(12, 21)","(12, 21)",{},{},{},"['A', 'B']",[],[],0,0,1,1,3,5,A,,,,,,,A,,,,,"{'rtype': 'd', 'rtimedn': 2.179, 'rtimeup': 3.349}",,,,,,,"{'rtype': 'select-node', 'rtimedn': 111.57, 'rtimeup': 111.57}",,,,
,,19,2,17,1733258148,BDG-204-2415,TREE-1.2-0.0-0.0,"['b19d3db0-5631-4177-af52-32b44b4c6ee4', 'a35a2a09-0e5b-4c89-b416-0180cdf67736']","['robot', 'participant']","['cross', 'star-six']","['hsla(73, 80%, 59%, 1.0)', 'hsla(351, 79%, 51%, 1.0)']","[[1.0, 0.07641729982466393], [0.07641729982466393, 1.0]]","{0: '', 1: 'A', 2: 'B'}",,1,after,"[False, True]","{'max': 21, 'min': 21, 'avg': 21.0, 'root': 12}","[0, -10]","[140, 151]",sequential,chance,chance,"[1.0, 1.0]","[0.5, 1.0]","[0.5, 1.0]","[0.5, 1.0]","[0.375, 0.0]","[0.625, 0.0]",[[0]],[[1]],[[2]],"(0, 12)","(12, 21)","(12, 21)",{},{},{},"['A', 'B']",[],[],0,0,2,4,1,5,A,,,,,,,A,,,,,"{'rtype': 'd', 'rtimedn': 1.881, 'rtimeup': 2.521}",,,,,,,"{'rtype': 'select-node', 'rtimedn': 33.335, 'rtimeup': 33.335}",,,,
,,19,3,17,1733258148,BDG-316-3342,TREE-1.2-0.0-0.0,"['56064979-2a1e-4fcf-921e-09debb413eaa', 'af883de6-a408-47aa-88dd-be481eabbd68']","['participant', 'participant']","['circle', 'stop-sign']","['hsla(79, 92%, 65%, 1.0)', 'hsla(154, 54%, 56%, 1.0)']","[[1.0, 0.10520163646990063], [0.10520163646990063, 1.0]]","{0: '', 1: 'A', 2: 'B'}",,2,after,"[True, True]","{'max': 21, 'min': 21, 'avg': 21.0, 'root': 12}","[-10, -10]","[127, 135]",sequential,chance,chance,"[1.0, 1.0]","[0.5, 1.0]","[0.5, 1.0]","[0.5, 1.0]","[0.625, 0.0]","[0.375, 0.0]",[[0]],[[1]],[[2]],"(0, 12)","(12, 21)","(12, 21)",{},{},{},"['A', 'B']",[],[],0,0,3,3,4,2,B,,,,,,,B,,,,,"{'rtype': 'select-node', 'rtimedn': 33.386, 'rtimeup': 33.386}",,,,,,,"{'rtype': 'select-node', 'rtimedn': 41.867, 'rtimeup': 41.867}",,,,
,,19,4,17,1733258146,BDG-410-4231,TREE-1.2-0.0-0.0,"['44997a74-c08b-467a-b3c9-7492a6bde261', 'ac225116-14bc-429f-b2d5-8c4643505c01']","['participant', 'participant']","['dent-square', 'circle']","['hsla(114, 51%, 63%, 1.0)', 'hsla(8, 54%, 64%, 1.0)']","[[1.0, 0.14202220923436584], [0.14202220923436584, 1.0]]","{0: '', 1: 'A', 2: 'B'}",,1,after,"[True, True]","{'max': 21, 'min': 21, 'avg': 21.0, 'root': 12}","[-10, -10]","[138, 129]",sequential,chance,chance,"[1.0, 1.0]","[0.5, 1.0]","[0.5, 1.0]","[0.5, 1.0]","[0.375, 0.0]","[0.625, 0.0]",[[0]],[[1]],[[2]],"(0, 12)","(12, 21)","(12, 21)",{},{},{},"['A', 'B']",[],[],0,0,4,2,3,1,A,,,,,,,A,,,,,"{'rtype': 'select-node', 'rtimedn': 33.28, 'rtimeup': 33.28}",,,,,,,"{'rtype': 'select-node', 'rtimedn': 43.208, 'rtimeup': 43.208}",,,,
,,19,5,17,1733258151,BDG-341-3442,TREE-1.2-0.0-0.0,"['6c7c7d0e-9b28-49a3-a8ae-a038288cb0a1', '4e6fbdd5-31f9-458d-8cc0-2e7ab78019e6']","['participant', 'participant']","['dent-square', 'moon']","['hsla(165, 54%, 40%, 1.0)', 'hsla(123, 55%, 48%, 1.0)']","[[1.0, 0.14202220923436584], [0.14202220923436584, 1.0]]","{0: '', 1: 'A', 2: 'B'}",,2,after,"[True, True]","{'max': 21, 'min': 21, 'avg': 21.0, 'root': 12}","[-10, -10]","[133, 142]",sequential,chance,chance,"[1.0, 1.0]","[0.5, 1.0]","[0.5, 1.0]","[0.5, 1.0]","[0.625, 0.0]","[0.375, 0.0]",[[0]],[[1]],[[2]],"(0, 12)","(12, 21)","(12, 21)",{},{},{},"['A', 'B']",[],[],0,0,3,4,4,2,B,,,,,,,A,,,,,"{'rtype': 'select-node', 'rtimedn': 45.819, 'rtimeup': 45.819}",,,,,,,"{'rtype': 'select-node', 'rtimedn': 33.421, 'rtimeup': 33.421}",,,,
,,20,0,17,1733258162,BDG-594-5445,TREE-1.2-0.0-0.0,"['eede0c44-416a-4587-96b5-ce08abfb5509', '56064979-2a1e-4fcf-921e-09debb413eaa']","['participant', 'participant']","['flower', 'circle']","['hsla(140, 57%, 43%, 1.0)', 'hsla(79, 92%, 65%, 1.0)']","[[1.0, 0.14202220923436584], [0.14202220923436584, 1.0]]","{0: '', 1: 'A', 2: 'B'}",,1,after,"[True, True]","{'max': 21, 'min': 21, 'avg': 21.0, 'root': 12}","[-10, -10]","[124, 127]",sequential,chance,chance,"[1.0, 1.0]","[0.5, 1.0]","[0.5, 1.0]","[0.5, 1.0]","[0.625, 0.0]","[0.375, 0.0]",[[0]],[[1]],[[2]],"(0, 12)","(12, 21)","(12, 21)",{},{},{},"['A', 'B']",[],[],0,0,5,4,4,5,A,,,,,,,B,,,,,"{'rtype': 'select-node', 'rtimedn': 112.626, 'rtimeup': 112.626}",,,,,,,"{'rtype': 'select-node', 'rtimedn': 34.766, 'rtimeup': 34.766}",,,,
,,20,1,17,1733258165,BDG-425-4311,TREE-1.2-0.0-0.0,"['6c7c7d0e-9b28-49a3-a8ae-a038288cb0a1', 'af883de6-a408-47aa-88dd-be481eabbd68']","['participant', 'participant']","['dent-square', 'stop-sign']","['hsla(165, 54%, 40%, 1.0)', 'hsla(154, 54%, 56%, 1.0)']","[[1.0, 0.08898305084745763], [0.08898305084745763, 1.0]]","{0: '', 1: 'A', 2: 'B'}",,1,after,"[True, True]","{'max': 21, 'min': 21, 'avg': 21.0, 'root': 12}","[-10, -10]","[133, 135]",sequential,chance,chance,"[1.0, 1.0]","[0.5, 1.0]","[0.5, 1.0]","[0.5, 1.0]","[0.625, 0.0]","[0.375, 0.0]",[[0]],[[1]],[[2]],"(0, 12)","(12, 21)","(12, 21)",{},{},{},"['A', 'B']",[],[],0,0,4,3,1,1,A,,,,,,,A,,,,,"{'rtype': 'select-node', 'rtimedn': 47.301, 'rtimeup': 47.301}",,,,,,,"{'rtype': 'select-node', 'rtimedn': 43.029, 'rtimeup': 43.029}",,,,
,,20,2,17,1733258161,BDG-504-5115,TREE-1.2-0.0-0.0,"['44997a74-c08b-467a-b3c9-7492a6bde261', 'dc7aa794-aaf0-4594-aa67-6466cf997e02']","['participant', 'participant']","['dent-square', 'hexagon']","['hsla(114, 51%, 63%, 1.0)', 'hsla(163, 93%, 42%, 1.0)']","[[1.0, 0.10520163646990063], [0.10520163646990063, 1.0]]","{0: '', 1: 'A', 2: 'B'}",,1,after,"[True, True]","{'max': 21, 'min': 21, 'avg': 21.0, 'root': 12}","[-10, -10]","[138, 136]",sequential,chance,chance,"[1.0, 1.0]","[0.5, 1.0]","[0.5, 1.0]","[0.5, 1.0]","[0.375, 0.0]","[0.625, 0.0]",[[0]],[[1]],[[2]],"(0, 12)","(12, 21)","(12, 21)",{},{},{},"['A', 'B']",[],[],0,0,5,1,1,5,A,,,,,,,A,,,,,"{'rtype': 'select-node', 'rtimedn': 34.768, 'rtimeup': 34.768}",,,,,,,"{'rtype': 'select-node', 'rtimedn': 34.369, 'rtimeup': 34.369}",,,,
,,20,3,17,1733258154,BDG-115-1541,TREE-1.2-0.0-0.0,"['4983457d-3147-4672-b739-bdd182435dc3', 'b19d3db0-5631-4177-af52-32b44b4c6ee4']","['robot', 'robot']","['ghost', 'cross']","['hsla(332, 75%, 59%, 1.0)', 'hsla(73, 80%, 59%, 1.0)']","[[1.0, 0.07773232028053768], [0.07773232028053768, 1.0]]","{0: '', 1: 'A', 2: 'B'}",,2,after,"[False, False]","{'max': 21, 'min': 21, 'avg': 21.0, 'root': 12}","[0, 0]","[122, 140]",sequential,chance,chance,"[1.0, 1.0]","[0.5, 1.0]","[0.5, 1.0]","[0.5, 1.0]","[0.625, 0.0]","[0.375, 0.0]",[[0]],[[1]],[[2]],"(0, 12)","(12, 21)","(12, 21)",{},{},{},"['A', 'B']",[],[],0,0,1,5,4,1,B,,,,,,,B,,,,,"{'rtype': 'd', 'rtimedn': 0.518, 'rtimeup': 0.936}",,,,,,,"{'rtype': 'a', 'rtimedn': 0.776, 'rtimeup': 1.571}",,,,
,,20,4,17,1733258162,BDG-095-1451,TREE-1.2-0.0-0.0,"['ac225116-14bc-429f-b2d5-8c4643505c01', 'a35a2a09-0e5b-4c89-b416-0180cdf67736']","['participant', 'participant']","['circle', 'star-six']","['hsla(8, 54%, 64%, 1.0)', 'hsla(351, 79%, 51%, 1.0)']","[[1.0, 0.08898305084745763], [0.08898305084745763, 1.0]]","{0: '', 1: 'A', 2: 'B'}",,2,after,"[True, True]","{'max': 21, 'min': 21, 'avg': 21.0, 'root': 12}","[-10, -10]","[129, 151]",sequential,chance,chance,"[1.0, 1.0]","[0.5, 1.0]","[0.5, 1.0]","[0.5, 1.0]","[0.375, 0.0]","[0.625, 0.0]",[[0]],[[1]],[[2]],"(0, 12)","(12, 21)","(12, 21)",{},{},{},"['A', 'B']",[],[],0,0,1,4,5,1,B,,,,,,,B,,,,,"{'rtype': 'select-node', 'rtimedn': 44.767, 'rtimeup': 44.767}",,,,,,,"{'rtype': 'select-node', 'rtimedn': 34.618, 'rtimeup': 34.618}",,,,
,,20,5,17,1733258164,BDG-344-3445,TREE-1.2-0.0-0.0,"['bf1ced06-3c98-481a-b525-b0ff789e92c2', '4e6fbdd5-31f9-458d-8cc0-2e7ab78019e6']","['participant', 'participant']","['stop-sign', 'moon']","['hsla(77, 55%, 64%, 1.0)', 'hsla(123, 55%, 48%, 1.0)']","[[1.0, 0.08898305084745763], [0.08898305084745763, 1.0]]","{0: '', 1: 'A', 2: 'B'}",,2,after,"[True, True]","{'max': 21, 'min': 21, 'avg': 21.0, 'root': 12}","[-10, -10]","[127, 142]",sequential,chance,chance,"[1.0, 1.0]","[0.5, 1.0]","[0.5, 1.0]","[0.5, 1.0]","[0.375, 0.0]","[0.625, 0.0]",[[0]],[[1]],[[2]],"(0, 12)","(12, 21)","(12, 21)",{},{},{},"['A', 'B']",[],[],0,0,3,4,4,5,B,,,,,,,B,,,,,"{'rtype': 'select-node', 'rtimedn': 113.197, 'rtimeup': 113.197}",,,,,,,"{'rtype': 'select-node', 'rtimedn': 34.71, 'rtimeup': 34.71}",,,,
,,21,0,17,1733258176,BDG-483-4524,TREE-1.2-0.0-0.0,"['56064979-2a1e-4fcf-921e-09debb413eaa', '4983457d-3147-4672-b739-bdd182435dc3']","['participant', 'robot']","['circle', 'ghost']","['hsla(79, 92%, 65%, 1.0)', 'hsla(332, 75%, 59%, 1.0)']","[[1.0, 0.11221507890122734], [0.11221507890122734, 1.0]]","{0: '', 1: 'A', 2: 'B'}",,1,after,"[True, False]","{'max': 21, 'min': 21, 'avg': 21.0, 'root': 12}","[-10, 0]","[127, 122]",sequential,chance,chance,"[1.0, 1.0]","[0.5, 1.0]","[0.5, 1.0]","[0.5, 1.0]","[0.625, 0.0]","[0.375, 0.0]",[[0]],[[1]],[[2]],"(0, 12)","(12, 21)","(12, 21)",{},{},{},"['A', 'B']",[],[],0,0,4,5,2,4,A,,,,,,,A,,,,,"{'rtype': 'select-node', 'rtimedn': 36.212, 'rtimeup': 36.212}",,,,,,,"{'rtype': 'd', 'rtimedn': 4.51, 'rtimeup': 6.507}",,,,
,,21,1,17,1733258176,BDG-536-5232,TREE-1.2-0.0-0.0,"['af883de6-a408-47aa-88dd-be481eabbd68', '4e6fbdd5-31f9-458d-8cc0-2e7ab78019e6']","['participant', 'participant']","['stop-sign', 'moon']","['hsla(154, 54%, 56%, 1.0)', 'hsla(123, 55%, 48%, 1.0)']","[[1.0, 0.07773232028053768], [0.07773232028053768, 1.0]]","{0: '', 1: 'A', 2: 'B'}",,1,after,"[True, True]","{'max': 21, 'min': 21, 'avg': 21.0, 'root': 12}","[-10, -10]","[135, 142]",sequential,chance,chance,"[1.0, 1.0]","[0.5, 1.0]","[0.5, 1.0]","[0.5, 1.0]","[0.625, 0.0]","[0.375, 0.0]",[[0]],[[1]],[[2]],"(0, 12)","(12, 21)","(12, 21)",{},{},{},"['A', 'B']",[],[],0,0,5,2,3,2,A,,,,,,,A,,,,,"{'rtype': 'select-node', 'rtimedn': 44.665, 'rtimeup': 44.665}",,,,,,,"{'rtype': 'select-node', 'rtimedn': 35.931, 'rtimeup': 35.931}",,,,
,,21,2,17,1733258178,BDG-283-3224,TREE-1.2-0.0-0.0,"['eede0c44-416a-4587-96b5-ce08abfb5509', 'b19d3db0-5631-4177-af52-32b44b4c6ee4']","['participant', 'robot']","['flower', 'cross']","['hsla(140, 57%, 43%, 1.0)', 'hsla(73, 80%, 59%, 1.0)']","[[1.0, 0.11820572764465223], [0.11820572764465223, 1.0]]","{0: '', 1: 'A', 2: 'B'}",,1,after,"[True, False]","{'max': 21, 'min': 21, 'avg': 21.0, 'root': 12}","[-10, 0]","[124, 140]",sequential,chance,chance,"[1.0, 1.0]","[0.5, 1.0]","[0.5, 1.0]","[0.5, 1.0]","[0.625, 0.0]","[0.375, 0.0]",[[0]],[[1]],[[2]],"(0, 12)","(12, 21)","(12, 21)",{},{},{},"['A', 'B']",[],[],0,0,3,2,2,4,A,,,,,,,A,,,,,"{'rtype': 'select-node', 'rtimedn': 114.345, 'rtimeup': 114.345}",,,,,,,"{'rtype': 'd', 'rtimedn': 1.584, 'rtimeup': 3.586}",,,,
,,21,3,17,1733258175,BDG-450-4411,TREE-1.2-0.0-0.0,"['6c7c7d0e-9b28-49a3-a8ae-a038288cb0a1', 'dc7aa794-aaf0-4594-aa67-6466cf997e02']","['participant', 'participant']","['dent-square', 'hexagon']","['hsla(165, 54%, 40%, 1.0)', 'hsla(163, 93%, 42%, 1.0)']","[[1.0, 0.03112215078901227], [0.03112215078901227, 1.0]]","{0: '', 1: 'A', 2: 'B'}",,1,after,"[True, True]","{'max': 21, 'min': 21, 'avg': 21.0, 'root': 12}","[-10, -10]","[133, 136]",sequential,chance,chance,"[1.0, 1.0]","[0.5, 1.0]","[0.5, 1.0]","[0.5, 1.0]","[0.375, 0.0]","[0.625, 0.0]",[[0]],[[1]],[[2]],"(0, 12)","(12, 21)","(12, 21)",{},{},{},"['A', 'B']",[],[],0,0,4,4,1,1,A,,,,,,,A,,,,,"{'rtype': 'select-node', 'rtimedn': 48.071, 'rtimeup': 48.071}",,,,,,,"{'rtype': 'select-node', 'rtimedn': 35.95, 'rtimeup': 35.95}",,,,
,,21,4,17,1733258174,BDG-264-3135,TREE-1.2-0.0-0.0,"['a35a2a09-0e5b-4c89-b416-0180cdf67736', '44997a74-c08b-467a-b3c9-7492a6bde261']","['participant', 'participant']","['star-six', 'dent-square']","['hsla(351, 79%, 51%, 1.0)', 'hsla(114, 51%, 63%, 1.0)']","[[1.0, 0.11820572764465223], [0.11820572764465223, 1.0]]","{0: '', 1: 'A', 2: 'B'}",,2,after,"[True, True]","{'max': 21, 'min': 21, 'avg': 21.0, 'root': 12}","[-10, -10]","[151, 138]",sequential,chance,chance,"[1.0, 1.0]","[0.5, 1.0]","[0.5, 1.0]","[0.5, 1.0]","[0.375, 0.0]","[0.625, 0.0]",[[0]],[[1]],[[2]],"(0, 12)","(12, 21)","(12, 21)",{},{},{},"['A', 'B']",[],[],0,0,3,1,3,5,B,,,,,,,B,,,,,"{'rtype': 'select-node', 'rtimedn': 36.001, 'rtimeup': 36.001}",,,,,,,"{'rtype': 'select-node', 'rtimedn': 36.062, 'rtimeup': 36.062}",,,,
,,21,5,17,1733258174,BDG-213-2434,TREE-1.2-0.0-0.0,"['bf1ced06-3c98-481a-b525-b0ff789e92c2', 'ac225116-14bc-429f-b2d5-8c4643505c01']","['participant', 'participant']","['stop-sign', 'circle']","['hsla(77, 55%, 64%, 1.0)', 'hsla(8, 54%, 64%, 1.0)']","[[1.0, 0.11221507890122734], [0.11221507890122734, 1.0]]","{0: '', 1: 'A', 2: 'B'}",,2,after,"[True, True]","{'max': 21, 'min': 21, 'avg': 21.0, 'root': 12}","[-10, -10]","[127, 129]",sequential,chance,chance,"[1.0, 1.0]","[0.5, 1.0]","[0.5, 1.0]","[0.5, 1.0]","[0.625, 0.0]","[0.375, 0.0]",[[0]],[[1]],[[2]],"(0, 12)","(12, 21)","(12, 21)",{},{},{},"['A', 'B']",[],[],0,0,2,4,3,4,B,,,,,,,B,,,,,"{'rtype': 'select-node', 'rtimedn': 114.615, 'rtimeup': 114.615}",,,,,,,"{'rtype': 'select-node', 'rtimedn': 46.044, 'rtimeup': 46.044}",,,,
,,22,0,17,1733258186,BDG-386-4132,TREE-1.2-0.0-0.0,"['4983457d-3147-4672-b739-bdd182435dc3', 'bf1ced06-3c98-481a-b525-b0ff789e92c2']","['robot', 'participant']","['ghost', 'stop-sign']","['hsla(332, 75%, 59%, 1.0)', 'hsla(77, 55%, 64%, 1.0)']","[[1.0, 0.10520163646990063], [0.10520163646990063, 1.0]]","{0: '', 1: 'A', 2: 'B'}",,1,after,"[False, True]","{'max': 21, 'min': 21, 'avg': 21.0, 'root': 12}","[0, -10]","[122, 127]",sequential,chance,chance,"[1.0, 1.0]","[0.5, 1.0]","[0.5, 1.0]","[0.5, 1.0]","[0.375, 0.0]","[0.625, 0.0]",[[0]],[[1]],[[2]],"(0, 12)","(12, 21)","(12, 21)",{},{},{},"['A', 'B']",[],[],0,0,4,1,3,2,A,,,,,,,A,,,,,"{'rtype': 'd', 'rtimedn': 1.68, 'rtimeup': 3.403}",,,,,,,"{'rtype': 'select-node', 'rtimedn': 115.769, 'rtimeup': 115.769}",,,,
,,22,1,17,1733258192,BDG-570-5351,TREE-1.2-0.0-0.0,"['56064979-2a1e-4fcf-921e-09debb413eaa', '6c7c7d0e-9b28-49a3-a8ae-a038288cb0a1']","['participant', 'participant']","['circle', 'dent-square']","['hsla(79, 92%, 65%, 1.0)', 'hsla(165, 54%, 40%, 1.0)']","[[1.0, 0.09248977206312098], [0.09248977206312098, 1.0]]","{0: '', 1: 'A', 2: 'B'}",,2,after,"[True, True]","{'max': 21, 'min': 21, 'avg': 21.0, 'root': 12}","[-10, -10]","[127, 133]",sequential,chance,chance,"[1.0, 1.0]","[0.5, 1.0]","[0.5, 1.0]","[0.5, 1.0]","[0.375, 0.0]","[0.625, 0.0]",[[0]],[[1]],[[2]],"(0, 12)","(12, 21)","(12, 21)",{},{},{},"['A', 'B']",[],[],0,0,5,3,5,1,B,,,,,,,B,,,,,"{'rtype': 'select-node', 'rtimedn': 37.235, 'rtimeup': 37.235}",,,,,,,"{'rtype': None, 'rtimedn': 13, 'rtimeup': 13}",,,,
,,22,2,17,1733258188,BDG-286-3232,TREE-1.2-0.0-0.0,"['b19d3db0-5631-4177-af52-32b44b4c6ee4', 'eede0c44-416a-4587-96b5-ce08abfb5509']","['robot', 'participant']","['cross', 'flower']","['hsla(73, 80%, 59%, 1.0)', 'hsla(140, 57%, 43%, 1.0)']","[[1.0, 0.11820572764465223], [0.11820572764465223, 1.0]]","{0: '', 1: 'A', 2: 'B'}",,2,after,"[False, True]","{'max': 21, 'min': 21, 'avg': 21.0, 'root': 12}","[0, -10]","[140, 124]",sequential,chance,chance,"[1.0, 1.0]","[0.5, 1.0]","[0.5, 1.0]","[0.5, 1.0]","[0.375, 0.0]","[0.625, 0.0]",[[0]],[[1]],[[2]],"(0, 12)","(12, 21)","(12, 21)",{},{},{},"['A', 'B']",[],[],0,0,3,2,3,2,B,,,,,,,B,,,,,"{'rtype': 'd', 'rtimedn': 2.832, 'rtimeup': 3.372}",,,,,,,"{'rtype': 'select-node', 'rtimedn': 115.422, 'rtimeup': 115.422}",,,,
,,22,3,17,1733258189,BDG-488-4534,TREE-1.2-0.0-0.0,"['ac225116-14bc-429f-b2d5-8c4643505c01', '4e6fbdd5-31f9-458d-8cc0-2e7ab78019e6']","['participant', 'participant']","['circle', 'moon']","['hsla(8, 54%, 64%, 1.0)', 'hsla(123, 55%, 48%, 1.0)']","[[1.0, 0.13047925189947399], [0.13047925189947399, 1.0]]","{0: '', 1: 'A', 2: 'B'}",,1,after,"[True, True]","{'max': 21, 'min': 21, 'avg': 21.0, 'root': 12}","[-10, -10]","[129, 142]",sequential,chance,chance,"[1.0, 1.0]","[0.5, 1.0]","[0.5, 1.0]","[0.5, 1.0]","[0.625, 0.0]","[0.375, 0.0]",[[0]],[[1]],[[2]],"(0, 12)","(12, 21)","(12, 21)",{},{},{},"['A', 'B']",[],[],0,0,4,5,3,4,A,,,,,,,A,,,,,"{'rtype': 'select-node', 'rtimedn': 47.144, 'rtimeup': 47.144}",,,,,,,"{'rtype': 'select-node', 'rtimedn': 37.223, 'rtimeup': 37.223}",,,,
,,22,4,17,1733258187,BDG-290-3241,TREE-1.2-0.0-0.0,"['a35a2a09-0e5b-4c89-b416-0180cdf67736', '44997a74-c08b-467a-b3c9-7492a6bde261']","['participant', 'participant']","['star-six', 'dent-square']","['hsla(351, 79%, 51%, 1.0)', 'hsla(114, 51%, 63%, 1.0)']","[[1.0, 0.11820572764465223], [0.11820572764465223, 1.0]]","{0: '', 1: 'A', 2: 'B'}",,1,after,"[True, True]","{'max': 21, 'min': 21, 'avg': 21.0, 'root': 12}","[-10, -10]","[151, 138]",sequential,chance,chance,"[1.0, 1.0]","[0.5, 1.0]","[0.5, 1.0]","[0.5, 1.0]","[0.375, 0.0]","[0.625, 0.0]",[[0]],[[1]],[[2]],"(0, 12)","(12, 21)","(12, 21)",{},{},{},"['A', 'B']",[],[],0,0,3,2,4,1,A,,,,,,,A,,,,,"{'rtype': 'select-node', 'rtimedn': 37.279, 'rtimeup': 37.279}",,,,,,,"{'rtype': 'select-node', 'rtimedn': 37.376, 'rtimeup': 37.376}",,,,
,,22,5,17,1733258187,BDG-348-3454,TREE-1.2-0.0-0.0,"['af883de6-a408-47aa-88dd-be481eabbd68', 'dc7aa794-aaf0-4594-aa67-6466cf997e02']","['participant', 'participant']","['stop-sign', 'hexagon']","['hsla(154, 54%, 56%, 1.0)', 'hsla(163, 93%, 42%, 1.0)']","[[1.0, 0.14202220923436584], [0.14202220923436584, 1.0]]","{0: '', 1: 'A', 2: 'B'}",,2,after,"[True, True]","{'max': 21, 'min': 21, 'avg': 21.0, 'root': 12}","[-10, -10]","[135, 136]",sequential,chance,chance,"[1.0, 1.0]","[0.5, 1.0]","[0.5, 1.0]","[0.5, 1.0]","[0.625, 0.0]","[0.375, 0.0]",[[0]],[[1]],[[2]],"(0, 12)","(12, 21)","(12, 21)",{},{},{},"['A', 'B']",[],[],0,0,3,4,5,4,B,,,,,,,B,,,,,"{'rtype': 'select-node', 'rtimedn': 45.812, 'rtimeup': 45.812}",,,,,,,"{'rtype': 'select-node', 'rtimedn': 37.158, 'rtimeup': 37.158}",,,,
,,23,0,17,1733258204,BDG-584-5425,TREE-1.2-0.0-0.0,"['4983457d-3147-4672-b739-bdd182435dc3', 'a35a2a09-0e5b-4c89-b416-0180cdf67736']","['robot', 'participant']","['ghost', 'star-six']","['hsla(332, 75%, 59%, 1.0)', 'hsla(351, 79%, 51%, 1.0)']","[[1.0, 0.14202220923436584], [0.14202220923436584, 1.0]]","{0: '', 1: 'A', 2: 'B'}",,2,after,"[False, True]","{'max': 21, 'min': 21, 'avg': 21.0, 'root': 12}","[0, -10]","[122, 151]",sequential,chance,chance,"[1.0, 1.0]","[0.5, 1.0]","[0.5, 1.0]","[0.5, 1.0]","[0.375, 0.0]","[0.625, 0.0]",[[0]],[[1]],[[2]],"(0, 12)","(12, 21)","(12, 21)",{},{},{},"['A', 'B']",[],[],0,0,5,4,2,5,B,,,,,,,A,,,,,"{'rtype': 'd', 'rtimedn': 2.644, 'rtimeup': 3.503}",,,,,,,"{'rtype': 'select-node', 'rtimedn': 38.984, 'rtimeup': 38.984}",,,,
,,23,1,17,1733258201,BDG-485-4531,TREE-1.2-0.0-0.0,"['6c7c7d0e-9b28-49a3-a8ae-a038288cb0a1', 'b19d3db0-5631-4177-af52-32b44b4c6ee4']","['participant', 'robot']","['dent-square', 'cross']","['hsla(165, 54%, 40%, 1.0)', 'hsla(73, 80%, 59%, 1.0)']","[[1.0, 0.025131502045587374], [0.025131502045587374, 1.0]]","{0: '', 1: 'A', 2: 'B'}",,1,after,"[True, False]","{'max': 21, 'min': 21, 'avg': 21.0, 'root': 12}","[-10, 0]","[133, 140]",sequential,chance,chance,"[1.0, 1.0]","[0.5, 1.0]","[0.5, 1.0]","[0.5, 1.0]","[0.625, 0.0]","[0.375, 0.0]",[[0]],[[1]],[[2]],"(0, 12)","(12, 21)","(12, 21)",{},{},{},"['A', 'B']",[],[],0,0,4,5,3,1,A,,,,,,,A,,,,,"{'rtype': 'select-node', 'rtimedn': 50.842, 'rtimeup': 50.842}",,,,,,,"{'rtype': 'd', 'rtimedn': 6.591, 'rtimeup': 8.713}",,,,
,,23,2,17,1733258202,BDG-225-2511,TREE-1.2-0.0-0.0,"['eede0c44-416a-4587-96b5-ce08abfb5509', '4e6fbdd5-31f9-458d-8cc0-2e7ab78019e6']","['participant', 'participant']","['flower', 'moon']","['hsla(140, 57%, 43%, 1.0)', 'hsla(123, 55%, 48%, 1.0)']","[[1.0, 0.11221507890122734], [0.11221507890122734, 1.0]]","{0: '', 1: 'A', 2: 'B'}",,2,after,"[True, True]","{'max': 21, 'min': 21, 'avg': 21.0, 'root': 12}","[-10, -10]","[124, 142]",sequential,chance,chance,"[1.0, 1.0]","[0.5, 1.0]","[0.5, 1.0]","[0.5, 1.0]","[0.375, 0.0]","[0.625, 0.0]",[[0]],[[1]],[[2]],"(0, 12)","(12, 21)","(12, 21)",{},{},{},"['A', 'B']",[],[],0,0,2,5,1,1,B,,,,,,,B,,,,,"{'rtype': 'select-node', 'rtimedn': 116.69, 'rtimeup': 116.69}",,,,,,,"{'rtype': 'select-node', 'rtimedn': 38.486, 'rtimeup': 38.486}",,,,
,,23,3,17,1733258205,BDG-129-2115,TREE-1.2-0.0-0.0,"['bf1ced06-3c98-481a-b525-b0ff789e92c2', 'ac225116-14bc-429f-b2d5-8c4643505c01']","['participant', 'participant']","['stop-sign', 'circle']","['hsla(77, 55%, 64%, 1.0)', 'hsla(8, 54%, 64%, 1.0)']","[[1.0, 0.11221507890122734], [0.11221507890122734, 1.0]]","{0: '', 1: 'A', 2: 'B'}",,1,after,"[True, True]","{'max': 21, 'min': 21, 'avg': 21.0, 'root': 12}","[-10, -10]","[127, 129]",sequential,chance,chance,"[1.0, 1.0]","[0.5, 1.0]","[0.5, 1.0]","[0.5, 1.0]","[0.375, 0.0]","[0.625, 0.0]",[[0]],[[1]],[[2]],"(0, 12)","(12, 21)","(12, 21)",{},{},{},"['A', 'B']",[],[],0,0,2,1,1,5,A,,,,,,,B,,,,,"{'rtype': 'select-node', 'rtimedn': 117.678, 'rtimeup': 117.678}",,,,,,,"{'rtype': 'select-node', 'rtimedn': 48.86, 'rtimeup': 48.86}",,,,
,,23,4,17,1733258202,BDG-132-2123,TREE-1.2-0.0-0.0,"['af883de6-a408-47aa-88dd-be481eabbd68', '56064979-2a1e-4fcf-921e-09debb413eaa']","['participant', 'participant']","['stop-sign', 'circle']","['hsla(154, 54%, 56%, 1.0)', 'hsla(79, 92%, 65%, 1.0)']","[[1.0, 0.10520163646990063], [0.10520163646990063, 1.0]]","{0: '', 1: 'A', 2: 'B'}",,2,after,"[True, True]","{'max': 21, 'min': 21, 'avg': 21.0, 'root': 12}","[-10, -10]","[135, 127]",sequential,chance,chance,"[1.0, 1.0]","[0.5, 1.0]","[0.5, 1.0]","[0.5, 1.0]","[0.625, 0.0]","[0.375, 0.0]",[[0]],[[1]],[[2]],"(0, 12)","(12, 21)","(12, 21)",{},{},{},"['A', 'B']",[],[],0,0,2,1,2,3,B,,,,,,,B,,,,,"{'rtype': 'select-node', 'rtimedn': 47.373, 'rtimeup': 47.373}",,,,,,,"{'rtype': 'select-node', 'rtimedn': 38.778, 'rtimeup': 38.778}",,,,
,,23,5,17,1733258200,BDG-038-1234,TREE-1.2-0.0-0.0,"['44997a74-c08b-467a-b3c9-7492a6bde261', 'dc7aa794-aaf0-4594-aa67-6466cf997e02']","['participant', 'participant']","['dent-square', 'hexagon']","['hsla(114, 51%, 63%, 1.0)', 'hsla(163, 93%, 42%, 1.0)']","[[1.0, 0.10520163646990063], [0.10520163646990063, 1.0]]","{0: '', 1: 'A', 2: 'B'}",,2,after,"[True, True]","{'max': 21, 'min': 21, 'avg': 21.0, 'root': 12}","[-10, -10]","[138, 136]",sequential,chance,chance,"[1.0, 1.0]","[0.5, 1.0]","[0.5, 1.0]","[0.5, 1.0]","[0.625, 0.0]","[0.375, 0.0]",[[0]],[[1]],[[2]],"(0, 12)","(12, 21)","(12, 21)",{},{},{},"['A', 'B']",[],[],0,0,1,2,3,4,B,,,,,,,B,,,,,"{'rtype': 'select-node', 'rtimedn': 38.7, 'rtimeup': 38.7}",,,,,,,"{'rtype': 'select-node', 'rtimedn': 38.473, 'rtimeup': 38.473}",,,,
,,24,0,17,1733258216,BDG-367-3543,TREE-1.2-0.0-0.0,"['a35a2a09-0e5b-4c89-b416-0180cdf67736', '4e6fbdd5-31f9-458d-8cc0-2e7ab78019e6']","['participant', 'participant']","['star-six', 'moon']","['hsla(351, 79%, 51%, 1.0)', 'hsla(123, 55%, 48%, 1.0)']","[[1.0, 0.09248977206312098], [0.09248977206312098, 1.0]]","{0: '', 1: 'A', 2: 'B'}",,2,after,"[True, True]","{'max': 21, 'min': 21, 'avg': 21.0, 'root': 12}","[-10, -10]","[151, 142]",sequential,chance,chance,"[1.0, 1.0]","[0.5, 1.0]","[0.5, 1.0]","[0.5, 1.0]","[0.375, 0.0]","[0.625, 0.0]",[[0]],[[1]],[[2]],"(0, 12)","(12, 21)","(12, 21)",{},{},{},"['A', 'B']",[],[],0,0,3,5,4,3,B,,,,,,,B,,,,,"{'rtype': 'select-node', 'rtimedn': 40.147, 'rtimeup': 40.147}",,,,,,,"{'rtype': 'select-node', 'rtimedn': 39.954, 'rtimeup': 39.954}",,,,
,,24,1,17,1733258214,BDG-116-1542,TREE-1.2-0.0-0.0,"['56064979-2a1e-4fcf-921e-09debb413eaa', 'ac225116-14bc-429f-b2d5-8c4643505c01']","['participant', 'participant']","['circle', 'circle']","['hsla(79, 92%, 65%, 1.0)', 'hsla(8, 54%, 64%, 1.0)']","[[1.0, 0.07773232028053768], [0.07773232028053768, 1.0]]","{0: '', 1: 'A', 2: 'B'}",,2,after,"[True, True]","{'max': 21, 'min': 21, 'avg': 21.0, 'root': 12}","[-10, -10]","[127, 129]",sequential,chance,chance,"[1.0, 1.0]","[0.5, 1.0]","[0.5, 1.0]","[0.5, 1.0]","[0.375, 0.0]","[0.625, 0.0]",[[0]],[[1]],[[2]],"(0, 12)","(12, 21)","(12, 21)",{},{},{},"['A', 'B']",[],[],0,0,1,5,4,2,B,,,,,,,A,,,,,"{'rtype': 'select-node', 'rtimedn': 39.999, 'rtimeup': 39.999}",,,,,,,"{'rtype': 'select-node', 'rtimedn': 50.036, 'rtimeup': 50.036}",,,,
,,24,2,17,1733258216,BDG-448-4354,TREE-1.2-0.0-0.0,"['b19d3db0-5631-4177-af52-32b44b4c6ee4', 'bf1ced06-3c98-481a-b525-b0ff789e92c2']","['robot', 'participant']","['cross', 'stop-sign']","['hsla(73, 80%, 59%, 1.0)', 'hsla(77, 55%, 64%, 1.0)']","[[1.0, 0.14202220923436584], [0.14202220923436584, 1.0]]","{0: '', 1: 'A', 2: 'B'}",,2,after,"[False, True]","{'max': 21, 'min': 21, 'avg': 21.0, 'root': 12}","[0, -10]","[140, 127]",sequential,chance,chance,"[1.0, 1.0]","[0.5, 1.0]","[0.5, 1.0]","[0.5, 1.0]","[0.375, 0.0]","[0.625, 0.0]",[[0]],[[1]],[[2]],"(0, 12)","(12, 21)","(12, 21)",{},{},{},"['A', 'B']",[],[],0,0,4,3,5,4,B,,,,,,,B,,,,,"{'rtype': 'a', 'rtimedn': 0.264, 'rtimeup': 1.066}",,,,,,,"{'rtype': 'select-node', 'rtimedn': 118.812, 'rtimeup': 118.812}",,,,
,,24,3,17,1733258213,BDG-079-1415,TREE-1.2-0.0-0.0,"['af883de6-a408-47aa-88dd-be481eabbd68', '4983457d-3147-4672-b739-bdd182435dc3']","['participant', 'robot']","['stop-sign', 'ghost']","['hsla(154, 54%, 56%, 1.0)', 'hsla(332, 75%, 59%, 1.0)']","[[1.0, 0.13047925189947399], [0.13047925189947399, 1.0]]","{0: '', 1: 'A', 2: 'B'}",,2,after,"[True, False]","{'max': 21, 'min': 21, 'avg': 21.0, 'root': 12}","[-10, 0]","[135, 122]",sequential,chance,chance,"[1.0, 1.0]","[0.5, 1.0]","[0.5, 1.0]","[0.5, 1.0]","[0.375, 0.0]","[0.625, 0.0]",[[0]],[[1]],[[2]],"(0, 12)","(12, 21)","(12, 21)",{},{},{},"['A', 'B']",[],[],0,0,1,4,1,5,B,,,,,,,B,,,,,"{'rtype': 'select-node', 'rtimedn': 48.538, 'rtimeup': 48.538}",,,,,,,"{'rtype': 'a', 'rtimedn': 0.565, 'rtimeup': 1.321}",,,,
,,24,4,17,1733258215,BDG-265-3141,TREE-1.2-0.0-0.0,"['6c7c7d0e-9b28-49a3-a8ae-a038288cb0a1', 'eede0c44-416a-4587-96b5-ce08abfb5509']","['participant', 'participant']","['dent-square', 'flower']","['hsla(165, 54%, 40%, 1.0)', 'hsla(140, 57%, 43%, 1.0)']","[[1.0, 0.13047925189947399], [0.13047925189947399, 1.0]]","{0: '', 1: 'A', 2: 'B'}",,2,after,"[True, True]","{'max': 21, 'min': 21, 'avg': 21.0, 'root': 12}","[-10, -10]","[133, 124]",sequential,chance,chance,"[1.0, 1.0]","[0.5, 1.0]","[0.5, 1.0]","[0.5, 1.0]","[0.375, 0.0]","[0.625, 0.0]",[[0]],[[1]],[[2]],"(0, 12)","(12, 21)","(12, 21)",{},{},{},"['A', 'B']",[],[],0,0,3,1,4,1,B,,,,,,,A,,,,,"{'rtype': 'select-node', 'rtimedn': 51.976, 'rtimeup': 51.976}",,,,,,,"{'rtype': 'select-node', 'rtimedn': 118.089, 'rtimeup': 118.089}",,,,
,,24,5,17,1733258214,BDG-301-3312,TREE-1.2-0.0-0.0,"['44997a74-c08b-467a-b3c9-7492a6bde261', 'dc7aa794-aaf0-4594-aa67-6466cf997e02']","['participant', 'participant']","['dent-square', 'hexagon']","['hsla(114, 51%, 63%, 1.0)', 'hsla(163, 93%, 42%, 1.0)']","[[1.0, 0.10520163646990063], [0.10520163646990063, 1.0]]","{0: '', 1: 'A', 2: 'B'}",,1,after,"[True, True]","{'max': 21, 'min': 21, 'avg': 21.0, 'root': 12}","[-10, -10]","[138, 136]",sequential,chance,chance,"[1.0, 1.0]","[0.5, 1.0]","[0.5, 1.0]","[0.5, 1.0]","[0.375, 0.0]","[0.625, 0.0]",[[0]],[[1]],[[2]],"(0, 12)","(12, 21)","(12, 21)",{},{},{},"['A', 'B']",[],[],0,0,3,3,1,2,A,,,,,,,A,,,,,"{'rtype': 'select-node', 'rtimedn': 40.056, 'rtimeup': 40.056}",,,,,,,"{'rtype': 'select-node', 'rtimedn': 39.79, 'rtimeup': 39.79}",,,,
,,25,0,17,1733258228,BDG-077-1413,TREE-1.2-0.0-0.0,"['56064979-2a1e-4fcf-921e-09debb413eaa', '4e6fbdd5-31f9-458d-8cc0-2e7ab78019e6']","['participant', 'participant']","['circle', 'moon']","['hsla(79, 92%, 65%, 1.0)', 'hsla(123, 55%, 48%, 1.0)']","[[1.0, 0.11820572764465223], [0.11820572764465223, 1.0]]","{0: '', 1: 'A', 2: 'B'}",,2,after,"[True, True]","{'max': 21, 'min': 21, 'avg': 21.0, 'root': 12}","[-10, -10]","[127, 142]",sequential,chance,chance,"[1.0, 1.0]","[0.5, 1.0]","[0.5, 1.0]","[0.5, 1.0]","[0.625, 0.0]","[0.375, 0.0]",[[0]],[[1]],[[2]],"(0, 12)","(12, 21)","(12, 21)",{},{},{},"['A', 'B']",[],[],0,0,1,4,1,3,B,,,,,,,B,,,,,"{'rtype': 'select-node', 'rtimedn': 41.225, 'rtimeup': 41.225}",,,,,,,"{'rtype': 'select-node', 'rtimedn': 41.088, 'rtimeup': 41.088}",,,,
,,25,1,17,1733258226,BDG-453-4414,TREE-1.2-0.0-0.0,"['4983457d-3147-4672-b739-bdd182435dc3', '6c7c7d0e-9b28-49a3-a8ae-a038288cb0a1']","['robot', 'participant']","['ghost', 'dent-square']","['hsla(332, 75%, 59%, 1.0)', 'hsla(165, 54%, 40%, 1.0)']","[[1.0, 0.11820572764465223], [0.11820572764465223, 1.0]]","{0: '', 1: 'A', 2: 'B'}",,1,after,"[False, True]","{'max': 21, 'min': 21, 'avg': 21.0, 'root': 12}","[0, -10]","[122, 133]",sequential,chance,chance,"[1.0, 1.0]","[0.5, 1.0]","[0.5, 1.0]","[0.5, 1.0]","[0.375, 0.0]","[0.625, 0.0]",[[0]],[[1]],[[2]],"(0, 12)","(12, 21)","(12, 21)",{},{},{},"['A', 'B']",[],[],0,0,4,4,1,4,A,,,,,,,A,,,,,"{'rtype': 'd', 'rtimedn': 2.331, 'rtimeup': 3.087}",,,,,,,"{'rtype': 'select-node', 'rtimedn': 53.343, 'rtimeup': 53.343}",,,,
,,25,2,17,1733258228,BDG-188-2334,TREE-1.2-0.0-0.0,"['bf1ced06-3c98-481a-b525-b0ff789e92c2', 'b19d3db0-5631-4177-af52-32b44b4c6ee4']","['participant', 'robot']","['stop-sign', 'cross']","['hsla(77, 55%, 64%, 1.0)', 'hsla(73, 80%, 59%, 1.0)']","[[1.0, 0.14202220923436584], [0.14202220923436584, 1.0]]","{0: '', 1: 'A', 2: 'B'}",,2,after,"[True, False]","{'max': 21, 'min': 21, 'avg': 21.0, 'root': 12}","[-10, 0]","[127, 140]",sequential,chance,chance,"[1.0, 1.0]","[0.5, 1.0]","[0.5, 1.0]","[0.5, 1.0]","[0.625, 0.0]","[0.375, 0.0]",[[0]],[[1]],[[2]],"(0, 12)","(12, 21)","(12, 21)",{},{},{},"['A', 'B']",[],[],0,0,2,3,3,4,B,,,,,,,B,,,,,"{'rtype': 'select-node', 'rtimedn': 119.968, 'rtimeup': 119.968}",,,,,,,"{'rtype': 'd', 'rtimedn': 4.03, 'rtimeup': 5.74}",,,,
,,25,3,17,1733258227,BDG-533-5224,TREE-1.2-0.0-0.0,"['a35a2a09-0e5b-4c89-b416-0180cdf67736', 'ac225116-14bc-429f-b2d5-8c4643505c01']","['participant', 'participant']","['star-six', 'circle']","['hsla(351, 79%, 51%, 1.0)', 'hsla(8, 54%, 64%, 1.0)']","[[1.0, 0.08898305084745763], [0.08898305084745763, 1.0]]","{0: '', 1: 'A', 2: 'B'}",,1,after,"[True, True]","{'max': 21, 'min': 21, 'avg': 21.0, 'root': 12}","[-10, -10]","[151, 129]",sequential,chance,chance,"[1.0, 1.0]","[0.5, 1.0]","[0.5, 1.0]","[0.5, 1.0]","[0.625, 0.0]","[0.375, 0.0]",[[0]],[[1]],[[2]],"(0, 12)","(12, 21)","(12, 21)",{},{},{},"['A', 'B']",[],[],0,0,5,2,2,4,A,,,,,,,B,,,,,"{'rtype': 'select-node', 'rtimedn': 41.186, 'rtimeup': 41.186}",,,,,,,"{'rtype': 'select-node', 'rtimedn': 51.268, 'rtimeup': 51.268}",,,,
,,25,4,17,1733258225,BDG-452-4413,TREE-1.2-0.0-0.0,"['dc7aa794-aaf0-4594-aa67-6466cf997e02', 'af883de6-a408-47aa-88dd-be481eabbd68']","['participant', 'participant']","['hexagon', 'stop-sign']","['hsla(163, 93%, 42%, 1.0)', 'hsla(154, 54%, 56%, 1.0)']","[[1.0, 0.14202220923436584], [0.14202220923436584, 1.0]]","{0: '', 1: 'A', 2: 'B'}",,1,after,"[True, True]","{'max': 21, 'min': 21, 'avg': 21.0, 'root': 12}","[-10, -10]","[136, 135]",sequential,chance,chance,"[1.0, 1.0]","[0.5, 1.0]","[0.5, 1.0]","[0.5, 1.0]","[0.625, 0.0]","[0.375, 0.0]",[[0]],[[1]],[[2]],"(0, 12)","(12, 21)","(12, 21)",{},{},{},"['A', 'B']",[],[],0,0,4,4,1,3,A,,,,,,,A,,,,,"{'rtype': 'select-node', 'rtimedn': 40.916, 'rtimeup': 40.916}",,,,,,,"{'rtype': 'select-node', 'rtimedn': 49.709, 'rtimeup': 49.709}",,,,
,,25,5,17,1733258231,BDG-120-1551,TREE-1.2-0.0-0.0,"['44997a74-c08b-467a-b3c9-7492a6bde261', 'eede0c44-416a-4587-96b5-ce08abfb5509']","['participant', 'participant']","['dent-square', 'flower']","['hsla(114, 51%, 63%, 1.0)', 'hsla(140, 57%, 43%, 1.0)']","[[1.0, 0.08898305084745763], [0.08898305084745763, 1.0]]","{0: '', 1: 'A', 2: 'B'}",,2,after,"[True, True]","{'max': 21, 'min': 21, 'avg': 21.0, 'root': 12}","[-10, -10]","[138, 124]",sequential,chance,chance,"[1.0, 1.0]","[0.5, 1.0]","[0.5, 1.0]","[0.5, 1.0]","[0.625, 0.0]","[0.375, 0.0]",[[0]],[[1]],[[2]],"(0, 12)","(12, 21)","(12, 21)",{},{},{},"['A', 'B']",[],[],0,0,1,5,5,1,B,,,,,,,B,,,,,"{'rtype': 'select-node', 'rtimedn': 41.303, 'rtimeup': 41.303}",,,,,,,"{'rtype': 'select-node', 'rtimedn': 119.661, 'rtimeup': 119.661}",,,,
,,26,0,17,1733258239,BDG-020-1151,TREE-1.2-0.0-0.0,"['4983457d-3147-4672-b739-bdd182435dc3', 'bf1ced06-3c98-481a-b525-b0ff789e92c2']","['robot', 'participant']","['ghost', 'stop-sign']","['hsla(332, 75%, 59%, 1.0)', 'hsla(77, 55%, 64%, 1.0)']","[[1.0, 0.10520163646990063], [0.10520163646990063, 1.0]]","{0: '', 1: 'A', 2: 'B'}",,2,after,"[False, True]","{'max': 21, 'min': 21, 'avg': 21.0, 'root': 12}","[0, -10]","[122, 127]",sequential,chance,chance,"[1.0, 1.0]","[0.5, 1.0]","[0.5, 1.0]","[0.5, 1.0]","[0.625, 0.0]","[0.375, 0.0]",[[0]],[[1]],[[2]],"(0, 12)","(12, 21)","(12, 21)",{},{},{},"['A', 'B']",[],[],0,0,1,1,5,1,B,,,,,,,B,,,,,"{'rtype': 'd', 'rtimedn': 9.022, 'rtimeup': 9.501}",,,,,,,"{'rtype': 'select-node', 'rtimedn': 121.071, 'rtimeup': 121.071}",,,,
,,26,1,17,1733258241,BDG-175-2311,TREE-1.2-0.0-0.0,"['4e6fbdd5-31f9-458d-8cc0-2e7ab78019e6', 'eede0c44-416a-4587-96b5-ce08abfb5509']","['participant', 'participant']","['moon', 'flower']","['hsla(123, 55%, 48%, 1.0)', 'hsla(140, 57%, 43%, 1.0)']","[[1.0, 0.11221507890122734], [0.11221507890122734, 1.0]]","{0: '', 1: 'A', 2: 'B'}",,2,after,"[True, True]","{'max': 21, 'min': 21, 'avg': 21.0, 'root': 12}","[-10, -10]","[142, 124]",sequential,chance,chance,"[1.0, 1.0]","[0.5, 1.0]","[0.5, 1.0]","[0.5, 1.0]","[0.375, 0.0]","[0.625, 0.0]",[[0]],[[1]],[[2]],"(0, 12)","(12, 21)","(12, 21)",{},{},{},"['A', 'B']",[],[],0,0,2,3,1,1,B,,,,,,,B,,,,,"{'rtype': 'select-node', 'rtimedn': 42.439, 'rtimeup': 42.439}",,,,,,,"{'rtype': 'select-node', 'rtimedn': 120.518, 'rtimeup': 120.518}",,,,
,,26,2,17,1733258241,BDG-008-1124,TREE-1.2-0.0-0.0,"['b19d3db0-5631-4177-af52-32b44b4c6ee4', 'af883de6-a408-47aa-88dd-be481eabbd68']","['robot', 'participant']","['cross', 'stop-sign']","['hsla(73, 80%, 59%, 1.0)', 'hsla(154, 54%, 56%, 1.0)']","[[1.0, 0.11221507890122734], [0.11221507890122734, 1.0]]","{0: '', 1: 'A', 2: 'B'}",,2,after,"[False, True]","{'max': 21, 'min': 21, 'avg': 21.0, 'root': 12}","[0, -10]","[140, 135]",sequential,chance,chance,"[1.0, 1.0]","[0.5, 1.0]","[0.5, 1.0]","[0.5, 1.0]","[0.625, 0.0]","[0.375, 0.0]",[[0]],[[1]],[[2]],"(0, 12)","(12, 21)","(12, 21)",{},{},{},"['A', 'B']",[],[],0,0,1,1,2,4,B,,,,,,,B,,,,,"{'rtype': 'a', 'rtimedn': 9.025, 'rtimeup': 11.729}",,,,,,,"{'rtype': 'select-node', 'rtimedn': 51.274, 'rtimeup': 51.274}",,,,
,,26,3,17,1733258241,BDG-026-1212,TREE-1.2-0.0-0.0,"['56064979-2a1e-4fcf-921e-09debb413eaa', 'a35a2a09-0e5b-4c89-b416-0180cdf67736']","['participant', 'participant']","['circle', 'star-six']","['hsla(79, 92%, 65%, 1.0)', 'hsla(351, 79%, 51%, 1.0)']","[[1.0, 0.13047925189947399], [0.13047925189947399, 1.0]]","{0: '', 1: 'A', 2: 'B'}",,1,after,"[True, True]","{'max': 21, 'min': 21, 'avg': 21.0, 'root': 12}","[-10, -10]","[127, 151]",sequential,chance,chance,"[1.0, 1.0]","[0.5, 1.0]","[0.5, 1.0]","[0.5, 1.0]","[0.375, 0.0]","[0.625, 0.0]",[[0]],[[1]],[[2]],"(0, 12)","(12, 21)","(12, 21)",{},{},{},"['A', 'B']",[],[],0,0,1,2,1,2,A,,,,,,,B,,,,,"{'rtype': 'select-node', 'rtimedn': 42.526, 'rtimeup': 42.526}",,,,,,,"{'rtype': 'select-node', 'rtimedn': 42.654, 'rtimeup': 42.654}",,,,
,,26,4,17,1733258240,BDG-404-4215,TREE-1.2-0.0-0.0,"['dc7aa794-aaf0-4594-aa67-6466cf997e02', 'ac225116-14bc-429f-b2d5-8c4643505c01']","['participant', 'participant']","['hexagon', 'circle']","['hsla(163, 93%, 42%, 1.0)', 'hsla(8, 54%, 64%, 1.0)']","[[1.0, 0.11820572764465223], [0.11820572764465223, 1.0]]","{0: '', 1: 'A', 2: 'B'}",,1,after,"[True, True]","{'max': 21, 'min': 21, 'avg': 21.0, 'root': 12}","[-10, -10]","[136, 129]",sequential,chance,chance,"[1.0, 1.0]","[0.5, 1.0]","[0.5, 1.0]","[0.5, 1.0]","[0.625, 0.0]","[0.375, 0.0]",[[0]],[[1]],[[2]],"(0, 12)","(12, 21)","(12, 21)",{},{},{},"['A', 'B']",[],[],0,0,4,2,1,5,A,,,,,,,A,,,,,"{'rtype': 'select-node', 'rtimedn': 42.486, 'rtimeup': 42.486}",,,,,,,"{'rtype': 'select-node', 'rtimedn': 52.577, 'rtimeup': 52.577}",,,,
,,26,5,17,1733258242,BDG-407-4223,TREE-1.2-0.0-0.0,"['6c7c7d0e-9b28-49a3-a8ae-a038288cb0a1', '44997a74-c08b-467a-b3c9-7492a6bde261']","['participant', 'participant']","['dent-square', 'dent-square']","['hsla(165, 54%, 40%, 1.0)', 'hsla(114, 51%, 63%, 1.0)']","[[1.0, 0.11221507890122734], [0.11221507890122734, 1.0]]","{0: '', 1: 'A', 2: 'B'}",,1,after,"[True, True]","{'max': 21, 'min': 21, 'avg': 21.0, 'root': 12}","[-10, -10]","[133, 138]",sequential,chance,chance,"[1.0, 1.0]","[0.5, 1.0]","[0.5, 1.0]","[0.5, 1.0]","[0.625, 0.0]","[0.375, 0.0]",[[0]],[[1]],[[2]],"(0, 12)","(12, 21)","(12, 21)",{},{},{},"['A', 'B']",[],[],0,0,4,2,2,3,A,,,,,,,A,,,,,"{'rtype': 'select-node', 'rtimedn': 54.664, 'rtimeup': 54.664}",,,,,,,"{'rtype': 'select-node', 'rtimedn': 42.854, 'rtimeup': 42.854}",,,,
,,27,0,17,1733258250,BDG-042-1243,TREE-1.2-0.0-0.0,"['4983457d-3147-4672-b739-bdd182435dc3', 'dc7aa794-aaf0-4594-aa67-6466cf997e02']","['robot', 'participant']","['ghost', 'hexagon']","['hsla(332, 75%, 59%, 1.0)', 'hsla(163, 93%, 42%, 1.0)']","[[1.0, 0.08898305084745763], [0.08898305084745763, 1.0]]","{0: '', 1: 'A', 2: 'B'}",,1,after,"[False, True]","{'max': 21, 'min': 21, 'avg': 21.0, 'root': 12}","[0, -10]","[122, 136]",sequential,chance,chance,"[1.0, 1.0]","[0.5, 1.0]","[0.5, 1.0]","[0.5, 1.0]","[0.375, 0.0]","[0.625, 0.0]",[[0]],[[1]],[[2]],"(0, 12)","(12, 21)","(12, 21)",{},{},{},"['A', 'B']",[],[],0,0,1,2,4,3,A,,,,,,,B,,,,,"{'rtype': 'd', 'rtimedn': 1.181, 'rtimeup': 2.902}",,,,,,,"{'rtype': 'select-node', 'rtimedn': 43.491, 'rtimeup': 43.491}",,,,
,,27,1,17,1733258252,BDG-601-5512,TREE-1.2-0.0-0.0,"['4e6fbdd5-31f9-458d-8cc0-2e7ab78019e6', 'af883de6-a408-47aa-88dd-be481eabbd68']","['participant', 'participant']","['moon', 'stop-sign']","['hsla(123, 55%, 48%, 1.0)', 'hsla(154, 54%, 56%, 1.0)']","[[1.0, 0.07773232028053768], [0.07773232028053768, 1.0]]","{0: '', 1: 'A', 2: 'B'}",,1,after,"[True, True]","{'max': 21, 'min': 21, 'avg': 21.0, 'root': 12}","[-10, -10]","[142, 135]",sequential,chance,chance,"[1.0, 1.0]","[0.5, 1.0]","[0.5, 1.0]","[0.5, 1.0]","[0.375, 0.0]","[0.625, 0.0]",[[0]],[[1]],[[2]],"(0, 12)","(12, 21)","(12, 21)",{},{},{},"['A', 'B']",[],[],0,0,5,5,1,2,A,,,,,,,A,,,,,"{'rtype': 'select-node', 'rtimedn': 43.551, 'rtimeup': 43.551}",,,,,,,"{'rtype': 'select-node', 'rtimedn': 52.247, 'rtimeup': 52.247}",,,,
,,27,2,17,1733258251,BDG-078-1414,TREE-1.2-0.0-0.0,"['6c7c7d0e-9b28-49a3-a8ae-a038288cb0a1', '56064979-2a1e-4fcf-921e-09debb413eaa']","['participant', 'participant']","['dent-square', 'circle']","['hsla(165, 54%, 40%, 1.0)', 'hsla(79, 92%, 65%, 1.0)']","[[1.0, 0.09248977206312098], [0.09248977206312098, 1.0]]","{0: '', 1: 'A', 2: 'B'}",,1,after,"[True, True]","{'max': 21, 'min': 21, 'avg': 21.0, 'root': 12}","[-10, -10]","[133, 127]",sequential,chance,chance,"[1.0, 1.0]","[0.5, 1.0]","[0.5, 1.0]","[0.5, 1.0]","[0.375, 0.0]","[0.625, 0.0]",[[0]],[[1]],[[2]],"(0, 12)","(12, 21)","(12, 21)",{},{},{},"['A', 'B']",[],[],0,0,1,4,1,4,A,,,,,,,A,,,,,"{'rtype': 'select-node', 'rtimedn': 55.819, 'rtimeup': 55.819}",,,,,,,"{'rtype': 'select-node', 'rtimedn': 43.712, 'rtimeup': 43.712}",,,,
,,27,3,17,1733258253,BDG-519-5145,TREE-1.2-0.0-0.0,"['eede0c44-416a-4587-96b5-ce08abfb5509', 'b19d3db0-5631-4177-af52-32b44b4c6ee4']","['participant', 'robot']","['flower', 'cross']","['hsla(140, 57%, 43%, 1.0)', 'hsla(73, 80%, 59%, 1.0)']","[[1.0, 0.11820572764465223], [0.11820572764465223, 1.0]]","{0: '', 1: 'A', 2: 'B'}",,2,after,"[True, False]","{'max': 21, 'min': 21, 'avg': 21.0, 'root': 12}","[-10, 0]","[124, 140]",sequential,chance,chance,"[1.0, 1.0]","[0.5, 1.0]","[0.5, 1.0]","[0.5, 1.0]","[0.625, 0.0]","[0.375, 0.0]",[[0]],[[1]],[[2]],"(0, 12)","(12, 21)","(12, 21)",{},{},{},"['A', 'B']",[],[],0,0,5,1,4,5,B,,,,,,,B,,,,,"{'rtype': 'select-node', 'rtimedn': 121.894, 'rtimeup': 121.894}",,,,,,,"{'rtype': 'd', 'rtimedn': 7.922, 'rtimeup': 8.712}",,,,
,,27,4,17,1733258253,BDG-615-5541,TREE-1.2-0.0-0.0,"['a35a2a09-0e5b-4c89-b416-0180cdf67736', 'ac225116-14bc-429f-b2d5-8c4643505c01']","['participant', 'participant']","['star-six', 'circle']","['hsla(351, 79%, 51%, 1.0)', 'hsla(8, 54%, 64%, 1.0)']","[[1.0, 0.08898305084745763], [0.08898305084745763, 1.0]]","{0: '', 1: 'A', 2: 'B'}",,1,after,"[True, True]","{'max': 21, 'min': 21, 'avg': 21.0, 'root': 12}","[-10, -10]","[151, 129]",sequential,chance,chance,"[1.0, 1.0]","[0.5, 1.0]","[0.5, 1.0]","[0.5, 1.0]","[0.375, 0.0]","[0.625, 0.0]",[[0]],[[1]],[[2]],"(0, 12)","(12, 21)","(12, 21)",{},{},{},"['A', 'B']",[],[],0,0,5,5,4,1,A,,,,,,,A,,,,,"{'rtype': 'select-node', 'rtimedn': 43.829, 'rtimeup': 43.829}",,,,,,,"{'rtype': 'select-node', 'rtimedn': 53.648, 'rtimeup': 53.648}",,,,
,,27,5,17,1733258253,BDG-440-4341,TREE-1.2-0.0-0.0,"['44997a74-c08b-467a-b3c9-7492a6bde261', 'bf1ced06-3c98-481a-b525-b0ff789e92c2']","['participant', 'participant']","['dent-square', 'stop-sign']","['hsla(114, 51%, 63%, 1.0)', 'hsla(77, 55%, 64%, 1.0)']","[[1.0, 0.07773232028053768], [0.07773232028053768, 1.0]]","{0: '', 1: 'A', 2: 'B'}",,1,after,"[True, True]","{'max': 21, 'min': 21, 'avg': 21.0, 'root': 12}","[-10, -10]","[138, 127]",sequential,chance,chance,"[1.0, 1.0]","[0.5, 1.0]","[0.5, 1.0]","[0.5, 1.0]","[0.375, 0.0]","[0.625, 0.0]",[[0]],[[1]],[[2]],"(0, 12)","(12, 21)","(12, 21)",{},{},{},"['A', 'B']",[],[],0,0,4,3,4,1,A,,,,,,,B,,,,,"{'rtype': 'select-node', 'rtimedn': 43.717, 'rtimeup': 43.717}",,,,,,,"{'rtype': 'select-node', 'rtimedn': 122.442, 'rtimeup': 122.442}",,,,
,,28,0,17,1733258264,BDG-183-2324,TREE-1.2-0.0-0.0,"['6c7c7d0e-9b28-49a3-a8ae-a038288cb0a1', '44997a74-c08b-467a-b3c9-7492a6bde261']","['participant', 'participant']","['dent-square', 'dent-square']","['hsla(165, 54%, 40%, 1.0)', 'hsla(114, 51%, 63%, 1.0)']","[[1.0, 0.11221507890122734], [0.11221507890122734, 1.0]]","{0: '', 1: 'A', 2: 'B'}",,2,after,"[True, True]","{'max': 21, 'min': 21, 'avg': 21.0, 'root': 12}","[-10, -10]","[133, 138]",sequential,chance,chance,"[1.0, 1.0]","[0.5, 1.0]","[0.5, 1.0]","[0.5, 1.0]","[0.375, 0.0]","[0.625, 0.0]",[[0]],[[1]],[[2]],"(0, 12)","(12, 21)","(12, 21)",{},{},{},"['A', 'B']",[],[],0,0,2,3,2,4,B,,,,,,,B,,,,,"{'rtype': 'select-node', 'rtimedn': 57.059, 'rtimeup': 57.059}",,,,,,,"{'rtype': 'select-node', 'rtimedn': 45.093, 'rtimeup': 45.093}",,,,
,,28,1,17,1733258261,BDG-456-4422,TREE-1.2-0.0-0.0,"['b19d3db0-5631-4177-af52-32b44b4c6ee4', 'af883de6-a408-47aa-88dd-be481eabbd68']","['robot', 'participant']","['cross', 'stop-sign']","['hsla(73, 80%, 59%, 1.0)', 'hsla(154, 54%, 56%, 1.0)']","[[1.0, 0.11221507890122734], [0.11221507890122734, 1.0]]","{0: '', 1: 'A', 2: 'B'}",,1,after,"[False, True]","{'max': 21, 'min': 21, 'avg': 21.0, 'root': 12}","[0, -10]","[140, 135]",sequential,chance,chance,"[1.0, 1.0]","[0.5, 1.0]","[0.5, 1.0]","[0.5, 1.0]","[0.375, 0.0]","[0.625, 0.0]",[[0]],[[1]],[[2]],"(0, 12)","(12, 21)","(12, 21)",{},{},{},"['A', 'B']",[],[],0,0,4,4,2,2,A,,,,,,,A,,,,,"{'rtype': 'd', 'rtimedn': 5.583, 'rtimeup': 8.614}",,,,,,,"{'rtype': 'select-node', 'rtimedn': 53.301, 'rtimeup': 53.301}",,,,
,,28,2,17,1733258261,BDG-349-3455,TREE-1.2-0.0-0.0,"['dc7aa794-aaf0-4594-aa67-6466cf997e02', 'ac225116-14bc-429f-b2d5-8c4643505c01']","['participant', 'participant']","['hexagon', 'circle']","['hsla(163, 93%, 42%, 1.0)', 'hsla(8, 54%, 64%, 1.0)']","[[1.0, 0.11820572764465223], [0.11820572764465223, 1.0]]","{0: '', 1: 'A', 2: 'B'}",,2,after,"[True, True]","{'max': 21, 'min': 21, 'avg': 21.0, 'root': 12}","[-10, -10]","[136, 129]",sequential,chance,chance,"[1.0, 1.0]","[0.5, 1.0]","[0.5, 1.0]","[0.5, 1.0]","[0.375, 0.0]","[0.625, 0.0]",[[0]],[[1]],[[2]],"(0, 12)","(12, 21)","(12, 21)",{},{},{},"['A', 'B']",[],[],0,0,3,4,5,5,B,,,,,,,B,,,,,"{'rtype': 'select-node', 'rtimedn': 44.546, 'rtimeup': 44.546}",,,,,,,"{'rtype': 'select-node', 'rtimedn': 54.739, 'rtimeup': 54.739}",,,,
,,28,3,17,1733258261,BDG-563-5334,TREE-1.2-0.0-0.0,"['56064979-2a1e-4fcf-921e-09debb413eaa', '4983457d-3147-4672-b739-bdd182435dc3']","['participant', 'robot']","['circle', 'ghost']","['hsla(79, 92%, 65%, 1.0)', 'hsla(332, 75%, 59%, 1.0)']","[[1.0, 0.11221507890122734], [0.11221507890122734, 1.0]]","{0: '', 1: 'A', 2: 'B'}",,1,after,"[True, False]","{'max': 21, 'min': 21, 'avg': 21.0, 'root': 12}","[-10, 0]","[127, 122]",sequential,chance,chance,"[1.0, 1.0]","[0.5, 1.0]","[0.5, 1.0]","[0.5, 1.0]","[0.375, 0.0]","[0.625, 0.0]",[[0]],[[1]],[[2]],"(0, 12)","(12, 21)","(12, 21)",{},{},{},"['A', 'B']",[],[],0,0,5,3,3,4,A,,,,,,,A,,,,,"{'rtype': 'select-node', 'rtimedn': 44.693, 'rtimeup': 44.693}",,,,,,,"{'rtype': 'a', 'rtimedn': 6.114, 'rtimeup': 7.1}",,,,
,,28,4,17,1733258264,BDG-486-4532,TREE-1.2-0.0-0.0,"['a35a2a09-0e5b-4c89-b416-0180cdf67736', 'eede0c44-416a-4587-96b5-ce08abfb5509']","['participant', 'participant']","['star-six', 'flower']","['hsla(351, 79%, 51%, 1.0)', 'hsla(140, 57%, 43%, 1.0)']","[[1.0, 0.10520163646990063], [0.10520163646990063, 1.0]]","{0: '', 1: 'A', 2: 'B'}",,1,after,"[True, True]","{'max': 21, 'min': 21, 'avg': 21.0, 'root': 12}","[-10, -10]","[151, 124]",sequential,chance,chance,"[1.0, 1.0]","[0.5, 1.0]","[0.5, 1.0]","[0.5, 1.0]","[0.375, 0.0]","[0.625, 0.0]",[[0]],[[1]],[[2]],"(0, 12)","(12, 21)","(12, 21)",{},{},{},"['A', 'B']",[],[],0,0,4,5,3,2,A,,,,,,,B,,,,,"{'rtype': 'select-node', 'rtimedn': 44.799, 'rtimeup': 44.799}",,,,,,,"{'rtype': 'select-node', 'rtimedn': 122.956, 'rtimeup': 122.956}",,,,
,,28,5,17,1733258265,BDG-429-4315,TREE-1.2-0.0-0.0,"['4e6fbdd5-31f9-458d-8cc0-2e7ab78019e6', 'bf1ced06-3c98-481a-b525-b0ff789e92c2']","['participant', 'participant']","['moon', 'stop-sign']","['hsla(123, 55%, 48%, 1.0)', 'hsla(77, 55%, 64%, 1.0)']","[[1.0, 0.08898305084745763], [0.08898305084745763, 1.0]]","{0: '', 1: 'A', 2: 'B'}",,1,after,"[True, True]","{'max': 21, 'min': 21, 'avg': 21.0, 'root': 12}","[-10, -10]","[142, 127]",sequential,chance,chance,"[1.0, 1.0]","[0.5, 1.0]","[0.5, 1.0]","[0.5, 1.0]","[0.625, 0.0]","[0.375, 0.0]",[[0]],[[1]],[[2]],"(0, 12)","(12, 21)","(12, 21)",{},{},{},"['A', 'B']",[],[],0,0,4,3,1,5,A,,,,,,,A,,,,,"{'rtype': 'select-node', 'rtimedn': 44.804, 'rtimeup': 44.804}",,,,,,,"{'rtype': 'select-node', 'rtimedn': 123.495, 'rtimeup': 123.495}",,,,
,,29,0,17,1733258273,BDG-056-1322,TREE-1.2-0.0-0.0,"['eede0c44-416a-4587-96b5-ce08abfb5509', 'b19d3db0-5631-4177-af52-32b44b4c6ee4']","['participant', 'robot']","['flower', 'cross']","['hsla(140, 57%, 43%, 1.0)', 'hsla(73, 80%, 59%, 1.0)']","[[1.0, 0.11820572764465223], [0.11820572764465223, 1.0]]","{0: '', 1: 'A', 2: 'B'}",,2,after,"[True, False]","{'max': 21, 'min': 21, 'avg': 21.0, 'root': 12}","[-10, 0]","[124, 140]",sequential,chance,chance,"[1.0, 1.0]","[0.5, 1.0]","[0.5, 1.0]","[0.5, 1.0]","[0.625, 0.0]","[0.375, 0.0]",[[0]],[[1]],[[2]],"(0, 12)","(12, 21)","(12, 21)",{},{},{},"['A', 'B']",[],[],0,0,1,3,2,2,B,,,,,,,B,,,,,"{'rtype': 'select-node', 'rtimedn': 123.866, 'rtimeup': 123.866}",,,,,,,"{'rtype': 'a', 'rtimedn': 2.849, 'rtimeup': 4.363}",,,,
,,29,1,17,1733258274,BDG-365-3541,TREE-1.2-0.0-0.0,"['af883de6-a408-47aa-88dd-be481eabbd68', '56064979-2a1e-4fcf-921e-09debb413eaa']","['participant', 'participant']","['stop-sign', 'circle']","['hsla(154, 54%, 56%, 1.0)', 'hsla(79, 92%, 65%, 1.0)']","[[1.0, 0.10520163646990063], [0.10520163646990063, 1.0]]","{0: '', 1: 'A', 2: 'B'}",,2,after,"[True, True]","{'max': 21, 'min': 21, 'avg': 21.0, 'root': 12}","[-10, -10]","[135, 127]",sequential,chance,chance,"[1.0, 1.0]","[0.5, 1.0]","[0.5, 1.0]","[0.5, 1.0]","[0.375, 0.0]","[0.625, 0.0]",[[0]],[[1]],[[2]],"(0, 12)","(12, 21)","(12, 21)",{},{},{},"['A', 'B']",[],[],0,0,3,5,4,1,B,,,,,,,A,,,,,"{'rtype': 'select-node', 'rtimedn': 54.614, 'rtimeup': 54.614}",,,,,,,"{'rtype': 'select-node', 'rtimedn': 45.898, 'rtimeup': 45.898}",,,,
,,29,2,17,1733258277,BDG-110-1531,TREE-1.2-0.0-0.0,"['dc7aa794-aaf0-4594-aa67-6466cf997e02', '4e6fbdd5-31f9-458d-8cc0-2e7ab78019e6']","['participant', 'participant']","['hexagon', 'moon']","['hsla(163, 93%, 42%, 1.0)', 'hsla(123, 55%, 48%, 1.0)']","[[1.0, 0.025131502045587374], [0.025131502045587374, 1.0]]","{0: '', 1: 'A', 2: 'B'}",,2,after,"[True, True]","{'max': 21, 'min': 21, 'avg': 21.0, 'root': 12}","[-10, -10]","[136, 142]",sequential,chance,chance,"[1.0, 1.0]","[0.5, 1.0]","[0.5, 1.0]","[0.5, 1.0]","[0.375, 0.0]","[0.625, 0.0]",[[0]],[[1]],[[2]],"(0, 12)","(12, 21)","(12, 21)",{},{},{},"['A', 'B']",[],[],0,0,1,5,3,1,B,,,,,,,B,,,,,"{'rtype': 'select-node', 'rtimedn': 46.14, 'rtimeup': 46.14}",,,,,,,"{'rtype': 'select-node', 'rtimedn': 45.923, 'rtimeup': 45.923}",,,,
,,29,3,17,1733258274,BDG-445-4351,TREE-1.2-0.0-0.0,"['bf1ced06-3c98-481a-b525-b0ff789e92c2', 'ac225116-14bc-429f-b2d5-8c4643505c01']","['participant', 'participant']","['stop-sign', 'circle']","['hsla(77, 55%, 64%, 1.0)', 'hsla(8, 54%, 64%, 1.0)']","[[1.0, 0.11221507890122734], [0.11221507890122734, 1.0]]","{0: '', 1: 'A', 2: 'B'}",,1,after,"[True, True]","{'max': 21, 'min': 21, 'avg': 21.0, 'root': 12}","[-10, -10]","[127, 129]",sequential,chance,chance,"[1.0, 1.0]","[0.5, 1.0]","[0.5, 1.0]","[0.5, 1.0]","[0.625, 0.0]","[0.375, 0.0]",[[0]],[[1]],[[2]],"(0, 12)","(12, 21)","(12, 21)",{},{},{},"['A', 'B']",[],[],0,0,4,3,5,1,A,,,,,,,A,,,,,"{'rtype': 'select-node', 'rtimedn': 124.565, 'rtimeup': 124.565}",,,,,,,"{'rtype': 'select-node', 'rtimedn': 56.018, 'rtimeup': 56.018}",,,,
,,29,4,17,1733258275,BDG-547-5253,TREE-1.2-0.0-0.0,"['4983457d-3147-4672-b739-bdd182435dc3', '6c7c7d0e-9b28-49a3-a8ae-a038288cb0a1']","['robot', 'participant']","['ghost', 'dent-square']","['hsla(332, 75%, 59%, 1.0)', 'hsla(165, 54%, 40%, 1.0)']","[[1.0, 0.11820572764465223], [0.11820572764465223, 1.0]]","{0: '', 1: 'A', 2: 'B'}",,2,after,"[False, True]","{'max': 21, 'min': 21, 'avg': 21.0, 'root': 12}","[0, -10]","[122, 133]",sequential,chance,chance,"[1.0, 1.0]","[0.5, 1.0]","[0.5, 1.0]","[0.5, 1.0]","[0.375, 0.0]","[0.625, 0.0]",[[0]],[[1]],[[2]],"(0, 12)","(12, 21)","(12, 21)",{},{},{},"['A', 'B']",[],[],0,0,5,2,5,3,B,,,,,,,B,,,,,"{'rtype': 'd', 'rtimedn': 0.822, 'rtimeup': 1.766}",,,,,,,"{'rtype': 'select-node', 'rtimedn': 58.315, 'rtimeup': 58.315}",,,,
,,29,5,17,1733258274,BDG-426-4312,TREE-1.2-0.0-0.0,"['44997a74-c08b-467a-b3c9-7492a6bde261', 'a35a2a09-0e5b-4c89-b416-0180cdf67736']","['participant', 'participant']","['dent-square', 'star-six']","['hsla(114, 51%, 63%, 1.0)', 'hsla(351, 79%, 51%, 1.0)']","[[1.0, 0.11820572764465223], [0.11820572764465223, 1.0]]","{0: '', 1: 'A', 2: 'B'}",,1,after,"[True, True]","{'max': 21, 'min': 21, 'avg': 21.0, 'root': 12}","[-10, -10]","[138, 151]",sequential,chance,chance,"[1.0, 1.0]","[0.5, 1.0]","[0.5, 1.0]","[0.5, 1.0]","[0.625, 0.0]","[0.375, 0.0]",[[0]],[[1]],[[2]],"(0, 12)","(12, 21)","(12, 21)",{},{},{},"['A', 'B']",[],[],0,0,4,3,1,2,A,,,,,,,A,,,,,"{'rtype': 'select-node', 'rtimedn': 45.956, 'rtimeup': 45.956}",,,,,,,"{'rtype': 'select-node', 'rtimedn': 45.923, 'rtimeup': 45.923}",,,,
,,30,0,17,1733258287,BDG-018-1144,TREE-1.2-0.0-0.0,"['6c7c7d0e-9b28-49a3-a8ae-a038288cb0a1', '56064979-2a1e-4fcf-921e-09debb413eaa']","['participant', 'participant']","['dent-square', 'circle']","['hsla(165, 54%, 40%, 1.0)', 'hsla(79, 92%, 65%, 1.0)']","[[1.0, 0.09248977206312098], [0.09248977206312098, 1.0]]","{0: '', 1: 'A', 2: 'B'}",,2,after,"[True, True]","{'max': 21, 'min': 21, 'avg': 21.0, 'root': 12}","[-10, -10]","[133, 127]",sequential,chance,chance,"[1.0, 1.0]","[0.5, 1.0]","[0.5, 1.0]","[0.5, 1.0]","[0.375, 0.0]","[0.625, 0.0]",[[0]],[[1]],[[2]],"(0, 12)","(12, 21)","(12, 21)",{},{},{},"['A', 'B']",[],[],0,0,1,1,4,4,B,,,,,,,B,,,,,"{'rtype': 'select-node', 'rtimedn': 59.191, 'rtimeup': 59.191}",,,,,,,"{'rtype': 'select-node', 'rtimedn': 47.298, 'rtimeup': 47.298}",,,,
,,30,1,17,1733258289,BDG-069-1345,TREE-1.2-0.0-0.0,"['eede0c44-416a-4587-96b5-ce08abfb5509', 'a35a2a09-0e5b-4c89-b416-0180cdf67736']","['participant', 'participant']","['flower', 'star-six']","['hsla(140, 57%, 43%, 1.0)', 'hsla(351, 79%, 51%, 1.0)']","[[1.0, 0.10520163646990063], [0.10520163646990063, 1.0]]","{0: '', 1: 'A', 2: 'B'}",,2,after,"[True, True]","{'max': 21, 'min': 21, 'avg': 21.0, 'root': 12}","[-10, -10]","[124, 151]",sequential,chance,chance,"[1.0, 1.0]","[0.5, 1.0]","[0.5, 1.0]","[0.5, 1.0]","[0.375, 0.0]","[0.625, 0.0]",[[0]],[[1]],[[2]],"(0, 12)","(12, 21)","(12, 21)",{},{},{},"['A', 'B']",[],[],0,0,1,3,4,5,B,,,,,,,B,,,,,"{'rtype': 'select-node', 'rtimedn': 125.492, 'rtimeup': 125.492}",,,,,,,"{'rtype': 'select-node', 'rtimedn': 47.122, 'rtimeup': 47.122}",,,,
,,30,2,17,1733258287,BDG-507-5123,TREE-1.2-0.0-0.0,"['4e6fbdd5-31f9-458d-8cc0-2e7ab78019e6', 'ac225116-14bc-429f-b2d5-8c4643505c01']","['participant', 'participant']","['moon', 'circle']","['hsla(123, 55%, 48%, 1.0)', 'hsla(8, 54%, 64%, 1.0)']","[[1.0, 0.13047925189947399], [0.13047925189947399, 1.0]]","{0: '', 1: 'A', 2: 'B'}",,2,after,"[True, True]","{'max': 21, 'min': 21, 'avg': 21.0, 'root': 12}","[-10, -10]","[142, 129]",sequential,chance,chance,"[1.0, 1.0]","[0.5, 1.0]","[0.5, 1.0]","[0.5, 1.0]","[0.625, 0.0]","[0.375, 0.0]",[[0]],[[1]],[[2]],"(0, 12)","(12, 21)","(12, 21)",{},{},{},"['A', 'B']",[],[],0,0,5,1,2,3,B,,,,,,,B,,,,,"{'rtype': 'select-node', 'rtimedn': 47.005, 'rtimeup': 47.005}",,,,,,,"{'rtype': 'select-node', 'rtimedn': 57.117, 'rtimeup': 57.117}",,,,
,,30,3,17,1733258286,BDG-514-5135,TREE-1.2-0.0-0.0,"['bf1ced06-3c98-481a-b525-b0ff789e92c2', 'af883de6-a408-47aa-88dd-be481eabbd68']","['participant', 'participant']","['stop-sign', 'stop-sign']","['hsla(77, 55%, 64%, 1.0)', 'hsla(154, 54%, 56%, 1.0)']","[[1.0, 0.11820572764465223], [0.11820572764465223, 1.0]]","{0: '', 1: 'A', 2: 'B'}",,2,after,"[True, True]","{'max': 21, 'min': 21, 'avg': 21.0, 'root': 12}","[-10, -10]","[127, 135]",sequential,chance,chance,"[1.0, 1.0]","[0.5, 1.0]","[0.5, 1.0]","[0.5, 1.0]","[0.375, 0.0]","[0.625, 0.0]",[[0]],[[1]],[[2]],"(0, 12)","(12, 21)","(12, 21)",{},{},{},"['A', 'B']",[],[],0,0,5,1,3,5,B,,,,,,,B,,,,,"{'rtype': 'select-node', 'rtimedn': 125.731, 'rtimeup': 125.731}",,,,,,,"{'rtype': 'select-node', 'rtimedn': 55.666, 'rtimeup': 55.666}",,,,
,,30,4,17,1733258286,BDG-462-4433,TREE-1.2-0.0-0.0,"['b19d3db0-5631-4177-af52-32b44b4c6ee4', '44997a74-c08b-467a-b3c9-7492a6bde261']","['robot', 'participant']","['cross', 'dent-square']","['hsla(73, 80%, 59%, 1.0)', 'hsla(114, 51%, 63%, 1.0)']","[[1.0, 0.13047925189947399], [0.13047925189947399, 1.0]]","{0: '', 1: 'A', 2: 'B'}",,1,after,"[False, True]","{'max': 21, 'min': 21, 'avg': 21.0, 'root': 12}","[0, -10]","[140, 138]",sequential,chance,chance,"[1.0, 1.0]","[0.5, 1.0]","[0.5, 1.0]","[0.5, 1.0]","[0.625, 0.0]","[0.375, 0.0]",[[0]],[[1]],[[2]],"(0, 12)","(12, 21)","(12, 21)",{},{},{},"['A', 'B']",[],[],0,0,4,4,3,3,A,,,,,,,A,,,,,"{'rtype': 'a', 'rtimedn': 8.201, 'rtimeup': 8.53}",,,,,,,"{'rtype': 'select-node', 'rtimedn': 47.208, 'rtimeup': 47.208}",,,,
,,30,5,17,1733258288,BDG-247-2553,TREE-1.2-0.0-0.0,"['dc7aa794-aaf0-4594-aa67-6466cf997e02', '4983457d-3147-4672-b739-bdd182435dc3']","['participant', 'robot']","['hexagon', 'ghost']","['hsla(163, 93%, 42%, 1.0)', 'hsla(332, 75%, 59%, 1.0)']","[[1.0, 0.08898305084745763], [0.08898305084745763, 1.0]]","{0: '', 1: 'A', 2: 'B'}",,2,after,"[True, False]","{'max': 21, 'min': 21, 'avg': 21.0, 'root': 12}","[-10, 0]","[136, 122]",sequential,chance,chance,"[1.0, 1.0]","[0.5, 1.0]","[0.5, 1.0]","[0.5, 1.0]","[0.375, 0.0]","[0.625, 0.0]",[[0]],[[1]],[[2]],"(0, 12)","(12, 21)","(12, 21)",{},{},{},"['A', 'B']",[],[],0,0,2,5,5,3,B,,,,,,,B,,,,,"{'rtype': 'select-node', 'rtimedn': 47.309, 'rtimeup': 47.309}",,,,,,,"{'rtype': 'a', 'rtimedn': 0.496, 'rtimeup': 2.869}",,,,
,,31,0,17,1733258299,BDG-318-3344,TREE-1.2-0.0-0.0,"['a35a2a09-0e5b-4c89-b416-0180cdf67736', '56064979-2a1e-4fcf-921e-09debb413eaa']","['participant', 'participant']","['star-six', 'circle']","['hsla(351, 79%, 51%, 1.0)', 'hsla(79, 92%, 65%, 1.0)']","[[1.0, 0.13047925189947399], [0.13047925189947399, 1.0]]","{0: '', 1: 'A', 2: 'B'}",,2,after,"[True, True]","{'max': 21, 'min': 21, 'avg': 21.0, 'root': 12}","[-10, -10]","[151, 127]",sequential,chance,chance,"[1.0, 1.0]","[0.5, 1.0]","[0.5, 1.0]","[0.5, 1.0]","[0.375, 0.0]","[0.625, 0.0]",[[0]],[[1]],[[2]],"(0, 12)","(12, 21)","(12, 21)",{},{},{},"['A', 'B']",[],[],0,0,3,3,4,4,B,,,,,,,B,,,,,"{'rtype': 'select-node', 'rtimedn': 48.37, 'rtimeup': 48.37}",,,,,,,"{'rtype': 'select-node', 'rtimedn': 48.464, 'rtimeup': 48.464}",,,,
,,31,1,17,1733258299,BDG-553-5314,TREE-1.2-0.0-0.0,"['af883de6-a408-47aa-88dd-be481eabbd68', 'bf1ced06-3c98-481a-b525-b0ff789e92c2']","['participant', 'participant']","['stop-sign', 'stop-sign']","['hsla(154, 54%, 56%, 1.0)', 'hsla(77, 55%, 64%, 1.0)']","[[1.0, 0.11820572764465223], [0.11820572764465223, 1.0]]","{0: '', 1: 'A', 2: 'B'}",,1,after,"[True, True]","{'max': 21, 'min': 21, 'avg': 21.0, 'root': 12}","[-10, -10]","[135, 127]",sequential,chance,chance,"[1.0, 1.0]","[0.5, 1.0]","[0.5, 1.0]","[0.5, 1.0]","[0.375, 0.0]","[0.625, 0.0]",[[0]],[[1]],[[2]],"(0, 12)","(12, 21)","(12, 21)",{},{},{},"['A', 'B']",[],[],0,0,5,3,1,4,A,,,,,,,A,,,,,"{'rtype': 'select-node', 'rtimedn': 56.941, 'rtimeup': 56.941}",,,,,,,"{'rtype': 'select-node', 'rtimedn': 127.079, 'rtimeup': 127.079}",,,,
,,31,2,17,1733258299,BDG-384-4125,TREE-1.2-0.0-0.0,"['6c7c7d0e-9b28-49a3-a8ae-a038288cb0a1', 'ac225116-14bc-429f-b2d5-8c4643505c01']","['participant', 'participant']","['dent-square', 'circle']","['hsla(165, 54%, 40%, 1.0)', 'hsla(8, 54%, 64%, 1.0)']","[[1.0, 0.10520163646990063], [0.10520163646990063, 1.0]]","{0: '', 1: 'A', 2: 'B'}",,1,after,"[True, True]","{'max': 21, 'min': 21, 'avg': 21.0, 'root': 12}","[-10, -10]","[133, 129]",sequential,chance,chance,"[1.0, 1.0]","[0.5, 1.0]","[0.5, 1.0]","[0.5, 1.0]","[0.375, 0.0]","[0.625, 0.0]",[[0]],[[1]],[[2]],"(0, 12)","(12, 21)","(12, 21)",{},{},{},"['A', 'B']",[],[],0,0,4,1,2,5,A,,,,,,,B,,,,,"{'rtype': 'select-node', 'rtimedn': 60.676, 'rtimeup': 60.676}",,,,,,,"{'rtype': 'select-node', 'rtimedn': 58.487, 'rtimeup': 58.487}",,,,
,,31,3,17,1733258304,BDG-439-4335,TREE-1.2-0.0-0.0,"['44997a74-c08b-467a-b3c9-7492a6bde261', 'b19d3db0-5631-4177-af52-32b44b4c6ee4']","['participant', 'robot']","['dent-square', 'cross']","['hsla(114, 51%, 63%, 1.0)', 'hsla(73, 80%, 59%, 1.0)']","[[1.0, 0.13047925189947399], [0.13047925189947399, 1.0]]","{0: '', 1: 'A', 2: 'B'}",,2,after,"[True, False]","{'max': 21, 'min': 21, 'avg': 21.0, 'root': 12}","[-10, 0]","[138, 140]",sequential,chance,chance,"[1.0, 1.0]","[0.5, 1.0]","[0.5, 1.0]","[0.5, 1.0]","[0.375, 0.0]","[0.625, 0.0]",[[0]],[[1]],[[2]],"(0, 12)","(12, 21)","(12, 21)",{},{},{},"['A', 'B']",[],[],0,0,4,3,3,5,B,,,,,,,A,,,,,"{'rtype': None, 'rtimedn': 13, 'rtimeup': 13}",,,,,,,"{'rtype': 'd', 'rtimedn': 2.935, 'rtimeup': 4.102}",,,,
,,31,4,17,1733258301,BDG-482-4523,TREE-1.2-0.0-0.0,"['4e6fbdd5-31f9-458d-8cc0-2e7ab78019e6', 'eede0c44-416a-4587-96b5-ce08abfb5509']","['participant', 'participant']","['moon', 'flower']","['hsla(123, 55%, 48%, 1.0)', 'hsla(140, 57%, 43%, 1.0)']","[[1.0, 0.11221507890122734], [0.11221507890122734, 1.0]]","{0: '', 1: 'A', 2: 'B'}",,1,after,"[True, True]","{'max': 21, 'min': 21, 'avg': 21.0, 'root': 12}","[-10, -10]","[142, 124]",sequential,chance,chance,"[1.0, 1.0]","[0.5, 1.0]","[0.5, 1.0]","[0.5, 1.0]","[0.625, 0.0]","[0.375, 0.0]",[[0]],[[1]],[[2]],"(0, 12)","(12, 21)","(12, 21)",{},{},{},"['A', 'B']",[],[],0,0,4,5,2,3,A,,,,,,,A,,,,,"{'rtype': 'select-node', 'rtimedn': 48.409, 'rtimeup': 48.409}",,,,,,,"{'rtype': 'select-node', 'rtimedn': 126.51, 'rtimeup': 126.51}",,,,
,,31,5,17,1733258297,BDG-506-5122,TREE-1.2-0.0-0.0,"['dc7aa794-aaf0-4594-aa67-6466cf997e02', '4983457d-3147-4672-b739-bdd182435dc3']","['participant', 'robot']","['hexagon', 'ghost']","['hsla(163, 93%, 42%, 1.0)', 'hsla(332, 75%, 59%, 1.0)']","[[1.0, 0.08898305084745763], [0.08898305084745763, 1.0]]","{0: '', 1: 'A', 2: 'B'}",,1,after,"[True, False]","{'max': 21, 'min': 21, 'avg': 21.0, 'root': 12}","[-10, 0]","[136, 122]",sequential,chance,chance,"[1.0, 1.0]","[0.5, 1.0]","[0.5, 1.0]","[0.5, 1.0]","[0.625, 0.0]","[0.375, 0.0]",[[0]],[[1]],[[2]],"(0, 12)","(12, 21)","(12, 21)",{},{},{},"['A', 'B']",[],[],0,0,5,1,2,2,A,,,,,,,A,,,,,"{'rtype': 'select-node', 'rtimedn': 48.179, 'rtimeup': 48.179}",,,,,,,"{'rtype': 'a', 'rtimedn': 1.595, 'rtimeup': 4.075}",,,,
,,32,0,17,1733258313,BDG-378-4114,TREE-1.2-0.0-0.0,"['dc7aa794-aaf0-4594-aa67-6466cf997e02', 'ac225116-14bc-429f-b2d5-8c4643505c01']","['participant', 'participant']","['hexagon', 'circle']","['hsla(163, 93%, 42%, 1.0)', 'hsla(8, 54%, 64%, 1.0)']","[[1.0, 0.11820572764465223], [0.11820572764465223, 1.0]]","{0: '', 1: 'A', 2: 'B'}",,1,after,"[True, True]","{'max': 21, 'min': 21, 'avg': 21.0, 'root': 12}","[-10, -10]","[136, 129]",sequential,chance,chance,"[1.0, 1.0]","[0.5, 1.0]","[0.5, 1.0]","[0.5, 1.0]","[0.375, 0.0]","[0.625, 0.0]",[[0]],[[1]],[[2]],"(0, 12)","(12, 21)","(12, 21)",{},{},{},"['A', 'B']",[],[],0,0,4,1,1,4,A,,,,,,,B,,,,,"{'rtype': 'select-node', 'rtimedn': 49.792, 'rtimeup': 49.792}",,,,,,,"{'rtype': 'select-node', 'rtimedn': 59.891, 'rtimeup': 59.891}",,,,
,,32,1,17,1733258315,BDG-557-5323,TREE-1.2-0.0-0.0,"['4983457d-3147-4672-b739-bdd182435dc3', '4e6fbdd5-31f9-458d-8cc0-2e7ab78019e6']","['robot', 'participant']","['ghost', 'moon']","['hsla(332, 75%, 59%, 1.0)', 'hsla(123, 55%, 48%, 1.0)']","[[1.0, 0.03112215078901227], [0.03112215078901227, 1.0]]","{0: '', 1: 'A', 2: 'B'}",,2,after,"[False, True]","{'max': 21, 'min': 21, 'avg': 21.0, 'root': 12}","[0, -10]","[122, 142]",sequential,chance,chance,"[1.0, 1.0]","[0.5, 1.0]","[0.5, 1.0]","[0.5, 1.0]","[0.625, 0.0]","[0.375, 0.0]",[[0]],[[1]],[[2]],"(0, 12)","(12, 21)","(12, 21)",{},{},{},"['A', 'B']",[],[],0,0,5,3,2,3,B,,,,,,,B,,,,,"{'rtype': 'd', 'rtimedn': 4.723, 'rtimeup': 4.776}",,,,,,,"{'rtype': 'select-node', 'rtimedn': 49.826, 'rtimeup': 49.826}",,,,
,,32,2,17,1733258316,BDG-439-4335,TREE-1.2-0.0-0.0,"['44997a74-c08b-467a-b3c9-7492a6bde261', 'b19d3db0-5631-4177-af52-32b44b4c6ee4']","['participant', 'robot']","['dent-square', 'cross']","['hsla(114, 51%, 63%, 1.0)', 'hsla(73, 80%, 59%, 1.0)']","[[1.0, 0.13047925189947399], [0.13047925189947399, 1.0]]","{0: '', 1: 'A', 2: 'B'}",,1,after,"[True, False]","{'max': 21, 'min': 21, 'avg': 21.0, 'root': 12}","[-10, 0]","[138, 140]",sequential,chance,chance,"[1.0, 1.0]","[0.5, 1.0]","[0.5, 1.0]","[0.5, 1.0]","[0.375, 0.0]","[0.625, 0.0]",[[0]],[[1]],[[2]],"(0, 12)","(12, 21)","(12, 21)",{},{},{},"['A', 'B']",[],[],0,0,4,3,3,5,A,,,,,,,A,,,,,"{'rtype': 'select-node', 'rtimedn': 50.232, 'rtimeup': 50.232}",,,,,,,"{'rtype': 'd', 'rtimedn': 5.077, 'rtimeup': 5.924}",,,,
,,32,3,17,1733258313,BDG-156-2222,TREE-1.2-0.0-0.0,"['a35a2a09-0e5b-4c89-b416-0180cdf67736', 'eede0c44-416a-4587-96b5-ce08abfb5509']","['participant', 'participant']","['star-six', 'flower']","['hsla(351, 79%, 51%, 1.0)', 'hsla(140, 57%, 43%, 1.0)']","[[1.0, 0.10520163646990063], [0.10520163646990063, 1.0]]","{0: '', 1: 'A', 2: 'B'}",,1,after,"[True, True]","{'max': 21, 'min': 21, 'avg': 21.0, 'root': 12}","[-10, -10]","[151, 124]",sequential,chance,chance,"[1.0, 1.0]","[0.5, 1.0]","[0.5, 1.0]","[0.5, 1.0]","[0.375, 0.0]","[0.625, 0.0]",[[0]],[[1]],[[2]],"(0, 12)","(12, 21)","(12, 21)",{},{},{},"['A', 'B']",[],[],0,0,2,2,2,2,A,,,,,,,B,,,,,"{'rtype': 'select-node', 'rtimedn': 49.78, 'rtimeup': 49.78}",,,,,,,"{'rtype': 'select-node', 'rtimedn': 127.911, 'rtimeup': 127.911}",,,,
,,32,4,17,1733258313,BDG-535-5231,TREE-1.2-0.0-0.0,"['6c7c7d0e-9b28-49a3-a8ae-a038288cb0a1', 'bf1ced06-3c98-481a-b525-b0ff789e92c2']","['participant', 'participant']","['dent-square', 'stop-sign']","['hsla(165, 54%, 40%, 1.0)', 'hsla(77, 55%, 64%, 1.0)']","[[1.0, 0.07641729982466393], [0.07641729982466393, 1.0]]","{0: '', 1: 'A', 2: 'B'}",,1,after,"[True, True]","{'max': 21, 'min': 21, 'avg': 21.0, 'root': 12}","[-10, -10]","[133, 127]",sequential,chance,chance,"[1.0, 1.0]","[0.5, 1.0]","[0.5, 1.0]","[0.5, 1.0]","[0.625, 0.0]","[0.375, 0.0]",[[0]],[[1]],[[2]],"(0, 12)","(12, 21)","(12, 21)",{},{},{},"['A', 'B']",[],[],0,0,5,2,3,1,A,,,,,,,A,,,,,"{'rtype': 'select-node', 'rtimedn': 62.087, 'rtimeup': 62.087}",,,,,,,"{'rtype': 'select-node', 'rtimedn': 128.522, 'rtimeup': 128.522}",,,,
,,32,5,17,1733258313,BDG-020-1151,TREE-1.2-0.0-0.0,"['af883de6-a408-47aa-88dd-be481eabbd68', '56064979-2a1e-4fcf-921e-09debb413eaa']","['participant', 'participant']","['stop-sign', 'circle']","['hsla(154, 54%, 56%, 1.0)', 'hsla(79, 92%, 65%, 1.0)']","[[1.0, 0.10520163646990063], [0.10520163646990063, 1.0]]","{0: '', 1: 'A', 2: 'B'}",,2,after,"[True, True]","{'max': 21, 'min': 21, 'avg': 21.0, 'root': 12}","[-10, -10]","[135, 127]",sequential,chance,chance,"[1.0, 1.0]","[0.5, 1.0]","[0.5, 1.0]","[0.5, 1.0]","[0.625, 0.0]","[0.375, 0.0]",[[0]],[[1]],[[2]],"(0, 12)","(12, 21)","(12, 21)",{},{},{},"['A', 'B']",[],[],0,0,1,1,5,1,B,,,,,,,A,,,,,"{'rtype': 'select-node', 'rtimedn': 58.469, 'rtimeup': 58.469}",,,,,,,"{'rtype': 'select-node', 'rtimedn': 49.865, 'rtimeup': 49.865}",,,,
,,33,0,17,1733258327,BDG-454-4415,TREE-1.2-0.0-0.0,"['ac225116-14bc-429f-b2d5-8c4643505c01', '6c7c7d0e-9b28-49a3-a8ae-a038288cb0a1']","['participant', 'participant']","['circle', 'dent-square']","['hsla(8, 54%, 64%, 1.0)', 'hsla(165, 54%, 40%, 1.0)']","[[1.0, 0.10520163646990063], [0.10520163646990063, 1.0]]","{0: '', 1: 'A', 2: 'B'}",,1,after,"[True, True]","{'max': 21, 'min': 21, 'avg': 21.0, 'root': 12}","[-10, -10]","[129, 133]",sequential,chance,chance,"[1.0, 1.0]","[0.5, 1.0]","[0.5, 1.0]","[0.5, 1.0]","[0.625, 0.0]","[0.375, 0.0]",[[0]],[[1]],[[2]],"(0, 12)","(12, 21)","(12, 21)",{},{},{},"['A', 'B']",[],[],0,0,4,4,1,5,A,,,,,,,A,,,,,"{'rtype': 'select-node', 'rtimedn': 61.052, 'rtimeup': 61.052}",,,,,,,"{'rtype': 'select-node', 'rtimedn': 63.482, 'rtimeup': 63.482}",,,,
,,33,1,17,1733258325,BDG-191-2342,TREE-1.2-0.0-0.0,"['dc7aa794-aaf0-4594-aa67-6466cf997e02', 'af883de6-a408-47aa-88dd-be481eabbd68']","['participant', 'participant']","['hexagon', 'stop-sign']","['hsla(163, 93%, 42%, 1.0)', 'hsla(154, 54%, 56%, 1.0)']","[[1.0, 0.14202220923436584], [0.14202220923436584, 1.0]]","{0: '', 1: 'A', 2: 'B'}",,2,after,"[True, True]","{'max': 21, 'min': 21, 'avg': 21.0, 'root': 12}","[-10, -10]","[136, 135]",sequential,chance,chance,"[1.0, 1.0]","[0.5, 1.0]","[0.5, 1.0]","[0.5, 1.0]","[0.625, 0.0]","[0.375, 0.0]",[[0]],[[1]],[[2]],"(0, 12)","(12, 21)","(12, 21)",{},{},{},"['A', 'B']",[],[],0,0,2,3,4,2,B,,,,,,,A,,,,,"{'rtype': 'select-node', 'rtimedn': 50.973, 'rtimeup': 50.973}",,,,,,,"{'rtype': 'select-node', 'rtimedn': 59.654, 'rtimeup': 59.654}",,,,
,,33,2,17,1733258328,BDG-209-2425,TREE-1.2-0.0-0.0,"['56064979-2a1e-4fcf-921e-09debb413eaa', '4e6fbdd5-31f9-458d-8cc0-2e7ab78019e6']","['participant', 'participant']","['circle', 'moon']","['hsla(79, 92%, 65%, 1.0)', 'hsla(123, 55%, 48%, 1.0)']","[[1.0, 0.11820572764465223], [0.11820572764465223, 1.0]]","{0: '', 1: 'A', 2: 'B'}",,1,after,"[True, True]","{'max': 21, 'min': 21, 'avg': 21.0, 'root': 12}","[-10, -10]","[127, 142]",sequential,chance,chance,"[1.0, 1.0]","[0.5, 1.0]","[0.5, 1.0]","[0.5, 1.0]","[0.375, 0.0]","[0.625, 0.0]",[[0]],[[1]],[[2]],"(0, 12)","(12, 21)","(12, 21)",{},{},{},"['A', 'B']",[],[],0,0,2,4,2,5,A,,,,,,,A,,,,,"{'rtype': 'select-node', 'rtimedn': 51.173, 'rtimeup': 51.173}",,,,,,,"{'rtype': 'select-node', 'rtimedn': 51.158, 'rtimeup': 51.158}",,,,
,,33,3,17,1733258326,BDG-294-3245,TREE-1.2-0.0-0.0,"['4983457d-3147-4672-b739-bdd182435dc3', 'eede0c44-416a-4587-96b5-ce08abfb5509']","['robot', 'participant']","['ghost', 'flower']","['hsla(332, 75%, 59%, 1.0)', 'hsla(140, 57%, 43%, 1.0)']","[[1.0, 0.07641729982466393], [0.07641729982466393, 1.0]]","{0: '', 1: 'A', 2: 'B'}",,2,after,"[False, True]","{'max': 21, 'min': 21, 'avg': 21.0, 'root': 12}","[0, -10]","[122, 124]",sequential,chance,chance,"[1.0, 1.0]","[0.5, 1.0]","[0.5, 1.0]","[0.5, 1.0]","[0.625, 0.0]","[0.375, 0.0]",[[0]],[[1]],[[2]],"(0, 12)","(12, 21)","(12, 21)",{},{},{},"['A', 'B']",[],[],0,0,3,2,4,5,B,,,,,,,B,,,,,"{'rtype': 'a', 'rtimedn': 1.527, 'rtimeup': 2.127}",,,,,,,"{'rtype': 'select-node', 'rtimedn': 129.162, 'rtimeup': 129.162}",,,,
,,33,4,17,1733258324,BDG-000-1111,TREE-1.2-0.0-0.0,"['bf1ced06-3c98-481a-b525-b0ff789e92c2', '44997a74-c08b-467a-b3c9-7492a6bde261']","['participant', 'participant']","['stop-sign', 'dent-square']","['hsla(77, 55%, 64%, 1.0)', 'hsla(114, 51%, 63%, 1.0)']","[[1.0, 0.07773232028053768], [0.07773232028053768, 1.0]]","{0: '', 1: 'A', 2: 'B'}",,2,after,"[True, True]","{'max': 21, 'min': 21, 'avg': 21.0, 'root': 12}","[-10, -10]","[127, 138]",sequential,chance,chance,"[1.0, 1.0]","[0.5, 1.0]","[0.5, 1.0]","[0.5, 1.0]","[0.375, 0.0]","[0.625, 0.0]",[[0]],[[1]],[[2]],"(0, 12)","(12, 21)","(12, 21)",{},{},{},"['A', 'B']",[],[],0,0,1,1,1,1,B,,,,,,,A,,,,,"{'rtype': 'select-node', 'rtimedn': 129.599, 'rtimeup': 129.599}",,,,,,,"{'rtype': 'select-node', 'rtimedn': 51.064, 'rtimeup': 51.064}",,,,
,,33,5,17,1733258325,BDG-481-4522,TREE-1.2-0.0-0.0,"['a35a2a09-0e5b-4c89-b416-0180cdf67736', 'b19d3db0-5631-4177-af52-32b44b4c6ee4']","['participant', 'robot']","['star-six', 'cross']","['hsla(351, 79%, 51%, 1.0)', 'hsla(73, 80%, 59%, 1.0)']","[[1.0, 0.07641729982466393], [0.07641729982466393, 1.0]]","{0: '', 1: 'A', 2: 'B'}",,1,after,"[True, False]","{'max': 21, 'min': 21, 'avg': 21.0, 'root': 12}","[-10, 0]","[151, 140]",sequential,chance,chance,"[1.0, 1.0]","[0.5, 1.0]","[0.5, 1.0]","[0.5, 1.0]","[0.375, 0.0]","[0.625, 0.0]",[[0]],[[1]],[[2]],"(0, 12)","(12, 21)","(12, 21)",{},{},{},"['A', 'B']",[],[],0,0,4,5,2,2,A,,,,,,,A,,,,,"{'rtype': 'select-node', 'rtimedn': 51.056, 'rtimeup': 51.056}",,,,,,,"{'rtype': 'a', 'rtimedn': 0.651, 'rtimeup': 2.583}",,,,
,,34,0,17,1733258337,BDG-258-3124,TREE-1.2-0.0-0.0,"['4e6fbdd5-31f9-458d-8cc0-2e7ab78019e6', '6c7c7d0e-9b28-49a3-a8ae-a038288cb0a1']","['participant', 'participant']","['moon', 'dent-square']","['hsla(123, 55%, 48%, 1.0)', 'hsla(165, 54%, 40%, 1.0)']","[[1.0, 0.14202220923436584], [0.14202220923436584, 1.0]]","{0: '', 1: 'A', 2: 'B'}",,2,after,"[True, True]","{'max': 21, 'min': 21, 'avg': 21.0, 'root': 12}","[-10, -10]","[142, 133]",sequential,chance,chance,"[1.0, 1.0]","[0.5, 1.0]","[0.5, 1.0]","[0.5, 1.0]","[0.375, 0.0]","[0.625, 0.0]",[[0]],[[1]],[[2]],"(0, 12)","(12, 21)","(12, 21)",{},{},{},"['A', 'B']",[],[],0,0,3,1,2,4,B,,,,,,,B,,,,,"{'rtype': 'select-node', 'rtimedn': 52.068, 'rtimeup': 52.068}",,,,,,,"{'rtype': 'select-node', 'rtimedn': 64.495, 'rtimeup': 64.495}",,,,
,,34,1,17,1733258341,BDG-440-4341,TREE-1.2-0.0-0.0,"['4983457d-3147-4672-b739-bdd182435dc3', 'eede0c44-416a-4587-96b5-ce08abfb5509']","['robot', 'participant']","['ghost', 'flower']","['hsla(332, 75%, 59%, 1.0)', 'hsla(140, 57%, 43%, 1.0)']","[[1.0, 0.07641729982466393], [0.07641729982466393, 1.0]]","{0: '', 1: 'A', 2: 'B'}",,1,after,"[False, True]","{'max': 21, 'min': 21, 'avg': 21.0, 'root': 12}","[0, -10]","[122, 124]",sequential,chance,chance,"[1.0, 1.0]","[0.5, 1.0]","[0.5, 1.0]","[0.5, 1.0]","[0.375, 0.0]","[0.625, 0.0]",[[0]],[[1]],[[2]],"(0, 12)","(12, 21)","(12, 21)",{},{},{},"['A', 'B']",[],[],0,0,4,3,4,1,A,,,,,,,B,,,,,"{'rtype': 'd', 'rtimedn': 3.649, 'rtimeup': 3.794}",,,,,,,"{'rtype': 'select-node', 'rtimedn': 130.648, 'rtimeup': 130.648}",,,,
,,34,2,17,1733258337,BDG-574-5355,TREE-1.2-0.0-0.0,"['56064979-2a1e-4fcf-921e-09debb413eaa', '44997a74-c08b-467a-b3c9-7492a6bde261']","['participant', 'participant']","['circle', 'dent-square']","['hsla(79, 92%, 65%, 1.0)', 'hsla(114, 51%, 63%, 1.0)']","[[1.0, 0.03112215078901227], [0.03112215078901227, 1.0]]","{0: '', 1: 'A', 2: 'B'}",,1,after,"[True, True]","{'max': 21, 'min': 21, 'avg': 21.0, 'root': 12}","[-10, -10]","[127, 138]",sequential,chance,chance,"[1.0, 1.0]","[0.5, 1.0]","[0.5, 1.0]","[0.5, 1.0]","[0.375, 0.0]","[0.625, 0.0]",[[0]],[[1]],[[2]],"(0, 12)","(12, 21)","(12, 21)",{},{},{},"['A', 'B']",[],[],0,0,5,3,5,5,A,,,,,,,B,,,,,"{'rtype': 'select-node', 'rtimedn': 52.313, 'rtimeup': 52.313}",,,,,,,"{'rtype': 'select-node', 'rtimedn': 52.374, 'rtimeup': 52.374}",,,,
,,34,3,17,1733258336,BDG-068-1344,TREE-1.2-0.0-0.0,"['ac225116-14bc-429f-b2d5-8c4643505c01', 'a35a2a09-0e5b-4c89-b416-0180cdf67736']","['participant', 'participant']","['circle', 'star-six']","['hsla(8, 54%, 64%, 1.0)', 'hsla(351, 79%, 51%, 1.0)']","[[1.0, 0.08898305084745763], [0.08898305084745763, 1.0]]","{0: '', 1: 'A', 2: 'B'}",,2,after,"[True, True]","{'max': 21, 'min': 21, 'avg': 21.0, 'root': 12}","[-10, -10]","[129, 151]",sequential,chance,chance,"[1.0, 1.0]","[0.5, 1.0]","[0.5, 1.0]","[0.5, 1.0]","[0.625, 0.0]","[0.375, 0.0]",[[0]],[[1]],[[2]],"(0, 12)","(12, 21)","(12, 21)",{},{},{},"['A', 'B']",[],[],0,0,1,3,4,4,B,,,,,,,B,,,,,"{'rtype': 'select-node', 'rtimedn': 62.203, 'rtimeup': 62.203}",,,,,,,"{'rtype': 'select-node', 'rtimedn': 52.192, 'rtimeup': 52.192}",,,,
,,34,4,17,1733258338,BDG-186-2332,TREE-1.2-0.0-0.0,"['af883de6-a408-47aa-88dd-be481eabbd68', 'b19d3db0-5631-4177-af52-32b44b4c6ee4']","['participant', 'robot']","['stop-sign', 'cross']","['hsla(154, 54%, 56%, 1.0)', 'hsla(73, 80%, 59%, 1.0)']","[[1.0, 0.11221507890122734], [0.11221507890122734, 1.0]]","{0: '', 1: 'A', 2: 'B'}",,1,after,"[True, False]","{'max': 21, 'min': 21, 'avg': 21.0, 'root': 12}","[-10, 0]","[135, 140]",sequential,chance,chance,"[1.0, 1.0]","[0.5, 1.0]","[0.5, 1.0]","[0.5, 1.0]","[0.625, 0.0]","[0.375, 0.0]",[[0]],[[1]],[[2]],"(0, 12)","(12, 21)","(12, 21)",{},{},{},"['A', 'B']",[],[],0,0,2,3,3,2,A,,,,,,,B,,,,,"{'rtype': 'select-node', 'rtimedn': 61.056, 'rtimeup': 61.056}",,,,,,,"{'rtype': 'a', 'rtimedn': 1.953, 'rtimeup': 3.023}",,,,
,,34,5,17,1733258338,BDG-009-1125,TREE-1.2-0.0-0.0,"['dc7aa794-aaf0-4594-aa67-6466cf997e02', 'bf1ced06-3c98-481a-b525-b0ff789e92c2']","['participant', 'participant']","['hexagon', 'stop-sign']","['hsla(163, 93%, 42%, 1.0)', 'hsla(77, 55%, 64%, 1.0)']","[[1.0, 0.13047925189947399], [0.13047925189947399, 1.0]]","{0: '', 1: 'A', 2: 'B'}",,2,after,"[True, True]","{'max': 21, 'min': 21, 'avg': 21.0, 'root': 12}","[-10, -10]","[136, 127]",sequential,chance,chance,"[1.0, 1.0]","[0.5, 1.0]","[0.5, 1.0]","[0.5, 1.0]","[0.625, 0.0]","[0.375, 0.0]",[[0]],[[1]],[[2]],"(0, 12)","(12, 21)","(12, 21)",{},{},{},"['A', 'B']",[],[],0,0,1,1,2,5,B,,,,,,,B,,,,,"{'rtype': 'select-node', 'rtimedn': 52.242, 'rtimeup': 52.242}",,,,,,,"{'rtype': 'select-node', 'rtimedn': 130.925, 'rtimeup': 130.925}",,,,
,,35,0,17,1733258350,BDG-123-1554,TREE-1.2-0.0-0.0,"['ac225116-14bc-429f-b2d5-8c4643505c01', '44997a74-c08b-467a-b3c9-7492a6bde261']","['participant', 'participant']","['circle', 'dent-square']","['hsla(8, 54%, 64%, 1.0)', 'hsla(114, 51%, 63%, 1.0)']","[[1.0, 0.14202220923436584], [0.14202220923436584, 1.0]]","{0: '', 1: 'A', 2: 'B'}",,2,after,"[True, True]","{'max': 21, 'min': 21, 'avg': 21.0, 'root': 12}","[-10, -10]","[129, 138]",sequential,chance,chance,"[1.0, 1.0]","[0.5, 1.0]","[0.5, 1.0]","[0.5, 1.0]","[0.375, 0.0]","[0.625, 0.0]",[[0]],[[1]],[[2]],"(0, 12)","(12, 21)","(12, 21)",{},{},{},"['A', 'B']",[],[],0,0,1,5,5,4,B,,,,,,,B,,,,,"{'rtype': 'select-node', 'rtimedn': 63.57, 'rtimeup': 63.57}",,,,,,,"{'rtype': 'select-node', 'rtimedn': 53.575, 'rtimeup': 53.575}",,,,
,,35,1,17,1733258349,BDG-205-2421,TREE-1.2-0.0-0.0,"['56064979-2a1e-4fcf-921e-09debb413eaa', '6c7c7d0e-9b28-49a3-a8ae-a038288cb0a1']","['participant', 'participant']","['circle', 'dent-square']","['hsla(79, 92%, 65%, 1.0)', 'hsla(165, 54%, 40%, 1.0)']","[[1.0, 0.09248977206312098], [0.09248977206312098, 1.0]]","{0: '', 1: 'A', 2: 'B'}",,2,after,"[True, True]","{'max': 21, 'min': 21, 'avg': 21.0, 'root': 12}","[-10, -10]","[127, 133]",sequential,chance,chance,"[1.0, 1.0]","[0.5, 1.0]","[0.5, 1.0]","[0.5, 1.0]","[0.625, 0.0]","[0.375, 0.0]",[[0]],[[1]],[[2]],"(0, 12)","(12, 21)","(12, 21)",{},{},{},"['A', 'B']",[],[],0,0,2,4,2,1,B,,,,,,,A,,,,,"{'rtype': 'select-node', 'rtimedn': 53.509, 'rtimeup': 53.509}",,,,,,,"{'rtype': 'select-node', 'rtimedn': 65.714, 'rtimeup': 65.714}",,,,
,,35,2,17,1733258350,BDG-455-4421,TREE-1.2-0.0-0.0,"['eede0c44-416a-4587-96b5-ce08abfb5509', 'bf1ced06-3c98-481a-b525-b0ff789e92c2']","['participant', 'participant']","['flower', 'stop-sign']","['hsla(140, 57%, 43%, 1.0)', 'hsla(77, 55%, 64%, 1.0)']","[[1.0, 0.09248977206312098], [0.09248977206312098, 1.0]]","{0: '', 1: 'A', 2: 'B'}",,1,after,"[True, True]","{'max': 21, 'min': 21, 'avg': 21.0, 'root': 12}","[-10, -10]","[124, 127]",sequential,chance,chance,"[1.0, 1.0]","[0.5, 1.0]","[0.5, 1.0]","[0.5, 1.0]","[0.375, 0.0]","[0.625, 0.0]",[[0]],[[1]],[[2]],"(0, 12)","(12, 21)","(12, 21)",{},{},{},"['A', 'B']",[],[],0,0,4,4,2,1,A,,,,,,,A,,,,,"{'rtype': 'select-node', 'rtimedn': 131.486, 'rtimeup': 131.486}",,,,,,,"{'rtype': 'select-node', 'rtimedn': 132.153, 'rtimeup': 132.153}",,,,
,,35,3,17,1733258349,BDG-461-4432,TREE-1.2-0.0-0.0,"['a35a2a09-0e5b-4c89-b416-0180cdf67736', '4e6fbdd5-31f9-458d-8cc0-2e7ab78019e6']","['participant', 'participant']","['star-six', 'moon']","['hsla(351, 79%, 51%, 1.0)', 'hsla(123, 55%, 48%, 1.0)']","[[1.0, 0.09248977206312098], [0.09248977206312098, 1.0]]","{0: '', 1: 'A', 2: 'B'}",,1,after,"[True, True]","{'max': 21, 'min': 21, 'avg': 21.0, 'root': 12}","[-10, -10]","[151, 142]",sequential,chance,chance,"[1.0, 1.0]","[0.5, 1.0]","[0.5, 1.0]","[0.5, 1.0]","[0.375, 0.0]","[0.625, 0.0]",[[0]],[[1]],[[2]],"(0, 12)","(12, 21)","(12, 21)",{},{},{},"['A', 'B']",[],[],0,0,4,4,3,2,A,,,,,,,A,,,,,"{'rtype': 'select-node', 'rtimedn': 53.473, 'rtimeup': 53.473}",,,,,,,"{'rtype': 'select-node', 'rtimedn': 53.254, 'rtimeup': 53.254}",,,,
,,35,4,17,1733258349,BDG-289-3235,TREE-1.2-0.0-0.0,"['b19d3db0-5631-4177-af52-32b44b4c6ee4', 'af883de6-a408-47aa-88dd-be481eabbd68']","['robot', 'participant']","['cross', 'stop-sign']","['hsla(73, 80%, 59%, 1.0)', 'hsla(154, 54%, 56%, 1.0)']","[[1.0, 0.11221507890122734], [0.11221507890122734, 1.0]]","{0: '', 1: 'A', 2: 'B'}",,2,after,"[False, True]","{'max': 21, 'min': 21, 'avg': 21.0, 'root': 12}","[0, -10]","[140, 135]",sequential,chance,chance,"[1.0, 1.0]","[0.5, 1.0]","[0.5, 1.0]","[0.5, 1.0]","[0.625, 0.0]","[0.375, 0.0]",[[0]],[[1]],[[2]],"(0, 12)","(12, 21)","(12, 21)",{},{},{},"['A', 'B']",[],[],0,0,3,2,3,5,B,,,,,,,B,,,,,"{'rtype': 'd', 'rtimedn': 0.969, 'rtimeup': 2.82}",,,,,,,"{'rtype': 'select-node', 'rtimedn': 62.116, 'rtimeup': 62.116}",,,,
,,35,5,17,1733258351,BDG-545-5251,TREE-1.2-0.0-0.0,"['dc7aa794-aaf0-4594-aa67-6466cf997e02', '4983457d-3147-4672-b739-bdd182435dc3']","['participant', 'robot']","['hexagon', 'ghost']","['hsla(163, 93%, 42%, 1.0)', 'hsla(332, 75%, 59%, 1.0)']","[[1.0, 0.08898305084745763], [0.08898305084745763, 1.0]]","{0: '', 1: 'A', 2: 'B'}",,1,after,"[True, False]","{'max': 21, 'min': 21, 'avg': 21.0, 'root': 12}","[-10, 0]","[136, 122]",sequential,chance,chance,"[1.0, 1.0]","[0.5, 1.0]","[0.5, 1.0]","[0.5, 1.0]","[0.625, 0.0]","[0.375, 0.0]",[[0]],[[1]],[[2]],"(0, 12)","(12, 21)","(12, 21)",{},{},{},"['A', 'B']",[],[],0,0,5,2,5,1,A,,,,,,,A,,,,,"{'rtype': 'select-node', 'rtimedn': 53.576, 'rtimeup': 53.576}",,,,,,,"{'rtype': 'd', 'rtimedn': 3.683, 'rtimeup': 5.37}",,,,
,,36,0,17,1733258362,BDG-075-1411,TREE-1.2-0.0-0.0,"['4983457d-3147-4672-b739-bdd182435dc3', 'bf1ced06-3c98-481a-b525-b0ff789e92c2']","['robot', 'participant']","['ghost', 'stop-sign']","['hsla(332, 75%, 59%, 1.0)', 'hsla(77, 55%, 64%, 1.0)']","[[1.0, 0.10520163646990063], [0.10520163646990063, 1.0]]","{0: '', 1: 'A', 2: 'B'}",,2,after,"[False, True]","{'max': 21, 'min': 21, 'avg': 21.0, 'root': 12}","[0, -10]","[122, 127]",sequential,chance,chance,"[1.0, 1.0]","[0.5, 1.0]","[0.5, 1.0]","[0.5, 1.0]","[0.375, 0.0]","[0.625, 0.0]",[[0]],[[1]],[[2]],"(0, 12)","(12, 21)","(12, 21)",{},{},{},"['A', 'B']",[],[],0,0,1,4,1,1,B,,,,,,,A,,,,,"{'rtype': 'a', 'rtimedn': 4.708, 'rtimeup': 6.852}",,,,,,,"{'rtype': 'select-node', 'rtimedn': 133.35, 'rtimeup': 133.35}",,,,
,,36,1,17,1733258360,BDG-397-4153,TREE-1.2-0.0-0.0,"['ac225116-14bc-429f-b2d5-8c4643505c01', '56064979-2a1e-4fcf-921e-09debb413eaa']","['participant', 'participant']","['circle', 'circle']","['hsla(8, 54%, 64%, 1.0)', 'hsla(79, 92%, 65%, 1.0)']","[[1.0, 0.07773232028053768], [0.07773232028053768, 1.0]]","{0: '', 1: 'A', 2: 'B'}",,2,after,"[True, True]","{'max': 21, 'min': 21, 'avg': 21.0, 'root': 12}","[-10, -10]","[129, 127]",sequential,chance,chance,"[1.0, 1.0]","[0.5, 1.0]","[0.5, 1.0]","[0.5, 1.0]","[0.625, 0.0]","[0.375, 0.0]",[[0]],[[1]],[[2]],"(0, 12)","(12, 21)","(12, 21)",{},{},{},"['A', 'B']",[],[],0,0,4,1,5,3,B,,,,,,,B,,,,,"{'rtype': 'select-node', 'rtimedn': 64.564, 'rtimeup': 64.564}",,,,,,,"{'rtype': 'select-node', 'rtimedn': 54.594, 'rtimeup': 54.594}",,,,
,,36,2,17,1733258359,BDG-074-1355,TREE-1.2-0.0-0.0,"['4e6fbdd5-31f9-458d-8cc0-2e7ab78019e6', 'a35a2a09-0e5b-4c89-b416-0180cdf67736']","['participant', 'participant']","['moon', 'star-six']","['hsla(123, 55%, 48%, 1.0)', 'hsla(351, 79%, 51%, 1.0)']","[[1.0, 0.09248977206312098], [0.09248977206312098, 1.0]]","{0: '', 1: 'A', 2: 'B'}",,2,after,"[True, True]","{'max': 21, 'min': 21, 'avg': 21.0, 'root': 12}","[-10, -10]","[142, 151]",sequential,chance,chance,"[1.0, 1.0]","[0.5, 1.0]","[0.5, 1.0]","[0.5, 1.0]","[0.625, 0.0]","[0.375, 0.0]",[[0]],[[1]],[[2]],"(0, 12)","(12, 21)","(12, 21)",{},{},{},"['A', 'B']",[],[],0,0,1,3,5,5,B,,,,,,,B,,,,,"{'rtype': 'select-node', 'rtimedn': 54.28, 'rtimeup': 54.28}",,,,,,,"{'rtype': 'select-node', 'rtimedn': 54.424, 'rtimeup': 54.424}",,,,
,,36,3,17,1733258359,BDG-605-5521,TREE-1.2-0.0-0.0,"['b19d3db0-5631-4177-af52-32b44b4c6ee4', 'eede0c44-416a-4587-96b5-ce08abfb5509']","['robot', 'participant']","['cross', 'flower']","['hsla(73, 80%, 59%, 1.0)', 'hsla(140, 57%, 43%, 1.0)']","[[1.0, 0.11820572764465223], [0.11820572764465223, 1.0]]","{0: '', 1: 'A', 2: 'B'}",,1,after,"[False, True]","{'max': 21, 'min': 21, 'avg': 21.0, 'root': 12}","[0, -10]","[140, 124]",sequential,chance,chance,"[1.0, 1.0]","[0.5, 1.0]","[0.5, 1.0]","[0.5, 1.0]","[0.375, 0.0]","[0.625, 0.0]",[[0]],[[1]],[[2]],"(0, 12)","(12, 21)","(12, 21)",{},{},{},"['A', 'B']",[],[],0,0,5,5,2,1,A,,,,,,,A,,,,,"{'rtype': 'a', 'rtimedn': 1.639, 'rtimeup': 2.635}",,,,,,,"{'rtype': 'select-node', 'rtimedn': 132.471, 'rtimeup': 132.471}",,,,
,,36,4,17,1733258360,BDG-306-3322,TREE-1.2-0.0-0.0,"['dc7aa794-aaf0-4594-aa67-6466cf997e02', 'af883de6-a408-47aa-88dd-be481eabbd68']","['participant', 'participant']","['hexagon', 'stop-sign']","['hsla(163, 93%, 42%, 1.0)', 'hsla(154, 54%, 56%, 1.0)']","[[1.0, 0.14202220923436584], [0.14202220923436584, 1.0]]","{0: '', 1: 'A', 2: 'B'}",,1,after,"[True, True]","{'max': 21, 'min': 21, 'avg': 21.0, 'root': 12}","[-10, -10]","[136, 135]",sequential,chance,chance,"[1.0, 1.0]","[0.5, 1.0]","[0.5, 1.0]","[0.5, 1.0]","[0.625, 0.0]","[0.375, 0.0]",[[0]],[[1]],[[2]],"(0, 12)","(12, 21)","(12, 21)",{},{},{},"['A', 'B']",[],[],0,0,3,3,2,2,A,,,,,,,A,,,,,"{'rtype': 'select-node', 'rtimedn': 54.45, 'rtimeup': 54.45}",,,,,,,"{'rtype': 'select-node', 'rtimedn': 63.27, 'rtimeup': 63.27}",,,,
,,36,5,17,1733258361,BDG-071-1352,TREE-1.2-0.0-0.0,"['44997a74-c08b-467a-b3c9-7492a6bde261', '6c7c7d0e-9b28-49a3-a8ae-a038288cb0a1']","['participant', 'participant']","['dent-square', 'dent-square']","['hsla(114, 51%, 63%, 1.0)', 'hsla(165, 54%, 40%, 1.0)']","[[1.0, 0.11221507890122734], [0.11221507890122734, 1.0]]","{0: '', 1: 'A', 2: 'B'}",,2,after,"[True, True]","{'max': 21, 'min': 21, 'avg': 21.0, 'root': 12}","[-10, -10]","[138, 133]",sequential,chance,chance,"[1.0, 1.0]","[0.5, 1.0]","[0.5, 1.0]","[0.5, 1.0]","[0.375, 0.0]","[0.625, 0.0]",[[0]],[[1]],[[2]],"(0, 12)","(12, 21)","(12, 21)",{},{},{},"['A', 'B']",[],[],0,0,1,3,5,2,B,,,,,,,B,,,,,"{'rtype': 'select-node', 'rtimedn': 54.651, 'rtimeup': 54.651}",,,,,,,"{'rtype': 'select-node', 'rtimedn': 66.872, 'rtimeup': 66.872}",,,,
,,37,0,17,1733258371,BDG-416-4242,TREE-1.2-0.0-0.0,"['af883de6-a408-47aa-88dd-be481eabbd68', 'bf1ced06-3c98-481a-b525-b0ff789e92c2']","['participant', 'participant']","['stop-sign', 'stop-sign']","['hsla(154, 54%, 56%, 1.0)', 'hsla(77, 55%, 64%, 1.0)']","[[1.0, 0.11820572764465223], [0.11820572764465223, 1.0]]","{0: '', 1: 'A', 2: 'B'}",,1,after,"[True, True]","{'max': 21, 'min': 21, 'avg': 21.0, 'root': 12}","[-10, -10]","[135, 127]",sequential,chance,chance,"[1.0, 1.0]","[0.5, 1.0]","[0.5, 1.0]","[0.5, 1.0]","[0.375, 0.0]","[0.625, 0.0]",[[0]],[[1]],[[2]],"(0, 12)","(12, 21)","(12, 21)",{},{},{},"['A', 'B']",[],[],0,0,4,2,4,2,A,,,,,,,A,,,,,"{'rtype': 'select-node', 'rtimedn': 64.297, 'rtimeup': 64.297}",,,,,,,"{'rtype': 'select-node', 'rtimedn': 134.168, 'rtimeup': 134.168}",,,,
,,37,1,17,1733258369,BDG-343-3444,TREE-1.2-0.0-0.0,"['a35a2a09-0e5b-4c89-b416-0180cdf67736', '4983457d-3147-4672-b739-bdd182435dc3']","['participant', 'robot']","['star-six', 'ghost']","['hsla(351, 79%, 51%, 1.0)', 'hsla(332, 75%, 59%, 1.0)']","[[1.0, 0.14202220923436584], [0.14202220923436584, 1.0]]","{0: '', 1: 'A', 2: 'B'}",,2,after,"[True, False]","{'max': 21, 'min': 21, 'avg': 21.0, 'root': 12}","[-10, 0]","[151, 122]",sequential,chance,chance,"[1.0, 1.0]","[0.5, 1.0]","[0.5, 1.0]","[0.5, 1.0]","[0.375, 0.0]","[0.625, 0.0]",[[0]],[[1]],[[2]],"(0, 12)","(12, 21)","(12, 21)",{},{},{},"['A', 'B']",[],[],0,0,3,4,4,4,B,,,,,,,B,,,,,"{'rtype': 'select-node', 'rtimedn': 55.515, 'rtimeup': 55.515}",,,,,,,"{'rtype': 'a', 'rtimedn': 0.819, 'rtimeup': 2.355}",,,,
,,37,2,17,1733258371,BDG-122-1553,TREE-1.2-0.0-0.0,"['b19d3db0-5631-4177-af52-32b44b4c6ee4', 'dc7aa794-aaf0-4594-aa67-6466cf997e02']","['robot', 'participant']","['cross', 'hexagon']","['hsla(73, 80%, 59%, 1.0)', 'hsla(163, 93%, 42%, 1.0)']","[[1.0, 0.09248977206312098], [0.09248977206312098, 1.0]]","{0: '', 1: 'A', 2: 'B'}",,2,after,"[False, True]","{'max': 21, 'min': 21, 'avg': 21.0, 'root': 12}","[0, -10]","[140, 136]",sequential,chance,chance,"[1.0, 1.0]","[0.5, 1.0]","[0.5, 1.0]","[0.5, 1.0]","[0.625, 0.0]","[0.375, 0.0]",[[0]],[[1]],[[2]],"(0, 12)","(12, 21)","(12, 21)",{},{},{},"['A', 'B']",[],[],0,0,1,5,5,3,B,,,,,,,B,,,,,"{'rtype': 'd', 'rtimedn': 7.811, 'rtimeup': 9.989}",,,,,,,"{'rtype': 'select-node', 'rtimedn': 55.593, 'rtimeup': 55.593}",,,,
,,37,3,17,1733258370,BDG-200-2411,TREE-1.2-0.0-0.0,"['44997a74-c08b-467a-b3c9-7492a6bde261', 'eede0c44-416a-4587-96b5-ce08abfb5509']","['participant', 'participant']","['dent-square', 'flower']","['hsla(114, 51%, 63%, 1.0)', 'hsla(140, 57%, 43%, 1.0)']","[[1.0, 0.08898305084745763], [0.08898305084745763, 1.0]]","{0: '', 1: 'A', 2: 'B'}",,1,after,"[True, True]","{'max': 21, 'min': 21, 'avg': 21.0, 'root': 12}","[-10, -10]","[138, 124]",sequential,chance,chance,"[1.0, 1.0]","[0.5, 1.0]","[0.5, 1.0]","[0.5, 1.0]","[0.375, 0.0]","[0.625, 0.0]",[[0]],[[1]],[[2]],"(0, 12)","(12, 21)","(12, 21)",{},{},{},"['A', 'B']",[],[],0,0,2,4,1,1,A,,,,,,,B,,,,,"{'rtype': 'select-node', 'rtimedn': 55.689, 'rtimeup': 55.689}",,,,,,,"{'rtype': 'select-node', 'rtimedn': 133.608, 'rtimeup': 133.608}",,,,
,,37,4,17,1733258373,BDG-330-3421,TREE-1.2-0.0-0.0,"['56064979-2a1e-4fcf-921e-09debb413eaa', '4e6fbdd5-31f9-458d-8cc0-2e7ab78019e6']","['participant', 'participant']","['circle', 'moon']","['hsla(79, 92%, 65%, 1.0)', 'hsla(123, 55%, 48%, 1.0)']","[[1.0, 0.11820572764465223], [0.11820572764465223, 1.0]]","{0: '', 1: 'A', 2: 'B'}",,2,after,"[True, True]","{'max': 21, 'min': 21, 'avg': 21.0, 'root': 12}","[-10, -10]","[127, 142]",sequential,chance,chance,"[1.0, 1.0]","[0.5, 1.0]","[0.5, 1.0]","[0.5, 1.0]","[0.625, 0.0]","[0.375, 0.0]",[[0]],[[1]],[[2]],"(0, 12)","(12, 21)","(12, 21)",{},{},{},"['A', 'B']",[],[],0,0,3,4,2,1,B,,,,,,,A,,,,,"{'rtype': 'select-node', 'rtimedn': 55.788, 'rtimeup': 55.788}",,,,,,,"{'rtype': 'select-node', 'rtimedn': 55.601, 'rtimeup': 55.601}",,,,
,,37,5,17,1733258371,BDG-032-1223,TREE-1.2-0.0-0.0,"['ac225116-14bc-429f-b2d5-8c4643505c01', '6c7c7d0e-9b28-49a3-a8ae-a038288cb0a1']","['participant', 'participant']","['circle', 'dent-square']","['hsla(8, 54%, 64%, 1.0)', 'hsla(165, 54%, 40%, 1.0)']","[[1.0, 0.10520163646990063], [0.10520163646990063, 1.0]]","{0: '', 1: 'A', 2: 'B'}",,2,after,"[True, True]","{'max': 21, 'min': 21, 'avg': 21.0, 'root': 12}","[-10, -10]","[129, 133]",sequential,chance,chance,"[1.0, 1.0]","[0.5, 1.0]","[0.5, 1.0]","[0.5, 1.0]","[0.625, 0.0]","[0.375, 0.0]",[[0]],[[1]],[[2]],"(0, 12)","(12, 21)","(12, 21)",{},{},{},"['A', 'B']",[],[],0,0,1,2,2,3,B,,,,,,,B,,,,,"{'rtype': 'select-node', 'rtimedn': 65.66, 'rtimeup': 65.66}",,,,,,,"{'rtype': 'select-node', 'rtimedn': 67.826, 'rtimeup': 67.826}",,,,
,,38,0,17,1733258384,BDG-019-1145,TREE-1.2-0.0-0.0,"['56064979-2a1e-4fcf-921e-09debb413eaa', 'eede0c44-416a-4587-96b5-ce08abfb5509']","['participant', 'participant']","['circle', 'flower']","['hsla(79, 92%, 65%, 1.0)', 'hsla(140, 57%, 43%, 1.0)']","[[1.0, 0.14202220923436584], [0.14202220923436584, 1.0]]","{0: '', 1: 'A', 2: 'B'}",,2,after,"[True, True]","{'max': 21, 'min': 21, 'avg': 21.0, 'root': 12}","[-10, -10]","[127, 124]",sequential,chance,chance,"[1.0, 1.0]","[0.5, 1.0]","[0.5, 1.0]","[0.5, 1.0]","[0.375, 0.0]","[0.625, 0.0]",[[0]],[[1]],[[2]],"(0, 12)","(12, 21)","(12, 21)",{},{},{},"['A', 'B']",[],[],0,0,1,1,4,5,B,,,,,,,B,,,,,"{'rtype': 'select-node', 'rtimedn': 56.99, 'rtimeup': 56.99}",,,,,,,"{'rtype': 'select-node', 'rtimedn': 134.965, 'rtimeup': 134.965}",,,,
,,38,1,17,1733258382,BDG-307-3323,TREE-1.2-0.0-0.0,"['a35a2a09-0e5b-4c89-b416-0180cdf67736', 'dc7aa794-aaf0-4594-aa67-6466cf997e02']","['participant', 'participant']","['star-six', 'hexagon']","['hsla(351, 79%, 51%, 1.0)', 'hsla(163, 93%, 42%, 1.0)']","[[1.0, 0.11221507890122734], [0.11221507890122734, 1.0]]","{0: '', 1: 'A', 2: 'B'}",,1,after,"[True, True]","{'max': 21, 'min': 21, 'avg': 21.0, 'root': 12}","[-10, -10]","[151, 136]",sequential,chance,chance,"[1.0, 1.0]","[0.5, 1.0]","[0.5, 1.0]","[0.5, 1.0]","[0.625, 0.0]","[0.375, 0.0]",[[0]],[[1]],[[2]],"(0, 12)","(12, 21)","(12, 21)",{},{},{},"['A', 'B']",[],[],0,0,3,3,2,3,A,,,,,,,A,,,,,"{'rtype': 'select-node', 'rtimedn': 56.731, 'rtimeup': 56.731}",,,,,,,"{'rtype': 'select-node', 'rtimedn': 56.638, 'rtimeup': 56.638}",,,,
,,38,2,17,1733258383,BDG-459-4425,TREE-1.2-0.0-0.0,"['4983457d-3147-4672-b739-bdd182435dc3', 'bf1ced06-3c98-481a-b525-b0ff789e92c2']","['robot', 'participant']","['ghost', 'stop-sign']","['hsla(332, 75%, 59%, 1.0)', 'hsla(77, 55%, 64%, 1.0)']","[[1.0, 0.10520163646990063], [0.10520163646990063, 1.0]]","{0: '', 1: 'A', 2: 'B'}",,2,after,"[False, True]","{'max': 21, 'min': 21, 'avg': 21.0, 'root': 12}","[0, -10]","[122, 127]",sequential,chance,chance,"[1.0, 1.0]","[0.5, 1.0]","[0.5, 1.0]","[0.5, 1.0]","[0.375, 0.0]","[0.625, 0.0]",[[0]],[[1]],[[2]],"(0, 12)","(12, 21)","(12, 21)",{},{},{},"['A', 'B']",[],[],0,0,4,4,2,5,B,,,,,,,B,,,,,"{'rtype': 'a', 'rtimedn': 5.148, 'rtimeup': 6.325}",,,,,,,"{'rtype': 'select-node', 'rtimedn': 135.438, 'rtimeup': 135.438}",,,,
,,38,3,17,1733258381,BDG-487-4533,TREE-1.2-0.0-0.0,"['ac225116-14bc-429f-b2d5-8c4643505c01', '4e6fbdd5-31f9-458d-8cc0-2e7ab78019e6']","['participant', 'participant']","['circle', 'moon']","['hsla(8, 54%, 64%, 1.0)', 'hsla(123, 55%, 48%, 1.0)']","[[1.0, 0.13047925189947399], [0.13047925189947399, 1.0]]","{0: '', 1: 'A', 2: 'B'}",,2,after,"[True, True]","{'max': 21, 'min': 21, 'avg': 21.0, 'root': 12}","[-10, -10]","[129, 142]",sequential,chance,chance,"[1.0, 1.0]","[0.5, 1.0]","[0.5, 1.0]","[0.5, 1.0]","[0.625, 0.0]","[0.375, 0.0]",[[0]],[[1]],[[2]],"(0, 12)","(12, 21)","(12, 21)",{},{},{},"['A', 'B']",[],[],0,0,4,5,3,3,B,,,,,,,B,,,,,"{'rtype': 'select-node', 'rtimedn': 66.713, 'rtimeup': 66.713}",,,,,,,"{'rtype': 'select-node', 'rtimedn': 56.431, 'rtimeup': 56.431}",,,,
,,38,4,17,1733258385,BDG-407-4223,TREE-1.2-0.0-0.0,"['af883de6-a408-47aa-88dd-be481eabbd68', '6c7c7d0e-9b28-49a3-a8ae-a038288cb0a1']","['participant', 'participant']","['stop-sign', 'dent-square']","['hsla(154, 54%, 56%, 1.0)', 'hsla(165, 54%, 40%, 1.0)']","[[1.0, 0.08898305084745763], [0.08898305084745763, 1.0]]","{0: '', 1: 'A', 2: 'B'}",,2,after,"[True, True]","{'max': 21, 'min': 21, 'avg': 21.0, 'root': 12}","[-10, -10]","[135, 133]",sequential,chance,chance,"[1.0, 1.0]","[0.5, 1.0]","[0.5, 1.0]","[0.5, 1.0]","[0.625, 0.0]","[0.375, 0.0]",[[0]],[[1]],[[2]],"(0, 12)","(12, 21)","(12, 21)",{},{},{},"['A', 'B']",[],[],0,0,4,2,2,3,B,,,,,,,A,,,,,"{'rtype': 'select-node', 'rtimedn': 65.68, 'rtimeup': 65.68}",,,,,,,"{'rtype': 'select-node', 'rtimedn': 69.196, 'rtimeup': 69.196}",,,,
,,38,5,17,1733258380,BDG-355-3521,TREE-1.2-0.0-0.0,"['b19d3db0-5631-4177-af52-32b44b4c6ee4', '44997a74-c08b-467a-b3c9-7492a6bde261']","['robot', 'participant']","['cross', 'dent-square']","['hsla(73, 80%, 59%, 1.0)', 'hsla(114, 51%, 63%, 1.0)']","[[1.0, 0.13047925189947399], [0.13047925189947399, 1.0]]","{0: '', 1: 'A', 2: 'B'}",,1,after,"[False, True]","{'max': 21, 'min': 21, 'avg': 21.0, 'root': 12}","[0, -10]","[140, 138]",sequential,chance,chance,"[1.0, 1.0]","[0.5, 1.0]","[0.5, 1.0]","[0.5, 1.0]","[0.625, 0.0]","[0.375, 0.0]",[[0]],[[1]],[[2]],"(0, 12)","(12, 21)","(12, 21)",{},{},{},"['A', 'B']",[],[],0,0,3,5,2,1,A,,,,,,,A,,,,,"{'rtype': 'a', 'rtimedn': 3.563, 'rtimeup': 5.212}",,,,,,,"{'rtype': 'select-node', 'rtimedn': 56.704, 'rtimeup': 56.704}",,,,
,,39,0,17,1733258393,BDG-184-2325,TREE-1.2-0.0-0.0,"['4983457d-3147-4672-b739-bdd182435dc3', '6c7c7d0e-9b28-49a3-a8ae-a038288cb0a1']","['robot', 'participant']","['ghost', 'dent-square']","['hsla(332, 75%, 59%, 1.0)', 'hsla(165, 54%, 40%, 1.0)']","[[1.0, 0.11820572764465223], [0.11820572764465223, 1.0]]","{0: '', 1: 'A', 2: 'B'}",,1,after,"[False, True]","{'max': 21, 'min': 21, 'avg': 21.0, 'root': 12}","[0, -10]","[122, 133]",sequential,chance,chance,"[1.0, 1.0]","[0.5, 1.0]","[0.5, 1.0]","[0.5, 1.0]","[0.625, 0.0]","[0.375, 0.0]",[[0]],[[1]],[[2]],"(0, 12)","(12, 21)","(12, 21)",{},{},{},"['A', 'B']",[],[],0,0,2,3,2,5,A,,,,,,,B,,,,,"{'rtype': 'a', 'rtimedn': 4.628, 'rtimeup': 7.416}",,,,,,,"{'rtype': 'select-node', 'rtimedn': 70.045, 'rtimeup': 70.045}",,,,
,,39,1,17,1733258397,BDG-233-2524,TREE-1.2-0.0-0.0,"['44997a74-c08b-467a-b3c9-7492a6bde261', 'bf1ced06-3c98-481a-b525-b0ff789e92c2']","['participant', 'participant']","['dent-square', 'stop-sign']","['hsla(114, 51%, 63%, 1.0)', 'hsla(77, 55%, 64%, 1.0)']","[[1.0, 0.07773232028053768], [0.07773232028053768, 1.0]]","{0: '', 1: 'A', 2: 'B'}",,2,after,"[True, True]","{'max': 21, 'min': 21, 'avg': 21.0, 'root': 12}","[-10, -10]","[138, 127]",sequential,chance,chance,"[1.0, 1.0]","[0.5, 1.0]","[0.5, 1.0]","[0.5, 1.0]","[0.625, 0.0]","[0.375, 0.0]",[[0]],[[1]],[[2]],"(0, 12)","(12, 21)","(12, 21)",{},{},{},"['A', 'B']",[],[],0,0,2,5,2,4,B,,,,,,,B,,,,,"{'rtype': 'select-node', 'rtimedn': 58.004, 'rtimeup': 58.004}",,,,,,,"{'rtype': 'select-node', 'rtimedn': 136.83, 'rtimeup': 136.83}",,,,
,,39,2,17,1733258393,BDG-032-1223,TREE-1.2-0.0-0.0,"['af883de6-a408-47aa-88dd-be481eabbd68', 'b19d3db0-5631-4177-af52-32b44b4c6ee4']","['participant', 'robot']","['stop-sign', 'cross']","['hsla(154, 54%, 56%, 1.0)', 'hsla(73, 80%, 59%, 1.0)']","[[1.0, 0.11221507890122734], [0.11221507890122734, 1.0]]","{0: '', 1: 'A', 2: 'B'}",,2,after,"[True, False]","{'max': 21, 'min': 21, 'avg': 21.0, 'root': 12}","[-10, 0]","[135, 140]",sequential,chance,chance,"[1.0, 1.0]","[0.5, 1.0]","[0.5, 1.0]","[0.5, 1.0]","[0.625, 0.0]","[0.375, 0.0]",[[0]],[[1]],[[2]],"(0, 12)","(12, 21)","(12, 21)",{},{},{},"['A', 'B']",[],[],0,0,1,2,2,3,B,,,,,,,B,,,,,"{'rtype': 'select-node', 'rtimedn': 66.491, 'rtimeup': 66.491}",,,,,,,"{'rtype': 'a', 'rtimedn': 4.196, 'rtimeup': 4.631}",,,,
,,39,3,17,1733258393,BDG-349-3455,TREE-1.2-0.0-0.0,"['ac225116-14bc-429f-b2d5-8c4643505c01', 'a35a2a09-0e5b-4c89-b416-0180cdf67736']","['participant', 'participant']","['circle', 'star-six']","['hsla(8, 54%, 64%, 1.0)', 'hsla(351, 79%, 51%, 1.0)']","[[1.0, 0.08898305084745763], [0.08898305084745763, 1.0]]","{0: '', 1: 'A', 2: 'B'}",,2,after,"[True, True]","{'max': 21, 'min': 21, 'avg': 21.0, 'root': 12}","[-10, -10]","[129, 151]",sequential,chance,chance,"[1.0, 1.0]","[0.5, 1.0]","[0.5, 1.0]","[0.5, 1.0]","[0.375, 0.0]","[0.625, 0.0]",[[0]],[[1]],[[2]],"(0, 12)","(12, 21)","(12, 21)",{},{},{},"['A', 'B']",[],[],0,0,3,4,5,5,B,,,,,,,B,,,,,"{'rtype': 'select-node', 'rtimedn': 67.865, 'rtimeup': 67.865}",,,,,,,"{'rtype': 'select-node', 'rtimedn': 57.835, 'rtimeup': 57.835}",,,,
,,39,4,17,1733258395,BDG-317-3343,TREE-1.2-0.0-0.0,"['56064979-2a1e-4fcf-921e-09debb413eaa', 'eede0c44-416a-4587-96b5-ce08abfb5509']","['participant', 'participant']","['circle', 'flower']","['hsla(79, 92%, 65%, 1.0)', 'hsla(140, 57%, 43%, 1.0)']","[[1.0, 0.14202220923436584], [0.14202220923436584, 1.0]]","{0: '', 1: 'A', 2: 'B'}",,2,after,"[True, True]","{'max': 21, 'min': 21, 'avg': 21.0, 'root': 12}","[-10, -10]","[127, 124]",sequential,chance,chance,"[1.0, 1.0]","[0.5, 1.0]","[0.5, 1.0]","[0.5, 1.0]","[0.375, 0.0]","[0.625, 0.0]",[[0]],[[1]],[[2]],"(0, 12)","(12, 21)","(12, 21)",{},{},{},"['A', 'B']",[],[],0,0,3,3,4,3,B,,,,,,,A,,,,,"{'rtype': 'select-node', 'rtimedn': 57.984, 'rtimeup': 57.984}",,,,,,,"{'rtype': 'select-node', 'rtimedn': 136.077, 'rtimeup': 136.077}",,,,
,,39,5,17,1733258395,BDG-391-4142,TREE-1.2-0.0-0.0,"['4e6fbdd5-31f9-458d-8cc0-2e7ab78019e6', 'dc7aa794-aaf0-4594-aa67-6466cf997e02']","['participant', 'participant']","['moon', 'hexagon']","['hsla(123, 55%, 48%, 1.0)', 'hsla(163, 93%, 42%, 1.0)']","[[1.0, 0.025131502045587374], [0.025131502045587374, 1.0]]","{0: '', 1: 'A', 2: 'B'}",,2,after,"[True, True]","{'max': 21, 'min': 21, 'avg': 21.0, 'root': 12}","[-10, -10]","[142, 136]",sequential,chance,chance,"[1.0, 1.0]","[0.5, 1.0]","[0.5, 1.0]","[0.5, 1.0]","[0.625, 0.0]","[0.375, 0.0]",[[0]],[[1]],[[2]],"(0, 12)","(12, 21)","(12, 21)",{},{},{},"['A', 'B']",[],[],0,0,4,1,4,2,B,,,,,,,B,,,,,"{'rtype': 'select-node', 'rtimedn': 57.804, 'rtimeup': 57.804}",,,,,,,"{'rtype': 'select-node', 'rtimedn': 57.873, 'rtimeup': 57.873}",,,,
