experiment_setting_keys,experiment_setting_values,round,room,batch,timestamp,title,tree_tag,player_uuids,player_types,avatar_shapes,avatar_colors,adjacency_matrix,idnum_label_map,perspective_of_player,final_node,tree_status,players_abdicated,durations,cumulative_payoffs_tree,cumulative_payoffs_experiment,choice_type_,choice_type_A,choice_type_B,probability_,probability_A,probability_B,positionxy_,positionxy_A,positionxy_B,info_set_,info_set_A,info_set_B,time_,time_A,time_B,beliefs_,beliefs_A,beliefs_B,options_,options_A,options_B,payoffs__p0,payoffs__p1,payoffs_A_p0,payoffs_A_p1,payoffs_B_p0,payoffs_B_p1,choice__p0,choice__p1,choice_A_p0,choice_A_p1,choice_B_p0,choice_B_p1,prediction__p0,prediction__p1,prediction_A_p0,prediction_A_p1,prediction_B_p0,prediction_B_p1,choice_data__p0,choice_data__p1,choice_data_A_p0,choice_data_A_p1,choice_data_B_p0,choice_data_B_p1,prediction_data__p0,prediction_data__p1,prediction_data_A_p0,prediction_data_A_p1,prediction_data_B_p0,prediction_data_B_p1
rounds,"{'apply': True, 'distribution_type': 'sigmoid', 'interval': [0, 200], 'coefficients': [1, 40]}",0,0,5,1732656099,BDG-401-4212,TREE-1.2-0.0-0.0,"['8ac8c28f-01b1-4b30-a872-3c9bc96e0a06', 'a274c52d-824b-47fa-8f72-0edaea00d8f9']","['participant', 'participant']","['round-square', 'teardrop']","['hsla(101, 55%, 61%, 1.0)', 'hsla(333, 58%, 62%, 1.0)']","[[1.0, 0.229621736814065], [0.229621736814065, 1.0]]","{0: '', 1: 'A', 2: 'B'}",,1,after,"[True, True]","{'max': 21, 'min': 21, 'avg': 21.0, 'root': 12}","[-10, -10]","[126, 108]",sequential,chance,chance,"[1.0, 1.0]","[0.5, 1.0]","[0.5, 1.0]","[0.5, 1.0]","[0.625, 0.0]","[0.375, 0.0]",[[0]],[[1]],[[2]],"(0, 12)","(12, 21)","(12, 21)",{},{},{},"['A', 'B']",[],[],0,0,4,2,1,2,A,,,,,,,B,,,,,"{'rtype': 'select-node', 'rtimedn': 35.441, 'rtimeup': 35.441}",,,,,,,"{'rtype': 'select-node', 'rtimedn': 141.046, 'rtimeup': 141.046}",,,,
time_horizon,"{'apply': True, 'interval': [0, 1], 'distribution_type': 'linear', 'coefficients': [0, 1]}",0,1,5,1732656098,BDG-300-3311,TREE-1.2-0.0-0.0,"['dd9da256-cc2b-4fee-aed8-5760e2a6a6b9', '8002fc3a-fd31-4553-a3d0-f9075f13995c']","['participant', 'participant']","['flower', 'round-square']","['hsla(163, 77%, 63%, 1.0)', 'hsla(223, 71%, 50%, 1.0)']","[[1.0, 0.04928076718167288], [0.04928076718167288, 1.0]]","{0: '', 1: 'A', 2: 'B'}",,1,after,"[False, True]","{'max': 21, 'min': 21, 'avg': 21.0, 'root': 12}","[0, -10]","[131, 140]",sequential,chance,chance,"[1.0, 1.0]","[0.5, 1.0]","[0.5, 1.0]","[0.5, 1.0]","[0.375, 0.0]","[0.625, 0.0]",[[0]],[[1]],[[2]],"(0, 12)","(12, 21)","(12, 21)",{},{},{},"['A', 'B']",[],[],0,0,3,3,1,1,A,,,,,,,A,,,,,"{'rtype': 'select-node', 'rtimedn': 9.05, 'rtimeup': 9.05}",,,,,,,"{'rtype': 'select-node', 'rtimedn': 159.13, 'rtimeup': 159.13}",,,,
payoff_dimensions,"{'SSD': {'apply': True, 'distribution_type': 'uniform', 'interval': [0, 1], 'coefficients': [1, 1]}, 'OOD': {'apply': True, 'distribution_type': 'uniform', 'interval': [0, 1], 'coefficients': [1, 1]}, 'SOD': {'apply': True, 'distribution_type': 'uniform', 'interval': [0, 1], 'coefficients': [1, 1]}, 'abdication_penalty': 10, 'payoff_values': [1, 9], 'cents_per_payoff': 0}",0,2,5,1732656102,BDG-421-4252,TREE-1.2-0.0-0.0,"['88d92231-0f23-4c09-a562-8abb7e5f32ed', '44598db2-2243-45c1-8ba8-5a8ebaa0b042']","['participant', 'participant']","['jagged-sun', 'flame']","['hsla(143, 83%, 61%, 1.0)', 'hsla(231, 75%, 51%, 1.0)']","[[1.0, 0.229621736814065], [0.229621736814065, 1.0]]","{0: '', 1: 'A', 2: 'B'}",,2,after,"[True, True]","{'max': 21, 'min': 21, 'avg': 21.0, 'root': 12}","[-10, -10]","[141, 107]",sequential,chance,chance,"[1.0, 1.0]","[0.5, 1.0]","[0.5, 1.0]","[0.5, 1.0]","[0.375, 0.0]","[0.625, 0.0]",[[0]],[[1]],[[2]],"(0, 12)","(12, 21)","(12, 21)",{},{},{},"['A', 'B']",[],[],0,0,4,2,5,2,B,,,,,,,B,,,,,"{'rtype': 'select-node', 'rtimedn': 133.215, 'rtimeup': 133.215}",,,,,,,"{'rtype': 'select-node', 'rtimedn': 131.786, 'rtimeup': 131.786}",,,,
players,"{'n_humans': 8, 'n_robots': 0, 'can_join_late': False, 'proportion_over_number': True, 'start_when_enough_humans': True, 'exclude_researchers': False}",0,3,5,1732656105,BDG-388-4134,TREE-1.2-0.0-0.0,"['689ed84b-05d2-4c2b-9dff-8a53dd0f11c7', '510d16e8-9e24-4546-8797-cbdc39924d91']","['participant', 'participant']","['two-triangle', 'stop-sign']","['hsla(146, 69%, 41%, 1.0)', 'hsla(268, 72%, 43%, 1.0)']","[[1.0, 0.09509856153436334], [0.09509856153436334, 1.0]]","{0: '', 1: 'A', 2: 'B'}",,1,after,"[True, True]","{'max': 21, 'min': 21, 'avg': 21.0, 'root': 12}","[-10, -10]","[85, 109]",sequential,chance,chance,"[1.0, 1.0]","[0.5, 1.0]","[0.5, 1.0]","[0.5, 1.0]","[0.625, 0.0]","[0.375, 0.0]",[[0]],[[1]],[[2]],"(0, 12)","(12, 21)","(12, 21)",{},{},{},"['A', 'B']",[],[],0,0,4,1,3,4,A,,,,,,,A,,,,,"{'rtype': None, 'rtimedn': 13, 'rtimeup': 13}",,,,,,,"{'rtype': None, 'rtimedn': 13, 'rtimeup': 13}",,,,
game_speed,"{'seconds_per_node': 9, 'seconds_per_descendant': 1, 'buffer_between_levels': 0}",1,0,5,1732656117,BDG-227-2513,TREE-1.2-0.0-0.0,"['8ac8c28f-01b1-4b30-a872-3c9bc96e0a06', 'a274c52d-824b-47fa-8f72-0edaea00d8f9']","['participant', 'participant']","['round-square', 'teardrop']","['hsla(101, 55%, 61%, 1.0)', 'hsla(333, 58%, 62%, 1.0)']","[[1.0, 0.229621736814065], [0.229621736814065, 1.0]]","{0: '', 1: 'A', 2: 'B'}",,1,after,"[True, True]","{'max': 21, 'min': 21, 'avg': 21.0, 'root': 12}","[-10, -10]","[126, 108]",sequential,chance,chance,"[1.0, 1.0]","[0.5, 1.0]","[0.5, 1.0]","[0.5, 1.0]","[0.625, 0.0]","[0.375, 0.0]",[[0]],[[1]],[[2]],"(0, 12)","(12, 21)","(12, 21)",{},{},{},"['A', 'B']",[],[],0,0,2,5,1,3,A,,,,,,,A,,,,,"{'rtype': 'select-node', 'rtimedn': 37.429, 'rtimeup': 37.429}",,,,,,,"{'rtype': 'select-node', 'rtimedn': 142.831, 'rtimeup': 142.831}",,,,
game_trees,"{'preselected': True, 'trees_list': ['BDG-000-1111', 'BDG-001-1112', 'BDG-002-1113', 'BDG-003-1114', 'BDG-004-1115', 'BDG-005-1121', 'BDG-006-1122', 'BDG-007-1123', 'BDG-008-1124', 'BDG-009-1125', 'BDG-010-1131', 'BDG-011-1132', 'BDG-012-1133', 'BDG-013-1134', 'BDG-014-1135', 'BDG-015-1141', 'BDG-016-1142', 'BDG-017-1143', 'BDG-018-1144', 'BDG-019-1145', 'BDG-020-1151', 'BDG-021-1152', 'BDG-022-1153', 'BDG-023-1154', 'BDG-024-1155', 'BDG-025-1211', 'BDG-026-1212', 'BDG-027-1213', 'BDG-028-1214', 'BDG-029-1215', 'BDG-030-1221', 'BDG-031-1222', 'BDG-032-1223', 'BDG-033-1224', 'BDG-034-1225', 'BDG-035-1231', 'BDG-036-1232', 'BDG-037-1233', 'BDG-038-1234', 'BDG-039-1235', 'BDG-040-1241', 'BDG-041-1242', 'BDG-042-1243', 'BDG-043-1244', 'BDG-044-1245', 'BDG-045-1251', 'BDG-046-1252', 'BDG-047-1253', 'BDG-048-1254', 'BDG-049-1255', 'BDG-050-1311', 'BDG-051-1312', 'BDG-052-1313', 'BDG-053-1314', 'BDG-054-1315', 'BDG-055-1321', 'BDG-056-1322', 'BDG-057-1323', 'BDG-058-1324', 'BDG-059-1325', 'BDG-060-1331', 'BDG-061-1332', 'BDG-062-1333', 'BDG-063-1334', 'BDG-064-1335', 'BDG-065-1341', 'BDG-066-1342', 'BDG-067-1343', 'BDG-068-1344', 'BDG-069-1345', 'BDG-070-1351', 'BDG-071-1352', 'BDG-072-1353', 'BDG-073-1354', 'BDG-074-1355', 'BDG-075-1411', 'BDG-076-1412', 'BDG-077-1413', 'BDG-078-1414', 'BDG-079-1415', 'BDG-080-1421', 'BDG-081-1422', 'BDG-082-1423', 'BDG-083-1424', 'BDG-084-1425', 'BDG-085-1431', 'BDG-086-1432', 'BDG-087-1433', 'BDG-088-1434', 'BDG-089-1435', 'BDG-090-1441', 'BDG-091-1442', 'BDG-092-1443', 'BDG-093-1444', 'BDG-094-1445', 'BDG-095-1451', 'BDG-096-1452', 'BDG-097-1453', 'BDG-098-1454', 'BDG-099-1455', 'BDG-100-1511', 'BDG-101-1512', 'BDG-102-1513', 'BDG-103-1514', 'BDG-104-1515', 'BDG-105-1521', 'BDG-106-1522', 'BDG-107-1523', 'BDG-108-1524', 'BDG-109-1525', 'BDG-110-1531', 'BDG-111-1532', 'BDG-112-1533', 'BDG-113-1534', 'BDG-114-1535', 'BDG-115-1541', 'BDG-116-1542', 'BDG-117-1543', 'BDG-118-1544', 'BDG-119-1545', 'BDG-120-1551', 'BDG-121-1552', 'BDG-122-1553', 'BDG-123-1554', 'BDG-124-1555', 'BDG-125-2111', 'BDG-126-2112', 'BDG-127-2113', 'BDG-128-2114', 'BDG-129-2115', 'BDG-130-2121', 'BDG-131-2122', 'BDG-132-2123', 'BDG-133-2124', 'BDG-134-2125', 'BDG-135-2131', 'BDG-136-2132', 'BDG-137-2133', 'BDG-138-2134', 'BDG-139-2135', 'BDG-140-2141', 'BDG-141-2142', 'BDG-142-2143', 'BDG-143-2144', 'BDG-144-2145', 'BDG-145-2151', 'BDG-146-2152', 'BDG-147-2153', 'BDG-148-2154', 'BDG-149-2155', 'BDG-150-2211', 'BDG-151-2212', 'BDG-152-2213', 'BDG-153-2214', 'BDG-154-2215', 'BDG-155-2221', 'BDG-156-2222', 'BDG-157-2223', 'BDG-158-2224', 'BDG-159-2225', 'BDG-160-2231', 'BDG-161-2232', 'BDG-162-2233', 'BDG-163-2234', 'BDG-164-2235', 'BDG-165-2241', 'BDG-166-2242', 'BDG-167-2243', 'BDG-168-2244', 'BDG-169-2245', 'BDG-170-2251', 'BDG-171-2252', 'BDG-172-2253', 'BDG-173-2254', 'BDG-174-2255', 'BDG-175-2311', 'BDG-176-2312', 'BDG-177-2313', 'BDG-178-2314', 'BDG-179-2315', 'BDG-180-2321', 'BDG-181-2322', 'BDG-182-2323', 'BDG-183-2324', 'BDG-184-2325', 'BDG-185-2331', 'BDG-186-2332', 'BDG-187-2333', 'BDG-188-2334', 'BDG-189-2335', 'BDG-190-2341', 'BDG-191-2342', 'BDG-192-2343', 'BDG-193-2344', 'BDG-194-2345', 'BDG-195-2351', 'BDG-196-2352', 'BDG-197-2353', 'BDG-198-2354', 'BDG-199-2355', 'BDG-200-2411', 'BDG-201-2412', 'BDG-202-2413', 'BDG-203-2414', 'BDG-204-2415', 'BDG-205-2421', 'BDG-206-2422', 'BDG-207-2423', 'BDG-208-2424', 'BDG-209-2425', 'BDG-210-2431', 'BDG-211-2432', 'BDG-212-2433', 'BDG-213-2434', 'BDG-214-2435', 'BDG-215-2441', 'BDG-216-2442', 'BDG-217-2443', 'BDG-218-2444', 'BDG-219-2445', 'BDG-220-2451', 'BDG-221-2452', 'BDG-222-2453', 'BDG-223-2454', 'BDG-224-2455', 'BDG-225-2511', 'BDG-226-2512', 'BDG-227-2513', 'BDG-228-2514', 'BDG-229-2515', 'BDG-230-2521', 'BDG-231-2522', 'BDG-232-2523', 'BDG-233-2524', 'BDG-234-2525', 'BDG-235-2531', 'BDG-236-2532', 'BDG-237-2533', 'BDG-238-2534', 'BDG-239-2535', 'BDG-240-2541', 'BDG-241-2542', 'BDG-242-2543', 'BDG-243-2544', 'BDG-244-2545', 'BDG-245-2551', 'BDG-246-2552', 'BDG-247-2553', 'BDG-248-2554', 'BDG-249-2555', 'BDG-250-3111', 'BDG-251-3112', 'BDG-252-3113', 'BDG-253-3114', 'BDG-254-3115', 'BDG-255-3121', 'BDG-256-3122', 'BDG-257-3123', 'BDG-258-3124', 'BDG-259-3125', 'BDG-260-3131', 'BDG-261-3132', 'BDG-262-3133', 'BDG-263-3134', 'BDG-264-3135', 'BDG-265-3141', 'BDG-266-3142', 'BDG-267-3143', 'BDG-268-3144', 'BDG-269-3145', 'BDG-270-3151', 'BDG-271-3152', 'BDG-272-3153', 'BDG-273-3154', 'BDG-274-3155', 'BDG-275-3211', 'BDG-276-3212', 'BDG-277-3213', 'BDG-278-3214', 'BDG-279-3215', 'BDG-280-3221', 'BDG-281-3222', 'BDG-282-3223', 'BDG-283-3224', 'BDG-284-3225', 'BDG-285-3231', 'BDG-286-3232', 'BDG-287-3233', 'BDG-288-3234', 'BDG-289-3235', 'BDG-290-3241', 'BDG-291-3242', 'BDG-292-3243', 'BDG-293-3244', 'BDG-294-3245', 'BDG-295-3251', 'BDG-296-3252', 'BDG-297-3253', 'BDG-298-3254', 'BDG-299-3255', 'BDG-300-3311', 'BDG-301-3312', 'BDG-302-3313', 'BDG-303-3314', 'BDG-304-3315', 'BDG-305-3321', 'BDG-306-3322', 'BDG-307-3323', 'BDG-308-3324', 'BDG-309-3325', 'BDG-310-3331', 'BDG-311-3332', 'BDG-312-3333', 'BDG-313-3334', 'BDG-314-3335', 'BDG-315-3341', 'BDG-316-3342', 'BDG-317-3343', 'BDG-318-3344', 'BDG-319-3345', 'BDG-320-3351', 'BDG-321-3352', 'BDG-322-3353', 'BDG-323-3354', 'BDG-324-3355', 'BDG-325-3411', 'BDG-326-3412', 'BDG-327-3413', 'BDG-328-3414', 'BDG-329-3415', 'BDG-330-3421', 'BDG-331-3422', 'BDG-332-3423', 'BDG-333-3424', 'BDG-334-3425', 'BDG-335-3431', 'BDG-336-3432', 'BDG-337-3433', 'BDG-338-3434', 'BDG-339-3435', 'BDG-340-3441', 'BDG-341-3442', 'BDG-342-3443', 'BDG-343-3444', 'BDG-344-3445', 'BDG-345-3451', 'BDG-346-3452', 'BDG-347-3453', 'BDG-348-3454', 'BDG-349-3455', 'BDG-350-3511', 'BDG-351-3512', 'BDG-352-3513', 'BDG-353-3514', 'BDG-354-3515', 'BDG-355-3521', 'BDG-356-3522', 'BDG-357-3523', 'BDG-358-3524', 'BDG-359-3525', 'BDG-360-3531', 'BDG-361-3532', 'BDG-362-3533', 'BDG-363-3534', 'BDG-364-3535', 'BDG-365-3541', 'BDG-366-3542', 'BDG-367-3543', 'BDG-368-3544', 'BDG-369-3545', 'BDG-370-3551', 'BDG-371-3552', 'BDG-372-3553', 'BDG-373-3554', 'BDG-374-3555', 'BDG-375-4111', 'BDG-376-4112', 'BDG-377-4113', 'BDG-378-4114', 'BDG-379-4115', 'BDG-380-4121', 'BDG-381-4122', 'BDG-382-4123', 'BDG-383-4124', 'BDG-384-4125', 'BDG-385-4131', 'BDG-386-4132', 'BDG-387-4133', 'BDG-388-4134', 'BDG-389-4135', 'BDG-390-4141', 'BDG-391-4142', 'BDG-392-4143', 'BDG-393-4144', 'BDG-394-4145', 'BDG-395-4151', 'BDG-396-4152', 'BDG-397-4153', 'BDG-398-4154', 'BDG-399-4155', 'BDG-400-4211', 'BDG-401-4212', 'BDG-402-4213', 'BDG-403-4214', 'BDG-404-4215', 'BDG-405-4221', 'BDG-406-4222', 'BDG-407-4223', 'BDG-408-4224', 'BDG-409-4225', 'BDG-410-4231', 'BDG-411-4232', 'BDG-412-4233', 'BDG-413-4234', 'BDG-414-4235', 'BDG-415-4241', 'BDG-416-4242', 'BDG-417-4243', 'BDG-418-4244', 'BDG-419-4245', 'BDG-420-4251', 'BDG-421-4252', 'BDG-422-4253', 'BDG-423-4254', 'BDG-424-4255', 'BDG-425-4311', 'BDG-426-4312', 'BDG-427-4313', 'BDG-428-4314', 'BDG-429-4315', 'BDG-430-4321', 'BDG-431-4322', 'BDG-432-4323', 'BDG-433-4324', 'BDG-434-4325', 'BDG-435-4331', 'BDG-436-4332', 'BDG-437-4333', 'BDG-438-4334', 'BDG-439-4335', 'BDG-440-4341', 'BDG-441-4342', 'BDG-442-4343', 'BDG-443-4344', 'BDG-444-4345', 'BDG-445-4351', 'BDG-446-4352', 'BDG-447-4353', 'BDG-448-4354', 'BDG-449-4355', 'BDG-450-4411', 'BDG-451-4412', 'BDG-452-4413', 'BDG-453-4414', 'BDG-454-4415', 'BDG-455-4421', 'BDG-456-4422', 'BDG-457-4423', 'BDG-458-4424', 'BDG-459-4425', 'BDG-460-4431', 'BDG-461-4432', 'BDG-462-4433', 'BDG-463-4434', 'BDG-464-4435', 'BDG-465-4441', 'BDG-466-4442', 'BDG-467-4443', 'BDG-468-4444', 'BDG-469-4445', 'BDG-470-4451', 'BDG-471-4452', 'BDG-472-4453', 'BDG-473-4454', 'BDG-474-4455', 'BDG-475-4511', 'BDG-476-4512', 'BDG-477-4513', 'BDG-478-4514', 'BDG-479-4515', 'BDG-480-4521', 'BDG-481-4522', 'BDG-482-4523', 'BDG-483-4524', 'BDG-484-4525', 'BDG-485-4531', 'BDG-486-4532', 'BDG-487-4533', 'BDG-488-4534', 'BDG-489-4535', 'BDG-490-4541', 'BDG-491-4542', 'BDG-492-4543', 'BDG-493-4544', 'BDG-494-4545', 'BDG-495-4551', 'BDG-496-4552', 'BDG-497-4553', 'BDG-498-4554', 'BDG-499-4555', 'BDG-500-5111', 'BDG-501-5112', 'BDG-502-5113', 'BDG-503-5114', 'BDG-504-5115', 'BDG-505-5121', 'BDG-506-5122', 'BDG-507-5123', 'BDG-508-5124', 'BDG-509-5125', 'BDG-510-5131', 'BDG-511-5132', 'BDG-512-5133', 'BDG-513-5134', 'BDG-514-5135', 'BDG-515-5141', 'BDG-516-5142', 'BDG-517-5143', 'BDG-518-5144', 'BDG-519-5145', 'BDG-520-5151', 'BDG-521-5152', 'BDG-522-5153', 'BDG-523-5154', 'BDG-524-5155', 'BDG-525-5211', 'BDG-526-5212', 'BDG-527-5213', 'BDG-528-5214', 'BDG-529-5215', 'BDG-530-5221', 'BDG-531-5222', 'BDG-532-5223', 'BDG-533-5224', 'BDG-534-5225', 'BDG-535-5231', 'BDG-536-5232', 'BDG-537-5233', 'BDG-538-5234', 'BDG-539-5235', 'BDG-540-5241', 'BDG-541-5242', 'BDG-542-5243', 'BDG-543-5244', 'BDG-544-5245', 'BDG-545-5251', 'BDG-546-5252', 'BDG-547-5253', 'BDG-548-5254', 'BDG-549-5255', 'BDG-550-5311', 'BDG-551-5312', 'BDG-552-5313', 'BDG-553-5314', 'BDG-554-5315', 'BDG-555-5321', 'BDG-556-5322', 'BDG-557-5323', 'BDG-558-5324', 'BDG-559-5325', 'BDG-560-5331', 'BDG-561-5332', 'BDG-562-5333', 'BDG-563-5334', 'BDG-564-5335', 'BDG-565-5341', 'BDG-566-5342', 'BDG-567-5343', 'BDG-568-5344', 'BDG-569-5345', 'BDG-570-5351', 'BDG-571-5352', 'BDG-572-5353', 'BDG-573-5354', 'BDG-574-5355', 'BDG-575-5411', 'BDG-576-5412', 'BDG-577-5413', 'BDG-578-5414', 'BDG-579-5415', 'BDG-580-5421', 'BDG-581-5422', 'BDG-582-5423', 'BDG-583-5424', 'BDG-584-5425', 'BDG-585-5431', 'BDG-586-5432', 'BDG-587-5433', 'BDG-588-5434', 'BDG-589-5435', 'BDG-590-5441', 'BDG-591-5442', 'BDG-592-5443', 'BDG-593-5444', 'BDG-594-5445', 'BDG-595-5451', 'BDG-596-5452', 'BDG-597-5453', 'BDG-598-5454', 'BDG-599-5455', 'BDG-600-5511', 'BDG-601-5512', 'BDG-602-5513', 'BDG-603-5514', 'BDG-604-5515', 'BDG-605-5521', 'BDG-606-5522', 'BDG-607-5523', 'BDG-608-5524', 'BDG-609-5525', 'BDG-610-5531', 'BDG-611-5532', 'BDG-612-5533', 'BDG-613-5534', 'BDG-614-5535', 'BDG-615-5541', 'BDG-616-5542', 'BDG-617-5543', 'BDG-618-5544', 'BDG-619-5545', 'BDG-620-5551', 'BDG-621-5552', 'BDG-622-5553', 'BDG-623-5554', 'BDG-624-5555']}",1,1,5,1732656114,BDG-019-1145,TREE-1.2-0.0-0.0,"['8002fc3a-fd31-4553-a3d0-f9075f13995c', '88d92231-0f23-4c09-a562-8abb7e5f32ed']","['participant', 'participant']","['round-square', 'jagged-sun']","['hsla(223, 71%, 50%, 1.0)', 'hsla(143, 83%, 61%, 1.0)']","[[1.0, 0.2602557272242941], [0.2602557272242941, 1.0]]","{0: '', 1: 'A', 2: 'B'}",,2,after,"[True, True]","{'max': 21, 'min': 21, 'avg': 21.0, 'root': 12}","[-10, -10]","[140, 141]",sequential,chance,chance,"[1.0, 1.0]","[0.5, 1.0]","[0.5, 1.0]","[0.5, 1.0]","[0.375, 0.0]","[0.625, 0.0]",[[0]],[[1]],[[2]],"(0, 12)","(12, 21)","(12, 21)",{},{},{},"['A', 'B']",[],[],0,0,1,1,4,5,B,,,,,,,B,,,,,"{'rtype': 'select-node', 'rtimedn': 160.753, 'rtimeup': 160.753}",,,,,,,"{'rtype': 'select-node', 'rtimedn': 135.001, 'rtimeup': 135.001}",,,,
group_size,"{'distribution': [0, 1, 0, 0], 'apply': True}",1,2,5,1732656119,BDG-006-1122,TREE-1.2-0.0-0.0,"['44598db2-2243-45c1-8ba8-5a8ebaa0b042', '689ed84b-05d2-4c2b-9dff-8a53dd0f11c7']","['participant', 'participant']","['flame', 'two-triangle']","['hsla(231, 75%, 51%, 1.0)', 'hsla(146, 69%, 41%, 1.0)']","[[1.0, 0.18247202983484284], [0.18247202983484284, 1.0]]","{0: '', 1: 'A', 2: 'B'}",,2,after,"[True, True]","{'max': 21, 'min': 21, 'avg': 21.0, 'root': 12}","[-10, -10]","[107, 85]",sequential,chance,chance,"[1.0, 1.0]","[0.5, 1.0]","[0.5, 1.0]","[0.5, 1.0]","[0.375, 0.0]","[0.625, 0.0]",[[0]],[[1]],[[2]],"(0, 12)","(12, 21)","(12, 21)",{},{},{},"['A', 'B']",[],[],0,0,1,1,2,2,B,,,,,,,B,,,,,"{'rtype': 'select-node', 'rtimedn': 133.142, 'rtimeup': 133.142}",,,,,,,"{'rtype': None, 'rtimedn': 13, 'rtimeup': 13}",,,,
robots,"{'self_value': {'apply': True, 'distribution_type': 'point', 'interval': [1, 1], 'coefficients': [1, 1]}, 'other_value': {'apply': True, 'distribution_type': 'point', 'interval': [0, 0], 'coefficients': [0, 1]}, 'normal_envy': {'apply': True, 'distribution_type': 'point', 'interval': [0, 0], 'coefficients': [0, 1]}, 'reverse_envy': {'apply': True, 'distribution_type': 'point', 'interval': [0, 0], 'coefficients': [0, 1]}, 'risk_preference': {'apply': True, 'distribution_type': 'point', 'interval': [0, 0], 'coefficients': [0, 1]}, 'loss_preference': {'apply': True, 'distribution_type': 'point', 'interval': [0, 0], 'coefficients': [0, 1]}, 'reasoning_depth': {'apply': True, 'distribution_type': 'point', 'interval': [3, 3], 'coefficients': [3, 1]}, 'time_discount': {'apply': True, 'distribution_type': 'point', 'interval': [0, 0], 'coefficients': [0, 1]}, 'reaction_time': {'apply': True, 'distribution_type': 'uniform', 'interval': [0, 1], 'coefficients': [1, 1]}}",1,3,5,1732656119,BDG-263-3134,TREE-1.2-0.0-0.0,"['dd9da256-cc2b-4fee-aed8-5760e2a6a6b9', '510d16e8-9e24-4546-8797-cbdc39924d91']","['participant', 'participant']","['flower', 'stop-sign']","['hsla(163, 77%, 63%, 1.0)', 'hsla(268, 72%, 43%, 1.0)']","[[1.0, 0.18247202983484284], [0.18247202983484284, 1.0]]","{0: '', 1: 'A', 2: 'B'}",,2,after,"[False, True]","{'max': 21, 'min': 21, 'avg': 21.0, 'root': 12}","[0, -10]","[131, 109]",sequential,chance,chance,"[1.0, 1.0]","[0.5, 1.0]","[0.5, 1.0]","[0.5, 1.0]","[0.375, 0.0]","[0.625, 0.0]",[[0]],[[1]],[[2]],"(0, 12)","(12, 21)","(12, 21)",{},{},{},"['A', 'B']",[],[],0,0,3,1,3,4,B,,,,,,,B,,,,,"{'rtype': 'select-node', 'rtimedn': 10.977, 'rtimeup': 10.977}",,,,,,,"{'rtype': None, 'rtimedn': 13, 'rtimeup': 13}",,,,
truthfulness,"{'apply': True, 'distribution_type': 'uniform', 'interval': [0, 1], 'coefficients': [1, 1]}",2,0,5,1732656129,BDG-537-5233,TREE-1.2-0.0-0.0,"['88d92231-0f23-4c09-a562-8abb7e5f32ed', 'a274c52d-824b-47fa-8f72-0edaea00d8f9']","['participant', 'participant']","['jagged-sun', 'teardrop']","['hsla(143, 83%, 61%, 1.0)', 'hsla(333, 58%, 62%, 1.0)']","[[1.0, 0.09509856153436334], [0.09509856153436334, 1.0]]","{0: '', 1: 'A', 2: 'B'}",,1,after,"[True, True]","{'max': 21, 'min': 21, 'avg': 21.0, 'root': 12}","[-10, -10]","[141, 108]",sequential,chance,chance,"[1.0, 1.0]","[0.5, 1.0]","[0.5, 1.0]","[0.5, 1.0]","[0.625, 0.0]","[0.375, 0.0]",[[0]],[[1]],[[2]],"(0, 12)","(12, 21)","(12, 21)",{},{},{},"['A', 'B']",[],[],0,0,5,2,3,3,A,,,,,,,B,,,,,"{'rtype': 'select-node', 'rtimedn': 136.489, 'rtimeup': 136.489}",,,,,,,"{'rtype': 'select-node', 'rtimedn': 144.065, 'rtimeup': 144.065}",,,,
complexity,"{'apply': True, 'distribution_type': 'uniform', 'interval': [0, 1], 'coefficients': [1, 1]}",2,1,5,1732656134,BDG-551-5312,TREE-1.2-0.0-0.0,"['689ed84b-05d2-4c2b-9dff-8a53dd0f11c7', '510d16e8-9e24-4546-8797-cbdc39924d91']","['participant', 'participant']","['two-triangle', 'stop-sign']","['hsla(146, 69%, 41%, 1.0)', 'hsla(268, 72%, 43%, 1.0)']","[[1.0, 0.09509856153436334], [0.09509856153436334, 1.0]]","{0: '', 1: 'A', 2: 'B'}",,2,after,"[True, True]","{'max': 21, 'min': 21, 'avg': 21.0, 'root': 12}","[-10, -10]","[85, 109]",sequential,chance,chance,"[1.0, 1.0]","[0.5, 1.0]","[0.5, 1.0]","[0.5, 1.0]","[0.625, 0.0]","[0.375, 0.0]",[[0]],[[1]],[[2]],"(0, 12)","(12, 21)","(12, 21)",{},{},{},"['A', 'B']",[],[],0,0,5,3,1,2,B,,,,,,,B,,,,,"{'rtype': None, 'rtimedn': 13, 'rtimeup': 13}",,,,,,,"{'rtype': 'select-node', 'rtimedn': 125.08, 'rtimeup': 125.08}",,,,
agency,"{'apply': True, 'distribution_type': 'uniform', 'interval': [0, 1], 'coefficients': [1, 1]}",2,2,5,1732656130,BDG-541-5242,TREE-1.2-0.0-0.0,"['8002fc3a-fd31-4553-a3d0-f9075f13995c', '8ac8c28f-01b1-4b30-a872-3c9bc96e0a06']","['participant', 'participant']","['round-square', 'round-square']","['hsla(223, 71%, 50%, 1.0)', 'hsla(101, 55%, 61%, 1.0)']","[[1.0, 0.10602024507192329], [0.10602024507192329, 1.0]]","{0: '', 1: 'A', 2: 'B'}",,1,after,"[True, True]","{'max': 21, 'min': 21, 'avg': 21.0, 'root': 12}","[-10, -10]","[140, 126]",sequential,chance,chance,"[1.0, 1.0]","[0.5, 1.0]","[0.5, 1.0]","[0.5, 1.0]","[0.625, 0.0]","[0.375, 0.0]",[[0]],[[1]],[[2]],"(0, 12)","(12, 21)","(12, 21)",{},{},{},"['A', 'B']",[],[],0,0,5,2,4,2,A,,,,,,,A,,,,,"{'rtype': 'select-node', 'rtimedn': 162.201, 'rtimeup': 162.201}",,,,,,,"{'rtype': 'select-node', 'rtimedn': 38.753, 'rtimeup': 38.753}",,,,
base_url,https://yourschool.sona-systems.com/webstudy_credit.aspx,2,3,5,1732656131,BDG-317-3343,TREE-1.2-0.0-0.0,"['44598db2-2243-45c1-8ba8-5a8ebaa0b042', 'dd9da256-cc2b-4fee-aed8-5760e2a6a6b9']","['participant', 'participant']","['flame', 'flower']","['hsla(231, 75%, 51%, 1.0)', 'hsla(163, 77%, 63%, 1.0)']","[[1.0, 0.2602557272242941], [0.2602557272242941, 1.0]]","{0: '', 1: 'A', 2: 'B'}",,2,after,"[True, True]","{'max': 21, 'min': 21, 'avg': 21.0, 'root': 12}","[-10, -10]","[107, 131]",sequential,chance,chance,"[1.0, 1.0]","[0.5, 1.0]","[0.5, 1.0]","[0.5, 1.0]","[0.375, 0.0]","[0.625, 0.0]",[[0]],[[1]],[[2]],"(0, 12)","(12, 21)","(12, 21)",{},{},{},"['A', 'B']",[],[],0,0,3,3,4,3,B,,,,,,,B,,,,,"{'rtype': 'select-node', 'rtimedn': 134.759, 'rtimeup': 134.759}",,,,,,,"{'rtype': 'select-node', 'rtimedn': 12.341, 'rtimeup': 12.341}",,,,
instructions,['No additional instructions.'],3,0,5,1732656148,BDG-247-2553,TREE-1.2-0.0-0.0,"['44598db2-2243-45c1-8ba8-5a8ebaa0b042', '689ed84b-05d2-4c2b-9dff-8a53dd0f11c7']","['participant', 'participant']","['flame', 'two-triangle']","['hsla(231, 75%, 51%, 1.0)', 'hsla(146, 69%, 41%, 1.0)']","[[1.0, 0.18247202983484284], [0.18247202983484284, 1.0]]","{0: '', 1: 'A', 2: 'B'}",,1,after,"[True, True]","{'max': 21, 'min': 21, 'avg': 21.0, 'root': 12}","[-10, -10]","[107, 85]",sequential,chance,chance,"[1.0, 1.0]","[0.5, 1.0]","[0.5, 1.0]","[0.5, 1.0]","[0.375, 0.0]","[0.625, 0.0]",[[0]],[[1]],[[2]],"(0, 12)","(12, 21)","(12, 21)",{},{},{},"['A', 'B']",[],[],0,0,2,5,5,3,A,,,,,,,A,,,,,"{'rtype': 'select-node', 'rtimedn': 136.404, 'rtimeup': 136.404}",,,,,,,"{'rtype': 'select-node', 'rtimedn': 13.556, 'rtimeup': 13.556}",,,,
consent,"['UNIVERSITY OF MICHIGAN', 'CONSENT TO BE PART OF A RESEARCH STUDY HUM00243214', 'Platform Title: The Morality Game', 'Platform Creator: Gregory Stanley, Ph.D. Candidate, University of Michigan', 'Faculty Advisor: Jun Zhang, Professor of Psychology, University of Michigan', 'Thank you for your interest in participating in this experiment.  This is an unpaid experiment.  You will receive credit for 1 hour of Subject Pool participation.  Please be ready for 1 hour of continuous participation.  If you are inactive for over 2 minutes, the system will automatically eject you from the experiment.  Your counterparts are human participants, unless they drop out of the experiment, in which case they will be replaced by artificial agents.  Please feel free to contact me, Greg, at (714) 454-0435 if you have any questions.  All other information relevant to your consent was covered by the platform general-consent form in the tutorial.  You must be 18 years of age or older to participate in this study.', '']",3,1,5,1732656146,BDG-074-1355,TREE-1.2-0.0-0.0,"['88d92231-0f23-4c09-a562-8abb7e5f32ed', '8ac8c28f-01b1-4b30-a872-3c9bc96e0a06']","['participant', 'participant']","['jagged-sun', 'round-square']","['hsla(143, 83%, 61%, 1.0)', 'hsla(101, 55%, 61%, 1.0)']","[[1.0, 0.18247202983484284], [0.18247202983484284, 1.0]]","{0: '', 1: 'A', 2: 'B'}",,2,after,"[True, True]","{'max': 21, 'min': 21, 'avg': 21.0, 'root': 12}","[-10, -10]","[141, 126]",sequential,chance,chance,"[1.0, 1.0]","[0.5, 1.0]","[0.5, 1.0]","[0.5, 1.0]","[0.625, 0.0]","[0.375, 0.0]",[[0]],[[1]],[[2]],"(0, 12)","(12, 21)","(12, 21)",{},{},{},"['A', 'B']",[],[],0,0,1,3,5,5,B,,,,,,,B,,,,,"{'rtype': 'select-node', 'rtimedn': 138.195, 'rtimeup': 138.195}",,,,,,,"{'rtype': 'select-node', 'rtimedn': 40.076, 'rtimeup': 40.076}",,,,
experiment_code,eGfzR5QoOZLq,3,2,5,1732656149,BDG-513-5134,TREE-1.2-0.0-0.0,"['510d16e8-9e24-4546-8797-cbdc39924d91', '8002fc3a-fd31-4553-a3d0-f9075f13995c']","['participant', 'participant']","['stop-sign', 'round-square']","['hsla(268, 72%, 43%, 1.0)', 'hsla(223, 71%, 50%, 1.0)']","[[1.0, 0.229621736814065], [0.229621736814065, 1.0]]","{0: '', 1: 'A', 2: 'B'}",,2,after,"[True, True]","{'max': 21, 'min': 21, 'avg': 21.0, 'root': 12}","[-10, -10]","[109, 140]",sequential,chance,chance,"[1.0, 1.0]","[0.5, 1.0]","[0.5, 1.0]","[0.5, 1.0]","[0.625, 0.0]","[0.375, 0.0]",[[0]],[[1]],[[2]],"(0, 12)","(12, 21)","(12, 21)",{},{},{},"['A', 'B']",[],[],0,0,5,1,3,4,B,,,,,,,A,,,,,"{'rtype': 'select-node', 'rtimedn': 126.753, 'rtimeup': 126.753}",,,,,,,"{'rtype': 'select-node', 'rtimedn': 164.219, 'rtimeup': 164.219}",,,,
experiment_type,pilot,3,3,5,1732656144,BDG-019-1145,TREE-1.2-0.0-0.0,"['a274c52d-824b-47fa-8f72-0edaea00d8f9', 'dd9da256-cc2b-4fee-aed8-5760e2a6a6b9']","['participant', 'participant']","['teardrop', 'flower']","['hsla(333, 58%, 62%, 1.0)', 'hsla(163, 77%, 63%, 1.0)']","[[1.0, 0.07725093233883858], [0.07725093233883858, 1.0]]","{0: '', 1: 'A', 2: 'B'}",,1,after,"[True, True]","{'max': 21, 'min': 21, 'avg': 21.0, 'root': 12}","[-10, -10]","[108, 131]",sequential,chance,chance,"[1.0, 1.0]","[0.5, 1.0]","[0.5, 1.0]","[0.5, 1.0]","[0.375, 0.0]","[0.625, 0.0]",[[0]],[[1]],[[2]],"(0, 12)","(12, 21)","(12, 21)",{},{},{},"['A', 'B']",[],[],0,0,1,1,4,5,A,,,,,,,B,,,,,"{'rtype': 'select-node', 'rtimedn': 145.575, 'rtimeup': 145.575}",,,,,,,"{'rtype': 'select-node', 'rtimedn': 13.606, 'rtimeup': 13.606}",,,,
status,open,4,0,5,1732656161,BDG-288-3234,TREE-1.2-0.0-0.0,"['dd9da256-cc2b-4fee-aed8-5760e2a6a6b9', 'a274c52d-824b-47fa-8f72-0edaea00d8f9']","['participant', 'participant']","['flower', 'teardrop']","['hsla(163, 77%, 63%, 1.0)', 'hsla(333, 58%, 62%, 1.0)']","[[1.0, 0.07725093233883858], [0.07725093233883858, 1.0]]","{0: '', 1: 'A', 2: 'B'}",,2,after,"[True, True]","{'max': 21, 'min': 21, 'avg': 21.0, 'root': 12}","[-10, -10]","[131, 108]",sequential,chance,chance,"[1.0, 1.0]","[0.5, 1.0]","[0.5, 1.0]","[0.5, 1.0]","[0.625, 0.0]","[0.375, 0.0]",[[0]],[[1]],[[2]],"(0, 12)","(12, 21)","(12, 21)",{},{},{},"['A', 'B']",[],[],0,0,3,2,3,4,B,,,,,,,B,,,,,"{'rtype': 'select-node', 'rtimedn': 15.163, 'rtimeup': 15.163}",,,,,,,"{'rtype': 'select-node', 'rtimedn': 147.249, 'rtimeup': 147.249}",,,,
start_date,2024-11-26-16:18,4,1,5,1732656163,BDG-554-5315,TREE-1.2-0.0-0.0,"['44598db2-2243-45c1-8ba8-5a8ebaa0b042', '88d92231-0f23-4c09-a562-8abb7e5f32ed']","['participant', 'participant']","['flame', 'jagged-sun']","['hsla(231, 75%, 51%, 1.0)', 'hsla(143, 83%, 61%, 1.0)']","[[1.0, 0.229621736814065], [0.229621736814065, 1.0]]","{0: '', 1: 'A', 2: 'B'}",,2,after,"[True, True]","{'max': 21, 'min': 21, 'avg': 21.0, 'root': 12}","[-10, -10]","[107, 141]",sequential,chance,chance,"[1.0, 1.0]","[0.5, 1.0]","[0.5, 1.0]","[0.5, 1.0]","[0.375, 0.0]","[0.625, 0.0]",[[0]],[[1]],[[2]],"(0, 12)","(12, 21)","(12, 21)",{},{},{},"['A', 'B']",[],[],0,0,5,3,1,5,B,,,,,,,A,,,,,"{'rtype': None, 'rtimedn': 13, 'rtimeup': 13}",,,,,,,"{'rtype': 'select-node', 'rtimedn': 139.725, 'rtimeup': 139.725}",,,,
experimenter_uuid,90427df1-2b1e-4653-9e04-f86c9e4bfa2c,4,2,5,1732656158,BDG-293-3244,TREE-1.2-0.0-0.0,"['510d16e8-9e24-4546-8797-cbdc39924d91', '8002fc3a-fd31-4553-a3d0-f9075f13995c']","['participant', 'participant']","['stop-sign', 'round-square']","['hsla(268, 72%, 43%, 1.0)', 'hsla(223, 71%, 50%, 1.0)']","[[1.0, 0.229621736814065], [0.229621736814065, 1.0]]","{0: '', 1: 'A', 2: 'B'}",,2,after,"[True, True]","{'max': 21, 'min': 21, 'avg': 21.0, 'root': 12}","[-10, -10]","[109, 140]",sequential,chance,chance,"[1.0, 1.0]","[0.5, 1.0]","[0.5, 1.0]","[0.5, 1.0]","[0.625, 0.0]","[0.375, 0.0]",[[0]],[[1]],[[2]],"(0, 12)","(12, 21)","(12, 21)",{},{},{},"['A', 'B']",[],[],0,0,3,2,4,4,B,,,,,,,B,,,,,"{'rtype': 'select-node', 'rtimedn': 127.693, 'rtimeup': 127.693}",,,,,,,"{'rtype': 'select-node', 'rtimedn': 165.115, 'rtimeup': 165.115}",,,,
batches,"{'completed': 94, 'batch_study': True}",4,3,5,1732656160,BDG-475-4511,TREE-1.2-0.0-0.0,"['8ac8c28f-01b1-4b30-a872-3c9bc96e0a06', '689ed84b-05d2-4c2b-9dff-8a53dd0f11c7']","['participant', 'participant']","['round-square', 'two-triangle']","['hsla(101, 55%, 61%, 1.0)', 'hsla(146, 69%, 41%, 1.0)']","[[1.0, 0.2602557272242941], [0.2602557272242941, 1.0]]","{0: '', 1: 'A', 2: 'B'}",,1,after,"[True, True]","{'max': 21, 'min': 21, 'avg': 21.0, 'root': 12}","[-10, -10]","[126, 85]",sequential,chance,chance,"[1.0, 1.0]","[0.5, 1.0]","[0.5, 1.0]","[0.5, 1.0]","[0.375, 0.0]","[0.625, 0.0]",[[0]],[[1]],[[2]],"(0, 12)","(12, 21)","(12, 21)",{},{},{},"['A', 'B']",[],[],0,0,4,5,1,1,A,,,,,,,B,,,,,"{'rtype': 'select-node', 'rtimedn': 41.767, 'rtimeup': 41.767}",,,,,,,"{'rtype': 'select-node', 'rtimedn': 15.334, 'rtimeup': 15.334}",,,,
predetermined_trials,,5,0,5,1732656176,BDG-232-2523,TREE-1.2-0.0-0.0,"['510d16e8-9e24-4546-8797-cbdc39924d91', 'a274c52d-824b-47fa-8f72-0edaea00d8f9']","['participant', 'participant']","['stop-sign', 'teardrop']","['hsla(268, 72%, 43%, 1.0)', 'hsla(333, 58%, 62%, 1.0)']","[[1.0, 0.2602557272242941], [0.2602557272242941, 1.0]]","{0: '', 1: 'A', 2: 'B'}",,2,after,"[True, True]","{'max': 21, 'min': 21, 'avg': 21.0, 'root': 12}","[-10, -10]","[109, 108]",sequential,chance,chance,"[1.0, 1.0]","[0.5, 1.0]","[0.5, 1.0]","[0.5, 1.0]","[0.375, 0.0]","[0.625, 0.0]",[[0]],[[1]],[[2]],"(0, 12)","(12, 21)","(12, 21)",{},{},{},"['A', 'B']",[],[],0,0,2,5,2,3,B,,,,,,,A,,,,,"{'rtype': 'select-node', 'rtimedn': 129.364, 'rtimeup': 129.364}",,,,,,,"{'rtype': 'select-node', 'rtimedn': 148.716, 'rtimeup': 148.716}",,,,
,,5,1,5,1732656175,BDG-176-2312,TREE-1.2-0.0-0.0,"['dd9da256-cc2b-4fee-aed8-5760e2a6a6b9', '44598db2-2243-45c1-8ba8-5a8ebaa0b042']","['participant', 'participant']","['flower', 'flame']","['hsla(163, 77%, 63%, 1.0)', 'hsla(231, 75%, 51%, 1.0)']","[[1.0, 0.2602557272242941], [0.2602557272242941, 1.0]]","{0: '', 1: 'A', 2: 'B'}",,1,after,"[True, True]","{'max': 21, 'min': 21, 'avg': 21.0, 'root': 12}","[-10, -10]","[131, 107]",sequential,chance,chance,"[1.0, 1.0]","[0.5, 1.0]","[0.5, 1.0]","[0.5, 1.0]","[0.375, 0.0]","[0.625, 0.0]",[[0]],[[1]],[[2]],"(0, 12)","(12, 21)","(12, 21)",{},{},{},"['A', 'B']",[],[],0,0,2,3,1,2,A,,,,,,,A,,,,,"{'rtype': 'select-node', 'rtimedn': 16.542, 'rtimeup': 16.542}",,,,,,,"{'rtype': 'select-node', 'rtimedn': 139.084, 'rtimeup': 139.084}",,,,
,,5,2,5,1732656174,BDG-072-1353,TREE-1.2-0.0-0.0,"['88d92231-0f23-4c09-a562-8abb7e5f32ed', '689ed84b-05d2-4c2b-9dff-8a53dd0f11c7']","['participant', 'participant']","['jagged-sun', 'two-triangle']","['hsla(143, 83%, 61%, 1.0)', 'hsla(146, 69%, 41%, 1.0)']","[[1.0, 0.04928076718167288], [0.04928076718167288, 1.0]]","{0: '', 1: 'A', 2: 'B'}",,2,after,"[True, True]","{'max': 21, 'min': 21, 'avg': 21.0, 'root': 12}","[-10, -10]","[141, 85]",sequential,chance,chance,"[1.0, 1.0]","[0.5, 1.0]","[0.5, 1.0]","[0.5, 1.0]","[0.375, 0.0]","[0.625, 0.0]",[[0]],[[1]],[[2]],"(0, 12)","(12, 21)","(12, 21)",{},{},{},"['A', 'B']",[],[],0,0,1,3,5,3,B,,,,,,,A,,,,,"{'rtype': 'select-node', 'rtimedn': 140.968, 'rtimeup': 140.968}",,,,,,,"{'rtype': 'select-node', 'rtimedn': 16.612, 'rtimeup': 16.612}",,,,
,,5,3,5,1732656176,BDG-247-2553,TREE-1.2-0.0-0.0,"['8ac8c28f-01b1-4b30-a872-3c9bc96e0a06', '8002fc3a-fd31-4553-a3d0-f9075f13995c']","['participant', 'participant']","['round-square', 'round-square']","['hsla(101, 55%, 61%, 1.0)', 'hsla(223, 71%, 50%, 1.0)']","[[1.0, 0.10602024507192329], [0.10602024507192329, 1.0]]","{0: '', 1: 'A', 2: 'B'}",,2,after,"[True, True]","{'max': 21, 'min': 21, 'avg': 21.0, 'root': 12}","[-10, -10]","[126, 140]",sequential,chance,chance,"[1.0, 1.0]","[0.5, 1.0]","[0.5, 1.0]","[0.5, 1.0]","[0.375, 0.0]","[0.625, 0.0]",[[0]],[[1]],[[2]],"(0, 12)","(12, 21)","(12, 21)",{},{},{},"['A', 'B']",[],[],0,0,2,5,5,3,B,,,,,,,B,,,,,"{'rtype': 'select-node', 'rtimedn': 43.365, 'rtimeup': 43.365}",,,,,,,"{'rtype': 'select-node', 'rtimedn': 166.68, 'rtimeup': 166.68}",,,,
,,6,0,5,1732656189,BDG-368-3544,TREE-1.2-0.0-0.0,"['510d16e8-9e24-4546-8797-cbdc39924d91', '8002fc3a-fd31-4553-a3d0-f9075f13995c']","['participant', 'participant']","['stop-sign', 'round-square']","['hsla(268, 72%, 43%, 1.0)', 'hsla(223, 71%, 50%, 1.0)']","[[1.0, 0.229621736814065], [0.229621736814065, 1.0]]","{0: '', 1: 'A', 2: 'B'}",,2,after,"[True, True]","{'max': 21, 'min': 21, 'avg': 21.0, 'root': 12}","[-10, -10]","[109, 140]",sequential,chance,chance,"[1.0, 1.0]","[0.5, 1.0]","[0.5, 1.0]","[0.5, 1.0]","[0.625, 0.0]","[0.375, 0.0]",[[0]],[[1]],[[2]],"(0, 12)","(12, 21)","(12, 21)",{},{},{},"['A', 'B']",[],[],0,0,3,5,4,4,B,,,,,,,B,,,,,"{'rtype': 'select-node', 'rtimedn': 130.789, 'rtimeup': 130.789}",,,,,,,"{'rtype': 'select-node', 'rtimedn': 167.985, 'rtimeup': 167.985}",,,,
,,6,1,5,1732656189,BDG-606-5522,TREE-1.2-0.0-0.0,"['a274c52d-824b-47fa-8f72-0edaea00d8f9', '88d92231-0f23-4c09-a562-8abb7e5f32ed']","['participant', 'participant']","['teardrop', 'jagged-sun']","['hsla(333, 58%, 62%, 1.0)', 'hsla(143, 83%, 61%, 1.0)']","[[1.0, 0.09509856153436334], [0.09509856153436334, 1.0]]","{0: '', 1: 'A', 2: 'B'}",,1,after,"[True, True]","{'max': 21, 'min': 21, 'avg': 21.0, 'root': 12}","[-10, -10]","[108, 141]",sequential,chance,chance,"[1.0, 1.0]","[0.5, 1.0]","[0.5, 1.0]","[0.5, 1.0]","[0.375, 0.0]","[0.625, 0.0]",[[0]],[[1]],[[2]],"(0, 12)","(12, 21)","(12, 21)",{},{},{},"['A', 'B']",[],[],0,0,5,5,2,2,A,,,,,,,A,,,,,"{'rtype': 'select-node', 'rtimedn': 150.04, 'rtimeup': 150.04}",,,,,,,"{'rtype': 'select-node', 'rtimedn': 142.068, 'rtimeup': 142.068}",,,,
,,6,2,5,1732656188,BDG-620-5551,TREE-1.2-0.0-0.0,"['8ac8c28f-01b1-4b30-a872-3c9bc96e0a06', '44598db2-2243-45c1-8ba8-5a8ebaa0b042']","['participant', 'participant']","['round-square', 'flame']","['hsla(101, 55%, 61%, 1.0)', 'hsla(231, 75%, 51%, 1.0)']","[[1.0, 0.07725093233883858], [0.07725093233883858, 1.0]]","{0: '', 1: 'A', 2: 'B'}",,1,after,"[True, True]","{'max': 21, 'min': 21, 'avg': 21.0, 'root': 12}","[-10, -10]","[126, 107]",sequential,chance,chance,"[1.0, 1.0]","[0.5, 1.0]","[0.5, 1.0]","[0.5, 1.0]","[0.625, 0.0]","[0.375, 0.0]",[[0]],[[1]],[[2]],"(0, 12)","(12, 21)","(12, 21)",{},{},{},"['A', 'B']",[],[],0,0,5,5,5,1,A,,,,,,,A,,,,,"{'rtype': 'select-node', 'rtimedn': 44.616, 'rtimeup': 44.616}",,,,,,,"{'rtype': 'select-node', 'rtimedn': 140.24, 'rtimeup': 140.24}",,,,
,,6,3,5,1732656184,BDG-016-1142,TREE-1.2-0.0-0.0,"['689ed84b-05d2-4c2b-9dff-8a53dd0f11c7', 'dd9da256-cc2b-4fee-aed8-5760e2a6a6b9']","['participant', 'participant']","['two-triangle', 'flower']","['hsla(146, 69%, 41%, 1.0)', 'hsla(163, 77%, 63%, 1.0)']","[[1.0, 0.229621736814065], [0.229621736814065, 1.0]]","{0: '', 1: 'A', 2: 'B'}",,1,after,"[True, True]","{'max': 21, 'min': 21, 'avg': 21.0, 'root': 12}","[-10, -10]","[85, 131]",sequential,chance,chance,"[1.0, 1.0]","[0.5, 1.0]","[0.5, 1.0]","[0.5, 1.0]","[0.625, 0.0]","[0.375, 0.0]",[[0]],[[1]],[[2]],"(0, 12)","(12, 21)","(12, 21)",{},{},{},"['A', 'B']",[],[],0,0,1,1,4,2,A,,,,,,,B,,,,,"{'rtype': 'select-node', 'rtimedn': 17.757, 'rtimeup': 17.757}",,,,,,,"{'rtype': 'select-node', 'rtimedn': 17.809, 'rtimeup': 17.809}",,,,
,,7,0,5,1732656203,BDG-342-3443,TREE-1.2-0.0-0.0,"['88d92231-0f23-4c09-a562-8abb7e5f32ed', '8ac8c28f-01b1-4b30-a872-3c9bc96e0a06']","['participant', 'participant']","['jagged-sun', 'round-square']","['hsla(143, 83%, 61%, 1.0)', 'hsla(101, 55%, 61%, 1.0)']","[[1.0, 0.18247202983484284], [0.18247202983484284, 1.0]]","{0: '', 1: 'A', 2: 'B'}",,2,after,"[True, True]","{'max': 21, 'min': 21, 'avg': 21.0, 'root': 12}","[-10, -10]","[141, 126]",sequential,chance,chance,"[1.0, 1.0]","[0.5, 1.0]","[0.5, 1.0]","[0.5, 1.0]","[0.625, 0.0]","[0.375, 0.0]",[[0]],[[1]],[[2]],"(0, 12)","(12, 21)","(12, 21)",{},{},{},"['A', 'B']",[],[],0,0,3,4,4,3,B,,,,,,,B,,,,,"{'rtype': 'select-node', 'rtimedn': 143.398, 'rtimeup': 143.398}",,,,,,,"{'rtype': 'select-node', 'rtimedn': 46.066, 'rtimeup': 46.066}",,,,
,,7,1,5,1732656204,BDG-391-4142,TREE-1.2-0.0-0.0,"['44598db2-2243-45c1-8ba8-5a8ebaa0b042', '510d16e8-9e24-4546-8797-cbdc39924d91']","['participant', 'participant']","['flame', 'stop-sign']","['hsla(231, 75%, 51%, 1.0)', 'hsla(268, 72%, 43%, 1.0)']","[[1.0, 0.10602024507192329], [0.10602024507192329, 1.0]]","{0: '', 1: 'A', 2: 'B'}",,2,after,"[True, True]","{'max': 21, 'min': 21, 'avg': 21.0, 'root': 12}","[-10, -10]","[107, 109]",sequential,chance,chance,"[1.0, 1.0]","[0.5, 1.0]","[0.5, 1.0]","[0.5, 1.0]","[0.625, 0.0]","[0.375, 0.0]",[[0]],[[1]],[[2]],"(0, 12)","(12, 21)","(12, 21)",{},{},{},"['A', 'B']",[],[],0,0,4,1,4,2,B,,,,,,,A,,,,,"{'rtype': 'select-node', 'rtimedn': 141.616, 'rtimeup': 141.616}",,,,,,,"{'rtype': None, 'rtimedn': 13, 'rtimeup': 13}",,,,
,,7,2,5,1732656198,BDG-142-2143,TREE-1.2-0.0-0.0,"['dd9da256-cc2b-4fee-aed8-5760e2a6a6b9', '689ed84b-05d2-4c2b-9dff-8a53dd0f11c7']","['participant', 'participant']","['flower', 'two-triangle']","['hsla(163, 77%, 63%, 1.0)', 'hsla(146, 69%, 41%, 1.0)']","[[1.0, 0.229621736814065], [0.229621736814065, 1.0]]","{0: '', 1: 'A', 2: 'B'}",,2,after,"[True, True]","{'max': 21, 'min': 21, 'avg': 21.0, 'root': 12}","[-10, -10]","[131, 85]",sequential,chance,chance,"[1.0, 1.0]","[0.5, 1.0]","[0.5, 1.0]","[0.5, 1.0]","[0.375, 0.0]","[0.625, 0.0]",[[0]],[[1]],[[2]],"(0, 12)","(12, 21)","(12, 21)",{},{},{},"['A', 'B']",[],[],0,0,2,1,4,3,B,,,,,,,B,,,,,"{'rtype': 'select-node', 'rtimedn': 19.12, 'rtimeup': 19.12}",,,,,,,"{'rtype': 'select-node', 'rtimedn': 19.15, 'rtimeup': 19.15}",,,,
,,7,3,5,1732656199,BDG-569-5345,TREE-1.2-0.0-0.0,"['a274c52d-824b-47fa-8f72-0edaea00d8f9', '8002fc3a-fd31-4553-a3d0-f9075f13995c']","['participant', 'participant']","['teardrop', 'round-square']","['hsla(333, 58%, 62%, 1.0)', 'hsla(223, 71%, 50%, 1.0)']","[[1.0, 0.18247202983484284], [0.18247202983484284, 1.0]]","{0: '', 1: 'A', 2: 'B'}",,2,after,"[True, True]","{'max': 21, 'min': 21, 'avg': 21.0, 'root': 12}","[-10, -10]","[108, 140]",sequential,chance,chance,"[1.0, 1.0]","[0.5, 1.0]","[0.5, 1.0]","[0.5, 1.0]","[0.625, 0.0]","[0.375, 0.0]",[[0]],[[1]],[[2]],"(0, 12)","(12, 21)","(12, 21)",{},{},{},"['A', 'B']",[],[],0,0,5,3,4,5,B,,,,,,,A,,,,,"{'rtype': 'select-node', 'rtimedn': 151.071, 'rtimeup': 151.071}",,,,,,,"{'rtype': 'select-node', 'rtimedn': 169.3, 'rtimeup': 169.3}",,,,
,,8,0,5,1732656213,BDG-345-3451,TREE-1.2-0.0-0.0,"['a274c52d-824b-47fa-8f72-0edaea00d8f9', '689ed84b-05d2-4c2b-9dff-8a53dd0f11c7']","['participant', 'participant']","['teardrop', 'two-triangle']","['hsla(333, 58%, 62%, 1.0)', 'hsla(146, 69%, 41%, 1.0)']","[[1.0, 0.10602024507192329], [0.10602024507192329, 1.0]]","{0: '', 1: 'A', 2: 'B'}",,1,after,"[True, True]","{'max': 21, 'min': 21, 'avg': 21.0, 'root': 12}","[-10, -10]","[108, 85]",sequential,chance,chance,"[1.0, 1.0]","[0.5, 1.0]","[0.5, 1.0]","[0.5, 1.0]","[0.625, 0.0]","[0.375, 0.0]",[[0]],[[1]],[[2]],"(0, 12)","(12, 21)","(12, 21)",{},{},{},"['A', 'B']",[],[],0,0,3,4,5,1,A,,,,,,,B,,,,,"{'rtype': 'select-node', 'rtimedn': 152.391, 'rtimeup': 152.391}",,,,,,,"{'rtype': 'select-node', 'rtimedn': 20.694, 'rtimeup': 20.694}",,,,
,,8,1,5,1732656215,BDG-481-4522,TREE-1.2-0.0-0.0,"['88d92231-0f23-4c09-a562-8abb7e5f32ed', '8002fc3a-fd31-4553-a3d0-f9075f13995c']","['participant', 'participant']","['jagged-sun', 'round-square']","['hsla(143, 83%, 61%, 1.0)', 'hsla(223, 71%, 50%, 1.0)']","[[1.0, 0.2602557272242941], [0.2602557272242941, 1.0]]","{0: '', 1: 'A', 2: 'B'}",,1,after,"[True, True]","{'max': 21, 'min': 21, 'avg': 21.0, 'root': 12}","[-10, -10]","[141, 140]",sequential,chance,chance,"[1.0, 1.0]","[0.5, 1.0]","[0.5, 1.0]","[0.5, 1.0]","[0.375, 0.0]","[0.625, 0.0]",[[0]],[[1]],[[2]],"(0, 12)","(12, 21)","(12, 21)",{},{},{},"['A', 'B']",[],[],0,0,4,5,2,2,A,,,,,,,B,,,,,"{'rtype': 'select-node', 'rtimedn': 145.058, 'rtimeup': 145.058}",,,,,,,"{'rtype': 'select-node', 'rtimedn': 170.479, 'rtimeup': 170.479}",,,,
,,8,2,5,1732656218,BDG-452-4413,TREE-1.2-0.0-0.0,"['44598db2-2243-45c1-8ba8-5a8ebaa0b042', 'dd9da256-cc2b-4fee-aed8-5760e2a6a6b9']","['participant', 'participant']","['flame', 'flower']","['hsla(231, 75%, 51%, 1.0)', 'hsla(163, 77%, 63%, 1.0)']","[[1.0, 0.2602557272242941], [0.2602557272242941, 1.0]]","{0: '', 1: 'A', 2: 'B'}",,1,after,"[True, True]","{'max': 21, 'min': 21, 'avg': 21.0, 'root': 12}","[-10, -10]","[107, 131]",sequential,chance,chance,"[1.0, 1.0]","[0.5, 1.0]","[0.5, 1.0]","[0.5, 1.0]","[0.625, 0.0]","[0.375, 0.0]",[[0]],[[1]],[[2]],"(0, 12)","(12, 21)","(12, 21)",{},{},{},"['A', 'B']",[],[],0,0,4,4,1,3,A,,,,,,,B,,,,,"{'rtype': 'select-node', 'rtimedn': 143.092, 'rtimeup': 143.092}",,,,,,,"{'rtype': 'select-node', 'rtimedn': 21.156, 'rtimeup': 21.156}",,,,
,,8,3,5,1732656217,BDG-250-3111,TREE-1.2-0.0-0.0,"['510d16e8-9e24-4546-8797-cbdc39924d91', '8ac8c28f-01b1-4b30-a872-3c9bc96e0a06']","['participant', 'participant']","['stop-sign', 'round-square']","['hsla(268, 72%, 43%, 1.0)', 'hsla(101, 55%, 61%, 1.0)']","[[1.0, 0.04928076718167288], [0.04928076718167288, 1.0]]","{0: '', 1: 'A', 2: 'B'}",,1,after,"[True, True]","{'max': 21, 'min': 21, 'avg': 21.0, 'root': 12}","[-10, -10]","[109, 126]",sequential,chance,chance,"[1.0, 1.0]","[0.5, 1.0]","[0.5, 1.0]","[0.5, 1.0]","[0.625, 0.0]","[0.375, 0.0]",[[0]],[[1]],[[2]],"(0, 12)","(12, 21)","(12, 21)",{},{},{},"['A', 'B']",[],[],0,0,3,1,1,1,A,,,,,,,A,,,,,"{'rtype': 'select-node', 'rtimedn': 133.519, 'rtimeup': 133.519}",,,,,,,"{'rtype': 'select-node', 'rtimedn': 47.495, 'rtimeup': 47.495}",,,,
,,9,0,5,1732656230,BDG-073-1354,TREE-1.2-0.0-0.0,"['44598db2-2243-45c1-8ba8-5a8ebaa0b042', '88d92231-0f23-4c09-a562-8abb7e5f32ed']","['participant', 'participant']","['flame', 'jagged-sun']","['hsla(231, 75%, 51%, 1.0)', 'hsla(143, 83%, 61%, 1.0)']","[[1.0, 0.229621736814065], [0.229621736814065, 1.0]]","{0: '', 1: 'A', 2: 'B'}",,2,after,"[True, True]","{'max': 21, 'min': 21, 'avg': 21.0, 'root': 12}","[-10, -10]","[107, 141]",sequential,chance,chance,"[1.0, 1.0]","[0.5, 1.0]","[0.5, 1.0]","[0.5, 1.0]","[0.375, 0.0]","[0.625, 0.0]",[[0]],[[1]],[[2]],"(0, 12)","(12, 21)","(12, 21)",{},{},{},"['A', 'B']",[],[],0,0,1,3,5,4,B,,,,,,,B,,,,,"{'rtype': 'select-node', 'rtimedn': 144.567, 'rtimeup': 144.567}",,,,,,,"{'rtype': 'select-node', 'rtimedn': 146.404, 'rtimeup': 146.404}",,,,
,,9,1,5,1732656231,BDG-055-1321,TREE-1.2-0.0-0.0,"['510d16e8-9e24-4546-8797-cbdc39924d91', 'dd9da256-cc2b-4fee-aed8-5760e2a6a6b9']","['participant', 'participant']","['stop-sign', 'flower']","['hsla(268, 72%, 43%, 1.0)', 'hsla(163, 77%, 63%, 1.0)']","[[1.0, 0.18247202983484284], [0.18247202983484284, 1.0]]","{0: '', 1: 'A', 2: 'B'}",,2,after,"[True, True]","{'max': 21, 'min': 21, 'avg': 21.0, 'root': 12}","[-10, -10]","[109, 131]",sequential,chance,chance,"[1.0, 1.0]","[0.5, 1.0]","[0.5, 1.0]","[0.5, 1.0]","[0.375, 0.0]","[0.625, 0.0]",[[0]],[[1]],[[2]],"(0, 12)","(12, 21)","(12, 21)",{},{},{},"['A', 'B']",[],[],0,0,1,3,2,1,B,,,,,,,B,,,,,"{'rtype': 'select-node', 'rtimedn': 134.97, 'rtimeup': 134.97}",,,,,,,"{'rtype': 'select-node', 'rtimedn': 22.001, 'rtimeup': 22.001}",,,,
,,9,2,5,1732656228,BDG-237-2533,TREE-1.2-0.0-0.0,"['8ac8c28f-01b1-4b30-a872-3c9bc96e0a06', '689ed84b-05d2-4c2b-9dff-8a53dd0f11c7']","['participant', 'participant']","['round-square', 'two-triangle']","['hsla(101, 55%, 61%, 1.0)', 'hsla(146, 69%, 41%, 1.0)']","[[1.0, 0.2602557272242941], [0.2602557272242941, 1.0]]","{0: '', 1: 'A', 2: 'B'}",,2,after,"[True, True]","{'max': 21, 'min': 21, 'avg': 21.0, 'root': 12}","[-10, -10]","[126, 85]",sequential,chance,chance,"[1.0, 1.0]","[0.5, 1.0]","[0.5, 1.0]","[0.5, 1.0]","[0.625, 0.0]","[0.375, 0.0]",[[0]],[[1]],[[2]],"(0, 12)","(12, 21)","(12, 21)",{},{},{},"['A', 'B']",[],[],0,0,2,5,3,3,B,,,,,,,B,,,,,"{'rtype': 'select-node', 'rtimedn': 48.622, 'rtimeup': 48.622}",,,,,,,"{'rtype': 'select-node', 'rtimedn': 22.043, 'rtimeup': 22.043}",,,,
,,9,3,5,1732656230,BDG-237-2533,TREE-1.2-0.0-0.0,"['8002fc3a-fd31-4553-a3d0-f9075f13995c', 'a274c52d-824b-47fa-8f72-0edaea00d8f9']","['participant', 'participant']","['round-square', 'teardrop']","['hsla(223, 71%, 50%, 1.0)', 'hsla(333, 58%, 62%, 1.0)']","[[1.0, 0.18247202983484284], [0.18247202983484284, 1.0]]","{0: '', 1: 'A', 2: 'B'}",,2,after,"[True, True]","{'max': 21, 'min': 21, 'avg': 21.0, 'root': 12}","[-10, -10]","[140, 108]",sequential,chance,chance,"[1.0, 1.0]","[0.5, 1.0]","[0.5, 1.0]","[0.5, 1.0]","[0.625, 0.0]","[0.375, 0.0]",[[0]],[[1]],[[2]],"(0, 12)","(12, 21)","(12, 21)",{},{},{},"['A', 'B']",[],[],0,0,2,5,3,3,B,,,,,,,B,,,,,"{'rtype': 'select-node', 'rtimedn': 172.348, 'rtimeup': 172.348}",,,,,,,"{'rtype': 'select-node', 'rtimedn': 153.954, 'rtimeup': 153.954}",,,,
,,10,0,5,1732656242,BDG-265-3141,TREE-1.2-0.0-0.0,"['a274c52d-824b-47fa-8f72-0edaea00d8f9', '8ac8c28f-01b1-4b30-a872-3c9bc96e0a06']","['participant', 'participant']","['teardrop', 'round-square']","['hsla(333, 58%, 62%, 1.0)', 'hsla(101, 55%, 61%, 1.0)']","[[1.0, 0.229621736814065], [0.229621736814065, 1.0]]","{0: '', 1: 'A', 2: 'B'}",,2,after,"[True, True]","{'max': 21, 'min': 21, 'avg': 21.0, 'root': 12}","[-10, -10]","[108, 126]",sequential,chance,chance,"[1.0, 1.0]","[0.5, 1.0]","[0.5, 1.0]","[0.5, 1.0]","[0.375, 0.0]","[0.625, 0.0]",[[0]],[[1]],[[2]],"(0, 12)","(12, 21)","(12, 21)",{},{},{},"['A', 'B']",[],[],0,0,3,1,4,1,B,,,,,,,B,,,,,"{'rtype': 'select-node', 'rtimedn': 155.28, 'rtimeup': 155.28}",,,,,,,"{'rtype': 'select-node', 'rtimedn': 49.985, 'rtimeup': 49.985}",,,,
,,10,1,5,1732656241,BDG-223-2454,TREE-1.2-0.0-0.0,"['dd9da256-cc2b-4fee-aed8-5760e2a6a6b9', '88d92231-0f23-4c09-a562-8abb7e5f32ed']","['participant', 'participant']","['flower', 'jagged-sun']","['hsla(163, 77%, 63%, 1.0)', 'hsla(143, 83%, 61%, 1.0)']","[[1.0, 0.10602024507192329], [0.10602024507192329, 1.0]]","{0: '', 1: 'A', 2: 'B'}",,2,after,"[True, True]","{'max': 21, 'min': 21, 'avg': 21.0, 'root': 12}","[-10, -10]","[131, 141]",sequential,chance,chance,"[1.0, 1.0]","[0.5, 1.0]","[0.5, 1.0]","[0.5, 1.0]","[0.375, 0.0]","[0.625, 0.0]",[[0]],[[1]],[[2]],"(0, 12)","(12, 21)","(12, 21)",{},{},{},"['A', 'B']",[],[],0,0,2,4,5,4,B,,,,,,,B,,,,,"{'rtype': 'select-node', 'rtimedn': 23.46, 'rtimeup': 23.46}",,,,,,,"{'rtype': 'select-node', 'rtimedn': 147.671, 'rtimeup': 147.671}",,,,
,,10,2,5,1732656243,BDG-092-1443,TREE-1.2-0.0-0.0,"['44598db2-2243-45c1-8ba8-5a8ebaa0b042', '510d16e8-9e24-4546-8797-cbdc39924d91']","['participant', 'participant']","['flame', 'stop-sign']","['hsla(231, 75%, 51%, 1.0)', 'hsla(268, 72%, 43%, 1.0)']","[[1.0, 0.10602024507192329], [0.10602024507192329, 1.0]]","{0: '', 1: 'A', 2: 'B'}",,2,after,"[True, True]","{'max': 21, 'min': 21, 'avg': 21.0, 'root': 12}","[-10, -10]","[107, 109]",sequential,chance,chance,"[1.0, 1.0]","[0.5, 1.0]","[0.5, 1.0]","[0.5, 1.0]","[0.625, 0.0]","[0.375, 0.0]",[[0]],[[1]],[[2]],"(0, 12)","(12, 21)","(12, 21)",{},{},{},"['A', 'B']",[],[],0,0,1,4,4,3,B,,,,,,,B,,,,,"{'rtype': 'select-node', 'rtimedn': 145.936, 'rtimeup': 145.936}",,,,,,,"{'rtype': 'select-node', 'rtimedn': 136.177, 'rtimeup': 136.177}",,,,
,,10,3,5,1732656240,BDG-508-5124,TREE-1.2-0.0-0.0,"['8002fc3a-fd31-4553-a3d0-f9075f13995c', '689ed84b-05d2-4c2b-9dff-8a53dd0f11c7']","['participant', 'participant']","['round-square', 'two-triangle']","['hsla(223, 71%, 50%, 1.0)', 'hsla(146, 69%, 41%, 1.0)']","[[1.0, 0.07725093233883858], [0.07725093233883858, 1.0]]","{0: '', 1: 'A', 2: 'B'}",,1,after,"[True, True]","{'max': 21, 'min': 21, 'avg': 21.0, 'root': 12}","[-10, -10]","[140, 85]",sequential,chance,chance,"[1.0, 1.0]","[0.5, 1.0]","[0.5, 1.0]","[0.5, 1.0]","[0.625, 0.0]","[0.375, 0.0]",[[0]],[[1]],[[2]],"(0, 12)","(12, 21)","(12, 21)",{},{},{},"['A', 'B']",[],[],0,0,5,1,2,4,A,,,,,,,A,,,,,"{'rtype': 'select-node', 'rtimedn': 173.329, 'rtimeup': 173.329}",,,,,,,"{'rtype': 'select-node', 'rtimedn': 23.318, 'rtimeup': 23.318}",,,,
,,11,0,5,1732656254,BDG-057-1323,TREE-1.2-0.0-0.0,"['510d16e8-9e24-4546-8797-cbdc39924d91', 'dd9da256-cc2b-4fee-aed8-5760e2a6a6b9']","['participant', 'participant']","['stop-sign', 'flower']","['hsla(268, 72%, 43%, 1.0)', 'hsla(163, 77%, 63%, 1.0)']","[[1.0, 0.18247202983484284], [0.18247202983484284, 1.0]]","{0: '', 1: 'A', 2: 'B'}",,2,after,"[True, True]","{'max': 21, 'min': 21, 'avg': 21.0, 'root': 12}","[-10, -10]","[109, 131]",sequential,chance,chance,"[1.0, 1.0]","[0.5, 1.0]","[0.5, 1.0]","[0.5, 1.0]","[0.375, 0.0]","[0.625, 0.0]",[[0]],[[1]],[[2]],"(0, 12)","(12, 21)","(12, 21)",{},{},{},"['A', 'B']",[],[],0,0,1,3,2,3,B,,,,,,,B,,,,,"{'rtype': 'select-node', 'rtimedn': 137.311, 'rtimeup': 137.311}",,,,,,,"{'rtype': 'select-node', 'rtimedn': 24.688, 'rtimeup': 24.688}",,,,
,,11,1,5,1732656258,BDG-388-4134,TREE-1.2-0.0-0.0,"['a274c52d-824b-47fa-8f72-0edaea00d8f9', '689ed84b-05d2-4c2b-9dff-8a53dd0f11c7']","['participant', 'participant']","['teardrop', 'two-triangle']","['hsla(333, 58%, 62%, 1.0)', 'hsla(146, 69%, 41%, 1.0)']","[[1.0, 0.10602024507192329], [0.10602024507192329, 1.0]]","{0: '', 1: 'A', 2: 'B'}",,2,after,"[True, True]","{'max': 21, 'min': 21, 'avg': 21.0, 'root': 12}","[-10, -10]","[108, 85]",sequential,chance,chance,"[1.0, 1.0]","[0.5, 1.0]","[0.5, 1.0]","[0.5, 1.0]","[0.625, 0.0]","[0.375, 0.0]",[[0]],[[1]],[[2]],"(0, 12)","(12, 21)","(12, 21)",{},{},{},"['A', 'B']",[],[],0,0,4,1,3,4,B,,,,,,,A,,,,,"{'rtype': None, 'rtimedn': 13, 'rtimeup': 13}",,,,,,,"{'rtype': 'select-node', 'rtimedn': 24.489, 'rtimeup': 24.489}",,,,
,,11,2,5,1732656257,BDG-470-4451,TREE-1.2-0.0-0.0,"['8002fc3a-fd31-4553-a3d0-f9075f13995c', '44598db2-2243-45c1-8ba8-5a8ebaa0b042']","['participant', 'participant']","['round-square', 'flame']","['hsla(223, 71%, 50%, 1.0)', 'hsla(231, 75%, 51%, 1.0)']","[[1.0, 0.09509856153436334], [0.09509856153436334, 1.0]]","{0: '', 1: 'A', 2: 'B'}",,1,after,"[True, True]","{'max': 21, 'min': 21, 'avg': 21.0, 'root': 12}","[-10, -10]","[140, 107]",sequential,chance,chance,"[1.0, 1.0]","[0.5, 1.0]","[0.5, 1.0]","[0.5, 1.0]","[0.375, 0.0]","[0.625, 0.0]",[[0]],[[1]],[[2]],"(0, 12)","(12, 21)","(12, 21)",{},{},{},"['A', 'B']",[],[],0,0,4,4,5,1,A,,,,,,,A,,,,,"{'rtype': 'select-node', 'rtimedn': 174.486, 'rtimeup': 174.486}",,,,,,,"{'rtype': 'select-node', 'rtimedn': 147.278, 'rtimeup': 147.278}",,,,
,,11,3,5,1732656252,BDG-500-5111,TREE-1.2-0.0-0.0,"['88d92231-0f23-4c09-a562-8abb7e5f32ed', '8ac8c28f-01b1-4b30-a872-3c9bc96e0a06']","['participant', 'participant']","['jagged-sun', 'round-square']","['hsla(143, 83%, 61%, 1.0)', 'hsla(101, 55%, 61%, 1.0)']","[[1.0, 0.18247202983484284], [0.18247202983484284, 1.0]]","{0: '', 1: 'A', 2: 'B'}",,1,after,"[True, True]","{'max': 21, 'min': 21, 'avg': 21.0, 'root': 12}","[-10, -10]","[141, 126]",sequential,chance,chance,"[1.0, 1.0]","[0.5, 1.0]","[0.5, 1.0]","[0.5, 1.0]","[0.375, 0.0]","[0.625, 0.0]",[[0]],[[1]],[[2]],"(0, 12)","(12, 21)","(12, 21)",{},{},{},"['A', 'B']",[],[],0,0,5,1,1,1,A,,,,,,,A,,,,,"{'rtype': 'select-node', 'rtimedn': 148.792, 'rtimeup': 148.792}",,,,,,,"{'rtype': 'select-node', 'rtimedn': 50.973, 'rtimeup': 50.973}",,,,
,,12,0,5,1732656272,BDG-592-5443,TREE-1.2-0.0-0.0,"['689ed84b-05d2-4c2b-9dff-8a53dd0f11c7', 'dd9da256-cc2b-4fee-aed8-5760e2a6a6b9']","['participant', 'participant']","['two-triangle', 'flower']","['hsla(146, 69%, 41%, 1.0)', 'hsla(163, 77%, 63%, 1.0)']","[[1.0, 0.229621736814065], [0.229621736814065, 1.0]]","{0: '', 1: 'A', 2: 'B'}",,2,after,"[True, True]","{'max': 21, 'min': 21, 'avg': 21.0, 'root': 12}","[-10, -10]","[85, 131]",sequential,chance,chance,"[1.0, 1.0]","[0.5, 1.0]","[0.5, 1.0]","[0.5, 1.0]","[0.625, 0.0]","[0.375, 0.0]",[[0]],[[1]],[[2]],"(0, 12)","(12, 21)","(12, 21)",{},{},{},"['A', 'B']",[],[],0,0,5,4,4,3,B,,,,,,,A,,,,,"{'rtype': 'select-node', 'rtimedn': 26.217, 'rtimeup': 26.217}",,,,,,,"{'rtype': 'select-node', 'rtimedn': 26.569, 'rtimeup': 26.569}",,,,
,,12,1,5,1732656268,BDG-189-2335,TREE-1.2-0.0-0.0,"['a274c52d-824b-47fa-8f72-0edaea00d8f9', '44598db2-2243-45c1-8ba8-5a8ebaa0b042']","['participant', 'participant']","['teardrop', 'flame']","['hsla(333, 58%, 62%, 1.0)', 'hsla(231, 75%, 51%, 1.0)']","[[1.0, 0.04928076718167288], [0.04928076718167288, 1.0]]","{0: '', 1: 'A', 2: 'B'}",,1,after,"[True, True]","{'max': 21, 'min': 21, 'avg': 21.0, 'root': 12}","[-10, -10]","[108, 107]",sequential,chance,chance,"[1.0, 1.0]","[0.5, 1.0]","[0.5, 1.0]","[0.5, 1.0]","[0.625, 0.0]","[0.375, 0.0]",[[0]],[[1]],[[2]],"(0, 12)","(12, 21)","(12, 21)",{},{},{},"['A', 'B']",[],[],0,0,2,3,3,5,A,,,,,,,B,,,,,"{'rtype': 'select-node', 'rtimedn': 157.971, 'rtimeup': 157.971}",,,,,,,"{'rtype': 'select-node', 'rtimedn': 148.425, 'rtimeup': 148.425}",,,,
,,12,2,5,1732656270,BDG-397-4153,TREE-1.2-0.0-0.0,"['510d16e8-9e24-4546-8797-cbdc39924d91', '8002fc3a-fd31-4553-a3d0-f9075f13995c']","['participant', 'participant']","['stop-sign', 'round-square']","['hsla(268, 72%, 43%, 1.0)', 'hsla(223, 71%, 50%, 1.0)']","[[1.0, 0.229621736814065], [0.229621736814065, 1.0]]","{0: '', 1: 'A', 2: 'B'}",,2,after,"[True, True]","{'max': 21, 'min': 21, 'avg': 21.0, 'root': 12}","[-10, -10]","[109, 140]",sequential,chance,chance,"[1.0, 1.0]","[0.5, 1.0]","[0.5, 1.0]","[0.5, 1.0]","[0.625, 0.0]","[0.375, 0.0]",[[0]],[[1]],[[2]],"(0, 12)","(12, 21)","(12, 21)",{},{},{},"['A', 'B']",[],[],0,0,4,1,5,3,B,,,,,,,B,,,,,"{'rtype': 'select-node', 'rtimedn': 138.7, 'rtimeup': 138.7}",,,,,,,"{'rtype': 'select-node', 'rtimedn': 176.379, 'rtimeup': 176.379}",,,,
,,12,3,5,1732656266,BDG-017-1143,TREE-1.2-0.0-0.0,"['8ac8c28f-01b1-4b30-a872-3c9bc96e0a06', '88d92231-0f23-4c09-a562-8abb7e5f32ed']","['participant', 'participant']","['round-square', 'jagged-sun']","['hsla(101, 55%, 61%, 1.0)', 'hsla(143, 83%, 61%, 1.0)']","[[1.0, 0.18247202983484284], [0.18247202983484284, 1.0]]","{0: '', 1: 'A', 2: 'B'}",,2,after,"[True, True]","{'max': 21, 'min': 21, 'avg': 21.0, 'root': 12}","[-10, -10]","[126, 141]",sequential,chance,chance,"[1.0, 1.0]","[0.5, 1.0]","[0.5, 1.0]","[0.5, 1.0]","[0.625, 0.0]","[0.375, 0.0]",[[0]],[[1]],[[2]],"(0, 12)","(12, 21)","(12, 21)",{},{},{},"['A', 'B']",[],[],0,0,1,1,4,3,B,,,,,,,B,,,,,"{'rtype': 'select-node', 'rtimedn': 52.344, 'rtimeup': 52.344}",,,,,,,"{'rtype': 'select-node', 'rtimedn': 150.196, 'rtimeup': 150.196}",,,,
,,13,0,5,1732656284,BDG-223-2454,TREE-1.2-0.0-0.0,"['8002fc3a-fd31-4553-a3d0-f9075f13995c', 'a274c52d-824b-47fa-8f72-0edaea00d8f9']","['participant', 'participant']","['round-square', 'teardrop']","['hsla(223, 71%, 50%, 1.0)', 'hsla(333, 58%, 62%, 1.0)']","[[1.0, 0.18247202983484284], [0.18247202983484284, 1.0]]","{0: '', 1: 'A', 2: 'B'}",,2,after,"[True, True]","{'max': 21, 'min': 21, 'avg': 21.0, 'root': 12}","[-10, -10]","[140, 108]",sequential,chance,chance,"[1.0, 1.0]","[0.5, 1.0]","[0.5, 1.0]","[0.5, 1.0]","[0.375, 0.0]","[0.625, 0.0]",[[0]],[[1]],[[2]],"(0, 12)","(12, 21)","(12, 21)",{},{},{},"['A', 'B']",[],[],0,0,2,4,5,4,B,,,,,,,B,,,,,"{'rtype': 'select-node', 'rtimedn': 177.817, 'rtimeup': 177.817}",,,,,,,"{'rtype': 'select-node', 'rtimedn': 159.505, 'rtimeup': 159.505}",,,,
,,13,1,5,1732656283,BDG-615-5541,TREE-1.2-0.0-0.0,"['8ac8c28f-01b1-4b30-a872-3c9bc96e0a06', '44598db2-2243-45c1-8ba8-5a8ebaa0b042']","['participant', 'participant']","['round-square', 'flame']","['hsla(101, 55%, 61%, 1.0)', 'hsla(231, 75%, 51%, 1.0)']","[[1.0, 0.07725093233883858], [0.07725093233883858, 1.0]]","{0: '', 1: 'A', 2: 'B'}",,1,after,"[True, True]","{'max': 21, 'min': 21, 'avg': 21.0, 'root': 12}","[-10, -10]","[126, 107]",sequential,chance,chance,"[1.0, 1.0]","[0.5, 1.0]","[0.5, 1.0]","[0.5, 1.0]","[0.375, 0.0]","[0.625, 0.0]",[[0]],[[1]],[[2]],"(0, 12)","(12, 21)","(12, 21)",{},{},{},"['A', 'B']",[],[],0,0,5,5,4,1,A,,,,,,,A,,,,,"{'rtype': 'select-node', 'rtimedn': 54.046, 'rtimeup': 54.046}",,,,,,,"{'rtype': 'select-node', 'rtimedn': 149.837, 'rtimeup': 149.837}",,,,
,,13,2,5,1732656283,BDG-029-1215,TREE-1.2-0.0-0.0,"['689ed84b-05d2-4c2b-9dff-8a53dd0f11c7', 'dd9da256-cc2b-4fee-aed8-5760e2a6a6b9']","['participant', 'participant']","['two-triangle', 'flower']","['hsla(146, 69%, 41%, 1.0)', 'hsla(163, 77%, 63%, 1.0)']","[[1.0, 0.229621736814065], [0.229621736814065, 1.0]]","{0: '', 1: 'A', 2: 'B'}",,2,after,"[True, True]","{'max': 21, 'min': 21, 'avg': 21.0, 'root': 12}","[-10, -10]","[85, 131]",sequential,chance,chance,"[1.0, 1.0]","[0.5, 1.0]","[0.5, 1.0]","[0.5, 1.0]","[0.375, 0.0]","[0.625, 0.0]",[[0]],[[1]],[[2]],"(0, 12)","(12, 21)","(12, 21)",{},{},{},"['A', 'B']",[],[],0,0,1,2,1,5,B,,,,,,,B,,,,,"{'rtype': 'select-node', 'rtimedn': 27.542, 'rtimeup': 27.542}",,,,,,,"{'rtype': 'select-node', 'rtimedn': 27.718, 'rtimeup': 27.718}",,,,
,,13,3,5,1732656284,BDG-028-1214,TREE-1.2-0.0-0.0,"['510d16e8-9e24-4546-8797-cbdc39924d91', '88d92231-0f23-4c09-a562-8abb7e5f32ed']","['participant', 'participant']","['stop-sign', 'jagged-sun']","['hsla(268, 72%, 43%, 1.0)', 'hsla(143, 83%, 61%, 1.0)']","[[1.0, 0.07725093233883858], [0.07725093233883858, 1.0]]","{0: '', 1: 'A', 2: 'B'}",,2,after,"[True, True]","{'max': 21, 'min': 21, 'avg': 21.0, 'root': 12}","[-10, -10]","[109, 141]",sequential,chance,chance,"[1.0, 1.0]","[0.5, 1.0]","[0.5, 1.0]","[0.5, 1.0]","[0.375, 0.0]","[0.625, 0.0]",[[0]],[[1]],[[2]],"(0, 12)","(12, 21)","(12, 21)",{},{},{},"['A', 'B']",[],[],0,0,1,2,1,4,B,,,,,,,A,,,,,"{'rtype': 'select-node', 'rtimedn': 140.246, 'rtimeup': 140.246}",,,,,,,"{'rtype': 'select-node', 'rtimedn': 151.756, 'rtimeup': 151.756}",,,,
,,14,0,5,1732656298,BDG-610-5531,TREE-1.2-0.0-0.0,"['8ac8c28f-01b1-4b30-a872-3c9bc96e0a06', 'a274c52d-824b-47fa-8f72-0edaea00d8f9']","['participant', 'participant']","['round-square', 'teardrop']","['hsla(101, 55%, 61%, 1.0)', 'hsla(333, 58%, 62%, 1.0)']","[[1.0, 0.229621736814065], [0.229621736814065, 1.0]]","{0: '', 1: 'A', 2: 'B'}",,1,after,"[True, True]","{'max': 21, 'min': 21, 'avg': 21.0, 'root': 12}","[-10, -10]","[126, 108]",sequential,chance,chance,"[1.0, 1.0]","[0.5, 1.0]","[0.5, 1.0]","[0.5, 1.0]","[0.625, 0.0]","[0.375, 0.0]",[[0]],[[1]],[[2]],"(0, 12)","(12, 21)","(12, 21)",{},{},{},"['A', 'B']",[],[],0,0,5,5,3,1,A,,,,,,,B,,,,,"{'rtype': 'select-node', 'rtimedn': 55.026, 'rtimeup': 55.026}",,,,,,,"{'rtype': 'select-node', 'rtimedn': 160.965, 'rtimeup': 160.965}",,,,
,,14,1,5,1732656298,BDG-076-1412,TREE-1.2-0.0-0.0,"['88d92231-0f23-4c09-a562-8abb7e5f32ed', '8002fc3a-fd31-4553-a3d0-f9075f13995c']","['participant', 'participant']","['jagged-sun', 'round-square']","['hsla(143, 83%, 61%, 1.0)', 'hsla(223, 71%, 50%, 1.0)']","[[1.0, 0.2602557272242941], [0.2602557272242941, 1.0]]","{0: '', 1: 'A', 2: 'B'}",,1,after,"[True, True]","{'max': 21, 'min': 21, 'avg': 21.0, 'root': 12}","[-10, -10]","[141, 140]",sequential,chance,chance,"[1.0, 1.0]","[0.5, 1.0]","[0.5, 1.0]","[0.5, 1.0]","[0.375, 0.0]","[0.625, 0.0]",[[0]],[[1]],[[2]],"(0, 12)","(12, 21)","(12, 21)",{},{},{},"['A', 'B']",[],[],0,0,1,4,1,2,A,,,,,,,A,,,,,"{'rtype': 'select-node', 'rtimedn': 153.424, 'rtimeup': 153.424}",,,,,,,"{'rtype': 'select-node', 'rtimedn': 178.889, 'rtimeup': 178.889}",,,,
,,14,2,5,1732656296,BDG-504-5115,TREE-1.2-0.0-0.0,"['dd9da256-cc2b-4fee-aed8-5760e2a6a6b9', '44598db2-2243-45c1-8ba8-5a8ebaa0b042']","['participant', 'participant']","['flower', 'flame']","['hsla(163, 77%, 63%, 1.0)', 'hsla(231, 75%, 51%, 1.0)']","[[1.0, 0.2602557272242941], [0.2602557272242941, 1.0]]","{0: '', 1: 'A', 2: 'B'}",,2,after,"[True, True]","{'max': 21, 'min': 21, 'avg': 21.0, 'root': 12}","[-10, -10]","[131, 107]",sequential,chance,chance,"[1.0, 1.0]","[0.5, 1.0]","[0.5, 1.0]","[0.5, 1.0]","[0.375, 0.0]","[0.625, 0.0]",[[0]],[[1]],[[2]],"(0, 12)","(12, 21)","(12, 21)",{},{},{},"['A', 'B']",[],[],0,0,5,1,1,5,B,,,,,,,A,,,,,"{'rtype': 'select-node', 'rtimedn': 28.994, 'rtimeup': 28.994}",,,,,,,"{'rtype': 'select-node', 'rtimedn': 151.158, 'rtimeup': 151.158}",,,,
,,14,3,5,1732656295,BDG-564-5335,TREE-1.2-0.0-0.0,"['510d16e8-9e24-4546-8797-cbdc39924d91', '689ed84b-05d2-4c2b-9dff-8a53dd0f11c7']","['participant', 'participant']","['stop-sign', 'two-triangle']","['hsla(268, 72%, 43%, 1.0)', 'hsla(146, 69%, 41%, 1.0)']","[[1.0, 0.09509856153436334], [0.09509856153436334, 1.0]]","{0: '', 1: 'A', 2: 'B'}",,1,after,"[True, True]","{'max': 21, 'min': 21, 'avg': 21.0, 'root': 12}","[-10, -10]","[109, 85]",sequential,chance,chance,"[1.0, 1.0]","[0.5, 1.0]","[0.5, 1.0]","[0.5, 1.0]","[0.375, 0.0]","[0.625, 0.0]",[[0]],[[1]],[[2]],"(0, 12)","(12, 21)","(12, 21)",{},{},{},"['A', 'B']",[],[],0,0,5,3,3,5,A,,,,,,,B,,,,,"{'rtype': 'select-node', 'rtimedn': 141.296, 'rtimeup': 141.296}",,,,,,,"{'rtype': 'select-node', 'rtimedn': 28.867, 'rtimeup': 28.867}",,,,
,,15,0,5,1732656308,BDG-584-5425,TREE-1.2-0.0-0.0,"['510d16e8-9e24-4546-8797-cbdc39924d91', '8002fc3a-fd31-4553-a3d0-f9075f13995c']","['participant', 'participant']","['stop-sign', 'round-square']","['hsla(268, 72%, 43%, 1.0)', 'hsla(223, 71%, 50%, 1.0)']","[[1.0, 0.229621736814065], [0.229621736814065, 1.0]]","{0: '', 1: 'A', 2: 'B'}",,1,after,"[True, True]","{'max': 21, 'min': 21, 'avg': 21.0, 'root': 12}","[-10, -10]","[109, 140]",sequential,chance,chance,"[1.0, 1.0]","[0.5, 1.0]","[0.5, 1.0]","[0.5, 1.0]","[0.375, 0.0]","[0.625, 0.0]",[[0]],[[1]],[[2]],"(0, 12)","(12, 21)","(12, 21)",{},{},{},"['A', 'B']",[],[],0,0,5,4,2,5,A,,,,,,,A,,,,,"{'rtype': 'select-node', 'rtimedn': 142.592, 'rtimeup': 142.592}",,,,,,,"{'rtype': 'select-node', 'rtimedn': 180.137, 'rtimeup': 180.137}",,,,
,,15,1,5,1732656308,BDG-622-5553,TREE-1.2-0.0-0.0,"['88d92231-0f23-4c09-a562-8abb7e5f32ed', '44598db2-2243-45c1-8ba8-5a8ebaa0b042']","['participant', 'participant']","['jagged-sun', 'flame']","['hsla(143, 83%, 61%, 1.0)', 'hsla(231, 75%, 51%, 1.0)']","[[1.0, 0.229621736814065], [0.229621736814065, 1.0]]","{0: '', 1: 'A', 2: 'B'}",,1,after,"[True, True]","{'max': 21, 'min': 21, 'avg': 21.0, 'root': 12}","[-10, -10]","[141, 107]",sequential,chance,chance,"[1.0, 1.0]","[0.5, 1.0]","[0.5, 1.0]","[0.5, 1.0]","[0.375, 0.0]","[0.625, 0.0]",[[0]],[[1]],[[2]],"(0, 12)","(12, 21)","(12, 21)",{},{},{},"['A', 'B']",[],[],0,0,5,5,5,3,A,,,,,,,A,,,,,"{'rtype': 'select-node', 'rtimedn': 154.389, 'rtimeup': 154.389}",,,,,,,"{'rtype': 'select-node', 'rtimedn': 152.331, 'rtimeup': 152.331}",,,,
,,15,2,5,1732656310,BDG-131-2122,TREE-1.2-0.0-0.0,"['dd9da256-cc2b-4fee-aed8-5760e2a6a6b9', 'a274c52d-824b-47fa-8f72-0edaea00d8f9']","['participant', 'participant']","['flower', 'teardrop']","['hsla(163, 77%, 63%, 1.0)', 'hsla(333, 58%, 62%, 1.0)']","[[1.0, 0.07725093233883858], [0.07725093233883858, 1.0]]","{0: '', 1: 'A', 2: 'B'}",,2,after,"[True, True]","{'max': 21, 'min': 21, 'avg': 21.0, 'root': 12}","[-10, -10]","[131, 108]",sequential,chance,chance,"[1.0, 1.0]","[0.5, 1.0]","[0.5, 1.0]","[0.5, 1.0]","[0.625, 0.0]","[0.375, 0.0]",[[0]],[[1]],[[2]],"(0, 12)","(12, 21)","(12, 21)",{},{},{},"['A', 'B']",[],[],0,0,2,1,2,2,B,,,,,,,A,,,,,"{'rtype': 'select-node', 'rtimedn': 30.161, 'rtimeup': 30.161}",,,,,,,"{'rtype': 'select-node', 'rtimedn': 162.189, 'rtimeup': 162.189}",,,,
,,15,3,5,1732656309,BDG-475-4511,TREE-1.2-0.0-0.0,"['8ac8c28f-01b1-4b30-a872-3c9bc96e0a06', '689ed84b-05d2-4c2b-9dff-8a53dd0f11c7']","['participant', 'participant']","['round-square', 'two-triangle']","['hsla(101, 55%, 61%, 1.0)', 'hsla(146, 69%, 41%, 1.0)']","[[1.0, 0.2602557272242941], [0.2602557272242941, 1.0]]","{0: '', 1: 'A', 2: 'B'}",,2,after,"[True, True]","{'max': 21, 'min': 21, 'avg': 21.0, 'root': 12}","[-10, -10]","[126, 85]",sequential,chance,chance,"[1.0, 1.0]","[0.5, 1.0]","[0.5, 1.0]","[0.5, 1.0]","[0.375, 0.0]","[0.625, 0.0]",[[0]],[[1]],[[2]],"(0, 12)","(12, 21)","(12, 21)",{},{},{},"['A', 'B']",[],[],0,0,4,5,1,1,B,,,,,,,B,,,,,"{'rtype': 'select-node', 'rtimedn': 56.649, 'rtimeup': 56.649}",,,,,,,"{'rtype': 'select-node', 'rtimedn': 29.974, 'rtimeup': 29.974}",,,,
,,16,0,5,1732656319,BDG-483-4524,TREE-1.2-0.0-0.0,"['510d16e8-9e24-4546-8797-cbdc39924d91', 'a274c52d-824b-47fa-8f72-0edaea00d8f9']","['participant', 'participant']","['stop-sign', 'teardrop']","['hsla(268, 72%, 43%, 1.0)', 'hsla(333, 58%, 62%, 1.0)']","[[1.0, 0.2602557272242941], [0.2602557272242941, 1.0]]","{0: '', 1: 'A', 2: 'B'}",,1,after,"[True, True]","{'max': 21, 'min': 21, 'avg': 21.0, 'root': 12}","[-10, -10]","[109, 108]",sequential,chance,chance,"[1.0, 1.0]","[0.5, 1.0]","[0.5, 1.0]","[0.5, 1.0]","[0.625, 0.0]","[0.375, 0.0]",[[0]],[[1]],[[2]],"(0, 12)","(12, 21)","(12, 21)",{},{},{},"['A', 'B']",[],[],0,0,4,5,2,4,A,,,,,,,B,,,,,"{'rtype': 'select-node', 'rtimedn': 143.726, 'rtimeup': 143.726}",,,,,,,"{'rtype': 'select-node', 'rtimedn': 163.022, 'rtimeup': 163.022}",,,,
,,16,1,5,1732656324,BDG-214-2435,TREE-1.2-0.0-0.0,"['88d92231-0f23-4c09-a562-8abb7e5f32ed', '8ac8c28f-01b1-4b30-a872-3c9bc96e0a06']","['participant', 'participant']","['jagged-sun', 'round-square']","['hsla(143, 83%, 61%, 1.0)', 'hsla(101, 55%, 61%, 1.0)']","[[1.0, 0.18247202983484284], [0.18247202983484284, 1.0]]","{0: '', 1: 'A', 2: 'B'}",,2,after,"[True, True]","{'max': 21, 'min': 21, 'avg': 21.0, 'root': 12}","[-10, -10]","[141, 126]",sequential,chance,chance,"[1.0, 1.0]","[0.5, 1.0]","[0.5, 1.0]","[0.5, 1.0]","[0.375, 0.0]","[0.625, 0.0]",[[0]],[[1]],[[2]],"(0, 12)","(12, 21)","(12, 21)",{},{},{},"['A', 'B']",[],[],0,0,2,4,3,5,B,,,,,,,B,,,,,"{'rtype': 'select-node', 'rtimedn': 155.583, 'rtimeup': 155.583}",,,,,,,"{'rtype': 'select-node', 'rtimedn': 58.166, 'rtimeup': 58.166}",,,,
,,16,2,5,1732656321,BDG-291-3242,TREE-1.2-0.0-0.0,"['689ed84b-05d2-4c2b-9dff-8a53dd0f11c7', '8002fc3a-fd31-4553-a3d0-f9075f13995c']","['participant', 'participant']","['two-triangle', 'round-square']","['hsla(146, 69%, 41%, 1.0)', 'hsla(223, 71%, 50%, 1.0)']","[[1.0, 0.07725093233883858], [0.07725093233883858, 1.0]]","{0: '', 1: 'A', 2: 'B'}",,1,after,"[True, True]","{'max': 21, 'min': 21, 'avg': 21.0, 'root': 12}","[-10, -10]","[85, 140]",sequential,chance,chance,"[1.0, 1.0]","[0.5, 1.0]","[0.5, 1.0]","[0.5, 1.0]","[0.375, 0.0]","[0.625, 0.0]",[[0]],[[1]],[[2]],"(0, 12)","(12, 21)","(12, 21)",{},{},{},"['A', 'B']",[],[],0,0,3,2,4,2,A,,,,,,,B,,,,,"{'rtype': 'select-node', 'rtimedn': 31.466, 'rtimeup': 31.466}",,,,,,,"{'rtype': 'select-node', 'rtimedn': 181.377, 'rtimeup': 181.377}",,,,
,,16,3,5,1732656321,BDG-266-3142,TREE-1.2-0.0-0.0,"['44598db2-2243-45c1-8ba8-5a8ebaa0b042', 'dd9da256-cc2b-4fee-aed8-5760e2a6a6b9']","['participant', 'participant']","['flame', 'flower']","['hsla(231, 75%, 51%, 1.0)', 'hsla(163, 77%, 63%, 1.0)']","[[1.0, 0.2602557272242941], [0.2602557272242941, 1.0]]","{0: '', 1: 'A', 2: 'B'}",,2,after,"[True, True]","{'max': 21, 'min': 21, 'avg': 21.0, 'root': 12}","[-10, -10]","[107, 131]",sequential,chance,chance,"[1.0, 1.0]","[0.5, 1.0]","[0.5, 1.0]","[0.5, 1.0]","[0.625, 0.0]","[0.375, 0.0]",[[0]],[[1]],[[2]],"(0, 12)","(12, 21)","(12, 21)",{},{},{},"['A', 'B']",[],[],0,0,3,1,4,2,B,,,,,,,B,,,,,"{'rtype': 'select-node', 'rtimedn': 153.713, 'rtimeup': 153.713}",,,,,,,"{'rtype': 'select-node', 'rtimedn': 31.381, 'rtimeup': 31.381}",,,,
,,17,0,5,1732656336,BDG-079-1415,TREE-1.2-0.0-0.0,"['88d92231-0f23-4c09-a562-8abb7e5f32ed', 'a274c52d-824b-47fa-8f72-0edaea00d8f9']","['participant', 'participant']","['jagged-sun', 'teardrop']","['hsla(143, 83%, 61%, 1.0)', 'hsla(333, 58%, 62%, 1.0)']","[[1.0, 0.09509856153436334], [0.09509856153436334, 1.0]]","{0: '', 1: 'A', 2: 'B'}",,2,after,"[True, True]","{'max': 21, 'min': 21, 'avg': 21.0, 'root': 12}","[-10, -10]","[141, 108]",sequential,chance,chance,"[1.0, 1.0]","[0.5, 1.0]","[0.5, 1.0]","[0.5, 1.0]","[0.375, 0.0]","[0.625, 0.0]",[[0]],[[1]],[[2]],"(0, 12)","(12, 21)","(12, 21)",{},{},{},"['A', 'B']",[],[],0,0,1,4,1,5,B,,,,,,,A,,,,,"{'rtype': 'select-node', 'rtimedn': 157.231, 'rtimeup': 157.231}",,,,,,,"{'rtype': 'select-node', 'rtimedn': 164.495, 'rtimeup': 164.495}",,,,
,,17,1,5,1732656334,BDG-311-3332,TREE-1.2-0.0-0.0,"['510d16e8-9e24-4546-8797-cbdc39924d91', 'dd9da256-cc2b-4fee-aed8-5760e2a6a6b9']","['participant', 'participant']","['stop-sign', 'flower']","['hsla(268, 72%, 43%, 1.0)', 'hsla(163, 77%, 63%, 1.0)']","[[1.0, 0.18247202983484284], [0.18247202983484284, 1.0]]","{0: '', 1: 'A', 2: 'B'}",,1,after,"[True, True]","{'max': 21, 'min': 21, 'avg': 21.0, 'root': 12}","[-10, -10]","[109, 131]",sequential,chance,chance,"[1.0, 1.0]","[0.5, 1.0]","[0.5, 1.0]","[0.5, 1.0]","[0.625, 0.0]","[0.375, 0.0]",[[0]],[[1]],[[2]],"(0, 12)","(12, 21)","(12, 21)",{},{},{},"['A', 'B']",[],[],0,0,3,3,3,2,A,,,,,,,A,,,,,"{'rtype': 'select-node', 'rtimedn': 145.256, 'rtimeup': 145.256}",,,,,,,"{'rtype': 'select-node', 'rtimedn': 32.582, 'rtimeup': 32.582}",,,,
,,17,2,5,1732656334,BDG-109-1525,TREE-1.2-0.0-0.0,"['8002fc3a-fd31-4553-a3d0-f9075f13995c', '8ac8c28f-01b1-4b30-a872-3c9bc96e0a06']","['participant', 'participant']","['round-square', 'round-square']","['hsla(223, 71%, 50%, 1.0)', 'hsla(101, 55%, 61%, 1.0)']","[[1.0, 0.10602024507192329], [0.10602024507192329, 1.0]]","{0: '', 1: 'A', 2: 'B'}",,2,after,"[True, True]","{'max': 21, 'min': 21, 'avg': 21.0, 'root': 12}","[-10, -10]","[140, 126]",sequential,chance,chance,"[1.0, 1.0]","[0.5, 1.0]","[0.5, 1.0]","[0.5, 1.0]","[0.625, 0.0]","[0.375, 0.0]",[[0]],[[1]],[[2]],"(0, 12)","(12, 21)","(12, 21)",{},{},{},"['A', 'B']",[],[],0,0,1,5,2,5,B,,,,,,,B,,,,,"{'rtype': 'select-node', 'rtimedn': 182.683, 'rtimeup': 182.683}",,,,,,,"{'rtype': 'select-node', 'rtimedn': 59.201, 'rtimeup': 59.201}",,,,
,,17,3,5,1732656333,BDG-031-1222,TREE-1.2-0.0-0.0,"['689ed84b-05d2-4c2b-9dff-8a53dd0f11c7', '44598db2-2243-45c1-8ba8-5a8ebaa0b042']","['participant', 'participant']","['two-triangle', 'flame']","['hsla(146, 69%, 41%, 1.0)', 'hsla(231, 75%, 51%, 1.0)']","[[1.0, 0.18247202983484284], [0.18247202983484284, 1.0]]","{0: '', 1: 'A', 2: 'B'}",,2,after,"[True, True]","{'max': 21, 'min': 21, 'avg': 21.0, 'root': 12}","[-10, -10]","[85, 107]",sequential,chance,chance,"[1.0, 1.0]","[0.5, 1.0]","[0.5, 1.0]","[0.5, 1.0]","[0.625, 0.0]","[0.375, 0.0]",[[0]],[[1]],[[2]],"(0, 12)","(12, 21)","(12, 21)",{},{},{},"['A', 'B']",[],[],0,0,1,2,2,2,B,,,,,,,B,,,,,"{'rtype': 'select-node', 'rtimedn': 32.559, 'rtimeup': 32.559}",,,,,,,"{'rtype': 'select-node', 'rtimedn': 154.925, 'rtimeup': 154.925}",,,,
,,18,0,5,1732656348,BDG-434-4325,TREE-1.2-0.0-0.0,"['8ac8c28f-01b1-4b30-a872-3c9bc96e0a06', 'a274c52d-824b-47fa-8f72-0edaea00d8f9']","['participant', 'participant']","['round-square', 'teardrop']","['hsla(101, 55%, 61%, 1.0)', 'hsla(333, 58%, 62%, 1.0)']","[[1.0, 0.229621736814065], [0.229621736814065, 1.0]]","{0: '', 1: 'A', 2: 'B'}",,2,after,"[True, True]","{'max': 21, 'min': 21, 'avg': 21.0, 'root': 12}","[-10, -10]","[126, 108]",sequential,chance,chance,"[1.0, 1.0]","[0.5, 1.0]","[0.5, 1.0]","[0.5, 1.0]","[0.375, 0.0]","[0.625, 0.0]",[[0]],[[1]],[[2]],"(0, 12)","(12, 21)","(12, 21)",{},{},{},"['A', 'B']",[],[],0,0,4,3,2,5,B,,,,,,,A,,,,,"{'rtype': 'select-node', 'rtimedn': 60.237, 'rtimeup': 60.237}",,,,,,,"{'rtype': 'select-node', 'rtimedn': 165.91, 'rtimeup': 165.91}",,,,
,,18,1,5,1732656346,BDG-511-5132,TREE-1.2-0.0-0.0,"['8002fc3a-fd31-4553-a3d0-f9075f13995c', '88d92231-0f23-4c09-a562-8abb7e5f32ed']","['participant', 'participant']","['round-square', 'jagged-sun']","['hsla(223, 71%, 50%, 1.0)', 'hsla(143, 83%, 61%, 1.0)']","[[1.0, 0.2602557272242941], [0.2602557272242941, 1.0]]","{0: '', 1: 'A', 2: 'B'}",,1,after,"[True, True]","{'max': 21, 'min': 21, 'avg': 21.0, 'root': 12}","[-10, -10]","[140, 141]",sequential,chance,chance,"[1.0, 1.0]","[0.5, 1.0]","[0.5, 1.0]","[0.5, 1.0]","[0.625, 0.0]","[0.375, 0.0]",[[0]],[[1]],[[2]],"(0, 12)","(12, 21)","(12, 21)",{},{},{},"['A', 'B']",[],[],0,0,5,1,3,2,A,,,,,,,A,,,,,"{'rtype': 'select-node', 'rtimedn': 183.984, 'rtimeup': 183.984}",,,,,,,"{'rtype': 'select-node', 'rtimedn': 158.104, 'rtimeup': 158.104}",,,,
,,18,2,5,1732656347,BDG-347-3453,TREE-1.2-0.0-0.0,"['510d16e8-9e24-4546-8797-cbdc39924d91', 'dd9da256-cc2b-4fee-aed8-5760e2a6a6b9']","['participant', 'participant']","['stop-sign', 'flower']","['hsla(268, 72%, 43%, 1.0)', 'hsla(163, 77%, 63%, 1.0)']","[[1.0, 0.18247202983484284], [0.18247202983484284, 1.0]]","{0: '', 1: 'A', 2: 'B'}",,2,after,"[True, True]","{'max': 21, 'min': 21, 'avg': 21.0, 'root': 12}","[-10, -10]","[109, 131]",sequential,chance,chance,"[1.0, 1.0]","[0.5, 1.0]","[0.5, 1.0]","[0.5, 1.0]","[0.625, 0.0]","[0.375, 0.0]",[[0]],[[1]],[[2]],"(0, 12)","(12, 21)","(12, 21)",{},{},{},"['A', 'B']",[],[],0,0,3,4,5,3,B,,,,,,,B,,,,,"{'rtype': 'select-node', 'rtimedn': 146.464, 'rtimeup': 146.464}",,,,,,,"{'rtype': 'select-node', 'rtimedn': 33.915, 'rtimeup': 33.915}",,,,
,,18,3,5,1732656348,BDG-370-3551,TREE-1.2-0.0-0.0,"['689ed84b-05d2-4c2b-9dff-8a53dd0f11c7', '44598db2-2243-45c1-8ba8-5a8ebaa0b042']","['participant', 'participant']","['two-triangle', 'flame']","['hsla(146, 69%, 41%, 1.0)', 'hsla(231, 75%, 51%, 1.0)']","[[1.0, 0.18247202983484284], [0.18247202983484284, 1.0]]","{0: '', 1: 'A', 2: 'B'}",,2,after,"[True, True]","{'max': 21, 'min': 21, 'avg': 21.0, 'root': 12}","[-10, -10]","[85, 107]",sequential,chance,chance,"[1.0, 1.0]","[0.5, 1.0]","[0.5, 1.0]","[0.5, 1.0]","[0.625, 0.0]","[0.375, 0.0]",[[0]],[[1]],[[2]],"(0, 12)","(12, 21)","(12, 21)",{},{},{},"['A', 'B']",[],[],0,0,3,5,5,1,B,,,,,,,A,,,,,"{'rtype': 'select-node', 'rtimedn': 33.854, 'rtimeup': 33.854}",,,,,,,"{'rtype': 'select-node', 'rtimedn': 156.371, 'rtimeup': 156.371}",,,,
,,19,0,5,1732656358,BDG-151-2212,TREE-1.2-0.0-0.0,"['8002fc3a-fd31-4553-a3d0-f9075f13995c', '88d92231-0f23-4c09-a562-8abb7e5f32ed']","['participant', 'participant']","['round-square', 'jagged-sun']","['hsla(223, 71%, 50%, 1.0)', 'hsla(143, 83%, 61%, 1.0)']","[[1.0, 0.2602557272242941], [0.2602557272242941, 1.0]]","{0: '', 1: 'A', 2: 'B'}",,1,after,"[True, True]","{'max': 21, 'min': 21, 'avg': 21.0, 'root': 12}","[-10, -10]","[140, 141]",sequential,chance,chance,"[1.0, 1.0]","[0.5, 1.0]","[0.5, 1.0]","[0.5, 1.0]","[0.625, 0.0]","[0.375, 0.0]",[[0]],[[1]],[[2]],"(0, 12)","(12, 21)","(12, 21)",{},{},{},"['A', 'B']",[],[],0,0,2,2,1,2,A,,,,,,,A,,,,,"{'rtype': 'select-node', 'rtimedn': 185.201, 'rtimeup': 185.201}",,,,,,,"{'rtype': 'select-node', 'rtimedn': 159.19, 'rtimeup': 159.19}",,,,
,,19,1,5,1732656359,BDG-277-3213,TREE-1.2-0.0-0.0,"['689ed84b-05d2-4c2b-9dff-8a53dd0f11c7', '510d16e8-9e24-4546-8797-cbdc39924d91']","['participant', 'participant']","['two-triangle', 'stop-sign']","['hsla(146, 69%, 41%, 1.0)', 'hsla(268, 72%, 43%, 1.0)']","[[1.0, 0.09509856153436334], [0.09509856153436334, 1.0]]","{0: '', 1: 'A', 2: 'B'}",,1,after,"[True, True]","{'max': 21, 'min': 21, 'avg': 21.0, 'root': 12}","[-10, -10]","[85, 109]",sequential,chance,chance,"[1.0, 1.0]","[0.5, 1.0]","[0.5, 1.0]","[0.5, 1.0]","[0.375, 0.0]","[0.625, 0.0]",[[0]],[[1]],[[2]],"(0, 12)","(12, 21)","(12, 21)",{},{},{},"['A', 'B']",[],[],0,0,3,2,1,3,A,,,,,,,A,,,,,"{'rtype': 'select-node', 'rtimedn': 34.988, 'rtimeup': 34.988}",,,,,,,"{'rtype': 'select-node', 'rtimedn': 147.788, 'rtimeup': 147.788}",,,,
,,19,2,5,1732656358,BDG-470-4451,TREE-1.2-0.0-0.0,"['44598db2-2243-45c1-8ba8-5a8ebaa0b042', 'dd9da256-cc2b-4fee-aed8-5760e2a6a6b9']","['participant', 'participant']","['flame', 'flower']","['hsla(231, 75%, 51%, 1.0)', 'hsla(163, 77%, 63%, 1.0)']","[[1.0, 0.2602557272242941], [0.2602557272242941, 1.0]]","{0: '', 1: 'A', 2: 'B'}",,1,after,"[True, True]","{'max': 21, 'min': 21, 'avg': 21.0, 'root': 12}","[-10, -10]","[107, 131]",sequential,chance,chance,"[1.0, 1.0]","[0.5, 1.0]","[0.5, 1.0]","[0.5, 1.0]","[0.375, 0.0]","[0.625, 0.0]",[[0]],[[1]],[[2]],"(0, 12)","(12, 21)","(12, 21)",{},{},{},"['A', 'B']",[],[],0,0,4,4,5,1,A,,,,,,,B,,,,,"{'rtype': 'select-node', 'rtimedn': 157.408, 'rtimeup': 157.408}",,,,,,,"{'rtype': 'select-node', 'rtimedn': 34.968, 'rtimeup': 34.968}",,,,
,,19,3,5,1732656360,BDG-585-5431,TREE-1.2-0.0-0.0,"['8ac8c28f-01b1-4b30-a872-3c9bc96e0a06', 'a274c52d-824b-47fa-8f72-0edaea00d8f9']","['participant', 'participant']","['round-square', 'teardrop']","['hsla(101, 55%, 61%, 1.0)', 'hsla(333, 58%, 62%, 1.0)']","[[1.0, 0.229621736814065], [0.229621736814065, 1.0]]","{0: '', 1: 'A', 2: 'B'}",,2,after,"[True, True]","{'max': 21, 'min': 21, 'avg': 21.0, 'root': 12}","[-10, -10]","[126, 108]",sequential,chance,chance,"[1.0, 1.0]","[0.5, 1.0]","[0.5, 1.0]","[0.5, 1.0]","[0.375, 0.0]","[0.625, 0.0]",[[0]],[[1]],[[2]],"(0, 12)","(12, 21)","(12, 21)",{},{},{},"['A', 'B']",[],[],0,0,5,4,3,1,B,,,,,,,A,,,,,"{'rtype': 'select-node', 'rtimedn': 61.777, 'rtimeup': 61.777}",,,,,,,"{'rtype': 'select-node', 'rtimedn': 167.195, 'rtimeup': 167.195}",,,,
,,20,0,5,1732656370,BDG-367-3543,TREE-1.2-0.0-0.0,"['510d16e8-9e24-4546-8797-cbdc39924d91', '88d92231-0f23-4c09-a562-8abb7e5f32ed']","['participant', 'participant']","['stop-sign', 'jagged-sun']","['hsla(268, 72%, 43%, 1.0)', 'hsla(143, 83%, 61%, 1.0)']","[[1.0, 0.07725093233883858], [0.07725093233883858, 1.0]]","{0: '', 1: 'A', 2: 'B'}",,2,after,"[True, True]","{'max': 21, 'min': 21, 'avg': 21.0, 'root': 12}","[-10, -10]","[109, 141]",sequential,chance,chance,"[1.0, 1.0]","[0.5, 1.0]","[0.5, 1.0]","[0.5, 1.0]","[0.375, 0.0]","[0.625, 0.0]",[[0]],[[1]],[[2]],"(0, 12)","(12, 21)","(12, 21)",{},{},{},"['A', 'B']",[],[],0,0,3,5,4,3,B,,,,,,,B,,,,,"{'rtype': 'select-node', 'rtimedn': 148.774, 'rtimeup': 148.774}",,,,,,,"{'rtype': 'select-node', 'rtimedn': 160.574, 'rtimeup': 160.574}",,,,
,,20,1,5,1732656372,BDG-077-1413,TREE-1.2-0.0-0.0,"['44598db2-2243-45c1-8ba8-5a8ebaa0b042', '8002fc3a-fd31-4553-a3d0-f9075f13995c']","['participant', 'participant']","['flame', 'round-square']","['hsla(231, 75%, 51%, 1.0)', 'hsla(223, 71%, 50%, 1.0)']","[[1.0, 0.09509856153436334], [0.09509856153436334, 1.0]]","{0: '', 1: 'A', 2: 'B'}",,1,after,"[True, True]","{'max': 21, 'min': 21, 'avg': 21.0, 'root': 12}","[-10, -10]","[107, 140]",sequential,chance,chance,"[1.0, 1.0]","[0.5, 1.0]","[0.5, 1.0]","[0.5, 1.0]","[0.625, 0.0]","[0.375, 0.0]",[[0]],[[1]],[[2]],"(0, 12)","(12, 21)","(12, 21)",{},{},{},"['A', 'B']",[],[],0,0,1,4,1,3,A,,,,,,,A,,,,,"{'rtype': 'select-node', 'rtimedn': 158.809, 'rtimeup': 158.809}",,,,,,,"{'rtype': 'select-node', 'rtimedn': 186.586, 'rtimeup': 186.586}",,,,
,,20,2,5,1732656370,BDG-114-1535,TREE-1.2-0.0-0.0,"['dd9da256-cc2b-4fee-aed8-5760e2a6a6b9', '689ed84b-05d2-4c2b-9dff-8a53dd0f11c7']","['participant', 'participant']","['flower', 'two-triangle']","['hsla(163, 77%, 63%, 1.0)', 'hsla(146, 69%, 41%, 1.0)']","[[1.0, 0.229621736814065], [0.229621736814065, 1.0]]","{0: '', 1: 'A', 2: 'B'}",,2,after,"[True, True]","{'max': 21, 'min': 21, 'avg': 21.0, 'root': 12}","[-10, -10]","[131, 85]",sequential,chance,chance,"[1.0, 1.0]","[0.5, 1.0]","[0.5, 1.0]","[0.5, 1.0]","[0.375, 0.0]","[0.625, 0.0]",[[0]],[[1]],[[2]],"(0, 12)","(12, 21)","(12, 21)",{},{},{},"['A', 'B']",[],[],0,0,1,5,3,5,B,,,,,,,A,,,,,"{'rtype': 'select-node', 'rtimedn': 36.284, 'rtimeup': 36.284}",,,,,,,"{'rtype': 'select-node', 'rtimedn': 36.361, 'rtimeup': 36.361}",,,,
,,20,3,5,1732656370,BDG-596-5452,TREE-1.2-0.0-0.0,"['8ac8c28f-01b1-4b30-a872-3c9bc96e0a06', 'a274c52d-824b-47fa-8f72-0edaea00d8f9']","['participant', 'participant']","['round-square', 'teardrop']","['hsla(101, 55%, 61%, 1.0)', 'hsla(333, 58%, 62%, 1.0)']","[[1.0, 0.229621736814065], [0.229621736814065, 1.0]]","{0: '', 1: 'A', 2: 'B'}",,2,after,"[True, True]","{'max': 21, 'min': 21, 'avg': 21.0, 'root': 12}","[-10, -10]","[126, 108]",sequential,chance,chance,"[1.0, 1.0]","[0.5, 1.0]","[0.5, 1.0]","[0.5, 1.0]","[0.625, 0.0]","[0.375, 0.0]",[[0]],[[1]],[[2]],"(0, 12)","(12, 21)","(12, 21)",{},{},{},"['A', 'B']",[],[],0,0,5,4,5,2,B,,,,,,,B,,,,,"{'rtype': 'select-node', 'rtimedn': 62.692, 'rtimeup': 62.692}",,,,,,,"{'rtype': 'select-node', 'rtimedn': 168.172, 'rtimeup': 168.172}",,,,
,,21,0,5,1732656382,BDG-262-3133,TREE-1.2-0.0-0.0,"['88d92231-0f23-4c09-a562-8abb7e5f32ed', '510d16e8-9e24-4546-8797-cbdc39924d91']","['participant', 'participant']","['jagged-sun', 'stop-sign']","['hsla(143, 83%, 61%, 1.0)', 'hsla(268, 72%, 43%, 1.0)']","[[1.0, 0.07725093233883858], [0.07725093233883858, 1.0]]","{0: '', 1: 'A', 2: 'B'}",,2,after,"[True, True]","{'max': 21, 'min': 21, 'avg': 21.0, 'root': 12}","[-10, -10]","[141, 109]",sequential,chance,chance,"[1.0, 1.0]","[0.5, 1.0]","[0.5, 1.0]","[0.5, 1.0]","[0.625, 0.0]","[0.375, 0.0]",[[0]],[[1]],[[2]],"(0, 12)","(12, 21)","(12, 21)",{},{},{},"['A', 'B']",[],[],0,0,3,1,3,3,B,,,,,,,B,,,,,"{'rtype': 'select-node', 'rtimedn': 161.647, 'rtimeup': 161.647}",,,,,,,"{'rtype': 'select-node', 'rtimedn': 150.076, 'rtimeup': 150.076}",,,,
,,21,1,5,1732656383,BDG-109-1525,TREE-1.2-0.0-0.0,"['44598db2-2243-45c1-8ba8-5a8ebaa0b042', 'dd9da256-cc2b-4fee-aed8-5760e2a6a6b9']","['participant', 'participant']","['flame', 'flower']","['hsla(231, 75%, 51%, 1.0)', 'hsla(163, 77%, 63%, 1.0)']","[[1.0, 0.2602557272242941], [0.2602557272242941, 1.0]]","{0: '', 1: 'A', 2: 'B'}",,2,after,"[True, True]","{'max': 21, 'min': 21, 'avg': 21.0, 'root': 12}","[-10, -10]","[107, 131]",sequential,chance,chance,"[1.0, 1.0]","[0.5, 1.0]","[0.5, 1.0]","[0.5, 1.0]","[0.625, 0.0]","[0.375, 0.0]",[[0]],[[1]],[[2]],"(0, 12)","(12, 21)","(12, 21)",{},{},{},"['A', 'B']",[],[],0,0,1,5,2,5,B,,,,,,,B,,,,,"{'rtype': 'select-node', 'rtimedn': 159.954, 'rtimeup': 159.954}",,,,,,,"{'rtype': 'select-node', 'rtimedn': 37.67, 'rtimeup': 37.67}",,,,
,,21,2,5,1732656383,BDG-464-4435,TREE-1.2-0.0-0.0,"['8002fc3a-fd31-4553-a3d0-f9075f13995c', '689ed84b-05d2-4c2b-9dff-8a53dd0f11c7']","['participant', 'participant']","['round-square', 'two-triangle']","['hsla(223, 71%, 50%, 1.0)', 'hsla(146, 69%, 41%, 1.0)']","[[1.0, 0.07725093233883858], [0.07725093233883858, 1.0]]","{0: '', 1: 'A', 2: 'B'}",,1,after,"[True, True]","{'max': 21, 'min': 21, 'avg': 21.0, 'root': 12}","[-10, -10]","[140, 85]",sequential,chance,chance,"[1.0, 1.0]","[0.5, 1.0]","[0.5, 1.0]","[0.5, 1.0]","[0.625, 0.0]","[0.375, 0.0]",[[0]],[[1]],[[2]],"(0, 12)","(12, 21)","(12, 21)",{},{},{},"['A', 'B']",[],[],0,0,4,4,3,5,A,,,,,,,A,,,,,"{'rtype': 'select-node', 'rtimedn': 187.71, 'rtimeup': 187.71}",,,,,,,"{'rtype': 'select-node', 'rtimedn': 37.448, 'rtimeup': 37.448}",,,,
,,21,3,5,1732656382,BDG-112-1533,TREE-1.2-0.0-0.0,"['8ac8c28f-01b1-4b30-a872-3c9bc96e0a06', 'a274c52d-824b-47fa-8f72-0edaea00d8f9']","['participant', 'participant']","['round-square', 'teardrop']","['hsla(101, 55%, 61%, 1.0)', 'hsla(333, 58%, 62%, 1.0)']","[[1.0, 0.229621736814065], [0.229621736814065, 1.0]]","{0: '', 1: 'A', 2: 'B'}",,2,after,"[True, True]","{'max': 21, 'min': 21, 'avg': 21.0, 'root': 12}","[-10, -10]","[126, 108]",sequential,chance,chance,"[1.0, 1.0]","[0.5, 1.0]","[0.5, 1.0]","[0.5, 1.0]","[0.375, 0.0]","[0.625, 0.0]",[[0]],[[1]],[[2]],"(0, 12)","(12, 21)","(12, 21)",{},{},{},"['A', 'B']",[],[],0,0,1,5,3,3,B,,,,,,,A,,,,,"{'rtype': 'select-node', 'rtimedn': 63.993, 'rtimeup': 63.993}",,,,,,,"{'rtype': 'select-node', 'rtimedn': 169.295, 'rtimeup': 169.295}",,,,
,,22,0,5,1732656395,BDG-120-1551,TREE-1.2-0.0-0.0,"['510d16e8-9e24-4546-8797-cbdc39924d91', '44598db2-2243-45c1-8ba8-5a8ebaa0b042']","['participant', 'participant']","['stop-sign', 'flame']","['hsla(268, 72%, 43%, 1.0)', 'hsla(231, 75%, 51%, 1.0)']","[[1.0, 0.10602024507192329], [0.10602024507192329, 1.0]]","{0: '', 1: 'A', 2: 'B'}",,2,after,"[True, True]","{'max': 21, 'min': 21, 'avg': 21.0, 'root': 12}","[-10, -10]","[109, 107]",sequential,chance,chance,"[1.0, 1.0]","[0.5, 1.0]","[0.5, 1.0]","[0.5, 1.0]","[0.625, 0.0]","[0.375, 0.0]",[[0]],[[1]],[[2]],"(0, 12)","(12, 21)","(12, 21)",{},{},{},"['A', 'B']",[],[],0,0,1,5,5,1,B,,,,,,,B,,,,,"{'rtype': 'select-node', 'rtimedn': 151.216, 'rtimeup': 151.216}",,,,,,,"{'rtype': 'select-node', 'rtimedn': 161.085, 'rtimeup': 161.085}",,,,
,,22,1,5,1732656393,BDG-312-3333,TREE-1.2-0.0-0.0,"['689ed84b-05d2-4c2b-9dff-8a53dd0f11c7', '8ac8c28f-01b1-4b30-a872-3c9bc96e0a06']","['participant', 'participant']","['two-triangle', 'round-square']","['hsla(146, 69%, 41%, 1.0)', 'hsla(101, 55%, 61%, 1.0)']","[[1.0, 0.2602557272242941], [0.2602557272242941, 1.0]]","{0: '', 1: 'A', 2: 'B'}",,1,after,"[True, True]","{'max': 21, 'min': 21, 'avg': 21.0, 'root': 12}","[-10, -10]","[85, 126]",sequential,chance,chance,"[1.0, 1.0]","[0.5, 1.0]","[0.5, 1.0]","[0.5, 1.0]","[0.375, 0.0]","[0.625, 0.0]",[[0]],[[1]],[[2]],"(0, 12)","(12, 21)","(12, 21)",{},{},{},"['A', 'B']",[],[],0,0,3,3,3,3,A,,,,,,,A,,,,,"{'rtype': 'select-node', 'rtimedn': 38.688, 'rtimeup': 38.688}",,,,,,,"{'rtype': 'select-node', 'rtimedn': 64.992, 'rtimeup': 64.992}",,,,
,,22,2,5,1732656396,BDG-579-5415,TREE-1.2-0.0-0.0,"['a274c52d-824b-47fa-8f72-0edaea00d8f9', '88d92231-0f23-4c09-a562-8abb7e5f32ed']","['participant', 'participant']","['teardrop', 'jagged-sun']","['hsla(333, 58%, 62%, 1.0)', 'hsla(143, 83%, 61%, 1.0)']","[[1.0, 0.09509856153436334], [0.09509856153436334, 1.0]]","{0: '', 1: 'A', 2: 'B'}",,2,after,"[True, True]","{'max': 21, 'min': 21, 'avg': 21.0, 'root': 12}","[-10, -10]","[108, 141]",sequential,chance,chance,"[1.0, 1.0]","[0.5, 1.0]","[0.5, 1.0]","[0.5, 1.0]","[0.375, 0.0]","[0.625, 0.0]",[[0]],[[1]],[[2]],"(0, 12)","(12, 21)","(12, 21)",{},{},{},"['A', 'B']",[],[],0,0,5,4,1,5,B,,,,,,,A,,,,,"{'rtype': 'select-node', 'rtimedn': 170.704, 'rtimeup': 170.704}",,,,,,,"{'rtype': 'select-node', 'rtimedn': 162.759, 'rtimeup': 162.759}",,,,
,,22,3,5,1732656394,BDG-285-3231,TREE-1.2-0.0-0.0,"['dd9da256-cc2b-4fee-aed8-5760e2a6a6b9', '8002fc3a-fd31-4553-a3d0-f9075f13995c']","['participant', 'participant']","['flower', 'round-square']","['hsla(163, 77%, 63%, 1.0)', 'hsla(223, 71%, 50%, 1.0)']","[[1.0, 0.04928076718167288], [0.04928076718167288, 1.0]]","{0: '', 1: 'A', 2: 'B'}",,1,after,"[True, True]","{'max': 21, 'min': 21, 'avg': 21.0, 'root': 12}","[-10, -10]","[131, 140]",sequential,chance,chance,"[1.0, 1.0]","[0.5, 1.0]","[0.5, 1.0]","[0.5, 1.0]","[0.375, 0.0]","[0.625, 0.0]",[[0]],[[1]],[[2]],"(0, 12)","(12, 21)","(12, 21)",{},{},{},"['A', 'B']",[],[],0,0,3,2,3,1,A,,,,,,,A,,,,,"{'rtype': 'select-node', 'rtimedn': 38.798, 'rtimeup': 38.798}",,,,,,,"{'rtype': 'select-node', 'rtimedn': 188.823, 'rtimeup': 188.823}",,,,
,,23,0,5,1732656406,BDG-259-3125,TREE-1.2-0.0-0.0,"['8ac8c28f-01b1-4b30-a872-3c9bc96e0a06', '689ed84b-05d2-4c2b-9dff-8a53dd0f11c7']","['participant', 'participant']","['round-square', 'two-triangle']","['hsla(101, 55%, 61%, 1.0)', 'hsla(146, 69%, 41%, 1.0)']","[[1.0, 0.2602557272242941], [0.2602557272242941, 1.0]]","{0: '', 1: 'A', 2: 'B'}",,1,after,"[True, True]","{'max': 21, 'min': 21, 'avg': 21.0, 'root': 12}","[-10, -10]","[126, 85]",sequential,chance,chance,"[1.0, 1.0]","[0.5, 1.0]","[0.5, 1.0]","[0.5, 1.0]","[0.625, 0.0]","[0.375, 0.0]",[[0]],[[1]],[[2]],"(0, 12)","(12, 21)","(12, 21)",{},{},{},"['A', 'B']",[],[],0,0,3,1,2,5,A,,,,,,,A,,,,,"{'rtype': 'select-node', 'rtimedn': 66.321, 'rtimeup': 66.321}",,,,,,,"{'rtype': 'select-node', 'rtimedn': 39.99, 'rtimeup': 39.99}",,,,
,,23,1,5,1732656405,BDG-542-5243,TREE-1.2-0.0-0.0,"['88d92231-0f23-4c09-a562-8abb7e5f32ed', '44598db2-2243-45c1-8ba8-5a8ebaa0b042']","['participant', 'participant']","['jagged-sun', 'flame']","['hsla(143, 83%, 61%, 1.0)', 'hsla(231, 75%, 51%, 1.0)']","[[1.0, 0.229621736814065], [0.229621736814065, 1.0]]","{0: '', 1: 'A', 2: 'B'}",,1,after,"[True, True]","{'max': 21, 'min': 21, 'avg': 21.0, 'root': 12}","[-10, -10]","[141, 107]",sequential,chance,chance,"[1.0, 1.0]","[0.5, 1.0]","[0.5, 1.0]","[0.5, 1.0]","[0.625, 0.0]","[0.375, 0.0]",[[0]],[[1]],[[2]],"(0, 12)","(12, 21)","(12, 21)",{},{},{},"['A', 'B']",[],[],0,0,5,2,4,3,A,,,,,,,A,,,,,"{'rtype': 'select-node', 'rtimedn': 164.026, 'rtimeup': 164.026}",,,,,,,"{'rtype': 'select-node', 'rtimedn': 162.105, 'rtimeup': 162.105}",,,,
,,23,2,5,1732656406,BDG-024-1155,TREE-1.2-0.0-0.0,"['a274c52d-824b-47fa-8f72-0edaea00d8f9', '510d16e8-9e24-4546-8797-cbdc39924d91']","['participant', 'participant']","['teardrop', 'stop-sign']","['hsla(333, 58%, 62%, 1.0)', 'hsla(268, 72%, 43%, 1.0)']","[[1.0, 0.2602557272242941], [0.2602557272242941, 1.0]]","{0: '', 1: 'A', 2: 'B'}",,2,after,"[True, True]","{'max': 21, 'min': 21, 'avg': 21.0, 'root': 12}","[-10, -10]","[108, 109]",sequential,chance,chance,"[1.0, 1.0]","[0.5, 1.0]","[0.5, 1.0]","[0.5, 1.0]","[0.625, 0.0]","[0.375, 0.0]",[[0]],[[1]],[[2]],"(0, 12)","(12, 21)","(12, 21)",{},{},{},"['A', 'B']",[],[],0,0,1,1,5,5,B,,,,,,,B,,,,,"{'rtype': 'select-node', 'rtimedn': 171.713, 'rtimeup': 171.713}",,,,,,,"{'rtype': 'select-node', 'rtimedn': 152.468, 'rtimeup': 152.468}",,,,
,,23,3,5,1732656404,BDG-199-2355,TREE-1.2-0.0-0.0,"['dd9da256-cc2b-4fee-aed8-5760e2a6a6b9', '8002fc3a-fd31-4553-a3d0-f9075f13995c']","['participant', 'participant']","['flower', 'round-square']","['hsla(163, 77%, 63%, 1.0)', 'hsla(223, 71%, 50%, 1.0)']","[[1.0, 0.04928076718167288], [0.04928076718167288, 1.0]]","{0: '', 1: 'A', 2: 'B'}",,2,after,"[True, True]","{'max': 21, 'min': 21, 'avg': 21.0, 'root': 12}","[-10, -10]","[131, 140]",sequential,chance,chance,"[1.0, 1.0]","[0.5, 1.0]","[0.5, 1.0]","[0.5, 1.0]","[0.625, 0.0]","[0.375, 0.0]",[[0]],[[1]],[[2]],"(0, 12)","(12, 21)","(12, 21)",{},{},{},"['A', 'B']",[],[],0,0,2,3,5,5,B,,,,,,,B,,,,,"{'rtype': 'select-node', 'rtimedn': 39.782, 'rtimeup': 39.782}",,,,,,,"{'rtype': 'select-node', 'rtimedn': 189.82, 'rtimeup': 189.82}",,,,
,,24,0,5,1732656417,BDG-463-4434,TREE-1.2-0.0-0.0,"['510d16e8-9e24-4546-8797-cbdc39924d91', '44598db2-2243-45c1-8ba8-5a8ebaa0b042']","['participant', 'participant']","['stop-sign', 'flame']","['hsla(268, 72%, 43%, 1.0)', 'hsla(231, 75%, 51%, 1.0)']","[[1.0, 0.10602024507192329], [0.10602024507192329, 1.0]]","{0: '', 1: 'A', 2: 'B'}",,1,after,"[True, True]","{'max': 21, 'min': 21, 'avg': 21.0, 'root': 12}","[-10, -10]","[109, 107]",sequential,chance,chance,"[1.0, 1.0]","[0.5, 1.0]","[0.5, 1.0]","[0.5, 1.0]","[0.375, 0.0]","[0.625, 0.0]",[[0]],[[1]],[[2]],"(0, 12)","(12, 21)","(12, 21)",{},{},{},"['A', 'B']",[],[],0,0,4,4,3,4,A,,,,,,,A,,,,,"{'rtype': 'select-node', 'rtimedn': 153.596, 'rtimeup': 153.596}",,,,,,,"{'rtype': 'select-node', 'rtimedn': 163.205, 'rtimeup': 163.205}",,,,
,,24,1,5,1732656416,BDG-241-2542,TREE-1.2-0.0-0.0,"['689ed84b-05d2-4c2b-9dff-8a53dd0f11c7', '8002fc3a-fd31-4553-a3d0-f9075f13995c']","['participant', 'participant']","['two-triangle', 'round-square']","['hsla(146, 69%, 41%, 1.0)', 'hsla(223, 71%, 50%, 1.0)']","[[1.0, 0.07725093233883858], [0.07725093233883858, 1.0]]","{0: '', 1: 'A', 2: 'B'}",,2,after,"[True, True]","{'max': 21, 'min': 21, 'avg': 21.0, 'root': 12}","[-10, -10]","[85, 140]",sequential,chance,chance,"[1.0, 1.0]","[0.5, 1.0]","[0.5, 1.0]","[0.5, 1.0]","[0.375, 0.0]","[0.625, 0.0]",[[0]],[[1]],[[2]],"(0, 12)","(12, 21)","(12, 21)",{},{},{},"['A', 'B']",[],[],0,0,2,5,4,2,B,,,,,,,B,,,,,"{'rtype': 'select-node', 'rtimedn': 40.985, 'rtimeup': 40.985}",,,,,,,"{'rtype': 'select-node', 'rtimedn': 190.959, 'rtimeup': 190.959}",,,,
,,24,2,5,1732656419,BDG-516-5142,TREE-1.2-0.0-0.0,"['8ac8c28f-01b1-4b30-a872-3c9bc96e0a06', 'dd9da256-cc2b-4fee-aed8-5760e2a6a6b9']","['participant', 'participant']","['round-square', 'flower']","['hsla(101, 55%, 61%, 1.0)', 'hsla(163, 77%, 63%, 1.0)']","[[1.0, 0.09509856153436334], [0.09509856153436334, 1.0]]","{0: '', 1: 'A', 2: 'B'}",,1,after,"[True, True]","{'max': 21, 'min': 21, 'avg': 21.0, 'root': 12}","[-10, -10]","[126, 131]",sequential,chance,chance,"[1.0, 1.0]","[0.5, 1.0]","[0.5, 1.0]","[0.5, 1.0]","[0.625, 0.0]","[0.375, 0.0]",[[0]],[[1]],[[2]],"(0, 12)","(12, 21)","(12, 21)",{},{},{},"['A', 'B']",[],[],0,0,5,1,4,2,A,,,,,,,A,,,,,"{'rtype': 'select-node', 'rtimedn': 67.493, 'rtimeup': 67.493}",,,,,,,"{'rtype': 'select-node', 'rtimedn': 41.315, 'rtimeup': 41.315}",,,,
,,24,3,5,1732656418,BDG-552-5313,TREE-1.2-0.0-0.0,"['a274c52d-824b-47fa-8f72-0edaea00d8f9', '88d92231-0f23-4c09-a562-8abb7e5f32ed']","['participant', 'participant']","['teardrop', 'jagged-sun']","['hsla(333, 58%, 62%, 1.0)', 'hsla(143, 83%, 61%, 1.0)']","[[1.0, 0.09509856153436334], [0.09509856153436334, 1.0]]","{0: '', 1: 'A', 2: 'B'}",,1,after,"[True, True]","{'max': 21, 'min': 21, 'avg': 21.0, 'root': 12}","[-10, -10]","[108, 141]",sequential,chance,chance,"[1.0, 1.0]","[0.5, 1.0]","[0.5, 1.0]","[0.5, 1.0]","[0.375, 0.0]","[0.625, 0.0]",[[0]],[[1]],[[2]],"(0, 12)","(12, 21)","(12, 21)",{},{},{},"['A', 'B']",[],[],0,0,5,3,1,3,A,,,,,,,B,,,,,"{'rtype': 'select-node', 'rtimedn': 172.964, 'rtimeup': 172.964}",,,,,,,"{'rtype': 'select-node', 'rtimedn': 165.378, 'rtimeup': 165.378}",,,,
,,25,0,5,1732656429,BDG-606-5522,TREE-1.2-0.0-0.0,"['510d16e8-9e24-4546-8797-cbdc39924d91', '8002fc3a-fd31-4553-a3d0-f9075f13995c']","['participant', 'participant']","['stop-sign', 'round-square']","['hsla(268, 72%, 43%, 1.0)', 'hsla(223, 71%, 50%, 1.0)']","[[1.0, 0.229621736814065], [0.229621736814065, 1.0]]","{0: '', 1: 'A', 2: 'B'}",,2,after,"[True, True]","{'max': 21, 'min': 21, 'avg': 21.0, 'root': 12}","[-10, -10]","[109, 140]",sequential,chance,chance,"[1.0, 1.0]","[0.5, 1.0]","[0.5, 1.0]","[0.5, 1.0]","[0.375, 0.0]","[0.625, 0.0]",[[0]],[[1]],[[2]],"(0, 12)","(12, 21)","(12, 21)",{},{},{},"['A', 'B']",[],[],0,0,5,5,2,2,B,,,,,,,A,,,,,"{'rtype': 'select-node', 'rtimedn': 154.626, 'rtimeup': 154.626}",,,,,,,"{'rtype': 'select-node', 'rtimedn': 192.235, 'rtimeup': 192.235}",,,,
,,25,1,5,1732656433,BDG-384-4125,TREE-1.2-0.0-0.0,"['44598db2-2243-45c1-8ba8-5a8ebaa0b042', '88d92231-0f23-4c09-a562-8abb7e5f32ed']","['participant', 'participant']","['flame', 'jagged-sun']","['hsla(231, 75%, 51%, 1.0)', 'hsla(143, 83%, 61%, 1.0)']","[[1.0, 0.229621736814065], [0.229621736814065, 1.0]]","{0: '', 1: 'A', 2: 'B'}",,2,after,"[True, True]","{'max': 21, 'min': 21, 'avg': 21.0, 'root': 12}","[-10, -10]","[107, 141]",sequential,chance,chance,"[1.0, 1.0]","[0.5, 1.0]","[0.5, 1.0]","[0.5, 1.0]","[0.375, 0.0]","[0.625, 0.0]",[[0]],[[1]],[[2]],"(0, 12)","(12, 21)","(12, 21)",{},{},{},"['A', 'B']",[],[],0,0,4,1,2,5,B,,,,,,,A,,,,,"{'rtype': 'select-node', 'rtimedn': 164.925, 'rtimeup': 164.925}",,,,,,,"{'rtype': 'select-node', 'rtimedn': 166.477, 'rtimeup': 166.477}",,,,
,,25,2,5,1732656429,BDG-590-5441,TREE-1.2-0.0-0.0,"['a274c52d-824b-47fa-8f72-0edaea00d8f9', '8ac8c28f-01b1-4b30-a872-3c9bc96e0a06']","['participant', 'participant']","['teardrop', 'round-square']","['hsla(333, 58%, 62%, 1.0)', 'hsla(101, 55%, 61%, 1.0)']","[[1.0, 0.229621736814065], [0.229621736814065, 1.0]]","{0: '', 1: 'A', 2: 'B'}",,2,after,"[True, True]","{'max': 21, 'min': 21, 'avg': 21.0, 'root': 12}","[-10, -10]","[108, 126]",sequential,chance,chance,"[1.0, 1.0]","[0.5, 1.0]","[0.5, 1.0]","[0.5, 1.0]","[0.625, 0.0]","[0.375, 0.0]",[[0]],[[1]],[[2]],"(0, 12)","(12, 21)","(12, 21)",{},{},{},"['A', 'B']",[],[],0,0,5,4,4,1,B,,,,,,,A,,,,,"{'rtype': 'select-node', 'rtimedn': 174.044, 'rtimeup': 174.044}",,,,,,,"{'rtype': 'select-node', 'rtimedn': 68.742, 'rtimeup': 68.742}",,,,
,,25,3,5,1732656429,BDG-319-3345,TREE-1.2-0.0-0.0,"['dd9da256-cc2b-4fee-aed8-5760e2a6a6b9', '689ed84b-05d2-4c2b-9dff-8a53dd0f11c7']","['participant', 'participant']","['flower', 'two-triangle']","['hsla(163, 77%, 63%, 1.0)', 'hsla(146, 69%, 41%, 1.0)']","[[1.0, 0.229621736814065], [0.229621736814065, 1.0]]","{0: '', 1: 'A', 2: 'B'}",,2,after,"[True, True]","{'max': 21, 'min': 21, 'avg': 21.0, 'root': 12}","[-10, -10]","[131, 85]",sequential,chance,chance,"[1.0, 1.0]","[0.5, 1.0]","[0.5, 1.0]","[0.5, 1.0]","[0.375, 0.0]","[0.625, 0.0]",[[0]],[[1]],[[2]],"(0, 12)","(12, 21)","(12, 21)",{},{},{},"['A', 'B']",[],[],0,0,3,3,4,5,B,,,,,,,A,,,,,"{'rtype': 'select-node', 'rtimedn': 42.264, 'rtimeup': 42.264}",,,,,,,"{'rtype': 'select-node', 'rtimedn': 42.158, 'rtimeup': 42.158}",,,,
,,26,0,5,1732656444,BDG-622-5553,TREE-1.2-0.0-0.0,"['8002fc3a-fd31-4553-a3d0-f9075f13995c', '88d92231-0f23-4c09-a562-8abb7e5f32ed']","['participant', 'participant']","['round-square', 'jagged-sun']","['hsla(223, 71%, 50%, 1.0)', 'hsla(143, 83%, 61%, 1.0)']","[[1.0, 0.2602557272242941], [0.2602557272242941, 1.0]]","{0: '', 1: 'A', 2: 'B'}",,1,after,"[True, True]","{'max': 21, 'min': 21, 'avg': 21.0, 'root': 12}","[-10, -10]","[140, 141]",sequential,chance,chance,"[1.0, 1.0]","[0.5, 1.0]","[0.5, 1.0]","[0.5, 1.0]","[0.375, 0.0]","[0.625, 0.0]",[[0]],[[1]],[[2]],"(0, 12)","(12, 21)","(12, 21)",{},{},{},"['A', 'B']",[],[],0,0,5,5,5,3,A,,,,,,,B,,,,,"{'rtype': 'select-node', 'rtimedn': 193.644, 'rtimeup': 193.644}",,,,,,,"{'rtype': 'select-node', 'rtimedn': 168, 'rtimeup': 168}",,,,
,,26,1,5,1732656443,BDG-057-1323,TREE-1.2-0.0-0.0,"['44598db2-2243-45c1-8ba8-5a8ebaa0b042', 'a274c52d-824b-47fa-8f72-0edaea00d8f9']","['participant', 'participant']","['flame', 'teardrop']","['hsla(231, 75%, 51%, 1.0)', 'hsla(333, 58%, 62%, 1.0)']","[[1.0, 0.04928076718167288], [0.04928076718167288, 1.0]]","{0: '', 1: 'A', 2: 'B'}",,2,after,"[True, True]","{'max': 21, 'min': 21, 'avg': 21.0, 'root': 12}","[-10, -10]","[107, 108]",sequential,chance,chance,"[1.0, 1.0]","[0.5, 1.0]","[0.5, 1.0]","[0.5, 1.0]","[0.375, 0.0]","[0.625, 0.0]",[[0]],[[1]],[[2]],"(0, 12)","(12, 21)","(12, 21)",{},{},{},"['A', 'B']",[],[],0,0,1,3,2,3,B,,,,,,,B,,,,,"{'rtype': 'select-node', 'rtimedn': 165.917, 'rtimeup': 165.917}",,,,,,,"{'rtype': 'select-node', 'rtimedn': 175.471, 'rtimeup': 175.471}",,,,
,,26,2,5,1732656444,BDG-296-3252,TREE-1.2-0.0-0.0,"['510d16e8-9e24-4546-8797-cbdc39924d91', 'dd9da256-cc2b-4fee-aed8-5760e2a6a6b9']","['participant', 'participant']","['stop-sign', 'flower']","['hsla(268, 72%, 43%, 1.0)', 'hsla(163, 77%, 63%, 1.0)']","[[1.0, 0.18247202983484284], [0.18247202983484284, 1.0]]","{0: '', 1: 'A', 2: 'B'}",,2,after,"[True, True]","{'max': 21, 'min': 21, 'avg': 21.0, 'root': 12}","[-10, -10]","[109, 131]",sequential,chance,chance,"[1.0, 1.0]","[0.5, 1.0]","[0.5, 1.0]","[0.5, 1.0]","[0.625, 0.0]","[0.375, 0.0]",[[0]],[[1]],[[2]],"(0, 12)","(12, 21)","(12, 21)",{},{},{},"['A', 'B']",[],[],0,0,3,2,5,2,B,,,,,,,B,,,,,"{'rtype': 'select-node', 'rtimedn': 156.265, 'rtimeup': 156.265}",,,,,,,"{'rtype': 'select-node', 'rtimedn': 43.639, 'rtimeup': 43.639}",,,,
,,26,3,5,1732656441,BDG-140-2141,TREE-1.2-0.0-0.0,"['8ac8c28f-01b1-4b30-a872-3c9bc96e0a06', '689ed84b-05d2-4c2b-9dff-8a53dd0f11c7']","['participant', 'participant']","['round-square', 'two-triangle']","['hsla(101, 55%, 61%, 1.0)', 'hsla(146, 69%, 41%, 1.0)']","[[1.0, 0.2602557272242941], [0.2602557272242941, 1.0]]","{0: '', 1: 'A', 2: 'B'}",,2,after,"[True, True]","{'max': 21, 'min': 21, 'avg': 21.0, 'root': 12}","[-10, -10]","[126, 85]",sequential,chance,chance,"[1.0, 1.0]","[0.5, 1.0]","[0.5, 1.0]","[0.5, 1.0]","[0.625, 0.0]","[0.375, 0.0]",[[0]],[[1]],[[2]],"(0, 12)","(12, 21)","(12, 21)",{},{},{},"['A', 'B']",[],[],0,0,2,1,4,1,B,,,,,,,A,,,,,"{'rtype': 'select-node', 'rtimedn': 69.849, 'rtimeup': 69.849}",,,,,,,"{'rtype': 'select-node', 'rtimedn': 43.418, 'rtimeup': 43.418}",,,,
,,27,0,5,1732656455,BDG-172-2253,TREE-1.2-0.0-0.0,"['dd9da256-cc2b-4fee-aed8-5760e2a6a6b9', '8ac8c28f-01b1-4b30-a872-3c9bc96e0a06']","['participant', 'participant']","['flower', 'round-square']","['hsla(163, 77%, 63%, 1.0)', 'hsla(101, 55%, 61%, 1.0)']","[[1.0, 0.09509856153436334], [0.09509856153436334, 1.0]]","{0: '', 1: 'A', 2: 'B'}",,2,after,"[True, True]","{'max': 21, 'min': 21, 'avg': 21.0, 'root': 12}","[-10, -10]","[131, 126]",sequential,chance,chance,"[1.0, 1.0]","[0.5, 1.0]","[0.5, 1.0]","[0.5, 1.0]","[0.375, 0.0]","[0.625, 0.0]",[[0]],[[1]],[[2]],"(0, 12)","(12, 21)","(12, 21)",{},{},{},"['A', 'B']",[],[],0,0,2,2,5,3,B,,,,,,,B,,,,,"{'rtype': 'select-node', 'rtimedn': 44.628, 'rtimeup': 44.628}",,,,,,,"{'rtype': 'select-node', 'rtimedn': 71.255, 'rtimeup': 71.255}",,,,
,,27,1,5,1732656457,BDG-082-1423,TREE-1.2-0.0-0.0,"['44598db2-2243-45c1-8ba8-5a8ebaa0b042', '510d16e8-9e24-4546-8797-cbdc39924d91']","['participant', 'participant']","['flame', 'stop-sign']","['hsla(231, 75%, 51%, 1.0)', 'hsla(268, 72%, 43%, 1.0)']","[[1.0, 0.10602024507192329], [0.10602024507192329, 1.0]]","{0: '', 1: 'A', 2: 'B'}",,1,after,"[True, True]","{'max': 21, 'min': 21, 'avg': 21.0, 'root': 12}","[-10, -10]","[107, 109]",sequential,chance,chance,"[1.0, 1.0]","[0.5, 1.0]","[0.5, 1.0]","[0.5, 1.0]","[0.625, 0.0]","[0.375, 0.0]",[[0]],[[1]],[[2]],"(0, 12)","(12, 21)","(12, 21)",{},{},{},"['A', 'B']",[],[],0,0,1,4,2,3,A,,,,,,,A,,,,,"{'rtype': 'select-node', 'rtimedn': 167.313, 'rtimeup': 167.313}",,,,,,,"{'rtype': 'select-node', 'rtimedn': 157.484, 'rtimeup': 157.484}",,,,
,,27,2,5,1732656455,BDG-496-4552,TREE-1.2-0.0-0.0,"['88d92231-0f23-4c09-a562-8abb7e5f32ed', 'a274c52d-824b-47fa-8f72-0edaea00d8f9']","['participant', 'participant']","['jagged-sun', 'teardrop']","['hsla(143, 83%, 61%, 1.0)', 'hsla(333, 58%, 62%, 1.0)']","[[1.0, 0.09509856153436334], [0.09509856153436334, 1.0]]","{0: '', 1: 'A', 2: 'B'}",,2,after,"[True, True]","{'max': 21, 'min': 21, 'avg': 21.0, 'root': 12}","[-10, -10]","[141, 108]",sequential,chance,chance,"[1.0, 1.0]","[0.5, 1.0]","[0.5, 1.0]","[0.5, 1.0]","[0.625, 0.0]","[0.375, 0.0]",[[0]],[[1]],[[2]],"(0, 12)","(12, 21)","(12, 21)",{},{},{},"['A', 'B']",[],[],0,0,4,5,5,2,B,,,,,,,A,,,,,"{'rtype': 'select-node', 'rtimedn': 168.826, 'rtimeup': 168.826}",,,,,,,"{'rtype': 'select-node', 'rtimedn': 176.695, 'rtimeup': 176.695}",,,,
,,27,3,5,1732656455,BDG-394-4145,TREE-1.2-0.0-0.0,"['689ed84b-05d2-4c2b-9dff-8a53dd0f11c7', '8002fc3a-fd31-4553-a3d0-f9075f13995c']","['participant', 'participant']","['two-triangle', 'round-square']","['hsla(146, 69%, 41%, 1.0)', 'hsla(223, 71%, 50%, 1.0)']","[[1.0, 0.07725093233883858], [0.07725093233883858, 1.0]]","{0: '', 1: 'A', 2: 'B'}",,2,after,"[True, True]","{'max': 21, 'min': 21, 'avg': 21.0, 'root': 12}","[-10, -10]","[85, 140]",sequential,chance,chance,"[1.0, 1.0]","[0.5, 1.0]","[0.5, 1.0]","[0.5, 1.0]","[0.625, 0.0]","[0.375, 0.0]",[[0]],[[1]],[[2]],"(0, 12)","(12, 21)","(12, 21)",{},{},{},"['A', 'B']",[],[],0,0,4,1,4,5,B,,,,,,,B,,,,,"{'rtype': 'select-node', 'rtimedn': 44.617, 'rtimeup': 44.617}",,,,,,,"{'rtype': 'select-node', 'rtimedn': 194.898, 'rtimeup': 194.898}",,,,
,,28,0,5,1732656467,BDG-558-5324,TREE-1.2-0.0-0.0,"['8002fc3a-fd31-4553-a3d0-f9075f13995c', 'a274c52d-824b-47fa-8f72-0edaea00d8f9']","['participant', 'participant']","['round-square', 'teardrop']","['hsla(223, 71%, 50%, 1.0)', 'hsla(333, 58%, 62%, 1.0)']","[[1.0, 0.18247202983484284], [0.18247202983484284, 1.0]]","{0: '', 1: 'A', 2: 'B'}",,2,after,"[True, True]","{'max': 21, 'min': 21, 'avg': 21.0, 'root': 12}","[-10, -10]","[140, 108]",sequential,chance,chance,"[1.0, 1.0]","[0.5, 1.0]","[0.5, 1.0]","[0.5, 1.0]","[0.375, 0.0]","[0.625, 0.0]",[[0]],[[1]],[[2]],"(0, 12)","(12, 21)","(12, 21)",{},{},{},"['A', 'B']",[],[],0,0,5,3,2,4,B,,,,,,,A,,,,,"{'rtype': 'select-node', 'rtimedn': 195.956, 'rtimeup': 195.956}",,,,,,,"{'rtype': 'select-node', 'rtimedn': 177.874, 'rtimeup': 177.874}",,,,
,,28,1,5,1732656465,BDG-043-1244,TREE-1.2-0.0-0.0,"['510d16e8-9e24-4546-8797-cbdc39924d91', 'dd9da256-cc2b-4fee-aed8-5760e2a6a6b9']","['participant', 'participant']","['stop-sign', 'flower']","['hsla(268, 72%, 43%, 1.0)', 'hsla(163, 77%, 63%, 1.0)']","[[1.0, 0.18247202983484284], [0.18247202983484284, 1.0]]","{0: '', 1: 'A', 2: 'B'}",,2,after,"[True, True]","{'max': 21, 'min': 21, 'avg': 21.0, 'root': 12}","[-10, -10]","[109, 131]",sequential,chance,chance,"[1.0, 1.0]","[0.5, 1.0]","[0.5, 1.0]","[0.5, 1.0]","[0.625, 0.0]","[0.375, 0.0]",[[0]],[[1]],[[2]],"(0, 12)","(12, 21)","(12, 21)",{},{},{},"['A', 'B']",[],[],0,0,1,2,4,4,B,,,,,,,B,,,,,"{'rtype': 'select-node', 'rtimedn': 158.394, 'rtimeup': 158.394}",,,,,,,"{'rtype': 'select-node', 'rtimedn': 45.898, 'rtimeup': 45.898}",,,,
,,28,2,5,1732656468,BDG-179-2315,TREE-1.2-0.0-0.0,"['8ac8c28f-01b1-4b30-a872-3c9bc96e0a06', '44598db2-2243-45c1-8ba8-5a8ebaa0b042']","['participant', 'participant']","['round-square', 'flame']","['hsla(101, 55%, 61%, 1.0)', 'hsla(231, 75%, 51%, 1.0)']","[[1.0, 0.07725093233883858], [0.07725093233883858, 1.0]]","{0: '', 1: 'A', 2: 'B'}",,1,after,"[True, True]","{'max': 21, 'min': 21, 'avg': 21.0, 'root': 12}","[-10, -10]","[126, 107]",sequential,chance,chance,"[1.0, 1.0]","[0.5, 1.0]","[0.5, 1.0]","[0.5, 1.0]","[0.625, 0.0]","[0.375, 0.0]",[[0]],[[1]],[[2]],"(0, 12)","(12, 21)","(12, 21)",{},{},{},"['A', 'B']",[],[],0,0,2,3,1,5,A,,,,,,,A,,,,,"{'rtype': 'select-node', 'rtimedn': 72.479, 'rtimeup': 72.479}",,,,,,,"{'rtype': 'select-node', 'rtimedn': 168.452, 'rtimeup': 168.452}",,,,
,,28,3,5,1732656467,BDG-232-2523,TREE-1.2-0.0-0.0,"['689ed84b-05d2-4c2b-9dff-8a53dd0f11c7', '88d92231-0f23-4c09-a562-8abb7e5f32ed']","['participant', 'participant']","['two-triangle', 'jagged-sun']","['hsla(146, 69%, 41%, 1.0)', 'hsla(143, 83%, 61%, 1.0)']","[[1.0, 0.04928076718167288], [0.04928076718167288, 1.0]]","{0: '', 1: 'A', 2: 'B'}",,2,after,"[True, True]","{'max': 21, 'min': 21, 'avg': 21.0, 'root': 12}","[-10, -10]","[85, 141]",sequential,chance,chance,"[1.0, 1.0]","[0.5, 1.0]","[0.5, 1.0]","[0.5, 1.0]","[0.375, 0.0]","[0.625, 0.0]",[[0]],[[1]],[[2]],"(0, 12)","(12, 21)","(12, 21)",{},{},{},"['A', 'B']",[],[],0,0,2,5,2,3,B,,,,,,,A,,,,,"{'rtype': 'select-node', 'rtimedn': 46.04, 'rtimeup': 46.04}",,,,,,,"{'rtype': 'select-node', 'rtimedn': 170.293, 'rtimeup': 170.293}",,,,
,,29,0,5,1732656480,BDG-148-2154,TREE-1.2-0.0-0.0,"['dd9da256-cc2b-4fee-aed8-5760e2a6a6b9', '689ed84b-05d2-4c2b-9dff-8a53dd0f11c7']","['participant', 'participant']","['flower', 'two-triangle']","['hsla(163, 77%, 63%, 1.0)', 'hsla(146, 69%, 41%, 1.0)']","[[1.0, 0.229621736814065], [0.229621736814065, 1.0]]","{0: '', 1: 'A', 2: 'B'}",,2,after,"[True, True]","{'max': 21, 'min': 21, 'avg': 21.0, 'root': 12}","[-10, -10]","[131, 85]",sequential,chance,chance,"[1.0, 1.0]","[0.5, 1.0]","[0.5, 1.0]","[0.5, 1.0]","[0.625, 0.0]","[0.375, 0.0]",[[0]],[[1]],[[2]],"(0, 12)","(12, 21)","(12, 21)",{},{},{},"['A', 'B']",[],[],0,0,2,1,5,4,B,,,,,,,B,,,,,"{'rtype': 'select-node', 'rtimedn': 46.986, 'rtimeup': 46.986}",,,,,,,"{'rtype': 'select-node', 'rtimedn': 47.319, 'rtimeup': 47.319}",,,,
,,29,1,5,1732656480,BDG-415-4241,TREE-1.2-0.0-0.0,"['88d92231-0f23-4c09-a562-8abb7e5f32ed', '8002fc3a-fd31-4553-a3d0-f9075f13995c']","['participant', 'participant']","['jagged-sun', 'round-square']","['hsla(143, 83%, 61%, 1.0)', 'hsla(223, 71%, 50%, 1.0)']","[[1.0, 0.2602557272242941], [0.2602557272242941, 1.0]]","{0: '', 1: 'A', 2: 'B'}",,1,after,"[True, True]","{'max': 21, 'min': 21, 'avg': 21.0, 'root': 12}","[-10, -10]","[141, 140]",sequential,chance,chance,"[1.0, 1.0]","[0.5, 1.0]","[0.5, 1.0]","[0.5, 1.0]","[0.375, 0.0]","[0.625, 0.0]",[[0]],[[1]],[[2]],"(0, 12)","(12, 21)","(12, 21)",{},{},{},"['A', 'B']",[],[],0,0,4,2,4,1,A,,,,,,,A,,,,,"{'rtype': 'select-node', 'rtimedn': 171.302, 'rtimeup': 171.302}",,,,,,,"{'rtype': 'select-node', 'rtimedn': 197.415, 'rtimeup': 197.415}",,,,
,,29,2,5,1732656478,BDG-318-3344,TREE-1.2-0.0-0.0,"['a274c52d-824b-47fa-8f72-0edaea00d8f9', '44598db2-2243-45c1-8ba8-5a8ebaa0b042']","['participant', 'participant']","['teardrop', 'flame']","['hsla(333, 58%, 62%, 1.0)', 'hsla(231, 75%, 51%, 1.0)']","[[1.0, 0.04928076718167288], [0.04928076718167288, 1.0]]","{0: '', 1: 'A', 2: 'B'}",,1,after,"[True, True]","{'max': 21, 'min': 21, 'avg': 21.0, 'root': 12}","[-10, -10]","[108, 107]",sequential,chance,chance,"[1.0, 1.0]","[0.5, 1.0]","[0.5, 1.0]","[0.5, 1.0]","[0.375, 0.0]","[0.625, 0.0]",[[0]],[[1]],[[2]],"(0, 12)","(12, 21)","(12, 21)",{},{},{},"['A', 'B']",[],[],0,0,3,3,4,4,A,,,,,,,B,,,,,"{'rtype': 'select-node', 'rtimedn': 178.904, 'rtimeup': 178.904}",,,,,,,"{'rtype': 'select-node', 'rtimedn': 169.356, 'rtimeup': 169.356}",,,,
,,29,3,5,1732656480,BDG-239-2535,TREE-1.2-0.0-0.0,"['8ac8c28f-01b1-4b30-a872-3c9bc96e0a06', '510d16e8-9e24-4546-8797-cbdc39924d91']","['participant', 'participant']","['round-square', 'stop-sign']","['hsla(101, 55%, 61%, 1.0)', 'hsla(268, 72%, 43%, 1.0)']","[[1.0, 0.04928076718167288], [0.04928076718167288, 1.0]]","{0: '', 1: 'A', 2: 'B'}",,2,after,"[True, True]","{'max': 21, 'min': 21, 'avg': 21.0, 'root': 12}","[-10, -10]","[126, 109]",sequential,chance,chance,"[1.0, 1.0]","[0.5, 1.0]","[0.5, 1.0]","[0.5, 1.0]","[0.625, 0.0]","[0.375, 0.0]",[[0]],[[1]],[[2]],"(0, 12)","(12, 21)","(12, 21)",{},{},{},"['A', 'B']",[],[],0,0,2,5,3,5,B,,,,,,,B,,,,,"{'rtype': 'select-node', 'rtimedn': 73.452, 'rtimeup': 73.452}",,,,,,,"{'rtype': 'select-node', 'rtimedn': 159.83, 'rtimeup': 159.83}",,,,
,,30,0,5,1732656493,BDG-153-2214,TREE-1.2-0.0-0.0,"['dd9da256-cc2b-4fee-aed8-5760e2a6a6b9', '8ac8c28f-01b1-4b30-a872-3c9bc96e0a06']","['participant', 'participant']","['flower', 'round-square']","['hsla(163, 77%, 63%, 1.0)', 'hsla(101, 55%, 61%, 1.0)']","[[1.0, 0.09509856153436334], [0.09509856153436334, 1.0]]","{0: '', 1: 'A', 2: 'B'}",,1,after,"[True, True]","{'max': 21, 'min': 21, 'avg': 21.0, 'root': 12}","[-10, -10]","[131, 126]",sequential,chance,chance,"[1.0, 1.0]","[0.5, 1.0]","[0.5, 1.0]","[0.5, 1.0]","[0.375, 0.0]","[0.625, 0.0]",[[0]],[[1]],[[2]],"(0, 12)","(12, 21)","(12, 21)",{},{},{},"['A', 'B']",[],[],0,0,2,2,1,4,A,,,,,,,A,,,,,"{'rtype': 'select-node', 'rtimedn': 48.361, 'rtimeup': 48.361}",,,,,,,"{'rtype': 'select-node', 'rtimedn': 75.119, 'rtimeup': 75.119}",,,,
,,30,1,5,1732656489,BDG-109-1525,TREE-1.2-0.0-0.0,"['a274c52d-824b-47fa-8f72-0edaea00d8f9', '510d16e8-9e24-4546-8797-cbdc39924d91']","['participant', 'participant']","['teardrop', 'stop-sign']","['hsla(333, 58%, 62%, 1.0)', 'hsla(268, 72%, 43%, 1.0)']","[[1.0, 0.2602557272242941], [0.2602557272242941, 1.0]]","{0: '', 1: 'A', 2: 'B'}",,2,after,"[True, True]","{'max': 21, 'min': 21, 'avg': 21.0, 'root': 12}","[-10, -10]","[108, 109]",sequential,chance,chance,"[1.0, 1.0]","[0.5, 1.0]","[0.5, 1.0]","[0.5, 1.0]","[0.625, 0.0]","[0.375, 0.0]",[[0]],[[1]],[[2]],"(0, 12)","(12, 21)","(12, 21)",{},{},{},"['A', 'B']",[],[],0,0,1,5,2,5,B,,,,,,,B,,,,,"{'rtype': 'select-node', 'rtimedn': 179.958, 'rtimeup': 179.958}",,,,,,,"{'rtype': 'select-node', 'rtimedn': 160.798, 'rtimeup': 160.798}",,,,
,,30,2,5,1732656495,BDG-186-2332,TREE-1.2-0.0-0.0,"['689ed84b-05d2-4c2b-9dff-8a53dd0f11c7', '8002fc3a-fd31-4553-a3d0-f9075f13995c']","['participant', 'participant']","['two-triangle', 'round-square']","['hsla(146, 69%, 41%, 1.0)', 'hsla(223, 71%, 50%, 1.0)']","[[1.0, 0.07725093233883858], [0.07725093233883858, 1.0]]","{0: '', 1: 'A', 2: 'B'}",,2,after,"[True, True]","{'max': 21, 'min': 21, 'avg': 21.0, 'root': 12}","[-10, -10]","[85, 140]",sequential,chance,chance,"[1.0, 1.0]","[0.5, 1.0]","[0.5, 1.0]","[0.5, 1.0]","[0.625, 0.0]","[0.375, 0.0]",[[0]],[[1]],[[2]],"(0, 12)","(12, 21)","(12, 21)",{},{},{},"['A', 'B']",[],[],0,0,2,3,3,2,B,,,,,,,B,,,,,"{'rtype': None, 'rtimedn': 13, 'rtimeup': 13}",,,,,,,"{'rtype': 'select-node', 'rtimedn': 198.303, 'rtimeup': 198.303}",,,,
,,30,3,5,1732656491,BDG-129-2115,TREE-1.2-0.0-0.0,"['88d92231-0f23-4c09-a562-8abb7e5f32ed', '44598db2-2243-45c1-8ba8-5a8ebaa0b042']","['participant', 'participant']","['jagged-sun', 'flame']","['hsla(143, 83%, 61%, 1.0)', 'hsla(231, 75%, 51%, 1.0)']","[[1.0, 0.229621736814065], [0.229621736814065, 1.0]]","{0: '', 1: 'A', 2: 'B'}",,1,after,"[True, True]","{'max': 21, 'min': 21, 'avg': 21.0, 'root': 12}","[-10, -10]","[141, 107]",sequential,chance,chance,"[1.0, 1.0]","[0.5, 1.0]","[0.5, 1.0]","[0.5, 1.0]","[0.375, 0.0]","[0.625, 0.0]",[[0]],[[1]],[[2]],"(0, 12)","(12, 21)","(12, 21)",{},{},{},"['A', 'B']",[],[],0,0,2,1,1,5,A,,,,,,,A,,,,,"{'rtype': 'select-node', 'rtimedn': 172.558, 'rtimeup': 172.558}",,,,,,,"{'rtype': 'select-node', 'rtimedn': 170.692, 'rtimeup': 170.692}",,,,
,,31,0,5,1732656507,BDG-170-2251,TREE-1.2-0.0-0.0,"['44598db2-2243-45c1-8ba8-5a8ebaa0b042', 'a274c52d-824b-47fa-8f72-0edaea00d8f9']","['participant', 'participant']","['flame', 'teardrop']","['hsla(231, 75%, 51%, 1.0)', 'hsla(333, 58%, 62%, 1.0)']","[[1.0, 0.04928076718167288], [0.04928076718167288, 1.0]]","{0: '', 1: 'A', 2: 'B'}",,1,after,"[True, True]","{'max': 21, 'min': 21, 'avg': 21.0, 'root': 12}","[-10, -10]","[107, 108]",sequential,chance,chance,"[1.0, 1.0]","[0.5, 1.0]","[0.5, 1.0]","[0.5, 1.0]","[0.625, 0.0]","[0.375, 0.0]",[[0]],[[1]],[[2]],"(0, 12)","(12, 21)","(12, 21)",{},{},{},"['A', 'B']",[],[],0,0,2,2,5,1,A,,,,,,,A,,,,,"{'rtype': 'select-node', 'rtimedn': 172.28, 'rtimeup': 172.28}",,,,,,,"{'rtype': 'select-node', 'rtimedn': 181.739, 'rtimeup': 181.739}",,,,
,,31,1,5,1732656507,BDG-280-3221,TREE-1.2-0.0-0.0,"['8ac8c28f-01b1-4b30-a872-3c9bc96e0a06', '689ed84b-05d2-4c2b-9dff-8a53dd0f11c7']","['participant', 'participant']","['round-square', 'two-triangle']","['hsla(101, 55%, 61%, 1.0)', 'hsla(146, 69%, 41%, 1.0)']","[[1.0, 0.2602557272242941], [0.2602557272242941, 1.0]]","{0: '', 1: 'A', 2: 'B'}",,1,after,"[True, True]","{'max': 21, 'min': 21, 'avg': 21.0, 'root': 12}","[-10, -10]","[126, 85]",sequential,chance,chance,"[1.0, 1.0]","[0.5, 1.0]","[0.5, 1.0]","[0.5, 1.0]","[0.625, 0.0]","[0.375, 0.0]",[[0]],[[1]],[[2]],"(0, 12)","(12, 21)","(12, 21)",{},{},{},"['A', 'B']",[],[],0,0,3,2,2,1,A,,,,,,,A,,,,,"{'rtype': 'select-node', 'rtimedn': 76.162, 'rtimeup': 76.162}",,,,,,,"{'rtype': 'select-node', 'rtimedn': 50.063, 'rtimeup': 50.063}",,,,
,,31,2,5,1732656506,BDG-175-2311,TREE-1.2-0.0-0.0,"['8002fc3a-fd31-4553-a3d0-f9075f13995c', '88d92231-0f23-4c09-a562-8abb7e5f32ed']","['participant', 'participant']","['round-square', 'jagged-sun']","['hsla(223, 71%, 50%, 1.0)', 'hsla(143, 83%, 61%, 1.0)']","[[1.0, 0.2602557272242941], [0.2602557272242941, 1.0]]","{0: '', 1: 'A', 2: 'B'}",,1,after,"[True, True]","{'max': 21, 'min': 21, 'avg': 21.0, 'root': 12}","[-10, -10]","[140, 141]",sequential,chance,chance,"[1.0, 1.0]","[0.5, 1.0]","[0.5, 1.0]","[0.5, 1.0]","[0.375, 0.0]","[0.625, 0.0]",[[0]],[[1]],[[2]],"(0, 12)","(12, 21)","(12, 21)",{},{},{},"['A', 'B']",[],[],0,0,2,3,1,1,A,,,,,,,A,,,,,"{'rtype': 'select-node', 'rtimedn': 200.001, 'rtimeup': 200.001}",,,,,,,"{'rtype': 'select-node', 'rtimedn': 174.013, 'rtimeup': 174.013}",,,,
,,31,3,5,1732656507,BDG-137-2133,TREE-1.2-0.0-0.0,"['510d16e8-9e24-4546-8797-cbdc39924d91', 'dd9da256-cc2b-4fee-aed8-5760e2a6a6b9']","['participant', 'participant']","['stop-sign', 'flower']","['hsla(268, 72%, 43%, 1.0)', 'hsla(163, 77%, 63%, 1.0)']","[[1.0, 0.18247202983484284], [0.18247202983484284, 1.0]]","{0: '', 1: 'A', 2: 'B'}",,2,after,"[True, True]","{'max': 21, 'min': 21, 'avg': 21.0, 'root': 12}","[-10, -10]","[109, 131]",sequential,chance,chance,"[1.0, 1.0]","[0.5, 1.0]","[0.5, 1.0]","[0.5, 1.0]","[0.625, 0.0]","[0.375, 0.0]",[[0]],[[1]],[[2]],"(0, 12)","(12, 21)","(12, 21)",{},{},{},"['A', 'B']",[],[],0,0,2,1,3,3,B,,,,,,,B,,,,,"{'rtype': 'select-node', 'rtimedn': 162.529, 'rtimeup': 162.529}",,,,,,,"{'rtype': 'select-node', 'rtimedn': 49.908, 'rtimeup': 49.908}",,,,
,,32,0,5,1732656518,BDG-540-5241,TREE-1.2-0.0-0.0,"['689ed84b-05d2-4c2b-9dff-8a53dd0f11c7', '8ac8c28f-01b1-4b30-a872-3c9bc96e0a06']","['participant', 'participant']","['two-triangle', 'round-square']","['hsla(146, 69%, 41%, 1.0)', 'hsla(101, 55%, 61%, 1.0)']","[[1.0, 0.2602557272242941], [0.2602557272242941, 1.0]]","{0: '', 1: 'A', 2: 'B'}",,2,after,"[True, True]","{'max': 21, 'min': 21, 'avg': 21.0, 'root': 12}","[-10, -10]","[85, 126]",sequential,chance,chance,"[1.0, 1.0]","[0.5, 1.0]","[0.5, 1.0]","[0.5, 1.0]","[0.625, 0.0]","[0.375, 0.0]",[[0]],[[1]],[[2]],"(0, 12)","(12, 21)","(12, 21)",{},{},{},"['A', 'B']",[],[],0,0,5,2,4,1,B,,,,,,,A,,,,,"{'rtype': 'select-node', 'rtimedn': 50.897, 'rtimeup': 50.897}",,,,,,,"{'rtype': 'select-node', 'rtimedn': 77.633, 'rtimeup': 77.633}",,,,
,,32,1,5,1732656519,BDG-079-1415,TREE-1.2-0.0-0.0,"['510d16e8-9e24-4546-8797-cbdc39924d91', 'dd9da256-cc2b-4fee-aed8-5760e2a6a6b9']","['participant', 'participant']","['stop-sign', 'flower']","['hsla(268, 72%, 43%, 1.0)', 'hsla(163, 77%, 63%, 1.0)']","[[1.0, 0.18247202983484284], [0.18247202983484284, 1.0]]","{0: '', 1: 'A', 2: 'B'}",,2,after,"[True, True]","{'max': 21, 'min': 21, 'avg': 21.0, 'root': 12}","[-10, -10]","[109, 131]",sequential,chance,chance,"[1.0, 1.0]","[0.5, 1.0]","[0.5, 1.0]","[0.5, 1.0]","[0.375, 0.0]","[0.625, 0.0]",[[0]],[[1]],[[2]],"(0, 12)","(12, 21)","(12, 21)",{},{},{},"['A', 'B']",[],[],0,0,1,4,1,5,B,,,,,,,B,,,,,"{'rtype': 'select-node', 'rtimedn': 163.728, 'rtimeup': 163.728}",,,,,,,"{'rtype': 'select-node', 'rtimedn': 51.024, 'rtimeup': 51.024}",,,,
,,32,2,5,1732656521,BDG-252-3113,TREE-1.2-0.0-0.0,"['a274c52d-824b-47fa-8f72-0edaea00d8f9', '8002fc3a-fd31-4553-a3d0-f9075f13995c']","['participant', 'participant']","['teardrop', 'round-square']","['hsla(333, 58%, 62%, 1.0)', 'hsla(223, 71%, 50%, 1.0)']","[[1.0, 0.18247202983484284], [0.18247202983484284, 1.0]]","{0: '', 1: 'A', 2: 'B'}",,2,after,"[True, True]","{'max': 21, 'min': 21, 'avg': 21.0, 'root': 12}","[-10, -10]","[108, 140]",sequential,chance,chance,"[1.0, 1.0]","[0.5, 1.0]","[0.5, 1.0]","[0.5, 1.0]","[0.375, 0.0]","[0.625, 0.0]",[[0]],[[1]],[[2]],"(0, 12)","(12, 21)","(12, 21)",{},{},{},"['A', 'B']",[],[],0,0,3,1,1,3,B,,,,,,,A,,,,,"{'rtype': 'select-node', 'rtimedn': 183.289, 'rtimeup': 183.289}",,,,,,,"{'rtype': 'select-node', 'rtimedn': 200.941, 'rtimeup': 200.941}",,,,
,,32,3,5,1732656517,BDG-460-4431,TREE-1.2-0.0-0.0,"['44598db2-2243-45c1-8ba8-5a8ebaa0b042', '88d92231-0f23-4c09-a562-8abb7e5f32ed']","['participant', 'participant']","['flame', 'jagged-sun']","['hsla(231, 75%, 51%, 1.0)', 'hsla(143, 83%, 61%, 1.0)']","[[1.0, 0.229621736814065], [0.229621736814065, 1.0]]","{0: '', 1: 'A', 2: 'B'}",,1,after,"[True, True]","{'max': 21, 'min': 21, 'avg': 21.0, 'root': 12}","[-10, -10]","[107, 141]",sequential,chance,chance,"[1.0, 1.0]","[0.5, 1.0]","[0.5, 1.0]","[0.5, 1.0]","[0.375, 0.0]","[0.625, 0.0]",[[0]],[[1]],[[2]],"(0, 12)","(12, 21)","(12, 21)",{},{},{},"['A', 'B']",[],[],0,0,4,4,3,1,A,,,,,,,A,,,,,"{'rtype': 'select-node', 'rtimedn': 173.289, 'rtimeup': 173.289}",,,,,,,"{'rtype': 'select-node', 'rtimedn': 175.144, 'rtimeup': 175.144}",,,,
,,33,0,5,1732656533,BDG-530-5221,TREE-1.2-0.0-0.0,"['689ed84b-05d2-4c2b-9dff-8a53dd0f11c7', '44598db2-2243-45c1-8ba8-5a8ebaa0b042']","['participant', 'participant']","['two-triangle', 'flame']","['hsla(146, 69%, 41%, 1.0)', 'hsla(231, 75%, 51%, 1.0)']","[[1.0, 0.18247202983484284], [0.18247202983484284, 1.0]]","{0: '', 1: 'A', 2: 'B'}",,2,after,"[True, True]","{'max': 21, 'min': 21, 'avg': 21.0, 'root': 12}","[-10, -10]","[85, 107]",sequential,chance,chance,"[1.0, 1.0]","[0.5, 1.0]","[0.5, 1.0]","[0.5, 1.0]","[0.625, 0.0]","[0.375, 0.0]",[[0]],[[1]],[[2]],"(0, 12)","(12, 21)","(12, 21)",{},{},{},"['A', 'B']",[],[],0,0,5,2,2,1,B,,,,,,,A,,,,,"{'rtype': 'select-node', 'rtimedn': 52.625, 'rtimeup': 52.625}",,,,,,,"{'rtype': 'select-node', 'rtimedn': 174.791, 'rtimeup': 174.791}",,,,
,,33,1,5,1732656532,BDG-530-5221,TREE-1.2-0.0-0.0,"['88d92231-0f23-4c09-a562-8abb7e5f32ed', '8ac8c28f-01b1-4b30-a872-3c9bc96e0a06']","['participant', 'participant']","['jagged-sun', 'round-square']","['hsla(143, 83%, 61%, 1.0)', 'hsla(101, 55%, 61%, 1.0)']","[[1.0, 0.18247202983484284], [0.18247202983484284, 1.0]]","{0: '', 1: 'A', 2: 'B'}",,1,after,"[True, True]","{'max': 21, 'min': 21, 'avg': 21.0, 'root': 12}","[-10, -10]","[141, 126]",sequential,chance,chance,"[1.0, 1.0]","[0.5, 1.0]","[0.5, 1.0]","[0.5, 1.0]","[0.625, 0.0]","[0.375, 0.0]",[[0]],[[1]],[[2]],"(0, 12)","(12, 21)","(12, 21)",{},{},{},"['A', 'B']",[],[],0,0,5,2,2,1,A,,,,,,,A,,,,,"{'rtype': 'select-node', 'rtimedn': 176.812, 'rtimeup': 176.812}",,,,,,,"{'rtype': 'select-node', 'rtimedn': 78.846, 'rtimeup': 78.846}",,,,
,,33,2,5,1732656534,BDG-287-3233,TREE-1.2-0.0-0.0,"['a274c52d-824b-47fa-8f72-0edaea00d8f9', '510d16e8-9e24-4546-8797-cbdc39924d91']","['participant', 'participant']","['teardrop', 'stop-sign']","['hsla(333, 58%, 62%, 1.0)', 'hsla(268, 72%, 43%, 1.0)']","[[1.0, 0.2602557272242941], [0.2602557272242941, 1.0]]","{0: '', 1: 'A', 2: 'B'}",,2,after,"[True, True]","{'max': 21, 'min': 21, 'avg': 21.0, 'root': 12}","[-10, -10]","[108, 109]",sequential,chance,chance,"[1.0, 1.0]","[0.5, 1.0]","[0.5, 1.0]","[0.5, 1.0]","[0.375, 0.0]","[0.625, 0.0]",[[0]],[[1]],[[2]],"(0, 12)","(12, 21)","(12, 21)",{},{},{},"['A', 'B']",[],[],0,0,3,2,3,3,B,,,,,,,A,,,,,"{'rtype': 'select-node', 'rtimedn': 184.396, 'rtimeup': 184.396}",,,,,,,"{'rtype': 'select-node', 'rtimedn': 165.278, 'rtimeup': 165.278}",,,,
,,33,3,5,1732656532,BDG-062-1333,TREE-1.2-0.0-0.0,"['dd9da256-cc2b-4fee-aed8-5760e2a6a6b9', '8002fc3a-fd31-4553-a3d0-f9075f13995c']","['participant', 'participant']","['flower', 'round-square']","['hsla(163, 77%, 63%, 1.0)', 'hsla(223, 71%, 50%, 1.0)']","[[1.0, 0.04928076718167288], [0.04928076718167288, 1.0]]","{0: '', 1: 'A', 2: 'B'}",,2,after,"[True, True]","{'max': 21, 'min': 21, 'avg': 21.0, 'root': 12}","[-10, -10]","[131, 140]",sequential,chance,chance,"[1.0, 1.0]","[0.5, 1.0]","[0.5, 1.0]","[0.5, 1.0]","[0.375, 0.0]","[0.625, 0.0]",[[0]],[[1]],[[2]],"(0, 12)","(12, 21)","(12, 21)",{},{},{},"['A', 'B']",[],[],0,0,1,3,3,3,B,,,,,,,B,,,,,"{'rtype': 'select-node', 'rtimedn': 52.355, 'rtimeup': 52.355}",,,,,,,"{'rtype': 'select-node', 'rtimedn': 202.532, 'rtimeup': 202.532}",,,,
,,34,0,5,1732656543,BDG-273-3154,TREE-1.2-0.0-0.0,"['689ed84b-05d2-4c2b-9dff-8a53dd0f11c7', 'dd9da256-cc2b-4fee-aed8-5760e2a6a6b9']","['participant', 'participant']","['two-triangle', 'flower']","['hsla(146, 69%, 41%, 1.0)', 'hsla(163, 77%, 63%, 1.0)']","[[1.0, 0.229621736814065], [0.229621736814065, 1.0]]","{0: '', 1: 'A', 2: 'B'}",,2,after,"[True, True]","{'max': 21, 'min': 21, 'avg': 21.0, 'root': 12}","[-10, -10]","[85, 131]",sequential,chance,chance,"[1.0, 1.0]","[0.5, 1.0]","[0.5, 1.0]","[0.5, 1.0]","[0.625, 0.0]","[0.375, 0.0]",[[0]],[[1]],[[2]],"(0, 12)","(12, 21)","(12, 21)",{},{},{},"['A', 'B']",[],[],0,0,3,1,5,4,B,,,,,,,B,,,,,"{'rtype': 'select-node', 'rtimedn': 53.646, 'rtimeup': 53.646}",,,,,,,"{'rtype': 'select-node', 'rtimedn': 53.71, 'rtimeup': 53.71}",,,,
,,34,1,5,1732656545,BDG-172-2253,TREE-1.2-0.0-0.0,"['8002fc3a-fd31-4553-a3d0-f9075f13995c', '44598db2-2243-45c1-8ba8-5a8ebaa0b042']","['participant', 'participant']","['round-square', 'flame']","['hsla(223, 71%, 50%, 1.0)', 'hsla(231, 75%, 51%, 1.0)']","[[1.0, 0.09509856153436334], [0.09509856153436334, 1.0]]","{0: '', 1: 'A', 2: 'B'}",,2,after,"[True, True]","{'max': 21, 'min': 21, 'avg': 21.0, 'root': 12}","[-10, -10]","[140, 107]",sequential,chance,chance,"[1.0, 1.0]","[0.5, 1.0]","[0.5, 1.0]","[0.5, 1.0]","[0.375, 0.0]","[0.625, 0.0]",[[0]],[[1]],[[2]],"(0, 12)","(12, 21)","(12, 21)",{},{},{},"['A', 'B']",[],[],0,0,2,2,5,3,B,,,,,,,B,,,,,"{'rtype': 'select-node', 'rtimedn': 203.789, 'rtimeup': 203.789}",,,,,,,"{'rtype': 'select-node', 'rtimedn': 176.14, 'rtimeup': 176.14}",,,,
,,34,2,5,1732656547,BDG-013-1134,TREE-1.2-0.0-0.0,"['a274c52d-824b-47fa-8f72-0edaea00d8f9', '510d16e8-9e24-4546-8797-cbdc39924d91']","['participant', 'participant']","['teardrop', 'stop-sign']","['hsla(333, 58%, 62%, 1.0)', 'hsla(268, 72%, 43%, 1.0)']","[[1.0, 0.2602557272242941], [0.2602557272242941, 1.0]]","{0: '', 1: 'A', 2: 'B'}",,2,after,"[True, True]","{'max': 21, 'min': 21, 'avg': 21.0, 'root': 12}","[-10, -10]","[108, 109]",sequential,chance,chance,"[1.0, 1.0]","[0.5, 1.0]","[0.5, 1.0]","[0.5, 1.0]","[0.625, 0.0]","[0.375, 0.0]",[[0]],[[1]],[[2]],"(0, 12)","(12, 21)","(12, 21)",{},{},{},"['A', 'B']",[],[],0,0,1,1,3,4,B,,,,,,,A,,,,,"{'rtype': 'select-node', 'rtimedn': 185.447, 'rtimeup': 185.447}",,,,,,,"{'rtype': 'select-node', 'rtimedn': 166.472, 'rtimeup': 166.472}",,,,
,,34,3,5,1732656547,BDG-157-2223,TREE-1.2-0.0-0.0,"['88d92231-0f23-4c09-a562-8abb7e5f32ed', '8ac8c28f-01b1-4b30-a872-3c9bc96e0a06']","['participant', 'participant']","['jagged-sun', 'round-square']","['hsla(143, 83%, 61%, 1.0)', 'hsla(101, 55%, 61%, 1.0)']","[[1.0, 0.18247202983484284], [0.18247202983484284, 1.0]]","{0: '', 1: 'A', 2: 'B'}",,2,after,"[True, True]","{'max': 21, 'min': 21, 'avg': 21.0, 'root': 12}","[-10, -10]","[141, 126]",sequential,chance,chance,"[1.0, 1.0]","[0.5, 1.0]","[0.5, 1.0]","[0.5, 1.0]","[0.625, 0.0]","[0.375, 0.0]",[[0]],[[1]],[[2]],"(0, 12)","(12, 21)","(12, 21)",{},{},{},"['A', 'B']",[],[],0,0,2,2,2,3,B,,,,,,,B,,,,,"{'rtype': 'select-node', 'rtimedn': 177.848, 'rtimeup': 177.848}",,,,,,,"{'rtype': 'select-node', 'rtimedn': 80.458, 'rtimeup': 80.458}",,,,
,,35,0,5,1732656556,BDG-131-2122,TREE-1.2-0.0-0.0,"['88d92231-0f23-4c09-a562-8abb7e5f32ed', '8002fc3a-fd31-4553-a3d0-f9075f13995c']","['participant', 'participant']","['jagged-sun', 'round-square']","['hsla(143, 83%, 61%, 1.0)', 'hsla(223, 71%, 50%, 1.0)']","[[1.0, 0.2602557272242941], [0.2602557272242941, 1.0]]","{0: '', 1: 'A', 2: 'B'}",,2,after,"[True, True]","{'max': 21, 'min': 21, 'avg': 21.0, 'root': 12}","[-10, -10]","[141, 140]",sequential,chance,chance,"[1.0, 1.0]","[0.5, 1.0]","[0.5, 1.0]","[0.5, 1.0]","[0.625, 0.0]","[0.375, 0.0]",[[0]],[[1]],[[2]],"(0, 12)","(12, 21)","(12, 21)",{},{},{},"['A', 'B']",[],[],0,0,2,1,2,2,B,,,,,,,B,,,,,"{'rtype': 'select-node', 'rtimedn': 179.114, 'rtimeup': 179.114}",,,,,,,"{'rtype': 'select-node', 'rtimedn': 204.94, 'rtimeup': 204.94}",,,,
,,35,1,5,1732656559,BDG-507-5123,TREE-1.2-0.0-0.0,"['dd9da256-cc2b-4fee-aed8-5760e2a6a6b9', '44598db2-2243-45c1-8ba8-5a8ebaa0b042']","['participant', 'participant']","['flower', 'flame']","['hsla(163, 77%, 63%, 1.0)', 'hsla(231, 75%, 51%, 1.0)']","[[1.0, 0.2602557272242941], [0.2602557272242941, 1.0]]","{0: '', 1: 'A', 2: 'B'}",,1,after,"[True, True]","{'max': 21, 'min': 21, 'avg': 21.0, 'root': 12}","[-10, -10]","[131, 107]",sequential,chance,chance,"[1.0, 1.0]","[0.5, 1.0]","[0.5, 1.0]","[0.5, 1.0]","[0.625, 0.0]","[0.375, 0.0]",[[0]],[[1]],[[2]],"(0, 12)","(12, 21)","(12, 21)",{},{},{},"['A', 'B']",[],[],0,0,5,1,2,3,A,,,,,,,A,,,,,"{'rtype': 'select-node', 'rtimedn': 55.268, 'rtimeup': 55.268}",,,,,,,"{'rtype': 'select-node', 'rtimedn': 177.244, 'rtimeup': 177.244}",,,,
,,35,2,5,1732656557,BDG-528-5214,TREE-1.2-0.0-0.0,"['8ac8c28f-01b1-4b30-a872-3c9bc96e0a06', 'a274c52d-824b-47fa-8f72-0edaea00d8f9']","['participant', 'participant']","['round-square', 'teardrop']","['hsla(101, 55%, 61%, 1.0)', 'hsla(333, 58%, 62%, 1.0)']","[[1.0, 0.229621736814065], [0.229621736814065, 1.0]]","{0: '', 1: 'A', 2: 'B'}",,1,after,"[True, True]","{'max': 21, 'min': 21, 'avg': 21.0, 'root': 12}","[-10, -10]","[126, 108]",sequential,chance,chance,"[1.0, 1.0]","[0.5, 1.0]","[0.5, 1.0]","[0.5, 1.0]","[0.625, 0.0]","[0.375, 0.0]",[[0]],[[1]],[[2]],"(0, 12)","(12, 21)","(12, 21)",{},{},{},"['A', 'B']",[],[],0,0,5,2,1,4,A,,,,,,,A,,,,,"{'rtype': 'select-node', 'rtimedn': 81.529, 'rtimeup': 81.529}",,,,,,,"{'rtype': 'select-node', 'rtimedn': 186.899, 'rtimeup': 186.899}",,,,
,,35,3,5,1732656561,BDG-158-2224,TREE-1.2-0.0-0.0,"['510d16e8-9e24-4546-8797-cbdc39924d91', '689ed84b-05d2-4c2b-9dff-8a53dd0f11c7']","['participant', 'participant']","['stop-sign', 'two-triangle']","['hsla(268, 72%, 43%, 1.0)', 'hsla(146, 69%, 41%, 1.0)']","[[1.0, 0.09509856153436334], [0.09509856153436334, 1.0]]","{0: '', 1: 'A', 2: 'B'}",,2,after,"[True, True]","{'max': 21, 'min': 21, 'avg': 21.0, 'root': 12}","[-10, -10]","[109, 85]",sequential,chance,chance,"[1.0, 1.0]","[0.5, 1.0]","[0.5, 1.0]","[0.5, 1.0]","[0.625, 0.0]","[0.375, 0.0]",[[0]],[[1]],[[2]],"(0, 12)","(12, 21)","(12, 21)",{},{},{},"['A', 'B']",[],[],0,0,2,2,2,4,B,,,,,,,A,,,,,"{'rtype': 'select-node', 'rtimedn': 167.955, 'rtimeup': 167.955}",,,,,,,"{'rtype': 'select-node', 'rtimedn': 54.925, 'rtimeup': 54.925}",,,,
,,36,0,5,1732656572,BDG-294-3245,TREE-1.2-0.0-0.0,"['44598db2-2243-45c1-8ba8-5a8ebaa0b042', '8ac8c28f-01b1-4b30-a872-3c9bc96e0a06']","['participant', 'participant']","['flame', 'round-square']","['hsla(231, 75%, 51%, 1.0)', 'hsla(101, 55%, 61%, 1.0)']","[[1.0, 0.07725093233883858], [0.07725093233883858, 1.0]]","{0: '', 1: 'A', 2: 'B'}",,2,after,"[True, True]","{'max': 21, 'min': 21, 'avg': 21.0, 'root': 12}","[-10, -10]","[107, 126]",sequential,chance,chance,"[1.0, 1.0]","[0.5, 1.0]","[0.5, 1.0]","[0.5, 1.0]","[0.625, 0.0]","[0.375, 0.0]",[[0]],[[1]],[[2]],"(0, 12)","(12, 21)","(12, 21)",{},{},{},"['A', 'B']",[],[],0,0,3,2,4,5,B,,,,,,,B,,,,,"{'rtype': 'select-node', 'rtimedn': 178.81, 'rtimeup': 178.81}",,,,,,,"{'rtype': 'select-node', 'rtimedn': 82.796, 'rtimeup': 82.796}",,,,
,,36,1,5,1732656572,BDG-314-3335,TREE-1.2-0.0-0.0,"['8002fc3a-fd31-4553-a3d0-f9075f13995c', '510d16e8-9e24-4546-8797-cbdc39924d91']","['participant', 'participant']","['round-square', 'stop-sign']","['hsla(223, 71%, 50%, 1.0)', 'hsla(268, 72%, 43%, 1.0)']","[[1.0, 0.229621736814065], [0.229621736814065, 1.0]]","{0: '', 1: 'A', 2: 'B'}",,2,after,"[True, True]","{'max': 21, 'min': 21, 'avg': 21.0, 'root': 12}","[-10, -10]","[140, 109]",sequential,chance,chance,"[1.0, 1.0]","[0.5, 1.0]","[0.5, 1.0]","[0.5, 1.0]","[0.625, 0.0]","[0.375, 0.0]",[[0]],[[1]],[[2]],"(0, 12)","(12, 21)","(12, 21)",{},{},{},"['A', 'B']",[],[],0,0,3,3,3,5,B,,,,,,,A,,,,,"{'rtype': 'select-node', 'rtimedn': 206.279, 'rtimeup': 206.279}",,,,,,,"{'rtype': 'select-node', 'rtimedn': 169.067, 'rtimeup': 169.067}",,,,
,,36,2,5,1732656570,BDG-028-1214,TREE-1.2-0.0-0.0,"['88d92231-0f23-4c09-a562-8abb7e5f32ed', '689ed84b-05d2-4c2b-9dff-8a53dd0f11c7']","['participant', 'participant']","['jagged-sun', 'two-triangle']","['hsla(143, 83%, 61%, 1.0)', 'hsla(146, 69%, 41%, 1.0)']","[[1.0, 0.04928076718167288], [0.04928076718167288, 1.0]]","{0: '', 1: 'A', 2: 'B'}",,2,after,"[True, True]","{'max': 21, 'min': 21, 'avg': 21.0, 'root': 12}","[-10, -10]","[141, 85]",sequential,chance,chance,"[1.0, 1.0]","[0.5, 1.0]","[0.5, 1.0]","[0.5, 1.0]","[0.375, 0.0]","[0.625, 0.0]",[[0]],[[1]],[[2]],"(0, 12)","(12, 21)","(12, 21)",{},{},{},"['A', 'B']",[],[],0,0,1,2,1,4,B,,,,,,,A,,,,,"{'rtype': 'select-node', 'rtimedn': 180.629, 'rtimeup': 180.629}",,,,,,,"{'rtype': 'select-node', 'rtimedn': 56.389, 'rtimeup': 56.389}",,,,
,,36,3,5,1732656576,BDG-576-5412,TREE-1.2-0.0-0.0,"['a274c52d-824b-47fa-8f72-0edaea00d8f9', 'dd9da256-cc2b-4fee-aed8-5760e2a6a6b9']","['participant', 'participant']","['teardrop', 'flower']","['hsla(333, 58%, 62%, 1.0)', 'hsla(163, 77%, 63%, 1.0)']","[[1.0, 0.07725093233883858], [0.07725093233883858, 1.0]]","{0: '', 1: 'A', 2: 'B'}",,1,after,"[True, True]","{'max': 21, 'min': 21, 'avg': 21.0, 'root': 12}","[-10, -10]","[108, 131]",sequential,chance,chance,"[1.0, 1.0]","[0.5, 1.0]","[0.5, 1.0]","[0.5, 1.0]","[0.625, 0.0]","[0.375, 0.0]",[[0]],[[1]],[[2]],"(0, 12)","(12, 21)","(12, 21)",{},{},{},"['A', 'B']",[],[],0,0,5,4,1,2,A,,,,,,,A,,,,,"{'rtype': None, 'rtimedn': 13, 'rtimeup': 13}",,,,,,,"{'rtype': 'select-node', 'rtimedn': 56.521, 'rtimeup': 56.521}",,,,
,,37,0,5,1732656584,BDG-552-5313,TREE-1.2-0.0-0.0,"['dd9da256-cc2b-4fee-aed8-5760e2a6a6b9', 'a274c52d-824b-47fa-8f72-0edaea00d8f9']","['participant', 'participant']","['flower', 'teardrop']","['hsla(163, 77%, 63%, 1.0)', 'hsla(333, 58%, 62%, 1.0)']","[[1.0, 0.07725093233883858], [0.07725093233883858, 1.0]]","{0: '', 1: 'A', 2: 'B'}",,1,after,"[True, True]","{'max': 21, 'min': 21, 'avg': 21.0, 'root': 12}","[-10, -10]","[131, 108]",sequential,chance,chance,"[1.0, 1.0]","[0.5, 1.0]","[0.5, 1.0]","[0.5, 1.0]","[0.375, 0.0]","[0.625, 0.0]",[[0]],[[1]],[[2]],"(0, 12)","(12, 21)","(12, 21)",{},{},{},"['A', 'B']",[],[],0,0,5,3,1,3,A,,,,,,,A,,,,,"{'rtype': 'select-node', 'rtimedn': 57.729, 'rtimeup': 57.729}",,,,,,,"{'rtype': 'select-node', 'rtimedn': 189.526, 'rtimeup': 189.526}",,,,
,,37,1,5,1732656587,BDG-480-4521,TREE-1.2-0.0-0.0,"['8002fc3a-fd31-4553-a3d0-f9075f13995c', '510d16e8-9e24-4546-8797-cbdc39924d91']","['participant', 'participant']","['round-square', 'stop-sign']","['hsla(223, 71%, 50%, 1.0)', 'hsla(268, 72%, 43%, 1.0)']","[[1.0, 0.229621736814065], [0.229621736814065, 1.0]]","{0: '', 1: 'A', 2: 'B'}",,1,after,"[True, True]","{'max': 21, 'min': 21, 'avg': 21.0, 'root': 12}","[-10, -10]","[140, 109]",sequential,chance,chance,"[1.0, 1.0]","[0.5, 1.0]","[0.5, 1.0]","[0.5, 1.0]","[0.375, 0.0]","[0.625, 0.0]",[[0]],[[1]],[[2]],"(0, 12)","(12, 21)","(12, 21)",{},{},{},"['A', 'B']",[],[],0,0,4,5,2,1,A,,,,,,,A,,,,,"{'rtype': 'select-node', 'rtimedn': 207.885, 'rtimeup': 207.885}",,,,,,,"{'rtype': 'select-node', 'rtimedn': 170.558, 'rtimeup': 170.558}",,,,
,,37,2,5,1732656586,BDG-510-5131,TREE-1.2-0.0-0.0,"['44598db2-2243-45c1-8ba8-5a8ebaa0b042', '88d92231-0f23-4c09-a562-8abb7e5f32ed']","['participant', 'participant']","['flame', 'jagged-sun']","['hsla(231, 75%, 51%, 1.0)', 'hsla(143, 83%, 61%, 1.0)']","[[1.0, 0.229621736814065], [0.229621736814065, 1.0]]","{0: '', 1: 'A', 2: 'B'}",,1,after,"[True, True]","{'max': 21, 'min': 21, 'avg': 21.0, 'root': 12}","[-10, -10]","[107, 141]",sequential,chance,chance,"[1.0, 1.0]","[0.5, 1.0]","[0.5, 1.0]","[0.5, 1.0]","[0.375, 0.0]","[0.625, 0.0]",[[0]],[[1]],[[2]],"(0, 12)","(12, 21)","(12, 21)",{},{},{},"['A', 'B']",[],[],0,0,5,1,3,1,A,,,,,,,A,,,,,"{'rtype': 'select-node', 'rtimedn': 180.196, 'rtimeup': 180.196}",,,,,,,"{'rtype': 'select-node', 'rtimedn': 182.041, 'rtimeup': 182.041}",,,,
,,37,3,5,1732656585,BDG-268-3144,TREE-1.2-0.0-0.0,"['689ed84b-05d2-4c2b-9dff-8a53dd0f11c7', '8ac8c28f-01b1-4b30-a872-3c9bc96e0a06']","['participant', 'participant']","['two-triangle', 'round-square']","['hsla(146, 69%, 41%, 1.0)', 'hsla(101, 55%, 61%, 1.0)']","[[1.0, 0.2602557272242941], [0.2602557272242941, 1.0]]","{0: '', 1: 'A', 2: 'B'}",,1,after,"[True, True]","{'max': 21, 'min': 21, 'avg': 21.0, 'root': 12}","[-10, -10]","[85, 126]",sequential,chance,chance,"[1.0, 1.0]","[0.5, 1.0]","[0.5, 1.0]","[0.5, 1.0]","[0.375, 0.0]","[0.625, 0.0]",[[0]],[[1]],[[2]],"(0, 12)","(12, 21)","(12, 21)",{},{},{},"['A', 'B']",[],[],0,0,3,1,4,4,A,,,,,,,B,,,,,"{'rtype': 'select-node', 'rtimedn': 57.861, 'rtimeup': 57.861}",,,,,,,"{'rtype': 'select-node', 'rtimedn': 84.242, 'rtimeup': 84.242}",,,,
,,38,0,5,1732656597,BDG-589-5435,TREE-1.2-0.0-0.0,"['8ac8c28f-01b1-4b30-a872-3c9bc96e0a06', '510d16e8-9e24-4546-8797-cbdc39924d91']","['participant', 'participant']","['round-square', 'stop-sign']","['hsla(101, 55%, 61%, 1.0)', 'hsla(268, 72%, 43%, 1.0)']","[[1.0, 0.04928076718167288], [0.04928076718167288, 1.0]]","{0: '', 1: 'A', 2: 'B'}",,1,after,"[True, True]","{'max': 21, 'min': 21, 'avg': 21.0, 'root': 12}","[-10, -10]","[126, 109]",sequential,chance,chance,"[1.0, 1.0]","[0.5, 1.0]","[0.5, 1.0]","[0.5, 1.0]","[0.625, 0.0]","[0.375, 0.0]",[[0]],[[1]],[[2]],"(0, 12)","(12, 21)","(12, 21)",{},{},{},"['A', 'B']",[],[],0,0,5,4,3,5,A,,,,,,,A,,,,,"{'rtype': 'select-node', 'rtimedn': 85.47, 'rtimeup': 85.47}",,,,,,,"{'rtype': 'select-node', 'rtimedn': 171.604, 'rtimeup': 171.604}",,,,
,,38,1,5,1732656597,BDG-387-4133,TREE-1.2-0.0-0.0,"['dd9da256-cc2b-4fee-aed8-5760e2a6a6b9', '44598db2-2243-45c1-8ba8-5a8ebaa0b042']","['participant', 'participant']","['flower', 'flame']","['hsla(163, 77%, 63%, 1.0)', 'hsla(231, 75%, 51%, 1.0)']","[[1.0, 0.2602557272242941], [0.2602557272242941, 1.0]]","{0: '', 1: 'A', 2: 'B'}",,1,after,"[True, True]","{'max': 21, 'min': 21, 'avg': 21.0, 'root': 12}","[-10, -10]","[131, 107]",sequential,chance,chance,"[1.0, 1.0]","[0.5, 1.0]","[0.5, 1.0]","[0.5, 1.0]","[0.625, 0.0]","[0.375, 0.0]",[[0]],[[1]],[[2]],"(0, 12)","(12, 21)","(12, 21)",{},{},{},"['A', 'B']",[],[],0,0,4,1,3,3,A,,,,,,,A,,,,,"{'rtype': 'select-node', 'rtimedn': 58.845, 'rtimeup': 58.845}",,,,,,,"{'rtype': 'select-node', 'rtimedn': 181.29, 'rtimeup': 181.29}",,,,
,,38,2,5,1732656596,BDG-161-2232,TREE-1.2-0.0-0.0,"['a274c52d-824b-47fa-8f72-0edaea00d8f9', '88d92231-0f23-4c09-a562-8abb7e5f32ed']","['participant', 'participant']","['teardrop', 'jagged-sun']","['hsla(333, 58%, 62%, 1.0)', 'hsla(143, 83%, 61%, 1.0)']","[[1.0, 0.09509856153436334], [0.09509856153436334, 1.0]]","{0: '', 1: 'A', 2: 'B'}",,2,after,"[True, True]","{'max': 21, 'min': 21, 'avg': 21.0, 'root': 12}","[-10, -10]","[108, 141]",sequential,chance,chance,"[1.0, 1.0]","[0.5, 1.0]","[0.5, 1.0]","[0.5, 1.0]","[0.625, 0.0]","[0.375, 0.0]",[[0]],[[1]],[[2]],"(0, 12)","(12, 21)","(12, 21)",{},{},{},"['A', 'B']",[],[],0,0,2,2,3,2,B,,,,,,,B,,,,,"{'rtype': 'select-node', 'rtimedn': 190.676, 'rtimeup': 190.676}",,,,,,,"{'rtype': 'select-node', 'rtimedn': 183.194, 'rtimeup': 183.194}",,,,
,,38,3,5,1732656596,BDG-069-1345,TREE-1.2-0.0-0.0,"['8002fc3a-fd31-4553-a3d0-f9075f13995c', '689ed84b-05d2-4c2b-9dff-8a53dd0f11c7']","['participant', 'participant']","['round-square', 'two-triangle']","['hsla(223, 71%, 50%, 1.0)', 'hsla(146, 69%, 41%, 1.0)']","[[1.0, 0.07725093233883858], [0.07725093233883858, 1.0]]","{0: '', 1: 'A', 2: 'B'}",,2,after,"[True, True]","{'max': 21, 'min': 21, 'avg': 21.0, 'root': 12}","[-10, -10]","[140, 85]",sequential,chance,chance,"[1.0, 1.0]","[0.5, 1.0]","[0.5, 1.0]","[0.5, 1.0]","[0.375, 0.0]","[0.625, 0.0]",[[0]],[[1]],[[2]],"(0, 12)","(12, 21)","(12, 21)",{},{},{},"['A', 'B']",[],[],0,0,1,3,4,5,B,,,,,,,B,,,,,"{'rtype': 'select-node', 'rtimedn': 209.008, 'rtimeup': 209.008}",,,,,,,"{'rtype': 'select-node', 'rtimedn': 58.95, 'rtimeup': 58.95}",,,,
,,39,0,5,1732656610,BDG-338-3434,TREE-1.2-0.0-0.0,"['dd9da256-cc2b-4fee-aed8-5760e2a6a6b9', '510d16e8-9e24-4546-8797-cbdc39924d91']","['participant', 'participant']","['flower', 'stop-sign']","['hsla(163, 77%, 63%, 1.0)', 'hsla(268, 72%, 43%, 1.0)']","[[1.0, 0.18247202983484284], [0.18247202983484284, 1.0]]","{0: '', 1: 'A', 2: 'B'}",,2,after,"[True, True]","{'max': 21, 'min': 21, 'avg': 21.0, 'root': 12}","[-10, -10]","[131, 109]",sequential,chance,chance,"[1.0, 1.0]","[0.5, 1.0]","[0.5, 1.0]","[0.5, 1.0]","[0.375, 0.0]","[0.625, 0.0]",[[0]],[[1]],[[2]],"(0, 12)","(12, 21)","(12, 21)",{},{},{},"['A', 'B']",[],[],0,0,3,4,3,4,B,,,,,,,B,,,,,"{'rtype': 'select-node', 'rtimedn': 60.065, 'rtimeup': 60.065}",,,,,,,"{'rtype': 'select-node', 'rtimedn': 172.864, 'rtimeup': 172.864}",,,,
,,39,1,5,1732656607,BDG-028-1214,TREE-1.2-0.0-0.0,"['8ac8c28f-01b1-4b30-a872-3c9bc96e0a06', '689ed84b-05d2-4c2b-9dff-8a53dd0f11c7']","['participant', 'participant']","['round-square', 'two-triangle']","['hsla(101, 55%, 61%, 1.0)', 'hsla(146, 69%, 41%, 1.0)']","[[1.0, 0.2602557272242941], [0.2602557272242941, 1.0]]","{0: '', 1: 'A', 2: 'B'}",,1,after,"[True, True]","{'max': 21, 'min': 21, 'avg': 21.0, 'root': 12}","[-10, -10]","[126, 85]",sequential,chance,chance,"[1.0, 1.0]","[0.5, 1.0]","[0.5, 1.0]","[0.5, 1.0]","[0.375, 0.0]","[0.625, 0.0]",[[0]],[[1]],[[2]],"(0, 12)","(12, 21)","(12, 21)",{},{},{},"['A', 'B']",[],[],0,0,1,2,1,4,A,,,,,,,A,,,,,"{'rtype': 'select-node', 'rtimedn': 86.305, 'rtimeup': 86.305}",,,,,,,"{'rtype': 'select-node', 'rtimedn': 60.039, 'rtimeup': 60.039}",,,,
,,39,2,5,1732656609,BDG-572-5353,TREE-1.2-0.0-0.0,"['44598db2-2243-45c1-8ba8-5a8ebaa0b042', '8002fc3a-fd31-4553-a3d0-f9075f13995c']","['participant', 'participant']","['flame', 'round-square']","['hsla(231, 75%, 51%, 1.0)', 'hsla(223, 71%, 50%, 1.0)']","[[1.0, 0.09509856153436334], [0.09509856153436334, 1.0]]","{0: '', 1: 'A', 2: 'B'}",,1,after,"[True, True]","{'max': 21, 'min': 21, 'avg': 21.0, 'root': 12}","[-10, -10]","[107, 140]",sequential,chance,chance,"[1.0, 1.0]","[0.5, 1.0]","[0.5, 1.0]","[0.5, 1.0]","[0.625, 0.0]","[0.375, 0.0]",[[0]],[[1]],[[2]],"(0, 12)","(12, 21)","(12, 21)",{},{},{},"['A', 'B']",[],[],0,0,5,3,5,3,A,,,,,,,A,,,,,"{'rtype': 'select-node', 'rtimedn': 182.525, 'rtimeup': 182.525}",,,,,,,"{'rtype': 'select-node', 'rtimedn': 210.24, 'rtimeup': 210.24}",,,,
,,39,3,5,1732656606,BDG-208-2424,TREE-1.2-0.0-0.0,"['88d92231-0f23-4c09-a562-8abb7e5f32ed', 'a274c52d-824b-47fa-8f72-0edaea00d8f9']","['participant', 'participant']","['jagged-sun', 'teardrop']","['hsla(143, 83%, 61%, 1.0)', 'hsla(333, 58%, 62%, 1.0)']","[[1.0, 0.09509856153436334], [0.09509856153436334, 1.0]]","{0: '', 1: 'A', 2: 'B'}",,2,after,"[True, True]","{'max': 21, 'min': 21, 'avg': 21.0, 'root': 12}","[-10, -10]","[141, 108]",sequential,chance,chance,"[1.0, 1.0]","[0.5, 1.0]","[0.5, 1.0]","[0.5, 1.0]","[0.625, 0.0]","[0.375, 0.0]",[[0]],[[1]],[[2]],"(0, 12)","(12, 21)","(12, 21)",{},{},{},"['A', 'B']",[],[],0,0,2,4,2,4,B,,,,,,,A,,,,,"{'rtype': 'select-node', 'rtimedn': 184.225, 'rtimeup': 184.225}",,,,,,,"{'rtype': 'select-node', 'rtimedn': 191.735, 'rtimeup': 191.735}",,,,
