experiment_setting_keys,experiment_setting_values,round,room,batch,timestamp,title,tree_tag,player_uuids,player_types,avatar_shapes,avatar_colors,adjacency_matrix,idnum_label_map,perspective_of_player,final_node,tree_status,players_abdicated,durations,cumulative_payoffs_tree,cumulative_payoffs_experiment,choice_type_,choice_type_A,choice_type_B,probability_,probability_A,probability_B,positionxy_,positionxy_A,positionxy_B,info_set_,info_set_A,info_set_B,time_,time_A,time_B,beliefs_,beliefs_A,beliefs_B,options_,options_A,options_B,payoffs__p0,payoffs__p1,payoffs_A_p0,payoffs_A_p1,payoffs_B_p0,payoffs_B_p1,choice__p0,choice__p1,choice_A_p0,choice_A_p1,choice_B_p0,choice_B_p1,prediction__p0,prediction__p1,prediction_A_p0,prediction_A_p1,prediction_B_p0,prediction_B_p1,choice_data__p0,choice_data__p1,choice_data_A_p0,choice_data_A_p1,choice_data_B_p0,choice_data_B_p1,prediction_data__p0,prediction_data__p1,prediction_data_A_p0,prediction_data_A_p1,prediction_data_B_p0,prediction_data_B_p1
rounds,"{'apply': True, 'distribution_type': 'sigmoid', 'interval': [0, 200], 'coefficients': [1, 40]}",0,0,28,1733272423,BDG-561-5332,TREE-1.2-0.0-0.0,"['8f7679ce-e5f4-4d33-abb9-7aa50944662b', '338db90f-d024-4e9f-8f78-d53201679dfd']","['robot', 'participant']","['teardrop', 'jagged-sun']","['hsla(229, 89%, 51%, 1.0)', 'hsla(36, 67%, 46%, 1.0)']","[[1.0, 0.030513520218308113], [0.030513520218308113, 1.0]]","{0: '', 1: 'A', 2: 'B'}",,1,after,"[False, True]","{'max': 21, 'min': 21, 'avg': 21.0, 'root': 12}","[0, -10]","[133, 136]",sequential,chance,chance,"[1.0, 1.0]","[0.5, 1.0]","[0.5, 1.0]","[0.5, 1.0]","[0.375, 0.0]","[0.625, 0.0]",[[0]],[[1]],[[2]],"(0, 12)","(12, 21)","(12, 21)",{},{},{},"['A', 'B']",[],[],0,0,5,3,3,2,A,,,,,,,A,,,,,"{'rtype': 'a', 'rtimedn': 2.933, 'rtimeup': 3.974}",,,,,,,"{'rtype': 'select-node', 'rtimedn': 34.755, 'rtimeup': 34.755}",,,,
time_horizon,"{'apply': True, 'interval': [0, 1], 'distribution_type': 'linear', 'coefficients': [0, 1]}",0,1,28,1733272428,BDG-117-1543,TREE-1.2-0.0-0.0,"['59fa89c3-96d4-4c5b-971b-50d338762b8c', 'd6b4e2dd-f69d-4974-b77e-a4eae15dcc82']","['participant', 'participant']","['hour-glass', 'circle']","['hsla(287, 69%, 46%, 1.0)', 'hsla(68, 85%, 39%, 1.0)']","[[1.0, 0.0523443314314066], [0.0523443314314066, 1.0]]","{0: '', 1: 'A', 2: 'B'}",,1,after,"[True, True]","{'max': 21, 'min': 21, 'avg': 21.0, 'root': 12}","[-10, -10]","[117, 130]",sequential,chance,chance,"[1.0, 1.0]","[0.5, 1.0]","[0.5, 1.0]","[0.5, 1.0]","[0.375, 0.0]","[0.625, 0.0]",[[0]],[[1]],[[2]],"(0, 12)","(12, 21)","(12, 21)",{},{},{},"['A', 'B']",[],[],0,0,1,5,4,3,A,,,,,,,A,,,,,"{'rtype': 'select-node', 'rtimedn': 34.33, 'rtimeup': 34.33}",,,,,,,"{'rtype': 'select-node', 'rtimedn': 35.03, 'rtimeup': 35.03}",,,,
payoff_dimensions,"{'SSD': {'apply': True, 'distribution_type': 'uniform', 'interval': [0, 1], 'coefficients': [1, 1]}, 'OOD': {'apply': True, 'distribution_type': 'uniform', 'interval': [0, 1], 'coefficients': [1, 1]}, 'SOD': {'apply': True, 'distribution_type': 'uniform', 'interval': [0, 1], 'coefficients': [1, 1]}, 'abdication_penalty': 10, 'payoff_values': [1, 9], 'cents_per_payoff': 0}",0,2,28,1733272426,BDG-268-3144,TREE-1.2-0.0-0.0,"['f06eb4e0-8743-45fc-a756-b58e11ab2484', 'c19e100c-c620-4ed1-b9f7-aef47c913450']","['participant', 'participant']","['arrow-head', 'dodecagon']","['hsla(226, 69%, 59%, 1.0)', 'hsla(135, 67%, 60%, 1.0)']","[[1.0, 0.15306375589183824], [0.15306375589183824, 1.0]]","{0: '', 1: 'A', 2: 'B'}",,1,after,"[True, True]","{'max': 21, 'min': 21, 'avg': 21.0, 'root': 12}","[-10, -10]","[137, 144]",sequential,chance,chance,"[1.0, 1.0]","[0.5, 1.0]","[0.5, 1.0]","[0.5, 1.0]","[0.375, 0.0]","[0.625, 0.0]",[[0]],[[1]],[[2]],"(0, 12)","(12, 21)","(12, 21)",{},{},{},"['A', 'B']",[],[],0,0,3,1,4,4,A,,,,,,,B,,,,,"{'rtype': 'select-node', 'rtimedn': 32.176, 'rtimeup': 32.176}",,,,,,,"{'rtype': 'select-node', 'rtimedn': 34.554, 'rtimeup': 34.554}",,,,
players,"{'n_humans': 8, 'n_robots': 2, 'can_join_late': False, 'proportion_over_number': True, 'start_when_enough_humans': True, 'exclude_researchers': False}",0,3,28,1733272428,BDG-527-5213,TREE-1.2-0.0-0.0,"['23c1011e-9d47-4bab-a443-2d015c3a9763', '33656bfb-1891-49d7-a90d-e4e7f76ac224']","['participant', 'robot']","['teardrop', 'lemon']","['hsla(59, 87%, 49%, 1.0)', 'hsla(252, 88%, 64%, 1.0)']","[[1.0, 0.0523443314314066], [0.0523443314314066, 1.0]]","{0: '', 1: 'A', 2: 'B'}",,1,after,"[True, False]","{'max': 21, 'min': 21, 'avg': 21.0, 'root': 12}","[-10, 0]","[-15, 120]",sequential,chance,chance,"[1.0, 1.0]","[0.5, 1.0]","[0.5, 1.0]","[0.5, 1.0]","[0.625, 0.0]","[0.375, 0.0]",[[0]],[[1]],[[2]],"(0, 12)","(12, 21)","(12, 21)",{},{},{},"['A', 'B']",[],[],0,0,5,2,1,3,A,,,,,,,A,,,,,"{'rtype': 'select-node', 'rtimedn': 100.757, 'rtimeup': 100.757}",,,,,,,"{'rtype': 'a', 'rtimedn': 2.42, 'rtimeup': 4.167}",,,,
game_speed,"{'seconds_per_node': 9, 'seconds_per_descendant': 1, 'buffer_between_levels': 0}",0,4,28,1733272427,BDG-576-5412,TREE-1.2-0.0-0.0,"['fb0b0d94-beb4-4bde-a6af-f8247351d85a', '2d705077-65f3-4a05-88c1-c42d58721850']","['participant', 'participant']","['ghost', 'squash']","['hsla(196, 89%, 61%, 1.0)', 'hsla(236, 57%, 65%, 1.0)']","[[1.0, 0.0523443314314066], [0.0523443314314066, 1.0]]","{0: '', 1: 'A', 2: 'B'}",,1,after,"[True, True]","{'max': 21, 'min': 21, 'avg': 21.0, 'root': 12}","[-10, -10]","[140, 130]",sequential,chance,chance,"[1.0, 1.0]","[0.5, 1.0]","[0.5, 1.0]","[0.5, 1.0]","[0.625, 0.0]","[0.375, 0.0]",[[0]],[[1]],[[2]],"(0, 12)","(12, 21)","(12, 21)",{},{},{},"['A', 'B']",[],[],0,0,5,4,1,2,A,,,,,,,A,,,,,"{'rtype': 'select-node', 'rtimedn': 34.738, 'rtimeup': 34.738}",,,,,,,"{'rtype': 'select-node', 'rtimedn': 34.482, 'rtimeup': 34.482}",,,,
game_trees,"{'preselected': True, 'trees_list': ['BDG-000-1111', 'BDG-001-1112', 'BDG-002-1113', 'BDG-003-1114', 'BDG-004-1115', 'BDG-005-1121', 'BDG-006-1122', 'BDG-007-1123', 'BDG-008-1124', 'BDG-009-1125', 'BDG-010-1131', 'BDG-011-1132', 'BDG-012-1133', 'BDG-013-1134', 'BDG-014-1135', 'BDG-015-1141', 'BDG-016-1142', 'BDG-017-1143', 'BDG-018-1144', 'BDG-019-1145', 'BDG-020-1151', 'BDG-021-1152', 'BDG-022-1153', 'BDG-023-1154', 'BDG-024-1155', 'BDG-025-1211', 'BDG-026-1212', 'BDG-027-1213', 'BDG-028-1214', 'BDG-029-1215', 'BDG-030-1221', 'BDG-031-1222', 'BDG-032-1223', 'BDG-033-1224', 'BDG-034-1225', 'BDG-035-1231', 'BDG-036-1232', 'BDG-037-1233', 'BDG-038-1234', 'BDG-039-1235', 'BDG-040-1241', 'BDG-041-1242', 'BDG-042-1243', 'BDG-043-1244', 'BDG-044-1245', 'BDG-045-1251', 'BDG-046-1252', 'BDG-047-1253', 'BDG-048-1254', 'BDG-049-1255', 'BDG-050-1311', 'BDG-051-1312', 'BDG-052-1313', 'BDG-053-1314', 'BDG-054-1315', 'BDG-055-1321', 'BDG-056-1322', 'BDG-057-1323', 'BDG-058-1324', 'BDG-059-1325', 'BDG-060-1331', 'BDG-061-1332', 'BDG-062-1333', 'BDG-063-1334', 'BDG-064-1335', 'BDG-065-1341', 'BDG-066-1342', 'BDG-067-1343', 'BDG-068-1344', 'BDG-069-1345', 'BDG-070-1351', 'BDG-071-1352', 'BDG-072-1353', 'BDG-073-1354', 'BDG-074-1355', 'BDG-075-1411', 'BDG-076-1412', 'BDG-077-1413', 'BDG-078-1414', 'BDG-079-1415', 'BDG-080-1421', 'BDG-081-1422', 'BDG-082-1423', 'BDG-083-1424', 'BDG-084-1425', 'BDG-085-1431', 'BDG-086-1432', 'BDG-087-1433', 'BDG-088-1434', 'BDG-089-1435', 'BDG-090-1441', 'BDG-091-1442', 'BDG-092-1443', 'BDG-093-1444', 'BDG-094-1445', 'BDG-095-1451', 'BDG-096-1452', 'BDG-097-1453', 'BDG-098-1454', 'BDG-099-1455', 'BDG-100-1511', 'BDG-101-1512', 'BDG-102-1513', 'BDG-103-1514', 'BDG-104-1515', 'BDG-105-1521', 'BDG-106-1522', 'BDG-107-1523', 'BDG-108-1524', 'BDG-109-1525', 'BDG-110-1531', 'BDG-111-1532', 'BDG-112-1533', 'BDG-113-1534', 'BDG-114-1535', 'BDG-115-1541', 'BDG-116-1542', 'BDG-117-1543', 'BDG-118-1544', 'BDG-119-1545', 'BDG-120-1551', 'BDG-121-1552', 'BDG-122-1553', 'BDG-123-1554', 'BDG-124-1555', 'BDG-125-2111', 'BDG-126-2112', 'BDG-127-2113', 'BDG-128-2114', 'BDG-129-2115', 'BDG-130-2121', 'BDG-131-2122', 'BDG-132-2123', 'BDG-133-2124', 'BDG-134-2125', 'BDG-135-2131', 'BDG-136-2132', 'BDG-137-2133', 'BDG-138-2134', 'BDG-139-2135', 'BDG-140-2141', 'BDG-141-2142', 'BDG-142-2143', 'BDG-143-2144', 'BDG-144-2145', 'BDG-145-2151', 'BDG-146-2152', 'BDG-147-2153', 'BDG-148-2154', 'BDG-149-2155', 'BDG-150-2211', 'BDG-151-2212', 'BDG-152-2213', 'BDG-153-2214', 'BDG-154-2215', 'BDG-155-2221', 'BDG-156-2222', 'BDG-157-2223', 'BDG-158-2224', 'BDG-159-2225', 'BDG-160-2231', 'BDG-161-2232', 'BDG-162-2233', 'BDG-163-2234', 'BDG-164-2235', 'BDG-165-2241', 'BDG-166-2242', 'BDG-167-2243', 'BDG-168-2244', 'BDG-169-2245', 'BDG-170-2251', 'BDG-171-2252', 'BDG-172-2253', 'BDG-173-2254', 'BDG-174-2255', 'BDG-175-2311', 'BDG-176-2312', 'BDG-177-2313', 'BDG-178-2314', 'BDG-179-2315', 'BDG-180-2321', 'BDG-181-2322', 'BDG-182-2323', 'BDG-183-2324', 'BDG-184-2325', 'BDG-185-2331', 'BDG-186-2332', 'BDG-187-2333', 'BDG-188-2334', 'BDG-189-2335', 'BDG-190-2341', 'BDG-191-2342', 'BDG-192-2343', 'BDG-193-2344', 'BDG-194-2345', 'BDG-195-2351', 'BDG-196-2352', 'BDG-197-2353', 'BDG-198-2354', 'BDG-199-2355', 'BDG-200-2411', 'BDG-201-2412', 'BDG-202-2413', 'BDG-203-2414', 'BDG-204-2415', 'BDG-205-2421', 'BDG-206-2422', 'BDG-207-2423', 'BDG-208-2424', 'BDG-209-2425', 'BDG-210-2431', 'BDG-211-2432', 'BDG-212-2433', 'BDG-213-2434', 'BDG-214-2435', 'BDG-215-2441', 'BDG-216-2442', 'BDG-217-2443', 'BDG-218-2444', 'BDG-219-2445', 'BDG-220-2451', 'BDG-221-2452', 'BDG-222-2453', 'BDG-223-2454', 'BDG-224-2455', 'BDG-225-2511', 'BDG-226-2512', 'BDG-227-2513', 'BDG-228-2514', 'BDG-229-2515', 'BDG-230-2521', 'BDG-231-2522', 'BDG-232-2523', 'BDG-233-2524', 'BDG-234-2525', 'BDG-235-2531', 'BDG-236-2532', 'BDG-237-2533', 'BDG-238-2534', 'BDG-239-2535', 'BDG-240-2541', 'BDG-241-2542', 'BDG-242-2543', 'BDG-243-2544', 'BDG-244-2545', 'BDG-245-2551', 'BDG-246-2552', 'BDG-247-2553', 'BDG-248-2554', 'BDG-249-2555', 'BDG-250-3111', 'BDG-251-3112', 'BDG-252-3113', 'BDG-253-3114', 'BDG-254-3115', 'BDG-255-3121', 'BDG-256-3122', 'BDG-257-3123', 'BDG-258-3124', 'BDG-259-3125', 'BDG-260-3131', 'BDG-261-3132', 'BDG-262-3133', 'BDG-263-3134', 'BDG-264-3135', 'BDG-265-3141', 'BDG-266-3142', 'BDG-267-3143', 'BDG-268-3144', 'BDG-269-3145', 'BDG-270-3151', 'BDG-271-3152', 'BDG-272-3153', 'BDG-273-3154', 'BDG-274-3155', 'BDG-275-3211', 'BDG-276-3212', 'BDG-277-3213', 'BDG-278-3214', 'BDG-279-3215', 'BDG-280-3221', 'BDG-281-3222', 'BDG-282-3223', 'BDG-283-3224', 'BDG-284-3225', 'BDG-285-3231', 'BDG-286-3232', 'BDG-287-3233', 'BDG-288-3234', 'BDG-289-3235', 'BDG-290-3241', 'BDG-291-3242', 'BDG-292-3243', 'BDG-293-3244', 'BDG-294-3245', 'BDG-295-3251', 'BDG-296-3252', 'BDG-297-3253', 'BDG-298-3254', 'BDG-299-3255', 'BDG-300-3311', 'BDG-301-3312', 'BDG-302-3313', 'BDG-303-3314', 'BDG-304-3315', 'BDG-305-3321', 'BDG-306-3322', 'BDG-307-3323', 'BDG-308-3324', 'BDG-309-3325', 'BDG-310-3331', 'BDG-311-3332', 'BDG-312-3333', 'BDG-313-3334', 'BDG-314-3335', 'BDG-315-3341', 'BDG-316-3342', 'BDG-317-3343', 'BDG-318-3344', 'BDG-319-3345', 'BDG-320-3351', 'BDG-321-3352', 'BDG-322-3353', 'BDG-323-3354', 'BDG-324-3355', 'BDG-325-3411', 'BDG-326-3412', 'BDG-327-3413', 'BDG-328-3414', 'BDG-329-3415', 'BDG-330-3421', 'BDG-331-3422', 'BDG-332-3423', 'BDG-333-3424', 'BDG-334-3425', 'BDG-335-3431', 'BDG-336-3432', 'BDG-337-3433', 'BDG-338-3434', 'BDG-339-3435', 'BDG-340-3441', 'BDG-341-3442', 'BDG-342-3443', 'BDG-343-3444', 'BDG-344-3445', 'BDG-345-3451', 'BDG-346-3452', 'BDG-347-3453', 'BDG-348-3454', 'BDG-349-3455', 'BDG-350-3511', 'BDG-351-3512', 'BDG-352-3513', 'BDG-353-3514', 'BDG-354-3515', 'BDG-355-3521', 'BDG-356-3522', 'BDG-357-3523', 'BDG-358-3524', 'BDG-359-3525', 'BDG-360-3531', 'BDG-361-3532', 'BDG-362-3533', 'BDG-363-3534', 'BDG-364-3535', 'BDG-365-3541', 'BDG-366-3542', 'BDG-367-3543', 'BDG-368-3544', 'BDG-369-3545', 'BDG-370-3551', 'BDG-371-3552', 'BDG-372-3553', 'BDG-373-3554', 'BDG-374-3555', 'BDG-375-4111', 'BDG-376-4112', 'BDG-377-4113', 'BDG-378-4114', 'BDG-379-4115', 'BDG-380-4121', 'BDG-381-4122', 'BDG-382-4123', 'BDG-383-4124', 'BDG-384-4125', 'BDG-385-4131', 'BDG-386-4132', 'BDG-387-4133', 'BDG-388-4134', 'BDG-389-4135', 'BDG-390-4141', 'BDG-391-4142', 'BDG-392-4143', 'BDG-393-4144', 'BDG-394-4145', 'BDG-395-4151', 'BDG-396-4152', 'BDG-397-4153', 'BDG-398-4154', 'BDG-399-4155', 'BDG-400-4211', 'BDG-401-4212', 'BDG-402-4213', 'BDG-403-4214', 'BDG-404-4215', 'BDG-405-4221', 'BDG-406-4222', 'BDG-407-4223', 'BDG-408-4224', 'BDG-409-4225', 'BDG-410-4231', 'BDG-411-4232', 'BDG-412-4233', 'BDG-413-4234', 'BDG-414-4235', 'BDG-415-4241', 'BDG-416-4242', 'BDG-417-4243', 'BDG-418-4244', 'BDG-419-4245', 'BDG-420-4251', 'BDG-421-4252', 'BDG-422-4253', 'BDG-423-4254', 'BDG-424-4255', 'BDG-425-4311', 'BDG-426-4312', 'BDG-427-4313', 'BDG-428-4314', 'BDG-429-4315', 'BDG-430-4321', 'BDG-431-4322', 'BDG-432-4323', 'BDG-433-4324', 'BDG-434-4325', 'BDG-435-4331', 'BDG-436-4332', 'BDG-437-4333', 'BDG-438-4334', 'BDG-439-4335', 'BDG-440-4341', 'BDG-441-4342', 'BDG-442-4343', 'BDG-443-4344', 'BDG-444-4345', 'BDG-445-4351', 'BDG-446-4352', 'BDG-447-4353', 'BDG-448-4354', 'BDG-449-4355', 'BDG-450-4411', 'BDG-451-4412', 'BDG-452-4413', 'BDG-453-4414', 'BDG-454-4415', 'BDG-455-4421', 'BDG-456-4422', 'BDG-457-4423', 'BDG-458-4424', 'BDG-459-4425', 'BDG-460-4431', 'BDG-461-4432', 'BDG-462-4433', 'BDG-463-4434', 'BDG-464-4435', 'BDG-465-4441', 'BDG-466-4442', 'BDG-467-4443', 'BDG-468-4444', 'BDG-469-4445', 'BDG-470-4451', 'BDG-471-4452', 'BDG-472-4453', 'BDG-473-4454', 'BDG-474-4455', 'BDG-475-4511', 'BDG-476-4512', 'BDG-477-4513', 'BDG-478-4514', 'BDG-479-4515', 'BDG-480-4521', 'BDG-481-4522', 'BDG-482-4523', 'BDG-483-4524', 'BDG-484-4525', 'BDG-485-4531', 'BDG-486-4532', 'BDG-487-4533', 'BDG-488-4534', 'BDG-489-4535', 'BDG-490-4541', 'BDG-491-4542', 'BDG-492-4543', 'BDG-493-4544', 'BDG-494-4545', 'BDG-495-4551', 'BDG-496-4552', 'BDG-497-4553', 'BDG-498-4554', 'BDG-499-4555', 'BDG-500-5111', 'BDG-501-5112', 'BDG-502-5113', 'BDG-503-5114', 'BDG-504-5115', 'BDG-505-5121', 'BDG-506-5122', 'BDG-507-5123', 'BDG-508-5124', 'BDG-509-5125', 'BDG-510-5131', 'BDG-511-5132', 'BDG-512-5133', 'BDG-513-5134', 'BDG-514-5135', 'BDG-515-5141', 'BDG-516-5142', 'BDG-517-5143', 'BDG-518-5144', 'BDG-519-5145', 'BDG-520-5151', 'BDG-521-5152', 'BDG-522-5153', 'BDG-523-5154', 'BDG-524-5155', 'BDG-525-5211', 'BDG-526-5212', 'BDG-527-5213', 'BDG-528-5214', 'BDG-529-5215', 'BDG-530-5221', 'BDG-531-5222', 'BDG-532-5223', 'BDG-533-5224', 'BDG-534-5225', 'BDG-535-5231', 'BDG-536-5232', 'BDG-537-5233', 'BDG-538-5234', 'BDG-539-5235', 'BDG-540-5241', 'BDG-541-5242', 'BDG-542-5243', 'BDG-543-5244', 'BDG-544-5245', 'BDG-545-5251', 'BDG-546-5252', 'BDG-547-5253', 'BDG-548-5254', 'BDG-549-5255', 'BDG-550-5311', 'BDG-551-5312', 'BDG-552-5313', 'BDG-553-5314', 'BDG-554-5315', 'BDG-555-5321', 'BDG-556-5322', 'BDG-557-5323', 'BDG-558-5324', 'BDG-559-5325', 'BDG-560-5331', 'BDG-561-5332', 'BDG-562-5333', 'BDG-563-5334', 'BDG-564-5335', 'BDG-565-5341', 'BDG-566-5342', 'BDG-567-5343', 'BDG-568-5344', 'BDG-569-5345', 'BDG-570-5351', 'BDG-571-5352', 'BDG-572-5353', 'BDG-573-5354', 'BDG-574-5355', 'BDG-575-5411', 'BDG-576-5412', 'BDG-577-5413', 'BDG-578-5414', 'BDG-579-5415', 'BDG-580-5421', 'BDG-581-5422', 'BDG-582-5423', 'BDG-583-5424', 'BDG-584-5425', 'BDG-585-5431', 'BDG-586-5432', 'BDG-587-5433', 'BDG-588-5434', 'BDG-589-5435', 'BDG-590-5441', 'BDG-591-5442', 'BDG-592-5443', 'BDG-593-5444', 'BDG-594-5445', 'BDG-595-5451', 'BDG-596-5452', 'BDG-597-5453', 'BDG-598-5454', 'BDG-599-5455', 'BDG-600-5511', 'BDG-601-5512', 'BDG-602-5513', 'BDG-603-5514', 'BDG-604-5515', 'BDG-605-5521', 'BDG-606-5522', 'BDG-607-5523', 'BDG-608-5524', 'BDG-609-5525', 'BDG-610-5531', 'BDG-611-5532', 'BDG-612-5533', 'BDG-613-5534', 'BDG-614-5535', 'BDG-615-5541', 'BDG-616-5542', 'BDG-617-5543', 'BDG-618-5544', 'BDG-619-5545', 'BDG-620-5551', 'BDG-621-5552', 'BDG-622-5553', 'BDG-623-5554', 'BDG-624-5555']}",1,0,28,1733272437,BDG-219-2445,TREE-1.2-0.0-0.0,"['23c1011e-9d47-4bab-a443-2d015c3a9763', '338db90f-d024-4e9f-8f78-d53201679dfd']","['participant', 'participant']","['teardrop', 'jagged-sun']","['hsla(59, 87%, 49%, 1.0)', 'hsla(36, 67%, 46%, 1.0)']","[[1.0, 0.15480029769288017], [0.15480029769288017, 1.0]]","{0: '', 1: 'A', 2: 'B'}",,2,after,"[True, True]","{'max': 21, 'min': 21, 'avg': 21.0, 'root': 12}","[-10, -10]","[-15, 136]",sequential,chance,chance,"[1.0, 1.0]","[0.5, 1.0]","[0.5, 1.0]","[0.5, 1.0]","[0.375, 0.0]","[0.625, 0.0]",[[0]],[[1]],[[2]],"(0, 12)","(12, 21)","(12, 21)",{},{},{},"['A', 'B']",[],[],0,0,2,4,4,5,B,,,,,,,B,,,,,"{'rtype': 'select-node', 'rtimedn': 101.514, 'rtimeup': 101.514}",,,,,,,"{'rtype': 'select-node', 'rtimedn': 36.242, 'rtimeup': 36.242}",,,,
group_size,"{'distribution': [0, 1, 0, 0], 'apply': True}",1,1,28,1733272436,BDG-177-2313,TREE-1.2-0.0-0.0,"['c19e100c-c620-4ed1-b9f7-aef47c913450', '33656bfb-1891-49d7-a90d-e4e7f76ac224']","['participant', 'robot']","['dodecagon', 'lemon']","['hsla(135, 67%, 60%, 1.0)', 'hsla(252, 88%, 64%, 1.0)']","[[1.0, 0.030513520218308113], [0.030513520218308113, 1.0]]","{0: '', 1: 'A', 2: 'B'}",,1,after,"[True, False]","{'max': 21, 'min': 21, 'avg': 21.0, 'root': 12}","[-10, 0]","[144, 120]",sequential,chance,chance,"[1.0, 1.0]","[0.5, 1.0]","[0.5, 1.0]","[0.5, 1.0]","[0.625, 0.0]","[0.375, 0.0]",[[0]],[[1]],[[2]],"(0, 12)","(12, 21)","(12, 21)",{},{},{},"['A', 'B']",[],[],0,0,2,3,1,3,A,,,,,,,A,,,,,"{'rtype': 'select-node', 'rtimedn': 35.636, 'rtimeup': 35.636}",,,,,,,"{'rtype': 'a', 'rtimedn': 0.734, 'rtimeup': 1.2}",,,,
robots,"{'self_value': {'apply': True, 'distribution_type': 'point', 'interval': [1, 1], 'coefficients': [1, 1]}, 'other_value': {'apply': True, 'distribution_type': 'point', 'interval': [0, 0], 'coefficients': [0, 1]}, 'normal_envy': {'apply': True, 'distribution_type': 'point', 'interval': [0, 0], 'coefficients': [0, 1]}, 'reverse_envy': {'apply': True, 'distribution_type': 'point', 'interval': [0, 0], 'coefficients': [0, 1]}, 'risk_preference': {'apply': True, 'distribution_type': 'point', 'interval': [0, 0], 'coefficients': [0, 1]}, 'loss_preference': {'apply': True, 'distribution_type': 'point', 'interval': [0, 0], 'coefficients': [0, 1]}, 'reasoning_depth': {'apply': True, 'distribution_type': 'point', 'interval': [3, 3], 'coefficients': [3, 1]}, 'time_discount': {'apply': True, 'distribution_type': 'point', 'interval': [0, 0], 'coefficients': [0, 1]}, 'reaction_time': {'apply': True, 'distribution_type': 'uniform', 'interval': [0, 1], 'coefficients': [1, 1]}}",1,2,28,1733272439,BDG-039-1235,TREE-1.2-0.0-0.0,"['d6b4e2dd-f69d-4974-b77e-a4eae15dcc82', '59fa89c3-96d4-4c5b-971b-50d338762b8c']","['participant', 'participant']","['circle', 'hour-glass']","['hsla(68, 85%, 39%, 1.0)', 'hsla(287, 69%, 46%, 1.0)']","[[1.0, 0.0523443314314066], [0.0523443314314066, 1.0]]","{0: '', 1: 'A', 2: 'B'}",,2,after,"[True, True]","{'max': 21, 'min': 21, 'avg': 21.0, 'root': 12}","[-10, -10]","[130, 117]",sequential,chance,chance,"[1.0, 1.0]","[0.5, 1.0]","[0.5, 1.0]","[0.5, 1.0]","[0.375, 0.0]","[0.625, 0.0]",[[0]],[[1]],[[2]],"(0, 12)","(12, 21)","(12, 21)",{},{},{},"['A', 'B']",[],[],0,0,1,2,3,5,B,,,,,,,A,,,,,"{'rtype': 'select-node', 'rtimedn': 36.136, 'rtimeup': 36.136}",,,,,,,"{'rtype': 'select-node', 'rtimedn': 35.805, 'rtimeup': 35.805}",,,,
truthfulness,"{'apply': True, 'distribution_type': 'uniform', 'interval': [0, 1], 'coefficients': [1, 1]}",1,3,28,1733272437,BDG-391-4142,TREE-1.2-0.0-0.0,"['f06eb4e0-8743-45fc-a756-b58e11ab2484', '8f7679ce-e5f4-4d33-abb9-7aa50944662b']","['participant', 'robot']","['arrow-head', 'teardrop']","['hsla(226, 69%, 59%, 1.0)', 'hsla(229, 89%, 51%, 1.0)']","[[1.0, 0.19573306871743984], [0.19573306871743984, 1.0]]","{0: '', 1: 'A', 2: 'B'}",,2,after,"[True, False]","{'max': 21, 'min': 21, 'avg': 21.0, 'root': 12}","[-10, 0]","[137, 133]",sequential,chance,chance,"[1.0, 1.0]","[0.5, 1.0]","[0.5, 1.0]","[0.5, 1.0]","[0.625, 0.0]","[0.375, 0.0]",[[0]],[[1]],[[2]],"(0, 12)","(12, 21)","(12, 21)",{},{},{},"['A', 'B']",[],[],0,0,4,1,4,2,B,,,,,,,B,,,,,"{'rtype': 'select-node', 'rtimedn': 33.838, 'rtimeup': 33.838}",,,,,,,"{'rtype': 'd', 'rtimedn': 0.757, 'rtimeup': 3.618}",,,,
complexity,"{'apply': True, 'distribution_type': 'uniform', 'interval': [0, 1], 'coefficients': [1, 1]}",1,4,28,1733272439,BDG-420-4251,TREE-1.2-0.0-0.0,"['fb0b0d94-beb4-4bde-a6af-f8247351d85a', '2d705077-65f3-4a05-88c1-c42d58721850']","['participant', 'participant']","['ghost', 'squash']","['hsla(196, 89%, 61%, 1.0)', 'hsla(236, 57%, 65%, 1.0)']","[[1.0, 0.0523443314314066], [0.0523443314314066, 1.0]]","{0: '', 1: 'A', 2: 'B'}",,2,after,"[True, True]","{'max': 21, 'min': 21, 'avg': 21.0, 'root': 12}","[-10, -10]","[140, 130]",sequential,chance,chance,"[1.0, 1.0]","[0.5, 1.0]","[0.5, 1.0]","[0.5, 1.0]","[0.625, 0.0]","[0.375, 0.0]",[[0]],[[1]],[[2]],"(0, 12)","(12, 21)","(12, 21)",{},{},{},"['A', 'B']",[],[],0,0,4,2,5,1,B,,,,,,,B,,,,,"{'rtype': 'select-node', 'rtimedn': 35.891, 'rtimeup': 35.891}",,,,,,,"{'rtype': 'select-node', 'rtimedn': 35.749, 'rtimeup': 35.749}",,,,
agency,"{'apply': True, 'distribution_type': 'uniform', 'interval': [0, 1], 'coefficients': [1, 1]}",2,0,28,1733272448,BDG-162-2233,TREE-1.2-0.0-0.0,"['8f7679ce-e5f4-4d33-abb9-7aa50944662b', 'd6b4e2dd-f69d-4974-b77e-a4eae15dcc82']","['robot', 'participant']","['teardrop', 'circle']","['hsla(229, 89%, 51%, 1.0)', 'hsla(68, 85%, 39%, 1.0)']","[[1.0, 0.15480029769288017], [0.15480029769288017, 1.0]]","{0: '', 1: 'A', 2: 'B'}",,1,after,"[False, True]","{'max': 21, 'min': 21, 'avg': 21.0, 'root': 12}","[0, -10]","[133, 130]",sequential,chance,chance,"[1.0, 1.0]","[0.5, 1.0]","[0.5, 1.0]","[0.5, 1.0]","[0.625, 0.0]","[0.375, 0.0]",[[0]],[[1]],[[2]],"(0, 12)","(12, 21)","(12, 21)",{},{},{},"['A', 'B']",[],[],0,0,2,2,3,3,A,,,,,,,B,,,,,"{'rtype': 'd', 'rtimedn': 3.618, 'rtimeup': 4.605}",,,,,,,"{'rtype': 'select-node', 'rtimedn': 37.022, 'rtimeup': 37.022}",,,,
base_url,https://yourschool.sona-systems.com/webstudy_credit.aspx,2,1,28,1733272451,BDG-488-4534,TREE-1.2-0.0-0.0,"['338db90f-d024-4e9f-8f78-d53201679dfd', '2d705077-65f3-4a05-88c1-c42d58721850']","['participant', 'participant']","['jagged-sun', 'squash']","['hsla(36, 67%, 46%, 1.0)', 'hsla(236, 57%, 65%, 1.0)']","[[1.0, 0.19573306871743984], [0.19573306871743984, 1.0]]","{0: '', 1: 'A', 2: 'B'}",,1,after,"[True, True]","{'max': 21, 'min': 21, 'avg': 21.0, 'root': 12}","[-10, -10]","[136, 130]",sequential,chance,chance,"[1.0, 1.0]","[0.5, 1.0]","[0.5, 1.0]","[0.5, 1.0]","[0.625, 0.0]","[0.375, 0.0]",[[0]],[[1]],[[2]],"(0, 12)","(12, 21)","(12, 21)",{},{},{},"['A', 'B']",[],[],0,0,4,5,3,4,A,,,,,,,A,,,,,"{'rtype': 'select-node', 'rtimedn': 37.262, 'rtimeup': 37.262}",,,,,,,"{'rtype': 'select-node', 'rtimedn': 37.25, 'rtimeup': 37.25}",,,,
instructions,['No additional instructions.'],2,2,28,1733272448,BDG-452-4413,TREE-1.2-0.0-0.0,"['c19e100c-c620-4ed1-b9f7-aef47c913450', 'f06eb4e0-8743-45fc-a756-b58e11ab2484']","['participant', 'participant']","['dodecagon', 'arrow-head']","['hsla(135, 67%, 60%, 1.0)', 'hsla(226, 69%, 59%, 1.0)']","[[1.0, 0.15306375589183824], [0.15306375589183824, 1.0]]","{0: '', 1: 'A', 2: 'B'}",,1,after,"[True, True]","{'max': 21, 'min': 21, 'avg': 21.0, 'root': 12}","[-10, -10]","[144, 137]",sequential,chance,chance,"[1.0, 1.0]","[0.5, 1.0]","[0.5, 1.0]","[0.5, 1.0]","[0.625, 0.0]","[0.375, 0.0]",[[0]],[[1]],[[2]],"(0, 12)","(12, 21)","(12, 21)",{},{},{},"['A', 'B']",[],[],0,0,4,4,1,3,A,,,,,,,A,,,,,"{'rtype': 'select-node', 'rtimedn': 36.76, 'rtimeup': 36.76}",,,,,,,"{'rtype': 'select-node', 'rtimedn': 34.826, 'rtimeup': 34.826}",,,,
consent,"['UNIVERSITY OF MICHIGAN', 'CONSENT TO BE PART OF A RESEARCH STUDY HUM00243214', 'Platform Title: The Morality Game', 'Platform Creator: Gregory Stanley, Ph.D. Candidate, University of Michigan', 'Faculty Advisor: Jun Zhang, Professor of Psychology, University of Michigan', 'Thank you for your interest in participating in this experiment.  This is an unpaid experiment.  You will receive credit for 1 hour of Subject Pool participation.  Please be ready for 1 hour of continuous participation.  If you are inactive for over 2 minutes, the system will automatically eject you from the experiment.  Your counterparts are human participants, unless they drop out of the experiment, in which case they will be replaced by artificial agents.  Please feel free to contact me, Greg, at (714) 454-0435 if you have any questions.  All other information relevant to your consent was covered by the platform general-consent form in the tutorial.  You must be 18 years of age or older to participate in this study.', '']",2,3,28,1733272450,BDG-536-5232,TREE-1.2-0.0-0.0,"['33656bfb-1891-49d7-a90d-e4e7f76ac224', 'fb0b0d94-beb4-4bde-a6af-f8247351d85a']","['robot', 'participant']","['lemon', 'ghost']","['hsla(252, 88%, 64%, 1.0)', 'hsla(196, 89%, 61%, 1.0)']","[[1.0, 0.19573306871743984], [0.19573306871743984, 1.0]]","{0: '', 1: 'A', 2: 'B'}",,2,after,"[False, True]","{'max': 21, 'min': 21, 'avg': 21.0, 'root': 12}","[0, -10]","[120, 140]",sequential,chance,chance,"[1.0, 1.0]","[0.5, 1.0]","[0.5, 1.0]","[0.5, 1.0]","[0.625, 0.0]","[0.375, 0.0]",[[0]],[[1]],[[2]],"(0, 12)","(12, 21)","(12, 21)",{},{},{},"['A', 'B']",[],[],0,0,5,2,3,2,B,,,,,,,A,,,,,"{'rtype': 'd', 'rtimedn': 5.674, 'rtimeup': 5.755}",,,,,,,"{'rtype': 'select-node', 'rtimedn': 36.967, 'rtimeup': 36.967}",,,,
experiment_code,eGfzR5QoOZLq,2,4,28,1733272450,BDG-389-4135,TREE-1.2-0.0-0.0,"['59fa89c3-96d4-4c5b-971b-50d338762b8c', '23c1011e-9d47-4bab-a443-2d015c3a9763']","['participant', 'participant']","['hour-glass', 'teardrop']","['hsla(287, 69%, 46%, 1.0)', 'hsla(59, 87%, 49%, 1.0)']","[[1.0, 0.19573306871743984], [0.19573306871743984, 1.0]]","{0: '', 1: 'A', 2: 'B'}",,1,after,"[True, True]","{'max': 21, 'min': 21, 'avg': 21.0, 'root': 12}","[-10, -10]","[117, -15]",sequential,chance,chance,"[1.0, 1.0]","[0.5, 1.0]","[0.5, 1.0]","[0.5, 1.0]","[0.625, 0.0]","[0.375, 0.0]",[[0]],[[1]],[[2]],"(0, 12)","(12, 21)","(12, 21)",{},{},{},"['A', 'B']",[],[],0,0,4,1,3,5,A,,,,,,,B,,,,,"{'rtype': 'select-node', 'rtimedn': 37.151, 'rtimeup': 37.151}",,,,,,,"{'rtype': 'select-node', 'rtimedn': 102.52, 'rtimeup': 102.52}",,,,
experiment_type,pilot,3,0,28,1733272462,BDG-259-3125,TREE-1.2-0.0-0.0,"['2d705077-65f3-4a05-88c1-c42d58721850', '59fa89c3-96d4-4c5b-971b-50d338762b8c']","['participant', 'participant']","['squash', 'hour-glass']","['hsla(236, 57%, 65%, 1.0)', 'hsla(287, 69%, 46%, 1.0)']","[[1.0, 0.15306375589183824], [0.15306375589183824, 1.0]]","{0: '', 1: 'A', 2: 'B'}",,1,after,"[True, True]","{'max': 21, 'min': 21, 'avg': 21.0, 'root': 12}","[-10, -10]","[130, 117]",sequential,chance,chance,"[1.0, 1.0]","[0.5, 1.0]","[0.5, 1.0]","[0.5, 1.0]","[0.625, 0.0]","[0.375, 0.0]",[[0]],[[1]],[[2]],"(0, 12)","(12, 21)","(12, 21)",{},{},{},"['A', 'B']",[],[],0,0,3,1,2,5,A,,,,,,,A,,,,,"{'rtype': 'select-node', 'rtimedn': 38.27, 'rtimeup': 38.27}",,,,,,,"{'rtype': 'select-node', 'rtimedn': 38.279, 'rtimeup': 38.279}",,,,
status,open,3,1,28,1733272459,BDG-152-2213,TREE-1.2-0.0-0.0,"['f06eb4e0-8743-45fc-a756-b58e11ab2484', '33656bfb-1891-49d7-a90d-e4e7f76ac224']","['participant', 'robot']","['arrow-head', 'lemon']","['hsla(226, 69%, 59%, 1.0)', 'hsla(252, 88%, 64%, 1.0)']","[[1.0, 0.13768295708260977], [0.13768295708260977, 1.0]]","{0: '', 1: 'A', 2: 'B'}",,1,after,"[True, False]","{'max': 21, 'min': 21, 'avg': 21.0, 'root': 12}","[-10, 0]","[137, 120]",sequential,chance,chance,"[1.0, 1.0]","[0.5, 1.0]","[0.5, 1.0]","[0.5, 1.0]","[0.625, 0.0]","[0.375, 0.0]",[[0]],[[1]],[[2]],"(0, 12)","(12, 21)","(12, 21)",{},{},{},"['A', 'B']",[],[],0,0,2,2,1,3,A,,,,,,,A,,,,,"{'rtype': 'select-node', 'rtimedn': 35.965, 'rtimeup': 35.965}",,,,,,,"{'rtype': 'a', 'rtimedn': 4.48, 'rtimeup': 5.521}",,,,
start_date,2024-12-03-18:14,3,2,28,1733272459,BDG-600-5511,TREE-1.2-0.0-0.0,"['8f7679ce-e5f4-4d33-abb9-7aa50944662b', 'fb0b0d94-beb4-4bde-a6af-f8247351d85a']","['robot', 'participant']","['teardrop', 'ghost']","['hsla(229, 89%, 51%, 1.0)', 'hsla(196, 89%, 61%, 1.0)']","[[1.0, 0.13768295708260977], [0.13768295708260977, 1.0]]","{0: '', 1: 'A', 2: 'B'}",,1,after,"[False, True]","{'max': 21, 'min': 21, 'avg': 21.0, 'root': 12}","[0, -10]","[133, 140]",sequential,chance,chance,"[1.0, 1.0]","[0.5, 1.0]","[0.5, 1.0]","[0.5, 1.0]","[0.375, 0.0]","[0.625, 0.0]",[[0]],[[1]],[[2]],"(0, 12)","(12, 21)","(12, 21)",{},{},{},"['A', 'B']",[],[],0,0,5,5,1,1,A,,,,,,,A,,,,,"{'rtype': 'a', 'rtimedn': 4.375, 'rtimeup': 4.604}",,,,,,,"{'rtype': 'select-node', 'rtimedn': 37.856, 'rtimeup': 37.856}",,,,
experimenter_uuid,90427df1-2b1e-4653-9e04-f86c9e4bfa2c,3,3,28,1733272461,BDG-578-5414,TREE-1.2-0.0-0.0,"['d6b4e2dd-f69d-4974-b77e-a4eae15dcc82', '338db90f-d024-4e9f-8f78-d53201679dfd']","['participant', 'participant']","['circle', 'jagged-sun']","['hsla(68, 85%, 39%, 1.0)', 'hsla(36, 67%, 46%, 1.0)']","[[1.0, 0.13768295708260977], [0.13768295708260977, 1.0]]","{0: '', 1: 'A', 2: 'B'}",,1,after,"[True, True]","{'max': 21, 'min': 21, 'avg': 21.0, 'root': 12}","[-10, -10]","[130, 136]",sequential,chance,chance,"[1.0, 1.0]","[0.5, 1.0]","[0.5, 1.0]","[0.5, 1.0]","[0.375, 0.0]","[0.625, 0.0]",[[0]],[[1]],[[2]],"(0, 12)","(12, 21)","(12, 21)",{},{},{},"['A', 'B']",[],[],0,0,5,4,1,4,A,,,,,,,A,,,,,"{'rtype': 'select-node', 'rtimedn': 38.295, 'rtimeup': 38.295}",,,,,,,"{'rtype': 'select-node', 'rtimedn': 38.425, 'rtimeup': 38.425}",,,,
batches,"{'completed': 113, 'batch_study': True}",3,4,28,1733272459,BDG-106-1522,TREE-1.2-0.0-0.0,"['23c1011e-9d47-4bab-a443-2d015c3a9763', 'c19e100c-c620-4ed1-b9f7-aef47c913450']","['participant', 'participant']","['teardrop', 'dodecagon']","['hsla(59, 87%, 49%, 1.0)', 'hsla(135, 67%, 60%, 1.0)']","[[1.0, 0.16249069709749442], [0.16249069709749442, 1.0]]","{0: '', 1: 'A', 2: 'B'}",,1,after,"[True, True]","{'max': 21, 'min': 21, 'avg': 21.0, 'root': 12}","[-10, -10]","[-15, 144]",sequential,chance,chance,"[1.0, 1.0]","[0.5, 1.0]","[0.5, 1.0]","[0.5, 1.0]","[0.375, 0.0]","[0.625, 0.0]",[[0]],[[1]],[[2]],"(0, 12)","(12, 21)","(12, 21)",{},{},{},"['A', 'B']",[],[],0,0,1,5,2,2,A,,,,,,,B,,,,,"{'rtype': 'select-node', 'rtimedn': 103.721, 'rtimeup': 103.721}",,,,,,,"{'rtype': 'select-node', 'rtimedn': 37.894, 'rtimeup': 37.894}",,,,
predetermined_trials,,4,0,28,1733272472,BDG-167-2243,TREE-1.2-0.0-0.0,"['f06eb4e0-8743-45fc-a756-b58e11ab2484', '59fa89c3-96d4-4c5b-971b-50d338762b8c']","['participant', 'participant']","['arrow-head', 'hour-glass']","['hsla(226, 69%, 59%, 1.0)', 'hsla(287, 69%, 46%, 1.0)']","[[1.0, 0.15480029769288017], [0.15480029769288017, 1.0]]","{0: '', 1: 'A', 2: 'B'}",,2,after,"[True, True]","{'max': 21, 'min': 21, 'avg': 21.0, 'root': 12}","[-10, -10]","[137, 117]",sequential,chance,chance,"[1.0, 1.0]","[0.5, 1.0]","[0.5, 1.0]","[0.5, 1.0]","[0.625, 0.0]","[0.375, 0.0]",[[0]],[[1]],[[2]],"(0, 12)","(12, 21)","(12, 21)",{},{},{},"['A', 'B']",[],[],0,0,2,2,4,3,B,,,,,,,B,,,,,"{'rtype': 'select-node', 'rtimedn': 37.147, 'rtimeup': 37.147}",,,,,,,"{'rtype': 'select-node', 'rtimedn': 39.287, 'rtimeup': 39.287}",,,,
,,4,1,28,1733272471,BDG-037-1233,TREE-1.2-0.0-0.0,"['d6b4e2dd-f69d-4974-b77e-a4eae15dcc82', '2d705077-65f3-4a05-88c1-c42d58721850']","['participant', 'participant']","['circle', 'squash']","['hsla(68, 85%, 39%, 1.0)', 'hsla(236, 57%, 65%, 1.0)']","[[1.0, 0.030513520218308113], [0.030513520218308113, 1.0]]","{0: '', 1: 'A', 2: 'B'}",,2,after,"[True, True]","{'max': 21, 'min': 21, 'avg': 21.0, 'root': 12}","[-10, -10]","[130, 130]",sequential,chance,chance,"[1.0, 1.0]","[0.5, 1.0]","[0.5, 1.0]","[0.5, 1.0]","[0.625, 0.0]","[0.375, 0.0]",[[0]],[[1]],[[2]],"(0, 12)","(12, 21)","(12, 21)",{},{},{},"['A', 'B']",[],[],0,0,1,2,3,3,B,,,,,,,B,,,,,"{'rtype': 'select-node', 'rtimedn': 39.296, 'rtimeup': 39.296}",,,,,,,"{'rtype': 'select-node', 'rtimedn': 39.064, 'rtimeup': 39.064}",,,,
,,4,2,28,1733272471,BDG-119-1545,TREE-1.2-0.0-0.0,"['c19e100c-c620-4ed1-b9f7-aef47c913450', '8f7679ce-e5f4-4d33-abb9-7aa50944662b']","['participant', 'robot']","['dodecagon', 'teardrop']","['hsla(135, 67%, 60%, 1.0)', 'hsla(229, 89%, 51%, 1.0)']","[[1.0, 0.0523443314314066], [0.0523443314314066, 1.0]]","{0: '', 1: 'A', 2: 'B'}",,2,after,"[True, False]","{'max': 21, 'min': 21, 'avg': 21.0, 'root': 12}","[-10, 0]","[144, 133]",sequential,chance,chance,"[1.0, 1.0]","[0.5, 1.0]","[0.5, 1.0]","[0.5, 1.0]","[0.625, 0.0]","[0.375, 0.0]",[[0]],[[1]],[[2]],"(0, 12)","(12, 21)","(12, 21)",{},{},{},"['A', 'B']",[],[],0,0,1,5,4,5,B,,,,,,,B,,,,,"{'rtype': 'select-node', 'rtimedn': 39.079, 'rtimeup': 39.079}",,,,,,,"{'rtype': 'a', 'rtimedn': 4.555, 'rtimeup': 4.999}",,,,
,,4,3,28,1733272471,BDG-146-2152,TREE-1.2-0.0-0.0,"['33656bfb-1891-49d7-a90d-e4e7f76ac224', 'fb0b0d94-beb4-4bde-a6af-f8247351d85a']","['robot', 'participant']","['lemon', 'ghost']","['hsla(252, 88%, 64%, 1.0)', 'hsla(196, 89%, 61%, 1.0)']","[[1.0, 0.19573306871743984], [0.19573306871743984, 1.0]]","{0: '', 1: 'A', 2: 'B'}",,2,after,"[False, True]","{'max': 21, 'min': 21, 'avg': 21.0, 'root': 12}","[0, -10]","[120, 140]",sequential,chance,chance,"[1.0, 1.0]","[0.5, 1.0]","[0.5, 1.0]","[0.5, 1.0]","[0.625, 0.0]","[0.375, 0.0]",[[0]],[[1]],[[2]],"(0, 12)","(12, 21)","(12, 21)",{},{},{},"['A', 'B']",[],[],0,0,2,1,5,2,B,,,,,,,B,,,,,"{'rtype': 'a', 'rtimedn': 6.292, 'rtimeup': 7.674}",,,,,,,"{'rtype': 'select-node', 'rtimedn': 39.112, 'rtimeup': 39.112}",,,,
,,4,4,28,1733272471,BDG-166-2242,TREE-1.2-0.0-0.0,"['23c1011e-9d47-4bab-a443-2d015c3a9763', '338db90f-d024-4e9f-8f78-d53201679dfd']","['participant', 'participant']","['teardrop', 'jagged-sun']","['hsla(59, 87%, 49%, 1.0)', 'hsla(36, 67%, 46%, 1.0)']","[[1.0, 0.15480029769288017], [0.15480029769288017, 1.0]]","{0: '', 1: 'A', 2: 'B'}",,1,after,"[True, True]","{'max': 21, 'min': 21, 'avg': 21.0, 'root': 12}","[-10, -10]","[-15, 136]",sequential,chance,chance,"[1.0, 1.0]","[0.5, 1.0]","[0.5, 1.0]","[0.5, 1.0]","[0.625, 0.0]","[0.375, 0.0]",[[0]],[[1]],[[2]],"(0, 12)","(12, 21)","(12, 21)",{},{},{},"['A', 'B']",[],[],0,0,2,2,4,2,A,,,,,,,B,,,,,"{'rtype': 'select-node', 'rtimedn': 104.997, 'rtimeup': 104.997}",,,,,,,"{'rtype': 'select-node', 'rtimedn': 39.492, 'rtimeup': 39.492}",,,,
,,5,0,28,1733272482,BDG-142-2143,TREE-1.2-0.0-0.0,"['d6b4e2dd-f69d-4974-b77e-a4eae15dcc82', '8f7679ce-e5f4-4d33-abb9-7aa50944662b']","['participant', 'robot']","['circle', 'teardrop']","['hsla(68, 85%, 39%, 1.0)', 'hsla(229, 89%, 51%, 1.0)']","[[1.0, 0.15480029769288017], [0.15480029769288017, 1.0]]","{0: '', 1: 'A', 2: 'B'}",,2,after,"[True, False]","{'max': 21, 'min': 21, 'avg': 21.0, 'root': 12}","[-10, 0]","[130, 133]",sequential,chance,chance,"[1.0, 1.0]","[0.5, 1.0]","[0.5, 1.0]","[0.5, 1.0]","[0.375, 0.0]","[0.625, 0.0]",[[0]],[[1]],[[2]],"(0, 12)","(12, 21)","(12, 21)",{},{},{},"['A', 'B']",[],[],0,0,2,1,4,3,B,,,,,,,B,,,,,"{'rtype': 'select-node', 'rtimedn': 40.444, 'rtimeup': 40.444}",,,,,,,"{'rtype': 'a', 'rtimedn': 0.388, 'rtimeup': 2.019}",,,,
,,5,1,28,1733272481,BDG-284-3225,TREE-1.2-0.0-0.0,"['33656bfb-1891-49d7-a90d-e4e7f76ac224', '59fa89c3-96d4-4c5b-971b-50d338762b8c']","['robot', 'participant']","['lemon', 'hour-glass']","['hsla(252, 88%, 64%, 1.0)', 'hsla(287, 69%, 46%, 1.0)']","[[1.0, 0.16249069709749442], [0.16249069709749442, 1.0]]","{0: '', 1: 'A', 2: 'B'}",,1,after,"[False, True]","{'max': 21, 'min': 21, 'avg': 21.0, 'root': 12}","[0, -10]","[120, 117]",sequential,chance,chance,"[1.0, 1.0]","[0.5, 1.0]","[0.5, 1.0]","[0.5, 1.0]","[0.375, 0.0]","[0.625, 0.0]",[[0]],[[1]],[[2]],"(0, 12)","(12, 21)","(12, 21)",{},{},{},"['A', 'B']",[],[],0,0,3,2,2,5,A,,,,,,,A,,,,,"{'rtype': 'd', 'rtimedn': 4.892, 'rtimeup': 7.027}",,,,,,,"{'rtype': 'select-node', 'rtimedn': 40.19, 'rtimeup': 40.19}",,,,
,,5,2,28,1733272481,BDG-487-4533,TREE-1.2-0.0-0.0,"['f06eb4e0-8743-45fc-a756-b58e11ab2484', 'c19e100c-c620-4ed1-b9f7-aef47c913450']","['participant', 'participant']","['arrow-head', 'dodecagon']","['hsla(226, 69%, 59%, 1.0)', 'hsla(135, 67%, 60%, 1.0)']","[[1.0, 0.15306375589183824], [0.15306375589183824, 1.0]]","{0: '', 1: 'A', 2: 'B'}",,1,after,"[True, True]","{'max': 21, 'min': 21, 'avg': 21.0, 'root': 12}","[-10, -10]","[137, 144]",sequential,chance,chance,"[1.0, 1.0]","[0.5, 1.0]","[0.5, 1.0]","[0.5, 1.0]","[0.625, 0.0]","[0.375, 0.0]",[[0]],[[1]],[[2]],"(0, 12)","(12, 21)","(12, 21)",{},{},{},"['A', 'B']",[],[],0,0,4,5,3,3,A,,,,,,,A,,,,,"{'rtype': 'select-node', 'rtimedn': 38.116, 'rtimeup': 38.116}",,,,,,,"{'rtype': 'select-node', 'rtimedn': 40.132, 'rtimeup': 40.132}",,,,
,,5,3,28,1733272480,BDG-576-5412,TREE-1.2-0.0-0.0,"['338db90f-d024-4e9f-8f78-d53201679dfd', '23c1011e-9d47-4bab-a443-2d015c3a9763']","['participant', 'participant']","['jagged-sun', 'teardrop']","['hsla(36, 67%, 46%, 1.0)', 'hsla(59, 87%, 49%, 1.0)']","[[1.0, 0.15480029769288017], [0.15480029769288017, 1.0]]","{0: '', 1: 'A', 2: 'B'}",,1,after,"[True, True]","{'max': 21, 'min': 21, 'avg': 21.0, 'root': 12}","[-10, -10]","[136, -15]",sequential,chance,chance,"[1.0, 1.0]","[0.5, 1.0]","[0.5, 1.0]","[0.5, 1.0]","[0.625, 0.0]","[0.375, 0.0]",[[0]],[[1]],[[2]],"(0, 12)","(12, 21)","(12, 21)",{},{},{},"['A', 'B']",[],[],0,0,5,4,1,2,A,,,,,,,A,,,,,"{'rtype': 'select-node', 'rtimedn': 40.535, 'rtimeup': 40.535}",,,,,,,"{'rtype': 'select-node', 'rtimedn': 105.824, 'rtimeup': 105.824}",,,,
,,5,4,28,1733272484,BDG-245-2551,TREE-1.2-0.0-0.0,"['2d705077-65f3-4a05-88c1-c42d58721850', 'fb0b0d94-beb4-4bde-a6af-f8247351d85a']","['participant', 'participant']","['squash', 'ghost']","['hsla(236, 57%, 65%, 1.0)', 'hsla(196, 89%, 61%, 1.0)']","[[1.0, 0.0523443314314066], [0.0523443314314066, 1.0]]","{0: '', 1: 'A', 2: 'B'}",,2,after,"[True, True]","{'max': 21, 'min': 21, 'avg': 21.0, 'root': 12}","[-10, -10]","[130, 140]",sequential,chance,chance,"[1.0, 1.0]","[0.5, 1.0]","[0.5, 1.0]","[0.5, 1.0]","[0.625, 0.0]","[0.375, 0.0]",[[0]],[[1]],[[2]],"(0, 12)","(12, 21)","(12, 21)",{},{},{},"['A', 'B']",[],[],0,0,2,5,5,1,B,,,,,,,A,,,,,"{'rtype': 'select-node', 'rtimedn': 40.135, 'rtimeup': 40.135}",,,,,,,"{'rtype': 'select-node', 'rtimedn': 40.418, 'rtimeup': 40.418}",,,,
,,6,0,28,1733272493,BDG-518-5144,TREE-1.2-0.0-0.0,"['8f7679ce-e5f4-4d33-abb9-7aa50944662b', '2d705077-65f3-4a05-88c1-c42d58721850']","['robot', 'participant']","['teardrop', 'squash']","['hsla(229, 89%, 51%, 1.0)', 'hsla(236, 57%, 65%, 1.0)']","[[1.0, 0.16249069709749442], [0.16249069709749442, 1.0]]","{0: '', 1: 'A', 2: 'B'}",,2,after,"[False, True]","{'max': 21, 'min': 21, 'avg': 21.0, 'root': 12}","[0, -10]","[133, 130]",sequential,chance,chance,"[1.0, 1.0]","[0.5, 1.0]","[0.5, 1.0]","[0.5, 1.0]","[0.625, 0.0]","[0.375, 0.0]",[[0]],[[1]],[[2]],"(0, 12)","(12, 21)","(12, 21)",{},{},{},"['A', 'B']",[],[],0,0,5,1,4,4,B,,,,,,,A,,,,,"{'rtype': 'a', 'rtimedn': 0.182, 'rtimeup': 1.537}",,,,,,,"{'rtype': 'select-node', 'rtimedn': 41.407, 'rtimeup': 41.407}",,,,
,,6,1,28,1733272493,BDG-280-3221,TREE-1.2-0.0-0.0,"['c19e100c-c620-4ed1-b9f7-aef47c913450', '59fa89c3-96d4-4c5b-971b-50d338762b8c']","['participant', 'participant']","['dodecagon', 'hour-glass']","['hsla(135, 67%, 60%, 1.0)', 'hsla(287, 69%, 46%, 1.0)']","[[1.0, 0.13768295708260977], [0.13768295708260977, 1.0]]","{0: '', 1: 'A', 2: 'B'}",,1,after,"[True, True]","{'max': 21, 'min': 21, 'avg': 21.0, 'root': 12}","[-10, -10]","[144, 117]",sequential,chance,chance,"[1.0, 1.0]","[0.5, 1.0]","[0.5, 1.0]","[0.5, 1.0]","[0.625, 0.0]","[0.375, 0.0]",[[0]],[[1]],[[2]],"(0, 12)","(12, 21)","(12, 21)",{},{},{},"['A', 'B']",[],[],0,0,3,2,2,1,A,,,,,,,A,,,,,"{'rtype': 'select-node', 'rtimedn': 41.301, 'rtimeup': 41.301}",,,,,,,"{'rtype': 'select-node', 'rtimedn': 41.363, 'rtimeup': 41.363}",,,,
,,6,2,28,1733272493,BDG-473-4454,TREE-1.2-0.0-0.0,"['d6b4e2dd-f69d-4974-b77e-a4eae15dcc82', 'f06eb4e0-8743-45fc-a756-b58e11ab2484']","['participant', 'participant']","['circle', 'arrow-head']","['hsla(68, 85%, 39%, 1.0)', 'hsla(226, 69%, 59%, 1.0)']","[[1.0, 0.16249069709749442], [0.16249069709749442, 1.0]]","{0: '', 1: 'A', 2: 'B'}",,2,after,"[True, True]","{'max': 21, 'min': 21, 'avg': 21.0, 'root': 12}","[-10, -10]","[130, 137]",sequential,chance,chance,"[1.0, 1.0]","[0.5, 1.0]","[0.5, 1.0]","[0.5, 1.0]","[0.625, 0.0]","[0.375, 0.0]",[[0]],[[1]],[[2]],"(0, 12)","(12, 21)","(12, 21)",{},{},{},"['A', 'B']",[],[],0,0,4,4,5,4,B,,,,,,,B,,,,,"{'rtype': 'select-node', 'rtimedn': 41.567, 'rtimeup': 41.567}",,,,,,,"{'rtype': 'select-node', 'rtimedn': 39.392, 'rtimeup': 39.392}",,,,
,,6,3,28,1733272493,BDG-557-5323,TREE-1.2-0.0-0.0,"['338db90f-d024-4e9f-8f78-d53201679dfd', '23c1011e-9d47-4bab-a443-2d015c3a9763']","['participant', 'participant']","['jagged-sun', 'teardrop']","['hsla(36, 67%, 46%, 1.0)', 'hsla(59, 87%, 49%, 1.0)']","[[1.0, 0.15480029769288017], [0.15480029769288017, 1.0]]","{0: '', 1: 'A', 2: 'B'}",,1,after,"[True, True]","{'max': 21, 'min': 21, 'avg': 21.0, 'root': 12}","[-10, -10]","[136, -15]",sequential,chance,chance,"[1.0, 1.0]","[0.5, 1.0]","[0.5, 1.0]","[0.5, 1.0]","[0.625, 0.0]","[0.375, 0.0]",[[0]],[[1]],[[2]],"(0, 12)","(12, 21)","(12, 21)",{},{},{},"['A', 'B']",[],[],0,0,5,3,2,3,A,,,,,,,A,,,,,"{'rtype': 'select-node', 'rtimedn': 41.766, 'rtimeup': 41.766}",,,,,,,"{'rtype': 'select-node', 'rtimedn': 107.107, 'rtimeup': 107.107}",,,,
,,6,4,28,1733272492,BDG-585-5431,TREE-1.2-0.0-0.0,"['fb0b0d94-beb4-4bde-a6af-f8247351d85a', '33656bfb-1891-49d7-a90d-e4e7f76ac224']","['participant', 'robot']","['ghost', 'lemon']","['hsla(196, 89%, 61%, 1.0)', 'hsla(252, 88%, 64%, 1.0)']","[[1.0, 0.19573306871743984], [0.19573306871743984, 1.0]]","{0: '', 1: 'A', 2: 'B'}",,1,after,"[True, False]","{'max': 21, 'min': 21, 'avg': 21.0, 'root': 12}","[-10, 0]","[140, 120]",sequential,chance,chance,"[1.0, 1.0]","[0.5, 1.0]","[0.5, 1.0]","[0.5, 1.0]","[0.375, 0.0]","[0.625, 0.0]",[[0]],[[1]],[[2]],"(0, 12)","(12, 21)","(12, 21)",{},{},{},"['A', 'B']",[],[],0,0,5,4,3,1,A,,,,,,,A,,,,,"{'rtype': 'select-node', 'rtimedn': 41.187, 'rtimeup': 41.187}",,,,,,,"{'rtype': 'd', 'rtimedn': 4.713, 'rtimeup': 6.84}",,,,
,,7,0,28,1733272501,BDG-243-2544,TREE-1.2-0.0-0.0,"['c19e100c-c620-4ed1-b9f7-aef47c913450', '23c1011e-9d47-4bab-a443-2d015c3a9763']","['participant', 'participant']","['dodecagon', 'teardrop']","['hsla(135, 67%, 60%, 1.0)', 'hsla(59, 87%, 49%, 1.0)']","[[1.0, 0.16249069709749442], [0.16249069709749442, 1.0]]","{0: '', 1: 'A', 2: 'B'}",,2,after,"[True, True]","{'max': 21, 'min': 21, 'avg': 21.0, 'root': 12}","[-10, -10]","[144, -15]",sequential,chance,chance,"[1.0, 1.0]","[0.5, 1.0]","[0.5, 1.0]","[0.5, 1.0]","[0.625, 0.0]","[0.375, 0.0]",[[0]],[[1]],[[2]],"(0, 12)","(12, 21)","(12, 21)",{},{},{},"['A', 'B']",[],[],0,0,2,5,4,4,B,,,,,,,B,,,,,"{'rtype': 'select-node', 'rtimedn': 42.1, 'rtimeup': 42.1}",,,,,,,"{'rtype': 'select-node', 'rtimedn': 107.967, 'rtimeup': 107.967}",,,,
,,7,1,28,1733272506,BDG-484-4525,TREE-1.2-0.0-0.0,"['338db90f-d024-4e9f-8f78-d53201679dfd', 'd6b4e2dd-f69d-4974-b77e-a4eae15dcc82']","['participant', 'participant']","['jagged-sun', 'circle']","['hsla(36, 67%, 46%, 1.0)', 'hsla(68, 85%, 39%, 1.0)']","[[1.0, 0.13768295708260977], [0.13768295708260977, 1.0]]","{0: '', 1: 'A', 2: 'B'}",,1,after,"[True, True]","{'max': 21, 'min': 21, 'avg': 21.0, 'root': 12}","[-10, -10]","[136, 130]",sequential,chance,chance,"[1.0, 1.0]","[0.5, 1.0]","[0.5, 1.0]","[0.5, 1.0]","[0.375, 0.0]","[0.625, 0.0]",[[0]],[[1]],[[2]],"(0, 12)","(12, 21)","(12, 21)",{},{},{},"['A', 'B']",[],[],0,0,4,5,2,5,A,,,,,,,B,,,,,"{'rtype': 'select-node', 'rtimedn': 42.687, 'rtimeup': 42.687}",,,,,,,"{'rtype': 'select-node', 'rtimedn': 42.799, 'rtimeup': 42.799}",,,,
,,7,2,28,1733272496,BDG-584-5425,TREE-1.2-0.0-0.0,"['33656bfb-1891-49d7-a90d-e4e7f76ac224', '8f7679ce-e5f4-4d33-abb9-7aa50944662b']","['robot', 'robot']","['lemon', 'teardrop']","['hsla(252, 88%, 64%, 1.0)', 'hsla(229, 89%, 51%, 1.0)']","[[1.0, 0.03820391962292235], [0.03820391962292235, 1.0]]","{0: '', 1: 'A', 2: 'B'}",,1,after,"[False, False]","{'max': 21, 'min': 21, 'avg': 21.0, 'root': 12}","[0, 0]","[120, 133]",sequential,chance,chance,"[1.0, 1.0]","[0.5, 1.0]","[0.5, 1.0]","[0.5, 1.0]","[0.375, 0.0]","[0.625, 0.0]",[[0]],[[1]],[[2]],"(0, 12)","(12, 21)","(12, 21)",{},{},{},"['A', 'B']",[],[],0,0,5,4,2,5,A,,,,,,,A,,,,,"{'rtype': 'd', 'rtimedn': 6.909, 'rtimeup': 9.226}",,,,,,,"{'rtype': 'd', 'rtimedn': 6.32, 'rtimeup': 9.04}",,,,
,,7,3,28,1733272502,BDG-259-3125,TREE-1.2-0.0-0.0,"['fb0b0d94-beb4-4bde-a6af-f8247351d85a', 'f06eb4e0-8743-45fc-a756-b58e11ab2484']","['participant', 'participant']","['ghost', 'arrow-head']","['hsla(196, 89%, 61%, 1.0)', 'hsla(226, 69%, 59%, 1.0)']","[[1.0, 0.03820391962292235], [0.03820391962292235, 1.0]]","{0: '', 1: 'A', 2: 'B'}",,2,after,"[True, True]","{'max': 21, 'min': 21, 'avg': 21.0, 'root': 12}","[-10, -10]","[140, 137]",sequential,chance,chance,"[1.0, 1.0]","[0.5, 1.0]","[0.5, 1.0]","[0.5, 1.0]","[0.625, 0.0]","[0.375, 0.0]",[[0]],[[1]],[[2]],"(0, 12)","(12, 21)","(12, 21)",{},{},{},"['A', 'B']",[],[],0,0,3,1,2,5,B,,,,,,,B,,,,,"{'rtype': 'select-node', 'rtimedn': 42.211, 'rtimeup': 42.211}",,,,,,,"{'rtype': 'select-node', 'rtimedn': 40.347, 'rtimeup': 40.347}",,,,
,,7,4,28,1733272502,BDG-288-3234,TREE-1.2-0.0-0.0,"['59fa89c3-96d4-4c5b-971b-50d338762b8c', '2d705077-65f3-4a05-88c1-c42d58721850']","['participant', 'participant']","['hour-glass', 'squash']","['hsla(287, 69%, 46%, 1.0)', 'hsla(236, 57%, 65%, 1.0)']","[[1.0, 0.15306375589183824], [0.15306375589183824, 1.0]]","{0: '', 1: 'A', 2: 'B'}",,2,after,"[True, True]","{'max': 21, 'min': 21, 'avg': 21.0, 'root': 12}","[-10, -10]","[117, 130]",sequential,chance,chance,"[1.0, 1.0]","[0.5, 1.0]","[0.5, 1.0]","[0.5, 1.0]","[0.625, 0.0]","[0.375, 0.0]",[[0]],[[1]],[[2]],"(0, 12)","(12, 21)","(12, 21)",{},{},{},"['A', 'B']",[],[],0,0,3,2,3,4,B,,,,,,,B,,,,,"{'rtype': 'select-node', 'rtimedn': 42.297, 'rtimeup': 42.297}",,,,,,,"{'rtype': 'select-node', 'rtimedn': 42.359, 'rtimeup': 42.359}",,,,
,,8,0,28,1733272515,BDG-252-3113,TREE-1.2-0.0-0.0,"['2d705077-65f3-4a05-88c1-c42d58721850', 'f06eb4e0-8743-45fc-a756-b58e11ab2484']","['participant', 'participant']","['squash', 'arrow-head']","['hsla(236, 57%, 65%, 1.0)', 'hsla(226, 69%, 59%, 1.0)']","[[1.0, 0.07516745224510046], [0.07516745224510046, 1.0]]","{0: '', 1: 'A', 2: 'B'}",,1,after,"[True, True]","{'max': 21, 'min': 21, 'avg': 21.0, 'root': 12}","[-10, -10]","[130, 137]",sequential,chance,chance,"[1.0, 1.0]","[0.5, 1.0]","[0.5, 1.0]","[0.5, 1.0]","[0.375, 0.0]","[0.625, 0.0]",[[0]],[[1]],[[2]],"(0, 12)","(12, 21)","(12, 21)",{},{},{},"['A', 'B']",[],[],0,0,3,1,1,3,A,,,,,,,B,,,,,"{'rtype': 'select-node', 'rtimedn': 43.463, 'rtimeup': 43.463}",,,,,,,"{'rtype': 'select-node', 'rtimedn': 41.568, 'rtimeup': 41.568}",,,,
,,8,1,28,1733272520,BDG-578-5414,TREE-1.2-0.0-0.0,"['23c1011e-9d47-4bab-a443-2d015c3a9763', '59fa89c3-96d4-4c5b-971b-50d338762b8c']","['participant', 'participant']","['teardrop', 'hour-glass']","['hsla(59, 87%, 49%, 1.0)', 'hsla(287, 69%, 46%, 1.0)']","[[1.0, 0.19573306871743984], [0.19573306871743984, 1.0]]","{0: '', 1: 'A', 2: 'B'}",,2,after,"[True, True]","{'max': 21, 'min': 21, 'avg': 21.0, 'root': 12}","[-10, -10]","[-15, 117]",sequential,chance,chance,"[1.0, 1.0]","[0.5, 1.0]","[0.5, 1.0]","[0.5, 1.0]","[0.375, 0.0]","[0.625, 0.0]",[[0]],[[1]],[[2]],"(0, 12)","(12, 21)","(12, 21)",{},{},{},"['A', 'B']",[],[],0,0,5,4,1,4,B,,,,,,,B,,,,,"{'rtype': None, 'rtimedn': 13, 'rtimeup': 13}",,,,,,,"{'rtype': 'select-node', 'rtimedn': 43.489, 'rtimeup': 43.489}",,,,
,,8,2,28,1733272514,BDG-324-3355,TREE-1.2-0.0-0.0,"['338db90f-d024-4e9f-8f78-d53201679dfd', 'd6b4e2dd-f69d-4974-b77e-a4eae15dcc82']","['participant', 'participant']","['jagged-sun', 'circle']","['hsla(36, 67%, 46%, 1.0)', 'hsla(68, 85%, 39%, 1.0)']","[[1.0, 0.13768295708260977], [0.13768295708260977, 1.0]]","{0: '', 1: 'A', 2: 'B'}",,2,after,"[True, True]","{'max': 21, 'min': 21, 'avg': 21.0, 'root': 12}","[-10, -10]","[136, 130]",sequential,chance,chance,"[1.0, 1.0]","[0.5, 1.0]","[0.5, 1.0]","[0.5, 1.0]","[0.375, 0.0]","[0.625, 0.0]",[[0]],[[1]],[[2]],"(0, 12)","(12, 21)","(12, 21)",{},{},{},"['A', 'B']",[],[],0,0,3,3,5,5,B,,,,,,,B,,,,,"{'rtype': 'select-node', 'rtimedn': 43.819, 'rtimeup': 43.819}",,,,,,,"{'rtype': 'select-node', 'rtimedn': 43.605, 'rtimeup': 43.605}",,,,
,,8,3,28,1733272513,BDG-466-4442,TREE-1.2-0.0-0.0,"['fb0b0d94-beb4-4bde-a6af-f8247351d85a', 'c19e100c-c620-4ed1-b9f7-aef47c913450']","['participant', 'participant']","['ghost', 'dodecagon']","['hsla(196, 89%, 61%, 1.0)', 'hsla(135, 67%, 60%, 1.0)']","[[1.0, 0.15480029769288017], [0.15480029769288017, 1.0]]","{0: '', 1: 'A', 2: 'B'}",,1,after,"[True, True]","{'max': 21, 'min': 21, 'avg': 21.0, 'root': 12}","[-10, -10]","[140, 144]",sequential,chance,chance,"[1.0, 1.0]","[0.5, 1.0]","[0.5, 1.0]","[0.5, 1.0]","[0.625, 0.0]","[0.375, 0.0]",[[0]],[[1]],[[2]],"(0, 12)","(12, 21)","(12, 21)",{},{},{},"['A', 'B']",[],[],0,0,4,4,4,2,A,,,,,,,A,,,,,"{'rtype': 'select-node', 'rtimedn': 43.307, 'rtimeup': 43.307}",,,,,,,"{'rtype': 'select-node', 'rtimedn': 43.349, 'rtimeup': 43.349}",,,,
,,8,4,28,1733272508,BDG-620-5551,TREE-1.2-0.0-0.0,"['8f7679ce-e5f4-4d33-abb9-7aa50944662b', '33656bfb-1891-49d7-a90d-e4e7f76ac224']","['robot', 'robot']","['teardrop', 'lemon']","['hsla(229, 89%, 51%, 1.0)', 'hsla(252, 88%, 64%, 1.0)']","[[1.0, 0.03820391962292235], [0.03820391962292235, 1.0]]","{0: '', 1: 'A', 2: 'B'}",,2,after,"[False, False]","{'max': 21, 'min': 21, 'avg': 21.0, 'root': 12}","[0, 0]","[133, 120]",sequential,chance,chance,"[1.0, 1.0]","[0.5, 1.0]","[0.5, 1.0]","[0.5, 1.0]","[0.625, 0.0]","[0.375, 0.0]",[[0]],[[1]],[[2]],"(0, 12)","(12, 21)","(12, 21)",{},{},{},"['A', 'B']",[],[],0,0,5,5,5,1,B,,,,,,,B,,,,,"{'rtype': 'a', 'rtimedn': 4.052, 'rtimeup': 5.011}",,,,,,,"{'rtype': 'd', 'rtimedn': 2.376, 'rtimeup': 4.997}",,,,
,,9,0,28,1733272530,BDG-209-2425,TREE-1.2-0.0-0.0,"['fb0b0d94-beb4-4bde-a6af-f8247351d85a', '338db90f-d024-4e9f-8f78-d53201679dfd']","['participant', 'participant']","['ghost', 'jagged-sun']","['hsla(196, 89%, 61%, 1.0)', 'hsla(36, 67%, 46%, 1.0)']","[[1.0, 0.16249069709749442], [0.16249069709749442, 1.0]]","{0: '', 1: 'A', 2: 'B'}",,2,after,"[True, True]","{'max': 21, 'min': 21, 'avg': 21.0, 'root': 12}","[-10, -10]","[140, 136]",sequential,chance,chance,"[1.0, 1.0]","[0.5, 1.0]","[0.5, 1.0]","[0.5, 1.0]","[0.375, 0.0]","[0.625, 0.0]",[[0]],[[1]],[[2]],"(0, 12)","(12, 21)","(12, 21)",{},{},{},"['A', 'B']",[],[],0,0,2,4,2,5,B,,,,,,,B,,,,,"{'rtype': 'select-node', 'rtimedn': 44.995, 'rtimeup': 44.995}",,,,,,,"{'rtype': 'select-node', 'rtimedn': 45.433, 'rtimeup': 45.433}",,,,
,,9,1,28,1733272530,BDG-336-3432,TREE-1.2-0.0-0.0,"['f06eb4e0-8743-45fc-a756-b58e11ab2484', 'c19e100c-c620-4ed1-b9f7-aef47c913450']","['participant', 'participant']","['arrow-head', 'dodecagon']","['hsla(226, 69%, 59%, 1.0)', 'hsla(135, 67%, 60%, 1.0)']","[[1.0, 0.15306375589183824], [0.15306375589183824, 1.0]]","{0: '', 1: 'A', 2: 'B'}",,1,after,"[True, True]","{'max': 21, 'min': 21, 'avg': 21.0, 'root': 12}","[-10, -10]","[137, 144]",sequential,chance,chance,"[1.0, 1.0]","[0.5, 1.0]","[0.5, 1.0]","[0.5, 1.0]","[0.625, 0.0]","[0.375, 0.0]",[[0]],[[1]],[[2]],"(0, 12)","(12, 21)","(12, 21)",{},{},{},"['A', 'B']",[],[],0,0,3,4,3,2,A,,,,,,,A,,,,,"{'rtype': 'select-node', 'rtimedn': 42.932, 'rtimeup': 42.932}",,,,,,,"{'rtype': 'select-node', 'rtimedn': 44.981, 'rtimeup': 44.981}",,,,
,,9,2,28,1733272529,BDG-325-3411,TREE-1.2-0.0-0.0,"['59fa89c3-96d4-4c5b-971b-50d338762b8c', '33656bfb-1891-49d7-a90d-e4e7f76ac224']","['participant', 'robot']","['hour-glass', 'lemon']","['hsla(287, 69%, 46%, 1.0)', 'hsla(252, 88%, 64%, 1.0)']","[[1.0, 0.16249069709749442], [0.16249069709749442, 1.0]]","{0: '', 1: 'A', 2: 'B'}",,2,after,"[True, False]","{'max': 21, 'min': 21, 'avg': 21.0, 'root': 12}","[-10, 0]","[117, 120]",sequential,chance,chance,"[1.0, 1.0]","[0.5, 1.0]","[0.5, 1.0]","[0.5, 1.0]","[0.375, 0.0]","[0.625, 0.0]",[[0]],[[1]],[[2]],"(0, 12)","(12, 21)","(12, 21)",{},{},{},"['A', 'B']",[],[],0,0,3,4,1,1,B,,,,,,,A,,,,,"{'rtype': 'select-node', 'rtimedn': 44.99, 'rtimeup': 44.99}",,,,,,,"{'rtype': 'd', 'rtimedn': 3.742, 'rtimeup': 4.855}",,,,
,,9,3,28,1733272529,BDG-085-1431,TREE-1.2-0.0-0.0,"['2d705077-65f3-4a05-88c1-c42d58721850', '8f7679ce-e5f4-4d33-abb9-7aa50944662b']","['participant', 'robot']","['squash', 'teardrop']","['hsla(236, 57%, 65%, 1.0)', 'hsla(229, 89%, 51%, 1.0)']","[[1.0, 0.16249069709749442], [0.16249069709749442, 1.0]]","{0: '', 1: 'A', 2: 'B'}",,2,after,"[True, False]","{'max': 21, 'min': 21, 'avg': 21.0, 'root': 12}","[-10, 0]","[130, 133]",sequential,chance,chance,"[1.0, 1.0]","[0.5, 1.0]","[0.5, 1.0]","[0.5, 1.0]","[0.625, 0.0]","[0.375, 0.0]",[[0]],[[1]],[[2]],"(0, 12)","(12, 21)","(12, 21)",{},{},{},"['A', 'B']",[],[],0,0,1,4,3,1,B,,,,,,,B,,,,,"{'rtype': 'select-node', 'rtimedn': 45.013, 'rtimeup': 45.013}",,,,,,,"{'rtype': 'a', 'rtimedn': 4.27, 'rtimeup': 4.68}",,,,
,,9,4,28,1733272535,BDG-288-3234,TREE-1.2-0.0-0.0,"['23c1011e-9d47-4bab-a443-2d015c3a9763', 'd6b4e2dd-f69d-4974-b77e-a4eae15dcc82']","['participant', 'participant']","['teardrop', 'circle']","['hsla(59, 87%, 49%, 1.0)', 'hsla(68, 85%, 39%, 1.0)']","[[1.0, 0.03820391962292235], [0.03820391962292235, 1.0]]","{0: '', 1: 'A', 2: 'B'}",,2,after,"[True, True]","{'max': 21, 'min': 21, 'avg': 21.0, 'root': 12}","[-10, -10]","[-15, 130]",sequential,chance,chance,"[1.0, 1.0]","[0.5, 1.0]","[0.5, 1.0]","[0.5, 1.0]","[0.625, 0.0]","[0.375, 0.0]",[[0]],[[1]],[[2]],"(0, 12)","(12, 21)","(12, 21)",{},{},{},"['A', 'B']",[],[],0,0,3,2,3,4,B,,,,,,,A,,,,,"{'rtype': 'select-node', 'rtimedn': 111.422, 'rtimeup': 111.422}",,,,,,,"{'rtype': 'select-node', 'rtimedn': 45.338, 'rtimeup': 45.338}",,,,
,,10,0,28,1733272545,BDG-027-1213,TREE-1.2-0.0-0.0,"['2d705077-65f3-4a05-88c1-c42d58721850', '59fa89c3-96d4-4c5b-971b-50d338762b8c']","['participant', 'participant']","['squash', 'hour-glass']","['hsla(236, 57%, 65%, 1.0)', 'hsla(287, 69%, 46%, 1.0)']","[[1.0, 0.15306375589183824], [0.15306375589183824, 1.0]]","{0: '', 1: 'A', 2: 'B'}",,2,after,"[True, True]","{'max': 21, 'min': 21, 'avg': 21.0, 'root': 12}","[-10, -10]","[130, 117]",sequential,chance,chance,"[1.0, 1.0]","[0.5, 1.0]","[0.5, 1.0]","[0.5, 1.0]","[0.625, 0.0]","[0.375, 0.0]",[[0]],[[1]],[[2]],"(0, 12)","(12, 21)","(12, 21)",{},{},{},"['A', 'B']",[],[],0,0,1,2,1,3,B,,,,,,,B,,,,,"{'rtype': 'select-node', 'rtimedn': 46.434, 'rtimeup': 46.434}",,,,,,,"{'rtype': 'select-node', 'rtimedn': 46.656, 'rtimeup': 46.656}",,,,
,,10,1,28,1733272550,BDG-582-5423,TREE-1.2-0.0-0.0,"['8f7679ce-e5f4-4d33-abb9-7aa50944662b', '23c1011e-9d47-4bab-a443-2d015c3a9763']","['robot', 'participant']","['teardrop', 'teardrop']","['hsla(229, 89%, 51%, 1.0)', 'hsla(59, 87%, 49%, 1.0)']","[[1.0, 0.15306375589183824], [0.15306375589183824, 1.0]]","{0: '', 1: 'A', 2: 'B'}",,1,after,"[False, True]","{'max': 21, 'min': 21, 'avg': 21.0, 'root': 12}","[0, -10]","[133, -15]",sequential,chance,chance,"[1.0, 1.0]","[0.5, 1.0]","[0.5, 1.0]","[0.5, 1.0]","[0.375, 0.0]","[0.625, 0.0]",[[0]],[[1]],[[2]],"(0, 12)","(12, 21)","(12, 21)",{},{},{},"['A', 'B']",[],[],0,0,5,4,2,3,A,,,,,,,A,,,,,"{'rtype': 'd', 'rtimedn': 0.404, 'rtimeup': 2.504}",,,,,,,"{'rtype': None, 'rtimedn': 13, 'rtimeup': 13}",,,,
,,10,2,28,1733272545,BDG-281-3222,TREE-1.2-0.0-0.0,"['fb0b0d94-beb4-4bde-a6af-f8247351d85a', 'c19e100c-c620-4ed1-b9f7-aef47c913450']","['participant', 'participant']","['ghost', 'dodecagon']","['hsla(196, 89%, 61%, 1.0)', 'hsla(135, 67%, 60%, 1.0)']","[[1.0, 0.15480029769288017], [0.15480029769288017, 1.0]]","{0: '', 1: 'A', 2: 'B'}",,1,after,"[True, True]","{'max': 21, 'min': 21, 'avg': 21.0, 'root': 12}","[-10, -10]","[140, 144]",sequential,chance,chance,"[1.0, 1.0]","[0.5, 1.0]","[0.5, 1.0]","[0.5, 1.0]","[0.375, 0.0]","[0.625, 0.0]",[[0]],[[1]],[[2]],"(0, 12)","(12, 21)","(12, 21)",{},{},{},"['A', 'B']",[],[],0,0,3,2,2,2,A,,,,,,,A,,,,,"{'rtype': 'select-node', 'rtimedn': 46.417, 'rtimeup': 46.417}",,,,,,,"{'rtype': 'select-node', 'rtimedn': 46.483, 'rtimeup': 46.483}",,,,
,,10,3,28,1733272547,BDG-380-4121,TREE-1.2-0.0-0.0,"['338db90f-d024-4e9f-8f78-d53201679dfd', 'd6b4e2dd-f69d-4974-b77e-a4eae15dcc82']","['participant', 'participant']","['jagged-sun', 'circle']","['hsla(36, 67%, 46%, 1.0)', 'hsla(68, 85%, 39%, 1.0)']","[[1.0, 0.13768295708260977], [0.13768295708260977, 1.0]]","{0: '', 1: 'A', 2: 'B'}",,1,after,"[True, True]","{'max': 21, 'min': 21, 'avg': 21.0, 'root': 12}","[-10, -10]","[136, 130]",sequential,chance,chance,"[1.0, 1.0]","[0.5, 1.0]","[0.5, 1.0]","[0.5, 1.0]","[0.375, 0.0]","[0.625, 0.0]",[[0]],[[1]],[[2]],"(0, 12)","(12, 21)","(12, 21)",{},{},{},"['A', 'B']",[],[],0,0,4,1,2,1,A,,,,,,,A,,,,,"{'rtype': 'select-node', 'rtimedn': 46.856, 'rtimeup': 46.856}",,,,,,,"{'rtype': 'select-node', 'rtimedn': 46.971, 'rtimeup': 46.971}",,,,
,,10,4,28,1733272545,BDG-407-4223,TREE-1.2-0.0-0.0,"['33656bfb-1891-49d7-a90d-e4e7f76ac224', 'f06eb4e0-8743-45fc-a756-b58e11ab2484']","['robot', 'participant']","['lemon', 'arrow-head']","['hsla(252, 88%, 64%, 1.0)', 'hsla(226, 69%, 59%, 1.0)']","[[1.0, 0.13768295708260977], [0.13768295708260977, 1.0]]","{0: '', 1: 'A', 2: 'B'}",,2,after,"[False, True]","{'max': 21, 'min': 21, 'avg': 21.0, 'root': 12}","[0, -10]","[120, 137]",sequential,chance,chance,"[1.0, 1.0]","[0.5, 1.0]","[0.5, 1.0]","[0.5, 1.0]","[0.625, 0.0]","[0.375, 0.0]",[[0]],[[1]],[[2]],"(0, 12)","(12, 21)","(12, 21)",{},{},{},"['A', 'B']",[],[],0,0,4,2,2,3,B,,,,,,,B,,,,,"{'rtype': 'a', 'rtimedn': 2.311, 'rtimeup': 2.78}",,,,,,,"{'rtype': 'select-node', 'rtimedn': 44.661, 'rtimeup': 44.661}",,,,
,,11,0,28,1733272560,BDG-379-4115,TREE-1.2-0.0-0.0,"['d6b4e2dd-f69d-4974-b77e-a4eae15dcc82', '33656bfb-1891-49d7-a90d-e4e7f76ac224']","['participant', 'robot']","['circle', 'lemon']","['hsla(68, 85%, 39%, 1.0)', 'hsla(252, 88%, 64%, 1.0)']","[[1.0, 0.07516745224510046], [0.07516745224510046, 1.0]]","{0: '', 1: 'A', 2: 'B'}",,1,after,"[True, False]","{'max': 21, 'min': 21, 'avg': 21.0, 'root': 12}","[-10, 0]","[130, 120]",sequential,chance,chance,"[1.0, 1.0]","[0.5, 1.0]","[0.5, 1.0]","[0.5, 1.0]","[0.625, 0.0]","[0.375, 0.0]",[[0]],[[1]],[[2]],"(0, 12)","(12, 21)","(12, 21)",{},{},{},"['A', 'B']",[],[],0,0,4,1,1,5,A,,,,,,,A,,,,,"{'rtype': 'select-node', 'rtimedn': 48.262, 'rtimeup': 48.262}",,,,,,,"{'rtype': 'd', 'rtimedn': 3.722, 'rtimeup': 5.514}",,,,
,,11,1,28,1733272560,BDG-309-3325,TREE-1.2-0.0-0.0,"['c19e100c-c620-4ed1-b9f7-aef47c913450', 'fb0b0d94-beb4-4bde-a6af-f8247351d85a']","['participant', 'participant']","['dodecagon', 'ghost']","['hsla(135, 67%, 60%, 1.0)', 'hsla(196, 89%, 61%, 1.0)']","[[1.0, 0.15480029769288017], [0.15480029769288017, 1.0]]","{0: '', 1: 'A', 2: 'B'}",,1,after,"[True, True]","{'max': 21, 'min': 21, 'avg': 21.0, 'root': 12}","[-10, -10]","[144, 140]",sequential,chance,chance,"[1.0, 1.0]","[0.5, 1.0]","[0.5, 1.0]","[0.5, 1.0]","[0.625, 0.0]","[0.375, 0.0]",[[0]],[[1]],[[2]],"(0, 12)","(12, 21)","(12, 21)",{},{},{},"['A', 'B']",[],[],0,0,3,3,2,5,A,,,,,,,B,,,,,"{'rtype': 'select-node', 'rtimedn': 47.751, 'rtimeup': 47.751}",,,,,,,"{'rtype': 'select-node', 'rtimedn': 47.979, 'rtimeup': 47.979}",,,,
,,11,2,28,1733272559,BDG-206-2422,TREE-1.2-0.0-0.0,"['f06eb4e0-8743-45fc-a756-b58e11ab2484', '8f7679ce-e5f4-4d33-abb9-7aa50944662b']","['participant', 'robot']","['arrow-head', 'teardrop']","['hsla(226, 69%, 59%, 1.0)', 'hsla(229, 89%, 51%, 1.0)']","[[1.0, 0.19573306871743984], [0.19573306871743984, 1.0]]","{0: '', 1: 'A', 2: 'B'}",,1,after,"[True, False]","{'max': 21, 'min': 21, 'avg': 21.0, 'root': 12}","[-10, 0]","[137, 133]",sequential,chance,chance,"[1.0, 1.0]","[0.5, 1.0]","[0.5, 1.0]","[0.5, 1.0]","[0.625, 0.0]","[0.375, 0.0]",[[0]],[[1]],[[2]],"(0, 12)","(12, 21)","(12, 21)",{},{},{},"['A', 'B']",[],[],0,0,2,4,2,2,A,,,,,,,A,,,,,"{'rtype': 'select-node', 'rtimedn': 46.032, 'rtimeup': 46.032}",,,,,,,"{'rtype': 'd', 'rtimedn': 3.937, 'rtimeup': 4.814}",,,,
,,11,3,28,1733272565,BDG-503-5114,TREE-1.2-0.0-0.0,"['2d705077-65f3-4a05-88c1-c42d58721850', '23c1011e-9d47-4bab-a443-2d015c3a9763']","['participant', 'participant']","['squash', 'teardrop']","['hsla(236, 57%, 65%, 1.0)', 'hsla(59, 87%, 49%, 1.0)']","[[1.0, 0.13768295708260977], [0.13768295708260977, 1.0]]","{0: '', 1: 'A', 2: 'B'}",,1,after,"[True, True]","{'max': 21, 'min': 21, 'avg': 21.0, 'root': 12}","[-10, -10]","[130, -15]",sequential,chance,chance,"[1.0, 1.0]","[0.5, 1.0]","[0.5, 1.0]","[0.5, 1.0]","[0.375, 0.0]","[0.625, 0.0]",[[0]],[[1]],[[2]],"(0, 12)","(12, 21)","(12, 21)",{},{},{},"['A', 'B']",[],[],0,0,5,1,1,4,A,,,,,,,B,,,,,"{'rtype': 'select-node', 'rtimedn': 47.901, 'rtimeup': 47.901}",,,,,,,"{'rtype': None, 'rtimedn': 13, 'rtimeup': 13}",,,,
,,11,4,28,1733272560,BDG-332-3423,TREE-1.2-0.0-0.0,"['338db90f-d024-4e9f-8f78-d53201679dfd', '59fa89c3-96d4-4c5b-971b-50d338762b8c']","['participant', 'participant']","['jagged-sun', 'hour-glass']","['hsla(36, 67%, 46%, 1.0)', 'hsla(287, 69%, 46%, 1.0)']","[[1.0, 0.03820391962292235], [0.03820391962292235, 1.0]]","{0: '', 1: 'A', 2: 'B'}",,1,after,"[True, True]","{'max': 21, 'min': 21, 'avg': 21.0, 'root': 12}","[-10, -10]","[136, 117]",sequential,chance,chance,"[1.0, 1.0]","[0.5, 1.0]","[0.5, 1.0]","[0.5, 1.0]","[0.625, 0.0]","[0.375, 0.0]",[[0]],[[1]],[[2]],"(0, 12)","(12, 21)","(12, 21)",{},{},{},"['A', 'B']",[],[],0,0,3,4,2,3,A,,,,,,,A,,,,,"{'rtype': 'select-node', 'rtimedn': 48.547, 'rtimeup': 48.547}",,,,,,,"{'rtype': 'select-node', 'rtimedn': 48.008, 'rtimeup': 48.008}",,,,
,,12,0,28,1733272573,BDG-582-5423,TREE-1.2-0.0-0.0,"['fb0b0d94-beb4-4bde-a6af-f8247351d85a', 'c19e100c-c620-4ed1-b9f7-aef47c913450']","['participant', 'participant']","['ghost', 'dodecagon']","['hsla(196, 89%, 61%, 1.0)', 'hsla(135, 67%, 60%, 1.0)']","[[1.0, 0.15480029769288017], [0.15480029769288017, 1.0]]","{0: '', 1: 'A', 2: 'B'}",,1,after,"[True, True]","{'max': 21, 'min': 21, 'avg': 21.0, 'root': 12}","[-10, -10]","[140, 144]",sequential,chance,chance,"[1.0, 1.0]","[0.5, 1.0]","[0.5, 1.0]","[0.5, 1.0]","[0.375, 0.0]","[0.625, 0.0]",[[0]],[[1]],[[2]],"(0, 12)","(12, 21)","(12, 21)",{},{},{},"['A', 'B']",[],[],0,0,5,4,2,3,A,,,,,,,A,,,,,"{'rtype': 'select-node', 'rtimedn': 49.304, 'rtimeup': 49.304}",,,,,,,"{'rtype': 'select-node', 'rtimedn': 49.196, 'rtimeup': 49.196}",,,,
,,12,1,28,1733272575,BDG-159-2225,TREE-1.2-0.0-0.0,"['8f7679ce-e5f4-4d33-abb9-7aa50944662b', '59fa89c3-96d4-4c5b-971b-50d338762b8c']","['robot', 'participant']","['teardrop', 'hour-glass']","['hsla(229, 89%, 51%, 1.0)', 'hsla(287, 69%, 46%, 1.0)']","[[1.0, 0.07516745224510046], [0.07516745224510046, 1.0]]","{0: '', 1: 'A', 2: 'B'}",,1,after,"[False, True]","{'max': 21, 'min': 21, 'avg': 21.0, 'root': 12}","[0, -10]","[133, 117]",sequential,chance,chance,"[1.0, 1.0]","[0.5, 1.0]","[0.5, 1.0]","[0.5, 1.0]","[0.625, 0.0]","[0.375, 0.0]",[[0]],[[1]],[[2]],"(0, 12)","(12, 21)","(12, 21)",{},{},{},"['A', 'B']",[],[],0,0,2,2,2,5,A,,,,,,,A,,,,,"{'rtype': 'd', 'rtimedn': 3.365, 'rtimeup': 4.275}",,,,,,,"{'rtype': 'select-node', 'rtimedn': 49.603, 'rtimeup': 49.603}",,,,
,,12,2,28,1733272573,BDG-454-4415,TREE-1.2-0.0-0.0,"['33656bfb-1891-49d7-a90d-e4e7f76ac224', 'f06eb4e0-8743-45fc-a756-b58e11ab2484']","['robot', 'participant']","['lemon', 'arrow-head']","['hsla(252, 88%, 64%, 1.0)', 'hsla(226, 69%, 59%, 1.0)']","[[1.0, 0.13768295708260977], [0.13768295708260977, 1.0]]","{0: '', 1: 'A', 2: 'B'}",,1,after,"[False, True]","{'max': 21, 'min': 21, 'avg': 21.0, 'root': 12}","[0, -10]","[120, 137]",sequential,chance,chance,"[1.0, 1.0]","[0.5, 1.0]","[0.5, 1.0]","[0.5, 1.0]","[0.625, 0.0]","[0.375, 0.0]",[[0]],[[1]],[[2]],"(0, 12)","(12, 21)","(12, 21)",{},{},{},"['A', 'B']",[],[],0,0,4,4,1,5,A,,,,,,,B,,,,,"{'rtype': 'a', 'rtimedn': 7.048, 'rtimeup': 9.617}",,,,,,,"{'rtype': 'select-node', 'rtimedn': 47.387, 'rtimeup': 47.387}",,,,
,,12,3,28,1733272574,BDG-256-3122,TREE-1.2-0.0-0.0,"['338db90f-d024-4e9f-8f78-d53201679dfd', '2d705077-65f3-4a05-88c1-c42d58721850']","['participant', 'participant']","['jagged-sun', 'squash']","['hsla(36, 67%, 46%, 1.0)', 'hsla(236, 57%, 65%, 1.0)']","[[1.0, 0.19573306871743984], [0.19573306871743984, 1.0]]","{0: '', 1: 'A', 2: 'B'}",,2,after,"[True, True]","{'max': 21, 'min': 21, 'avg': 21.0, 'root': 12}","[-10, -10]","[136, 130]",sequential,chance,chance,"[1.0, 1.0]","[0.5, 1.0]","[0.5, 1.0]","[0.5, 1.0]","[0.625, 0.0]","[0.375, 0.0]",[[0]],[[1]],[[2]],"(0, 12)","(12, 21)","(12, 21)",{},{},{},"['A', 'B']",[],[],0,0,3,1,2,2,B,,,,,,,B,,,,,"{'rtype': 'select-node', 'rtimedn': 49.886, 'rtimeup': 49.886}",,,,,,,"{'rtype': 'select-node', 'rtimedn': 49.531, 'rtimeup': 49.531}",,,,
,,12,4,28,1733272576,BDG-229-2515,TREE-1.2-0.0-0.0,"['23c1011e-9d47-4bab-a443-2d015c3a9763', 'd6b4e2dd-f69d-4974-b77e-a4eae15dcc82']","['participant', 'participant']","['teardrop', 'circle']","['hsla(59, 87%, 49%, 1.0)', 'hsla(68, 85%, 39%, 1.0)']","[[1.0, 0.03820391962292235], [0.03820391962292235, 1.0]]","{0: '', 1: 'A', 2: 'B'}",,1,after,"[True, True]","{'max': 21, 'min': 21, 'avg': 21.0, 'root': 12}","[-10, -10]","[-15, 130]",sequential,chance,chance,"[1.0, 1.0]","[0.5, 1.0]","[0.5, 1.0]","[0.5, 1.0]","[0.625, 0.0]","[0.375, 0.0]",[[0]],[[1]],[[2]],"(0, 12)","(12, 21)","(12, 21)",{},{},{},"['A', 'B']",[],[],0,0,2,5,1,5,A,,,,,,,A,,,,,"{'rtype': 'select-node', 'rtimedn': 115.337, 'rtimeup': 115.337}",,,,,,,"{'rtype': 'select-node', 'rtimedn': 49.876, 'rtimeup': 49.876}",,,,
,,13,0,28,1733272590,BDG-440-4341,TREE-1.2-0.0-0.0,"['fb0b0d94-beb4-4bde-a6af-f8247351d85a', '33656bfb-1891-49d7-a90d-e4e7f76ac224']","['participant', 'robot']","['ghost', 'lemon']","['hsla(196, 89%, 61%, 1.0)', 'hsla(252, 88%, 64%, 1.0)']","[[1.0, 0.19573306871743984], [0.19573306871743984, 1.0]]","{0: '', 1: 'A', 2: 'B'}",,1,after,"[True, False]","{'max': 21, 'min': 21, 'avg': 21.0, 'root': 12}","[-10, 0]","[140, 120]",sequential,chance,chance,"[1.0, 1.0]","[0.5, 1.0]","[0.5, 1.0]","[0.5, 1.0]","[0.375, 0.0]","[0.625, 0.0]",[[0]],[[1]],[[2]],"(0, 12)","(12, 21)","(12, 21)",{},{},{},"['A', 'B']",[],[],0,0,4,3,4,1,A,,,,,,,A,,,,,"{'rtype': 'select-node', 'rtimedn': 51.05, 'rtimeup': 51.05}",,,,,,,"{'rtype': 'a', 'rtimedn': 5.874, 'rtimeup': 6.49}",,,,
,,13,1,28,1733272585,BDG-484-4525,TREE-1.2-0.0-0.0,"['338db90f-d024-4e9f-8f78-d53201679dfd', '2d705077-65f3-4a05-88c1-c42d58721850']","['participant', 'participant']","['jagged-sun', 'squash']","['hsla(36, 67%, 46%, 1.0)', 'hsla(236, 57%, 65%, 1.0)']","[[1.0, 0.19573306871743984], [0.19573306871743984, 1.0]]","{0: '', 1: 'A', 2: 'B'}",,1,after,"[True, True]","{'max': 21, 'min': 21, 'avg': 21.0, 'root': 12}","[-10, -10]","[136, 130]",sequential,chance,chance,"[1.0, 1.0]","[0.5, 1.0]","[0.5, 1.0]","[0.5, 1.0]","[0.375, 0.0]","[0.625, 0.0]",[[0]],[[1]],[[2]],"(0, 12)","(12, 21)","(12, 21)",{},{},{},"['A', 'B']",[],[],0,0,4,5,2,5,A,,,,,,,A,,,,,"{'rtype': 'select-node', 'rtimedn': 51.007, 'rtimeup': 51.007}",,,,,,,"{'rtype': 'select-node', 'rtimedn': 50.526, 'rtimeup': 50.526}",,,,
,,13,2,28,1733272591,BDG-466-4442,TREE-1.2-0.0-0.0,"['23c1011e-9d47-4bab-a443-2d015c3a9763', '8f7679ce-e5f4-4d33-abb9-7aa50944662b']","['participant', 'robot']","['teardrop', 'teardrop']","['hsla(59, 87%, 49%, 1.0)', 'hsla(229, 89%, 51%, 1.0)']","[[1.0, 0.15306375589183824], [0.15306375589183824, 1.0]]","{0: '', 1: 'A', 2: 'B'}",,2,after,"[True, False]","{'max': 21, 'min': 21, 'avg': 21.0, 'root': 12}","[-10, 0]","[-15, 133]",sequential,chance,chance,"[1.0, 1.0]","[0.5, 1.0]","[0.5, 1.0]","[0.5, 1.0]","[0.625, 0.0]","[0.375, 0.0]",[[0]],[[1]],[[2]],"(0, 12)","(12, 21)","(12, 21)",{},{},{},"['A', 'B']",[],[],0,0,4,4,4,2,B,,,,,,,A,,,,,"{'rtype': None, 'rtimedn': 13, 'rtimeup': 13}",,,,,,,"{'rtype': 'a', 'rtimedn': 1.91, 'rtimeup': 2.935}",,,,
,,13,3,28,1733272587,BDG-096-1452,TREE-1.2-0.0-0.0,"['d6b4e2dd-f69d-4974-b77e-a4eae15dcc82', 'f06eb4e0-8743-45fc-a756-b58e11ab2484']","['participant', 'participant']","['circle', 'arrow-head']","['hsla(68, 85%, 39%, 1.0)', 'hsla(226, 69%, 59%, 1.0)']","[[1.0, 0.16249069709749442], [0.16249069709749442, 1.0]]","{0: '', 1: 'A', 2: 'B'}",,2,after,"[True, True]","{'max': 21, 'min': 21, 'avg': 21.0, 'root': 12}","[-10, -10]","[130, 137]",sequential,chance,chance,"[1.0, 1.0]","[0.5, 1.0]","[0.5, 1.0]","[0.5, 1.0]","[0.625, 0.0]","[0.375, 0.0]",[[0]],[[1]],[[2]],"(0, 12)","(12, 21)","(12, 21)",{},{},{},"['A', 'B']",[],[],0,0,1,4,5,2,B,,,,,,,A,,,,,"{'rtype': 'select-node', 'rtimedn': 50.786, 'rtimeup': 50.786}",,,,,,,"{'rtype': 'select-node', 'rtimedn': 48.794, 'rtimeup': 48.794}",,,,
,,13,4,28,1733272586,BDG-488-4534,TREE-1.2-0.0-0.0,"['59fa89c3-96d4-4c5b-971b-50d338762b8c', 'c19e100c-c620-4ed1-b9f7-aef47c913450']","['participant', 'participant']","['hour-glass', 'dodecagon']","['hsla(287, 69%, 46%, 1.0)', 'hsla(135, 67%, 60%, 1.0)']","[[1.0, 0.13768295708260977], [0.13768295708260977, 1.0]]","{0: '', 1: 'A', 2: 'B'}",,1,after,"[True, True]","{'max': 21, 'min': 21, 'avg': 21.0, 'root': 12}","[-10, -10]","[117, 144]",sequential,chance,chance,"[1.0, 1.0]","[0.5, 1.0]","[0.5, 1.0]","[0.5, 1.0]","[0.625, 0.0]","[0.375, 0.0]",[[0]],[[1]],[[2]],"(0, 12)","(12, 21)","(12, 21)",{},{},{},"['A', 'B']",[],[],0,0,4,5,3,4,A,,,,,,,A,,,,,"{'rtype': 'select-node', 'rtimedn': 50.746, 'rtimeup': 50.746}",,,,,,,"{'rtype': 'select-node', 'rtimedn': 50.619, 'rtimeup': 50.619}",,,,
,,14,0,28,1733272601,BDG-363-3534,TREE-1.2-0.0-0.0,"['33656bfb-1891-49d7-a90d-e4e7f76ac224', '338db90f-d024-4e9f-8f78-d53201679dfd']","['robot', 'participant']","['lemon', 'jagged-sun']","['hsla(252, 88%, 64%, 1.0)', 'hsla(36, 67%, 46%, 1.0)']","[[1.0, 0.15306375589183824], [0.15306375589183824, 1.0]]","{0: '', 1: 'A', 2: 'B'}",,1,after,"[False, True]","{'max': 21, 'min': 21, 'avg': 21.0, 'root': 12}","[0, -10]","[120, 136]",sequential,chance,chance,"[1.0, 1.0]","[0.5, 1.0]","[0.5, 1.0]","[0.5, 1.0]","[0.625, 0.0]","[0.375, 0.0]",[[0]],[[1]],[[2]],"(0, 12)","(12, 21)","(12, 21)",{},{},{},"['A', 'B']",[],[],0,0,3,5,3,4,A,,,,,,,A,,,,,"{'rtype': 'd', 'rtimedn': 1.457, 'rtimeup': 2.469}",,,,,,,"{'rtype': 'select-node', 'rtimedn': 52.58, 'rtimeup': 52.58}",,,,
,,14,1,28,1733272602,BDG-327-3413,TREE-1.2-0.0-0.0,"['d6b4e2dd-f69d-4974-b77e-a4eae15dcc82', 'c19e100c-c620-4ed1-b9f7-aef47c913450']","['participant', 'participant']","['circle', 'dodecagon']","['hsla(68, 85%, 39%, 1.0)', 'hsla(135, 67%, 60%, 1.0)']","[[1.0, 0.19573306871743984], [0.19573306871743984, 1.0]]","{0: '', 1: 'A', 2: 'B'}",,1,after,"[True, True]","{'max': 21, 'min': 21, 'avg': 21.0, 'root': 12}","[-10, -10]","[130, 144]",sequential,chance,chance,"[1.0, 1.0]","[0.5, 1.0]","[0.5, 1.0]","[0.5, 1.0]","[0.625, 0.0]","[0.375, 0.0]",[[0]],[[1]],[[2]],"(0, 12)","(12, 21)","(12, 21)",{},{},{},"['A', 'B']",[],[],0,0,3,4,1,3,A,,,,,,,A,,,,,"{'rtype': 'select-node', 'rtimedn': 52.403, 'rtimeup': 52.403}",,,,,,,"{'rtype': 'select-node', 'rtimedn': 51.945, 'rtimeup': 51.945}",,,,
,,14,2,28,1733272600,BDG-558-5324,TREE-1.2-0.0-0.0,"['f06eb4e0-8743-45fc-a756-b58e11ab2484', '8f7679ce-e5f4-4d33-abb9-7aa50944662b']","['participant', 'robot']","['arrow-head', 'teardrop']","['hsla(226, 69%, 59%, 1.0)', 'hsla(229, 89%, 51%, 1.0)']","[[1.0, 0.19573306871743984], [0.19573306871743984, 1.0]]","{0: '', 1: 'A', 2: 'B'}",,1,after,"[True, False]","{'max': 21, 'min': 21, 'avg': 21.0, 'root': 12}","[-10, 0]","[137, 133]",sequential,chance,chance,"[1.0, 1.0]","[0.5, 1.0]","[0.5, 1.0]","[0.5, 1.0]","[0.375, 0.0]","[0.625, 0.0]",[[0]],[[1]],[[2]],"(0, 12)","(12, 21)","(12, 21)",{},{},{},"['A', 'B']",[],[],0,0,5,3,2,4,A,,,,,,,A,,,,,"{'rtype': 'select-node', 'rtimedn': 50.082, 'rtimeup': 50.082}",,,,,,,"{'rtype': 'a', 'rtimedn': 2.63, 'rtimeup': 5.252}",,,,
,,14,3,28,1733272601,BDG-602-5513,TREE-1.2-0.0-0.0,"['59fa89c3-96d4-4c5b-971b-50d338762b8c', 'fb0b0d94-beb4-4bde-a6af-f8247351d85a']","['participant', 'participant']","['hour-glass', 'ghost']","['hsla(287, 69%, 46%, 1.0)', 'hsla(196, 89%, 61%, 1.0)']","[[1.0, 0.030513520218308113], [0.030513520218308113, 1.0]]","{0: '', 1: 'A', 2: 'B'}",,1,after,"[True, True]","{'max': 21, 'min': 21, 'avg': 21.0, 'root': 12}","[-10, -10]","[117, 140]",sequential,chance,chance,"[1.0, 1.0]","[0.5, 1.0]","[0.5, 1.0]","[0.5, 1.0]","[0.625, 0.0]","[0.375, 0.0]",[[0]],[[1]],[[2]],"(0, 12)","(12, 21)","(12, 21)",{},{},{},"['A', 'B']",[],[],0,0,5,5,1,3,A,,,,,,,A,,,,,"{'rtype': 'select-node', 'rtimedn': 52.114, 'rtimeup': 52.114}",,,,,,,"{'rtype': 'select-node', 'rtimedn': 52.117, 'rtimeup': 52.117}",,,,
,,14,4,28,1733272599,BDG-118-1544,TREE-1.2-0.0-0.0,"['23c1011e-9d47-4bab-a443-2d015c3a9763', '2d705077-65f3-4a05-88c1-c42d58721850']","['participant', 'participant']","['teardrop', 'squash']","['hsla(59, 87%, 49%, 1.0)', 'hsla(236, 57%, 65%, 1.0)']","[[1.0, 0.13768295708260977], [0.13768295708260977, 1.0]]","{0: '', 1: 'A', 2: 'B'}",,2,after,"[True, True]","{'max': 21, 'min': 21, 'avg': 21.0, 'root': 12}","[-10, -10]","[-15, 130]",sequential,chance,chance,"[1.0, 1.0]","[0.5, 1.0]","[0.5, 1.0]","[0.5, 1.0]","[0.375, 0.0]","[0.625, 0.0]",[[0]],[[1]],[[2]],"(0, 12)","(12, 21)","(12, 21)",{},{},{},"['A', 'B']",[],[],0,0,1,5,4,4,B,,,,,,,B,,,,,"{'rtype': 'select-node', 'rtimedn': 117.805, 'rtimeup': 117.805}",,,,,,,"{'rtype': 'select-node', 'rtimedn': 52.017, 'rtimeup': 52.017}",,,,
,,15,0,28,1733272610,BDG-455-4421,TREE-1.2-0.0-0.0,"['fb0b0d94-beb4-4bde-a6af-f8247351d85a', '338db90f-d024-4e9f-8f78-d53201679dfd']","['participant', 'participant']","['ghost', 'jagged-sun']","['hsla(196, 89%, 61%, 1.0)', 'hsla(36, 67%, 46%, 1.0)']","[[1.0, 0.16249069709749442], [0.16249069709749442, 1.0]]","{0: '', 1: 'A', 2: 'B'}",,1,after,"[True, True]","{'max': 21, 'min': 21, 'avg': 21.0, 'root': 12}","[-10, -10]","[140, 136]",sequential,chance,chance,"[1.0, 1.0]","[0.5, 1.0]","[0.5, 1.0]","[0.5, 1.0]","[0.375, 0.0]","[0.625, 0.0]",[[0]],[[1]],[[2]],"(0, 12)","(12, 21)","(12, 21)",{},{},{},"['A', 'B']",[],[],0,0,4,4,2,1,A,,,,,,,A,,,,,"{'rtype': 'select-node', 'rtimedn': 52.961, 'rtimeup': 52.961}",,,,,,,"{'rtype': 'select-node', 'rtimedn': 53.515, 'rtimeup': 53.515}",,,,
,,15,1,28,1733272616,BDG-529-5215,TREE-1.2-0.0-0.0,"['23c1011e-9d47-4bab-a443-2d015c3a9763', '8f7679ce-e5f4-4d33-abb9-7aa50944662b']","['participant', 'robot']","['teardrop', 'teardrop']","['hsla(59, 87%, 49%, 1.0)', 'hsla(229, 89%, 51%, 1.0)']","[[1.0, 0.15306375589183824], [0.15306375589183824, 1.0]]","{0: '', 1: 'A', 2: 'B'}",,1,after,"[True, False]","{'max': 21, 'min': 21, 'avg': 21.0, 'root': 12}","[-10, 0]","[-15, 133]",sequential,chance,chance,"[1.0, 1.0]","[0.5, 1.0]","[0.5, 1.0]","[0.5, 1.0]","[0.375, 0.0]","[0.625, 0.0]",[[0]],[[1]],[[2]],"(0, 12)","(12, 21)","(12, 21)",{},{},{},"['A', 'B']",[],[],0,0,5,2,1,5,A,,,,,,,A,,,,,"{'rtype': None, 'rtimedn': 13, 'rtimeup': 13}",,,,,,,"{'rtype': 'a', 'rtimedn': 4.894, 'rtimeup': 7.255}",,,,
,,15,2,28,1733272611,BDG-348-3454,TREE-1.2-0.0-0.0,"['2d705077-65f3-4a05-88c1-c42d58721850', 'd6b4e2dd-f69d-4974-b77e-a4eae15dcc82']","['participant', 'participant']","['squash', 'circle']","['hsla(236, 57%, 65%, 1.0)', 'hsla(68, 85%, 39%, 1.0)']","[[1.0, 0.030513520218308113], [0.030513520218308113, 1.0]]","{0: '', 1: 'A', 2: 'B'}",,2,after,"[True, True]","{'max': 21, 'min': 21, 'avg': 21.0, 'root': 12}","[-10, -10]","[130, 130]",sequential,chance,chance,"[1.0, 1.0]","[0.5, 1.0]","[0.5, 1.0]","[0.5, 1.0]","[0.625, 0.0]","[0.375, 0.0]",[[0]],[[1]],[[2]],"(0, 12)","(12, 21)","(12, 21)",{},{},{},"['A', 'B']",[],[],0,0,3,4,5,4,B,,,,,,,B,,,,,"{'rtype': 'select-node', 'rtimedn': 53.248, 'rtimeup': 53.248}",,,,,,,"{'rtype': 'select-node', 'rtimedn': 53.37, 'rtimeup': 53.37}",,,,
,,15,3,28,1733272611,BDG-534-5225,TREE-1.2-0.0-0.0,"['c19e100c-c620-4ed1-b9f7-aef47c913450', 'f06eb4e0-8743-45fc-a756-b58e11ab2484']","['participant', 'participant']","['dodecagon', 'arrow-head']","['hsla(135, 67%, 60%, 1.0)', 'hsla(226, 69%, 59%, 1.0)']","[[1.0, 0.15306375589183824], [0.15306375589183824, 1.0]]","{0: '', 1: 'A', 2: 'B'}",,1,after,"[True, True]","{'max': 21, 'min': 21, 'avg': 21.0, 'root': 12}","[-10, -10]","[144, 137]",sequential,chance,chance,"[1.0, 1.0]","[0.5, 1.0]","[0.5, 1.0]","[0.5, 1.0]","[0.375, 0.0]","[0.625, 0.0]",[[0]],[[1]],[[2]],"(0, 12)","(12, 21)","(12, 21)",{},{},{},"['A', 'B']",[],[],0,0,5,2,2,5,A,,,,,,,B,,,,,"{'rtype': 'select-node', 'rtimedn': 53.098, 'rtimeup': 53.098}",,,,,,,"{'rtype': 'select-node', 'rtimedn': 51.122, 'rtimeup': 51.122}",,,,
,,15,4,28,1733272613,BDG-117-1543,TREE-1.2-0.0-0.0,"['59fa89c3-96d4-4c5b-971b-50d338762b8c', '33656bfb-1891-49d7-a90d-e4e7f76ac224']","['participant', 'robot']","['hour-glass', 'lemon']","['hsla(287, 69%, 46%, 1.0)', 'hsla(252, 88%, 64%, 1.0)']","[[1.0, 0.16249069709749442], [0.16249069709749442, 1.0]]","{0: '', 1: 'A', 2: 'B'}",,2,after,"[True, False]","{'max': 21, 'min': 21, 'avg': 21.0, 'root': 12}","[-10, 0]","[117, 120]",sequential,chance,chance,"[1.0, 1.0]","[0.5, 1.0]","[0.5, 1.0]","[0.5, 1.0]","[0.375, 0.0]","[0.625, 0.0]",[[0]],[[1]],[[2]],"(0, 12)","(12, 21)","(12, 21)",{},{},{},"['A', 'B']",[],[],0,0,1,5,4,3,B,,,,,,,B,,,,,"{'rtype': 'select-node', 'rtimedn': 53.425, 'rtimeup': 53.425}",,,,,,,"{'rtype': 'd', 'rtimedn': 3.264, 'rtimeup': 5.783}",,,,
,,16,0,28,1733272628,BDG-529-5215,TREE-1.2-0.0-0.0,"['23c1011e-9d47-4bab-a443-2d015c3a9763', '8f7679ce-e5f4-4d33-abb9-7aa50944662b']","['participant', 'robot']","['teardrop', 'teardrop']","['hsla(59, 87%, 49%, 1.0)', 'hsla(229, 89%, 51%, 1.0)']","[[1.0, 0.15306375589183824], [0.15306375589183824, 1.0]]","{0: '', 1: 'A', 2: 'B'}",,2,after,"[True, False]","{'max': 21, 'min': 21, 'avg': 21.0, 'root': 12}","[-10, 0]","[-15, 133]",sequential,chance,chance,"[1.0, 1.0]","[0.5, 1.0]","[0.5, 1.0]","[0.5, 1.0]","[0.375, 0.0]","[0.625, 0.0]",[[0]],[[1]],[[2]],"(0, 12)","(12, 21)","(12, 21)",{},{},{},"['A', 'B']",[],[],0,0,5,2,1,5,B,,,,,,,A,,,,,"{'rtype': 'select-node', 'rtimedn': 120.691, 'rtimeup': 120.691}",,,,,,,"{'rtype': 'a', 'rtimedn': 2.629, 'rtimeup': 3.278}",,,,
,,16,1,28,1733272626,BDG-206-2422,TREE-1.2-0.0-0.0,"['2d705077-65f3-4a05-88c1-c42d58721850', '338db90f-d024-4e9f-8f78-d53201679dfd']","['participant', 'participant']","['squash', 'jagged-sun']","['hsla(236, 57%, 65%, 1.0)', 'hsla(36, 67%, 46%, 1.0)']","[[1.0, 0.19573306871743984], [0.19573306871743984, 1.0]]","{0: '', 1: 'A', 2: 'B'}",,1,after,"[True, True]","{'max': 21, 'min': 21, 'avg': 21.0, 'root': 12}","[-10, -10]","[130, 136]",sequential,chance,chance,"[1.0, 1.0]","[0.5, 1.0]","[0.5, 1.0]","[0.5, 1.0]","[0.625, 0.0]","[0.375, 0.0]",[[0]],[[1]],[[2]],"(0, 12)","(12, 21)","(12, 21)",{},{},{},"['A', 'B']",[],[],0,0,2,4,2,2,A,,,,,,,A,,,,,"{'rtype': 'select-node', 'rtimedn': 54.597, 'rtimeup': 54.597}",,,,,,,"{'rtype': 'select-node', 'rtimedn': 55.061, 'rtimeup': 55.061}",,,,
,,16,2,28,1733272625,BDG-297-3253,TREE-1.2-0.0-0.0,"['f06eb4e0-8743-45fc-a756-b58e11ab2484', 'c19e100c-c620-4ed1-b9f7-aef47c913450']","['participant', 'participant']","['arrow-head', 'dodecagon']","['hsla(226, 69%, 59%, 1.0)', 'hsla(135, 67%, 60%, 1.0)']","[[1.0, 0.15306375589183824], [0.15306375589183824, 1.0]]","{0: '', 1: 'A', 2: 'B'}",,2,after,"[True, True]","{'max': 21, 'min': 21, 'avg': 21.0, 'root': 12}","[-10, -10]","[137, 144]",sequential,chance,chance,"[1.0, 1.0]","[0.5, 1.0]","[0.5, 1.0]","[0.5, 1.0]","[0.375, 0.0]","[0.625, 0.0]",[[0]],[[1]],[[2]],"(0, 12)","(12, 21)","(12, 21)",{},{},{},"['A', 'B']",[],[],0,0,3,2,5,3,B,,,,,,,B,,,,,"{'rtype': 'select-node', 'rtimedn': 52.473, 'rtimeup': 52.473}",,,,,,,"{'rtype': 'select-node', 'rtimedn': 54.525, 'rtimeup': 54.525}",,,,
,,16,3,28,1733272626,BDG-152-2213,TREE-1.2-0.0-0.0,"['fb0b0d94-beb4-4bde-a6af-f8247351d85a', 'd6b4e2dd-f69d-4974-b77e-a4eae15dcc82']","['participant', 'participant']","['ghost', 'circle']","['hsla(196, 89%, 61%, 1.0)', 'hsla(68, 85%, 39%, 1.0)']","[[1.0, 0.15306375589183824], [0.15306375589183824, 1.0]]","{0: '', 1: 'A', 2: 'B'}",,1,after,"[True, True]","{'max': 21, 'min': 21, 'avg': 21.0, 'root': 12}","[-10, -10]","[140, 130]",sequential,chance,chance,"[1.0, 1.0]","[0.5, 1.0]","[0.5, 1.0]","[0.5, 1.0]","[0.625, 0.0]","[0.375, 0.0]",[[0]],[[1]],[[2]],"(0, 12)","(12, 21)","(12, 21)",{},{},{},"['A', 'B']",[],[],0,0,2,2,1,3,A,,,,,,,A,,,,,"{'rtype': 'select-node', 'rtimedn': 54.602, 'rtimeup': 54.602}",,,,,,,"{'rtype': 'select-node', 'rtimedn': 54.86, 'rtimeup': 54.86}",,,,
,,16,4,28,1733272627,BDG-469-4445,TREE-1.2-0.0-0.0,"['59fa89c3-96d4-4c5b-971b-50d338762b8c', '33656bfb-1891-49d7-a90d-e4e7f76ac224']","['participant', 'robot']","['hour-glass', 'lemon']","['hsla(287, 69%, 46%, 1.0)', 'hsla(252, 88%, 64%, 1.0)']","[[1.0, 0.16249069709749442], [0.16249069709749442, 1.0]]","{0: '', 1: 'A', 2: 'B'}",,2,after,"[True, False]","{'max': 21, 'min': 21, 'avg': 21.0, 'root': 12}","[-10, 0]","[117, 120]",sequential,chance,chance,"[1.0, 1.0]","[0.5, 1.0]","[0.5, 1.0]","[0.5, 1.0]","[0.625, 0.0]","[0.375, 0.0]",[[0]],[[1]],[[2]],"(0, 12)","(12, 21)","(12, 21)",{},{},{},"['A', 'B']",[],[],0,0,4,4,4,5,B,,,,,,,B,,,,,"{'rtype': 'select-node', 'rtimedn': 54.792, 'rtimeup': 54.792}",,,,,,,"{'rtype': 'd', 'rtimedn': 8.828, 'rtimeup': 9.37}",,,,
,,17,0,28,1733272635,BDG-115-1541,TREE-1.2-0.0-0.0,"['8f7679ce-e5f4-4d33-abb9-7aa50944662b', 'c19e100c-c620-4ed1-b9f7-aef47c913450']","['robot', 'participant']","['teardrop', 'dodecagon']","['hsla(229, 89%, 51%, 1.0)', 'hsla(135, 67%, 60%, 1.0)']","[[1.0, 0.0523443314314066], [0.0523443314314066, 1.0]]","{0: '', 1: 'A', 2: 'B'}",,2,after,"[False, True]","{'max': 21, 'min': 21, 'avg': 21.0, 'root': 12}","[0, -10]","[133, 144]",sequential,chance,chance,"[1.0, 1.0]","[0.5, 1.0]","[0.5, 1.0]","[0.5, 1.0]","[0.625, 0.0]","[0.375, 0.0]",[[0]],[[1]],[[2]],"(0, 12)","(12, 21)","(12, 21)",{},{},{},"['A', 'B']",[],[],0,0,1,5,4,1,B,,,,,,,B,,,,,"{'rtype': 'd', 'rtimedn': 1.996, 'rtimeup': 3.204}",,,,,,,"{'rtype': 'select-node', 'rtimedn': 55.514, 'rtimeup': 55.514}",,,,
,,17,1,28,1733272636,BDG-297-3253,TREE-1.2-0.0-0.0,"['fb0b0d94-beb4-4bde-a6af-f8247351d85a', 'f06eb4e0-8743-45fc-a756-b58e11ab2484']","['participant', 'participant']","['ghost', 'arrow-head']","['hsla(196, 89%, 61%, 1.0)', 'hsla(226, 69%, 59%, 1.0)']","[[1.0, 0.03820391962292235], [0.03820391962292235, 1.0]]","{0: '', 1: 'A', 2: 'B'}",,2,after,"[True, True]","{'max': 21, 'min': 21, 'avg': 21.0, 'root': 12}","[-10, -10]","[140, 137]",sequential,chance,chance,"[1.0, 1.0]","[0.5, 1.0]","[0.5, 1.0]","[0.5, 1.0]","[0.375, 0.0]","[0.625, 0.0]",[[0]],[[1]],[[2]],"(0, 12)","(12, 21)","(12, 21)",{},{},{},"['A', 'B']",[],[],0,0,3,2,5,3,B,,,,,,,B,,,,,"{'rtype': 'select-node', 'rtimedn': 55.571, 'rtimeup': 55.571}",,,,,,,"{'rtype': 'select-node', 'rtimedn': 53.715, 'rtimeup': 53.715}",,,,
,,17,2,28,1733272636,BDG-264-3135,TREE-1.2-0.0-0.0,"['2d705077-65f3-4a05-88c1-c42d58721850', '33656bfb-1891-49d7-a90d-e4e7f76ac224']","['participant', 'robot']","['squash', 'lemon']","['hsla(236, 57%, 65%, 1.0)', 'hsla(252, 88%, 64%, 1.0)']","[[1.0, 0.15480029769288017], [0.15480029769288017, 1.0]]","{0: '', 1: 'A', 2: 'B'}",,2,after,"[True, False]","{'max': 21, 'min': 21, 'avg': 21.0, 'root': 12}","[-10, 0]","[130, 120]",sequential,chance,chance,"[1.0, 1.0]","[0.5, 1.0]","[0.5, 1.0]","[0.5, 1.0]","[0.375, 0.0]","[0.625, 0.0]",[[0]],[[1]],[[2]],"(0, 12)","(12, 21)","(12, 21)",{},{},{},"['A', 'B']",[],[],0,0,3,1,3,5,B,,,,,,,B,,,,,"{'rtype': 'select-node', 'rtimedn': 55.747, 'rtimeup': 55.747}",,,,,,,"{'rtype': 'd', 'rtimedn': 0.815, 'rtimeup': 3.089}",,,,
,,17,3,28,1733272638,BDG-573-5354,TREE-1.2-0.0-0.0,"['338db90f-d024-4e9f-8f78-d53201679dfd', 'd6b4e2dd-f69d-4974-b77e-a4eae15dcc82']","['participant', 'participant']","['jagged-sun', 'circle']","['hsla(36, 67%, 46%, 1.0)', 'hsla(68, 85%, 39%, 1.0)']","[[1.0, 0.13768295708260977], [0.13768295708260977, 1.0]]","{0: '', 1: 'A', 2: 'B'}",,2,after,"[True, True]","{'max': 21, 'min': 21, 'avg': 21.0, 'root': 12}","[-10, -10]","[136, 130]",sequential,chance,chance,"[1.0, 1.0]","[0.5, 1.0]","[0.5, 1.0]","[0.5, 1.0]","[0.625, 0.0]","[0.375, 0.0]",[[0]],[[1]],[[2]],"(0, 12)","(12, 21)","(12, 21)",{},{},{},"['A', 'B']",[],[],0,0,5,3,5,4,B,,,,,,,B,,,,,"{'rtype': 'select-node', 'rtimedn': 56.184, 'rtimeup': 56.184}",,,,,,,"{'rtype': 'select-node', 'rtimedn': 56.012, 'rtimeup': 56.012}",,,,
,,17,4,28,1733272643,BDG-032-1223,TREE-1.2-0.0-0.0,"['23c1011e-9d47-4bab-a443-2d015c3a9763', '59fa89c3-96d4-4c5b-971b-50d338762b8c']","['participant', 'participant']","['teardrop', 'hour-glass']","['hsla(59, 87%, 49%, 1.0)', 'hsla(287, 69%, 46%, 1.0)']","[[1.0, 0.19573306871743984], [0.19573306871743984, 1.0]]","{0: '', 1: 'A', 2: 'B'}",,2,after,"[True, True]","{'max': 21, 'min': 21, 'avg': 21.0, 'root': 12}","[-10, -10]","[-15, 117]",sequential,chance,chance,"[1.0, 1.0]","[0.5, 1.0]","[0.5, 1.0]","[0.5, 1.0]","[0.625, 0.0]","[0.375, 0.0]",[[0]],[[1]],[[2]],"(0, 12)","(12, 21)","(12, 21)",{},{},{},"['A', 'B']",[],[],0,0,1,2,2,3,B,,,,,,,B,,,,,"{'rtype': None, 'rtimedn': 13, 'rtimeup': 13}",,,,,,,"{'rtype': None, 'rtimedn': 13, 'rtimeup': 13}",,,,
,,18,0,28,1733272651,BDG-276-3212,TREE-1.2-0.0-0.0,"['f06eb4e0-8743-45fc-a756-b58e11ab2484', '338db90f-d024-4e9f-8f78-d53201679dfd']","['participant', 'participant']","['arrow-head', 'jagged-sun']","['hsla(226, 69%, 59%, 1.0)', 'hsla(36, 67%, 46%, 1.0)']","[[1.0, 0.0523443314314066], [0.0523443314314066, 1.0]]","{0: '', 1: 'A', 2: 'B'}",,1,after,"[True, True]","{'max': 21, 'min': 21, 'avg': 21.0, 'root': 12}","[-10, -10]","[137, 136]",sequential,chance,chance,"[1.0, 1.0]","[0.5, 1.0]","[0.5, 1.0]","[0.5, 1.0]","[0.625, 0.0]","[0.375, 0.0]",[[0]],[[1]],[[2]],"(0, 12)","(12, 21)","(12, 21)",{},{},{},"['A', 'B']",[],[],0,0,3,2,1,2,A,,,,,,,A,,,,,"{'rtype': 'select-node', 'rtimedn': 55.17, 'rtimeup': 55.17}",,,,,,,"{'rtype': 'select-node', 'rtimedn': 57.583, 'rtimeup': 57.583}",,,,
,,18,1,28,1733272651,BDG-221-2452,TREE-1.2-0.0-0.0,"['33656bfb-1891-49d7-a90d-e4e7f76ac224', 'c19e100c-c620-4ed1-b9f7-aef47c913450']","['robot', 'participant']","['lemon', 'dodecagon']","['hsla(252, 88%, 64%, 1.0)', 'hsla(135, 67%, 60%, 1.0)']","[[1.0, 0.030513520218308113], [0.030513520218308113, 1.0]]","{0: '', 1: 'A', 2: 'B'}",,2,after,"[False, True]","{'max': 21, 'min': 21, 'avg': 21.0, 'root': 12}","[0, -10]","[120, 144]",sequential,chance,chance,"[1.0, 1.0]","[0.5, 1.0]","[0.5, 1.0]","[0.5, 1.0]","[0.625, 0.0]","[0.375, 0.0]",[[0]],[[1]],[[2]],"(0, 12)","(12, 21)","(12, 21)",{},{},{},"['A', 'B']",[],[],0,0,2,4,5,2,B,,,,,,,B,,,,,"{'rtype': 'd', 'rtimedn': 6.752, 'rtimeup': 8.271}",,,,,,,"{'rtype': 'select-node', 'rtimedn': 57.103, 'rtimeup': 57.103}",,,,
,,18,2,28,1733272653,BDG-304-3315,TREE-1.2-0.0-0.0,"['d6b4e2dd-f69d-4974-b77e-a4eae15dcc82', '8f7679ce-e5f4-4d33-abb9-7aa50944662b']","['participant', 'robot']","['circle', 'teardrop']","['hsla(68, 85%, 39%, 1.0)', 'hsla(229, 89%, 51%, 1.0)']","[[1.0, 0.15480029769288017], [0.15480029769288017, 1.0]]","{0: '', 1: 'A', 2: 'B'}",,1,after,"[True, False]","{'max': 21, 'min': 21, 'avg': 21.0, 'root': 12}","[-10, 0]","[130, 133]",sequential,chance,chance,"[1.0, 1.0]","[0.5, 1.0]","[0.5, 1.0]","[0.5, 1.0]","[0.625, 0.0]","[0.375, 0.0]",[[0]],[[1]],[[2]],"(0, 12)","(12, 21)","(12, 21)",{},{},{},"['A', 'B']",[],[],0,0,3,3,1,5,A,,,,,,,A,,,,,"{'rtype': 'select-node', 'rtimedn': 57.571, 'rtimeup': 57.571}",,,,,,,"{'rtype': 'a', 'rtimedn': 5.876, 'rtimeup': 6.944}",,,,
,,18,3,28,1733272653,BDG-091-1442,TREE-1.2-0.0-0.0,"['59fa89c3-96d4-4c5b-971b-50d338762b8c', '2d705077-65f3-4a05-88c1-c42d58721850']","['participant', 'participant']","['hour-glass', 'squash']","['hsla(287, 69%, 46%, 1.0)', 'hsla(236, 57%, 65%, 1.0)']","[[1.0, 0.15306375589183824], [0.15306375589183824, 1.0]]","{0: '', 1: 'A', 2: 'B'}",,2,after,"[True, True]","{'max': 21, 'min': 21, 'avg': 21.0, 'root': 12}","[-10, -10]","[117, 130]",sequential,chance,chance,"[1.0, 1.0]","[0.5, 1.0]","[0.5, 1.0]","[0.5, 1.0]","[0.375, 0.0]","[0.625, 0.0]",[[0]],[[1]],[[2]],"(0, 12)","(12, 21)","(12, 21)",{},{},{},"['A', 'B']",[],[],0,0,1,4,4,2,B,,,,,,,B,,,,,"{'rtype': 'select-node', 'rtimedn': 57.18, 'rtimeup': 57.18}",,,,,,,"{'rtype': 'select-node', 'rtimedn': 57.396, 'rtimeup': 57.396}",,,,
,,18,4,28,1733272653,BDG-105-1521,TREE-1.2-0.0-0.0,"['fb0b0d94-beb4-4bde-a6af-f8247351d85a', '23c1011e-9d47-4bab-a443-2d015c3a9763']","['participant', 'participant']","['ghost', 'teardrop']","['hsla(196, 89%, 61%, 1.0)', 'hsla(59, 87%, 49%, 1.0)']","[[1.0, 0.07516745224510046], [0.07516745224510046, 1.0]]","{0: '', 1: 'A', 2: 'B'}",,1,after,"[True, True]","{'max': 21, 'min': 21, 'avg': 21.0, 'root': 12}","[-10, -10]","[140, -15]",sequential,chance,chance,"[1.0, 1.0]","[0.5, 1.0]","[0.5, 1.0]","[0.5, 1.0]","[0.625, 0.0]","[0.375, 0.0]",[[0]],[[1]],[[2]],"(0, 12)","(12, 21)","(12, 21)",{},{},{},"['A', 'B']",[],[],0,0,1,5,2,1,A,,,,,,,A,,,,,"{'rtype': 'select-node', 'rtimedn': 57.328, 'rtimeup': 57.328}",,,,,,,"{'rtype': 'select-node', 'rtimedn': 122.94, 'rtimeup': 122.94}",,,,
,,19,0,28,1733272663,BDG-469-4445,TREE-1.2-0.0-0.0,"['2d705077-65f3-4a05-88c1-c42d58721850', '8f7679ce-e5f4-4d33-abb9-7aa50944662b']","['participant', 'robot']","['squash', 'teardrop']","['hsla(236, 57%, 65%, 1.0)', 'hsla(229, 89%, 51%, 1.0)']","[[1.0, 0.16249069709749442], [0.16249069709749442, 1.0]]","{0: '', 1: 'A', 2: 'B'}",,2,after,"[True, False]","{'max': 21, 'min': 21, 'avg': 21.0, 'root': 12}","[-10, 0]","[130, 133]",sequential,chance,chance,"[1.0, 1.0]","[0.5, 1.0]","[0.5, 1.0]","[0.5, 1.0]","[0.625, 0.0]","[0.375, 0.0]",[[0]],[[1]],[[2]],"(0, 12)","(12, 21)","(12, 21)",{},{},{},"['A', 'B']",[],[],0,0,4,4,4,5,B,,,,,,,B,,,,,"{'rtype': 'select-node', 'rtimedn': 58.388, 'rtimeup': 58.388}",,,,,,,"{'rtype': 'a', 'rtimedn': 0.266, 'rtimeup': 3.072}",,,,
,,19,1,28,1733272665,BDG-302-3313,TREE-1.2-0.0-0.0,"['d6b4e2dd-f69d-4974-b77e-a4eae15dcc82', '33656bfb-1891-49d7-a90d-e4e7f76ac224']","['participant', 'robot']","['circle', 'lemon']","['hsla(68, 85%, 39%, 1.0)', 'hsla(252, 88%, 64%, 1.0)']","[[1.0, 0.07516745224510046], [0.07516745224510046, 1.0]]","{0: '', 1: 'A', 2: 'B'}",,1,after,"[True, False]","{'max': 21, 'min': 21, 'avg': 21.0, 'root': 12}","[-10, 0]","[130, 120]",sequential,chance,chance,"[1.0, 1.0]","[0.5, 1.0]","[0.5, 1.0]","[0.5, 1.0]","[0.375, 0.0]","[0.625, 0.0]",[[0]],[[1]],[[2]],"(0, 12)","(12, 21)","(12, 21)",{},{},{},"['A', 'B']",[],[],0,0,3,3,1,3,A,,,,,,,A,,,,,"{'rtype': 'select-node', 'rtimedn': 58.786, 'rtimeup': 58.786}",,,,,,,"{'rtype': 'a', 'rtimedn': 6.499, 'rtimeup': 6.694}",,,,
,,19,2,28,1733272668,BDG-083-1424,TREE-1.2-0.0-0.0,"['23c1011e-9d47-4bab-a443-2d015c3a9763', '338db90f-d024-4e9f-8f78-d53201679dfd']","['participant', 'participant']","['teardrop', 'jagged-sun']","['hsla(59, 87%, 49%, 1.0)', 'hsla(36, 67%, 46%, 1.0)']","[[1.0, 0.15480029769288017], [0.15480029769288017, 1.0]]","{0: '', 1: 'A', 2: 'B'}",,1,after,"[True, True]","{'max': 21, 'min': 21, 'avg': 21.0, 'root': 12}","[-10, -10]","[-15, 136]",sequential,chance,chance,"[1.0, 1.0]","[0.5, 1.0]","[0.5, 1.0]","[0.5, 1.0]","[0.375, 0.0]","[0.625, 0.0]",[[0]],[[1]],[[2]],"(0, 12)","(12, 21)","(12, 21)",{},{},{},"['A', 'B']",[],[],0,0,1,4,2,4,A,,,,,,,B,,,,,"{'rtype': None, 'rtimedn': 13, 'rtimeup': 13}",,,,,,,"{'rtype': 'select-node', 'rtimedn': 58.645, 'rtimeup': 58.645}",,,,
,,19,3,28,1733272665,BDG-146-2152,TREE-1.2-0.0-0.0,"['c19e100c-c620-4ed1-b9f7-aef47c913450', 'fb0b0d94-beb4-4bde-a6af-f8247351d85a']","['participant', 'participant']","['dodecagon', 'ghost']","['hsla(135, 67%, 60%, 1.0)', 'hsla(196, 89%, 61%, 1.0)']","[[1.0, 0.15480029769288017], [0.15480029769288017, 1.0]]","{0: '', 1: 'A', 2: 'B'}",,2,after,"[True, True]","{'max': 21, 'min': 21, 'avg': 21.0, 'root': 12}","[-10, -10]","[144, 140]",sequential,chance,chance,"[1.0, 1.0]","[0.5, 1.0]","[0.5, 1.0]","[0.5, 1.0]","[0.625, 0.0]","[0.375, 0.0]",[[0]],[[1]],[[2]],"(0, 12)","(12, 21)","(12, 21)",{},{},{},"['A', 'B']",[],[],0,0,2,1,5,2,B,,,,,,,B,,,,,"{'rtype': 'select-node', 'rtimedn': 58.397, 'rtimeup': 58.397}",,,,,,,"{'rtype': 'select-node', 'rtimedn': 58.461, 'rtimeup': 58.461}",,,,
,,19,4,28,1733272662,BDG-613-5534,TREE-1.2-0.0-0.0,"['59fa89c3-96d4-4c5b-971b-50d338762b8c', 'f06eb4e0-8743-45fc-a756-b58e11ab2484']","['participant', 'participant']","['hour-glass', 'arrow-head']","['hsla(287, 69%, 46%, 1.0)', 'hsla(226, 69%, 59%, 1.0)']","[[1.0, 0.15480029769288017], [0.15480029769288017, 1.0]]","{0: '', 1: 'A', 2: 'B'}",,1,after,"[True, True]","{'max': 21, 'min': 21, 'avg': 21.0, 'root': 12}","[-10, -10]","[117, 137]",sequential,chance,chance,"[1.0, 1.0]","[0.5, 1.0]","[0.5, 1.0]","[0.5, 1.0]","[0.625, 0.0]","[0.375, 0.0]",[[0]],[[1]],[[2]],"(0, 12)","(12, 21)","(12, 21)",{},{},{},"['A', 'B']",[],[],0,0,5,5,3,4,A,,,,,,,A,,,,,"{'rtype': 'select-node', 'rtimedn': 58.327, 'rtimeup': 58.327}",,,,,,,"{'rtype': 'select-node', 'rtimedn': 56.283, 'rtimeup': 56.283}",,,,
,,20,0,28,1733272678,BDG-273-3154,TREE-1.2-0.0-0.0,"['23c1011e-9d47-4bab-a443-2d015c3a9763', '2d705077-65f3-4a05-88c1-c42d58721850']","['participant', 'participant']","['teardrop', 'squash']","['hsla(59, 87%, 49%, 1.0)', 'hsla(236, 57%, 65%, 1.0)']","[[1.0, 0.13768295708260977], [0.13768295708260977, 1.0]]","{0: '', 1: 'A', 2: 'B'}",,1,after,"[True, True]","{'max': 21, 'min': 21, 'avg': 21.0, 'root': 12}","[-10, -10]","[-15, 130]",sequential,chance,chance,"[1.0, 1.0]","[0.5, 1.0]","[0.5, 1.0]","[0.5, 1.0]","[0.625, 0.0]","[0.375, 0.0]",[[0]],[[1]],[[2]],"(0, 12)","(12, 21)","(12, 21)",{},{},{},"['A', 'B']",[],[],0,0,3,1,5,4,A,,,,,,,B,,,,,"{'rtype': 'select-node', 'rtimedn': 125.68, 'rtimeup': 125.68}",,,,,,,"{'rtype': 'select-node', 'rtimedn': 59.752, 'rtimeup': 59.752}",,,,
,,20,1,28,1733272679,BDG-521-5152,TREE-1.2-0.0-0.0,"['d6b4e2dd-f69d-4974-b77e-a4eae15dcc82', 'fb0b0d94-beb4-4bde-a6af-f8247351d85a']","['participant', 'participant']","['circle', 'ghost']","['hsla(68, 85%, 39%, 1.0)', 'hsla(196, 89%, 61%, 1.0)']","[[1.0, 0.15306375589183824], [0.15306375589183824, 1.0]]","{0: '', 1: 'A', 2: 'B'}",,1,after,"[True, True]","{'max': 21, 'min': 21, 'avg': 21.0, 'root': 12}","[-10, -10]","[130, 140]",sequential,chance,chance,"[1.0, 1.0]","[0.5, 1.0]","[0.5, 1.0]","[0.5, 1.0]","[0.625, 0.0]","[0.375, 0.0]",[[0]],[[1]],[[2]],"(0, 12)","(12, 21)","(12, 21)",{},{},{},"['A', 'B']",[],[],0,0,5,1,5,2,A,,,,,,,B,,,,,"{'rtype': 'select-node', 'rtimedn': 60.087, 'rtimeup': 60.087}",,,,,,,"{'rtype': 'select-node', 'rtimedn': 59.732, 'rtimeup': 59.732}",,,,
,,20,2,28,1733272676,BDG-052-1313,TREE-1.2-0.0-0.0,"['33656bfb-1891-49d7-a90d-e4e7f76ac224', '338db90f-d024-4e9f-8f78-d53201679dfd']","['robot', 'participant']","['lemon', 'jagged-sun']","['hsla(252, 88%, 64%, 1.0)', 'hsla(36, 67%, 46%, 1.0)']","[[1.0, 0.15306375589183824], [0.15306375589183824, 1.0]]","{0: '', 1: 'A', 2: 'B'}",,1,after,"[False, True]","{'max': 21, 'min': 21, 'avg': 21.0, 'root': 12}","[0, -10]","[120, 136]",sequential,chance,chance,"[1.0, 1.0]","[0.5, 1.0]","[0.5, 1.0]","[0.5, 1.0]","[0.375, 0.0]","[0.625, 0.0]",[[0]],[[1]],[[2]],"(0, 12)","(12, 21)","(12, 21)",{},{},{},"['A', 'B']",[],[],0,0,1,3,1,3,A,,,,,,,A,,,,,"{'rtype': 'd', 'rtimedn': 2.605, 'rtimeup': 3.514}",,,,,,,"{'rtype': 'select-node', 'rtimedn': 60.109, 'rtimeup': 60.109}",,,,
,,20,3,28,1733272679,BDG-021-1152,TREE-1.2-0.0-0.0,"['59fa89c3-96d4-4c5b-971b-50d338762b8c', 'c19e100c-c620-4ed1-b9f7-aef47c913450']","['participant', 'participant']","['hour-glass', 'dodecagon']","['hsla(287, 69%, 46%, 1.0)', 'hsla(135, 67%, 60%, 1.0)']","[[1.0, 0.13768295708260977], [0.13768295708260977, 1.0]]","{0: '', 1: 'A', 2: 'B'}",,2,after,"[True, True]","{'max': 21, 'min': 21, 'avg': 21.0, 'root': 12}","[-10, -10]","[117, 144]",sequential,chance,chance,"[1.0, 1.0]","[0.5, 1.0]","[0.5, 1.0]","[0.5, 1.0]","[0.625, 0.0]","[0.375, 0.0]",[[0]],[[1]],[[2]],"(0, 12)","(12, 21)","(12, 21)",{},{},{},"['A', 'B']",[],[],0,0,1,1,5,2,B,,,,,,,B,,,,,"{'rtype': 'select-node', 'rtimedn': 59.751, 'rtimeup': 59.751}",,,,,,,"{'rtype': 'select-node', 'rtimedn': 59.879, 'rtimeup': 59.879}",,,,
,,20,4,28,1733272677,BDG-122-1553,TREE-1.2-0.0-0.0,"['8f7679ce-e5f4-4d33-abb9-7aa50944662b', 'f06eb4e0-8743-45fc-a756-b58e11ab2484']","['robot', 'participant']","['teardrop', 'arrow-head']","['hsla(229, 89%, 51%, 1.0)', 'hsla(226, 69%, 59%, 1.0)']","[[1.0, 0.19573306871743984], [0.19573306871743984, 1.0]]","{0: '', 1: 'A', 2: 'B'}",,1,after,"[False, True]","{'max': 21, 'min': 21, 'avg': 21.0, 'root': 12}","[0, -10]","[133, 137]",sequential,chance,chance,"[1.0, 1.0]","[0.5, 1.0]","[0.5, 1.0]","[0.5, 1.0]","[0.625, 0.0]","[0.375, 0.0]",[[0]],[[1]],[[2]],"(0, 12)","(12, 21)","(12, 21)",{},{},{},"['A', 'B']",[],[],0,0,1,5,5,3,A,,,,,,,A,,,,,"{'rtype': 'd', 'rtimedn': 5.419, 'rtimeup': 7.096}",,,,,,,"{'rtype': 'select-node', 'rtimedn': 57.771, 'rtimeup': 57.771}",,,,
,,21,0,28,1733272686,BDG-311-3332,TREE-1.2-0.0-0.0,"['8f7679ce-e5f4-4d33-abb9-7aa50944662b', '2d705077-65f3-4a05-88c1-c42d58721850']","['robot', 'participant']","['teardrop', 'squash']","['hsla(229, 89%, 51%, 1.0)', 'hsla(236, 57%, 65%, 1.0)']","[[1.0, 0.16249069709749442], [0.16249069709749442, 1.0]]","{0: '', 1: 'A', 2: 'B'}",,1,after,"[False, True]","{'max': 21, 'min': 21, 'avg': 21.0, 'root': 12}","[0, -10]","[133, 130]",sequential,chance,chance,"[1.0, 1.0]","[0.5, 1.0]","[0.5, 1.0]","[0.5, 1.0]","[0.625, 0.0]","[0.375, 0.0]",[[0]],[[1]],[[2]],"(0, 12)","(12, 21)","(12, 21)",{},{},{},"['A', 'B']",[],[],0,0,3,3,3,2,A,,,,,,,A,,,,,"{'rtype': 'd', 'rtimedn': 0.475, 'rtimeup': 1.065}",,,,,,,"{'rtype': 'select-node', 'rtimedn': 60.752, 'rtimeup': 60.752}",,,,
,,21,1,28,1733272688,BDG-041-1242,TREE-1.2-0.0-0.0,"['23c1011e-9d47-4bab-a443-2d015c3a9763', '59fa89c3-96d4-4c5b-971b-50d338762b8c']","['participant', 'participant']","['teardrop', 'hour-glass']","['hsla(59, 87%, 49%, 1.0)', 'hsla(287, 69%, 46%, 1.0)']","[[1.0, 0.19573306871743984], [0.19573306871743984, 1.0]]","{0: '', 1: 'A', 2: 'B'}",,1,after,"[True, True]","{'max': 21, 'min': 21, 'avg': 21.0, 'root': 12}","[-10, -10]","[-15, 117]",sequential,chance,chance,"[1.0, 1.0]","[0.5, 1.0]","[0.5, 1.0]","[0.5, 1.0]","[0.375, 0.0]","[0.625, 0.0]",[[0]],[[1]],[[2]],"(0, 12)","(12, 21)","(12, 21)",{},{},{},"['A', 'B']",[],[],0,0,1,2,4,2,A,,,,,,,B,,,,,"{'rtype': 'select-node', 'rtimedn': 126.715, 'rtimeup': 126.715}",,,,,,,"{'rtype': 'select-node', 'rtimedn': 60.79, 'rtimeup': 60.79}",,,,
,,21,2,28,1733272687,BDG-220-2451,TREE-1.2-0.0-0.0,"['33656bfb-1891-49d7-a90d-e4e7f76ac224', '338db90f-d024-4e9f-8f78-d53201679dfd']","['robot', 'participant']","['lemon', 'jagged-sun']","['hsla(252, 88%, 64%, 1.0)', 'hsla(36, 67%, 46%, 1.0)']","[[1.0, 0.15306375589183824], [0.15306375589183824, 1.0]]","{0: '', 1: 'A', 2: 'B'}",,1,after,"[False, True]","{'max': 21, 'min': 21, 'avg': 21.0, 'root': 12}","[0, -10]","[120, 136]",sequential,chance,chance,"[1.0, 1.0]","[0.5, 1.0]","[0.5, 1.0]","[0.5, 1.0]","[0.375, 0.0]","[0.625, 0.0]",[[0]],[[1]],[[2]],"(0, 12)","(12, 21)","(12, 21)",{},{},{},"['A', 'B']",[],[],0,0,2,4,5,1,A,,,,,,,B,,,,,"{'rtype': 'd', 'rtimedn': 3.956, 'rtimeup': 7.821}",,,,,,,"{'rtype': 'select-node', 'rtimedn': 61.232, 'rtimeup': 61.232}",,,,
,,21,3,28,1733272690,BDG-405-4221,TREE-1.2-0.0-0.0,"['f06eb4e0-8743-45fc-a756-b58e11ab2484', 'd6b4e2dd-f69d-4974-b77e-a4eae15dcc82']","['participant', 'participant']","['arrow-head', 'circle']","['hsla(226, 69%, 59%, 1.0)', 'hsla(68, 85%, 39%, 1.0)']","[[1.0, 0.16249069709749442], [0.16249069709749442, 1.0]]","{0: '', 1: 'A', 2: 'B'}",,1,after,"[True, True]","{'max': 21, 'min': 21, 'avg': 21.0, 'root': 12}","[-10, -10]","[137, 130]",sequential,chance,chance,"[1.0, 1.0]","[0.5, 1.0]","[0.5, 1.0]","[0.5, 1.0]","[0.375, 0.0]","[0.625, 0.0]",[[0]],[[1]],[[2]],"(0, 12)","(12, 21)","(12, 21)",{},{},{},"['A', 'B']",[],[],0,0,4,2,2,1,A,,,,,,,A,,,,,"{'rtype': 'select-node', 'rtimedn': 58.753, 'rtimeup': 58.753}",,,,,,,"{'rtype': 'select-node', 'rtimedn': 61.245, 'rtimeup': 61.245}",,,,
,,21,4,28,1733272687,BDG-465-4441,TREE-1.2-0.0-0.0,"['c19e100c-c620-4ed1-b9f7-aef47c913450', 'fb0b0d94-beb4-4bde-a6af-f8247351d85a']","['participant', 'participant']","['dodecagon', 'ghost']","['hsla(135, 67%, 60%, 1.0)', 'hsla(196, 89%, 61%, 1.0)']","[[1.0, 0.15480029769288017], [0.15480029769288017, 1.0]]","{0: '', 1: 'A', 2: 'B'}",,1,after,"[True, True]","{'max': 21, 'min': 21, 'avg': 21.0, 'root': 12}","[-10, -10]","[144, 140]",sequential,chance,chance,"[1.0, 1.0]","[0.5, 1.0]","[0.5, 1.0]","[0.5, 1.0]","[0.625, 0.0]","[0.375, 0.0]",[[0]],[[1]],[[2]],"(0, 12)","(12, 21)","(12, 21)",{},{},{},"['A', 'B']",[],[],0,0,4,4,4,1,A,,,,,,,A,,,,,"{'rtype': 'select-node', 'rtimedn': 60.703, 'rtimeup': 60.703}",,,,,,,"{'rtype': 'select-node', 'rtimedn': 60.732, 'rtimeup': 60.732}",,,,
,,22,0,28,1733272702,BDG-340-3441,TREE-1.2-0.0-0.0,"['fb0b0d94-beb4-4bde-a6af-f8247351d85a', '8f7679ce-e5f4-4d33-abb9-7aa50944662b']","['participant', 'robot']","['ghost', 'teardrop']","['hsla(196, 89%, 61%, 1.0)', 'hsla(229, 89%, 51%, 1.0)']","[[1.0, 0.13768295708260977], [0.13768295708260977, 1.0]]","{0: '', 1: 'A', 2: 'B'}",,2,after,"[True, False]","{'max': 21, 'min': 21, 'avg': 21.0, 'root': 12}","[-10, 0]","[140, 133]",sequential,chance,chance,"[1.0, 1.0]","[0.5, 1.0]","[0.5, 1.0]","[0.5, 1.0]","[0.625, 0.0]","[0.375, 0.0]",[[0]],[[1]],[[2]],"(0, 12)","(12, 21)","(12, 21)",{},{},{},"['A', 'B']",[],[],0,0,3,4,4,1,B,,,,,,,B,,,,,"{'rtype': 'select-node', 'rtimedn': 62.251, 'rtimeup': 62.251}",,,,,,,"{'rtype': 'd', 'rtimedn': 9.404, 'rtimeup': 11.066}",,,,
,,22,1,28,1733272700,BDG-516-5142,TREE-1.2-0.0-0.0,"['d6b4e2dd-f69d-4974-b77e-a4eae15dcc82', 'f06eb4e0-8743-45fc-a756-b58e11ab2484']","['participant', 'participant']","['circle', 'arrow-head']","['hsla(68, 85%, 39%, 1.0)', 'hsla(226, 69%, 59%, 1.0)']","[[1.0, 0.16249069709749442], [0.16249069709749442, 1.0]]","{0: '', 1: 'A', 2: 'B'}",,1,after,"[True, True]","{'max': 21, 'min': 21, 'avg': 21.0, 'root': 12}","[-10, -10]","[130, 137]",sequential,chance,chance,"[1.0, 1.0]","[0.5, 1.0]","[0.5, 1.0]","[0.5, 1.0]","[0.625, 0.0]","[0.375, 0.0]",[[0]],[[1]],[[2]],"(0, 12)","(12, 21)","(12, 21)",{},{},{},"['A', 'B']",[],[],0,0,5,1,4,2,A,,,,,,,B,,,,,"{'rtype': 'select-node', 'rtimedn': 62.192, 'rtimeup': 62.192}",,,,,,,"{'rtype': 'select-node', 'rtimedn': 59.961, 'rtimeup': 59.961}",,,,
,,22,2,28,1733272701,BDG-444-4345,TREE-1.2-0.0-0.0,"['338db90f-d024-4e9f-8f78-d53201679dfd', '33656bfb-1891-49d7-a90d-e4e7f76ac224']","['participant', 'robot']","['jagged-sun', 'lemon']","['hsla(36, 67%, 46%, 1.0)', 'hsla(252, 88%, 64%, 1.0)']","[[1.0, 0.15306375589183824], [0.15306375589183824, 1.0]]","{0: '', 1: 'A', 2: 'B'}",,2,after,"[True, False]","{'max': 21, 'min': 21, 'avg': 21.0, 'root': 12}","[-10, 0]","[136, 120]",sequential,chance,chance,"[1.0, 1.0]","[0.5, 1.0]","[0.5, 1.0]","[0.5, 1.0]","[0.625, 0.0]","[0.375, 0.0]",[[0]],[[1]],[[2]],"(0, 12)","(12, 21)","(12, 21)",{},{},{},"['A', 'B']",[],[],0,0,4,3,4,5,B,,,,,,,B,,,,,"{'rtype': 'select-node', 'rtimedn': 62.552, 'rtimeup': 62.552}",,,,,,,"{'rtype': 'd', 'rtimedn': 2.146, 'rtimeup': 3.532}",,,,
,,22,3,28,1733272699,BDG-546-5252,TREE-1.2-0.0-0.0,"['2d705077-65f3-4a05-88c1-c42d58721850', '59fa89c3-96d4-4c5b-971b-50d338762b8c']","['participant', 'participant']","['squash', 'hour-glass']","['hsla(236, 57%, 65%, 1.0)', 'hsla(287, 69%, 46%, 1.0)']","[[1.0, 0.15306375589183824], [0.15306375589183824, 1.0]]","{0: '', 1: 'A', 2: 'B'}",,2,after,"[True, True]","{'max': 21, 'min': 21, 'avg': 21.0, 'root': 12}","[-10, -10]","[130, 117]",sequential,chance,chance,"[1.0, 1.0]","[0.5, 1.0]","[0.5, 1.0]","[0.5, 1.0]","[0.625, 0.0]","[0.375, 0.0]",[[0]],[[1]],[[2]],"(0, 12)","(12, 21)","(12, 21)",{},{},{},"['A', 'B']",[],[],0,0,5,2,5,2,B,,,,,,,A,,,,,"{'rtype': 'select-node', 'rtimedn': 61.974, 'rtimeup': 61.974}",,,,,,,"{'rtype': 'select-node', 'rtimedn': 61.96, 'rtimeup': 61.96}",,,,
,,22,4,28,1733272702,BDG-601-5512,TREE-1.2-0.0-0.0,"['c19e100c-c620-4ed1-b9f7-aef47c913450', '23c1011e-9d47-4bab-a443-2d015c3a9763']","['participant', 'participant']","['dodecagon', 'teardrop']","['hsla(135, 67%, 60%, 1.0)', 'hsla(59, 87%, 49%, 1.0)']","[[1.0, 0.16249069709749442], [0.16249069709749442, 1.0]]","{0: '', 1: 'A', 2: 'B'}",,1,after,"[True, True]","{'max': 21, 'min': 21, 'avg': 21.0, 'root': 12}","[-10, -10]","[144, -15]",sequential,chance,chance,"[1.0, 1.0]","[0.5, 1.0]","[0.5, 1.0]","[0.5, 1.0]","[0.375, 0.0]","[0.625, 0.0]",[[0]],[[1]],[[2]],"(0, 12)","(12, 21)","(12, 21)",{},{},{},"['A', 'B']",[],[],0,0,5,5,1,2,A,,,,,,,B,,,,,"{'rtype': 'select-node', 'rtimedn': 61.825, 'rtimeup': 61.825}",,,,,,,"{'rtype': 'select-node', 'rtimedn': 128.151, 'rtimeup': 128.151}",,,,
,,23,0,28,1733272711,BDG-047-1253,TREE-1.2-0.0-0.0,"['33656bfb-1891-49d7-a90d-e4e7f76ac224', 'f06eb4e0-8743-45fc-a756-b58e11ab2484']","['robot', 'participant']","['lemon', 'arrow-head']","['hsla(252, 88%, 64%, 1.0)', 'hsla(226, 69%, 59%, 1.0)']","[[1.0, 0.13768295708260977], [0.13768295708260977, 1.0]]","{0: '', 1: 'A', 2: 'B'}",,2,after,"[False, True]","{'max': 21, 'min': 21, 'avg': 21.0, 'root': 12}","[0, -10]","[120, 137]",sequential,chance,chance,"[1.0, 1.0]","[0.5, 1.0]","[0.5, 1.0]","[0.5, 1.0]","[0.375, 0.0]","[0.625, 0.0]",[[0]],[[1]],[[2]],"(0, 12)","(12, 21)","(12, 21)",{},{},{},"['A', 'B']",[],[],0,0,1,2,5,3,B,,,,,,,A,,,,,"{'rtype': 'd', 'rtimedn': 5.498, 'rtimeup': 5.939}",,,,,,,"{'rtype': 'select-node', 'rtimedn': 61.185, 'rtimeup': 61.185}",,,,
,,23,1,28,1733272715,BDG-072-1353,TREE-1.2-0.0-0.0,"['fb0b0d94-beb4-4bde-a6af-f8247351d85a', 'c19e100c-c620-4ed1-b9f7-aef47c913450']","['participant', 'participant']","['ghost', 'dodecagon']","['hsla(196, 89%, 61%, 1.0)', 'hsla(135, 67%, 60%, 1.0)']","[[1.0, 0.15480029769288017], [0.15480029769288017, 1.0]]","{0: '', 1: 'A', 2: 'B'}",,2,after,"[True, True]","{'max': 21, 'min': 21, 'avg': 21.0, 'root': 12}","[-10, -10]","[140, 144]",sequential,chance,chance,"[1.0, 1.0]","[0.5, 1.0]","[0.5, 1.0]","[0.5, 1.0]","[0.375, 0.0]","[0.625, 0.0]",[[0]],[[1]],[[2]],"(0, 12)","(12, 21)","(12, 21)",{},{},{},"['A', 'B']",[],[],0,0,1,3,5,3,B,,,,,,,B,,,,,"{'rtype': 'select-node', 'rtimedn': 63.469, 'rtimeup': 63.469}",,,,,,,"{'rtype': 'select-node', 'rtimedn': 63.233, 'rtimeup': 63.233}",,,,
,,23,2,28,1733272717,BDG-401-4212,TREE-1.2-0.0-0.0,"['23c1011e-9d47-4bab-a443-2d015c3a9763', '8f7679ce-e5f4-4d33-abb9-7aa50944662b']","['participant', 'robot']","['teardrop', 'teardrop']","['hsla(59, 87%, 49%, 1.0)', 'hsla(229, 89%, 51%, 1.0)']","[[1.0, 0.15306375589183824], [0.15306375589183824, 1.0]]","{0: '', 1: 'A', 2: 'B'}",,1,after,"[True, False]","{'max': 21, 'min': 21, 'avg': 21.0, 'root': 12}","[-10, 0]","[-15, 133]",sequential,chance,chance,"[1.0, 1.0]","[0.5, 1.0]","[0.5, 1.0]","[0.5, 1.0]","[0.625, 0.0]","[0.375, 0.0]",[[0]],[[1]],[[2]],"(0, 12)","(12, 21)","(12, 21)",{},{},{},"['A', 'B']",[],[],0,0,4,2,1,2,A,,,,,,,A,,,,,"{'rtype': None, 'rtimedn': 13, 'rtimeup': 13}",,,,,,,"{'rtype': 'd', 'rtimedn': 5.664, 'rtimeup': 8.994}",,,,
,,23,3,28,1733272712,BDG-588-5434,TREE-1.2-0.0-0.0,"['59fa89c3-96d4-4c5b-971b-50d338762b8c', 'd6b4e2dd-f69d-4974-b77e-a4eae15dcc82']","['participant', 'participant']","['hour-glass', 'circle']","['hsla(287, 69%, 46%, 1.0)', 'hsla(68, 85%, 39%, 1.0)']","[[1.0, 0.0523443314314066], [0.0523443314314066, 1.0]]","{0: '', 1: 'A', 2: 'B'}",,2,after,"[True, True]","{'max': 21, 'min': 21, 'avg': 21.0, 'root': 12}","[-10, -10]","[117, 130]",sequential,chance,chance,"[1.0, 1.0]","[0.5, 1.0]","[0.5, 1.0]","[0.5, 1.0]","[0.625, 0.0]","[0.375, 0.0]",[[0]],[[1]],[[2]],"(0, 12)","(12, 21)","(12, 21)",{},{},{},"['A', 'B']",[],[],0,0,5,4,3,4,B,,,,,,,A,,,,,"{'rtype': 'select-node', 'rtimedn': 63.15, 'rtimeup': 63.15}",,,,,,,"{'rtype': 'select-node', 'rtimedn': 63.416, 'rtimeup': 63.416}",,,,
,,23,4,28,1733272711,BDG-241-2542,TREE-1.2-0.0-0.0,"['2d705077-65f3-4a05-88c1-c42d58721850', '338db90f-d024-4e9f-8f78-d53201679dfd']","['participant', 'participant']","['squash', 'jagged-sun']","['hsla(236, 57%, 65%, 1.0)', 'hsla(36, 67%, 46%, 1.0)']","[[1.0, 0.19573306871743984], [0.19573306871743984, 1.0]]","{0: '', 1: 'A', 2: 'B'}",,2,after,"[True, True]","{'max': 21, 'min': 21, 'avg': 21.0, 'root': 12}","[-10, -10]","[130, 136]",sequential,chance,chance,"[1.0, 1.0]","[0.5, 1.0]","[0.5, 1.0]","[0.5, 1.0]","[0.375, 0.0]","[0.625, 0.0]",[[0]],[[1]],[[2]],"(0, 12)","(12, 21)","(12, 21)",{},{},{},"['A', 'B']",[],[],0,0,2,5,4,2,B,,,,,,,B,,,,,"{'rtype': 'select-node', 'rtimedn': 63.274, 'rtimeup': 63.274}",,,,,,,"{'rtype': 'select-node', 'rtimedn': 63.632, 'rtimeup': 63.632}",,,,
,,24,0,28,1733272727,BDG-164-2235,TREE-1.2-0.0-0.0,"['c19e100c-c620-4ed1-b9f7-aef47c913450', '59fa89c3-96d4-4c5b-971b-50d338762b8c']","['participant', 'participant']","['dodecagon', 'hour-glass']","['hsla(135, 67%, 60%, 1.0)', 'hsla(287, 69%, 46%, 1.0)']","[[1.0, 0.13768295708260977], [0.13768295708260977, 1.0]]","{0: '', 1: 'A', 2: 'B'}",,2,after,"[True, True]","{'max': 21, 'min': 21, 'avg': 21.0, 'root': 12}","[-10, -10]","[144, 117]",sequential,chance,chance,"[1.0, 1.0]","[0.5, 1.0]","[0.5, 1.0]","[0.5, 1.0]","[0.625, 0.0]","[0.375, 0.0]",[[0]],[[1]],[[2]],"(0, 12)","(12, 21)","(12, 21)",{},{},{},"['A', 'B']",[],[],0,0,2,2,3,5,B,,,,,,,A,,,,,"{'rtype': 'select-node', 'rtimedn': 64.712, 'rtimeup': 64.712}",,,,,,,"{'rtype': 'select-node', 'rtimedn': 64.716, 'rtimeup': 64.716}",,,,
,,24,1,28,1733272725,BDG-620-5551,TREE-1.2-0.0-0.0,"['2d705077-65f3-4a05-88c1-c42d58721850', '8f7679ce-e5f4-4d33-abb9-7aa50944662b']","['participant', 'robot']","['squash', 'teardrop']","['hsla(236, 57%, 65%, 1.0)', 'hsla(229, 89%, 51%, 1.0)']","[[1.0, 0.16249069709749442], [0.16249069709749442, 1.0]]","{0: '', 1: 'A', 2: 'B'}",,1,after,"[True, False]","{'max': 21, 'min': 21, 'avg': 21.0, 'root': 12}","[-10, 0]","[130, 133]",sequential,chance,chance,"[1.0, 1.0]","[0.5, 1.0]","[0.5, 1.0]","[0.5, 1.0]","[0.625, 0.0]","[0.375, 0.0]",[[0]],[[1]],[[2]],"(0, 12)","(12, 21)","(12, 21)",{},{},{},"['A', 'B']",[],[],0,0,5,5,5,1,A,,,,,,,A,,,,,"{'rtype': 'select-node', 'rtimedn': 64.662, 'rtimeup': 64.662}",,,,,,,"{'rtype': 'd', 'rtimedn': 3.082, 'rtimeup': 3.261}",,,,
,,24,2,28,1733272732,BDG-622-5553,TREE-1.2-0.0-0.0,"['23c1011e-9d47-4bab-a443-2d015c3a9763', 'fb0b0d94-beb4-4bde-a6af-f8247351d85a']","['participant', 'participant']","['teardrop', 'ghost']","['hsla(59, 87%, 49%, 1.0)', 'hsla(196, 89%, 61%, 1.0)']","[[1.0, 0.07516745224510046], [0.07516745224510046, 1.0]]","{0: '', 1: 'A', 2: 'B'}",,2,after,"[True, True]","{'max': 21, 'min': 21, 'avg': 21.0, 'root': 12}","[-10, -10]","[-15, 140]",sequential,chance,chance,"[1.0, 1.0]","[0.5, 1.0]","[0.5, 1.0]","[0.5, 1.0]","[0.375, 0.0]","[0.625, 0.0]",[[0]],[[1]],[[2]],"(0, 12)","(12, 21)","(12, 21)",{},{},{},"['A', 'B']",[],[],0,0,5,5,5,3,B,,,,,,,A,,,,,"{'rtype': None, 'rtimedn': 13, 'rtimeup': 13}",,,,,,,"{'rtype': 'select-node', 'rtimedn': 64.584, 'rtimeup': 64.584}",,,,
,,24,3,28,1733272725,BDG-128-2114,TREE-1.2-0.0-0.0,"['f06eb4e0-8743-45fc-a756-b58e11ab2484', '33656bfb-1891-49d7-a90d-e4e7f76ac224']","['participant', 'robot']","['arrow-head', 'lemon']","['hsla(226, 69%, 59%, 1.0)', 'hsla(252, 88%, 64%, 1.0)']","[[1.0, 0.13768295708260977], [0.13768295708260977, 1.0]]","{0: '', 1: 'A', 2: 'B'}",,1,after,"[True, False]","{'max': 21, 'min': 21, 'avg': 21.0, 'root': 12}","[-10, 0]","[137, 120]",sequential,chance,chance,"[1.0, 1.0]","[0.5, 1.0]","[0.5, 1.0]","[0.5, 1.0]","[0.375, 0.0]","[0.625, 0.0]",[[0]],[[1]],[[2]],"(0, 12)","(12, 21)","(12, 21)",{},{},{},"['A', 'B']",[],[],0,0,2,1,1,4,A,,,,,,,A,,,,,"{'rtype': 'select-node', 'rtimedn': 62.653, 'rtimeup': 62.653}",,,,,,,"{'rtype': 'a', 'rtimedn': 2.328, 'rtimeup': 5.189}",,,,
,,24,4,28,1733272728,BDG-003-1114,TREE-1.2-0.0-0.0,"['d6b4e2dd-f69d-4974-b77e-a4eae15dcc82', '338db90f-d024-4e9f-8f78-d53201679dfd']","['participant', 'participant']","['circle', 'jagged-sun']","['hsla(68, 85%, 39%, 1.0)', 'hsla(36, 67%, 46%, 1.0)']","[[1.0, 0.13768295708260977], [0.13768295708260977, 1.0]]","{0: '', 1: 'A', 2: 'B'}",,1,after,"[True, True]","{'max': 21, 'min': 21, 'avg': 21.0, 'root': 12}","[-10, -10]","[130, 136]",sequential,chance,chance,"[1.0, 1.0]","[0.5, 1.0]","[0.5, 1.0]","[0.5, 1.0]","[0.375, 0.0]","[0.625, 0.0]",[[0]],[[1]],[[2]],"(0, 12)","(12, 21)","(12, 21)",{},{},{},"['A', 'B']",[],[],0,0,1,1,1,4,A,,,,,,,B,,,,,"{'rtype': 'select-node', 'rtimedn': 64.994, 'rtimeup': 64.994}",,,,,,,"{'rtype': 'select-node', 'rtimedn': 65.017, 'rtimeup': 65.017}",,,,
,,25,0,28,1733272742,BDG-428-4314,TREE-1.2-0.0-0.0,"['c19e100c-c620-4ed1-b9f7-aef47c913450', '338db90f-d024-4e9f-8f78-d53201679dfd']","['participant', 'participant']","['dodecagon', 'jagged-sun']","['hsla(135, 67%, 60%, 1.0)', 'hsla(36, 67%, 46%, 1.0)']","[[1.0, 0.07516745224510046], [0.07516745224510046, 1.0]]","{0: '', 1: 'A', 2: 'B'}",,1,after,"[True, True]","{'max': 21, 'min': 21, 'avg': 21.0, 'root': 12}","[-10, -10]","[144, 136]",sequential,chance,chance,"[1.0, 1.0]","[0.5, 1.0]","[0.5, 1.0]","[0.5, 1.0]","[0.625, 0.0]","[0.375, 0.0]",[[0]],[[1]],[[2]],"(0, 12)","(12, 21)","(12, 21)",{},{},{},"['A', 'B']",[],[],0,0,4,3,1,4,A,,,,,,,A,,,,,"{'rtype': 'select-node', 'rtimedn': 66.124, 'rtimeup': 66.124}",,,,,,,"{'rtype': 'select-node', 'rtimedn': 66.662, 'rtimeup': 66.662}",,,,
,,25,1,28,1733272743,BDG-407-4223,TREE-1.2-0.0-0.0,"['d6b4e2dd-f69d-4974-b77e-a4eae15dcc82', '59fa89c3-96d4-4c5b-971b-50d338762b8c']","['participant', 'participant']","['circle', 'hour-glass']","['hsla(68, 85%, 39%, 1.0)', 'hsla(287, 69%, 46%, 1.0)']","[[1.0, 0.0523443314314066], [0.0523443314314066, 1.0]]","{0: '', 1: 'A', 2: 'B'}",,1,after,"[True, True]","{'max': 21, 'min': 21, 'avg': 21.0, 'root': 12}","[-10, -10]","[130, 117]",sequential,chance,chance,"[1.0, 1.0]","[0.5, 1.0]","[0.5, 1.0]","[0.5, 1.0]","[0.625, 0.0]","[0.375, 0.0]",[[0]],[[1]],[[2]],"(0, 12)","(12, 21)","(12, 21)",{},{},{},"['A', 'B']",[],[],0,0,4,2,2,3,A,,,,,,,B,,,,,"{'rtype': 'select-node', 'rtimedn': 66.511, 'rtimeup': 66.511}",,,,,,,"{'rtype': 'select-node', 'rtimedn': 66.157, 'rtimeup': 66.157}",,,,
,,25,2,28,1733272741,BDG-405-4221,TREE-1.2-0.0-0.0,"['2d705077-65f3-4a05-88c1-c42d58721850', '33656bfb-1891-49d7-a90d-e4e7f76ac224']","['participant', 'robot']","['squash', 'lemon']","['hsla(236, 57%, 65%, 1.0)', 'hsla(252, 88%, 64%, 1.0)']","[[1.0, 0.15480029769288017], [0.15480029769288017, 1.0]]","{0: '', 1: 'A', 2: 'B'}",,1,after,"[True, False]","{'max': 21, 'min': 21, 'avg': 21.0, 'root': 12}","[-10, 0]","[130, 120]",sequential,chance,chance,"[1.0, 1.0]","[0.5, 1.0]","[0.5, 1.0]","[0.5, 1.0]","[0.375, 0.0]","[0.625, 0.0]",[[0]],[[1]],[[2]],"(0, 12)","(12, 21)","(12, 21)",{},{},{},"['A', 'B']",[],[],0,0,4,2,2,1,A,,,,,,,A,,,,,"{'rtype': 'select-node', 'rtimedn': 66.224, 'rtimeup': 66.224}",,,,,,,"{'rtype': 'd', 'rtimedn': 1.51, 'rtimeup': 1.604}",,,,
,,25,3,28,1733272740,BDG-310-3331,TREE-1.2-0.0-0.0,"['f06eb4e0-8743-45fc-a756-b58e11ab2484', '8f7679ce-e5f4-4d33-abb9-7aa50944662b']","['participant', 'robot']","['arrow-head', 'teardrop']","['hsla(226, 69%, 59%, 1.0)', 'hsla(229, 89%, 51%, 1.0)']","[[1.0, 0.19573306871743984], [0.19573306871743984, 1.0]]","{0: '', 1: 'A', 2: 'B'}",,1,after,"[True, False]","{'max': 21, 'min': 21, 'avg': 21.0, 'root': 12}","[-10, 0]","[137, 133]",sequential,chance,chance,"[1.0, 1.0]","[0.5, 1.0]","[0.5, 1.0]","[0.5, 1.0]","[0.625, 0.0]","[0.375, 0.0]",[[0]],[[1]],[[2]],"(0, 12)","(12, 21)","(12, 21)",{},{},{},"['A', 'B']",[],[],0,0,3,3,3,1,A,,,,,,,A,,,,,"{'rtype': 'select-node', 'rtimedn': 64.134, 'rtimeup': 64.134}",,,,,,,"{'rtype': 'a', 'rtimedn': 4.162, 'rtimeup': 4.296}",,,,
,,25,4,28,1733272747,BDG-177-2313,TREE-1.2-0.0-0.0,"['23c1011e-9d47-4bab-a443-2d015c3a9763', 'fb0b0d94-beb4-4bde-a6af-f8247351d85a']","['participant', 'participant']","['teardrop', 'ghost']","['hsla(59, 87%, 49%, 1.0)', 'hsla(196, 89%, 61%, 1.0)']","[[1.0, 0.07516745224510046], [0.07516745224510046, 1.0]]","{0: '', 1: 'A', 2: 'B'}",,1,after,"[True, True]","{'max': 21, 'min': 21, 'avg': 21.0, 'root': 12}","[-10, -10]","[-15, 140]",sequential,chance,chance,"[1.0, 1.0]","[0.5, 1.0]","[0.5, 1.0]","[0.5, 1.0]","[0.625, 0.0]","[0.375, 0.0]",[[0]],[[1]],[[2]],"(0, 12)","(12, 21)","(12, 21)",{},{},{},"['A', 'B']",[],[],0,0,2,3,1,3,A,,,,,,,A,,,,,"{'rtype': None, 'rtimedn': 13, 'rtimeup': 13}",,,,,,,"{'rtype': 'select-node', 'rtimedn': 66.556, 'rtimeup': 66.556}",,,,
,,26,0,28,1733272755,BDG-481-4522,TREE-1.2-0.0-0.0,"['8f7679ce-e5f4-4d33-abb9-7aa50944662b', 'f06eb4e0-8743-45fc-a756-b58e11ab2484']","['robot', 'participant']","['teardrop', 'arrow-head']","['hsla(229, 89%, 51%, 1.0)', 'hsla(226, 69%, 59%, 1.0)']","[[1.0, 0.19573306871743984], [0.19573306871743984, 1.0]]","{0: '', 1: 'A', 2: 'B'}",,2,after,"[False, True]","{'max': 21, 'min': 21, 'avg': 21.0, 'root': 12}","[0, -10]","[133, 137]",sequential,chance,chance,"[1.0, 1.0]","[0.5, 1.0]","[0.5, 1.0]","[0.5, 1.0]","[0.375, 0.0]","[0.625, 0.0]",[[0]],[[1]],[[2]],"(0, 12)","(12, 21)","(12, 21)",{},{},{},"['A', 'B']",[],[],0,0,4,5,2,2,B,,,,,,,A,,,,,"{'rtype': 'd', 'rtimedn': 6.196, 'rtimeup': 7.272}",,,,,,,"{'rtype': 'select-node', 'rtimedn': 65.588, 'rtimeup': 65.588}",,,,
,,26,1,28,1733272762,BDG-458-4424,TREE-1.2-0.0-0.0,"['23c1011e-9d47-4bab-a443-2d015c3a9763', '59fa89c3-96d4-4c5b-971b-50d338762b8c']","['participant', 'participant']","['teardrop', 'hour-glass']","['hsla(59, 87%, 49%, 1.0)', 'hsla(287, 69%, 46%, 1.0)']","[[1.0, 0.19573306871743984], [0.19573306871743984, 1.0]]","{0: '', 1: 'A', 2: 'B'}",,2,after,"[True, True]","{'max': 21, 'min': 21, 'avg': 21.0, 'root': 12}","[-10, -10]","[-15, 117]",sequential,chance,chance,"[1.0, 1.0]","[0.5, 1.0]","[0.5, 1.0]","[0.5, 1.0]","[0.375, 0.0]","[0.625, 0.0]",[[0]],[[1]],[[2]],"(0, 12)","(12, 21)","(12, 21)",{},{},{},"['A', 'B']",[],[],0,0,4,4,2,4,B,,,,,,,A,,,,,"{'rtype': None, 'rtimedn': 13, 'rtimeup': 13}",,,,,,,"{'rtype': 'select-node', 'rtimedn': 67.774, 'rtimeup': 67.774}",,,,
,,26,2,28,1733272758,BDG-265-3141,TREE-1.2-0.0-0.0,"['d6b4e2dd-f69d-4974-b77e-a4eae15dcc82', '338db90f-d024-4e9f-8f78-d53201679dfd']","['participant', 'participant']","['circle', 'jagged-sun']","['hsla(68, 85%, 39%, 1.0)', 'hsla(36, 67%, 46%, 1.0)']","[[1.0, 0.13768295708260977], [0.13768295708260977, 1.0]]","{0: '', 1: 'A', 2: 'B'}",,2,after,"[True, True]","{'max': 21, 'min': 21, 'avg': 21.0, 'root': 12}","[-10, -10]","[130, 136]",sequential,chance,chance,"[1.0, 1.0]","[0.5, 1.0]","[0.5, 1.0]","[0.5, 1.0]","[0.375, 0.0]","[0.625, 0.0]",[[0]],[[1]],[[2]],"(0, 12)","(12, 21)","(12, 21)",{},{},{},"['A', 'B']",[],[],0,0,3,1,4,1,B,,,,,,,B,,,,,"{'rtype': 'select-node', 'rtimedn': 67.985, 'rtimeup': 67.985}",,,,,,,"{'rtype': 'select-node', 'rtimedn': 68.252, 'rtimeup': 68.252}",,,,
,,26,3,28,1733272755,BDG-039-1235,TREE-1.2-0.0-0.0,"['33656bfb-1891-49d7-a90d-e4e7f76ac224', 'c19e100c-c620-4ed1-b9f7-aef47c913450']","['robot', 'participant']","['lemon', 'dodecagon']","['hsla(252, 88%, 64%, 1.0)', 'hsla(135, 67%, 60%, 1.0)']","[[1.0, 0.030513520218308113], [0.030513520218308113, 1.0]]","{0: '', 1: 'A', 2: 'B'}",,2,after,"[True, True]","{'max': 21, 'min': 21, 'avg': 21.0, 'root': 12}","[-10, -10]","[120, 144]",sequential,chance,chance,"[1.0, 1.0]","[0.5, 1.0]","[0.5, 1.0]","[0.5, 1.0]","[0.375, 0.0]","[0.625, 0.0]",[[0]],[[1]],[[2]],"(0, 12)","(12, 21)","(12, 21)",{},{},{},"['A', 'B']",[],[],0,0,1,2,3,5,B,,,,,,,B,,,,,"{'rtype': 'a', 'rtimedn': 13.278, 'rtimeup': 15.945}",,,,,,,"{'rtype': 'select-node', 'rtimedn': 67.468, 'rtimeup': 67.468}",,,,
,,26,4,28,1733272759,BDG-161-2232,TREE-1.2-0.0-0.0,"['2d705077-65f3-4a05-88c1-c42d58721850', 'fb0b0d94-beb4-4bde-a6af-f8247351d85a']","['participant', 'participant']","['squash', 'ghost']","['hsla(236, 57%, 65%, 1.0)', 'hsla(196, 89%, 61%, 1.0)']","[[1.0, 0.0523443314314066], [0.0523443314314066, 1.0]]","{0: '', 1: 'A', 2: 'B'}",,2,after,"[True, True]","{'max': 21, 'min': 21, 'avg': 21.0, 'root': 12}","[-10, -10]","[130, 140]",sequential,chance,chance,"[1.0, 1.0]","[0.5, 1.0]","[0.5, 1.0]","[0.5, 1.0]","[0.625, 0.0]","[0.375, 0.0]",[[0]],[[1]],[[2]],"(0, 12)","(12, 21)","(12, 21)",{},{},{},"['A', 'B']",[],[],0,0,2,2,3,2,B,,,,,,,B,,,,,"{'rtype': 'select-node', 'rtimedn': 67.662, 'rtimeup': 67.662}",,,,,,,"{'rtype': 'select-node', 'rtimedn': 67.863, 'rtimeup': 67.863}",,,,
,,27,0,28,1733272774,BDG-231-2522,TREE-1.2-0.0-0.0,"['338db90f-d024-4e9f-8f78-d53201679dfd', 'fb0b0d94-beb4-4bde-a6af-f8247351d85a']","['participant', 'participant']","['jagged-sun', 'ghost']","['hsla(36, 67%, 46%, 1.0)', 'hsla(196, 89%, 61%, 1.0)']","[[1.0, 0.16249069709749442], [0.16249069709749442, 1.0]]","{0: '', 1: 'A', 2: 'B'}",,1,after,"[True, True]","{'max': 21, 'min': 21, 'avg': 21.0, 'root': 12}","[-10, -10]","[136, 140]",sequential,chance,chance,"[1.0, 1.0]","[0.5, 1.0]","[0.5, 1.0]","[0.5, 1.0]","[0.625, 0.0]","[0.375, 0.0]",[[0]],[[1]],[[2]],"(0, 12)","(12, 21)","(12, 21)",{},{},{},"['A', 'B']",[],[],0,0,2,5,2,2,A,,,,,,,A,,,,,"{'rtype': 'select-node', 'rtimedn': 69.6, 'rtimeup': 69.6}",,,,,,,"{'rtype': 'select-node', 'rtimedn': 69.394, 'rtimeup': 69.394}",,,,
,,27,1,28,1733272771,BDG-358-3524,TREE-1.2-0.0-0.0,"['33656bfb-1891-49d7-a90d-e4e7f76ac224', '23c1011e-9d47-4bab-a443-2d015c3a9763']","['robot', 'participant']","['lemon', 'teardrop']","['hsla(252, 88%, 64%, 1.0)', 'hsla(59, 87%, 49%, 1.0)']","[[1.0, 0.0523443314314066], [0.0523443314314066, 1.0]]","{0: '', 1: 'A', 2: 'B'}",,1,after,"[False, True]","{'max': 21, 'min': 21, 'avg': 21.0, 'root': 12}","[0, -10]","[120, -15]",sequential,chance,chance,"[1.0, 1.0]","[0.5, 1.0]","[0.5, 1.0]","[0.5, 1.0]","[0.375, 0.0]","[0.625, 0.0]",[[0]],[[1]],[[2]],"(0, 12)","(12, 21)","(12, 21)",{},{},{},"['A', 'B']",[],[],0,0,3,5,2,4,A,,,,,,,A,,,,,"{'rtype': 'd', 'rtimedn': 5.438, 'rtimeup': 8.112}",,,,,,,"{'rtype': 'select-node', 'rtimedn': 135.056, 'rtimeup': 135.056}",,,,
,,27,2,28,1733272773,BDG-549-5255,TREE-1.2-0.0-0.0,"['c19e100c-c620-4ed1-b9f7-aef47c913450', 'd6b4e2dd-f69d-4974-b77e-a4eae15dcc82']","['participant', 'participant']","['dodecagon', 'circle']","['hsla(135, 67%, 60%, 1.0)', 'hsla(68, 85%, 39%, 1.0)']","[[1.0, 0.19573306871743984], [0.19573306871743984, 1.0]]","{0: '', 1: 'A', 2: 'B'}",,2,after,"[True, True]","{'max': 21, 'min': 21, 'avg': 21.0, 'root': 12}","[-10, -10]","[144, 130]",sequential,chance,chance,"[1.0, 1.0]","[0.5, 1.0]","[0.5, 1.0]","[0.5, 1.0]","[0.375, 0.0]","[0.625, 0.0]",[[0]],[[1]],[[2]],"(0, 12)","(12, 21)","(12, 21)",{},{},{},"['A', 'B']",[],[],0,0,5,2,5,5,B,,,,,,,A,,,,,"{'rtype': 'select-node', 'rtimedn': 68.965, 'rtimeup': 68.965}",,,,,,,"{'rtype': 'select-node', 'rtimedn': 69.521, 'rtimeup': 69.521}",,,,
,,27,3,28,1733272772,BDG-475-4511,TREE-1.2-0.0-0.0,"['8f7679ce-e5f4-4d33-abb9-7aa50944662b', '59fa89c3-96d4-4c5b-971b-50d338762b8c']","['robot', 'participant']","['teardrop', 'hour-glass']","['hsla(229, 89%, 51%, 1.0)', 'hsla(287, 69%, 46%, 1.0)']","[[1.0, 0.07516745224510046], [0.07516745224510046, 1.0]]","{0: '', 1: 'A', 2: 'B'}",,1,after,"[False, True]","{'max': 21, 'min': 21, 'avg': 21.0, 'root': 12}","[0, -10]","[133, 117]",sequential,chance,chance,"[1.0, 1.0]","[0.5, 1.0]","[0.5, 1.0]","[0.5, 1.0]","[0.375, 0.0]","[0.625, 0.0]",[[0]],[[1]],[[2]],"(0, 12)","(12, 21)","(12, 21)",{},{},{},"['A', 'B']",[],[],0,0,4,5,1,1,A,,,,,,,B,,,,,"{'rtype': 'a', 'rtimedn': 0.623, 'rtimeup': 2.084}",,,,,,,"{'rtype': 'select-node', 'rtimedn': 69.294, 'rtimeup': 69.294}",,,,
,,27,4,28,1733272771,BDG-184-2325,TREE-1.2-0.0-0.0,"['2d705077-65f3-4a05-88c1-c42d58721850', 'f06eb4e0-8743-45fc-a756-b58e11ab2484']","['participant', 'participant']","['squash', 'arrow-head']","['hsla(236, 57%, 65%, 1.0)', 'hsla(226, 69%, 59%, 1.0)']","[[1.0, 0.07516745224510046], [0.07516745224510046, 1.0]]","{0: '', 1: 'A', 2: 'B'}",,2,after,"[True, True]","{'max': 21, 'min': 21, 'avg': 21.0, 'root': 12}","[-10, -10]","[130, 137]",sequential,chance,chance,"[1.0, 1.0]","[0.5, 1.0]","[0.5, 1.0]","[0.5, 1.0]","[0.625, 0.0]","[0.375, 0.0]",[[0]],[[1]],[[2]],"(0, 12)","(12, 21)","(12, 21)",{},{},{},"['A', 'B']",[],[],0,0,2,3,2,5,B,,,,,,,B,,,,,"{'rtype': 'select-node', 'rtimedn': 69.212, 'rtimeup': 69.212}",,,,,,,"{'rtype': 'select-node', 'rtimedn': 67.193, 'rtimeup': 67.193}",,,,
,,28,0,28,1733272783,BDG-121-1552,TREE-1.2-0.0-0.0,"['33656bfb-1891-49d7-a90d-e4e7f76ac224', '338db90f-d024-4e9f-8f78-d53201679dfd']","['robot', 'participant']","['lemon', 'jagged-sun']","['hsla(252, 88%, 64%, 1.0)', 'hsla(36, 67%, 46%, 1.0)']","[[1.0, 0.15306375589183824], [0.15306375589183824, 1.0]]","{0: '', 1: 'A', 2: 'B'}",,1,after,"[False, True]","{'max': 21, 'min': 21, 'avg': 21.0, 'root': 12}","[0, -10]","[120, 136]",sequential,chance,chance,"[1.0, 1.0]","[0.5, 1.0]","[0.5, 1.0]","[0.5, 1.0]","[0.375, 0.0]","[0.625, 0.0]",[[0]],[[1]],[[2]],"(0, 12)","(12, 21)","(12, 21)",{},{},{},"['A', 'B']",[],[],0,0,1,5,5,2,A,,,,,,,B,,,,,"{'rtype': 'd', 'rtimedn': 6.859, 'rtimeup': 7.72}",,,,,,,"{'rtype': 'select-node', 'rtimedn': 70.787, 'rtimeup': 70.787}",,,,
,,28,1,28,1733272782,BDG-017-1143,TREE-1.2-0.0-0.0,"['c19e100c-c620-4ed1-b9f7-aef47c913450', 'fb0b0d94-beb4-4bde-a6af-f8247351d85a']","['participant', 'participant']","['dodecagon', 'ghost']","['hsla(135, 67%, 60%, 1.0)', 'hsla(196, 89%, 61%, 1.0)']","[[1.0, 0.15480029769288017], [0.15480029769288017, 1.0]]","{0: '', 1: 'A', 2: 'B'}",,2,after,"[True, True]","{'max': 21, 'min': 21, 'avg': 21.0, 'root': 12}","[-10, -10]","[144, 140]",sequential,chance,chance,"[1.0, 1.0]","[0.5, 1.0]","[0.5, 1.0]","[0.5, 1.0]","[0.625, 0.0]","[0.375, 0.0]",[[0]],[[1]],[[2]],"(0, 12)","(12, 21)","(12, 21)",{},{},{},"['A', 'B']",[],[],0,0,1,1,4,3,B,,,,,,,B,,,,,"{'rtype': 'select-node', 'rtimedn': 70.233, 'rtimeup': 70.233}",,,,,,,"{'rtype': 'select-node', 'rtimedn': 70.117, 'rtimeup': 70.117}",,,,
,,28,2,28,1733272784,BDG-617-5543,TREE-1.2-0.0-0.0,"['d6b4e2dd-f69d-4974-b77e-a4eae15dcc82', 'f06eb4e0-8743-45fc-a756-b58e11ab2484']","['participant', 'participant']","['circle', 'arrow-head']","['hsla(68, 85%, 39%, 1.0)', 'hsla(226, 69%, 59%, 1.0)']","[[1.0, 0.16249069709749442], [0.16249069709749442, 1.0]]","{0: '', 1: 'A', 2: 'B'}",,1,after,"[True, True]","{'max': 21, 'min': 21, 'avg': 21.0, 'root': 12}","[-10, -10]","[130, 137]",sequential,chance,chance,"[1.0, 1.0]","[0.5, 1.0]","[0.5, 1.0]","[0.5, 1.0]","[0.625, 0.0]","[0.375, 0.0]",[[0]],[[1]],[[2]],"(0, 12)","(12, 21)","(12, 21)",{},{},{},"['A', 'B']",[],[],0,0,5,5,4,3,A,,,,,,,B,,,,,"{'rtype': 'select-node', 'rtimedn': 70.641, 'rtimeup': 70.641}",,,,,,,"{'rtype': 'select-node', 'rtimedn': 68.314, 'rtimeup': 68.314}",,,,
,,28,3,28,1733272787,BDG-297-3253,TREE-1.2-0.0-0.0,"['8f7679ce-e5f4-4d33-abb9-7aa50944662b', '2d705077-65f3-4a05-88c1-c42d58721850']","['robot', 'participant']","['teardrop', 'squash']","['hsla(229, 89%, 51%, 1.0)', 'hsla(236, 57%, 65%, 1.0)']","[[1.0, 0.16249069709749442], [0.16249069709749442, 1.0]]","{0: '', 1: 'A', 2: 'B'}",,2,after,"[False, True]","{'max': 21, 'min': 21, 'avg': 21.0, 'root': 12}","[0, -10]","[133, 130]",sequential,chance,chance,"[1.0, 1.0]","[0.5, 1.0]","[0.5, 1.0]","[0.5, 1.0]","[0.375, 0.0]","[0.625, 0.0]",[[0]],[[1]],[[2]],"(0, 12)","(12, 21)","(12, 21)",{},{},{},"['A', 'B']",[],[],0,0,3,2,5,3,B,,,,,,,B,,,,,"{'rtype': 'a', 'rtimedn': 7.582, 'rtimeup': 7.779}",,,,,,,"{'rtype': 'select-node', 'rtimedn': 70.812, 'rtimeup': 70.812}",,,,
,,28,4,28,1733272785,BDG-039-1235,TREE-1.2-0.0-0.0,"['23c1011e-9d47-4bab-a443-2d015c3a9763', '59fa89c3-96d4-4c5b-971b-50d338762b8c']","['participant', 'participant']","['teardrop', 'hour-glass']","['hsla(59, 87%, 49%, 1.0)', 'hsla(287, 69%, 46%, 1.0)']","[[1.0, 0.19573306871743984], [0.19573306871743984, 1.0]]","{0: '', 1: 'A', 2: 'B'}",,1,after,"[True, True]","{'max': 21, 'min': 21, 'avg': 21.0, 'root': 12}","[-10, -10]","[-15, 117]",sequential,chance,chance,"[1.0, 1.0]","[0.5, 1.0]","[0.5, 1.0]","[0.5, 1.0]","[0.375, 0.0]","[0.625, 0.0]",[[0]],[[1]],[[2]],"(0, 12)","(12, 21)","(12, 21)",{},{},{},"['A', 'B']",[],[],0,0,1,2,3,5,A,,,,,,,B,,,,,"{'rtype': 'select-node', 'rtimedn': 136.428, 'rtimeup': 136.428}",,,,,,,"{'rtype': 'select-node', 'rtimedn': 70.5, 'rtimeup': 70.5}",,,,
,,29,0,28,1733272795,BDG-463-4434,TREE-1.2-0.0-0.0,"['2d705077-65f3-4a05-88c1-c42d58721850', '8f7679ce-e5f4-4d33-abb9-7aa50944662b']","['participant', 'robot']","['squash', 'teardrop']","['hsla(236, 57%, 65%, 1.0)', 'hsla(229, 89%, 51%, 1.0)']","[[1.0, 0.16249069709749442], [0.16249069709749442, 1.0]]","{0: '', 1: 'A', 2: 'B'}",,1,after,"[True, False]","{'max': 21, 'min': 21, 'avg': 21.0, 'root': 12}","[-10, 0]","[130, 133]",sequential,chance,chance,"[1.0, 1.0]","[0.5, 1.0]","[0.5, 1.0]","[0.5, 1.0]","[0.375, 0.0]","[0.625, 0.0]",[[0]],[[1]],[[2]],"(0, 12)","(12, 21)","(12, 21)",{},{},{},"['A', 'B']",[],[],0,0,4,4,3,4,A,,,,,,,A,,,,,"{'rtype': 'select-node', 'rtimedn': 71.646, 'rtimeup': 71.646}",,,,,,,"{'rtype': 'a', 'rtimedn': 1.398, 'rtimeup': 2.064}",,,,
,,29,1,28,1733272797,BDG-293-3244,TREE-1.2-0.0-0.0,"['d6b4e2dd-f69d-4974-b77e-a4eae15dcc82', 'f06eb4e0-8743-45fc-a756-b58e11ab2484']","['participant', 'participant']","['circle', 'arrow-head']","['hsla(68, 85%, 39%, 1.0)', 'hsla(226, 69%, 59%, 1.0)']","[[1.0, 0.16249069709749442], [0.16249069709749442, 1.0]]","{0: '', 1: 'A', 2: 'B'}",,2,after,"[True, True]","{'max': 21, 'min': 21, 'avg': 21.0, 'root': 12}","[-10, -10]","[130, 137]",sequential,chance,chance,"[1.0, 1.0]","[0.5, 1.0]","[0.5, 1.0]","[0.5, 1.0]","[0.625, 0.0]","[0.375, 0.0]",[[0]],[[1]],[[2]],"(0, 12)","(12, 21)","(12, 21)",{},{},{},"['A', 'B']",[],[],0,0,3,2,4,4,B,,,,,,,B,,,,,"{'rtype': 'select-node', 'rtimedn': 71.898, 'rtimeup': 71.898}",,,,,,,"{'rtype': 'select-node', 'rtimedn': 69.642, 'rtimeup': 69.642}",,,,
,,29,2,28,1733272802,BDG-425-4311,TREE-1.2-0.0-0.0,"['fb0b0d94-beb4-4bde-a6af-f8247351d85a', '23c1011e-9d47-4bab-a443-2d015c3a9763']","['participant', 'participant']","['ghost', 'teardrop']","['hsla(196, 89%, 61%, 1.0)', 'hsla(59, 87%, 49%, 1.0)']","[[1.0, 0.07516745224510046], [0.07516745224510046, 1.0]]","{0: '', 1: 'A', 2: 'B'}",,1,after,"[True, True]","{'max': 21, 'min': 21, 'avg': 21.0, 'root': 12}","[-10, -10]","[140, -15]",sequential,chance,chance,"[1.0, 1.0]","[0.5, 1.0]","[0.5, 1.0]","[0.5, 1.0]","[0.625, 0.0]","[0.375, 0.0]",[[0]],[[1]],[[2]],"(0, 12)","(12, 21)","(12, 21)",{},{},{},"['A', 'B']",[],[],0,0,4,3,1,1,A,,,,,,,B,,,,,"{'rtype': 'select-node', 'rtimedn': 71.418, 'rtimeup': 71.418}",,,,,,,"{'rtype': None, 'rtimedn': 13, 'rtimeup': 13}",,,,
,,29,3,28,1733272797,BDG-328-3414,TREE-1.2-0.0-0.0,"['338db90f-d024-4e9f-8f78-d53201679dfd', '33656bfb-1891-49d7-a90d-e4e7f76ac224']","['participant', 'robot']","['jagged-sun', 'lemon']","['hsla(36, 67%, 46%, 1.0)', 'hsla(252, 88%, 64%, 1.0)']","[[1.0, 0.15306375589183824], [0.15306375589183824, 1.0]]","{0: '', 1: 'A', 2: 'B'}",,1,after,"[True, True]","{'max': 21, 'min': 21, 'avg': 21.0, 'root': 12}","[-10, -10]","[136, 120]",sequential,chance,chance,"[1.0, 1.0]","[0.5, 1.0]","[0.5, 1.0]","[0.5, 1.0]","[0.375, 0.0]","[0.625, 0.0]",[[0]],[[1]],[[2]],"(0, 12)","(12, 21)","(12, 21)",{},{},{},"['A', 'B']",[],[],0,0,3,4,1,4,A,,,,,,,A,,,,,"{'rtype': 'select-node', 'rtimedn': 72.152, 'rtimeup': 72.152}",,,,,,,"{'rtype': 'a', 'rtimedn': 12.575, 'rtimeup': 13.216}",,,,
,,29,4,28,1733272796,BDG-213-2434,TREE-1.2-0.0-0.0,"['c19e100c-c620-4ed1-b9f7-aef47c913450', '59fa89c3-96d4-4c5b-971b-50d338762b8c']","['participant', 'participant']","['dodecagon', 'hour-glass']","['hsla(135, 67%, 60%, 1.0)', 'hsla(287, 69%, 46%, 1.0)']","[[1.0, 0.13768295708260977], [0.13768295708260977, 1.0]]","{0: '', 1: 'A', 2: 'B'}",,2,after,"[True, True]","{'max': 21, 'min': 21, 'avg': 21.0, 'root': 12}","[-10, -10]","[144, 117]",sequential,chance,chance,"[1.0, 1.0]","[0.5, 1.0]","[0.5, 1.0]","[0.5, 1.0]","[0.625, 0.0]","[0.375, 0.0]",[[0]],[[1]],[[2]],"(0, 12)","(12, 21)","(12, 21)",{},{},{},"['A', 'B']",[],[],0,0,2,4,3,4,B,,,,,,,A,,,,,"{'rtype': 'select-node', 'rtimedn': 71.562, 'rtimeup': 71.562}",,,,,,,"{'rtype': 'select-node', 'rtimedn': 71.711, 'rtimeup': 71.711}",,,,
,,30,0,28,1733272812,BDG-426-4312,TREE-1.2-0.0-0.0,"['338db90f-d024-4e9f-8f78-d53201679dfd', 'c19e100c-c620-4ed1-b9f7-aef47c913450']","['participant', 'participant']","['jagged-sun', 'dodecagon']","['hsla(36, 67%, 46%, 1.0)', 'hsla(135, 67%, 60%, 1.0)']","[[1.0, 0.07516745224510046], [0.07516745224510046, 1.0]]","{0: '', 1: 'A', 2: 'B'}",,1,after,"[True, True]","{'max': 21, 'min': 21, 'avg': 21.0, 'root': 12}","[-10, -10]","[136, 144]",sequential,chance,chance,"[1.0, 1.0]","[0.5, 1.0]","[0.5, 1.0]","[0.5, 1.0]","[0.625, 0.0]","[0.375, 0.0]",[[0]],[[1]],[[2]],"(0, 12)","(12, 21)","(12, 21)",{},{},{},"['A', 'B']",[],[],0,0,4,3,1,2,A,,,,,,,A,,,,,"{'rtype': 'select-node', 'rtimedn': 73.633, 'rtimeup': 73.633}",,,,,,,"{'rtype': 'select-node', 'rtimedn': 73.18, 'rtimeup': 73.18}",,,,
,,30,1,28,1733272817,BDG-076-1412,TREE-1.2-0.0-0.0,"['23c1011e-9d47-4bab-a443-2d015c3a9763', 'd6b4e2dd-f69d-4974-b77e-a4eae15dcc82']","['participant', 'participant']","['teardrop', 'circle']","['hsla(59, 87%, 49%, 1.0)', 'hsla(68, 85%, 39%, 1.0)']","[[1.0, 0.03820391962292235], [0.03820391962292235, 1.0]]","{0: '', 1: 'A', 2: 'B'}",,2,after,"[True, True]","{'max': 21, 'min': 21, 'avg': 21.0, 'root': 12}","[-10, -10]","[-15, 130]",sequential,chance,chance,"[1.0, 1.0]","[0.5, 1.0]","[0.5, 1.0]","[0.5, 1.0]","[0.375, 0.0]","[0.625, 0.0]",[[0]],[[1]],[[2]],"(0, 12)","(12, 21)","(12, 21)",{},{},{},"['A', 'B']",[],[],0,0,1,4,1,2,B,,,,,,,B,,,,,"{'rtype': 'select-node', 'rtimedn': 139.162, 'rtimeup': 139.162}",,,,,,,"{'rtype': None, 'rtimedn': 13, 'rtimeup': 13}",,,,
,,30,2,28,1733272810,BDG-374-3555,TREE-1.2-0.0-0.0,"['59fa89c3-96d4-4c5b-971b-50d338762b8c', 'f06eb4e0-8743-45fc-a756-b58e11ab2484']","['participant', 'participant']","['hour-glass', 'arrow-head']","['hsla(287, 69%, 46%, 1.0)', 'hsla(226, 69%, 59%, 1.0)']","[[1.0, 0.15480029769288017], [0.15480029769288017, 1.0]]","{0: '', 1: 'A', 2: 'B'}",,2,after,"[True, True]","{'max': 21, 'min': 21, 'avg': 21.0, 'root': 12}","[-10, -10]","[117, 137]",sequential,chance,chance,"[1.0, 1.0]","[0.5, 1.0]","[0.5, 1.0]","[0.5, 1.0]","[0.625, 0.0]","[0.375, 0.0]",[[0]],[[1]],[[2]],"(0, 12)","(12, 21)","(12, 21)",{},{},{},"['A', 'B']",[],[],0,0,3,5,5,5,B,,,,,,,B,,,,,"{'rtype': 'select-node', 'rtimedn': 73.135, 'rtimeup': 73.135}",,,,,,,"{'rtype': 'select-node', 'rtimedn': 71.125, 'rtimeup': 71.125}",,,,
,,30,3,28,1733272812,BDG-248-2554,TREE-1.2-0.0-0.0,"['fb0b0d94-beb4-4bde-a6af-f8247351d85a', '8f7679ce-e5f4-4d33-abb9-7aa50944662b']","['participant', 'robot']","['ghost', 'teardrop']","['hsla(196, 89%, 61%, 1.0)', 'hsla(229, 89%, 51%, 1.0)']","[[1.0, 0.13768295708260977], [0.13768295708260977, 1.0]]","{0: '', 1: 'A', 2: 'B'}",,2,after,"[True, False]","{'max': 21, 'min': 21, 'avg': 21.0, 'root': 12}","[-10, 0]","[140, 133]",sequential,chance,chance,"[1.0, 1.0]","[0.5, 1.0]","[0.5, 1.0]","[0.5, 1.0]","[0.625, 0.0]","[0.375, 0.0]",[[0]],[[1]],[[2]],"(0, 12)","(12, 21)","(12, 21)",{},{},{},"['A', 'B']",[],[],0,0,2,5,5,4,B,,,,,,,B,,,,,"{'rtype': 'select-node', 'rtimedn': 73.246, 'rtimeup': 73.246}",,,,,,,"{'rtype': 'd', 'rtimedn': 4.916, 'rtimeup': 6.105}",,,,
,,30,4,28,1733272811,BDG-412-4233,TREE-1.2-0.0-0.0,"['33656bfb-1891-49d7-a90d-e4e7f76ac224', '2d705077-65f3-4a05-88c1-c42d58721850']","['robot', 'participant']","['lemon', 'squash']","['hsla(252, 88%, 64%, 1.0)', 'hsla(236, 57%, 65%, 1.0)']","[[1.0, 0.15480029769288017], [0.15480029769288017, 1.0]]","{0: '', 1: 'A', 2: 'B'}",,2,after,"[False, True]","{'max': 21, 'min': 21, 'avg': 21.0, 'root': 12}","[0, -10]","[120, 130]",sequential,chance,chance,"[1.0, 1.0]","[0.5, 1.0]","[0.5, 1.0]","[0.5, 1.0]","[0.625, 0.0]","[0.375, 0.0]",[[0]],[[1]],[[2]],"(0, 12)","(12, 21)","(12, 21)",{},{},{},"['A', 'B']",[],[],0,0,4,2,3,3,B,,,,,,,B,,,,,"{'rtype': 'a', 'rtimedn': 2.964, 'rtimeup': 4.715}",,,,,,,"{'rtype': 'select-node', 'rtimedn': 73.255, 'rtimeup': 73.255}",,,,
,,31,0,28,1733272826,BDG-432-4323,TREE-1.2-0.0-0.0,"['33656bfb-1891-49d7-a90d-e4e7f76ac224', '2d705077-65f3-4a05-88c1-c42d58721850']","['robot', 'participant']","['lemon', 'squash']","['hsla(252, 88%, 64%, 1.0)', 'hsla(236, 57%, 65%, 1.0)']","[[1.0, 0.15480029769288017], [0.15480029769288017, 1.0]]","{0: '', 1: 'A', 2: 'B'}",,2,after,"[False, True]","{'max': 21, 'min': 21, 'avg': 21.0, 'root': 12}","[0, -10]","[120, 130]",sequential,chance,chance,"[1.0, 1.0]","[0.5, 1.0]","[0.5, 1.0]","[0.5, 1.0]","[0.375, 0.0]","[0.625, 0.0]",[[0]],[[1]],[[2]],"(0, 12)","(12, 21)","(12, 21)",{},{},{},"['A', 'B']",[],[],0,0,4,3,2,3,B,,,,,,,A,,,,,"{'rtype': 'a', 'rtimedn': 3.613, 'rtimeup': 5.746}",,,,,,,"{'rtype': 'select-node', 'rtimedn': 74.731, 'rtimeup': 74.731}",,,,
,,31,1,28,1733272827,BDG-231-2522,TREE-1.2-0.0-0.0,"['338db90f-d024-4e9f-8f78-d53201679dfd', 'fb0b0d94-beb4-4bde-a6af-f8247351d85a']","['participant', 'participant']","['jagged-sun', 'ghost']","['hsla(36, 67%, 46%, 1.0)', 'hsla(196, 89%, 61%, 1.0)']","[[1.0, 0.16249069709749442], [0.16249069709749442, 1.0]]","{0: '', 1: 'A', 2: 'B'}",,1,after,"[True, True]","{'max': 21, 'min': 21, 'avg': 21.0, 'root': 12}","[-10, -10]","[136, 140]",sequential,chance,chance,"[1.0, 1.0]","[0.5, 1.0]","[0.5, 1.0]","[0.5, 1.0]","[0.625, 0.0]","[0.375, 0.0]",[[0]],[[1]],[[2]],"(0, 12)","(12, 21)","(12, 21)",{},{},{},"['A', 'B']",[],[],0,0,2,5,2,2,A,,,,,,,A,,,,,"{'rtype': 'select-node', 'rtimedn': 75.128, 'rtimeup': 75.128}",,,,,,,"{'rtype': 'select-node', 'rtimedn': 74.7, 'rtimeup': 74.7}",,,,
,,31,2,28,1733272826,BDG-165-2241,TREE-1.2-0.0-0.0,"['c19e100c-c620-4ed1-b9f7-aef47c913450', '23c1011e-9d47-4bab-a443-2d015c3a9763']","['participant', 'participant']","['dodecagon', 'teardrop']","['hsla(135, 67%, 60%, 1.0)', 'hsla(59, 87%, 49%, 1.0)']","[[1.0, 0.16249069709749442], [0.16249069709749442, 1.0]]","{0: '', 1: 'A', 2: 'B'}",,2,after,"[True, True]","{'max': 21, 'min': 21, 'avg': 21.0, 'root': 12}","[-10, -10]","[144, -15]",sequential,chance,chance,"[1.0, 1.0]","[0.5, 1.0]","[0.5, 1.0]","[0.5, 1.0]","[0.625, 0.0]","[0.375, 0.0]",[[0]],[[1]],[[2]],"(0, 12)","(12, 21)","(12, 21)",{},{},{},"['A', 'B']",[],[],0,0,2,2,4,1,B,,,,,,,B,,,,,"{'rtype': 'select-node', 'rtimedn': 74.505, 'rtimeup': 74.505}",,,,,,,"{'rtype': 'select-node', 'rtimedn': 140.553, 'rtimeup': 140.553}",,,,
,,31,3,28,1733272826,BDG-107-1523,TREE-1.2-0.0-0.0,"['59fa89c3-96d4-4c5b-971b-50d338762b8c', '8f7679ce-e5f4-4d33-abb9-7aa50944662b']","['participant', 'robot']","['hour-glass', 'teardrop']","['hsla(287, 69%, 46%, 1.0)', 'hsla(229, 89%, 51%, 1.0)']","[[1.0, 0.07516745224510046], [0.07516745224510046, 1.0]]","{0: '', 1: 'A', 2: 'B'}",,2,after,"[True, False]","{'max': 21, 'min': 21, 'avg': 21.0, 'root': 12}","[-10, 0]","[117, 133]",sequential,chance,chance,"[1.0, 1.0]","[0.5, 1.0]","[0.5, 1.0]","[0.5, 1.0]","[0.625, 0.0]","[0.375, 0.0]",[[0]],[[1]],[[2]],"(0, 12)","(12, 21)","(12, 21)",{},{},{},"['A', 'B']",[],[],0,0,1,5,2,3,B,,,,,,,B,,,,,"{'rtype': 'select-node', 'rtimedn': 74.708, 'rtimeup': 74.708}",,,,,,,"{'rtype': 'a', 'rtimedn': 5.786, 'rtimeup': 7.413}",,,,
,,31,4,28,1733272826,BDG-004-1115,TREE-1.2-0.0-0.0,"['f06eb4e0-8743-45fc-a756-b58e11ab2484', 'd6b4e2dd-f69d-4974-b77e-a4eae15dcc82']","['participant', 'participant']","['arrow-head', 'circle']","['hsla(226, 69%, 59%, 1.0)', 'hsla(68, 85%, 39%, 1.0)']","[[1.0, 0.16249069709749442], [0.16249069709749442, 1.0]]","{0: '', 1: 'A', 2: 'B'}",,2,after,"[True, True]","{'max': 21, 'min': 21, 'avg': 21.0, 'root': 12}","[-10, -10]","[137, 130]",sequential,chance,chance,"[1.0, 1.0]","[0.5, 1.0]","[0.5, 1.0]","[0.5, 1.0]","[0.375, 0.0]","[0.625, 0.0]",[[0]],[[1]],[[2]],"(0, 12)","(12, 21)","(12, 21)",{},{},{},"['A', 'B']",[],[],0,0,1,1,1,5,B,,,,,,,B,,,,,"{'rtype': 'select-node', 'rtimedn': 72.593, 'rtimeup': 72.593}",,,,,,,"{'rtype': 'select-node', 'rtimedn': 74.869, 'rtimeup': 74.869}",,,,
,,32,0,28,1733272836,BDG-378-4114,TREE-1.2-0.0-0.0,"['59fa89c3-96d4-4c5b-971b-50d338762b8c', '23c1011e-9d47-4bab-a443-2d015c3a9763']","['participant', 'participant']","['hour-glass', 'teardrop']","['hsla(287, 69%, 46%, 1.0)', 'hsla(59, 87%, 49%, 1.0)']","[[1.0, 0.19573306871743984], [0.19573306871743984, 1.0]]","{0: '', 1: 'A', 2: 'B'}",,1,after,"[True, True]","{'max': 21, 'min': 21, 'avg': 21.0, 'root': 12}","[-10, -10]","[117, -15]",sequential,chance,chance,"[1.0, 1.0]","[0.5, 1.0]","[0.5, 1.0]","[0.5, 1.0]","[0.375, 0.0]","[0.625, 0.0]",[[0]],[[1]],[[2]],"(0, 12)","(12, 21)","(12, 21)",{},{},{},"['A', 'B']",[],[],0,0,4,1,1,4,A,,,,,,,B,,,,,"{'rtype': 'select-node', 'rtimedn': 75.769, 'rtimeup': 75.769}",,,,,,,"{'rtype': 'select-node', 'rtimedn': 141.406, 'rtimeup': 141.406}",,,,
,,32,1,28,1733272839,BDG-545-5251,TREE-1.2-0.0-0.0,"['d6b4e2dd-f69d-4974-b77e-a4eae15dcc82', '338db90f-d024-4e9f-8f78-d53201679dfd']","['participant', 'participant']","['circle', 'jagged-sun']","['hsla(68, 85%, 39%, 1.0)', 'hsla(36, 67%, 46%, 1.0)']","[[1.0, 0.13768295708260977], [0.13768295708260977, 1.0]]","{0: '', 1: 'A', 2: 'B'}",,1,after,"[True, True]","{'max': 21, 'min': 21, 'avg': 21.0, 'root': 12}","[-10, -10]","[130, 136]",sequential,chance,chance,"[1.0, 1.0]","[0.5, 1.0]","[0.5, 1.0]","[0.5, 1.0]","[0.625, 0.0]","[0.375, 0.0]",[[0]],[[1]],[[2]],"(0, 12)","(12, 21)","(12, 21)",{},{},{},"['A', 'B']",[],[],0,0,5,2,5,1,A,,,,,,,A,,,,,"{'rtype': 'select-node', 'rtimedn': 76.161, 'rtimeup': 76.161}",,,,,,,"{'rtype': 'select-node', 'rtimedn': 76.015, 'rtimeup': 76.015}",,,,
,,32,2,28,1733272836,BDG-194-2345,TREE-1.2-0.0-0.0,"['2d705077-65f3-4a05-88c1-c42d58721850', '33656bfb-1891-49d7-a90d-e4e7f76ac224']","['participant', 'robot']","['squash', 'lemon']","['hsla(236, 57%, 65%, 1.0)', 'hsla(252, 88%, 64%, 1.0)']","[[1.0, 0.15480029769288017], [0.15480029769288017, 1.0]]","{0: '', 1: 'A', 2: 'B'}",,2,after,"[True, False]","{'max': 21, 'min': 21, 'avg': 21.0, 'root': 12}","[-10, 0]","[130, 120]",sequential,chance,chance,"[1.0, 1.0]","[0.5, 1.0]","[0.5, 1.0]","[0.5, 1.0]","[0.625, 0.0]","[0.375, 0.0]",[[0]],[[1]],[[2]],"(0, 12)","(12, 21)","(12, 21)",{},{},{},"['A', 'B']",[],[],0,0,2,3,4,5,B,,,,,,,B,,,,,"{'rtype': 'select-node', 'rtimedn': 75.745, 'rtimeup': 75.745}",,,,,,,"{'rtype': 'd', 'rtimedn': 2.072, 'rtimeup': 3.398}",,,,
,,32,3,28,1733272839,BDG-066-1342,TREE-1.2-0.0-0.0,"['c19e100c-c620-4ed1-b9f7-aef47c913450', 'fb0b0d94-beb4-4bde-a6af-f8247351d85a']","['participant', 'participant']","['dodecagon', 'ghost']","['hsla(135, 67%, 60%, 1.0)', 'hsla(196, 89%, 61%, 1.0)']","[[1.0, 0.15480029769288017], [0.15480029769288017, 1.0]]","{0: '', 1: 'A', 2: 'B'}",,2,after,"[True, True]","{'max': 21, 'min': 21, 'avg': 21.0, 'root': 12}","[-10, -10]","[144, 140]",sequential,chance,chance,"[1.0, 1.0]","[0.5, 1.0]","[0.5, 1.0]","[0.5, 1.0]","[0.625, 0.0]","[0.375, 0.0]",[[0]],[[1]],[[2]],"(0, 12)","(12, 21)","(12, 21)",{},{},{},"['A', 'B']",[],[],0,0,1,3,4,2,B,,,,,,,A,,,,,"{'rtype': 'select-node', 'rtimedn': 75.55, 'rtimeup': 75.55}",,,,,,,"{'rtype': 'select-node', 'rtimedn': 75.898, 'rtimeup': 75.898}",,,,
,,32,4,28,1733272835,BDG-324-3355,TREE-1.2-0.0-0.0,"['f06eb4e0-8743-45fc-a756-b58e11ab2484', '8f7679ce-e5f4-4d33-abb9-7aa50944662b']","['participant', 'robot']","['arrow-head', 'teardrop']","['hsla(226, 69%, 59%, 1.0)', 'hsla(229, 89%, 51%, 1.0)']","[[1.0, 0.19573306871743984], [0.19573306871743984, 1.0]]","{0: '', 1: 'A', 2: 'B'}",,2,after,"[True, False]","{'max': 21, 'min': 21, 'avg': 21.0, 'root': 12}","[-10, 0]","[137, 133]",sequential,chance,chance,"[1.0, 1.0]","[0.5, 1.0]","[0.5, 1.0]","[0.5, 1.0]","[0.375, 0.0]","[0.625, 0.0]",[[0]],[[1]],[[2]],"(0, 12)","(12, 21)","(12, 21)",{},{},{},"['A', 'B']",[],[],0,0,3,3,5,5,B,,,,,,,B,,,,,"{'rtype': 'select-node', 'rtimedn': 73.63, 'rtimeup': 73.63}",,,,,,,"{'rtype': 'd', 'rtimedn': 9.203, 'rtimeup': 9.66}",,,,
,,33,0,28,1733272852,BDG-509-5125,TREE-1.2-0.0-0.0,"['33656bfb-1891-49d7-a90d-e4e7f76ac224', 'fb0b0d94-beb4-4bde-a6af-f8247351d85a']","['robot', 'participant']","['lemon', 'ghost']","['hsla(252, 88%, 64%, 1.0)', 'hsla(196, 89%, 61%, 1.0)']","[[1.0, 0.19573306871743984], [0.19573306871743984, 1.0]]","{0: '', 1: 'A', 2: 'B'}",,2,after,"[False, True]","{'max': 21, 'min': 21, 'avg': 21.0, 'root': 12}","[0, -10]","[120, 140]",sequential,chance,chance,"[1.0, 1.0]","[0.5, 1.0]","[0.5, 1.0]","[0.5, 1.0]","[0.625, 0.0]","[0.375, 0.0]",[[0]],[[1]],[[2]],"(0, 12)","(12, 21)","(12, 21)",{},{},{},"['A', 'B']",[],[],0,0,5,1,2,5,B,,,,,,,A,,,,,"{'rtype': 'd', 'rtimedn': 3.212, 'rtimeup': 6.815}",,,,,,,"{'rtype': 'select-node', 'rtimedn': 77.236, 'rtimeup': 77.236}",,,,
,,33,1,28,1733272849,BDG-331-3422,TREE-1.2-0.0-0.0,"['59fa89c3-96d4-4c5b-971b-50d338762b8c', 'c19e100c-c620-4ed1-b9f7-aef47c913450']","['participant', 'participant']","['hour-glass', 'dodecagon']","['hsla(287, 69%, 46%, 1.0)', 'hsla(135, 67%, 60%, 1.0)']","[[1.0, 0.13768295708260977], [0.13768295708260977, 1.0]]","{0: '', 1: 'A', 2: 'B'}",,1,after,"[True, True]","{'max': 21, 'min': 21, 'avg': 21.0, 'root': 12}","[-10, -10]","[117, 144]",sequential,chance,chance,"[1.0, 1.0]","[0.5, 1.0]","[0.5, 1.0]","[0.5, 1.0]","[0.625, 0.0]","[0.375, 0.0]",[[0]],[[1]],[[2]],"(0, 12)","(12, 21)","(12, 21)",{},{},{},"['A', 'B']",[],[],0,0,3,4,2,2,A,,,,,,,A,,,,,"{'rtype': 'select-node', 'rtimedn': 77.06, 'rtimeup': 77.06}",,,,,,,"{'rtype': 'select-node', 'rtimedn': 76.779, 'rtimeup': 76.779}",,,,
,,33,2,28,1733272850,BDG-207-2423,TREE-1.2-0.0-0.0,"['2d705077-65f3-4a05-88c1-c42d58721850', '338db90f-d024-4e9f-8f78-d53201679dfd']","['participant', 'participant']","['squash', 'jagged-sun']","['hsla(236, 57%, 65%, 1.0)', 'hsla(36, 67%, 46%, 1.0)']","[[1.0, 0.19573306871743984], [0.19573306871743984, 1.0]]","{0: '', 1: 'A', 2: 'B'}",,1,after,"[True, True]","{'max': 21, 'min': 21, 'avg': 21.0, 'root': 12}","[-10, -10]","[130, 136]",sequential,chance,chance,"[1.0, 1.0]","[0.5, 1.0]","[0.5, 1.0]","[0.5, 1.0]","[0.625, 0.0]","[0.375, 0.0]",[[0]],[[1]],[[2]],"(0, 12)","(12, 21)","(12, 21)",{},{},{},"['A', 'B']",[],[],0,0,2,4,2,3,A,,,,,,,A,,,,,"{'rtype': 'select-node', 'rtimedn': 76.88, 'rtimeup': 76.88}",,,,,,,"{'rtype': 'select-node', 'rtimedn': 77.524, 'rtimeup': 77.524}",,,,
,,33,3,28,1733272847,BDG-032-1223,TREE-1.2-0.0-0.0,"['8f7679ce-e5f4-4d33-abb9-7aa50944662b', 'f06eb4e0-8743-45fc-a756-b58e11ab2484']","['robot', 'participant']","['teardrop', 'arrow-head']","['hsla(229, 89%, 51%, 1.0)', 'hsla(226, 69%, 59%, 1.0)']","[[1.0, 0.19573306871743984], [0.19573306871743984, 1.0]]","{0: '', 1: 'A', 2: 'B'}",,2,after,"[False, True]","{'max': 21, 'min': 21, 'avg': 21.0, 'root': 12}","[0, -10]","[133, 137]",sequential,chance,chance,"[1.0, 1.0]","[0.5, 1.0]","[0.5, 1.0]","[0.5, 1.0]","[0.625, 0.0]","[0.375, 0.0]",[[0]],[[1]],[[2]],"(0, 12)","(12, 21)","(12, 21)",{},{},{},"['A', 'B']",[],[],0,0,1,2,2,3,B,,,,,,,B,,,,,"{'rtype': 'd', 'rtimedn': 1.909, 'rtimeup': 2.791}",,,,,,,"{'rtype': 'select-node', 'rtimedn': 74.801, 'rtimeup': 74.801}",,,,
,,33,4,28,1733272849,BDG-298-3254,TREE-1.2-0.0-0.0,"['d6b4e2dd-f69d-4974-b77e-a4eae15dcc82', '23c1011e-9d47-4bab-a443-2d015c3a9763']","['participant', 'participant']","['circle', 'teardrop']","['hsla(68, 85%, 39%, 1.0)', 'hsla(59, 87%, 49%, 1.0)']","[[1.0, 0.03820391962292235], [0.03820391962292235, 1.0]]","{0: '', 1: 'A', 2: 'B'}",,2,after,"[True, True]","{'max': 21, 'min': 21, 'avg': 21.0, 'root': 12}","[-10, -10]","[130, -15]",sequential,chance,chance,"[1.0, 1.0]","[0.5, 1.0]","[0.5, 1.0]","[0.5, 1.0]","[0.625, 0.0]","[0.375, 0.0]",[[0]],[[1]],[[2]],"(0, 12)","(12, 21)","(12, 21)",{},{},{},"['A', 'B']",[],[],0,0,3,2,5,4,B,,,,,,,A,,,,,"{'rtype': 'select-node', 'rtimedn': 77.095, 'rtimeup': 77.095}",,,,,,,"{'rtype': 'select-node', 'rtimedn': 142.586, 'rtimeup': 142.586}",,,,
,,34,0,28,1733272865,BDG-154-2215,TREE-1.2-0.0-0.0,"['d6b4e2dd-f69d-4974-b77e-a4eae15dcc82', '8f7679ce-e5f4-4d33-abb9-7aa50944662b']","['participant', 'robot']","['circle', 'teardrop']","['hsla(68, 85%, 39%, 1.0)', 'hsla(229, 89%, 51%, 1.0)']","[[1.0, 0.15480029769288017], [0.15480029769288017, 1.0]]","{0: '', 1: 'A', 2: 'B'}",,1,after,"[True, False]","{'max': 21, 'min': 21, 'avg': 21.0, 'root': 12}","[-10, 0]","[130, 133]",sequential,chance,chance,"[1.0, 1.0]","[0.5, 1.0]","[0.5, 1.0]","[0.5, 1.0]","[0.625, 0.0]","[0.375, 0.0]",[[0]],[[1]],[[2]],"(0, 12)","(12, 21)","(12, 21)",{},{},{},"['A', 'B']",[],[],0,0,2,2,1,5,A,,,,,,,A,,,,,"{'rtype': 'select-node', 'rtimedn': 78.712, 'rtimeup': 78.712}",,,,,,,"{'rtype': 'd', 'rtimedn': 2.234, 'rtimeup': 2.661}",,,,
,,34,1,28,1733272863,BDG-179-2315,TREE-1.2-0.0-0.0,"['2d705077-65f3-4a05-88c1-c42d58721850', '59fa89c3-96d4-4c5b-971b-50d338762b8c']","['participant', 'participant']","['squash', 'hour-glass']","['hsla(236, 57%, 65%, 1.0)', 'hsla(287, 69%, 46%, 1.0)']","[[1.0, 0.15306375589183824], [0.15306375589183824, 1.0]]","{0: '', 1: 'A', 2: 'B'}",,1,after,"[True, True]","{'max': 21, 'min': 21, 'avg': 21.0, 'root': 12}","[-10, -10]","[130, 117]",sequential,chance,chance,"[1.0, 1.0]","[0.5, 1.0]","[0.5, 1.0]","[0.5, 1.0]","[0.625, 0.0]","[0.375, 0.0]",[[0]],[[1]],[[2]],"(0, 12)","(12, 21)","(12, 21)",{},{},{},"['A', 'B']",[],[],0,0,2,3,1,5,A,,,,,,,A,,,,,"{'rtype': 'select-node', 'rtimedn': 78.18, 'rtimeup': 78.18}",,,,,,,"{'rtype': 'select-node', 'rtimedn': 78.453, 'rtimeup': 78.453}",,,,
,,34,2,28,1733272861,BDG-131-2122,TREE-1.2-0.0-0.0,"['c19e100c-c620-4ed1-b9f7-aef47c913450', 'f06eb4e0-8743-45fc-a756-b58e11ab2484']","['participant', 'participant']","['dodecagon', 'arrow-head']","['hsla(135, 67%, 60%, 1.0)', 'hsla(226, 69%, 59%, 1.0)']","[[1.0, 0.15306375589183824], [0.15306375589183824, 1.0]]","{0: '', 1: 'A', 2: 'B'}",,2,after,"[True, True]","{'max': 21, 'min': 21, 'avg': 21.0, 'root': 12}","[-10, -10]","[144, 137]",sequential,chance,chance,"[1.0, 1.0]","[0.5, 1.0]","[0.5, 1.0]","[0.5, 1.0]","[0.625, 0.0]","[0.375, 0.0]",[[0]],[[1]],[[2]],"(0, 12)","(12, 21)","(12, 21)",{},{},{},"['A', 'B']",[],[],0,0,2,1,2,2,B,,,,,,,B,,,,,"{'rtype': 'select-node', 'rtimedn': 78.124, 'rtimeup': 78.124}",,,,,,,"{'rtype': 'select-node', 'rtimedn': 76.131, 'rtimeup': 76.131}",,,,
,,34,3,28,1733272862,BDG-031-1222,TREE-1.2-0.0-0.0,"['fb0b0d94-beb4-4bde-a6af-f8247351d85a', '33656bfb-1891-49d7-a90d-e4e7f76ac224']","['participant', 'robot']","['ghost', 'lemon']","['hsla(196, 89%, 61%, 1.0)', 'hsla(252, 88%, 64%, 1.0)']","[[1.0, 0.19573306871743984], [0.19573306871743984, 1.0]]","{0: '', 1: 'A', 2: 'B'}",,2,after,"[True, False]","{'max': 21, 'min': 21, 'avg': 21.0, 'root': 12}","[-10, 0]","[140, 120]",sequential,chance,chance,"[1.0, 1.0]","[0.5, 1.0]","[0.5, 1.0]","[0.5, 1.0]","[0.625, 0.0]","[0.375, 0.0]",[[0]],[[1]],[[2]],"(0, 12)","(12, 21)","(12, 21)",{},{},{},"['A', 'B']",[],[],0,0,1,2,2,2,B,,,,,,,B,,,,,"{'rtype': 'select-node', 'rtimedn': 78.155, 'rtimeup': 78.155}",,,,,,,"{'rtype': 'd', 'rtimedn': 4.531, 'rtimeup': 6.76}",,,,
,,34,4,28,1733272867,BDG-215-2441,TREE-1.2-0.0-0.0,"['338db90f-d024-4e9f-8f78-d53201679dfd', '23c1011e-9d47-4bab-a443-2d015c3a9763']","['participant', 'participant']","['jagged-sun', 'teardrop']","['hsla(36, 67%, 46%, 1.0)', 'hsla(59, 87%, 49%, 1.0)']","[[1.0, 0.15480029769288017], [0.15480029769288017, 1.0]]","{0: '', 1: 'A', 2: 'B'}",,1,after,"[True, True]","{'max': 21, 'min': 21, 'avg': 21.0, 'root': 12}","[-10, -10]","[136, -15]",sequential,chance,chance,"[1.0, 1.0]","[0.5, 1.0]","[0.5, 1.0]","[0.5, 1.0]","[0.625, 0.0]","[0.375, 0.0]",[[0]],[[1]],[[2]],"(0, 12)","(12, 21)","(12, 21)",{},{},{},"['A', 'B']",[],[],0,0,2,4,4,1,A,,,,,,,A,,,,,"{'rtype': 'select-node', 'rtimedn': 78.755, 'rtimeup': 78.755}",,,,,,,"{'rtype': None, 'rtimedn': 13, 'rtimeup': 13}",,,,
,,35,0,28,1733272878,BDG-362-3533,TREE-1.2-0.0-0.0,"['f06eb4e0-8743-45fc-a756-b58e11ab2484', 'c19e100c-c620-4ed1-b9f7-aef47c913450']","['participant', 'participant']","['arrow-head', 'dodecagon']","['hsla(226, 69%, 59%, 1.0)', 'hsla(135, 67%, 60%, 1.0)']","[[1.0, 0.15306375589183824], [0.15306375589183824, 1.0]]","{0: '', 1: 'A', 2: 'B'}",,1,after,"[True, True]","{'max': 21, 'min': 21, 'avg': 21.0, 'root': 12}","[-10, -10]","[137, 144]",sequential,chance,chance,"[1.0, 1.0]","[0.5, 1.0]","[0.5, 1.0]","[0.5, 1.0]","[0.625, 0.0]","[0.375, 0.0]",[[0]],[[1]],[[2]],"(0, 12)","(12, 21)","(12, 21)",{},{},{},"['A', 'B']",[],[],0,0,3,5,3,3,A,,,,,,,A,,,,,"{'rtype': 'select-node', 'rtimedn': 77.737, 'rtimeup': 77.737}",,,,,,,"{'rtype': 'select-node', 'rtimedn': 79.808, 'rtimeup': 79.808}",,,,
,,35,1,28,1733272875,BDG-624-5555,TREE-1.2-0.0-0.0,"['fb0b0d94-beb4-4bde-a6af-f8247351d85a', '33656bfb-1891-49d7-a90d-e4e7f76ac224']","['participant', 'robot']","['ghost', 'lemon']","['hsla(196, 89%, 61%, 1.0)', 'hsla(252, 88%, 64%, 1.0)']","[[1.0, 0.19573306871743984], [0.19573306871743984, 1.0]]","{0: '', 1: 'A', 2: 'B'}",,2,after,"[True, False]","{'max': 21, 'min': 21, 'avg': 21.0, 'root': 12}","[-10, 0]","[140, 120]",sequential,chance,chance,"[1.0, 1.0]","[0.5, 1.0]","[0.5, 1.0]","[0.5, 1.0]","[0.375, 0.0]","[0.625, 0.0]",[[0]],[[1]],[[2]],"(0, 12)","(12, 21)","(12, 21)",{},{},{},"['A', 'B']",[],[],0,0,5,5,5,5,B,,,,,,,A,,,,,"{'rtype': 'select-node', 'rtimedn': 79.533, 'rtimeup': 79.533}",,,,,,,"{'rtype': 'a', 'rtimedn': 8.366, 'rtimeup': 10.704}",,,,
,,35,2,28,1733272879,BDG-316-3342,TREE-1.2-0.0-0.0,"['23c1011e-9d47-4bab-a443-2d015c3a9763', '2d705077-65f3-4a05-88c1-c42d58721850']","['participant', 'participant']","['teardrop', 'squash']","['hsla(59, 87%, 49%, 1.0)', 'hsla(236, 57%, 65%, 1.0)']","[[1.0, 0.13768295708260977], [0.13768295708260977, 1.0]]","{0: '', 1: 'A', 2: 'B'}",,2,after,"[True, True]","{'max': 21, 'min': 21, 'avg': 21.0, 'root': 12}","[-10, -10]","[-15, 130]",sequential,chance,chance,"[1.0, 1.0]","[0.5, 1.0]","[0.5, 1.0]","[0.5, 1.0]","[0.625, 0.0]","[0.375, 0.0]",[[0]],[[1]],[[2]],"(0, 12)","(12, 21)","(12, 21)",{},{},{},"['A', 'B']",[],[],0,0,3,3,4,2,B,,,,,,,A,,,,,"{'rtype': 'select-node', 'rtimedn': 145.826, 'rtimeup': 145.826}",,,,,,,"{'rtype': 'select-node', 'rtimedn': 79.639, 'rtimeup': 79.639}",,,,
,,35,3,28,1733272882,BDG-221-2452,TREE-1.2-0.0-0.0,"['d6b4e2dd-f69d-4974-b77e-a4eae15dcc82', '8f7679ce-e5f4-4d33-abb9-7aa50944662b']","['participant', 'robot']","['circle', 'teardrop']","['hsla(68, 85%, 39%, 1.0)', 'hsla(229, 89%, 51%, 1.0)']","[[1.0, 0.15480029769288017], [0.15480029769288017, 1.0]]","{0: '', 1: 'A', 2: 'B'}",,1,after,"[True, False]","{'max': 21, 'min': 21, 'avg': 21.0, 'root': 12}","[-10, 0]","[130, 133]",sequential,chance,chance,"[1.0, 1.0]","[0.5, 1.0]","[0.5, 1.0]","[0.5, 1.0]","[0.625, 0.0]","[0.375, 0.0]",[[0]],[[1]],[[2]],"(0, 12)","(12, 21)","(12, 21)",{},{},{},"['A', 'B']",[],[],0,0,2,4,5,2,A,,,,,,,B,,,,,"{'rtype': None, 'rtimedn': 13, 'rtimeup': 13}",,,,,,,"{'rtype': 'a', 'rtimedn': 3.046, 'rtimeup': 3.805}",,,,
,,35,4,28,1733272877,BDG-252-3113,TREE-1.2-0.0-0.0,"['338db90f-d024-4e9f-8f78-d53201679dfd', '59fa89c3-96d4-4c5b-971b-50d338762b8c']","['participant', 'participant']","['jagged-sun', 'hour-glass']","['hsla(36, 67%, 46%, 1.0)', 'hsla(287, 69%, 46%, 1.0)']","[[1.0, 0.03820391962292235], [0.03820391962292235, 1.0]]","{0: '', 1: 'A', 2: 'B'}",,1,after,"[True, True]","{'max': 21, 'min': 21, 'avg': 21.0, 'root': 12}","[-10, -10]","[136, 117]",sequential,chance,chance,"[1.0, 1.0]","[0.5, 1.0]","[0.5, 1.0]","[0.5, 1.0]","[0.375, 0.0]","[0.625, 0.0]",[[0]],[[1]],[[2]],"(0, 12)","(12, 21)","(12, 21)",{},{},{},"['A', 'B']",[],[],0,0,3,1,1,3,A,,,,,,,A,,,,,"{'rtype': 'select-node', 'rtimedn': 80.191, 'rtimeup': 80.191}",,,,,,,"{'rtype': 'select-node', 'rtimedn': 79.856, 'rtimeup': 79.856}",,,,
,,36,0,28,1733272891,BDG-007-1123,TREE-1.2-0.0-0.0,"['c19e100c-c620-4ed1-b9f7-aef47c913450', '23c1011e-9d47-4bab-a443-2d015c3a9763']","['participant', 'participant']","['dodecagon', 'teardrop']","['hsla(135, 67%, 60%, 1.0)', 'hsla(59, 87%, 49%, 1.0)']","[[1.0, 0.16249069709749442], [0.16249069709749442, 1.0]]","{0: '', 1: 'A', 2: 'B'}",,2,after,"[True, True]","{'max': 21, 'min': 21, 'avg': 21.0, 'root': 12}","[-10, -10]","[144, -15]",sequential,chance,chance,"[1.0, 1.0]","[0.5, 1.0]","[0.5, 1.0]","[0.5, 1.0]","[0.375, 0.0]","[0.625, 0.0]",[[0]],[[1]],[[2]],"(0, 12)","(12, 21)","(12, 21)",{},{},{},"['A', 'B']",[],[],0,0,1,1,2,3,B,,,,,,,A,,,,,"{'rtype': 'select-node', 'rtimedn': 81.145, 'rtimeup': 81.145}",,,,,,,"{'rtype': 'select-node', 'rtimedn': 146.853, 'rtimeup': 146.853}",,,,
,,36,1,28,1733272892,BDG-304-3315,TREE-1.2-0.0-0.0,"['33656bfb-1891-49d7-a90d-e4e7f76ac224', '59fa89c3-96d4-4c5b-971b-50d338762b8c']","['robot', 'participant']","['lemon', 'hour-glass']","['hsla(252, 88%, 64%, 1.0)', 'hsla(287, 69%, 46%, 1.0)']","[[1.0, 0.16249069709749442], [0.16249069709749442, 1.0]]","{0: '', 1: 'A', 2: 'B'}",,2,after,"[False, True]","{'max': 21, 'min': 21, 'avg': 21.0, 'root': 12}","[0, -10]","[120, 117]",sequential,chance,chance,"[1.0, 1.0]","[0.5, 1.0]","[0.5, 1.0]","[0.5, 1.0]","[0.625, 0.0]","[0.375, 0.0]",[[0]],[[1]],[[2]],"(0, 12)","(12, 21)","(12, 21)",{},{},{},"['A', 'B']",[],[],0,0,3,3,1,5,B,,,,,,,A,,,,,"{'rtype': 'd', 'rtimedn': 2.769, 'rtimeup': 2.887}",,,,,,,"{'rtype': 'select-node', 'rtimedn': 81.353, 'rtimeup': 81.353}",,,,
,,36,2,28,1733272890,BDG-012-1133,TREE-1.2-0.0-0.0,"['8f7679ce-e5f4-4d33-abb9-7aa50944662b', '2d705077-65f3-4a05-88c1-c42d58721850']","['robot', 'participant']","['teardrop', 'squash']","['hsla(229, 89%, 51%, 1.0)', 'hsla(236, 57%, 65%, 1.0)']","[[1.0, 0.16249069709749442], [0.16249069709749442, 1.0]]","{0: '', 1: 'A', 2: 'B'}",,2,after,"[False, True]","{'max': 21, 'min': 21, 'avg': 21.0, 'root': 12}","[0, -10]","[133, 130]",sequential,chance,chance,"[1.0, 1.0]","[0.5, 1.0]","[0.5, 1.0]","[0.5, 1.0]","[0.625, 0.0]","[0.375, 0.0]",[[0]],[[1]],[[2]],"(0, 12)","(12, 21)","(12, 21)",{},{},{},"['A', 'B']",[],[],0,0,1,1,3,3,B,,,,,,,B,,,,,"{'rtype': 'a', 'rtimedn': 3.852, 'rtimeup': 5.674}",,,,,,,"{'rtype': 'select-node', 'rtimedn': 81.142, 'rtimeup': 81.142}",,,,
,,36,3,28,1733272895,BDG-371-3552,TREE-1.2-0.0-0.0,"['f06eb4e0-8743-45fc-a756-b58e11ab2484', 'd6b4e2dd-f69d-4974-b77e-a4eae15dcc82']","['participant', 'participant']","['arrow-head', 'circle']","['hsla(226, 69%, 59%, 1.0)', 'hsla(68, 85%, 39%, 1.0)']","[[1.0, 0.16249069709749442], [0.16249069709749442, 1.0]]","{0: '', 1: 'A', 2: 'B'}",,2,after,"[True, True]","{'max': 21, 'min': 21, 'avg': 21.0, 'root': 12}","[-10, -10]","[137, 130]",sequential,chance,chance,"[1.0, 1.0]","[0.5, 1.0]","[0.5, 1.0]","[0.5, 1.0]","[0.625, 0.0]","[0.375, 0.0]",[[0]],[[1]],[[2]],"(0, 12)","(12, 21)","(12, 21)",{},{},{},"['A', 'B']",[],[],0,0,3,5,5,2,B,,,,,,,B,,,,,"{'rtype': 'select-node', 'rtimedn': 79.215, 'rtimeup': 79.215}",,,,,,,"{'rtype': 'select-node', 'rtimedn': 81.692, 'rtimeup': 81.692}",,,,
,,36,4,28,1733272893,BDG-168-2244,TREE-1.2-0.0-0.0,"['fb0b0d94-beb4-4bde-a6af-f8247351d85a', '338db90f-d024-4e9f-8f78-d53201679dfd']","['participant', 'participant']","['ghost', 'jagged-sun']","['hsla(196, 89%, 61%, 1.0)', 'hsla(36, 67%, 46%, 1.0)']","[[1.0, 0.16249069709749442], [0.16249069709749442, 1.0]]","{0: '', 1: 'A', 2: 'B'}",,2,after,"[True, True]","{'max': 21, 'min': 21, 'avg': 21.0, 'root': 12}","[-10, -10]","[140, 136]",sequential,chance,chance,"[1.0, 1.0]","[0.5, 1.0]","[0.5, 1.0]","[0.5, 1.0]","[0.375, 0.0]","[0.625, 0.0]",[[0]],[[1]],[[2]],"(0, 12)","(12, 21)","(12, 21)",{},{},{},"['A', 'B']",[],[],0,0,2,2,4,4,B,,,,,,,B,,,,,"{'rtype': 'select-node', 'rtimedn': 81.295, 'rtimeup': 81.295}",,,,,,,"{'rtype': 'select-node', 'rtimedn': 81.565, 'rtimeup': 81.565}",,,,
,,37,0,28,1733272904,BDG-593-5444,TREE-1.2-0.0-0.0,"['d6b4e2dd-f69d-4974-b77e-a4eae15dcc82', 'f06eb4e0-8743-45fc-a756-b58e11ab2484']","['participant', 'participant']","['circle', 'arrow-head']","['hsla(68, 85%, 39%, 1.0)', 'hsla(226, 69%, 59%, 1.0)']","[[1.0, 0.16249069709749442], [0.16249069709749442, 1.0]]","{0: '', 1: 'A', 2: 'B'}",,1,after,"[True, True]","{'max': 21, 'min': 21, 'avg': 21.0, 'root': 12}","[-10, -10]","[130, 137]",sequential,chance,chance,"[1.0, 1.0]","[0.5, 1.0]","[0.5, 1.0]","[0.5, 1.0]","[0.625, 0.0]","[0.375, 0.0]",[[0]],[[1]],[[2]],"(0, 12)","(12, 21)","(12, 21)",{},{},{},"['A', 'B']",[],[],0,0,5,4,4,4,A,,,,,,,A,,,,,"{'rtype': 'select-node', 'rtimedn': 82.649, 'rtimeup': 82.649}",,,,,,,"{'rtype': 'select-node', 'rtimedn': 80.442, 'rtimeup': 80.442}",,,,
,,37,1,28,1733272904,BDG-164-2235,TREE-1.2-0.0-0.0,"['338db90f-d024-4e9f-8f78-d53201679dfd', 'fb0b0d94-beb4-4bde-a6af-f8247351d85a']","['participant', 'participant']","['jagged-sun', 'ghost']","['hsla(36, 67%, 46%, 1.0)', 'hsla(196, 89%, 61%, 1.0)']","[[1.0, 0.16249069709749442], [0.16249069709749442, 1.0]]","{0: '', 1: 'A', 2: 'B'}",,2,after,"[True, True]","{'max': 21, 'min': 21, 'avg': 21.0, 'root': 12}","[-10, -10]","[136, 140]",sequential,chance,chance,"[1.0, 1.0]","[0.5, 1.0]","[0.5, 1.0]","[0.5, 1.0]","[0.625, 0.0]","[0.375, 0.0]",[[0]],[[1]],[[2]],"(0, 12)","(12, 21)","(12, 21)",{},{},{},"['A', 'B']",[],[],0,0,2,2,3,5,B,,,,,,,B,,,,,"{'rtype': 'select-node', 'rtimedn': 82.879, 'rtimeup': 82.879}",,,,,,,"{'rtype': 'select-node', 'rtimedn': 82.279, 'rtimeup': 82.279}",,,,
,,37,2,28,1733272904,BDG-106-1522,TREE-1.2-0.0-0.0,"['23c1011e-9d47-4bab-a443-2d015c3a9763', '59fa89c3-96d4-4c5b-971b-50d338762b8c']","['participant', 'participant']","['teardrop', 'hour-glass']","['hsla(59, 87%, 49%, 1.0)', 'hsla(287, 69%, 46%, 1.0)']","[[1.0, 0.19573306871743984], [0.19573306871743984, 1.0]]","{0: '', 1: 'A', 2: 'B'}",,2,after,"[True, True]","{'max': 21, 'min': 21, 'avg': 21.0, 'root': 12}","[-10, -10]","[-15, 117]",sequential,chance,chance,"[1.0, 1.0]","[0.5, 1.0]","[0.5, 1.0]","[0.5, 1.0]","[0.375, 0.0]","[0.625, 0.0]",[[0]],[[1]],[[2]],"(0, 12)","(12, 21)","(12, 21)",{},{},{},"['A', 'B']",[],[],0,0,1,5,2,2,B,,,,,,,B,,,,,"{'rtype': 'select-node', 'rtimedn': 148.125, 'rtimeup': 148.125}",,,,,,,"{'rtype': 'select-node', 'rtimedn': 82.499, 'rtimeup': 82.499}",,,,
,,37,3,28,1733272903,BDG-039-1235,TREE-1.2-0.0-0.0,"['2d705077-65f3-4a05-88c1-c42d58721850', '33656bfb-1891-49d7-a90d-e4e7f76ac224']","['participant', 'robot']","['squash', 'lemon']","['hsla(236, 57%, 65%, 1.0)', 'hsla(252, 88%, 64%, 1.0)']","[[1.0, 0.15480029769288017], [0.15480029769288017, 1.0]]","{0: '', 1: 'A', 2: 'B'}",,2,after,"[True, False]","{'max': 21, 'min': 21, 'avg': 21.0, 'root': 12}","[-10, 0]","[130, 120]",sequential,chance,chance,"[1.0, 1.0]","[0.5, 1.0]","[0.5, 1.0]","[0.5, 1.0]","[0.375, 0.0]","[0.625, 0.0]",[[0]],[[1]],[[2]],"(0, 12)","(12, 21)","(12, 21)",{},{},{},"['A', 'B']",[],[],0,0,1,2,3,5,B,,,,,,,B,,,,,"{'rtype': 'select-node', 'rtimedn': 82.452, 'rtimeup': 82.452}",,,,,,,"{'rtype': 'a', 'rtimedn': 4.94, 'rtimeup': 5.724}",,,,
,,37,4,28,1733272905,BDG-365-3541,TREE-1.2-0.0-0.0,"['8f7679ce-e5f4-4d33-abb9-7aa50944662b', 'c19e100c-c620-4ed1-b9f7-aef47c913450']","['robot', 'participant']","['teardrop', 'dodecagon']","['hsla(229, 89%, 51%, 1.0)', 'hsla(135, 67%, 60%, 1.0)']","[[1.0, 0.0523443314314066], [0.0523443314314066, 1.0]]","{0: '', 1: 'A', 2: 'B'}",,1,after,"[False, True]","{'max': 21, 'min': 21, 'avg': 21.0, 'root': 12}","[0, -10]","[133, 144]",sequential,chance,chance,"[1.0, 1.0]","[0.5, 1.0]","[0.5, 1.0]","[0.5, 1.0]","[0.375, 0.0]","[0.625, 0.0]",[[0]],[[1]],[[2]],"(0, 12)","(12, 21)","(12, 21)",{},{},{},"['A', 'B']",[],[],0,0,3,5,4,1,A,,,,,,,B,,,,,"{'rtype': 'a', 'rtimedn': 4.202, 'rtimeup': 4.383}",,,,,,,"{'rtype': 'select-node', 'rtimedn': 82.481, 'rtimeup': 82.481}",,,,
,,38,0,28,1733272916,BDG-609-5525,TREE-1.2-0.0-0.0,"['23c1011e-9d47-4bab-a443-2d015c3a9763', 'd6b4e2dd-f69d-4974-b77e-a4eae15dcc82']","['participant', 'participant']","['teardrop', 'circle']","['hsla(59, 87%, 49%, 1.0)', 'hsla(68, 85%, 39%, 1.0)']","[[1.0, 0.03820391962292235], [0.03820391962292235, 1.0]]","{0: '', 1: 'A', 2: 'B'}",,1,after,"[True, True]","{'max': 21, 'min': 21, 'avg': 21.0, 'root': 12}","[-10, -10]","[-15, 130]",sequential,chance,chance,"[1.0, 1.0]","[0.5, 1.0]","[0.5, 1.0]","[0.5, 1.0]","[0.625, 0.0]","[0.375, 0.0]",[[0]],[[1]],[[2]],"(0, 12)","(12, 21)","(12, 21)",{},{},{},"['A', 'B']",[],[],0,0,5,5,2,5,A,,,,,,,B,,,,,"{'rtype': 'select-node', 'rtimedn': 149.138, 'rtimeup': 149.138}",,,,,,,"{'rtype': 'select-node', 'rtimedn': 83.809, 'rtimeup': 83.809}",,,,
,,38,1,28,1733272914,BDG-157-2223,TREE-1.2-0.0-0.0,"['2d705077-65f3-4a05-88c1-c42d58721850', '338db90f-d024-4e9f-8f78-d53201679dfd']","['participant', 'participant']","['squash', 'jagged-sun']","['hsla(236, 57%, 65%, 1.0)', 'hsla(36, 67%, 46%, 1.0)']","[[1.0, 0.19573306871743984], [0.19573306871743984, 1.0]]","{0: '', 1: 'A', 2: 'B'}",,2,after,"[True, True]","{'max': 21, 'min': 21, 'avg': 21.0, 'root': 12}","[-10, -10]","[130, 136]",sequential,chance,chance,"[1.0, 1.0]","[0.5, 1.0]","[0.5, 1.0]","[0.5, 1.0]","[0.625, 0.0]","[0.375, 0.0]",[[0]],[[1]],[[2]],"(0, 12)","(12, 21)","(12, 21)",{},{},{},"['A', 'B']",[],[],0,0,2,2,2,3,B,,,,,,,B,,,,,"{'rtype': 'select-node', 'rtimedn': 83.402, 'rtimeup': 83.402}",,,,,,,"{'rtype': 'select-node', 'rtimedn': 83.875, 'rtimeup': 83.875}",,,,
,,38,2,28,1733272913,BDG-087-1433,TREE-1.2-0.0-0.0,"['59fa89c3-96d4-4c5b-971b-50d338762b8c', '33656bfb-1891-49d7-a90d-e4e7f76ac224']","['participant', 'robot']","['hour-glass', 'lemon']","['hsla(287, 69%, 46%, 1.0)', 'hsla(252, 88%, 64%, 1.0)']","[[1.0, 0.16249069709749442], [0.16249069709749442, 1.0]]","{0: '', 1: 'A', 2: 'B'}",,2,after,"[True, False]","{'max': 21, 'min': 21, 'avg': 21.0, 'root': 12}","[-10, 0]","[117, 120]",sequential,chance,chance,"[1.0, 1.0]","[0.5, 1.0]","[0.5, 1.0]","[0.5, 1.0]","[0.375, 0.0]","[0.625, 0.0]",[[0]],[[1]],[[2]],"(0, 12)","(12, 21)","(12, 21)",{},{},{},"['A', 'B']",[],[],0,0,1,4,3,3,B,,,,,,,B,,,,,"{'rtype': 'select-node', 'rtimedn': 83.425, 'rtimeup': 83.425}",,,,,,,"{'rtype': 'a', 'rtimedn': 0.68, 'rtimeup': 2.409}",,,,
,,38,3,28,1733272914,BDG-261-3132,TREE-1.2-0.0-0.0,"['8f7679ce-e5f4-4d33-abb9-7aa50944662b', 'fb0b0d94-beb4-4bde-a6af-f8247351d85a']","['robot', 'participant']","['teardrop', 'ghost']","['hsla(229, 89%, 51%, 1.0)', 'hsla(196, 89%, 61%, 1.0)']","[[1.0, 0.13768295708260977], [0.13768295708260977, 1.0]]","{0: '', 1: 'A', 2: 'B'}",,2,after,"[False, True]","{'max': 21, 'min': 21, 'avg': 21.0, 'root': 12}","[0, -10]","[133, 140]",sequential,chance,chance,"[1.0, 1.0]","[0.5, 1.0]","[0.5, 1.0]","[0.5, 1.0]","[0.625, 0.0]","[0.375, 0.0]",[[0]],[[1]],[[2]],"(0, 12)","(12, 21)","(12, 21)",{},{},{},"['A', 'B']",[],[],0,0,3,1,3,2,B,,,,,,,B,,,,,"{'rtype': 'd', 'rtimedn': 1.792, 'rtimeup': 7.1}",,,,,,,"{'rtype': 'select-node', 'rtimedn': 83.398, 'rtimeup': 83.398}",,,,
,,38,4,28,1733272914,BDG-144-2145,TREE-1.2-0.0-0.0,"['f06eb4e0-8743-45fc-a756-b58e11ab2484', 'c19e100c-c620-4ed1-b9f7-aef47c913450']","['participant', 'participant']","['arrow-head', 'dodecagon']","['hsla(226, 69%, 59%, 1.0)', 'hsla(135, 67%, 60%, 1.0)']","[[1.0, 0.15306375589183824], [0.15306375589183824, 1.0]]","{0: '', 1: 'A', 2: 'B'}",,2,after,"[True, True]","{'max': 21, 'min': 21, 'avg': 21.0, 'root': 12}","[-10, -10]","[137, 144]",sequential,chance,chance,"[1.0, 1.0]","[0.5, 1.0]","[0.5, 1.0]","[0.5, 1.0]","[0.625, 0.0]","[0.375, 0.0]",[[0]],[[1]],[[2]],"(0, 12)","(12, 21)","(12, 21)",{},{},{},"['A', 'B']",[],[],0,0,2,1,4,5,B,,,,,,,B,,,,,"{'rtype': 'select-node', 'rtimedn': 81.542, 'rtimeup': 81.542}",,,,,,,"{'rtype': 'select-node', 'rtimedn': 83.351, 'rtimeup': 83.351}",,,,
,,39,0,28,1733272927,BDG-366-3542,TREE-1.2-0.0-0.0,"['fb0b0d94-beb4-4bde-a6af-f8247351d85a', '338db90f-d024-4e9f-8f78-d53201679dfd']","['participant', 'participant']","['ghost', 'jagged-sun']","['hsla(196, 89%, 61%, 1.0)', 'hsla(36, 67%, 46%, 1.0)']","[[1.0, 0.16249069709749442], [0.16249069709749442, 1.0]]","{0: '', 1: 'A', 2: 'B'}",,2,after,"[True, True]","{'max': 21, 'min': 21, 'avg': 21.0, 'root': 12}","[-10, -10]","[140, 136]",sequential,chance,chance,"[1.0, 1.0]","[0.5, 1.0]","[0.5, 1.0]","[0.5, 1.0]","[0.625, 0.0]","[0.375, 0.0]",[[0]],[[1]],[[2]],"(0, 12)","(12, 21)","(12, 21)",{},{},{},"['A', 'B']",[],[],0,0,3,5,4,2,B,,,,,,,B,,,,,"{'rtype': 'select-node', 'rtimedn': 84.708, 'rtimeup': 84.708}",,,,,,,"{'rtype': 'select-node', 'rtimedn': 84.987, 'rtimeup': 84.987}",,,,
,,39,1,28,1733272924,BDG-320-3351,TREE-1.2-0.0-0.0,"['8f7679ce-e5f4-4d33-abb9-7aa50944662b', 'f06eb4e0-8743-45fc-a756-b58e11ab2484']","['robot', 'participant']","['teardrop', 'arrow-head']","['hsla(229, 89%, 51%, 1.0)', 'hsla(226, 69%, 59%, 1.0)']","[[1.0, 0.19573306871743984], [0.19573306871743984, 1.0]]","{0: '', 1: 'A', 2: 'B'}",,1,after,"[False, True]","{'max': 21, 'min': 21, 'avg': 21.0, 'root': 12}","[0, -10]","[133, 137]",sequential,chance,chance,"[1.0, 1.0]","[0.5, 1.0]","[0.5, 1.0]","[0.5, 1.0]","[0.375, 0.0]","[0.625, 0.0]",[[0]],[[1]],[[2]],"(0, 12)","(12, 21)","(12, 21)",{},{},{},"['A', 'B']",[],[],0,0,3,3,5,1,A,,,,,,,A,,,,,"{'rtype': 'a', 'rtimedn': 1.563, 'rtimeup': 2.36}",,,,,,,"{'rtype': 'select-node', 'rtimedn': 82.529, 'rtimeup': 82.529}",,,,
,,39,2,28,1733272925,BDG-027-1213,TREE-1.2-0.0-0.0,"['59fa89c3-96d4-4c5b-971b-50d338762b8c', '33656bfb-1891-49d7-a90d-e4e7f76ac224']","['participant', 'robot']","['hour-glass', 'lemon']","['hsla(287, 69%, 46%, 1.0)', 'hsla(252, 88%, 64%, 1.0)']","[[1.0, 0.16249069709749442], [0.16249069709749442, 1.0]]","{0: '', 1: 'A', 2: 'B'}",,1,after,"[True, False]","{'max': 21, 'min': 21, 'avg': 21.0, 'root': 12}","[-10, 0]","[117, 120]",sequential,chance,chance,"[1.0, 1.0]","[0.5, 1.0]","[0.5, 1.0]","[0.5, 1.0]","[0.625, 0.0]","[0.375, 0.0]",[[0]],[[1]],[[2]],"(0, 12)","(12, 21)","(12, 21)",{},{},{},"['A', 'B']",[],[],0,0,1,2,1,3,A,,,,,,,B,,,,,"{'rtype': 'select-node', 'rtimedn': 84.604, 'rtimeup': 84.604}",,,,,,,"{'rtype': 'd', 'rtimedn': 2.312, 'rtimeup': 2.758}",,,,
,,39,3,28,1733272924,BDG-150-2211,TREE-1.2-0.0-0.0,"['23c1011e-9d47-4bab-a443-2d015c3a9763', 'c19e100c-c620-4ed1-b9f7-aef47c913450']","['participant', 'participant']","['teardrop', 'dodecagon']","['hsla(59, 87%, 49%, 1.0)', 'hsla(135, 67%, 60%, 1.0)']","[[1.0, 0.16249069709749442], [0.16249069709749442, 1.0]]","{0: '', 1: 'A', 2: 'B'}",,1,after,"[True, True]","{'max': 21, 'min': 21, 'avg': 21.0, 'root': 12}","[-10, -10]","[-15, 144]",sequential,chance,chance,"[1.0, 1.0]","[0.5, 1.0]","[0.5, 1.0]","[0.5, 1.0]","[0.625, 0.0]","[0.375, 0.0]",[[0]],[[1]],[[2]],"(0, 12)","(12, 21)","(12, 21)",{},{},{},"['A', 'B']",[],[],0,0,2,2,1,1,A,,,,,,,A,,,,,"{'rtype': 'select-node', 'rtimedn': 150.205, 'rtimeup': 150.205}",,,,,,,"{'rtype': 'select-node', 'rtimedn': 84.364, 'rtimeup': 84.364}",,,,
,,39,4,28,1733272929,BDG-117-1543,TREE-1.2-0.0-0.0,"['2d705077-65f3-4a05-88c1-c42d58721850', 'd6b4e2dd-f69d-4974-b77e-a4eae15dcc82']","['participant', 'participant']","['squash', 'circle']","['hsla(236, 57%, 65%, 1.0)', 'hsla(68, 85%, 39%, 1.0)']","[[1.0, 0.030513520218308113], [0.030513520218308113, 1.0]]","{0: '', 1: 'A', 2: 'B'}",,2,after,"[True, True]","{'max': 21, 'min': 21, 'avg': 21.0, 'root': 12}","[-10, -10]","[130, 130]",sequential,chance,chance,"[1.0, 1.0]","[0.5, 1.0]","[0.5, 1.0]","[0.5, 1.0]","[0.375, 0.0]","[0.625, 0.0]",[[0]],[[1]],[[2]],"(0, 12)","(12, 21)","(12, 21)",{},{},{},"['A', 'B']",[],[],0,0,1,5,4,3,B,,,,,,,B,,,,,"{'rtype': 'select-node', 'rtimedn': 84.559, 'rtimeup': 84.559}",,,,,,,"{'rtype': 'select-node', 'rtimedn': 85.169, 'rtimeup': 85.169}",,,,
