experiment_setting_keys,experiment_setting_values,round,room,batch,timestamp,title,tree_tag,player_uuids,player_types,avatar_shapes,avatar_colors,adjacency_matrix,idnum_label_map,perspective_of_player,final_node,tree_status,players_abdicated,durations,cumulative_payoffs_tree,cumulative_payoffs_experiment,choice_type_,choice_type_A,choice_type_B,probability_,probability_A,probability_B,positionxy_,positionxy_A,positionxy_B,info_set_,info_set_A,info_set_B,time_,time_A,time_B,beliefs_,beliefs_A,beliefs_B,options_,options_A,options_B,payoffs__p0,payoffs__p1,payoffs_A_p0,payoffs_A_p1,payoffs_B_p0,payoffs_B_p1,choice__p0,choice__p1,choice_A_p0,choice_A_p1,choice_B_p0,choice_B_p1,prediction__p0,prediction__p1,prediction_A_p0,prediction_A_p1,prediction_B_p0,prediction_B_p1,choice_data__p0,choice_data__p1,choice_data_A_p0,choice_data_A_p1,choice_data_B_p0,choice_data_B_p1,prediction_data__p0,prediction_data__p1,prediction_data_A_p0,prediction_data_A_p1,prediction_data_B_p0,prediction_data_B_p1
rounds,"{'apply': True, 'distribution_type': 'sigmoid', 'interval': [0, 200], 'coefficients': [1, 40]}",0,0,25,1733268920,BDG-363-3534,TREE-1.2-0.0-0.0,"['ed9b60ed-b3a8-44ac-a0ca-fca1d3647529', '5f76705c-6173-4df7-a873-dc0c321186d2']","['participant', 'participant']","['circle', 'hexagon']","['hsla(137, 55%, 54%, 1.0)', 'hsla(70, 54%, 51%, 1.0)']","[[1.0, 0.35850622406639004], [0.35850622406639004, 1.0]]","{0: '', 1: 'A', 2: 'B'}",,2,after,"[True, True]","{'max': 21, 'min': 21, 'avg': 21.0, 'root': 12}","[-10, -10]","[139, 130]",sequential,chance,chance,"[1.0, 1.0]","[0.5, 1.0]","[0.5, 1.0]","[0.5, 1.0]","[0.625, 0.0]","[0.375, 0.0]",[[0]],[[1]],[[2]],"(0, 12)","(12, 21)","(12, 21)",{},{},{},"['A', 'B']",[],[],0,0,3,5,3,4,B,,,,,,,A,,,,,"{'rtype': 'select-node', 'rtimedn': 37.829, 'rtimeup': 37.829}",,,,,,,"{'rtype': 'select-node', 'rtimedn': 36.941, 'rtimeup': 36.941}",,,,
time_horizon,"{'apply': True, 'interval': [0, 1], 'distribution_type': 'linear', 'coefficients': [0, 1]}",0,1,25,1733268918,BDG-482-4523,TREE-1.2-0.0-0.0,"['75443486-7234-4f3b-8f58-7b096a872d36', '0777b594-b926-41c0-a957-8bc1466938d6']","['participant', 'participant']","['dodecagon', 'teardrop']","['hsla(97, 75%, 39%, 1.0)', 'hsla(92, 85%, 62%, 1.0)']","[[1.0, 0.0979253112033195], [0.0979253112033195, 1.0]]","{0: '', 1: 'A', 2: 'B'}",,1,after,"[True, True]","{'max': 21, 'min': 21, 'avg': 21.0, 'root': 12}","[-10, -10]","[135, 67]",sequential,chance,chance,"[1.0, 1.0]","[0.5, 1.0]","[0.5, 1.0]","[0.5, 1.0]","[0.625, 0.0]","[0.375, 0.0]",[[0]],[[1]],[[2]],"(0, 12)","(12, 21)","(12, 21)",{},{},{},"['A', 'B']",[],[],0,0,4,5,2,3,A,,,,,,,B,,,,,"{'rtype': 'select-node', 'rtimedn': 36.671, 'rtimeup': 36.671}",,,,,,,"{'rtype': 'select-node', 'rtimedn': 36.453, 'rtimeup': 36.453}",,,,
payoff_dimensions,"{'SSD': {'apply': True, 'distribution_type': 'uniform', 'interval': [0, 1], 'coefficients': [1, 1]}, 'OOD': {'apply': True, 'distribution_type': 'uniform', 'interval': [0, 1], 'coefficients': [1, 1]}, 'SOD': {'apply': True, 'distribution_type': 'uniform', 'interval': [0, 1], 'coefficients': [1, 1]}, 'abdication_penalty': 10, 'payoff_values': [1, 9], 'cents_per_payoff': 0}",0,2,25,1733268918,BDG-327-3413,TREE-1.2-0.0-0.0,"['f3a21fc8-4369-4542-8598-2292ed9be343', '77c58d68-8844-4481-8b54-aaaa442736eb']","['participant', 'participant']","['jagged-sun', 'arrow-head']","['hsla(237, 95%, 65%, 1.0)', 'hsla(321, 93%, 47%, 1.0)']","[[1.0, 0.22074688796680497], [0.22074688796680497, 1.0]]","{0: '', 1: 'A', 2: 'B'}",,1,after,"[False, True]","{'max': 21, 'min': 21, 'avg': 21.0, 'root': 12}","[0, -10]","[3, 127]",sequential,chance,chance,"[1.0, 1.0]","[0.5, 1.0]","[0.5, 1.0]","[0.5, 1.0]","[0.625, 0.0]","[0.375, 0.0]",[[0]],[[1]],[[2]],"(0, 12)","(12, 21)","(12, 21)",{},{},{},"['A', 'B']",[],[],0,0,3,4,1,3,A,,,,,,,A,,,,,"{'rtype': 'select-node', 'rtimedn': 1.846, 'rtimeup': 1.846}",,,,,,,"{'rtype': 'select-node', 'rtimedn': 36.023, 'rtimeup': 36.023}",,,,
players,"{'n_humans': 10, 'n_robots': 0, 'can_join_late': False, 'proportion_over_number': True, 'start_when_enough_humans': True, 'exclude_researchers': False}",0,3,25,1733268916,BDG-067-1343,TREE-1.2-0.0-0.0,"['c8fd32a8-bd36-4574-9359-072a968da39f', 'ef055cb1-489a-4c91-bf6d-d2b339e93b4a']","['participant', 'participant']","['lemon', 'dent-square']","['hsla(287, 74%, 48%, 1.0)', 'hsla(236, 100%, 59%, 1.0)']","[[1.0, 0.07344398340248963], [0.07344398340248963, 1.0]]","{0: '', 1: 'A', 2: 'B'}",,2,after,"[True, True]","{'max': 21, 'min': 21, 'avg': 21.0, 'root': 12}","[-10, -10]","[133, 140]",sequential,chance,chance,"[1.0, 1.0]","[0.5, 1.0]","[0.5, 1.0]","[0.5, 1.0]","[0.375, 0.0]","[0.625, 0.0]",[[0]],[[1]],[[2]],"(0, 12)","(12, 21)","(12, 21)",{},{},{},"['A', 'B']",[],[],0,0,1,3,4,3,B,,,,,,,B,,,,,"{'rtype': 'select-node', 'rtimedn': 36.563, 'rtimeup': 36.563}",,,,,,,"{'rtype': 'select-node', 'rtimedn': 36.352, 'rtimeup': 36.352}",,,,
game_speed,"{'seconds_per_node': 9, 'seconds_per_descendant': 1, 'buffer_between_levels': 0}",0,4,25,1733268914,BDG-491-4542,TREE-1.2-0.0-0.0,"['b9cad2fe-91ea-4850-9eba-4e5012f57013', '8e19ce2e-c87f-48f0-8bfc-7683d9b2e4dd']","['participant', 'participant']","['star-six', 'ghost']","['hsla(291, 82%, 51%, 1.0)', 'hsla(85, 94%, 40%, 1.0)']","[[1.0, 0.08713692946058091], [0.08713692946058091, 1.0]]","{0: '', 1: 'A', 2: 'B'}",,1,after,"[True, True]","{'max': 21, 'min': 21, 'avg': 21.0, 'root': 12}","[-10, -10]","[116, 120]",sequential,chance,chance,"[1.0, 1.0]","[0.5, 1.0]","[0.5, 1.0]","[0.5, 1.0]","[0.375, 0.0]","[0.625, 0.0]",[[0]],[[1]],[[2]],"(0, 12)","(12, 21)","(12, 21)",{},{},{},"['A', 'B']",[],[],0,0,4,5,4,2,A,,,,,,,A,,,,,"{'rtype': 'select-node', 'rtimedn': 98.971, 'rtimeup': 98.971}",,,,,,,"{'rtype': 'select-node', 'rtimedn': 217.47, 'rtimeup': 217.47}",,,,
game_trees,"{'preselected': True, 'trees_list': ['BDG-000-1111', 'BDG-001-1112', 'BDG-002-1113', 'BDG-003-1114', 'BDG-004-1115', 'BDG-005-1121', 'BDG-006-1122', 'BDG-007-1123', 'BDG-008-1124', 'BDG-009-1125', 'BDG-010-1131', 'BDG-011-1132', 'BDG-012-1133', 'BDG-013-1134', 'BDG-014-1135', 'BDG-015-1141', 'BDG-016-1142', 'BDG-017-1143', 'BDG-018-1144', 'BDG-019-1145', 'BDG-020-1151', 'BDG-021-1152', 'BDG-022-1153', 'BDG-023-1154', 'BDG-024-1155', 'BDG-025-1211', 'BDG-026-1212', 'BDG-027-1213', 'BDG-028-1214', 'BDG-029-1215', 'BDG-030-1221', 'BDG-031-1222', 'BDG-032-1223', 'BDG-033-1224', 'BDG-034-1225', 'BDG-035-1231', 'BDG-036-1232', 'BDG-037-1233', 'BDG-038-1234', 'BDG-039-1235', 'BDG-040-1241', 'BDG-041-1242', 'BDG-042-1243', 'BDG-043-1244', 'BDG-044-1245', 'BDG-045-1251', 'BDG-046-1252', 'BDG-047-1253', 'BDG-048-1254', 'BDG-049-1255', 'BDG-050-1311', 'BDG-051-1312', 'BDG-052-1313', 'BDG-053-1314', 'BDG-054-1315', 'BDG-055-1321', 'BDG-056-1322', 'BDG-057-1323', 'BDG-058-1324', 'BDG-059-1325', 'BDG-060-1331', 'BDG-061-1332', 'BDG-062-1333', 'BDG-063-1334', 'BDG-064-1335', 'BDG-065-1341', 'BDG-066-1342', 'BDG-067-1343', 'BDG-068-1344', 'BDG-069-1345', 'BDG-070-1351', 'BDG-071-1352', 'BDG-072-1353', 'BDG-073-1354', 'BDG-074-1355', 'BDG-075-1411', 'BDG-076-1412', 'BDG-077-1413', 'BDG-078-1414', 'BDG-079-1415', 'BDG-080-1421', 'BDG-081-1422', 'BDG-082-1423', 'BDG-083-1424', 'BDG-084-1425', 'BDG-085-1431', 'BDG-086-1432', 'BDG-087-1433', 'BDG-088-1434', 'BDG-089-1435', 'BDG-090-1441', 'BDG-091-1442', 'BDG-092-1443', 'BDG-093-1444', 'BDG-094-1445', 'BDG-095-1451', 'BDG-096-1452', 'BDG-097-1453', 'BDG-098-1454', 'BDG-099-1455', 'BDG-100-1511', 'BDG-101-1512', 'BDG-102-1513', 'BDG-103-1514', 'BDG-104-1515', 'BDG-105-1521', 'BDG-106-1522', 'BDG-107-1523', 'BDG-108-1524', 'BDG-109-1525', 'BDG-110-1531', 'BDG-111-1532', 'BDG-112-1533', 'BDG-113-1534', 'BDG-114-1535', 'BDG-115-1541', 'BDG-116-1542', 'BDG-117-1543', 'BDG-118-1544', 'BDG-119-1545', 'BDG-120-1551', 'BDG-121-1552', 'BDG-122-1553', 'BDG-123-1554', 'BDG-124-1555', 'BDG-125-2111', 'BDG-126-2112', 'BDG-127-2113', 'BDG-128-2114', 'BDG-129-2115', 'BDG-130-2121', 'BDG-131-2122', 'BDG-132-2123', 'BDG-133-2124', 'BDG-134-2125', 'BDG-135-2131', 'BDG-136-2132', 'BDG-137-2133', 'BDG-138-2134', 'BDG-139-2135', 'BDG-140-2141', 'BDG-141-2142', 'BDG-142-2143', 'BDG-143-2144', 'BDG-144-2145', 'BDG-145-2151', 'BDG-146-2152', 'BDG-147-2153', 'BDG-148-2154', 'BDG-149-2155', 'BDG-150-2211', 'BDG-151-2212', 'BDG-152-2213', 'BDG-153-2214', 'BDG-154-2215', 'BDG-155-2221', 'BDG-156-2222', 'BDG-157-2223', 'BDG-158-2224', 'BDG-159-2225', 'BDG-160-2231', 'BDG-161-2232', 'BDG-162-2233', 'BDG-163-2234', 'BDG-164-2235', 'BDG-165-2241', 'BDG-166-2242', 'BDG-167-2243', 'BDG-168-2244', 'BDG-169-2245', 'BDG-170-2251', 'BDG-171-2252', 'BDG-172-2253', 'BDG-173-2254', 'BDG-174-2255', 'BDG-175-2311', 'BDG-176-2312', 'BDG-177-2313', 'BDG-178-2314', 'BDG-179-2315', 'BDG-180-2321', 'BDG-181-2322', 'BDG-182-2323', 'BDG-183-2324', 'BDG-184-2325', 'BDG-185-2331', 'BDG-186-2332', 'BDG-187-2333', 'BDG-188-2334', 'BDG-189-2335', 'BDG-190-2341', 'BDG-191-2342', 'BDG-192-2343', 'BDG-193-2344', 'BDG-194-2345', 'BDG-195-2351', 'BDG-196-2352', 'BDG-197-2353', 'BDG-198-2354', 'BDG-199-2355', 'BDG-200-2411', 'BDG-201-2412', 'BDG-202-2413', 'BDG-203-2414', 'BDG-204-2415', 'BDG-205-2421', 'BDG-206-2422', 'BDG-207-2423', 'BDG-208-2424', 'BDG-209-2425', 'BDG-210-2431', 'BDG-211-2432', 'BDG-212-2433', 'BDG-213-2434', 'BDG-214-2435', 'BDG-215-2441', 'BDG-216-2442', 'BDG-217-2443', 'BDG-218-2444', 'BDG-219-2445', 'BDG-220-2451', 'BDG-221-2452', 'BDG-222-2453', 'BDG-223-2454', 'BDG-224-2455', 'BDG-225-2511', 'BDG-226-2512', 'BDG-227-2513', 'BDG-228-2514', 'BDG-229-2515', 'BDG-230-2521', 'BDG-231-2522', 'BDG-232-2523', 'BDG-233-2524', 'BDG-234-2525', 'BDG-235-2531', 'BDG-236-2532', 'BDG-237-2533', 'BDG-238-2534', 'BDG-239-2535', 'BDG-240-2541', 'BDG-241-2542', 'BDG-242-2543', 'BDG-243-2544', 'BDG-244-2545', 'BDG-245-2551', 'BDG-246-2552', 'BDG-247-2553', 'BDG-248-2554', 'BDG-249-2555', 'BDG-250-3111', 'BDG-251-3112', 'BDG-252-3113', 'BDG-253-3114', 'BDG-254-3115', 'BDG-255-3121', 'BDG-256-3122', 'BDG-257-3123', 'BDG-258-3124', 'BDG-259-3125', 'BDG-260-3131', 'BDG-261-3132', 'BDG-262-3133', 'BDG-263-3134', 'BDG-264-3135', 'BDG-265-3141', 'BDG-266-3142', 'BDG-267-3143', 'BDG-268-3144', 'BDG-269-3145', 'BDG-270-3151', 'BDG-271-3152', 'BDG-272-3153', 'BDG-273-3154', 'BDG-274-3155', 'BDG-275-3211', 'BDG-276-3212', 'BDG-277-3213', 'BDG-278-3214', 'BDG-279-3215', 'BDG-280-3221', 'BDG-281-3222', 'BDG-282-3223', 'BDG-283-3224', 'BDG-284-3225', 'BDG-285-3231', 'BDG-286-3232', 'BDG-287-3233', 'BDG-288-3234', 'BDG-289-3235', 'BDG-290-3241', 'BDG-291-3242', 'BDG-292-3243', 'BDG-293-3244', 'BDG-294-3245', 'BDG-295-3251', 'BDG-296-3252', 'BDG-297-3253', 'BDG-298-3254', 'BDG-299-3255', 'BDG-300-3311', 'BDG-301-3312', 'BDG-302-3313', 'BDG-303-3314', 'BDG-304-3315', 'BDG-305-3321', 'BDG-306-3322', 'BDG-307-3323', 'BDG-308-3324', 'BDG-309-3325', 'BDG-310-3331', 'BDG-311-3332', 'BDG-312-3333', 'BDG-313-3334', 'BDG-314-3335', 'BDG-315-3341', 'BDG-316-3342', 'BDG-317-3343', 'BDG-318-3344', 'BDG-319-3345', 'BDG-320-3351', 'BDG-321-3352', 'BDG-322-3353', 'BDG-323-3354', 'BDG-324-3355', 'BDG-325-3411', 'BDG-326-3412', 'BDG-327-3413', 'BDG-328-3414', 'BDG-329-3415', 'BDG-330-3421', 'BDG-331-3422', 'BDG-332-3423', 'BDG-333-3424', 'BDG-334-3425', 'BDG-335-3431', 'BDG-336-3432', 'BDG-337-3433', 'BDG-338-3434', 'BDG-339-3435', 'BDG-340-3441', 'BDG-341-3442', 'BDG-342-3443', 'BDG-343-3444', 'BDG-344-3445', 'BDG-345-3451', 'BDG-346-3452', 'BDG-347-3453', 'BDG-348-3454', 'BDG-349-3455', 'BDG-350-3511', 'BDG-351-3512', 'BDG-352-3513', 'BDG-353-3514', 'BDG-354-3515', 'BDG-355-3521', 'BDG-356-3522', 'BDG-357-3523', 'BDG-358-3524', 'BDG-359-3525', 'BDG-360-3531', 'BDG-361-3532', 'BDG-362-3533', 'BDG-363-3534', 'BDG-364-3535', 'BDG-365-3541', 'BDG-366-3542', 'BDG-367-3543', 'BDG-368-3544', 'BDG-369-3545', 'BDG-370-3551', 'BDG-371-3552', 'BDG-372-3553', 'BDG-373-3554', 'BDG-374-3555', 'BDG-375-4111', 'BDG-376-4112', 'BDG-377-4113', 'BDG-378-4114', 'BDG-379-4115', 'BDG-380-4121', 'BDG-381-4122', 'BDG-382-4123', 'BDG-383-4124', 'BDG-384-4125', 'BDG-385-4131', 'BDG-386-4132', 'BDG-387-4133', 'BDG-388-4134', 'BDG-389-4135', 'BDG-390-4141', 'BDG-391-4142', 'BDG-392-4143', 'BDG-393-4144', 'BDG-394-4145', 'BDG-395-4151', 'BDG-396-4152', 'BDG-397-4153', 'BDG-398-4154', 'BDG-399-4155', 'BDG-400-4211', 'BDG-401-4212', 'BDG-402-4213', 'BDG-403-4214', 'BDG-404-4215', 'BDG-405-4221', 'BDG-406-4222', 'BDG-407-4223', 'BDG-408-4224', 'BDG-409-4225', 'BDG-410-4231', 'BDG-411-4232', 'BDG-412-4233', 'BDG-413-4234', 'BDG-414-4235', 'BDG-415-4241', 'BDG-416-4242', 'BDG-417-4243', 'BDG-418-4244', 'BDG-419-4245', 'BDG-420-4251', 'BDG-421-4252', 'BDG-422-4253', 'BDG-423-4254', 'BDG-424-4255', 'BDG-425-4311', 'BDG-426-4312', 'BDG-427-4313', 'BDG-428-4314', 'BDG-429-4315', 'BDG-430-4321', 'BDG-431-4322', 'BDG-432-4323', 'BDG-433-4324', 'BDG-434-4325', 'BDG-435-4331', 'BDG-436-4332', 'BDG-437-4333', 'BDG-438-4334', 'BDG-439-4335', 'BDG-440-4341', 'BDG-441-4342', 'BDG-442-4343', 'BDG-443-4344', 'BDG-444-4345', 'BDG-445-4351', 'BDG-446-4352', 'BDG-447-4353', 'BDG-448-4354', 'BDG-449-4355', 'BDG-450-4411', 'BDG-451-4412', 'BDG-452-4413', 'BDG-453-4414', 'BDG-454-4415', 'BDG-455-4421', 'BDG-456-4422', 'BDG-457-4423', 'BDG-458-4424', 'BDG-459-4425', 'BDG-460-4431', 'BDG-461-4432', 'BDG-462-4433', 'BDG-463-4434', 'BDG-464-4435', 'BDG-465-4441', 'BDG-466-4442', 'BDG-467-4443', 'BDG-468-4444', 'BDG-469-4445', 'BDG-470-4451', 'BDG-471-4452', 'BDG-472-4453', 'BDG-473-4454', 'BDG-474-4455', 'BDG-475-4511', 'BDG-476-4512', 'BDG-477-4513', 'BDG-478-4514', 'BDG-479-4515', 'BDG-480-4521', 'BDG-481-4522', 'BDG-482-4523', 'BDG-483-4524', 'BDG-484-4525', 'BDG-485-4531', 'BDG-486-4532', 'BDG-487-4533', 'BDG-488-4534', 'BDG-489-4535', 'BDG-490-4541', 'BDG-491-4542', 'BDG-492-4543', 'BDG-493-4544', 'BDG-494-4545', 'BDG-495-4551', 'BDG-496-4552', 'BDG-497-4553', 'BDG-498-4554', 'BDG-499-4555', 'BDG-500-5111', 'BDG-501-5112', 'BDG-502-5113', 'BDG-503-5114', 'BDG-504-5115', 'BDG-505-5121', 'BDG-506-5122', 'BDG-507-5123', 'BDG-508-5124', 'BDG-509-5125', 'BDG-510-5131', 'BDG-511-5132', 'BDG-512-5133', 'BDG-513-5134', 'BDG-514-5135', 'BDG-515-5141', 'BDG-516-5142', 'BDG-517-5143', 'BDG-518-5144', 'BDG-519-5145', 'BDG-520-5151', 'BDG-521-5152', 'BDG-522-5153', 'BDG-523-5154', 'BDG-524-5155', 'BDG-525-5211', 'BDG-526-5212', 'BDG-527-5213', 'BDG-528-5214', 'BDG-529-5215', 'BDG-530-5221', 'BDG-531-5222', 'BDG-532-5223', 'BDG-533-5224', 'BDG-534-5225', 'BDG-535-5231', 'BDG-536-5232', 'BDG-537-5233', 'BDG-538-5234', 'BDG-539-5235', 'BDG-540-5241', 'BDG-541-5242', 'BDG-542-5243', 'BDG-543-5244', 'BDG-544-5245', 'BDG-545-5251', 'BDG-546-5252', 'BDG-547-5253', 'BDG-548-5254', 'BDG-549-5255', 'BDG-550-5311', 'BDG-551-5312', 'BDG-552-5313', 'BDG-553-5314', 'BDG-554-5315', 'BDG-555-5321', 'BDG-556-5322', 'BDG-557-5323', 'BDG-558-5324', 'BDG-559-5325', 'BDG-560-5331', 'BDG-561-5332', 'BDG-562-5333', 'BDG-563-5334', 'BDG-564-5335', 'BDG-565-5341', 'BDG-566-5342', 'BDG-567-5343', 'BDG-568-5344', 'BDG-569-5345', 'BDG-570-5351', 'BDG-571-5352', 'BDG-572-5353', 'BDG-573-5354', 'BDG-574-5355', 'BDG-575-5411', 'BDG-576-5412', 'BDG-577-5413', 'BDG-578-5414', 'BDG-579-5415', 'BDG-580-5421', 'BDG-581-5422', 'BDG-582-5423', 'BDG-583-5424', 'BDG-584-5425', 'BDG-585-5431', 'BDG-586-5432', 'BDG-587-5433', 'BDG-588-5434', 'BDG-589-5435', 'BDG-590-5441', 'BDG-591-5442', 'BDG-592-5443', 'BDG-593-5444', 'BDG-594-5445', 'BDG-595-5451', 'BDG-596-5452', 'BDG-597-5453', 'BDG-598-5454', 'BDG-599-5455', 'BDG-600-5511', 'BDG-601-5512', 'BDG-602-5513', 'BDG-603-5514', 'BDG-604-5515', 'BDG-605-5521', 'BDG-606-5522', 'BDG-607-5523', 'BDG-608-5524', 'BDG-609-5525', 'BDG-610-5531', 'BDG-611-5532', 'BDG-612-5533', 'BDG-613-5534', 'BDG-614-5535', 'BDG-615-5541', 'BDG-616-5542', 'BDG-617-5543', 'BDG-618-5544', 'BDG-619-5545', 'BDG-620-5551', 'BDG-621-5552', 'BDG-622-5553', 'BDG-623-5554', 'BDG-624-5555']}",1,0,25,1733268928,BDG-202-2413,TREE-1.2-0.0-0.0,"['77c58d68-8844-4481-8b54-aaaa442736eb', 'b9cad2fe-91ea-4850-9eba-4e5012f57013']","['participant', 'participant']","['arrow-head', 'star-six']","['hsla(321, 93%, 47%, 1.0)', 'hsla(291, 82%, 51%, 1.0)']","[[1.0, 0.35850622406639004], [0.35850622406639004, 1.0]]","{0: '', 1: 'A', 2: 'B'}",,1,after,"[True, True]","{'max': 21, 'min': 21, 'avg': 21.0, 'root': 12}","[-10, -10]","[127, 116]",sequential,chance,chance,"[1.0, 1.0]","[0.5, 1.0]","[0.5, 1.0]","[0.5, 1.0]","[0.625, 0.0]","[0.375, 0.0]",[[0]],[[1]],[[2]],"(0, 12)","(12, 21)","(12, 21)",{},{},{},"['A', 'B']",[],[],0,0,2,4,1,3,A,,,,,,,A,,,,,"{'rtype': 'select-node', 'rtimedn': 37.515, 'rtimeup': 37.515}",,,,,,,"{'rtype': 'select-node', 'rtimedn': 100.436, 'rtimeup': 100.436}",,,,
group_size,"{'distribution': [0, 1, 0, 0], 'apply': True}",1,1,25,1733268929,BDG-029-1215,TREE-1.2-0.0-0.0,"['ed9b60ed-b3a8-44ac-a0ca-fca1d3647529', '75443486-7234-4f3b-8f58-7b096a872d36']","['participant', 'participant']","['circle', 'dodecagon']","['hsla(137, 55%, 54%, 1.0)', 'hsla(97, 75%, 39%, 1.0)']","[[1.0, 0.08713692946058091], [0.08713692946058091, 1.0]]","{0: '', 1: 'A', 2: 'B'}",,1,after,"[True, True]","{'max': 21, 'min': 21, 'avg': 21.0, 'root': 12}","[-10, -10]","[139, 135]",sequential,chance,chance,"[1.0, 1.0]","[0.5, 1.0]","[0.5, 1.0]","[0.5, 1.0]","[0.375, 0.0]","[0.625, 0.0]",[[0]],[[1]],[[2]],"(0, 12)","(12, 21)","(12, 21)",{},{},{},"['A', 'B']",[],[],0,0,1,2,1,5,A,,,,,,,B,,,,,"{'rtype': 'select-node', 'rtimedn': 38.718, 'rtimeup': 38.718}",,,,,,,"{'rtype': 'select-node', 'rtimedn': 37.824, 'rtimeup': 37.824}",,,,
robots,"{'self_value': {'apply': True, 'distribution_type': 'point', 'interval': [1, 1], 'coefficients': [1, 1]}, 'other_value': {'apply': True, 'distribution_type': 'point', 'interval': [0, 0], 'coefficients': [0, 1]}, 'normal_envy': {'apply': True, 'distribution_type': 'point', 'interval': [0, 0], 'coefficients': [0, 1]}, 'reverse_envy': {'apply': True, 'distribution_type': 'point', 'interval': [0, 0], 'coefficients': [0, 1]}, 'risk_preference': {'apply': True, 'distribution_type': 'point', 'interval': [0, 0], 'coefficients': [0, 1]}, 'loss_preference': {'apply': True, 'distribution_type': 'point', 'interval': [0, 0], 'coefficients': [0, 1]}, 'reasoning_depth': {'apply': True, 'distribution_type': 'point', 'interval': [3, 3], 'coefficients': [3, 1]}, 'time_discount': {'apply': True, 'distribution_type': 'point', 'interval': [0, 0], 'coefficients': [0, 1]}, 'reaction_time': {'apply': True, 'distribution_type': 'uniform', 'interval': [0, 1], 'coefficients': [1, 1]}}",1,2,25,1733268929,BDG-140-2141,TREE-1.2-0.0-0.0,"['5f76705c-6173-4df7-a873-dc0c321186d2', 'f3a21fc8-4369-4542-8598-2292ed9be343']","['participant', 'participant']","['hexagon', 'jagged-sun']","['hsla(70, 54%, 51%, 1.0)', 'hsla(236, 95%, 65%, 1.0)']","[[1.0, 0.0979253112033195], [0.0979253112033195, 1.0]]","{0: '', 1: 'A', 2: 'B'}",,1,after,"[True, False]","{'max': 21, 'min': 21, 'avg': 21.0, 'root': 12}","[-10, 0]","[130, 137]",sequential,chance,chance,"[1.0, 1.0]","[0.5, 1.0]","[0.5, 1.0]","[0.5, 1.0]","[0.625, 0.0]","[0.375, 0.0]",[[0]],[[1]],[[2]],"(0, 12)","(12, 21)","(12, 21)",{},{},{},"['A', 'B']",[],[],0,0,2,1,4,1,A,,,,,,,B,,,,,"{'rtype': 'select-node', 'rtimedn': 37.907, 'rtimeup': 37.907}",,,,,,,"{'rtype': 'select-node', 'rtimedn': 2.971, 'rtimeup': 2.971}",,,,
truthfulness,"{'apply': True, 'distribution_type': 'uniform', 'interval': [0, 1], 'coefficients': [1, 1]}",1,3,25,1733268928,BDG-304-3315,TREE-1.2-0.0-0.0,"['ef055cb1-489a-4c91-bf6d-d2b339e93b4a', '0777b594-b926-41c0-a957-8bc1466938d6']","['participant', 'participant']","['dent-square', 'teardrop']","['hsla(236, 100%, 59%, 1.0)', 'hsla(92, 85%, 62%, 1.0)']","[[1.0, 0.35850622406639004], [0.35850622406639004, 1.0]]","{0: '', 1: 'A', 2: 'B'}",,1,after,"[True, True]","{'max': 21, 'min': 21, 'avg': 21.0, 'root': 12}","[-10, -10]","[140, 67]",sequential,chance,chance,"[1.0, 1.0]","[0.5, 1.0]","[0.5, 1.0]","[0.5, 1.0]","[0.625, 0.0]","[0.375, 0.0]",[[0]],[[1]],[[2]],"(0, 12)","(12, 21)","(12, 21)",{},{},{},"['A', 'B']",[],[],0,0,3,3,1,5,A,,,,,,,A,,,,,"{'rtype': 'select-node', 'rtimedn': 37.535, 'rtimeup': 37.535}",,,,,,,"{'rtype': 'select-node', 'rtimedn': 37.786, 'rtimeup': 37.786}",,,,
complexity,"{'apply': True, 'distribution_type': 'uniform', 'interval': [0, 1], 'coefficients': [1, 1]}",1,4,25,1733268933,BDG-068-1344,TREE-1.2-0.0-0.0,"['c8fd32a8-bd36-4574-9359-072a968da39f', '8e19ce2e-c87f-48f0-8bfc-7683d9b2e4dd']","['participant', 'participant']","['lemon', 'ghost']","['hsla(287, 74%, 48%, 1.0)', 'hsla(85, 94%, 40%, 1.0)']","[[1.0, 0.005809128630705394], [0.005809128630705394, 1.0]]","{0: '', 1: 'A', 2: 'B'}",,2,after,"[True, True]","{'max': 21, 'min': 21, 'avg': 21.0, 'root': 12}","[-10, -10]","[133, 120]",sequential,chance,chance,"[1.0, 1.0]","[0.5, 1.0]","[0.5, 1.0]","[0.5, 1.0]","[0.625, 0.0]","[0.375, 0.0]",[[0]],[[1]],[[2]],"(0, 12)","(12, 21)","(12, 21)",{},{},{},"['A', 'B']",[],[],0,0,1,3,4,4,B,,,,,,,B,,,,,"{'rtype': 'select-node', 'rtimedn': 37.963, 'rtimeup': 37.963}",,,,,,,"{'rtype': 'select-node', 'rtimedn': 219.278, 'rtimeup': 219.278}",,,,
agency,"{'apply': True, 'distribution_type': 'uniform', 'interval': [0, 1], 'coefficients': [1, 1]}",2,0,25,1733268942,BDG-544-5245,TREE-1.2-0.0-0.0,"['75443486-7234-4f3b-8f58-7b096a872d36', 'f3a21fc8-4369-4542-8598-2292ed9be343']","['participant', 'participant']","['dodecagon', 'jagged-sun']","['hsla(97, 75%, 39%, 1.0)', 'hsla(236, 95%, 65%, 1.0)']","[[1.0, 0.08921161825726141], [0.08921161825726141, 1.0]]","{0: '', 1: 'A', 2: 'B'}",,2,after,"[True, False]","{'max': 21, 'min': 21, 'avg': 21.0, 'root': 12}","[-10, 0]","[135, 137]",sequential,chance,chance,"[1.0, 1.0]","[0.5, 1.0]","[0.5, 1.0]","[0.5, 1.0]","[0.625, 0.0]","[0.375, 0.0]",[[0]],[[1]],[[2]],"(0, 12)","(12, 21)","(12, 21)",{},{},{},"['A', 'B']",[],[],0,0,5,2,4,5,B,,,,,,,B,,,,,"{'rtype': 'select-node', 'rtimedn': 39.129, 'rtimeup': 39.129}",,,,,,,"{'rtype': 'select-node', 'rtimedn': 4.125, 'rtimeup': 4.125}",,,,
base_url,https://yourschool.sona-systems.com/webstudy_credit.aspx,2,1,25,1733268942,BDG-002-1113,TREE-1.2-0.0-0.0,"['77c58d68-8844-4481-8b54-aaaa442736eb', 'c8fd32a8-bd36-4574-9359-072a968da39f']","['participant', 'participant']","['arrow-head', 'lemon']","['hsla(321, 93%, 47%, 1.0)', 'hsla(287, 74%, 48%, 1.0)']","[[1.0, 0.08713692946058091], [0.08713692946058091, 1.0]]","{0: '', 1: 'A', 2: 'B'}",,2,after,"[True, True]","{'max': 21, 'min': 21, 'avg': 21.0, 'root': 12}","[-10, -10]","[127, 133]",sequential,chance,chance,"[1.0, 1.0]","[0.5, 1.0]","[0.5, 1.0]","[0.5, 1.0]","[0.625, 0.0]","[0.375, 0.0]",[[0]],[[1]],[[2]],"(0, 12)","(12, 21)","(12, 21)",{},{},{},"['A', 'B']",[],[],0,0,1,1,1,3,B,,,,,,,B,,,,,"{'rtype': 'select-node', 'rtimedn': 38.925, 'rtimeup': 38.925}",,,,,,,"{'rtype': 'select-node', 'rtimedn': 39.294, 'rtimeup': 39.294}",,,,
instructions,['No additional instructions.'],2,2,25,1733268940,BDG-471-4452,TREE-1.2-0.0-0.0,"['8e19ce2e-c87f-48f0-8bfc-7683d9b2e4dd', 'b9cad2fe-91ea-4850-9eba-4e5012f57013']","['participant', 'participant']","['ghost', 'star-six']","['hsla(85, 94%, 40%, 1.0)', 'hsla(291, 82%, 51%, 1.0)']","[[1.0, 0.08713692946058091], [0.08713692946058091, 1.0]]","{0: '', 1: 'A', 2: 'B'}",,2,after,"[True, True]","{'max': 21, 'min': 21, 'avg': 21.0, 'root': 12}","[-10, -10]","[120, 116]",sequential,chance,chance,"[1.0, 1.0]","[0.5, 1.0]","[0.5, 1.0]","[0.5, 1.0]","[0.375, 0.0]","[0.625, 0.0]",[[0]],[[1]],[[2]],"(0, 12)","(12, 21)","(12, 21)",{},{},{},"['A', 'B']",[],[],0,0,4,4,5,2,B,,,,,,,B,,,,,"{'rtype': 'select-node', 'rtimedn': 219.978, 'rtimeup': 219.978}",,,,,,,"{'rtype': 'select-node', 'rtimedn': 101.639, 'rtimeup': 101.639}",,,,
consent,"['UNIVERSITY OF MICHIGAN', 'CONSENT TO BE PART OF A RESEARCH STUDY HUM00243214', 'Platform Title: The Morality Game', 'Platform Creator: Gregory Stanley, Ph.D. Candidate, University of Michigan', 'Faculty Advisor: Jun Zhang, Professor of Psychology, University of Michigan', 'Thank you for your interest in participating in this experiment.  This is an unpaid experiment.  You will receive credit for 1 hour of Subject Pool participation.  Please be ready for 1 hour of continuous participation.  If you are inactive for over 2 minutes, the system will automatically eject you from the experiment.  Your counterparts are human participants, unless they drop out of the experiment, in which case they will be replaced by artificial agents.  Please feel free to contact me, Greg, at (714) 454-0435 if you have any questions.  All other information relevant to your consent was covered by the platform general-consent form in the tutorial.  You must be 18 years of age or older to participate in this study.', '']",2,3,25,1733268941,BDG-212-2433,TREE-1.2-0.0-0.0,"['5f76705c-6173-4df7-a873-dc0c321186d2', 'ed9b60ed-b3a8-44ac-a0ca-fca1d3647529']","['participant', 'participant']","['hexagon', 'circle']","['hsla(70, 54%, 51%, 1.0)', 'hsla(137, 55%, 54%, 1.0)']","[[1.0, 0.35850622406639004], [0.35850622406639004, 1.0]]","{0: '', 1: 'A', 2: 'B'}",,2,after,"[True, True]","{'max': 21, 'min': 21, 'avg': 21.0, 'root': 12}","[-10, -10]","[130, 139]",sequential,chance,chance,"[1.0, 1.0]","[0.5, 1.0]","[0.5, 1.0]","[0.5, 1.0]","[0.375, 0.0]","[0.625, 0.0]",[[0]],[[1]],[[2]],"(0, 12)","(12, 21)","(12, 21)",{},{},{},"['A', 'B']",[],[],0,0,2,4,3,3,B,,,,,,,B,,,,,"{'rtype': 'select-node', 'rtimedn': 39.238, 'rtimeup': 39.238}",,,,,,,"{'rtype': 'select-node', 'rtimedn': 39.855, 'rtimeup': 39.855}",,,,
experiment_code,eGfzR5QoOZLq,2,4,25,1733268941,BDG-498-4554,TREE-1.2-0.0-0.0,"['0777b594-b926-41c0-a957-8bc1466938d6', 'ef055cb1-489a-4c91-bf6d-d2b339e93b4a']","['participant', 'participant']","['teardrop', 'dent-square']","['hsla(92, 85%, 62%, 1.0)', 'hsla(236, 100%, 59%, 1.0)']","[[1.0, 0.35850622406639004], [0.35850622406639004, 1.0]]","{0: '', 1: 'A', 2: 'B'}",,2,after,"[True, True]","{'max': 21, 'min': 21, 'avg': 21.0, 'root': 12}","[-10, -10]","[67, 140]",sequential,chance,chance,"[1.0, 1.0]","[0.5, 1.0]","[0.5, 1.0]","[0.5, 1.0]","[0.625, 0.0]","[0.375, 0.0]",[[0]],[[1]],[[2]],"(0, 12)","(12, 21)","(12, 21)",{},{},{},"['A', 'B']",[],[],0,0,4,5,5,4,B,,,,,,,B,,,,,"{'rtype': 'select-node', 'rtimedn': 39.157, 'rtimeup': 39.157}",,,,,,,"{'rtype': 'select-node', 'rtimedn': 38.813, 'rtimeup': 38.813}",,,,
experiment_type,pilot,3,0,25,1733268957,BDG-037-1233,TREE-1.2-0.0-0.0,"['0777b594-b926-41c0-a957-8bc1466938d6', '75443486-7234-4f3b-8f58-7b096a872d36']","['participant', 'participant']","['teardrop', 'dodecagon']","['hsla(92, 85%, 62%, 1.0)', 'hsla(97, 75%, 39%, 1.0)']","[[1.0, 0.0979253112033195], [0.0979253112033195, 1.0]]","{0: '', 1: 'A', 2: 'B'}",,1,after,"[True, True]","{'max': 21, 'min': 21, 'avg': 21.0, 'root': 12}","[-10, -10]","[67, 135]",sequential,chance,chance,"[1.0, 1.0]","[0.5, 1.0]","[0.5, 1.0]","[0.5, 1.0]","[0.625, 0.0]","[0.375, 0.0]",[[0]],[[1]],[[2]],"(0, 12)","(12, 21)","(12, 21)",{},{},{},"['A', 'B']",[],[],0,0,1,2,3,3,A,,,,,,,B,,,,,"{'rtype': None, 'rtimedn': 13, 'rtimeup': 13}",,,,,,,"{'rtype': 'select-node', 'rtimedn': 39.956, 'rtimeup': 39.956}",,,,
status,open,3,1,25,1733268950,BDG-309-3325,TREE-1.2-0.0-0.0,"['77c58d68-8844-4481-8b54-aaaa442736eb', 'ef055cb1-489a-4c91-bf6d-d2b339e93b4a']","['participant', 'participant']","['arrow-head', 'dent-square']","['hsla(321, 93%, 47%, 1.0)', 'hsla(236, 100%, 59%, 1.0)']","[[1.0, 0.0979253112033195], [0.0979253112033195, 1.0]]","{0: '', 1: 'A', 2: 'B'}",,1,after,"[True, True]","{'max': 21, 'min': 21, 'avg': 21.0, 'root': 12}","[-10, -10]","[127, 140]",sequential,chance,chance,"[1.0, 1.0]","[0.5, 1.0]","[0.5, 1.0]","[0.5, 1.0]","[0.625, 0.0]","[0.375, 0.0]",[[0]],[[1]],[[2]],"(0, 12)","(12, 21)","(12, 21)",{},{},{},"['A', 'B']",[],[],0,0,3,3,2,5,A,,,,,,,A,,,,,"{'rtype': 'select-node', 'rtimedn': 39.745, 'rtimeup': 39.745}",,,,,,,"{'rtype': 'select-node', 'rtimedn': 39.712, 'rtimeup': 39.712}",,,,
start_date,2024-12-03-18:14,3,2,25,1733268951,BDG-493-4544,TREE-1.2-0.0-0.0,"['b9cad2fe-91ea-4850-9eba-4e5012f57013', '8e19ce2e-c87f-48f0-8bfc-7683d9b2e4dd']","['participant', 'participant']","['star-six', 'ghost']","['hsla(291, 82%, 51%, 1.0)', 'hsla(85, 94%, 40%, 1.0)']","[[1.0, 0.08713692946058091], [0.08713692946058091, 1.0]]","{0: '', 1: 'A', 2: 'B'}",,1,after,"[True, True]","{'max': 21, 'min': 21, 'avg': 21.0, 'root': 12}","[-10, -10]","[116, 120]",sequential,chance,chance,"[1.0, 1.0]","[0.5, 1.0]","[0.5, 1.0]","[0.5, 1.0]","[0.375, 0.0]","[0.625, 0.0]",[[0]],[[1]],[[2]],"(0, 12)","(12, 21)","(12, 21)",{},{},{},"['A', 'B']",[],[],0,0,4,5,4,4,A,,,,,,,A,,,,,"{'rtype': 'select-node', 'rtimedn': 102.693, 'rtimeup': 102.693}",,,,,,,"{'rtype': 'select-node', 'rtimedn': 221.075, 'rtimeup': 221.075}",,,,
experimenter_uuid,90427df1-2b1e-4653-9e04-f86c9e4bfa2c,3,3,25,1733268953,BDG-242-2543,TREE-1.2-0.0-0.0,"['ed9b60ed-b3a8-44ac-a0ca-fca1d3647529', '5f76705c-6173-4df7-a873-dc0c321186d2']","['participant', 'participant']","['circle', 'hexagon']","['hsla(137, 55%, 54%, 1.0)', 'hsla(70, 54%, 51%, 1.0)']","[[1.0, 0.35850622406639004], [0.35850622406639004, 1.0]]","{0: '', 1: 'A', 2: 'B'}",,2,after,"[True, True]","{'max': 21, 'min': 21, 'avg': 21.0, 'root': 12}","[-10, -10]","[139, 130]",sequential,chance,chance,"[1.0, 1.0]","[0.5, 1.0]","[0.5, 1.0]","[0.5, 1.0]","[0.625, 0.0]","[0.375, 0.0]",[[0]],[[1]],[[2]],"(0, 12)","(12, 21)","(12, 21)",{},{},{},"['A', 'B']",[],[],0,0,2,5,4,3,B,,,,,,,B,,,,,"{'rtype': 'select-node', 'rtimedn': 40.896, 'rtimeup': 40.896}",,,,,,,"{'rtype': 'select-node', 'rtimedn': 40.357, 'rtimeup': 40.357}",,,,
batches,"{'completed': 111, 'batch_study': True}",3,4,25,1733268950,BDG-250-3111,TREE-1.2-0.0-0.0,"['c8fd32a8-bd36-4574-9359-072a968da39f', 'f3a21fc8-4369-4542-8598-2292ed9be343']","['participant', 'participant']","['lemon', 'jagged-sun']","['hsla(287, 74%, 48%, 1.0)', 'hsla(236, 95%, 65%, 1.0)']","[[1.0, 0.035269709543568464], [0.035269709543568464, 1.0]]","{0: '', 1: 'A', 2: 'B'}",,1,after,"[True, False]","{'max': 21, 'min': 21, 'avg': 21.0, 'root': 12}","[-10, 0]","[133, 137]",sequential,chance,chance,"[1.0, 1.0]","[0.5, 1.0]","[0.5, 1.0]","[0.5, 1.0]","[0.625, 0.0]","[0.375, 0.0]",[[0]],[[1]],[[2]],"(0, 12)","(12, 21)","(12, 21)",{},{},{},"['A', 'B']",[],[],0,0,3,1,1,1,A,,,,,,,A,,,,,"{'rtype': 'select-node', 'rtimedn': 40.128, 'rtimeup': 40.128}",,,,,,,"{'rtype': 'select-node', 'rtimedn': 5.085, 'rtimeup': 5.085}",,,,
predetermined_trials,,4,0,25,1733268966,BDG-371-3552,TREE-1.2-0.0-0.0,"['ed9b60ed-b3a8-44ac-a0ca-fca1d3647529', 'ef055cb1-489a-4c91-bf6d-d2b339e93b4a']","['participant', 'participant']","['circle', 'dent-square']","['hsla(137, 55%, 54%, 1.0)', 'hsla(236, 100%, 59%, 1.0)']","[[1.0, 0.22074688796680497], [0.22074688796680497, 1.0]]","{0: '', 1: 'A', 2: 'B'}",,2,after,"[True, True]","{'max': 21, 'min': 21, 'avg': 21.0, 'root': 12}","[-10, -10]","[139, 140]",sequential,chance,chance,"[1.0, 1.0]","[0.5, 1.0]","[0.5, 1.0]","[0.5, 1.0]","[0.625, 0.0]","[0.375, 0.0]",[[0]],[[1]],[[2]],"(0, 12)","(12, 21)","(12, 21)",{},{},{},"['A', 'B']",[],[],0,0,3,5,5,2,B,,,,,,,B,,,,,"{'rtype': 'select-node', 'rtimedn': 42.423, 'rtimeup': 42.423}",,,,,,,"{'rtype': 'select-node', 'rtimedn': 41.279, 'rtimeup': 41.279}",,,,
,,4,1,25,1733268969,BDG-449-4355,TREE-1.2-0.0-0.0,"['0777b594-b926-41c0-a957-8bc1466938d6', '75443486-7234-4f3b-8f58-7b096a872d36']","['participant', 'participant']","['teardrop', 'dodecagon']","['hsla(92, 85%, 62%, 1.0)', 'hsla(97, 75%, 39%, 1.0)']","[[1.0, 0.0979253112033195], [0.0979253112033195, 1.0]]","{0: '', 1: 'A', 2: 'B'}",,1,after,"[True, True]","{'max': 21, 'min': 21, 'avg': 21.0, 'root': 12}","[-10, -10]","[67, 135]",sequential,chance,chance,"[1.0, 1.0]","[0.5, 1.0]","[0.5, 1.0]","[0.5, 1.0]","[0.625, 0.0]","[0.375, 0.0]",[[0]],[[1]],[[2]],"(0, 12)","(12, 21)","(12, 21)",{},{},{},"['A', 'B']",[],[],0,0,4,3,5,5,A,,,,,,,B,,,,,"{'rtype': 'select-node', 'rtimedn': 41.938, 'rtimeup': 41.938}",,,,,,,"{'rtype': 'select-node', 'rtimedn': 41.785, 'rtimeup': 41.785}",,,,
,,4,2,25,1733268965,BDG-017-1143,TREE-1.2-0.0-0.0,"['77c58d68-8844-4481-8b54-aaaa442736eb', 'b9cad2fe-91ea-4850-9eba-4e5012f57013']","['participant', 'participant']","['arrow-head', 'star-six']","['hsla(321, 93%, 47%, 1.0)', 'hsla(291, 82%, 51%, 1.0)']","[[1.0, 0.35850622406639004], [0.35850622406639004, 1.0]]","{0: '', 1: 'A', 2: 'B'}",,2,after,"[True, True]","{'max': 21, 'min': 21, 'avg': 21.0, 'root': 12}","[-10, -10]","[127, 116]",sequential,chance,chance,"[1.0, 1.0]","[0.5, 1.0]","[0.5, 1.0]","[0.5, 1.0]","[0.625, 0.0]","[0.375, 0.0]",[[0]],[[1]],[[2]],"(0, 12)","(12, 21)","(12, 21)",{},{},{},"['A', 'B']",[],[],0,0,1,1,4,3,B,,,,,,,B,,,,,"{'rtype': 'select-node', 'rtimedn': 41.186, 'rtimeup': 41.186}",,,,,,,"{'rtype': 'select-node', 'rtimedn': 104.108, 'rtimeup': 104.108}",,,,
,,4,3,25,1733268969,BDG-205-2421,TREE-1.2-0.0-0.0,"['5f76705c-6173-4df7-a873-dc0c321186d2', '8e19ce2e-c87f-48f0-8bfc-7683d9b2e4dd']","['participant', 'participant']","['hexagon', 'ghost']","['hsla(70, 54%, 51%, 1.0)', 'hsla(85, 94%, 40%, 1.0)']","[[1.0, 0.07344398340248963], [0.07344398340248963, 1.0]]","{0: '', 1: 'A', 2: 'B'}",,1,after,"[True, True]","{'max': 21, 'min': 21, 'avg': 21.0, 'root': 12}","[-10, -10]","[130, 120]",sequential,chance,chance,"[1.0, 1.0]","[0.5, 1.0]","[0.5, 1.0]","[0.5, 1.0]","[0.625, 0.0]","[0.375, 0.0]",[[0]],[[1]],[[2]],"(0, 12)","(12, 21)","(12, 21)",{},{},{},"['A', 'B']",[],[],0,0,2,4,2,1,A,,,,,,,A,,,,,"{'rtype': 'select-node', 'rtimedn': 41.966, 'rtimeup': 41.966}",,,,,,,"{'rtype': 'select-node', 'rtimedn': 222.504, 'rtimeup': 222.504}",,,,
,,4,4,25,1733268967,BDG-603-5514,TREE-1.2-0.0-0.0,"['f3a21fc8-4369-4542-8598-2292ed9be343', 'c8fd32a8-bd36-4574-9359-072a968da39f']","['participant', 'participant']","['jagged-sun', 'lemon']","['hsla(236, 95%, 65%, 1.0)', 'hsla(287, 74%, 48%, 1.0)']","[[1.0, 0.035269709543568464], [0.035269709543568464, 1.0]]","{0: '', 1: 'A', 2: 'B'}",,1,after,"[False, True]","{'max': 21, 'min': 21, 'avg': 21.0, 'root': 12}","[0, -10]","[137, 133]",sequential,chance,chance,"[1.0, 1.0]","[0.5, 1.0]","[0.5, 1.0]","[0.5, 1.0]","[0.625, 0.0]","[0.375, 0.0]",[[0]],[[1]],[[2]],"(0, 12)","(12, 21)","(12, 21)",{},{},{},"['A', 'B']",[],[],0,0,5,5,1,4,A,,,,,,,A,,,,,"{'rtype': 'select-node', 'rtimedn': 6.726, 'rtimeup': 6.726}",,,,,,,"{'rtype': 'select-node', 'rtimedn': 41.698, 'rtimeup': 41.698}",,,,
,,5,0,25,1733268979,BDG-207-2423,TREE-1.2-0.0-0.0,"['c8fd32a8-bd36-4574-9359-072a968da39f', '75443486-7234-4f3b-8f58-7b096a872d36']","['participant', 'participant']","['lemon', 'dodecagon']","['hsla(287, 74%, 48%, 1.0)', 'hsla(97, 75%, 39%, 1.0)']","[[1.0, 0.35850622406639004], [0.35850622406639004, 1.0]]","{0: '', 1: 'A', 2: 'B'}",,1,after,"[True, True]","{'max': 21, 'min': 21, 'avg': 21.0, 'root': 12}","[-10, -10]","[133, 135]",sequential,chance,chance,"[1.0, 1.0]","[0.5, 1.0]","[0.5, 1.0]","[0.5, 1.0]","[0.625, 0.0]","[0.375, 0.0]",[[0]],[[1]],[[2]],"(0, 12)","(12, 21)","(12, 21)",{},{},{},"['A', 'B']",[],[],0,0,2,4,2,3,A,,,,,,,A,,,,,"{'rtype': 'select-node', 'rtimedn': 42.899, 'rtimeup': 42.899}",,,,,,,"{'rtype': 'select-node', 'rtimedn': 42.796, 'rtimeup': 42.796}",,,,
,,5,1,25,1733268977,BDG-618-5544,TREE-1.2-0.0-0.0,"['b9cad2fe-91ea-4850-9eba-4e5012f57013', '77c58d68-8844-4481-8b54-aaaa442736eb']","['participant', 'participant']","['star-six', 'arrow-head']","['hsla(291, 82%, 51%, 1.0)', 'hsla(321, 93%, 47%, 1.0)']","[[1.0, 0.35850622406639004], [0.35850622406639004, 1.0]]","{0: '', 1: 'A', 2: 'B'}",,1,after,"[True, True]","{'max': 21, 'min': 21, 'avg': 21.0, 'root': 12}","[-10, -10]","[116, 127]",sequential,chance,chance,"[1.0, 1.0]","[0.5, 1.0]","[0.5, 1.0]","[0.5, 1.0]","[0.375, 0.0]","[0.625, 0.0]",[[0]],[[1]],[[2]],"(0, 12)","(12, 21)","(12, 21)",{},{},{},"['A', 'B']",[],[],0,0,5,5,4,4,A,,,,,,,A,,,,,"{'rtype': 'select-node', 'rtimedn': 105.306, 'rtimeup': 105.306}",,,,,,,"{'rtype': 'select-node', 'rtimedn': 42.414, 'rtimeup': 42.414}",,,,
,,5,2,25,1733268980,BDG-530-5221,TREE-1.2-0.0-0.0,"['8e19ce2e-c87f-48f0-8bfc-7683d9b2e4dd', 'f3a21fc8-4369-4542-8598-2292ed9be343']","['participant', 'participant']","['ghost', 'jagged-sun']","['hsla(85, 94%, 40%, 1.0)', 'hsla(236, 95%, 65%, 1.0)']","[[1.0, 0.35850622406639004], [0.35850622406639004, 1.0]]","{0: '', 1: 'A', 2: 'B'}",,1,after,"[True, False]","{'max': 21, 'min': 21, 'avg': 21.0, 'root': 12}","[-10, 0]","[120, 137]",sequential,chance,chance,"[1.0, 1.0]","[0.5, 1.0]","[0.5, 1.0]","[0.5, 1.0]","[0.625, 0.0]","[0.375, 0.0]",[[0]],[[1]],[[2]],"(0, 12)","(12, 21)","(12, 21)",{},{},{},"['A', 'B']",[],[],0,0,5,2,2,1,A,,,,,,,A,,,,,"{'rtype': 'select-node', 'rtimedn': 223.646, 'rtimeup': 223.646}",,,,,,,"{'rtype': 'select-node', 'rtimedn': 8.066, 'rtimeup': 8.066}",,,,
,,5,3,25,1733268984,BDG-222-2453,TREE-1.2-0.0-0.0,"['0777b594-b926-41c0-a957-8bc1466938d6', 'ef055cb1-489a-4c91-bf6d-d2b339e93b4a']","['participant', 'participant']","['teardrop', 'dent-square']","['hsla(92, 85%, 62%, 1.0)', 'hsla(236, 100%, 59%, 1.0)']","[[1.0, 0.35850622406639004], [0.35850622406639004, 1.0]]","{0: '', 1: 'A', 2: 'B'}",,1,after,"[True, True]","{'max': 21, 'min': 21, 'avg': 21.0, 'root': 12}","[-10, -10]","[67, 140]",sequential,chance,chance,"[1.0, 1.0]","[0.5, 1.0]","[0.5, 1.0]","[0.5, 1.0]","[0.625, 0.0]","[0.375, 0.0]",[[0]],[[1]],[[2]],"(0, 12)","(12, 21)","(12, 21)",{},{},{},"['A', 'B']",[],[],0,0,2,4,5,3,A,,,,,,,B,,,,,"{'rtype': None, 'rtimedn': 13, 'rtimeup': 13}",,,,,,,"{'rtype': 'select-node', 'rtimedn': 42.362, 'rtimeup': 42.362}",,,,
,,5,4,25,1733268977,BDG-611-5532,TREE-1.2-0.0-0.0,"['ed9b60ed-b3a8-44ac-a0ca-fca1d3647529', '5f76705c-6173-4df7-a873-dc0c321186d2']","['participant', 'participant']","['circle', 'hexagon']","['hsla(137, 55%, 54%, 1.0)', 'hsla(70, 54%, 51%, 1.0)']","[[1.0, 0.35850622406639004], [0.35850622406639004, 1.0]]","{0: '', 1: 'A', 2: 'B'}",,2,after,"[True, True]","{'max': 21, 'min': 21, 'avg': 21.0, 'root': 12}","[-10, -10]","[139, 130]",sequential,chance,chance,"[1.0, 1.0]","[0.5, 1.0]","[0.5, 1.0]","[0.5, 1.0]","[0.625, 0.0]","[0.375, 0.0]",[[0]],[[1]],[[2]],"(0, 12)","(12, 21)","(12, 21)",{},{},{},"['A', 'B']",[],[],0,0,5,5,3,2,B,,,,,,,A,,,,,"{'rtype': 'select-node', 'rtimedn': 43.54, 'rtimeup': 43.54}",,,,,,,"{'rtype': 'select-node', 'rtimedn': 42.734, 'rtimeup': 42.734}",,,,
,,6,0,25,1733268991,BDG-214-2435,TREE-1.2-0.0-0.0,"['0777b594-b926-41c0-a957-8bc1466938d6', 'f3a21fc8-4369-4542-8598-2292ed9be343']","['participant', 'participant']","['teardrop', 'jagged-sun']","['hsla(92, 85%, 62%, 1.0)', 'hsla(236, 95%, 65%, 1.0)']","[[1.0, 0.08713692946058091], [0.08713692946058091, 1.0]]","{0: '', 1: 'A', 2: 'B'}",,2,after,"[True, False]","{'max': 21, 'min': 21, 'avg': 21.0, 'root': 12}","[-10, 0]","[67, 137]",sequential,chance,chance,"[1.0, 1.0]","[0.5, 1.0]","[0.5, 1.0]","[0.5, 1.0]","[0.375, 0.0]","[0.625, 0.0]",[[0]],[[1]],[[2]],"(0, 12)","(12, 21)","(12, 21)",{},{},{},"['A', 'B']",[],[],0,0,2,4,3,5,B,,,,,,,B,,,,,"{'rtype': 'select-node', 'rtimedn': 44.195, 'rtimeup': 44.195}",,,,,,,"{'rtype': 'select-node', 'rtimedn': 9.152, 'rtimeup': 9.152}",,,,
,,6,1,25,1733268993,BDG-141-2142,TREE-1.2-0.0-0.0,"['8e19ce2e-c87f-48f0-8bfc-7683d9b2e4dd', '77c58d68-8844-4481-8b54-aaaa442736eb']","['participant', 'participant']","['ghost', 'arrow-head']","['hsla(85, 94%, 40%, 1.0)', 'hsla(321, 93%, 47%, 1.0)']","[[1.0, 0.031950207468879666], [0.031950207468879666, 1.0]]","{0: '', 1: 'A', 2: 'B'}",,2,after,"[True, True]","{'max': 21, 'min': 21, 'avg': 21.0, 'root': 12}","[-10, -10]","[120, 127]",sequential,chance,chance,"[1.0, 1.0]","[0.5, 1.0]","[0.5, 1.0]","[0.5, 1.0]","[0.625, 0.0]","[0.375, 0.0]",[[0]],[[1]],[[2]],"(0, 12)","(12, 21)","(12, 21)",{},{},{},"['A', 'B']",[],[],0,0,2,1,4,2,B,,,,,,,B,,,,,"{'rtype': 'select-node', 'rtimedn': 225.306, 'rtimeup': 225.306}",,,,,,,"{'rtype': 'select-node', 'rtimedn': 43.989, 'rtimeup': 43.989}",,,,
,,6,2,25,1733268995,BDG-268-3144,TREE-1.2-0.0-0.0,"['ed9b60ed-b3a8-44ac-a0ca-fca1d3647529', '75443486-7234-4f3b-8f58-7b096a872d36']","['participant', 'participant']","['circle', 'dodecagon']","['hsla(137, 55%, 54%, 1.0)', 'hsla(97, 75%, 39%, 1.0)']","[[1.0, 0.08713692946058091], [0.08713692946058091, 1.0]]","{0: '', 1: 'A', 2: 'B'}",,1,after,"[True, True]","{'max': 21, 'min': 21, 'avg': 21.0, 'root': 12}","[-10, -10]","[139, 135]",sequential,chance,chance,"[1.0, 1.0]","[0.5, 1.0]","[0.5, 1.0]","[0.5, 1.0]","[0.375, 0.0]","[0.625, 0.0]",[[0]],[[1]],[[2]],"(0, 12)","(12, 21)","(12, 21)",{},{},{},"['A', 'B']",[],[],0,0,3,1,4,4,A,,,,,,,B,,,,,"{'rtype': 'select-node', 'rtimedn': 45.159, 'rtimeup': 45.159}",,,,,,,"{'rtype': 'select-node', 'rtimedn': 44.437, 'rtimeup': 44.437}",,,,
,,6,3,25,1733268996,BDG-469-4445,TREE-1.2-0.0-0.0,"['b9cad2fe-91ea-4850-9eba-4e5012f57013', 'ef055cb1-489a-4c91-bf6d-d2b339e93b4a']","['participant', 'participant']","['star-six', 'dent-square']","['hsla(291, 82%, 51%, 1.0)', 'hsla(236, 100%, 59%, 1.0)']","[[1.0, 0.08921161825726141], [0.08921161825726141, 1.0]]","{0: '', 1: 'A', 2: 'B'}",,2,after,"[True, True]","{'max': 21, 'min': 21, 'avg': 21.0, 'root': 12}","[-10, -10]","[116, 140]",sequential,chance,chance,"[1.0, 1.0]","[0.5, 1.0]","[0.5, 1.0]","[0.5, 1.0]","[0.625, 0.0]","[0.375, 0.0]",[[0]],[[1]],[[2]],"(0, 12)","(12, 21)","(12, 21)",{},{},{},"['A', 'B']",[],[],0,0,4,4,4,5,B,,,,,,,B,,,,,"{'rtype': 'select-node', 'rtimedn': 106.831, 'rtimeup': 106.831}",,,,,,,"{'rtype': 'select-node', 'rtimedn': 44.37, 'rtimeup': 44.37}",,,,
,,6,4,25,1733268992,BDG-315-3341,TREE-1.2-0.0-0.0,"['c8fd32a8-bd36-4574-9359-072a968da39f', '5f76705c-6173-4df7-a873-dc0c321186d2']","['participant', 'participant']","['lemon', 'hexagon']","['hsla(287, 74%, 48%, 1.0)', 'hsla(70, 54%, 51%, 1.0)']","[[1.0, 0.031950207468879666], [0.031950207468879666, 1.0]]","{0: '', 1: 'A', 2: 'B'}",,2,after,"[True, True]","{'max': 21, 'min': 21, 'avg': 21.0, 'root': 12}","[-10, -10]","[133, 130]",sequential,chance,chance,"[1.0, 1.0]","[0.5, 1.0]","[0.5, 1.0]","[0.5, 1.0]","[0.625, 0.0]","[0.375, 0.0]",[[0]],[[1]],[[2]],"(0, 12)","(12, 21)","(12, 21)",{},{},{},"['A', 'B']",[],[],0,0,3,3,4,1,B,,,,,,,A,,,,,"{'rtype': 'select-node', 'rtimedn': 44.434, 'rtimeup': 44.434}",,,,,,,"{'rtype': 'select-node', 'rtimedn': 44.298, 'rtimeup': 44.298}",,,,
,,7,0,25,1733269004,BDG-274-3155,TREE-1.2-0.0-0.0,"['ed9b60ed-b3a8-44ac-a0ca-fca1d3647529', 'f3a21fc8-4369-4542-8598-2292ed9be343']","['participant', 'participant']","['circle', 'jagged-sun']","['hsla(137, 55%, 54%, 1.0)', 'hsla(236, 95%, 65%, 1.0)']","[[1.0, 0.07344398340248963], [0.07344398340248963, 1.0]]","{0: '', 1: 'A', 2: 'B'}",,2,after,"[True, False]","{'max': 21, 'min': 21, 'avg': 21.0, 'root': 12}","[-10, 0]","[139, 137]",sequential,chance,chance,"[1.0, 1.0]","[0.5, 1.0]","[0.5, 1.0]","[0.5, 1.0]","[0.375, 0.0]","[0.625, 0.0]",[[0]],[[1]],[[2]],"(0, 12)","(12, 21)","(12, 21)",{},{},{},"['A', 'B']",[],[],0,0,3,1,5,5,B,,,,,,,A,,,,,"{'rtype': 'select-node', 'rtimedn': 46.259, 'rtimeup': 46.259}",,,,,,,"{'rtype': 'select-node', 'rtimedn': 10.339, 'rtimeup': 10.339}",,,,
,,7,1,25,1733269005,BDG-326-3412,TREE-1.2-0.0-0.0,"['b9cad2fe-91ea-4850-9eba-4e5012f57013', '77c58d68-8844-4481-8b54-aaaa442736eb']","['participant', 'participant']","['star-six', 'arrow-head']","['hsla(291, 82%, 51%, 1.0)', 'hsla(321, 93%, 47%, 1.0)']","[[1.0, 0.35850622406639004], [0.35850622406639004, 1.0]]","{0: '', 1: 'A', 2: 'B'}",,1,after,"[True, True]","{'max': 21, 'min': 21, 'avg': 21.0, 'root': 12}","[-10, -10]","[116, 127]",sequential,chance,chance,"[1.0, 1.0]","[0.5, 1.0]","[0.5, 1.0]","[0.5, 1.0]","[0.625, 0.0]","[0.375, 0.0]",[[0]],[[1]],[[2]],"(0, 12)","(12, 21)","(12, 21)",{},{},{},"['A', 'B']",[],[],0,0,3,4,1,2,A,,,,,,,A,,,,,"{'rtype': 'select-node', 'rtimedn': 107.998, 'rtimeup': 107.998}",,,,,,,"{'rtype': 'select-node', 'rtimedn': 45.284, 'rtimeup': 45.284}",,,,
,,7,2,25,1733269009,BDG-071-1352,TREE-1.2-0.0-0.0,"['75443486-7234-4f3b-8f58-7b096a872d36', '5f76705c-6173-4df7-a873-dc0c321186d2']","['participant', 'participant']","['dodecagon', 'hexagon']","['hsla(97, 75%, 39%, 1.0)', 'hsla(70, 54%, 51%, 1.0)']","[[1.0, 0.035269709543568464], [0.035269709543568464, 1.0]]","{0: '', 1: 'A', 2: 'B'}",,2,after,"[True, True]","{'max': 21, 'min': 21, 'avg': 21.0, 'root': 12}","[-10, -10]","[135, 130]",sequential,chance,chance,"[1.0, 1.0]","[0.5, 1.0]","[0.5, 1.0]","[0.5, 1.0]","[0.375, 0.0]","[0.625, 0.0]",[[0]],[[1]],[[2]],"(0, 12)","(12, 21)","(12, 21)",{},{},{},"['A', 'B']",[],[],0,0,1,3,5,2,B,,,,,,,A,,,,,"{'rtype': 'select-node', 'rtimedn': 45.387, 'rtimeup': 45.387}",,,,,,,"{'rtype': 'select-node', 'rtimedn': 46.02, 'rtimeup': 46.02}",,,,
,,7,3,25,1733269007,BDG-234-2525,TREE-1.2-0.0-0.0,"['ef055cb1-489a-4c91-bf6d-d2b339e93b4a', '8e19ce2e-c87f-48f0-8bfc-7683d9b2e4dd']","['participant', 'participant']","['dent-square', 'ghost']","['hsla(236, 100%, 59%, 1.0)', 'hsla(85, 94%, 40%, 1.0)']","[[1.0, 0.035269709543568464], [0.035269709543568464, 1.0]]","{0: '', 1: 'A', 2: 'B'}",,1,after,"[True, True]","{'max': 21, 'min': 21, 'avg': 21.0, 'root': 12}","[-10, -10]","[140, 120]",sequential,chance,chance,"[1.0, 1.0]","[0.5, 1.0]","[0.5, 1.0]","[0.5, 1.0]","[0.625, 0.0]","[0.375, 0.0]",[[0]],[[1]],[[2]],"(0, 12)","(12, 21)","(12, 21)",{},{},{},"['A', 'B']",[],[],0,0,2,5,2,5,A,,,,,,,B,,,,,"{'rtype': 'select-node', 'rtimedn': 45.473, 'rtimeup': 45.473}",,,,,,,"{'rtype': 'select-node', 'rtimedn': 226.352, 'rtimeup': 226.352}",,,,
,,7,4,25,1733269005,BDG-556-5322,TREE-1.2-0.0-0.0,"['c8fd32a8-bd36-4574-9359-072a968da39f', '0777b594-b926-41c0-a957-8bc1466938d6']","['participant', 'participant']","['lemon', 'teardrop']","['hsla(287, 74%, 48%, 1.0)', 'hsla(92, 85%, 62%, 1.0)']","[[1.0, 0.22074688796680497], [0.22074688796680497, 1.0]]","{0: '', 1: 'A', 2: 'B'}",,1,after,"[True, True]","{'max': 21, 'min': 21, 'avg': 21.0, 'root': 12}","[-10, -10]","[133, 67]",sequential,chance,chance,"[1.0, 1.0]","[0.5, 1.0]","[0.5, 1.0]","[0.5, 1.0]","[0.625, 0.0]","[0.375, 0.0]",[[0]],[[1]],[[2]],"(0, 12)","(12, 21)","(12, 21)",{},{},{},"['A', 'B']",[],[],0,0,5,3,2,2,A,,,,,,,A,,,,,"{'rtype': 'select-node', 'rtimedn': 45.641, 'rtimeup': 45.641}",,,,,,,"{'rtype': 'select-node', 'rtimedn': 45.46, 'rtimeup': 45.46}",,,,
,,8,0,25,1733269020,BDG-293-3244,TREE-1.2-0.0-0.0,"['77c58d68-8844-4481-8b54-aaaa442736eb', 'ef055cb1-489a-4c91-bf6d-d2b339e93b4a']","['participant', 'participant']","['arrow-head', 'dent-square']","['hsla(321, 93%, 47%, 1.0)', 'hsla(236, 100%, 59%, 1.0)']","[[1.0, 0.0979253112033195], [0.0979253112033195, 1.0]]","{0: '', 1: 'A', 2: 'B'}",,2,after,"[True, True]","{'max': 21, 'min': 21, 'avg': 21.0, 'root': 12}","[-10, -10]","[127, 140]",sequential,chance,chance,"[1.0, 1.0]","[0.5, 1.0]","[0.5, 1.0]","[0.5, 1.0]","[0.625, 0.0]","[0.375, 0.0]",[[0]],[[1]],[[2]],"(0, 12)","(12, 21)","(12, 21)",{},{},{},"['A', 'B']",[],[],0,0,3,2,4,4,B,,,,,,,B,,,,,"{'rtype': 'select-node', 'rtimedn': 46.461, 'rtimeup': 46.461}",,,,,,,"{'rtype': 'select-node', 'rtimedn': 46.72, 'rtimeup': 46.72}",,,,
,,8,1,25,1733269017,BDG-366-3542,TREE-1.2-0.0-0.0,"['0777b594-b926-41c0-a957-8bc1466938d6', '8e19ce2e-c87f-48f0-8bfc-7683d9b2e4dd']","['participant', 'participant']","['teardrop', 'ghost']","['hsla(92, 85%, 62%, 1.0)', 'hsla(85, 94%, 40%, 1.0)']","[[1.0, 0.08921161825726141], [0.08921161825726141, 1.0]]","{0: '', 1: 'A', 2: 'B'}",,2,after,"[True, True]","{'max': 21, 'min': 21, 'avg': 21.0, 'root': 12}","[-10, -10]","[67, 120]",sequential,chance,chance,"[1.0, 1.0]","[0.5, 1.0]","[0.5, 1.0]","[0.5, 1.0]","[0.625, 0.0]","[0.375, 0.0]",[[0]],[[1]],[[2]],"(0, 12)","(12, 21)","(12, 21)",{},{},{},"['A', 'B']",[],[],0,0,3,5,4,2,B,,,,,,,A,,,,,"{'rtype': 'select-node', 'rtimedn': 46.76, 'rtimeup': 46.76}",,,,,,,"{'rtype': 'select-node', 'rtimedn': 227.673, 'rtimeup': 227.673}",,,,
,,8,2,25,1733269022,BDG-278-3214,TREE-1.2-0.0-0.0,"['75443486-7234-4f3b-8f58-7b096a872d36', 'c8fd32a8-bd36-4574-9359-072a968da39f']","['participant', 'participant']","['dodecagon', 'lemon']","['hsla(97, 75%, 39%, 1.0)', 'hsla(287, 74%, 48%, 1.0)']","[[1.0, 0.35850622406639004], [0.35850622406639004, 1.0]]","{0: '', 1: 'A', 2: 'B'}",,1,after,"[True, True]","{'max': 21, 'min': 21, 'avg': 21.0, 'root': 12}","[-10, -10]","[135, 133]",sequential,chance,chance,"[1.0, 1.0]","[0.5, 1.0]","[0.5, 1.0]","[0.5, 1.0]","[0.375, 0.0]","[0.625, 0.0]",[[0]],[[1]],[[2]],"(0, 12)","(12, 21)","(12, 21)",{},{},{},"['A', 'B']",[],[],0,0,3,2,1,4,A,,,,,,,A,,,,,"{'rtype': 'select-node', 'rtimedn': 47.073, 'rtimeup': 47.073}",,,,,,,"{'rtype': 'select-node', 'rtimedn': 46.894, 'rtimeup': 46.894}",,,,
,,8,3,25,1733269020,BDG-438-4334,TREE-1.2-0.0-0.0,"['5f76705c-6173-4df7-a873-dc0c321186d2', 'ed9b60ed-b3a8-44ac-a0ca-fca1d3647529']","['participant', 'participant']","['hexagon', 'circle']","['hsla(70, 54%, 51%, 1.0)', 'hsla(137, 55%, 54%, 1.0)']","[[1.0, 0.35850622406639004], [0.35850622406639004, 1.0]]","{0: '', 1: 'A', 2: 'B'}",,1,after,"[True, True]","{'max': 21, 'min': 21, 'avg': 21.0, 'root': 12}","[-10, -10]","[130, 139]",sequential,chance,chance,"[1.0, 1.0]","[0.5, 1.0]","[0.5, 1.0]","[0.5, 1.0]","[0.625, 0.0]","[0.375, 0.0]",[[0]],[[1]],[[2]],"(0, 12)","(12, 21)","(12, 21)",{},{},{},"['A', 'B']",[],[],0,0,4,3,3,4,A,,,,,,,A,,,,,"{'rtype': 'select-node', 'rtimedn': 47.075, 'rtimeup': 47.075}",,,,,,,"{'rtype': 'select-node', 'rtimedn': 47.624, 'rtimeup': 47.624}",,,,
,,8,4,25,1733269018,BDG-068-1344,TREE-1.2-0.0-0.0,"['f3a21fc8-4369-4542-8598-2292ed9be343', 'b9cad2fe-91ea-4850-9eba-4e5012f57013']","['participant', 'participant']","['jagged-sun', 'star-six']","['hsla(236, 95%, 65%, 1.0)', 'hsla(291, 82%, 51%, 1.0)']","[[1.0, 0.005809128630705394], [0.005809128630705394, 1.0]]","{0: '', 1: 'A', 2: 'B'}",,1,after,"[False, True]","{'max': 21, 'min': 21, 'avg': 21.0, 'root': 12}","[0, -10]","[137, 116]",sequential,chance,chance,"[1.0, 1.0]","[0.5, 1.0]","[0.5, 1.0]","[0.5, 1.0]","[0.625, 0.0]","[0.375, 0.0]",[[0]],[[1]],[[2]],"(0, 12)","(12, 21)","(12, 21)",{},{},{},"['A', 'B']",[],[],0,0,1,3,4,4,A,,,,,,,B,,,,,"{'rtype': 'select-node', 'rtimedn': 11.699, 'rtimeup': 11.699}",,,,,,,"{'rtype': 'select-node', 'rtimedn': 109.409, 'rtimeup': 109.409}",,,,
,,9,0,25,1733269035,BDG-357-3523,TREE-1.2-0.0-0.0,"['5f76705c-6173-4df7-a873-dc0c321186d2', 'ed9b60ed-b3a8-44ac-a0ca-fca1d3647529']","['participant', 'participant']","['hexagon', 'circle']","['hsla(70, 54%, 51%, 1.0)', 'hsla(137, 55%, 54%, 1.0)']","[[1.0, 0.35850622406639004], [0.35850622406639004, 1.0]]","{0: '', 1: 'A', 2: 'B'}",,2,after,"[True, True]","{'max': 21, 'min': 21, 'avg': 21.0, 'root': 12}","[-10, -10]","[130, 139]",sequential,chance,chance,"[1.0, 1.0]","[0.5, 1.0]","[0.5, 1.0]","[0.5, 1.0]","[0.375, 0.0]","[0.625, 0.0]",[[0]],[[1]],[[2]],"(0, 12)","(12, 21)","(12, 21)",{},{},{},"['A', 'B']",[],[],0,0,3,5,2,3,B,,,,,,,B,,,,,"{'rtype': 'select-node', 'rtimedn': 48.639, 'rtimeup': 48.639}",,,,,,,"{'rtype': 'select-node', 'rtimedn': 49.095, 'rtimeup': 49.095}",,,,
,,9,1,25,1733269029,BDG-441-4342,TREE-1.2-0.0-0.0,"['f3a21fc8-4369-4542-8598-2292ed9be343', '0777b594-b926-41c0-a957-8bc1466938d6']","['participant', 'participant']","['jagged-sun', 'teardrop']","['hsla(236, 95%, 65%, 1.0)', 'hsla(92, 85%, 62%, 1.0)']","[[1.0, 0.08713692946058091], [0.08713692946058091, 1.0]]","{0: '', 1: 'A', 2: 'B'}",,2,after,"[True, True]","{'max': 21, 'min': 21, 'avg': 21.0, 'root': 12}","[-10, -10]","[137, 67]",sequential,chance,chance,"[1.0, 1.0]","[0.5, 1.0]","[0.5, 1.0]","[0.5, 1.0]","[0.625, 0.0]","[0.375, 0.0]",[[0]],[[1]],[[2]],"(0, 12)","(12, 21)","(12, 21)",{},{},{},"['A', 'B']",[],[],0,0,4,3,4,2,B,,,,,,,B,,,,,"{'rtype': 'select-node', 'rtimedn': 12.916, 'rtimeup': 12.916}",,,,,,,"{'rtype': 'select-node', 'rtimedn': 47.989, 'rtimeup': 47.989}",,,,
,,9,2,25,1733269033,BDG-241-2542,TREE-1.2-0.0-0.0,"['c8fd32a8-bd36-4574-9359-072a968da39f', 'b9cad2fe-91ea-4850-9eba-4e5012f57013']","['participant', 'participant']","['lemon', 'star-six']","['hsla(287, 74%, 48%, 1.0)', 'hsla(291, 82%, 51%, 1.0)']","[[1.0, 0.0979253112033195], [0.0979253112033195, 1.0]]","{0: '', 1: 'A', 2: 'B'}",,2,after,"[True, True]","{'max': 21, 'min': 21, 'avg': 21.0, 'root': 12}","[-10, -10]","[133, 116]",sequential,chance,chance,"[1.0, 1.0]","[0.5, 1.0]","[0.5, 1.0]","[0.5, 1.0]","[0.375, 0.0]","[0.625, 0.0]",[[0]],[[1]],[[2]],"(0, 12)","(12, 21)","(12, 21)",{},{},{},"['A', 'B']",[],[],0,0,2,5,4,2,B,,,,,,,A,,,,,"{'rtype': 'select-node', 'rtimedn': 48.134, 'rtimeup': 48.134}",,,,,,,"{'rtype': 'select-node', 'rtimedn': 110.899, 'rtimeup': 110.899}",,,,
,,9,3,25,1733269031,BDG-377-4113,TREE-1.2-0.0-0.0,"['77c58d68-8844-4481-8b54-aaaa442736eb', 'ef055cb1-489a-4c91-bf6d-d2b339e93b4a']","['participant', 'participant']","['arrow-head', 'dent-square']","['hsla(321, 93%, 47%, 1.0)', 'hsla(236, 100%, 59%, 1.0)']","[[1.0, 0.0979253112033195], [0.0979253112033195, 1.0]]","{0: '', 1: 'A', 2: 'B'}",,1,after,"[True, True]","{'max': 21, 'min': 21, 'avg': 21.0, 'root': 12}","[-10, -10]","[127, 140]",sequential,chance,chance,"[1.0, 1.0]","[0.5, 1.0]","[0.5, 1.0]","[0.5, 1.0]","[0.375, 0.0]","[0.625, 0.0]",[[0]],[[1]],[[2]],"(0, 12)","(12, 21)","(12, 21)",{},{},{},"['A', 'B']",[],[],0,0,4,1,1,3,A,,,,,,,A,,,,,"{'rtype': 'select-node', 'rtimedn': 47.771, 'rtimeup': 47.771}",,,,,,,"{'rtype': 'select-node', 'rtimedn': 47.806, 'rtimeup': 47.806}",,,,
,,9,4,25,1733269031,BDG-267-3143,TREE-1.2-0.0-0.0,"['8e19ce2e-c87f-48f0-8bfc-7683d9b2e4dd', '75443486-7234-4f3b-8f58-7b096a872d36']","['participant', 'participant']","['ghost', 'dodecagon']","['hsla(85, 94%, 40%, 1.0)', 'hsla(97, 75%, 39%, 1.0)']","[[1.0, 0.22074688796680497], [0.22074688796680497, 1.0]]","{0: '', 1: 'A', 2: 'B'}",,2,after,"[True, True]","{'max': 21, 'min': 21, 'avg': 21.0, 'root': 12}","[-10, -10]","[120, 135]",sequential,chance,chance,"[1.0, 1.0]","[0.5, 1.0]","[0.5, 1.0]","[0.5, 1.0]","[0.375, 0.0]","[0.625, 0.0]",[[0]],[[1]],[[2]],"(0, 12)","(12, 21)","(12, 21)",{},{},{},"['A', 'B']",[],[],0,0,3,1,4,3,B,,,,,,,B,,,,,"{'rtype': 'select-node', 'rtimedn': 229.096, 'rtimeup': 229.096}",,,,,,,"{'rtype': 'select-node', 'rtimedn': 48.042, 'rtimeup': 48.042}",,,,
,,10,0,25,1733269044,BDG-015-1141,TREE-1.2-0.0-0.0,"['b9cad2fe-91ea-4850-9eba-4e5012f57013', 'ed9b60ed-b3a8-44ac-a0ca-fca1d3647529']","['participant', 'participant']","['star-six', 'circle']","['hsla(291, 82%, 51%, 1.0)', 'hsla(137, 55%, 54%, 1.0)']","[[1.0, 0.035269709543568464], [0.035269709543568464, 1.0]]","{0: '', 1: 'A', 2: 'B'}",,2,after,"[True, True]","{'max': 21, 'min': 21, 'avg': 21.0, 'root': 12}","[-10, -10]","[116, 139]",sequential,chance,chance,"[1.0, 1.0]","[0.5, 1.0]","[0.5, 1.0]","[0.5, 1.0]","[0.375, 0.0]","[0.625, 0.0]",[[0]],[[1]],[[2]],"(0, 12)","(12, 21)","(12, 21)",{},{},{},"['A', 'B']",[],[],0,0,1,1,4,1,B,,,,,,,B,,,,,"{'rtype': 'select-node', 'rtimedn': 111.994, 'rtimeup': 111.994}",,,,,,,"{'rtype': 'select-node', 'rtimedn': 50.243, 'rtimeup': 50.243}",,,,
,,10,1,25,1733269043,BDG-236-2532,TREE-1.2-0.0-0.0,"['8e19ce2e-c87f-48f0-8bfc-7683d9b2e4dd', '75443486-7234-4f3b-8f58-7b096a872d36']","['participant', 'participant']","['ghost', 'dodecagon']","['hsla(85, 94%, 40%, 1.0)', 'hsla(97, 75%, 39%, 1.0)']","[[1.0, 0.22074688796680497], [0.22074688796680497, 1.0]]","{0: '', 1: 'A', 2: 'B'}",,2,after,"[True, True]","{'max': 21, 'min': 21, 'avg': 21.0, 'root': 12}","[-10, -10]","[120, 135]",sequential,chance,chance,"[1.0, 1.0]","[0.5, 1.0]","[0.5, 1.0]","[0.5, 1.0]","[0.375, 0.0]","[0.625, 0.0]",[[0]],[[1]],[[2]],"(0, 12)","(12, 21)","(12, 21)",{},{},{},"['A', 'B']",[],[],0,0,2,5,3,2,B,,,,,,,A,,,,,"{'rtype': 'select-node', 'rtimedn': 230.271, 'rtimeup': 230.271}",,,,,,,"{'rtype': 'select-node', 'rtimedn': 49.17, 'rtimeup': 49.17}",,,,
,,10,2,25,1733269044,BDG-263-3134,TREE-1.2-0.0-0.0,"['f3a21fc8-4369-4542-8598-2292ed9be343', 'c8fd32a8-bd36-4574-9359-072a968da39f']","['participant', 'participant']","['jagged-sun', 'lemon']","['hsla(236, 95%, 65%, 1.0)', 'hsla(287, 74%, 48%, 1.0)']","[[1.0, 0.035269709543568464], [0.035269709543568464, 1.0]]","{0: '', 1: 'A', 2: 'B'}",,1,after,"[True, True]","{'max': 21, 'min': 21, 'avg': 21.0, 'root': 12}","[-10, -10]","[137, 133]",sequential,chance,chance,"[1.0, 1.0]","[0.5, 1.0]","[0.5, 1.0]","[0.5, 1.0]","[0.375, 0.0]","[0.625, 0.0]",[[0]],[[1]],[[2]],"(0, 12)","(12, 21)","(12, 21)",{},{},{},"['A', 'B']",[],[],0,0,3,1,3,4,A,,,,,,,B,,,,,"{'rtype': 'select-node', 'rtimedn': 14.407, 'rtimeup': 14.407}",,,,,,,"{'rtype': 'select-node', 'rtimedn': 49.556, 'rtimeup': 49.556}",,,,
,,10,3,25,1733269050,BDG-361-3532,TREE-1.2-0.0-0.0,"['0777b594-b926-41c0-a957-8bc1466938d6', 'ef055cb1-489a-4c91-bf6d-d2b339e93b4a']","['participant', 'participant']","['teardrop', 'dent-square']","['hsla(92, 85%, 62%, 1.0)', 'hsla(236, 100%, 59%, 1.0)']","[[1.0, 0.35850622406639004], [0.35850622406639004, 1.0]]","{0: '', 1: 'A', 2: 'B'}",,1,after,"[True, True]","{'max': 21, 'min': 21, 'avg': 21.0, 'root': 12}","[-10, -10]","[67, 140]",sequential,chance,chance,"[1.0, 1.0]","[0.5, 1.0]","[0.5, 1.0]","[0.5, 1.0]","[0.375, 0.0]","[0.625, 0.0]",[[0]],[[1]],[[2]],"(0, 12)","(12, 21)","(12, 21)",{},{},{},"['A', 'B']",[],[],0,0,3,5,3,2,A,,,,,,,A,,,,,"{'rtype': 'select-node', 'rtimedn': 50.157, 'rtimeup': 50.157}",,,,,,,"{'rtype': 'select-node', 'rtimedn': 49.178, 'rtimeup': 49.178}",,,,
,,10,4,25,1733269046,BDG-135-2131,TREE-1.2-0.0-0.0,"['5f76705c-6173-4df7-a873-dc0c321186d2', '77c58d68-8844-4481-8b54-aaaa442736eb']","['participant', 'participant']","['hexagon', 'arrow-head']","['hsla(70, 54%, 51%, 1.0)', 'hsla(321, 93%, 47%, 1.0)']","[[1.0, 0.08921161825726141], [0.08921161825726141, 1.0]]","{0: '', 1: 'A', 2: 'B'}",,1,after,"[True, True]","{'max': 21, 'min': 21, 'avg': 21.0, 'root': 12}","[-10, -10]","[130, 127]",sequential,chance,chance,"[1.0, 1.0]","[0.5, 1.0]","[0.5, 1.0]","[0.5, 1.0]","[0.375, 0.0]","[0.625, 0.0]",[[0]],[[1]],[[2]],"(0, 12)","(12, 21)","(12, 21)",{},{},{},"['A', 'B']",[],[],0,0,2,1,3,1,A,,,,,,,B,,,,,"{'rtype': 'select-node', 'rtimedn': 49.73, 'rtimeup': 49.73}",,,,,,,"{'rtype': 'select-node', 'rtimedn': 49.168, 'rtimeup': 49.168}",,,,
,,11,0,25,1733269058,BDG-554-5315,TREE-1.2-0.0-0.0,"['77c58d68-8844-4481-8b54-aaaa442736eb', 'b9cad2fe-91ea-4850-9eba-4e5012f57013']","['participant', 'participant']","['arrow-head', 'star-six']","['hsla(321, 93%, 47%, 1.0)', 'hsla(291, 82%, 51%, 1.0)']","[[1.0, 0.35850622406639004], [0.35850622406639004, 1.0]]","{0: '', 1: 'A', 2: 'B'}",,1,after,"[True, True]","{'max': 21, 'min': 21, 'avg': 21.0, 'root': 12}","[-10, -10]","[127, 116]",sequential,chance,chance,"[1.0, 1.0]","[0.5, 1.0]","[0.5, 1.0]","[0.5, 1.0]","[0.375, 0.0]","[0.625, 0.0]",[[0]],[[1]],[[2]],"(0, 12)","(12, 21)","(12, 21)",{},{},{},"['A', 'B']",[],[],0,0,5,3,1,5,A,,,,,,,A,,,,,"{'rtype': 'select-node', 'rtimedn': 50.545, 'rtimeup': 50.545}",,,,,,,"{'rtype': 'select-node', 'rtimedn': 113.419, 'rtimeup': 113.419}",,,,
,,11,1,25,1733269057,BDG-532-5223,TREE-1.2-0.0-0.0,"['f3a21fc8-4369-4542-8598-2292ed9be343', '0777b594-b926-41c0-a957-8bc1466938d6']","['participant', 'participant']","['jagged-sun', 'teardrop']","['hsla(236, 95%, 65%, 1.0)', 'hsla(92, 85%, 62%, 1.0)']","[[1.0, 0.08713692946058091], [0.08713692946058091, 1.0]]","{0: '', 1: 'A', 2: 'B'}",,1,after,"[True, True]","{'max': 21, 'min': 21, 'avg': 21.0, 'root': 12}","[-10, -10]","[137, 67]",sequential,chance,chance,"[1.0, 1.0]","[0.5, 1.0]","[0.5, 1.0]","[0.5, 1.0]","[0.375, 0.0]","[0.625, 0.0]",[[0]],[[1]],[[2]],"(0, 12)","(12, 21)","(12, 21)",{},{},{},"['A', 'B']",[],[],0,0,5,2,2,3,A,,,,,,,B,,,,,"{'rtype': 'select-node', 'rtimedn': 15.747, 'rtimeup': 15.747}",,,,,,,"{'rtype': 'select-node', 'rtimedn': 50.802, 'rtimeup': 50.802}",,,,
,,11,2,25,1733269063,BDG-220-2451,TREE-1.2-0.0-0.0,"['75443486-7234-4f3b-8f58-7b096a872d36', 'c8fd32a8-bd36-4574-9359-072a968da39f']","['participant', 'participant']","['dodecagon', 'lemon']","['hsla(97, 75%, 39%, 1.0)', 'hsla(287, 74%, 48%, 1.0)']","[[1.0, 0.35850622406639004], [0.35850622406639004, 1.0]]","{0: '', 1: 'A', 2: 'B'}",,1,after,"[True, True]","{'max': 21, 'min': 21, 'avg': 21.0, 'root': 12}","[-10, -10]","[135, 133]",sequential,chance,chance,"[1.0, 1.0]","[0.5, 1.0]","[0.5, 1.0]","[0.5, 1.0]","[0.375, 0.0]","[0.625, 0.0]",[[0]],[[1]],[[2]],"(0, 12)","(12, 21)","(12, 21)",{},{},{},"['A', 'B']",[],[],0,0,2,4,5,1,A,,,,,,,B,,,,,"{'rtype': 'select-node', 'rtimedn': 51.255, 'rtimeup': 51.255}",,,,,,,"{'rtype': 'select-node', 'rtimedn': 51.08, 'rtimeup': 51.08}",,,,
,,11,3,25,1733269063,BDG-120-1551,TREE-1.2-0.0-0.0,"['8e19ce2e-c87f-48f0-8bfc-7683d9b2e4dd', 'ef055cb1-489a-4c91-bf6d-d2b339e93b4a']","['participant', 'participant']","['ghost', 'dent-square']","['hsla(85, 94%, 40%, 1.0)', 'hsla(236, 100%, 59%, 1.0)']","[[1.0, 0.035269709543568464], [0.035269709543568464, 1.0]]","{0: '', 1: 'A', 2: 'B'}",,2,after,"[True, True]","{'max': 21, 'min': 21, 'avg': 21.0, 'root': 12}","[-10, -10]","[120, 140]",sequential,chance,chance,"[1.0, 1.0]","[0.5, 1.0]","[0.5, 1.0]","[0.5, 1.0]","[0.625, 0.0]","[0.375, 0.0]",[[0]],[[1]],[[2]],"(0, 12)","(12, 21)","(12, 21)",{},{},{},"['A', 'B']",[],[],0,0,1,5,5,1,B,,,,,,,B,,,,,"{'rtype': 'select-node', 'rtimedn': 231.812, 'rtimeup': 231.812}",,,,,,,"{'rtype': 'select-node', 'rtimedn': 51.006, 'rtimeup': 51.006}",,,,
,,11,4,25,1733269058,BDG-535-5231,TREE-1.2-0.0-0.0,"['ed9b60ed-b3a8-44ac-a0ca-fca1d3647529', '5f76705c-6173-4df7-a873-dc0c321186d2']","['participant', 'participant']","['circle', 'hexagon']","['hsla(137, 55%, 54%, 1.0)', 'hsla(70, 54%, 51%, 1.0)']","[[1.0, 0.35850622406639004], [0.35850622406639004, 1.0]]","{0: '', 1: 'A', 2: 'B'}",,1,after,"[True, True]","{'max': 21, 'min': 21, 'avg': 21.0, 'root': 12}","[-10, -10]","[139, 130]",sequential,chance,chance,"[1.0, 1.0]","[0.5, 1.0]","[0.5, 1.0]","[0.5, 1.0]","[0.625, 0.0]","[0.375, 0.0]",[[0]],[[1]],[[2]],"(0, 12)","(12, 21)","(12, 21)",{},{},{},"['A', 'B']",[],[],0,0,5,2,3,1,A,,,,,,,A,,,,,"{'rtype': 'select-node', 'rtimedn': 51.597, 'rtimeup': 51.597}",,,,,,,"{'rtype': 'select-node', 'rtimedn': 50.893, 'rtimeup': 50.893}",,,,
,,12,0,25,1733269072,BDG-021-1152,TREE-1.2-0.0-0.0,"['f3a21fc8-4369-4542-8598-2292ed9be343', '75443486-7234-4f3b-8f58-7b096a872d36']","['participant', 'participant']","['jagged-sun', 'dodecagon']","['hsla(236, 95%, 65%, 1.0)', 'hsla(97, 75%, 39%, 1.0)']","[[1.0, 0.08921161825726141], [0.08921161825726141, 1.0]]","{0: '', 1: 'A', 2: 'B'}",,2,after,"[True, True]","{'max': 21, 'min': 21, 'avg': 21.0, 'root': 12}","[-10, -10]","[137, 135]",sequential,chance,chance,"[1.0, 1.0]","[0.5, 1.0]","[0.5, 1.0]","[0.5, 1.0]","[0.625, 0.0]","[0.375, 0.0]",[[0]],[[1]],[[2]],"(0, 12)","(12, 21)","(12, 21)",{},{},{},"['A', 'B']",[],[],0,0,1,1,5,2,B,,,,,,,B,,,,,"{'rtype': 'select-node', 'rtimedn': 17.287, 'rtimeup': 17.287}",,,,,,,"{'rtype': 'select-node', 'rtimedn': 52.1, 'rtimeup': 52.1}",,,,
,,12,1,25,1733269072,BDG-333-3424,TREE-1.2-0.0-0.0,"['0777b594-b926-41c0-a957-8bc1466938d6', 'c8fd32a8-bd36-4574-9359-072a968da39f']","['participant', 'participant']","['teardrop', 'lemon']","['hsla(92, 85%, 62%, 1.0)', 'hsla(287, 74%, 48%, 1.0)']","[[1.0, 0.22074688796680497], [0.22074688796680497, 1.0]]","{0: '', 1: 'A', 2: 'B'}",,1,after,"[True, True]","{'max': 21, 'min': 21, 'avg': 21.0, 'root': 12}","[-10, -10]","[67, 133]",sequential,chance,chance,"[1.0, 1.0]","[0.5, 1.0]","[0.5, 1.0]","[0.5, 1.0]","[0.625, 0.0]","[0.375, 0.0]",[[0]],[[1]],[[2]],"(0, 12)","(12, 21)","(12, 21)",{},{},{},"['A', 'B']",[],[],0,0,3,4,2,4,A,,,,,,,A,,,,,"{'rtype': 'select-node', 'rtimedn': 52.227, 'rtimeup': 52.227}",,,,,,,"{'rtype': 'select-node', 'rtimedn': 52.401, 'rtimeup': 52.401}",,,,
,,12,2,25,1733269071,BDG-299-3255,TREE-1.2-0.0-0.0,"['b9cad2fe-91ea-4850-9eba-4e5012f57013', '77c58d68-8844-4481-8b54-aaaa442736eb']","['participant', 'participant']","['star-six', 'arrow-head']","['hsla(291, 82%, 51%, 1.0)', 'hsla(321, 93%, 47%, 1.0)']","[[1.0, 0.35850622406639004], [0.35850622406639004, 1.0]]","{0: '', 1: 'A', 2: 'B'}",,2,after,"[True, True]","{'max': 21, 'min': 21, 'avg': 21.0, 'root': 12}","[-10, -10]","[116, 127]",sequential,chance,chance,"[1.0, 1.0]","[0.5, 1.0]","[0.5, 1.0]","[0.5, 1.0]","[0.375, 0.0]","[0.625, 0.0]",[[0]],[[1]],[[2]],"(0, 12)","(12, 21)","(12, 21)",{},{},{},"['A', 'B']",[],[],0,0,3,2,5,5,B,,,,,,,B,,,,,"{'rtype': 'select-node', 'rtimedn': 114.736, 'rtimeup': 114.736}",,,,,,,"{'rtype': 'select-node', 'rtimedn': 51.843, 'rtimeup': 51.843}",,,,
,,12,3,25,1733269072,BDG-380-4121,TREE-1.2-0.0-0.0,"['5f76705c-6173-4df7-a873-dc0c321186d2', 'ed9b60ed-b3a8-44ac-a0ca-fca1d3647529']","['participant', 'participant']","['hexagon', 'circle']","['hsla(70, 54%, 51%, 1.0)', 'hsla(137, 55%, 54%, 1.0)']","[[1.0, 0.35850622406639004], [0.35850622406639004, 1.0]]","{0: '', 1: 'A', 2: 'B'}",,2,after,"[True, True]","{'max': 21, 'min': 21, 'avg': 21.0, 'root': 12}","[-10, -10]","[130, 139]",sequential,chance,chance,"[1.0, 1.0]","[0.5, 1.0]","[0.5, 1.0]","[0.5, 1.0]","[0.375, 0.0]","[0.625, 0.0]",[[0]],[[1]],[[2]],"(0, 12)","(12, 21)","(12, 21)",{},{},{},"['A', 'B']",[],[],0,0,4,1,2,1,B,,,,,,,A,,,,,"{'rtype': 'select-node', 'rtimedn': 52.287, 'rtimeup': 52.287}",,,,,,,"{'rtype': 'select-node', 'rtimedn': 52.996, 'rtimeup': 52.996}",,,,
,,12,4,25,1733269072,BDG-029-1215,TREE-1.2-0.0-0.0,"['8e19ce2e-c87f-48f0-8bfc-7683d9b2e4dd', 'ef055cb1-489a-4c91-bf6d-d2b339e93b4a']","['participant', 'participant']","['ghost', 'dent-square']","['hsla(85, 94%, 40%, 1.0)', 'hsla(236, 100%, 59%, 1.0)']","[[1.0, 0.035269709543568464], [0.035269709543568464, 1.0]]","{0: '', 1: 'A', 2: 'B'}",,1,after,"[True, True]","{'max': 21, 'min': 21, 'avg': 21.0, 'root': 12}","[-10, -10]","[120, 140]",sequential,chance,chance,"[1.0, 1.0]","[0.5, 1.0]","[0.5, 1.0]","[0.5, 1.0]","[0.375, 0.0]","[0.625, 0.0]",[[0]],[[1]],[[2]],"(0, 12)","(12, 21)","(12, 21)",{},{},{},"['A', 'B']",[],[],0,0,1,2,1,5,A,,,,,,,B,,,,,"{'rtype': 'select-node', 'rtimedn': 233.219, 'rtimeup': 233.219}",,,,,,,"{'rtype': 'select-node', 'rtimedn': 51.931, 'rtimeup': 51.931}",,,,
,,13,0,25,1733269086,BDG-275-3211,TREE-1.2-0.0-0.0,"['c8fd32a8-bd36-4574-9359-072a968da39f', '0777b594-b926-41c0-a957-8bc1466938d6']","['participant', 'participant']","['lemon', 'teardrop']","['hsla(287, 74%, 48%, 1.0)', 'hsla(92, 85%, 62%, 1.0)']","[[1.0, 0.22074688796680497], [0.22074688796680497, 1.0]]","{0: '', 1: 'A', 2: 'B'}",,1,after,"[True, True]","{'max': 21, 'min': 21, 'avg': 21.0, 'root': 12}","[-10, -10]","[133, 67]",sequential,chance,chance,"[1.0, 1.0]","[0.5, 1.0]","[0.5, 1.0]","[0.5, 1.0]","[0.625, 0.0]","[0.375, 0.0]",[[0]],[[1]],[[2]],"(0, 12)","(12, 21)","(12, 21)",{},{},{},"['A', 'B']",[],[],0,0,3,2,1,1,A,,,,,,,A,,,,,"{'rtype': 'select-node', 'rtimedn': 53.203, 'rtimeup': 53.203}",,,,,,,"{'rtype': 'select-node', 'rtimedn': 53.764, 'rtimeup': 53.764}",,,,
,,13,1,25,1733269083,BDG-499-4555,TREE-1.2-0.0-0.0,"['ed9b60ed-b3a8-44ac-a0ca-fca1d3647529', 'ef055cb1-489a-4c91-bf6d-d2b339e93b4a']","['participant', 'participant']","['circle', 'dent-square']","['hsla(137, 55%, 54%, 1.0)', 'hsla(236, 100%, 59%, 1.0)']","[[1.0, 0.22074688796680497], [0.22074688796680497, 1.0]]","{0: '', 1: 'A', 2: 'B'}",,2,after,"[True, True]","{'max': 21, 'min': 21, 'avg': 21.0, 'root': 12}","[-10, -10]","[139, 140]",sequential,chance,chance,"[1.0, 1.0]","[0.5, 1.0]","[0.5, 1.0]","[0.5, 1.0]","[0.625, 0.0]","[0.375, 0.0]",[[0]],[[1]],[[2]],"(0, 12)","(12, 21)","(12, 21)",{},{},{},"['A', 'B']",[],[],0,0,4,5,5,5,B,,,,,,,B,,,,,"{'rtype': 'select-node', 'rtimedn': 53.955, 'rtimeup': 53.955}",,,,,,,"{'rtype': 'select-node', 'rtimedn': 53.012, 'rtimeup': 53.012}",,,,
,,13,2,25,1733269081,BDG-161-2232,TREE-1.2-0.0-0.0,"['f3a21fc8-4369-4542-8598-2292ed9be343', '77c58d68-8844-4481-8b54-aaaa442736eb']","['participant', 'participant']","['jagged-sun', 'arrow-head']","['hsla(236, 95%, 65%, 1.0)', 'hsla(321, 93%, 47%, 1.0)']","[[1.0, 0.22074688796680497], [0.22074688796680497, 1.0]]","{0: '', 1: 'A', 2: 'B'}",,1,after,"[True, True]","{'max': 21, 'min': 21, 'avg': 21.0, 'root': 12}","[-10, -10]","[137, 127]",sequential,chance,chance,"[1.0, 1.0]","[0.5, 1.0]","[0.5, 1.0]","[0.5, 1.0]","[0.625, 0.0]","[0.375, 0.0]",[[0]],[[1]],[[2]],"(0, 12)","(12, 21)","(12, 21)",{},{},{},"['A', 'B']",[],[],0,0,2,2,3,2,A,,,,,,,B,,,,,"{'rtype': 'select-node', 'rtimedn': 18.092, 'rtimeup': 18.092}",,,,,,,"{'rtype': 'select-node', 'rtimedn': 52.866, 'rtimeup': 52.866}",,,,
,,13,3,25,1733269082,BDG-355-3521,TREE-1.2-0.0-0.0,"['b9cad2fe-91ea-4850-9eba-4e5012f57013', '75443486-7234-4f3b-8f58-7b096a872d36']","['participant', 'participant']","['star-six', 'dodecagon']","['hsla(291, 82%, 51%, 1.0)', 'hsla(97, 75%, 39%, 1.0)']","[[1.0, 0.031950207468879666], [0.031950207468879666, 1.0]]","{0: '', 1: 'A', 2: 'B'}",,1,after,"[True, True]","{'max': 21, 'min': 21, 'avg': 21.0, 'root': 12}","[-10, -10]","[116, 135]",sequential,chance,chance,"[1.0, 1.0]","[0.5, 1.0]","[0.5, 1.0]","[0.5, 1.0]","[0.625, 0.0]","[0.375, 0.0]",[[0]],[[1]],[[2]],"(0, 12)","(12, 21)","(12, 21)",{},{},{},"['A', 'B']",[],[],0,0,3,5,2,1,A,,,,,,,A,,,,,"{'rtype': 'select-node', 'rtimedn': 115.788, 'rtimeup': 115.788}",,,,,,,"{'rtype': 'select-node', 'rtimedn': 53.086, 'rtimeup': 53.086}",,,,
,,13,4,25,1733269081,BDG-450-4411,TREE-1.2-0.0-0.0,"['8e19ce2e-c87f-48f0-8bfc-7683d9b2e4dd', '5f76705c-6173-4df7-a873-dc0c321186d2']","['participant', 'participant']","['ghost', 'hexagon']","['hsla(85, 94%, 40%, 1.0)', 'hsla(70, 54%, 51%, 1.0)']","[[1.0, 0.07344398340248963], [0.07344398340248963, 1.0]]","{0: '', 1: 'A', 2: 'B'}",,1,after,"[True, True]","{'max': 21, 'min': 21, 'avg': 21.0, 'root': 12}","[-10, -10]","[120, 130]",sequential,chance,chance,"[1.0, 1.0]","[0.5, 1.0]","[0.5, 1.0]","[0.5, 1.0]","[0.375, 0.0]","[0.625, 0.0]",[[0]],[[1]],[[2]],"(0, 12)","(12, 21)","(12, 21)",{},{},{},"['A', 'B']",[],[],0,0,4,4,1,1,A,,,,,,,A,,,,,"{'rtype': 'select-node', 'rtimedn': 234.026, 'rtimeup': 234.026}",,,,,,,"{'rtype': 'select-node', 'rtimedn': 53.183, 'rtimeup': 53.183}",,,,
,,14,0,25,1733269097,BDG-608-5524,TREE-1.2-0.0-0.0,"['b9cad2fe-91ea-4850-9eba-4e5012f57013', '0777b594-b926-41c0-a957-8bc1466938d6']","['participant', 'participant']","['star-six', 'teardrop']","['hsla(291, 82%, 51%, 1.0)', 'hsla(92, 85%, 62%, 1.0)']","[[1.0, 0.07344398340248963], [0.07344398340248963, 1.0]]","{0: '', 1: 'A', 2: 'B'}",,1,after,"[True, True]","{'max': 21, 'min': 21, 'avg': 21.0, 'root': 12}","[-10, -10]","[116, 67]",sequential,chance,chance,"[1.0, 1.0]","[0.5, 1.0]","[0.5, 1.0]","[0.5, 1.0]","[0.625, 0.0]","[0.375, 0.0]",[[0]],[[1]],[[2]],"(0, 12)","(12, 21)","(12, 21)",{},{},{},"['A', 'B']",[],[],0,0,5,5,2,4,A,,,,,,,B,,,,,"{'rtype': 'select-node', 'rtimedn': 117.143, 'rtimeup': 117.143}",,,,,,,"{'rtype': 'select-node', 'rtimedn': 54.828, 'rtimeup': 54.828}",,,,
,,14,1,25,1733269097,BDG-338-3434,TREE-1.2-0.0-0.0,"['ed9b60ed-b3a8-44ac-a0ca-fca1d3647529', 'ef055cb1-489a-4c91-bf6d-d2b339e93b4a']","['participant', 'participant']","['circle', 'dent-square']","['hsla(137, 55%, 54%, 1.0)', 'hsla(236, 100%, 59%, 1.0)']","[[1.0, 0.22074688796680497], [0.22074688796680497, 1.0]]","{0: '', 1: 'A', 2: 'B'}",,2,after,"[True, True]","{'max': 21, 'min': 21, 'avg': 21.0, 'root': 12}","[-10, -10]","[139, 140]",sequential,chance,chance,"[1.0, 1.0]","[0.5, 1.0]","[0.5, 1.0]","[0.5, 1.0]","[0.375, 0.0]","[0.625, 0.0]",[[0]],[[1]],[[2]],"(0, 12)","(12, 21)","(12, 21)",{},{},{},"['A', 'B']",[],[],0,0,3,4,3,4,B,,,,,,,A,,,,,"{'rtype': 'select-node', 'rtimedn': 55.364, 'rtimeup': 55.364}",,,,,,,"{'rtype': 'select-node', 'rtimedn': 54.455, 'rtimeup': 54.455}",,,,
,,14,2,25,1733269095,BDG-556-5322,TREE-1.2-0.0-0.0,"['8e19ce2e-c87f-48f0-8bfc-7683d9b2e4dd', '5f76705c-6173-4df7-a873-dc0c321186d2']","['participant', 'participant']","['ghost', 'hexagon']","['hsla(85, 94%, 40%, 1.0)', 'hsla(70, 54%, 51%, 1.0)']","[[1.0, 0.07344398340248963], [0.07344398340248963, 1.0]]","{0: '', 1: 'A', 2: 'B'}",,1,after,"[True, True]","{'max': 21, 'min': 21, 'avg': 21.0, 'root': 12}","[-10, -10]","[120, 130]",sequential,chance,chance,"[1.0, 1.0]","[0.5, 1.0]","[0.5, 1.0]","[0.5, 1.0]","[0.625, 0.0]","[0.375, 0.0]",[[0]],[[1]],[[2]],"(0, 12)","(12, 21)","(12, 21)",{},{},{},"['A', 'B']",[],[],0,0,5,3,2,2,A,,,,,,,A,,,,,"{'rtype': 'select-node', 'rtimedn': 235.371, 'rtimeup': 235.371}",,,,,,,"{'rtype': 'select-node', 'rtimedn': 54.555, 'rtimeup': 54.555}",,,,
,,14,3,25,1733269095,BDG-475-4511,TREE-1.2-0.0-0.0,"['f3a21fc8-4369-4542-8598-2292ed9be343', '77c58d68-8844-4481-8b54-aaaa442736eb']","['participant', 'participant']","['jagged-sun', 'arrow-head']","['hsla(236, 95%, 65%, 1.0)', 'hsla(321, 93%, 47%, 1.0)']","[[1.0, 0.22074688796680497], [0.22074688796680497, 1.0]]","{0: '', 1: 'A', 2: 'B'}",,1,after,"[True, True]","{'max': 21, 'min': 21, 'avg': 21.0, 'root': 12}","[-10, -10]","[137, 127]",sequential,chance,chance,"[1.0, 1.0]","[0.5, 1.0]","[0.5, 1.0]","[0.5, 1.0]","[0.375, 0.0]","[0.625, 0.0]",[[0]],[[1]],[[2]],"(0, 12)","(12, 21)","(12, 21)",{},{},{},"['A', 'B']",[],[],0,0,4,5,1,1,A,,,,,,,B,,,,,"{'rtype': 'select-node', 'rtimedn': 19.514, 'rtimeup': 19.514}",,,,,,,"{'rtype': 'select-node', 'rtimedn': 54.251, 'rtimeup': 54.251}",,,,
,,14,4,25,1733269095,BDG-595-5451,TREE-1.2-0.0-0.0,"['c8fd32a8-bd36-4574-9359-072a968da39f', '75443486-7234-4f3b-8f58-7b096a872d36']","['participant', 'participant']","['lemon', 'dodecagon']","['hsla(287, 74%, 48%, 1.0)', 'hsla(97, 75%, 39%, 1.0)']","[[1.0, 0.35850622406639004], [0.35850622406639004, 1.0]]","{0: '', 1: 'A', 2: 'B'}",,1,after,"[True, True]","{'max': 21, 'min': 21, 'avg': 21.0, 'root': 12}","[-10, -10]","[133, 135]",sequential,chance,chance,"[1.0, 1.0]","[0.5, 1.0]","[0.5, 1.0]","[0.5, 1.0]","[0.625, 0.0]","[0.375, 0.0]",[[0]],[[1]],[[2]],"(0, 12)","(12, 21)","(12, 21)",{},{},{},"['A', 'B']",[],[],0,0,5,4,5,1,A,,,,,,,A,,,,,"{'rtype': 'select-node', 'rtimedn': 54.669, 'rtimeup': 54.669}",,,,,,,"{'rtype': 'select-node', 'rtimedn': 54.303, 'rtimeup': 54.303}",,,,
,,15,0,25,1733269105,BDG-199-2355,TREE-1.2-0.0-0.0,"['5f76705c-6173-4df7-a873-dc0c321186d2', 'b9cad2fe-91ea-4850-9eba-4e5012f57013']","['participant', 'participant']","['hexagon', 'star-six']","['hsla(70, 54%, 51%, 1.0)', 'hsla(291, 82%, 51%, 1.0)']","[[1.0, 0.22074688796680497], [0.22074688796680497, 1.0]]","{0: '', 1: 'A', 2: 'B'}",,2,after,"[True, True]","{'max': 21, 'min': 21, 'avg': 21.0, 'root': 12}","[-10, -10]","[130, 116]",sequential,chance,chance,"[1.0, 1.0]","[0.5, 1.0]","[0.5, 1.0]","[0.5, 1.0]","[0.625, 0.0]","[0.375, 0.0]",[[0]],[[1]],[[2]],"(0, 12)","(12, 21)","(12, 21)",{},{},{},"['A', 'B']",[],[],0,0,2,3,5,5,B,,,,,,,B,,,,,"{'rtype': 'select-node', 'rtimedn': 55.647, 'rtimeup': 55.647}",,,,,,,"{'rtype': 'select-node', 'rtimedn': 118.14, 'rtimeup': 118.14}",,,,
,,15,1,25,1733269106,BDG-238-2534,TREE-1.2-0.0-0.0,"['75443486-7234-4f3b-8f58-7b096a872d36', '0777b594-b926-41c0-a957-8bc1466938d6']","['participant', 'participant']","['dodecagon', 'teardrop']","['hsla(97, 75%, 39%, 1.0)', 'hsla(92, 85%, 62%, 1.0)']","[[1.0, 0.0979253112033195], [0.0979253112033195, 1.0]]","{0: '', 1: 'A', 2: 'B'}",,1,after,"[True, True]","{'max': 21, 'min': 21, 'avg': 21.0, 'root': 12}","[-10, -10]","[135, 67]",sequential,chance,chance,"[1.0, 1.0]","[0.5, 1.0]","[0.5, 1.0]","[0.5, 1.0]","[0.375, 0.0]","[0.625, 0.0]",[[0]],[[1]],[[2]],"(0, 12)","(12, 21)","(12, 21)",{},{},{},"['A', 'B']",[],[],0,0,2,5,3,4,A,,,,,,,A,,,,,"{'rtype': 'select-node', 'rtimedn': 55.509, 'rtimeup': 55.509}",,,,,,,"{'rtype': 'select-node', 'rtimedn': 55.59, 'rtimeup': 55.59}",,,,
,,15,2,25,1733269106,BDG-117-1543,TREE-1.2-0.0-0.0,"['ed9b60ed-b3a8-44ac-a0ca-fca1d3647529', '77c58d68-8844-4481-8b54-aaaa442736eb']","['participant', 'participant']","['circle', 'arrow-head']","['hsla(137, 55%, 54%, 1.0)', 'hsla(321, 93%, 47%, 1.0)']","[[1.0, 0.005809128630705394], [0.005809128630705394, 1.0]]","{0: '', 1: 'A', 2: 'B'}",,2,after,"[True, True]","{'max': 21, 'min': 21, 'avg': 21.0, 'root': 12}","[-10, -10]","[139, 127]",sequential,chance,chance,"[1.0, 1.0]","[0.5, 1.0]","[0.5, 1.0]","[0.5, 1.0]","[0.375, 0.0]","[0.625, 0.0]",[[0]],[[1]],[[2]],"(0, 12)","(12, 21)","(12, 21)",{},{},{},"['A', 'B']",[],[],0,0,1,5,4,3,B,,,,,,,B,,,,,"{'rtype': 'select-node', 'rtimedn': 56.414, 'rtimeup': 56.414}",,,,,,,"{'rtype': 'select-node', 'rtimedn': 55.352, 'rtimeup': 55.352}",,,,
,,15,3,25,1733269109,BDG-357-3523,TREE-1.2-0.0-0.0,"['ef055cb1-489a-4c91-bf6d-d2b339e93b4a', 'f3a21fc8-4369-4542-8598-2292ed9be343']","['participant', 'participant']","['dent-square', 'jagged-sun']","['hsla(236, 100%, 59%, 1.0)', 'hsla(236, 95%, 65%, 1.0)']","[[1.0, 0.031950207468879666], [0.031950207468879666, 1.0]]","{0: '', 1: 'A', 2: 'B'}",,1,after,"[True, True]","{'max': 21, 'min': 21, 'avg': 21.0, 'root': 12}","[-10, -10]","[140, 137]",sequential,chance,chance,"[1.0, 1.0]","[0.5, 1.0]","[0.5, 1.0]","[0.5, 1.0]","[0.375, 0.0]","[0.625, 0.0]",[[0]],[[1]],[[2]],"(0, 12)","(12, 21)","(12, 21)",{},{},{},"['A', 'B']",[],[],0,0,3,5,2,3,A,,,,,,,B,,,,,"{'rtype': 'select-node', 'rtimedn': 55.639, 'rtimeup': 55.639}",,,,,,,"{'rtype': 'select-node', 'rtimedn': 20.454, 'rtimeup': 20.454}",,,,
,,15,4,25,1733269110,BDG-016-1142,TREE-1.2-0.0-0.0,"['8e19ce2e-c87f-48f0-8bfc-7683d9b2e4dd', 'c8fd32a8-bd36-4574-9359-072a968da39f']","['participant', 'participant']","['ghost', 'lemon']","['hsla(85, 94%, 40%, 1.0)', 'hsla(287, 74%, 48%, 1.0)']","[[1.0, 0.005809128630705394], [0.005809128630705394, 1.0]]","{0: '', 1: 'A', 2: 'B'}",,2,after,"[True, True]","{'max': 21, 'min': 21, 'avg': 21.0, 'root': 12}","[-10, -10]","[120, 133]",sequential,chance,chance,"[1.0, 1.0]","[0.5, 1.0]","[0.5, 1.0]","[0.5, 1.0]","[0.625, 0.0]","[0.375, 0.0]",[[0]],[[1]],[[2]],"(0, 12)","(12, 21)","(12, 21)",{},{},{},"['A', 'B']",[],[],0,0,1,1,4,2,B,,,,,,,B,,,,,"{'rtype': 'select-node', 'rtimedn': 237.003, 'rtimeup': 237.003}",,,,,,,"{'rtype': 'select-node', 'rtimedn': 55.684, 'rtimeup': 55.684}",,,,
,,16,0,25,1733269118,BDG-448-4354,TREE-1.2-0.0-0.0,"['75443486-7234-4f3b-8f58-7b096a872d36', 'c8fd32a8-bd36-4574-9359-072a968da39f']","['participant', 'participant']","['dodecagon', 'lemon']","['hsla(97, 75%, 39%, 1.0)', 'hsla(287, 74%, 48%, 1.0)']","[[1.0, 0.35850622406639004], [0.35850622406639004, 1.0]]","{0: '', 1: 'A', 2: 'B'}",,2,after,"[True, True]","{'max': 21, 'min': 21, 'avg': 21.0, 'root': 12}","[-10, -10]","[135, 133]",sequential,chance,chance,"[1.0, 1.0]","[0.5, 1.0]","[0.5, 1.0]","[0.5, 1.0]","[0.375, 0.0]","[0.625, 0.0]",[[0]],[[1]],[[2]],"(0, 12)","(12, 21)","(12, 21)",{},{},{},"['A', 'B']",[],[],0,0,4,3,5,4,B,,,,,,,B,,,,,"{'rtype': 'select-node', 'rtimedn': 56.673, 'rtimeup': 56.673}",,,,,,,"{'rtype': 'select-node', 'rtimedn': 57.008, 'rtimeup': 57.008}",,,,
,,16,1,25,1733269117,BDG-529-5215,TREE-1.2-0.0-0.0,"['8e19ce2e-c87f-48f0-8bfc-7683d9b2e4dd', 'f3a21fc8-4369-4542-8598-2292ed9be343']","['participant', 'participant']","['ghost', 'jagged-sun']","['hsla(85, 94%, 40%, 1.0)', 'hsla(236, 95%, 65%, 1.0)']","[[1.0, 0.35850622406639004], [0.35850622406639004, 1.0]]","{0: '', 1: 'A', 2: 'B'}",,1,after,"[True, True]","{'max': 21, 'min': 21, 'avg': 21.0, 'root': 12}","[-10, -10]","[120, 137]",sequential,chance,chance,"[1.0, 1.0]","[0.5, 1.0]","[0.5, 1.0]","[0.5, 1.0]","[0.375, 0.0]","[0.625, 0.0]",[[0]],[[1]],[[2]],"(0, 12)","(12, 21)","(12, 21)",{},{},{},"['A', 'B']",[],[],0,0,5,2,1,5,A,,,,,,,B,,,,,"{'rtype': 'select-node', 'rtimedn': 237.724, 'rtimeup': 237.724}",,,,,,,"{'rtype': 'select-node', 'rtimedn': 21.779, 'rtimeup': 21.779}",,,,
,,16,2,25,1733269120,BDG-082-1423,TREE-1.2-0.0-0.0,"['b9cad2fe-91ea-4850-9eba-4e5012f57013', '77c58d68-8844-4481-8b54-aaaa442736eb']","['participant', 'participant']","['star-six', 'arrow-head']","['hsla(291, 82%, 51%, 1.0)', 'hsla(321, 93%, 47%, 1.0)']","[[1.0, 0.35850622406639004], [0.35850622406639004, 1.0]]","{0: '', 1: 'A', 2: 'B'}",,2,after,"[True, True]","{'max': 21, 'min': 21, 'avg': 21.0, 'root': 12}","[-10, -10]","[116, 127]",sequential,chance,chance,"[1.0, 1.0]","[0.5, 1.0]","[0.5, 1.0]","[0.5, 1.0]","[0.625, 0.0]","[0.375, 0.0]",[[0]],[[1]],[[2]],"(0, 12)","(12, 21)","(12, 21)",{},{},{},"['A', 'B']",[],[],0,0,1,4,2,3,B,,,,,,,B,,,,,"{'rtype': 'select-node', 'rtimedn': 119.628, 'rtimeup': 119.628}",,,,,,,"{'rtype': 'select-node', 'rtimedn': 56.794, 'rtimeup': 56.794}",,,,
,,16,3,25,1733269119,BDG-234-2525,TREE-1.2-0.0-0.0,"['ed9b60ed-b3a8-44ac-a0ca-fca1d3647529', '5f76705c-6173-4df7-a873-dc0c321186d2']","['participant', 'participant']","['circle', 'hexagon']","['hsla(137, 55%, 54%, 1.0)', 'hsla(70, 54%, 51%, 1.0)']","[[1.0, 0.35850622406639004], [0.35850622406639004, 1.0]]","{0: '', 1: 'A', 2: 'B'}",,2,after,"[True, True]","{'max': 21, 'min': 21, 'avg': 21.0, 'root': 12}","[-10, -10]","[139, 130]",sequential,chance,chance,"[1.0, 1.0]","[0.5, 1.0]","[0.5, 1.0]","[0.5, 1.0]","[0.625, 0.0]","[0.375, 0.0]",[[0]],[[1]],[[2]],"(0, 12)","(12, 21)","(12, 21)",{},{},{},"['A', 'B']",[],[],0,0,2,5,2,5,B,,,,,,,B,,,,,"{'rtype': 'select-node', 'rtimedn': 57.643, 'rtimeup': 57.643}",,,,,,,"{'rtype': 'select-node', 'rtimedn': 57.043, 'rtimeup': 57.043}",,,,
,,16,4,25,1733269124,BDG-126-2112,TREE-1.2-0.0-0.0,"['0777b594-b926-41c0-a957-8bc1466938d6', 'ef055cb1-489a-4c91-bf6d-d2b339e93b4a']","['participant', 'participant']","['teardrop', 'dent-square']","['hsla(92, 85%, 62%, 1.0)', 'hsla(236, 100%, 59%, 1.0)']","[[1.0, 0.35850622406639004], [0.35850622406639004, 1.0]]","{0: '', 1: 'A', 2: 'B'}",,1,after,"[True, True]","{'max': 21, 'min': 21, 'avg': 21.0, 'root': 12}","[-10, -10]","[67, 140]",sequential,chance,chance,"[1.0, 1.0]","[0.5, 1.0]","[0.5, 1.0]","[0.5, 1.0]","[0.375, 0.0]","[0.625, 0.0]",[[0]],[[1]],[[2]],"(0, 12)","(12, 21)","(12, 21)",{},{},{},"['A', 'B']",[],[],0,0,2,1,1,2,A,,,,,,,A,,,,,"{'rtype': None, 'rtimedn': 13, 'rtimeup': 13}",,,,,,,"{'rtype': 'select-node', 'rtimedn': 56.599, 'rtimeup': 56.599}",,,,
,,17,0,25,1733269137,BDG-495-4551,TREE-1.2-0.0-0.0,"['ed9b60ed-b3a8-44ac-a0ca-fca1d3647529', '5f76705c-6173-4df7-a873-dc0c321186d2']","['participant', 'participant']","['circle', 'hexagon']","['hsla(137, 55%, 54%, 1.0)', 'hsla(70, 54%, 51%, 1.0)']","[[1.0, 0.35850622406639004], [0.35850622406639004, 1.0]]","{0: '', 1: 'A', 2: 'B'}",,2,after,"[True, True]","{'max': 21, 'min': 21, 'avg': 21.0, 'root': 12}","[-10, -10]","[139, 130]",sequential,chance,chance,"[1.0, 1.0]","[0.5, 1.0]","[0.5, 1.0]","[0.5, 1.0]","[0.625, 0.0]","[0.375, 0.0]",[[0]],[[1]],[[2]],"(0, 12)","(12, 21)","(12, 21)",{},{},{},"['A', 'B']",[],[],0,0,4,5,5,1,B,,,,,,,B,,,,,"{'rtype': 'select-node', 'rtimedn': 59.091, 'rtimeup': 59.091}",,,,,,,"{'rtype': 'select-node', 'rtimedn': 58.788, 'rtimeup': 58.788}",,,,
,,17,1,25,1733269134,BDG-366-3542,TREE-1.2-0.0-0.0,"['b9cad2fe-91ea-4850-9eba-4e5012f57013', '77c58d68-8844-4481-8b54-aaaa442736eb']","['participant', 'participant']","['star-six', 'arrow-head']","['hsla(291, 82%, 51%, 1.0)', 'hsla(321, 93%, 47%, 1.0)']","[[1.0, 0.35850622406639004], [0.35850622406639004, 1.0]]","{0: '', 1: 'A', 2: 'B'}",,1,after,"[True, True]","{'max': 21, 'min': 21, 'avg': 21.0, 'root': 12}","[-10, -10]","[116, 127]",sequential,chance,chance,"[1.0, 1.0]","[0.5, 1.0]","[0.5, 1.0]","[0.5, 1.0]","[0.625, 0.0]","[0.375, 0.0]",[[0]],[[1]],[[2]],"(0, 12)","(12, 21)","(12, 21)",{},{},{},"['A', 'B']",[],[],0,0,3,5,4,2,A,,,,,,,B,,,,,"{'rtype': 'select-node', 'rtimedn': 120.866, 'rtimeup': 120.866}",,,,,,,"{'rtype': 'select-node', 'rtimedn': 58.154, 'rtimeup': 58.154}",,,,
,,17,2,25,1733269139,BDG-513-5134,TREE-1.2-0.0-0.0,"['f3a21fc8-4369-4542-8598-2292ed9be343', '8e19ce2e-c87f-48f0-8bfc-7683d9b2e4dd']","['participant', 'participant']","['jagged-sun', 'ghost']","['hsla(236, 95%, 65%, 1.0)', 'hsla(85, 94%, 40%, 1.0)']","[[1.0, 0.35850622406639004], [0.35850622406639004, 1.0]]","{0: '', 1: 'A', 2: 'B'}",,2,after,"[True, True]","{'max': 21, 'min': 21, 'avg': 21.0, 'root': 12}","[-10, -10]","[137, 120]",sequential,chance,chance,"[1.0, 1.0]","[0.5, 1.0]","[0.5, 1.0]","[0.5, 1.0]","[0.625, 0.0]","[0.375, 0.0]",[[0]],[[1]],[[2]],"(0, 12)","(12, 21)","(12, 21)",{},{},{},"['A', 'B']",[],[],0,0,5,1,3,4,B,,,,,,,B,,,,,"{'rtype': 'select-node', 'rtimedn': 23.476, 'rtimeup': 23.476}",,,,,,,"{'rtype': 'select-node', 'rtimedn': 239.881, 'rtimeup': 239.881}",,,,
,,17,3,25,1733269139,BDG-239-2535,TREE-1.2-0.0-0.0,"['0777b594-b926-41c0-a957-8bc1466938d6', 'ef055cb1-489a-4c91-bf6d-d2b339e93b4a']","['participant', 'participant']","['teardrop', 'dent-square']","['hsla(92, 85%, 62%, 1.0)', 'hsla(236, 100%, 59%, 1.0)']","[[1.0, 0.35850622406639004], [0.35850622406639004, 1.0]]","{0: '', 1: 'A', 2: 'B'}",,2,after,"[True, True]","{'max': 21, 'min': 21, 'avg': 21.0, 'root': 12}","[-10, -10]","[67, 140]",sequential,chance,chance,"[1.0, 1.0]","[0.5, 1.0]","[0.5, 1.0]","[0.5, 1.0]","[0.625, 0.0]","[0.375, 0.0]",[[0]],[[1]],[[2]],"(0, 12)","(12, 21)","(12, 21)",{},{},{},"['A', 'B']",[],[],0,0,2,5,3,5,B,,,,,,,B,,,,,"{'rtype': None, 'rtimedn': 13, 'rtimeup': 13}",,,,,,,"{'rtype': 'select-node', 'rtimedn': 58.006, 'rtimeup': 58.006}",,,,
,,17,4,25,1733269136,BDG-508-5124,TREE-1.2-0.0-0.0,"['75443486-7234-4f3b-8f58-7b096a872d36', 'c8fd32a8-bd36-4574-9359-072a968da39f']","['participant', 'participant']","['dodecagon', 'lemon']","['hsla(97, 75%, 39%, 1.0)', 'hsla(287, 74%, 48%, 1.0)']","[[1.0, 0.35850622406639004], [0.35850622406639004, 1.0]]","{0: '', 1: 'A', 2: 'B'}",,2,after,"[True, True]","{'max': 21, 'min': 21, 'avg': 21.0, 'root': 12}","[-10, -10]","[135, 133]",sequential,chance,chance,"[1.0, 1.0]","[0.5, 1.0]","[0.5, 1.0]","[0.5, 1.0]","[0.625, 0.0]","[0.375, 0.0]",[[0]],[[1]],[[2]],"(0, 12)","(12, 21)","(12, 21)",{},{},{},"['A', 'B']",[],[],0,0,5,1,2,4,B,,,,,,,A,,,,,"{'rtype': 'select-node', 'rtimedn': 58.479, 'rtimeup': 58.479}",,,,,,,"{'rtype': 'select-node', 'rtimedn': 58.502, 'rtimeup': 58.502}",,,,
,,18,0,25,1733269148,BDG-254-3115,TREE-1.2-0.0-0.0,"['5f76705c-6173-4df7-a873-dc0c321186d2', 'ed9b60ed-b3a8-44ac-a0ca-fca1d3647529']","['participant', 'participant']","['hexagon', 'circle']","['hsla(70, 54%, 51%, 1.0)', 'hsla(137, 55%, 54%, 1.0)']","[[1.0, 0.35850622406639004], [0.35850622406639004, 1.0]]","{0: '', 1: 'A', 2: 'B'}",,1,after,"[True, True]","{'max': 21, 'min': 21, 'avg': 21.0, 'root': 12}","[-10, -10]","[130, 139]",sequential,chance,chance,"[1.0, 1.0]","[0.5, 1.0]","[0.5, 1.0]","[0.5, 1.0]","[0.375, 0.0]","[0.625, 0.0]",[[0]],[[1]],[[2]],"(0, 12)","(12, 21)","(12, 21)",{},{},{},"['A', 'B']",[],[],0,0,3,1,1,5,A,,,,,,,A,,,,,"{'rtype': 'select-node', 'rtimedn': 59.953, 'rtimeup': 59.953}",,,,,,,"{'rtype': 'select-node', 'rtimedn': 60.601, 'rtimeup': 60.601}",,,,
,,18,1,25,1733269154,BDG-432-4323,TREE-1.2-0.0-0.0,"['8e19ce2e-c87f-48f0-8bfc-7683d9b2e4dd', 'b9cad2fe-91ea-4850-9eba-4e5012f57013']","['participant', 'participant']","['ghost', 'star-six']","['hsla(85, 94%, 40%, 1.0)', 'hsla(291, 82%, 51%, 1.0)']","[[1.0, 0.08713692946058091], [0.08713692946058091, 1.0]]","{0: '', 1: 'A', 2: 'B'}",,1,after,"[True, True]","{'max': 21, 'min': 21, 'avg': 21.0, 'root': 12}","[-10, -10]","[120, 116]",sequential,chance,chance,"[1.0, 1.0]","[0.5, 1.0]","[0.5, 1.0]","[0.5, 1.0]","[0.375, 0.0]","[0.625, 0.0]",[[0]],[[1]],[[2]],"(0, 12)","(12, 21)","(12, 21)",{},{},{},"['A', 'B']",[],[],0,0,4,3,2,3,A,,,,,,,A,,,,,"{'rtype': 'select-node', 'rtimedn': 240.676, 'rtimeup': 240.676}",,,,,,,"{'rtype': None, 'rtimedn': 13, 'rtimeup': 13}",,,,
,,18,2,25,1733269149,BDG-242-2543,TREE-1.2-0.0-0.0,"['ef055cb1-489a-4c91-bf6d-d2b339e93b4a', '77c58d68-8844-4481-8b54-aaaa442736eb']","['participant', 'participant']","['dent-square', 'arrow-head']","['hsla(236, 100%, 59%, 1.0)', 'hsla(321, 93%, 47%, 1.0)']","[[1.0, 0.0979253112033195], [0.0979253112033195, 1.0]]","{0: '', 1: 'A', 2: 'B'}",,2,after,"[True, True]","{'max': 21, 'min': 21, 'avg': 21.0, 'root': 12}","[-10, -10]","[140, 127]",sequential,chance,chance,"[1.0, 1.0]","[0.5, 1.0]","[0.5, 1.0]","[0.5, 1.0]","[0.625, 0.0]","[0.375, 0.0]",[[0]],[[1]],[[2]],"(0, 12)","(12, 21)","(12, 21)",{},{},{},"['A', 'B']",[],[],0,0,2,5,4,3,B,,,,,,,B,,,,,"{'rtype': 'select-node', 'rtimedn': 59.483, 'rtimeup': 59.483}",,,,,,,"{'rtype': 'select-node', 'rtimedn': 59.604, 'rtimeup': 59.604}",,,,
,,18,3,25,1733269148,BDG-048-1254,TREE-1.2-0.0-0.0,"['f3a21fc8-4369-4542-8598-2292ed9be343', '75443486-7234-4f3b-8f58-7b096a872d36']","['participant', 'participant']","['jagged-sun', 'dodecagon']","['hsla(236, 95%, 65%, 1.0)', 'hsla(97, 75%, 39%, 1.0)']","[[1.0, 0.08921161825726141], [0.08921161825726141, 1.0]]","{0: '', 1: 'A', 2: 'B'}",,2,after,"[True, True]","{'max': 21, 'min': 21, 'avg': 21.0, 'root': 12}","[-10, -10]","[137, 135]",sequential,chance,chance,"[1.0, 1.0]","[0.5, 1.0]","[0.5, 1.0]","[0.5, 1.0]","[0.375, 0.0]","[0.625, 0.0]",[[0]],[[1]],[[2]],"(0, 12)","(12, 21)","(12, 21)",{},{},{},"['A', 'B']",[],[],0,0,1,2,5,4,B,,,,,,,B,,,,,"{'rtype': 'select-node', 'rtimedn': 24.692, 'rtimeup': 24.692}",,,,,,,"{'rtype': 'select-node', 'rtimedn': 59.728, 'rtimeup': 59.728}",,,,
,,18,4,25,1733269148,BDG-161-2232,TREE-1.2-0.0-0.0,"['0777b594-b926-41c0-a957-8bc1466938d6', 'c8fd32a8-bd36-4574-9359-072a968da39f']","['participant', 'participant']","['teardrop', 'lemon']","['hsla(92, 85%, 62%, 1.0)', 'hsla(287, 74%, 48%, 1.0)']","[[1.0, 0.22074688796680497], [0.22074688796680497, 1.0]]","{0: '', 1: 'A', 2: 'B'}",,2,after,"[True, True]","{'max': 21, 'min': 21, 'avg': 21.0, 'root': 12}","[-10, -10]","[67, 133]",sequential,chance,chance,"[1.0, 1.0]","[0.5, 1.0]","[0.5, 1.0]","[0.5, 1.0]","[0.625, 0.0]","[0.375, 0.0]",[[0]],[[1]],[[2]],"(0, 12)","(12, 21)","(12, 21)",{},{},{},"['A', 'B']",[],[],0,0,2,2,3,2,B,,,,,,,B,,,,,"{'rtype': 'select-node', 'rtimedn': 59.905, 'rtimeup': 59.905}",,,,,,,"{'rtype': 'select-node', 'rtimedn': 59.867, 'rtimeup': 59.867}",,,,
,,19,0,25,1733269164,BDG-624-5555,TREE-1.2-0.0-0.0,"['ef055cb1-489a-4c91-bf6d-d2b339e93b4a', 'ed9b60ed-b3a8-44ac-a0ca-fca1d3647529']","['participant', 'participant']","['dent-square', 'circle']","['hsla(236, 100%, 59%, 1.0)', 'hsla(137, 55%, 54%, 1.0)']","[[1.0, 0.22074688796680497], [0.22074688796680497, 1.0]]","{0: '', 1: 'A', 2: 'B'}",,2,after,"[True, True]","{'max': 21, 'min': 21, 'avg': 21.0, 'root': 12}","[-10, -10]","[140, 139]",sequential,chance,chance,"[1.0, 1.0]","[0.5, 1.0]","[0.5, 1.0]","[0.5, 1.0]","[0.375, 0.0]","[0.625, 0.0]",[[0]],[[1]],[[2]],"(0, 12)","(12, 21)","(12, 21)",{},{},{},"['A', 'B']",[],[],0,0,5,5,5,5,B,,,,,,,A,,,,,"{'rtype': 'select-node', 'rtimedn': 61.153, 'rtimeup': 61.153}",,,,,,,"{'rtype': 'select-node', 'rtimedn': 62.052, 'rtimeup': 62.052}",,,,
,,19,1,25,1733269164,BDG-086-1432,TREE-1.2-0.0-0.0,"['b9cad2fe-91ea-4850-9eba-4e5012f57013', '75443486-7234-4f3b-8f58-7b096a872d36']","['participant', 'participant']","['star-six', 'dodecagon']","['hsla(291, 82%, 51%, 1.0)', 'hsla(97, 75%, 39%, 1.0)']","[[1.0, 0.031950207468879666], [0.031950207468879666, 1.0]]","{0: '', 1: 'A', 2: 'B'}",,2,after,"[True, True]","{'max': 21, 'min': 21, 'avg': 21.0, 'root': 12}","[-10, -10]","[116, 135]",sequential,chance,chance,"[1.0, 1.0]","[0.5, 1.0]","[0.5, 1.0]","[0.5, 1.0]","[0.625, 0.0]","[0.375, 0.0]",[[0]],[[1]],[[2]],"(0, 12)","(12, 21)","(12, 21)",{},{},{},"['A', 'B']",[],[],0,0,1,4,3,2,B,,,,,,,B,,,,,"{'rtype': 'select-node', 'rtimedn': 123.796, 'rtimeup': 123.796}",,,,,,,"{'rtype': 'select-node', 'rtimedn': 61.322, 'rtimeup': 61.322}",,,,
,,19,2,25,1733269168,BDG-065-1341,TREE-1.2-0.0-0.0,"['5f76705c-6173-4df7-a873-dc0c321186d2', '8e19ce2e-c87f-48f0-8bfc-7683d9b2e4dd']","['participant', 'participant']","['hexagon', 'ghost']","['hsla(70, 54%, 51%, 1.0)', 'hsla(85, 94%, 40%, 1.0)']","[[1.0, 0.07344398340248963], [0.07344398340248963, 1.0]]","{0: '', 1: 'A', 2: 'B'}",,2,after,"[True, True]","{'max': 21, 'min': 21, 'avg': 21.0, 'root': 12}","[-10, -10]","[130, 120]",sequential,chance,chance,"[1.0, 1.0]","[0.5, 1.0]","[0.5, 1.0]","[0.5, 1.0]","[0.375, 0.0]","[0.625, 0.0]",[[0]],[[1]],[[2]],"(0, 12)","(12, 21)","(12, 21)",{},{},{},"['A', 'B']",[],[],0,0,1,3,4,1,B,,,,,,,A,,,,,"{'rtype': 'select-node', 'rtimedn': 61.604, 'rtimeup': 61.604}",,,,,,,"{'rtype': 'select-node', 'rtimedn': 242.833, 'rtimeup': 242.833}",,,,
,,19,3,25,1733269162,BDG-266-3142,TREE-1.2-0.0-0.0,"['f3a21fc8-4369-4542-8598-2292ed9be343', '77c58d68-8844-4481-8b54-aaaa442736eb']","['participant', 'participant']","['jagged-sun', 'arrow-head']","['hsla(236, 95%, 65%, 1.0)', 'hsla(321, 93%, 47%, 1.0)']","[[1.0, 0.22074688796680497], [0.22074688796680497, 1.0]]","{0: '', 1: 'A', 2: 'B'}",,2,after,"[True, True]","{'max': 21, 'min': 21, 'avg': 21.0, 'root': 12}","[-10, -10]","[137, 127]",sequential,chance,chance,"[1.0, 1.0]","[0.5, 1.0]","[0.5, 1.0]","[0.5, 1.0]","[0.625, 0.0]","[0.375, 0.0]",[[0]],[[1]],[[2]],"(0, 12)","(12, 21)","(12, 21)",{},{},{},"['A', 'B']",[],[],0,0,3,1,4,2,B,,,,,,,B,,,,,"{'rtype': 'select-node', 'rtimedn': 26.17, 'rtimeup': 26.17}",,,,,,,"{'rtype': 'select-node', 'rtimedn': 60.979, 'rtimeup': 60.979}",,,,
,,19,4,25,1733269162,BDG-463-4434,TREE-1.2-0.0-0.0,"['0777b594-b926-41c0-a957-8bc1466938d6', 'c8fd32a8-bd36-4574-9359-072a968da39f']","['participant', 'participant']","['teardrop', 'lemon']","['hsla(92, 85%, 62%, 1.0)', 'hsla(287, 74%, 48%, 1.0)']","[[1.0, 0.22074688796680497], [0.22074688796680497, 1.0]]","{0: '', 1: 'A', 2: 'B'}",,2,after,"[True, True]","{'max': 21, 'min': 21, 'avg': 21.0, 'root': 12}","[-10, -10]","[67, 133]",sequential,chance,chance,"[1.0, 1.0]","[0.5, 1.0]","[0.5, 1.0]","[0.5, 1.0]","[0.375, 0.0]","[0.625, 0.0]",[[0]],[[1]],[[2]],"(0, 12)","(12, 21)","(12, 21)",{},{},{},"['A', 'B']",[],[],0,0,4,4,3,4,B,,,,,,,A,,,,,"{'rtype': 'select-node', 'rtimedn': 61.228, 'rtimeup': 61.228}",,,,,,,"{'rtype': 'select-node', 'rtimedn': 61.344, 'rtimeup': 61.344}",,,,
,,20,0,25,1733269176,BDG-403-4214,TREE-1.2-0.0-0.0,"['75443486-7234-4f3b-8f58-7b096a872d36', '0777b594-b926-41c0-a957-8bc1466938d6']","['participant', 'participant']","['dodecagon', 'teardrop']","['hsla(97, 75%, 39%, 1.0)', 'hsla(92, 85%, 62%, 1.0)']","[[1.0, 0.0979253112033195], [0.0979253112033195, 1.0]]","{0: '', 1: 'A', 2: 'B'}",,1,after,"[True, True]","{'max': 21, 'min': 21, 'avg': 21.0, 'root': 12}","[-10, -10]","[135, 67]",sequential,chance,chance,"[1.0, 1.0]","[0.5, 1.0]","[0.5, 1.0]","[0.5, 1.0]","[0.625, 0.0]","[0.375, 0.0]",[[0]],[[1]],[[2]],"(0, 12)","(12, 21)","(12, 21)",{},{},{},"['A', 'B']",[],[],0,0,4,2,1,4,A,,,,,,,A,,,,,"{'rtype': 'select-node', 'rtimedn': 62.517, 'rtimeup': 62.517}",,,,,,,"{'rtype': 'select-node', 'rtimedn': 62.661, 'rtimeup': 62.661}",,,,
,,20,1,25,1733269180,BDG-272-3153,TREE-1.2-0.0-0.0,"['f3a21fc8-4369-4542-8598-2292ed9be343', 'ed9b60ed-b3a8-44ac-a0ca-fca1d3647529']","['participant', 'participant']","['jagged-sun', 'circle']","['hsla(236, 95%, 65%, 1.0)', 'hsla(137, 55%, 54%, 1.0)']","[[1.0, 0.07344398340248963], [0.07344398340248963, 1.0]]","{0: '', 1: 'A', 2: 'B'}",,2,after,"[True, True]","{'max': 21, 'min': 21, 'avg': 21.0, 'root': 12}","[-10, -10]","[137, 139]",sequential,chance,chance,"[1.0, 1.0]","[0.5, 1.0]","[0.5, 1.0]","[0.5, 1.0]","[0.375, 0.0]","[0.625, 0.0]",[[0]],[[1]],[[2]],"(0, 12)","(12, 21)","(12, 21)",{},{},{},"['A', 'B']",[],[],0,0,3,1,5,3,B,,,,,,,B,,,,,"{'rtype': 'select-node', 'rtimedn': 28.037, 'rtimeup': 28.037}",,,,,,,"{'rtype': 'select-node', 'rtimedn': 63.507, 'rtimeup': 63.507}",,,,
,,20,2,25,1733269177,BDG-295-3251,TREE-1.2-0.0-0.0,"['77c58d68-8844-4481-8b54-aaaa442736eb', 'b9cad2fe-91ea-4850-9eba-4e5012f57013']","['participant', 'participant']","['arrow-head', 'star-six']","['hsla(321, 93%, 47%, 1.0)', 'hsla(291, 82%, 51%, 1.0)']","[[1.0, 0.35850622406639004], [0.35850622406639004, 1.0]]","{0: '', 1: 'A', 2: 'B'}",,2,after,"[True, True]","{'max': 21, 'min': 21, 'avg': 21.0, 'root': 12}","[-10, -10]","[127, 116]",sequential,chance,chance,"[1.0, 1.0]","[0.5, 1.0]","[0.5, 1.0]","[0.5, 1.0]","[0.375, 0.0]","[0.625, 0.0]",[[0]],[[1]],[[2]],"(0, 12)","(12, 21)","(12, 21)",{},{},{},"['A', 'B']",[],[],0,0,3,2,5,1,B,,,,,,,A,,,,,"{'rtype': 'select-node', 'rtimedn': 62.499, 'rtimeup': 62.499}",,,,,,,"{'rtype': 'select-node', 'rtimedn': 125.234, 'rtimeup': 125.234}",,,,
,,20,3,25,1733269181,BDG-231-2522,TREE-1.2-0.0-0.0,"['ef055cb1-489a-4c91-bf6d-d2b339e93b4a', '8e19ce2e-c87f-48f0-8bfc-7683d9b2e4dd']","['participant', 'participant']","['dent-square', 'ghost']","['hsla(236, 100%, 59%, 1.0)', 'hsla(85, 94%, 40%, 1.0)']","[[1.0, 0.035269709543568464], [0.035269709543568464, 1.0]]","{0: '', 1: 'A', 2: 'B'}",,2,after,"[True, True]","{'max': 21, 'min': 21, 'avg': 21.0, 'root': 12}","[-10, -10]","[140, 120]",sequential,chance,chance,"[1.0, 1.0]","[0.5, 1.0]","[0.5, 1.0]","[0.5, 1.0]","[0.625, 0.0]","[0.375, 0.0]",[[0]],[[1]],[[2]],"(0, 12)","(12, 21)","(12, 21)",{},{},{},"['A', 'B']",[],[],0,0,2,5,2,2,B,,,,,,,A,,,,,"{'rtype': 'select-node', 'rtimedn': 62.797, 'rtimeup': 62.797}",,,,,,,"{'rtype': 'select-node', 'rtimedn': 243.705, 'rtimeup': 243.705}",,,,
,,20,4,25,1733269181,BDG-200-2411,TREE-1.2-0.0-0.0,"['c8fd32a8-bd36-4574-9359-072a968da39f', '5f76705c-6173-4df7-a873-dc0c321186d2']","['participant', 'participant']","['lemon', 'hexagon']","['hsla(287, 74%, 48%, 1.0)', 'hsla(70, 54%, 51%, 1.0)']","[[1.0, 0.031950207468879666], [0.031950207468879666, 1.0]]","{0: '', 1: 'A', 2: 'B'}",,1,after,"[True, True]","{'max': 21, 'min': 21, 'avg': 21.0, 'root': 12}","[-10, -10]","[133, 130]",sequential,chance,chance,"[1.0, 1.0]","[0.5, 1.0]","[0.5, 1.0]","[0.5, 1.0]","[0.375, 0.0]","[0.625, 0.0]",[[0]],[[1]],[[2]],"(0, 12)","(12, 21)","(12, 21)",{},{},{},"['A', 'B']",[],[],0,0,2,4,1,1,A,,,,,,,B,,,,,"{'rtype': 'select-node', 'rtimedn': 62.849, 'rtimeup': 62.849}",,,,,,,"{'rtype': 'select-node', 'rtimedn': 63.202, 'rtimeup': 63.202}",,,,
,,21,0,25,1733269196,BDG-181-2322,TREE-1.2-0.0-0.0,"['0777b594-b926-41c0-a957-8bc1466938d6', '8e19ce2e-c87f-48f0-8bfc-7683d9b2e4dd']","['participant', 'participant']","['teardrop', 'ghost']","['hsla(92, 85%, 62%, 1.0)', 'hsla(85, 94%, 40%, 1.0)']","[[1.0, 0.08921161825726141], [0.08921161825726141, 1.0]]","{0: '', 1: 'A', 2: 'B'}",,1,after,"[True, True]","{'max': 21, 'min': 21, 'avg': 21.0, 'root': 12}","[-10, -10]","[67, 120]",sequential,chance,chance,"[1.0, 1.0]","[0.5, 1.0]","[0.5, 1.0]","[0.5, 1.0]","[0.375, 0.0]","[0.625, 0.0]",[[0]],[[1]],[[2]],"(0, 12)","(12, 21)","(12, 21)",{},{},{},"['A', 'B']",[],[],0,0,2,3,2,2,A,,,,,,,A,,,,,"{'rtype': 'select-node', 'rtimedn': 64.292, 'rtimeup': 64.292}",,,,,,,"{'rtype': None, 'rtimedn': 13, 'rtimeup': 13}",,,,
,,21,1,25,1733269191,BDG-359-3525,TREE-1.2-0.0-0.0,"['77c58d68-8844-4481-8b54-aaaa442736eb', 'ef055cb1-489a-4c91-bf6d-d2b339e93b4a']","['participant', 'participant']","['arrow-head', 'dent-square']","['hsla(321, 93%, 47%, 1.0)', 'hsla(236, 100%, 59%, 1.0)']","[[1.0, 0.0979253112033195], [0.0979253112033195, 1.0]]","{0: '', 1: 'A', 2: 'B'}",,1,after,"[True, True]","{'max': 21, 'min': 21, 'avg': 21.0, 'root': 12}","[-10, -10]","[127, 140]",sequential,chance,chance,"[1.0, 1.0]","[0.5, 1.0]","[0.5, 1.0]","[0.5, 1.0]","[0.375, 0.0]","[0.625, 0.0]",[[0]],[[1]],[[2]],"(0, 12)","(12, 21)","(12, 21)",{},{},{},"['A', 'B']",[],[],0,0,3,5,2,5,A,,,,,,,A,,,,,"{'rtype': 'select-node', 'rtimedn': 63.704, 'rtimeup': 63.704}",,,,,,,"{'rtype': 'select-node', 'rtimedn': 63.866, 'rtimeup': 63.866}",,,,
,,21,2,25,1733269192,BDG-584-5425,TREE-1.2-0.0-0.0,"['75443486-7234-4f3b-8f58-7b096a872d36', 'f3a21fc8-4369-4542-8598-2292ed9be343']","['participant', 'participant']","['dodecagon', 'jagged-sun']","['hsla(97, 75%, 39%, 1.0)', 'hsla(236, 95%, 65%, 1.0)']","[[1.0, 0.08921161825726141], [0.08921161825726141, 1.0]]","{0: '', 1: 'A', 2: 'B'}",,1,after,"[True, True]","{'max': 21, 'min': 21, 'avg': 21.0, 'root': 12}","[-10, -10]","[135, 137]",sequential,chance,chance,"[1.0, 1.0]","[0.5, 1.0]","[0.5, 1.0]","[0.5, 1.0]","[0.375, 0.0]","[0.625, 0.0]",[[0]],[[1]],[[2]],"(0, 12)","(12, 21)","(12, 21)",{},{},{},"['A', 'B']",[],[],0,0,5,4,2,5,A,,,,,,,A,,,,,"{'rtype': 'select-node', 'rtimedn': 63.969, 'rtimeup': 63.969}",,,,,,,"{'rtype': 'select-node', 'rtimedn': 29.296, 'rtimeup': 29.296}",,,,
,,21,3,25,1733269194,BDG-424-4255,TREE-1.2-0.0-0.0,"['5f76705c-6173-4df7-a873-dc0c321186d2', 'ed9b60ed-b3a8-44ac-a0ca-fca1d3647529']","['participant', 'participant']","['hexagon', 'circle']","['hsla(70, 54%, 51%, 1.0)', 'hsla(137, 55%, 54%, 1.0)']","[[1.0, 0.35850622406639004], [0.35850622406639004, 1.0]]","{0: '', 1: 'A', 2: 'B'}",,2,after,"[True, True]","{'max': 21, 'min': 21, 'avg': 21.0, 'root': 12}","[-10, -10]","[130, 139]",sequential,chance,chance,"[1.0, 1.0]","[0.5, 1.0]","[0.5, 1.0]","[0.5, 1.0]","[0.375, 0.0]","[0.625, 0.0]",[[0]],[[1]],[[2]],"(0, 12)","(12, 21)","(12, 21)",{},{},{},"['A', 'B']",[],[],0,0,4,2,5,5,B,,,,,,,A,,,,,"{'rtype': 'select-node', 'rtimedn': 64.471, 'rtimeup': 64.471}",,,,,,,"{'rtype': 'select-node', 'rtimedn': 64.832, 'rtimeup': 64.832}",,,,
,,21,4,25,1733269189,BDG-499-4555,TREE-1.2-0.0-0.0,"['b9cad2fe-91ea-4850-9eba-4e5012f57013', 'c8fd32a8-bd36-4574-9359-072a968da39f']","['participant', 'participant']","['star-six', 'lemon']","['hsla(291, 82%, 51%, 1.0)', 'hsla(287, 74%, 48%, 1.0)']","[[1.0, 0.0979253112033195], [0.0979253112033195, 1.0]]","{0: '', 1: 'A', 2: 'B'}",,2,after,"[True, True]","{'max': 21, 'min': 21, 'avg': 21.0, 'root': 12}","[-10, -10]","[116, 133]",sequential,chance,chance,"[1.0, 1.0]","[0.5, 1.0]","[0.5, 1.0]","[0.5, 1.0]","[0.625, 0.0]","[0.375, 0.0]",[[0]],[[1]],[[2]],"(0, 12)","(12, 21)","(12, 21)",{},{},{},"['A', 'B']",[],[],0,0,4,5,5,5,B,,,,,,,B,,,,,"{'rtype': 'select-node', 'rtimedn': 126.541, 'rtimeup': 126.541}",,,,,,,"{'rtype': 'select-node', 'rtimedn': 64.021, 'rtimeup': 64.021}",,,,
,,22,0,25,1733269207,BDG-051-1312,TREE-1.2-0.0-0.0,"['8e19ce2e-c87f-48f0-8bfc-7683d9b2e4dd', '75443486-7234-4f3b-8f58-7b096a872d36']","['participant', 'participant']","['ghost', 'dodecagon']","['hsla(85, 94%, 40%, 1.0)', 'hsla(97, 75%, 39%, 1.0)']","[[1.0, 0.22074688796680497], [0.22074688796680497, 1.0]]","{0: '', 1: 'A', 2: 'B'}",,2,after,"[True, True]","{'max': 21, 'min': 21, 'avg': 21.0, 'root': 12}","[-10, -10]","[120, 135]",sequential,chance,chance,"[1.0, 1.0]","[0.5, 1.0]","[0.5, 1.0]","[0.5, 1.0]","[0.375, 0.0]","[0.625, 0.0]",[[0]],[[1]],[[2]],"(0, 12)","(12, 21)","(12, 21)",{},{},{},"['A', 'B']",[],[],0,0,1,3,1,2,B,,,,,,,A,,,,,"{'rtype': 'select-node', 'rtimedn': 246.724, 'rtimeup': 246.724}",,,,,,,"{'rtype': 'select-node', 'rtimedn': 65.455, 'rtimeup': 65.455}",,,,
,,22,1,25,1733269204,BDG-162-2233,TREE-1.2-0.0-0.0,"['77c58d68-8844-4481-8b54-aaaa442736eb', 'f3a21fc8-4369-4542-8598-2292ed9be343']","['participant', 'participant']","['arrow-head', 'jagged-sun']","['hsla(321, 93%, 47%, 1.0)', 'hsla(236, 95%, 65%, 1.0)']","[[1.0, 0.22074688796680497], [0.22074688796680497, 1.0]]","{0: '', 1: 'A', 2: 'B'}",,2,after,"[True, True]","{'max': 21, 'min': 21, 'avg': 21.0, 'root': 12}","[-10, -10]","[127, 137]",sequential,chance,chance,"[1.0, 1.0]","[0.5, 1.0]","[0.5, 1.0]","[0.5, 1.0]","[0.625, 0.0]","[0.375, 0.0]",[[0]],[[1]],[[2]],"(0, 12)","(12, 21)","(12, 21)",{},{},{},"['A', 'B']",[],[],0,0,2,2,3,3,B,,,,,,,A,,,,,"{'rtype': 'select-node', 'rtimedn': 65.146, 'rtimeup': 65.146}",,,,,,,"{'rtype': 'select-node', 'rtimedn': 30.354, 'rtimeup': 30.354}",,,,
,,22,2,25,1733269206,BDG-523-5154,TREE-1.2-0.0-0.0,"['ef055cb1-489a-4c91-bf6d-d2b339e93b4a', '0777b594-b926-41c0-a957-8bc1466938d6']","['participant', 'participant']","['dent-square', 'teardrop']","['hsla(236, 100%, 59%, 1.0)', 'hsla(92, 85%, 62%, 1.0)']","[[1.0, 0.35850622406639004], [0.35850622406639004, 1.0]]","{0: '', 1: 'A', 2: 'B'}",,2,after,"[True, True]","{'max': 21, 'min': 21, 'avg': 21.0, 'root': 12}","[-10, -10]","[140, 67]",sequential,chance,chance,"[1.0, 1.0]","[0.5, 1.0]","[0.5, 1.0]","[0.5, 1.0]","[0.625, 0.0]","[0.375, 0.0]",[[0]],[[1]],[[2]],"(0, 12)","(12, 21)","(12, 21)",{},{},{},"['A', 'B']",[],[],0,0,5,1,5,4,B,,,,,,,A,,,,,"{'rtype': 'select-node', 'rtimedn': 65.283, 'rtimeup': 65.283}",,,,,,,"{'rtype': 'select-node', 'rtimedn': 65.428, 'rtimeup': 65.428}",,,,
,,22,3,25,1733269205,BDG-360-3531,TREE-1.2-0.0-0.0,"['c8fd32a8-bd36-4574-9359-072a968da39f', 'b9cad2fe-91ea-4850-9eba-4e5012f57013']","['participant', 'participant']","['lemon', 'star-six']","['hsla(287, 74%, 48%, 1.0)', 'hsla(291, 82%, 51%, 1.0)']","[[1.0, 0.0979253112033195], [0.0979253112033195, 1.0]]","{0: '', 1: 'A', 2: 'B'}",,1,after,"[True, True]","{'max': 21, 'min': 21, 'avg': 21.0, 'root': 12}","[-10, -10]","[133, 116]",sequential,chance,chance,"[1.0, 1.0]","[0.5, 1.0]","[0.5, 1.0]","[0.5, 1.0]","[0.625, 0.0]","[0.375, 0.0]",[[0]],[[1]],[[2]],"(0, 12)","(12, 21)","(12, 21)",{},{},{},"['A', 'B']",[],[],0,0,3,5,3,1,A,,,,,,,A,,,,,"{'rtype': 'select-node', 'rtimedn': 65.694, 'rtimeup': 65.694}",,,,,,,"{'rtype': 'select-node', 'rtimedn': 128.064, 'rtimeup': 128.064}",,,,
,,22,4,25,1733269208,BDG-570-5351,TREE-1.2-0.0-0.0,"['5f76705c-6173-4df7-a873-dc0c321186d2', 'ed9b60ed-b3a8-44ac-a0ca-fca1d3647529']","['participant', 'participant']","['hexagon', 'circle']","['hsla(70, 54%, 51%, 1.0)', 'hsla(137, 55%, 54%, 1.0)']","[[1.0, 0.35850622406639004], [0.35850622406639004, 1.0]]","{0: '', 1: 'A', 2: 'B'}",,1,after,"[True, True]","{'max': 21, 'min': 21, 'avg': 21.0, 'root': 12}","[-10, -10]","[130, 139]",sequential,chance,chance,"[1.0, 1.0]","[0.5, 1.0]","[0.5, 1.0]","[0.5, 1.0]","[0.375, 0.0]","[0.625, 0.0]",[[0]],[[1]],[[2]],"(0, 12)","(12, 21)","(12, 21)",{},{},{},"['A', 'B']",[],[],0,0,5,3,5,1,A,,,,,,,B,,,,,"{'rtype': 'select-node', 'rtimedn': 65.862, 'rtimeup': 65.862}",,,,,,,"{'rtype': 'select-node', 'rtimedn': 66.459, 'rtimeup': 66.459}",,,,
,,23,0,25,1733269217,BDG-084-1425,TREE-1.2-0.0-0.0,"['8e19ce2e-c87f-48f0-8bfc-7683d9b2e4dd', 'f3a21fc8-4369-4542-8598-2292ed9be343']","['participant', 'participant']","['ghost', 'jagged-sun']","['hsla(85, 94%, 40%, 1.0)', 'hsla(236, 95%, 65%, 1.0)']","[[1.0, 0.35850622406639004], [0.35850622406639004, 1.0]]","{0: '', 1: 'A', 2: 'B'}",,2,after,"[True, True]","{'max': 21, 'min': 21, 'avg': 21.0, 'root': 12}","[-10, -10]","[120, 137]",sequential,chance,chance,"[1.0, 1.0]","[0.5, 1.0]","[0.5, 1.0]","[0.5, 1.0]","[0.375, 0.0]","[0.625, 0.0]",[[0]],[[1]],[[2]],"(0, 12)","(12, 21)","(12, 21)",{},{},{},"['A', 'B']",[],[],0,0,1,4,2,5,B,,,,,,,A,,,,,"{'rtype': 'select-node', 'rtimedn': 247.603, 'rtimeup': 247.603}",,,,,,,"{'rtype': 'select-node', 'rtimedn': 31.766, 'rtimeup': 31.766}",,,,
,,23,1,25,1733269217,BDG-255-3121,TREE-1.2-0.0-0.0,"['c8fd32a8-bd36-4574-9359-072a968da39f', '75443486-7234-4f3b-8f58-7b096a872d36']","['participant', 'participant']","['lemon', 'dodecagon']","['hsla(287, 74%, 48%, 1.0)', 'hsla(97, 75%, 39%, 1.0)']","[[1.0, 0.35850622406639004], [0.35850622406639004, 1.0]]","{0: '', 1: 'A', 2: 'B'}",,1,after,"[True, True]","{'max': 21, 'min': 21, 'avg': 21.0, 'root': 12}","[-10, -10]","[133, 135]",sequential,chance,chance,"[1.0, 1.0]","[0.5, 1.0]","[0.5, 1.0]","[0.5, 1.0]","[0.625, 0.0]","[0.375, 0.0]",[[0]],[[1]],[[2]],"(0, 12)","(12, 21)","(12, 21)",{},{},{},"['A', 'B']",[],[],0,0,3,1,2,1,A,,,,,,,A,,,,,"{'rtype': 'select-node', 'rtimedn': 66.741, 'rtimeup': 66.741}",,,,,,,"{'rtype': 'select-node', 'rtimedn': 66.658, 'rtimeup': 66.658}",,,,
,,23,2,25,1733269217,BDG-401-4212,TREE-1.2-0.0-0.0,"['ef055cb1-489a-4c91-bf6d-d2b339e93b4a', 'ed9b60ed-b3a8-44ac-a0ca-fca1d3647529']","['participant', 'participant']","['dent-square', 'circle']","['hsla(236, 100%, 59%, 1.0)', 'hsla(137, 55%, 54%, 1.0)']","[[1.0, 0.22074688796680497], [0.22074688796680497, 1.0]]","{0: '', 1: 'A', 2: 'B'}",,1,after,"[True, True]","{'max': 21, 'min': 21, 'avg': 21.0, 'root': 12}","[-10, -10]","[140, 139]",sequential,chance,chance,"[1.0, 1.0]","[0.5, 1.0]","[0.5, 1.0]","[0.5, 1.0]","[0.625, 0.0]","[0.375, 0.0]",[[0]],[[1]],[[2]],"(0, 12)","(12, 21)","(12, 21)",{},{},{},"['A', 'B']",[],[],0,0,4,2,1,2,A,,,,,,,A,,,,,"{'rtype': 'select-node', 'rtimedn': 66.457, 'rtimeup': 66.457}",,,,,,,"{'rtype': 'select-node', 'rtimedn': 67.374, 'rtimeup': 67.374}",,,,
,,23,3,25,1733269220,BDG-312-3333,TREE-1.2-0.0-0.0,"['b9cad2fe-91ea-4850-9eba-4e5012f57013', '0777b594-b926-41c0-a957-8bc1466938d6']","['participant', 'participant']","['star-six', 'teardrop']","['hsla(291, 82%, 51%, 1.0)', 'hsla(92, 85%, 62%, 1.0)']","[[1.0, 0.07344398340248963], [0.07344398340248963, 1.0]]","{0: '', 1: 'A', 2: 'B'}",,1,after,"[True, True]","{'max': 21, 'min': 21, 'avg': 21.0, 'root': 12}","[-10, -10]","[116, 67]",sequential,chance,chance,"[1.0, 1.0]","[0.5, 1.0]","[0.5, 1.0]","[0.5, 1.0]","[0.375, 0.0]","[0.625, 0.0]",[[0]],[[1]],[[2]],"(0, 12)","(12, 21)","(12, 21)",{},{},{},"['A', 'B']",[],[],0,0,3,3,3,3,A,,,,,,,A,,,,,"{'rtype': 'select-node', 'rtimedn': 129.123, 'rtimeup': 129.123}",,,,,,,"{'rtype': 'select-node', 'rtimedn': 67.102, 'rtimeup': 67.102}",,,,
,,23,4,25,1733269215,BDG-518-5144,TREE-1.2-0.0-0.0,"['77c58d68-8844-4481-8b54-aaaa442736eb', '5f76705c-6173-4df7-a873-dc0c321186d2']","['participant', 'participant']","['arrow-head', 'hexagon']","['hsla(321, 93%, 47%, 1.0)', 'hsla(70, 54%, 51%, 1.0)']","[[1.0, 0.08921161825726141], [0.08921161825726141, 1.0]]","{0: '', 1: 'A', 2: 'B'}",,1,after,"[True, True]","{'max': 21, 'min': 21, 'avg': 21.0, 'root': 12}","[-10, -10]","[127, 130]",sequential,chance,chance,"[1.0, 1.0]","[0.5, 1.0]","[0.5, 1.0]","[0.5, 1.0]","[0.625, 0.0]","[0.375, 0.0]",[[0]],[[1]],[[2]],"(0, 12)","(12, 21)","(12, 21)",{},{},{},"['A', 'B']",[],[],0,0,5,1,4,4,A,,,,,,,B,,,,,"{'rtype': 'select-node', 'rtimedn': 66.282, 'rtimeup': 66.282}",,,,,,,"{'rtype': 'select-node', 'rtimedn': 66.595, 'rtimeup': 66.595}",,,,
,,24,0,25,1733269230,BDG-319-3345,TREE-1.2-0.0-0.0,"['5f76705c-6173-4df7-a873-dc0c321186d2', 'f3a21fc8-4369-4542-8598-2292ed9be343']","['participant', 'participant']","['hexagon', 'jagged-sun']","['hsla(70, 54%, 51%, 1.0)', 'hsla(236, 95%, 65%, 1.0)']","[[1.0, 0.0979253112033195], [0.0979253112033195, 1.0]]","{0: '', 1: 'A', 2: 'B'}",,1,after,"[True, True]","{'max': 21, 'min': 21, 'avg': 21.0, 'root': 12}","[-10, -10]","[130, 137]",sequential,chance,chance,"[1.0, 1.0]","[0.5, 1.0]","[0.5, 1.0]","[0.5, 1.0]","[0.375, 0.0]","[0.625, 0.0]",[[0]],[[1]],[[2]],"(0, 12)","(12, 21)","(12, 21)",{},{},{},"['A', 'B']",[],[],0,0,3,3,4,5,A,,,,,,,A,,,,,"{'rtype': 'select-node', 'rtimedn': 68.105, 'rtimeup': 68.105}",,,,,,,"{'rtype': 'select-node', 'rtimedn': 32.887, 'rtimeup': 32.887}",,,,
,,24,1,25,1733269234,BDG-383-4124,TREE-1.2-0.0-0.0,"['ef055cb1-489a-4c91-bf6d-d2b339e93b4a', '0777b594-b926-41c0-a957-8bc1466938d6']","['participant', 'participant']","['dent-square', 'teardrop']","['hsla(236, 100%, 59%, 1.0)', 'hsla(92, 85%, 62%, 1.0)']","[[1.0, 0.35850622406639004], [0.35850622406639004, 1.0]]","{0: '', 1: 'A', 2: 'B'}",,1,after,"[True, True]","{'max': 21, 'min': 21, 'avg': 21.0, 'root': 12}","[-10, -10]","[140, 67]",sequential,chance,chance,"[1.0, 1.0]","[0.5, 1.0]","[0.5, 1.0]","[0.5, 1.0]","[0.375, 0.0]","[0.625, 0.0]",[[0]],[[1]],[[2]],"(0, 12)","(12, 21)","(12, 21)",{},{},{},"['A', 'B']",[],[],0,0,4,1,2,4,A,,,,,,,A,,,,,"{'rtype': 'select-node', 'rtimedn': 67.631, 'rtimeup': 67.631}",,,,,,,"{'rtype': None, 'rtimedn': 13, 'rtimeup': 13}",,,,
,,24,2,25,1733269231,BDG-429-4315,TREE-1.2-0.0-0.0,"['b9cad2fe-91ea-4850-9eba-4e5012f57013', '77c58d68-8844-4481-8b54-aaaa442736eb']","['participant', 'participant']","['star-six', 'arrow-head']","['hsla(291, 82%, 51%, 1.0)', 'hsla(321, 93%, 47%, 1.0)']","[[1.0, 0.35850622406639004], [0.35850622406639004, 1.0]]","{0: '', 1: 'A', 2: 'B'}",,2,after,"[True, True]","{'max': 21, 'min': 21, 'avg': 21.0, 'root': 12}","[-10, -10]","[116, 127]",sequential,chance,chance,"[1.0, 1.0]","[0.5, 1.0]","[0.5, 1.0]","[0.5, 1.0]","[0.625, 0.0]","[0.375, 0.0]",[[0]],[[1]],[[2]],"(0, 12)","(12, 21)","(12, 21)",{},{},{},"['A', 'B']",[],[],0,0,4,3,1,5,B,,,,,,,A,,,,,"{'rtype': 'select-node', 'rtimedn': 130.741, 'rtimeup': 130.741}",,,,,,,"{'rtype': 'select-node', 'rtimedn': 67.58, 'rtimeup': 67.58}",,,,
,,24,3,25,1733269232,BDG-551-5312,TREE-1.2-0.0-0.0,"['8e19ce2e-c87f-48f0-8bfc-7683d9b2e4dd', '75443486-7234-4f3b-8f58-7b096a872d36']","['participant', 'participant']","['ghost', 'dodecagon']","['hsla(85, 94%, 40%, 1.0)', 'hsla(97, 75%, 39%, 1.0)']","[[1.0, 0.22074688796680497], [0.22074688796680497, 1.0]]","{0: '', 1: 'A', 2: 'B'}",,1,after,"[True, True]","{'max': 21, 'min': 21, 'avg': 21.0, 'root': 12}","[-10, -10]","[120, 135]",sequential,chance,chance,"[1.0, 1.0]","[0.5, 1.0]","[0.5, 1.0]","[0.5, 1.0]","[0.625, 0.0]","[0.375, 0.0]",[[0]],[[1]],[[2]],"(0, 12)","(12, 21)","(12, 21)",{},{},{},"['A', 'B']",[],[],0,0,5,3,1,2,A,,,,,,,A,,,,,"{'rtype': 'select-node', 'rtimedn': 249.172, 'rtimeup': 249.172}",,,,,,,"{'rtype': 'select-node', 'rtimedn': 67.873, 'rtimeup': 67.873}",,,,
,,24,4,25,1733269229,BDG-410-4231,TREE-1.2-0.0-0.0,"['ed9b60ed-b3a8-44ac-a0ca-fca1d3647529', 'c8fd32a8-bd36-4574-9359-072a968da39f']","['participant', 'participant']","['circle', 'lemon']","['hsla(137, 55%, 54%, 1.0)', 'hsla(287, 74%, 48%, 1.0)']","[[1.0, 0.08921161825726141], [0.08921161825726141, 1.0]]","{0: '', 1: 'A', 2: 'B'}",,2,after,"[True, True]","{'max': 21, 'min': 21, 'avg': 21.0, 'root': 12}","[-10, -10]","[139, 133]",sequential,chance,chance,"[1.0, 1.0]","[0.5, 1.0]","[0.5, 1.0]","[0.5, 1.0]","[0.375, 0.0]","[0.625, 0.0]",[[0]],[[1]],[[2]],"(0, 12)","(12, 21)","(12, 21)",{},{},{},"['A', 'B']",[],[],0,0,4,2,3,1,B,,,,,,,A,,,,,"{'rtype': 'select-node', 'rtimedn': 68.588, 'rtimeup': 68.588}",,,,,,,"{'rtype': 'select-node', 'rtimedn': 68.112, 'rtimeup': 68.112}",,,,
,,25,0,25,1733269248,BDG-021-1152,TREE-1.2-0.0-0.0,"['5f76705c-6173-4df7-a873-dc0c321186d2', 'ed9b60ed-b3a8-44ac-a0ca-fca1d3647529']","['participant', 'participant']","['hexagon', 'circle']","['hsla(70, 54%, 51%, 1.0)', 'hsla(137, 55%, 54%, 1.0)']","[[1.0, 0.35850622406639004], [0.35850622406639004, 1.0]]","{0: '', 1: 'A', 2: 'B'}",,2,after,"[True, True]","{'max': 21, 'min': 21, 'avg': 21.0, 'root': 12}","[-10, -10]","[130, 139]",sequential,chance,chance,"[1.0, 1.0]","[0.5, 1.0]","[0.5, 1.0]","[0.5, 1.0]","[0.625, 0.0]","[0.375, 0.0]",[[0]],[[1]],[[2]],"(0, 12)","(12, 21)","(12, 21)",{},{},{},"['A', 'B']",[],[],0,0,1,1,5,2,B,,,,,,,B,,,,,"{'rtype': 'select-node', 'rtimedn': 69.874, 'rtimeup': 69.874}",,,,,,,"{'rtype': 'select-node', 'rtimedn': 70.142, 'rtimeup': 70.142}",,,,
,,25,1,25,1733269243,BDG-287-3233,TREE-1.2-0.0-0.0,"['8e19ce2e-c87f-48f0-8bfc-7683d9b2e4dd', 'f3a21fc8-4369-4542-8598-2292ed9be343']","['participant', 'participant']","['ghost', 'jagged-sun']","['hsla(85, 94%, 40%, 1.0)', 'hsla(236, 95%, 65%, 1.0)']","[[1.0, 0.35850622406639004], [0.35850622406639004, 1.0]]","{0: '', 1: 'A', 2: 'B'}",,2,after,"[True, True]","{'max': 21, 'min': 21, 'avg': 21.0, 'root': 12}","[-10, -10]","[120, 137]",sequential,chance,chance,"[1.0, 1.0]","[0.5, 1.0]","[0.5, 1.0]","[0.5, 1.0]","[0.375, 0.0]","[0.625, 0.0]",[[0]],[[1]],[[2]],"(0, 12)","(12, 21)","(12, 21)",{},{},{},"['A', 'B']",[],[],0,0,3,2,3,3,B,,,,,,,B,,,,,"{'rtype': 'select-node', 'rtimedn': 250.283, 'rtimeup': 250.283}",,,,,,,"{'rtype': 'select-node', 'rtimedn': 34.203, 'rtimeup': 34.203}",,,,
,,25,2,25,1733269249,BDG-218-2444,TREE-1.2-0.0-0.0,"['75443486-7234-4f3b-8f58-7b096a872d36', 'c8fd32a8-bd36-4574-9359-072a968da39f']","['participant', 'participant']","['dodecagon', 'lemon']","['hsla(97, 75%, 39%, 1.0)', 'hsla(287, 74%, 48%, 1.0)']","[[1.0, 0.35850622406639004], [0.35850622406639004, 1.0]]","{0: '', 1: 'A', 2: 'B'}",,2,after,"[True, True]","{'max': 21, 'min': 21, 'avg': 21.0, 'root': 12}","[-10, -10]","[135, 133]",sequential,chance,chance,"[1.0, 1.0]","[0.5, 1.0]","[0.5, 1.0]","[0.5, 1.0]","[0.625, 0.0]","[0.375, 0.0]",[[0]],[[1]],[[2]],"(0, 12)","(12, 21)","(12, 21)",{},{},{},"['A', 'B']",[],[],0,0,2,4,4,4,B,,,,,,,B,,,,,"{'rtype': 'select-node', 'rtimedn': 69.788, 'rtimeup': 69.788}",,,,,,,"{'rtype': 'select-node', 'rtimedn': 69.401, 'rtimeup': 69.401}",,,,
,,25,3,25,1733269244,BDG-486-4532,TREE-1.2-0.0-0.0,"['b9cad2fe-91ea-4850-9eba-4e5012f57013', '77c58d68-8844-4481-8b54-aaaa442736eb']","['participant', 'participant']","['star-six', 'arrow-head']","['hsla(291, 82%, 51%, 1.0)', 'hsla(321, 93%, 47%, 1.0)']","[[1.0, 0.35850622406639004], [0.35850622406639004, 1.0]]","{0: '', 1: 'A', 2: 'B'}",,2,after,"[True, True]","{'max': 21, 'min': 21, 'avg': 21.0, 'root': 12}","[-10, -10]","[116, 127]",sequential,chance,chance,"[1.0, 1.0]","[0.5, 1.0]","[0.5, 1.0]","[0.5, 1.0]","[0.375, 0.0]","[0.625, 0.0]",[[0]],[[1]],[[2]],"(0, 12)","(12, 21)","(12, 21)",{},{},{},"['A', 'B']",[],[],0,0,4,5,3,2,B,,,,,,,A,,,,,"{'rtype': 'select-node', 'rtimedn': 131.991, 'rtimeup': 131.991}",,,,,,,"{'rtype': 'select-node', 'rtimedn': 69.085, 'rtimeup': 69.085}",,,,
,,25,4,25,1733269243,BDG-048-1254,TREE-1.2-0.0-0.0,"['0777b594-b926-41c0-a957-8bc1466938d6', 'ef055cb1-489a-4c91-bf6d-d2b339e93b4a']","['participant', 'participant']","['teardrop', 'dent-square']","['hsla(92, 85%, 62%, 1.0)', 'hsla(236, 100%, 59%, 1.0)']","[[1.0, 0.35850622406639004], [0.35850622406639004, 1.0]]","{0: '', 1: 'A', 2: 'B'}",,2,after,"[True, True]","{'max': 21, 'min': 21, 'avg': 21.0, 'root': 12}","[-10, -10]","[67, 140]",sequential,chance,chance,"[1.0, 1.0]","[0.5, 1.0]","[0.5, 1.0]","[0.5, 1.0]","[0.375, 0.0]","[0.625, 0.0]",[[0]],[[1]],[[2]],"(0, 12)","(12, 21)","(12, 21)",{},{},{},"['A', 'B']",[],[],0,0,1,2,5,4,B,,,,,,,B,,,,,"{'rtype': 'select-node', 'rtimedn': 69.416, 'rtimeup': 69.416}",,,,,,,"{'rtype': 'select-node', 'rtimedn': 69.002, 'rtimeup': 69.002}",,,,
,,26,0,25,1733269263,BDG-463-4434,TREE-1.2-0.0-0.0,"['0777b594-b926-41c0-a957-8bc1466938d6', '75443486-7234-4f3b-8f58-7b096a872d36']","['participant', 'participant']","['teardrop', 'dodecagon']","['hsla(92, 85%, 62%, 1.0)', 'hsla(97, 75%, 39%, 1.0)']","[[1.0, 0.0979253112033195], [0.0979253112033195, 1.0]]","{0: '', 1: 'A', 2: 'B'}",,1,after,"[True, True]","{'max': 21, 'min': 21, 'avg': 21.0, 'root': 12}","[-10, -10]","[67, 135]",sequential,chance,chance,"[1.0, 1.0]","[0.5, 1.0]","[0.5, 1.0]","[0.5, 1.0]","[0.375, 0.0]","[0.625, 0.0]",[[0]],[[1]],[[2]],"(0, 12)","(12, 21)","(12, 21)",{},{},{},"['A', 'B']",[],[],0,0,4,4,3,4,A,,,,,,,A,,,,,"{'rtype': 'select-node', 'rtimedn': 71.484, 'rtimeup': 71.484}",,,,,,,"{'rtype': 'select-node', 'rtimedn': 71.027, 'rtimeup': 71.027}",,,,
,,26,1,25,1733269261,BDG-051-1312,TREE-1.2-0.0-0.0,"['5f76705c-6173-4df7-a873-dc0c321186d2', '77c58d68-8844-4481-8b54-aaaa442736eb']","['participant', 'participant']","['hexagon', 'arrow-head']","['hsla(70, 54%, 51%, 1.0)', 'hsla(321, 93%, 47%, 1.0)']","[[1.0, 0.08921161825726141], [0.08921161825726141, 1.0]]","{0: '', 1: 'A', 2: 'B'}",,1,after,"[True, True]","{'max': 21, 'min': 21, 'avg': 21.0, 'root': 12}","[-10, -10]","[130, 127]",sequential,chance,chance,"[1.0, 1.0]","[0.5, 1.0]","[0.5, 1.0]","[0.5, 1.0]","[0.375, 0.0]","[0.625, 0.0]",[[0]],[[1]],[[2]],"(0, 12)","(12, 21)","(12, 21)",{},{},{},"['A', 'B']",[],[],0,0,1,3,1,2,A,,,,,,,A,,,,,"{'rtype': 'select-node', 'rtimedn': 71.228, 'rtimeup': 71.228}",,,,,,,"{'rtype': 'select-node', 'rtimedn': 70.649, 'rtimeup': 70.649}",,,,
,,26,2,25,1733269259,BDG-337-3433,TREE-1.2-0.0-0.0,"['c8fd32a8-bd36-4574-9359-072a968da39f', 'ef055cb1-489a-4c91-bf6d-d2b339e93b4a']","['participant', 'participant']","['lemon', 'dent-square']","['hsla(287, 74%, 48%, 1.0)', 'hsla(236, 100%, 59%, 1.0)']","[[1.0, 0.07344398340248963], [0.07344398340248963, 1.0]]","{0: '', 1: 'A', 2: 'B'}",,1,after,"[True, True]","{'max': 21, 'min': 21, 'avg': 21.0, 'root': 12}","[-10, -10]","[133, 140]",sequential,chance,chance,"[1.0, 1.0]","[0.5, 1.0]","[0.5, 1.0]","[0.5, 1.0]","[0.625, 0.0]","[0.375, 0.0]",[[0]],[[1]],[[2]],"(0, 12)","(12, 21)","(12, 21)",{},{},{},"['A', 'B']",[],[],0,0,3,4,3,3,A,,,,,,,A,,,,,"{'rtype': 'select-node', 'rtimedn': 70.964, 'rtimeup': 70.964}",,,,,,,"{'rtype': 'select-node', 'rtimedn': 70.624, 'rtimeup': 70.624}",,,,
,,26,3,25,1733269258,BDG-369-3545,TREE-1.2-0.0-0.0,"['f3a21fc8-4369-4542-8598-2292ed9be343', '8e19ce2e-c87f-48f0-8bfc-7683d9b2e4dd']","['participant', 'participant']","['jagged-sun', 'ghost']","['hsla(236, 95%, 65%, 1.0)', 'hsla(85, 94%, 40%, 1.0)']","[[1.0, 0.35850622406639004], [0.35850622406639004, 1.0]]","{0: '', 1: 'A', 2: 'B'}",,1,after,"[True, True]","{'max': 21, 'min': 21, 'avg': 21.0, 'root': 12}","[-10, -10]","[137, 120]",sequential,chance,chance,"[1.0, 1.0]","[0.5, 1.0]","[0.5, 1.0]","[0.5, 1.0]","[0.625, 0.0]","[0.375, 0.0]",[[0]],[[1]],[[2]],"(0, 12)","(12, 21)","(12, 21)",{},{},{},"['A', 'B']",[],[],0,0,3,5,4,5,A,,,,,,,A,,,,,"{'rtype': 'select-node', 'rtimedn': 35.669, 'rtimeup': 35.669}",,,,,,,"{'rtype': 'select-node', 'rtimedn': 251.785, 'rtimeup': 251.785}",,,,
,,26,4,25,1733269257,BDG-234-2525,TREE-1.2-0.0-0.0,"['b9cad2fe-91ea-4850-9eba-4e5012f57013', 'ed9b60ed-b3a8-44ac-a0ca-fca1d3647529']","['participant', 'participant']","['star-six', 'circle']","['hsla(291, 82%, 51%, 1.0)', 'hsla(137, 55%, 54%, 1.0)']","[[1.0, 0.035269709543568464], [0.035269709543568464, 1.0]]","{0: '', 1: 'A', 2: 'B'}",,2,after,"[True, True]","{'max': 21, 'min': 21, 'avg': 21.0, 'root': 12}","[-10, -10]","[116, 139]",sequential,chance,chance,"[1.0, 1.0]","[0.5, 1.0]","[0.5, 1.0]","[0.5, 1.0]","[0.625, 0.0]","[0.375, 0.0]",[[0]],[[1]],[[2]],"(0, 12)","(12, 21)","(12, 21)",{},{},{},"['A', 'B']",[],[],0,0,2,5,2,5,B,,,,,,,B,,,,,"{'rtype': 'select-node', 'rtimedn': 133.281, 'rtimeup': 133.281}",,,,,,,"{'rtype': 'select-node', 'rtimedn': 71.544, 'rtimeup': 71.544}",,,,
,,27,0,25,1733269272,BDG-055-1321,TREE-1.2-0.0-0.0,"['c8fd32a8-bd36-4574-9359-072a968da39f', 'ef055cb1-489a-4c91-bf6d-d2b339e93b4a']","['participant', 'participant']","['lemon', 'dent-square']","['hsla(287, 74%, 48%, 1.0)', 'hsla(236, 100%, 59%, 1.0)']","[[1.0, 0.07344398340248963], [0.07344398340248963, 1.0]]","{0: '', 1: 'A', 2: 'B'}",,2,after,"[True, True]","{'max': 21, 'min': 21, 'avg': 21.0, 'root': 12}","[-10, -10]","[133, 140]",sequential,chance,chance,"[1.0, 1.0]","[0.5, 1.0]","[0.5, 1.0]","[0.5, 1.0]","[0.375, 0.0]","[0.625, 0.0]",[[0]],[[1]],[[2]],"(0, 12)","(12, 21)","(12, 21)",{},{},{},"['A', 'B']",[],[],0,0,1,3,2,1,B,,,,,,,B,,,,,"{'rtype': 'select-node', 'rtimedn': 72.398, 'rtimeup': 72.398}",,,,,,,"{'rtype': 'select-node', 'rtimedn': 71.881, 'rtimeup': 71.881}",,,,
,,27,1,25,1733269276,BDG-533-5224,TREE-1.2-0.0-0.0,"['75443486-7234-4f3b-8f58-7b096a872d36', '0777b594-b926-41c0-a957-8bc1466938d6']","['participant', 'participant']","['dodecagon', 'teardrop']","['hsla(97, 75%, 39%, 1.0)', 'hsla(92, 85%, 62%, 1.0)']","[[1.0, 0.0979253112033195], [0.0979253112033195, 1.0]]","{0: '', 1: 'A', 2: 'B'}",,1,after,"[True, True]","{'max': 21, 'min': 21, 'avg': 21.0, 'root': 12}","[-10, -10]","[135, 67]",sequential,chance,chance,"[1.0, 1.0]","[0.5, 1.0]","[0.5, 1.0]","[0.5, 1.0]","[0.625, 0.0]","[0.375, 0.0]",[[0]],[[1]],[[2]],"(0, 12)","(12, 21)","(12, 21)",{},{},{},"['A', 'B']",[],[],0,0,5,2,2,4,A,,,,,,,A,,,,,"{'rtype': 'select-node', 'rtimedn': 72.105, 'rtimeup': 72.105}",,,,,,,"{'rtype': 'select-node', 'rtimedn': 72.704, 'rtimeup': 72.704}",,,,
,,27,2,25,1733269271,BDG-141-2142,TREE-1.2-0.0-0.0,"['f3a21fc8-4369-4542-8598-2292ed9be343', '77c58d68-8844-4481-8b54-aaaa442736eb']","['participant', 'participant']","['jagged-sun', 'arrow-head']","['hsla(236, 95%, 65%, 1.0)', 'hsla(321, 93%, 47%, 1.0)']","[[1.0, 0.22074688796680497], [0.22074688796680497, 1.0]]","{0: '', 1: 'A', 2: 'B'}",,2,after,"[True, True]","{'max': 21, 'min': 21, 'avg': 21.0, 'root': 12}","[-10, -10]","[137, 127]",sequential,chance,chance,"[1.0, 1.0]","[0.5, 1.0]","[0.5, 1.0]","[0.5, 1.0]","[0.625, 0.0]","[0.375, 0.0]",[[0]],[[1]],[[2]],"(0, 12)","(12, 21)","(12, 21)",{},{},{},"['A', 'B']",[],[],0,0,2,1,4,2,B,,,,,,,B,,,,,"{'rtype': 'select-node', 'rtimedn': 37.079, 'rtimeup': 37.079}",,,,,,,"{'rtype': 'select-node', 'rtimedn': 71.891, 'rtimeup': 71.891}",,,,
,,27,3,25,1733269274,BDG-345-3451,TREE-1.2-0.0-0.0,"['ed9b60ed-b3a8-44ac-a0ca-fca1d3647529', '8e19ce2e-c87f-48f0-8bfc-7683d9b2e4dd']","['participant', 'participant']","['circle', 'ghost']","['hsla(137, 55%, 54%, 1.0)', 'hsla(85, 94%, 40%, 1.0)']","[[1.0, 0.0979253112033195], [0.0979253112033195, 1.0]]","{0: '', 1: 'A', 2: 'B'}",,2,after,"[True, True]","{'max': 21, 'min': 21, 'avg': 21.0, 'root': 12}","[-10, -10]","[139, 120]",sequential,chance,chance,"[1.0, 1.0]","[0.5, 1.0]","[0.5, 1.0]","[0.5, 1.0]","[0.625, 0.0]","[0.375, 0.0]",[[0]],[[1]],[[2]],"(0, 12)","(12, 21)","(12, 21)",{},{},{},"['A', 'B']",[],[],0,0,3,4,5,1,B,,,,,,,A,,,,,"{'rtype': 'select-node', 'rtimedn': 73.005, 'rtimeup': 73.005}",,,,,,,"{'rtype': 'select-node', 'rtimedn': 253.388, 'rtimeup': 253.388}",,,,
,,27,4,25,1733269276,BDG-447-4353,TREE-1.2-0.0-0.0,"['5f76705c-6173-4df7-a873-dc0c321186d2', 'b9cad2fe-91ea-4850-9eba-4e5012f57013']","['participant', 'participant']","['hexagon', 'star-six']","['hsla(70, 54%, 51%, 1.0)', 'hsla(291, 82%, 51%, 1.0)']","[[1.0, 0.22074688796680497], [0.22074688796680497, 1.0]]","{0: '', 1: 'A', 2: 'B'}",,2,after,"[True, True]","{'max': 21, 'min': 21, 'avg': 21.0, 'root': 12}","[-10, -10]","[130, 116]",sequential,chance,chance,"[1.0, 1.0]","[0.5, 1.0]","[0.5, 1.0]","[0.5, 1.0]","[0.625, 0.0]","[0.375, 0.0]",[[0]],[[1]],[[2]],"(0, 12)","(12, 21)","(12, 21)",{},{},{},"['A', 'B']",[],[],0,0,4,3,5,3,B,,,,,,,B,,,,,"{'rtype': 'select-node', 'rtimedn': 72.695, 'rtimeup': 72.695}",,,,,,,"{'rtype': 'select-node', 'rtimedn': 134.756, 'rtimeup': 134.756}",,,,
,,28,0,25,1733269285,BDG-251-3112,TREE-1.2-0.0-0.0,"['ef055cb1-489a-4c91-bf6d-d2b339e93b4a', '77c58d68-8844-4481-8b54-aaaa442736eb']","['participant', 'participant']","['dent-square', 'arrow-head']","['hsla(236, 100%, 59%, 1.0)', 'hsla(321, 93%, 47%, 1.0)']","[[1.0, 0.0979253112033195], [0.0979253112033195, 1.0]]","{0: '', 1: 'A', 2: 'B'}",,1,after,"[True, True]","{'max': 21, 'min': 21, 'avg': 21.0, 'root': 12}","[-10, -10]","[140, 127]",sequential,chance,chance,"[1.0, 1.0]","[0.5, 1.0]","[0.5, 1.0]","[0.5, 1.0]","[0.625, 0.0]","[0.375, 0.0]",[[0]],[[1]],[[2]],"(0, 12)","(12, 21)","(12, 21)",{},{},{},"['A', 'B']",[],[],0,0,3,1,1,2,A,,,,,,,A,,,,,"{'rtype': 'select-node', 'rtimedn': 73.146, 'rtimeup': 73.146}",,,,,,,"{'rtype': 'select-node', 'rtimedn': 73.249, 'rtimeup': 73.249}",,,,
,,28,1,25,1733269285,BDG-378-4114,TREE-1.2-0.0-0.0,"['c8fd32a8-bd36-4574-9359-072a968da39f', 'b9cad2fe-91ea-4850-9eba-4e5012f57013']","['participant', 'participant']","['lemon', 'star-six']","['hsla(287, 74%, 48%, 1.0)', 'hsla(291, 82%, 51%, 1.0)']","[[1.0, 0.0979253112033195], [0.0979253112033195, 1.0]]","{0: '', 1: 'A', 2: 'B'}",,1,after,"[True, True]","{'max': 21, 'min': 21, 'avg': 21.0, 'root': 12}","[-10, -10]","[133, 116]",sequential,chance,chance,"[1.0, 1.0]","[0.5, 1.0]","[0.5, 1.0]","[0.5, 1.0]","[0.375, 0.0]","[0.625, 0.0]",[[0]],[[1]],[[2]],"(0, 12)","(12, 21)","(12, 21)",{},{},{},"['A', 'B']",[],[],0,0,4,1,1,4,A,,,,,,,A,,,,,"{'rtype': 'select-node', 'rtimedn': 73.637, 'rtimeup': 73.637}",,,,,,,"{'rtype': 'select-node', 'rtimedn': 136.061, 'rtimeup': 136.061}",,,,
,,28,2,25,1733269289,BDG-062-1333,TREE-1.2-0.0-0.0,"['75443486-7234-4f3b-8f58-7b096a872d36', '5f76705c-6173-4df7-a873-dc0c321186d2']","['participant', 'participant']","['dodecagon', 'hexagon']","['hsla(97, 75%, 39%, 1.0)', 'hsla(70, 54%, 51%, 1.0)']","[[1.0, 0.035269709543568464], [0.035269709543568464, 1.0]]","{0: '', 1: 'A', 2: 'B'}",,2,after,"[True, True]","{'max': 21, 'min': 21, 'avg': 21.0, 'root': 12}","[-10, -10]","[135, 130]",sequential,chance,chance,"[1.0, 1.0]","[0.5, 1.0]","[0.5, 1.0]","[0.5, 1.0]","[0.375, 0.0]","[0.625, 0.0]",[[0]],[[1]],[[2]],"(0, 12)","(12, 21)","(12, 21)",{},{},{},"['A', 'B']",[],[],0,0,1,3,3,3,B,,,,,,,A,,,,,"{'rtype': 'select-node', 'rtimedn': 73.54, 'rtimeup': 73.54}",,,,,,,"{'rtype': 'select-node', 'rtimedn': 73.974, 'rtimeup': 73.974}",,,,
,,28,3,25,1733269286,BDG-051-1312,TREE-1.2-0.0-0.0,"['8e19ce2e-c87f-48f0-8bfc-7683d9b2e4dd', 'f3a21fc8-4369-4542-8598-2292ed9be343']","['participant', 'participant']","['ghost', 'jagged-sun']","['hsla(85, 94%, 40%, 1.0)', 'hsla(236, 95%, 65%, 1.0)']","[[1.0, 0.35850622406639004], [0.35850622406639004, 1.0]]","{0: '', 1: 'A', 2: 'B'}",,2,after,"[True, True]","{'max': 21, 'min': 21, 'avg': 21.0, 'root': 12}","[-10, -10]","[120, 137]",sequential,chance,chance,"[1.0, 1.0]","[0.5, 1.0]","[0.5, 1.0]","[0.5, 1.0]","[0.375, 0.0]","[0.625, 0.0]",[[0]],[[1]],[[2]],"(0, 12)","(12, 21)","(12, 21)",{},{},{},"['A', 'B']",[],[],0,0,1,3,1,2,B,,,,,,,B,,,,,"{'rtype': 'select-node', 'rtimedn': 254.579, 'rtimeup': 254.579}",,,,,,,"{'rtype': 'select-node', 'rtimedn': 38.586, 'rtimeup': 38.586}",,,,
,,28,4,25,1733269290,BDG-013-1134,TREE-1.2-0.0-0.0,"['0777b594-b926-41c0-a957-8bc1466938d6', 'ed9b60ed-b3a8-44ac-a0ca-fca1d3647529']","['participant', 'participant']","['teardrop', 'circle']","['hsla(92, 85%, 62%, 1.0)', 'hsla(137, 55%, 54%, 1.0)']","[[1.0, 0.031950207468879666], [0.031950207468879666, 1.0]]","{0: '', 1: 'A', 2: 'B'}",,2,after,"[True, True]","{'max': 21, 'min': 21, 'avg': 21.0, 'root': 12}","[-10, -10]","[67, 139]",sequential,chance,chance,"[1.0, 1.0]","[0.5, 1.0]","[0.5, 1.0]","[0.5, 1.0]","[0.625, 0.0]","[0.375, 0.0]",[[0]],[[1]],[[2]],"(0, 12)","(12, 21)","(12, 21)",{},{},{},"['A', 'B']",[],[],0,0,1,1,3,4,B,,,,,,,B,,,,,"{'rtype': 'select-node', 'rtimedn': 74.173, 'rtimeup': 74.173}",,,,,,,"{'rtype': 'select-node', 'rtimedn': 74.273, 'rtimeup': 74.273}",,,,
,,29,0,25,1733269303,BDG-038-1234,TREE-1.2-0.0-0.0,"['c8fd32a8-bd36-4574-9359-072a968da39f', '75443486-7234-4f3b-8f58-7b096a872d36']","['participant', 'participant']","['lemon', 'dodecagon']","['hsla(287, 74%, 48%, 1.0)', 'hsla(97, 75%, 39%, 1.0)']","[[1.0, 0.35850622406639004], [0.35850622406639004, 1.0]]","{0: '', 1: 'A', 2: 'B'}",,2,after,"[True, True]","{'max': 21, 'min': 21, 'avg': 21.0, 'root': 12}","[-10, -10]","[133, 135]",sequential,chance,chance,"[1.0, 1.0]","[0.5, 1.0]","[0.5, 1.0]","[0.5, 1.0]","[0.625, 0.0]","[0.375, 0.0]",[[0]],[[1]],[[2]],"(0, 12)","(12, 21)","(12, 21)",{},{},{},"['A', 'B']",[],[],0,0,1,2,3,4,B,,,,,,,B,,,,,"{'rtype': 'select-node', 'rtimedn': 74.981, 'rtimeup': 74.981}",,,,,,,"{'rtype': 'select-node', 'rtimedn': 75.173, 'rtimeup': 75.173}",,,,
,,29,1,25,1733269304,BDG-490-4541,TREE-1.2-0.0-0.0,"['f3a21fc8-4369-4542-8598-2292ed9be343', '77c58d68-8844-4481-8b54-aaaa442736eb']","['participant', 'participant']","['jagged-sun', 'arrow-head']","['hsla(236, 95%, 65%, 1.0)', 'hsla(321, 93%, 47%, 1.0)']","[[1.0, 0.22074688796680497], [0.22074688796680497, 1.0]]","{0: '', 1: 'A', 2: 'B'}",,2,after,"[True, True]","{'max': 21, 'min': 21, 'avg': 21.0, 'root': 12}","[-10, -10]","[137, 127]",sequential,chance,chance,"[1.0, 1.0]","[0.5, 1.0]","[0.5, 1.0]","[0.5, 1.0]","[0.625, 0.0]","[0.375, 0.0]",[[0]],[[1]],[[2]],"(0, 12)","(12, 21)","(12, 21)",{},{},{},"['A', 'B']",[],[],0,0,4,5,4,1,B,,,,,,,A,,,,,"{'rtype': 'select-node', 'rtimedn': 40.448, 'rtimeup': 40.448}",,,,,,,"{'rtype': 'select-node', 'rtimedn': 74.706, 'rtimeup': 74.706}",,,,
,,29,2,25,1733269300,BDG-579-5415,TREE-1.2-0.0-0.0,"['0777b594-b926-41c0-a957-8bc1466938d6', 'ef055cb1-489a-4c91-bf6d-d2b339e93b4a']","['participant', 'participant']","['teardrop', 'dent-square']","['hsla(92, 85%, 62%, 1.0)', 'hsla(236, 100%, 59%, 1.0)']","[[1.0, 0.35850622406639004], [0.35850622406639004, 1.0]]","{0: '', 1: 'A', 2: 'B'}",,1,after,"[True, True]","{'max': 21, 'min': 21, 'avg': 21.0, 'root': 12}","[-10, -10]","[67, 140]",sequential,chance,chance,"[1.0, 1.0]","[0.5, 1.0]","[0.5, 1.0]","[0.5, 1.0]","[0.375, 0.0]","[0.625, 0.0]",[[0]],[[1]],[[2]],"(0, 12)","(12, 21)","(12, 21)",{},{},{},"['A', 'B']",[],[],0,0,5,4,1,5,A,,,,,,,A,,,,,"{'rtype': 'select-node', 'rtimedn': 74.919, 'rtimeup': 74.919}",,,,,,,"{'rtype': 'select-node', 'rtimedn': 74.774, 'rtimeup': 74.774}",,,,
,,29,3,25,1733269299,BDG-019-1145,TREE-1.2-0.0-0.0,"['5f76705c-6173-4df7-a873-dc0c321186d2', 'b9cad2fe-91ea-4850-9eba-4e5012f57013']","['participant', 'participant']","['hexagon', 'star-six']","['hsla(70, 54%, 51%, 1.0)', 'hsla(291, 82%, 51%, 1.0)']","[[1.0, 0.22074688796680497], [0.22074688796680497, 1.0]]","{0: '', 1: 'A', 2: 'B'}",,2,after,"[True, True]","{'max': 21, 'min': 21, 'avg': 21.0, 'root': 12}","[-10, -10]","[130, 116]",sequential,chance,chance,"[1.0, 1.0]","[0.5, 1.0]","[0.5, 1.0]","[0.5, 1.0]","[0.375, 0.0]","[0.625, 0.0]",[[0]],[[1]],[[2]],"(0, 12)","(12, 21)","(12, 21)",{},{},{},"['A', 'B']",[],[],0,0,1,1,4,5,B,,,,,,,B,,,,,"{'rtype': 'select-node', 'rtimedn': 75.002, 'rtimeup': 75.002}",,,,,,,"{'rtype': 'select-node', 'rtimedn': 137.444, 'rtimeup': 137.444}",,,,
,,29,4,25,1733269300,BDG-190-2341,TREE-1.2-0.0-0.0,"['8e19ce2e-c87f-48f0-8bfc-7683d9b2e4dd', 'ed9b60ed-b3a8-44ac-a0ca-fca1d3647529']","['participant', 'participant']","['ghost', 'circle']","['hsla(85, 94%, 40%, 1.0)', 'hsla(137, 55%, 54%, 1.0)']","[[1.0, 0.0979253112033195], [0.0979253112033195, 1.0]]","{0: '', 1: 'A', 2: 'B'}",,1,after,"[True, True]","{'max': 21, 'min': 21, 'avg': 21.0, 'root': 12}","[-10, -10]","[120, 139]",sequential,chance,chance,"[1.0, 1.0]","[0.5, 1.0]","[0.5, 1.0]","[0.5, 1.0]","[0.625, 0.0]","[0.375, 0.0]",[[0]],[[1]],[[2]],"(0, 12)","(12, 21)","(12, 21)",{},{},{},"['A', 'B']",[],[],0,0,2,3,4,1,A,,,,,,,B,,,,,"{'rtype': 'select-node', 'rtimedn': 255.851, 'rtimeup': 255.851}",,,,,,,"{'rtype': 'select-node', 'rtimedn': 75.825, 'rtimeup': 75.825}",,,,
,,30,0,25,1733269316,BDG-159-2225,TREE-1.2-0.0-0.0,"['75443486-7234-4f3b-8f58-7b096a872d36', 'f3a21fc8-4369-4542-8598-2292ed9be343']","['participant', 'participant']","['dodecagon', 'jagged-sun']","['hsla(97, 75%, 39%, 1.0)', 'hsla(236, 95%, 65%, 1.0)']","[[1.0, 0.08921161825726141], [0.08921161825726141, 1.0]]","{0: '', 1: 'A', 2: 'B'}",,2,after,"[True, True]","{'max': 21, 'min': 21, 'avg': 21.0, 'root': 12}","[-10, -10]","[135, 137]",sequential,chance,chance,"[1.0, 1.0]","[0.5, 1.0]","[0.5, 1.0]","[0.5, 1.0]","[0.625, 0.0]","[0.375, 0.0]",[[0]],[[1]],[[2]],"(0, 12)","(12, 21)","(12, 21)",{},{},{},"['A', 'B']",[],[],0,0,2,2,2,5,B,,,,,,,A,,,,,"{'rtype': 'select-node', 'rtimedn': 76.559, 'rtimeup': 76.559}",,,,,,,"{'rtype': 'select-node', 'rtimedn': 41.567, 'rtimeup': 41.567}",,,,
,,30,1,25,1733269312,BDG-451-4412,TREE-1.2-0.0-0.0,"['0777b594-b926-41c0-a957-8bc1466938d6', 'c8fd32a8-bd36-4574-9359-072a968da39f']","['participant', 'participant']","['teardrop', 'lemon']","['hsla(92, 85%, 62%, 1.0)', 'hsla(287, 74%, 48%, 1.0)']","[[1.0, 0.22074688796680497], [0.22074688796680497, 1.0]]","{0: '', 1: 'A', 2: 'B'}",,2,after,"[True, True]","{'max': 21, 'min': 21, 'avg': 21.0, 'root': 12}","[-10, -10]","[67, 133]",sequential,chance,chance,"[1.0, 1.0]","[0.5, 1.0]","[0.5, 1.0]","[0.5, 1.0]","[0.625, 0.0]","[0.375, 0.0]",[[0]],[[1]],[[2]],"(0, 12)","(12, 21)","(12, 21)",{},{},{},"['A', 'B']",[],[],0,0,4,4,1,2,B,,,,,,,A,,,,,"{'rtype': 'select-node', 'rtimedn': 76.226, 'rtimeup': 76.226}",,,,,,,"{'rtype': 'select-node', 'rtimedn': 76.368, 'rtimeup': 76.368}",,,,
,,30,2,25,1733269318,BDG-431-4322,TREE-1.2-0.0-0.0,"['b9cad2fe-91ea-4850-9eba-4e5012f57013', '77c58d68-8844-4481-8b54-aaaa442736eb']","['participant', 'participant']","['star-six', 'arrow-head']","['hsla(291, 82%, 51%, 1.0)', 'hsla(321, 93%, 47%, 1.0)']","[[1.0, 0.35850622406639004], [0.35850622406639004, 1.0]]","{0: '', 1: 'A', 2: 'B'}",,2,after,"[True, True]","{'max': 21, 'min': 21, 'avg': 21.0, 'root': 12}","[-10, -10]","[116, 127]",sequential,chance,chance,"[1.0, 1.0]","[0.5, 1.0]","[0.5, 1.0]","[0.5, 1.0]","[0.375, 0.0]","[0.625, 0.0]",[[0]],[[1]],[[2]],"(0, 12)","(12, 21)","(12, 21)",{},{},{},"['A', 'B']",[],[],0,0,4,3,2,2,B,,,,,,,A,,,,,"{'rtype': 'select-node', 'rtimedn': 138.818, 'rtimeup': 138.818}",,,,,,,"{'rtype': 'select-node', 'rtimedn': 76.574, 'rtimeup': 76.574}",,,,
,,30,3,25,1733269317,BDG-017-1143,TREE-1.2-0.0-0.0,"['5f76705c-6173-4df7-a873-dc0c321186d2', 'ed9b60ed-b3a8-44ac-a0ca-fca1d3647529']","['participant', 'participant']","['hexagon', 'circle']","['hsla(70, 54%, 51%, 1.0)', 'hsla(137, 55%, 54%, 1.0)']","[[1.0, 0.35850622406639004], [0.35850622406639004, 1.0]]","{0: '', 1: 'A', 2: 'B'}",,2,after,"[True, True]","{'max': 21, 'min': 21, 'avg': 21.0, 'root': 12}","[-10, -10]","[130, 139]",sequential,chance,chance,"[1.0, 1.0]","[0.5, 1.0]","[0.5, 1.0]","[0.5, 1.0]","[0.625, 0.0]","[0.375, 0.0]",[[0]],[[1]],[[2]],"(0, 12)","(12, 21)","(12, 21)",{},{},{},"['A', 'B']",[],[],0,0,1,1,4,3,B,,,,,,,B,,,,,"{'rtype': 'select-node', 'rtimedn': 76.818, 'rtimeup': 76.818}",,,,,,,"{'rtype': 'select-node', 'rtimedn': 77.07, 'rtimeup': 77.07}",,,,
,,30,4,25,1733269316,BDG-311-3332,TREE-1.2-0.0-0.0,"['ef055cb1-489a-4c91-bf6d-d2b339e93b4a', '8e19ce2e-c87f-48f0-8bfc-7683d9b2e4dd']","['participant', 'participant']","['dent-square', 'ghost']","['hsla(236, 100%, 59%, 1.0)', 'hsla(85, 94%, 40%, 1.0)']","[[1.0, 0.035269709543568464], [0.035269709543568464, 1.0]]","{0: '', 1: 'A', 2: 'B'}",,2,after,"[True, True]","{'max': 21, 'min': 21, 'avg': 21.0, 'root': 12}","[-10, -10]","[140, 120]",sequential,chance,chance,"[1.0, 1.0]","[0.5, 1.0]","[0.5, 1.0]","[0.5, 1.0]","[0.625, 0.0]","[0.375, 0.0]",[[0]],[[1]],[[2]],"(0, 12)","(12, 21)","(12, 21)",{},{},{},"['A', 'B']",[],[],0,0,3,3,3,2,B,,,,,,,A,,,,,"{'rtype': 'select-node', 'rtimedn': 76.302, 'rtimeup': 76.302}",,,,,,,"{'rtype': 'select-node', 'rtimedn': 257.226, 'rtimeup': 257.226}",,,,
,,31,0,25,1733269328,BDG-479-4515,TREE-1.2-0.0-0.0,"['b9cad2fe-91ea-4850-9eba-4e5012f57013', '75443486-7234-4f3b-8f58-7b096a872d36']","['participant', 'participant']","['star-six', 'dodecagon']","['hsla(291, 82%, 51%, 1.0)', 'hsla(97, 75%, 39%, 1.0)']","[[1.0, 0.031950207468879666], [0.031950207468879666, 1.0]]","{0: '', 1: 'A', 2: 'B'}",,1,after,"[True, True]","{'max': 21, 'min': 21, 'avg': 21.0, 'root': 12}","[-10, -10]","[116, 135]",sequential,chance,chance,"[1.0, 1.0]","[0.5, 1.0]","[0.5, 1.0]","[0.5, 1.0]","[0.625, 0.0]","[0.375, 0.0]",[[0]],[[1]],[[2]],"(0, 12)","(12, 21)","(12, 21)",{},{},{},"['A', 'B']",[],[],0,0,4,5,1,5,A,,,,,,,A,,,,,"{'rtype': 'select-node', 'rtimedn': 140.293, 'rtimeup': 140.293}",,,,,,,"{'rtype': 'select-node', 'rtimedn': 77.697, 'rtimeup': 77.697}",,,,
,,31,1,25,1733269329,BDG-254-3115,TREE-1.2-0.0-0.0,"['f3a21fc8-4369-4542-8598-2292ed9be343', '8e19ce2e-c87f-48f0-8bfc-7683d9b2e4dd']","['participant', 'participant']","['jagged-sun', 'ghost']","['hsla(236, 95%, 65%, 1.0)', 'hsla(85, 94%, 40%, 1.0)']","[[1.0, 0.35850622406639004], [0.35850622406639004, 1.0]]","{0: '', 1: 'A', 2: 'B'}",,1,after,"[True, True]","{'max': 21, 'min': 21, 'avg': 21.0, 'root': 12}","[-10, -10]","[137, 120]",sequential,chance,chance,"[1.0, 1.0]","[0.5, 1.0]","[0.5, 1.0]","[0.5, 1.0]","[0.375, 0.0]","[0.625, 0.0]",[[0]],[[1]],[[2]],"(0, 12)","(12, 21)","(12, 21)",{},{},{},"['A', 'B']",[],[],0,0,3,1,1,5,A,,,,,,,B,,,,,"{'rtype': 'select-node', 'rtimedn': 42.945, 'rtimeup': 42.945}",,,,,,,"{'rtype': 'select-node', 'rtimedn': 258.644, 'rtimeup': 258.644}",,,,
,,31,2,25,1733269327,BDG-583-5424,TREE-1.2-0.0-0.0,"['c8fd32a8-bd36-4574-9359-072a968da39f', '0777b594-b926-41c0-a957-8bc1466938d6']","['participant', 'participant']","['lemon', 'teardrop']","['hsla(287, 74%, 48%, 1.0)', 'hsla(92, 85%, 62%, 1.0)']","[[1.0, 0.22074688796680497], [0.22074688796680497, 1.0]]","{0: '', 1: 'A', 2: 'B'}",,1,after,"[True, True]","{'max': 21, 'min': 21, 'avg': 21.0, 'root': 12}","[-10, -10]","[133, 67]",sequential,chance,chance,"[1.0, 1.0]","[0.5, 1.0]","[0.5, 1.0]","[0.5, 1.0]","[0.375, 0.0]","[0.625, 0.0]",[[0]],[[1]],[[2]],"(0, 12)","(12, 21)","(12, 21)",{},{},{},"['A', 'B']",[],[],0,0,5,4,2,4,A,,,,,,,B,,,,,"{'rtype': 'select-node', 'rtimedn': 77.792, 'rtimeup': 77.792}",,,,,,,"{'rtype': 'select-node', 'rtimedn': 77.818, 'rtimeup': 77.818}",,,,
,,31,3,25,1733269327,BDG-520-5151,TREE-1.2-0.0-0.0,"['5f76705c-6173-4df7-a873-dc0c321186d2', '77c58d68-8844-4481-8b54-aaaa442736eb']","['participant', 'participant']","['hexagon', 'arrow-head']","['hsla(70, 54%, 51%, 1.0)', 'hsla(321, 93%, 47%, 1.0)']","[[1.0, 0.08921161825726141], [0.08921161825726141, 1.0]]","{0: '', 1: 'A', 2: 'B'}",,1,after,"[True, True]","{'max': 21, 'min': 21, 'avg': 21.0, 'root': 12}","[-10, -10]","[130, 127]",sequential,chance,chance,"[1.0, 1.0]","[0.5, 1.0]","[0.5, 1.0]","[0.5, 1.0]","[0.375, 0.0]","[0.625, 0.0]",[[0]],[[1]],[[2]],"(0, 12)","(12, 21)","(12, 21)",{},{},{},"['A', 'B']",[],[],0,0,5,1,5,1,A,,,,,,,B,,,,,"{'rtype': 'select-node', 'rtimedn': 77.828, 'rtimeup': 77.828}",,,,,,,"{'rtype': 'select-node', 'rtimedn': 77.425, 'rtimeup': 77.425}",,,,
,,31,4,25,1733269329,BDG-461-4432,TREE-1.2-0.0-0.0,"['ed9b60ed-b3a8-44ac-a0ca-fca1d3647529', 'ef055cb1-489a-4c91-bf6d-d2b339e93b4a']","['participant', 'participant']","['circle', 'dent-square']","['hsla(137, 55%, 54%, 1.0)', 'hsla(236, 100%, 59%, 1.0)']","[[1.0, 0.22074688796680497], [0.22074688796680497, 1.0]]","{0: '', 1: 'A', 2: 'B'}",,1,after,"[True, True]","{'max': 21, 'min': 21, 'avg': 21.0, 'root': 12}","[-10, -10]","[139, 140]",sequential,chance,chance,"[1.0, 1.0]","[0.5, 1.0]","[0.5, 1.0]","[0.5, 1.0]","[0.375, 0.0]","[0.625, 0.0]",[[0]],[[1]],[[2]],"(0, 12)","(12, 21)","(12, 21)",{},{},{},"['A', 'B']",[],[],0,0,4,4,3,2,A,,,,,,,A,,,,,"{'rtype': 'select-node', 'rtimedn': 78.444, 'rtimeup': 78.444}",,,,,,,"{'rtype': 'select-node', 'rtimedn': 77.631, 'rtimeup': 77.631}",,,,
,,32,0,25,1733269337,BDG-141-2142,TREE-1.2-0.0-0.0,"['77c58d68-8844-4481-8b54-aaaa442736eb', 'c8fd32a8-bd36-4574-9359-072a968da39f']","['participant', 'participant']","['arrow-head', 'lemon']","['hsla(321, 93%, 47%, 1.0)', 'hsla(287, 74%, 48%, 1.0)']","[[1.0, 0.08713692946058091], [0.08713692946058091, 1.0]]","{0: '', 1: 'A', 2: 'B'}",,2,after,"[True, True]","{'max': 21, 'min': 21, 'avg': 21.0, 'root': 12}","[-10, -10]","[127, 133]",sequential,chance,chance,"[1.0, 1.0]","[0.5, 1.0]","[0.5, 1.0]","[0.5, 1.0]","[0.625, 0.0]","[0.375, 0.0]",[[0]],[[1]],[[2]],"(0, 12)","(12, 21)","(12, 21)",{},{},{},"['A', 'B']",[],[],0,0,2,1,4,2,B,,,,,,,B,,,,,"{'rtype': 'select-node', 'rtimedn': 78.435, 'rtimeup': 78.435}",,,,,,,"{'rtype': 'select-node', 'rtimedn': 78.934, 'rtimeup': 78.934}",,,,
,,32,1,25,1733269341,BDG-257-3123,TREE-1.2-0.0-0.0,"['ef055cb1-489a-4c91-bf6d-d2b339e93b4a', '0777b594-b926-41c0-a957-8bc1466938d6']","['participant', 'participant']","['dent-square', 'teardrop']","['hsla(236, 100%, 59%, 1.0)', 'hsla(92, 85%, 62%, 1.0)']","[[1.0, 0.35850622406639004], [0.35850622406639004, 1.0]]","{0: '', 1: 'A', 2: 'B'}",,1,after,"[True, True]","{'max': 21, 'min': 21, 'avg': 21.0, 'root': 12}","[-10, -10]","[140, 67]",sequential,chance,chance,"[1.0, 1.0]","[0.5, 1.0]","[0.5, 1.0]","[0.5, 1.0]","[0.625, 0.0]","[0.375, 0.0]",[[0]],[[1]],[[2]],"(0, 12)","(12, 21)","(12, 21)",{},{},{},"['A', 'B']",[],[],0,0,3,1,2,3,A,,,,,,,B,,,,,"{'rtype': 'select-node', 'rtimedn': 78.478, 'rtimeup': 78.478}",,,,,,,"{'rtype': 'select-node', 'rtimedn': 79.229, 'rtimeup': 79.229}",,,,
,,32,2,25,1733269340,BDG-547-5253,TREE-1.2-0.0-0.0,"['ed9b60ed-b3a8-44ac-a0ca-fca1d3647529', 'f3a21fc8-4369-4542-8598-2292ed9be343']","['participant', 'participant']","['circle', 'jagged-sun']","['hsla(137, 55%, 54%, 1.0)', 'hsla(236, 95%, 65%, 1.0)']","[[1.0, 0.07344398340248963], [0.07344398340248963, 1.0]]","{0: '', 1: 'A', 2: 'B'}",,1,after,"[True, True]","{'max': 21, 'min': 21, 'avg': 21.0, 'root': 12}","[-10, -10]","[139, 137]",sequential,chance,chance,"[1.0, 1.0]","[0.5, 1.0]","[0.5, 1.0]","[0.5, 1.0]","[0.375, 0.0]","[0.625, 0.0]",[[0]],[[1]],[[2]],"(0, 12)","(12, 21)","(12, 21)",{},{},{},"['A', 'B']",[],[],0,0,5,2,5,3,A,,,,,,,B,,,,,"{'rtype': 'select-node', 'rtimedn': 79.633, 'rtimeup': 79.633}",,,,,,,"{'rtype': 'select-node', 'rtimedn': 44.02, 'rtimeup': 44.02}",,,,
,,32,3,25,1733269337,BDG-165-2241,TREE-1.2-0.0-0.0,"['8e19ce2e-c87f-48f0-8bfc-7683d9b2e4dd', 'b9cad2fe-91ea-4850-9eba-4e5012f57013']","['participant', 'participant']","['ghost', 'star-six']","['hsla(85, 94%, 40%, 1.0)', 'hsla(291, 82%, 51%, 1.0)']","[[1.0, 0.08713692946058091], [0.08713692946058091, 1.0]]","{0: '', 1: 'A', 2: 'B'}",,2,after,"[True, True]","{'max': 21, 'min': 21, 'avg': 21.0, 'root': 12}","[-10, -10]","[120, 116]",sequential,chance,chance,"[1.0, 1.0]","[0.5, 1.0]","[0.5, 1.0]","[0.5, 1.0]","[0.625, 0.0]","[0.375, 0.0]",[[0]],[[1]],[[2]],"(0, 12)","(12, 21)","(12, 21)",{},{},{},"['A', 'B']",[],[],0,0,2,2,4,1,B,,,,,,,B,,,,,"{'rtype': 'select-node', 'rtimedn': 259.767, 'rtimeup': 259.767}",,,,,,,"{'rtype': 'select-node', 'rtimedn': 141.276, 'rtimeup': 141.276}",,,,
,,32,4,25,1733269342,BDG-537-5233,TREE-1.2-0.0-0.0,"['75443486-7234-4f3b-8f58-7b096a872d36', '5f76705c-6173-4df7-a873-dc0c321186d2']","['participant', 'participant']","['dodecagon', 'hexagon']","['hsla(97, 75%, 39%, 1.0)', 'hsla(70, 54%, 51%, 1.0)']","[[1.0, 0.035269709543568464], [0.035269709543568464, 1.0]]","{0: '', 1: 'A', 2: 'B'}",,1,after,"[True, True]","{'max': 21, 'min': 21, 'avg': 21.0, 'root': 12}","[-10, -10]","[135, 130]",sequential,chance,chance,"[1.0, 1.0]","[0.5, 1.0]","[0.5, 1.0]","[0.5, 1.0]","[0.625, 0.0]","[0.375, 0.0]",[[0]],[[1]],[[2]],"(0, 12)","(12, 21)","(12, 21)",{},{},{},"['A', 'B']",[],[],0,0,5,2,3,3,A,,,,,,,B,,,,,"{'rtype': 'select-node', 'rtimedn': 78.747, 'rtimeup': 78.747}",,,,,,,"{'rtype': 'select-node', 'rtimedn': 79.349, 'rtimeup': 79.349}",,,,
,,33,0,25,1733269351,BDG-087-1433,TREE-1.2-0.0-0.0,"['c8fd32a8-bd36-4574-9359-072a968da39f', '77c58d68-8844-4481-8b54-aaaa442736eb']","['participant', 'participant']","['lemon', 'arrow-head']","['hsla(287, 74%, 48%, 1.0)', 'hsla(321, 93%, 47%, 1.0)']","[[1.0, 0.08713692946058091], [0.08713692946058091, 1.0]]","{0: '', 1: 'A', 2: 'B'}",,2,after,"[True, True]","{'max': 21, 'min': 21, 'avg': 21.0, 'root': 12}","[-10, -10]","[133, 127]",sequential,chance,chance,"[1.0, 1.0]","[0.5, 1.0]","[0.5, 1.0]","[0.5, 1.0]","[0.375, 0.0]","[0.625, 0.0]",[[0]],[[1]],[[2]],"(0, 12)","(12, 21)","(12, 21)",{},{},{},"['A', 'B']",[],[],0,0,1,4,3,3,B,,,,,,,B,,,,,"{'rtype': 'select-node', 'rtimedn': 80.259, 'rtimeup': 80.259}",,,,,,,"{'rtype': 'select-node', 'rtimedn': 79.896, 'rtimeup': 79.896}",,,,
,,33,1,25,1733269353,BDG-215-2441,TREE-1.2-0.0-0.0,"['ef055cb1-489a-4c91-bf6d-d2b339e93b4a', '0777b594-b926-41c0-a957-8bc1466938d6']","['participant', 'participant']","['dent-square', 'teardrop']","['hsla(236, 100%, 59%, 1.0)', 'hsla(92, 85%, 62%, 1.0)']","[[1.0, 0.35850622406639004], [0.35850622406639004, 1.0]]","{0: '', 1: 'A', 2: 'B'}",,2,after,"[True, True]","{'max': 21, 'min': 21, 'avg': 21.0, 'root': 12}","[-10, -10]","[140, 67]",sequential,chance,chance,"[1.0, 1.0]","[0.5, 1.0]","[0.5, 1.0]","[0.5, 1.0]","[0.625, 0.0]","[0.375, 0.0]",[[0]],[[1]],[[2]],"(0, 12)","(12, 21)","(12, 21)",{},{},{},"['A', 'B']",[],[],0,0,2,4,4,1,B,,,,,,,A,,,,,"{'rtype': 'select-node', 'rtimedn': 80.004, 'rtimeup': 80.004}",,,,,,,"{'rtype': 'select-node', 'rtimedn': 80.377, 'rtimeup': 80.377}",,,,
,,33,2,25,1733269352,BDG-223-2454,TREE-1.2-0.0-0.0,"['f3a21fc8-4369-4542-8598-2292ed9be343', '8e19ce2e-c87f-48f0-8bfc-7683d9b2e4dd']","['participant', 'participant']","['jagged-sun', 'ghost']","['hsla(236, 95%, 65%, 1.0)', 'hsla(85, 94%, 40%, 1.0)']","[[1.0, 0.35850622406639004], [0.35850622406639004, 1.0]]","{0: '', 1: 'A', 2: 'B'}",,1,after,"[True, True]","{'max': 21, 'min': 21, 'avg': 21.0, 'root': 12}","[-10, -10]","[137, 120]",sequential,chance,chance,"[1.0, 1.0]","[0.5, 1.0]","[0.5, 1.0]","[0.5, 1.0]","[0.375, 0.0]","[0.625, 0.0]",[[0]],[[1]],[[2]],"(0, 12)","(12, 21)","(12, 21)",{},{},{},"['A', 'B']",[],[],0,0,2,4,5,4,A,,,,,,,B,,,,,"{'rtype': 'select-node', 'rtimedn': 44.999, 'rtimeup': 44.999}",,,,,,,"{'rtype': 'select-node', 'rtimedn': 261.181, 'rtimeup': 261.181}",,,,
,,33,3,25,1733269351,BDG-449-4355,TREE-1.2-0.0-0.0,"['5f76705c-6173-4df7-a873-dc0c321186d2', 'ed9b60ed-b3a8-44ac-a0ca-fca1d3647529']","['participant', 'participant']","['hexagon', 'circle']","['hsla(70, 54%, 51%, 1.0)', 'hsla(137, 55%, 54%, 1.0)']","[[1.0, 0.35850622406639004], [0.35850622406639004, 1.0]]","{0: '', 1: 'A', 2: 'B'}",,2,after,"[True, True]","{'max': 21, 'min': 21, 'avg': 21.0, 'root': 12}","[-10, -10]","[130, 139]",sequential,chance,chance,"[1.0, 1.0]","[0.5, 1.0]","[0.5, 1.0]","[0.5, 1.0]","[0.625, 0.0]","[0.375, 0.0]",[[0]],[[1]],[[2]],"(0, 12)","(12, 21)","(12, 21)",{},{},{},"['A', 'B']",[],[],0,0,4,3,5,5,B,,,,,,,B,,,,,"{'rtype': 'select-node', 'rtimedn': 80.233, 'rtimeup': 80.233}",,,,,,,"{'rtype': 'select-node', 'rtimedn': 80.963, 'rtimeup': 80.963}",,,,
,,33,4,25,1733269352,BDG-451-4412,TREE-1.2-0.0-0.0,"['b9cad2fe-91ea-4850-9eba-4e5012f57013', '75443486-7234-4f3b-8f58-7b096a872d36']","['participant', 'participant']","['star-six', 'dodecagon']","['hsla(291, 82%, 51%, 1.0)', 'hsla(97, 75%, 39%, 1.0)']","[[1.0, 0.031950207468879666], [0.031950207468879666, 1.0]]","{0: '', 1: 'A', 2: 'B'}",,1,after,"[True, True]","{'max': 21, 'min': 21, 'avg': 21.0, 'root': 12}","[-10, -10]","[116, 135]",sequential,chance,chance,"[1.0, 1.0]","[0.5, 1.0]","[0.5, 1.0]","[0.5, 1.0]","[0.625, 0.0]","[0.375, 0.0]",[[0]],[[1]],[[2]],"(0, 12)","(12, 21)","(12, 21)",{},{},{},"['A', 'B']",[],[],0,0,4,4,1,2,A,,,,,,,A,,,,,"{'rtype': 'select-node', 'rtimedn': 142.713, 'rtimeup': 142.713}",,,,,,,"{'rtype': 'select-node', 'rtimedn': 80.069, 'rtimeup': 80.069}",,,,
,,34,0,25,1733269366,BDG-368-3544,TREE-1.2-0.0-0.0,"['0777b594-b926-41c0-a957-8bc1466938d6', 'ef055cb1-489a-4c91-bf6d-d2b339e93b4a']","['participant', 'participant']","['teardrop', 'dent-square']","['hsla(92, 85%, 62%, 1.0)', 'hsla(236, 100%, 59%, 1.0)']","[[1.0, 0.35850622406639004], [0.35850622406639004, 1.0]]","{0: '', 1: 'A', 2: 'B'}",,1,after,"[True, True]","{'max': 21, 'min': 21, 'avg': 21.0, 'root': 12}","[-10, -10]","[67, 140]",sequential,chance,chance,"[1.0, 1.0]","[0.5, 1.0]","[0.5, 1.0]","[0.5, 1.0]","[0.625, 0.0]","[0.375, 0.0]",[[0]],[[1]],[[2]],"(0, 12)","(12, 21)","(12, 21)",{},{},{},"['A', 'B']",[],[],0,0,3,5,4,4,A,,,,,,,B,,,,,"{'rtype': 'select-node', 'rtimedn': 81.718, 'rtimeup': 81.718}",,,,,,,"{'rtype': 'select-node', 'rtimedn': 80.927, 'rtimeup': 80.927}",,,,
,,34,1,25,1733269361,BDG-451-4412,TREE-1.2-0.0-0.0,"['f3a21fc8-4369-4542-8598-2292ed9be343', '77c58d68-8844-4481-8b54-aaaa442736eb']","['participant', 'participant']","['jagged-sun', 'arrow-head']","['hsla(236, 95%, 65%, 1.0)', 'hsla(321, 93%, 47%, 1.0)']","[[1.0, 0.22074688796680497], [0.22074688796680497, 1.0]]","{0: '', 1: 'A', 2: 'B'}",,1,after,"[True, True]","{'max': 21, 'min': 21, 'avg': 21.0, 'root': 12}","[-10, -10]","[137, 127]",sequential,chance,chance,"[1.0, 1.0]","[0.5, 1.0]","[0.5, 1.0]","[0.5, 1.0]","[0.625, 0.0]","[0.375, 0.0]",[[0]],[[1]],[[2]],"(0, 12)","(12, 21)","(12, 21)",{},{},{},"['A', 'B']",[],[],0,0,4,4,1,2,A,,,,,,,A,,,,,"{'rtype': 'select-node', 'rtimedn': 46.069, 'rtimeup': 46.069}",,,,,,,"{'rtype': 'select-node', 'rtimedn': 80.842, 'rtimeup': 80.842}",,,,
,,34,2,25,1733269361,BDG-422-4253,TREE-1.2-0.0-0.0,"['b9cad2fe-91ea-4850-9eba-4e5012f57013', 'ed9b60ed-b3a8-44ac-a0ca-fca1d3647529']","['participant', 'participant']","['star-six', 'circle']","['hsla(291, 82%, 51%, 1.0)', 'hsla(137, 55%, 54%, 1.0)']","[[1.0, 0.035269709543568464], [0.035269709543568464, 1.0]]","{0: '', 1: 'A', 2: 'B'}",,2,after,"[True, True]","{'max': 21, 'min': 21, 'avg': 21.0, 'root': 12}","[-10, -10]","[116, 139]",sequential,chance,chance,"[1.0, 1.0]","[0.5, 1.0]","[0.5, 1.0]","[0.5, 1.0]","[0.625, 0.0]","[0.375, 0.0]",[[0]],[[1]],[[2]],"(0, 12)","(12, 21)","(12, 21)",{},{},{},"['A', 'B']",[],[],0,0,4,2,5,3,B,,,,,,,B,,,,,"{'rtype': 'select-node', 'rtimedn': 143.711, 'rtimeup': 143.711}",,,,,,,"{'rtype': 'select-node', 'rtimedn': 81.982, 'rtimeup': 81.982}",,,,
,,34,3,25,1733269361,BDG-612-5533,TREE-1.2-0.0-0.0,"['75443486-7234-4f3b-8f58-7b096a872d36', 'c8fd32a8-bd36-4574-9359-072a968da39f']","['participant', 'participant']","['dodecagon', 'lemon']","['hsla(97, 75%, 39%, 1.0)', 'hsla(287, 74%, 48%, 1.0)']","[[1.0, 0.35850622406639004], [0.35850622406639004, 1.0]]","{0: '', 1: 'A', 2: 'B'}",,1,after,"[True, True]","{'max': 21, 'min': 21, 'avg': 21.0, 'root': 12}","[-10, -10]","[135, 133]",sequential,chance,chance,"[1.0, 1.0]","[0.5, 1.0]","[0.5, 1.0]","[0.5, 1.0]","[0.375, 0.0]","[0.625, 0.0]",[[0]],[[1]],[[2]],"(0, 12)","(12, 21)","(12, 21)",{},{},{},"['A', 'B']",[],[],0,0,5,5,3,3,A,,,,,,,A,,,,,"{'rtype': 'select-node', 'rtimedn': 81.052, 'rtimeup': 81.052}",,,,,,,"{'rtype': 'select-node', 'rtimedn': 81.275, 'rtimeup': 81.275}",,,,
,,34,4,25,1733269361,BDG-310-3331,TREE-1.2-0.0-0.0,"['8e19ce2e-c87f-48f0-8bfc-7683d9b2e4dd', '5f76705c-6173-4df7-a873-dc0c321186d2']","['participant', 'participant']","['ghost', 'hexagon']","['hsla(85, 94%, 40%, 1.0)', 'hsla(70, 54%, 51%, 1.0)']","[[1.0, 0.07344398340248963], [0.07344398340248963, 1.0]]","{0: '', 1: 'A', 2: 'B'}",,1,after,"[True, True]","{'max': 21, 'min': 21, 'avg': 21.0, 'root': 12}","[-10, -10]","[120, 130]",sequential,chance,chance,"[1.0, 1.0]","[0.5, 1.0]","[0.5, 1.0]","[0.5, 1.0]","[0.625, 0.0]","[0.375, 0.0]",[[0]],[[1]],[[2]],"(0, 12)","(12, 21)","(12, 21)",{},{},{},"['A', 'B']",[],[],0,0,3,3,3,1,A,,,,,,,B,,,,,"{'rtype': 'select-node', 'rtimedn': 262.065, 'rtimeup': 262.065}",,,,,,,"{'rtype': 'select-node', 'rtimedn': 81.235, 'rtimeup': 81.235}",,,,
,,35,0,25,1733269379,BDG-172-2253,TREE-1.2-0.0-0.0,"['c8fd32a8-bd36-4574-9359-072a968da39f', 'ef055cb1-489a-4c91-bf6d-d2b339e93b4a']","['participant', 'participant']","['lemon', 'dent-square']","['hsla(287, 74%, 48%, 1.0)', 'hsla(236, 100%, 59%, 1.0)']","[[1.0, 0.07344398340248963], [0.07344398340248963, 1.0]]","{0: '', 1: 'A', 2: 'B'}",,2,after,"[True, True]","{'max': 21, 'min': 21, 'avg': 21.0, 'root': 12}","[-10, -10]","[133, 140]",sequential,chance,chance,"[1.0, 1.0]","[0.5, 1.0]","[0.5, 1.0]","[0.5, 1.0]","[0.375, 0.0]","[0.625, 0.0]",[[0]],[[1]],[[2]],"(0, 12)","(12, 21)","(12, 21)",{},{},{},"['A', 'B']",[],[],0,0,2,2,5,3,B,,,,,,,B,,,,,"{'rtype': 'select-node', 'rtimedn': 82.539, 'rtimeup': 82.539}",,,,,,,"{'rtype': 'select-node', 'rtimedn': 82.609, 'rtimeup': 82.609}",,,,
,,35,1,25,1733269375,BDG-591-5442,TREE-1.2-0.0-0.0,"['ed9b60ed-b3a8-44ac-a0ca-fca1d3647529', '5f76705c-6173-4df7-a873-dc0c321186d2']","['participant', 'participant']","['circle', 'hexagon']","['hsla(137, 55%, 54%, 1.0)', 'hsla(70, 54%, 51%, 1.0)']","[[1.0, 0.35850622406639004], [0.35850622406639004, 1.0]]","{0: '', 1: 'A', 2: 'B'}",,1,after,"[True, True]","{'max': 21, 'min': 21, 'avg': 21.0, 'root': 12}","[-10, -10]","[139, 130]",sequential,chance,chance,"[1.0, 1.0]","[0.5, 1.0]","[0.5, 1.0]","[0.5, 1.0]","[0.375, 0.0]","[0.625, 0.0]",[[0]],[[1]],[[2]],"(0, 12)","(12, 21)","(12, 21)",{},{},{},"['A', 'B']",[],[],0,0,5,4,4,2,A,,,,,,,A,,,,,"{'rtype': 'select-node', 'rtimedn': 83.191, 'rtimeup': 83.191}",,,,,,,"{'rtype': 'select-node', 'rtimedn': 82.643, 'rtimeup': 82.643}",,,,
,,35,2,25,1733269374,BDG-304-3315,TREE-1.2-0.0-0.0,"['f3a21fc8-4369-4542-8598-2292ed9be343', '0777b594-b926-41c0-a957-8bc1466938d6']","['participant', 'participant']","['jagged-sun', 'teardrop']","['hsla(236, 95%, 65%, 1.0)', 'hsla(92, 85%, 62%, 1.0)']","[[1.0, 0.08713692946058091], [0.08713692946058091, 1.0]]","{0: '', 1: 'A', 2: 'B'}",,2,after,"[True, True]","{'max': 21, 'min': 21, 'avg': 21.0, 'root': 12}","[-10, -10]","[137, 67]",sequential,chance,chance,"[1.0, 1.0]","[0.5, 1.0]","[0.5, 1.0]","[0.5, 1.0]","[0.625, 0.0]","[0.375, 0.0]",[[0]],[[1]],[[2]],"(0, 12)","(12, 21)","(12, 21)",{},{},{},"['A', 'B']",[],[],0,0,3,3,1,5,B,,,,,,,B,,,,,"{'rtype': 'select-node', 'rtimedn': 47.335, 'rtimeup': 47.335}",,,,,,,"{'rtype': 'select-node', 'rtimedn': 82.521, 'rtimeup': 82.521}",,,,
,,35,3,25,1733269381,BDG-092-1443,TREE-1.2-0.0-0.0,"['77c58d68-8844-4481-8b54-aaaa442736eb', 'b9cad2fe-91ea-4850-9eba-4e5012f57013']","['participant', 'participant']","['arrow-head', 'star-six']","['hsla(321, 93%, 47%, 1.0)', 'hsla(291, 82%, 51%, 1.0)']","[[1.0, 0.35850622406639004], [0.35850622406639004, 1.0]]","{0: '', 1: 'A', 2: 'B'}",,2,after,"[True, True]","{'max': 21, 'min': 21, 'avg': 21.0, 'root': 12}","[-10, -10]","[127, 116]",sequential,chance,chance,"[1.0, 1.0]","[0.5, 1.0]","[0.5, 1.0]","[0.5, 1.0]","[0.625, 0.0]","[0.375, 0.0]",[[0]],[[1]],[[2]],"(0, 12)","(12, 21)","(12, 21)",{},{},{},"['A', 'B']",[],[],0,0,1,4,4,3,B,,,,,,,A,,,,,"{'rtype': 'select-node', 'rtimedn': 82.11, 'rtimeup': 82.11}",,,,,,,"{'rtype': None, 'rtimedn': 13, 'rtimeup': 13}",,,,
,,35,4,25,1733269376,BDG-326-3412,TREE-1.2-0.0-0.0,"['8e19ce2e-c87f-48f0-8bfc-7683d9b2e4dd', '75443486-7234-4f3b-8f58-7b096a872d36']","['participant', 'participant']","['ghost', 'dodecagon']","['hsla(85, 94%, 40%, 1.0)', 'hsla(97, 75%, 39%, 1.0)']","[[1.0, 0.22074688796680497], [0.22074688796680497, 1.0]]","{0: '', 1: 'A', 2: 'B'}",,1,after,"[True, True]","{'max': 21, 'min': 21, 'avg': 21.0, 'root': 12}","[-10, -10]","[120, 135]",sequential,chance,chance,"[1.0, 1.0]","[0.5, 1.0]","[0.5, 1.0]","[0.5, 1.0]","[0.625, 0.0]","[0.375, 0.0]",[[0]],[[1]],[[2]],"(0, 12)","(12, 21)","(12, 21)",{},{},{},"['A', 'B']",[],[],0,0,3,4,1,2,A,,,,,,,A,,,,,"{'rtype': 'select-node', 'rtimedn': 263.591, 'rtimeup': 263.591}",,,,,,,"{'rtype': 'select-node', 'rtimedn': 82.25, 'rtimeup': 82.25}",,,,
,,36,0,25,1733269390,BDG-231-2522,TREE-1.2-0.0-0.0,"['77c58d68-8844-4481-8b54-aaaa442736eb', 'c8fd32a8-bd36-4574-9359-072a968da39f']","['participant', 'participant']","['arrow-head', 'lemon']","['hsla(321, 93%, 47%, 1.0)', 'hsla(287, 74%, 48%, 1.0)']","[[1.0, 0.08713692946058091], [0.08713692946058091, 1.0]]","{0: '', 1: 'A', 2: 'B'}",,1,after,"[True, True]","{'max': 21, 'min': 21, 'avg': 21.0, 'root': 12}","[-10, -10]","[127, 133]",sequential,chance,chance,"[1.0, 1.0]","[0.5, 1.0]","[0.5, 1.0]","[0.5, 1.0]","[0.625, 0.0]","[0.375, 0.0]",[[0]],[[1]],[[2]],"(0, 12)","(12, 21)","(12, 21)",{},{},{},"['A', 'B']",[],[],0,0,2,5,2,2,A,,,,,,,B,,,,,"{'rtype': 'select-node', 'rtimedn': 83.619, 'rtimeup': 83.619}",,,,,,,"{'rtype': 'select-node', 'rtimedn': 84.184, 'rtimeup': 84.184}",,,,
,,36,1,25,1733269390,BDG-134-2125,TREE-1.2-0.0-0.0,"['8e19ce2e-c87f-48f0-8bfc-7683d9b2e4dd', '0777b594-b926-41c0-a957-8bc1466938d6']","['participant', 'participant']","['ghost', 'teardrop']","['hsla(85, 94%, 40%, 1.0)', 'hsla(92, 85%, 62%, 1.0)']","[[1.0, 0.08921161825726141], [0.08921161825726141, 1.0]]","{0: '', 1: 'A', 2: 'B'}",,1,after,"[True, True]","{'max': 21, 'min': 21, 'avg': 21.0, 'root': 12}","[-10, -10]","[120, 67]",sequential,chance,chance,"[1.0, 1.0]","[0.5, 1.0]","[0.5, 1.0]","[0.5, 1.0]","[0.625, 0.0]","[0.375, 0.0]",[[0]],[[1]],[[2]],"(0, 12)","(12, 21)","(12, 21)",{},{},{},"['A', 'B']",[],[],0,0,2,1,2,5,A,,,,,,,B,,,,,"{'rtype': 'select-node', 'rtimedn': 265.071, 'rtimeup': 265.071}",,,,,,,"{'rtype': 'select-node', 'rtimedn': 84.026, 'rtimeup': 84.026}",,,,
,,36,2,25,1733269391,BDG-353-3514,TREE-1.2-0.0-0.0,"['ef055cb1-489a-4c91-bf6d-d2b339e93b4a', 'b9cad2fe-91ea-4850-9eba-4e5012f57013']","['participant', 'participant']","['dent-square', 'star-six']","['hsla(236, 100%, 59%, 1.0)', 'hsla(291, 82%, 51%, 1.0)']","[[1.0, 0.08921161825726141], [0.08921161825726141, 1.0]]","{0: '', 1: 'A', 2: 'B'}",,1,after,"[True, True]","{'max': 21, 'min': 21, 'avg': 21.0, 'root': 12}","[-10, -10]","[140, 116]",sequential,chance,chance,"[1.0, 1.0]","[0.5, 1.0]","[0.5, 1.0]","[0.5, 1.0]","[0.625, 0.0]","[0.375, 0.0]",[[0]],[[1]],[[2]],"(0, 12)","(12, 21)","(12, 21)",{},{},{},"['A', 'B']",[],[],0,0,3,5,1,4,A,,,,,,,A,,,,,"{'rtype': 'select-node', 'rtimedn': 83.866, 'rtimeup': 83.866}",,,,,,,"{'rtype': 'select-node', 'rtimedn': 146.558, 'rtimeup': 146.558}",,,,
,,36,3,25,1733269390,BDG-371-3552,TREE-1.2-0.0-0.0,"['ed9b60ed-b3a8-44ac-a0ca-fca1d3647529', '5f76705c-6173-4df7-a873-dc0c321186d2']","['participant', 'participant']","['circle', 'hexagon']","['hsla(137, 55%, 54%, 1.0)', 'hsla(70, 54%, 51%, 1.0)']","[[1.0, 0.35850622406639004], [0.35850622406639004, 1.0]]","{0: '', 1: 'A', 2: 'B'}",,2,after,"[True, True]","{'max': 21, 'min': 21, 'avg': 21.0, 'root': 12}","[-10, -10]","[139, 130]",sequential,chance,chance,"[1.0, 1.0]","[0.5, 1.0]","[0.5, 1.0]","[0.5, 1.0]","[0.625, 0.0]","[0.375, 0.0]",[[0]],[[1]],[[2]],"(0, 12)","(12, 21)","(12, 21)",{},{},{},"['A', 'B']",[],[],0,0,3,5,5,2,B,,,,,,,B,,,,,"{'rtype': 'select-node', 'rtimedn': 84.67, 'rtimeup': 84.67}",,,,,,,"{'rtype': 'select-node', 'rtimedn': 84.081, 'rtimeup': 84.081}",,,,
,,36,4,25,1733269394,BDG-354-3515,TREE-1.2-0.0-0.0,"['75443486-7234-4f3b-8f58-7b096a872d36', 'f3a21fc8-4369-4542-8598-2292ed9be343']","['participant', 'participant']","['dodecagon', 'jagged-sun']","['hsla(97, 75%, 39%, 1.0)', 'hsla(236, 95%, 65%, 1.0)']","[[1.0, 0.08921161825726141], [0.08921161825726141, 1.0]]","{0: '', 1: 'A', 2: 'B'}",,1,after,"[True, True]","{'max': 21, 'min': 21, 'avg': 21.0, 'root': 12}","[-10, -10]","[135, 137]",sequential,chance,chance,"[1.0, 1.0]","[0.5, 1.0]","[0.5, 1.0]","[0.5, 1.0]","[0.375, 0.0]","[0.625, 0.0]",[[0]],[[1]],[[2]],"(0, 12)","(12, 21)","(12, 21)",{},{},{},"['A', 'B']",[],[],0,0,3,5,1,5,A,,,,,,,A,,,,,"{'rtype': 'select-node', 'rtimedn': 83.761, 'rtimeup': 83.761}",,,,,,,"{'rtype': 'select-node', 'rtimedn': 49.475, 'rtimeup': 49.475}",,,,
,,37,0,25,1733269405,BDG-355-3521,TREE-1.2-0.0-0.0,"['75443486-7234-4f3b-8f58-7b096a872d36', '5f76705c-6173-4df7-a873-dc0c321186d2']","['participant', 'participant']","['dodecagon', 'hexagon']","['hsla(97, 75%, 39%, 1.0)', 'hsla(70, 54%, 51%, 1.0)']","[[1.0, 0.035269709543568464], [0.035269709543568464, 1.0]]","{0: '', 1: 'A', 2: 'B'}",,1,after,"[True, True]","{'max': 21, 'min': 21, 'avg': 21.0, 'root': 12}","[-10, -10]","[135, 130]",sequential,chance,chance,"[1.0, 1.0]","[0.5, 1.0]","[0.5, 1.0]","[0.5, 1.0]","[0.625, 0.0]","[0.375, 0.0]",[[0]],[[1]],[[2]],"(0, 12)","(12, 21)","(12, 21)",{},{},{},"['A', 'B']",[],[],0,0,3,5,2,1,A,,,,,,,A,,,,,"{'rtype': 'select-node', 'rtimedn': 85.457, 'rtimeup': 85.457}",,,,,,,"{'rtype': 'select-node', 'rtimedn': 85.579, 'rtimeup': 85.579}",,,,
,,37,1,25,1733269403,BDG-277-3213,TREE-1.2-0.0-0.0,"['ed9b60ed-b3a8-44ac-a0ca-fca1d3647529', 'c8fd32a8-bd36-4574-9359-072a968da39f']","['participant', 'participant']","['circle', 'lemon']","['hsla(137, 55%, 54%, 1.0)', 'hsla(287, 74%, 48%, 1.0)']","[[1.0, 0.08921161825726141], [0.08921161825726141, 1.0]]","{0: '', 1: 'A', 2: 'B'}",,1,after,"[True, True]","{'max': 21, 'min': 21, 'avg': 21.0, 'root': 12}","[-10, -10]","[139, 133]",sequential,chance,chance,"[1.0, 1.0]","[0.5, 1.0]","[0.5, 1.0]","[0.5, 1.0]","[0.375, 0.0]","[0.625, 0.0]",[[0]],[[1]],[[2]],"(0, 12)","(12, 21)","(12, 21)",{},{},{},"['A', 'B']",[],[],0,0,3,2,1,3,A,,,,,,,A,,,,,"{'rtype': 'select-node', 'rtimedn': 86.058, 'rtimeup': 86.058}",,,,,,,"{'rtype': 'select-node', 'rtimedn': 85.458, 'rtimeup': 85.458}",,,,
,,37,2,25,1733269407,BDG-294-3245,TREE-1.2-0.0-0.0,"['0777b594-b926-41c0-a957-8bc1466938d6', 'b9cad2fe-91ea-4850-9eba-4e5012f57013']","['participant', 'participant']","['teardrop', 'star-six']","['hsla(92, 85%, 62%, 1.0)', 'hsla(291, 82%, 51%, 1.0)']","[[1.0, 0.07344398340248963], [0.07344398340248963, 1.0]]","{0: '', 1: 'A', 2: 'B'}",,2,after,"[True, True]","{'max': 21, 'min': 21, 'avg': 21.0, 'root': 12}","[-10, -10]","[67, 116]",sequential,chance,chance,"[1.0, 1.0]","[0.5, 1.0]","[0.5, 1.0]","[0.5, 1.0]","[0.625, 0.0]","[0.375, 0.0]",[[0]],[[1]],[[2]],"(0, 12)","(12, 21)","(12, 21)",{},{},{},"['A', 'B']",[],[],0,0,3,2,4,5,B,,,,,,,B,,,,,"{'rtype': 'select-node', 'rtimedn': 85.849, 'rtimeup': 85.849}",,,,,,,"{'rtype': 'select-node', 'rtimedn': 147.883, 'rtimeup': 147.883}",,,,
,,37,3,25,1733269404,BDG-032-1223,TREE-1.2-0.0-0.0,"['8e19ce2e-c87f-48f0-8bfc-7683d9b2e4dd', 'f3a21fc8-4369-4542-8598-2292ed9be343']","['participant', 'participant']","['ghost', 'jagged-sun']","['hsla(85, 94%, 40%, 1.0)', 'hsla(236, 95%, 65%, 1.0)']","[[1.0, 0.35850622406639004], [0.35850622406639004, 1.0]]","{0: '', 1: 'A', 2: 'B'}",,2,after,"[True, True]","{'max': 21, 'min': 21, 'avg': 21.0, 'root': 12}","[-10, -10]","[120, 137]",sequential,chance,chance,"[1.0, 1.0]","[0.5, 1.0]","[0.5, 1.0]","[0.5, 1.0]","[0.625, 0.0]","[0.375, 0.0]",[[0]],[[1]],[[2]],"(0, 12)","(12, 21)","(12, 21)",{},{},{},"['A', 'B']",[],[],0,0,1,2,2,3,B,,,,,,,A,,,,,"{'rtype': 'select-node', 'rtimedn': 266.277, 'rtimeup': 266.277}",,,,,,,"{'rtype': 'select-node', 'rtimedn': 50.467, 'rtimeup': 50.467}",,,,
,,37,4,25,1733269408,BDG-142-2143,TREE-1.2-0.0-0.0,"['ef055cb1-489a-4c91-bf6d-d2b339e93b4a', '77c58d68-8844-4481-8b54-aaaa442736eb']","['participant', 'participant']","['dent-square', 'arrow-head']","['hsla(236, 100%, 59%, 1.0)', 'hsla(321, 93%, 47%, 1.0)']","[[1.0, 0.0979253112033195], [0.0979253112033195, 1.0]]","{0: '', 1: 'A', 2: 'B'}",,2,after,"[True, True]","{'max': 21, 'min': 21, 'avg': 21.0, 'root': 12}","[-10, -10]","[140, 127]",sequential,chance,chance,"[1.0, 1.0]","[0.5, 1.0]","[0.5, 1.0]","[0.5, 1.0]","[0.375, 0.0]","[0.625, 0.0]",[[0]],[[1]],[[2]],"(0, 12)","(12, 21)","(12, 21)",{},{},{},"['A', 'B']",[],[],0,0,2,1,4,3,B,,,,,,,B,,,,,"{'rtype': 'select-node', 'rtimedn': 85.069, 'rtimeup': 85.069}",,,,,,,"{'rtype': 'select-node', 'rtimedn': 85.54, 'rtimeup': 85.54}",,,,
,,38,0,25,1733269416,BDG-090-1441,TREE-1.2-0.0-0.0,"['f3a21fc8-4369-4542-8598-2292ed9be343', '8e19ce2e-c87f-48f0-8bfc-7683d9b2e4dd']","['participant', 'participant']","['jagged-sun', 'ghost']","['hsla(236, 95%, 65%, 1.0)', 'hsla(85, 94%, 40%, 1.0)']","[[1.0, 0.35850622406639004], [0.35850622406639004, 1.0]]","{0: '', 1: 'A', 2: 'B'}",,2,after,"[True, True]","{'max': 21, 'min': 21, 'avg': 21.0, 'root': 12}","[-10, -10]","[137, 120]",sequential,chance,chance,"[1.0, 1.0]","[0.5, 1.0]","[0.5, 1.0]","[0.5, 1.0]","[0.625, 0.0]","[0.375, 0.0]",[[0]],[[1]],[[2]],"(0, 12)","(12, 21)","(12, 21)",{},{},{},"['A', 'B']",[],[],0,0,1,4,4,1,B,,,,,,,A,,,,,"{'rtype': 'select-node', 'rtimedn': 51.551, 'rtimeup': 51.551}",,,,,,,"{'rtype': 'select-node', 'rtimedn': 267.591, 'rtimeup': 267.591}",,,,
,,38,1,25,1733269416,BDG-404-4215,TREE-1.2-0.0-0.0,"['75443486-7234-4f3b-8f58-7b096a872d36', 'c8fd32a8-bd36-4574-9359-072a968da39f']","['participant', 'participant']","['dodecagon', 'lemon']","['hsla(97, 75%, 39%, 1.0)', 'hsla(287, 74%, 48%, 1.0)']","[[1.0, 0.35850622406639004], [0.35850622406639004, 1.0]]","{0: '', 1: 'A', 2: 'B'}",,1,after,"[True, True]","{'max': 21, 'min': 21, 'avg': 21.0, 'root': 12}","[-10, -10]","[135, 133]",sequential,chance,chance,"[1.0, 1.0]","[0.5, 1.0]","[0.5, 1.0]","[0.5, 1.0]","[0.625, 0.0]","[0.375, 0.0]",[[0]],[[1]],[[2]],"(0, 12)","(12, 21)","(12, 21)",{},{},{},"['A', 'B']",[],[],0,0,4,2,1,5,A,,,,,,,B,,,,,"{'rtype': 'select-node', 'rtimedn': 86.547, 'rtimeup': 86.547}",,,,,,,"{'rtype': 'select-node', 'rtimedn': 86.749, 'rtimeup': 86.749}",,,,
,,38,2,25,1733269418,BDG-188-2334,TREE-1.2-0.0-0.0,"['5f76705c-6173-4df7-a873-dc0c321186d2', 'b9cad2fe-91ea-4850-9eba-4e5012f57013']","['participant', 'participant']","['hexagon', 'star-six']","['hsla(70, 54%, 51%, 1.0)', 'hsla(291, 82%, 51%, 1.0)']","[[1.0, 0.22074688796680497], [0.22074688796680497, 1.0]]","{0: '', 1: 'A', 2: 'B'}",,2,after,"[True, True]","{'max': 21, 'min': 21, 'avg': 21.0, 'root': 12}","[-10, -10]","[130, 116]",sequential,chance,chance,"[1.0, 1.0]","[0.5, 1.0]","[0.5, 1.0]","[0.5, 1.0]","[0.625, 0.0]","[0.375, 0.0]",[[0]],[[1]],[[2]],"(0, 12)","(12, 21)","(12, 21)",{},{},{},"['A', 'B']",[],[],0,0,2,3,3,4,B,,,,,,,B,,,,,"{'rtype': 'select-node', 'rtimedn': 86.906, 'rtimeup': 86.906}",,,,,,,"{'rtype': 'select-node', 'rtimedn': 149.261, 'rtimeup': 149.261}",,,,
,,38,3,25,1733269417,BDG-589-5435,TREE-1.2-0.0-0.0,"['ef055cb1-489a-4c91-bf6d-d2b339e93b4a', 'ed9b60ed-b3a8-44ac-a0ca-fca1d3647529']","['participant', 'participant']","['dent-square', 'circle']","['hsla(236, 100%, 59%, 1.0)', 'hsla(137, 55%, 54%, 1.0)']","[[1.0, 0.22074688796680497], [0.22074688796680497, 1.0]]","{0: '', 1: 'A', 2: 'B'}",,1,after,"[True, True]","{'max': 21, 'min': 21, 'avg': 21.0, 'root': 12}","[-10, -10]","[140, 139]",sequential,chance,chance,"[1.0, 1.0]","[0.5, 1.0]","[0.5, 1.0]","[0.5, 1.0]","[0.625, 0.0]","[0.375, 0.0]",[[0]],[[1]],[[2]],"(0, 12)","(12, 21)","(12, 21)",{},{},{},"['A', 'B']",[],[],0,0,5,4,3,5,A,,,,,,,A,,,,,"{'rtype': 'select-node', 'rtimedn': 86.363, 'rtimeup': 86.363}",,,,,,,"{'rtype': 'select-node', 'rtimedn': 87.522, 'rtimeup': 87.522}",,,,
,,38,4,25,1733269421,BDG-156-2222,TREE-1.2-0.0-0.0,"['77c58d68-8844-4481-8b54-aaaa442736eb', '0777b594-b926-41c0-a957-8bc1466938d6']","['participant', 'participant']","['arrow-head', 'teardrop']","['hsla(321, 93%, 47%, 1.0)', 'hsla(92, 85%, 62%, 1.0)']","[[1.0, 0.035269709543568464], [0.035269709543568464, 1.0]]","{0: '', 1: 'A', 2: 'B'}",,2,after,"[True, True]","{'max': 21, 'min': 21, 'avg': 21.0, 'root': 12}","[-10, -10]","[127, 67]",sequential,chance,chance,"[1.0, 1.0]","[0.5, 1.0]","[0.5, 1.0]","[0.5, 1.0]","[0.375, 0.0]","[0.625, 0.0]",[[0]],[[1]],[[2]],"(0, 12)","(12, 21)","(12, 21)",{},{},{},"['A', 'B']",[],[],0,0,2,2,2,2,B,,,,,,,A,,,,,"{'rtype': 'select-node', 'rtimedn': 86.349, 'rtimeup': 86.349}",,,,,,,"{'rtype': 'select-node', 'rtimedn': 87.208, 'rtimeup': 87.208}",,,,
,,39,0,25,1733269429,BDG-418-4244,TREE-1.2-0.0-0.0,"['8e19ce2e-c87f-48f0-8bfc-7683d9b2e4dd', '75443486-7234-4f3b-8f58-7b096a872d36']","['participant', 'participant']","['ghost', 'dodecagon']","['hsla(85, 94%, 40%, 1.0)', 'hsla(97, 75%, 39%, 1.0)']","[[1.0, 0.22074688796680497], [0.22074688796680497, 1.0]]","{0: '', 1: 'A', 2: 'B'}",,2,after,"[True, True]","{'max': 21, 'min': 21, 'avg': 21.0, 'root': 12}","[-10, -10]","[120, 135]",sequential,chance,chance,"[1.0, 1.0]","[0.5, 1.0]","[0.5, 1.0]","[0.5, 1.0]","[0.375, 0.0]","[0.625, 0.0]",[[0]],[[1]],[[2]],"(0, 12)","(12, 21)","(12, 21)",{},{},{},"['A', 'B']",[],[],0,0,4,2,4,4,B,,,,,,,B,,,,,"{'rtype': 'select-node', 'rtimedn': 268.828, 'rtimeup': 268.828}",,,,,,,"{'rtype': 'select-node', 'rtimedn': 87.787, 'rtimeup': 87.787}",,,,
,,39,1,25,1733269434,BDG-378-4114,TREE-1.2-0.0-0.0,"['ef055cb1-489a-4c91-bf6d-d2b339e93b4a', '0777b594-b926-41c0-a957-8bc1466938d6']","['participant', 'participant']","['dent-square', 'teardrop']","['hsla(236, 100%, 59%, 1.0)', 'hsla(92, 85%, 62%, 1.0)']","[[1.0, 0.35850622406639004], [0.35850622406639004, 1.0]]","{0: '', 1: 'A', 2: 'B'}",,1,after,"[True, True]","{'max': 21, 'min': 21, 'avg': 21.0, 'root': 12}","[-10, -10]","[140, 67]",sequential,chance,chance,"[1.0, 1.0]","[0.5, 1.0]","[0.5, 1.0]","[0.5, 1.0]","[0.375, 0.0]","[0.625, 0.0]",[[0]],[[1]],[[2]],"(0, 12)","(12, 21)","(12, 21)",{},{},{},"['A', 'B']",[],[],0,0,4,1,1,4,A,,,,,,,B,,,,,"{'rtype': 'select-node', 'rtimedn': 87.671, 'rtimeup': 87.671}",,,,,,,"{'rtype': 'select-node', 'rtimedn': 88.54, 'rtimeup': 88.54}",,,,
,,39,2,25,1733269430,BDG-396-4152,TREE-1.2-0.0-0.0,"['5f76705c-6173-4df7-a873-dc0c321186d2', 'ed9b60ed-b3a8-44ac-a0ca-fca1d3647529']","['participant', 'participant']","['hexagon', 'circle']","['hsla(70, 54%, 51%, 1.0)', 'hsla(137, 55%, 54%, 1.0)']","[[1.0, 0.35850622406639004], [0.35850622406639004, 1.0]]","{0: '', 1: 'A', 2: 'B'}",,2,after,"[True, True]","{'max': 21, 'min': 21, 'avg': 21.0, 'root': 12}","[-10, -10]","[130, 139]",sequential,chance,chance,"[1.0, 1.0]","[0.5, 1.0]","[0.5, 1.0]","[0.5, 1.0]","[0.375, 0.0]","[0.625, 0.0]",[[0]],[[1]],[[2]],"(0, 12)","(12, 21)","(12, 21)",{},{},{},"['A', 'B']",[],[],0,0,4,1,5,2,B,,,,,,,B,,,,,"{'rtype': 'select-node', 'rtimedn': 88.075, 'rtimeup': 88.075}",,,,,,,"{'rtype': 'select-node', 'rtimedn': 88.745, 'rtimeup': 88.745}",,,,
,,39,3,25,1733269432,BDG-606-5522,TREE-1.2-0.0-0.0,"['77c58d68-8844-4481-8b54-aaaa442736eb', 'f3a21fc8-4369-4542-8598-2292ed9be343']","['participant', 'participant']","['arrow-head', 'jagged-sun']","['hsla(321, 93%, 47%, 1.0)', 'hsla(236, 95%, 65%, 1.0)']","[[1.0, 0.22074688796680497], [0.22074688796680497, 1.0]]","{0: '', 1: 'A', 2: 'B'}",,1,after,"[True, True]","{'max': 21, 'min': 21, 'avg': 21.0, 'root': 12}","[-10, -10]","[127, 137]",sequential,chance,chance,"[1.0, 1.0]","[0.5, 1.0]","[0.5, 1.0]","[0.5, 1.0]","[0.375, 0.0]","[0.625, 0.0]",[[0]],[[1]],[[2]],"(0, 12)","(12, 21)","(12, 21)",{},{},{},"['A', 'B']",[],[],0,0,5,5,2,2,A,,,,,,,A,,,,,"{'rtype': 'select-node', 'rtimedn': 87.935, 'rtimeup': 87.935}",,,,,,,"{'rtype': 'select-node', 'rtimedn': 53.117, 'rtimeup': 53.117}",,,,
,,39,4,25,1733269429,BDG-217-2443,TREE-1.2-0.0-0.0,"['b9cad2fe-91ea-4850-9eba-4e5012f57013', 'c8fd32a8-bd36-4574-9359-072a968da39f']","['participant', 'participant']","['star-six', 'lemon']","['hsla(291, 82%, 51%, 1.0)', 'hsla(287, 74%, 48%, 1.0)']","[[1.0, 0.0979253112033195], [0.0979253112033195, 1.0]]","{0: '', 1: 'A', 2: 'B'}",,2,after,"[True, True]","{'max': 21, 'min': 21, 'avg': 21.0, 'root': 12}","[-10, -10]","[116, 133]",sequential,chance,chance,"[1.0, 1.0]","[0.5, 1.0]","[0.5, 1.0]","[0.5, 1.0]","[0.375, 0.0]","[0.625, 0.0]",[[0]],[[1]],[[2]],"(0, 12)","(12, 21)","(12, 21)",{},{},{},"['A', 'B']",[],[],0,0,2,4,4,3,B,,,,,,,B,,,,,"{'rtype': 'select-node', 'rtimedn': 150.509, 'rtimeup': 150.509}",,,,,,,"{'rtype': 'select-node', 'rtimedn': 88.128, 'rtimeup': 88.128}",,,,
